request_hash,completed_at_utc,elapsed_seconds,returned_model
0009390B054448A1CBCF4C110BEFED901747DBE9E436824E4B6FA6E671BE5D3C,2026-08-13T16:47:21.089651+00:00,28.36866,deepseek-v4-pro
0043E5C03FB836B971AF6C978A916A5CE6673C6910CCE9E33E6CAD7B5982B1E0,2026-08-13T16:49:26.339366+00:00,36.01874,deepseek-v4-pro
008D46AA9CB8895B823CB0E83730CBB75574338FBB574652BBAE6FD73067B668,2026-08-13T16:30:00.016932+00:00,61.964293,deepseek-v4-pro
009C7710AF9BDACBC4A439956B2E9C585DC01023FE588A446EAE686301ACD35E,2026-08-13T17:31:13.479001+00:00,30.341493,deepseek-v4-pro
009F0C6793F77CB383A09CF70D025C0C48318801459641CA274372118A9686EB,2026-08-13T16:35:32.335726+00:00,38.047551,deepseek-v4-pro
00A0599A0DC916C9DBD24716769A2E0D921F0E9845F3A87096742FEE7E5D235A,2026-08-13T16:56:45.339143+00:00,52.064274,deepseek-v4-pro
00DD10DC3B92573EE9C89060267D5653DC820BDF75B404235F111F0DAA9BF435,2026-08-13T16:34:32.949454+00:00,39.906827,deepseek-v4-pro
00EFC10F0DF81BDD3625364FF5FDECABC8FEF1E68BD50E9D8310785E0963B6E6,2026-08-14T03:12:20.109666+00:00,31.446683,deepseek-v4-pro
012CE82874C04C64D225DC6DA831D041D55449BA50BDC186D58987937F21E587,2026-08-13T17:38:26.825410+00:00,52.541334,deepseek-v4-pro
0134BB29DEDAFD0DBAF7D95CC41E21EFC45C893AD00A1BF58089BDE781658969,2026-08-13T15:57:03.214807+00:00,30.129901,deepseek-v4-pro
0139C5C226297F353601C95B1B901CE9FD9077DBA07B22583012B3C26D075286,2026-08-13T17:48:33.456182+00:00,23.101207,deepseek-v4-pro
014228A9011B7A4C05B27DECA2ACCEAB964517DEE47C45F0F0B16718DD252672,2026-08-13T17:47:45.144493+00:00,38.247589,deepseek-v4-pro
01593A3D70C5CE2CB3797D19523A52EA6CDB61EF37F1008EF2AFC0C896120BBE,2026-08-13T16:27:36.089248+00:00,63.881052,deepseek-v4-pro
016E2A1484E0D66CA105A8FF76D7F6147EFB25E4E376474D11BBA6886342158D,2026-08-13T16:27:53.894200+00:00,40.943469,deepseek-v4-pro
01702D9452EA98184A7B20A9C604C0DA5A4BD83F1734B9EB9C9D057D71F9D6EC,2026-08-13T17:45:53.212389+00:00,34.516516,deepseek-v4-pro
0186883FD0022165176BC24CB25715C7BEF5DA84A249F652D2C6AE3700DD568B,2026-08-13T16:35:21.423932+00:00,37.911689,deepseek-v4-pro
01D992C408A56BF8FBF7837BAD31584625391F2C1927627675A6BF5C70D4BA79,2026-08-13T17:37:30.544847+00:00,28.003065,deepseek-v4-pro
01F6DAC807208DA8E91B57FD7616EE9DFF05D469BA17BB5DABBD013B3C6839C7,2026-08-13T17:49:42.472360+00:00,51.946595,deepseek-v4-pro
01F8047B608E80E0CD3A30C3588511CC0636239D4676CD5634F4691234D87B2F,2026-08-13T17:51:06.225059+00:00,56.413697,deepseek-v4-pro
022AE47DDA6567708254290FC7F6D92113317B04FA7BD32CC32ACEBDDEEA5813,2026-08-13T16:26:00.035104+00:00,37.056868,deepseek-v4-pro
02448643C2F615258F8951C46C53ADE604E82C23B5CF1878D7D66732FCFB07D3,2026-08-13T16:23:52.485102+00:00,22.276649,deepseek-v4-pro
024ABE115ABA04DE82A0526A40B30B994E46918E22E36857B91B62BC3A4B776D,2026-08-13T17:07:09.927649+00:00,53.100324,deepseek-v4-pro
026B9AD54EEDD1C52A4E6C6FEEE41E91C2025DA2332E62DB67B9E75F41B72EA7,2026-08-13T16:50:46.896137+00:00,44.961329,deepseek-v4-pro
027FB8D4C0895DB69066F28F6042078D3982A2A4002995460BA3C32CAD88F9BE,2026-08-14T03:12:27.952595+00:00,43.362483,deepseek-v4-pro
035419E6E3BA3E9970C2E4D1233734E4B01F3F1CC57B324576FABE69672186FC,2026-08-13T17:46:02.076748+00:00,42.142025,deepseek-v4-pro
03562AD60FB9F760A4FC78A75A1A654A5FE284216A207D1414CA0B0FC1BFFFFE,2026-08-13T17:51:44.115486+00:00,37.884938,deepseek-v4-pro
037A41F5151093B9D0DD9000D23006B0922C2DD78F7FA798418F5B30EA47EF6B,2026-08-13T17:03:46.265226+00:00,59.266453,deepseek-v4-pro
0385756B2DB23155F849BDD69E1E2C8026E9C200221D667544CB78F6C487FF19,2026-08-13T17:39:54.883374+00:00,27.614401,deepseek-v4-pro
03C8C7B54F0599B3DDA1073F48E95CBCF426E9374C0E52FE7663B8D977C67CB9,2026-08-13T17:43:08.432929+00:00,34.569016,deepseek-v4-pro
03F45BAEF6B6D6770D31874A2C0DABC2DB2937EC35876D095E9F384B8D1FA552,2026-08-13T17:49:43.177842+00:00,31.527967,deepseek-v4-pro
04229F020C97EFD5F235BA22430586BD039D0BE471901747628D605AE39E3B9B,2026-08-13T17:45:11.848670+00:00,18.277833,deepseek-v4-pro
042FC8932FD57B1BC1E70BED89EE5B204F3F36B51BCF14070D692B197C4422E3,2026-08-13T16:59:32.749487+00:00,33.078973,deepseek-v4-pro
047C7A51E35C50082715B6C9D21E7A3DEF634BA624C73AC9770235AB1CFEF194,2026-08-13T15:50:36.962589+00:00,21.983217,deepseek-v4-pro
04922123FCA9BEDD577073A467F735A6742E2E1A6439336225545A0ACEF0431E,2026-08-14T03:11:37.362147+00:00,599.416302,deepseek-v4-pro
04CDB492D9751FBD78F7AD00698261983ED25D4B3CF4FA1A25960F0B4CCF9EDC,2026-08-13T16:49:35.162927+00:00,23.460962,deepseek-v4-pro
04DC360BF1DFBBF1D4B25199CFB981A680DF118364CF378A2A27243F9F2263B7,2026-08-13T15:50:44.428505+00:00,29.448133,deepseek-v4-pro
04EECC84A7BAD84283653B24FC1FBEEC97F1AFB0E6C3B61BB899111E5DB4AAD5,2026-08-13T17:11:45.629227+00:00,47.304591,deepseek-v4-pro
04FF539A9DF6398C82C09570889BE3B674F30EC7EC4F5637B76E23CA91FF4088,2026-08-13T16:46:12.089724+00:00,47.37711,deepseek-v4-pro
0525C7D0045506B967B2B14B1DA7DA9AF2FC4344BC15C520AF86909C6AF7FAB1,2026-08-13T17:12:19.052030+00:00,30.7872,deepseek-v4-pro
05357077EFFF81E5BCEA995CDF9485D01909A4D2FDD4F2E2F0E5307F8866D123,2026-08-13T17:00:02.437011+00:00,42.868917,deepseek-v4-pro
05418F3E62E7EEEBC7D1E561B1512B22E60B0C98E772BF16D9EEF0FE131D8F7F,2026-08-13T17:36:22.427356+00:00,28.764672,deepseek-v4-pro
0570AF1797CF75CBFEDBF415D959C123344D83DD649FE9398746C0E2740EAB08,2026-08-13T17:04:57.051383+00:00,51.589517,deepseek-v4-pro
058A2C270D4820B72AB279251003BDBA7DD31FD3ACAD5ADD7B7E3E6F4DA0CD0F,2026-08-13T17:48:10.338279+00:00,42.381907,deepseek-v4-pro
05C6F275D00FEBB1C7219E3AB6518BCFBAF745B34E42B44DA6471C4B2F20381C,2026-08-13T16:47:09.656213+00:00,53.633595,deepseek-v4-pro
05D3C275E399F0F3522E7ADCCE86779952679D09491EDFBBA23B66F3F3602B8E,2026-08-13T17:45:39.307892+00:00,27.454535,deepseek-v4-pro
061CB107A2F1F40847B521ABE5F78BD48E29D75F99233BE89DCE743F3C53CA0B,2026-08-13T17:33:48.845486+00:00,21.95012,deepseek-v4-pro
062203B32EFF49F75D426F6D0F276AB4DD2A60326DDCC827A496E0103CD55A5E,2026-08-14T03:11:28.426756+00:00,590.482492,deepseek-v4-pro
0652565C34C4DF5A34CAEB610CB102D7EF64A44300B40D253FBB14DF65421042,2026-08-13T17:19:07.469403+00:00,45.709538,deepseek-v4-pro
0652CAA1159996FF10B7E1318AC8218B95DA8DF5CBA9BEBE6FB29892193D8CEA,2026-08-13T17:37:49.415573+00:00,32.675405,deepseek-v4-pro
066C9076C076A9009FD49F1859B79CD1DFFAECBCB1F0463CCB611A1F7DA88E49,2026-08-13T16:46:56.048203+00:00,65.176112,deepseek-v4-pro
067AD932A2A3CED1C5449BBA3E956FCE73EE9952195B5D4A372BCD119DC82818,2026-08-13T16:59:12.940757+00:00,19.148031,deepseek-v4-pro
07157FAB545546F63594F97142AB7B1E1BC5CDE0EEC6AA3453F53E4C21CBBC96,2026-08-13T16:28:09.566088+00:00,35.241129,deepseek-v4-pro
072112BB9EB8BBC7954D4806D7C848226AAE8AB3AAC15287FAF3C078FE617F61,2026-08-13T17:41:08.463305+00:00,33.052648,deepseek-v4-pro
07B1A2DCEAC7512B0F066F2F6053F28741C17E35519CB7A8920B1573FB8E3720,2026-08-13T15:59:49.610134+00:00,25.672137,deepseek-v4-pro
08471D485D4C900370BE607CEBAE51BB43981F509AD1A1ED7C1C03FBB3B33C9B,2026-08-13T17:33:22.428808+00:00,35.31998,deepseek-v4-pro
084BE4DF74CDAE53B560AC4CB31DC17DA7431BD3B7B747CB05C5DD15BD62069E,2026-08-13T16:31:03.649420+00:00,36.043895,deepseek-v4-pro
08591280D540D012B6158CF7008CBF6C95D2261745DE0D1988CCFB5630DA1B7C,2026-08-13T16:24:03.377961+00:00,36.721034,deepseek-v4-pro
08770CD97C3D56E55E95C34066E123EDD04D54E28DB4081CF0E7554A2E6857CB,2026-08-13T15:59:37.328737+00:00,51.993659,deepseek-v4-pro
088809A2E4F132C5B7231D53C85314001FBF8A3307C1C6C4D2A7411508313240,2026-08-13T17:25:14.162422+00:00,28.079631,deepseek-v4-pro
0892B9F6B615DF1521D3BAB1D99C14200B25C1028E11B2C448EF32B5F19076C8,2026-08-13T17:44:53.565029+00:00,15.162499,deepseek-v4-pro
08AD0C7B38DEF20402A39531BB9D4766901831DA50DB5FBA520595125207A941,2026-08-13T17:15:34.921124+00:00,41.587582,deepseek-v4-pro
08BDCFD323CB061F21CF047E9F28B6966EA4A2DB7531F8800D838496FEF82A82,2026-08-13T16:43:49.660061+00:00,51.475272,deepseek-v4-pro
08D5CDFBEB8C0DFF57A667A027C72FE7AF8D6BCBC55B73A52E86C8418DA5A9FA,2026-08-13T16:05:25.239149+00:00,19.407319,deepseek-v4-pro
08E42F8E81100A488CC5E31D3AFC61D6B9CE29661ACFD24D44BBBE8C28E338BB,2026-08-13T16:48:50.845501+00:00,34.412897,deepseek-v4-pro
093F9E3E4BA77B63A225A818B1F0233648AB1434119AAAB232732D63D3157AD9,2026-08-13T16:57:43.179156+00:00,44.334167,deepseek-v4-pro
094EC502509C033FB76EA51EBE0971EA358CBBDB95F508A7F44F6AA204B2231E,2026-08-13T16:25:00.322520+00:00,30.101135,deepseek-v4-pro
0960076E01AB0AE973FD8D0C2371152F7EEA518E65B8459FD850CEA435933720,2026-08-13T15:54:03.382011+00:00,24.468954,deepseek-v4-pro
0965B291D33C944FF29378F7972E3BC583576DEDE3E1BF6E430D45469B130D26,2026-08-13T17:47:05.738346+00:00,35.499042,deepseek-v4-pro
096D808308DDFD3D53F852DC462506261B8D0D81772CE65EF005B2696B196A8B,2026-08-13T17:18:57.859642+00:00,38.269543,deepseek-v4-pro
096E8008C0BF24A8936CA1F1613CF70891E9D5910F0760EF002FB6A77B501FCE,2026-08-13T16:00:34.189156+00:00,42.886443,deepseek-v4-pro
097506CCE6E192C4E6AE2D7A1A2AE21624FFC555422AD6E8F887A64B3BB56669,2026-08-13T17:44:42.109808+00:00,42.759592,deepseek-v4-pro
09941CDF58E94F529F24D816BD87245EFA07AF06DA584B1057DB040FC4197E62,2026-08-13T17:19:09.301605+00:00,42.458421,deepseek-v4-pro
09AFCB1A10272649D520F516359F51AA1EA0449935B2F69762C45073F0ED775E,2026-08-13T17:32:59.594624+00:00,27.212134,deepseek-v4-pro
09C048670F9993B19AC582759B96D568328F3AA8C3E4852507C546BA1D6D6167,2026-08-13T17:37:15.457103+00:00,46.097564,deepseek-v4-pro
09C854C8EAF548A0406A7693EDB41C84052EF2438DFBD63A793C92A0BB63FB6B,2026-08-13T17:39:28.980320+00:00,49.031674,deepseek-v4-pro
09D8BFB93CBE345EEA22D58555561242CF2895E65CB607639BD19DA98B77D19B,2026-08-13T16:55:37.334243+00:00,38.722014,deepseek-v4-pro
09E1E52EDAAC3A1FB216B6590B996938EAA8B6FDB0FBB4B25E919CBEE099C815,2026-08-13T16:33:17.066991+00:00,53.055616,deepseek-v4-pro
0A4C36C0909BD69552844F2713150E251628FA92D3C01B26B579B8D168A4E57E,2026-08-13T17:31:39.897588+00:00,26.784501,deepseek-v4-pro
0A57C430FBB717F9D75CFD5A7D6713092B4C629923B84DE267AB7002DDD46EBC,2026-08-13T16:32:08.012829+00:00,27.679317,deepseek-v4-pro
0A5B7F6E5C97274EC749067CD2C1431DF23F44157403CE9F96B20CBDBA8407F0,2026-08-13T17:28:37.142466+00:00,66.545186,deepseek-v4-pro
0A5DD98096656303CEEE1C390CF5F80707D8929D9920E8CBA3859D47596DD396,2026-08-13T16:52:58.310924+00:00,23.914438,deepseek-v4-pro
0A7348FBA0B80F817456600A1771FC5D05A9C95C8F82E0EB688647680E31ECF4,2026-08-13T17:19:57.545249+00:00,76.849885,deepseek-v4-pro
0A984E40E4CBA2F9F0CFA405235EA5E5263AE69092663CC4AEEA765F99465D2B,2026-08-13T16:25:36.827820+00:00,32.149266,deepseek-v4-pro
0AA0B5EFA1C52ADD89F75C5A58417167E81D0A9BF21E4C0C66C3F041B3B338BB,2026-08-13T17:33:55.321265+00:00,51.68202,deepseek-v4-pro
0AD0DBC8A993B495D39E3524E8D2315F433190C27D9E083DB06A734BDE75B8F1,2026-08-13T15:57:07.376664+00:00,55.250485,deepseek-v4-pro
0AD1CD90B987C866C8212724D505ACEF23ACC7EF9E69482CC7931584D0199D8B,2026-08-13T17:34:11.202932+00:00,29.928023,deepseek-v4-pro
0AD91819A5387BD87C869FAA2580C6AC5B24065A1641954D91CBD83290A32636,2026-08-13T16:35:36.017951+00:00,21.486302,deepseek-v4-pro
0AEF1F0736786587E247A8B20D42F5C77507EA4164D0A3D2F532204F7B058C67,2026-08-13T17:11:08.565252+00:00,51.619379,deepseek-v4-pro
0AF26B8276B38C8A951A765105937E3B4E266E2351A38B55B4EB193130BF01E6,2026-08-13T16:32:23.999588+00:00,39.84087,deepseek-v4-pro
0B34C60179B5FA307B6ED1C711ADA39B69CDEA1FF54F0415D5255FE9A6BC456C,2026-08-13T17:47:15.786952+00:00,31.136673,deepseek-v4-pro
0B3E352AB04B3366FFDF8411134069DDD168CBFD93BDF02D4FCB4631ABD7B9F8,2026-08-13T17:37:05.513344+00:00,51.552182,deepseek-v4-pro
0B4122FB617116ABA6DF693FD6FACDDB1A5E3CB7EF57F9CE7FB40477CBBF3D29,2026-08-13T16:42:23.272820+00:00,39.282386,deepseek-v4-pro
0B4BA7BCCC27AED45C43EE51F1A86145A6851609E5D6A56716EDBE1E3FF8CAFE,2026-08-13T16:55:46.017442+00:00,36.522658,deepseek-v4-pro
0B741149DEEB10F7F55F167E1642E7C6BCC84FC7F729A9BDAB701AB34BEBA9D3,2026-08-13T15:57:28.878864+00:00,29.310058,deepseek-v4-pro
0B84C59754D55D73862092D407580156AA72C582645975CB4BE1C13E501D55D4,2026-08-13T17:32:50.311580+00:00,52.481721,deepseek-v4-pro
0B9424061698446107EC008D27711286ED3F371643FAA99FB024B6F9300C6033,2026-08-13T16:35:20.971362+00:00,20.09753,deepseek-v4-pro
0BA76ABAE1641839A11F2D8B9132C51074C063ED84E925045FCA06359759D0F1,2026-08-13T17:24:24.913772+00:00,54.286714,deepseek-v4-pro
0BEF2E53462587656C44CDF1FA1AE2AFDF9C8960E8EC1229FF7469CE0BD71FCC,2026-08-13T17:37:34.279448+00:00,21.780771,deepseek-v4-pro
0C2700F76AB79B5965EFE6E29909214515B5A2EED3D451C3D4F40A23B8B8DCA5,2026-08-13T17:52:38.709401+00:00,50.76529,deepseek-v4-pro
0C279E461A08A177540E773BDEE8BECEB38F49BB440FBE690B31327FA45526F7,2026-08-13T16:43:02.099890+00:00,55.387556,deepseek-v4-pro
0C31CFD30649A59EE314EEF6BDA3ADFF64DA49D648C90F1BC07D7879F177C14F,2026-08-13T17:28:18.302879+00:00,37.87376,deepseek-v4-pro
0C559C65B9B8EAC9218571AB410464E03E2D240F56B26DED77C26FAC0A3A5817,2026-08-13T16:55:10.607069+00:00,21.220351,deepseek-v4-pro
0C6CEF3BD915A42398126DD2B069137EC215481BD5BBC66964238F021216A8AD,2026-08-13T17:27:06.363574+00:00,35.086379,deepseek-v4-pro
0C95AD125FED2EB22554F2334634758D9B70FB26BD812CCD2DDE446FBCADAFD6,2026-08-13T17:39:48.822535+00:00,25.636908,deepseek-v4-pro
0CCA9792600ABF08487336EEB539DEF2A19D8ECC6FAEA3AE2DF58276BEE419C3,2026-08-13T17:15:02.817994+00:00,59.544602,deepseek-v4-pro
0CCCCA6E1D43637C6DDF7B15A7A67FBE51867A4962E9B6CCA81688F62DD8CFAF,2026-08-13T17:21:42.016686+00:00,28.816028,deepseek-v4-pro
0D500A6509FB49A06FB45C1053F941A0C8FF2196857BB3658AD0873F402D3846,2026-08-13T17:48:34.979582+00:00,24.22632,deepseek-v4-pro
0D7D10BF5750AAA357D4A4C1D040E09AADFEA03932944774937EDE3325A50243,2026-08-13T16:46:28.577437+00:00,39.95255,deepseek-v4-pro
0DBA8F3126E645B7A29E98F40FF0D5D79880F7CE1CDC40F2ADE033333406098F,2026-08-13T17:33:06.599840+00:00,23.522069,deepseek-v4-pro
0DBD22185A23A5BB95FFE24C9FCD305220147A1F4C284FF85FC351518CBE0A07,2026-08-13T16:25:58.072659+00:00,42.250267,deepseek-v4-pro
0DCC74BB27ACF5D26221A4091017D930978D2F799858B5C266CCCCA671E40953,2026-08-13T17:27:12.635403+00:00,32.998174,deepseek-v4-pro
0DD88EF070F94C8A52A1983B4CD96DB29BE7BCD272CB5FFC855722E3CA0B4301,2026-08-13T17:32:38.245200+00:00,25.028753,deepseek-v4-pro
0DFF4C576F6EE813E7C36D0F3ED2CEF352EEF27DC89092E895D82DDC2047943A,2026-08-13T16:46:23.634439+00:00,39.575399,deepseek-v4-pro
0E1BA0F3BD04AD32657AD9E2BA2E57D6A53168367DE64EF995E1C37A0A072514,2026-08-13T16:30:54.145504+00:00,30.523994,deepseek-v4-pro
0E358DA2BBFD5CCE118BFA8D5C6C6989D120EB0D1EA730BBF22C9B00AECE26B3,2026-08-13T15:59:56.102859+00:00,52.415305,deepseek-v4-pro
0E55AFD0D5F0558CD2C3041A4C17705E751C5057BF3A5BF3A3736A63EFBA9750,2026-08-13T16:30:46.214842+00:00,39.703585,deepseek-v4-pro
0E74E6224BFEDD6C5E5699D37DA3FBF495740926A642EB563A163F00321F58FA,2026-08-13T16:52:26.406967+00:00,30.888894,deepseek-v4-pro
0EAC05AADD5555CF779715D60070B24DD6910839195C7926876D4B80B89BD1D0,2026-08-13T17:01:52.155378+00:00,24.53759,deepseek-v4-pro
0EB46C8A506C073FC5D8C75105A4742B44C5544ADC597B628524C5A0018C269D,2026-08-13T17:42:17.890023+00:00,24.9585,deepseek-v4-pro
0EBDB53DA127BD9B87A57FDE9554494568BC97BA847A51F59AF3985925F09D49,2026-08-13T16:31:58.245788+00:00,25.406285,deepseek-v4-pro
0EF9238CE15A40136CA275261C5D2492786A631F7495AD697336B7E55EE09CB8,2026-08-13T17:06:31.849467+00:00,39.890911,deepseek-v4-pro
0F16D2ED344D0E42173C38750C8D4AE29AE30B055339D3839FEDBDD1FFB1E851,2026-08-13T17:20:04.740779+00:00,45.861847,deepseek-v4-pro
0F5F90EE5FEB96E7B4A4EE019E016DCAA5C19F595F853B1E3CE5D13B226CC3E7,2026-08-13T17:03:54.674971+00:00,41.804519,deepseek-v4-pro
0F8AAB4F2DF7977CA45834469D1C4A11FD28B98D90A70F6E776EDADF6FCCCD8B,2026-08-13T17:39:20.335949+00:00,40.232423,deepseek-v4-pro
0F8B3BF2085E2997C8AF1F41855374B62DB1E23BDD36A89C2498807D91D882FB,2026-08-13T17:26:53.160301+00:00,54.421702,deepseek-v4-pro
0FAE0AA2EBF3E53FB1604AFCED119D7B3C94439CA6DB44906BA1D9DBC40482DA,2026-08-13T17:09:45.121604+00:00,49.469776,deepseek-v4-pro
0FB34AB8D450F23E5CBED7AD58BA4F6016414488AFA8814F4AFE3273CA9B841D,2026-08-13T15:55:32.787117+00:00,49.448058,deepseek-v4-pro
0FB79F7C4AFB474982812C4B0CA6FCA383B61A116ECEC0D358F06942D5FCF26C,2026-08-13T16:59:24.164129+00:00,39.079284,deepseek-v4-pro
0FBBC5CF7B37FB7864140DE6B4C194F63EF792E3E7DD2BF1B96409A4E38990EC,2026-08-13T15:55:51.469070+00:00,39.289019,deepseek-v4-pro
0FC5A87803AE70C57204525CF89EC84810BD4B8E8617E1AEDBB01307B9919465,2026-08-13T16:44:46.803260+00:00,33.770881,deepseek-v4-pro
0FE2940B847993F8B484F304326B06E4DF79D12C9DAD408403B108A25D8FCD43,2026-08-13T16:13:13.970036+00:00,46.28064,deepseek-v4-pro
100CDC608F102B7BA14E97209E40D4236AC6F9D86EB212F4383977A1DE0E8DF4,2026-08-13T17:00:10.562009+00:00,30.15175,deepseek-v4-pro
1067C53E94794790DDCB8B932D5843569464A9AE8744BD2382EDEC729F05F5F3,2026-08-13T16:34:25.668649+00:00,41.922129,deepseek-v4-pro
107EA319DF4A5ED1815114744A371AAD0D6F78A556EDCE303612C52CA7F7A3E6,2026-08-13T16:31:37.037672+00:00,45.220952,deepseek-v4-pro
109C61129DA61C1EC86CDA74657903FE5D3B4DE5A7734BD06BD237A08598DF0C,2026-08-13T17:40:28.492417+00:00,36.311913,deepseek-v4-pro
10C364382D81CAB782A7CD8B80B62F92F5C83E4617054C1B564BA1E56D3CD5A1,2026-08-13T16:53:03.861533+00:00,40.742039,deepseek-v4-pro
10DF003BDF8CC7516F412B73A4BA0A79272AC72787DF586B39950DF7C394FDA5,2026-08-13T16:29:21.314824+00:00,24.213613,deepseek-v4-pro
10E7C747F01BCC6985AD69A264D25951BB82D10B564324735E889BC90956BA14,2026-08-13T17:42:01.520676+00:00,22.354683,deepseek-v4-pro
10F5FCE9A86FDD07151974380D057316CDDD8ABB892A6F9CAFD9C078D0BF81EC,2026-08-13T17:20:01.599527+00:00,21.316173,deepseek-v4-pro
1100D72FDB484BB489A26B4BE69898DBA8947C12CBA9F8CF6AA4D2D4EB56CA94,2026-08-13T17:12:14.566862+00:00,28.229647,deepseek-v4-pro
11F8DBFB6E3EB703997C5C124E479DD6C8170A11A693C5FD3A0F3ED24B9F60BE,2026-08-13T17:22:44.002176+00:00,27.80935,deepseek-v4-pro
121E01CDDD39F40B1956BB52FE367309CBBAE8D930FCC60E9793FF427BC909D2,2026-08-13T17:33:41.269915+00:00,33.14665,deepseek-v4-pro
12322C2C6AA51E712E0CD49E40938348A04A557CC94CD22709EF09F294FD6799,2026-08-13T16:38:06.874193+00:00,32.713492,deepseek-v4-pro
1268817166769A32DEFEF0042D1B30B6250090AFCCAABE8017A7EC76E4CA193F,2026-08-13T17:42:51.083403+00:00,47.646361,deepseek-v4-pro
126E3C5FEE11F92EBE7B92245DF74EEF307A3D2CD1CEA49C389EC97CB3EB082C,2026-08-13T17:17:42.887336+00:00,61.954948,deepseek-v4-pro
12A5A69EAD511DA2172B4B44076424CF870D32B883DABA0AD9DCDAE97CFCB6C3,2026-08-13T17:45:37.427898+00:00,33.984264,deepseek-v4-pro
12D5C1A7F89D86CE9A142BFFE4EFC003FA79F669B5CE0584A78223BCB9D33DD5,2026-08-13T17:01:10.814486+00:00,49.489548,deepseek-v4-pro
12F2C274BA2EA1B45FE5A057157EEB96333E86EE2EDE021D9DB92B86D51416C5,2026-08-13T17:46:07.446266+00:00,25.105077,deepseek-v4-pro
13B13DC75C2E7099FD67A67E2A59D264E9888801F8BE5B5A77CECFF6469B78D7,2026-08-13T17:29:40.639179+00:00,32.289083,deepseek-v4-pro
13DB66A650A3521E44EE5DEED8F217EF107BE9D77DE93AFA34CAE135D9BBDCEC,2026-08-14T03:12:52.183301+00:00,42.231078,deepseek-v4-pro
1414F11CAA37D1CB1E67A7CECA39A568E91D5CB642F612D61A22C80750B9F90D,2026-08-13T17:18:27.830564+00:00,34.648626,deepseek-v4-pro
143DCAE196A65F494F1A534718152150EE781CB8978544CD81A8D0AAF8ECC0D0,2026-08-13T16:54:27.141280+00:00,33.798267,deepseek-v4-pro
145F52DDE091D8F9E9F42A1B69F9AEE140A00582528AC034743971A3012197D6,2026-08-13T17:32:23.084495+00:00,29.572722,deepseek-v4-pro
146019376C4AB333A540CDF7FE8192CDAA88672E8C2CDBEA9E2AC925831A892C,2026-08-13T17:45:03.437510+00:00,47.933078,deepseek-v4-pro
1472D18A75806BDA468FCA89041D31CE389BF4EC45A3241EF9D33F8C9ADCECBE,2026-08-13T17:21:10.820935+00:00,49.826998,deepseek-v4-pro
14827FB508589E37DB55D3DA21A8998686F98AC5C30FCE405AB8975E7AC1365E,2026-08-13T15:59:26.616647+00:00,33.340707,deepseek-v4-pro
149EA2BC7DE845DF0AB8CB38604EC205EA1C10DB40E2CDF96FF0FDF3B9D893E0,2026-08-13T17:44:08.453826+00:00,27.763083,deepseek-v4-pro
14C2239FF1FE30656A4203C4E751F2E61888B07F63AEBED6E7BB1020750A8A7F,2026-08-13T17:50:29.651729+00:00,46.466019,deepseek-v4-pro
150B0A45A88BDC72F91D00051073999A0E2650BCBACE7CF9176E47879EEB4AC4,2026-08-13T17:46:37.297656+00:00,39.973106,deepseek-v4-pro
153F05900448E9EC5DE1CD17A96D433B9A34667B32D3C57C41FDC2A0DD195CCF,2026-08-13T16:44:36.496753+00:00,55.863924,deepseek-v4-pro
1545D175DBD8F09B2C387E0E43F5952E4CCE5A7AD15182B85B37CA5D8B786A7D,2026-08-13T16:37:24.347519+00:00,22.034899,deepseek-v4-pro
1578E913989DD63C70BF08333DAFD39E2B6F77787BF57F062EBF1B3E98532999,2026-08-13T16:41:32.726943+00:00,28.364799,deepseek-v4-pro
158DC913CC120BA48002FE9DF3B6B3FFA6024E3FED95C111FFEE6B11874F206A,2026-08-13T16:46:33.515645+00:00,24.715895,deepseek-v4-pro
15A4CAC1B285978C79DE9D66F67CF547A16E9B84BE484143865C2D0BAB7B184E,2026-08-13T15:51:04.060047+00:00,32.479336,deepseek-v4-pro
15D198933D83A1E86151F0C6EBE8BAC480091C67E7A51A6AD21E4B84C8959D0A,2026-08-13T16:32:34.374818+00:00,26.356434,deepseek-v4-pro
15E34CCD71921E6E84698EEA9477222D69B9204184F0137DDC0197B8700DC813,2026-08-13T17:30:34.052543+00:00,22.046973,deepseek-v4-pro
15F02A085A93102EB65C5D8082BA52AE4F5AE4AED57B47E43104A162A0E5DB4F,2026-08-13T16:29:58.848718+00:00,33.084865,deepseek-v4-pro
16108E3B575B266F84A60006EC01553106358732805925CA9D4C93E97404CE9C,2026-08-13T16:35:35.650474+00:00,45.144321,deepseek-v4-pro
1639B627809877FC73EC37AE17E7B3BFBB6E6E5C37A85770C452A135E8E28817,2026-08-13T16:45:50.167929+00:00,56.049316,deepseek-v4-pro
165E8682D58A90EE750FD130DCBF73FC8644E50CC9CA2C3DBC040CD32987F7E3,2026-08-13T17:01:53.767619+00:00,41.115989,deepseek-v4-pro
165EF8993605B1ABCBBC1CFA3971841FDA8B296BD88E2E7217FA6D5BA0E1EEE9,2026-08-13T16:48:11.577980+00:00,65.785618,deepseek-v4-pro
169D42FC92ABD683B129CEABC6EF996CFFEE036D522156A1CE0F1F05635A63DC,2026-08-13T16:53:53.085457+00:00,30.682335,deepseek-v4-pro
16D788E071F5CB523CF22684AC3A24A4BC27F0D470B0E2763B9ED5E42C5F34A5,2026-08-13T17:15:20.583872+00:00,37.821052,deepseek-v4-pro
16E8DEE30A0EE9A08248DA519B80EC241161884E0A70A8F05D6D62694168B730,2026-08-13T16:30:26.160585+00:00,42.261765,deepseek-v4-pro
16F5E4DD00CB51E799C3337A76F0CCE749840E581E3005EFAD0EB72C5D1603E8,2026-08-13T16:33:21.117470+00:00,29.69721,deepseek-v4-pro
174A68AF4E9E661AFF17DA65BC94512E0E74EDECC44DBCFCF9AE9FF4D500EF4F,2026-08-13T16:37:07.008924+00:00,63.879756,deepseek-v4-pro
17A8F05B10723647A5B4BAA2312C44406320E83FE2FF89BDEE30B0273277E0BB,2026-08-13T16:45:25.297629+00:00,55.818827,deepseek-v4-pro
17D0056469408A3FCB901D6C769F3B506E8A420D207EA0396D9504B74CCC7501,2026-08-13T17:35:42.873727+00:00,31.078751,deepseek-v4-pro
17F67DD1C26BDCB338975E5AF32C93A1D8D101755DB65B1FA89AA27A58559BEA,2026-08-13T16:00:25.581869+00:00,34.139411,deepseek-v4-pro
17F964FC0A79276954B9F3F359C66E3361EBCA5B0F0367D4DDE19CDAE740C098,2026-08-13T17:30:14.342092+00:00,30.526137,deepseek-v4-pro
1808E94BBAC232E8C11A9E2604929EBE65C58149F7713290F0DFC91B8CCB651A,2026-08-13T16:42:06.474250+00:00,37.414715,deepseek-v4-pro
189B4B50463E8392393E7015CB0D87AA5944D490A940020CD1CDBE43F66EAA34,2026-08-13T16:33:49.042415+00:00,41.610639,deepseek-v4-pro
18AD2957D43BC9CBDF1B044BF431D1D2CDA3D1887B92C2634A0FC7AE7491AE20,2026-08-13T17:51:47.934068+00:00,57.397534,deepseek-v4-pro
18D330A4F939B39612B5D3981A4DA17DC55615BA6C4501DD2E0591AE6C2C77F3,2026-08-13T16:49:03.040910+00:00,28.318528,deepseek-v4-pro
190DB3254F275A3091C45051C72E337B1510AAB4B0D9E90952540F3063141A95,2026-08-13T16:45:13.212318+00:00,34.359867,deepseek-v4-pro
19214F75A79927A2226A38329CAE887D4D4B9681240C596151AF0CC28ED30397,2026-08-13T15:59:03.675164+00:00,59.398241,deepseek-v4-pro
194C6EC0F02D54E961CE22538336808C2243D0907487A632D5D0DE00A5F95984,2026-08-13T17:00:22.443016+00:00,58.272157,deepseek-v4-pro
1998966A556EEF3C6FB5401B712B11D1F2C9D4D74FBCF3A2FB4EEB5B4B922864,2026-08-13T17:23:34.220980+00:00,23.135915,deepseek-v4-pro
19C990CE13DC07B3E492F3D7986AF07C112E13230CBC1F8D9E2CC8EA33313AFF,2026-08-13T16:54:04.070059+00:00,23.949109,deepseek-v4-pro
1A0023EFA94474C7000ECC96EB3FA2BBB6FB3E3B68D63AE45811627453FD1B6C,2026-08-13T16:55:46.214177+00:00,59.033236,deepseek-v4-pro
1A06DD6B37DC2A2A688071429B33E3926AEB931F7A08487F17DF63F885593DEC,2026-08-13T17:04:17.937848+00:00,31.667109,deepseek-v4-pro
1A68E8C35A1A91890FBF7D89F21F7E66149559A72D7C1E8E59355628409CD40B,2026-08-13T17:36:13.512982+00:00,28.589908,deepseek-v4-pro
1A8B85B8CE32FD7098D076D23AE97960A84DFAC6A3D34A362CE1062E96882993,2026-08-13T17:53:37.168418+00:00,35.124609,deepseek-v4-pro
1AC183A52971ECBB4961BE5C260A9FEB70B9DAB52437554F8CCF3421A07C2886,2026-08-13T16:34:43.501306+00:00,42.102164,deepseek-v4-pro
1AD3DE9DD5EAB03CEBAB60D9EC7C4482046BE4FC5B97C5CCBA1C801376C8BA04,2026-08-13T16:52:29.526359+00:00,66.16758,deepseek-v4-pro
1AD66C8D03B2FD706E72F232E4AE658CCCC4EC5FDA2F32DB0FD851CA9432F1A6,2026-08-13T16:51:25.352139+00:00,54.041731,deepseek-v4-pro
1AF131EBF9834C1FD1968FC0A899CCF2DE11AA5F1C9E0787920B324313848290,2026-08-13T17:03:58.067111+00:00,56.924878,deepseek-v4-pro
1B61EB72FD099537DC1DC4DA3861DB90EF1B1461F398C8EC85124525D585F310,2026-08-13T16:28:53.610487+00:00,44.031748,deepseek-v4-pro
1BB00ED577485B139CD207D3E7AF16019BF715B994C725160ECD8927E91ACB2D,2026-08-13T17:25:55.168289+00:00,28.641959,deepseek-v4-pro
1BDFCC8495F56DA6DFA922331E5A0321F8852AF61381CA6E0F7DCA7895B14986,2026-08-13T17:30:12.550804+00:00,29.849911,deepseek-v4-pro
1C2D2256BBF84B5D3A63E158D64034FFE5AB0656FA9C3F0A76A9D793A921FD32,2026-08-13T16:30:07.502292+00:00,48.872599,deepseek-v4-pro
1C46278C16B4B7EF22FFCD87E5C21B42A06A98F866A7943DEC41853C2456A739,2026-08-13T17:29:06.770984+00:00,48.457933,deepseek-v4-pro
1C7B00F3DC227A998F44468DFBD26803E77A7827FDC0384DEDBC138377443C99,2026-08-13T17:07:04.052048+00:00,59.593985,deepseek-v4-pro
1C894ED73193BEE540FBDAF3155DA93314A4E8B156D4E076D047A02FE2FF1DF9,2026-08-13T17:53:52.299859+00:00,19.262493,deepseek-v4-pro
1C9072BB1476948ABDEF54ED2C73863332B8E8023AD4974C3817E3404BF6D630,2026-08-13T17:52:08.263594+00:00,33.318002,deepseek-v4-pro
1CC0C5E1A28C727B344BB0DF131000AF99859E5F79965972886EF07B4358B995,2026-08-13T16:13:57.834190+00:00,54.411561,deepseek-v4-pro
1CCC9D2D13C8A484F866685804F3F1F38F2EDE3765342311813D289CC0502FD3,2026-08-13T17:07:41.607260+00:00,37.543102,deepseek-v4-pro
1CE1A2C482B27FF344677A37EDB18A0A65693C8169ACAEC5A3782ED7BE646846,2026-08-13T17:44:47.991057+00:00,47.265205,deepseek-v4-pro
1D548DBD7E9D7089EA163A7BAA8529D46EB628BB24307AF80CFFDEB9D4F02E5F,2026-08-13T17:04:12.204081+00:00,27.593241,deepseek-v4-pro
1D5E7559A11FDC4B987DF94F464E3593235838E2BB023C6BBF224E146C8A04E4,2026-08-13T16:27:21.672925+00:00,26.503979,deepseek-v4-pro
1D618AAF0CA675EE8EDECBDEAC89C7520A9EC80885BE6BD0EF9703286A5E1E45,2026-08-13T17:01:51.336392+00:00,29.736451,deepseek-v4-pro
1DBACE9D37B068FE62FF74AAA80C5451BDA3614459AEEA2CAA4BA8C05CC8FA89,2026-08-13T17:22:04.825705+00:00,59.464588,deepseek-v4-pro
1E12486DE094271A784E617F7D528CC5BACF2AA81EADE86EC1AAC59CE02CE0C1,2026-08-13T17:01:21.594389+00:00,47.131282,deepseek-v4-pro
1E3913042295F74AB9498D579F1D3E114DEED0CB47AA2A4213F12356B09E4267,2026-08-14T03:17:14.134744+00:00,64.541079,deepseek-v4-pro
1E4B0BC929B8858A635D232756E39C0E8121A3F4EA3D6429076ACCB1473D1410,2026-08-13T17:17:44.909137+00:00,41.792093,deepseek-v4-pro
1E579F445D0F3CF5E5495CCCA5180267D97C107AFE1245A82C5FE6A102E8F0B7,2026-08-13T15:58:40.878356+00:00,40.363099,deepseek-v4-pro
1E9419C3542C26D080AD435C076714198D4A41F216E809AFBAB790A65B873AB4,2026-08-13T16:00:27.889500+00:00,38.274481,deepseek-v4-pro
1EA92A6F00B67E8C5262C2C19A964DF7CDACEB86F951DF78282CF7FC4241D040,2026-08-13T17:34:28.463318+00:00,63.483143,deepseek-v4-pro
1ECAF9E0AE396A679922DF65F70A7C2FBF77905A5963D6BF310080666CA32D29,2026-08-13T17:31:47.476575+00:00,36.642557,deepseek-v4-pro
1ED75657ABA1E44913B4DE3ADCAE42E05C817486441DFBBE261184DFD382CC6C,2026-08-13T17:51:07.716576+00:00,29.512838,deepseek-v4-pro
1EE151923AF3B0689A70E692726FC8E7DF8A1F0901AA989C76535F2C28B57533,2026-08-13T16:27:34.319625+00:00,40.838825,deepseek-v4-pro
1EED2993A1237B10F339240551F0F9E0CA573DAA9C275658EB4DB80AE1C619E9,2026-08-13T17:51:12.198884+00:00,41.0862,deepseek-v4-pro
1EF0AE7E854931576560832A7EC47EF251FB8325F807049ED53AC2511A06FDD4,2026-08-13T17:21:13.197135+00:00,46.937569,deepseek-v4-pro
1F3668A3A8FBF61FF4821C876CC9CB5DABDD85897D907DC25493F119CF50F647,2026-08-13T15:54:42.469996+00:00,52.048207,deepseek-v4-pro
1F4164FD1FCC05A02F9D37B0514E759CCD1005C2688760F63E5AB8DADDB1D4F5,2026-08-13T16:28:08.608161+00:00,32.513698,deepseek-v4-pro
1F6209FFDA74401B5282F0E58C7BF01E7248D63D1346BD7ACE957D196A669A4B,2026-08-13T17:25:06.179591+00:00,41.25513,deepseek-v4-pro
1F6C3EC4474D8EA13608E66D4C5AF8CBBF3A05A5D1DD892FEF5C7049E4C0D7F9,2026-08-13T15:54:27.334922+00:00,22.905949,deepseek-v4-pro
1F6C65D21FD87961FA4B1BBAF18C2615689B88F85A96B9D584CB7CC4A68795C7,2026-08-13T16:25:04.666808+00:00,45.929632,deepseek-v4-pro
1FBE170719B6C4D7D4B2A4C73810BCEDB2ECB31FA8364B3BA2DF57EFE5EA6939,2026-08-13T16:49:53.685357+00:00,32.074362,deepseek-v4-pro
202C83380F72B66E3C03896358D4A51E7028A116B59FFB8AFC24D8C48F1C5665,2026-08-13T17:45:19.923748+00:00,31.921926,deepseek-v4-pro
2032A5BBEA271218C5F18B734F50B4C499E7C36A341417E351CA3BAEF5993339,2026-08-13T17:51:35.740725+00:00,41.597942,deepseek-v4-pro
20790F48F481DF67386C3B32A92726464028F0C86FD5D611EA3C4BE8FFF74CF7,2026-08-13T16:25:29.479651+00:00,31.521277,deepseek-v4-pro
20A82A9784963518F92279CA7F0E74904C6015BE4F1DB6D118BF8BCFDB19E5B5,2026-08-13T17:45:47.228983+00:00,25.786609,deepseek-v4-pro
20C508557AE3B54DF8FA76925A35779D8C3FF0EA52450FBCB26E30D8CEC1A917,2026-08-13T17:53:48.465349+00:00,29.825624,deepseek-v4-pro
20DBD7180BF021725CB30BCFC422A8F611EF150089E4931642AFED99BCD1CC56,2026-08-13T16:40:11.263362+00:00,17.73485,deepseek-v4-pro
21840229C7E05D0770155FD75C503E6CEC1A31E2EC5D913465BE390FD579B6FA,2026-08-13T16:50:52.020576+00:00,18.47166,deepseek-v4-pro
218E8F0FF5CD6C9515510CB4348A3ED19BB13BCD76FE2685C05526FD90F40C7E,2026-08-13T15:55:15.413544+00:00,45.845554,deepseek-v4-pro
21BD84FC6AADF9401BE97F93DDA8D2DF6691BA116EA73F3EE0608B8B551DEC19,2026-08-13T16:54:06.826425+00:00,28.207118,deepseek-v4-pro
21E03C530033D46CA83E9C043112E97D57E9770D632E750CE032D4B4376605A2,2026-08-13T17:48:28.655987+00:00,30.710215,deepseek-v4-pro
220E24AE79FA27D43464411DF7EF4A149858D51019C8AFB41E1C718E8E45EFF7,2026-08-13T17:43:50.207086+00:00,27.701411,deepseek-v4-pro
2227F80B004C8566AA84F482FEA713285E2E83799A93510461CBDD03101D80E0,2026-08-13T17:47:57.792120+00:00,23.227038,deepseek-v4-pro
225C3F116D0DBB3482C1EB370CC7BCBF1251688C438D73821DFF71D52C4DA862,2026-08-13T17:40:36.360362+00:00,29.493285,deepseek-v4-pro
22745B2BFF3F9918456F6E0EE15B816A08880CE916C577D076817EF9504F4222,2026-08-13T16:49:11.697935+00:00,28.686411,deepseek-v4-pro
22956F8507AC2E86BAE1E2C0266780D65969EAA8B7C8D922AE4162877743EAAB,2026-08-13T17:24:29.084519+00:00,20.708774,deepseek-v4-pro
229954492A37952300A296A2C5C03ACD6AD8DD3D4BF7122B610BF1B921282ECE,2026-08-13T17:42:18.841334+00:00,36.750774,deepseek-v4-pro
22B5DE456903EFA3FF30899B946FDE44565C1213762B71575EAAC255AFC20F61,2026-08-13T17:40:30.499292+00:00,32.604399,deepseek-v4-pro
22DBF66B4D6011BD9B104A7258A0A0B3A0125013AE7F57A2C0AD2820128D2AA6,2026-08-13T17:31:47.113927+00:00,48.553366,deepseek-v4-pro
2313FB5A915CB79E98C29C80FD19C4FB2D527BCF23A4AB53B36F2250E724130F,2026-08-13T15:54:38.289959+00:00,42.726009,deepseek-v4-pro
231DAE3F7BB515B6C17BCA38D48E123AEB199923B59FBC35B2EACC83881B557F,2026-08-13T17:35:44.916618+00:00,53.278952,deepseek-v4-pro
239B9B5B5B9F70F177FEA643DDF448D2E728E9A67A3A4EC052D8B71F311A8E90,2026-08-13T16:38:12.207637+00:00,49.122272,deepseek-v4-pro
23A9A876A722820B639055F6434925593F2A4EEE16C7761015A3B1B66E4C336B,2026-08-13T15:54:13.888984+00:00,26.683549,deepseek-v4-pro
23F5B973F924E08E5CCE066717EB2763E9617388CED8C84D63F97585164718CC,2026-08-13T17:02:47.590841+00:00,42.479266,deepseek-v4-pro
241676CCBB0D85417EEC1AA2E7AC7F42D0EA1AEDAE6B16E7CC6B5F3772E5E809,2026-08-13T17:21:49.473009+00:00,34.591758,deepseek-v4-pro
24289F52FC9C2D413DFAAC8E065FA7AEA888C6BBCD109093D449D9BF97EBB5BF,2026-08-13T17:35:53.658137+00:00,35.607705,deepseek-v4-pro
2483A295A3A3609076A38CE16A9CC85561B5A65D8C46444E1D8D0CFD07FDE738,2026-08-13T17:20:20.987920+00:00,32.812571,deepseek-v4-pro
2486A218438F0B1394DF73CDB54E3CCA6E763F0B0435DF1F78A940B6807F2E52,2026-08-13T16:52:20.667324+00:00,62.199572,deepseek-v4-pro
24A05F06BEDF50642CB0BFC7D3ACC9B446590BCAA4E12322B688A2109A5CAF16,2026-08-13T16:44:28.268545+00:00,24.820885,deepseek-v4-pro
24E3F8117F87CAEF05E7538A690F95F8D2794BC2A1218D7739382AEF4F7FB46D,2026-08-13T16:58:43.221608+00:00,45.118363,deepseek-v4-pro
251F735D60578CDD21219EBE13DDB4B9D8CCB31A55ACCAC66686D631B276ADC8,2026-08-13T17:09:54.666127+00:00,43.291764,deepseek-v4-pro
25550B0D17F6AD22130F5241EA7C93B55290FCC3CD6309244F2FF41363B2A116,2026-08-13T16:00:27.039087+00:00,33.075609,deepseek-v4-pro
257A6EE7269212A51D743BA0A469EAB0BA8B4852A8E8F0B0A0169E0F074B9583,2026-08-13T17:09:24.082121+00:00,30.296598,deepseek-v4-pro
259946B82887235B864798248BDDB1E11C6715FCA30D180F8A98DFA643AD875D,2026-08-13T16:55:46.792748+00:00,33.26519,deepseek-v4-pro
259E4463271B8F89DF57E82357B14BB08BE8C545067E76D2BC4F82CB7DC68EF7,2026-08-13T15:36:53.414442+00:00,30.060269,deepseek-v4-pro
25AF826792F1D81E0986EA0290ADF40BEE92027C01B5828BCAEC6107364FB952,2026-08-13T16:50:10.594824+00:00,36.19359,deepseek-v4-pro
25B88F8413177EE4405D8CA22EDD744372F4E6A9A8E95777AFDF3AE1C4317671,2026-08-13T17:40:20.886002+00:00,26.130172,deepseek-v4-pro
25BE5EC0CA3FEDFF5351ADFDCE4BB4C2E164138D92202B435F1E4D9CEA3A9A2F,2026-08-13T15:59:51.290456+00:00,70.401971,deepseek-v4-pro
25E24085AAAE4AECA6339DC2F7EA96090C3C2F317212084EE95ACFAAE7065E47,2026-08-13T17:20:35.034183+00:00,36.845167,deepseek-v4-pro
263A2416F8F58FAA9B7C12C643F17E1EA03446A78048C8B42F53CEBC2AEC1E75,2026-08-13T16:54:36.633346+00:00,25.259345,deepseek-v4-pro
263AC64EC9024C6962A2F28D0CC641C56269B0C8F695BDF1C2FC28AE4E962252,2026-08-13T16:33:49.486668+00:00,33.184398,deepseek-v4-pro
2650A5EE51C27DC6BE3093A5821F5CF50C3DDD291898D5814F50DE1B622F49E9,2026-08-13T17:06:16.816065+00:00,21.975256,deepseek-v4-pro
266C75AFCBF1DC3AB011CCC17A7024B9ACD38850DF035BDC77CBDAEDEC7F6C90,2026-08-13T16:29:59.605654+00:00,38.285314,deepseek-v4-pro
268B43BFE171D2E15ED35EDA41F4567F5D0725EF3099DB6B5759557F9FD86E31,2026-08-13T17:16:47.326377+00:00,38.714043,deepseek-v4-pro
2691FE245FD36D0DCCAE51CB81D428AC6E7D631BB9D5CD9FFF5B325E45B55164,2026-08-13T16:05:13.781280+00:00,19.891259,deepseek-v4-pro
26C476ACF8FF8D59E272B8683A48E906C4818786AF0A17F6F9920AE5A5185AC2,2026-08-13T17:00:21.319598+00:00,54.353416,deepseek-v4-pro
26D34CC0FA573F9C09AF40BCC47A6676AF1A9042670F24A9721E0ADEA3DE1AEB,2026-08-13T16:43:16.453342+00:00,45.423325,deepseek-v4-pro
26F6293D8880363A345C14B069F01CCF07905B75A032B8E589190EA609FEA02F,2026-08-13T16:23:07.855648+00:00,20.131414,deepseek-v4-pro
271AD20A2822EEBCF8AEAC0595C83F2B4FE8DC5D3B4110FE592DB4ECAB715DB0,2026-08-13T17:41:13.484527+00:00,29.397244,deepseek-v4-pro
271DB58E5371DACE3DFABB3453B57B44459054680003D68DF35C653AAAE6D380,2026-08-13T17:51:59.864356+00:00,24.111646,deepseek-v4-pro
2735A5AFA69BE6C25360C260D00FABF1587D7C79E800F9353681EDD549CF254D,2026-08-13T15:58:13.182279+00:00,38.263142,deepseek-v4-pro
2745DE1A425C21ACCF3D6E3F34E9FAE3C61E408F9ADACD20314F40DA6D49C106,2026-08-13T17:05:20.910419+00:00,58.116389,deepseek-v4-pro
2748F068F60A87ED81B442B98693B7DC6A3505FD6AB1EF6900B93808964F3B02,2026-08-13T16:46:16.010183+00:00,37.740178,deepseek-v4-pro
275382C936B6289D3F3B0DF378799ED9F7673AB6525A12E512FA5BF0AF23E90C,2026-08-13T16:59:51.484689+00:00,29.006861,deepseek-v4-pro
275F3572A1D02FC2DBEE88A2EFE1AE21D7CD7F6A45AF4F293C9F8393FD9A4BEB,2026-08-13T17:51:29.120448+00:00,59.086943,deepseek-v4-pro
27716558FDDC1923258550816A018A9D6511C93C7CFE9CD0B481CAC4BB84E464,2026-08-13T17:41:50.179603+00:00,24.627027,deepseek-v4-pro
27812102A322F4FBBE87DED58017938EF62F9A259D04035AAB7AD2B105EB00E1,2026-08-14T03:12:35.687933+00:00,31.5407,deepseek-v4-pro
278B6D5738CABCAEACFC7C9A6BB13B1C5EEB1A501DE7E9512CD32905FA95F4AD,2026-08-13T17:05:50.514048+00:00,29.591095,deepseek-v4-pro
27A95D5A5B1FB8B403D0D672AFB3142C5AA70299CEF38FE8A64F7063370C2A84,2026-08-13T17:11:57.131869+00:00,43.278211,deepseek-v4-pro
27B00DB312E0A4A721EBF056C03484DBF7DBACD7DE7B7423220EBCBD41325D9F,2026-08-13T15:50:50.435949+00:00,35.44937,deepseek-v4-pro
27C4D7CCF6BE108B2CEEB15A8459F040BDD67F1A0ECA49791B3D3AAED5C4916B,2026-08-13T16:56:45.000459+00:00,37.245999,deepseek-v4-pro
27C625FA59F847A585BC424ADFA232FB6A5EC56E2084E51B058244B49443D6C8,2026-08-13T15:55:12.173965+00:00,44.83216,deepseek-v4-pro
27EBC218856252FD395A54D5426930D5E5A85CBE40D3CD9AEE6318CBC5E842EA,2026-08-13T17:26:13.364835+00:00,25.402172,deepseek-v4-pro
2807E52921A6820D81D2F405D6CACB64A72521609DC1EF941247996316C57B6D,2026-08-13T16:27:23.257549+00:00,24.721461,deepseek-v4-pro
282D2F774897648B48A432266D4EA05FFDDE26EE15F9E9BB1B9B99E847DA262D,2026-08-13T16:36:21.902183+00:00,45.441677,deepseek-v4-pro
28417FA793E1E7568D83FE5A07C071565C40F9E8A03CF63DC4213C660A6743AC,2026-08-13T16:24:30.395321+00:00,37.898028,deepseek-v4-pro
2858B64B3E67290D1579258E0ABC6D3A72845257EF51F13205029C7A0AD0C5C2,2026-08-13T17:20:26.252800+00:00,24.641242,deepseek-v4-pro
2880BBD70ADDD123AD4AFC77CAF983E0904458F7F1EAF4EEB569756DD5CA43FA,2026-08-13T16:28:51.980345+00:00,31.180202,deepseek-v4-pro
289A925DC7D845B1D8EDE5BCB1CFC6CBE7267F4F6A4B2510D1863C0A2FC7D5C1,2026-08-13T16:46:14.256823+00:00,43.699587,deepseek-v4-pro
28A5E6F2A6A01BDB49978C153F2EA317376D342C2F6BDC7B3C29025CB67763B9,2026-08-13T16:23:31.278288+00:00,43.538307,deepseek-v4-pro
28DC05964926BC3218D473E28E096A07399B7B8321F67BB1FC6D253402773369,2026-08-13T17:53:57.590501+00:00,20.790551,deepseek-v4-pro
28F4715BEDC099472D263433A6068469244C744382A1758A62A85E662A8347A1,2026-08-13T16:31:12.332997+00:00,33.611137,deepseek-v4-pro
28F5163BD6E14328813769F10D83B16325E18405BF40004F2648F38D37EE0771,2026-08-13T17:21:58.322092+00:00,37.397487,deepseek-v4-pro
28FF73A02A7798543AE9CA906F8F68C4A54A9AECC57DF0AFFF9E10B7838EE819,2026-08-13T16:48:48.477907+00:00,56.141311,deepseek-v4-pro
29014232CF61D2B2B858DF1068DDDF98B290618428C5B1DFC6B97CAF60C01681,2026-08-13T17:29:51.411175+00:00,33.979787,deepseek-v4-pro
29478C7DA1AEF6713AC6F765C60A9042B843FCE17BB0376AE555667E54869C82,2026-08-13T17:43:53.568908+00:00,26.89054,deepseek-v4-pro
298852BD25DA1585C4D45D8A444C97EE23F001F6DEF51D457C4C35B98385B2C3,2026-08-13T16:54:01.664542+00:00,37.116374,deepseek-v4-pro
29AAB53C08D2A1A6DCCDD9DF6974DC7177217DB506C87805907F4785C9FE9134,2026-08-13T17:04:05.448883+00:00,34.056672,deepseek-v4-pro
29E400160122AD99657DCC2BF5BBAA174FC0097599625DE96B675220E9E66812,2026-08-13T17:01:12.646085+00:00,51.255521,deepseek-v4-pro
29ECEEBAA826D51A2F1EAA340985E2C8A7DA8EC601C38A1F95ED1FF9632D9415,2026-08-13T17:26:39.625358+00:00,24.993952,deepseek-v4-pro
2A42D92B7B0C0026C0F5FC38320275ACFFFEF3F6E3AAF321986D284E8A598330,2026-08-13T16:04:55.476210+00:00,280.613614,deepseek-v4-pro
2A4B25E33C01989402629FA3747A9D3BE9F27B6EE8A7FD2DE7CEFC9E15E7F3E6,2026-08-13T16:41:15.361847+00:00,21.856989,deepseek-v4-pro
2A55D342B9833EB0D4DA66BFA8969DB1A67F7948F47B57753876608937134832,2026-08-13T15:56:52.400152+00:00,33.827643,deepseek-v4-pro
2A862194BD8314D11875302962CACF1838EF98E66A9929D4AB8E689D8E6EA531,2026-08-13T17:54:08.369515+00:00,31.846549,deepseek-v4-pro
2AA0D7A4579EA06F0DFB108A3607BE5F15BBE03094F1FEE164E4658C6F7F4985,2026-08-13T16:58:28.662245+00:00,33.368557,deepseek-v4-pro
2AC21E12FCB26B8D2FEEBC57D5B20246E43D0F6BF2850D63F38C6D5A7DAD8846,2026-08-13T16:36:02.895897+00:00,29.403159,deepseek-v4-pro
2AC246AE1DEC634495983967FA78D87A00C4A762408EBF12CDBBB26CD20EB7A0,2026-08-13T17:33:49.323434+00:00,42.712408,deepseek-v4-pro
2AC36553F8588316878357A0AD7F5F6FE3D90981A15784E92811B8C9D552887E,2026-08-14T03:11:58.503161+00:00,620.579956,deepseek-v4-pro
2AE0E5A33741DB823DB698528BA8B0FB0B3F2D01DC75E457715C0BD6BA2A23AD,2026-08-13T16:55:26.734957+00:00,39.606349,deepseek-v4-pro
2B1631915B2B17BBA2E04173299C2DAA206E66D56E058365AF36EE4FDF7D2CED,2026-08-14T03:17:37.768838+00:00,57.976441,deepseek-v4-pro
2B2412FEE3C2DA39800F7E65454C2CA52A56D65EA88B076E76622C76CF64469B,2026-08-13T16:27:08.766402+00:00,23.891943,deepseek-v4-pro
2B57ACEB20A84DBCE009AA5D5BF47C8C3FA350F82AECB8966D0E249F079699FD,2026-08-13T16:31:02.727871+00:00,55.22012,deepseek-v4-pro
2B68E519A5E68D2AEC731CFDE3329529B23D44528822CA0593A7E50041806930,2026-08-13T17:13:09.680234+00:00,34.289117,deepseek-v4-pro
2B85BBE8EFF023529B95AF03549A290528BC256930A18AD061C0BB86A75E2C71,2026-08-13T16:38:34.211162+00:00,29.721629,deepseek-v4-pro
2BA380508A34C9FBC41A12BEA4EAAB57CEB43BC17566E7196F452670723AFDC8,2026-08-13T17:23:47.858517+00:00,27.007869,deepseek-v4-pro
2BF56B3A2FCF45C14E36E1F7073AB4E5D1CA72E032636117A2C9A9C99629A813,2026-08-13T17:12:50.289456+00:00,40.400751,deepseek-v4-pro
2C00DC36F5332FF1D2389B490E4EC9B54914BBDAF84F0F65252EF5964745B67A,2026-08-13T16:36:25.051619+00:00,49.027143,deepseek-v4-pro
2C407D6732661450837F40B7663D4CF10FBB777D2FBFD42EB46578FA05AD0B96,2026-08-13T17:09:48.243503+00:00,41.852626,deepseek-v4-pro
2C6D74FB4172596E3F089762985A9DFBF6B6161B66C8409C845FF9D9A4BA175B,2026-08-13T17:53:10.943948+00:00,29.099319,deepseek-v4-pro
2C8E45BB3669786447945C2EA210466FE30129FCD1919EA4372B16A7320C9B94,2026-08-13T16:42:35.597389+00:00,43.614076,deepseek-v4-pro
2C972FE7162DAC5B9E0C05183F6C4B9978DFC1EC113AC77CF21EB6892AE6BF8D,2026-08-13T17:09:46.551780+00:00,47.904467,deepseek-v4-pro
2CC9550BCD408C1B6A51D52EB666A5B639DEEC08363081760FE6A0BACFD8B05A,2026-08-13T17:43:30.540711+00:00,44.631097,deepseek-v4-pro
2CE861E58875A7ED2356A9618AB385EE68B384524A7ADD04C16A649611E4EF7C,2026-08-13T16:47:27.837518+00:00,28.730637,deepseek-v4-pro
2CF127188B95FB96D3D49F43A13D2DFEF6B0A832931BF86B36AA60B0AADAF27A,2026-08-13T16:26:55.164157+00:00,55.123171,deepseek-v4-pro
2D21AFA87D457EF6EE7E875440501BCD58D515098CD8606FD879A589653D602F,2026-08-13T15:55:12.055400+00:00,22.533852,deepseek-v4-pro
2D2758DA51E8689F66D96AD0BB83FA5C76A25CBA3D222B95838B7B71A7B34F6C,2026-08-13T17:41:10.384044+00:00,25.709874,deepseek-v4-pro
2D2D7262CB3CCE327951AAC6115893B9CCCB5A38DC0AABF512865A97EE618B58,2026-08-13T17:03:18.077720+00:00,48.903439,deepseek-v4-pro
2D7814E997BEF3827B9A3969A985BA7166FB7F36F90E1B35C1A7B702DED8B09A,2026-08-13T15:52:08.455631+00:00,29.260946,deepseek-v4-pro
2D7D5BA293A45C2D87E2776FDDE3A4BAF7836C376A19586B73048D3089BE9B70,2026-08-13T16:56:02.396241+00:00,25.05076,deepseek-v4-pro
2D90406D2B64D3A8285363D00ECA448FDB20FEC2BEE12BF0729900B93F3F639B,2026-08-13T16:53:09.093000+00:00,37.203588,deepseek-v4-pro
2DABFFFC0E29874891BC10C317D96B396EBDBF30270838718291BF4510527509,2026-08-13T16:05:17.832469+00:00,23.384672,deepseek-v4-pro
2DB4FECD1C5D6E9AF7989AE24FCBE85295DBF85D728411A3822E57476763F547,2026-08-13T16:56:28.398118+00:00,61.657331,deepseek-v4-pro
2DCAE45B40F1C66CC4A9842D139F1213549E9D64AB8B0ACB849E180B6C5EF4A4,2026-08-14T03:16:09.586751+00:00,57.712592,deepseek-v4-pro
2DD3BB38494AEF4E7F4DE422218A97F9DFC011882CAA37CAE9C80E1217455388,2026-08-13T17:40:18.779414+00:00,37.705822,deepseek-v4-pro
2DD69E74EA6821359123E80405A644651B0EC523951791AAE9D08952285C5F8D,2026-08-13T16:05:39.211487+00:00,25.01496,deepseek-v4-pro
2E2D54094F1C7D7CEE92EDF0C9655BC1E4BF17BB62834B806276D9E8CB015546,2026-08-13T17:21:05.834519+00:00,30.795274,deepseek-v4-pro
2E36486F28E4345043FF060E1193BA027D33E540C2A00C3E528F012BB1C918D2,2026-08-13T17:22:47.473726+00:00,45.685111,deepseek-v4-pro
2E3DF6C5D6C7C57952AF10D21AB9782B1A073AB2EF06E05364E24F407FDDE93C,2026-08-13T16:28:34.608889+00:00,54.526114,deepseek-v4-pro
2E3E4E86E5DC8954DB4DF09416C3B0B2054B52ADCEB6673F9E7F431CDB53422F,2026-08-13T17:43:33.662066+00:00,52.228108,deepseek-v4-pro
2E4B3EE92543A3072439E3A7E41C29C68DF7382ABCDF624A94CC7DE43F7BDA54,2026-08-13T17:35:38.997584+00:00,51.044117,deepseek-v4-pro
2E4FCBC4485FD3C16665F587E6B64AABAC6419610E1FDC7BFC49AC114A85972A,2026-08-13T17:35:18.038986+00:00,30.551926,deepseek-v4-pro
2E90AB43D7F9DBB1F4AB9696398E4DFA5C2AFF1D47CA67CA16C8AAD1349A64ED,2026-08-13T17:25:14.242414+00:00,34.346893,deepseek-v4-pro
2ED5B6F82AAA3680F9523A56C8EBC1CB5F36BA3B54C9DC73BC95445637E56A19,2026-08-13T17:12:09.883329+00:00,24.248072,deepseek-v4-pro
2F14C177D90333EA38F792E6A78C04FBDBB4A3AC2C6A7FE359962DCD2D1BBE51,2026-08-13T17:08:54.350334+00:00,57.506145,deepseek-v4-pro
2F210ED964271924593801B7EF96C5BA154D1C872F01DF9DC980CE893DD8E353,2026-08-13T17:17:49.148657+00:00,28.40293,deepseek-v4-pro
2F2ABA4EB6510AB636698753017CFC74F4AF79A798E00F7AAABD405D57FD8D00,2026-08-13T17:32:13.210703+00:00,25.511798,deepseek-v4-pro
2F3FE7694265BFF337E904E53944355A78465786C277159416DDC8B41041AF7D,2026-08-13T17:13:55.794231+00:00,15.325435,deepseek-v4-pro
2FA7F4FEBAC47C15EAC3C6827D7ADF4486B96EA5C3A0EA834E6778ABCB0F031A,2026-08-13T16:42:08.101260+00:00,19.152478,deepseek-v4-pro
2FA88C655D577B5A19103D04858503CA3F878B44A7C242EB5CFAD9803AC291A8,2026-08-13T17:51:29.331776+00:00,60.385816,deepseek-v4-pro
2FB6B4311388ABCA12A06FC387BA05A89D5CF4F802CC3EC27D90600E150E26BA,2026-08-13T17:05:11.165151+00:00,41.560683,deepseek-v4-pro
2FB7D9B61DFFE36F4B231BF92DC9EF30264524E354F04DBD44F0DEC80BC6EE90,2026-08-13T16:45:04.300656+00:00,36.019268,deepseek-v4-pro
2FE10919A3792B3566FC8B5CCA4DF99B603AB76028B397B79D2995EA50C90B87,2026-08-13T16:48:49.846030+00:00,58.837628,deepseek-v4-pro
300FB55B97DA568FCC21E06E63673644B0E539B3EA847910A8DA87711EBE921C,2026-08-13T17:48:10.740897+00:00,33.475166,deepseek-v4-pro
30269BFB1AC9267583DFF16358AFA7604B110FBE36743F0398AA1630A8B52AE2,2026-08-13T17:34:47.948518+00:00,38.356882,deepseek-v4-pro
303AD9423EADB95175F5F772295051A32459AA9C3A1E5DEF4937A4A6F909D37B,2026-08-13T17:49:21.666506+00:00,30.371369,deepseek-v4-pro
309ED5528A5618556B61D078B08DCF8087FF1D1E4C97B2700DCE1DDDCF0D55F8,2026-08-14T03:12:31.257453+00:00,40.11443,deepseek-v4-pro
30A2967A0612B9614F382920B18E6449731A06F1A612C0F5AC7E192BA104A53B,2026-08-13T17:27:20.180729+00:00,37.333178,deepseek-v4-pro
30AD4E6833663168767AFE4CC78B934795EABDD680AD19CDF9A6B60F54D718DB,2026-08-13T17:30:49.880640+00:00,35.53377,deepseek-v4-pro
30F155421CE6A5913A26560CB95A0E15867C0FC6C7CB4AF69ACCAA23EF7714D5,2026-08-13T17:00:50.852936+00:00,40.636165,deepseek-v4-pro
311108B3A86F872214E223FB7FD24A664C15C166CAC9088E6EA912AC76B3790A,2026-08-13T17:49:38.130096+00:00,33.135337,deepseek-v4-pro
312C9BCC1BBE2057F9A0421855E1F0FBCD57E6F6847F485E64610B251BA12064,2026-08-13T17:10:16.932861+00:00,22.260311,deepseek-v4-pro
314A3176F5F4EF826E187425A185DB14C2E26F3CACB7B7CFF998DEEC09FB4B08,2026-08-13T17:37:39.262378+00:00,24.297833,deepseek-v4-pro
3155D3B6E5EF438207556252E291D7C193EAE12335605F4CDC80650DEBBD4748,2026-08-13T16:51:08.159623+00:00,32.59206,deepseek-v4-pro
322385C6C27A3B4CF865433F21E429EF566B29F960DA2D9362B2988A4FC0DE51,2026-08-14T03:18:17.296239+00:00,63.156487,deepseek-v4-pro
3228875EF5FE4C86FC01F945F1648F13A6E8BEF9C92BCB6D299A7E491771F126,2026-08-13T15:53:05.520344+00:00,45.47772,deepseek-v4-pro
323DF78F442A74533C1720D97388B44C8595D98DC9A9C3A0D9E5A6C6AABFD2ED,2026-08-13T16:26:21.233064+00:00,23.148961,deepseek-v4-pro
324C3DA925CF45CFB8186313B4A9FDDB038BD187905D6E951E3309783E82F84A,2026-08-13T17:48:11.806898+00:00,34.651452,deepseek-v4-pro
32594728421122C2F5F5127831DBD7C587F459A647E6754A741B53261376F532,2026-08-13T17:23:11.079685+00:00,51.1541,deepseek-v4-pro
328B6E71A7E1EBB86B412573A2D380739AB69944C87CDBFB51CFBA13174C4125,2026-08-13T17:16:49.644053+00:00,47.80462,deepseek-v4-pro
32AF7A414E9DEB415AA6261ECA84B46C85A3E228CEECBB6E4CCD6FC6BD07769E,2026-08-13T16:23:59.099874+00:00,37.374314,deepseek-v4-pro
32E788A6E106528F76850335941957CFAD81464C2F0483FEE983C6E6EA2DA083,2026-08-13T17:45:28.611813+00:00,46.496811,deepseek-v4-pro
33247947F1D85363F901906ADAE981DA2EF04ABC702E65F54031DF08DA764DDB,2026-08-13T17:10:00.821828+00:00,36.727472,deepseek-v4-pro
3332123397E27C02859A4A3E0F831A5AE7CE96B0759C47453D671D2233923FF2,2026-08-13T17:16:01.827394+00:00,46.228718,deepseek-v4-pro
333C5EB95BF52A3DD5AB9332C4DC5B5DED50E66A3D3C08FD24F71433206642A7,2026-08-13T16:35:36.189682+00:00,38.984841,deepseek-v4-pro
334F12831F5E028652C17B63B66BC4480354270F79369DCFAAD169EA5889EEE5,2026-08-13T17:06:19.734038+00:00,47.590248,deepseek-v4-pro
33B0CF6743EF0B593A1B271A726797BBB02212D3C7F780F9618527049C1F846D,2026-08-13T16:40:40.938760+00:00,30.96726,deepseek-v4-pro
33CC7F25590DC6589E37AA6964A871FA9D19CEDE7DD16BD842CEF0DDF835B5ED,2026-08-13T17:08:23.082564+00:00,60.281686,deepseek-v4-pro
33DE4669CAA76E1DEB75624C61DEC1D62AADFE3F714307B028C8CA1EAFC11455,2026-08-13T17:31:24.554785+00:00,34.668832,deepseek-v4-pro
33E9824CE830BE1ACBD321E32360F53429C388B7C9EFBE83A0BD7FB292A1A887,2026-08-13T17:14:58.663714+00:00,13.777191,deepseek-v4-pro
33FF9897414BCE027E06ED27C8600883A56F198893099A2DF93A3C1F5575F683,2026-08-13T16:32:55.463633+00:00,29.795334,deepseek-v4-pro
3436E8B3883CAB4BC288C99A6A6C81B9594B6134C5C8113760C83C40EF51388D,2026-08-13T15:51:10.998832+00:00,30.191362,deepseek-v4-pro
3453B4B7F5558383BB3B5411B2F849001AB2F03057A3E5E07039A45B038D02FB,2026-08-13T17:47:13.679219+00:00,53.054329,deepseek-v4-pro
34680B58ABB94B78C5C727572DA99668F4EDC12DD1887D2D49F2C2F0C01109DC,2026-08-13T17:32:47.102297+00:00,21.37948,deepseek-v4-pro
347DDFFCC539CE3D55D26F680A90059ECF14BA3B03978DC68EC7664D7DEDD2A0,2026-08-13T17:38:37.112654+00:00,23.286143,deepseek-v4-pro
347F0BFF41E2D37E1F643746E69AEE9DB7CE93A7C53173041ADC022FBF6EF715,2026-08-13T17:27:21.501969+00:00,28.336833,deepseek-v4-pro
348930DE536502A9810DD377ABD1E6741CD9DB640F728E0CB862C9A69696674B,2026-08-13T17:31:34.943312+00:00,32.98172,deepseek-v4-pro
34AE88B93A3110973592EBF0C69C1D4B695C244DD489D7E7C05EE24BCCC28600,2026-08-13T17:33:29.690608+00:00,21.613623,deepseek-v4-pro
34B85404093F855672F37C273C2D607454A82F1804119CBB065CFEA5B2B2B636,2026-08-13T17:25:43.960361+00:00,19.41156,deepseek-v4-pro
34BC5ABE2556A81268B56F14927A5A57EBDD1C7BF9A3C887CD78552F49C8A085,2026-08-13T17:52:06.437155+00:00,37.313189,deepseek-v4-pro
350D9EFA178976D2588B57AD9777F70A3784958500810231FDD727C36E24C7FC,2026-08-13T17:36:48.522889+00:00,53.729881,deepseek-v4-pro
35106EE2BF68AC4F6FEF991FBD96DD172B821115B18A1AC79A23C7F0BA8E5097,2026-08-13T17:30:18.690779+00:00,39.636565,deepseek-v4-pro
35146777D8FB2984FBDD430F5295C60895AF3C6A21CD9E6AC2FCED441B5CC60A,2026-08-14T03:11:44.227021+00:00,606.284539,deepseek-v4-pro
351B513C5F2758EB1A27B91046A07EED7C6BB3234B23C59ABF639F56F3539DD4,2026-08-13T16:24:54.291215+00:00,22.916478,deepseek-v4-pro
35590C9ACE9A72F15C6577E97F30E21B51C4C221E1B61427F71E29BED6DB4228,2026-08-13T17:44:05.489371+00:00,34.942772,deepseek-v4-pro
358FF09D621FF34654E6B174F9C637B71A1887BC0DCC2D7198F8B23F3E30D9B8,2026-08-13T15:52:27.740103+00:00,34.286204,deepseek-v4-pro
359ACACF00D0BC13241417036EA829235A31A73B57CDF271B5E29B3A675E21A6,2026-08-13T17:04:19.873429+00:00,50.858346,deepseek-v4-pro
35A6AD17F0E8AE1C13F195FE960FDFAD7E78B2F9E02ACCA47DAA5A81437A7EF5,2026-08-13T17:02:24.787943+00:00,31.008474,deepseek-v4-pro
35BA06445C52B2D8DE3196551AC24D0351406BE32D41D7D293847509D2821848,2026-08-13T16:58:39.631286+00:00,32.943379,deepseek-v4-pro
35D4E88CD663EA215C912F398D84C96AFB3ABC18950EE73E8C624BCF504873CA,2026-08-13T16:52:41.623089+00:00,40.604705,deepseek-v4-pro
3605DB530EDFD7AB6D67C3C116D441CBFD64B88210E493A905985C016EF00B61,2026-08-13T17:34:39.434185+00:00,50.576818,deepseek-v4-pro
362C7FE2D9F2862A696ADAC034E11A805A63702AB7CDBBCF36E2F4D8A44B2C28,2026-08-13T17:24:49.920584+00:00,23.51267,deepseek-v4-pro
36395741BBE4B5964FCFBE545815D4029E1FEED13BE75D479F83683AA90F6D5B,2026-08-13T17:11:42.950110+00:00,24.056991,deepseek-v4-pro
364839CAF3479BDAEC9DAF42D84A14386BACC248144E91E6BC33FCCB1EF1BD43,2026-08-13T17:37:30.072196+00:00,32.776824,deepseek-v4-pro
364C13CA66E7C4F8F3337C34CE6B930F1A18C19996C97A97E79A45173C8BF532,2026-08-13T15:57:35.114704+00:00,27.370111,deepseek-v4-pro
3654DE297DB3828B6E53931420E056A5528B3E0D1DF52D202A16C35188981B90,2026-08-13T15:56:40.863675+00:00,38.709609,deepseek-v4-pro
3656C0149395F7D3B11014A8BE8C1BF42EF2855776F4B3BF287374C8828952B6,2026-08-13T16:05:14.191271+00:00,20.395153,deepseek-v4-pro
3657C144DC4CB9D73E4EF036FAB2041D7E69052B3E786880392815C2497122F5,2026-08-13T16:29:51.029886+00:00,44.968644,deepseek-v4-pro
3695F7EEC5BC3933FB97856FC8D6F701AFBB4A392523E886310491DA11272211,2026-08-13T15:55:08.977831+00:00,30.675853,deepseek-v4-pro
36D14E75A92C04DC16A67975FB74852046DA64ECCAB34B97404A49F56C3A29C0,2026-08-13T17:13:40.455705+00:00,41.754291,deepseek-v4-pro
36E7F44BCFA51A5CA66C88A33665FCFD239BA4AF74F03174526A52C00A5762F5,2026-08-13T17:47:22.029174+00:00,37.053691,deepseek-v4-pro
3706F57F4A78762F6DA91A1E872256143FFE4766E7FD38C0D5649B586221A06E,2026-08-13T17:27:49.993466+00:00,36.429861,deepseek-v4-pro
370855AA195F26C0E4DDDA84B42B8D322EADDB9F5F9496C5125AC1140213D008,2026-08-13T17:03:01.136117+00:00,23.370456,deepseek-v4-pro
372E8EEAA053034DD8A85413DC87F0CBD424749E740F471CAB43C9C14B81BECC,2026-08-13T17:54:16.880509+00:00,38.723555,deepseek-v4-pro
374C2678D19ACB9BE45AE8A96CA811CFBE43F1EEAFA2656CC9C7EA667A3789EB,2026-08-13T17:08:21.446918+00:00,31.394105,deepseek-v4-pro
375EA72F381B91C8584018BA934E2B9707F71DBCDB9342193FBCB816B69365B0,2026-08-13T16:50:35.561034+00:00,47.594544,deepseek-v4-pro
378562F0DBD34E39271F006BA780EA6012A489A6CA0E951F892DE63A62CF1CAB,2026-08-13T17:14:44.875588+00:00,49.068915,deepseek-v4-pro
37A91F732EC00286228B70D1FD99EE475B74C6E5DD3CF3316629C5BAAD0149C3,2026-08-13T17:39:57.889388+00:00,38.73645,deepseek-v4-pro
37BBAE2223AA96354B1E2DAE40B15D0B166D08A64AAE3F81EFBF6E4C74E42D8B,2026-08-13T16:50:53.374306+00:00,29.686099,deepseek-v4-pro
37DF6A6ACDBD8BADB2880C87BC392E541A1A1D743260A84D09B726170BE2409C,2026-08-13T16:41:43.976495+00:00,41.693247,deepseek-v4-pro
37F6C067958AB49B02EBD75F9AE60A2AD94E48477F97649D35D513B5B803026B,2026-08-13T16:51:31.186568+00:00,39.153954,deepseek-v4-pro
380A7007BD927B9D9160307D529EEBDAFA6891FFA0BF0113BD2A49251EC7E0ED,2026-08-13T15:57:05.106516+00:00,34.93121,deepseek-v4-pro
385683417D1039D1E5E09CD55A41AD9EE2EB09DD1B7DF3A8593649360DAB7901,2026-08-13T16:24:33.223450+00:00,24.144478,deepseek-v4-pro
38AD1D8DE16EC2550B8E0AC1BC45AB3EAB6ECAD13096CC45F7996EBC7E7B7223,2026-08-13T17:48:24.927437+00:00,34.4397,deepseek-v4-pro
391EE74C16C6EA8696910A73CB92FFCDBA7D58F4AB406682D9793788916B201D,2026-08-13T16:48:04.921475+00:00,39.138921,deepseek-v4-pro
39240EF9A8AE3F02C9B6A04E6F801F6BE849229A1BC7980E217AE91A9492F2E7,2026-08-13T17:00:38.152513+00:00,31.067998,deepseek-v4-pro
39261D0A75C8A8634DFC7F8C5B5762AA9648DBD3A2D42C78C32621165B9A07B5,2026-08-13T17:25:52.376621+00:00,38.210567,deepseek-v4-pro
3986B5343A4AB986A5F8259840588E359C66A0F9E1973EF50D542E573B1297FC,2026-08-13T17:36:52.286106+00:00,32.018311,deepseek-v4-pro
39AB8A28B3C2A728E34684EDD8E50326F053BAAD464A0D1F018367935B2A7967,2026-08-13T17:20:45.901337+00:00,48.344057,deepseek-v4-pro
39D35ABFA667663ECF9D18F582486342D77E0EED4C19BB3C31ADA5D46545268E,2026-08-13T17:06:59.738806+00:00,49.977793,deepseek-v4-pro
39D608F0EABAAABF74A6B5AA201FAB4350D827C0B0B5DEF1A0DBDE2994288BA3,2026-08-13T16:13:10.066303+00:00,42.378672,deepseek-v4-pro
39DA65AAE83A36CE40B61C925DF79A9FDA12FCBC28F1783E95DB73C224116EED,2026-08-13T16:43:57.139070+00:00,46.089852,deepseek-v4-pro
39E8091DC79228D29B3901B79CA6BEB1837DBCFFFD1AED4DCA8F4C4EC1A5DB48,2026-08-13T16:26:23.547245+00:00,39.910197,deepseek-v4-pro
3A35C946A0937FABF40146CDEDF493ADC30C88A0278210C9A62CC29612386B15,2026-08-13T17:48:20.415671+00:00,45.576482,deepseek-v4-pro
3A496CDD53E4DFC85DE9B04F9F49A827EFD8A36B1B0AE04D233052EF353796F7,2026-08-13T17:42:26.477731+00:00,22.349654,deepseek-v4-pro
3AB7A066CB695F2EF5D57BC10D5DB3BA7DE74275966F28C3969F35A25E9D5ECA,2026-08-13T17:41:42.084716+00:00,31.688702,deepseek-v4-pro
3AEFB085E99CF10DB07A10F259D8497B8943E0388EC12FB9868AAA7F75637594,2026-08-13T17:21:21.854945+00:00,67.697574,deepseek-v4-pro
3AF9895D31C24EFE2AA55884D7682C2595703859811553B20586EDC9736CA609,2026-08-13T17:53:18.627817+00:00,54.726528,deepseek-v4-pro
3B4262FDF23F23A8D5F96A882864F0AE350A4953BDC5F0EC8455AB0FAF0B8D94,2026-08-13T17:22:08.684891+00:00,17.946666,deepseek-v4-pro
3B58DFAD0A9B607E8C439D06DE7924556B5EE8003BB2C696CA415B3234F026D4,2026-08-13T16:53:28.341020+00:00,19.242504,deepseek-v4-pro
3B96BBB1BC6D37B006241E0C1821A54FE33740DA0E0BFC3C64168C99F680F486,2026-08-13T16:28:43.521991+00:00,34.908657,deepseek-v4-pro
3BA359FF0016C7E2854D91EE6CE44B62D562D00D0000F858D84DAFD19284E245,2026-08-13T16:58:55.356993+00:00,60.826276,deepseek-v4-pro
3BA9A9243A4BE2668A7386D5FD4E6116CD629F893AF98606B40FAACA1574FE39,2026-08-13T17:21:22.525090+00:00,36.617749,deepseek-v4-pro
3BB6676ED7CD150AF939656FC4E67DCE06071ED210B4F5075E589E60DC001C36,2026-08-13T17:41:47.107172+00:00,22.995939,deepseek-v4-pro
3BDCC7160EEBB9DE72F3D5235EAA9506E4E01FA4C522AF872B3CCC220E1DCFB6,2026-08-13T17:25:02.567283+00:00,42.724698,deepseek-v4-pro
3C0D366C59198B3E9A5C47ADE4B48A53617912A76135C6A11F416B27D93AD3A4,2026-08-13T15:55:16.440005+00:00,33.957552,deepseek-v4-pro
3C520F53AB7414CBA4CD4B83CD911C7D70B58D0A30C8C8A5E986A80CDE8523B3,2026-08-13T16:46:08.787141+00:00,34.052682,deepseek-v4-pro
3C6A2A5A8D614700423E26CC943CD03FBCD3E31B77C14CF9B0AFBFEE089E59FD,2026-08-13T17:18:46.724004+00:00,66.690547,deepseek-v4-pro
3C7320C7CDB0D1DF1EBA2A4AA79862EF1B864F6FC842B8F5DC88C8D291B5AE35,2026-08-13T17:15:15.593599+00:00,26.000267,deepseek-v4-pro
3C77C6DD213343B4E29A60D048F39688A264B52FD6F6ABB63164AF84DC2B7F61,2026-08-13T16:05:18.706716+00:00,22.928945,deepseek-v4-pro
3C7D153B4BA51131BF45F5D95ED2838BEC6BC4710C5CA43325E72D0CB5D08FCA,2026-08-13T17:23:20.839041+00:00,50.210579,deepseek-v4-pro
3CD07CCBD90F6B7490F0A72B4BB637C1B03F31AA1DB3132FDA8D31724CAD8411,2026-08-13T17:17:18.200444+00:00,53.905486,deepseek-v4-pro
3CD6F85FC442612097BBE48EE2D9A5EDF4A2898D027D9C4BFB471D511ED3E12F,2026-08-13T16:23:30.091526+00:00,42.349961,deepseek-v4-pro
3D12DD8DDEC6AFD2B46FFFCEB6EB76C0D4EFD96230382CFB5E811BEA61BF423D,2026-08-13T17:35:06.926299+00:00,17.592256,deepseek-v4-pro
3D3DA9F5AD0EB0A0AB1287E7A6FB0E1BC2661F29D1F907C70A77CBE4AA656CD6,2026-08-13T17:40:06.500684+00:00,23.844911,deepseek-v4-pro
3D519D14010D64C19BD7E75C25E927B6832962A559C81485833F358EDE2BB26F,2026-08-13T15:51:08.633648+00:00,53.531647,deepseek-v4-pro
3D782ED17A3F49B4A4AD19C3D439AA1D3F25BEEB56809E59FF1B9B6DB0A101E0,2026-08-13T16:54:15.349648+00:00,46.997182,deepseek-v4-pro
3D8BCDBA7C2A672E23431665F567FDED566CC9C983F157F3551E3AF64C23D734,2026-08-13T16:54:47.116355+00:00,24.264356,deepseek-v4-pro
3E319AC5FBA48234DB3C7FB12AD5D7DCBDECC79B1475852D35ADD4A9B89E60E4,2026-08-13T15:53:38.909057+00:00,32.464619,deepseek-v4-pro
3EB43D270D47AF0101AFF9C4B903C0AC329386BBB9A7EBD750A8F734E666155E,2026-08-13T15:57:29.141115+00:00,37.069444,deepseek-v4-pro
3EB616AF360EE8C3409D804D8A6CE8712BDCAE5E96269CBE636EE4F6D6B79959,2026-08-13T17:42:10.942436+00:00,35.191252,deepseek-v4-pro
3EFF2007FD7F6B1A28BB4FAACF5D0C734BB120B73559D759FDC0789DC8CF053F,2026-08-13T17:33:03.627210+00:00,22.350476,deepseek-v4-pro
3F23D30ABD47A6CCBBF160B726E845E492511ED2CFC41E2EE5813A5152B04CFE,2026-08-13T16:35:50.436101+00:00,28.999483,deepseek-v4-pro
3F6EE5C1EF3B367DE240894300484FE5C69E4891DF60F5C26FADF2FDC40EF265,2026-08-13T16:24:36.079292+00:00,26.254624,deepseek-v4-pro
3F80C03604B079F804F40D1807D0CE0957122DDCD60F64E4B6CD5A3FFA9A2359,2026-08-13T17:16:59.426421+00:00,20.738412,deepseek-v4-pro
3F956A1D8172681B1E7F7961324DFBA832E0F24079AD7A02288F768344FA2C15,2026-08-13T15:51:37.466533+00:00,34.725278,deepseek-v4-pro
3FB582EE15F8D5AE391BB7FDC30ABCDB301FD54199504D7D414E15F0864E94FC,2026-08-13T17:50:50.421220+00:00,34.980817,deepseek-v4-pro
3FC69BCBA74200C1EFCBB51A3F5B4B58230B8115E4FE3B6103FC870ED7BFE203,2026-08-13T16:32:19.109486+00:00,44.178937,deepseek-v4-pro
3FFABADE0D951B02C95586FFC04CD1E71CC3BE27B6FD4CF19DCCC1C6BFBBE16E,2026-08-13T17:40:50.233995+00:00,19.729495,deepseek-v4-pro
4082B59CA948081E9777804815E935493ACDBB31252765D61B1054F97E12E4F0,2026-08-13T17:50:28.620064+00:00,22.928444,deepseek-v4-pro
40982028190467A4036D19B39C262C63341B823D3FB770895AAB7BF5C0EB84D5,2026-08-13T15:52:40.105972+00:00,30.82275,deepseek-v4-pro
409BDD6FD248B06FED7DA272F565370D780C8F2815419EB57AD8B0265E175C51,2026-08-13T17:13:21.485381+00:00,52.338672,deepseek-v4-pro
40E150BF3893FA219DC779162E9794E01095DD903C3C270BE9F8964B7ADC2436,2026-08-13T17:13:22.604204+00:00,50.081844,deepseek-v4-pro
41368B07457A538210A3D4F92FCF471122A24EF51275A28BE85CDD804A3073C8,2026-08-13T17:38:30.028433+00:00,35.871703,deepseek-v4-pro
41506C1FF319CF48AAE3A7B2D13AF8E735A7FF6F25BDC801CC47BD69145005B0,2026-08-13T16:53:34.497250+00:00,28.455719,deepseek-v4-pro
41771DE46196574DE690E985C3B67F559E24BEF9B904EF5153F56B30B71B7B3B,2026-08-13T17:14:25.293759+00:00,32.382675,deepseek-v4-pro
4180153093FEF5C4B0590094F1E568A5B93F15F6DF66BB0E05F0374EDEF91D79,2026-08-13T17:24:52.211827+00:00,20.4493,deepseek-v4-pro
41B7221FB18788A4948FF43323AF4B3408E02A83181751D0759ADF0842B715F3,2026-08-13T17:46:52.005939+00:00,17.869064,deepseek-v4-pro
41C1D4CF42E9B2C229FA0FDB4AD1A0C550AA9C818A02BAB58072746687363476,2026-08-13T17:30:43.131983+00:00,30.135269,deepseek-v4-pro
41D079E90D42C23332AE4515C0010D7C595EE0D72193173309139CA71A81E9C4,2026-08-13T16:51:22.796139+00:00,30.05028,deepseek-v4-pro
41DCB83E1EA7C7581AAA5DCD90314FAF1890C525472BCD66DEF43376D68980C0,2026-08-13T16:29:32.525576+00:00,61.784473,deepseek-v4-pro
41E63514B778E36B756166963C21473A17063469284FF6BF3F35DF2B253B49E1,2026-08-13T16:24:49.101614+00:00,39.705646,deepseek-v4-pro
41E7428AF67612504B21C080433A9032A3752E02742F6CFBF20D93A3DE077C59,2026-08-13T16:54:05.861703+00:00,48.996723,deepseek-v4-pro
4200796A12EB531B99F352C040C7353552CA6E48874A6329EEAC70BF8CC547D9,2026-08-13T17:53:36.511330+00:00,21.819472,deepseek-v4-pro
422523853AD5DCFE4DD4F6EABCF8CE773E10C22CB206082BD5F4221ACE7B8A88,2026-08-13T16:26:38.593981+00:00,15.03457,deepseek-v4-pro
422BD59EB5826EB6208F33AD5856F12A97A0F67E952B412D513DFD23F607A99D,2026-08-13T16:43:06.467744+00:00,39.098133,deepseek-v4-pro
4265E80D241B1A5C34FFEEB9737974C664B25E4047BBF8E498804D8BE47C9DED,2026-08-13T15:59:51.584001+00:00,66.015564,deepseek-v4-pro
4275D25AD35426EEBEF287337B76A3E29C0CDC086E1A17EFEC60BBA8A6323D95,2026-08-13T16:29:54.964960+00:00,22.433677,deepseek-v4-pro
4284B0FFC3217B8DB6F80FCBB2CB51D2801BED9FB945406112B2BC0C15249D46,2026-08-13T17:28:32.474896+00:00,47.226125,deepseek-v4-pro
4284D00C3C6E58883E7A00DFB2392CC1EA56E51462F08DBFBA167E114D613133,2026-08-13T16:26:44.867937+00:00,48.997481,deepseek-v4-pro
428C366CE414A022B0DB1959AEC436FB3A9032CA6124B72450DB462B26C35ED9,2026-08-13T17:12:32.511123+00:00,29.458883,deepseek-v4-pro
42BE311B64E464D078445B58327F814E0B2260BC933E1A5FA649CE00C28A1518,2026-08-13T16:51:43.193212+00:00,34.346785,deepseek-v4-pro
42C06B0A93CE04477815C0F66C58110152F03CAB046AE4E72A8EE189F73F6EFE,2026-08-13T17:36:01.618364+00:00,39.894759,deepseek-v4-pro
42CD57D87D139D949F8BD403CBC42BBCB95ECE0DFF9B7743E0F6E8FF46FEBBE5,2026-08-13T15:53:15.032869+00:00,47.12109,deepseek-v4-pro
42D00F7BA388CD21B3EAAD265E7982A32569DAA0EE0380AD39605C052789009F,2026-08-14T03:22:05.902532+00:00,54.868524,deepseek-v4-pro
42FEE1901D05A63376CB68ABB1F521848F3C233DB61114A29DC9172C026774D2,2026-08-13T15:51:47.873414+00:00,30.079977,deepseek-v4-pro
4303EE6EEFC0EB9118FE3B3378C8B2DF87BFA1702159961F3018A9812DF515CF,2026-08-13T15:58:45.321521+00:00,21.903281,deepseek-v4-pro
43074EA17C6164CDAD161B9036FE69D171489074DEFCAD715E92BD6A2D526D9C,2026-08-13T16:49:37.976660+00:00,28.684252,deepseek-v4-pro
4390991305041F309C24254E7611CD1E7FD8F6B47FEF4A4FAB5FB91833CB009B,2026-08-13T17:16:25.856124+00:00,53.491829,deepseek-v4-pro
4392F0D4F7ECE772083027F8E58D1BFFF83E97355A96459DFD3EEF82F1529EBA,2026-08-13T17:24:14.147903+00:00,31.720827,deepseek-v4-pro
43D7EB08429DB06F98412D06D4004DE72C5932CC09BB39B44A8D8FEB3E62A9C2,2026-08-13T16:25:19.174811+00:00,20.869342,deepseek-v4-pro
43E3CC96B2619F7537D5907F0AEB1642158F35F6F1AAD763695848655EDC334B,2026-08-13T16:47:41.761137+00:00,48.254429,deepseek-v4-pro
4432C4AEDD4373F9EBEBD26D8CB74AFE2F18DD7907BF4C5D22290A8B75BDAA6C,2026-08-13T16:59:37.860172+00:00,58.950142,deepseek-v4-pro
44346933596C0F73AC0D9FEE3E8044EFB47CAE3E526B1F2EE10826B4D303487C,2026-08-13T16:24:29.443475+00:00,32.055847,deepseek-v4-pro
44462229F1097184E8E95135C7C6881D5F4353398D3734670D767924AFFF807F,2026-08-13T17:38:21.458161+00:00,32.038321,deepseek-v4-pro
444E4294B242DECD16CA10CB25EE9401CD8C4CC1BC0C2985FD7FD24B63D5DF5E,2026-08-13T17:24:08.362553+00:00,20.498524,deepseek-v4-pro
445C7C9DF6A419E369A9DA90D1480321588585FDD0B00F5FFF327D8F36FEA03F,2026-08-13T17:49:00.472225+00:00,48.434077,deepseek-v4-pro
446A6D101F8C2D08E12ECBE62B2242820FEC14720A4DB42081042D0A3617DB93,2026-08-13T16:28:34.130900+00:00,33.581939,deepseek-v4-pro
44AF2BB27455BEB853506B6D3638C548A63D4FC3FFB1B33CD99F99B2B447367F,2026-08-13T17:05:27.426039+00:00,30.387978,deepseek-v4-pro
44B6A5F1F71B5728DC10021BE15C59766B76EE3B8CD243518ED407925783959D,2026-08-13T17:35:48.830168+00:00,14.068855,deepseek-v4-pro
44EB7449BB16228F423B370AD20D25989D874B07500E9E8D0C254592DD661647,2026-08-13T16:50:55.814148+00:00,45.214883,deepseek-v4-pro
458DA509D3AB04422DFA580556BFA897C7D49AE884577D0A203EEF6D6D44E8DC,2026-08-13T15:54:10.180867+00:00,43.967077,deepseek-v4-pro
45999832A974FB644E65EA8EC2AFE8B0145C49950579B4A835C8E624053104A8,2026-08-14T03:11:48.841416+00:00,610.891895,deepseek-v4-pro
45B1957B0A5326690B4732A8C62D987A6A61A71F2FA1887DC2B7F2F2D9784AB9,2026-08-13T17:32:36.757685+00:00,25.16901,deepseek-v4-pro
45EA99C146E4277AD6C7562AA9C3D3A50120805AA249CF993F96F281930733A3,2026-08-13T17:38:13.815369+00:00,43.263982,deepseek-v4-pro
4636E355FB14BA8EAB35E169D79EDF8545A56D173971228334F0AF3EB4EC17A3,2026-08-13T17:38:54.410346+00:00,24.369806,deepseek-v4-pro
4660B50A98D273AEF9D8D1D645081B63CE5718BDF266B147A1BDAA41EF063EFC,2026-08-13T16:59:19.563129+00:00,24.195423,deepseek-v4-pro
4688A6C088B12A7B8BD8416036CF7107E0E6A558D79CFF6233F4763D3B04BAB4,2026-08-13T17:02:11.268175+00:00,19.919877,deepseek-v4-pro
46957D81EF52EC3CBFBE18109C1622281CDF699B6C5068DEE5BC43D0FE6C45C9,2026-08-13T17:06:36.565994+00:00,43.406758,deepseek-v4-pro
46983723D9F48447DC8E05E48F3BE5CB0612677FCAD7F4764680605DA16FEFEE,2026-08-13T15:56:41.295217+00:00,29.296993,deepseek-v4-pro
46984C7E0DBBEA921DE75CB212BE515087E211333E78EE57F5770FCDFF7A189A,2026-08-13T17:52:47.186096+00:00,13.589408,deepseek-v4-pro
4699E46E1D74D02BD294629E877595DD2B109A517A3408D7D7AE5168B70074D3,2026-08-13T16:45:50.860754+00:00,28.211352,deepseek-v4-pro
46B466DDA0D09B20527EE62AC2EBCE5979F0B38DB9EA9027E7B516EA5C346C24,2026-08-13T15:53:27.922730+00:00,22.390761,deepseek-v4-pro
46BF1590F5B8A66EEC37E190482E272B9B177A9BA08DB8219BDEA8589675A23F,2026-08-13T17:37:12.487633+00:00,31.179052,deepseek-v4-pro
46D46730B5C91CB190C8131D2647B13830C18C3FDF67C97472DD4E6816891BA5,2026-08-13T17:44:15.498622+00:00,41.831047,deepseek-v4-pro
46D74D8410B920C2802D5B40A4D21A37742610ED5811D6E9759FBA70E94FA82A,2026-08-13T17:35:34.754607+00:00,29.009812,deepseek-v4-pro
46F103D6DC0477D45311D2644F90E082009D5213B5B27A99D353303717A7552E,2026-08-13T15:35:53.634834+00:00,47.200929,deepseek-v4-pro
46F77A45A1DD91AFEAAA6BF7BE4B4843B5A9FF08521F1E0928ECBB031BA0EDBD,2026-08-13T17:49:41.516630+00:00,52.749654,deepseek-v4-pro
46F81C3333A57C57BE1611977F4F76817E32E1893CCAB407F4272C195B68F1C3,2026-08-13T17:11:43.162376+00:00,24.256189,deepseek-v4-pro
47061281CC4C164DAAE9E86B56DB52AF16B9A1E9C09411AF0B05D9B24C74DE63,2026-08-13T17:17:22.299084+00:00,46.447053,deepseek-v4-pro
4721911B92EE76FD4CE1F5971DA0B59168A7D401270E087932A3D22B5A456BE4,2026-08-13T17:48:09.130364+00:00,31.894367,deepseek-v4-pro
4741C0E2210ED291007A129FAF48E868250C34DA822189000CC066AB499D4C5C,2026-08-13T16:52:56.244301+00:00,26.711423,deepseek-v4-pro
47E478F0B62EBD5A93B6898BCB6B2C6AB12FD7BFCDA4D2A10426E062DBBB838C,2026-08-13T16:42:34.761110+00:00,26.654621,deepseek-v4-pro
47EE7A4F80BAF674FE2AFB1713A5B853EB6F8BB6D7B21EC6FC4F8A844629AD3D,2026-08-13T16:56:34.069976+00:00,41.888477,deepseek-v4-pro
47F6889BE1C7321883AADFB6EBC6DD418C4AB2E780BE5E1082ED37A0B761BCEF,2026-08-13T16:45:51.932344+00:00,35.743394,deepseek-v4-pro
47F7FFC094415D34AB0BCCDD609719D13553AA580F3EF75390F88CBF6F2A99A1,2026-08-13T15:51:24.287103+00:00,33.845137,deepseek-v4-pro
4806925939EF1BE0C4EAEA3C584F3EC9D2707CA9EB3D2A315E81E37851FBAB3D,2026-08-13T17:08:53.772526+00:00,29.953956,deepseek-v4-pro
481AE8224D7EA7EE0A721A5FDC14320672FCEA4BEFE63A24320F572DE1C333B0,2026-08-13T16:57:50.040849+00:00,45.20564,deepseek-v4-pro
4831C79BFF22DDA3E2E0FB441891BC9C187C1E4BD2CBC7D6DA52905EA6E7E3FD,2026-08-13T17:36:29.354541+00:00,44.434922,deepseek-v4-pro
48FAFB024B9E88A4A1DF8F5842BAF01498E35914FD94C526B9ADA9CC4A8B276E,2026-08-13T16:37:26.324574+00:00,55.872669,deepseek-v4-pro
49177E31CA9C5A644FFA42D4E9BDA38E9337A2E0774F21698E1626C3118FEF5D,2026-08-13T17:29:56.468048+00:00,32.385178,deepseek-v4-pro
4950E090BCE0466D9DBC5AECEDFDCBFF0A9D88F9B57C20F0BCD14E901098A707,2026-08-13T17:23:50.128470+00:00,68.164475,deepseek-v4-pro
4A380D8A7B8D7F157FF849A97754A251283E6D8EBBC34D9816CD3CF0CBEE9AD4,2026-08-13T17:20:43.248403+00:00,37.429986,deepseek-v4-pro
4A54B7B0552B963C401F3F78909D344EDF918FC8C3CC51CDC3045016E97BC889,2026-08-13T17:17:50.599426+00:00,32.386445,deepseek-v4-pro
4A5C38FB8EB6E87EEE0B23819AD80E5E2A764027519CA3ECA3E271FAA555C20F,2026-08-13T17:22:16.187292+00:00,34.16516,deepseek-v4-pro
4A6CB787A44D4631E950039FFDD63145F9AB174188092FAD47F029AF0E14939E,2026-08-13T17:47:38.544859+00:00,22.750252,deepseek-v4-pro
4A83D04CE1DA695281FC1C1BCCE4DD90F8961578364E926EC7D07AF692A4985B,2026-08-13T16:26:04.210438+00:00,30.404023,deepseek-v4-pro
4AAAB2B5AC75A593AF27CD68734FFC6D9E78B2201C9BB6599589DF06BAF45544,2026-08-13T16:24:54.785137+00:00,43.59978,deepseek-v4-pro
4AB5DD8EB40CED637A5C6BA704D3DB33F965AB3CC733CAB180DA20BE77804BD2,2026-08-13T16:33:49.248552+00:00,29.007348,deepseek-v4-pro
4ACDBC811ABEDB66A212B61E6C1AF586ECC2D8103E9671CDB8E820C0B271C240,2026-08-13T16:25:15.816966+00:00,42.587363,deepseek-v4-pro
4AE7B916026E69BDD6F4DCAEE12A1265A9600B5A6B68715852B9AEFE1452F4A9,2026-08-13T16:31:00.538678+00:00,29.474327,deepseek-v4-pro
4AEAA37B61E1F80064D799C89CA1605A8D5A6E840021CB7DC0242AEDD68F02D0,2026-08-13T17:23:24.696950+00:00,53.260292,deepseek-v4-pro
4AF6664AEE2B0660BEC84E5CC6D03AD2B458166641217062521C60F225A16987,2026-08-13T17:08:54.508357+00:00,43.179357,deepseek-v4-pro
4B30E6F8BC280341A7F9B3EEDC17C21A8BEC70218F92A7FA35D07734D07FC553,2026-08-13T17:42:45.897738+00:00,34.563396,deepseek-v4-pro
4B77A93DC0E357A8D0F945952F94F2F92E11ABD127D500E72D8FF4FB50604B22,2026-08-13T16:00:10.150060+00:00,37.427762,deepseek-v4-pro
4B86358FB42467764208FDC8F053E70880A03987E904937CDF77ED17688C3DAB,2026-08-13T17:35:10.423608+00:00,25.923473,deepseek-v4-pro
4B8E6879CE0CAECF35113469D9028348048FC0B5F4E121D139B64F4B716A8297,2026-08-13T16:38:27.494163+00:00,30.906448,deepseek-v4-pro
4BA8353087A141B71A420FBF41F94E647DDE18698A5315DE806A03DEFDDCD602,2026-08-13T17:52:37.883352+00:00,29.00692,deepseek-v4-pro
4BD39899A21DF173E8449A87C3CE74937439FE782B0BB08903DFC175EBA55C98,2026-08-13T16:49:02.108848+00:00,35.789717,deepseek-v4-pro
4C1A4B97402D3AC404E448D4CABC3C68C16C8DB8935B950E03273F505A2E934A,2026-08-14T03:12:57.571273+00:00,34.448684,deepseek-v4-pro
4C21AF28C8C1F722B2FC54A0D2E59BD314ADFEDB7F1E71C7781C576AF3F4FD52,2026-08-13T17:00:52.626332+00:00,31.436021,deepseek-v4-pro
4C2B949A540C587CD3ECCD4B3272A4FF55193FDE7EFB8DCBEBBC58E060877A0B,2026-08-13T17:15:32.357921+00:00,34.374366,deepseek-v4-pro
4C2DF7902F1270A5F25C684F918251651FF4F731E0D35DD0C849C4DE55358968,2026-08-13T15:52:39.405019+00:00,54.149246,deepseek-v4-pro
4C3936C887D476D5BB21E3E6FBB2126F78BFD6413EE027BA25D480D9C51899A6,2026-08-13T15:57:07.739071+00:00,26.43292,deepseek-v4-pro
4C3C08425C9860A42C7312C568C6AF8E6C121755C7A025A500BAE664C6B1188C,2026-08-13T17:41:30.846534+00:00,28.78946,deepseek-v4-pro
4C4A4A9FAD6D2DC0A26E13F96DBE27DD49EB6FD2A78B5C21DFE0D1C85FE447A0,2026-08-13T17:23:30.170158+00:00,81.473031,deepseek-v4-pro
4C5B0CD18488F4C7477A841DF7F2E5FFBBA2DA1C5D7CD5742F60609005D57E3F,2026-08-13T17:09:32.066644+00:00,30.599928,deepseek-v4-pro
4C63420B4A10F7D11ADE79872D43719718E843A3BFA4F987F4C565E8D76610B7,2026-08-13T17:01:37.086699+00:00,58.927654,deepseek-v4-pro
4C82B346BD2FDE6488AFD8002A8FEFC29A332064A5FE74195212D1FD82491C79,2026-08-13T17:31:13.784972+00:00,45.053208,deepseek-v4-pro
4C8D305BF60A112FAC77BA80C8FDC8110F8A5AD0A7848E06B908A8D44D9E3ADB,2026-08-13T16:31:59.770695+00:00,56.10908,deepseek-v4-pro
4C9F79D54325AF2EA956B7EC848C08D4126C5D78FC83FFFCC4CF105604547630,2026-08-13T17:45:53.378178+00:00,37.388262,deepseek-v4-pro
4CBFAAD2500441CFB13C847D7852D9529B84455F42E4FC00354CB4C3F063B2B8,2026-08-13T15:51:35.418486+00:00,26.778639,deepseek-v4-pro
4CDCA08F40551EB0BDB760A3C9070B4EE2CA796D9EDEB82D4A444F641078ADBB,2026-08-13T17:33:26.890945+00:00,31.739096,deepseek-v4-pro
4D020625B064F0B049FE18EEC0430110A29F0590A917814BA8E192062FE429CD,2026-08-13T17:09:48.796767+00:00,54.591956,deepseek-v4-pro
4D2A13B7F338DAEDF8AF887EE0D262EDDE6166A7697A5D7E9714DA71C4E3B5BF,2026-08-13T16:28:05.441639+00:00,42.17868,deepseek-v4-pro
4D570D771530649E9ECCCD56EB203A467A33AC1CEB51894A6A08EA5C1E1AD9D9,2026-08-13T16:44:13.026378+00:00,49.699298,deepseek-v4-pro
4D8AF1573365620978BAB72224F377DC53DA8CF2A9D37029BD7D4A22FA6637B7,2026-08-13T17:04:36.965103+00:00,24.756006,deepseek-v4-pro
4D9561C8D1624E7E866F65AAC7FDBAF18E931DEFFD94408D622E3AC00F6BCE47,2026-08-13T17:54:04.482528+00:00,27.81114,deepseek-v4-pro
4D9AA1AD0D26F81F5EC83E237307FB4652A9E9516E6B4FB71B64AD5E28F5461A,2026-08-13T16:58:14.022634+00:00,67.73933,deepseek-v4-pro
4DAA7AC4E3E57E634C53D6309B146C1C89B180EA72673EEFA2170DA50B91FA2F,2026-08-13T16:52:07.418659+00:00,41.930648,deepseek-v4-pro
4DC5EC9267C177B945623A3DF798185032AAB8222566D3CDA6A5E4C2CA05588F,2026-08-13T16:59:45.859025+00:00,32.906195,deepseek-v4-pro
4DC7A52034BF34A50C49AABD07000F00B5CCFD2F21AAFD1C50C377C0610C9631,2026-08-13T16:37:19.130718+00:00,48.56161,deepseek-v4-pro
4DD7560A7E7E74D6BA98EA181142C4E524AFBCCA550C8C9092BBF866A2EB02C5,2026-08-13T16:42:06.627954+00:00,51.259933,deepseek-v4-pro
4DFEB0A78BADAB3DC7E2FEEA8BBE07D9A4B77B9557ED4DCDC642B9D3D714803A,2026-08-13T15:55:06.665138+00:00,52.76397,deepseek-v4-pro
4E7611D66AC978D1180AAB1EDA04048E27E915FA5D275C65CB72B26274315A81,2026-08-13T16:26:24.849654+00:00,63.182392,deepseek-v4-pro
4ED2C2DD07F6FDFEF3B98FB7D0F3CEA362A1D7C1D65B6AF7CB700567935500AE,2026-08-13T16:42:27.356989+00:00,23.307849,deepseek-v4-pro
4EFAC2ECE9991E7E8F11E2EFFA38E8B56558696D66CBFAA23F2354289568B6C8,2026-08-13T16:57:41.428462+00:00,42.598873,deepseek-v4-pro
4F0DC459F76E9E768D60948A089951ADEE7261FFF8E9DE3C7171F298F6D3840D,2026-08-13T17:46:19.812749+00:00,24.506852,deepseek-v4-pro
4F1FC96F1C2F589A33E01E43D2DAF1E213C807C230A786758998AB1082BE4035,2026-08-13T17:16:40.926527+00:00,40.794343,deepseek-v4-pro
4F47A46F3792658C72A9FEDB6249A3A3E80B96DD1CC7A990A0CD3B039803D0E3,2026-08-13T16:40:00.638636+00:00,47.875077,deepseek-v4-pro
4F553EE45A1253FF1FA263348B7E78F52C23CE8F3CBAFC27046A64432C2A12DC,2026-08-13T15:54:19.401671+00:00,30.665629,deepseek-v4-pro
4F573486380F3573EBFC5C3D0AFABBC927F9433CB48EF9B4FEF30DDBDE9C9B05,2026-08-13T17:14:27.789273+00:00,42.566489,deepseek-v4-pro
4F79F20C6028F81530A22CBA5B010D8425B060845B7D1766C801E4A3BF5C84B3,2026-08-13T17:15:31.246488+00:00,27.93787,deepseek-v4-pro
4F7B6C01EF037B09CA1E7420B95E05049BE18EFD90B8DF73B148CEA941153C96,2026-08-13T17:02:19.683721+00:00,52.063557,deepseek-v4-pro
4F8B423A5F81996AC759E010557038B02650EB2426EC2641E71AACA7C36D62CE,2026-08-13T16:32:52.712458+00:00,42.743591,deepseek-v4-pro
4F95CC6DB3F39D26ADA0378F8DB1174F7992A27F3EBFD127C0FA72762404C790,2026-08-13T17:39:04.163297+00:00,27.038905,deepseek-v4-pro
5006DDF19BBFEF1FFA831695387395747075521810A0EC993300277CAFA9DB1A,2026-08-13T17:34:16.461184+00:00,23.365318,deepseek-v4-pro
500D36C466AFD577F9C2A8C0C223C5802F1369F0EB199CCCB15CF3224158A3F7,2026-08-13T16:52:32.385255+00:00,24.961589,deepseek-v4-pro
504C5C92FFF7BA008ADFC59287459A694BE86B4C997793322390C66E1EEBC715,2026-08-13T17:50:29.919352+00:00,49.99667,deepseek-v4-pro
506280DCE91D2D9E7CEFCF3BF28F582DF2D77808BD3FB17A0ACC379C80FD5AEB,2026-08-13T17:31:57.823831+00:00,17.921037,deepseek-v4-pro
507F4421C0ACF9A82EF8D0AAC322C0F3A5918EB876EC19719333B7662B81EC2D,2026-08-13T17:38:50.824856+00:00,44.43097,deepseek-v4-pro
50B20DC5085A32F7FEE1F41D30AC34765225B88D50EB28FA18A19981690EE4CA,2026-08-13T17:22:34.599277+00:00,23.916129,deepseek-v4-pro
510EFF8841C9A031BC369EF6983869D2101536DF982CC5B80700607824187B42,2026-08-13T17:40:41.314263+00:00,20.417306,deepseek-v4-pro
5121CC1163EA116204E05478338591F4B45F5C43309020622351708C6B0863D8,2026-08-13T16:33:04.952484+00:00,79.762966,deepseek-v4-pro
51358C5797DAAF23B3BF1EA387807326E98FD248437A845F4CF0D1CE862172EE,2026-08-13T17:15:53.743730+00:00,55.075553,deepseek-v4-pro
5159D2C2310A05A9C70B52F54A6E81115C54D29547FF58165A37949D11941105,2026-08-13T17:24:13.853900+00:00,23.71861,deepseek-v4-pro
516CD35DAC85B7B6FB4E24DCA0AEF946AFCE86A20B8E259889B908255235C29E,2026-08-13T17:18:48.533711+00:00,22.404539,deepseek-v4-pro
517FC19987C653B56E13FE1E63754A8FB15D7AD53ED9354E9802144F3D74969C,2026-08-13T17:05:54.834235+00:00,28.493178,deepseek-v4-pro
5185E19819A0EF6D74FC46BDB003937EAB5AD0779F5852D8211AB90CF0BF46B3,2026-08-13T16:15:27.998941+00:00,41.445238,deepseek-v4-pro
51B0367D2174FAD1A035160A66489860589EA030BF01055A7E6A99077E6E9B0C,2026-08-13T16:26:03.456197+00:00,44.276767,deepseek-v4-pro
51B3FF0C06DE9AA3DC3E8ED50D429A2B7B0B6995F075A815354EC220F506DDC5,2026-08-13T17:43:02.032317+00:00,44.130039,deepseek-v4-pro
51EA21C91B078F25E746C0401DF886868E0A727472AD66433FADE70B0237A260,2026-08-13T16:31:02.653820+00:00,67.68319,deepseek-v4-pro
520B632C4C918238F312CCA104059F842C656D0E8A06AA9CC5CDE90152288287,2026-08-13T17:14:02.280082+00:00,40.789737,deepseek-v4-pro
52288D30E580803335385B84C9F79745B1C99C76A482D538CA820B37A6A7457E,2026-08-13T17:27:41.167040+00:00,56.583758,deepseek-v4-pro
522BE210A38FDF9859F9DE16A7BB521E801199B9C711CC4D4E62079ED96FBE9C,2026-08-13T16:41:34.887093+00:00,25.795173,deepseek-v4-pro
524B0E2B6FD3BC6BE2596D939CE84677D18D9683C40E104B7C50387272E3411B,2026-08-13T16:45:16.184080+00:00,37.622291,deepseek-v4-pro
525F7F1C762D88404007D2FFDB394C403E9E07DBC7D9CFE442A72C9E1C84C400,2026-08-13T16:52:34.391395+00:00,38.552856,deepseek-v4-pro
5288D80D18CC845316C4EBBAA31B945F5BB12ECE22694554664CD2AF4949F314,2026-08-13T16:23:21.718516+00:00,33.974117,deepseek-v4-pro
5298922999668ECE1C6F16D238E3600E725DCA9E43CC24DDAC538A2D71478D6B,2026-08-13T16:53:22.390339+00:00,31.362763,deepseek-v4-pro
531E4CAAF20B53AFFC48F3ECC67EB4372EED67AF0F1E5DA6C1E6A3885063A080,2026-08-13T16:24:47.083168+00:00,43.700115,deepseek-v4-pro
534E594C0749264EBC5AEE32A3DAA5BC9E3E66A29DC978891CF6732B1BBADF0B,2026-08-13T16:52:26.614196+00:00,63.806756,deepseek-v4-pro
53599190F40CD189C132AC5F7E8D4A5F32E0412316488A21EEEFF6A68C06C66E,2026-08-13T17:47:19.788868+00:00,36.403999,deepseek-v4-pro
53692D42AEB809BF3A5BFCBFE3C659EA9D54EFECB1B523AB428340CDBDE493BA,2026-08-13T16:23:21.359765+00:00,33.637573,deepseek-v4-pro
537A03DE2585777C5B320D6DECDA7D35989E16B60DC281CCC3E110BB97C217A0,2026-08-13T15:53:39.812328+00:00,25.988866,deepseek-v4-pro
539BD508E631777B57F553DE66C7904CA6E8B7727C87B60380F9F8FEEF73DD94,2026-08-13T17:31:54.244556+00:00,41.854917,deepseek-v4-pro
53E430D24BC60F01520198163A6B1C5A701BCA8B061105A57C3547FA41DF6001,2026-08-13T17:45:18.683679+00:00,34.356181,deepseek-v4-pro
53FC23E6817513F571F53F081305E9286BD27390A1D870066073C002103F0A49,2026-08-13T17:20:44.231430+00:00,39.480102,deepseek-v4-pro
5410BF007D4E6CDAD54BB4B693152F59A671A2F67C39B15E96C6C26F5308A6E4,2026-08-13T15:59:31.806679+00:00,17.529222,deepseek-v4-pro
54214B85D18F85CEF4CC502C21DCDDABBA99650BA7EB3E149BF0384BDB2BC52A,2026-08-13T16:50:07.331767+00:00,36.456487,deepseek-v4-pro
542ED5C96AE05B09FD6951A21302214B03D5D9ADED7C76624A96872DCBBE6F46,2026-08-13T17:52:50.883764+00:00,36.647569,deepseek-v4-pro
5435AD5B2F15771741C313041A6CADAF2F0B0979A25CA3E4870E0841B778B49A,2026-08-13T17:18:26.838725+00:00,40.449437,deepseek-v4-pro
544EEB94953A52F97759AE91D0EC178E5CA6F749446BEDC252B33C492AE7A495,2026-08-13T16:44:42.616593+00:00,23.015399,deepseek-v4-pro
54518F52695A31B9B5171D37463ECC4C762CAB69F13BBA0D94F26FA74B7818B2,2026-08-13T16:31:34.917269+00:00,32.252341,deepseek-v4-pro
5456A117063013E58B5CAA6458E6507DB13D2C7693458B9F01D4F77C6827484C,2026-08-13T16:51:55.826932+00:00,43.225064,deepseek-v4-pro
5465C310CCB26B928F8A051E1D7CA26411BAF4ABB9C9191C5DF99E4C304678B7,2026-08-13T17:47:27.951794+00:00,29.332205,deepseek-v4-pro
548C01B21A07B25E04056FFF4813EFE4A3C75591D0C68132AFFE06CDDD1BF1A1,2026-08-13T16:25:56.408186+00:00,62.110773,deepseek-v4-pro
54983AE0E2D1A503CB6BECDA7784C9CE2DDCB4523D65821335EAA273B3582F5E,2026-08-13T16:38:57.697201+00:00,26.434951,deepseek-v4-pro
54C4441F14BC1EB5CBC4B1D203317BA733BDD4C75F038A0549867686DA9126AD,2026-08-13T17:12:08.186416+00:00,36.16416,deepseek-v4-pro
54CFC355455C8DAAF1C176C2692530A82F7698B413D88D8331BCBC50AE0F24F4,2026-08-13T17:42:04.115476+00:00,36.197714,deepseek-v4-pro
555469E5F93DDF47334DCE643157263B03A4B4056C803D7CF27C93241806CCC1,2026-08-13T16:41:04.350476+00:00,38.850509,deepseek-v4-pro
555C674FEE076E0AFE8282D6887844E887FEA77C6F14F2EB32649B6762531A3C,2026-08-13T17:02:43.598616+00:00,36.836469,deepseek-v4-pro
55608E6B6E71A66AD5CFD3CEDFE59D8249B16D883BEEBE5C64B02262E8908DC9,2026-08-13T17:24:44.070447+00:00,48.70651,deepseek-v4-pro
55627298589250DDEA682D309BCAD40176AF5BD1233D1C5064091BDAEBC6152B,2026-08-13T15:53:27.520144+00:00,47.408611,deepseek-v4-pro
55C50B027C270AFBBEFDAE9E506ADEE317116B859A7625D196EF0E90850FB102,2026-08-13T17:41:32.622662+00:00,13.63783,deepseek-v4-pro
55DB4E4159D52D3CC139FB43714A063038DD8F92E262AD00CDBAE6F70F850ECB,2026-08-13T17:13:39.040456+00:00,37.194973,deepseek-v4-pro
55F6299FCE5906969307B3AAB6C676B81677F25FA91291CB3E736B6BF1D42165,2026-08-13T16:53:06.030609+00:00,39.618642,deepseek-v4-pro
5606DEA15C363B0656CE4FCB1F422EFDED6884EAA2EF53BF3381586F026D0F4B,2026-08-13T17:45:17.631317+00:00,33.272559,deepseek-v4-pro
560730525A1EEE48D8C6786A853675B652A8BFF9C2B004E8209BB5FF2F14D0B8,2026-08-13T16:26:53.469181+00:00,26.308494,deepseek-v4-pro
5612A383B1892C81B8380A7C8756C48493E3AEB06BC731D91CB12F31941E3514,2026-08-13T15:56:35.890829+00:00,43.98777,deepseek-v4-pro
5618993528E360A38962D8F913D6125A77B4970C6D21447ACDAD5ABDE32105F1,2026-08-13T17:43:47.339744+00:00,28.547789,deepseek-v4-pro
567BEB12AB85E31B7EB4DD3FAB707FB9FC4DFDB412D19AF492C45BB8FCFFF061,2026-08-13T17:13:39.372412+00:00,40.003526,deepseek-v4-pro
5695E0B08AD8A64616270D54CEF54DC01560A34F1ED63869D50C5657957F6C7D,2026-08-14T03:11:29.079492+00:00,591.12735,deepseek-v4-pro
569A88085708E3DD6BB1FCD3F37EA8CC5CF3F792A4B2B1EA0DC62BF57B58A0C2,2026-08-13T17:21:20.919390+00:00,59.800269,deepseek-v4-pro
56A909F1C817576683FB611ABD5A78CA584F0A7A8EDF7C5DE4EFA63EAA3D4D22,2026-08-13T15:54:52.538444+00:00,16.934214,deepseek-v4-pro
56AE6BD350A0147294FE9B3BA4DCD52F7FB81A0851F393359F06BB3D484F88B6,2026-08-13T17:43:59.344213+00:00,22.031988,deepseek-v4-pro
56B57898337B178398DBDC1B83DE9519E940893AA48C9264FD2CABB58D722A01,2026-08-13T16:27:08.028896+00:00,29.422963,deepseek-v4-pro
57693C4A4550E9A8FB74607C5027A83354D044C6FB4259E5B1B9E55AD7AEC70B,2026-08-13T16:30:40.181957+00:00,45.387332,deepseek-v4-pro
5773FD5F2C36406FC552E11D35C77FEE6E02926985CEC7660F20655E3025F06B,2026-08-13T17:36:18.353106+00:00,29.510971,deepseek-v4-pro
5799871698B9485D91B153E9F4EA020AECBAC890F54736E54E66CB2FBFB94F7D,2026-08-13T16:38:01.844562+00:00,38.91113,deepseek-v4-pro
57A89080A0B0E9389B0F8C52932F3115BDBECAA792C2C7984C76EDAA6331F48E,2026-08-13T17:03:31.380436+00:00,43.784284,deepseek-v4-pro
57BADBB55DBEC467DFEE49BFCC4AF32C4BB9A4C71578C57FE08BC6DB2031BC03,2026-08-13T17:51:11.224442+00:00,32.754203,deepseek-v4-pro
57BB7B3DC6DC3F6313BBC599A455B3D730D42E759B1EE9EA4CBA1DF2D87BBDF2,2026-08-13T15:50:31.575618+00:00,16.476597,deepseek-v4-pro
57E068989B7ABA9EB17791036A4F52B342C3F9759034F4CEF9AB8181D55B76BE,2026-08-13T16:44:38.555395+00:00,51.596741,deepseek-v4-pro
57E2C6A68A2C4C1128EBB062EE947E2CF4D8E65B08B8F8C79A8AFEF59C7E9DFD,2026-08-13T15:54:14.055143+00:00,62.988311,deepseek-v4-pro
57FE800CCFFF140E0011650E748C45C52DFC9CABDE21019643BDFEF009B7CA68,2026-08-13T17:09:54.696761+00:00,27.801407,deepseek-v4-pro
57FEC41A6B606C27437A613CEEE8CFBD0446B57564FA19404A3D5821FE37AA81,2026-08-13T17:11:38.861442+00:00,43.7897,deepseek-v4-pro
580B1305730DDD3D1189885CD61426496B81777F7CFC76F52509FDC8BDDD0643,2026-08-13T17:30:05.652427+00:00,55.534097,deepseek-v4-pro
5819126362CB1340F2C8B62D7B880B13D5173DE3FD1A63D185AB2A62ECA736D0,2026-08-13T16:54:49.374758+00:00,25.692445,deepseek-v4-pro
587A0F70C37501448E9F087DB7A305E5E025241E6AC56982084BA13029C726A4,2026-08-13T17:24:56.906211+00:00,37.957507,deepseek-v4-pro
58C83CD173B776759B43BD15EE54702C3CBD19DE419EFAFF2E62E110B35A5BE2,2026-08-13T17:06:41.058927+00:00,21.320297,deepseek-v4-pro
58D67DC0D25167D326B546B894312A1B66119D16C512E32DDE9E0607FE0F8BC2,2026-08-13T17:08:58.641316+00:00,24.813511,deepseek-v4-pro
590761FAB8A7C53B68C46126411865678F6A1C3095BFDBA6903200C682372135,2026-08-13T17:45:15.983813+00:00,38.990584,deepseek-v4-pro
5933DDC72A1E424B615B998A43ECE2C4607B7084F27A28D5DA8551B128E977CC,2026-08-13T16:38:26.232619+00:00,53.570325,deepseek-v4-pro
5971A80E5C5BFE59B5E85F39BC799DE7247B91F834FE474BF4D6C9AA7ABBABDB,2026-08-13T16:47:25.770755+00:00,29.128464,deepseek-v4-pro
598DCC2F0A9D6106E21D0039B189AF6263A84310E70F77B748024B49602D8055,2026-08-13T17:34:09.173446+00:00,39.477652,deepseek-v4-pro
598EFB65B200E1A2FAA2CA7F854900E27FFCA9C8AF0AE0BA88285A43C73BCAD0,2026-08-13T16:00:14.857059+00:00,43.046367,deepseek-v4-pro
59BF92BE86DA5302359F56A2EE7F7850F17FDFAEA5FC14BDB1857B4C2C7F58ED,2026-08-13T17:33:08.069725+00:00,24.736422,deepseek-v4-pro
59DD24DBCBB4DD2C3E774FBD778E002B99345BC629ACCFF9CA626151317B415E,2026-08-13T16:56:17.420026+00:00,63.739359,deepseek-v4-pro
59EF84F8E5EFBA66CBF70DAAD233E13264A3E2284296D7C4B09E5A77D2D53FC7,2026-08-13T17:29:23.440256+00:00,40.063369,deepseek-v4-pro
59F1EBA3A8663999A91B11C551A3BC1898C66A2824FCCF116D0668C6D6534AD3,2026-08-13T17:25:42.008123+00:00,27.760551,deepseek-v4-pro
5A21A83CF3B220C408FFA93177936C4DB40618D4C2FD9497BC1C026AFD0EBB96,2026-08-13T17:01:26.129717+00:00,47.140525,deepseek-v4-pro
5A60F8F55FF71CA502BFA140FFDC100F59532A6BF13C514641EF8CF07802589F,2026-08-13T16:28:00.538119+00:00,56.556018,deepseek-v4-pro
5A6C703A8791BE9BBE16F73DC55389DC96C17E7682B44F5BD65FF1C850AF404D,2026-08-13T17:03:44.354034+00:00,63.98969,deepseek-v4-pro
5A8B183F50DB662C97929C162C9DB9EC31FA3EA3B62C9A5B0AF4F0542F6CF107,2026-08-13T16:50:01.930275+00:00,23.945866,deepseek-v4-pro
5AA1E73BCFC44BE9024C6669E933C529AB189F7A8C35DDCA0EC924DB5D81E3D6,2026-08-13T16:42:08.694428+00:00,42.10386,deepseek-v4-pro
5AA62C0A7E83851F7FC6C92BBD6B95A6A1CF652C6C32B34DA638A48F96FD35F5,2026-08-13T17:36:41.302733+00:00,47.431433,deepseek-v4-pro
5AB292F39DB5DB78A4A21759B2C63C5F3F2F2334A6BC3614534ABD82E9259CD6,2026-08-13T17:45:52.387462+00:00,23.396256,deepseek-v4-pro
5ABD1F3D3C204471027C06175CF38088574BD0680ED563E82A6F64741A63A1D1,2026-08-13T16:44:54.105935+00:00,34.978345,deepseek-v4-pro
5AE87ADC1F1D00273FF337085A945E3228B7DDB87FD120782B6044C7D3CA663A,2026-08-13T17:15:27.891145+00:00,30.172418,deepseek-v4-pro
5AEA8DD41A7D6BCCDB3D7C2B2DC6CF7E13A3C5D10819BADAC047ECB66833C8A7,2026-08-13T17:11:18.891099+00:00,53.410133,deepseek-v4-pro
5B09C8CD140A51D8DB0B82A38B76BEE712E2F8EDECE48DDDFB0B20CCD812F4D4,2026-08-13T16:38:54.134549+00:00,47.253347,deepseek-v4-pro
5B14824D172045CFF973C8590D0F22DD5072A5CA1645EFFE379B889DBDC1FB1C,2026-08-13T17:47:37.231299+00:00,17.503421,deepseek-v4-pro
5B44127C65E77522BBBC66BCFA9332D0FBFED943EFCD95A8388B1A4C3740BE00,2026-08-13T16:37:56.574688+00:00,37.431653,deepseek-v4-pro
5B7E3471175268C04C672E2CD29CA08D43D2CE15C29F57E4C01634B52ACA509F,2026-08-13T17:27:30.584942+00:00,43.024062,deepseek-v4-pro
5B8AD8E8826B825727E01D9D5E4185362A90244B1D8E3E3513626FE19989B4B6,2026-08-13T17:41:29.645295+00:00,21.169995,deepseek-v4-pro
5BA5CA511B86C1EFA1A760B6EE10213DE5221AED507CAF3D460A1B2703648131,2026-08-13T17:31:06.002612+00:00,29.614927,deepseek-v4-pro
5C04EC5EF7346FBB9490FD10984D0BE794DC57B4C5398FFBB9EBC80EA9DADBEF,2026-08-13T16:44:12.312791+00:00,40.594445,deepseek-v4-pro
5C21CDCB69A93796B3D16EEAA1771C2CFE30406B2614A23EA01DC49D93932ED9,2026-08-13T16:39:25.246613+00:00,27.815874,deepseek-v4-pro
5C47650DE01975822856CF251420FF5602CA4246ECD3E9C2122C7C3E046BF793,2026-08-13T16:55:09.489498+00:00,51.644186,deepseek-v4-pro
5C48B00F41BF0E96F460D870C2EBF4105A0D79D2CCFFE9ED8CD87719A826A3E1,2026-08-13T17:40:32.285141+00:00,55.89081,deepseek-v4-pro
5C51AC34DFDA6B5D8627778FB69A8D797B37486364C09319A6A2A9C2881AE4A3,2026-08-13T16:26:22.957850+00:00,46.117932,deepseek-v4-pro
5C9FD7CA2679CC963D1B5D45DEF2B53B9A566CDE1910AD627844E6CED3DB058D,2026-08-13T16:28:23.094469+00:00,47.772,deepseek-v4-pro
5CC78380B9CF67BA19A505B9E72F6A4EB8A7A6DFC047738C0BA4A215621F7425,2026-08-13T16:27:35.317045+00:00,27.283149,deepseek-v4-pro
5CDB0EDA467BCEBAEF49E5FF7DDA5D10DDC231E2AF8B162C5DC062C8D0E7D7F1,2026-08-13T17:40:29.064699+00:00,21.452339,deepseek-v4-pro
5D018F80AD51337BEA9D4FCFC87F4F3E4E6C77B0888ECA6E3DC1A2C41FC1FA49,2026-08-13T17:54:37.767455+00:00,55.443587,deepseek-v4-pro
5D142BBDBA2B9BEF221D3543EF23BF50411FA0234E3FBA46C85996A13CD3C58F,2026-08-13T17:23:32.454664+00:00,42.420708,deepseek-v4-pro
5D28F33ED46D69A9155403DC29EB05C10088A57AE5E18B44353E868BB182E0C7,2026-08-13T16:39:53.522169+00:00,23.486225,deepseek-v4-pro
5D3F47B83E6DBE2FE4614A75262852BF74C29B95BEDC4957E69ED7F3D31697CA,2026-08-13T16:27:03.976818+00:00,67.563193,deepseek-v4-pro
5D478EEC2299D5DF0F6CD95CD31A79BD078FDFEC8A41149879E5E96AD77EB7DF,2026-08-13T16:58:53.309937+00:00,63.256727,deepseek-v4-pro
5D6E309F22A65F80C3984F07DF0230DBFFA29D7BE249E9D1EA59AEA8699554FC,2026-08-13T17:38:06.382560+00:00,27.115077,deepseek-v4-pro
5D8E071EFC5CFF26B3ADA20952EB594C7EC35E07CCDF3D1830FB577F2BCC4257,2026-08-13T16:53:25.021293+00:00,28.771962,deepseek-v4-pro
5D97C198FD916E2EA5D0A3B8094F38F679054BCADB2C819CEE7329496AD63191,2026-08-13T17:42:00.975999+00:00,19.07919,deepseek-v4-pro
5DC5F1A3B275D31CA307BC485E446FE5864BFF50C4BB4C30DCF250DEDAD54F1E,2026-08-13T17:37:16.971648+00:00,20.276984,deepseek-v4-pro
5DDAAC31CCF6D3EBE05E359DD18909D9CDFFC487343033F9A3AE1FFC93A0D5FD,2026-08-13T17:28:42.298118+00:00,17.411991,deepseek-v4-pro
5E04EB62226443261D194B8BA7997F9881782A318AA3DD65C51F90459C82C2F3,2026-08-13T17:38:18.883896+00:00,25.642987,deepseek-v4-pro
5E15D030337E07A5A64AE5584FEAE9E43095BEF57AFEDCCCABCFFF98B15C62E3,2026-08-13T16:33:45.438329+00:00,49.5185,deepseek-v4-pro
5E21EFE6A06816482740548314391EF9F4090BB6D8AD86324547BBD3305A1B5C,2026-08-13T17:17:16.275195+00:00,47.839664,deepseek-v4-pro
5E325FB078514D6AECC935D879F58EDF214AA13D7FD81CF5DAD53028CE1BC8A1,2026-08-13T16:58:20.493931+00:00,36.322354,deepseek-v4-pro
5E49A69258D75A19F6D6CCB4AC03BD0431F5F3FF32E5F4166519DAD1E94FB688,2026-08-13T15:50:42.519969+00:00,27.41428,deepseek-v4-pro
5E65B99A4CD0D22E94E4211CAB1E90F939FA3213C8B5B73A04E133A854A0CB6A,2026-08-13T17:39:36.383045+00:00,32.214734,deepseek-v4-pro
5E7913E49A81888C7D8E051B8FE0CED197BE803B44DAC865CD17C76412E302E3,2026-08-13T15:52:46.219610+00:00,20.584207,deepseek-v4-pro
5E7B81FD17C3CA1983B8C8625F2D9DA37197F058A90EE289210508A34F67A841,2026-08-13T16:28:37.757145+00:00,41.370999,deepseek-v4-pro
5E8554C940E06CCFDF4F563136B93656B71FAE1A1765E5752C36E97E997E31CD,2026-08-13T15:58:17.251356+00:00,38.090903,deepseek-v4-pro
5E9B0E1787129CDEF8F7861D6E1CDD47A6D0BE6241F5941A906C746591D33DCD,2026-08-13T17:49:53.552896+00:00,34.434946,deepseek-v4-pro
5EBA83A035972CDBB00B61A34F34F57B1DE43EFE6CC05DDB3DBA47E783457D75,2026-08-13T17:18:40.689861+00:00,31.116845,deepseek-v4-pro
5ECB66CDD18E27808E307F2BE960E8809039B614560E78910473DB20009FF963,2026-08-13T16:45:12.458496+00:00,52.419782,deepseek-v4-pro
5F20FC741C9ED3C9AA86BCE9CA9BFC732F55A719E89A43DCA14061FFC897240B,2026-08-13T16:26:47.312797+00:00,47.877912,deepseek-v4-pro
5F265156A6321C6289E5E3B76578D21180F7488B7F0C29CF695C90407D6295AA,2026-08-13T17:18:26.123126+00:00,63.811908,deepseek-v4-pro
5F3180F891CFAF4BF8A54AFFEFEDFAB03258638049E4F273AA9732541A72FB11,2026-08-13T16:55:08.290175+00:00,41.144573,deepseek-v4-pro
5F3CD674D6D1471264D5CC2C2CD802DAA0712045E7EC98048AB0427A7D07D794,2026-08-13T17:03:41.834941+00:00,23.752145,deepseek-v4-pro
5F689E18B391DEE76FE92FC06DDD7C3189EC098EC91A92F4AEFAD687C68A53F0,2026-08-13T15:56:10.049318+00:00,35.985259,deepseek-v4-pro
5F792983CDA1C6AADB40C61E9EBA0507F7EFAAB6C5D5A97927BD5B4A72D2DBBE,2026-08-13T17:12:58.689397+00:00,32.60532,deepseek-v4-pro
5F7D8F72832AB64381F03A58B9FD9100DD9776AD7611B91DEAF83CC794A94A75,2026-08-13T16:42:09.170931+00:00,59.503874,deepseek-v4-pro
5FA7F78FF1C206E0BA8C621F37FBE6A538A1F7F8D1B93FEF77BE691EE3775E98,2026-08-13T16:45:38.262769+00:00,25.038494,deepseek-v4-pro
5FB854B19AB225D6AD588ACA1575C87473EDFA1956BB032388013505C462D8A8,2026-08-13T17:01:18.485583+00:00,41.492047,deepseek-v4-pro
5FE34360F682B49B453EA2AE986565FFF089A7732F8496E0C169D2FC8B4731C0,2026-08-13T15:54:04.416589+00:00,20.545127,deepseek-v4-pro
60329EC5D2E41ADBFFF1AD5C5693C8DF29C9AC88198A0B1AE7C2BBD52E145264,2026-08-13T16:53:24.541361+00:00,26.225163,deepseek-v4-pro
6061F138EDD0577C54E1CD298EC0D6F275425E0CBDCBC3A3843EF7EA3B6CF2DA,2026-08-13T15:53:13.811972+00:00,26.149901,deepseek-v4-pro
60C7B2E8EDBEF960E2E6F6B7B31223C0250E68370454A0A5C14E1700224BA5C7,2026-08-13T15:58:04.265855+00:00,32.135627,deepseek-v4-pro
60E04495A1CFD5887C8B0355CBA3E5AE5CF9F2EB6D7749D6A5DBDCE00B11DD54,2026-08-13T16:31:57.927650+00:00,25.322226,deepseek-v4-pro
612C6D8829A26A84EC1FA02C511F83022CD7E7EC59FAABE7EFB2618764FCF3D0,2026-08-13T15:56:55.053710+00:00,44.99234,deepseek-v4-pro
6150E341F1B9C593EC437868A6311ABDD276E1AFCE35AC0810297B9E9D2AA245,2026-08-13T17:49:19.113951+00:00,24.557406,deepseek-v4-pro
615AAB08E2AAE269B45F95C27E82FA03BDFB82E862B589BE931A6819D5FE2A54,2026-08-13T17:31:31.868097+00:00,44.599663,deepseek-v4-pro
6181999DD4CDC77ACDBFB0A77FDE61460ADF653C3E9D518FAC4E0952041B7251,2026-08-13T17:07:34.226933+00:00,24.29299,deepseek-v4-pro
618AAC8F8C2F04D859C3A65DF41B9D915AF3EB7A63DD4027AF600BE401F51989,2026-08-13T16:32:48.316078+00:00,50.065261,deepseek-v4-pro
61A447A9EE7A9EEF7CEB00BF2FDDA319A9F3C39CB18E7F188317E078B233778A,2026-08-13T16:27:12.945074+00:00,48.083067,deepseek-v4-pro
61C1CB173B555277D5C182155E353CBE74F13F16F1DC1DEEA8580E38FBCBE349,2026-08-14T03:19:29.397759+00:00,89.478071,deepseek-v4-pro
61CF07005D7895A7495B91972F7449BA6E26520A697A2EEE5695522201A659AC,2026-08-13T17:19:19.513946+00:00,21.642301,deepseek-v4-pro
61D858068F3AE38CF673C0CEBDF280695910FD91930DDA8FCA7932CBFF01AD13,2026-08-13T17:28:46.201093+00:00,54.649696,deepseek-v4-pro
622434DC9CA918ACBF6AC5656B20430DCF09952604352A5EE4B903D66247D630,2026-08-13T17:35:11.790497+00:00,14.473548,deepseek-v4-pro
6228177AFDB740ACA94F5DA81872A36EAE8D4FCDCFEDEE3577FBD41B7E51AB86,2026-08-13T15:50:40.799129+00:00,25.70429,deepseek-v4-pro
622EC2CE09AEF0EB1E2CAEB3AE4B79DE3009EC43416281AD552D9D38DC12AD1A,2026-08-13T17:18:08.679778+00:00,18.075093,deepseek-v4-pro
62314EF91D9A46F6E0E42CA57E80067668531BD140C00F90FC91A6328218B1D6,2026-08-13T16:42:52.186548+00:00,43.003091,deepseek-v4-pro
627589551153F37258690CC3B11523B535F6250A39AAA6711956CCA7328415E5,2026-08-13T17:11:57.546975+00:00,46.804881,deepseek-v4-pro
627BC197D753EDF5661C989F574CB24F486750E66856C84DCF39EBFD8DA6933C,2026-08-13T17:17:03.110937+00:00,53.654174,deepseek-v4-pro
62885561146667BCEC42B9B5608CCE673D3DCAC0FC5B2F89C16A86554CC82241,2026-08-13T17:32:11.583843+00:00,36.629164,deepseek-v4-pro
6289DC5B4B324D45B7A650B047EC6BF3124B3E09D192EB4ADF060F09BBA2EDF1,2026-08-13T16:42:31.024804+00:00,24.390264,deepseek-v4-pro
62ABCC4374B652F574B3DD712C5B819025299625DC6DFDECE0F3F01CE56B101B,2026-08-13T16:30:51.805798+00:00,70.968489,deepseek-v4-pro
62B418FC4862BEEC6186BDA0BF8BE57FFA0B0CF7AF86497D73689E9E811143CE,2026-08-13T16:54:34.114555+00:00,28.240918,deepseek-v4-pro
62B66F27526FE7CA8357620607853F40D03E023E5A8434303E504839843E4237,2026-08-13T16:57:54.525334+00:00,38.204185,deepseek-v4-pro
62D0A728EAC3EDE94C5105E8E6F9EF575B02B3C8C802C73BA769554BC23A835A,2026-08-13T17:38:08.011374+00:00,33.807049,deepseek-v4-pro
62EFDCCBBC69E52A54A0A2DC9A5AA23543D91A2155D6CBD3C0CE0044F55179F4,2026-08-13T16:00:10.145819+00:00,38.540194,deepseek-v4-pro
6301E0A68880936BE691AF2E258B7154600E46F7A6C2C747FC1B194448A1D727,2026-08-13T17:18:59.357121+00:00,30.108186,deepseek-v4-pro
631D0B605604994E22DF17F34B144EA84679908E21552AC2CC7DF005BEA49D01,2026-08-13T16:43:48.935784+00:00,32.476438,deepseek-v4-pro
6329AD0AF69CD8E9C13729F78FA1F506B2D629B043AAB949B1A963188E707EB8,2026-08-13T17:31:12.378414+00:00,53.673853,deepseek-v4-pro
636849A735E5CC79B43976DC969BE0AE22E46A4BB4789EAF5D1B81B8225ED58E,2026-08-13T17:26:56.614817+00:00,55.006367,deepseek-v4-pro
6377EAD0B0601E324D67F60E05ADDC4DF5D9837109E3B141DD61DE656743A198,2026-08-13T16:00:11.184028+00:00,30.023905,deepseek-v4-pro
639D09E8B297D28FDB83F5D0A8C515E8A9BD9E6C71842BACF6C26B726A968A4A,2026-08-13T17:14:49.586953+00:00,27.334854,deepseek-v4-pro
63A1B77E7A1EF0EF964BBD79185C316307A56263AAB289700631134848E33213,2026-08-13T17:26:36.647142+00:00,29.693519,deepseek-v4-pro
63B4B6BE67012301E333D954C97ED51C5C43A939FBCE6765BAC832D152B68D92,2026-08-13T17:52:14.520878+00:00,30.399865,deepseek-v4-pro
63D12C235855B00A64CB8060467E0A5EB34758DFFAFDFDE9CAFCBB612B0E2C71,2026-08-13T16:38:04.477410+00:00,38.148046,deepseek-v4-pro
63F0E6805F1741FE71151C9BB2482A17918A4E6000635B3B41FFFB6B54560EA1,2026-08-13T17:42:03.425576+00:00,17.60478,deepseek-v4-pro
6413275F0DAD1EAA8B30E8B33B431759B52C421ED27FED25DC6B3AFB185B07BD,2026-08-13T16:30:23.608737+00:00,48.014835,deepseek-v4-pro
6435E78897E2C5D87AF183E94ACAC06897F6B3BE7323A8582FB8B861929BC896,2026-08-13T16:26:32.203068+00:00,62.716877,deepseek-v4-pro
6448DDA31783F7528056CC6BB4D82E2A0B62019FD326C495B0B295F2EC25C176,2026-08-13T16:59:32.328697+00:00,44.752604,deepseek-v4-pro
644FF7EAB7160EBA0DB5BC9EAA025F67E17A276D3755F4C151A386CBF74F0EC7,2026-08-13T17:26:06.448146+00:00,44.005723,deepseek-v4-pro
64600AAD9B2F11E0398CE82D2F454F0F32630ED16949AEBC32D6A0BBEC34EBB2,2026-08-13T17:15:55.567709+00:00,48.256332,deepseek-v4-pro
64605F1F7226CA7A91E49D9F95FF1CB34D5187863BB979F74266A0FD940EF6FD,2026-08-14T03:17:06.163671+00:00,50.198099,deepseek-v4-pro
647D3B67A76B6E46369ECDF3F84841BC4D8A19B8FA5377F55D61507BE9243A60,2026-08-13T15:55:59.581091+00:00,27.939713,deepseek-v4-pro
64DBBB3A4D5ECBF6D573EEC553F8FBDFF409966DEB0AFF7EE9D21B432E6F2DBA,2026-08-13T16:58:59.663739+00:00,45.629631,deepseek-v4-pro
65248E4E15D5B4426E035425E7FFB2B2CD3FD9781644E8BE26DF6BE3FAB2D54E,2026-08-13T16:39:30.023725+00:00,28.501032,deepseek-v4-pro
65273E598FD9CC9E70E39BBE455ECC7FBB62F3F89D5EA0831F749AA133FED37D,2026-08-13T16:49:47.954743+00:00,45.285709,deepseek-v4-pro
65659E4B2DC806D9DEAE85522A4CE3AE9BE03E4410DA5FCA09B82B4EBAC64C65,2026-08-13T17:15:31.897458+00:00,44.412102,deepseek-v4-pro
656989B594A60BF59FC3838459E250240DF2B95214D118F3AE8E1506C472BCEE,2026-08-13T16:28:30.729949+00:00,49.118773,deepseek-v4-pro
6576DBBB325B48409554A0AB76C1539F69767F484FC78CB6986B0521D9287DDF,2026-08-13T17:53:13.254381+00:00,35.366459,deepseek-v4-pro
6585265F37CBB194A414899BB45C8E48B9BC265A23D4B9D5CD8901B536B688E9,2026-08-13T16:59:53.044941+00:00,25.819327,deepseek-v4-pro
65979D3CA8D6635141E6F4B35E7E0AE61D6D92821A8D6A026344233584418928,2026-08-13T15:56:20.580545+00:00,27.6464,deepseek-v4-pro
659903AF735267792AC70E958C7F20772A4CE0EDC846A480BA49C6D2E56316D9,2026-08-13T16:31:32.827384+00:00,30.093981,deepseek-v4-pro
65C654E2AFD6B9917EF0E4F1CC86113DED7F7D8BC5535E9F1170F49E8B271B3A,2026-08-13T16:45:44.053284+00:00,24.140722,deepseek-v4-pro
65CEAA9FDA5683D1D506E7F333AA73AAC9475181F3F82BD74E1E364116E8CCC2,2026-08-13T16:05:16.590177+00:00,21.107654,deepseek-v4-pro
6620030E705119676DF5F74362BFCEC753D08DD3593DABC77051EF1B0DB04D84,2026-08-13T17:06:30.275505+00:00,62.837436,deepseek-v4-pro
6620273C592791350AE3088B7E2FF25B05AF32154A95944A434F2C4085F0B622,2026-08-13T15:56:11.990116+00:00,39.190727,deepseek-v4-pro
66315DC89AA2E0AD27AD327ED608E0D21B17D03DAAAD849232230559A8ED0412,2026-08-13T16:46:00.997774+00:00,52.980614,deepseek-v4-pro
663922528E31C36AB47DF86330F33D89744B64D0C331E52F2C927F955B8427AC,2026-08-13T15:52:47.657059+00:00,55.31691,deepseek-v4-pro
66591935BBB7184B45B7B1A4B1FBDCB062C1CBF76EECCCFF4EC99A61866ED4D8,2026-08-13T17:49:40.363389+00:00,29.603468,deepseek-v4-pro
6682D4692CDB917FFB4A3083EA1AA5C8B428DAABACB86A6BD5ECF97F1DCD4C0D,2026-08-13T16:29:45.563840+00:00,44.184629,deepseek-v4-pro
66B0254718CFBD4CA077AFDB501ACCB2E8DA87F981E16669A867E8FBC2EA9B77,2026-08-13T16:36:40.171201+00:00,34.424599,deepseek-v4-pro
66D1742257FB8C9DCDC58920504FF37B5854FBF70EF665317BB7511A86155412,2026-08-13T16:37:55.083136+00:00,18.311608,deepseek-v4-pro
66D7A5487E9318F2418E9FABD72D4D26D3332061763AC073BD6A88F3F6B03ADE,2026-08-13T16:04:48.130452+00:00,277.631792,deepseek-v4-pro
671107706107B8B49EBCED4BE05B091754838AE5AB57405DEA8EED51B37023F0,2026-08-13T16:39:22.881873+00:00,28.741476,deepseek-v4-pro
6716D678C2D4783F2ED66C2783720459A91DD522AD99569CBFDED79001DCC078,2026-08-13T15:59:14.265190+00:00,30.789959,deepseek-v4-pro
67226842F1A2DB765104657ED7F11C24755726A7884654E5399AB32F77E4299A,2026-08-13T17:17:46.383736+00:00,30.621644,deepseek-v4-pro
6733E22EACE6F254654E94C56CA7102A2941406ECA6CA63FC0D847F98602CDD9,2026-08-13T17:14:03.268266+00:00,23.889585,deepseek-v4-pro
676133D8E460460C7B5D807099C42752A38B26FB5F306E65DB37D49424E86BF5,2026-08-13T17:14:00.351969+00:00,45.909847,deepseek-v4-pro
677B27BD425E26B1B89C745F2EB7276CE41404F28606523477EFB9DA9780D83D,2026-08-13T17:00:17.991443+00:00,45.22927,deepseek-v4-pro
67970098649D67B5411CD5917CA3B9FE55D129A8064D5FE6D8A7D764DADC4DEC,2026-08-13T17:25:47.949247+00:00,45.369432,deepseek-v4-pro
67BA730FA0451A188A7EFE3D4EAECC496C6951AA84170B25A194B0CACA85CE72,2026-08-13T16:33:21.773077+00:00,42.040625,deepseek-v4-pro
67BB8CCC4BB53FBD8ADC463379879DA3168333ABA502BFDA3E530659A0F128CB,2026-08-13T16:25:22.972696+00:00,53.52293,deepseek-v4-pro
6823039D7FC8B1989A041A77E43F8CF036417A591D25F5787A3459AAEBA1A14C,2026-08-13T17:02:46.993468+00:00,35.713048,deepseek-v4-pro
6838E93F1092D99F4D8D6938B7944573813404C61FD79B18321C2593DAED6561,2026-08-13T17:29:17.419096+00:00,52.746236,deepseek-v4-pro
6852D4FA7DA9079A06D799C2FF9550BC0F085F9694505EBFAB961BE2CDF51245,2026-08-13T17:14:57.713737+00:00,55.42127,deepseek-v4-pro
6892E74133B2277B06BBD4B4BCEE74158DD37F59BEB24A3138284CEC6C51D11D,2026-08-13T16:50:25.277170+00:00,50.690696,deepseek-v4-pro
68AFC38885EDC339281B9BC2667C1B8D4B6503F8BC8B1EF18BDF6C8257090791,2026-08-13T15:54:11.090792+00:00,37.163407,deepseek-v4-pro
68C3F83432DE365D71242BC735841385777866BC57DF188D8A42CC3A48DEF869,2026-08-13T16:39:24.004297+00:00,32.811902,deepseek-v4-pro
68C631902A06EDCF77757CA308EB1526F8994111F71EA6A021578F29C8F27EE6,2026-08-13T17:41:46.704472+00:00,22.409255,deepseek-v4-pro
68D3B8A5287F2BD440F3B45945E729794742BFDBD6BAC52EA0CE929920872525,2026-08-13T17:20:59.050225+00:00,24.171246,deepseek-v4-pro
68E98809AACECD405714F90304CD978021A37D75AC6F0CFC1AB1B25405085CD4,2026-08-13T16:57:04.824262+00:00,78.604033,deepseek-v4-pro
68FBF5726D488B44A330C4490E6FF50DA3FEB34BB54C32B656BC4EF67A888084,2026-08-13T16:48:50.308453+00:00,41.610072,deepseek-v4-pro
6924763EC83EEA2A869AD2CD05694B136DACFDB729B2659CD2961F489C3526A5,2026-08-13T17:21:14.875357+00:00,31.614646,deepseek-v4-pro
69375553EE0EE7E307D06A2F294D40E0EE51F0594AE5DD874072BD248B9F9991,2026-08-13T17:11:13.840901+00:00,27.272314,deepseek-v4-pro
697722488887E5F933EC6F94FBF1DDED60FF10A552CC67AB4288FD6631A7CE47,2026-08-13T16:54:22.812999+00:00,50.218829,deepseek-v4-pro
698240242C492A372416C7981348C01159470BDCC94609430ADB6CC507E7D4FB,2026-08-13T17:23:30.615420+00:00,46.60824,deepseek-v4-pro
69A2CBD3705FCDFB13F65FE6FC10DC31B8E96AB344688C9AC3FB9BF242D113B9,2026-08-13T17:27:45.242750+00:00,39.280126,deepseek-v4-pro
69AE4BE6056F59C30BA1FE4FDC1C3254054A70414C815C0B6126D8AAD5102914,2026-08-13T17:10:24.093076+00:00,34.688954,deepseek-v4-pro
69DC06D3C375F06CE927FC4303B2839CE657DBC08BD6F0D7DC46BD8B6CBC3457,2026-08-13T15:56:52.059492+00:00,31.473947,deepseek-v4-pro
6A152880D6B6E7CD641FDCEB61AEABAA12F2A07F29A08E1843843C2FC441A760,2026-08-13T17:54:43.037676+00:00,63.53168,deepseek-v4-pro
6A19ED859639AB7FD075EB0F0178833C32619EEFE8BEB1E21A5EA00F22E44E88,2026-08-13T17:13:16.652537+00:00,26.351424,deepseek-v4-pro
6A1E03F2EE161C55CCC00336800FD10DC7923F8E7C3E890FC087957CEDCC4D23,2026-08-13T16:49:40.353543+00:00,33.318788,deepseek-v4-pro
6A47165F0BF5AC02BC4A390DACADEA801944DB262CC2AA196EDF95AD24B1E10F,2026-08-13T17:40:35.398638+00:00,48.884994,deepseek-v4-pro
6A58B47F7F714E117CB787A4EE3AA015824C49B2B1F0F1A1124132BCFA2A19A7,2026-08-13T16:48:26.311024+00:00,38.640019,deepseek-v4-pro
6A5B059D2DF8885B1CEF9BA92E0D552F2E465382E79590F59493BEAE24C98F3C,2026-08-13T17:44:34.776854+00:00,61.345811,deepseek-v4-pro
6AFC5063D2E0117B14A163E6D211F76A30317D32712F624CB8606B382CDF955A,2026-08-13T17:18:19.578939+00:00,30.424528,deepseek-v4-pro
6B047468341DD6A89DAD89C32563E5B77025E51F7BBA879CD0585BD01EB123CF,2026-08-13T17:08:19.801108+00:00,30.719617,deepseek-v4-pro
6B080553DEFBD7C987F31AA1DFCE624E2EEAD7367C1835DE8DB25E9F41BDB0CC,2026-08-13T17:16:04.725839+00:00,43.317373,deepseek-v4-pro
6B114DE49FFC902738B70EFD8B198E44AA7681D66B87E6A70FB2265368697C75,2026-08-13T16:38:12.647044+00:00,25.866806,deepseek-v4-pro
6B201735C69CBD731FA6F108A181CE7484F4E68B9A5F7E2870737DC5596CD990,2026-08-13T16:29:33.319436+00:00,41.33308,deepseek-v4-pro
6B2668E6CFC34ABA54A676EB7B8397B855BD317327776A1A23FE263846399A48,2026-08-13T15:57:39.155264+00:00,31.765784,deepseek-v4-pro
6B2C9AE931D9371C56CCF7862A3383E6ABB7694F5E56A73AB1F889832DF5D0EC,2026-08-13T16:54:47.480994+00:00,32.119865,deepseek-v4-pro
6B4491D3C6929C84A3063AF2D3C35BD260749DC096A2A17D8345F13018E7069F,2026-08-13T16:25:21.662243+00:00,37.655917,deepseek-v4-pro
6B4DB176E6D03E05503723381E9C998AF0A3BB5DA0698A5098DF0EA1AF75AFF9,2026-08-13T17:04:54.414984+00:00,40.89561,deepseek-v4-pro
6B66D14B9403B6C162DECF41659F4BC3E5E03242BB5B611E7AA7073032000B11,2026-08-13T17:34:44.494085+00:00,28.02089,deepseek-v4-pro
6BA3E1CE035AACC63A4DBEB47C43CF1BF9FBB03CC3F631191A1AA84C2E132C36,2026-08-13T17:23:25.582671+00:00,19.643674,deepseek-v4-pro
6BEE8FF7FB7194691A4BF7B5CE4BB9CD4112A7297214E76EA34341C0EC01E328,2026-08-13T15:56:47.778727+00:00,15.854279,deepseek-v4-pro
6C11219C37CEC99B3538F011CF36DF73DA4B3CC9E0C59FE15CD19AEF2B030157,2026-08-13T17:53:14.680433+00:00,36.545068,deepseek-v4-pro
6C55A6AF31ADB5E7C5F46C3C9E4E87DEAA30060A8E840F972178DF31B1C247DA,2026-08-13T17:34:49.329011+00:00,37.920105,deepseek-v4-pro
6C5C455E7E0100EBF1B5BC4FD26695F8FF894C8686B067283E8BC47D7ED087D1,2026-08-13T16:39:00.529683+00:00,41.326015,deepseek-v4-pro
6C7064C452766C8CB74F92956E864786DFCC41409524F1472397D23135A24427,2026-08-13T15:56:59.564270+00:00,37.388658,deepseek-v4-pro
6C85B061D5F4B14DCC5F428DA32C283FD33BC242BCFAE92D9BCF94CE2688AE3F,2026-08-13T17:01:27.610781+00:00,36.751498,deepseek-v4-pro
6CB4793EA7401F5B45B3D3F1A5589E6B5098F68F1D2BD4E8DF69BDB2BE223522,2026-08-13T17:52:41.839997+00:00,27.313578,deepseek-v4-pro
6CB8B89279A94ED7E7D0BD76197C70A455FD5A6BAF5BC4B5736EEB23059AA9F9,2026-08-13T17:27:18.201726+00:00,24.475965,deepseek-v4-pro
6CE310AB5BA59C714126D3B5C360AB4370322A1FCB08EB50E1014BE5EF8984CB,2026-08-13T17:43:22.494239+00:00,31.400398,deepseek-v4-pro
6CECB7E25281CEFC8ED1B6A4CB541A03667904E1B3D2CF14A7AA3444A260DFA4,2026-08-13T17:45:05.718470+00:00,36.715904,deepseek-v4-pro
6D0E66F5FF4C51AFD5E5876D43868C781CF9C8481462C126355D6362CB93B084,2026-08-13T17:45:42.335391+00:00,36.610923,deepseek-v4-pro
6D2793CB16089422E59EB0C33F78A881F451132CF4DDC6AE5C80CA00581C4F42,2026-08-13T16:55:13.674394+00:00,26.189172,deepseek-v4-pro
6D41DE93118A6FBE87280519A592F8237DC00DBC1BD1A3A8D44C51C5F39D1C01,2026-08-13T17:35:54.781259+00:00,52.292276,deepseek-v4-pro
6D45F5CBD7C8DA456EDBC238B4E6BB87C5042BD30C99504141DF49E7C0A771DA,2026-08-13T16:37:04.555003+00:00,60.387504,deepseek-v4-pro
6D83621A5217CA01D4F9183012D66C3CD52CEDC6C6AD1C5A0ABC0DFEE3DBA8DA,2026-08-13T17:39:32.220331+00:00,19.739627,deepseek-v4-pro
6DB7A520C2FF16C3A1CAD10E5808009DADEA13E69C83183CC03EE51F4BA9057C,2026-08-13T17:41:24.290125+00:00,34.051132,deepseek-v4-pro
6DDD1B1CC7BFC7117B93FB4BEC5EC4F4C270500CA6B33F27423697BEAD69D8B0,2026-08-13T15:58:23.412724+00:00,33.241967,deepseek-v4-pro
6DE33A1136867938B6B5A1E83A9DC77A3122223BAFBCA73E6A83608637436511,2026-08-13T16:33:53.029830+00:00,31.246162,deepseek-v4-pro
6DFC9C1E2EB0468F35E32AB5AC090652B7AA32650B13F17271FBED2AF525B1B8,2026-08-13T16:42:50.597807+00:00,34.82467,deepseek-v4-pro
6E2E6B8828533B88B8445A5FD92968977E1122412AA09EC3A6782E4EE7583776,2026-08-13T17:11:14.944914+00:00,37.143643,deepseek-v4-pro
6E3276F4122F7EFDD9E6D52440627920E680B2622D9DB133A19C37F2F1E12522,2026-08-13T17:16:28.429523+00:00,34.679753,deepseek-v4-pro
6E457755E4102F433DC62AA71EF28387BC67908AA0FE02E0EB313898FBB884AE,2026-08-13T16:47:52.324722+00:00,35.32912,deepseek-v4-pro
6E726108FE1C27B8089E6CEC6728FFE8BF0B35EEF153839D1F7CB10E3E77C709,2026-08-13T16:31:12.517566+00:00,46.352861,deepseek-v4-pro
6E7D7C89911273E8319B6F17D990E45D1CF62B42F68E557E109C075484FE20C0,2026-08-13T15:59:50.410633+00:00,23.789587,deepseek-v4-pro
6EC89A678C8515ED7EA2BCAE6826F400F0DCCB8A5A7EC9C553924B2A0DF9941A,2026-08-13T16:04:53.784131+00:00,283.624892,deepseek-v4-pro
6F1B05D9A5F91ABC9F586609AA258A6CF0095813BDF17AB1FFC1E7810B4B3D1A,2026-08-13T16:49:34.580949+00:00,44.729388,deepseek-v4-pro
6F521F1EAA16FDEB548DCCD644BAD4B8B46ACB3B0512B403D1C8B5E152F46D8B,2026-08-13T15:56:20.627839+00:00,29.147981,deepseek-v4-pro
6F52A9412374ABD9963725B482B79DFDD1FDD1E1FFB8680B2701315E7BD9FFB4,2026-08-13T17:17:17.182209+00:00,45.352576,deepseek-v4-pro
6F6D6EC1EFF10698063EB71FC47599FE31EADD0B4D819D2FFACBC4B1F235FD5E,2026-08-13T17:16:31.818137+00:00,27.080721,deepseek-v4-pro
6F733F4B334EE82A566529F32D7E670A830D4AD8CAD0D0FD99DCD2FDAFD59786,2026-08-13T17:37:34.199474+00:00,30.979268,deepseek-v4-pro
6FB264240C2D03D9D8D174F7A32522DE86E756DAD9E68EB6A6A42B4E018C74E8,2026-08-13T16:57:28.278777+00:00,27.259126,deepseek-v4-pro
6FBA7D47E09B70D4E50E77D19BEFA6E9ADF435DE0DF8726B0D55B6512F05E766,2026-08-14T03:16:00.042730+00:00,48.166267,deepseek-v4-pro
6FD0313B297FE81B3636CCC64ED7FC05B296218191EBB62F4CFFA69D41592E05,2026-08-13T17:32:43.064936+00:00,19.969081,deepseek-v4-pro
6FDF1E5089D15CA729C93AB122ECBFCC9AC278B0BD18E29BB9CAFD8FA7C2EEBC,2026-08-13T16:38:49.669258+00:00,30.482023,deepseek-v4-pro
700B9ED6C67E855E9A5593BACD0D3D8B3BD63DE08E7A047E6831C8181417E188,2026-08-13T16:51:12.596187+00:00,43.482297,deepseek-v4-pro
702807AA6587A85FF6E5BD520648F8BED5A0F2AE112F70765C996460526BF524,2026-08-13T16:24:11.179575+00:00,49.814302,deepseek-v4-pro
7029230B1E2651643876EA4F24E616A10AC28CEB4FD7083CE7933E2369FE0441,2026-08-13T16:39:31.625653+00:00,37.482545,deepseek-v4-pro
70378386E9FBF176DB84EF5A55780E41A0052D5968C27A881D63798BE6465F4B,2026-08-13T16:34:50.498853+00:00,24.824202,deepseek-v4-pro
7060C4BA8E44F461D9EBD5DDBC8538359F99AF30AD6F4E8044393CCE239C1E52,2026-08-13T17:38:53.369084+00:00,21.703814,deepseek-v4-pro
70A900C7AE5D904FE476FD7C94C6BE714C2BCBE5909E369BACDF3CC29B720FDC,2026-08-13T16:30:27.594373+00:00,27.977783,deepseek-v4-pro
70D9E122B77261CFCA8684665993AA85D1828FA90CD5746F3EDF6A43A79F0458,2026-08-13T17:52:14.230698+00:00,39.241126,deepseek-v4-pro
710EAA9CEC987CCC2E446D6C03341F5235E89F216D7C31335765E366550A395A,2026-08-13T16:49:09.287895+00:00,56.173901,deepseek-v4-pro
7119286A6535F5F3136A0AE37DE616822AC3221EAFA37BC0E782542C4522150F,2026-08-13T15:55:25.811831+00:00,18.241737,deepseek-v4-pro
712AD630352E8786CE531E2219CBADEDAB16BDD8103C9E140E7236CD38E1730E,2026-08-13T17:02:29.168564+00:00,37.00067,deepseek-v4-pro
7131A77FAA5840DDA5003D1A242166923F30F28A0EF5B57E9DD1FBDF15A850C3,2026-08-13T16:43:36.551537+00:00,44.360479,deepseek-v4-pro
713CEFF73AC5DEAEEB03B54EA5E28446C04702198E66181AE9341295D689B30B,2026-08-13T17:44:36.987013+00:00,46.774694,deepseek-v4-pro
7141382DA7A295ADCBD52C452566F62FDDB10F5EA02AD5A65D0440E95045167D,2026-08-13T17:17:15.750706+00:00,49.882954,deepseek-v4-pro
715097D6D7BBD81D5078BD48C9C7CD5CEA7331FEEE039FDED7CD04D7E4BABCB4,2026-08-13T15:53:48.731533+00:00,30.340798,deepseek-v4-pro
7172A61DD1FA5460E11CAC92974F640997604ECC8B0569064C226255D65C6BB4,2026-08-13T17:24:48.546359+00:00,19.456022,deepseek-v4-pro
7183072F58E7D4487BD9C291660D5C79B5492A75D18B7E3AE683CC075FC567D1,2026-08-13T17:19:40.271029+00:00,30.96306,deepseek-v4-pro
718A8D43779D91610050AED156FCE9047F1D395BEEF7441184ECD3F62BA0CA42,2026-08-13T16:55:31.751604+00:00,23.455667,deepseek-v4-pro
71993E77363A59EA78256A0D3BE04D3EBD08E0A5CECFDD295B01B0E8495E7E85,2026-08-13T17:20:35.305195+00:00,42.56982,deepseek-v4-pro
71B11F786C4D21E2384E9DCB53ADE38BB19020D1D3FAE3C8770F324F3D842FE8,2026-08-13T16:36:06.711829+00:00,30.516511,deepseek-v4-pro
71C5D3FF7FBC39097CACD5357391BC983BDFBE64DAAF92C0A0282801A0EB3860,2026-08-13T17:03:25.472876+00:00,41.868233,deepseek-v4-pro
7244FAB7C1DB0A5AFACC82F1C6B2635CB210389A384C4C010B0E75A4F264A9ED,2026-08-13T17:28:43.365156+00:00,42.055823,deepseek-v4-pro
72603153794964C42EEF79E54630003CBF74CE9BD0ADB97D8FC257A78932FCF8,2026-08-13T17:33:31.304932+00:00,40.920798,deepseek-v4-pro
72C372826890070F89626B3F2000E403C1CBB04736805C0AB72B6B4BBA028AAB,2026-08-13T17:50:15.436406+00:00,37.297104,deepseek-v4-pro
72D2ED9D63B489877A5E2CA34B94EE08C5D8729B32E99EAAC23263EEF2D570A1,2026-08-13T17:46:11.209872+00:00,23.977181,deepseek-v4-pro
72E9CB6A0A4756A8A1109639E4DD3DBD9A94D40676CCDD873139C7918CA9CFF7,2026-08-13T16:31:45.184516+00:00,64.996451,deepseek-v4-pro
7351F35507F55AA33CDD4EFA03BF9EE3471EA0575FB83F3A01036E8C6B8965F6,2026-08-13T16:29:06.055696+00:00,22.526581,deepseek-v4-pro
73A99E05C1D0185469FB901E1E176B549DE622C85762AA5A77BC4E7C1D3D368F,2026-08-13T16:04:55.695120+00:00,279.671092,deepseek-v4-pro
73AF0CDDE8E9324888003682A31FB2AD5861380AA807A649D854959FB81C731F,2026-08-13T17:04:52.261984+00:00,54.188337,deepseek-v4-pro
73D6DF4B88C6CA45B23E7A2C484C4FFEAFDFDE6FDEF32A40CB41B280FE40515C,2026-08-13T17:00:38.984382+00:00,28.417505,deepseek-v4-pro
73E9B7A88503DC45C09E755E4B41E374E958EF20F0E6FC08B4FD833588995A09,2026-08-13T16:34:21.617453+00:00,22.87718,deepseek-v4-pro
73F6B1D9EDB7A569588440D82A6BA8B70EDFD0E27FB733104E1B1C494271AFD2,2026-08-13T16:35:06.438528+00:00,40.824036,deepseek-v4-pro
740DFF1FEF90B07C1EAA986D8743E42CFAEDEF81C1EC59EF2BBEA38BC49D55FD,2026-08-13T16:46:48.635755+00:00,24.995498,deepseek-v4-pro
740F8DB507864AE334CB533A7E55029F4685B75551FC3ACF9BCBA13791088778,2026-08-13T17:45:55.300240+00:00,39.513814,deepseek-v4-pro
749A2C1535978420272018AB5BA1A0810CA2DA93C7E05A5D8F432294B40815BB,2026-08-13T17:06:56.390309+00:00,29.301461,deepseek-v4-pro
74B4DAEA4E849FFDBFFBB0844B82A22ECED662E91B633DEAC819BF1D00F67FCD,2026-08-13T17:15:44.439192+00:00,29.423827,deepseek-v4-pro
74C8937E918CCC0450A6CDCD9D97A99852A2BC4C28154E7F0D7B4B29DFD9DE99,2026-08-13T15:56:22.164380+00:00,49.934992,deepseek-v4-pro
74C97BCB3924D274C03E709DF719E3BDDB4F3084B3269304D5645ECA7A454B24,2026-08-13T16:50:13.595051+00:00,26.696803,deepseek-v4-pro
74CCBC121EE7374657A9ABDEF4B7B48BE1A7B2D8B947C3280A608E0B4AC0C07B,2026-08-13T17:11:46.324636+00:00,37.751321,deepseek-v4-pro
74D51488553F524AB7182C84510D8470C31A7D2AC2D01A51E6AFBD52E16DE2A1,2026-08-13T15:51:03.458411+00:00,26.483753,deepseek-v4-pro
75237C17BEC12E3685561620C82F00413FCDA2275CDED611DF4D67CDCA2E32E4,2026-08-13T16:54:17.833342+00:00,43.329544,deepseek-v4-pro
7567A32869139D3EEC7AF0A9153C7CE8213B4054601793B047845FEE8CC34C5C,2026-08-13T16:39:52.631240+00:00,28.091553,deepseek-v4-pro
757BEE59C9BD008BAA952B8BF57998D74CD8AAF298EFFCF3B8450EF6EF2B229E,2026-08-13T17:54:23.673428+00:00,31.368405,deepseek-v4-pro
758DFF5BF6F9411EBB68E7EA56ECC6649B96BCD52359E85FC4A6795ED5B7BB90,2026-08-13T17:28:24.881121+00:00,53.940949,deepseek-v4-pro
758F0F27D5F9F3425DBFA292E85EFC13D713A80A1CE74C008D435492A3D8E8A8,2026-08-13T16:48:05.618394+00:00,30.055245,deepseek-v4-pro
75C6B19A4F59685A692BBB3553126A0DB3F8F8705438B871CCF12CB290CFB389,2026-08-13T17:44:44.354709+00:00,35.292529,deepseek-v4-pro
75CF0A6BFBD2728C7228B35C080F266894E93C022310F919E4C96622B4D061CE,2026-08-13T16:39:19.677057+00:00,30.001324,deepseek-v4-pro
7630D95C94BF749A472E2FF4C13B4DDB3C776F604815C822D896332DB22E4763,2026-08-13T17:16:54.302830+00:00,36.120057,deepseek-v4-pro
7636D8F5CEC5B07D35394EC69157273846201B2AEDD943E6E7CD6D98FCB3B5AB,2026-08-13T17:10:58.319417+00:00,25.87712,deepseek-v4-pro
765DECBF031730F346B27CF5902AC987A3E0D8D427C310FDB06F22974076FBAF,2026-08-13T16:50:52.735124+00:00,39.134822,deepseek-v4-pro
767B0141405C1D598DD5B801D27B2CD5DDE4BA541F5BEF0588AA6B5FDD62B3CB,2026-08-13T17:30:31.476287+00:00,51.180025,deepseek-v4-pro
769393DEDB5AB505A3B11BE9600BA0BDABBE94071519BCBB6EC0B51077FE4BF6,2026-08-13T16:42:06.707185+00:00,74.823813,deepseek-v4-pro
76987F7E4A9A68D3B6ED6E2E72011F70E2D63D0579AE53CFDE416C1A721172CE,2026-08-13T15:56:31.913953+00:00,41.370338,deepseek-v4-pro
76BCAC512AEFAAF8F7ADACB977D3577EEDC5DDA502F5547EADC4996231D74A8C,2026-08-13T17:10:56.070004+00:00,31.968621,deepseek-v4-pro
76BF7D07B2036D1CDB80645C410F5A3A9BA9B8B8BCDB84B295C4206AD4E0E284,2026-08-13T15:55:52.683404+00:00,32.90427,deepseek-v4-pro
76C9C5E6916289F197D09FA1B646B6BE7E7E35279D469FC478C8118601D01A24,2026-08-13T16:26:50.705278+00:00,27.742738,deepseek-v4-pro
770A8FD621D6AA1E4D55D76F336ABA3FD4A5BD9B71D9837ED3CD755275C87E41,2026-08-13T15:56:33.072487+00:00,33.485865,deepseek-v4-pro
770F52524473516B69AEFACC59815DC9D95D9D85A03E55E05569F23B3BECD9BD,2026-08-13T16:56:57.754164+00:00,23.982738,deepseek-v4-pro
774B9A3D8EE92834BEBC22858519428AA6991BF796BEE23CC262F40E9F5C902E,2026-08-13T16:57:10.156499+00:00,36.081686,deepseek-v4-pro
7770D946AE379BD1DDD11CDC00B01D3C7E4393C4F6A76513F73B7A941D996107,2026-08-13T17:52:08.870829+00:00,79.890128,deepseek-v4-pro
7797BA431C0B837144DAA6CBBFD908DF8073DBA3E6DC2D546FABB68D431F3A7C,2026-08-13T16:44:38.840064+00:00,41.099296,deepseek-v4-pro
77C95A08AC0876CAA757FB1F5AB49506BA69CBE3E3715F4AA90A5E9B0B0E8F77,2026-08-13T17:13:03.201017+00:00,34.436236,deepseek-v4-pro
77F18EAC90C3E673959FC9DAE2A537A7F7B0793C97187205570E494885978702,2026-08-13T17:14:03.761985+00:00,36.110656,deepseek-v4-pro
77F3A3B4D8C5DC8152381A92C43600731F87C07BB22823B8057C1933865819D6,2026-08-13T17:04:13.513070+00:00,28.002973,deepseek-v4-pro
782586FEDF803C244C1EEEC2907D71178C2AB59A5BAC33FEDECD8489BEDC3A5C,2026-08-13T17:03:45.503668+00:00,42.935693,deepseek-v4-pro
7839A161ADE279EE690CA7E2FB820C6450FB18075D167B6BA40BE74BBA90A523,2026-08-13T16:00:45.034739+00:00,48.925737,deepseek-v4-pro
78459D350FD229F38669DCAAC983448B608E76FFA44BF9FE3588AC93AE03345B,2026-08-13T16:57:58.090145+00:00,29.985324,deepseek-v4-pro
78C6364EDF7976B7BAF61E736E4AFBF4F2DFCBE32CDE23D03FF1085D6AE59AFE,2026-08-13T17:49:39.870425+00:00,39.390837,deepseek-v4-pro
78EAD6BA2AC2C75D44946A8571EE8D82E4340016589C056ECB09C2210725540C,2026-08-13T17:47:06.891894+00:00,32.036751,deepseek-v4-pro
78F6CF0D8289EE3F2DC550A809F13C3D089D9CFB0D578A25D1D9A5383B693C47,2026-08-13T17:03:58.381549+00:00,59.525718,deepseek-v4-pro
78FDD13D90E48F7ABD9187BAE5102F1F35B89BD2021E61A6145CF44304ECDAFD,2026-08-13T17:24:44.240598+00:00,30.374045,deepseek-v4-pro
7905E1A9DE3E485AC874ED8665F26EF6E0AF430CAC8BE4614EE062BB5239D473,2026-08-13T17:26:17.349088+00:00,33.381115,deepseek-v4-pro
790781FE7F59ADED6E57C4506BBD692569C958787DFB6746B802417F51AB41E9,2026-08-13T16:28:20.788369+00:00,26.888592,deepseek-v4-pro
7957CA52F5BC976AF91DBF0CA4217888606B7A778AB82B956602DB0503711F58,2026-08-14T03:12:43.216914+00:00,23.793766,deepseek-v4-pro
79605E7A30386A677E191D900DBAE48CD4E9E8577CBDC2E733A3797FB3E7032A,2026-08-13T17:23:42.416195+00:00,19.849465,deepseek-v4-pro
797B40C98DED6D7A4A0AABC5A240A6F36F27C1106D4ABA5C4056379A5BE3813C,2026-08-13T17:11:10.577896+00:00,43.390078,deepseek-v4-pro
798E10B02D3EDDA7E78DD2AAED61E94E1D303943FFE79AC1EA766A3B2C646F5A,2026-08-14T03:18:20.443733+00:00,42.668612,deepseek-v4-pro
7995B11764F908A298C46185558A28B2E59C185A747EA46A91DC7C89B4FAF618,2026-08-13T17:20:34.867073+00:00,62.313462,deepseek-v4-pro
79B2517ACBD62E4E4D38C88D4D151DB7E1D7C047EB475BA46975E56F3524AEF3,2026-08-13T15:55:19.579561+00:00,32.314918,deepseek-v4-pro
79D829E8CADB3755FE87DFC618629E378C0E87DBB86CB0AB862BB91BAB858970,2026-08-13T16:05:08.667173+00:00,21.931124,deepseek-v4-pro
7A331C80DD24D2C3B4148E0ECED693CA0D69FAFC24890815F2DE605F7AD7E387,2026-08-13T16:40:46.590582+00:00,45.945919,deepseek-v4-pro
7A5F57B06162859774F673A5100A8CA89F32394A11D151FE4EEB90A5FEE58059,2026-08-13T17:34:36.022917+00:00,23.217849,deepseek-v4-pro
7A921DF4F8D116324A82A6A42CFEDB190AA764FCF597DF6BDA9D3AC3C83DFFB6,2026-08-13T16:40:22.702930+00:00,63.014757,deepseek-v4-pro
7AC9D4C0053D40B5D5B6BC97D48869ADB87E9C4715C7EF949DE182AE2E4FD0A4,2026-08-13T16:29:01.371701+00:00,26.757794,deepseek-v4-pro
7AD8B552ED2272B5A8741756421A29AB87352447C2EAF7489DE426029BFADE3A,2026-08-13T17:36:16.117386+00:00,33.238658,deepseek-v4-pro
7AF13CBFBE44524E2F316FEF069EEE6787682FB19B5E4874F3759671501AB529,2026-08-13T17:51:23.331547+00:00,65.880842,deepseek-v4-pro
7B0BD80579E48838BBF192294A43053AD0F7963D600F2C0337C40158FF778E9F,2026-08-13T16:26:27.154535+00:00,22.938454,deepseek-v4-pro
7B1DB6A9DF0C7C55F020DFA8979F5543BF4423118E6B870BAC19FF0AD6C795BC,2026-08-13T16:49:57.139213+00:00,51.838266,deepseek-v4-pro
7B5BCCDD6A9D6E239A886AE13ABC354E25B6C9B3C1440309893C0A12B1578943,2026-08-13T15:55:32.216701+00:00,25.54605,deepseek-v4-pro
7B6F71872DA396C6143C7F210A382C2E923D53D6B1FD434C6FE99D338EFB3F51,2026-08-13T16:41:01.463045+00:00,31.640113,deepseek-v4-pro
7BB39B162B68BDE215EE97AE6870CB86C7B18EF61CF3430F7016EE80D96CB64A,2026-08-13T15:52:25.628886+00:00,17.166728,deepseek-v4-pro
7BB5CB65E90C42D859F8A67733357F09BC3FB61E9906ECF07494B65255215E86,2026-08-13T17:28:09.563646+00:00,43.030564,deepseek-v4-pro
7BE216132F18CF37F3354D700F53BC91A4753F80F21C3F18F2ECF8A0DEA970C9,2026-08-13T16:47:16.983766+00:00,48.399816,deepseek-v4-pro
7C32AA65B14883BAD45053D272F98C1903433F9583F7E3CEF4AECFF2771ACAF1,2026-08-13T17:39:41.061664+00:00,20.719208,deepseek-v4-pro
7C35FE83F1C942C94387C28206BD633E7CF4B127938F4C8EB34F64091F2788F0,2026-08-13T16:45:15.761644+00:00,28.952868,deepseek-v4-pro
7C5C18BEEE0DD9F97D6FE897465B51E67D588AB96CE52D12DF42AF84D0AA9AF1,2026-08-13T16:38:19.179817+00:00,48.726204,deepseek-v4-pro
7C5FFC8FA35E14F58214736FF9034DA5654917C83AE6084F77240828F9FD0477,2026-08-13T17:19:12.480581+00:00,45.832662,deepseek-v4-pro
7C733767A5094870D370459DE6C39BC85AB003AC0A5D1ACCB5AC53BD925A28B8,2026-08-13T15:58:31.548561+00:00,35.326565,deepseek-v4-pro
7CAAD3C2153975B0AC00E6EFF52B10CF1B2FCD5D33BF85B51E7CAEA220FCBB00,2026-08-13T17:31:45.368898+00:00,20.808844,deepseek-v4-pro
7CB6E24E9BA1F0518EA08054444572696CC4D314551ABEFB059C8ABB367A46C5,2026-08-13T16:43:31.712345+00:00,19.41449,deepseek-v4-pro
7CD0DBBCF90BE02675F03D6C291A626D3606C4CAEE55F8F9F49D2149F0FFCA69,2026-08-13T16:05:31.243495+00:00,34.43863,deepseek-v4-pro
7D5DB3EB309EBBDE30C4CB2156BC3BE71308388A076E3ABAF2F960EE33F731F3,2026-08-13T16:37:52.821426+00:00,20.575294,deepseek-v4-pro
7D8FE59512D51DD796793DC9C78213D133CAB83E1D5F92951E6E43AD34B66559,2026-08-13T17:03:43.920683+00:00,18.441642,deepseek-v4-pro
7D9708EE766A5074ECF527F1A49C9D7AEB52B5ECA31333E86138B35D499C9783,2026-08-13T16:05:31.973571+00:00,15.376409,deepseek-v4-pro
7DCCD70B28A7FA6B0D69A3CD4C79E97F0CC06DF637F61E1287FC9052273C5BE0,2026-08-13T17:25:24.536539+00:00,35.986318,deepseek-v4-pro
7E09D9C3949F5A4295F84B0ACA7A4D21A5E35163B1090A66C2D4F6808BD05244,2026-08-13T16:41:02.271414+00:00,60.123044,deepseek-v4-pro
7E1AE7792D43CDCF5BDC3A6249676BF7B6B40F8E2FF9A91386E70A9A56BD8C55,2026-08-13T17:36:20.262275+00:00,34.42668,deepseek-v4-pro
7E3C78FBB3C34927F20F418F428756BFF1604B4EF7F43A9427439715C0258FF7,2026-08-13T16:27:06.816465+00:00,49.767074,deepseek-v4-pro
7E5461D5998B8FE52FE93AA5DCE7996D090453E1F1C8C4052DD995D761D9F6C1,2026-08-13T16:32:55.914535+00:00,36.274057,deepseek-v4-pro
7E73CA7D448484A2EE0B8EEDE11EAF097469AC22AB775FF6A072422FBC54BFE8,2026-08-13T17:29:40.290446+00:00,32.183645,deepseek-v4-pro
7E8D3989626A26856EE5FE9F2F187675338ABB2026F3AA5D98F69F0D4CDB11BE,2026-08-13T17:03:12.856878+00:00,49.405731,deepseek-v4-pro
7E9D9E1A581B2C4CB01F07C05BC21DEBD0E3E240E18FACE5A787D2BFB5BEB7D7,2026-08-13T15:51:49.575843+00:00,38.65292,deepseek-v4-pro
7E9F9F66BCC7FC6EC72338CF779B9926A245F749110002635BAA76AC5D0E3E16,2026-08-13T16:57:44.159836+00:00,14.75284,deepseek-v4-pro
7EC666C40B6243005F93C80FCA7400B8B50CC44D978B219227EB911DCF5F9BBA,2026-08-13T16:29:43.887161+00:00,27.745617,deepseek-v4-pro
7EDA29E7E021E92CE34523583461899A4665142527DD7723372F6243C6AB4172,2026-08-14T03:12:48.364480+00:00,42.44573,deepseek-v4-pro
7EDE112FA6C8A18F5630A634884B29675211D7856EE35F47BD0564B53C788FA6,2026-08-13T15:59:23.927191+00:00,40.376246,deepseek-v4-pro
7F00A45C21DE855632A5D059A8FF1F77D117D3A182AF4FBC19A747ED133B5770,2026-08-13T17:48:10.273169+00:00,35.735069,deepseek-v4-pro
7F41013B42D86BE19D409E388BEF5EDC1936F6F43F57DC735DA677781EB351DB,2026-08-13T16:04:53.882769+00:00,268.295868,deepseek-v4-pro
7F4F7F98E64F3A699C2E58FD6998A1049D5AE16BC7967CC18BB62380F1CA3980,2026-08-13T16:54:33.420001+00:00,40.322831,deepseek-v4-pro
7F4F948ADBEAB933122561405534FF7025BE5051336A17438D50A54CFECB4813,2026-08-13T17:13:45.210253+00:00,28.552182,deepseek-v4-pro
7F69C5469C2984B3E61E8628847053CB4139E2950D2C6160FBDAF5116E654546,2026-08-13T16:44:19.115881+00:00,31.659861,deepseek-v4-pro
7F95BE8E587FF32DD263280F25E474840DA7937A45326586105FD24F0EB8C5A9,2026-08-13T17:00:34.459122+00:00,41.409442,deepseek-v4-pro
7FB18295C1ACB180922BB7E3E4362582EF6C743F3AEB568A3C6DF60F2F4822AD,2026-08-13T17:54:14.135446+00:00,48.039685,deepseek-v4-pro
7FB45ED17D3E2B23226AD7D86794C36FD9EFDE8B5D16CE25C38C25F32E66A481,2026-08-13T15:57:05.729102+00:00,45.094772,deepseek-v4-pro
8007FB1A9C0C369C9A8560ABCD99A3AE9DFED3DF01651FBE2E6760D0722BEE3D,2026-08-13T17:53:38.151952+00:00,27.196467,deepseek-v4-pro
8010C95E9907B0BD2DF7162356419CC3F66BF6BB5635547B42FAA94F7CBE84DD,2026-08-13T17:27:51.539005+00:00,31.346692,deepseek-v4-pro
80318B78B562E03FE96529114DEC591916BA5B7DCA3A1D619B931ACAF93C5595,2026-08-13T17:10:43.980156+00:00,17.974179,deepseek-v4-pro
803EB73238071AF4DF16608590368E8CCBBF8A41645A20C98F1A3745527AF4F3,2026-08-13T17:38:59.163647+00:00,32.325371,deepseek-v4-pro
80676B865D9EA15EBAB1FB47015BC2A828F8787555281BA42BB98F6ADA0D98B5,2026-08-13T17:44:18.712452+00:00,21.774601,deepseek-v4-pro
8077F0ACB3436C61F26BE066915CD95242D1689DE066D34B00978254946D4482,2026-08-13T16:56:07.743259+00:00,35.985654,deepseek-v4-pro
80F6E8DC713A3B81605B13EBF052B87FBA52A346E13ED05C2BB791DA3C9E0B80,2026-08-13T15:56:02.140832+00:00,46.715811,deepseek-v4-pro
81043F09A2B19BF6CB4B06266490DEAED24B5E7BCC1A3FE321C236EB02671D4B,2026-08-13T17:02:40.352110+00:00,70.317931,deepseek-v4-pro
8120326DCBEBE1D94BA95BC630170A30775C1B16F024C10F98D03B8A3963FB11,2026-08-13T17:42:35.185288+00:00,30.734457,deepseek-v4-pro
813E3C8C39D9FEF5394CCEA6054FC68851AF56CEDE1F37C05E46604833EE3C97,2026-08-13T16:50:39.859169+00:00,56.319757,deepseek-v4-pro
8149834CD5FA6BC203659F8CF01296279B2E0DE1F52D01C45597EE99BA717678,2026-08-13T17:09:32.938223+00:00,65.919816,deepseek-v4-pro
81621C64E826C132CB7456069C3C20455E8B97B39D6A8930889F9E468905B3A8,2026-08-13T16:36:26.140947+00:00,35.698942,deepseek-v4-pro
81B6700061F9415FE17977C3288B0F96030D668C722A5B7247F4714052935EE6,2026-08-13T17:07:14.907119+00:00,38.335593,deepseek-v4-pro
81E2CFDED2E9D8F73DCF7835E418F60C201DE6F4B4495ABF3F09D1A3F659996A,2026-08-13T16:48:42.999338+00:00,57.715001,deepseek-v4-pro
81F38D776BC5FA8B1427FB374F8E7B668566AAEB5725630D137C4AC7D17BD8E0,2026-08-13T17:46:34.126378+00:00,41.727724,deepseek-v4-pro
821DA3F4A670100442562F7EE3EEFC6B7C3423F2ABAD2A61134D8DE62168ADB7,2026-08-13T17:05:34.436861+00:00,37.380957,deepseek-v4-pro
82265F0A41209EED7CC3D7D6193AD2BA2743D7D95F364745BA12F6954D17CE31,2026-08-13T17:49:11.664175+00:00,51.201252,deepseek-v4-pro
8248BB0E3CD66D319C4550417EDC3D3473CAB383873B2569F371A1F07546BFE6,2026-08-13T17:26:47.548851+00:00,62.908254,deepseek-v4-pro
82707CF1CDE8A31B34B0F68423A8262462EAFB88E36151C8407F727A283736CE,2026-08-13T17:41:07.011562+00:00,27.451218,deepseek-v4-pro
827C9070175A300A8B03970B711B404A9D93284F27F68CC2EABA1491D7E14C73,2026-08-13T17:39:46.588508+00:00,14.363073,deepseek-v4-pro
828532F68220AFD179872ECD4EBDCE1B95ECF42533262A28420423F23D8F9411,2026-08-13T17:41:18.972718+00:00,50.46815,deepseek-v4-pro
82A1CF2A5807169B4E42D0549B82DEEF0D8AE384DDF388A4FDB96288525117E2,2026-08-13T17:31:46.167759+00:00,32.676589,deepseek-v4-pro
82A3B25113837604AFF037AAAAEA64513D2DD50CBB81980CB55A8A3297DB70D3,2026-08-13T17:14:34.223034+00:00,55.176581,deepseek-v4-pro
82B4B8997AB8FB0E9A903B45DD14266347C89DFB9648356742F343F287CF9093,2026-08-13T16:40:25.494039+00:00,77.891751,deepseek-v4-pro
82D9FD8EE76E485D3B8748A064DBF91C0F36127FE310CEBD15ECBD6CC4CBCE5C,2026-08-13T17:13:49.990896+00:00,40.297991,deepseek-v4-pro
8302C40908BAE4E70E57BE7838CE921A6EE210E1964F26394A3526B4F25B5CC0,2026-08-13T16:39:33.955361+00:00,33.420611,deepseek-v4-pro
83031D5C5EE742E18A5CEEE0E8663A71A8DC1FB3CBC7E8C681F24871684C1DEC,2026-08-13T15:51:45.243406+00:00,60.810162,deepseek-v4-pro
833FC984D6A9313266808D3072EE9957C15C3D07E791B63C15EC41168E1554D5,2026-08-13T17:16:38.682226+00:00,24.195106,deepseek-v4-pro
839EA3E9EE490801C8AFBDBB852D55E6FA634436A984FE99B6D7E267A6108E10,2026-08-13T17:14:53.322110+00:00,25.521332,deepseek-v4-pro
83C10AF8D1BD174E04BB4F5E4259670C1334DBDAC0B9254507DB24E9C8D33806,2026-08-13T17:48:06.550120+00:00,18.498194,deepseek-v4-pro
83D1015032026DFFD2DB541F782874EF08AAE33B8D557BF5E5999CD481FDF9D1,2026-08-13T17:23:22.554429+00:00,29.621774,deepseek-v4-pro
840C6E5E371AD6D24D2A9A0F306E2728EAB67EAC6A0B91B09CBD7402DB874484,2026-08-13T17:36:57.290706+00:00,43.772724,deepseek-v4-pro
841753F4B743BB463B5847F3019D2880D04929C4FE3E46EDBCF281080ED7076F,2026-08-13T17:42:24.013743+00:00,22.489058,deepseek-v4-pro
841E5B9F99E811C28EF0D76982EC3D9D32C3C5E3C84D8751675E1C39406435D4,2026-08-13T16:25:55.865129+00:00,68.777177,deepseek-v4-pro
842C58F00BDA80ABA4804A65B15571E9A8032722021291ED4CB76495CA2E7C93,2026-08-13T16:38:51.187378+00:00,51.311865,deepseek-v4-pro
84411E976D1547AB958D9003ABE6F357C6DEAAA765986E29C2B3410C6F82E3FC,2026-08-13T16:48:16.420608+00:00,55.319247,deepseek-v4-pro
848004D25A328C3EF5C019D2BAD75FBA55D325FF5C83559E69B9067548B79591,2026-08-13T17:38:59.814698+00:00,43.07854,deepseek-v4-pro
848464B66C76D2534081D0106C68014EF8DF2D91F70CF22B246F509F57CF6CD0,2026-08-13T15:58:00.503260+00:00,40.288197,deepseek-v4-pro
84A71FF4F721A4E6BF75104F1195412D3CBD804DB0264085DB7BD679164DB190,2026-08-13T17:37:54.143146+00:00,24.060205,deepseek-v4-pro
84C7CC55F0C16C45FA38FD83F1828E28A72AA454969050A6A716E3EA5C3EA209,2026-08-13T17:38:39.937280+00:00,18.464945,deepseek-v4-pro
84C9FDEBD4F7D40518850D70948BBA398601810F8A45A784CA6FA781A5282DF2,2026-08-13T17:23:55.337585+00:00,32.430541,deepseek-v4-pro
84EF1E9C2ECED143D07F1A5B37631E92362E66C090F7B6D0448CE37FE023C567,2026-08-13T17:12:03.046875+00:00,19.879482,deepseek-v4-pro
8570C38C493D5EC52DFA20B77230AE122F2D6DF742B924A181027F6222CEAE40,2026-08-13T17:11:48.258422+00:00,23.958367,deepseek-v4-pro
8579E615CDCD68861619F67650F5AD81938F587E2E72669880C5729153F1CB26,2026-08-13T16:43:37.312542+00:00,46.708791,deepseek-v4-pro
858086E5FEB9926346009AFEF1C6575C1BAA9E52E16CB473C00B7753F2BAA8E0,2026-08-13T17:17:40.029072+00:00,40.591313,deepseek-v4-pro
85B4A112FDB682806BE866A537AAE4AC54A80791C3EFB5FCBAE4D4521DF47286,2026-08-13T17:13:55.282814+00:00,53.68743,deepseek-v4-pro
85BFD9A5C0751AF1D4990571492319556FF2864CA4839941583B6CBA2B4FDB8A,2026-08-13T17:29:18.466323+00:00,41.317542,deepseek-v4-pro
85D236DFDFD60C9CDF6B90AD1CDE8212710721937046BA9C5996973CDA50EDB2,2026-08-13T16:46:55.133269+00:00,33.807404,deepseek-v4-pro
85D470FD72037B70DD140511E21491C18F17B306676AC059D5D196C4F9A38295,2026-08-13T17:18:26.636107+00:00,23.919535,deepseek-v4-pro
85EBD952EC3A073E7DEDD8C0C06476ADC6B8C23F32F56CF2A9E3A3B935B05DFC,2026-08-13T17:46:44.646281+00:00,30.29715,deepseek-v4-pro
85F970099867C0230D3BE98D2D60B20609843FDE30763E8C5500DD1B2E107718,2026-08-13T16:55:53.268833+00:00,42.656027,deepseek-v4-pro
86188C808242264EC3547379E34A08DFA3CD82433F92189B5290137421B7B502,2026-08-13T17:40:07.600315+00:00,18.772907,deepseek-v4-pro
86364F73FB5AD0909E171074D90EC086D970E3552EF4E392E0F320BF47EB7976,2026-08-13T17:02:45.069262+00:00,58.845388,deepseek-v4-pro
86369ACBAB4E6F9C243B5A16B871E52EB38627007D8BA17BFF8058E8D7930C2E,2026-08-13T17:31:39.627859+00:00,33.61894,deepseek-v4-pro
86825FBE9D7BC79F3D37C7D74266E8EE683470AA002D034B04023D931F797C29,2026-08-13T17:25:17.122299+00:00,32.875637,deepseek-v4-pro
86CC6D9F858473B147A9D24FC16B32BE46B5A73E7BEFACF2C5EB75DED6FD34D8,2026-08-13T17:47:50.477197+00:00,29.680416,deepseek-v4-pro
86D7C78A375E3968C040CFCAC8CD03A34C5CECD1EE69BFF26890EADE9B3710A1,2026-08-13T17:14:14.525598+00:00,39.66135,deepseek-v4-pro
87092AB377C85E0F529F519D73FAAA52BA05BBB5C2D84D92A45DF64AC1C3D5E5,2026-08-13T17:48:48.761403+00:00,36.947479,deepseek-v4-pro
871D4CEB7D8F5C4BC0F0A71DE8E649CD6FC79EEDF47A8323BEB67E467C001CA4,2026-08-13T17:50:05.681391+00:00,44.002844,deepseek-v4-pro
8721F27633C0DABB72670D1030F24E262EE062F2544BAA01901753C03E70A3CF,2026-08-13T17:12:30.593977+00:00,42.535987,deepseek-v4-pro
873B82BBCA36744F0B3EF15D372D47C9675DEBCD94EF3C1385A28AE209C69045,2026-08-13T17:39:12.475687+00:00,26.431546,deepseek-v4-pro
87BDC3E828033BB79867A4F61C0F47710406CAC00E63A0F2C44B766923521F80,2026-08-13T17:19:48.163725+00:00,35.671436,deepseek-v4-pro
87E36D0AA381218B253D99C03DF3B465CD284B535650DA43CC4A81C6DA6D4B4E,2026-08-13T17:23:55.358432+00:00,22.892497,deepseek-v4-pro
87F9DF0FF1D50BD4DB1B67FC0135F50E31B784FD18E13C98218DF3A83E22739F,2026-08-13T16:47:35.555910+00:00,35.700561,deepseek-v4-pro
8805A6E7F1F25E6E20A8762DB5CD98A977B4CC23558AD4FC795BE55E939D8C80,2026-08-13T16:05:20.049202+00:00,31.908237,deepseek-v4-pro
88096FFBFB0A7B39E8ED12AD825B3AA90225A3A87B0DAA29D3E66E74D1DDACBC,2026-08-13T16:40:53.498850+00:00,35.084726,deepseek-v4-pro
88136C5AA0DA0F57BB79A8EE78AF2A6E8C8626D9EBA11F4288412D083A98E5F7,2026-08-13T17:37:04.843728+00:00,43.10811,deepseek-v4-pro
881D2CBAF46B048476EC476EAACAEE499EA062070097C70225CEAB0613C949B1,2026-08-13T17:24:31.752405+00:00,25.934822,deepseek-v4-pro
885173EEE6CF1213329E51E694C83690ACC1B25798AAAC06EEADB1585F22BDA8,2026-08-13T16:04:54.442816+00:00,249.402345,deepseek-v4-pro
888607DCE1E3C1668390C8FC34C56484F803B2531F4ACE53F2548F685ACE8C59,2026-08-13T17:33:53.083209+00:00,24.55662,deepseek-v4-pro
8895ECF498B4C6FCFE756935C2EB86337F7960D96B112EE971C604C1BB25B745,2026-08-13T17:14:42.750240+00:00,47.452305,deepseek-v4-pro
8896B0C821DEF92D8DB70C7E7A035CB6595E98C75387E02FA3D45BE3E07A4DE8,2026-08-13T17:13:01.589920+00:00,31.739727,deepseek-v4-pro
88AF5740DE8D74AC58C631243B5B0D58E5876EA685A0FD7CCF74DFEEED65EEAE,2026-08-13T17:28:16.135962+00:00,35.107257,deepseek-v4-pro
88C36D47FE6E7FEF603092D9F46A7E8400AD8B8F350BABA8A38238EBD85E8FCF,2026-08-13T16:41:31.485257+00:00,67.546285,deepseek-v4-pro
89027DA9A734BF61A64F9F8DA150563391C4BBE54F8E26B471E52820668156A5,2026-08-13T17:34:42.453002+00:00,31.24506,deepseek-v4-pro
894057166669713B3EB7AE55A55EACFAD5CC25A23A0B6F8D39CE3D7D20F9DAB6,2026-08-13T17:01:27.611781+00:00,23.171258,deepseek-v4-pro
897913BF0865BEA2CCD68266F2BF8FA252661E98503ECF6CB93F18ED7F87BB52,2026-08-13T16:31:32.594169+00:00,46.330008,deepseek-v4-pro
89AB03EAC2063EE92F58C4324DB9E5CA1182A8C8B7869B41364AE09D858354D4,2026-08-13T15:55:52.927226+00:00,36.47529,deepseek-v4-pro
8A2E5B5E13C82D2C2CC4B5FF700DCA696817700E8B595A9D832CCD565FD55F64,2026-08-13T17:12:29.140772+00:00,20.941698,deepseek-v4-pro
8A75CFB4CEA72F2E9ADC730585669211731CC5991584F2C7889E83704EB36C56,2026-08-13T16:45:30.551494+00:00,54.407218,deepseek-v4-pro
8B214CBC2136CEFE1B8125A4F3AACB7C292A64ECDF5A77E24E958B098DEF892E,2026-08-13T16:35:33.363031+00:00,51.852018,deepseek-v4-pro
8B311D8A8FD090D52FBD099B76A3F2BE96F1854FAE0B31F8B7AFAA8AB539CAFB,2026-08-13T17:09:06.378211+00:00,26.091508,deepseek-v4-pro
8B56C94EF8B47DA22E87C206FEB5EFBE25180E4445F4E35308B285DB833209E9,2026-08-13T17:33:33.623858+00:00,32.805689,deepseek-v4-pro
8B5C7FB72B3ECE3504C5595FC08114A4343F940342F95818FDDD145E2D529FB9,2026-08-13T17:00:39.964140+00:00,61.997098,deepseek-v4-pro
8B604BB73D062BC095D581D27135329F2C2CE5163C7DF8DA9E2B04EC924FE521,2026-08-13T16:24:09.388648+00:00,33.070544,deepseek-v4-pro
8B7FCFC793623992C9FB4DC5A0638BB9BF42C27DA93119407FD1B73BF27A327D,2026-08-13T17:25:22.774367+00:00,30.55145,deepseek-v4-pro
8B893848BDA254F2938C76BFE731622685EE92EE86B804824565EB69F319C00A,2026-08-13T17:39:07.466957+00:00,30.240714,deepseek-v4-pro
8BC7DB718E345BA465AA6956BCC0DA5EBF0580F23EFA79346CB96D1CADAC7D5F,2026-08-13T16:34:41.506459+00:00,52.458072,deepseek-v4-pro
8C12A3DEE31859A7BEC24C785792D04BC15D58C789014D916D5B768721EB1E84,2026-08-13T17:07:50.042170+00:00,31.687617,deepseek-v4-pro
8C5F2BAB2EDEBBD1E2EADFFAEB9650296823872E3E2189B4D945BEF367EF811D,2026-08-13T17:48:51.289694+00:00,26.355745,deepseek-v4-pro
8C85F2F11100F97D26CE16220D94920128F34C91C4CF7DCD295ABFCFF2F08A73,2026-08-13T17:06:28.787868+00:00,45.439535,deepseek-v4-pro
8C9A79207EEB9675EE0BD513F4B5C999DD7C1081BFB34B876030BAEC9D6EB3EB,2026-08-13T16:33:58.735027+00:00,53.77567,deepseek-v4-pro
8CB48CEC1075A816EC078126F6A3911A38E39D2EB0592B14A17946C5487D80AB,2026-08-13T16:00:10.493584+00:00,20.077314,deepseek-v4-pro
8CBD5FEC40D066822CD75BDC29872EEAE8CD1BE9291058E79A16B6AA2144552E,2026-08-13T17:21:30.831528+00:00,24.985456,deepseek-v4-pro
8CBE36047BD9A32876039954E34E1714476D756DB93BAC260BFBEA08996E383D,2026-08-13T16:44:46.072099+00:00,33.752529,deepseek-v4-pro
8CDE0929DEE9EF143705B78630A8931F4A1CE958B952AC09F69047C3C6958F8A,2026-08-13T16:44:20.025366+00:00,42.707816,deepseek-v4-pro
8D51B9A56A9B64DB8E7093D7F6200C5B6C389AE5B973C764BFBE356BA0E96A89,2026-08-13T17:40:06.855514+00:00,39.700414,deepseek-v4-pro
8D552DECF98EEADA256A54C801464A7E3E6EC610B71AB04235DA1EBB914E19C3,2026-08-13T17:34:24.397168+00:00,32.680958,deepseek-v4-pro
8D6C497AC49F1DD1BD05D458E09A6A08CE2A2D491F025372CAC0171D1EC376DF,2026-08-13T16:58:56.176649+00:00,34.417894,deepseek-v4-pro
8D6F9799CB57AC5DEECDB0E47302E3D48762CCFFCF3205B3C5DBC44708EA4668,2026-08-13T16:23:12.519354+00:00,24.799669,deepseek-v4-pro
8D854DCAB764013990EC78ADF863CFF8341D79C7E7D4B5769BA80C660A9626EF,2026-08-13T17:39:12.318220+00:00,21.488846,deepseek-v4-pro
8D88EDEB8CBA0D6E99F2D9E50AE247568124CE60D93BC62E4AC51CED5AF840C6,2026-08-13T17:00:10.205110+00:00,37.865188,deepseek-v4-pro
8D9328EA44BFD487D8D5FD811CE8195DEBA9052BF355B60D1D28505114167282,2026-08-13T16:56:58.840146+00:00,41.414909,deepseek-v4-pro
8DAC1A0CCA2079DED7CB48F9C6E3CE37BB3353699DED841569EB5FC0E31F7916,2026-08-13T17:25:58.728111+00:00,35.946983,deepseek-v4-pro
8DB0EE8D5CDF406393FB279EF6457C860E031110A3AD574602B2FADB7E9A053B,2026-08-13T16:54:23.504876+00:00,54.753731,deepseek-v4-pro
8DB7F7B9A1954267C9954F8A645B079B83CDFE847DEF8B9FEBD604A2958F5D5D,2026-08-13T17:08:07.423967+00:00,47.124113,deepseek-v4-pro
8DB8A5CBE0355F9C569F910D7A64D966996473BEE3F70E4EED30BB6581DE2E45,2026-08-13T15:58:48.845202+00:00,35.75036,deepseek-v4-pro
8DC768A4A7AD5BE6CD2D0D00EE9C92977E0549A73905A3BB57E033D2FC865636,2026-08-13T17:07:37.501122+00:00,22.581924,deepseek-v4-pro
8E23CB56DDA62CFFA65B8A3A50C26396A89EDEB8447CD769587EDF2833B9DC29,2026-08-13T16:28:19.152854+00:00,37.767373,deepseek-v4-pro
8E3B06C78EE92A53B61C86B01AE4C61D3EC0404F1ABA66A7DE2355A5F4F0E49A,2026-08-13T17:18:09.566538+00:00,27.87186,deepseek-v4-pro
8E57EE49AF9ED982602E52E3989BDBB58A2A1B94BC8D0EE6C11B4DF0D867D66A,2026-08-13T17:37:02.529525+00:00,45.543282,deepseek-v4-pro
8E6F1AC014099053A8BE3DF54822E8DA99E3B9A153C266E3CE9155B369E226B4,2026-08-13T17:39:23.608378+00:00,23.787967,deepseek-v4-pro
8E7B20C10E58B95D45416E57EDC616BC470966D08E3F8567478807A982541FAF,2026-08-13T17:44:59.004434+00:00,24.216505,deepseek-v4-pro
8E7F40D53A81C9AB3DE7AA69E535BD653CD3252961188BC1B96DA4A5CA3B8CE1,2026-08-13T15:52:47.027208+00:00,36.223881,deepseek-v4-pro
8EA1AFCB96F958F1D94B459DB9ED82B822935E6D94CC25DF2D5CA9A41AE5987E,2026-08-13T16:52:07.212870+00:00,24.95311,deepseek-v4-pro
8EC7862CC6A30E450A9A24F97D4820D7B39FC3E882987A47C995E22A56FA945F,2026-08-13T17:41:41.887468+00:00,30.847752,deepseek-v4-pro
8EE4568F3FA9D6234E4EFD166E7E32D360A452ECF84D801FA09DE6B3BF1A4208,2026-08-13T15:54:23.697761+00:00,43.878365,deepseek-v4-pro
8F2990FC88D9969049DDCE403DFD36AB3B939300581473BDAA0EA3AE262FE67A,2026-08-13T17:40:44.075761+00:00,25.98673,deepseek-v4-pro
8F2BAABAEBFEEF76CCFFFE0E80BFF7C86DF1AEFF564260B0B15AC157FA922602,2026-08-13T17:34:09.586119+00:00,54.194529,deepseek-v4-pro
8F3299897E2CD2237167F9729010AC586E82631CEF1440810A53FA9187BA078E,2026-08-13T16:36:33.904401+00:00,27.180077,deepseek-v4-pro
8F81C7DA1FEC8391C865D40EF71DBC526969B4A37454B388C2E2A9F9A431CB93,2026-08-13T16:28:57.089175+00:00,33.988786,deepseek-v4-pro
8FBB8591F4B7040D28DD1E8F5A115108913B9EEC2751620E1B8BEB07036FF247,2026-08-13T17:49:04.986209+00:00,54.708041,deepseek-v4-pro
8FC3569B3F72ADB7DBCF2817239D76472F008B21C23927187A6B4AE1BE814C9A,2026-08-13T16:57:01.008480+00:00,31.145578,deepseek-v4-pro
9029FFC4923F35740CFC5E5A027EEE52A4C74E0454699A6B7ED3504AC96E92D9,2026-08-13T16:55:49.017028+00:00,72.377688,deepseek-v4-pro
9044468BCA5C611C47E4C10BCA557D515FF96F03020FDC06CDB4927EC042DCE8,2026-08-13T17:30:17.344898+00:00,20.86521,deepseek-v4-pro
905760DC6646E37469F7D7DF1E723FAE4C6C35313F5A65CAA596BB231AE5140E,2026-08-13T15:36:23.343119+00:00,29.701203,deepseek-v4-pro
907B11AC45A7CB5C16B865DC0698E0938E29B19906B67D65F7E3FD3D846AB901,2026-08-13T17:39:27.144181+00:00,43.48847,deepseek-v4-pro
90B02A65E25600BEB9FC4E522E0704F113339F12251EB772318EA30318C3F726,2026-08-13T16:51:08.840876+00:00,43.550944,deepseek-v4-pro
90B645D5D9EDC39EBB978D7DF8109A504879E571ED3035ADE078B6FE474796D5,2026-08-13T16:41:26.585161+00:00,33.787681,deepseek-v4-pro
90B80687EECD02AEC842A88C9F8B9406347E9CD328B49AF848E3EF45F3302EF8,2026-08-13T16:56:58.822943+00:00,46.508744,deepseek-v4-pro
90C61E944C7EA9550909CA5E12A8DE17A07B2BD7206118569DDB5DA4990389EE,2026-08-13T17:18:29.242530+00:00,72.955367,deepseek-v4-pro
90E23C1F32C4281461388894EACA3A251EB7E971169F5A47F2BE720508319938,2026-08-13T17:30:29.273249+00:00,37.850585,deepseek-v4-pro
90F2DF9AE5D9303FC6743D59D06ADF1148A85076BC4741B202A90AEAEC19004D,2026-08-13T17:29:10.113825+00:00,23.907542,deepseek-v4-pro
9135A9C37B3FDA102CA4376C39C8AD8165E07C717A30726D1B1140DBC9F4B1AD,2026-08-14T03:12:56.150032+00:00,67.3026,deepseek-v4-pro
915BF8321A40506F251E9D10B1177C86689AAE30E977C99A9E949E3FB3F3024E,2026-08-13T15:51:52.328805+00:00,31.871541,deepseek-v4-pro
919B2F8FACFE41EADA8E0412B46B76DC65B3F906B16AF5E133F37CE4B762F5CC,2026-08-13T17:38:31.653629+00:00,23.630377,deepseek-v4-pro
91D6AE2C0533B4EFD7D832BE15D7837D1EE15C1691C1CA827F83B2FF4A1C5B99,2026-08-13T16:00:16.012659+00:00,24.423773,deepseek-v4-pro
91FBBBAC0764968C10E69DCBC748A2A6EB289D99C693C41010A465F321DCE813,2026-08-13T17:06:33.892855+00:00,48.364661,deepseek-v4-pro
923C405A417F417EF0999BAFED771F7E4C7F8B32432C74989B894EBD3F32A8D1,2026-08-13T17:19:52.730155+00:00,42.408646,deepseek-v4-pro
9245A4EABF148A23D5F71D1E3507BC89B6DAD6BD0F58A0FDA7B5CADBABAFDA74,2026-08-13T17:45:54.429587+00:00,39.03653,deepseek-v4-pro
925CCC0189083DCF9108FA028CD2DC574C1A851C93588FAB9237FADC1766F2FE,2026-08-13T17:06:41.057928+00:00,36.729915,deepseek-v4-pro
926318758755DAE36FD4CBE85C73DE424D3CFD77CACB21731FDE19BBF6C9C00A,2026-08-13T16:00:10.753588+00:00,33.412853,deepseek-v4-pro
92659C134D4B126A48981976978B4B1B6254CA63A82FF3302A41764C0097182A,2026-08-13T16:39:07.596692+00:00,41.35906,deepseek-v4-pro
9268A6CFFD76556488E7990BB8C6280CAEC3F401935B998190F9C14B6FB68839,2026-08-13T16:46:59.093388+00:00,46.999399,deepseek-v4-pro
927F02C977BBBE073F8B476DD625A8C223E764092A84402A80C8DE949DC2BAD5,2026-08-13T17:39:46.502415+00:00,22.881715,deepseek-v4-pro
929A0A7663F7F817AFCAD643276D23C202F63EBCBEE582CCE5DC1B6A87564FCD,2026-08-13T17:35:53.865275+00:00,46.927659,deepseek-v4-pro
92B8510D0067D25BED18D9EF0614426F91D4128366826616B9423B58B5FB61B2,2026-08-13T17:26:14.625739+00:00,19.445073,deepseek-v4-pro
92C6C037757A8F406F0D62B3A428F073C0A467D1DDED8A571C62364D64F13E13,2026-08-13T17:13:27.639353+00:00,61.707263,deepseek-v4-pro
92CDB8CB8A3802945C2645DED75800129C877A837A84D124B49E464196848B89,2026-08-13T16:43:34.334574+00:00,35.13397,deepseek-v4-pro
92D4D040E63683DB8CAAA9B2A95378470745631BA3577F59E9610B049BFC6CBC,2026-08-13T15:52:10.796299+00:00,33.318456,deepseek-v4-pro
92EC090AA8BDF03B79EC6978F1CDE39759C993BF1DB57B046B9BF32738AC0484,2026-08-13T17:44:35.841466+00:00,21.633606,deepseek-v4-pro
932C0A8391D180CA1738B3F8D4E1484F7014011EE89D8A9A7D7CD95CC2B7FCBF,2026-08-13T17:16:08.601423+00:00,24.149774,deepseek-v4-pro
93385EBD3BE369368BB0D081A187E3D0DEB5A2F482F21B30F19BFD6F2B995AC3,2026-08-13T16:34:39.296126+00:00,50.041571,deepseek-v4-pro
9356C22FBED2640FB7D3EC46EFD42A11C2107C28567181B2275821CEE2F61449,2026-08-13T17:27:30.928715+00:00,54.268724,deepseek-v4-pro
935AD792BA12642031CD59B127B3E0241F90D1049702ADDCA9B30B32304AB282,2026-08-13T17:13:34.857289+00:00,31.650754,deepseek-v4-pro
93658DFC9B92687C9546B93B3D0846922613D47060929E545D2A5C685EF57A37,2026-08-13T17:53:42.312064+00:00,51.422073,deepseek-v4-pro
9367CDBF308FEE1ECA380A7A240B876BBA0BB330FA55E2E96FF5605A4EED975B,2026-08-13T17:42:35.149456+00:00,34.162026,deepseek-v4-pro
937C15618C461279EB08170ABAA4EE419F3F3E6CE91593975F296F744DD42950,2026-08-13T17:40:21.244973+00:00,28.461103,deepseek-v4-pro
937DDEE0C4587EA99C1D64948A6D2E1DC662F877A0BCE338532A17352887AA8E,2026-08-13T17:15:03.304354+00:00,23.466578,deepseek-v4-pro
93826D3C9DDBC3CF05D0DEB09927219EA04BF9070262CF3E0B70C68D67B87B44,2026-08-13T17:19:58.183504+00:00,24.252711,deepseek-v4-pro
93970A3E09222735E25E4810FDFF2D262B8E2DA5E3B525003AAF7DACEA4B57FB,2026-08-13T17:49:11.637498+00:00,62.816174,deepseek-v4-pro
93C899C730DF964584AC817E419E862E3D1D3AE529C42A9733DCF7EB6184F183,2026-08-13T16:45:22.642884+00:00,18.335081,deepseek-v4-pro
946DA3AFC2AF7D281A5DF0F790EA1AB920CD06E7D5CA39BF5FBB11B68B59BED1,2026-08-13T17:02:37.753268+00:00,51.493068,deepseek-v4-pro
947CCAEA14CDB11902E741974268606FCFBE6003E067E3267AF8C0B045F57C47,2026-08-13T16:48:05.079519+00:00,35.012061,deepseek-v4-pro
9493FC45D73317A94A457DEA8BC14F874AA025A5BDA5BBAC9506BE396EF794CB,2026-08-13T17:04:30.603796+00:00,19.250901,deepseek-v4-pro
94950A8BE73D78CF021A73853E8D4AF3360C1E02AA485B886CC10AFEEBD7F815,2026-08-13T17:43:26.673183+00:00,27.491034,deepseek-v4-pro
94F82A661863DAA68ACADC2FE40717CA70E0E8E95D3995FD39EEF63BBF43F2EE,2026-08-13T17:34:11.403911+00:00,37.774602,deepseek-v4-pro
95809DB90436E8D2575D62048E2FB412DBC60D0BCE821ADA97ABC4C34253DB26,2026-08-13T16:47:50.997182+00:00,23.147312,deepseek-v4-pro
959DF606F680A28B0AA0A437C0AB38D9612A52115A557DAF6933968928D0F58E,2026-08-13T17:04:20.863543+00:00,36.49659,deepseek-v4-pro
95A19A6D0F72B4CC0DAEB94AF5673BBEC38AE954785F454F63448CCC3B7604D6,2026-08-14T03:11:51.135885+00:00,613.206732,deepseek-v4-pro
95F9E6D7EC1B610D9927AB0D3759691185F131D12F473DC1C46684BB265B2196,2026-08-13T17:46:43.372874+00:00,39.739929,deepseek-v4-pro
960B62827E842CC4A92084C0081F0EA2B92527C8195B8F0D64EC91CE35532A8F,2026-08-13T17:10:35.422079+00:00,48.865149,deepseek-v4-pro
96214661C8183EA1E6D0CE8935D9BB0D750DBC13B8E8800C35591B2E0BA19877,2026-08-13T17:02:27.446973+00:00,61.311478,deepseek-v4-pro
963DE494F48913AFA7580B9DCA6526320204AD521B2A5C2ECB7AD35E14ED4FF5,2026-08-13T17:35:05.731717+00:00,29.696069,deepseek-v4-pro
965E22C0463FFC038E7669C9E897AF31930E1D43C4765108E5569E83555735EC,2026-08-13T17:22:19.912911+00:00,42.101275,deepseek-v4-pro
9686331F8C7C2ACAA054AA9D4A1ECD2CCD62F5BB0780E3FE85EB2B5315B16928,2026-08-13T15:53:11.061200+00:00,24.025537,deepseek-v4-pro
96883E714DEEDE5EDC7A6AF0C33CFC5C48A40B2B79D9D707BA14E6F8314503FE,2026-08-13T17:15:43.557071+00:00,22.961102,deepseek-v4-pro
96B7DEB821166654E3F78705C88FA8746186E5FB121CF4C31D8E92E43E8E5BEF,2026-08-13T16:05:47.989648+00:00,16.738882,deepseek-v4-pro
96BB24841191E145D8E3B190862804C72AA2BFB153AF53220A4700918A26C298,2026-08-13T17:14:22.240213+00:00,59.624387,deepseek-v4-pro
96C5301B14E557D66A4CC8DA17EB0638DA929C97953A6B9B7CA2BBCB056DAD19,2026-08-13T17:41:45.809434+00:00,32.312837,deepseek-v4-pro
96E0A6A367768E359E6F889348E3FCA74192F9A72DD247DA17C45A1E0909C361,2026-08-13T16:45:24.700471+00:00,42.0811,deepseek-v4-pro
9703FC96E61811A9FF68CB3F1AEEA798FC7C9AB714F601989564BF73526522EE,2026-08-13T15:53:55.558039+00:00,40.51328,deepseek-v4-pro
97212D7263167D3F98F440DADC51A023DE8C09385487C54EFC78129B0495F395,2026-08-13T17:10:02.245040+00:00,29.295119,deepseek-v4-pro
972EB226C5FB3081079A984C52743BFB2751E81BD5CCF8355558DC5907B78C0D,2026-08-13T16:40:29.817886+00:00,39.015552,deepseek-v4-pro
9738710184F5BF3637C6CAD5EAF5A2827B852ED081E10B9DE007D1F9113BE2F8,2026-08-13T16:24:43.995039+00:00,50.342049,deepseek-v4-pro
974026BA827C47335C6020816067488381AF148636F027D0B03EC4855F98AF6A,2026-08-13T16:55:52.171805+00:00,39.957822,deepseek-v4-pro
97496E191A80FD9BB87719374BAC14DE96F3BECEBB5CC19CCA92A1E945EFD77B,2026-08-13T16:52:00.300906+00:00,41.291506,deepseek-v4-pro
974DD8BD9B12182AD4B58BB49D5378D0DEAEB79BF41EDF3C26225119464DA56F,2026-08-13T16:45:48.618772+00:00,32.845551,deepseek-v4-pro
974F000223634C35ACC0E780876643765FD9A1B0834B27D07E150039F55C155B,2026-08-13T17:47:35.706269+00:00,24.41918,deepseek-v4-pro
978958DFE015E6F89024774179623DAC1B963987FCFEBE6DB7E0814D3F856D4F,2026-08-13T17:50:09.308708+00:00,28.923588,deepseek-v4-pro
9793BD71C7E6D83CE0B2A7E2E1D364778E719E2D69F595486A1D0F6EED51E0FB,2026-08-13T17:36:54.904682+00:00,36.54692,deepseek-v4-pro
97AFB77CADE97D49B45859ADE1D7DC2947B3F6E221B7CD682083C8F27EA66B65,2026-08-13T17:48:54.476115+00:00,19.491604,deepseek-v4-pro
97C967D3F24A6DA683134F9F0F31946C9EAF66C9E10D96ED5A260D0D2E638857,2026-08-13T17:07:41.831255+00:00,42.080934,deepseek-v4-pro
97DA205EBE3FA65DC882E56916F8E166CC100C990C10A69E3AF0CF32B721698A,2026-08-13T17:11:28.218050+00:00,32.142863,deepseek-v4-pro
97E036E275E5699C8E889B5255FA2DA8B5D484A4B614FCF21D03E7DCADAEE4DB,2026-08-13T16:34:24.258621+00:00,91.534336,deepseek-v4-pro
97F8FE1FCD29B56CC84955DFC8492646E4D3E3A24D4314221479A0394F318CFB,2026-08-13T17:53:17.394637+00:00,38.680867,deepseek-v4-pro
9834B15A020C6C4BBE7D2FA216A947C38A333C3DD5572D635A981345B584FDE6,2026-08-13T17:27:40.422334+00:00,37.770723,deepseek-v4-pro
983BC8CECE45AB7EAFE23E7E75274714161D010C4BCA8665B9683B30903E2237,2026-08-13T17:23:55.500579+00:00,11.994641,deepseek-v4-pro
987F1433A45F2D30E75132D3EFB4F280B5889AAAB753595DB0CB679CC5E7BE86,2026-08-13T17:42:11.328985+00:00,26.884375,deepseek-v4-pro
988690629EFDECD94F0B67A8EA3674F2D5CFBC38D4359090D4BE65401C246807,2026-08-13T17:12:59.356329+00:00,80.48815,deepseek-v4-pro
98AE34A79BA5B0DD8418713D5D6BAE516B7275A607865F893C7EC158A0414327,2026-08-13T16:59:11.528061+00:00,28.300129,deepseek-v4-pro
98F3FB93784726C259ADBEC4A4896645F3A805C11C280935651226C13E588FAA,2026-08-13T16:23:57.359979+00:00,24.659069,deepseek-v4-pro
99131BF8F231A4D14EBEB908D8A6A4570ED54A620738B54A9F2662CEB0CCB74D,2026-08-13T17:53:17.293181+00:00,69.023964,deepseek-v4-pro
9924E1FE73DB8B921C9C66232F59E94E00A63ADAD60704D1B2C2A910255FFA41,2026-08-13T16:31:44.151988+00:00,31.629283,deepseek-v4-pro
992E38828853D2D176E6F2AA059B783F6E9ACDC820FF12AF4BE8F1A6CACF190B,2026-08-13T16:53:28.745615+00:00,56.348004,deepseek-v4-pro
993EA49B24656B248BA1A6E7AC14A576CDFC18658CE31D66919F4236A6FC882D,2026-08-13T16:24:09.067181+00:00,38.969437,deepseek-v4-pro
9981DF68FD1ABD37451069F4DC74C7DB20426F08B7CB78A96280C2F487A08D98,2026-08-13T16:27:15.387888+00:00,42.902383,deepseek-v4-pro
999C97B593D4138D68D30520A9C0C138B85020DAC3D147692F02166E8D27342D,2026-08-13T17:43:26.561485+00:00,25.454921,deepseek-v4-pro
99A9028A028A24D5BE8E21E8AF3576A0FC82BBFD0D24F2D78321B63BFF3681EE,2026-08-13T17:41:44.434264+00:00,11.800108,deepseek-v4-pro
99AE4EF3309DDB3C753609FADEC4EB1CE48722E96709E71F50EEA0CAE220741C,2026-08-13T17:44:23.744323+00:00,36.399069,deepseek-v4-pro
99D6C84AF06F81BBEB4C8E51F2A92A51D91751A605548C77804B055FDBBD6745,2026-08-14T03:16:39.784930+00:00,50.276801,deepseek-v4-pro
9A0AFCCA52479FD7B0B5806D0DAE078F968A38782FC793A0D6498BBE3B34460E,2026-08-13T16:51:18.998229+00:00,23.172694,deepseek-v4-pro
9A37D8F2CDCFB89BEC068B9FAED08393407BDB36316CD0393DC34F29EAF0CE83,2026-08-13T17:27:41.024602+00:00,28.378543,deepseek-v4-pro
9A4098749C4CAD17F75833E4B2FA5F01BAA34CEAFB31F859E4C74D9D6A4C4B63,2026-08-13T17:38:40.097529+00:00,36.964068,deepseek-v4-pro
9A4A35E76A92B7DF9D8AC4923E11123F6FFADD0564D3C03417DAABE83726449E,2026-08-13T16:50:23.683192+00:00,43.311205,deepseek-v4-pro
9A5210807FDAEF66CBFF6C78A30E9E6317D04287FE3967267F6EB54DB7E28BDD,2026-08-13T16:24:30.214940+00:00,58.929432,deepseek-v4-pro
9AAE6BA9C86ACA92F87F1D5BE5C6CCAD26258D3932EC8373FF418C3247E2A768,2026-08-13T16:28:49.197623+00:00,30.037494,deepseek-v4-pro
9BA531EA146585EEAE12DC1205E9645DF3B3A9E96A84964017B4B2052A330318,2026-08-13T16:49:43.530886+00:00,40.482969,deepseek-v4-pro
9BCC2C0322382B9B829DBC4297D8A56CB79325739ED53A605DB7B3C0DFF16AEE,2026-08-13T17:53:33.025525+00:00,61.592312,deepseek-v4-pro
9BDEFABE8588F38B231961C71D3FDB88DF769B4B7E347EE3E56A31C6E89EE037,2026-08-13T17:03:44.606828+00:00,39.725613,deepseek-v4-pro
9C044DF239DC105CE3A34B9E4CF9718F18C54FFE5BC5F27E0793494DE1C59BF5,2026-08-13T17:16:01.253758+00:00,29.995149,deepseek-v4-pro
9C3032EBE3AE56080C6956E52EB0ABE21A6456C9AAA4301B61E77D52DEF85471,2026-08-13T17:38:46.039274+00:00,27.149365,deepseek-v4-pro
9C48BE36030FEDB4229BA414C0131E9E53216A914BE9DD9273FBF2984DE8A19B,2026-08-13T17:53:02.038900+00:00,28.802117,deepseek-v4-pro
9C7B7D41507EFF22D29E7366C652653581DA82D23BBD73A2C3ECEB6A31CD0EC8,2026-08-13T16:41:29.053997+00:00,27.58643,deepseek-v4-pro
9C8A36393B7D068B176FDFC6FBA3782A163CD0F0784AB344337EDF0A2D6BDE49,2026-08-13T17:16:18.170810+00:00,29.344695,deepseek-v4-pro
9C8AE06666938BD11E8262193DE07E2E67579C7976EE02EAE0B4ECD43C6DBE34,2026-08-13T16:38:57.419036+00:00,21.668547,deepseek-v4-pro
9CD4CAD21D8F9840249283043C6D74B2EF48689B6B42E8CD8FC03962386111E2,2026-08-13T15:57:56.216841+00:00,61.150833,deepseek-v4-pro
9CD684A3F198F1677ADCD34145A9B8E16049C9538EEE83BBA537A0E064928FEA,2026-08-13T16:05:34.752008+00:00,30.599082,deepseek-v4-pro
9D6623B244D861E38D4E8F08C8CD14332C72D95DB6E3927399741B246CFBD9C9,2026-08-13T17:22:02.415560+00:00,39.885419,deepseek-v4-pro
9D6698348993988878A5C0B7ECB40D723C45C7ADDA59AA3CCE75880C69DFD98E,2026-08-13T16:32:29.025965+00:00,31.086796,deepseek-v4-pro
9D66D0439F17E514DE36D42D52D896A9CC359817A2FDB916E059A5491CA3FC90,2026-08-13T16:37:14.289086+00:00,49.232784,deepseek-v4-pro
9D7676159FD2D44BB804B084B52A12D61269B12B39E347A1A48D965DEF196F47,2026-08-13T17:47:19.722274+00:00,38.812802,deepseek-v4-pro
9D807D8769DB0652F553EC48C56CA2E71AC802355CAC2906094EC7D5BFA0E43A,2026-08-13T17:52:32.275145+00:00,32.842752,deepseek-v4-pro
9E2811B9E84EB00BAFC897AC36A195AB98DF3556835647C3BA24D7C74199E2D9,2026-08-13T17:05:32.133167+00:00,55.156291,deepseek-v4-pro
9E66C6D1099B433014BD814BAB994731517D191D624602C80D51DDC545AF39AE,2026-08-13T15:55:50.532575+00:00,41.543677,deepseek-v4-pro
9E6C85596DFDC2A6EC9811F2A935F324671F79C7507BEA3E915787EB95E4FE5D,2026-08-13T15:59:32.717297+00:00,43.860932,deepseek-v4-pro
9EB2C25E772C37467A563E732E1BFBBE0C420B866870A411F8386AA94D06DFE7,2026-08-13T17:05:14.397536+00:00,19.976801,deepseek-v4-pro
9EFB96CD84D3FF9B29E3D621184802022547AB42B10E7F26C3ED462B547F686F,2026-08-13T16:40:43.551556+00:00,32.276103,deepseek-v4-pro
9F1ABF3E82362A5148A1BA6A32698C7B7BEE29A2C7CA61B2443BDBD869C29DED,2026-08-13T17:25:39.776669+00:00,22.649452,deepseek-v4-pro
9F34C6AC810245D5A38BE672C66A55ED613E920461445BD66AD983316822D573,2026-08-13T16:58:08.259686+00:00,27.373301,deepseek-v4-pro
9F37508B7F31E7A59705BA39DE62D7FD2336B5124A7D2D26E3FB094B030ABE6B,2026-08-13T15:58:40.592878+00:00,57.848342,deepseek-v4-pro
9F4E9C68D028171348FFC81160A2FBA5CC2E36738C1CB5C7B27B89CD26B56916,2026-08-13T16:33:07.419840+00:00,38.381277,deepseek-v4-pro
9F57336C0A84315FBCF355DAA2197B78F86E54B25EDB98CA6EA18132B1DD696E,2026-08-13T16:23:53.642124+00:00,45.48686,deepseek-v4-pro
9F95B8E70F990E6885C0554603E8878FDE6781986EA195FFEE3212BA14B45113,2026-08-13T16:46:59.849929+00:00,54.504286,deepseek-v4-pro
9FB2DEF61A83282CAEE3FC4798DCEA560B9F64943F7572FEF2C0FE236F300D52,2026-08-13T16:35:53.642315+00:00,36.661233,deepseek-v4-pro
A005419E28B8018D1A315D6D8972E9923B1FCE9D64E2496702017A74858A4BAD,2026-08-13T17:10:46.562942+00:00,30.326251,deepseek-v4-pro
A01DECBAC30D27EB607B5ECD19ACDBCF5FD75BD5D1ED9FFB315A80BB397A7712,2026-08-13T17:50:38.199240+00:00,56.459101,deepseek-v4-pro
A036314F8D4334318298A2960D1127890396B33F12F5ECA3BAD68B160B0452D1,2026-08-13T17:00:53.697207+00:00,35.693454,deepseek-v4-pro
A0615D4B75855FFA70FD845A943B0A751A42175FF320CBB5879513D6ADFA59C1,2026-08-13T17:17:53.176905+00:00,35.983665,deepseek-v4-pro
A061A3358FF559EDE7DEA4BEB3FD50813A50EF297E5A8CA9411DD31654B7A302,2026-08-13T17:00:21.184746+00:00,18.735531,deepseek-v4-pro
A0830A17A8AF0C5A02937286B53441630B4F21756DECDA6939EE15665674898A,2026-08-13T16:43:35.409588+00:00,28.936983,deepseek-v4-pro
A08DCECB6CB52B248ED0773CFCCFCAFA09A6A899BAF66E6742BCB1E8DF06B838,2026-08-13T17:37:53.236283+00:00,37.767036,deepseek-v4-pro
A0CD5BCD0B18A934EBEF926E766E3C7310CD77A2B43F43802DB131D48599FC72,2026-08-13T17:27:02.640422+00:00,29.567518,deepseek-v4-pro
A0E0468A33C1AB17EB7041710030C873E9F91F14FD0ACB22D7CC360C2F45366F,2026-08-13T17:54:48.667632+00:00,71.494275,deepseek-v4-pro
A0EE61C85745280813939FD4DC84D44D6741867A4D0717CE45A8BD57DC6D3FDA,2026-08-13T15:58:45.561896+00:00,28.298051,deepseek-v4-pro
A0F5353BCA908AF352827FFCA4666A0DB11CBF9F156AA7C186AAC6B52D6A042E,2026-08-13T16:49:56.484109+00:00,30.132288,deepseek-v4-pro
A1238E8C255560EAA63AAD77F18C69AE92C2D2D4FB7A1DE846212320037769A1,2026-08-13T17:26:33.067080+00:00,46.578822,deepseek-v4-pro
A12DB9EC431106D43DF867E4B152202B511A6A1B603103453702DBA17B28D40D,2026-08-13T16:05:49.118854+00:00,29.063414,deepseek-v4-pro
A13A335FDA5D69966CAFC2F7B44B36552267B1D3AEEDC1D74F20268AA7D456AF,2026-08-13T17:25:26.514266+00:00,29.602051,deepseek-v4-pro
A14C85008D0199E5602166E5F4F11E50ECE65BA8CE1FA65AC73C90EB58DB3AD7,2026-08-13T17:45:42.358344+00:00,24.715962,deepseek-v4-pro
A1687D20CA75F8AF689B41316DDE3227A88876663029D3B3CFD4F733FCD3BA31,2026-08-13T17:48:08.808896+00:00,33.097478,deepseek-v4-pro
A1C4E259B336BC547743697C8857FF37801E7F978EFE6F4491593B9C72D3FCB6,2026-08-13T17:31:10.822862+00:00,39.335612,deepseek-v4-pro
A1C7F76DB8A27B2B4C3D6978A02CD2BBDEC7E543ADC385B532E55680AA2AB973,2026-08-13T16:56:33.766030+00:00,46.968334,deepseek-v4-pro
A217DC9F045515C3908CB121C60D8257ECC3EB6D509EF1DD1E91571115780233,2026-08-13T16:27:56.374411+00:00,28.660215,deepseek-v4-pro
A218B331AC1F0BB8F320206C9F0D4960CF9B6BE9A39B96581F216B8464DBDCF0,2026-08-13T16:34:57.199824+00:00,32.934713,deepseek-v4-pro
A265949741FAF6B3A2CD4D74CFEBA4CE7E202DFC3086C2EB3716AFCA41794430,2026-08-13T17:29:42.689234+00:00,24.217917,deepseek-v4-pro
A28A473286C555025BD0293B68207816AE0469B1826204E9CCC08333EA222596,2026-08-13T17:33:24.968656+00:00,51.988924,deepseek-v4-pro
A28B5567BC078A1D5F2A6129E0ADA6A72E3BD2FF18CB7E047470D876FB9FF294,2026-08-13T16:52:01.366032+00:00,39.228853,deepseek-v4-pro
A2A6713300B7AE1FED0B8FEB742A5CACF1F79CC279EEF7114D21A5FF0414D404,2026-08-13T16:54:58.608041+00:00,35.783283,deepseek-v4-pro
A2A974A2BE257749ADF428BAB6BCE393FA53290B10985E1C9065A2367DFC0603,2026-08-13T16:44:29.474030+00:00,40.532238,deepseek-v4-pro
A2E516D7B2A4B2D8D74CD83CB2303B95794516658C7516B90A7248848CFC4C83,2026-08-13T17:19:18.867080+00:00,51.024508,deepseek-v4-pro
A30CF4EF91DF04CD2BCF6881568494AAC811F6328BF83DD125EBBC20EFB43BFA,2026-08-13T17:32:32.967367+00:00,36.884231,deepseek-v4-pro
A3233813EE8E91ECFB2025071D2067BEB7338F90849C858AEE579BFD4023D3AB,2026-08-13T17:08:54.191811+00:00,31.103897,deepseek-v4-pro
A32A321533EBA86CA53FDEE56AD066557BB600CC461795EF90A94047FBF8BF04,2026-08-13T17:18:41.075815+00:00,58.176622,deepseek-v4-pro
A3354A26D0AEEF91CD91016D08AAE255E657142CD1B498B36806A360D70346CB,2026-08-13T16:57:29.398895+00:00,44.393924,deepseek-v4-pro
A356546B64F87C6D78472838AE1856B36E0B60403F19B1ED463D89051EC8DEF4,2026-08-13T17:26:01.598251+00:00,43.096396,deepseek-v4-pro
A3863995CE8F09E9D0488503BFBEC0FB3E04BB39BFF628BECAB4BAA84E3C3D08,2026-08-13T16:43:47.450491+00:00,55.986013,deepseek-v4-pro
A3B09B66BB9C54CAAFBD930E9B470E5FD0E5229606757EE6CAE5D4247FD52836,2026-08-13T17:52:33.585365+00:00,36.88303,deepseek-v4-pro
A3F6FF77F12B01218EC4856CD7081F1E77B4BF713DBE360334B9D4930180B0C8,2026-08-13T16:25:07.777136+00:00,31.692391,deepseek-v4-pro
A3FF16D49720E9292040B879A6DE5B9FA5798D44FEC409464B91AFCD6DB2C750,2026-08-13T17:44:14.202950+00:00,26.619207,deepseek-v4-pro
A430D9C38E3E3C7BB60D5C9884AF31D653E031628F5D6AA5894D4F6712FD9A2D,2026-08-13T17:52:38.127854+00:00,38.258922,deepseek-v4-pro
A47B6A9D0BE5D17F3617182685E5F95995CB9AB0BE8CE3DC679CD550FC754F0C,2026-08-13T15:51:01.578030+00:00,46.593654,deepseek-v4-pro
A47C45870AD8E42BF68BC097E8497CFCFA70D2121861361597625CA4B754A18A,2026-08-13T17:06:04.315878+00:00,29.869746,deepseek-v4-pro
A487403ED3EE91C982365979DB5EEE5B165146C6DE8BA0F7A7E2129058A6E4DD,2026-08-13T17:29:24.078210+00:00,22.960382,deepseek-v4-pro
A4AA1DB90132DC616861B1DD7898DD39A5C5F29D3BDF93C43717D647DD6C9D88,2026-08-13T17:07:07.542240+00:00,38.742607,deepseek-v4-pro
A4BB65475A352541A12D5541B381698F15EED7E6EE8E7B767021FA65247450E5,2026-08-13T16:51:18.463265+00:00,25.082944,deepseek-v4-pro
A4E115964E6FA98005F7DF2F3533FF412E64913CC3F5D902F4BB8DF7DAAB62FA,2026-08-13T17:37:50.322190+00:00,45.466501,deepseek-v4-pro
A4F328FB673C07BF5144031F9312E09BCE3BBA8A0DE2DBBC447362611AB5B188,2026-08-13T17:23:05.933495+00:00,62.736221,deepseek-v4-pro
A4F3EBB57B05350D38A89C39E2E436DA54AE446BA8E46CBD71DBA262D571BF8A,2026-08-13T17:29:54.385855+00:00,47.603965,deepseek-v4-pro
A56FC5B301EEAD2F7733E6746A587F12A8F994F45AC9D6578D073972FF8075F9,2026-08-13T17:08:55.646202+00:00,45.884737,deepseek-v4-pro
A57A51E91A9A5B188D6F880582EAA0458ADEAB98A8CE81D626CEB1D539B09648,2026-08-13T16:45:34.729380+00:00,48.653417,deepseek-v4-pro
A5AB5403F6ACC1498DF9024DEAB7726726A3AFE20B604EF9681014C7BE587740,2026-08-13T17:42:08.966969+00:00,18.782862,deepseek-v4-pro
A5D5CE0E0885945DA0CF3F17EB8968106AAC348913FCACD194782371F02B5797,2026-08-13T16:26:32.473601+00:00,29.011643,deepseek-v4-pro
A602CB6FCEEB2C7E5C3E00054932E0168A9CED30A8A5238065117CE8F523E996,2026-08-13T17:08:33.822801+00:00,23.722405,deepseek-v4-pro
A6289CCC4A7CEB1743EE0ADC611AFE20B891130593296D5D1C708E1123C4E4BC,2026-08-13T16:43:40.626766+00:00,25.315428,deepseek-v4-pro
A6408E3D7056D0E57098919CA9388B9121EC94E69B68AE93965F47D50EA0CED9,2026-08-13T17:29:08.337722+00:00,49.171374,deepseek-v4-pro
A651FD9453A9978581C0BF305F7FD640CAF3E13CD54CFA90B46777C4E6356479,2026-08-13T16:31:22.146313+00:00,27.988962,deepseek-v4-pro
A68457AAAA6A74D3E3B68FD84E11F99D5046F01A6713B4C3BAAB3686525D728D,2026-08-13T17:25:22.437744+00:00,22.464582,deepseek-v4-pro
A69923200486E761483FF820AC5AD42DCC5008927CCB0D1DD540328825F09463,2026-08-13T16:23:25.401326+00:00,37.63258,deepseek-v4-pro
A6B2D516D8699D506A2A50F8B1D74D62B765B57BDA5BF6FCD0CBC12782EB6FF3,2026-08-13T17:07:40.271587+00:00,59.20075,deepseek-v4-pro
A6BF9464ECB9641F7237DF2F774D47E0232A06A2E625C1578C59F282CDC1C2F6,2026-08-13T16:54:27.059915+00:00,25.389778,deepseek-v4-pro
A71EBD36F60F8FFEFE1FD53979B1C0A4B1DC96C7B31D36C1FA0BB548D05D439F,2026-08-13T17:13:01.832878+00:00,42.774177,deepseek-v4-pro
A7458DCCF98804E54DB4BD0A439B780D9125A319EFA21AC09EEB324B04A19253,2026-08-13T17:43:18.779950+00:00,16.735855,deepseek-v4-pro
A755C6499841F0995F9AC8CB84D386E0558F3E1A57361D75A2E8789EE3AC658B,2026-08-13T16:53:04.805945+00:00,32.051442,deepseek-v4-pro
A75BE38D1D7C2A3AB556D3FD98CCA3636762FDB9600602FD1CBB44C49ECFDA47,2026-08-13T17:43:33.427019+00:00,25.231056,deepseek-v4-pro
A7984133FCCCE6D7E92C65C2E5244D1C4FDB5E8C1BE4721344A6CA94602ECAB6,2026-08-13T17:18:34.556335+00:00,25.87088,deepseek-v4-pro
A79B50A8C370AC7C0F5F7994DF832A0A7FFC25A59278B116C2FBAAB6F459A276,2026-08-13T16:40:23.926713+00:00,31.288678,deepseek-v4-pro
A79CF37D1D0CEED1AE7FC9C721227AC94C5BB39F3DD8AFA4462E796A520923CD,2026-08-13T17:34:47.475790+00:00,36.983483,deepseek-v4-pro
A7B8ED48DCAFA1FCA6D9144258AD085002496600A2A4F3C8D212AC5BEA446D21,2026-08-13T17:25:44.635091+00:00,54.702793,deepseek-v4-pro
A7FECB4308A6286A333FE1499BD5E09952CE85426B5D1BFF5FD2CBC476721A3E,2026-08-13T17:07:56.830565+00:00,49.283067,deepseek-v4-pro
A8414EA931744E7F0FB57EB0C1A70773D9A0FB5FA24823FE41A3DB85FF52940D,2026-08-13T15:54:49.510207+00:00,25.807368,deepseek-v4-pro
A8487FB091C78CCBAD1202CDEE64AE36548AC4FD584EE0B7A00243A842093017,2026-08-13T16:52:01.006750+00:00,29.815658,deepseek-v4-pro
A87B0D5ABF852D85F3E29F4A7828D7E8E847B60BBC8EF8889DF137AF883B5936,2026-08-13T17:20:21.112864+00:00,26.007452,deepseek-v4-pro
A8A566AFBFC09FED2CE3B1E28EC7CFE939142B837864AEED2A02343BBCB1568B,2026-08-13T16:27:41.606270+00:00,50.888953,deepseek-v4-pro
A8ED87D23CDD9BA135EA8E949890D8632B21FFB15DD66BDE5436CFCF39C3C582,2026-08-13T16:48:08.692275+00:00,40.446616,deepseek-v4-pro
A8EF1A3C7267FE62ABCD360A3785C6BB9BB120C3569B015ADE0BDE737C7B82EF,2026-08-14T03:12:32.965932+00:00,37.177251,deepseek-v4-pro
A90A9C95A494BF0A81E913D6E1D60343B42F4D162F59F478AB39FAD2F5CCBD88,2026-08-13T16:32:39.720527+00:00,32.310639,deepseek-v4-pro
A917DC94B627C1BBA224D85D20EAA18A5A57B974F9D916C582F4FEFFA42CD70A,2026-08-13T17:12:25.927083+00:00,25.725484,deepseek-v4-pro
A9195BCDB5BEC7D15B98343D0596047D5968610CD405423ED2A8DB05E0CEA8C0,2026-08-13T15:53:26.208057+00:00,30.548092,deepseek-v4-pro
A94BEC04FDD36920DAD7655B22D80AC43EAA57188087F7EBAE2F803B71D7BE61,2026-08-13T17:33:08.117255+00:00,38.010995,deepseek-v4-pro
A956268A0DD730C10A240BEADEAE15F32D225D250DD9330236FF84F8FB491496,2026-08-13T17:42:23.132367+00:00,36.013156,deepseek-v4-pro
A9565A20B2E90EB64C6BB30EC05D46CDC25B96A2274748804FA18320E0DC81B7,2026-08-13T17:46:30.234548+00:00,22.775485,deepseek-v4-pro
A9E6271F01FA0B83114CAEE2B1A47D4056A6C64EC8A89C658A38BCB08F799678,2026-08-13T17:12:26.078919+00:00,28.940984,deepseek-v4-pro
A9FC059179919D6110A335215423D9746717967E39F8C9BB0430F7E30709A907,2026-08-13T16:25:28.150127+00:00,33.352976,deepseek-v4-pro
AA3E5A46A1A4DB6424F9EE0028287E0EAA0B13569775B11AC07B4C64608C4843,2026-08-13T17:31:47.693931+00:00,33.89705,deepseek-v4-pro
AA60BF6BA54074F158D4E4A0CB1FB15DEE85334BF367C88F4323FF136F7CAEA4,2026-08-13T15:54:47.252658+00:00,24.373329,deepseek-v4-pro
AA8C98AFE9B9243E8EFC77389BF8AC07C02CF5F534CF4A886B0A0F30C70461E3,2026-08-13T16:37:22.927291+00:00,49.016082,deepseek-v4-pro
AAA8FFCD0F5A698F2A1A09561FEE2F63868FEE910B1EDBE77A30281A57F2EB45,2026-08-13T17:39:54.749215+00:00,42.425515,deepseek-v4-pro
AAEC71D93DC3388DEC9DC60D96E99FE60AD1FD070DF8C6CA1165EF1EDE780897,2026-08-13T16:46:05.339332+00:00,40.02925,deepseek-v4-pro
AAECBD61398811E3F4A21C308468C528016FD3F7E65A30BF7F0C889A46664632,2026-08-13T17:29:43.805454+00:00,56.466478,deepseek-v4-pro
AAF29C65EE45A490762E3CBA8162758072CC06F6FFEE41353D7E36D8C3DEBC4C,2026-08-13T17:00:07.071328+00:00,21.201725,deepseek-v4-pro
AB5F30B41173467CDB60F2A3CAFE16EBB3E96A3E6410F79A411C286CEDE8B9E8,2026-08-13T17:29:07.334834+00:00,53.941858,deepseek-v4-pro
AB9AFE406DD5E3C537D05511B9E3E9C95CD860BE2BE27E4A0247A7F01D899AB8,2026-08-13T17:07:53.757269+00:00,37.491313,deepseek-v4-pro
ABDBF1F8A916460B46941704FB7AEE499ED8A6BC8ECCDDA46CE90A1D97588197,2026-08-13T17:46:44.963745+00:00,13.808251,deepseek-v4-pro
AC6706C5EFC557C5923A3EEE838D9AD8A3D8471E0DFD536DC9027B3DBF3292C1,2026-08-13T17:32:55.146839+00:00,35.119632,deepseek-v4-pro
AC861763AA12A13FDB57FE0109A728E045F1D6DEEB6EBED2903845A46E355064,2026-08-13T17:03:04.869301+00:00,37.410092,deepseek-v4-pro
AC99680E1666079869390E9C2C05082AEABE39A71E693BFADA2933C9AA30CA28,2026-08-13T15:53:19.810095+00:00,24.859606,deepseek-v4-pro
AC9A82610B9C5670EA18C506344AFC94E3372464B86666C43DBD6D85125EEB9E,2026-08-13T16:46:13.292100+00:00,60.821642,deepseek-v4-pro
ACB32E4C9B3626F0C0F813B6A05EBB98F31A4A2ED49E4B16E1264BAE3DCC3589,2026-08-13T16:49:46.885027+00:00,52.711124,deepseek-v4-pro
ACC5DD26DEA6BF43EDD9845D642755564A7CEB7B4E94C2B9E048EC1FE7FB9775,2026-08-13T16:23:57.381617+00:00,44.84975,deepseek-v4-pro
ACF6DAF4B28294353D896DF20B6AD11E5E8DCF7AA017341A19414B6FD1CAD56F,2026-08-13T16:50:29.100343+00:00,32.61094,deepseek-v4-pro
AD0DA6A729D6E9837BABA457775BE3A0B1ECDD0B8AF9A12C9D3A6152EA70DF42,2026-08-13T17:13:52.905895+00:00,26.944123,deepseek-v4-pro
AD31592197D00D23774E9A3B57256D083C8359292A3F5966498F6D42E7381457,2026-08-13T16:40:02.137427+00:00,36.886157,deepseek-v4-pro
AD69456F5F2463A12483743EC2EEE3BEC78D8C9B30C31A9EF13EC431EBA78F9D,2026-08-13T15:55:34.053454+00:00,21.992422,deepseek-v4-pro
AD6A3A41130FFD431CF209FB8E18AE0FEE3D67F29DE83FAD317E1D59A58E578A,2026-08-13T17:30:15.771015+00:00,53.649517,deepseek-v4-pro
AD757CDF56AEF4F36CFCA2714C6B89305608B4BF090101357518276757E71D22,2026-08-13T17:31:56.077130+00:00,24.202568,deepseek-v4-pro
AD87C353C1CE95D17FA7176CD01FB61DC5138D3FD00A250928223EFC12279427,2026-08-13T16:39:21.448567+00:00,30.690038,deepseek-v4-pro
AD9A5BE937CF872C929B23606869CC5069FED5A6D456665364CAEF09D585DE7D,2026-08-13T16:42:51.458915+00:00,44.978112,deepseek-v4-pro
ADA8B215F64EFCC9351F2354A5C7CAF7B81AFD7BB21CE85F2E91C615E287E121,2026-08-13T17:04:57.024445+00:00,37.138829,deepseek-v4-pro
ADF16AEA783E271A39498CC36CD87A7CF0B08F881D7973CBB2147D23CCE3D0D8,2026-08-13T17:22:10.671930+00:00,39.834123,deepseek-v4-pro
ADF9341EAA7CB1A8E6ECF33BE21325AD660A47FC8DEAD73B93781C6D1C22CE4B,2026-08-13T16:31:29.140981+00:00,58.158176,deepseek-v4-pro
ADF979B2374A12B5BC0825A219BE5E07A40D16A7AD1A57218BEC749DFC71CF59,2026-08-13T16:28:08.394511+00:00,52.999605,deepseek-v4-pro
AE4BA47C059A8184E7590539939E14E04DB51491979608940FB18C5DB81EA5EA,2026-08-13T17:31:19.417058+00:00,23.111442,deepseek-v4-pro
AEC316633107BF58CAEE42690A133E8FEEE408E933A9B287DD4E8A075AB0F82B,2026-08-13T15:53:47.192742+00:00,24.09058,deepseek-v4-pro
AEEAA99B13B7DA5C538CDFDDE6B3EB6AAD8DE7B6A1CF922813939E730190AEE3,2026-08-13T16:35:00.862244+00:00,16.834088,deepseek-v4-pro
AEFA229BD4C2C044A7B06D7E88B629F58147B5B210B395D8E0EE8F88774750DD,2026-08-13T17:11:32.016624+00:00,56.582562,deepseek-v4-pro
AF0AC869B3A51AC616721079C9A6298AD2A8FB4D27DF19A11AC891E653A2DF96,2026-08-13T16:05:05.825866+00:00,278.77521,deepseek-v4-pro
AF2A37B5224A1688224730FE0AA3CB280DBF4BCA4EDF948C461567545D99B8B8,2026-08-13T16:43:11.043840+00:00,29.941386,deepseek-v4-pro
AF6E47AE9F14BE557A49A3A1E50D5C8B8D4FE64C0DB15BDFDCEB712574F82573,2026-08-13T17:43:56.933580+00:00,16.626151,deepseek-v4-pro
AF7367609844EE424E5934AF90172256CC164849392E2A270A227A8593A8F070,2026-08-13T17:33:00.687275+00:00,22.430919,deepseek-v4-pro
AF894EF0CDA9AC6B956A3132BE9EF403B6FD37BCA3735DCCBA77E3BE070557BD,2026-08-13T15:54:22.874320+00:00,19.479601,deepseek-v4-pro
B02AA31F3355DAC1E2CB35B20711321FD9A314423AC75FD065CBD72081E47F27,2026-08-13T16:37:59.861601+00:00,35.508543,deepseek-v4-pro
B0499AB37DEBA9202900ACE3F9EF566E0952801CB8DF089889E16D7F0B38E3D0,2026-08-13T17:21:05.350213+00:00,29.263673,deepseek-v4-pro
B04FC77D55111C5E89B0F59027BE5E035265664A45270B9303D080C87EAF0E95,2026-08-13T16:54:23.676777+00:00,25.191341,deepseek-v4-pro
B08838A62A81B0FFEA9E44E26BCB44105DB7FEE3146B81D6F2574649995760D9,2026-08-13T17:05:43.343813+00:00,28.939273,deepseek-v4-pro
B0897858F615BB8950F911BB7B42D6CD65EBB26C459FB66DCF7448694D64DA50,2026-08-13T16:33:43.733646+00:00,22.61067,deepseek-v4-pro
B0A690235FE09892FA1662043A177AB1CCDBA807315A23937337B06211DF70F6,2026-08-13T16:35:42.231899+00:00,21.254282,deepseek-v4-pro
B0FEEBE08E1F2564BB24F8A76E1D8E402826880F8A848F4D39A3C84C7029C850,2026-08-13T17:30:56.298590+00:00,35.388251,deepseek-v4-pro
B12ACE9AEB5B236C2898C5DE0387B592898430E3E83F030C2E293D542E535491,2026-08-13T17:30:28.718614+00:00,16.155705,deepseek-v4-pro
B154C16E3A2D5E2105780AD1D4719B980C10336A70D84267801BAA3D0F32A018,2026-08-13T17:03:29.003971+00:00,43.929187,deepseek-v4-pro
B163BD7DE0139A093051FC1621A44C217A245573F25A7E44AA4E283F2E68B5B1,2026-08-13T17:48:12.034149+00:00,26.876182,deepseek-v4-pro
B16EC800F901392344C1FF247591DB2D35C62EF87A7E14EC4212F7055E1C9F10,2026-08-13T16:23:26.651939+00:00,38.925393,deepseek-v4-pro
B172C90E25E6159D972CDF01C084DCA3C1183F17E84D6EBC44E9AE94CDCD64DA,2026-08-13T17:41:39.160691+00:00,32.144062,deepseek-v4-pro
B1AEA94AA878E551ADC71915F20A336D5448EFE1080A26C057EB927C7B4089A8,2026-08-13T16:23:41.754518+00:00,33.887075,deepseek-v4-pro
B1B6AEB7AF3BB4B96B0DFF7072CAB6A38287DFCBFD4CDC4D77C289759CE49719,2026-08-13T15:53:06.440129+00:00,38.692885,deepseek-v4-pro
B1E8951C4F44B5DB422C693BDB1E9E8C01A04ABF27060BED16EFAD3DDCF1873D,2026-08-13T17:05:45.521285+00:00,37.702278,deepseek-v4-pro
B1EC8771D37BC8DD9F35D616A7998A4850E04845AD7252C7D0C2E4DADD377439,2026-08-13T17:01:30.028960+00:00,36.325229,deepseek-v4-pro
B1F191AD5B97718566021A4C43D72C00A910DAB03A15C9A5F5642CDB3E3A7789,2026-08-13T16:49:05.295233+00:00,33.984906,deepseek-v4-pro
B1F21A3215B2B9EABE9BDE267429E52635DADC65B34124D4B8CB2C54E6ADD2E9,2026-08-13T16:33:54.664228+00:00,51.291527,deepseek-v4-pro
B1FD91180C51E31DC1A3E8C13D7DB069A27751E6E0F38EEDFD3ADE703B36893E,2026-08-13T17:40:39.547169+00:00,20.755826,deepseek-v4-pro
B21C8B8D023E5B481D679937A1F9DCC40797B7330BCEB2FAD8CCDE07DB3D2E1E,2026-08-13T16:32:21.929432+00:00,37.946959,deepseek-v4-pro
B22795AD236E38D570568DDE86273FE6B5EDFE1796EC9B4740FD2F55932570BB,2026-08-13T16:29:02.265423+00:00,28.122405,deepseek-v4-pro
B2362FBDD47EF77AAC64460E7AEC350C26440B6650A107FBE9E61B51A0FBD3F3,2026-08-13T17:47:20.791676+00:00,34.717586,deepseek-v4-pro
B26FD3EE766CEF3C2BF480AE5D513530B0BD4F349CA76A427A98C6D10C2A8BA7,2026-08-13T17:15:48.819422+00:00,45.987341,deepseek-v4-pro
B2892AFFC55C3C91ACFA7CB701463213ED14513A87FFC4EBE4DEEC0FB8A185AE,2026-08-13T16:37:34.146382+00:00,29.578212,deepseek-v4-pro
B2C43FC5B2CDE60265729D8DF8508D9688E1E8387875A973B50B339917F47146,2026-08-13T15:59:16.756413+00:00,29.605202,deepseek-v4-pro
B2C44C99647D3D9990880478D4327EA7E03AE1482E5F020959C8BA42682BF149,2026-08-13T16:29:35.581611+00:00,34.488395,deepseek-v4-pro
B2D516892BAFB3E2F3E7AD479A6D4E76796439B9E8053B6F6E5113EB3A746E1C,2026-08-13T16:25:43.625899+00:00,43.295813,deepseek-v4-pro
B2E6CED53F7964392AF85613E4B00E57EFCB15A13C124CEE72FD2201DFECBAB7,2026-08-13T16:58:21.752564+00:00,80.629983,deepseek-v4-pro
B3160C18CDFBB64CB3BB760F11A01B12C93F40549F65FBA15EBAFF530E1A73C2,2026-08-13T16:13:11.520683+00:00,43.837474,deepseek-v4-pro
B3962D05BC909F40AEB431DD85A95F0BA8D93B6F2DE8CABDC724BB9FA92E4193,2026-08-13T17:10:25.993861+00:00,23.736326,deepseek-v4-pro
B429A4582248CBB4A6D9987460E29EEFEDCB9A39F76FEAD889F01187E66269E2,2026-08-13T17:09:06.001177+00:00,24.662495,deepseek-v4-pro
B43001B41C7D60FDAAF037F96DB66C9F484C5FBFBBD6FA7E3C3EA7F039F4578B,2026-08-13T16:43:57.735912+00:00,23.388575,deepseek-v4-pro
B43072BF7CF40FEAB4B43C5C96C80AA399B9FCF0136BC05F9825DEFB1753F236,2026-08-13T17:37:14.953641+00:00,52.521268,deepseek-v4-pro
B4337EE63F1145D1963A311A9208275B62547B5DBDA3984C905E8CFF65AD2470,2026-08-13T16:37:02.306825+00:00,25.26804,deepseek-v4-pro
B444BFFA9CA57C1330B87A8AEBC6D8F1BA083601602F789063FF1CD6D8AA8392,2026-08-13T17:21:37.805847+00:00,53.56301,deepseek-v4-pro
B44D4518FAC934DFA32D8F3BE25CE45941625AA7865A7A9662618345CFA18D25,2026-08-13T17:14:39.824908+00:00,49.827169,deepseek-v4-pro
B4A143E16B723BEEF7BE69E77F23AAEB1C254A06ACE640DCC981E2DC5EB92DF1,2026-08-13T16:52:31.884105+00:00,26.679352,deepseek-v4-pro
B4A8C3C2E9B942D086C47E6DEEB9FFD2BAD6CBC2AE8A3BF53D1A9D910243B93D,2026-08-13T17:25:18.486211+00:00,34.410481,deepseek-v4-pro
B4C4A3A43B80C845402EA4EACE7ABF6FED3174B2ECBB9E8C4A129994F674BF07,2026-08-13T17:04:11.346728+00:00,27.414485,deepseek-v4-pro
B4E0AE8993DB187124362CEB0F98F641E0E7B3A4E05BEE9516619164FAB571D3,2026-08-13T16:41:48.936755+00:00,40.361671,deepseek-v4-pro
B4FF9A1E9B84FC592B34389FF9D376697A3075F56A65822AFD4F246E6E715C22,2026-08-13T16:41:08.568490+00:00,25.011315,deepseek-v4-pro
B524CEA50151F8824000F3629A4563718CAB9BBAB05DC2193B06C94FDC279107,2026-08-13T15:53:33.920676+00:00,52.378835,deepseek-v4-pro
B543D317066549ADA8807731CFD51AA53485F30A01174DB396EEBE73697873F2,2026-08-14T03:12:23.117464+00:00,54.684741,deepseek-v4-pro
B572CC1EB2580B5D54074D1C7BAAE6F182204B344DD732D8381BB0D520172F67,2026-08-13T15:55:51.896382+00:00,26.079222,deepseek-v4-pro
B5F26CA021F57754F6BEF990F177A2924BCF005B8BB41F2B109875E5C73365BD,2026-08-13T17:26:44.571310+00:00,34.795661,deepseek-v4-pro
B5F9344A5226875AC0845E63E3D95DE573D4C6F6D3EB7957AA1B45023F443E89,2026-08-13T17:49:10.747288+00:00,32.023695,deepseek-v4-pro
B5FDFB036F5F9A8BD4B50CA2D272314BC4199224B56094385C3C981F09AE6D5E,2026-08-13T17:05:45.115316+00:00,52.846681,deepseek-v4-pro
B60D8E0FFFE89FBF2060498C2C278874DCF2D8A07D5D26D2EDFE98C4EB05B407,2026-08-13T15:54:29.561257+00:00,41.663106,deepseek-v4-pro
B61EE1C0D78303584DC40285ED48512B1CAF498438487903D5266DF3EB70C32F,2026-08-13T15:52:15.014146+00:00,45.355186,deepseek-v4-pro
B64C9C8FCB192A0D75F8C7799D53BC2C007E6ED337A272683C408271E0F445BF,2026-08-13T17:14:47.480340+00:00,43.713546,deepseek-v4-pro
B65BBCF16818B60CAF1623DE2F4BE30A69CA3B6266C072BF7A80D815C75C6CCC,2026-08-13T16:56:29.857200+00:00,40.900683,deepseek-v4-pro
B6B7575BE940CC2928D0A69A6FC3BF51E8BF8B3B4BD64790DB9CAFC7C698BED8,2026-08-13T17:29:22.115501+00:00,39.477705,deepseek-v4-pro
B6B9FCF98B5AFCBBEE3E1469066239C3CA3E3474337BBA4E0D159BE2AF73FBB1,2026-08-13T16:39:01.517694+00:00,48.858438,deepseek-v4-pro
B6CBFCEB743A5D6C52535C0FEB38D4106F42F75D4A24B12853FC6F6BA37611E1,2026-08-13T17:10:27.181296+00:00,38.372352,deepseek-v4-pro
B6CCB5CFE8EB4982031F5829E92B7D6D6D203600B0320BFABD528C4833A8D037,2026-08-13T16:32:19.628350+00:00,25.073596,deepseek-v4-pro
B6D452B1C201DBADCCA17B809AE30D9CA49DE9A318E76D1AD1CC166B7B594086,2026-08-13T17:23:55.396478+00:00,30.693854,deepseek-v4-pro
B73988AE00F9B9D2B89703279D63B0505231A9A45DFCE405793BCCDB30CE2036,2026-08-13T17:49:29.262668+00:00,30.990222,deepseek-v4-pro
B755FD33C9B30DFB452E18FAD7918878D0639F2E307DAAB66261FF0D2EAC72EA,2026-08-13T17:38:05.333000+00:00,54.971114,deepseek-v4-pro
B756A42F93F7CE2BA5E12F3359108C60E063476E88269E52A0FC1E9F5ECA80BF,2026-08-13T17:53:43.968567+00:00,26.663786,deepseek-v4-pro
B75F42BB32FF91F93D341F5EBCB15AAEC8BE9455455C2882186997E4B755EE63,2026-08-13T16:52:51.015955+00:00,24.396406,deepseek-v4-pro
B777F2C89BBFDB3657211E7F9660E4B63E2D59865093A59B3FD92580B7757EE7,2026-08-13T16:59:31.209488+00:00,19.67492,deepseek-v4-pro
B7854BEB9E6FBDF0CDA99E0666F7C13488662EC4017B033F5BC1AF7D1F52B680,2026-08-13T17:24:19.830640+00:00,24.428474,deepseek-v4-pro
B7B96DF73142325BD5A93C2DFCAAF2313D13D6A6775D41B93162548A02FB4DE6,2026-08-13T16:30:31.058817+00:00,40.017187,deepseek-v4-pro
B7CE31E141B0F3DBA78524447F8854735A26F0BFD20E15DF0A824CABB6B8EED8,2026-08-13T17:08:40.015403+00:00,32.578641,deepseek-v4-pro
B817110AE0E2C7E65D5180C0411904E8C40E4F8ABB35BFBD1B9A301B7FFE0F51,2026-08-13T16:59:59.395075+00:00,28.180066,deepseek-v4-pro
B827D8D0DDB497CB3AC6ABF01B3B615936483CE99B2526B8C40DE496B83D0ECF,2026-08-13T17:40:18.076581+00:00,31.482067,deepseek-v4-pro
B8404253456AA5AB4D573BC4A23E73CAA861A862EB6E4EBCF36B143AF2D4D61F,2026-08-13T16:42:41.096554+00:00,38.058655,deepseek-v4-pro
B864194D6DE1EB3586F76C12422B7E70A4F40394B6A7D6E8C8E22AD0169CA9BF,2026-08-13T16:54:57.579871+00:00,23.461261,deepseek-v4-pro
B86F10CF979F6DE011147B69C9C4733347B05AEE259F93C48143A51C2C213939,2026-08-13T16:47:05.787123+00:00,32.267779,deepseek-v4-pro
B87DA3599240CB976758896B20C8FE9DCEFC134E503F3DEB6B673857EFB776D6,2026-08-13T17:39:52.174981+00:00,44.702069,deepseek-v4-pro
B8C7BA535857BF5CFE7F158AA0B41E3EB07C57B9FE932B60117BBDB2993170F1,2026-08-13T16:48:54.161675+00:00,48.535757,deepseek-v4-pro
B8E0E15CAEB94D416BF4088EBDAD5DAD4DCFFDF8AF6EDDF88E784B631DC9B3A1,2026-08-13T17:44:41.912980+00:00,18.162603,deepseek-v4-pro
B93516E6112F5E7E6A3BB7C9BF1F904F72349633B04B75CC70041F08025F976D,2026-08-13T17:42:16.400286+00:00,29.691345,deepseek-v4-pro
B93C2B2F23534726C3CE3022970B71C4565494FA4ED4B9D4B97503F5E5D2B3D3,2026-08-13T16:43:12.287397+00:00,49.002988,deepseek-v4-pro
B9A399676AE5758BAEE0C9BB63B8653EE0670A9045D61CDB0F846A8CB7C9CF98,2026-08-13T17:49:07.251380+00:00,35.501919,deepseek-v4-pro
B9B9047C03B9CC35AC456195B8D0BF38C2533BA4886069E4CE4EB8EA89AAD103,2026-08-13T17:27:05.957783+00:00,23.074288,deepseek-v4-pro
B9EEF2934EE58ABD4B0EB9FF9513E443AA5B7171C80E5255F4C33E01340B29E2,2026-08-13T16:36:33.685620+00:00,60.313166,deepseek-v4-pro
B9F3088DD1E7FF026B156A6801652E69A1DC3BE2169191A314B9026663A44E1E,2026-08-13T16:38:35.738328+00:00,42.911247,deepseek-v4-pro
BA016563C2E0D2CF1788E02B281E24579B3040A13F5EAD874C401FC5996D427F,2026-08-13T17:11:24.295046+00:00,42.803048,deepseek-v4-pro
BA251506E1B7FC67152B4A20BD60164D024FF62A0E36D7EFEA44FD4C8E6D2FF7,2026-08-13T17:35:45.829684+00:00,24.562261,deepseek-v4-pro
BA4B960E629AB585C3022CCD4A5D53EF54AC7E532EF1184192D3BEC7377C62C0,2026-08-13T17:45:28.986046+00:00,29.976147,deepseek-v4-pro
BA889D25D5A077BA4A86A3546AD7974576667DE8FC2157AB6EB0641A94F052A9,2026-08-13T16:34:27.247560+00:00,41.796241,deepseek-v4-pro
BA9F57A44BE9A865F88582CCF80666921FA4F40325ECBBBE11F2A84D046F6E64,2026-08-13T16:37:02.061461+00:00,35.913931,deepseek-v4-pro
BAA436D9F428045F16587950F6BB4231B945164D4E722E92E4F6442B7DDF8BB4,2026-08-13T16:32:18.617093+00:00,18.833107,deepseek-v4-pro
BAE05979271F7F75A9ADD13374AF0BE40B56DA62DE0760498713DF56CA61DDB3,2026-08-13T16:04:56.799772+00:00,286.642349,deepseek-v4-pro
BAF7C234744E174F78B58E987202F12E51C1063693532C79A29A9B73318D03F3,2026-08-13T16:49:30.870506+00:00,42.387071,deepseek-v4-pro
BB05A5452A0255172A3DE665C7B8536AC74EB385BCF4BCAEC3903F04202DB6FB,2026-08-13T16:27:40.075074+00:00,22.216432,deepseek-v4-pro
BB0D36F54024A3698148C1BE0FB84FAE63E627E346585531D92CEBEC80784D03,2026-08-13T16:42:03.025959+00:00,60.433727,deepseek-v4-pro
BB0EC99E9E909D8A3D1D1CC4B3EC64652FD6DA93A7C7E894A773EE49741FE1AD,2026-08-13T17:44:55.162485+00:00,19.315509,deepseek-v4-pro
BB3D6F6BA868521E5CDE6C38FFC9FF631B1C0C4184E85ED563D7FBAF4258D547,2026-08-13T16:40:18.402551+00:00,24.174226,deepseek-v4-pro
BB7610775FBD421A566E471FAA827FDB6D035E4DFC2349FE79FEA350B96E7542,2026-08-13T17:16:35.840845+00:00,23.600726,deepseek-v4-pro
BB78E5DC8D333457837C4321E105C3D6E0F98606BCB6E19CA10FF58E5EE0D2EF,2026-08-13T17:24:18.936831+00:00,23.331415,deepseek-v4-pro
BB91302BBC627F3FE43531B67956674BB254C775BBF24C72DDD9433D40442A1D,2026-08-13T17:43:08.190535+00:00,44.165873,deepseek-v4-pro
BB92CDFFAC867A82ACC852723A80AC4EAA932F53A92744FF7C2D8BC00776EFA7,2026-08-13T16:39:54.216475+00:00,34.530954,deepseek-v4-pro
BBB8DC71AFC3C9742C190D2BC4A0773A2C3832B7C0B8071FD272CC836810364E,2026-08-13T17:32:41.270783+00:00,20.570244,deepseek-v4-pro
BBCA27910E194BC011197CC76D487EBC5DC274052D28DCECED8481677DEEB7BD,2026-08-13T15:56:30.163959+00:00,23.394844,deepseek-v4-pro
BBD6F081EE44095711627EE70BE2D9927FF95967DF84BB343608430765A73C65,2026-08-13T16:37:46.775338+00:00,32.480897,deepseek-v4-pro
BBE7BA10B4C10B84B177A46336067963F14CF9FAB73E1172F213E88165904107,2026-08-13T16:50:31.297837+00:00,56.13059,deepseek-v4-pro
BC2FC8C02172D899B816B9101F7EB604F447A928DE3BF2CC7A6A4335D8023341,2026-08-13T16:05:53.768673+00:00,23.959286,deepseek-v4-pro
BC6A087A6EBA420C987187B6A3C4B6CC8047183101C86C369C5F0CBFA9F885EE,2026-08-13T15:58:43.547258+00:00,35.375853,deepseek-v4-pro
BC721DD20EEFD0E85EBD66B0D45C319ADE768D120B8D484ADBCB72645792533C,2026-08-13T16:24:09.818084+00:00,28.058186,deepseek-v4-pro
BC82B4A5DA6512A08A1DECBD5C9DCD959CF0049A5AFA48AB134BA944D2FABB05,2026-08-13T17:48:58.264492+00:00,51.708825,deepseek-v4-pro
BC8E96C1767603E536DF406E9A88AFA12CDC79E8F02BE480AB2652EB9EB62AE4,2026-08-13T17:21:08.590667+00:00,33.273587,deepseek-v4-pro
BCA60CC5B78214CF28F61E0252844E31DCBBBB9B9A3F26281CEC7A7924313AAB,2026-08-13T16:57:24.475551+00:00,26.709293,deepseek-v4-pro
BCC5A02FC459AFA84E97D2A5B21A562A91CAC4AAC48974632883A99B86E4AF4C,2026-08-13T17:36:13.950855+00:00,41.482121,deepseek-v4-pro
BCDDC5BBB229C99E9BAE3D85EB316901F628508A0916B10145868BDE05800296,2026-08-13T15:52:25.309729+00:00,35.726857,deepseek-v4-pro
BD06F753BE99690F838FE1251DEB0A958BD0CE4D798B7BF629D02D07ECED2DEC,2026-08-13T17:50:28.297537+00:00,37.420638,deepseek-v4-pro
BD19ACEA68A6841CC1739F51BEEA43EC20AD953A1B116F3ADE5AEE3F1132AF23,2026-08-13T17:20:05.812300+00:00,46.292642,deepseek-v4-pro
BD2986B2B40CBEBBF269E1D90ED39B89B67B2C13D6823AA9045C43BB536248F5,2026-08-13T16:38:50.752980+00:00,48.902751,deepseek-v4-pro
BD2B98A3916FFFD003FA730D29BB926CB2C77062DE0CA18644E1DE34E55C0EDF,2026-08-13T16:53:53.337472+00:00,44.266532,deepseek-v4-pro
BD375C5548A21AC91CD21E7C5CEC3765DC192620C2F37F7F9EA608D1A37A697C,2026-08-13T17:22:01.777559+00:00,31.393283,deepseek-v4-pro
BD854EE10109992580FC63E089BC2C55E5262B10B0A5192D039C338BA3ACA2B7,2026-08-13T17:34:57.310839+00:00,28.836886,deepseek-v4-pro
BD90240145F7117F62869C1EBCBB43948D8208C3277C9402B38E9DF91CD39CDA,2026-08-13T17:33:51.704722+00:00,29.271912,deepseek-v4-pro
BE0735B5654DB482712A4C780AF35255D3F83E893FE367A1F2F62A5A00C613B7,2026-08-13T17:32:25.711815+00:00,38.591958,deepseek-v4-pro
BE0FB74A9CD7FB887BB855985AB63D52A621F6208AA132B06FF19BCDFAC7AAF0,2026-08-13T17:16:09.444879+00:00,37.543098,deepseek-v4-pro
BE1362F05AA84EBF0F3A125A76E954510798DFADD8FC208C2D913A5B33ABB921,2026-08-13T16:48:34.710243+00:00,23.126606,deepseek-v4-pro
BE2B03514AAFF143E5586A2FD86A3102150E61449422C30DF4C6EC261BA51CD6,2026-08-13T17:27:13.551752+00:00,50.572963,deepseek-v4-pro
BE3078DEDB2E381E08CABCC6DB78E05BD17329B399D16957DB76DDC87D7AE855,2026-08-13T16:36:03.117005+00:00,30.775285,deepseek-v4-pro
BE80DCABCCCB1C9D2ACCB303C4D6DB4898E90BEDCBFA69E0C613F28ABBA40C42,2026-08-13T16:36:37.026777+00:00,43.379459,deepseek-v4-pro
BECF7BEB31D61F829DA8D46007A2D0E62183C317E6EF233648F6F0A16F8ED6F5,2026-08-13T16:53:38.613520+00:00,44.055482,deepseek-v4-pro
BEE108A568D6C26648B85994FBB2DDAC9ED748F1BDE2CCA83A26667815C0102A,2026-08-13T16:35:27.316288+00:00,23.583896,deepseek-v4-pro
BEF17B6BFF503C7D1DA020E19A824BB89106E60BA1B4C19DDFDB9E6C3EDDCFCD,2026-08-13T16:36:25.898613+00:00,58.577322,deepseek-v4-pro
BF2B560CC060B105574554E2792CAB07BBC33CEA21BFACA53832F28DC194C818,2026-08-13T17:08:10.089203+00:00,28.47605,deepseek-v4-pro
BF4DF4FF4BA05F5B1AF1E90C677C6060249276A7F117892F636931B0A47E70CC,2026-08-13T17:33:28.515268+00:00,25.467077,deepseek-v4-pro
BF9DCD34AC2D42129837EBC22AE32B9ABCC342308EAE5EA1855F46747272253A,2026-08-13T17:18:02.713060+00:00,26.539515,deepseek-v4-pro
BFD28D9D6C63A126554F47B111FFA19D21089EBF5798C32B9393FB89ED88AFD3,2026-08-13T16:41:51.971481+00:00,65.375178,deepseek-v4-pro
BFF5EF2858F330D85E11C8C2704E59D18BBFDEFDE4864AD029E312C2CC05067D,2026-08-13T17:28:19.159895+00:00,28.159662,deepseek-v4-pro
C000FA097E453F0364EB4034225364BE6CD3F47FEFD4FC3898A352BEA0355AB3,2026-08-13T16:29:40.832524+00:00,38.561826,deepseek-v4-pro
C0117F2B0CBC67044A38E9DB15FB1646BCB200EF9380428832AB184B29F53DC1,2026-08-13T17:02:23.438731+00:00,31.701654,deepseek-v4-pro
C0165644D6845798219B225C4C9FFAD4B9ED90180439BBDE528B1032FFCC7842,2026-08-13T16:47:45.280033+00:00,50.135406,deepseek-v4-pro
C04C0DD11FB68E588E0FD7A7E916E823F45C5830C80E74D807EF0BA40C9EFC46,2026-08-13T16:44:36.139713+00:00,38.989171,deepseek-v4-pro
C0726979B5A244DF4B38313E99F9CC0F3F84911D2ED2FF725A5424A90E0E6B6B,2026-08-13T16:04:46.729697+00:00,275.539144,deepseek-v4-pro
C0810C6E8374B4DFE98327EEBCC383CE3394880C3A5EB9204CE8688F8E2BCE59,2026-08-13T16:34:50.257011+00:00,55.582232,deepseek-v4-pro
C090B84D7E880611D4CF4930429BEB585E37AB7890337C75F5D7AFAEEBAE8C44,2026-08-13T16:51:25.482334+00:00,45.609931,deepseek-v4-pro
C0ECF5FC7276DBB72074BA6E63DC25F4527D161172A9C504A793394E2DC84C38,2026-08-13T15:59:51.436695+00:00,34.668017,deepseek-v4-pro
C1018E9954E3F35ED9A6A4BEDDB02738345C23E481D0738D7F0A2DDCA895E4E1,2026-08-13T15:55:19.773411+00:00,26.043835,deepseek-v4-pro
C11306C405B3F092772D43B6F69F6DE422FA15D97C0F95169105AE0398562FAE,2026-08-13T17:46:25.644182+00:00,46.331678,deepseek-v4-pro
C14C794D6EE000C6C44100D305B97E4071EB553032A289AB7E32FA21F2E1A95B,2026-08-13T17:40:22.419513+00:00,27.528916,deepseek-v4-pro
C1AC8B684F6B34DF4C7C2FE68FF00C08B737D7F6E8C1574154F8F36FA71A6DD4,2026-08-14T03:12:09.943363+00:00,32.573787,deepseek-v4-pro
C1C21692EA2F9715E91C75A8403E619D3823D993D0F56C1C10E7A9079CA76EFD,2026-08-13T16:35:16.976164+00:00,37.673317,deepseek-v4-pro
C1C3AE1AFEC99272A35F26D8EDFFF0851ABA1E86777B5C39FA821DAE016205F6,2026-08-13T16:32:07.403054+00:00,30.353108,deepseek-v4-pro
C1E688FC39CEB384F1285434AE1F93E682CF72A55C474171B5B20465ECD521B5,2026-08-13T15:57:46.287833+00:00,40.553886,deepseek-v4-pro
C20E6E8BC2D7D4C53B087B52B83B82D27F3711DE6A6F4A7C7F5F9CD54F79AF40,2026-08-13T16:57:16.315809+00:00,26.925292,deepseek-v4-pro
C21BA46E22C5A0C2464F00A6D17D579E46F2B85342B2C71BEC00A1672954B9BC,2026-08-13T17:12:45.172849+00:00,30.592989,deepseek-v4-pro
C237AF1EDB17A73F347ED7C5D6B15654C33C3372C898C8C2BA1C93028BB1DE02,2026-08-13T16:31:40.328982+00:00,27.991484,deepseek-v4-pro
C255444A8DDFF22CB53AA49D6514123B02EA802003F49D406C0C81DA90243389,2026-08-13T16:36:05.734628+00:00,30.078686,deepseek-v4-pro
C29F0A98708C2AAE46A8E2155633D3E95386F4D17E75E9B317112C592C317924,2026-08-13T16:42:15.768238+00:00,43.034563,deepseek-v4-pro
C2BF6A0BAEC301C9A972DF7081D8A0F75CB2DAF812D872288CF59DADBEB6C7E8,2026-08-13T17:43:39.238124+00:00,64.047234,deepseek-v4-pro
C2C649EECA3D1CB5248B0C4BA6D2FD016D2CCCC86DECCABA804745BE88946021,2026-08-13T16:26:58.531460+00:00,37.29119,deepseek-v4-pro
C2F03E9DB54C10769C41AD4E1BA9A62EEBD5FA6A064B941F57F3159B93AA0A99,2026-08-13T17:35:21.711662+00:00,42.265942,deepseek-v4-pro
C312611CF8DFC19F7E6124527DE1BA795F51E0CFBACD084398D298E348227325,2026-08-13T16:50:33.542385+00:00,36.397652,deepseek-v4-pro
C316209317474D5B7101033A99C36AD3090023D3E3BBBC6D134C171E3C5C99C5,2026-08-13T15:37:28.017046+00:00,34.590871,deepseek-v4-pro
C31B55E05E1CF3B894C8C60195654F118F57A8AC27D73D105B3D8BCBE638D972,2026-08-14T03:17:54.783330+00:00,56.785159,deepseek-v4-pro
C32D972182B5ACED522558A36606E947484DC506E2B7F308F1663BA2556487B4,2026-08-13T17:48:50.490302+00:00,21.823339,deepseek-v4-pro
C334FA220AB152CDFC5E14C861CAA09EE65B6F528DF617019D9DDD008B7AFAFA,2026-08-13T17:54:18.744344+00:00,34.764658,deepseek-v4-pro
C33B495E5FDC439A72D14CBF3675919E101ACBDD4F1CE2CC186E41E97F26C487,2026-08-13T17:33:30.904184+00:00,31.054885,deepseek-v4-pro
C3490E783B6FA319CEC8E9ED40FEF64C5FA22E613DDE4E717E8953A97EA8E0ED,2026-08-13T17:10:02.422212+00:00,56.408379,deepseek-v4-pro
C35C8C8E2B723AB92B776D804D296A6FDB3BF9C8323A160956543574D82F24F9,2026-08-13T16:46:19.922477+00:00,18.913032,deepseek-v4-pro
C3BFD5470E47AD364AFA88C049E3B267652E319F814A9AB9F9A78EB5AD54BFCF,2026-08-13T17:22:52.922023+00:00,30.394413,deepseek-v4-pro
C3FCA937928790EAA6C01FAA92D470380B2F0635D2C485CB44A6C81B34D4F80C,2026-08-13T17:50:38.458555+00:00,39.11099,deepseek-v4-pro
C426D22C6A63311C1AA08429899F59B2C540DEB9F5E405FED330A993D7C1E14B,2026-08-13T17:19:05.174464+00:00,53.765767,deepseek-v4-pro
C4325F56D8AED0CF0B61AD8FAD58B506793B99632B08D624465D43D6D0C96C62,2026-08-13T16:58:47.570057+00:00,66.127495,deepseek-v4-pro
C440AA2B370BF58EFAF9F07C1FA1F77F394910F53CEF8A27731DE617307A1D67,2026-08-13T17:53:39.493782+00:00,22.092469,deepseek-v4-pro
C4A2DB27A5E9A203B6A993E55584C8F714819F86B157C6FC613D4CDDE32E3258,2026-08-13T15:58:13.082470+00:00,15.206153,deepseek-v4-pro
C4B05ABD5AAE76D2EBC2815E4F2C2ECDBF316958A5D4CC3996A3AA287131A959,2026-08-13T17:19:55.101613+00:00,33.362398,deepseek-v4-pro
C4BA4A18B314BAD744C9E7DAB8A19E5B5DE13D93E6E3E70B8ED0DD5A35F79DFB,2026-08-13T15:55:07.555833+00:00,48.141819,deepseek-v4-pro
C4BA68DE8247AFA9A6E77622334A47F60B00894EBCA1C194A24C0AE53324B9DD,2026-08-13T17:07:22.795119+00:00,26.392485,deepseek-v4-pro
C4CCFD2D2064A618FAEB01DC1AE1A9EADF82E7B3D23F585123FDCA82FC1849CD,2026-08-13T17:47:34.834431+00:00,16.164471,deepseek-v4-pro
C592C6A63174355945702067DC2413198B73565BB856C34E79352F6244FB73A6,2026-08-13T16:53:24.445029+00:00,19.62768,deepseek-v4-pro
C5D935BE3E4BCD2FAA55B9E66B43BA2BCC2D3635B4457D123CAECC62C739A3AF,2026-08-13T17:14:46.826022+00:00,46.461666,deepseek-v4-pro
C6070145051F189E2411CBF84B9FC93F81C218CB9BA9AB957DADA6C869E136ED,2026-08-13T17:50:48.975353+00:00,20.026794,deepseek-v4-pro
C622291637D03D4A5F1024CF6D726A2F9822CFC19BF7D551B0878C6478B853FD,2026-08-13T17:08:23.807476+00:00,43.527047,deepseek-v4-pro
C638BBAF99F643ED12E301C7C12D7FCA1E387CE79CA633F76DC5954F7657D596,2026-08-13T17:12:28.752627+00:00,45.23051,deepseek-v4-pro
C64F97841E168023460BD60A22E0C48ACADBC227BEDFC196C9BEA39C5D450184,2026-08-13T17:24:46.076823+00:00,50.570761,deepseek-v4-pro
C656EE8E7A529190F611A39951E88E3B89CA8DCF0AE014D231635036FFAEC2DA,2026-08-13T17:39:19.147940+00:00,40.246633,deepseek-v4-pro
C658654815ED14571A5DB3557811791CB3EF9583654107C6D8471D16F1951C88,2026-08-13T17:10:16.230510+00:00,28.653286,deepseek-v4-pro
C680284874E4756D6CD8C88F32A9F39F9B806F52BE581C1E83FCD6B362875F6E,2026-08-13T17:28:29.816370+00:00,39.817397,deepseek-v4-pro
C6910A30269C16E0C11C0BCB6F9C3C683264D8AE847029FAB2F6034596B7F349,2026-08-13T17:30:11.999546+00:00,53.695304,deepseek-v4-pro
C6910D4C8C963BB80F4C781CA3787285736B7BD2CE35E9F79D2CAD7CD4060400,2026-08-13T17:23:55.600566+00:00,45.207408,deepseek-v4-pro
C6B444DF7F39E4497EA21EA325037B4143DF64E03BBB041A9D03D94384E2A204,2026-08-13T16:52:56.599661+00:00,55.227629,deepseek-v4-pro
C6B5DA066A3018F277509A80BBC0BC246580A7A55CEA0706A3A87064BCF66CC4,2026-08-13T17:37:16.733437+00:00,24.443331,deepseek-v4-pro
C6BC38201778C27728CBD7AA0B81E55B5A3BEFCD22D6B0F741FD863E419B48A2,2026-08-13T17:24:59.967117+00:00,45.814796,deepseek-v4-pro
C70D4E2AC73956B5934D5B4DADB7A64D31FC9974C3FBF72C5364112597126EE3,2026-08-13T17:02:18.321713+00:00,41.224407,deepseek-v4-pro
C73B8CFA5412216729105A20EDA195AC03B03ACDE10B57164611EE98F50E95AE,2026-08-13T16:29:29.479345+00:00,51.710549,deepseek-v4-pro
C754E5A088B3FAF1EA3F831F8C432F3AD6DD4E770EA5168CC500314EDDC62C66,2026-08-13T16:53:09.058078+00:00,61.838991,deepseek-v4-pro
C772A13A0379AD8CDBF0310675111B8AB26A790E492407F22CF44598305800C3,2026-08-13T16:34:44.021898+00:00,22.391637,deepseek-v4-pro
C78F8744AF13EF82DF5FE607BCF6ED038C85EF708FE5E1B1015D7ACA60383E1C,2026-08-13T17:53:09.326117+00:00,37.04445,deepseek-v4-pro
C79A0BBA194201ABEBDCDBA0AB8FEA42C9CDCD38087B94EA9635D86C197647DF,2026-08-13T17:30:47.256470+00:00,31.47381,deepseek-v4-pro
C7B435012E61D1BE1D2C1F6FF1534CBEC24C7389C557286F4EDED0372D8F2A6E,2026-08-13T15:56:12.120663+00:00,52.535349,deepseek-v4-pro
C7BB5B784F7F5BA21B9387D05289A60D2877AE4CC8050AEB695DA0053CE08F8C,2026-08-13T16:34:37.386750+00:00,27.927133,deepseek-v4-pro
C7CC1D5D8F1335320182CC4D42FE79F2EBCB77925311A8F8996241A9BB7447C1,2026-08-13T17:54:02.687205+00:00,53.349187,deepseek-v4-pro
C7F1855A4815F68FE75009A12DE62D0E145C78A5480CB37D12B2BBCB54EF1BA6,2026-08-13T17:51:28.130100+00:00,45.523073,deepseek-v4-pro
C80FEEC3203930F5D8C13285D9F66DE34B31117B064EA4EBCD12CED8A2AFC019,2026-08-13T15:50:49.345794+00:00,34.355079,deepseek-v4-pro
C82D867A6F625923ABEAB0EE8728F0C92B13B831DD42187FEBC06FCCCA938043,2026-08-13T17:25:10.905753+00:00,25.657087,deepseek-v4-pro
C8468EDE8A1B8D61C33E3B23350ABE18FE9CF8C2F5178F5029DB10E0E16190E8,2026-08-13T16:54:56.147766+00:00,29.076092,deepseek-v4-pro
C8797AF1C3775CBA142034F050E374B4E6107C9226D4ED1FC36CB6218679B837,2026-08-13T16:27:41.373701+00:00,32.595234,deepseek-v4-pro
C87C2535ABC17D3EB6CE8823153572493C56BF6045FEB6EAFB9CB09089DC7E4C,2026-08-13T15:52:48.154073+00:00,33.132787,deepseek-v4-pro
C8A0D81BE1880705DF7C89CFE48FB22A1D0BBF79F2AA5AEE2BC37AD61892E4C0,2026-08-13T17:01:51.732065+00:00,40.911686,deepseek-v4-pro
C8BEB7E4D181E9A2CA74AF65B19E89B6F0027D4F98658171E6C57A278FCCDC62,2026-08-13T17:09:26.889372+00:00,32.53402,deepseek-v4-pro
C8C99D391D98A4661625433528BC69432F0F08C5639E210B8685E0EC2BD05A54,2026-08-13T15:51:20.452112+00:00,36.904957,deepseek-v4-pro
C8E02539357EBF15B8FCDAE8B227B0C965F5EC00DC6D63EE160E10A922AFB336,2026-08-13T16:13:27.565838+00:00,30.145501,deepseek-v4-pro
C8EA9EF39290E2F264303FCD7FED7DC3FFB1A6967E17A7C588F7FBB19319B33C,2026-08-13T16:59:22.472223+00:00,42.834107,deepseek-v4-pro
C8EAB96F0B9558276DCD18BE94A48771B9671FD8C5F16E6A697D2715F0F226C5,2026-08-13T17:31:01.947645+00:00,27.889581,deepseek-v4-pro
C8FAA672B5EB301F2499C23B7BF09F4E5E987126836A478A6165C9D826151424,2026-08-13T17:49:50.870594+00:00,43.614249,deepseek-v4-pro
C8FCDA1B797A9B90CCEFEC234B5030CC602E4419D39230ABA70F0C6DF881EA6E,2026-08-13T17:10:25.475261+00:00,30.773187,deepseek-v4-pro
C8FFF5CDED0DC768B32FDA8D4550DA9906EEE2C69D939F30183A39897B00D0FC,2026-08-13T15:57:57.864730+00:00,54.644124,deepseek-v4-pro
C912784654D2FB8B66102D7DBFB9DFC4C03681D0C4850CE5EE6114ED5B276622,2026-08-13T17:27:50.993707+00:00,44.625338,deepseek-v4-pro
C92B2AEDC3A1EDA8738E4EA0833949BC42083B54993ADEFE9A86401791D36F04,2026-08-13T17:35:01.193434+00:00,36.783862,deepseek-v4-pro
C92D7AFF8A54EC97221B4DF1D748DB93C01BAC90A2FCDF973E03A44435A51603,2026-08-13T17:17:36.168545+00:00,41.853452,deepseek-v4-pro
C93E3971FB5E92A222D480FCFA7906F89524814856BA160C0AF6E70695C09D85,2026-08-13T17:37:27.357806+00:00,32.440808,deepseek-v4-pro
C9707F2C06EED63600F85643D12DD28E9B4447C51E2EF67429C04F6DBC959A2C,2026-08-13T17:22:50.028588+00:00,17.055576,deepseek-v4-pro
C999026B36EC18B821BB6F127500D12A4BC7C47D1F1D22656D34F4018A66EE47,2026-08-13T17:05:26.329358+00:00,41.03194,deepseek-v4-pro
C99D35758359F953591967A387420B81867E8261619834A1E709ED02AEBDB55C,2026-08-13T17:09:14.350073+00:00,34.121893,deepseek-v4-pro
C9AFDB544DF14A4C62D7CE9A99E05DDDF5CDF5BFFE835F1F5B7C07739BF53275,2026-08-13T16:28:14.678482+00:00,21.323772,deepseek-v4-pro
C9BD92F25D7BF5C564E6102CFCDD888B17504F12C4EEA6B5FC17B3BA5885850B,2026-08-13T17:32:20.688760+00:00,34.515877,deepseek-v4-pro
C9D4348CB65259BA161FA79D5333160E96A3EE4F2C299B148F39B90E57E219A6,2026-08-13T17:44:38.391207+00:00,29.925843,deepseek-v4-pro
C9DF30C5769699CA9BE303F625E0486187C5F7F174CCC93F77BDCE7933300738,2026-08-13T17:04:12.978282+00:00,59.584501,deepseek-v4-pro
CA26004F1BCB8552E2B19A739A2544E1C86096EB6015BA771DFEF65219850D3F,2026-08-13T17:50:16.989079+00:00,31.384718,deepseek-v4-pro
CAA644CF006E6885DA8DEAF8F253F9B8BF31D70E177B0120C6790E8E79D28964,2026-08-13T16:48:31.305804+00:00,26.221077,deepseek-v4-pro
CAAF82FB3FDE8D55AE960CF7FFD8AE914F15AEF9999BCA57B368F2D1679A7CB5,2026-08-13T17:23:43.493139+00:00,18.429609,deepseek-v4-pro
CAB5B888BE78CF536E5CD913B8A6CF9CBF1A3E5E21967A823E5E090A9FE4C2F5,2026-08-13T15:51:10.910077+00:00,21.557949,deepseek-v4-pro
CAD2392643ADA808E600B1FB56991FFE716145EBB4B3C44C48080CD580452D4B,2026-08-13T16:51:23.346878+00:00,36.445752,deepseek-v4-pro
CAEDF0DA1F2A9C2533E327E2DD48D9F37250A38574EAE74A869900C2673F6B5F,2026-08-13T17:23:22.901509+00:00,35.417568,deepseek-v4-pro
CB017F25E86AE7E07C67DFAA5AEE1D490E9643513AE9F0A2C0A2836E92C0FEAB,2026-08-13T16:23:32.695506+00:00,44.958928,deepseek-v4-pro
CB1081BA451F90E285DC02187F8BA769E2C59362CD3EC8A04C3A84105035D20B,2026-08-13T17:01:25.274376+00:00,32.642322,deepseek-v4-pro
CB71CA597A32EED90136705B1A3458B5093C24E0E9FF452BBDB210DAA0C8E303,2026-08-13T16:35:20.176513+00:00,42.784228,deepseek-v4-pro
CBC59BE5A56718C16E0501D6F6323756D8AD0A3BD8BAA47F756949C9D91359C6,2026-08-13T16:36:04.153892+00:00,20.747361,deepseek-v4-pro
CBC8A7639A339BC192174B9838F8018D5290D6DDABA0CB06A827A4639DD98D5A,2026-08-13T17:13:14.436053+00:00,43.835565,deepseek-v4-pro
CBCFEBDC7B9101807C36E21975EF0F6B1BC3C571796FC91A36E677E5D391AB3B,2026-08-13T16:34:09.447555+00:00,23.223765,deepseek-v4-pro
CBE50B387DC370ACFF7933263F8690B71D145AC219C9CAFFF45882445432405A,2026-08-13T17:52:04.836334+00:00,53.606363,deepseek-v4-pro
CC23D4AABE919AA25B3CAE794CACFBF31F41C66254E0043B2B068E703909FD1C,2026-08-13T17:34:57.288917+00:00,35.965117,deepseek-v4-pro
CC259480C9ED42EC044B02BE4EAAC5E0549BC6539BE2973C5C2871B04B465488,2026-08-13T17:35:02.477096+00:00,14.55988,deepseek-v4-pro
CC330CE3946F92E47829C2F833FA64C13DB5C53A46F7ADEF564ACE58482B8233,2026-08-13T16:35:03.720318+00:00,36.467116,deepseek-v4-pro
CC420BC7335552780CE644C04BE9B45C7D54F64A083548391373055EC0F2B8B1,2026-08-13T17:01:46.254178+00:00,27.763191,deepseek-v4-pro
CC43444D809A5B1C0F706EAC25F08F599E38D9865363009F9A4C97E3F7445646,2026-08-13T17:31:53.500507+00:00,32.876036,deepseek-v4-pro
CC4D52549E3B79195B9365DB06AFF00ABADE040F63F6CE0A0CC4E317E98C7552,2026-08-13T16:47:28.234448+00:00,39.591326,deepseek-v4-pro
CC5063BE5E55859CD1F0F03DF84D7F04235B4A496FBD69DFC448F9E189651B2D,2026-08-13T16:39:50.790250+00:00,27.452922,deepseek-v4-pro
CC6DEF05DCD339CA0AB98D845219582E5B015B470035EEC3475F9C3AD65B6152,2026-08-13T16:42:04.043576+00:00,32.550494,deepseek-v4-pro
CC9A10C4F48B2E073460CD4166796121CD609A8A6A8541CEEF5DADC21A00F850,2026-08-13T17:07:18.342491+00:00,44.760829,deepseek-v4-pro
CC9F128FB1F8E996FEE2CEDC3376FDCC109F9AD03B309508BB522EE4E0A9AD3A,2026-08-13T17:26:09.762632+00:00,17.37317,deepseek-v4-pro
CCC9A49E03236C8FD5D65CB4FC20867E422D05C54D31B386F69361EAD118785F,2026-08-13T16:56:12.308644+00:00,44.433515,deepseek-v4-pro
CCEF67828E17E6ED06E1FD536536E0EE5041896DAB96C8038180E334351E705E,2026-08-13T17:26:22.973241+00:00,40.959929,deepseek-v4-pro
CCF0DF22D4D965C1505EF295A3D4CACC38686C243E80B015AA9701628590D3A2,2026-08-13T16:39:18.984230+00:00,51.478544,deepseek-v4-pro
CCFC8E5A104D367126F32F3303FC65F60EB0EEC826E2560EFA2C204DFAD04106,2026-08-13T16:13:03.410436+00:00,35.725454,deepseek-v4-pro
CD73197A609C38B92AC71966B0778B05771AD8291EA77040EFBE14F0659FEAB2,2026-08-13T17:45:15.387382+00:00,33.46368,deepseek-v4-pro
CD76B82AF63C36F68EF86FB0C22DFAAEEB18121B30C786E8BB577D7B79D63888,2026-08-13T17:18:11.396263+00:00,26.474106,deepseek-v4-pro
CD97D90183A8DCE155D73BF653BFE67D96ECC8B8976486885AAED4CA7D16C010,2026-08-13T17:26:42.836243+00:00,29.458396,deepseek-v4-pro
CDD0045A08F26B9F38BC79175E9896B0E8E3F747D165F0BE9EA4314973FFA8B1,2026-08-13T16:44:03.436248+00:00,26.877695,deepseek-v4-pro
CDE3F189259BB3F7E61EAE1107D6A72D45D9FBA32BE8D2A9A3266491B075FFA4,2026-08-13T16:54:22.845874+00:00,18.763273,deepseek-v4-pro
CDF4AAD6EA8417ACC2258055D88B04B185DCFC2A46847818B3383BAF18C7FBE6,2026-08-13T17:01:46.218037+00:00,75.491618,deepseek-v4-pro
CE146CD1CA8FCAB600AEDBCFC035409B067E9A1C586BC3F10A418163957A6FFE,2026-08-13T17:17:41.682221+00:00,34.611546,deepseek-v4-pro
CE61A512553A50FA6DF2FF576089CD3874B8A4ECC5A7473AAE5BF6258B0BB778,2026-08-13T17:06:27.081093+00:00,36.560501,deepseek-v4-pro
CEA29CBC0770AED65706EF5F8B739DE66B9210C6C32325A99F093C4A98F9BF61,2026-08-13T16:52:54.551252+00:00,33.878551,deepseek-v4-pro
CEBDAFF2666CA07CF2C43F081AD29F17A7458D04BAF269081C9F70D63B21739C,2026-08-14T03:11:51.900200+00:00,613.958901,deepseek-v4-pro
CEC39553B53519D9AD1750BAEA083BEA094C3CA07ECFB330B0E99A5DA85C4DCC,2026-08-13T17:36:19.096219+00:00,17.466333,deepseek-v4-pro
CEFA296EE62742A2D56ECD605B14CEF728838041DBD6FD2E999B1E84321262A6,2026-08-13T17:21:32.698807+00:00,44.606834,deepseek-v4-pro
CEFFC3A82844ABCC67A1D31331CDAEC4B8CE470FAE65AE517F119D5A9DF26CAF,2026-08-13T17:37:03.215784+00:00,47.092928,deepseek-v4-pro
CF0CAA85D02791BC7EDE4B44F175C15B9DA81A80FCE0233D6C981B0843C9ADD3,2026-08-14T03:12:04.141034+00:00,35.055024,deepseek-v4-pro
CF25BF363E39EFE6FC1F9B3088A51994C04E8229CEE9373E77EA3A98932378AE,2026-08-13T17:49:39.297451+00:00,27.628,deepseek-v4-pro
CF8F7736FED77E826E9D9BFEC76A309F4EB2C339839BB76E7BF9CBEF0932FA1A,2026-08-13T15:52:20.031106+00:00,32.145588,deepseek-v4-pro
CFAA5DEFB7F321753CCD59C1BBA8742B12AEE58408ED4D2582C849C23A75FB73,2026-08-13T16:38:31.257711+00:00,36.161807,deepseek-v4-pro
CFC157F178B0B565F68444E8D25B553DAAC136DFB39520BE40218CF712350A7D,2026-08-13T17:51:34.984052+00:00,27.255581,deepseek-v4-pro
CFCD31E995BB1DB2AC4557A7A80E91EED196929B270135A6A931DCB7925AA374,2026-08-13T17:41:11.028034+00:00,34.66267,deepseek-v4-pro
CFEE88A9BE1CB0BFDD9E698F8DEF863466EB63B31416113D0AB3D570E78B9EA3,2026-08-13T17:46:46.069019+00:00,51.62834,deepseek-v4-pro
CFF464844FE362C147521E8D64FD263A886F2D6A997F9B8CCAF865876C93C229,2026-08-13T15:51:52.463757+00:00,50.879275,deepseek-v4-pro
D0243ED053B51EA61B5154A0ADA894A7B6DD93557A14307B02327301BF8BF8BC,2026-08-13T17:32:30.088852+00:00,48.372007,deepseek-v4-pro
D04A2DFFE2A1D3A963982DB7CF9861405616718ADC0B87F9F6C2FF770C683219,2026-08-13T17:10:30.426194+00:00,45.292441,deepseek-v4-pro
D062120276B47696875031D3030FE808355E2E4280E0974E507001053218742A,2026-08-13T16:41:09.080332+00:00,38.764824,deepseek-v4-pro
D0A692160174D7DDF428ED59E5181404650E944B8CAC6029B5DCB9E7F5353E40,2026-08-13T17:38:08.428611+00:00,18.101184,deepseek-v4-pro
D0B49E6D4041FEEE10805AD52D45BB6A0AB6E8215A032BF8D17895149CF891D0,2026-08-13T17:14:57.977948+00:00,32.672804,deepseek-v4-pro
D0B625789E2951190C7A0A6F61DA9279F30BC20409F60013A8F7C24885888BA7,2026-08-13T17:12:00.194896+00:00,31.965369,deepseek-v4-pro
D0F830580192BF618D183F9D86E93C25197E017D217F643725651D47EDDE760B,2026-08-13T16:30:30.971000+00:00,32.110018,deepseek-v4-pro
D1300E06F10E4629F5C9BF26944F586698C54A4BB52D9AFDCC3A16DF1BA576DA,2026-08-13T16:37:36.766291+00:00,34.698821,deepseek-v4-pro
D13B1099C1C6CAE2EB85BB34B88620A6598CEF68F25DA65702288667BEE89B4A,2026-08-13T17:22:41.959801+00:00,39.538284,deepseek-v4-pro
D141F4D480EAA1628CCA187C1A0E9E85675179FA93AD4F51BD604424ABD33DA0,2026-08-13T15:58:08.165526+00:00,39.013107,deepseek-v4-pro
D15BD621C66C0CED58A759540DD480B2D544C87A500B3B00FE942D7F01D2DC45,2026-08-13T17:24:39.883052+00:00,35.627434,deepseek-v4-pro
D18D7620A3D50B72B6F98D962B341B69B466599C8E8261C58036ECBEB8E83C2F,2026-08-13T16:33:20.234691+00:00,31.913759,deepseek-v4-pro
D19269CFAD26D13D63D8175F073FCE1D3C3ADDEE894697E7FC6D98B053FC9A7F,2026-08-13T15:58:47.138906+00:00,33.950256,deepseek-v4-pro
D1B472D19587BE793313B0FBD1E579A562FF388159A29530C14D50EDAF103ED8,2026-08-13T17:54:20.693284+00:00,32.222249,deepseek-v4-pro
D1CEABF03257E161D749CBF84924B297635F113455E360B292237BC036EB103E,2026-08-13T17:19:10.310505+00:00,35.742417,deepseek-v4-pro
D1E193869AF1FF7C40858FB41E19D072C6DFE61ED579443921C0798EEC2A22B7,2026-08-13T17:51:56.690662+00:00,33.346534,deepseek-v4-pro
D22BB01DB8CB02319AE736F50418333A59BF28DBA1F4FACDEB8CC34250CE1EB3,2026-08-13T17:23:25.058769+00:00,50.447002,deepseek-v4-pro
D2305C0DE6FE4195F425681C06F178FC0D44FDBB69EB98A0E00891B5E2A00AA5,2026-08-13T15:59:41.148203+00:00,60.327024,deepseek-v4-pro
D2A8D2CE54062080675A196E493EF8B522FF6C0232736F0F8B585823ED5E77F1,2026-08-13T17:16:40.838535+00:00,39.580603,deepseek-v4-pro
D2CC542E6663933AD77CA104CCB4D27BCB70CF0B744B2BD74CDE075B0505A8EB,2026-08-13T17:04:43.169020+00:00,44.775453,deepseek-v4-pro
D2F34241C42B4B40BDFD9DB2E86CF6D8D717F3F55E1736C25EAC88155137365E,2026-08-13T17:16:00.126613+00:00,32.223182,deepseek-v4-pro
D2F92BA21B6DDF26966056161B3083990D6153BBC3CD27F545C1CE22C38A769A,2026-08-13T17:51:05.004494+00:00,34.968125,deepseek-v4-pro
D309E3D9288BD264EF1C5C32DFCAFF14D83BC629EB0868930AC0126A8D8052A6,2026-08-13T16:34:01.386991+00:00,27.302474,deepseek-v4-pro
D30AAA0746D0B02961B53441DB1BBF91B987A489BD765B6D3E11BCA94AE31F13,2026-08-13T16:29:16.135034+00:00,25.26485,deepseek-v4-pro
D347264FED0E5EE40BF6A9C0E4C61B772D5C16830FACEE301DA21EC7D514F94E,2026-08-13T17:22:32.967234+00:00,34.638406,deepseek-v4-pro
D351A03A0F98DD039183F67D091C9F93BF512553DBEFD1B5907968AC6D7022F8,2026-08-13T17:15:15.008378+00:00,28.176629,deepseek-v4-pro
D3666D5EF798D458F9BE32F2F6787B157D57F7ABF65E560E61F74CF7B75E6125,2026-08-13T17:27:26.521567+00:00,29.895333,deepseek-v4-pro
D36FBEF50B5C3EEA6B3B9082E1BE742A1CD47AD22898F29235FE73BD4A8863C0,2026-08-14T03:11:29.494968+00:00,591.562926,deepseek-v4-pro
D3AFCA3A6376EA54B878D728A745A7C3392B5FAA1E6912B630BD0FE59F6CF61D,2026-08-13T17:43:40.303188+00:00,31.865255,deepseek-v4-pro
D3CB1AC0C5ED15D3AE92B32661B4DADBA05243E250922CC040A6940D69A35B11,2026-08-13T15:57:20.209444+00:00,39.340763,deepseek-v4-pro
D3E7E27C0607E8EC031DBA6F2FA16D685F58B93057A5EB3F044E24DE03F9A756,2026-08-13T17:21:30.379363+00:00,31.323987,deepseek-v4-pro
D3FBA0BD6292D39B500E76A462E662A8294219BECF201A8E65FD325E57683E76,2026-08-13T17:20:36.082177+00:00,52.022014,deepseek-v4-pro
D42DC901FD1CEF4C7B133DAEA411C3686B7FFD6B73E0C7E01E5A10D7066EB259,2026-08-13T15:58:15.987536+00:00,29.688141,deepseek-v4-pro
D4BFC784DCD186BDB52EB2FFA82752C4F38DE0E61A6D9BD51E2FA0D67169A199,2026-08-13T17:04:29.599426+00:00,47.752574,deepseek-v4-pro
D4F6874F81860D9882476EF45FECBCD3E883061F36E7305BBF1A45638D59ED2E,2026-08-13T16:33:01.597543+00:00,42.476066,deepseek-v4-pro
D5122B44CC0347F26B22D1BD06F823B210D5752DA8DAAA8289A2A21FE241F94F,2026-08-13T16:30:06.499273+00:00,33.174841,deepseek-v4-pro
D51421D4E97676DABC2447B74C8D4D9B80AABB85086A725FAB156DE96029113F,2026-08-13T17:31:13.108604+00:00,55.751696,deepseek-v4-pro
D514CCC38963634B539FACA7F805BB321BD5F387B8A69D6E54813D6621E14B9A,2026-08-13T16:58:38.898267+00:00,30.626653,deepseek-v4-pro
D55052F398BDABF179409A02C5120FF00086154F56F925F6274BCF3E00EF5EE7,2026-08-13T16:05:39.209434+00:00,13.964455,deepseek-v4-pro
D57F2E9F73EC53F51541286B3428C1870E38C3C5F2A251A7E4B3A324EBBA198E,2026-08-13T15:58:04.450668+00:00,29.331528,deepseek-v4-pro
D590A5A2969845D7BD2EADDBE3EAC16AC0C4D65C712B5ED2D092517FA56E5CB6,2026-08-13T16:35:36.455101+00:00,16.273914,deepseek-v4-pro
D59CD688C3ED92F0CFB9B476C23605F7B27BAE9FE9856103EB089B9F0E7C78DD,2026-08-13T17:08:11.316997+00:00,37.078547,deepseek-v4-pro
D5B92B2A35AB27F694FA7A7FCCB07DDC2D0E896914BDD986FC2050E7D52E9B6E,2026-08-13T16:23:08.148733+00:00,20.401804,deepseek-v4-pro
D5D4E50F827C40ED0B8327B38A490270098D2FD0E21438F5D54C25B51FEEC178,2026-08-13T17:28:47.326274+00:00,17.505389,deepseek-v4-pro
D5DA2EB5EA60E271CEEB6D816B1481F34705485D186417C6AFB7C55B81C99D47,2026-08-13T17:32:38.241201+00:00,50.752452,deepseek-v4-pro
D5E1AA1E7240C1B7DC0E2F7F8F5A27060A715AD9CC4E296C419EDB30C085A6EB,2026-08-13T17:38:03.127902+00:00,46.150562,deepseek-v4-pro
D5EB1021244220A5DC05BDC6124424DFCF644BF90E1734F1E04D1A36470A82A1,2026-08-13T17:08:41.327685+00:00,47.559038,deepseek-v4-pro
D5FC0985E0D13E4E5B85124C94EF49CDC11FA6BD4ABAFB01B068D599D2F396EF,2026-08-13T16:45:08.011622+00:00,31.508612,deepseek-v4-pro
D628EDEBE9E71FC5180A107FF593D0A9057BB5C20BD1AC2193BC3C36A0E6EE9D,2026-08-13T15:58:42.627772+00:00,26.634726,deepseek-v4-pro
D6477C37D70ACB9EDA893B6EDA6028FE651C6CD617F0AF380F95548B9DD84768,2026-08-13T17:05:35.990417+00:00,65.38016,deepseek-v4-pro
D65133D1644B1FD8F55D2D1929F05AAB9F4701B6E5F329E56D6B1F1BC668555B,2026-08-13T17:12:29.839230+00:00,46.884708,deepseek-v4-pro
D6A4214599FAF33C33D864070370A1459D5068A6D215D61CE8A31FE9DEF57271,2026-08-13T16:35:33.486131+00:00,27.041188,deepseek-v4-pro
D6E31A46E489DBA227814252A86F7C9E88C1F90E1D4CDDE0DA3EF48E7D92B856,2026-08-13T15:59:31.599601+00:00,60.046526,deepseek-v4-pro
D6E71972E388C1562003822B73ABD2A0AB6779C73DFBF705D997F7DD9A2B3ACB,2026-08-13T16:55:12.202963+00:00,48.691853,deepseek-v4-pro
D71CBD4CC3E87471E1CD9511282691D539D8D395088C87CB45F3F940797A27DB,2026-08-13T17:48:38.674957+00:00,29.531948,deepseek-v4-pro
D73ED4BEC79CF3B29F05D52CFBAA2401A95D8ED2E058232C6142F8B33B944A94,2026-08-13T17:46:42.134691+00:00,30.919015,deepseek-v4-pro
D77642581854F8DC799BC787299CDA760389B99FF4B106FFDA42D15328223B96,2026-08-13T17:17:07.065379+00:00,26.215316,deepseek-v4-pro
D78355CB1E75C9F0D6EE4C4D3B3DF49085A698CE187FEEDE282CD3B743BC27AC,2026-08-13T17:45:57.319552+00:00,28.694373,deepseek-v4-pro
D79850FC8197E26BCCC09D13C66146A04F027EEFE98D7D645B514617ECA52474,2026-08-13T15:53:50.415907+00:00,22.884231,deepseek-v4-pro
D79E5269ABCE3612C407DB7D683E210D397D24374336CB370B3421697C8D0B02,2026-08-13T16:56:10.994416+00:00,24.965428,deepseek-v4-pro
D7BBFEDCCC61EE28FFE326B6509EB8DAFE08DDA8BFF375F520BED81187D93EC2,2026-08-13T17:04:45.291278+00:00,32.300013,deepseek-v4-pro
D7F0A6410562A0704E707E50FF171FAB52214EAFBC6C93580F4A4A5A8237234D,2026-08-13T17:19:21.726412+00:00,34.988066,deepseek-v4-pro
D7F257E6D1DE71FAC2146926397D4578F22E090B4CA9383720B5EA9BEB6507C8,2026-08-13T17:16:24.288722+00:00,28.71497,deepseek-v4-pro
D80E4D5C2AAF3D9F3B2339A8F1F619BE04E5B47B8830E8756C8C1437D895FD72,2026-08-13T15:57:32.116963+00:00,44.332937,deepseek-v4-pro
D8198A791C08EBD48DD4AB70DAC81C81A32C2DF990E47E93B9381FD343837461,2026-08-13T17:46:03.621937+00:00,21.258605,deepseek-v4-pro
D8329EF6BB2D5B20D3E2300804E6A1658F3E35D84F61B781ABCACFD68A16A945,2026-08-13T17:05:07.806598+00:00,49.857117,deepseek-v4-pro
D83BAEEF7F36196CFF42DE008E8E40DAA8F094ABE941B4A5DAEF2F4D2D0A3A59,2026-08-13T15:51:39.183201+00:00,32.05168,deepseek-v4-pro
D83D549AF518945835F4093469E6A19108841AD741F7BF7BA0EA1C9E283A4CEC,2026-08-13T17:19:32.549236+00:00,27.054581,deepseek-v4-pro
D859E7C204ED8CD04742AC9870151CC5DF4069EB86657C2E6031B22EB43FBDF5,2026-08-13T17:39:52.772375+00:00,23.778562,deepseek-v4-pro
D86EC8D4C1C350E95B8D2898FC272B16FC62881A17C0F9E5892B8051B0277F14,2026-08-13T15:52:54.939213+00:00,47.667877,deepseek-v4-pro
D87ED5C034140E5C5BBDB4E93BE1857CA51E99BA612BDFD2D31C4F76F49A9478,2026-08-13T16:33:46.218787+00:00,50.742529,deepseek-v4-pro
D8BBA2BF64303B64986D70780FF61BB4BBCF076618D4444201024AE3C4C980C6,2026-08-13T17:49:58.980900+00:00,29.710106,deepseek-v4-pro
D91B989C32409F83011E269BF6929E9271ACFE929B27724CBBEE53F2E1ED74BC,2026-08-13T16:27:53.348700+00:00,31.671758,deepseek-v4-pro
D92568E921EE2AE48B0A183A16EDA81672EC9933A9D59949616E9A174407E294,2026-08-13T16:31:54.548671+00:00,25.402186,deepseek-v4-pro
D9266A4EB9BD8AF2A15A11381EC1854A114FF9C34EABA8F013ED54B0F8451580,2026-08-13T15:52:09.277220+00:00,44.984962,deepseek-v4-pro
D930C36E71627CB2E6C94B1F6E33CAF29222919207C5533564F92492126A701B,2026-08-13T17:48:31.687360+00:00,53.13384,deepseek-v4-pro
D959F7A2BD4762FE9899471723C5D6F726027DB88B33943268470F8F21B34F1B,2026-08-13T17:44:28.994685+00:00,35.419754,deepseek-v4-pro
D98A1955C60C732E32473F737CA3080051EACB23EBF839A88FC2C50AAC8F94E4,2026-08-13T16:43:46.946295+00:00,44.834432,deepseek-v4-pro
D9C2C98E79CD7040D27D3764A79DF5D40DD6C31214917C7E1C8BE2DD830409AF,2026-08-13T15:55:31.636067+00:00,39.085567,deepseek-v4-pro
D9C3B8BB9F7EEACBFB8A21D756D324A7537A521FC6C9011DBC97026AB37EF646,2026-08-13T16:05:54.435694+00:00,36.590903,deepseek-v4-pro
DA0451E1EB1A19C57DC2293FC8BAEC40249AFC031E373AE02718B3CEB4CF4ED2,2026-08-13T17:08:27.012766+00:00,52.197725,deepseek-v4-pro
DA4BBB71D9F410A59009DBAE3F846E552E3F63543654DCB3B2D82768D2A28B8B,2026-08-13T17:34:12.791761+00:00,41.882729,deepseek-v4-pro
DA66E34FB04513F36773F9099BE904DFCDE5E85B04D75526BA251A2DC93E62A4,2026-08-13T17:07:20.287684+00:00,46.383161,deepseek-v4-pro
DA8C6198E633AADE57D52F55B7A494CE0B3FB26EBB9EEA406FB13D686C9E96B3,2026-08-13T17:30:20.897771+00:00,57.444897,deepseek-v4-pro
DA929EB5CB5259B861385D926C65DA0DA1D49B22357A0EAE023C8408D79D2E6D,2026-08-13T15:53:18.378400+00:00,38.968226,deepseek-v4-pro
DAB1D266C9A5415840A39AD48DC1CD7BB02318E06D02CE8F41D5B1B34A45B64A,2026-08-13T17:00:30.720215+00:00,31.319495,deepseek-v4-pro
DACD143A5F159D29D2857B19EE5364059607800B39F501803C6D7DB5902ACFBA,2026-08-13T17:39:27.263187+00:00,28.094968,deepseek-v4-pro
DACE3E9BF1A2F90C51192FE389CF8C644DA7ECFDFBCCF773C1AD9A4B78288CC2,2026-08-13T17:47:34.560235+00:00,22.183372,deepseek-v4-pro
DB03ADCEBD5177295FD3910D8CDB2C843AB1027B6CF9FBA2E887D748B84771A7,2026-08-13T17:21:43.697252+00:00,35.094799,deepseek-v4-pro
DB20866F889EF6C42FED79244C7AF8780CD2D748C2C6516611489496475C6CBA,2026-08-13T17:32:32.377484+00:00,38.121222,deepseek-v4-pro
DB3F8C117FB760DFF56528E233109F7102ABD4564DFD044711334FBFE886E823,2026-08-13T16:59:40.398586+00:00,44.215203,deepseek-v4-pro
DB449924E3577C4BC0F22BE3FCDCFB2CA35DAE9AC0ED94DB5F077E72621673D5,2026-08-13T16:05:43.019614+00:00,29.232889,deepseek-v4-pro
DB885775084852AF50CDCC8D4ABF28670005517B8EDEF09ED213D0D02DA1D410,2026-08-13T16:23:36.312109+00:00,48.578574,deepseek-v4-pro
DBA7F9057F52A4D5D7B7EC94E6A634BA2F82089C01B3B0436B389C0E300786D1,2026-08-13T16:58:39.846806+00:00,56.656355,deepseek-v4-pro
DBA8BCBA7381113710E9635FF2FB08BF2E846BFF91C564B8454852F78FFE03C1,2026-08-13T16:53:16.854107+00:00,20.249028,deepseek-v4-pro
DBB7146C003CFB5AAA5CC2CBC616D256C345F5AD6A47E1F64AA0D97C020F5BE9,2026-08-13T17:22:22.523398+00:00,49.813989,deepseek-v4-pro
DBF6FA6B37BD4294EE0CF6D3E7301FA598C5F05AED3394366743E1B6D24B049A,2026-08-13T15:51:36.016455+00:00,31.9517,deepseek-v4-pro
DC2784828C87F602628726FCB369B0D1EB6DC34DDFABB16F0E6E87A5D5994434,2026-08-13T16:05:43.720064+00:00,25.00582,deepseek-v4-pro
DC3E444FC49BCA7550B98FD0B16004A6C1C5A3BF3853001DE0E12A9128D8E8DC,2026-08-13T17:10:55.066749+00:00,52.638219,deepseek-v4-pro
DC9BEFC249C72759C3FD519768C3DCDB45889E467ED5028C0BCE58802126B3A9,2026-08-13T16:54:28.396908+00:00,21.557632,deepseek-v4-pro
DCAC8C456381CD875591858A29786A0920231D6B9D2ABBEAD2F2A639FAAF4EB5,2026-08-13T17:39:23.181550+00:00,29.800439,deepseek-v4-pro
DCE960959EB564C54363C79199A81E93E9B514D08A6692BE401CED2158228A8B,2026-08-13T15:50:43.541141+00:00,28.551497,deepseek-v4-pro
DCE96E9E2E89D11B635CB3FE75C48E5BD865B0971FEDB161C0F7171AB0509344,2026-08-13T15:55:21.153274+00:00,45.537865,deepseek-v4-pro
DD002F977F4F003BAADBA516730688773F302EDF5D0EB1CBD1F0102FBB03B38B,2026-08-13T17:05:53.152713+00:00,41.975806,deepseek-v4-pro
DD3C44D2ADC75EAC760EA799D2F2CC9864CBB185D1A14C5F3C43E1C07E0CF8A9,2026-08-13T17:05:51.945620+00:00,31.524452,deepseek-v4-pro
DD6CAEAFBD51CD526D9F1B0B0EDB0F4EFDB46E9018FD2730A3915693189D4B23,2026-08-13T16:41:02.585754+00:00,39.870342,deepseek-v4-pro
DD71989F37B467D06A8E927DA8A12DA398DB7991BE564ACFAD1E102CDA9482C0,2026-08-13T17:35:21.262420+00:00,38.798035,deepseek-v4-pro
DD8250BB6B07E87A194E148C8AFE8E505CE32C008C55602F2C39835788B0656A,2026-08-13T16:37:31.072326+00:00,31.812325,deepseek-v4-pro
DD99E2F5793F9F60092A41BC65D72AD9E546B130FD4804BCB634D9A492230594,2026-08-13T16:58:53.780964+00:00,33.281022,deepseek-v4-pro
DD9E3A530447E4E41E426B08B397B2A085C4C8109B59CBCF0CB4EFCA721AFDD9,2026-08-13T17:34:47.906495+00:00,38.727932,deepseek-v4-pro
DDD2929B77422B7F732D3E4B492093882A1A1BFDE8FFDCAF4F72FFA0ADCCADB2,2026-08-13T16:57:55.282264+00:00,45.114421,deepseek-v4-pro
DDFCF878368AA1E83AFA9D7F0A24E460E2C84238DAC1EC5C085A1C326BDD60D6,2026-08-13T17:34:21.317452+00:00,25.990367,deepseek-v4-pro
DE0645A3DD9D0D21E98CDA50729A008D746BE79785652C10CFF4BFAC2D1DF126,2026-08-13T17:43:21.450259+00:00,65.040623,deepseek-v4-pro
DE0872B52D4B14507D559943EF4459FCC59F0EE49AF01C6D61A74732AA0C414B,2026-08-13T16:57:01.117090+00:00,32.706849,deepseek-v4-pro
DE31267D8A010C5117C6633628F02A7D8787733B7A444E1DD9BBA3170C262CC3,2026-08-13T17:42:33.852428+00:00,24.881463,deepseek-v4-pro
DE7BBD4B21FBAEAAD5983E1F21A8EEA0098531EC29209F19FC88E8A7B4348F91,2026-08-13T15:56:06.763755+00:00,18.490867,deepseek-v4-pro
DE846E89B33F6C61F0DD56DB934EB28E0B5D33C16845E08D7D71228B977C1556,2026-08-13T16:31:38.257370+00:00,52.036516,deepseek-v4-pro
DE93129D90414D586E0B5FC7A5C4D37C93247742606DB60F65773C8E9971BBFC,2026-08-13T17:07:16.260956+00:00,44.406414,deepseek-v4-pro
DF16584CBAC73D8E2E9204B94BC43ED8185D33400D9E91546F663B59D3141890,2026-08-13T17:35:32.457065+00:00,31.257021,deepseek-v4-pro
DF3046350B501A27D8D8120E08CB7A3BBD99C2397F801038D4592C28B3CB54CD,2026-08-13T17:21:50.732104+00:00,17.182533,deepseek-v4-pro
DF32F2DDDF20BE4A801981F451BF700469A1166788419F64DD747331CF33564B,2026-08-13T17:25:46.476852+00:00,40.292104,deepseek-v4-pro
DF449B283A3BC08D72617F7D8AD42F1274F119D84863AB148BF180072E6C9AF3,2026-08-13T17:51:59.427360+00:00,31.292017,deepseek-v4-pro
DF4F0658FD089E5EA949AED6608601919A182E5B18204CABBE750AE23BE5F6D7,2026-08-13T17:05:02.794184+00:00,41.918514,deepseek-v4-pro
DF58C8B6D7072AC0B24D6F87E0EB74AC2418F709F902090EEC43EE205EC15D30,2026-08-13T17:06:33.575862+00:00,48.4543,deepseek-v4-pro
DF6A972AD1B460CC9836EB12684720CF9F85D578E9C5AC0D57E5582D0F26BE59,2026-08-13T16:34:25.602892+00:00,68.529362,deepseek-v4-pro
DF8D387B4F6B20E0FA421FA610D71A9A15930028BBE82C1C371518A1E69B7AA9,2026-08-13T17:20:48.086940+00:00,49.152547,deepseek-v4-pro
E065CF2FA37888F7590E5A721712B5D1402504F318775AC671F3699AE91EF6BC,2026-08-13T17:11:43.509037+00:00,38.399759,deepseek-v4-pro
E0690035C177BADAB1A11C0B90AB7C72A54429B0ACDAE6C4619D8BF747D5DA00,2026-08-13T17:34:10.480133+00:00,39.170694,deepseek-v4-pro
E06B808DD247107262B21FA230BE930AA8433721D67BBD99D70ACB19EACA33E6,2026-08-13T17:05:20.409310+00:00,37.227912,deepseek-v4-pro
E089DDA16FC70E06F3B3E950F5A0E6B0D53944821A00F55D9BB0CC4DDE05F063,2026-08-13T17:30:51.280471+00:00,56.889085,deepseek-v4-pro
E08DAF7FDF50F984E9C27213DACA9726FC7AD9446554FF8F5B9A865449DADD6B,2026-08-13T16:13:44.863892+00:00,34.791269,deepseek-v4-pro
E0B15E02FA743F65152EDDF5E35C20B02598720FA56F37F5EC174D9512E61652,2026-08-13T17:10:32.429412+00:00,44.174524,deepseek-v4-pro
E0BC0A05F2F5E74EAB4E53CE71947A2CB96CA7A2CC9C3ACE895D5B3F1FEA33E5,2026-08-13T15:55:48.266852+00:00,27.109083,deepseek-v4-pro
E0E3F23B669956EB7FA63E6757F2F9BD61D0FC4B8C46E13E736146187A85C216,2026-08-13T16:36:30.441047+00:00,27.533859,deepseek-v4-pro
E0F215EEAB5285E6350B14D7F0D0D03667D675C575CCBCA23EDE62DE36034C39,2026-08-13T16:24:58.298921+00:00,32.642837,deepseek-v4-pro
E11332133BE669CDC1330BF4EB5A46D3526E16CDBACA4C383866557E112BDA63,2026-08-13T16:47:52.092409+00:00,42.422669,deepseek-v4-pro
E11773E081D9EEA16BC99305C49711E49805F95F2F7E004851D41169A3F2ECC7,2026-08-13T16:51:22.124456+00:00,31.278348,deepseek-v4-pro
E15924B75BF4442504FE44D09F5A4046E0E69333349935B4527CB44DCCA8383C,2026-08-13T17:06:09.748945+00:00,33.746739,deepseek-v4-pro
E17391FFD4F931370CDB2EF39CFE28BF2A0425A482ADDE3840DAFC2B95C3BB17,2026-08-13T17:50:54.137574+00:00,74.835297,deepseek-v4-pro
E1A44DCEC773B5DB410FD7988B2F96A8EE9D0196F1C0059A505FFE2FA7CB9275,2026-08-13T16:39:33.670100+00:00,35.9678,deepseek-v4-pro
E1C970F7E6621D7A92C1BD99E57AAD98A099FB491176D185272BCAD533674A08,2026-08-13T17:37:31.691390+00:00,26.167158,deepseek-v4-pro
E1C9C0B14264919229DAD06EC627454C8B41EBE2704C5669BA99A8F3E100C484,2026-08-13T17:35:33.350879+00:00,36.055617,deepseek-v4-pro
E1FED10BF47BC6DE2394400569FC47BF9F1663AD7D92687467820DEDCA9EAC26,2026-08-13T16:38:54.133036+00:00,41.921389,deepseek-v4-pro
E206670F4998F0CD2B4C423C4CBBFFD0CADE0DA5C728789BDD6E1A92DAB90393,2026-08-13T17:50:42.599215+00:00,60.072725,deepseek-v4-pro
E295245C05E14975D99C51FA3EA19E0BAF2FC055D701610A5396DF570E631048,2026-08-13T17:11:48.052371+00:00,33.095559,deepseek-v4-pro
E2E8C08CA90B2B47E531236E219EBD08AAEE28B8E840D6F5CBE76B4E9AB145CC,2026-08-13T17:09:01.461694+00:00,40.001283,deepseek-v4-pro
E3C7A22F97FD064DFA589124B565D19D93B3F83B97344ECC39AE289D369A91B4,2026-08-13T17:44:00.715123+00:00,39.25306,deepseek-v4-pro
E3D245860B3BFEFD05843ACE702D53D752EF86230648DFDC1470AAA6C501D820,2026-08-13T17:28:39.513588+00:00,23.373632,deepseek-v4-pro
E3DA0D6FACCF06E45E5533949D8448676B39578BF50897D6EE7E813F113014AD,2026-08-13T16:48:13.107928+00:00,31.333828,deepseek-v4-pro
E3EE100ED37B4CC12DD6FBE5F18892A1E89B65B52AFAEDE99591DC2D597697A4,2026-08-13T17:28:03.141907+00:00,41.628064,deepseek-v4-pro
E404E74BF6EDDEA80FDB3E28BC56354052A594F83F2DAF5AC9B77B02F1606025,2026-08-13T17:46:10.307610+00:00,32.867522,deepseek-v4-pro
E4196BA6A00764AAB1AEBAEEF8F0CE9AA2818516510C0ACBD8A84F7C80CAAE45,2026-08-13T16:05:51.062865+00:00,36.52569,deepseek-v4-pro
E42A50A12410AC74207F531D87F01A9E6E5856D63365A85430D2548693954557,2026-08-13T17:40:52.441724+00:00,23.371237,deepseek-v4-pro
E455F533DFB2A0B33F524EF5FF0CC1E7D5D826A510775AF12C04CFBE05136084,2026-08-13T16:59:27.213431+00:00,33.896834,deepseek-v4-pro
E495D74CB9FF898FF0B3D77B23CD88E9772FF92AFC63C234DE592EB15688B074,2026-08-13T17:09:47.570814+00:00,67.543446,deepseek-v4-pro
E4C938FD6C21B3C26C390D513485F55148F5CC0D1256FC5836A5F20F428780C4,2026-08-13T16:43:15.304839+00:00,39.701198,deepseek-v4-pro
E4D7DB16FF54A09EED59AF02D0FA623B5DDA97892C8C8A545B88065D725A0C99,2026-08-14T03:18:42.893140+00:00,48.103686,deepseek-v4-pro
E50FA248DA8175442704B8D8F016644E978358A7509CDCC80BD102DA0DAB94B9,2026-08-14T03:17:59.913735+00:00,53.745077,deepseek-v4-pro
E511F075B0DC23CC1E616AC033E3C7DAB7182A23E75D4E89AA63D20745D764D5,2026-08-13T17:37:10.352313+00:00,21.818213,deepseek-v4-pro
E51757187CF9270369F01059CFAEA34A54459233B78C6EFD715656406F4B8891,2026-08-13T17:35:44.908004+00:00,34.478933,deepseek-v4-pro
E52C944E36816E239328B5A2F88A20E36A40A978CE1866634AB23EC96438FB6F,2026-08-13T16:53:32.588639+00:00,50.959977,deepseek-v4-pro
E5524C4EAD90E9938157DF5F1A21CFF7753204B42A110FDFC64874506F75C9CD,2026-08-13T17:41:24.100021+00:00,42.779958,deepseek-v4-pro
E6172D86B0925B311528F37271DA20DE944A2F7067C181952B84189DE7B87EF5,2026-08-13T16:58:06.676328+00:00,42.195373,deepseek-v4-pro
E655099E7435152A924415CDD9FA20AB46AA31D4860E09E5D1A623A158B90F6F,2026-08-13T17:41:02.045902+00:00,29.755841,deepseek-v4-pro
E687155E2D10DC4BBC58C402D1E79D74793A81C7851A01E6B658B67951F2E85F,2026-08-13T17:46:31.143774+00:00,29.054565,deepseek-v4-pro
E696424C5D4603146B891E73FDDF38F0DA438837289C01E9CF25DC7279C2259F,2026-08-13T17:29:08.101176+00:00,25.791696,deepseek-v4-pro
E6C9894CE8B53ED448E1B73073FDE65460F9084E85B2A577BF93E0B9E9AF34CF,2026-08-13T16:52:05.192132+00:00,34.3175,deepseek-v4-pro
E6CC1EE5FAF107E45E4F5499AD14F05D7041DDAA0F2AEF770924FAE9C8B93747,2026-08-13T16:57:40.881113+00:00,55.530308,deepseek-v4-pro
E7224796FB6B4EE30E41AC0A2817DF96685FECE8092A2CFB25876E95D59F70B1,2026-08-13T15:54:35.598220+00:00,67.663022,deepseek-v4-pro
E756BBFB7DD890FD6717AE08FBF807E00D14D912125466BCE2D2C603CA06BB44,2026-08-13T17:43:40.685741+00:00,77.542225,deepseek-v4-pro
E760485C3CA1A7D043C01EF597ACEB705542E576E23E9CC2009A17D69EBEB7FC,2026-08-13T17:16:14.473772+00:00,39.540189,deepseek-v4-pro
E79F616727B3AB5076A820898FCF975615C9F49C5767534F36FB21BC06A42A5A,2026-08-13T16:29:01.088516+00:00,55.641877,deepseek-v4-pro
E7A818CEE80EEC3F6F7D6ECF8D124263DB7F6D2B24DCDDBEEFBACABC8B3E8799,2026-08-14T03:12:32.221253+00:00,40.313493,deepseek-v4-pro
E7CCDED3C0E5AC351B1AC5B1ACE055333CA96537637AD93310D25A448E08A3E8,2026-08-13T17:10:37.790280+00:00,36.962332,deepseek-v4-pro
E84DBA6D63D05BCE7810A8E67B91EA45EA6B0F6190570BDA9106E6108E0CD8AC,2026-08-13T16:40:52.784792+00:00,59.980921,deepseek-v4-pro
E85974580E122337C4E0D1C9311BF4B845F78053934A7BCA9931E5BCB0B5E1FC,2026-08-13T17:09:49.399416+00:00,35.043481,deepseek-v4-pro
E863EBD15CA58B6F3CC6682B2100EBD09BC713E8C0863D56D16AFBD4BFB95E2C,2026-08-13T15:53:47.886370+00:00,28.070423,deepseek-v4-pro
E89CA55F21A5EAFC7BAEB7A524827CFE62EBA0EAC422E58BA1D2E2C8245F9543,2026-08-13T17:34:51.625901+00:00,31.518219,deepseek-v4-pro
E8B8FD18E60766CB36280DCD7DB5D0C95AFB8355CEFA10C18735AE7756AF8163,2026-08-13T16:45:19.907521+00:00,31.81968,deepseek-v4-pro
E943925AD9E0D7C42440E28FA8C5E26A987005A33597E13847DF967D00B7B8DD,2026-08-13T16:05:41.510319+00:00,32.837447,deepseek-v4-pro
E9618D40253596E62CDA7D1240E49F3198B0546A6610ACEFDBEA256BDB37AB82,2026-08-13T17:26:42.879030+00:00,36.425064,deepseek-v4-pro
E969C6BBE5B6BFDD54D0E201F78EA1937A276E291AC28CD12D8A7EF7B6AC32D0,2026-08-13T17:14:46.596740+00:00,32.059845,deepseek-v4-pro
E9783157218B71D4B1A68CAD0E327826F337E4DF9CEBAD4D4647FD021737FD35,2026-08-13T17:24:04.243157+00:00,38.648414,deepseek-v4-pro
E9A07E249C2BDA38A838EEED51BB7380F392F6804CABD1D390ACAA7A4A5468DF,2026-08-13T17:08:12.459160+00:00,30.621896,deepseek-v4-pro
EA0BDB00A3DD8B2A7FC0D50B5EC51BA2645987B0AC435B3E4F55E05DC1C94550,2026-08-13T15:51:17.779880+00:00,35.247432,deepseek-v4-pro
EA238164B0A7577E5F045E28B8DD1F7F79DA2692A8865DFB3B280135662F661E,2026-08-13T16:40:30.303879+00:00,56.62775,deepseek-v4-pro
EA27AEA5D8CB4024A3B9250C708AA6DF18000F5FDD20845D84B0078CE4AD9966,2026-08-13T16:36:30.563981+00:00,48.327016,deepseek-v4-pro
EA3311522AFFA09C02DF223A677D7DCFFCBEF89DB5874F70AC86292CF4177497,2026-08-13T17:08:40.222716+00:00,27.759239,deepseek-v4-pro
EA68CD57FD6F31E5219161C8CD288EBDA26D74E61BA4C718FFD7E8447A47EEE8,2026-08-13T16:50:43.949607+00:00,36.61151,deepseek-v4-pro
EA92468EE29EBFAB9A7E4D10C6D8A4EA8FA5EC2F8454D3408DC02E3F5B69AF15,2026-08-13T16:50:50.834106+00:00,57.136481,deepseek-v4-pro
EAB5CA882A0218397EFB32F6F868E2D6D7CE8A8F25DE61C21AA9A5C147CDBF7F,2026-08-13T16:38:19.199024+00:00,48.121313,deepseek-v4-pro
EABB4AFDCB89D4352700B21F371E10C0D33CBF9697A77B98184723A3D4ED6F13,2026-08-13T16:44:48.082905+00:00,27.149527,deepseek-v4-pro
EACE3100C40C33E5B4DC62E9A91BC8B34B268380E4EFB49F42C1125612FEEFBA,2026-08-13T17:36:16.974385+00:00,37.96538,deepseek-v4-pro
EAED5132AD8B01269E2E01315414BF8ABC6BF1521419510AEA90480086E6543F,2026-08-13T17:28:13.382011+00:00,32.209483,deepseek-v4-pro
EAEE5E33878B4C3CF2C19EE94517E3FAA4A397ED8F840C6FA501650CA9B3B6BC,2026-08-13T16:32:51.414485+00:00,32.792742,deepseek-v4-pro
EB23056D696C7C76D48F2C13C662A7E85510F88EB2CAA5355AF57C61D7DF5E25,2026-08-13T16:55:13.521567+00:00,40.089574,deepseek-v4-pro
EB419769B2FA42D8867FFC6B1A12B4E997B01D31DA356AD9BD53B50743368B34,2026-08-13T16:29:25.758145+00:00,32.135456,deepseek-v4-pro
EB5475DF9FC3F469A7E09953292FD81AF23DE929EB5B21A6C35A8952689EDD7F,2026-08-13T17:22:31.425500+00:00,41.946672,deepseek-v4-pro
EB57219EA1B1A663FD2601546CFF7A4DE4C695C3839C2A10DB239C30F767E0B3,2026-08-13T17:17:20.733139+00:00,33.395292,deepseek-v4-pro
EB68ED8BD80D8BD1E9CFAAA5637C1320BABB7D75A32175DF11F765E158BE0A57,2026-08-13T17:40:58.220285+00:00,35.787938,deepseek-v4-pro
EB6AFF0E777851B79D24A3BF4FFFFB47E15D3DC647344C7A388BD2EBBFCA5BD4,2026-08-13T17:38:16.724038+00:00,45.027377,deepseek-v4-pro
EB708C846628C42EFB825752A5E4C4604B682AFB94724E6613551B8681328342,2026-08-14T03:11:48.657129+00:00,610.730001,deepseek-v4-pro
EBB83A8F6498D6093FB8FD37D3DF14064874E753345DA9AF323E21540AB2CEEA,2026-08-13T16:36:59.253988+00:00,37.340091,deepseek-v4-pro
EBCE32E5510CA9C8B6435ED86891861D0057AB44A29ECA1108180B67A8155901,2026-08-13T17:50:31.107615+00:00,37.347958,deepseek-v4-pro
EBD74619CAFD2BF0606B6ABE89B5AFA69FEA6F7B799755AA199D85334676A148,2026-08-13T15:54:43.331901+00:00,33.143519,deepseek-v4-pro
EC209E2BC79DA9795D86BF246A5A551B627FDCA4209EC040D76E96EE61DEDB60,2026-08-13T15:54:53.723943+00:00,39.661507,deepseek-v4-pro
EC3853E552BFF615D23753F144A45271DB6AB55A40B883AC1901CF4FCAB0AAE7,2026-08-13T17:34:20.095488+00:00,30.767052,deepseek-v4-pro
EC801FED67DDFDAAE16958E07691BF2DE5FB099D8E4F408895D75C69C3EBE545,2026-08-13T17:38:02.260161+00:00,34.896913,deepseek-v4-pro
ECA878AE57E942543A96072C4852DCD91EA2EB27CE7AC24A54D41B627BA1149A,2026-08-13T15:50:31.960562+00:00,16.96695,deepseek-v4-pro
ED664C43A51955FDA64344CF38B8A85BFD527ECE87177235AAA58FE5407583A7,2026-08-13T16:51:55.512098+00:00,47.340621,deepseek-v4-pro
ED67DBEF594F3E2CDBC66794B981A292D87E3F8915C2C98935E5195AA5592F2A,2026-08-13T17:03:13.382698+00:00,48.583546,deepseek-v4-pro
ED8A919B14BE3F094ED41899467C797CF7438142A93D814300A36131FB948501,2026-08-13T16:24:57.944990+00:00,27.543639,deepseek-v4-pro
EDA17437578A6E7BBD2C82201D267E911C1854AB3D76F4199DCAD39EC3E784D7,2026-08-13T16:24:18.730218+00:00,19.624827,deepseek-v4-pro
EDBB60B2E6101F77263318E5E3F8493FBFCE5DD707001DEABF202FD220D2AD40,2026-08-13T16:28:58.040141+00:00,43.349382,deepseek-v4-pro
EDD48B785AAFD205444DE97CF764183317001842E581C91844824B23345E3FDD,2026-08-13T17:47:34.526534+00:00,14.733077,deepseek-v4-pro
EDD4BF7D0F1472BDDB25E4233BFD454973A63CB6BB193A51E81DFECC3ED4C508,2026-08-13T17:04:22.787434+00:00,28.099756,deepseek-v4-pro
EDD93C980467DD5FA4CB733A5789AD3F3DF5095B5B766B21A650C4021234F874,2026-08-13T16:30:38.716840+00:00,53.141464,deepseek-v4-pro
EDEF0F5FAEA73886DE42AB88CA2C488C4A29A3AA5E27DBBD4E4C3E517EDE12D4,2026-08-13T17:21:33.545269+00:00,22.717901,deepseek-v4-pro
EE03759EF91C77C90C8515937B1EDEEEE46FD16FDF89043314066CB68B32F1F0,2026-08-13T17:30:58.548749+00:00,29.263285,deepseek-v4-pro
EE12DFBDD1CC8F9E818BBBF2AE5AC6275A77E7D9F8D46DF3D0A8E9C6A0435A45,2026-08-13T16:52:32.741176+00:00,32.428193,deepseek-v4-pro
EE261A331AFF4556FED54FA4C2E00B7818DCFCFF999726B52268579D3F78A87F,2026-08-13T16:37:32.237798+00:00,58.546654,deepseek-v4-pro
EE508A71D16342A1B128ABD4928D8E4C408B98C14FE456B7ADE65C3C367D2328,2026-08-13T16:40:09.960613+00:00,35.993483,deepseek-v4-pro
EE85954AEA35DA13C28F790ABE741C777FD0B80B9269CAE51B3DECF1142BD19A,2026-08-13T17:53:26.091563+00:00,38.899286,deepseek-v4-pro
EEA8DFF003F57A846A4182C4745A3DB0DF23E48A909350340716BCEB11B0608C,2026-08-13T16:42:58.173640+00:00,83.27493,deepseek-v4-pro
EED3A5D50A7DA650EE8A03E96B54BCEE64435C628618D648E3D14E6D2F1CBA48,2026-08-13T17:44:09.050562+00:00,29.808044,deepseek-v4-pro
EEE14EB9B6EA514979BEEBEF45A43B289BACF987D1692744BEF19134B152BD20,2026-08-13T16:59:37.962237+00:00,29.784696,deepseek-v4-pro
EEE971DBC18450F81DD3761E307A6F8AAECD196C7F2DDE1DA79106A3AF7DB0C1,2026-08-13T17:47:37.149389+00:00,23.465223,deepseek-v4-pro
EEED65B426C3DE1C7CAABFA201B6417058DCB882164033461C521257ED8C6001,2026-08-13T16:28:50.858073+00:00,42.45105,deepseek-v4-pro
EEF7C5AB8862BC9B71027D8CE3F8E79CA772A1C79B1CAD416C266699ABEC6AF8,2026-08-13T16:25:33.800772+00:00,44.686817,deepseek-v4-pro
EF0227A8FA70484B1A540F1E7FD180472760CED3C434E0E7BD4BA4914E2E9590,2026-08-13T15:51:07.120645+00:00,35.148656,deepseek-v4-pro
EF19D82299612E8CD420A290E42B5C83BC66E6EA99DBFA3E11D7A8918F12E9AD,2026-08-13T17:52:31.421240+00:00,36.466215,deepseek-v4-pro
EF39B15734BE8383F9313300615DEC1E76B94DEFED42D68CCFBC0D25B16D61A0,2026-08-13T16:54:47.174518+00:00,18.765238,deepseek-v4-pro
EF72033D8ED71E14626A6E20CD218ABDE738267B2E2E199DD5985A89B92D4671,2026-08-13T16:46:21.314115+00:00,29.369126,deepseek-v4-pro
EF88353A16FA47571ACBF8926DA0490F4A7A3F233CF0AFC9BBA6A29454E54F27,2026-08-13T16:44:19.594179+00:00,44.18037,deepseek-v4-pro
EF89B7C52C35D4582C62C16669E11939FB78538AB1B743ADAF56367D139D7CF8,2026-08-13T16:06:21.864992+00:00,49.87882,deepseek-v4-pro
EFF23BD342CF717C19F05B18F485489EC38294035980FD14C264EA633A9C91FA,2026-08-13T16:46:53.500766+00:00,33.567313,deepseek-v4-pro
F030784EC27CF1D5878B675E41472ADE9FAAED2F635539FA8521F5A6CE70B455,2026-08-13T17:31:41.704962+00:00,22.276295,deepseek-v4-pro
F03CF4DB5914C821C0C24BAC3921A86530A052D061ED61DECC34592396F5B04D,2026-08-13T16:37:32.650541+00:00,25.630028,deepseek-v4-pro
F041E600FCE85603F2E685B73BEFCF42CA4591D36628BF46D9279C206A95F8D6,2026-08-13T17:53:36.794809+00:00,56.842222,deepseek-v4-pro
F07A15AF8DF0E63EFCBEE368501CF38CFD7F7279FE8D1ABE495BF59A7EA87156,2026-08-13T17:47:11.279766+00:00,33.971099,deepseek-v4-pro
F0A5020703061A5BB890222FF92FAC1EAC096CDFA2C78526B4322DC6CD1F617F,2026-08-13T17:09:11.360911+00:00,16.848006,deepseek-v4-pro
F0B09C129D6E757809A2EF850A70BAF20CF8943E6D89D6EDA2FE4FD668D8961C,2026-08-13T17:26:53.720760+00:00,36.359581,deepseek-v4-pro
F0B10A87925ECE89BDFA1B78BB1A083AB98871E29ADB0981819D0D18C4FF64C1,2026-08-13T16:24:25.649477+00:00,60.236889,deepseek-v4-pro
F0BCAB8092A7BF8E92DB47BEE8FA505D1ECBF215B7BA8724F07E9AB4B67FACAB,2026-08-13T16:04:55.771683+00:00,285.006105,deepseek-v4-pro
F0D3FF47924F2B7CE60E5C9E142D3A2A6857FBB49BE0EB6C7DE10ECCCEAE8701,2026-08-13T17:13:25.953154+00:00,40.77522,deepseek-v4-pro
F0DF803A15B2AA520C79396B388AA50CA6F60E95FCF8C52B6D340E81329D6324,2026-08-13T17:47:48.046423+00:00,26.006044,deepseek-v4-pro
F13E840BF19A92CC129DE89123CCA5344B3F036D03CDF3178E52D80E57C9B956,2026-08-13T17:02:05.098485+00:00,39.8164,deepseek-v4-pro
F14A848EAF1483CD12F57FBAAA48ED9599A4AF5E5281C5133279907E7B5A9C45,2026-08-13T16:33:16.297271+00:00,54.355754,deepseek-v4-pro
F16CD0562A51D313A0A7E057D7D2DB09F03CD681BE5E671C4A33682AC8E03918,2026-08-13T17:15:07.305536+00:00,33.070825,deepseek-v4-pro
F18B828A034A5AF75DE677194A86430E7AB2CA97F417AA904E41C1A16003DAC9,2026-08-13T16:46:52.709500+00:00,39.403894,deepseek-v4-pro
F1A568B4DB4200F2087D120A6A930AA4B7A633E967505AC199994FD7C4AF8C9C,2026-08-13T16:59:26.953778+00:00,47.094621,deepseek-v4-pro
F1D4AB645B79BF849DB18E546D0CB7A844DB24C5F6356838BF1FDE00953051D9,2026-08-13T17:28:24.662370+00:00,21.515228,deepseek-v4-pro
F22A450791C17A83F5F8FD92F822DFF20F98DAAC3B1D4FE67662E4F0785A8D82,2026-08-13T15:52:07.263183+00:00,31.837982,deepseek-v4-pro
F2472289C78F2A64E7D4011074E74B2820725449CD9D66ECA1EBD40AAEF36E6F,2026-08-13T16:56:47.327124+00:00,58.305441,deepseek-v4-pro
F28FF7435CC19E1259715E9DE145F8B4BAC8032F72B7DE6A912B7FD8305168D5,2026-08-13T16:27:17.846749+00:00,30.528545,deepseek-v4-pro
F2A9AA99582317BA0E4D8611D9F64B20A08B9F17A115474619153D716A2EE9DA,2026-08-13T17:40:42.481710+00:00,21.230144,deepseek-v4-pro
F2B5A65A1DBD54DABD7D28ECA30DDF9E93F35D3512418A1BB92B354160AABCC1,2026-08-13T17:02:58.843792+00:00,40.515544,deepseek-v4-pro
F2D05EDE1838F81C4763A17F274AB683A41514D094226468EBA4E454CFF72E8F,2026-08-14T03:12:05.912574+00:00,36.410092,deepseek-v4-pro
F2D24AD6FFD2195516FE409AF047DDDE790B184D47580067CC9A7F4B591A5EE1,2026-08-13T17:31:20.611801+00:00,29.32545,deepseek-v4-pro
F3140ACBE34C4C6EF78267AB5D18930C853412591E8EDE21C0FDD2C65C032091,2026-08-13T17:42:41.429339+00:00,30.47613,deepseek-v4-pro
F31BDEE35224307245462CBE39FBC2AC63F7B2156E231EC72CACE6833EF4FD50,2026-08-13T17:28:42.632287+00:00,33.057589,deepseek-v4-pro
F32B2E47C6C03F273D3F0A413784AFFC6D457F5FFE34F8B0BCDA626B451241F5,2026-08-13T17:46:58.614317+00:00,32.964742,deepseek-v4-pro
F32FDED1BB1E7F6BCB16C63656C409CDE89D92552ACC529E01A18DF17B660314,2026-08-13T16:51:30.861950+00:00,46.900262,deepseek-v4-pro
F39F07613E12A6E43FB8FB8CF13EA9CF84289BAF9F8D0296F7FA657AE4C020D3,2026-08-13T16:41:09.661057+00:00,28.710509,deepseek-v4-pro
F3B0DA312B163E967E1136F9D5466E1C185B1C9AB47C0EA97027C6693F0D84FF,2026-08-13T16:12:53.064839+00:00,25.384661,deepseek-v4-pro
F3D57E4EC2EF672FFC4399D52559ADC9A21BDCB2379FC87EEC72ADD975DB2B40,2026-08-13T16:49:21.606400+00:00,30.754683,deepseek-v4-pro
F3DD6472AAC592C344521D6E9C0DD8727C61715DF8D76C5ECABCC7F8806541A3,2026-08-13T16:05:29.801999+00:00,31.001882,deepseek-v4-pro
F41B630B90C057B1064955332E8F9BC14A0FF05739CACBF7C4F341A4FAA096D0,2026-08-13T17:42:57.910794+00:00,31.427097,deepseek-v4-pro
F45673E674552D73929352A2B7291FF76957477BB34AC0B72BF3E8B1B754C6CC,2026-08-13T15:59:15.867056+00:00,58.950407,deepseek-v4-pro
F4855BA7A5397E877B2C17976C9A1874D287C4EA9E61CB4D336CD71B09F4EAAA,2026-08-13T17:45:15.780917+00:00,26.994951,deepseek-v4-pro
F49865D6733FC86B31692C6CD934561305983FB4B17CBD79F37BCFDDBF694D02,2026-08-13T17:44:44.320898+00:00,25.597745,deepseek-v4-pro
F4A9A34443FBEBEB7FF93DF952838CA58897EFF4912576C873A106F9A1814CA2,2026-08-13T17:15:21.404475+00:00,34.802859,deepseek-v4-pro
F4DCFBCC0763ECA5B56ABB69566834FE30BF1B31FD45CFA040A45808D9396C88,2026-08-13T17:52:39.946966+00:00,33.497847,deepseek-v4-pro
F4E914E8D36DF6BEE3DB979E7B7A46949DEA972CF67238FA03A02F7FE7A90B2F,2026-08-13T15:52:41.530111+00:00,16.208181,deepseek-v4-pro
F54F0539E66B7DE94A6D1A4DB35E5F2249A4FA8F4B35C609959AC277199455DA,2026-08-13T17:06:04.453332+00:00,61.64721,deepseek-v4-pro
F5572D702BC330392D4F304C4E538921927124D9A9B781ED13FC030914C7E5F2,2026-08-13T16:37:23.079834+00:00,42.904626,deepseek-v4-pro
F559A8D723180790B940AB3369EF1E64AAA696660FB0D9220B04E131FEFDF134,2026-08-13T16:30:46.259355+00:00,46.235541,deepseek-v4-pro
F56266959486FC14D7E1D672B8733DDA95645E48B186984B29F6F8A1A3C84A04,2026-08-13T16:57:06.272499+00:00,35.446817,deepseek-v4-pro
F5CD95D40411C18A74EDA9B4F7FE3960F683FC18900071D51EB7330FBF5EFD51,2026-08-13T17:08:09.750511+00:00,32.244394,deepseek-v4-pro
F5D6C3D5448FA765D2DCD9C6E88FB7369D04032CA2620A41891195C1939A6C7F,2026-08-13T17:06:51.639680+00:00,21.351793,deepseek-v4-pro
F5EA23F3A2E6FB9EF19B780AE56EF2B2006883C589F8FCAFE6FE801B5B7A7881,2026-08-13T16:23:30.203930+00:00,42.474161,deepseek-v4-pro
F66427339BB9AB5F25215AA64AE5C52B89F394BE2E5BCF36FCEAB6A846DFF05E,2026-08-13T17:51:34.939974+00:00,29.922436,deepseek-v4-pro
F6742D0DFE7B1FCC480E88DD5A9AADBFA349D167B756455B529CAAB918C7F44B,2026-08-13T17:22:40.895644+00:00,36.058252,deepseek-v4-pro
F680D8A009952BC6174F9329319105225A7F1EB2D8934AC9E523A175829B762E,2026-08-13T17:00:36.982163+00:00,45.491293,deepseek-v4-pro
F69C3A28ACD2CD9A1885737FCBF2846D269087D6ED12A4133E0898D4D2CCD99D,2026-08-13T16:55:48.943980+00:00,51.35905,deepseek-v4-pro
F6B4AB028DC38B8D62102BF58E61DA58C97CC55D18BCA5AD671026F8441B6B85,2026-08-13T17:19:58.923865+00:00,30.704065,deepseek-v4-pro
F6B6BA56C67DCF0DFB042095BEC343279F0B5E85883289D2DBE2D99FD4D325AD,2026-08-13T17:41:25.541174+00:00,43.047582,deepseek-v4-pro
F7081C6B60584ADCC0747D5E87369024485B76CCFAE0D48C685590FA500B9FCC,2026-08-13T16:59:08.173162+00:00,39.506179,deepseek-v4-pro
F70E7ADDF722F81152442E27D01AE603AF919E4DB89B8A601D0DC2A82D9D7F9A,2026-08-13T16:25:59.429379+00:00,51.640783,deepseek-v4-pro
F71CB3B032865504E108046F749CA3B9BB6A2B86FB1E560F76F038D7C5C376A2,2026-08-13T15:57:34.914150+00:00,59.017892,deepseek-v4-pro
F739E7C1AA623D472CED0BC0AD86A34A1C64AE0A6D800B157377F7959BC7DE3B,2026-08-13T17:51:54.950025+00:00,42.745121,deepseek-v4-pro
F757754C0A1CC6E30AB6F652621F719FB02C9FE52D705A10C83F517A6E140F38,2026-08-13T16:49:02.663664+00:00,57.730907,deepseek-v4-pro
F75CA1D6D8D06B156A4B9BB07C5F6D06F29797C78691C7D0D712287061012B83,2026-08-13T17:42:04.445674+00:00,33.587377,deepseek-v4-pro
F75FB17D801B464ADF5AF134ECA9C4697BCF4598AF13DBC1CE4A395F11C982F3,2026-08-13T16:27:27.702432+00:00,20.872824,deepseek-v4-pro
F76699056AB87DA814074EBFCCE91F666A97CD738E5DFD174F71698CCD15FFAA,2026-08-13T16:58:45.079552+00:00,76.795462,deepseek-v4-pro
F7B00642AE9D3B0DCC8D2CEA029B729C7211DEA806D3D19235EF23B2ADE1BFC1,2026-08-13T17:45:21.430417+00:00,26.262669,deepseek-v4-pro
F7B8A30829A3D68532917F7CE50C4EB3A5E195A79F9D53975A9C4D6936FF9F15,2026-08-13T16:29:18.617413+00:00,29.413655,deepseek-v4-pro
F7CA843B01CEE9CC880BA37171CCAC08C568C6B8E489CE0EED9C03A5A891933E,2026-08-13T16:35:14.519387+00:00,41.564784,deepseek-v4-pro
F7EB72DFF61F6AA97F17B2CCEDD9F20CF910580BDEBE263449E239707BC6C1BB,2026-08-13T17:39:42.644450+00:00,26.612465,deepseek-v4-pro
F7F8F0765BA31652D599E52E119BC1E9255BF6506674768BDDA8CDCCFB6CEF6E,2026-08-13T16:37:30.442305+00:00,64.531681,deepseek-v4-pro
F80A7A0201AE408E9D24EF5BFBFC85795052AAEA6A3142CA9C21C98661DA7141,2026-08-13T16:44:20.927862+00:00,31.262129,deepseek-v4-pro
F80E5629624C07CD121609088D76AA308D18C79113DB525138FBC75D3E7CC8E6,2026-08-13T16:04:58.793799+00:00,270.899895,deepseek-v4-pro
F832E4974B304EDFA13BE8F99801658892058AB6AA220283AECA1F43ACD2D66B,2026-08-13T17:53:36.666875+00:00,23.406982,deepseek-v4-pro
F83D98B466729209102F8DC3614FD4210718D95E73B9C6EF8955390EBB705EDB,2026-08-13T16:13:59.621784+00:00,66.544407,deepseek-v4-pro
F868078ECABC71281DAD53D093BDECDF20B7FB311F936319109D701C98D1572F,2026-08-13T15:54:35.610878+00:00,24.514072,deepseek-v4-pro
F88AFDA719C1F94647FF7A956DDEE60F9977B9EE31B99B2DF8BE1135819D7F04,2026-08-13T17:47:37.260638+00:00,31.517117,deepseek-v4-pro
F899C8E3C8A20A06436E00A508DB17DD6FE3F664D1141A528EA2AC0CCE8BFC9C,2026-08-13T15:51:29.653955+00:00,26.189034,deepseek-v4-pro
F8E33161256147CA7C072DA3ABB7E06265798D6BA3B5998AF4481DA27F4DF32B,2026-08-13T16:46:56.636674+00:00,42.367807,deepseek-v4-pro
F8E697BF1BAE9C3627305C16613D10594562BC2345765013DF339C2D866FEF4E,2026-08-13T17:19:28.214284+00:00,39.668835,deepseek-v4-pro
F8EFACD63426F91E9C43384FAFAA38B3EB161C2FF79030731E849BF49CE9A677,2026-08-13T17:41:35.740208+00:00,17.898546,deepseek-v4-pro
F911C3189CD04811C08CD180DECD83D475B3C9D6BC4A76D5A07AFBAE4416656C,2026-08-14T03:16:57.991977+00:00,57.942199,deepseek-v4-pro
F920D39E18B15A86E0BD29838BBD70D23370C5095E71D77CBDDC87626A461922,2026-08-13T17:38:38.895785+00:00,30.45515,deepseek-v4-pro
F93104AD05B84B73EC818BB3F8682AB8011F156A3BCB2D6FEADB14582273C6F9,2026-08-13T17:43:37.306503+00:00,39.391425,deepseek-v4-pro
F937C5A2EB2BDCE4D399B1983AB46B8408EEDAC49149A4AF958E9886473E45F6,2026-08-13T15:59:53.959165+00:00,38.080672,deepseek-v4-pro
F9613440ADFB758D4B7A8A51C9E42A66D52A3011D2291C331C3356847B69A0E1,2026-08-13T17:24:05.810060+00:00,35.634259,deepseek-v4-pro
F9B330407BA9A951C621861CACCFA26C3183CBFCE73A5E6C68AE39AA6D494925,2026-08-13T15:56:18.566265+00:00,25.878922,deepseek-v4-pro
F9BE212ED8028AADF996CF5CBC2B27F9C9B4603A4255ED5372F4F79E37F69F70,2026-08-13T16:57:28.092692+00:00,40.760041,deepseek-v4-pro
F9C648508051CFAEC5E0402279EEF0B62BA061CD17E9A45EC02A02CD868A4658,2026-08-13T16:53:40.109565+00:00,36.242128,deepseek-v4-pro
FA5750CC39932ECBA89537E54448115F86ED25FE7EECB6706E26ED65695D8432,2026-08-13T17:49:45.289543+00:00,71.790166,deepseek-v4-pro
FA8F8260A460E01B95BA5677C68799476776091DB784E280F7BA48CD47672787,2026-08-13T17:19:44.055121+00:00,44.692641,deepseek-v4-pro
FA9A76A04BAEE01CE9DF09C5B4023F0BAE68C0955820ECC0F04729B4EFA4B361,2026-08-13T17:46:34.850234+00:00,41.632331,deepseek-v4-pro
FAC8DB77044F5589DFF959EEC0F9E50AD297379BC850DDF9E8EAC5DB8CB2C74C,2026-08-13T15:58:16.905168+00:00,48.015249,deepseek-v4-pro
FACDFD3953AFB5A9375DA851DB6162BCB27CC3F39EDFCDE84439F766BF3596FB,2026-08-13T17:01:04.426789+00:00,41.969458,deepseek-v4-pro
FAD7E1D1F59B1CC098AFAC8C2362BC81B20EFD01B833C0F7C91CDCD2576553D3,2026-08-13T17:08:40.281631+00:00,20.468845,deepseek-v4-pro
FAE6763AEBE06D4B94B976F3C57DD4A163ABA00E614779CD0E4FC68513ADDD84,2026-08-13T17:02:06.749875+00:00,34.477827,deepseek-v4-pro
FAE801D8926D61ACF5E5FDFF2D568B6387EAD9B0405977962A2DAACEA1CBDAE4,2026-08-13T16:39:52.799465+00:00,31.227338,deepseek-v4-pro
FAFDC155753EB40CFD9609ADEE8F8923EC164E84DFE754C395003D0D7B1EBB07,2026-08-13T17:41:52.925560+00:00,23.275286,deepseek-v4-pro
FB128601DB405299E7EBD783914053F793B85943D2713130FDB2D7B25BBFC290,2026-08-13T17:19:33.918961+00:00,28.738584,deepseek-v4-pro
FB364503F9EC9E8FD99D23D7A581E72D459F8BDDDFA34F28930B6BD6B3CE6436,2026-08-14T03:19:39.458509+00:00,82.157178,deepseek-v4-pro
FB429BB36C67B88E11F457BEF2E0AC31DC7649BE03DB73AD411C4DBFEFA379C2,2026-08-13T17:36:21.731094+00:00,48.373703,deepseek-v4-pro
FB5D60938A81A6F0EDB7802B353639324C4DB95B0D967C48EA17A0B161DBB51C,2026-08-13T17:22:30.616792+00:00,46.908568,deepseek-v4-pro
FBD2E363A9518655B53EF8C74DA70B4DDB949A62E671320149C41C3018B283AB,2026-08-14T03:12:30.367003+00:00,31.855394,deepseek-v4-pro
FBD2FE575970C3D904653530A1B7D4B7A9636A80A725FAFE5D3D610A4616105B,2026-08-13T16:47:30.054959+00:00,56.157888,deepseek-v4-pro
FC184368CF57E8A43623F9E2C449BB85310452142C330660E96B32760F5C86AC,2026-08-13T16:39:12.752395+00:00,38.534752,deepseek-v4-pro
FC237D36184C6AB31F2E3FA4C48F90CDB88031BC935F6A9D9E9F281942E162D8,2026-08-13T16:29:54.782609+00:00,25.291511,deepseek-v4-pro
FC6B22E83B0697771817714F12E5E176C73AACF1F3E4D825507554A0991CBCBB,2026-08-13T16:56:30.820072+00:00,28.418284,deepseek-v4-pro
FC6E458B912036CFF53C26ACBE4BAA14CC030B76F510FF0BA04BD42B7B7F3E5B,2026-08-13T17:12:35.377856+00:00,37.818345,deepseek-v4-pro
FC7D41EC5DA096044573AC9F57FDF403849EC57921D3BEEC7085E1EA8253DA98,2026-08-13T17:29:01.111907+00:00,28.626237,deepseek-v4-pro
FCA3C1E16FFD3CBA4A10D168B973F82DA6EB45EADDFB2CB711460B935ED04344,2026-08-13T16:35:43.394825+00:00,53.132282,deepseek-v4-pro
FCA8E572D8372B3ECCC0302070AFE71ECBA1E22B911A4448F66CDE00729F125F,2026-08-13T17:00:21.385202+00:00,43.514115,deepseek-v4-pro
FCAA06A3DDC03CA3F54B5133BB891A7DA4573D51D2D62534E12B92D4B5B58ACD,2026-08-13T16:05:57.888773+00:00,23.123707,deepseek-v4-pro
FCBEBB097EC302B550C70C5EF6CDC4137BC79FF8048113D9C927BEA2B3805BF4,2026-08-13T17:40:44.661260+00:00,38.148666,deepseek-v4-pro
FCC92934FFB81E8A4D0B02E2D60C8752C95812C069870A5657C88FF1853DC7E8,2026-08-13T17:19:05.482930+00:00,24.401625,deepseek-v4-pro
FCE624F1D0926A325D24476AAB41799E1EAD95790E369E64C2CC9F18FE96EB50,2026-08-13T16:24:31.362553+00:00,33.995024,deepseek-v4-pro
FCE83EF5B15472099F7BFB9BD465427FE73AD6F739D31AFE6ED302BAD6B63529,2026-08-13T16:51:42.247552+00:00,16.882321,deepseek-v4-pro
FD09DB609FC6E61408FDFE811B3C51B1F69E6148FDFB5067FB260B8755C89EDD,2026-08-13T17:30:12.991607+00:00,32.340233,deepseek-v4-pro
FD10A3D0C554A4FC7678466EFA0ADF27AD9F0C383FAB785E2B0CB355DD7D0E67,2026-08-13T16:49:07.028285+00:00,47.058546,deepseek-v4-pro
FD30ECC3B58BA4FD31FD6334A526A45009D77170D1B033EBDF9B60B82477CE7E,2026-08-13T17:41:17.829658+00:00,19.604364,deepseek-v4-pro
FD3B809CF497334BE95A44EB984FF33079B2D8EA8940D7B322E1834E22A049C8,2026-08-13T17:46:40.903611+00:00,30.590999,deepseek-v4-pro
FDB1F6755E4F56A6FDF46F4AE1856F1F3571EEB323911B605C1C0B5922BC03D4,2026-08-13T17:29:39.049211+00:00,31.702058,deepseek-v4-pro
FDBF43F950D94A0F052BA09DD2A6C11CEFD59E480995B194E48925CC80D95644,2026-08-13T17:47:18.664488+00:00,26.647403,deepseek-v4-pro
FDC34ADBBF85034E2482E1073F32DF8697E20E778C6CA601F8097BCB5F48E06F,2026-08-13T16:42:42.489061+00:00,33.781764,deepseek-v4-pro
FE15753B447F4C99413737794119ACEEA76CEA08D569774FC2AC5E4A3C3B9F1C,2026-08-13T17:39:16.020818+00:00,21.598255,deepseek-v4-pro
FE1A570DDE9D895DA2A4364035FA3622630E001D947B6B3905BDCB30755CEA9D,2026-08-13T16:05:14.530650+00:00,18.829174,deepseek-v4-pro
FE23C11CBDFB01BD8F8A1B556BB5F13BF1297D70A037C653B4074836A2C228CC,2026-08-13T17:23:10.388312+00:00,29.479728,deepseek-v4-pro
FE43A1876508AFF5B2E311D78182A503A8974604B0CAEDEABC71D02CA8181714,2026-08-13T16:55:27.863745+00:00,31.711555,deepseek-v4-pro
FE8476FCE1E2232F61D6D43DA7F42DE422D87E770D41D1C3EAC3C786B13025D3,2026-08-13T17:36:56.682693+00:00,37.580697,deepseek-v4-pro
FE9455AFF2C71ED5062BD7BCDD6BF3705C3A6DAB326430151768DD15794A7277,2026-08-13T17:41:27.906315+00:00,35.458806,deepseek-v4-pro
FEAFF2673414074897A1F87F17163EAA2D7261D1951827C35F0F3BFB313E315F,2026-08-13T17:33:15.379997+00:00,38.617702,deepseek-v4-pro
FEE29A4DFBCE5965213F9EA0A196B317C8431990E7AFEB1ABC3F3F6C395DDC8D,2026-08-13T16:49:34.394017+00:00,32.279649,deepseek-v4-pro
FEEE3FA3B1C24780A967A61A5A654FCF6C9856DC7A129F3717E201586342E309,2026-08-13T17:22:03.184917+00:00,41.316998,deepseek-v4-pro
FF0BBBB3FC5D96A16ADA283EAC6E33EB96171E76D9536A49139F9D5F3EF21E56,2026-08-13T17:17:31.391517+00:00,41.736345,deepseek-v4-pro
FF162EE939BB2520809B473927B8D3B3595B96E68D34342919CA33DBA3A63735,2026-08-13T16:42:59.188165+00:00,24.415195,deepseek-v4-pro
FF3A60CEF3CB1C57BB4234F3EC6F25063323F7AAA5A923D87402140AC6303BEA,2026-08-13T16:32:25.656636+00:00,47.394694,deepseek-v4-pro
FF3A7C1E989D5DF774BED89125A10552E851D21ECA04EAF253D4D5005B5CDD73,2026-08-13T17:28:01.298290+00:00,43.085882,deepseek-v4-pro
FF4EA1CFB359E9B606F89634E74B99C164B04598E7171D887984CF0BFCFD0D74,2026-08-13T17:47:12.368490+00:00,30.222229,deepseek-v4-pro
FF6F712242C7BFEFD4C6AE5F801817905594A8FA23547BDA8EFC89ED1B2C1F5B,2026-08-13T16:40:51.877352+00:00,80.245099,deepseek-v4-pro
FFD09A8FC80ED143BB7ADE0B9E29C24AA0C61DCC389B1D708C3546708B5FABDF,2026-08-14T03:16:15.959565+00:00,64.082098,deepseek-v4-pro
