request_hash,requested_model,returned_model,started_at_utc,completed_at_utc,elapsed_seconds,in_N50,in_N100,in_N200,reused_in_final_p_series
004AAA7540AAA238E9A95A336B970059097A04D9BC9A020738A02548F97BE494,deepseek-v4-pro,deepseek-v4-pro,2026-08-15T12:05:04.232235+00:00,2026-08-15T12:05:26.481002+00:00,22.248767,True,True,True,True
008D46AA9CB8895B823CB0E83730CBB75574338FBB574652BBAE6FD73067B668,deepseek-v4-pro,deepseek-v4-pro,2026-08-15T11:58:42.536854+00:00,2026-08-15T11:59:17.791458+00:00,35.254604,True,True,True,True
00E604BDBAFA3D7CD7242D0FF030C09DC8DC3BD533CEA77B2ABD5DE5BBDD4298,deepseek-v4-pro,deepseek-v4-pro,2026-08-15T13:13:25.729428+00:00,2026-08-15T13:14:03.169267+00:00,37.439839,False,False,True,False
0134BB29DEDAFD0DBAF7D95CC41E21EFC45C893AD00A1BF58089BDE781658969,deepseek-v4-pro,deepseek-v4-pro,2026-08-15T12:22:53.943790+00:00,2026-08-15T12:23:19.000041+00:00,25.056251,False,True,True,True
01385C054275CD4BC9721571A9875F69CFFEC291B697F8FF99327F23495F21CB,deepseek-v4-pro,deepseek-v4-pro,2026-08-15T13:11:33.938777+00:00,2026-08-15T13:12:03.414628+00:00,29.475851,False,False,True,False
01702D9452EA98184A7B20A9C604C0DA5A4BD83F1734B9EB9C9D057D71F9D6EC,deepseek-v4-pro,deepseek-v4-pro,2026-08-15T12:01:10.122137+00:00,2026-08-15T12:01:54.911359+00:00,44.789222,True,True,True,True
01D992C408A56BF8FBF7837BAD31584625391F2C1927627675A6BF5C70D4BA79,deepseek-v4-pro,deepseek-v4-pro,2026-08-15T11:59:41.726320+00:00,2026-08-15T12:00:28.699214+00:00,46.972894,True,True,True,True
01E38FC2733DB4C0044EAF5D326A3FEC36ABCFAA4BEFC78E399872055F58D1AC,deepseek-v4-pro,deepseek-v4-pro,2026-08-15T13:08:05.731426+00:00,2026-08-15T13:08:27.984993+00:00,22.253567,False,False,True,False
01F2F3DF1601256D8C1B051AA8E91D29CFBB5439E340590ABF3547B242CF7821,deepseek-v4-pro,deepseek-v4-pro,2026-08-15T12:02:47.258540+00:00,2026-08-15T12:03:44.326917+00:00,57.068377,True,True,True,True
01F71A9273A9B6E1E6D74046D2E21C7F408BB7DC534E43AD039F0235EE9D11E8,deepseek-v4-pro,deepseek-v4-pro,2026-08-15T13:18:47.988901+00:00,2026-08-15T13:19:25.264013+00:00,37.275112,False,False,True,False
02731FDD003A96F4353CCB3E1825722AE4F03755F55CBD034CE73E74E7A9F1D5,deepseek-v4-pro,deepseek-v4-pro,2026-08-15T13:17:44.069976+00:00,2026-08-15T13:18:30.812239+00:00,46.742263,False,False,True,False
02B38BE5BA4E0F6E5AF573FD9EA1F496F1637EA7A0A7915671A7841DA00E66C7,deepseek-v4-pro,deepseek-v4-pro,2026-08-15T13:15:34.389060+00:00,2026-08-15T13:16:10.749842+00:00,36.360782,False,False,True,False
033A55055459DABE7403052041099B0646C1A28DA40DE9DA64ED46D5451A211E,deepseek-v4-pro,deepseek-v4-pro,2026-08-15T12:01:38.182147+00:00,2026-08-15T12:02:12.631555+00:00,34.449408,True,True,True,True
03431E84F021F2C997C36A7DD662B0A1CA7679828AE323331075E5CBC814A2DA,deepseek-v4-pro,deepseek-v4-pro,2026-08-15T13:16:38.576045+00:00,2026-08-15T13:17:15.313169+00:00,36.737124,False,False,True,False
035419E6E3BA3E9970C2E4D1233734E4B01F3F1CC57B324576FABE69672186FC,deepseek-v4-pro,deepseek-v4-pro,2026-08-15T12:27:30.276362+00:00,2026-08-15T12:28:02.905561+00:00,32.629199,False,True,True,True
03827B679923BA79456E9EF6639C7B3262ADF3C29D9C73B9A241B9A123953A90,deepseek-v4-pro,deepseek-v4-pro,2026-08-15T13:06:43.650387+00:00,2026-08-15T13:07:43.567233+00:00,59.916846,False,False,True,False
0399F734B8A4523703DE64413767349CD0C5069505AE5EDE5180B63AEDBEADC0,deepseek-v4-pro,deepseek-v4-pro,2026-08-15T13:16:02.451377+00:00,2026-08-15T13:16:36.039360+00:00,33.587983,False,False,True,False
03EA7F9BAE3AC7B603F2199199EF473DFEEEE00F7E9FFA4E25695813419AFCBF,deepseek-v4-pro,deepseek-v4-pro,2026-08-15T11:59:13.822324+00:00,2026-08-15T11:59:55.600094+00:00,41.77777,True,True,True,True
040BD13584D28596AC31753C3D4A5D025CC229B32B68BB36C458A804F8274F11,deepseek-v4-pro,deepseek-v4-pro,2026-08-15T13:10:35.282713+00:00,2026-08-15T13:10:55.915990+00:00,20.633277,False,False,True,False
0429CB63590914648ECC6CE0351A8400C69643564EEFE85462E5649D6E862352,deepseek-v4-pro,deepseek-v4-pro,2026-08-15T13:14:41.263663+00:00,2026-08-15T13:15:03.422302+00:00,22.158639,False,False,True,False
0462CCAA47445356A629F67FF665C921066554B17B5E6EEFED5D2B48AF06C528,deepseek-v4-pro,deepseek-v4-pro,2026-08-15T13:03:46.950143+00:00,2026-08-15T13:04:11.737352+00:00,24.787209,False,False,True,False
0491D486DFF5ABD6C3E1E2FE27E74C8B2FDE6F6524B4E0A88075BBDF7BCA9DE4,deepseek-v4-pro,deepseek-v4-pro,2026-08-15T13:17:58.082509+00:00,2026-08-15T13:18:34.587844+00:00,36.505335,False,False,True,False
04F72AA12ED2C5F253C8A6B8FC5FA395CE3C113019DA26549D2CACBE14D3BAEC,deepseek-v4-pro,deepseek-v4-pro,2026-08-15T13:05:10.025251+00:00,2026-08-15T13:05:45.602449+00:00,35.577198,False,False,True,False
0517A41BBDBBA1A2DA4E84BDCA701D2C8232FC2DFD86FABCF2911FD4D1598FB9,deepseek-v4-pro,deepseek-v4-pro,2026-08-15T13:14:11.005606+00:00,2026-08-15T13:14:51.255135+00:00,40.249529,False,False,True,False
05357077EFFF81E5BCEA995CDF9485D01909A4D2FDD4F2E2F0E5307F8866D123,deepseek-v4-pro,deepseek-v4-pro,2026-08-15T12:23:36.490628+00:00,2026-08-15T12:24:15.233816+00:00,38.743188,False,True,True,True
0551613BC3F45B54E3749BFF6537290DFD6381E98D1B7726D6CBA6FB402DAD78,deepseek-v4-pro,deepseek-v4-pro,2026-08-15T12:29:22.553795+00:00,2026-08-15T12:29:58.260110+00:00,35.706315,False,True,True,True
057AEB863E6786F5A28507F35864A6116C5CB9F8F77428BCDAE081B59111AD05,deepseek-v4-pro,deepseek-v4-pro,2026-08-15T13:04:33.171338+00:00,2026-08-15T13:05:03.600316+00:00,30.428978,False,False,True,False
0587B21E169A96AEDABE18448E8A6FF7E7A6541661412C364D8812753E69D754,deepseek-v4-pro,deepseek-v4-pro,2026-08-15T13:16:06.744523+00:00,2026-08-15T13:16:24.801406+00:00,18.056883,False,False,True,False
05CA974F4B83A538D5D74DED813A9FA366CF2D9CB580DFD4B2E2077A7E2BAED7,deepseek-v4-pro,deepseek-v4-pro,2026-08-15T13:06:57.801414+00:00,2026-08-15T13:07:43.082873+00:00,45.281459,False,False,True,False
05D3C275E399F0F3522E7ADCCE86779952679D09491EDFBBA23B66F3F3602B8E,deepseek-v4-pro,deepseek-v4-pro,2026-08-15T12:04:33.721391+00:00,2026-08-15T12:05:07.914002+00:00,34.192611,True,True,True,True
05DBF34E0676245BB571B1ADFB3081F77137562EFE12E2057E2634ECA9B910AB,deepseek-v4-pro,deepseek-v4-pro,2026-08-15T12:24:53.325212+00:00,2026-08-15T12:25:32.985575+00:00,39.660363,False,True,True,True
061E04661CDBB2BA02133A63BDB83D6E9D6B0291E8F341A892065693CC03414A,deepseek-v4-pro,deepseek-v4-pro,2026-08-15T12:28:32.089449+00:00,2026-08-15T12:29:20.497796+00:00,48.408347,False,True,True,True
064DD629E0B35E472010C75D85327D002035EE41935687695482043599C9E6BE,deepseek-v4-pro,deepseek-v4-pro,2026-08-15T13:16:35.424739+00:00,2026-08-15T13:17:03.272119+00:00,27.84738,False,False,True,False
0652565C34C4DF5A34CAEB610CB102D7EF64A44300B40D253FBB14DF65421042,deepseek-v4-pro,deepseek-v4-pro,2026-08-15T12:02:35.856240+00:00,2026-08-15T12:03:07.657186+00:00,31.800946,True,True,True,True
0652CAA1159996FF10B7E1318AC8218B95DA8DF5CBA9BEBE6FB29892193D8CEA,deepseek-v4-pro,deepseek-v4-pro,2026-08-15T12:04:15.341955+00:00,2026-08-15T12:05:05.165413+00:00,49.823458,True,True,True,True
06537980DE21541689BB2AE4643BC98A26B0424D67556D803E767E52EA68484C,deepseek-v4-pro,deepseek-v4-pro,2026-08-15T13:11:08.553954+00:00,2026-08-15T13:11:41.245939+00:00,32.691985,False,False,True,False
067BA3F31AFEDD09185D91B1E856D03512E2404DC78D5408486F67B10713C7AE,deepseek-v4-pro,deepseek-v4-pro,2026-08-15T13:05:51.439789+00:00,2026-08-15T13:06:44.368474+00:00,52.928685,False,False,True,False
06807BB9D840F771CF97645C317E4E345DB081EAAAED0022C3B530FA7A239A01,deepseek-v4-pro,deepseek-v4-pro,2026-08-15T13:12:37.226279+00:00,2026-08-15T13:13:01.260676+00:00,24.034397,False,False,True,False
06AD8786768317CC6A86C615B0535542D113CBBEB9E615295748B1801A6E13D9,deepseek-v4-pro,deepseek-v4-pro,2026-08-15T12:22:54.307479+00:00,2026-08-15T12:23:31.961130+00:00,37.653651,False,True,True,True
06D089FBF2D8A0092C3B953BD3EAAD54C823D268456E05C688F6D69026A49C2C,deepseek-v4-pro,deepseek-v4-pro,2026-08-15T13:04:48.922511+00:00,2026-08-15T13:05:10.276770+00:00,21.354259,False,False,True,False
06EE6294ABCF871D0A1017FD24AC044B2F5A02876783A7514CF39407916D429B,deepseek-v4-pro,deepseek-v4-pro,2026-08-15T13:15:55.316723+00:00,2026-08-15T13:16:31.269459+00:00,35.952736,False,False,True,False
06FA9C707784D3CED05FFFC67DC90FD26DC2C93490F917CDE35E08C5312D1472,deepseek-v4-pro,deepseek-v4-pro,2026-08-15T13:08:13.727586+00:00,2026-08-15T13:08:38.676747+00:00,24.949161,False,False,True,False
07157FAB545546F63594F97142AB7B1E1BC5CDE0EEC6AA3453F53E4C21CBBC96,deepseek-v4-pro,deepseek-v4-pro,2026-08-15T12:03:03.749002+00:00,2026-08-15T12:03:37.830918+00:00,34.081916,True,True,True,True
072112BB9EB8BBC7954D4806D7C848226AAE8AB3AAC15287FAF3C078FE617F61,deepseek-v4-pro,deepseek-v4-pro,2026-08-15T12:24:26.627893+00:00,2026-08-15T12:25:00.763564+00:00,34.135671,False,True,True,True
073B9649E5770A7934BADE2DB7BD5CD8F29DD84122C242CB3397FEA7B4774BEB,deepseek-v4-pro,deepseek-v4-pro,2026-08-15T13:08:46.281961+00:00,2026-08-15T13:09:13.811408+00:00,27.529447,False,False,True,False
075144D04BBB2C63B937DB9C1194CC425573AB4EC560025A17F47ADE08A50734,deepseek-v4-pro,deepseek-v4-pro,2026-08-15T13:15:33.711426+00:00,2026-08-15T13:15:55.378986+00:00,21.66756,False,False,True,False
07B1A2DCEAC7512B0F066F2F6053F28741C17E35519CB7A8920B1573FB8E3720,deepseek-v4-pro,deepseek-v4-pro,2026-08-15T12:27:11.240251+00:00,2026-08-15T12:27:44.085463+00:00,32.845212,False,True,True,True
082CA21FB17E5F4D903904EE3EE1FCF1E40F162B03A3E5C7D772349CE8607242,deepseek-v4-pro,deepseek-v4-pro,2026-08-15T13:12:08.932026+00:00,2026-08-15T13:12:52.463461+00:00,43.531435,False,False,True,False
088809A2E4F132C5B7231D53C85314001FBF8A3307C1C6C4D2A7411508313240,deepseek-v4-pro,deepseek-v4-pro,2026-08-15T12:28:17.576374+00:00,2026-08-15T12:28:44.735953+00:00,27.159579,False,True,True,True
08AD0C7B38DEF20402A39531BB9D4766901831DA50DB5FBA520595125207A941,deepseek-v4-pro,deepseek-v4-pro,2026-08-15T12:23:20.859110+00:00,2026-08-15T12:23:44.347467+00:00,23.488357,False,True,True,True
08DC1168F5C11E4E3D6757BD54C73505C2882D9FA73DED2DE116EB9E6985B183,deepseek-v4-pro,deepseek-v4-pro,2026-08-15T11:59:51.417650+00:00,2026-08-15T12:00:27.686983+00:00,36.269333,True,True,True,True
09BFFC7977BFF2A5A1EBF02A5B50E1454F6D4BD02D821565072F6DFA72133D56,deepseek-v4-pro,deepseek-v4-pro,2026-08-15T13:11:10.918415+00:00,2026-08-15T13:11:33.926120+00:00,23.007705,False,False,True,False
09D12A15E322835AC96FC961D49068F8CF75BB91D44CC46E7E17E97ABFBE8A79,deepseek-v4-pro,deepseek-v4-pro,2026-08-15T12:24:56.381364+00:00,2026-08-15T12:25:22.937119+00:00,26.555755,False,True,True,True
09E1E52EDAAC3A1FB216B6590B996938EAA8B6FDB0FBB4B25E919CBEE099C815,deepseek-v4-pro,deepseek-v4-pro,2026-08-15T12:05:34.750719+00:00,2026-08-15T12:06:04.092386+00:00,29.341667,True,True,True,True
0A091D9C3D516F783A9E832024A06CA0EFC40DE95FE9ACC02EA0953B9DE8F990,deepseek-v4-pro,deepseek-v4-pro,2026-08-15T12:28:33.730457+00:00,2026-08-15T12:28:57.058762+00:00,23.328305,False,True,True,True
0A867D7EBE12F99CCE0560C08357B9A6E78DD472111DC50579284B10476F9B6D,deepseek-v4-pro,deepseek-v4-pro,2026-08-15T13:10:14.175862+00:00,2026-08-15T13:10:58.290929+00:00,44.115067,False,False,True,False
0A8BB5527555A1D402F4BDA116AACDE9D05BF97FCFBFFBF94295A04A0DA9E365,deepseek-v4-pro,deepseek-v4-pro,2026-08-15T12:22:53.965853+00:00,2026-08-15T12:23:38.270764+00:00,44.304911,False,True,True,True
0AA49B52BAC4EAE4916065FAC4C03DA3496FF66B185F622E5F6C29AB2D82D5AB,deepseek-v4-pro,deepseek-v4-pro,2026-08-15T13:12:35.578787+00:00,2026-08-15T13:13:07.907299+00:00,32.328512,False,False,True,False
0AB45E2600C1BAE50907AA6D175DD05AC19D3F9481F7F3FBB441466EEAD1782E,deepseek-v4-pro,deepseek-v4-pro,2026-08-15T13:06:27.902061+00:00,2026-08-15T13:07:08.109280+00:00,40.207219,False,False,True,False
0ABBD019F7CF1DDB533CC00272B63CB100BB287D8C951C002BB92D62353C7228,deepseek-v4-pro,deepseek-v4-pro,2026-08-15T13:14:18.575519+00:00,2026-08-15T13:14:46.850363+00:00,28.274844,False,False,True,False
0AC49B50C240B56F54A8D2B60C7FC9C6E56E2A2C04FDBABBC9DADF0C2808AD77,deepseek-v4-pro,deepseek-v4-pro,2026-08-15T13:05:58.986939+00:00,2026-08-15T13:06:27.371750+00:00,28.384811,False,False,True,False
0AD3B99659A6AA1A2E5EAA9BB9920750A2E6BF4B8C1DF564640DE5F79C65CA69,deepseek-v4-pro,deepseek-v4-pro,2026-08-15T11:58:42.531267+00:00,2026-08-15T11:59:28.122750+00:00,45.591483,True,True,True,True
0AFBCB183F4C4DC3DAFFE283E0CD5B0D7EEB138E516B20454868756CFBBE3D7C,deepseek-v4-pro,deepseek-v4-pro,2026-08-15T13:08:55.415215+00:00,2026-08-15T13:09:37.854882+00:00,42.439667,False,False,True,False
0B0661ED2BAE53B3C6D43E408124CD506E0CF18CF455FE2ACF51CC53E47E630C,deepseek-v4-pro,deepseek-v4-pro,2026-08-15T11:59:15.604142+00:00,2026-08-15T12:00:28.023525+00:00,72.419383,True,True,True,True
0B0BF65990C402D20ED81538FD4A8CBD4EDE185BAE42CFF464B8BFC9544AECC7,deepseek-v4-pro,deepseek-v4-pro,2026-08-15T13:05:11.971289+00:00,2026-08-15T13:05:37.594987+00:00,25.623698,False,False,True,False
0B10A2E4E0A96978F4D590DE61A15300BB81FE5C000D0C0DF4F878176FA5AC45,deepseek-v4-pro,deepseek-v4-pro,2026-08-15T13:12:44.300033+00:00,2026-08-15T13:13:19.215223+00:00,34.91519,False,False,True,False
0B1D5271711A898FE337E7084511FF51EBCA285F87777CE1F8CC0CB61C7359EC,deepseek-v4-pro,deepseek-v4-pro,2026-08-15T13:14:50.886957+00:00,2026-08-15T13:15:13.669869+00:00,22.782912,False,False,True,False
0B2892DB134F831BEE16044B250468244875F4CA0560ED1596F3A2C2C9B34721,deepseek-v4-pro,deepseek-v4-pro,2026-08-15T13:18:31.585402+00:00,2026-08-15T13:19:03.260309+00:00,31.674907,False,False,True,False
0B4BA7BCCC27AED45C43EE51F1A86145A6851609E5D6A56716EDBE1E3FF8CAFE,deepseek-v4-pro,deepseek-v4-pro,2026-08-15T12:05:26.485138+00:00,2026-08-15T12:05:51.617066+00:00,25.131928,True,True,True,True
0B4D624062266EEDD71007B9227A964DF370B24916BAB2610E40DF5A5E248A5B,deepseek-v4-pro,deepseek-v4-pro,2026-08-15T13:15:06.347250+00:00,2026-08-15T13:15:43.605491+00:00,37.258241,False,False,True,False
0B5D56E678566DA9AB709CAB1B78D2BE69F76CCB696438AA9A254AC6D0C548ED,deepseek-v4-pro,deepseek-v4-pro,2026-08-15T13:15:40.740489+00:00,2026-08-15T13:16:29.191239+00:00,48.45075,False,False,True,False
0B7B6AF8C22F3C1F1A8A8794F222407FF3D9D0E15614FFE2BD838FDCFA805882,deepseek-v4-pro,deepseek-v4-pro,2026-08-15T13:06:37.528867+00:00,2026-08-15T13:07:18.988425+00:00,41.459558,False,False,True,False
0B849BD0E938D8FE4A2ECDECBF079EF52217562349FC65A6E3BED4A47CDE33C0,deepseek-v4-pro,deepseek-v4-pro,2026-08-15T13:12:11.901857+00:00,2026-08-15T13:12:38.514228+00:00,26.612371,False,False,True,False
0B8E912963937985C380CA650E5756FE5DCAE34B10F833A0E60DF88CD28339DA,deepseek-v4-pro,deepseek-v4-pro,2026-08-15T13:12:09.852498+00:00,2026-08-15T13:12:31.073467+00:00,21.220969,False,False,True,False
0B9424061698446107EC008D27711286ED3F371643FAA99FB024B6F9300C6033,deepseek-v4-pro,deepseek-v4-pro,2026-08-15T12:24:45.053503+00:00,2026-08-15T12:25:18.852392+00:00,33.798889,False,True,True,True
0BA1AC7B30B605797DBBFAF9EF6F06001430C063B9DBF862E5D53BA551DEBEDC,deepseek-v4-pro,deepseek-v4-pro,2026-08-15T13:18:03.921109+00:00,2026-08-15T13:18:34.129064+00:00,30.207955,False,False,True,False
0BA76ABAE1641839A11F2D8B9132C51074C063ED84E925045FCA06359759D0F1,deepseek-v4-pro,deepseek-v4-pro,2026-08-15T12:29:19.634977+00:00,2026-08-15T12:30:09.669215+00:00,50.034238,False,True,True,True
0BEF2E53462587656C44CDF1FA1AE2AFDF9C8960E8EC1229FF7469CE0BD71FCC,deepseek-v4-pro,deepseek-v4-pro,2026-08-15T12:05:28.946441+00:00,2026-08-15T12:05:52.438473+00:00,23.492032,True,True,True,True
0C559C65B9B8EAC9218571AB410464E03E2D240F56B26DED77C26FAC0A3A5817,deepseek-v4-pro,deepseek-v4-pro,2026-08-15T12:24:09.506301+00:00,2026-08-15T12:24:38.621908+00:00,29.115607,False,True,True,True
0C80AE512136DB6411816CDACDD57675EA3A9084289C7806B857EF9F89EDA45B,deepseek-v4-pro,deepseek-v4-pro,2026-08-15T13:18:29.297625+00:00,2026-08-15T13:19:03.940095+00:00,34.64247,False,False,True,False
0CCA9792600ABF08487336EEB539DEF2A19D8ECC6FAEA3AE2DF58276BEE419C3,deepseek-v4-pro,deepseek-v4-pro,2026-08-15T12:02:09.113177+00:00,2026-08-15T12:02:31.477703+00:00,22.364526,True,True,True,True
0CCEC095BF9E9E7B4968C2309F869941DED50C83C16842B383DDA3A568170A75,deepseek-v4-pro,deepseek-v4-pro,2026-08-15T13:17:17.830381+00:00,2026-08-15T13:18:10.243906+00:00,52.413525,False,False,True,False
0D06684999B0EF3C53B2DD06CE417611FBBD523F159A4A20EC23273DDEF2EB25,deepseek-v4-pro,deepseek-v4-pro,2026-08-15T12:26:33.455922+00:00,2026-08-15T12:27:08.226733+00:00,34.770811,False,True,True,True
0D16848FA995288388D23107518DF23A4581F183FD0E139DFF23A3D95D1DB917,deepseek-v4-pro,deepseek-v4-pro,2026-08-15T13:13:43.860932+00:00,2026-08-15T13:14:45.093248+00:00,61.232316,False,False,True,False
0D1756D600BF474812D8EFBEDA1BA2ABBAD3816D85B75852036E6D03A16515B1,deepseek-v4-pro,deepseek-v4-pro,2026-08-15T12:03:59.045816+00:00,2026-08-15T12:04:31.259960+00:00,32.214144,True,True,True,True
0D53D2C966D5570C376C9476774380FD5C22880EA2DA01726AEE8C40582EB100,deepseek-v4-pro,deepseek-v4-pro,2026-08-15T13:06:51.710687+00:00,2026-08-15T13:07:45.315341+00:00,53.604654,False,False,True,False
0D58AA5D39749ADAB2D5AED1140BEBBBDCACC10A793A297B78F6FE4B202B0A76,deepseek-v4-pro,deepseek-v4-pro,2026-08-15T13:05:37.601595+00:00,2026-08-15T13:06:15.741964+00:00,38.140369,False,False,True,False
0D667B39073E8D0FCD04BA82F4BD7E7EC2A43F93B0A353C44E301049570EEB35,deepseek-v4-pro,deepseek-v4-pro,2026-08-15T12:25:33.702002+00:00,2026-08-15T12:26:00.653544+00:00,26.951542,False,True,True,True
0DB180A475CB9D6FF8243E2BCEFBDDE412D2D5EC747E01AA4207EBEE6EE9EFA5,deepseek-v4-pro,deepseek-v4-pro,2026-08-15T13:11:41.258339+00:00,2026-08-15T13:12:15.845931+00:00,34.587592,False,False,True,False
0DBD22185A23A5BB95FFE24C9FCD305220147A1F4C284FF85FC351518CBE0A07,deepseek-v4-pro,deepseek-v4-pro,2026-08-15T12:28:23.998803+00:00,2026-08-15T12:29:03.781729+00:00,39.782926,False,True,True,True
0DCC74BB27ACF5D26221A4091017D930978D2F799858B5C266CCCCA671E40953,deepseek-v4-pro,deepseek-v4-pro,2026-08-15T12:23:45.023232+00:00,2026-08-15T12:24:14.825442+00:00,29.80221,False,True,True,True
0E0172DD200A5203758069EBEBE79563930229AD34FD9B895559CBD6D1096E89,deepseek-v4-pro,deepseek-v4-pro,2026-08-15T13:03:46.986360+00:00,2026-08-15T13:04:39.877979+00:00,52.891619,False,False,True,False
0E3E8F914273B3D27CC12591283BA9D0385B9AEC1128D083FA37B8428D4E5849,deepseek-v4-pro,deepseek-v4-pro,2026-08-15T13:08:27.991501+00:00,2026-08-15T13:08:58.268828+00:00,30.277327,False,False,True,False
0EAC05AADD5555CF779715D60070B24DD6910839195C7926876D4B80B89BD1D0,deepseek-v4-pro,deepseek-v4-pro,2026-08-15T12:27:29.130821+00:00,2026-08-15T12:28:13.376953+00:00,44.246132,False,True,True,True
0F0B324E78A61F869FA88831B215325BC04A3820355395C3D5BB6D0D8FFDF51C,deepseek-v4-pro,deepseek-v4-pro,2026-08-15T13:17:23.225710+00:00,2026-08-15T13:18:13.413903+00:00,50.188193,False,False,True,False
0F41D2FD1A04F9A4DBC95E4D8899DC1DF3A6FFF174E80F2BFC7A210358353583,deepseek-v4-pro,deepseek-v4-pro,2026-08-15T13:18:20.295094+00:00,2026-08-15T13:19:13.781741+00:00,53.486647,False,False,True,False
0F86251631D91DDF79355213F987A81601CEF7886C4C323E2BCFE0BF8854D316,deepseek-v4-pro,deepseek-v4-pro,2026-08-15T12:05:27.157929+00:00,2026-08-15T12:05:59.689635+00:00,32.531706,True,True,True,True
0FC5A87803AE70C57204525CF89EC84810BD4B8E8617E1AEDBB01307B9919465,deepseek-v4-pro,deepseek-v4-pro,2026-08-15T11:59:26.806052+00:00,2026-08-15T12:00:12.659864+00:00,45.853812,True,True,True,True
102E3D9E8EC75DE5085C6CC0821BEA3C62388E412E1C72ED99A76F87B7D8ED75,deepseek-v4-pro,deepseek-v4-pro,2026-08-15T13:08:12.214051+00:00,2026-08-15T13:09:04.033126+00:00,51.819075,False,False,True,False
105E9E8446FF8F624D87BAA51C28D93FD2472E86346E0A5D7C7AF3CC9AD11B54,deepseek-v4-pro,deepseek-v4-pro,2026-08-15T13:14:51.266297+00:00,2026-08-15T13:15:15.031649+00:00,23.765352,False,False,True,False
108C340C5989450B982181F99764DDE66C1FD24B2C0A44F6A4B55E74A447639E,deepseek-v4-pro,deepseek-v4-pro,2026-08-15T13:10:25.575005+00:00,2026-08-15T13:10:58.673356+00:00,33.098351,False,False,True,False
10C364382D81CAB782A7CD8B80B62F92F5C83E4617054C1B564BA1E56D3CD5A1,deepseek-v4-pro,deepseek-v4-pro,2026-08-15T12:24:28.343903+00:00,2026-08-15T12:25:12.841598+00:00,44.497695,False,True,True,True
1128BEA376D018043FB5DEB93CDF6C8DA54AE4D1CBF233C4A70F505A18A1F771,deepseek-v4-pro,deepseek-v4-pro,2026-08-15T13:15:39.590802+00:00,2026-08-15T13:16:14.199432+00:00,34.60863,False,False,True,False
1133C6112FE1B6877CCAA6B0ECA44E07D6A9303CF700466AF7CBF2C810BDC1AD,deepseek-v4-pro,deepseek-v4-pro,2026-08-15T13:08:06.786218+00:00,2026-08-15T13:08:31.910448+00:00,25.12423,False,False,True,False
116F3EEF0841DE4801F3F8EA53FEFA9DD631DE445D2448571D8922E1249FEAB0,deepseek-v4-pro,deepseek-v4-pro,2026-08-15T13:18:16.117634+00:00,2026-08-15T13:19:06.315490+00:00,50.197856,False,False,True,False
11850A5F16D2283AB6CF29FB0712F6F1621626A3664FE7C01196105CA6BE5CA3,deepseek-v4-pro,deepseek-v4-pro,2026-08-15T13:08:27.149574+00:00,2026-08-15T13:08:43.043836+00:00,15.894262,False,False,True,False
118DE7CD29B37EE92FB010B92676486F350CA5B7CA8E903EAD70F7A90CD478F5,deepseek-v4-pro,deepseek-v4-pro,2026-08-15T13:08:21.262942+00:00,2026-08-15T13:08:55.793833+00:00,34.530891,False,False,True,False
11F6C5EBA1E1F45602247F2B9A15C83CA58C4BD5E1DBD80E5E06246BAF996CD3,deepseek-v4-pro,deepseek-v4-pro,2026-08-15T13:12:02.304332+00:00,2026-08-15T13:12:43.361569+00:00,41.057237,False,False,True,False
11F8DBFB6E3EB703997C5C124E479DD6C8170A11A693C5FD3A0F3ED24B9F60BE,deepseek-v4-pro,deepseek-v4-pro,2026-08-15T12:25:51.674444+00:00,2026-08-15T12:26:30.286038+00:00,38.611594,False,True,True,True
12322C2C6AA51E712E0CD49E40938348A04A557CC94CD22709EF09F294FD6799,deepseek-v4-pro,deepseek-v4-pro,2026-08-15T12:26:08.931623+00:00,2026-08-15T12:26:54.667908+00:00,45.736285,False,True,True,True
128C91F9E892B9DA9ED01470C815292D9FFE686EECDC0295634D9BEDD100C659,deepseek-v4-pro,deepseek-v4-pro,2026-08-15T13:16:14.211105+00:00,2026-08-15T13:16:52.397660+00:00,38.186555,False,False,True,False
12D2F2EB9606E1938624CD7AD303A244B506F4F514B38BA979DF8094C3236CC8,deepseek-v4-pro,deepseek-v4-pro,2026-08-15T12:04:48.992677+00:00,2026-08-15T12:05:37.340985+00:00,48.348308,True,True,True,True
12D2F7527FDE07A9BFEEB5D967B818BCBF53D818AF993D2ED66A962B3ADCD5ED,deepseek-v4-pro,deepseek-v4-pro,2026-08-15T13:07:50.872798+00:00,2026-08-15T13:08:27.138159+00:00,36.265361,False,False,True,False
12E36300C5CA1CD48BD14B0DB2988E1F461C579A708D1CC32D24B14549392F78,deepseek-v4-pro,deepseek-v4-pro,2026-08-15T13:17:15.325423+00:00,2026-08-15T13:17:43.619131+00:00,28.293708,False,False,True,False
12F2C274BA2EA1B45FE5A057157EEB96333E86EE2EDE021D9DB92B86D51416C5,deepseek-v4-pro,deepseek-v4-pro,2026-08-15T12:04:31.942569+00:00,2026-08-15T12:05:04.218658+00:00,32.276089,True,True,True,True
131DE89853E8545661BAB8E64E0A17C6A7C54C0F960CB33737392F6702711097,deepseek-v4-pro,deepseek-v4-pro,2026-08-15T13:07:47.465837+00:00,2026-08-15T13:08:21.250579+00:00,33.784742,False,False,True,False
135843B01C8BEF8AC9B9A02DB8521F53A1E69163BCE9F715B89C57C4101BBCE4,deepseek-v4-pro,deepseek-v4-pro,2026-08-15T13:04:24.025436+00:00,2026-08-15T13:05:09.773768+00:00,45.748332,False,False,True,False
136685695D32AA4D2EC0D2751A311953FCA2ABFF6DA10414CF4D52D9CB4BF664,deepseek-v4-pro,deepseek-v4-pro,2026-08-15T12:27:51.778987+00:00,2026-08-15T12:28:26.384674+00:00,34.605687,False,True,True,True
138E0CD73681D0CA8D0B927F57407E351454462F60CD8322AC485C2833F14D72,deepseek-v4-pro,deepseek-v4-pro,2026-08-15T13:17:54.561977+00:00,2026-08-15T13:18:16.695681+00:00,22.133704,False,False,True,False
1472D18A75806BDA468FCA89041D31CE389BF4EC45A3241EF9D33F8C9ADCECBE,deepseek-v4-pro,deepseek-v4-pro,2026-08-15T12:22:53.908103+00:00,2026-08-15T12:23:55.997710+00:00,62.089607,False,True,True,True
147710A21380101F91193D43A9F64F4C57F19432F26BFA129BC653DB8E6C6B70,deepseek-v4-pro,deepseek-v4-pro,2026-08-15T12:27:08.233052+00:00,2026-08-15T12:27:38.880115+00:00,30.647063,False,True,True,True
149EA2BC7DE845DF0AB8CB38604EC205EA1C10DB40E2CDF96FF0FDF3B9D893E0,deepseek-v4-pro,deepseek-v4-pro,2026-08-15T12:24:42.058746+00:00,2026-08-15T12:25:23.330980+00:00,41.272234,False,True,True,True
14AD1969559D25B4F4D3791CA1640DB6CCD52DA724EB1CDDD6F6DFFD0CE25AA8,deepseek-v4-pro,deepseek-v4-pro,2026-08-15T13:04:40.929078+00:00,2026-08-15T13:05:22.319818+00:00,41.39074,False,False,True,False
14C2239FF1FE30656A4203C4E751F2E61888B07F63AEBED6E7BB1020750A8A7F,deepseek-v4-pro,deepseek-v4-pro,2026-08-15T12:27:01.899337+00:00,2026-08-15T12:27:48.234736+00:00,46.335399,False,True,True,True
15169EDEE6A2D6CFA1A2EB1C60357EFB8A27F1246F38D8962D8136077BAB6A38,deepseek-v4-pro,deepseek-v4-pro,2026-08-15T13:17:13.648744+00:00,2026-08-15T13:18:03.916538+00:00,50.267794,False,False,True,False
151F5813CDFCC446F63EDB3CC26094FF3B5337D48A600B5B4B40529E5FEBE1BA,deepseek-v4-pro,deepseek-v4-pro,2026-08-15T12:25:30.722583+00:00,2026-08-15T12:26:12.511809+00:00,41.789226,False,True,True,True
151FBE7B30C98BCC71B8657BD80CE56DBA01AC2DD9DF3646640DEE88A6F3AAEA,deepseek-v4-pro,deepseek-v4-pro,2026-08-15T13:16:35.670133+00:00,2026-08-15T13:17:13.180986+00:00,37.510853,False,False,True,False
1567BD183A0B113125147E1FF5093830B22FD92C3C32D4F7E4A1AC054067FF06,deepseek-v4-pro,deepseek-v4-pro,2026-08-15T13:10:35.963376+00:00,2026-08-15T13:11:10.576995+00:00,34.613619,False,False,True,False
1592B0A7657C3F4CDC4813DC54BADCD1A7F0DE85D6E8F9A953FB7E034AB7B88B,deepseek-v4-pro,deepseek-v4-pro,2026-08-15T13:18:14.449042+00:00,2026-08-15T13:18:37.267091+00:00,22.818049,False,False,True,False
159AF2244266E27E3157694CED2405A5A8AA8A60491CB6F07ED66C552579812F,deepseek-v4-pro,deepseek-v4-pro,2026-08-15T13:16:51.243801+00:00,2026-08-15T13:17:21.848107+00:00,30.604306,False,False,True,False
15D13644DC1EDA7C49DCC69FA3BD27B55D2937AFCC51E28B11AF30EF0F35E3BB,deepseek-v4-pro,deepseek-v4-pro,2026-08-15T13:06:53.070189+00:00,2026-08-15T13:08:13.504911+00:00,80.434722,False,False,True,False
15D198933D83A1E86151F0C6EBE8BAC480091C67E7A51A6AD21E4B84C8959D0A,deepseek-v4-pro,deepseek-v4-pro,2026-08-15T12:23:20.050794+00:00,2026-08-15T12:23:39.351396+00:00,19.300602,False,True,True,True
15F28D7AD0EBEE413B65FC8497E49FA40A0BACD9D156BD8E2D28BE2A2D5EA7AD,deepseek-v4-pro,deepseek-v4-pro,2026-08-15T13:16:37.273816+00:00,2026-08-15T13:17:11.370840+00:00,34.097024,False,False,True,False
16169D39C91A234D43626291ABF3385CA787F6A4FD48CF2C7B6F1CBD914443A2,deepseek-v4-pro,deepseek-v4-pro,2026-08-15T12:27:37.793131+00:00,2026-08-15T12:28:13.645345+00:00,35.852214,False,True,True,True
16187B1CD49413DD2E3E501F2434F12AF9880639F1A2B04887388B83062CD854,deepseek-v4-pro,deepseek-v4-pro,2026-08-15T12:02:04.105815+00:00,2026-08-15T12:02:31.788289+00:00,27.682474,True,True,True,True
161BC90ED1FA19D91BD605881064C2442FDC467B937FCD22FBC309DA494F1498,deepseek-v4-pro,deepseek-v4-pro,2026-08-15T11:59:40.780540+00:00,2026-08-15T12:00:35.568668+00:00,54.788128,True,True,True,True
161DB964B5C605D1320FD4618787478D9B31E09CFED3D822856264402F60FDA0,deepseek-v4-pro,deepseek-v4-pro,2026-08-15T13:04:52.208457+00:00,2026-08-15T13:05:20.989516+00:00,28.781059,False,False,True,False
163619672691FE072ED6E77BA25048D03A1FB6CB86C6BB55375C70F2BB6B3DA8,deepseek-v4-pro,deepseek-v4-pro,2026-08-15T13:08:50.695877+00:00,2026-08-15T13:09:31.688686+00:00,40.992809,False,False,True,False
165E8682D58A90EE750FD130DCBF73FC8644E50CC9CA2C3DBC040CD32987F7E3,deepseek-v4-pro,deepseek-v4-pro,2026-08-15T11:59:17.780386+00:00,2026-08-15T11:59:55.178027+00:00,37.397641,True,True,True,True
165ED0E1F0D0CDFC8BC2971A778C8C6AADA8713347192DDFB0B32A0BE05009AA,deepseek-v4-pro,deepseek-v4-pro,2026-08-15T13:08:07.861262+00:00,2026-08-15T13:08:45.456459+00:00,37.595197,False,False,True,False
169C0F5994257CB027207D3A15440CC8E5C4810295B0E6B9454F99B60A1E6B9F,deepseek-v4-pro,deepseek-v4-pro,2026-08-15T13:13:51.527988+00:00,2026-08-15T13:14:28.130645+00:00,36.602657,False,False,True,False
16C5DD12B341F37AA31FA0EC56216C44AC3CCB8FFDF49A1A42596D3C4108E944,deepseek-v4-pro,deepseek-v4-pro,2026-08-15T13:04:26.056263+00:00,2026-08-15T13:05:22.114114+00:00,56.057851,False,False,True,False
16F5E4DD00CB51E799C3337A76F0CCE749840E581E3005EFAD0EB72C5D1603E8,deepseek-v4-pro,deepseek-v4-pro,2026-08-15T12:00:45.528458+00:00,2026-08-15T12:01:28.417584+00:00,42.889126,True,True,True,True
1710EA85B61D55D667A9FEAD5300D1A8D70122EF629B77735F4E3D2386DEEC99,deepseek-v4-pro,deepseek-v4-pro,2026-08-15T13:08:23.113194+00:00,2026-08-15T13:08:53.654398+00:00,30.541204,False,False,True,False
17AE5813B4FB02719E4C8DD7B669257A02B9E57F0DA125DDEFF7BA849BDAD0A2,deepseek-v4-pro,deepseek-v4-pro,2026-08-15T12:26:45.770347+00:00,2026-08-15T12:27:11.661567+00:00,25.89122,False,True,True,True
17E775F48B554F907BB49C4E3458A8E426FD4BA83E93257FB99A92409F545EC2,deepseek-v4-pro,deepseek-v4-pro,2026-08-15T13:08:13.510140+00:00,2026-08-15T13:09:01.069156+00:00,47.559016,False,False,True,False
180B2DF67D96B00273ECC01A5C592D5C7B8E66F8233CD40DBF5835BA6A9BC5E1,deepseek-v4-pro,deepseek-v4-pro,2026-08-15T12:27:38.188640+00:00,2026-08-15T12:28:09.388486+00:00,31.199846,False,True,True,True
18436F8940F83526E6951C12171E0246230D79CFBF1B75DC34D34CB18D4D4C43,deepseek-v4-pro,deepseek-v4-pro,2026-08-15T12:00:42.189291+00:00,2026-08-15T12:01:18.474406+00:00,36.285115,True,True,True,True
18582587D9C425FC5BB14B8C87049368D17C6F9B9B2484A6BD5DE898248FC0EB,deepseek-v4-pro,deepseek-v4-pro,2026-08-15T11:59:42.572400+00:00,2026-08-15T12:00:15.774305+00:00,33.201905,True,True,True,True
187DD15E63EF0F02A61C11F8447E68CEF2C1B4E62E3CE6026287662DA60BD2A0,deepseek-v4-pro,deepseek-v4-pro,2026-08-15T13:18:35.271439+00:00,2026-08-15T13:19:08.265093+00:00,32.993654,False,False,True,False
188EDE68239593BD510BF04D75934E8522D55F3F274DC39C30B2F6EEED48C080,deepseek-v4-pro,deepseek-v4-pro,2026-08-15T12:27:52.201224+00:00,2026-08-15T12:28:13.898929+00:00,21.697705,False,True,True,True
18E180BD36F84104AFCBB0B314398F0AC0B7937DBBF9B6E2AC997BB85C83D44C,deepseek-v4-pro,deepseek-v4-pro,2026-08-15T13:14:03.314002+00:00,2026-08-15T13:14:18.569380+00:00,15.255378,False,False,True,False
18F7A4C248C1F0E6DFAE1160265AE9233A20F32A6BC95C47A105444E20ABF01F,deepseek-v4-pro,deepseek-v4-pro,2026-08-15T13:07:16.749764+00:00,2026-08-15T13:07:39.096472+00:00,22.346708,False,False,True,False
194C6EC0F02D54E961CE22538336808C2243D0907487A632D5D0DE00A5F95984,deepseek-v4-pro,deepseek-v4-pro,2026-08-15T12:28:23.026177+00:00,2026-08-15T12:28:40.284967+00:00,17.25879,False,True,True,True
19AB8B63FB8FAF1232618BD42104AF0014A51FE21D9D6F2FC0F8E5167FD906A6,deepseek-v4-pro,deepseek-v4-pro,2026-08-15T12:26:42.009640+00:00,2026-08-15T12:27:15.882171+00:00,33.872531,False,True,True,True
19DDC9E2A98D6795F92F06E855ECB3BB270347187DA95AA5729291630385C1DC,deepseek-v4-pro,deepseek-v4-pro,2026-08-15T12:28:34.536968+00:00,2026-08-15T12:29:27.818012+00:00,53.281044,False,True,True,True
1A2DCCA12D9E1211DE1096A8A0236FCBD520B1E353147F66481F0B712A6FA5DE,deepseek-v4-pro,deepseek-v4-pro,2026-08-15T13:04:21.499575+00:00,2026-08-15T13:04:53.405914+00:00,31.906339,False,False,True,False
1A882DADBEFB83CC2A7B76ACD26A70AF4747C1994B4E832E04237BFF7DD8EBEE,deepseek-v4-pro,deepseek-v4-pro,2026-08-15T13:17:04.125513+00:00,2026-08-15T13:17:59.520221+00:00,55.394708,False,False,True,False
1ACA82A6CD37147D89E6E28656EAF0CE87DB650DD059A586077D601D6F890FD8,deepseek-v4-pro,deepseek-v4-pro,2026-08-15T13:07:01.650244+00:00,2026-08-15T13:07:37.395932+00:00,35.745688,False,False,True,False
1ACAF683BCAA56EEE5BC1643CA687E9808A15F0F6C863BFFE646328767058069,deepseek-v4-pro,deepseek-v4-pro,2026-08-15T13:04:29.036684+00:00,2026-08-15T13:04:59.185023+00:00,30.148339,False,False,True,False
1AD11635CA3EA7CBCD3B0B166195BDB3FA5D81E628CB12C983C37334C24C8D0D,deepseek-v4-pro,deepseek-v4-pro,2026-08-15T13:06:41.045111+00:00,2026-08-15T13:07:13.886869+00:00,32.841758,False,False,True,False
1AD66C8D03B2FD706E72F232E4AE658CCCC4EC5FDA2F32DB0FD851CA9432F1A6,deepseek-v4-pro,deepseek-v4-pro,2026-08-15T12:29:27.826034+00:00,2026-08-15T12:30:08.881248+00:00,41.055214,False,True,True,True
1AF6F171BAB3F4611D79385F7B80F59D5B395CEE022132E0E190B760DB7998C6,deepseek-v4-pro,deepseek-v4-pro,2026-08-15T12:00:58.088692+00:00,2026-08-15T12:01:26.114447+00:00,28.025755,True,True,True,True
1AFFD881EABB58FF690BCE64BE536ACACA07BFF13E3818F616A6EB87FABA9A40,deepseek-v4-pro,deepseek-v4-pro,2026-08-15T12:25:36.887506+00:00,2026-08-15T12:26:06.373869+00:00,29.486363,False,True,True,True
1B120783B82703BCD5A5AB6D778D9CBCAB6CEBD44FB512AA85996CEFB7DB5FFE,deepseek-v4-pro,deepseek-v4-pro,2026-08-15T13:16:10.754841+00:00,2026-08-15T13:16:53.441407+00:00,42.686566,False,False,True,False
1B3697FF30445E9C6C07821BD1EBBD5C190E99FED267E22671F76E8F71C6F064,deepseek-v4-pro,deepseek-v4-pro,2026-08-15T13:15:23.255010+00:00,2026-08-15T13:16:05.181995+00:00,41.926985,False,False,True,False
1BAD8C8287BD91D8E1C01D0F056BD6ACEF749253D99586469D9565E5C09B92B4,deepseek-v4-pro,deepseek-v4-pro,2026-08-15T12:23:44.358110+00:00,2026-08-15T12:24:16.114130+00:00,31.75602,False,True,True,True
1BCD11BDC6C3568AD97409A5E6177FE25588F242435C8D47DF68C1D7616F314D,deepseek-v4-pro,deepseek-v4-pro,2026-08-15T13:05:20.997032+00:00,2026-08-15T13:05:44.925256+00:00,23.928224,False,False,True,False
1BDFCC8495F56DA6DFA922331E5A0321F8852AF61381CA6E0F7DCA7895B14986,deepseek-v4-pro,deepseek-v4-pro,2026-08-15T12:02:48.063513+00:00,2026-08-15T12:03:33.811747+00:00,45.748234,True,True,True,True
1BF278516161A460A1E67F153419D21402A62C997B9EFAFE3DD987E783AFAA3D,deepseek-v4-pro,deepseek-v4-pro,2026-08-15T13:03:46.983388+00:00,2026-08-15T13:04:28.638175+00:00,41.654787,False,False,True,False
1C249882F61ED3DC1610130D9EC4E2391AF84F0FDE363A62097C50347E0C1142,deepseek-v4-pro,deepseek-v4-pro,2026-08-15T13:05:06.411688+00:00,2026-08-15T13:05:41.502759+00:00,35.091071,False,False,True,False
1C311CB47DCD6C2A1CBA2622C3A4CB74A30255831BCDB4AF22238D006392CCBB,deepseek-v4-pro,deepseek-v4-pro,2026-08-15T13:06:15.748177+00:00,2026-08-15T13:07:01.734966+00:00,45.986789,False,False,True,False
1C6529C472A618D2FF189BF9AA1D7991A4B815221D00FCE358DA552D36A0E00C,deepseek-v4-pro,deepseek-v4-pro,2026-08-15T12:02:48.913925+00:00,2026-08-15T12:03:36.653229+00:00,47.739304,True,True,True,True
1C894ED73193BEE540FBDAF3155DA93314A4E8B156D4E076D047A02FE2FF1DF9,deepseek-v4-pro,deepseek-v4-pro,2026-08-15T12:24:56.350134+00:00,2026-08-15T12:25:19.197195+00:00,22.847061,False,True,True,True
1C9505F30E6A5453632B0E471DD0DC06C9873479470BE896E249F86D80854FAE,deepseek-v4-pro,deepseek-v4-pro,2026-08-15T13:13:03.974085+00:00,2026-08-15T13:13:43.998645+00:00,40.02456,False,False,True,False
1C962AB907EB5B0C4C2E91C1B93C08DFD3220C635EE3F6039DB9B2A83C76B5BC,deepseek-v4-pro,deepseek-v4-pro,2026-08-15T13:09:50.103948+00:00,2026-08-15T13:10:20.985850+00:00,30.881902,False,False,True,False
1CBAA930C14B43F6235981B606A276D702F1742463F754F1BC25AEC76AE2177D,deepseek-v4-pro,deepseek-v4-pro,2026-08-15T11:59:34.887157+00:00,2026-08-15T12:00:01.778597+00:00,26.89144,True,True,True,True
1CC7A73509C6A4918A290A0D3211AEC345C3EA908E58EA2E04E8D4B20A5B61D2,deepseek-v4-pro,deepseek-v4-pro,2026-08-15T13:03:46.960495+00:00,2026-08-15T13:04:24.125740+00:00,37.165245,False,False,True,False
1CCC9D2D13C8A484F866685804F3F1F38F2EDE3765342311813D289CC0502FD3,deepseek-v4-pro,deepseek-v4-pro,2026-08-15T12:24:04.000641+00:00,2026-08-15T12:24:36.699990+00:00,32.699349,False,True,True,True
1CE7A93976203BD59EF3A4E89B4389E734A2F5A74E304CF6B19DCCC3D5EF49DD,deepseek-v4-pro,deepseek-v4-pro,2026-08-15T13:13:07.197942+00:00,2026-08-15T13:13:33.754954+00:00,26.557012,False,False,True,False
1D5500BAE9265758DDC8FD058E2A26AFB4D649012035B6D008C6A5CA29E0EEA7,deepseek-v4-pro,deepseek-v4-pro,2026-08-15T13:12:42.794491+00:00,2026-08-15T13:13:01.086693+00:00,18.292202,False,False,True,False
1D618AAF0CA675EE8EDECBDEAC89C7520A9EC80885BE6BD0EF9703286A5E1E45,deepseek-v4-pro,deepseek-v4-pro,2026-08-15T12:01:44.612467+00:00,2026-08-15T12:02:33.506155+00:00,48.893688,True,True,True,True
1D9759DB7708B903A7A910ADE1143DE08D4B588622784885EC2D7DCB64009E87,deepseek-v4-pro,deepseek-v4-pro,2026-08-15T13:09:22.520098+00:00,2026-08-15T13:09:51.732623+00:00,29.212525,False,False,True,False
1D9DD9D4746C14C0396151D07F776369D7CB2F3AF093D2F82F47F047A3311CD9,deepseek-v4-pro,deepseek-v4-pro,2026-08-15T13:12:43.367219+00:00,2026-08-15T13:13:51.515132+00:00,68.147913,False,False,True,False
1DBACE9D37B068FE62FF74AAA80C5451BDA3614459AEEA2CAA4BA8C05CC8FA89,deepseek-v4-pro,deepseek-v4-pro,2026-08-15T12:01:07.955579+00:00,2026-08-15T12:02:00.913654+00:00,52.958075,True,True,True,True
1DCD5D1D03EDD748CA3DA9347C07BE1BE7DC9B6079E57679E6FC4439BA0F9D57,deepseek-v4-pro,deepseek-v4-pro,2026-08-15T13:18:04.877893+00:00,2026-08-15T13:18:31.580401+00:00,26.702508,False,False,True,False
1DE54B95337A79F3535B85DBD88EEF33E0E546BD1BE081E6690533D41C99609A,deepseek-v4-pro,deepseek-v4-pro,2026-08-15T13:03:46.942757+00:00,2026-08-15T13:04:17.427816+00:00,30.485059,False,False,True,False
1E0343FFA5F9078DC855050BD06576586EB15D3FF43416F4D162FA4F7594AEA2,deepseek-v4-pro,deepseek-v4-pro,2026-08-15T12:05:01.851751+00:00,2026-08-15T12:05:49.119697+00:00,47.267946,True,True,True,True
1E39F934A27112472CF56DC717CEB60FD5FBE70F29CEF8D64CFBF29FBF295398,deepseek-v4-pro,deepseek-v4-pro,2026-08-15T13:08:07.419151+00:00,2026-08-15T13:08:45.459092+00:00,38.039941,False,False,True,False
1E4291C55909A6BD76B0D280D77D03003599128CFADE7C7FA9974BE6AF7C4439,deepseek-v4-pro,deepseek-v4-pro,2026-08-15T12:00:12.787171+00:00,2026-08-15T12:00:47.483761+00:00,34.69659,True,True,True,True
1EC8442773110F17C210746FA5FC2096F89945BDCCAD06400C04D783CBADC9DB,deepseek-v4-pro,deepseek-v4-pro,2026-08-15T13:07:35.785349+00:00,2026-08-15T13:08:02.196365+00:00,26.411016,False,False,True,False
1ECAF9E0AE396A679922DF65F70A7C2FBF77905A5963D6BF310080666CA32D29,deepseek-v4-pro,deepseek-v4-pro,2026-08-15T12:22:53.946079+00:00,2026-08-15T12:23:29.210583+00:00,35.264504,False,True,True,True
1ED54BFD862BFC916434DABA5801593F425CC540870DA1E726D99C23CCFB1C3A,deepseek-v4-pro,deepseek-v4-pro,2026-08-15T13:17:21.075562+00:00,2026-08-15T13:17:48.432475+00:00,27.356913,False,False,True,False
1EE070233DA43ED437A9518FE69B2354B3C43881451FEC6B2B448AA4AE4FAF26,deepseek-v4-pro,deepseek-v4-pro,2026-08-15T13:08:53.662392+00:00,2026-08-15T13:09:31.846672+00:00,38.18428,False,False,True,False
1EF2C729470A0D44E43F7ED0BADDA87196041677570B7571C10944E81EDE2FD8,deepseek-v4-pro,deepseek-v4-pro,2026-08-15T12:26:12.359448+00:00,2026-08-15T12:26:30.913764+00:00,18.554316,False,True,True,True
1F5993C39EE1ADC8CECC4F39FAA588E41FEDA7C13D57ADA0514F214184857040,deepseek-v4-pro,deepseek-v4-pro,2026-08-15T13:11:26.226469+00:00,2026-08-15T13:12:01.488307+00:00,35.261838,False,False,True,False
202C83380F72B66E3C03896358D4A51E7028A116B59FFB8AFC24D8C48F1C5665,deepseek-v4-pro,deepseek-v4-pro,2026-08-15T12:24:39.131511+00:00,2026-08-15T12:25:02.419541+00:00,23.28803,False,True,True,True
2051F05D55A8E4F4C48A6EAC79D2E9D2BACADFCC152D4B7C4C9BB9AE3D6C1209,deepseek-v4-pro,deepseek-v4-pro,2026-08-15T13:09:13.643223+00:00,2026-08-15T13:10:03.246119+00:00,49.602896,False,False,True,False
206781AC2BA2D1C16DAC8A2839910E48A100C3F0A421FA194D8440068CA43631,deepseek-v4-pro,deepseek-v4-pro,2026-08-15T12:05:08.065135+00:00,2026-08-15T12:05:47.928517+00:00,39.863382,True,True,True,True
20A56E1E37568B25B93635A7AB7FD6C5444C60A45A31CB2C8DA6026A272A3574,deepseek-v4-pro,deepseek-v4-pro,2026-08-15T13:07:48.441466+00:00,2026-08-15T13:08:12.208895+00:00,23.767429,False,False,True,False
20A69D2ACBCF02A6302F56597D8B2EEC53B60C13EE0F7313A5CD74C33D121398,deepseek-v4-pro,deepseek-v4-pro,2026-08-15T13:12:42.617659+00:00,2026-08-15T13:13:01.472573+00:00,18.854914,False,False,True,False
20E3248BC541B0CE8EC58ADE98D04E113CEF4F8847A01A5542759E538E5820BE,deepseek-v4-pro,deepseek-v4-pro,2026-08-15T13:15:05.786695+00:00,2026-08-15T13:15:55.897798+00:00,50.111103,False,False,True,False
21156D702AA70D7886FB5C1AD9BD5AE110B08E08444E3E810612B86BFAB31373,deepseek-v4-pro,deepseek-v4-pro,2026-08-15T12:02:39.393237+00:00,2026-08-15T12:03:16.669328+00:00,37.276091,True,True,True,True
2177CFBD0A5062E41D6D32EA9038D546FA7F8BF5F32FF6F495D6DE03BB49775E,deepseek-v4-pro,deepseek-v4-pro,2026-08-15T13:07:45.327056+00:00,2026-08-15T13:08:46.269904+00:00,60.942848,False,False,True,False
21A2D5E46EAE5DCA404C3C13943637862E4A815A42994E535B6D246375D3B238,deepseek-v4-pro,deepseek-v4-pro,2026-08-15T13:08:54.496534+00:00,2026-08-15T13:09:09.592806+00:00,15.096272,False,False,True,False
21B542DDBFED20CD283B87D941CD2118533AFAF58F2B766E04BD08D5B4CE0350,deepseek-v4-pro,deepseek-v4-pro,2026-08-15T13:11:56.963018+00:00,2026-08-15T13:12:41.538891+00:00,44.575873,False,False,True,False
21F6BDB18831EC12AA172055E28CE96121F555715D9D9F2DC7913ABB01642F17,deepseek-v4-pro,deepseek-v4-pro,2026-08-15T13:13:50.846824+00:00,2026-08-15T13:14:41.518204+00:00,50.67138,False,False,True,False
220A580A0A70CAEE1E7C2CB806837F6E86ADFB7CE66B36FF4D601325F66F178F,deepseek-v4-pro,deepseek-v4-pro,2026-08-15T13:10:58.779619+00:00,2026-08-15T13:11:27.890474+00:00,29.110855,False,False,True,False
2217168FA1DE3A8383C8460E1CFC72A9C52AF5BACC07E49B973AB92306E951AD,deepseek-v4-pro,deepseek-v4-pro,2026-08-15T12:29:35.559330+00:00,2026-08-15T12:29:57.698484+00:00,22.139154,False,True,True,True
2273794B079BB92C68AEC085B2426704656062CC984430FFAF5436638F639801,deepseek-v4-pro,deepseek-v4-pro,2026-08-15T12:25:18.858392+00:00,2026-08-15T12:25:51.666878+00:00,32.808486,False,True,True,True
227B510F8267458ADB38E201CBA0119F072FDC1859911E1F3F666E3D2FDE77C1,deepseek-v4-pro,deepseek-v4-pro,2026-08-15T13:06:09.262188+00:00,2026-08-15T13:06:51.462981+00:00,42.200793,False,False,True,False
22965DA0D36B16195AC7968F222D1DA9926983AC252B90D73A1AD76994568A11,deepseek-v4-pro,deepseek-v4-pro,2026-08-15T13:03:46.894032+00:00,2026-08-15T13:04:29.025279+00:00,42.131247,False,False,True,False
22B5DE456903EFA3FF30899B946FDE44565C1213762B71575EAAC255AFC20F61,deepseek-v4-pro,deepseek-v4-pro,2026-08-15T12:27:12.948577+00:00,2026-08-15T12:27:53.105786+00:00,40.157209,False,True,True,True
22D68F789D90CBCD0B0C7FB44C165BA37276B264446F3867D15678996E32D8C6,deepseek-v4-pro,deepseek-v4-pro,2026-08-15T13:16:24.293539+00:00,2026-08-15T13:17:13.777521+00:00,49.483982,False,False,True,False
22DBF66B4D6011BD9B104A7258A0A0B3A0125013AE7F57A2C0AD2820128D2AA6,deepseek-v4-pro,deepseek-v4-pro,2026-08-15T12:02:30.672511+00:00,2026-08-15T12:03:07.140796+00:00,36.468285,True,True,True,True
22FD9DD83132037446CDA8201DBEF36269FD40D98860A3CA2D99A64AFE5B71EF,deepseek-v4-pro,deepseek-v4-pro,2026-08-15T12:27:19.888592+00:00,2026-08-15T12:27:44.058016+00:00,24.169424,False,True,True,True
235E4C7E218D6FE3C9C1D392082B5489C6E60C61A8555B41DAA4458BDF824C81,deepseek-v4-pro,deepseek-v4-pro,2026-08-15T13:10:01.342894+00:00,2026-08-15T13:10:59.637480+00:00,58.294586,False,False,True,False
23651654599502986D353F0CC4117490BF9C3019087127506CAFE44393E9D9A0,deepseek-v4-pro,deepseek-v4-pro,2026-08-15T13:04:27.238556+00:00,2026-08-15T13:05:00.364602+00:00,33.126046,False,False,True,False
23F1874A932DEF76F6D150A746ED5E120EE8F1A884AE9E003480120416BFF18C,deepseek-v4-pro,deepseek-v4-pro,2026-08-15T13:11:54.832582+00:00,2026-08-15T13:12:30.263117+00:00,35.430535,False,False,True,False
23F5B973F924E08E5CCE066717EB2763E9617388CED8C84D63F97585164718CC,deepseek-v4-pro,deepseek-v4-pro,2026-08-15T11:58:42.575789+00:00,2026-08-15T11:59:00.936861+00:00,18.361072,True,True,True,True
2402AD91F7F546FE307583139D5E0D6ED1B3A9B1212D4C8BD191C622E6772ABE,deepseek-v4-pro,deepseek-v4-pro,2026-08-15T13:13:33.452510+00:00,2026-08-15T13:14:04.679545+00:00,31.227035,False,False,True,False
2414DD566C886EEE8E43A58468060A9DFA85F4034FBC5E3611A6B1FCBA3AA459,deepseek-v4-pro,deepseek-v4-pro,2026-08-15T13:06:24.443056+00:00,2026-08-15T13:07:12.206767+00:00,47.763711,False,False,True,False
241676CCBB0D85417EEC1AA2E7AC7F42D0EA1AEDAE6B16E7CC6B5F3772E5E809,deepseek-v4-pro,deepseek-v4-pro,2026-08-15T12:03:22.205780+00:00,2026-08-15T12:04:12.923748+00:00,50.717968,True,True,True,True
241C11185080B0177F8E3E2285C62DA8607DEBECA7E4E08D178A007BF1465C74,deepseek-v4-pro,deepseek-v4-pro,2026-08-15T13:07:21.331606+00:00,2026-08-15T13:08:15.110610+00:00,53.779004,False,False,True,False
2434ABD5D8AB75EA82723042FFF114B93A2510954169C3CFAFBD9C93FB475501,deepseek-v4-pro,deepseek-v4-pro,2026-08-15T13:09:34.373634+00:00,2026-08-15T13:10:05.424335+00:00,31.050701,False,False,True,False
24B543FCA37AE4DF7B60D51A731D84D8686695D052E1801532E21661C2651F23,deepseek-v4-pro,deepseek-v4-pro,2026-08-15T12:03:25.508604+00:00,2026-08-15T12:04:00.286730+00:00,34.778126,True,True,True,True
24F4A7A29F0C07EBEFBF1D5A43521AC7B45A72F7C447505C684E18D16E0D6855,deepseek-v4-pro,deepseek-v4-pro,2026-08-15T13:19:01.414840+00:00,2026-08-15T13:19:44.387038+00:00,42.972198,False,False,True,False
2538DBA433622660C270E049C2958651B96E6DA118789EFCD5824A7290D016A7,deepseek-v4-pro,deepseek-v4-pro,2026-08-15T12:27:58.928046+00:00,2026-08-15T12:28:40.574479+00:00,41.646433,False,True,True,True
257A6EE7269212A51D743BA0A469EAB0BA8B4852A8E8F0B0A0169E0F074B9583,deepseek-v4-pro,deepseek-v4-pro,2026-08-15T12:04:42.517057+00:00,2026-08-15T12:05:41.979873+00:00,59.462816,True,True,True,True
25A916EB31545248222EFBA0AD4B874EA60DF24F5FFA04655FB4D73720EB5682,deepseek-v4-pro,deepseek-v4-pro,2026-08-15T13:13:20.344389+00:00,2026-08-15T13:13:50.839305+00:00,30.494916,False,False,True,False
25F2EF529D33C6FDD04B345F471D6EC3994E8B60E1054924548FD13192A20BA1,deepseek-v4-pro,deepseek-v4-pro,2026-08-15T13:08:43.078308+00:00,2026-08-15T13:09:18.819485+00:00,35.741177,False,False,True,False
2640A95D81237E95819A7CD5EBB1C680AE8E305E55486A6BB9F2BE2C6B7BBE09,deepseek-v4-pro,deepseek-v4-pro,2026-08-15T13:06:51.467573+00:00,2026-08-15T13:07:16.548274+00:00,25.080701,False,False,True,False
2691FE245FD36D0DCCAE51CB81D428AC6E7D631BB9D5CD9FFF5B325E45B55164,deepseek-v4-pro,deepseek-v4-pro,2026-08-15T12:23:49.842287+00:00,2026-08-15T12:24:30.714335+00:00,40.872048,False,True,True,True
26CB2C9AB809C368909F256AC64D2F937500BF2AE896F95A98D5593296F3E87D,deepseek-v4-pro,deepseek-v4-pro,2026-08-15T12:25:19.645850+00:00,2026-08-15T12:25:47.771740+00:00,28.12589,False,True,True,True
26F86CD5A1CB4E6F6F16B1D85B99AFF1BCA7E8D5EB039796F7A3C6D30F505789,deepseek-v4-pro,deepseek-v4-pro,2026-08-15T13:10:54.085744+00:00,2026-08-15T13:11:34.819174+00:00,40.73343,False,False,True,False
270BB0C88948D3D575F9FD51DBBDA4BD03FF5BE11270BEB5F5855DEC8DB93996,deepseek-v4-pro,deepseek-v4-pro,2026-08-15T13:11:24.362886+00:00,2026-08-15T13:12:14.804022+00:00,50.441136,False,False,True,False
271DB58E5371DACE3DFABB3453B57B44459054680003D68DF35C653AAAE6D380,deepseek-v4-pro,deepseek-v4-pro,2026-08-15T12:23:51.254133+00:00,2026-08-15T12:24:33.333349+00:00,42.079216,False,True,True,True
272D7F86381B73BEE2F637C628859B3A6594E4292C089E9AF69511CED2C38E60,deepseek-v4-pro,deepseek-v4-pro,2026-08-15T13:19:03.267000+00:00,2026-08-15T13:19:51.506970+00:00,48.23997,False,False,True,False
2745DE1A425C21ACCF3D6E3F34E9FAE3C61E408F9ADACD20314F40DA6D49C106,deepseek-v4-pro,deepseek-v4-pro,2026-08-15T12:28:07.960714+00:00,2026-08-15T12:28:49.583588+00:00,41.622874,False,True,True,True
27716558FDDC1923258550816A018A9D6511C93C7CFE9CD0B481CAC4BB84E464,deepseek-v4-pro,deepseek-v4-pro,2026-08-15T12:04:08.172992+00:00,2026-08-15T12:05:01.838542+00:00,53.66555,True,True,True,True
27A0320C38AA950DDB2FE05714EF54F72FDF93E9C8AB32A696E892EFE5ED972A,deepseek-v4-pro,deepseek-v4-pro,2026-08-15T11:58:42.534205+00:00,2026-08-15T11:59:12.604537+00:00,30.070332,True,True,True,True
27AE4D7F0C24D7C4F72335A6A9D478AF53A4FD045817639445BF31573BAF6732,deepseek-v4-pro,deepseek-v4-pro,2026-08-15T13:17:33.492602+00:00,2026-08-15T13:18:28.028057+00:00,54.535455,False,False,True,False
27C4D7CCF6BE108B2CEEB15A8459F040BDD67F1A0ECA49791B3D3AAED5C4916B,deepseek-v4-pro,deepseek-v4-pro,2026-08-15T12:02:52.601210+00:00,2026-08-15T12:03:29.202475+00:00,36.601265,True,True,True,True
27D4CAD2A6D867C752DF51785F9335269C80670A662E63B2C8BFB38C1977B942,deepseek-v4-pro,deepseek-v4-pro,2026-08-15T13:17:15.429826+00:00,2026-08-15T13:17:54.549768+00:00,39.119942,False,False,True,False
27EBC218856252FD395A54D5426930D5E5A85CBE40D3CD9AEE6318CBC5E842EA,deepseek-v4-pro,deepseek-v4-pro,2026-08-15T12:00:28.730057+00:00,2026-08-15T12:00:58.030064+00:00,29.300007,True,True,True,True
282D2F774897648B48A432266D4EA05FFDDE26EE15F9E9BB1B9B99E847DA262D,deepseek-v4-pro,deepseek-v4-pro,2026-08-15T12:01:42.080248+00:00,2026-08-15T12:02:18.249718+00:00,36.16947,True,True,True,True
282E531D3DD7DB0A74E77B07B1CE03C945D853A2497A4CDCB9381F9794C510E7,deepseek-v4-pro,deepseek-v4-pro,2026-08-15T13:16:09.223460+00:00,2026-08-15T13:16:41.135054+00:00,31.911594,False,False,True,False
28417FA793E1E7568D83FE5A07C071565C40F9E8A03CF63DC4213C660A6743AC,deepseek-v4-pro,deepseek-v4-pro,2026-08-15T12:04:53.158353+00:00,2026-08-15T12:05:27.151853+00:00,33.9935,True,True,True,True
2858B64B3E67290D1579258E0ABC6D3A72845257EF51F13205029C7A0AD0C5C2,deepseek-v4-pro,deepseek-v4-pro,2026-08-15T12:27:01.018048+00:00,2026-08-15T12:27:46.633262+00:00,45.615214,False,True,True,True
289094D3BF736FD7C30721775CF16E77EF06EEC4E25806733CC0808D51CC31C4,deepseek-v4-pro,deepseek-v4-pro,2026-08-15T12:23:40.302421+00:00,2026-08-15T12:24:28.332965+00:00,48.030544,False,True,True,True
2955360287197D37656C02A9CF9397A087F68C5FE4343AD6BB5032392D89B220,deepseek-v4-pro,deepseek-v4-pro,2026-08-15T12:00:31.568380+00:00,2026-08-15T12:01:08.289023+00:00,36.720643,True,True,True,True
296E5CDC63FF03A3DEE34FFFBE77049781E4EE2EF402DEEBB89F7192E75D0662,deepseek-v4-pro,deepseek-v4-pro,2026-08-15T13:15:54.964502+00:00,2026-08-15T13:16:37.337121+00:00,42.372619,False,False,True,False
297D598384ED1F8C8A761B9F58A32DB0FC045A7C80487108F39927588323DB4C,deepseek-v4-pro,deepseek-v4-pro,2026-08-15T13:18:52.739650+00:00,2026-08-15T13:19:28.028098+00:00,35.288448,False,False,True,False
298B85ED580700C3282CEDD67DB08EC42A7D9D23125393C46715BDED399E5823,deepseek-v4-pro,deepseek-v4-pro,2026-08-15T13:16:59.467072+00:00,2026-08-15T13:17:28.368348+00:00,28.901276,False,False,True,False
29AAB53C08D2A1A6DCCDD9DF6974DC7177217DB506C87805907F4785C9FE9134,deepseek-v4-pro,deepseek-v4-pro,2026-08-15T12:02:07.984281+00:00,2026-08-15T12:02:47.244915+00:00,39.260634,True,True,True,True
29AADF6DDDECDCD1FBE8AEED2B045411F57C57471696F3507373B582403DC6C5,deepseek-v4-pro,deepseek-v4-pro,2026-08-15T13:15:50.865900+00:00,2026-08-15T13:16:33.662274+00:00,42.796374,False,False,True,False
29D348BCA548B900713B5F9175A5AF2FD43311C9D57014DAE20C6303EA2F031D,deepseek-v4-pro,deepseek-v4-pro,2026-08-15T13:17:51.599040+00:00,2026-08-15T13:18:20.289582+00:00,28.690542,False,False,True,False
29E400160122AD99657DCC2BF5BBAA174FC0097599625DE96B675220E9E66812,deepseek-v4-pro,deepseek-v4-pro,2026-08-15T12:25:55.905557+00:00,2026-08-15T12:26:42.085018+00:00,46.179461,False,True,True,True
29EB8ABBF4DA1D6DD0D8E73249D3EC34459B548B3D21C5A5E74CE9CD877357C7,deepseek-v4-pro,deepseek-v4-pro,2026-08-15T11:59:45.738378+00:00,2026-08-15T12:00:20.210114+00:00,34.471736,True,True,True,True
29FBDD2F893A1BC1274C13D523D590BAA1AADC86534F96DBA0135268BF681557,deepseek-v4-pro,deepseek-v4-pro,2026-08-15T13:11:09.884099+00:00,2026-08-15T13:11:42.500094+00:00,32.615995,False,False,True,False
2A104396CD64E6301179EB0A3326D75323ADC1A251F201125A216430CDFB73DB,deepseek-v4-pro,deepseek-v4-pro,2026-08-15T12:01:08.294551+00:00,2026-08-15T12:01:52.128380+00:00,43.833829,True,True,True,True
2A3D03EDA2CC268EC67603DDB97C158D883F787D7B3140BF001CDE07E0D1F1B8,deepseek-v4-pro,deepseek-v4-pro,2026-08-15T13:07:51.976963+00:00,2026-08-15T13:08:18.081929+00:00,26.104966,False,False,True,False
2A4B25E33C01989402629FA3747A9D3BE9F27B6EE8A7FD2DE7CEFC9E15E7F3E6,deepseek-v4-pro,deepseek-v4-pro,2026-08-15T12:03:25.090349+00:00,2026-08-15T12:04:09.031161+00:00,43.940812,True,True,True,True
2AE0E5A33741DB823DB698528BA8B0FB0B3F2D01DC75E457715C0BD6BA2A23AD,deepseek-v4-pro,deepseek-v4-pro,2026-08-15T12:01:08.872695+00:00,2026-08-15T12:01:55.260964+00:00,46.388269,True,True,True,True
2AF536B7865B3B9C03303D1EB29D09769928B44621A58C93DCE0A0A348617A45,deepseek-v4-pro,deepseek-v4-pro,2026-08-15T12:03:36.388059+00:00,2026-08-15T12:04:04.926425+00:00,28.538366,True,True,True,True
2B85BBE8EFF023529B95AF03549A290528BC256930A18AD061C0BB86A75E2C71,deepseek-v4-pro,deepseek-v4-pro,2026-08-15T12:04:12.928843+00:00,2026-08-15T12:05:09.140247+00:00,56.211404,True,True,True,True
2BA380508A34C9FBC41A12BEA4EAAB57CEB43BC17566E7196F452670723AFDC8,deepseek-v4-pro,deepseek-v4-pro,2026-08-15T12:04:08.677689+00:00,2026-08-15T12:04:34.869386+00:00,26.191697,True,True,True,True
2BB2222219F6A258E596B3F8BA74CA94374643E8FF1CCAA1A898260BF5F17AB2,deepseek-v4-pro,deepseek-v4-pro,2026-08-15T13:08:29.552362+00:00,2026-08-15T13:09:13.638225+00:00,44.085863,False,False,True,False
2BC12E4B74097F436CB2247D3411796737F4DDD7FC1553304F1842611391AF92,deepseek-v4-pro,deepseek-v4-pro,2026-08-15T12:04:43.191971+00:00,2026-08-15T12:05:03.282008+00:00,20.090037,True,True,True,True
2BE15F0717EF1613872603BDC0B5FBA27F95A2856B94578BB9BAA3C6BDFBBF72,deepseek-v4-pro,deepseek-v4-pro,2026-08-15T13:17:03.277027+00:00,2026-08-15T13:17:33.487102+00:00,30.210075,False,False,True,False
2BEA86614E4200F096F67A54A39FA72BB720451B97629B009F94884E78B9AAD4,deepseek-v4-pro,deepseek-v4-pro,2026-08-15T12:26:37.493612+00:00,2026-08-15T12:26:57.620060+00:00,20.126448,False,True,True,True
2C3A467915E30372D47DF6BA9B478FAD8EA0B32E8FBB0A965CD7C934CAD3407D,deepseek-v4-pro,deepseek-v4-pro,2026-08-15T12:01:04.576825+00:00,2026-08-15T12:01:32.148820+00:00,27.571995,True,True,True,True
2C407D6732661450837F40B7663D4CF10FBB777D2FBFD42EB46578FA05AD0B96,deepseek-v4-pro,deepseek-v4-pro,2026-08-15T12:22:53.969507+00:00,2026-08-15T12:23:45.012271+00:00,51.042764,False,True,True,True
2C59D0A099166C37E325DA458F2858C07CACCFEADC3ABA842AE0FD4874FBE87B,deepseek-v4-pro,deepseek-v4-pro,2026-08-15T12:24:55.025161+00:00,2026-08-15T12:25:23.858547+00:00,28.833386,False,True,True,True
2C6C3F302FF1AAA244F6F2B6BAC89C60DC2DA06924DDA1773589B7C7D6F7BF75,deepseek-v4-pro,deepseek-v4-pro,2026-08-15T13:12:26.350675+00:00,2026-08-15T13:12:56.823482+00:00,30.472807,False,False,True,False
2C6D897EEE504CFE4D0454A719B5D2E21CE81D140D56BE1734A706F3B3EB28A8,deepseek-v4-pro,deepseek-v4-pro,2026-08-15T12:23:11.882297+00:00,2026-08-15T12:23:40.297358+00:00,28.415061,False,True,True,True
2C8ABE47DE4C476EE70EF7568AC90E043DC3DF1CDCBF510818F827F3C90D1E83,deepseek-v4-pro,deepseek-v4-pro,2026-08-15T12:03:40.901395+00:00,2026-08-15T12:04:10.382325+00:00,29.48093,True,True,True,True
2C972FE7162DAC5B9E0C05183F6C4B9978DFC1EC113AC77CF21EB6892AE6BF8D,deepseek-v4-pro,deepseek-v4-pro,2026-08-15T12:27:38.885471+00:00,2026-08-15T12:28:01.623658+00:00,22.738187,False,True,True,True
2CE861E58875A7ED2356A9618AB385EE68B384524A7ADD04C16A649611E4EF7C,deepseek-v4-pro,deepseek-v4-pro,2026-08-15T12:03:16.674812+00:00,2026-08-15T12:03:40.896582+00:00,24.22177,True,True,True,True
2D21AFA87D457EF6EE7E875440501BCD58D515098CD8606FD879A589653D602F,deepseek-v4-pro,deepseek-v4-pro,2026-08-15T12:01:54.917589+00:00,2026-08-15T12:02:20.233902+00:00,25.316313,True,True,True,True
2D40B7B2698C354C2A16034EB848B82B4AFE16AA7CB1FC40F0115E9AC2CA061E,deepseek-v4-pro,deepseek-v4-pro,2026-08-15T12:03:31.991546+00:00,2026-08-15T12:04:11.919785+00:00,39.928239,True,True,True,True
2D4908B37952DC825DF6E901EDC50E5C52582D2C3992EB6AF04F69EF14D5AE30,deepseek-v4-pro,deepseek-v4-pro,2026-08-15T12:27:04.834240+00:00,2026-08-15T12:27:29.280906+00:00,24.446666,False,True,True,True
2D7814E997BEF3827B9A3969A985BA7166FB7F36F90E1B35C1A7B702DED8B09A,deepseek-v4-pro,deepseek-v4-pro,2026-08-15T11:58:42.512841+00:00,2026-08-15T11:59:06.110940+00:00,23.598099,True,True,True,True
2D85603B8B2EF1AA03495C361E01996D2B1D28DC1AB4932307E18371F7B0DCD6,deepseek-v4-pro,deepseek-v4-pro,2026-08-15T13:09:52.585247+00:00,2026-08-15T13:10:35.950987+00:00,43.36574,False,False,True,False
2D999C2276D4F9106C2F7AC1D4D7E5C070499CC4A7DD8F63CD62EA22F79D49F6,deepseek-v4-pro,deepseek-v4-pro,2026-08-15T13:17:12.518715+00:00,2026-08-15T13:17:51.587557+00:00,39.068842,False,False,True,False
2DA308AB43DA3CE5FD3C321CBA2AE11423B642953EB611CCB907B205F30B0ABC,deepseek-v4-pro,deepseek-v4-pro,2026-08-15T13:10:46.295050+00:00,2026-08-15T13:11:22.402969+00:00,36.107919,False,False,True,False
2DB80EF8AC6910BE3C4FB28B9F27AAE1E6E5DC6992CBDDBDD85238A715FE8C5D,deepseek-v4-pro,deepseek-v4-pro,2026-08-15T12:23:45.261246+00:00,2026-08-15T12:24:12.625406+00:00,27.36416,False,True,True,True
2DBDA6DB99447012119FAAC75C23EE4FB96BC1F90A0F54A12CF48F60648A4DE5,deepseek-v4-pro,deepseek-v4-pro,2026-08-15T13:18:31.379506+00:00,2026-08-15T13:19:29.983198+00:00,58.603692,False,False,True,False
2DCD35C9A00EB81A6DEC6883BFCFC68F1C2AD92B1B08CA470C3A30284A712DCA,deepseek-v4-pro,deepseek-v4-pro,2026-08-15T12:01:35.041193+00:00,2026-08-15T12:02:24.845960+00:00,49.804767,True,True,True,True
2E1637D699573ED57142CAD0DE3E56DE3FE8E734015B9D33E33F6EA2E1C4CD89,deepseek-v4-pro,deepseek-v4-pro,2026-08-15T13:06:37.519883+00:00,2026-08-15T13:07:21.231999+00:00,43.712116,False,False,True,False
2E2D54094F1C7D7CEE92EDF0C9655BC1E4BF17BB62834B806276D9E8CB015546,deepseek-v4-pro,deepseek-v4-pro,2026-08-15T11:58:42.594201+00:00,2026-08-15T11:59:17.995515+00:00,35.401314,True,True,True,True
2E4FCBC4485FD3C16665F587E6B64AABAC6419610E1FDC7BFC49AC114A85972A,deepseek-v4-pro,deepseek-v4-pro,2026-08-15T11:58:42.525663+00:00,2026-08-15T11:59:20.038126+00:00,37.512463,True,True,True,True
2E79BF4C510974ED439690C635B6D19CE274538F6032A7CB07B0EEEEE6EFC954,deepseek-v4-pro,deepseek-v4-pro,2026-08-15T13:11:47.678287+00:00,2026-08-15T13:12:34.423860+00:00,46.745573,False,False,True,False
2E838C192A5BF2BAD1DA1395FA1CE3A9D81E77D29182625FD90C6874322BF455,deepseek-v4-pro,deepseek-v4-pro,2026-08-15T13:04:38.750472+00:00,2026-08-15T13:05:06.403965+00:00,27.653493,False,False,True,False
2EC5D092BD43F4A6CDCC92B7AD02250FC32EC576C7D1CA4B0748F37273992A33,deepseek-v4-pro,deepseek-v4-pro,2026-08-15T12:29:27.477362+00:00,2026-08-15T12:30:01.469728+00:00,33.992366,False,True,True,True
2EF5693F281E3118933546C36219A3B52CCE568E91EE5AA8020536C073273FED,deepseek-v4-pro,deepseek-v4-pro,2026-08-15T12:26:09.043739+00:00,2026-08-15T12:26:48.405276+00:00,39.361537,False,True,True,True
2F14C177D90333EA38F792E6A78C04FBDBB4A3AC2C6A7FE359962DCD2D1BBE51,deepseek-v4-pro,deepseek-v4-pro,2026-08-15T12:27:10.611726+00:00,2026-08-15T12:27:38.182644+00:00,27.570918,False,True,True,True
2F2ABA4EB6510AB636698753017CFC74F4AF79A798E00F7AAABD405D57FD8D00,deepseek-v4-pro,deepseek-v4-pro,2026-08-15T12:25:33.374959+00:00,2026-08-15T12:26:15.374643+00:00,41.999684,False,True,True,True
2FE10919A3792B3566FC8B5CCA4DF99B603AB76028B397B79D2995EA50C90B87,deepseek-v4-pro,deepseek-v4-pro,2026-08-15T12:03:00.418484+00:00,2026-08-15T12:03:50.072408+00:00,49.653924,True,True,True,True
300FB55B97DA568FCC21E06E63673644B0E539B3EA847910A8DA87711EBE921C,deepseek-v4-pro,deepseek-v4-pro,2026-08-15T12:26:44.105698+00:00,2026-08-15T12:27:21.932725+00:00,37.827027,False,True,True,True
3075D87CAABDB574452403A595D7DDBAD1B0ABCCD3E71FB0DEC64A16A6D413D1,deepseek-v4-pro,deepseek-v4-pro,2026-08-15T13:11:22.409170+00:00,2026-08-15T13:12:02.704837+00:00,40.295667,False,False,True,False
30AD4E6833663168767AFE4CC78B934795EABDD680AD19CDF9A6B60F54D718DB,deepseek-v4-pro,deepseek-v4-pro,2026-08-15T11:59:27.242132+00:00,2026-08-15T12:00:11.597134+00:00,44.355002,True,True,True,True
30BDF316627BE18AADBA59A1F4974E4F43B745D4C3482C193A2426B176AB17DB,deepseek-v4-pro,deepseek-v4-pro,2026-08-15T13:03:46.932162+00:00,2026-08-15T13:04:22.585459+00:00,35.653297,False,False,True,False
30F8DABA6E2CDDDFF5A6BC13C43A0DA8FAAF5B7B0E69C25A5244314E926E2DE9,deepseek-v4-pro,deepseek-v4-pro,2026-08-15T13:11:18.505758+00:00,2026-08-15T13:11:47.674122+00:00,29.168364,False,False,True,False
30FAB4576AD7E155F43E1B3BBD40C8AF05066AB89AA498A82443F64F11AE30F9,deepseek-v4-pro,deepseek-v4-pro,2026-08-15T13:06:53.157917+00:00,2026-08-15T13:07:25.715394+00:00,32.557477,False,False,True,False
3118E281BA889B21D271876D5E5F87448F1764A865E18A66AB7B0EE6C80DED3A,deepseek-v4-pro,deepseek-v4-pro,2026-08-15T12:02:04.265404+00:00,2026-08-15T12:02:35.844432+00:00,31.579028,True,True,True,True
314C34E8D1D0DBAE1789E3AE7625439442B849DC4C6761EB3ED4812CF58289FC,deepseek-v4-pro,deepseek-v4-pro,2026-08-15T12:00:11.603691+00:00,2026-08-15T12:00:42.175913+00:00,30.572222,True,True,True,True
31A1FAF7D18DD2BB7BC02C9B6C5605A1DEC9E0D38543F7EB591127C44C9A45E8,deepseek-v4-pro,deepseek-v4-pro,2026-08-15T11:58:42.548665+00:00,2026-08-15T11:59:17.774501+00:00,35.225836,True,True,True,True
31AABFE291AD4800372FD3EB54A4DF3C38593E85F334862C64E687CAD485FA53,deepseek-v4-pro,deepseek-v4-pro,2026-08-15T13:06:18.238488+00:00,2026-08-15T13:06:47.117874+00:00,28.879386,False,False,True,False
328B6E71A7E1EBB86B412573A2D380739AB69944C87CDBFB51CFBA13174C4125,deepseek-v4-pro,deepseek-v4-pro,2026-08-15T12:02:11.682743+00:00,2026-08-15T12:02:46.348380+00:00,34.665637,True,True,True,True
32A56A01B54D38AAC430B3CF15BB42B99019EB59B191C9995B2871AFA2763050,deepseek-v4-pro,deepseek-v4-pro,2026-08-15T13:11:14.639574+00:00,2026-08-15T13:11:43.216396+00:00,28.576822,False,False,True,False
32E4F33F417D2112EFCEEAA55ECF2245585C17FD75C1E9B3E5438AA097DC4EC3,deepseek-v4-pro,deepseek-v4-pro,2026-08-15T13:17:48.444837+00:00,2026-08-15T13:18:35.266306+00:00,46.821469,False,False,True,False
3319EFBE289C75FBB12FAB1A9675599CF1F78ABF1B87B8E80CDFF024CBB5E94B,deepseek-v4-pro,deepseek-v4-pro,2026-08-15T12:29:21.977942+00:00,2026-08-15T12:29:59.363988+00:00,37.386046,False,True,True,True
33247947F1D85363F901906ADAE981DA2EF04ABC702E65F54031DF08DA764DDB,deepseek-v4-pro,deepseek-v4-pro,2026-08-15T12:01:46.566062+00:00,2026-08-15T12:02:39.386704+00:00,52.820642,True,True,True,True
333C5EB95BF52A3DD5AB9332C4DC5B5DED50E66A3D3C08FD24F71433206642A7,deepseek-v4-pro,deepseek-v4-pro,2026-08-15T12:00:04.992778+00:00,2026-08-15T12:00:45.240157+00:00,40.247379,True,True,True,True
3360B0909BCDCCE645DCAB0E4192DB71BDDCCAA80675F774FD16B7A817B9FCC8,deepseek-v4-pro,deepseek-v4-pro,2026-08-15T12:02:34.288564+00:00,2026-08-15T12:02:54.003695+00:00,19.715131,True,True,True,True
336B59E3E20B3CF44327255593E21A69B4C8732876FD01833A92183FBE4C707C,deepseek-v4-pro,deepseek-v4-pro,2026-08-15T13:17:05.460397+00:00,2026-08-15T13:17:44.064347+00:00,38.60395,False,False,True,False
339A2ABDBC92C82BC648F76B3E1E283A192D4D3BB9ED715D4698EC2BBA5EAD62,deepseek-v4-pro,deepseek-v4-pro,2026-08-15T13:13:12.290272+00:00,2026-08-15T13:13:44.052254+00:00,31.761982,False,False,True,False
33C2CCFA2B466EA9496E8FC911652E99EE22A9687B9A4085A4CF0FED7126DB28,deepseek-v4-pro,deepseek-v4-pro,2026-08-15T12:27:15.887174+00:00,2026-08-15T12:27:40.692261+00:00,24.805087,False,True,True,True
33FF9897414BCE027E06ED27C8600883A56F198893099A2DF93A3C1F5575F683,deepseek-v4-pro,deepseek-v4-pro,2026-08-15T11:59:11.582169+00:00,2026-08-15T11:59:36.246135+00:00,24.663966,True,True,True,True
33FFE7685618619A10DAD8B0552E6D07C31BEBAE1251551C403EA6BEE2973C18,deepseek-v4-pro,deepseek-v4-pro,2026-08-15T13:11:03.208884+00:00,2026-08-15T13:11:56.949407+00:00,53.740523,False,False,True,False
341B6944982D81FB77E308E8BA588A8BAC7AE881D9334B08D99FF806ADE6EBDA,deepseek-v4-pro,deepseek-v4-pro,2026-08-15T13:15:36.645212+00:00,2026-08-15T13:16:11.310038+00:00,34.664826,False,False,True,False
345F93A503E4CDA99FB8976A355C89FBF66E998AF19F46A3AADBEB50DDB73D67,deepseek-v4-pro,deepseek-v4-pro,2026-08-15T13:11:01.882170+00:00,2026-08-15T13:11:41.422323+00:00,39.540153,False,False,True,False
347DDFFCC539CE3D55D26F680A90059ECF14BA3B03978DC68EC7664D7DEDD2A0,deepseek-v4-pro,deepseek-v4-pro,2026-08-15T11:58:42.541118+00:00,2026-08-15T11:59:26.798189+00:00,44.257071,True,True,True,True
347F7D7CBC6895407EBB86E00CA5030A729FDA14508714B33AF570C00A7D3BE8,deepseek-v4-pro,deepseek-v4-pro,2026-08-15T12:22:53.916693+00:00,2026-08-15T12:23:16.141830+00:00,22.225137,False,True,True,True
348930DE536502A9810DD377ABD1E6741CD9DB640F728E0CB862C9A69696674B,deepseek-v4-pro,deepseek-v4-pro,2026-08-15T11:59:41.506069+00:00,2026-08-15T12:00:12.780936+00:00,31.274867,True,True,True,True
34AE88B93A3110973592EBF0C69C1D4B695C244DD489D7E7C05EE24BCCC28600,deepseek-v4-pro,deepseek-v4-pro,2026-08-15T12:00:20.829756+00:00,2026-08-15T12:00:56.861441+00:00,36.031685,True,True,True,True
34F0224E36610555AA8321DE1C93E1DC4D6E467E51065A5D632AFA2D8F62E1C3,deepseek-v4-pro,deepseek-v4-pro,2026-08-15T11:59:28.559849+00:00,2026-08-15T11:59:57.989289+00:00,29.42944,True,True,True,True
34F5AE8AABFEE10786F1EE247C1F7E87EE19C743B2D98B194810F5822BCB25E2,deepseek-v4-pro,deepseek-v4-pro,2026-08-15T12:00:47.688819+00:00,2026-08-15T12:01:18.981315+00:00,31.292496,True,True,True,True
3541423FD515CD754567C082C972BB95080B89125470A33837DB42CDEB6E0765,deepseek-v4-pro,deepseek-v4-pro,2026-08-15T13:12:01.499637+00:00,2026-08-15T13:12:37.214349+00:00,35.714712,False,False,True,False
357873C1571F7993462A3D4B109E8CEC7193DA69B524288E217C76ECE85D5871,deepseek-v4-pro,deepseek-v4-pro,2026-08-15T13:07:59.258780+00:00,2026-08-15T13:08:37.080389+00:00,37.821609,False,False,True,False
35BB1562EFEB9B6A36A6800DDB972E2ECCCE95C814C3119B16EC7F45CB5B3468,deepseek-v4-pro,deepseek-v4-pro,2026-08-15T13:09:31.851370+00:00,2026-08-15T13:10:08.280921+00:00,36.429551,False,False,True,False
35D081C0C5914F754D1F540E400293AB5D3AEE0FCE7042DC7B7317D2462CE05F,deepseek-v4-pro,deepseek-v4-pro,2026-08-15T13:09:13.818263+00:00,2026-08-15T13:09:46.367520+00:00,32.549257,False,False,True,False
35D4E88CD663EA215C912F398D84C96AFB3ABC18950EE73E8C624BCF504873CA,deepseek-v4-pro,deepseek-v4-pro,2026-08-15T12:29:16.549375+00:00,2026-08-15T12:29:46.310226+00:00,29.760851,False,True,True,True
35DEE908C293D1FB522CB70A8B4818D8EE63541C458D57D43B1523F20CAF807A,deepseek-v4-pro,deepseek-v4-pro,2026-08-15T13:07:11.937270+00:00,2026-08-15T13:07:49.427927+00:00,37.490657,False,False,True,False
361A5D0F80D74935405D92D3E1838929AAD1BFD8697F6E44324B877C91678440,deepseek-v4-pro,deepseek-v4-pro,2026-08-15T12:00:59.439725+00:00,2026-08-15T12:01:42.074903+00:00,42.635178,True,True,True,True
36354BB5516A9D30665AF14A9A35DBAA66FCB1FB849E9CA9D02808821E9EB7BA,deepseek-v4-pro,deepseek-v4-pro,2026-08-15T13:18:34.141719+00:00,2026-08-15T13:19:18.445408+00:00,44.303689,False,False,True,False
364477183E80DFD914DF6D5ACBC4824B601FD3D4BC3CF754E77DD31730A2CA11,deepseek-v4-pro,deepseek-v4-pro,2026-08-15T12:24:29.676063+00:00,2026-08-15T12:24:48.534538+00:00,18.858475,False,True,True,True
364839CAF3479BDAEC9DAF42D84A14386BACC248144E91E6BC33FCCB1EF1BD43,deepseek-v4-pro,deepseek-v4-pro,2026-08-15T12:26:17.561291+00:00,2026-08-15T12:26:46.106430+00:00,28.545139,False,True,True,True
3656C0149395F7D3B11014A8BE8C1BF42EF2855776F4B3BF287374C8828952B6,deepseek-v4-pro,deepseek-v4-pro,2026-08-15T12:24:55.022835+00:00,2026-08-15T12:25:19.946936+00:00,24.924101,False,True,True,True
36592D7AFC1924A21A1E595C3C8D596023C7A55C0860B4AA9C83AE764113968A,deepseek-v4-pro,deepseek-v4-pro,2026-08-15T13:13:34.136983+00:00,2026-08-15T13:14:01.384724+00:00,27.247741,False,False,True,False
366BC27486F64C005402A60003927A047537AFCF0748FC169788EEEC9962D374,deepseek-v4-pro,deepseek-v4-pro,2026-08-15T13:03:46.945158+00:00,2026-08-15T13:04:05.891770+00:00,18.946612,False,False,True,False
36891E03DEBDC8D91CCFE9A001682A2EE917B24FADED194E9E7E657CD8F73D2F,deepseek-v4-pro,deepseek-v4-pro,2026-08-15T12:01:49.520888+00:00,2026-08-15T12:02:23.450494+00:00,33.929606,True,True,True,True
36E47205496FCC7A0C65458A8FE69334FE0D348F0F1B86D6E284AE381D3E0DDA,deepseek-v4-pro,deepseek-v4-pro,2026-08-15T13:12:03.277065+00:00,2026-08-15T13:12:43.050861+00:00,39.773796,False,False,True,False
3706F57F4A78762F6DA91A1E872256143FFE4766E7FD38C0D5649B586221A06E,deepseek-v4-pro,deepseek-v4-pro,2026-08-15T12:22:53.949864+00:00,2026-08-15T12:23:24.548698+00:00,30.598834,False,True,True,True
3743E0FB1BBEFE0510AE74A319CF7DA8834D0916ABFD131386DAB8E202A1ED8F,deepseek-v4-pro,deepseek-v4-pro,2026-08-15T12:29:06.344119+00:00,2026-08-15T12:29:35.910876+00:00,29.566757,False,True,True,True
3748F2610CBA3B70BD91EFFBB2F74769229472B52816CF7711AE3709B19CD9BD,deepseek-v4-pro,deepseek-v4-pro,2026-08-15T13:10:28.718434+00:00,2026-08-15T13:11:14.633899+00:00,45.915465,False,False,True,False
375EA72F381B91C8584018BA934E2B9707F71DBCDB9342193FBCB816B69365B0,deepseek-v4-pro,deepseek-v4-pro,2026-08-15T12:00:28.704819+00:00,2026-08-15T12:00:53.334592+00:00,24.629773,True,True,True,True
37D4FF0FD79C81E70A6B8495E69CB16BD1E109F5F20106BB98BE4C70F93E7869,deepseek-v4-pro,deepseek-v4-pro,2026-08-15T13:09:13.922303+00:00,2026-08-15T13:09:35.519756+00:00,21.597453,False,False,True,False
37F6C067958AB49B02EBD75F9AE60A2AD94E48477F97649D35D513B5B803026B,deepseek-v4-pro,deepseek-v4-pro,2026-08-15T12:23:38.275153+00:00,2026-08-15T12:24:05.112481+00:00,26.837328,False,True,True,True
388A1DF6DE5AC83A8237E3FC19995D2BE250107C57F39BA65CFA9DA715663825,deepseek-v4-pro,deepseek-v4-pro,2026-08-15T13:10:58.679419+00:00,2026-08-15T13:11:37.845036+00:00,39.165617,False,False,True,False
38A8001FE0ED5C61914EAE7C47629302F46D1C6D7AFEDED6F68A57D6A7B21D57,deepseek-v4-pro,deepseek-v4-pro,2026-08-15T12:22:53.913951+00:00,2026-08-15T12:23:35.748408+00:00,41.834457,False,True,True,True
391EE74C16C6EA8696910A73CB92FFCDBA7D58F4AB406682D9793788916B201D,deepseek-v4-pro,deepseek-v4-pro,2026-08-15T12:04:10.387254+00:00,2026-08-15T12:04:42.512573+00:00,32.125319,True,True,True,True
39261D0A75C8A8634DFC7F8C5B5762AA9648DBD3A2D42C78C32621165B9A07B5,deepseek-v4-pro,deepseek-v4-pro,2026-08-15T12:25:32.991066+00:00,2026-08-15T12:25:59.070686+00:00,26.07962,False,True,True,True
393108391093843E212A50A86D39B0A35E7B2427F22BD95C81C1FE30FC5A08D7,deepseek-v4-pro,deepseek-v4-pro,2026-08-15T13:10:41.476519+00:00,2026-08-15T13:11:08.548672+00:00,27.072153,False,False,True,False
39546681E460653A3F7D73A5BAE8ECB59B5642FAE0AED074D4AB5F8E71539036,deepseek-v4-pro,deepseek-v4-pro,2026-08-15T13:12:28.475161+00:00,2026-08-15T13:12:44.294389+00:00,15.819228,False,False,True,False
39720ADD625F58A82BE058EDA2DA2CFADDA1FCF20718D187DE2560FD328ADE56,deepseek-v4-pro,deepseek-v4-pro,2026-08-15T13:15:05.145214+00:00,2026-08-15T13:15:34.536613+00:00,29.391399,False,False,True,False
3A5D9AEC75E0E3178862CDE8196BCFF266FC97E90ABA9CD35607E70D16CF7E13,deepseek-v4-pro,deepseek-v4-pro,2026-08-15T13:13:38.640867+00:00,2026-08-15T13:14:15.469233+00:00,36.828366,False,False,True,False
3A6AE8B1CE4944DFECB80C9B847481E3DEE35F7D1FB6F1A126EE5DE20E5681D5,deepseek-v4-pro,deepseek-v4-pro,2026-08-15T12:23:35.754417+00:00,2026-08-15T12:24:08.392829+00:00,32.638412,False,True,True,True
3A7DF39328B9F90F0B27581F96B942C1060AE7C60F62F2AFD02B70805B79BA42,deepseek-v4-pro,deepseek-v4-pro,2026-08-15T13:05:17.138851+00:00,2026-08-15T13:05:43.062903+00:00,25.924052,False,False,True,False
3A846DDD1F2D65CC143F084B79AEB0B6BCCCC6DA8DE9A33B11FD88A6BDB5ECCA,deepseek-v4-pro,deepseek-v4-pro,2026-08-15T13:04:28.649815+00:00,2026-08-15T13:05:24.333082+00:00,55.683267,False,False,True,False
3AEAFE5BD320275B3AB52D89C179E4576AF1A9F4D0CD57F7852610DB32E3A0EE,deepseek-v4-pro,deepseek-v4-pro,2026-08-15T13:04:55.178740+00:00,2026-08-15T13:05:47.964711+00:00,52.785971,False,False,True,False
3AEFB085E99CF10DB07A10F259D8497B8943E0388EC12FB9868AAA7F75637594,deepseek-v4-pro,deepseek-v4-pro,2026-08-15T12:29:34.717563+00:00,2026-08-15T12:29:53.178102+00:00,18.460539,False,True,True,True
3B69646CECEE214160C8055690F9D83F9F8CAB520AEF059CCD4597B99A8B33D6,deepseek-v4-pro,deepseek-v4-pro,2026-08-15T12:26:18.638567+00:00,2026-08-15T12:27:01.894309+00:00,43.255742,False,True,True,True
3B96BBB1BC6D37B006241E0C1821A54FE33740DA0E0BFC3C64168C99F680F486,deepseek-v4-pro,deepseek-v4-pro,2026-08-15T12:02:31.171231+00:00,2026-08-15T12:03:11.543999+00:00,40.372768,True,True,True,True
3BA9A9243A4BE2668A7386D5FD4E6116CD629F893AF98606B40FAACA1574FE39,deepseek-v4-pro,deepseek-v4-pro,2026-08-15T12:05:22.652058+00:00,2026-08-15T12:05:47.198278+00:00,24.54622,True,True,True,True
3BCE6C102B46F59A5C610CA105F93E9A8F38904527B1EB2270085FA1FC0C5862,deepseek-v4-pro,deepseek-v4-pro,2026-08-15T13:12:03.419625+00:00,2026-08-15T13:12:28.235527+00:00,24.815902,False,False,True,False
3BDCC7160EEBB9DE72F3D5235EAA9506E4E01FA4C522AF872B3CCC220E1DCFB6,deepseek-v4-pro,deepseek-v4-pro,2026-08-15T12:28:09.393713+00:00,2026-08-15T12:28:54.101165+00:00,44.707452,False,True,True,True
3BDD987B49F2171BEE61BA3457E18B856A1A854357ED1E0BDF3A616B6358C715,deepseek-v4-pro,deepseek-v4-pro,2026-08-15T13:05:00.369851+00:00,2026-08-15T13:05:35.287118+00:00,34.917267,False,False,True,False
3BE270588405BC05EA4896D65A85A09C0BAEF3550B14F4620B678167F72E3ED5,deepseek-v4-pro,deepseek-v4-pro,2026-08-15T13:05:56.867783+00:00,2026-08-15T13:06:37.509602+00:00,40.641819,False,False,True,False
3C4F101826B9D5AF56D8AEEB42A1CCABB0E3AB8D3975455B4159FF6F7DF67642,deepseek-v4-pro,deepseek-v4-pro,2026-08-15T11:58:42.516660+00:00,2026-08-15T11:59:20.853197+00:00,38.336537,True,True,True,True
3C53A86142194A9789E5119BA8B4B24D08378179AAFA3147F68589768C47B4F8,deepseek-v4-pro,deepseek-v4-pro,2026-08-15T12:03:51.527085+00:00,2026-08-15T12:04:14.323962+00:00,22.796877,True,True,True,True
3C7320C7CDB0D1DF1EBA2A4AA79862EF1B864F6FC842B8F5DC88C8D291B5AE35,deepseek-v4-pro,deepseek-v4-pro,2026-08-15T12:02:12.637092+00:00,2026-08-15T12:02:52.594752+00:00,39.95766,True,True,True,True
3CFCCCDE9893741B10B6B36508A628555A4DE2A5A92C0FF05C1D3811210CDFF4,deepseek-v4-pro,deepseek-v4-pro,2026-08-15T13:08:21.032983+00:00,2026-08-15T13:08:54.481632+00:00,33.448649,False,False,True,False
3D9E163AED935A521E586E9E11C1A0DF2E30F7AA45EB467597F0986DCE970AEF,deepseek-v4-pro,deepseek-v4-pro,2026-08-15T12:22:53.940775+00:00,2026-08-15T12:23:36.486575+00:00,42.5458,False,True,True,True
3DDA6D2641C28423A6D70AB4FEE3ABFA717A834C01CF74240677B85B33733326,deepseek-v4-pro,deepseek-v4-pro,2026-08-15T12:24:13.771627+00:00,2026-08-15T12:24:45.557565+00:00,31.785938,False,True,True,True
3E1A545B2D3521631AF22472B7E2EE622F29C9C75A34E4BE98328A35E0E2E587,deepseek-v4-pro,deepseek-v4-pro,2026-08-15T13:10:19.693021+00:00,2026-08-15T13:11:03.417765+00:00,43.724744,False,False,True,False
3EAB3BFC9C835E7DE1FAABB13338A6626C84BFB8F27F775507A6E728A442BEE8,deepseek-v4-pro,deepseek-v4-pro,2026-08-15T12:28:40.291970+00:00,2026-08-15T12:29:04.210111+00:00,23.918141,False,True,True,True
3EB5BD9DA0A11BD4A6DE456D65E01BC697A36BF757D78BDA5DD681381B99BAB4,deepseek-v4-pro,deepseek-v4-pro,2026-08-15T13:11:10.591420+00:00,2026-08-15T13:11:49.635554+00:00,39.044134,False,False,True,False
3EB616AF360EE8C3409D804D8A6CE8712BDCAE5E96269CBE636EE4F6D6B79959,deepseek-v4-pro,deepseek-v4-pro,2026-08-15T12:25:23.723246+00:00,2026-08-15T12:25:55.383291+00:00,31.660045,False,True,True,True
3EF0917FA203D913AD90B74635584E9AE2276A5F2BF3F38D3BB5D713AD80D731,deepseek-v4-pro,deepseek-v4-pro,2026-08-15T12:02:20.239374+00:00,2026-08-15T12:02:56.015400+00:00,35.776026,True,True,True,True
3F037B80E4862495127BA409C6149D487615D75074554E61BC53BFB8A3B69B3A,deepseek-v4-pro,deepseek-v4-pro,2026-08-15T13:04:44.448985+00:00,2026-08-15T13:05:23.037180+00:00,38.588195,False,False,True,False
3F39C70D5D6705B4E1622451632AA7F136E4B0A31B639691A070BB8BD3EF0DD6,deepseek-v4-pro,deepseek-v4-pro,2026-08-15T13:14:39.440829+00:00,2026-08-15T13:15:17.694219+00:00,38.25339,False,False,True,False
3F55E0942F6336C0BAFCF4BF6FA6FBFA8D2528553C5EB536AB301CE7D6FE946F,deepseek-v4-pro,deepseek-v4-pro,2026-08-15T13:13:30.399046+00:00,2026-08-15T13:14:09.700744+00:00,39.301698,False,False,True,False
3F7C2090BE058AB4D775606A756B21EA70B5A28D5C657C927B8FD7E0DDB372E4,deepseek-v4-pro,deepseek-v4-pro,2026-08-15T12:02:11.484428+00:00,2026-08-15T12:02:30.666475+00:00,19.182047,True,True,True,True
3FB582EE15F8D5AE391BB7FDC30ABCDB301FD54199504D7D414E15F0864E94FC,deepseek-v4-pro,deepseek-v4-pro,2026-08-15T12:00:41.830093+00:00,2026-08-15T12:01:19.653359+00:00,37.823266,True,True,True,True
3FC09AE016E929E1EFE481173A4DF21F733EBB07A2C56036A6A8F8BC388F807A,deepseek-v4-pro,deepseek-v4-pro,2026-08-15T12:01:27.225729+00:00,2026-08-15T12:02:06.451915+00:00,39.226186,True,True,True,True
3FFABADE0D951B02C95586FFC04CD1E71CC3BE27B6FD4CF19DCCC1C6BFBBE16E,deepseek-v4-pro,deepseek-v4-pro,2026-08-15T12:29:11.064627+00:00,2026-08-15T12:29:32.555725+00:00,21.491098,False,True,True,True
402407CA56629698AB91A738C56DE6B8BA458908903AF5694A6C02FBC0834CA4,deepseek-v4-pro,deepseek-v4-pro,2026-08-15T13:15:37.132098+00:00,2026-08-15T13:16:02.595772+00:00,25.463674,False,False,True,False
405FFD197A9ADBFE1E8C4DE141E198296E82FF376219A39B3C7E3DAD3F592FE5,deepseek-v4-pro,deepseek-v4-pro,2026-08-15T13:17:10.711491+00:00,2026-08-15T13:17:48.489149+00:00,37.777658,False,False,True,False
40982028190467A4036D19B39C262C63341B823D3FB770895AAB7BF5C0EB84D5,deepseek-v4-pro,deepseek-v4-pro,2026-08-15T12:00:43.338724+00:00,2026-08-15T12:01:03.949999+00:00,20.611275,True,True,True,True
40C03FDB963A5F17ECA25FE222E6F4973190D69C1032F295F121BA8F0424DFAA,deepseek-v4-pro,deepseek-v4-pro,2026-08-15T13:13:42.425178+00:00,2026-08-15T13:14:14.475736+00:00,32.050558,False,False,True,False
40F8CBC4416C8D6E8D24F59C8C10FBE9E1242611D56559D5B464C72BD2427FFF,deepseek-v4-pro,deepseek-v4-pro,2026-08-15T13:15:13.053079+00:00,2026-08-15T13:16:01.578708+00:00,48.525629,False,False,True,False
4142543A6323F2958C9AC141A8B0B28E6877B24D3865CEF9976DF6B8206EA883,deepseek-v4-pro,deepseek-v4-pro,2026-08-15T12:04:41.364381+00:00,2026-08-15T12:05:29.286805+00:00,47.922424,True,True,True,True
4180153093FEF5C4B0590094F1E568A5B93F15F6DF66BB0E05F0374EDEF91D79,deepseek-v4-pro,deepseek-v4-pro,2026-08-15T12:01:56.279418+00:00,2026-08-15T12:02:31.059527+00:00,34.780109,True,True,True,True
41B7666FD406FCCB0DF1BFEEF4B6E1CA0CB2380779854074579B5E5907901375,deepseek-v4-pro,deepseek-v4-pro,2026-08-15T13:03:46.938240+00:00,2026-08-15T13:04:36.373487+00:00,49.435247,False,False,True,False
41D079E90D42C23332AE4515C0010D7C595EE0D72193173309139CA71A81E9C4,deepseek-v4-pro,deepseek-v4-pro,2026-08-15T12:04:51.681287+00:00,2026-08-15T12:05:31.725941+00:00,40.044654,True,True,True,True
4200796A12EB531B99F352C040C7353552CA6E48874A6329EEAC70BF8CC547D9,deepseek-v4-pro,deepseek-v4-pro,2026-08-15T12:26:04.487831+00:00,2026-08-15T12:26:28.238645+00:00,23.750814,False,True,True,True
42113B6DD897E25DEB974CE6A3749EA8C9E5CB1379EA34ADE85EBC177681149B,deepseek-v4-pro,deepseek-v4-pro,2026-08-15T13:04:59.189383+00:00,2026-08-15T13:05:49.011631+00:00,49.822248,False,False,True,False
428C366CE414A022B0DB1959AEC436FB3A9032CA6124B72450DB462B26C35ED9,deepseek-v4-pro,deepseek-v4-pro,2026-08-15T12:23:53.755849+00:00,2026-08-15T12:24:15.389070+00:00,21.633221,False,True,True,True
429B5DD6EABC95694DE44B0AA6FF980C39AB79516F3D981C372A2D202D2E1099,deepseek-v4-pro,deepseek-v4-pro,2026-08-15T12:27:48.239256+00:00,2026-08-15T12:28:40.392592+00:00,52.153336,False,True,True,True
42BE311B64E464D078445B58327F814E0B2260BC933E1A5FA649CE00C28A1518,deepseek-v4-pro,deepseek-v4-pro,2026-08-15T12:27:42.006239+00:00,2026-08-15T12:28:10.507549+00:00,28.50131,False,True,True,True
4303EE6EEFC0EB9118FE3B3378C8B2DF87BFA1702159961F3018A9812DF515CF,deepseek-v4-pro,deepseek-v4-pro,2026-08-15T12:03:46.870549+00:00,2026-08-15T12:04:22.512495+00:00,35.641946,True,True,True,True
4323D223F87EAE8CCEFB6299C83B71EF86B51726A802F355EA0EA0DE3D4DA5E7,deepseek-v4-pro,deepseek-v4-pro,2026-08-15T12:00:56.833782+00:00,2026-08-15T12:01:33.420182+00:00,36.5864,True,True,True,True
4391C0CF7FDBAF7E1E3CB388EBE7C249D1CD6456C5F2B54BB78AB57DED677F3E,deepseek-v4-pro,deepseek-v4-pro,2026-08-15T13:18:04.583677+00:00,2026-08-15T13:18:39.868890+00:00,35.285213,False,False,True,False
43BC70219FBDF9EE7E69703BDA67B8A520E47E85D03FF0220FEEC938ED809E2B,deepseek-v4-pro,deepseek-v4-pro,2026-08-15T13:07:43.094020+00:00,2026-08-15T13:08:24.653340+00:00,41.55932,False,False,True,False
43E3CC96B2619F7537D5907F0AEB1642158F35F6F1AAD763695848655EDC334B,deepseek-v4-pro,deepseek-v4-pro,2026-08-15T12:27:44.357819+00:00,2026-08-15T12:28:13.845414+00:00,29.487595,False,True,True,True
44075E8AF869B0F5C7CABEC324484EE63FF0830DD349240EAEB6BE965EBF2422,deepseek-v4-pro,deepseek-v4-pro,2026-08-15T13:10:58.438610+00:00,2026-08-15T13:11:52.476228+00:00,54.037618,False,False,True,False
440CD8CB199EDA0C3A32B250204561AB7DB7BB8000BAA3D6CAA325BE954F06E4,deepseek-v4-pro,deepseek-v4-pro,2026-08-15T13:16:07.793080+00:00,2026-08-15T13:16:49.090603+00:00,41.297523,False,False,True,False
4413447DF43842AD7ACB8086663B1D24B5482064792C44C94292A5E3943D56D9,deepseek-v4-pro,deepseek-v4-pro,2026-08-15T13:10:55.920990+00:00,2026-08-15T13:11:12.700540+00:00,16.77955,False,False,True,False
443266620A3B371FF839A867D867D6C148DAF8F625E12098E474A51C967EE57A,deepseek-v4-pro,deepseek-v4-pro,2026-08-15T13:06:25.826671+00:00,2026-08-15T13:06:50.744179+00:00,24.917508,False,False,True,False
444E4294B242DECD16CA10CB25EE9401CD8C4CC1BC0C2985FD7FD24B63D5DF5E,deepseek-v4-pro,deepseek-v4-pro,2026-08-15T11:58:42.555982+00:00,2026-08-15T11:59:22.043878+00:00,39.487896,True,True,True,True
446B7BBC1B213B6048B360DAA5C51433A19E67534B4150F80D25DBC9B7A62206,deepseek-v4-pro,deepseek-v4-pro,2026-08-15T13:08:11.452812+00:00,2026-08-15T13:08:51.637757+00:00,40.184945,False,False,True,False
446F7E269C8D710B3096669951200EF05E23F3923374049CC374B2545FEF9A09,deepseek-v4-pro,deepseek-v4-pro,2026-08-15T12:22:53.924276+00:00,2026-08-15T12:23:34.794125+00:00,40.869849,False,True,True,True
448E13DBE2A2CA86B5799DC079BA0DDA991CB97B8AC7B80016BAECADDD0C4DF6,deepseek-v4-pro,deepseek-v4-pro,2026-08-15T13:15:33.603799+00:00,2026-08-15T13:16:07.403139+00:00,33.79934,False,False,True,False
44AEF0270E7810A4B4287A2EC43DFBDDB65695715BC2A3CC77F571DBECEAA746,deepseek-v4-pro,deepseek-v4-pro,2026-08-15T12:00:27.693491+00:00,2026-08-15T12:01:00.936499+00:00,33.243008,True,True,True,True
44E65E6031C72E1E24C0CBC6538FED3FEC0C7E85CBFEE6E2A2A85F18B952C6A6,deepseek-v4-pro,deepseek-v4-pro,2026-08-15T12:27:28.609697+00:00,2026-08-15T12:27:52.194717+00:00,23.58502,False,True,True,True
44EB7449BB16228F423B370AD20D25989D874B07500E9E8D0C254592DD661647,deepseek-v4-pro,deepseek-v4-pro,2026-08-15T12:28:26.731921+00:00,2026-08-15T12:29:14.796443+00:00,48.064522,False,True,True,True
44F7D8AEF49AEBECFE2545056E08BC9DB473C38E079F320B070008B609FF0DD0,deepseek-v4-pro,deepseek-v4-pro,2026-08-15T12:29:04.215651+00:00,2026-08-15T12:29:26.445341+00:00,22.22969,False,True,True,True
45037C15E07DE8604A1D55133D9006B45B4CF128BF0973E71B1D732770D5BF55,deepseek-v4-pro,deepseek-v4-pro,2026-08-15T13:09:02.424280+00:00,2026-08-15T13:09:53.881735+00:00,51.457455,False,False,True,False
451D8EB3DE7A6A659BB7E993A616EAAF60D767C77A6DBD07E9542A89C0B1A6F6,deepseek-v4-pro,deepseek-v4-pro,2026-08-15T12:23:24.560555+00:00,2026-08-15T12:24:05.941975+00:00,41.38142,False,True,True,True
453BFF4EBC836D58AE3A88847D311299EF33C398D25FD7D7ED4BA3DDC9AB0217,deepseek-v4-pro,deepseek-v4-pro,2026-08-15T13:10:24.759172+00:00,2026-08-15T13:10:58.432201+00:00,33.673029,False,False,True,False
45BD1AB6370EB031A555F1BC1A1DDC69DD5C180736F1FECF64D5DCACA9E0A6B8,deepseek-v4-pro,deepseek-v4-pro,2026-08-15T12:28:41.521526+00:00,2026-08-15T12:29:13.131953+00:00,31.610427,False,True,True,True
45D8AC07610A76AB292C3922F43FBCEF4AE0F5C2BB4BC642B2A8D8AC5D6BAB18,deepseek-v4-pro,deepseek-v4-pro,2026-08-15T12:26:01.447655+00:00,2026-08-15T12:26:39.163999+00:00,37.716344,False,True,True,True
45E1DBF6C0F5082B4FBC1293839BCBC0B56DFF412A4CB6FC3187ABA51ED2BDDD,deepseek-v4-pro,deepseek-v4-pro,2026-08-15T13:13:43.488919+00:00,2026-08-15T13:14:45.129248+00:00,61.640329,False,False,True,False
4601071CAAFD2B293D620AAF3CB7CA2CF6603509520C54A5FCF38F6005FCA2C2,deepseek-v4-pro,deepseek-v4-pro,2026-08-15T12:05:03.287541+00:00,2026-08-15T12:05:41.471569+00:00,38.184028,True,True,True,True
4660B50A98D273AEF9D8D1D645081B63CE5718BDF266B147A1BDAA41EF063EFC,deepseek-v4-pro,deepseek-v4-pro,2026-08-15T12:05:08.923226+00:00,2026-08-15T12:05:58.910659+00:00,49.987433,True,True,True,True
4679AC4C90DDC51EC0815678E814F41EDD503D3110F320F03AE9C9A94E8F9465,deepseek-v4-pro,deepseek-v4-pro,2026-08-15T13:14:28.137441+00:00,2026-08-15T13:14:58.808480+00:00,30.671039,False,False,True,False
4685110620922D67E06C4199A5C23228EAC6B6664D8746D521B874DD82625520,deepseek-v4-pro,deepseek-v4-pro,2026-08-15T13:17:17.464932+00:00,2026-08-15T13:18:03.261339+00:00,45.796407,False,False,True,False
468956B079928C43B0EEC929E08844975EECA3EFC840BC64B825A8E896A09D55,deepseek-v4-pro,deepseek-v4-pro,2026-08-15T13:07:46.368437+00:00,2026-08-15T13:08:23.100567+00:00,36.73213,False,False,True,False
46983723D9F48447DC8E05E48F3BE5CB0612677FCAD7F4764680605DA16FEFEE,deepseek-v4-pro,deepseek-v4-pro,2026-08-15T12:04:31.265631+00:00,2026-08-15T12:04:55.832110+00:00,24.566479,True,True,True,True
46984C7E0DBBEA921DE75CB212BE515087E211333E78EE57F5770FCDFF7A189A,deepseek-v4-pro,deepseek-v4-pro,2026-08-15T12:05:34.755705+00:00,2026-08-15T12:06:00.918115+00:00,26.16241,True,True,True,True
46F77A45A1DD91AFEAAA6BF7BE4B4843B5A9FF08521F1E0928ECBB031BA0EDBD,deepseek-v4-pro,deepseek-v4-pro,2026-08-15T12:23:52.047830+00:00,2026-08-15T12:24:27.238915+00:00,35.191085,False,True,True,True
46F81C3333A57C57BE1611977F4F76817E32E1893CCAB407F4272C195B68F1C3,deepseek-v4-pro,deepseek-v4-pro,2026-08-15T11:59:07.315216+00:00,2026-08-15T11:59:41.720398+00:00,34.405182,True,True,True,True
479820A0312B2663EECB02C1FB69E5B1C962E50C70ECAEBDA1691AC78C176A0C,deepseek-v4-pro,deepseek-v4-pro,2026-08-15T12:24:30.726316+00:00,2026-08-15T12:25:09.420819+00:00,38.694503,False,True,True,True
47B007BC514E7639C05EC0E709AFBFA34290B2C8D2BA06303E90BD40F0236412,deepseek-v4-pro,deepseek-v4-pro,2026-08-15T13:10:35.486388+00:00,2026-08-15T13:11:18.158227+00:00,42.671839,False,False,True,False
47DFA701CA243E8035F2F613678FCE321D00F1521C41CB4FBD86DF4721320790,deepseek-v4-pro,deepseek-v4-pro,2026-08-15T11:59:06.116455+00:00,2026-08-15T11:59:26.736670+00:00,20.620215,True,True,True,True
47E478F0B62EBD5A93B6898BCB6B2C6AB12FD7BFCDA4D2A10426E062DBBB838C,deepseek-v4-pro,deepseek-v4-pro,2026-08-15T12:05:35.552930+00:00,2026-08-15T12:06:08.601710+00:00,33.04878,True,True,True,True
47F7FFC094415D34AB0BCCDD609719D13553AA580F3EF75390F88CBF6F2A99A1,deepseek-v4-pro,deepseek-v4-pro,2026-08-15T11:59:49.674692+00:00,2026-08-15T12:00:26.527804+00:00,36.853112,True,True,True,True
4805BEC5B77FE3FEC17222F0CC54D15946897BCEB039B669A18036A384E52D84,deepseek-v4-pro,deepseek-v4-pro,2026-08-15T13:06:46.173677+00:00,2026-08-15T13:07:19.498050+00:00,33.324373,False,False,True,False
4855B8B32C54DB0787D6AE014B40E18D0D551ECE4B6452C165C33A6F3DC33269,deepseek-v4-pro,deepseek-v4-pro,2026-08-15T11:59:41.027598+00:00,2026-08-15T12:00:12.925868+00:00,31.89827,True,True,True,True
486C42363E417D963DF832C2083AE9C11FB0BA6A23A709B1495F338A4CD03FCF,deepseek-v4-pro,deepseek-v4-pro,2026-08-15T13:18:11.115954+00:00,2026-08-15T13:18:58.453788+00:00,47.337834,False,False,True,False
4872914C19BD248F36FB394204B2D88A6CEE378671A41B4AEA733F9170ADDE70,deepseek-v4-pro,deepseek-v4-pro,2026-08-15T13:16:16.750516+00:00,2026-08-15T13:16:51.238782+00:00,34.488266,False,False,True,False
489BB7165277AD79986A1B3569B4BB39150E01F8A9517BC461239E6BC390FF51,deepseek-v4-pro,deepseek-v4-pro,2026-08-15T13:10:23.108711+00:00,2026-08-15T13:11:10.912936+00:00,47.804225,False,False,True,False
48B0519A828BD26DB49952F5B83AF69F521D0F6322C1E3C9B5BA077D175923E6,deepseek-v4-pro,deepseek-v4-pro,2026-08-15T13:16:35.459262+00:00,2026-08-15T13:17:07.735846+00:00,32.276584,False,False,True,False
48C87F3286986451DA8FC7EC29169D6D6BA134A7F1E4643E16B5C7E15FF4D8A2,deepseek-v4-pro,deepseek-v4-pro,2026-08-15T13:12:48.146238+00:00,2026-08-15T13:13:28.653312+00:00,40.507074,False,False,True,False
48DB23F3B210B1F888122C149EDD3DAFE6C2D8BC1C0528A3854F4BAF966F8FED,deepseek-v4-pro,deepseek-v4-pro,2026-08-15T13:17:29.278032+00:00,2026-08-15T13:18:18.400750+00:00,49.122718,False,False,True,False
4906D76FBCE1C184FD828BC299FADC10E66BD7DAEF99D2DD3A8D9ED267F99A5F,deepseek-v4-pro,deepseek-v4-pro,2026-08-15T13:14:09.565782+00:00,2026-08-15T13:14:41.249938+00:00,31.684156,False,False,True,False
494874557BB7D673248D6EBE10A6421B456AC86FCB18B4719A3ED3745FBF9800,deepseek-v4-pro,deepseek-v4-pro,2026-08-15T12:28:49.305127+00:00,2026-08-15T12:29:19.629979+00:00,30.324852,False,True,True,True
4A07EC8001FD3D0A7AEE572D474ACB4A9B1F3CE54BACBF51B78B8850A23F2E60,deepseek-v4-pro,deepseek-v4-pro,2026-08-15T13:12:26.640188+00:00,2026-08-15T13:13:18.411531+00:00,51.771343,False,False,True,False
4A0D40A1441857E0693460BC7B20D17B6CEF47C7923A9C8338A9BDACFDC86BC6,deepseek-v4-pro,deepseek-v4-pro,2026-08-15T13:12:41.551501+00:00,2026-08-15T13:13:25.721844+00:00,44.170343,False,False,True,False
4A380D8A7B8D7F157FF849A97754A251283E6D8EBBC34D9816CD3CF0CBEE9AD4,deepseek-v4-pro,deepseek-v4-pro,2026-08-15T12:02:43.366548+00:00,2026-08-15T12:03:17.558502+00:00,34.191954,True,True,True,True
4A5C38FB8EB6E87EEE0B23819AD80E5E2A764027519CA3ECA3E271FAA555C20F,deepseek-v4-pro,deepseek-v4-pro,2026-08-15T12:24:05.437443+00:00,2026-08-15T12:25:09.391567+00:00,63.954124,False,True,True,True
4A74127D492321F96A02494FBEAB26D3447096FD6CE58CB87355BCCA4138E3B6,deepseek-v4-pro,deepseek-v4-pro,2026-08-15T12:24:48.545643+00:00,2026-08-15T12:25:23.711477+00:00,35.165834,False,True,True,True
4A9FA72C4E87C22FE14EA45CCE16BE3E19AE813F161D9903003304852C9612C3,deepseek-v4-pro,deepseek-v4-pro,2026-08-15T13:14:04.684816+00:00,2026-08-15T13:14:42.159270+00:00,37.474454,False,False,True,False
4AC11E1303931051E585EED3C46B287300D2887A0115F386FB948C7753C4F385,deepseek-v4-pro,deepseek-v4-pro,2026-08-15T13:13:12.006068+00:00,2026-08-15T13:13:35.136362+00:00,23.130294,False,False,True,False
4AD439DAB4919B797DEC123936F6D8EE4EF009CAF294ABA23D137C6AF09D5EA5,deepseek-v4-pro,deepseek-v4-pro,2026-08-15T12:02:02.487384+00:00,2026-08-15T12:02:34.283522+00:00,31.796138,True,True,True,True
4AE7B916026E69BDD6F4DCAEE12A1265A9600B5A6B68715852B9AEFE1452F4A9,deepseek-v4-pro,deepseek-v4-pro,2026-08-15T12:23:40.658109+00:00,2026-08-15T12:24:18.747946+00:00,38.089837,False,True,True,True
4B3BE2B32753B03D37D7ADF649017772783566AC05E38AE583DEE84D04C7A61A,deepseek-v4-pro,deepseek-v4-pro,2026-08-15T12:26:04.261217+00:00,2026-08-15T12:26:27.213133+00:00,22.951916,False,True,True,True
4B76063F4C3AE859F6E89E1D1C067114EC0369C6156150CAD8F15B332EE0942F,deepseek-v4-pro,deepseek-v4-pro,2026-08-15T12:00:37.583521+00:00,2026-08-15T12:01:31.516748+00:00,53.933227,True,True,True,True
4BA8353087A141B71A420FBF41F94E647DDE18698A5315DE806A03DEFDDCD602,deepseek-v4-pro,deepseek-v4-pro,2026-08-15T12:05:35.204022+00:00,2026-08-15T12:05:59.304482+00:00,24.10046,True,True,True,True
4BBCBEA96A0CEE80902C4FE8BE25C76C577DDC076A45A440B0F12C5F775C5D74,deepseek-v4-pro,deepseek-v4-pro,2026-08-15T13:15:39.583053+00:00,2026-08-15T13:16:15.841570+00:00,36.258517,False,False,True,False
4BC9AF5877F72E260929BD4888A872484C0075F9617FBA7EFE4F7F59CAA4A071,deepseek-v4-pro,deepseek-v4-pro,2026-08-15T13:06:08.906317+00:00,2026-08-15T13:06:42.268260+00:00,33.361943,False,False,True,False
4BD39899A21DF173E8449A87C3CE74937439FE782B0BB08903DFC175EBA55C98,deepseek-v4-pro,deepseek-v4-pro,2026-08-15T12:27:13.369573+00:00,2026-08-15T12:27:41.448078+00:00,28.078505,False,True,True,True
4BD3C321C559B0E4BB8504A0E83F7FD80D2F36E1A0EE5728DAA475C6EB0D8DBD,deepseek-v4-pro,deepseek-v4-pro,2026-08-15T13:15:11.306086+00:00,2026-08-15T13:16:19.462142+00:00,68.156056,False,False,True,False
4BEFCE73D014923DCFADC05F22021BBB4525B2846B91DEDC7171EF487CF908A1,deepseek-v4-pro,deepseek-v4-pro,2026-08-15T13:06:11.120373+00:00,2026-08-15T13:06:26.965923+00:00,15.84555,False,False,True,False
4C21AF28C8C1F722B2FC54A0D2E59BD314ADFEDB7F1E71C7781C576AF3F4FD52,deepseek-v4-pro,deepseek-v4-pro,2026-08-15T12:05:31.897262+00:00,2026-08-15T12:06:16.907540+00:00,45.010278,True,True,True,True
4C29EC8629B28C872DBA7821AA73ED3057C3784249D0296AEA14E9A58C3C4E8B,deepseek-v4-pro,deepseek-v4-pro,2026-08-15T13:05:26.934095+00:00,2026-08-15T13:06:04.104366+00:00,37.170271,False,False,True,False
4C3C08425C9860A42C7312C568C6AF8E6C121755C7A025A500BAE664C6B1188C,deepseek-v4-pro,deepseek-v4-pro,2026-08-15T12:29:00.536731+00:00,2026-08-15T12:29:23.340539+00:00,22.803808,False,True,True,True
4C4E257EDDCB12B928C79FF4AA96B12DBAE5BE85FBB07E6BB650CD5C14690641,deepseek-v4-pro,deepseek-v4-pro,2026-08-15T13:07:14.272863+00:00,2026-08-15T13:08:30.439793+00:00,76.16693,False,False,True,False
4C592263CCC55433DAA0AE99E2BBF67414FB68809127B2D1352F9DD85B941BD0,deepseek-v4-pro,deepseek-v4-pro,2026-08-15T13:12:14.809197+00:00,2026-08-15T13:12:42.613568+00:00,27.804371,False,False,True,False
4CBC7164A29FFC874A7D98C11A8C0A92279465A12C34B768B241CED584264C4D,deepseek-v4-pro,deepseek-v4-pro,2026-08-15T12:28:59.937525+00:00,2026-08-15T12:29:34.704697+00:00,34.767172,False,True,True,True
4CBFAAD2500441CFB13C847D7852D9529B84455F42E4FC00354CB4C3F063B2B8,deepseek-v4-pro,deepseek-v4-pro,2026-08-15T12:25:23.336016+00:00,2026-08-15T12:26:04.483436+00:00,41.14742,False,True,True,True
4CCE671BB925A01551D7E37D9EDF8E908EA4928BF8802236528846BFBDE2408A,deepseek-v4-pro,deepseek-v4-pro,2026-08-15T12:23:29.215582+00:00,2026-08-15T12:24:27.429330+00:00,58.213748,False,True,True,True
4D214CC03600CDD95A4813249D2D4EF2D747A0A5C43E8743282681F211929927,deepseek-v4-pro,deepseek-v4-pro,2026-08-15T13:15:38.356006+00:00,2026-08-15T13:16:19.785418+00:00,41.429412,False,False,True,False
4D3B076508C4E0ECC263198D5E924DA1C1234512B358D396CD831C1F03F1366B,deepseek-v4-pro,deepseek-v4-pro,2026-08-15T13:11:31.402946+00:00,2026-08-15T13:12:02.292270+00:00,30.889324,False,False,True,False
4D5D28A348495E0DD82F53ECF0326D2D825DCD6758E8C4945941C269B13A35DB,deepseek-v4-pro,deepseek-v4-pro,2026-08-15T13:14:03.175411+00:00,2026-08-15T13:14:32.775359+00:00,29.599948,False,False,True,False
4D5F07CC120DB100EFBEFB37AA935227576A6BC2E38B66D61A7B75A1418D9730,deepseek-v4-pro,deepseek-v4-pro,2026-08-15T13:14:05.591368+00:00,2026-08-15T13:14:29.828574+00:00,24.237206,False,False,True,False
4D82FB620A69EAF22ABA69919812F73EE5FC52667B3D8192CF66762567F508B6,deepseek-v4-pro,deepseek-v4-pro,2026-08-15T13:11:44.282035+00:00,2026-08-15T13:12:24.901857+00:00,40.619822,False,False,True,False
4D8AF1573365620978BAB72224F377DC53DA8CF2A9D37029BD7D4A22FA6637B7,deepseek-v4-pro,deepseek-v4-pro,2026-08-15T12:03:54.550307+00:00,2026-08-15T12:04:33.716877+00:00,39.16657,True,True,True,True
4DC5EC9267C177B945623A3DF798185032AAB8222566D3CDA6A5E4C2CA05588F,deepseek-v4-pro,deepseek-v4-pro,2026-08-15T11:59:22.050031+00:00,2026-08-15T11:59:45.730500+00:00,23.680469,True,True,True,True
4E353C9AD41CC307139D45E4100315C33A7C24D8503CBEC5C59E707539DDA6EB,deepseek-v4-pro,deepseek-v4-pro,2026-08-15T13:06:43.798602+00:00,2026-08-15T13:07:44.484375+00:00,60.685773,False,False,True,False
4E36E7EB525D6A53C9950DF367BBAB3799D1CA81F24090C47534E5751C907997,deepseek-v4-pro,deepseek-v4-pro,2026-08-15T13:07:13.170869+00:00,2026-08-15T13:07:35.393829+00:00,22.22296,False,False,True,False
4E689DD24998DCA67A14A19C2E9AF1F567C595B88AE428ACE892546ABD7B9159,deepseek-v4-pro,deepseek-v4-pro,2026-08-15T13:16:29.927171+00:00,2026-08-15T13:17:12.506762+00:00,42.579591,False,False,True,False
4EE57979BBCFE4F25691BB032C71530F68204FEF22638C3B72305668F0E11BAC,deepseek-v4-pro,deepseek-v4-pro,2026-08-15T13:16:15.853706+00:00,2026-08-15T13:16:40.427297+00:00,24.573591,False,False,True,False
4F0DC459F76E9E768D60948A089951ADEE7261FFF8E9DE3C7171F298F6D3840D,deepseek-v4-pro,deepseek-v4-pro,2026-08-15T12:25:36.872085+00:00,2026-08-15T12:26:17.550041+00:00,40.677956,False,True,True,True
4F1FC96F1C2F589A33E01E43D2DAF1E213C807C230A786758998AB1082BE4035,deepseek-v4-pro,deepseek-v4-pro,2026-08-15T12:28:18.047105+00:00,2026-08-15T12:28:48.330234+00:00,30.283129,False,True,True,True
4F39E28E9842536FF728F20DC25BD57013C19ABE210D63AE939E7543B84F822B,deepseek-v4-pro,deepseek-v4-pro,2026-08-15T13:12:08.185840+00:00,2026-08-15T13:12:36.070431+00:00,27.884591,False,False,True,False
4F3A3E6B88FF73D293F2F5F687724C5B85ED6DFF3E961EFF443E92CD58D04A2E,deepseek-v4-pro,deepseek-v4-pro,2026-08-15T13:15:46.869659+00:00,2026-08-15T13:16:16.745801+00:00,29.876142,False,False,True,False
4F553EE45A1253FF1FA263348B7E78F52C23CE8F3CBAFC27046A64432C2A12DC,deepseek-v4-pro,deepseek-v4-pro,2026-08-15T12:29:12.081682+00:00,2026-08-15T12:29:41.401678+00:00,29.319996,False,True,True,True
4F79F20C6028F81530A22CBA5B010D8425B060845B7D1766C801E4A3BF5C84B3,deepseek-v4-pro,deepseek-v4-pro,2026-08-15T12:00:56.633887+00:00,2026-08-15T12:01:34.273416+00:00,37.639529,True,True,True,True
4FDB95FA4D0F6AD1EA334E418A21C5E389B11BB4B11F909FF3788FBF880D6E17,deepseek-v4-pro,deepseek-v4-pro,2026-08-15T13:11:28.621031+00:00,2026-08-15T13:11:51.461882+00:00,22.840851,False,False,True,False
500D36C466AFD577F9C2A8C0C223C5802F1369F0EB199CCCB15CF3224158A3F7,deepseek-v4-pro,deepseek-v4-pro,2026-08-15T12:26:57.631364+00:00,2026-08-15T12:27:23.245074+00:00,25.61371,False,True,True,True
501DB22B9FEE48373754317431638FACE21FF2B599074B28C260F83267F63E9C,deepseek-v4-pro,deepseek-v4-pro,2026-08-15T12:24:59.672401+00:00,2026-08-15T12:25:35.049908+00:00,35.377507,False,True,True,True
503EF5DBC5164A36537E689E0FCA5D8B232476ED7C2396EE7750DC82F86CC62D,deepseek-v4-pro,deepseek-v4-pro,2026-08-15T13:10:21.409274+00:00,2026-08-15T13:10:58.774619+00:00,37.365345,False,False,True,False
506280DCE91D2D9E7CEFCF3BF28F582DF2D77808BD3FB17A0ACC379C80FD5AEB,deepseek-v4-pro,deepseek-v4-pro,2026-08-15T12:28:31.208260+00:00,2026-08-15T12:29:12.076246+00:00,40.867986,False,True,True,True
507F4421C0ACF9A82EF8D0AAC322C0F3A5918EB876EC19719333B7662B81EC2D,deepseek-v4-pro,deepseek-v4-pro,2026-08-15T12:25:44.348282+00:00,2026-08-15T12:26:25.423595+00:00,41.075313,False,True,True,True
509076108E10514EB601F22FDED2B3595F9F6D91CD07FF0EF722EBA438CCB183,deepseek-v4-pro,deepseek-v4-pro,2026-08-15T13:04:41.983788+00:00,2026-08-15T13:05:26.929130+00:00,44.945342,False,False,True,False
50B20DC5085A32F7FEE1F41D30AC34765225B88D50EB28FA18A19981690EE4CA,deepseek-v4-pro,deepseek-v4-pro,2026-08-15T12:04:03.597647+00:00,2026-08-15T12:04:37.268264+00:00,33.670617,True,True,True,True
50C042D6AD91A8FD53395417BF858865EB040B253C57CA60F542F74296D7A6C2,deepseek-v4-pro,deepseek-v4-pro,2026-08-15T13:14:57.694567+00:00,2026-08-15T13:15:55.305155+00:00,57.610588,False,False,True,False
50D4041DAF7A38A9A12327AFD141977FBF27022401DBA3F0542D2680DCCBBC90,deepseek-v4-pro,deepseek-v4-pro,2026-08-15T12:26:02.257453+00:00,2026-08-15T12:26:37.489137+00:00,35.231684,False,True,True,True
50F8087440AEFCB727FE88781E239D4AE61B283028B3BD215C7B36C97CBAB901,deepseek-v4-pro,deepseek-v4-pro,2026-08-15T11:59:36.252037+00:00,2026-08-15T12:00:09.301583+00:00,33.049546,True,True,True,True
50F9BEC3DA1EA681064E7C0F779EA8703B9DFB76FB430FCFB849FA8F15E37E4E,deepseek-v4-pro,deepseek-v4-pro,2026-08-15T12:02:53.456705+00:00,2026-08-15T12:03:43.326041+00:00,49.869336,True,True,True,True
51735469E60773D94E0152F8BD27CDB0EE4CCF3E1C5F231227E7CC0344AED277,deepseek-v4-pro,deepseek-v4-pro,2026-08-15T13:11:49.641056+00:00,2026-08-15T13:12:26.633707+00:00,36.992651,False,False,True,False
52288D30E580803335385B84C9F79745B1C99C76A482D538CA820B37A6A7457E,deepseek-v4-pro,deepseek-v4-pro,2026-08-15T12:28:42.394310+00:00,2026-08-15T12:29:12.547393+00:00,30.153083,False,True,True,True
52306980D983DDC4AA644959D5EC7651AFE2F243F40F114C0CE7EE4625716092,deepseek-v4-pro,deepseek-v4-pro,2026-08-15T12:24:23.157373+00:00,2026-08-15T12:24:56.345336+00:00,33.187963,False,True,True,True
52C2B8B659AB1BA5C8076C397F8CB5D6BCCE9BAF6CB6016AB37A5EF7F1F2AD13,deepseek-v4-pro,deepseek-v4-pro,2026-08-15T13:14:45.105545+00:00,2026-08-15T13:15:34.376770+00:00,49.271225,False,False,True,False
52EDFD5BAE86D1402BA4E6ED31117BC471C4F0A296B19672F5E07E4AD3D7D33E,deepseek-v4-pro,deepseek-v4-pro,2026-08-15T13:09:51.739004+00:00,2026-08-15T13:10:19.174711+00:00,27.435707,False,False,True,False
52FE5A4607902478011CD10D0444DE98E61AACA13194CCAABF34E437A661BA3A,deepseek-v4-pro,deepseek-v4-pro,2026-08-15T13:04:39.310882+00:00,2026-08-15T13:05:34.627820+00:00,55.316938,False,False,True,False
533DC1B4235CF061212F77692BD0B3002B777619B7C67A7A692ABD8E22E8E5FE,deepseek-v4-pro,deepseek-v4-pro,2026-08-15T13:09:49.094245+00:00,2026-08-15T13:10:15.637803+00:00,26.543558,False,False,True,False
53692D42AEB809BF3A5BFCBFE3C659EA9D54EFECB1B523AB428340CDBDE493BA,deepseek-v4-pro,deepseek-v4-pro,2026-08-15T12:27:27.632895+00:00,2026-08-15T12:28:08.890781+00:00,41.257886,False,True,True,True
537344E635347610B3735FC6DD08A594ABA7F2D47ABC8BF10BE2A90BC1149915,deepseek-v4-pro,deepseek-v4-pro,2026-08-15T13:07:36.138454+00:00,2026-08-15T13:08:25.588185+00:00,49.449731,False,False,True,False
53FD07636B8170FBF5B4A675C42051B86C673F0EDBEA9AB3DBD05F5C6FE0F00B,deepseek-v4-pro,deepseek-v4-pro,2026-08-15T11:59:16.714179+00:00,2026-08-15T11:59:40.774051+00:00,24.059872,True,True,True,True
54C4441F14BC1EB5CBC4B1D203317BA733BDD4C75F038A0549867686DA9126AD,deepseek-v4-pro,deepseek-v4-pro,2026-08-15T12:03:07.663536+00:00,2026-08-15T12:03:36.382393+00:00,28.718857,True,True,True,True
54EADDE1454B7227B894E9C2344E59F4FE7DBEEB4582B08D48548E549F54D8B3,deepseek-v4-pro,deepseek-v4-pro,2026-08-15T13:10:58.296386+00:00,2026-08-15T13:11:31.396661+00:00,33.100275,False,False,True,False
55627298589250DDEA682D309BCAD40176AF5BD1233D1C5064091BDAEBC6152B,deepseek-v4-pro,deepseek-v4-pro,2026-08-15T12:25:21.726108+00:00,2026-08-15T12:25:54.822376+00:00,33.096268,False,True,True,True
5578CDBA38BCDE8D95194FE7BDEAD88E7F9B07CA20452784CAED2605CCDCD689,deepseek-v4-pro,deepseek-v4-pro,2026-08-15T12:23:49.445272+00:00,2026-08-15T12:24:32.173778+00:00,42.728506,False,True,True,True
55988DA7AD4CA94CC68F66D11046AB8A2B013A5BA6E2B98E2E9C64A8B7DF2C45,deepseek-v4-pro,deepseek-v4-pro,2026-08-15T12:01:22.895579+00:00,2026-08-15T12:01:56.272321+00:00,33.376742,True,True,True,True
55D9C3D72718B5E0F9D9E0C56D746BAB2DE93929C0858A5E91B37CEAFB2C4DD3,deepseek-v4-pro,deepseek-v4-pro,2026-08-15T13:06:24.395949+00:00,2026-08-15T13:07:27.720749+00:00,63.3248,False,False,True,False
55F04AAA4C3AA6DB011908E16F343871DBBE29EC36D833AEBA42D22AB13B5CB2,deepseek-v4-pro,deepseek-v4-pro,2026-08-15T13:06:42.272976+00:00,2026-08-15T13:07:24.047032+00:00,41.774056,False,False,True,False
5612A383B1892C81B8380A7C8756C48493E3AEB06BC731D91CB12F31941E3514,deepseek-v4-pro,deepseek-v4-pro,2026-08-15T12:29:38.815312+00:00,2026-08-15T12:30:22.576780+00:00,43.761468,False,True,True,True
565E06C49A6785AFCC13C48E39772A7CBD8B73C67995387B6A6109E9B5102FEB,deepseek-v4-pro,deepseek-v4-pro,2026-08-15T13:18:38.390449+00:00,2026-08-15T13:19:48.502429+00:00,70.11198,False,False,True,False
56A131BEAB9B7F08317EAA843DDD7BF639796CD2163AE0E80E46BD1E5C5E5488,deepseek-v4-pro,deepseek-v4-pro,2026-08-15T11:59:44.219077+00:00,2026-08-15T12:00:19.358808+00:00,35.139731,True,True,True,True
56AD9DC0446BA85829B3C54438A219B63441673543D8ACDBA760A6EC6104C264,deepseek-v4-pro,deepseek-v4-pro,2026-08-15T13:06:14.278375+00:00,2026-08-15T13:06:57.796414+00:00,43.518039,False,False,True,False
56F25D61590CC3AD30D38B0348AE1A5721E9BEE72D5599CE9F226309E9FC6B81,deepseek-v4-pro,deepseek-v4-pro,2026-08-15T13:16:34.604747+00:00,2026-08-15T13:17:29.747669+00:00,55.142922,False,False,True,False
574B1423B0A62BA0E8243F59A0A367C3BBDFE073399C10B0418965FE2621C562,deepseek-v4-pro,deepseek-v4-pro,2026-08-15T12:27:44.062039+00:00,2026-08-15T12:28:14.215566+00:00,30.153527,False,True,True,True
578C8BED1C705F4D4562919034045B6AB83B3616E9D5A8B40781BF0E7492C15A,deepseek-v4-pro,deepseek-v4-pro,2026-08-15T13:11:50.080126+00:00,2026-08-15T13:12:35.573788+00:00,45.493662,False,False,True,False
57F2D2EC6ACCE3C8957D441307B2DA4E769EC50C2E05F72EC326F5697A7FEA1A,deepseek-v4-pro,deepseek-v4-pro,2026-08-15T12:05:21.808946+00:00,2026-08-15T12:06:06.358207+00:00,44.549261,True,True,True,True
585C3D650D71E47F53675057245E99DAD9CACAE7F9366CF7D111D10932FF90E5,deepseek-v4-pro,deepseek-v4-pro,2026-08-15T13:12:32.811568+00:00,2026-08-15T13:13:00.857197+00:00,28.045629,False,False,True,False
587A0F70C37501448E9F087DB7A305E5E025241E6AC56982084BA13029C726A4,deepseek-v4-pro,deepseek-v4-pro,2026-08-15T12:01:39.146958+00:00,2026-08-15T12:02:07.973853+00:00,28.826895,True,True,True,True
58A61E00437BCF0D32A61C113C00F65A4AF50E9A5D21FD47C39427807CF797B1,deepseek-v4-pro,deepseek-v4-pro,2026-08-15T13:17:52.440958+00:00,2026-08-15T13:18:28.291951+00:00,35.850993,False,False,True,False
58BF370829573260A516A8086F70C0F7969EE9D3E29DA4578EB35F8852A17DAB,deepseek-v4-pro,deepseek-v4-pro,2026-08-15T13:18:28.033745+00:00,2026-08-15T13:18:51.218289+00:00,23.184544,False,False,True,False
5971A80E5C5BFE59B5E85F39BC799DE7247B91F834FE474BF4D6C9AA7ABBABDB,deepseek-v4-pro,deepseek-v4-pro,2026-08-15T12:28:40.579478+00:00,2026-08-15T12:29:24.835906+00:00,44.256428,False,True,True,True
5983D3F10A324A7E6CF40115C0032D1F585D5633589895C6B3B261B7DFFEF4ED,deepseek-v4-pro,deepseek-v4-pro,2026-08-15T13:03:46.927521+00:00,2026-08-15T13:04:37.775239+00:00,50.847718,False,False,True,False
59BE45ABAB4DDA26FB2A75CC72F4EBFAE2FEBCA5BAFB56D4CBEBB68A19BC7F80,deepseek-v4-pro,deepseek-v4-pro,2026-08-15T13:16:01.589393+00:00,2026-08-15T13:16:50.499497+00:00,48.910104,False,False,True,False
5A3987026CF036FA7287A5497E26C2B2A57F7763C4D72BE08083E47311E8A9BF,deepseek-v4-pro,deepseek-v4-pro,2026-08-15T13:13:35.142483+00:00,2026-08-15T13:14:24.560267+00:00,49.417784,False,False,True,False
5A4CCFFC376281D652A58067E64B6FD7FF336E734071746A9986CDD21B7F0A16,deepseek-v4-pro,deepseek-v4-pro,2026-08-15T13:09:56.049004+00:00,2026-08-15T13:10:28.711370+00:00,32.662366,False,False,True,False
5A696C9A6171045D5F71F7F0AAEAD16588BE4F48F2B02A1B4CAE0C845CE018A9,deepseek-v4-pro,deepseek-v4-pro,2026-08-15T13:10:10.598802+00:00,2026-08-15T13:10:51.022450+00:00,40.423648,False,False,True,False
5A8AEF9748FCD748ED4D88E147C8AAA3250A330E7C0A5C97980A279BCDF8FD2F,deepseek-v4-pro,deepseek-v4-pro,2026-08-15T12:24:36.704476+00:00,2026-08-15T12:25:02.085525+00:00,25.381049,False,True,True,True
5A8F00688AD283234DA08C6C7E17F68C4147AE24745736469651C769D61FAC93,deepseek-v4-pro,deepseek-v4-pro,2026-08-15T13:11:12.706194+00:00,2026-08-15T13:11:35.642455+00:00,22.936261,False,False,True,False
5A9ED77C451E92B92612A2A8E1664E18F517D6F5E1DB1A6261A5423759BA7CC1,deepseek-v4-pro,deepseek-v4-pro,2026-08-15T13:18:03.273250+00:00,2026-08-15T13:18:57.387911+00:00,54.114661,False,False,True,False
5AA1E73BCFC44BE9024C6669E933C529AB189F7A8C35DDCA0EC924DB5D81E3D6,deepseek-v4-pro,deepseek-v4-pro,2026-08-15T12:22:53.909482+00:00,2026-08-15T12:23:24.744030+00:00,30.834548,False,True,True,True
5AA70C8BF6526D2AFB4C17C8F394F324DCEC5048AEA119426B8AF82784AD0A35,deepseek-v4-pro,deepseek-v4-pro,2026-08-15T13:12:36.428323+00:00,2026-08-15T13:13:42.418005+00:00,65.989682,False,False,True,False
5ABD1F3D3C204471027C06175CF38088574BD0680ED563E82A6F64741A63A1D1,deepseek-v4-pro,deepseek-v4-pro,2026-08-15T12:26:27.218320+00:00,2026-08-15T12:27:01.009190+00:00,33.79087,False,True,True,True
5ACCEF88927C1C08B5B061DC453A1DE0894A83987AE0D0A919015A381E337A2A,deepseek-v4-pro,deepseek-v4-pro,2026-08-15T13:09:26.255740+00:00,2026-08-15T13:09:58.646306+00:00,32.390566,False,False,True,False
5AF9BD25DFA7937044CC755A0DF8CBDFF7D32F03E1712FCF6FDC99C23B31CD11,deepseek-v4-pro,deepseek-v4-pro,2026-08-15T12:25:34.997000+00:00,2026-08-15T12:26:19.205164+00:00,44.208164,False,True,True,True
5B661044DBD82BE4161096E75072D2D2CDF7F5C9CF318E5F9622BC9A7E5E48AC,deepseek-v4-pro,deepseek-v4-pro,2026-08-15T13:09:31.693836+00:00,2026-08-15T13:09:56.466246+00:00,24.77241,False,False,True,False
5B7A53E31A97306496BD01412369EC53C32A89EDB9C39BFE1B028900DFC047EE,deepseek-v4-pro,deepseek-v4-pro,2026-08-15T13:13:16.923345+00:00,2026-08-15T13:13:34.131563+00:00,17.208218,False,False,True,False
5B7DC3A9344ECAF4CA169B5FD90578BF6294BEB0CF1A3EAAD9F5635AE54D3370,deepseek-v4-pro,deepseek-v4-pro,2026-08-15T13:15:21.392678+00:00,2026-08-15T13:16:09.218017+00:00,47.825339,False,False,True,False
5BABA0C2F935212EC146ADDF81326E6ADA71021571FC244C640264EFD912C9DE,deepseek-v4-pro,deepseek-v4-pro,2026-08-15T13:13:18.284018+00:00,2026-08-15T13:13:44.802660+00:00,26.518642,False,False,True,False
5BD08F206142BCFC0D354CF16B363AB186A214FC4C696E94004254926371FD4E,deepseek-v4-pro,deepseek-v4-pro,2026-08-15T13:12:22.598638+00:00,2026-08-15T13:13:03.968518+00:00,41.36988,False,False,True,False
5BED42EB7D20DC22123ADACE547B891A7E5F5740F15C6B9E10D553D7090270BF,deepseek-v4-pro,deepseek-v4-pro,2026-08-15T13:13:35.047307+00:00,2026-08-15T13:14:30.174038+00:00,55.126731,False,False,True,False
5BF3DF415C91C8F6A0EEAD491B14A9E324465695ABE96BAC0ACCABA0CD843645,deepseek-v4-pro,deepseek-v4-pro,2026-08-15T13:05:23.717398+00:00,2026-08-15T13:06:02.106206+00:00,38.388808,False,False,True,False
5C04EC5EF7346FBB9490FD10984D0BE794DC57B4C5398FFBB9EBC80EA9DADBEF,deepseek-v4-pro,deepseek-v4-pro,2026-08-15T12:04:37.273820+00:00,2026-08-15T12:05:07.259413+00:00,29.985593,True,True,True,True
5C6120ADA979A9E9ECA9F7B18138CAD75824E1AD2E25F4B612870B6CF144C5C1,deepseek-v4-pro,deepseek-v4-pro,2026-08-15T12:28:01.192499+00:00,2026-08-15T12:28:23.992827+00:00,22.800328,False,True,True,True
5CC78380B9CF67BA19A505B9E72F6A4EB8A7A6DFC047738C0BA4A215621F7425,deepseek-v4-pro,deepseek-v4-pro,2026-08-15T12:01:25.686532+00:00,2026-08-15T12:01:46.822148+00:00,21.135616,True,True,True,True
5D2D162CACBF44D20592B7FFB7E05DFAF6B656393E59890B4518D86B1058FF58,deepseek-v4-pro,deepseek-v4-pro,2026-08-15T13:10:47.012701+00:00,2026-08-15T13:11:21.926946+00:00,34.914245,False,False,True,False
5D431A461A88EEF2BA32A600E980C0D8EDD8DAFDB3268D2DB648E0B51C58C085,deepseek-v4-pro,deepseek-v4-pro,2026-08-15T13:12:43.544162+00:00,2026-08-15T13:13:19.029984+00:00,35.485822,False,False,True,False
5D7836E5D067F1042C7C7C8B86A9888F78C603E19AE6B8BFA4B3FE52645ED880,deepseek-v4-pro,deepseek-v4-pro,2026-08-15T13:07:24.098981+00:00,2026-08-15T13:08:02.788424+00:00,38.689443,False,False,True,False
5DC5F1A3B275D31CA307BC485E446FE5864BFF50C4BB4C30DCF250DEDAD54F1E,deepseek-v4-pro,deepseek-v4-pro,2026-08-15T11:58:42.568629+00:00,2026-08-15T11:59:16.706118+00:00,34.137489,True,True,True,True
5DE469F0F94309C966716F1A85A5DF2FADE6D5192D357223112677844721F610,deepseek-v4-pro,deepseek-v4-pro,2026-08-15T12:00:43.376714+00:00,2026-08-15T12:01:07.580785+00:00,24.204071,True,True,True,True
5E13B7A51F2B4F9D2AF5958DF15C688D681E8DF2F790E9FE6B6EF14877E220CB,deepseek-v4-pro,deepseek-v4-pro,2026-08-15T13:15:17.701323+00:00,2026-08-15T13:15:56.790702+00:00,39.089379,False,False,True,False
5E15D030337E07A5A64AE5584FEAE9E43095BEF57AFEDCCCABCFFF98B15C62E3,deepseek-v4-pro,deepseek-v4-pro,2026-08-15T12:24:13.091378+00:00,2026-08-15T12:24:58.259840+00:00,45.168462,False,True,True,True
5E60CEFFD3790BEFA7C6D45080A3F943B6E628E5435F00B8A64541A08DAF8E5D,deepseek-v4-pro,deepseek-v4-pro,2026-08-15T13:15:56.801969+00:00,2026-08-15T13:16:33.769773+00:00,36.967804,False,False,True,False
5E65B99A4CD0D22E94E4211CAB1E90F939FA3213C8B5B73A04E133A854A0CB6A,deepseek-v4-pro,deepseek-v4-pro,2026-08-15T12:28:32.595982+00:00,2026-08-15T12:28:57.366671+00:00,24.770689,False,True,True,True
5E7558D6E71167AA0AE7E880241002A9AF89FC836DB9E388A66D04101E5A24E5,deepseek-v4-pro,deepseek-v4-pro,2026-08-15T13:18:02.226777+00:00,2026-08-15T13:18:32.417379+00:00,30.190602,False,False,True,False
5E9B0E1787129CDEF8F7861D6E1CDD47A6D0BE6241F5941A906C746591D33DCD,deepseek-v4-pro,deepseek-v4-pro,2026-08-15T11:59:20.859442+00:00,2026-08-15T11:59:54.900494+00:00,34.041052,True,True,True,True
5EA9B2C5E51F0E5E94FF9A7CEE991293CA779103F714C96515FF21BA6FDA04E8,deepseek-v4-pro,deepseek-v4-pro,2026-08-15T13:11:22.131468+00:00,2026-08-15T13:12:09.840929+00:00,47.709461,False,False,True,False
5ED0DCF25ED4CFCCCDCC67C1165FBA96177A2FA4BC4FB11509882BA100CE5DFB,deepseek-v4-pro,deepseek-v4-pro,2026-08-15T13:16:52.402862+00:00,2026-08-15T13:17:34.017977+00:00,41.615115,False,False,True,False
5EE525A43C7890A4C54739E481234076AFCEF68EB3C4ABFF6FADB577C2EF41E5,deepseek-v4-pro,deepseek-v4-pro,2026-08-15T12:05:24.894950+00:00,2026-08-15T12:05:48.819930+00:00,23.92498,True,True,True,True
5EEAE977842DEB62AAE0E0891663AF26DB218E4C5F6910525555B08C05E50B51,deepseek-v4-pro,deepseek-v4-pro,2026-08-15T13:08:28.090569+00:00,2026-08-15T13:09:11.075446+00:00,42.984877,False,False,True,False
5EF28DE79006778FFBEF20EA123D2449806428C1E8CE5A6D67C4D6EF39776393,deepseek-v4-pro,deepseek-v4-pro,2026-08-15T12:04:11.930822+00:00,2026-08-15T12:04:50.711513+00:00,38.780691,True,True,True,True
5EF71AD3E83AD96422136FDB269AF0FB24147BAE88DC8E2C03321A67E7191E23,deepseek-v4-pro,deepseek-v4-pro,2026-08-15T13:13:28.657784+00:00,2026-08-15T13:13:50.959050+00:00,22.301266,False,False,True,False
5F20A677D1AFE82E31E510377ED50F983865DE4A82E3076246DE2DE2A7E5D674,deepseek-v4-pro,deepseek-v4-pro,2026-08-15T12:27:44.089834+00:00,2026-08-15T12:28:10.599143+00:00,26.509309,False,True,True,True
5F2ADC4B4C3DE9B56BF6F1A5505D12D9D50AEC750128B4EC5083A3D37D44F1EE,deepseek-v4-pro,deepseek-v4-pro,2026-08-15T13:13:29.253485+00:00,2026-08-15T13:14:00.071418+00:00,30.817933,False,False,True,False
5F39AF2E67E96AC298E3BE659709FABF37D8F82670C720159F3962FEB0F63CEE,deepseek-v4-pro,deepseek-v4-pro,2026-08-15T12:03:11.550527+00:00,2026-08-15T12:03:57.558537+00:00,46.00801,True,True,True,True
5F79BAFAE4E05C25D79D9AD1A6B768A43D0AB6F003EC04903249A05BEE92FCDB,deepseek-v4-pro,deepseek-v4-pro,2026-08-15T11:58:42.544436+00:00,2026-08-15T11:59:07.308691+00:00,24.764255,True,True,True,True
5F95155EE3F3D0391F61ED486A5E3484EB14594AEE494162E5B8F03625C65D62,deepseek-v4-pro,deepseek-v4-pro,2026-08-15T12:00:47.490033+00:00,2026-08-15T12:01:19.623070+00:00,32.133037,True,True,True,True
5FB854B19AB225D6AD588ACA1575C87473EDFA1956BB032388013505C462D8A8,deepseek-v4-pro,deepseek-v4-pro,2026-08-15T12:27:29.287079+00:00,2026-08-15T12:28:07.948062+00:00,38.660983,False,True,True,True
5FC372EB5E92A3A3FB6FAD05C798E329B8E9968B89F209EBFB2589D22C2E4BC5,deepseek-v4-pro,deepseek-v4-pro,2026-08-15T13:04:51.279101+00:00,2026-08-15T13:05:22.702304+00:00,31.423203,False,False,True,False
5FE2F6DF4BA1AC657EEE395E8976957C13CEE4A776D37EDFB68B62051B8F6549,deepseek-v4-pro,deepseek-v4-pro,2026-08-15T13:08:58.273841+00:00,2026-08-15T13:09:24.059675+00:00,25.785834,False,False,True,False
5FE33156B53CE81FA13CA51F6B93F54EBE316C1220E07090FF1F0D2EE1B0FEB0,deepseek-v4-pro,deepseek-v4-pro,2026-08-15T13:03:46.966072+00:00,2026-08-15T13:04:26.050264+00:00,39.084192,False,False,True,False
5FE34360F682B49B453EA2AE986565FFF089A7732F8496E0C169D2FC8B4731C0,deepseek-v4-pro,deepseek-v4-pro,2026-08-15T11:58:42.558206+00:00,2026-08-15T11:59:23.293152+00:00,40.734946,True,True,True,True
604B40FAD2C095AF6D1E4AA8AC66E83CBE7D43E0869BA41A12D6F0054BC7FFD3,deepseek-v4-pro,deepseek-v4-pro,2026-08-15T13:13:46.094610+00:00,2026-08-15T13:14:17.574499+00:00,31.479889,False,False,True,False
60C7B2E8EDBEF960E2E6F6B7B31223C0250E68370454A0A5C14E1700224BA5C7,deepseek-v4-pro,deepseek-v4-pro,2026-08-15T12:02:09.641701+00:00,2026-08-15T12:02:50.061360+00:00,40.419659,True,True,True,True
60D10B5AC2D1E294A5EFE6FFCF85A45F9334D889F882D3205E24F9BB648BA9CC,deepseek-v4-pro,deepseek-v4-pro,2026-08-15T13:14:47.818045+00:00,2026-08-15T13:15:05.779686+00:00,17.961641,False,False,True,False
60DFF706C59681519106AEA564010BF8A64690ECE27A30E00242F582E85D5C8D,deepseek-v4-pro,deepseek-v4-pro,2026-08-15T13:17:03.380427+00:00,2026-08-15T13:17:29.272591+00:00,25.892164,False,False,True,False
61134FE2C861F16DF63121C74157774D556F5225E235C76963E2331664179665,deepseek-v4-pro,deepseek-v4-pro,2026-08-15T12:03:17.563508+00:00,2026-08-15T12:03:46.859398+00:00,29.29589,True,True,True,True
612C6D8829A26A84EC1FA02C511F83022CD7E7EC59FAABE7EFB2618764FCF3D0,deepseek-v4-pro,deepseek-v4-pro,2026-08-15T12:23:34.105091+00:00,2026-08-15T12:23:52.042870+00:00,17.937779,False,True,True,True
613E6CC5DFFB921FC55D95B44DBDCEF25666A987B748C029EF4E88C931EC1B38,deepseek-v4-pro,deepseek-v4-pro,2026-08-15T13:07:03.628672+00:00,2026-08-15T13:07:24.093405+00:00,20.464733,False,False,True,False
614AE978C432E7E1652D43198ECD653062BFEA84FE0B8A44B995F71A3A957868,deepseek-v4-pro,deepseek-v4-pro,2026-08-15T13:04:54.610444+00:00,2026-08-15T13:05:32.087162+00:00,37.476718,False,False,True,False
618AAC8F8C2F04D859C3A65DF41B9D915AF3EB7A63DD4027AF600BE401F51989,deepseek-v4-pro,deepseek-v4-pro,2026-08-15T11:59:28.128443+00:00,2026-08-15T11:59:51.404227+00:00,23.275784,True,True,True,True
622B0F0D227BD230319B317715AFD3D160F098FEAE6EF3512DF8D9B98F3233EB,deepseek-v4-pro,deepseek-v4-pro,2026-08-15T12:25:52.751316+00:00,2026-08-15T12:26:27.111076+00:00,34.35976,False,True,True,True
622EC2CE09AEF0EB1E2CAEB3AE4B79DE3009EC43416281AD552D9D38DC12AD1A,deepseek-v4-pro,deepseek-v4-pro,2026-08-15T12:29:08.194285+00:00,2026-08-15T12:29:51.930650+00:00,43.736365,False,True,True,True
6233EDAAF76476505F88DAEECCA14D90E76330A1225EE4C5D668768723EACFE8,deepseek-v4-pro,deepseek-v4-pro,2026-08-15T13:11:12.531398+00:00,2026-08-15T13:11:54.821866+00:00,42.290468,False,False,True,False
6267CDA8DE35E0AFAC08AF05F5D3891997C6B5228E760167EDABFD27162E82A4,deepseek-v4-pro,deepseek-v4-pro,2026-08-15T12:29:35.916882+00:00,2026-08-15T12:30:19.517348+00:00,43.600466,False,True,True,True
627589551153F37258690CC3B11523B535F6250A39AAA6711956CCA7328415E5,deepseek-v4-pro,deepseek-v4-pro,2026-08-15T12:24:58.265004+00:00,2026-08-15T12:25:36.515939+00:00,38.250935,False,True,True,True
628053BDB682DF69528DFBD7DE291CDE01604687846AEFF48828DB25264EDBC3,deepseek-v4-pro,deepseek-v4-pro,2026-08-15T13:15:09.768202+00:00,2026-08-15T13:15:39.582038+00:00,29.813836,False,False,True,False
6289DC5B4B324D45B7A650B047EC6BF3124B3E09D192EB4ADF060F09BBA2EDF1,deepseek-v4-pro,deepseek-v4-pro,2026-08-15T12:04:27.943332+00:00,2026-08-15T12:05:05.710252+00:00,37.76692,True,True,True,True
6301E0A68880936BE691AF2E258B7154600E46F7A6C2C747FC1B194448A1D727,deepseek-v4-pro,deepseek-v4-pro,2026-08-15T12:26:59.010049+00:00,2026-08-15T12:27:32.882341+00:00,33.872292,False,True,True,True
63122A2680083EA958CEDE2874AD79352EAF82D58FA0CD680B6447ACE5EE2553,deepseek-v4-pro,deepseek-v4-pro,2026-08-15T13:18:57.385484+00:00,2026-08-15T13:20:19.163654+00:00,81.77817,False,False,True,False
635928D76A84A7AA70FD306AC5724774AC01824794A360EDE2B61C042AABC965,deepseek-v4-pro,deepseek-v4-pro,2026-08-15T13:14:14.482335+00:00,2026-08-15T13:14:57.079514+00:00,42.597179,False,False,True,False
639B0F5089C3F571EC33C164B19CC74B4C7F9A1116F35CAF20E3C49008C53969,deepseek-v4-pro,deepseek-v4-pro,2026-08-15T13:10:24.804192+00:00,2026-08-15T13:10:52.859018+00:00,28.054826,False,False,True,False
63D96000C7149944935A424F6157263BACEE3805E11BEB1E400A9355C04A9E82,deepseek-v4-pro,deepseek-v4-pro,2026-08-15T13:16:37.342137+00:00,2026-08-15T13:17:21.677045+00:00,44.334908,False,False,True,False
6428F440977E13882AC5F14A9C5ADD5CB4AD65B9DAB999DF29CDD2FC98DC3189,deepseek-v4-pro,deepseek-v4-pro,2026-08-15T13:06:26.971672+00:00,2026-08-15T13:06:59.100343+00:00,32.128671,False,False,True,False
64597A6721864D450C0F8A8FF3B87370A1C40B1FEFF567CA60A7364F7FE300A1,deepseek-v4-pro,deepseek-v4-pro,2026-08-15T13:15:55.385480+00:00,2026-08-15T13:16:51.040471+00:00,55.654991,False,False,True,False
646C07D31777C9B0DF8B415D543C51723227286D05CB88FCAB8F77C29DA003BD,deepseek-v4-pro,deepseek-v4-pro,2026-08-15T12:23:42.582102+00:00,2026-08-15T12:24:10.605706+00:00,28.023604,False,True,True,True
647831D1AC5245A16EDDFD9F7DFD57B799E49A8A62F247E4CB8FE0B836296928,deepseek-v4-pro,deepseek-v4-pro,2026-08-15T12:22:53.961690+00:00,2026-08-15T12:23:34.979230+00:00,41.01754,False,True,True,True
647D3B67A76B6E46369ECDF3F84841BC4D8A19B8FA5377F55D61507BE9243A60,deepseek-v4-pro,deepseek-v4-pro,2026-08-15T12:03:15.186418+00:00,2026-08-15T12:04:02.590408+00:00,47.40399,True,True,True,True
65248E4E15D5B4426E035425E7FFB2B2CD3FD9781644E8BE26DF6BE3FAB2D54E,deepseek-v4-pro,deepseek-v4-pro,2026-08-15T12:27:54.044544+00:00,2026-08-15T12:28:32.913667+00:00,38.869123,False,True,True,True
65273E598FD9CC9E70E39BBE455ECC7FBB62F3F89D5EA0831F749AA133FED37D,deepseek-v4-pro,deepseek-v4-pro,2026-08-15T12:25:03.815515+00:00,2026-08-15T12:26:01.436260+00:00,57.620745,False,True,True,True
655455C738DA955960F0D0FEDC3D93EFEE771C76E6BA0BCE32DE93C3D904CC0C,deepseek-v4-pro,deepseek-v4-pro,2026-08-15T13:04:39.884011+00:00,2026-08-15T13:05:11.965282+00:00,32.081271,False,False,True,False
65659E4B2DC806D9DEAE85522A4CE3AE9BE03E4410DA5FCA09B82B4EBAC64C65,deepseek-v4-pro,deepseek-v4-pro,2026-08-15T12:02:20.603843+00:00,2026-08-15T12:02:42.679240+00:00,22.075397,True,True,True,True
657FB8CEDA10FA94DA151E30EB68086E6C3F058B40C4AC0DE2EBB64A885666C1,deepseek-v4-pro,deepseek-v4-pro,2026-08-15T13:17:38.532182+00:00,2026-08-15T13:18:04.579179+00:00,26.046997,False,False,True,False
65E0F4C73305F8EC849EB56B4B8EB90820AE25E643EC81C2A3B10625A9A59E5C,deepseek-v4-pro,deepseek-v4-pro,2026-08-15T12:24:08.398415+00:00,2026-08-15T12:24:56.376727+00:00,47.978312,False,True,True,True
6615C9EBD054773AC3F5293C389268031EA1C341A70B3DA25C91E3781DF25C52,deepseek-v4-pro,deepseek-v4-pro,2026-08-15T13:07:10.241487+00:00,2026-08-15T13:08:05.724934+00:00,55.483447,False,False,True,False
66654B5159B356FE97D975149F84CB5BB02142E582EE130C8D17AF64A9080DA9,deepseek-v4-pro,deepseek-v4-pro,2026-08-15T12:25:55.395150+00:00,2026-08-15T12:26:08.918677+00:00,13.523527,False,True,True,True
667AFF2A8E827D4568047D4404C9DCA625F895501F47F4D2CE3F61D55D06282E,deepseek-v4-pro,deepseek-v4-pro,2026-08-15T13:09:02.564098+00:00,2026-08-15T13:09:34.368435+00:00,31.804337,False,False,True,False
667FB720360EEFC1B9CB947E4432E46F718352C018D8E127ABB8CA0E374E87D3,deepseek-v4-pro,deepseek-v4-pro,2026-08-15T12:04:02.598452+00:00,2026-08-15T12:04:37.204691+00:00,34.606239,True,True,True,True
668EDF0AB18A6852F31A9BB041892636630DAB3E1F9C3B748F6633420E276EA9,deepseek-v4-pro,deepseek-v4-pro,2026-08-15T13:08:50.810138+00:00,2026-08-15T13:09:27.559973+00:00,36.749835,False,False,True,False
66A17303CF3DD9B86266310E70A3C25DE723D49DE0254038D3ED2B3D84F74C03,deepseek-v4-pro,deepseek-v4-pro,2026-08-15T13:17:03.120938+00:00,2026-08-15T13:17:40.601898+00:00,37.48096,False,False,True,False
66ABE89F00B777F1D15EC37FB41B6C0826C529F94CEA06C5871E625CFD19851E,deepseek-v4-pro,deepseek-v4-pro,2026-08-15T13:13:35.729183+00:00,2026-08-15T13:14:04.234659+00:00,28.505476,False,False,True,False
66B0254718CFBD4CA077AFDB501ACCB2E8DA87F981E16669A867E8FBC2EA9B77,deepseek-v4-pro,deepseek-v4-pro,2026-08-15T12:26:29.982297+00:00,2026-08-15T12:27:03.099969+00:00,33.117672,False,True,True,True
66E36B00D702EA7F5C7A174E79240AFE5950AAF406AA1D86AFF9F5BCBE94C113,deepseek-v4-pro,deepseek-v4-pro,2026-08-15T13:06:11.879555+00:00,2026-08-15T13:06:43.790499+00:00,31.910944,False,False,True,False
671107706107B8B49EBCED4BE05B091754838AE5AB57405DEA8EED51B37023F0,deepseek-v4-pro,deepseek-v4-pro,2026-08-15T12:24:00.153523+00:00,2026-08-15T12:24:53.534400+00:00,53.380877,False,True,True,True
67226842F1A2DB765104657ED7F11C24755726A7884654E5399AB32F77E4299A,deepseek-v4-pro,deepseek-v4-pro,2026-08-15T12:02:43.776434+00:00,2026-08-15T12:03:15.179415+00:00,31.402981,True,True,True,True
674EB9DF3187EB31E03878C5969003385CC9FED3882F6F18A22F0E0EFE3DFA1A,deepseek-v4-pro,deepseek-v4-pro,2026-08-15T13:08:38.838716+00:00,2026-08-15T13:09:25.493842+00:00,46.655126,False,False,True,False
6768B5E3EC13F537800A5926640E39D3979DE545C21644B868A3300478A343A6,deepseek-v4-pro,deepseek-v4-pro,2026-08-15T13:06:06.941729+00:00,2026-08-15T13:06:46.167670+00:00,39.225941,False,False,True,False
67889AA861D30346734496CF33A7932DE3D42565BC25BDE9FA5D71D9F1841812,deepseek-v4-pro,deepseek-v4-pro,2026-08-15T12:28:40.397614+00:00,2026-08-15T12:29:35.551999+00:00,55.154385,False,True,True,True
67BA730FA0451A188A7EFE3D4EAECC496C6951AA84170B25A194B0CACA85CE72,deepseek-v4-pro,deepseek-v4-pro,2026-08-15T12:22:53.948784+00:00,2026-08-15T12:23:40.652215+00:00,46.703431,False,True,True,True
67C424D9A5DD7A184589487DFCBA08DE096E7790321D464D52AEE57113B3CFD1,deepseek-v4-pro,deepseek-v4-pro,2026-08-15T13:13:50.965243+00:00,2026-08-15T13:14:28.628576+00:00,37.663333,False,False,True,False
67ED81CD757783813B72385EF50FA59FF9AB977B83EB818B98C43D41C2A074AF,deepseek-v4-pro,deepseek-v4-pro,2026-08-15T13:18:17.747879+00:00,2026-08-15T13:18:55.014420+00:00,37.266541,False,False,True,False
67FADB4AC3FF9BCB4E7356855D069D8223D3A0ED9EC7775513A38CDBE9FB0C92,deepseek-v4-pro,deepseek-v4-pro,2026-08-15T13:07:27.813805+00:00,2026-08-15T13:08:11.240475+00:00,43.42667,False,False,True,False
6801B247848DF1465BCE8E448588877F2AF5351B10F7C4FC8CECB481495DC73E,deepseek-v4-pro,deepseek-v4-pro,2026-08-15T13:11:34.830655+00:00,2026-08-15T13:12:08.180189+00:00,33.349534,False,False,True,False
682F3261E2AA20A596BD4B0BD7D70CA8AD04C5675A917FF4AE26D604FC7D625F,deepseek-v4-pro,deepseek-v4-pro,2026-08-15T12:00:59.220853+00:00,2026-08-15T12:01:43.474207+00:00,44.253354,True,True,True,True
68A4600132E1B78A2A54A2C07041A10F6AA2A5E6EEB513F21A2C305F905BB445,deepseek-v4-pro,deepseek-v4-pro,2026-08-15T13:14:02.285491+00:00,2026-08-15T13:14:29.359249+00:00,27.073758,False,False,True,False
68C3F83432DE365D71242BC735841385777866BC57DF188D8A42CC3A48DEF869,deepseek-v4-pro,deepseek-v4-pro,2026-08-15T12:04:33.078793+00:00,2026-08-15T12:05:07.930177+00:00,34.851384,True,True,True,True
68C631902A06EDCF77757CA308EB1526F8994111F71EA6A021578F29C8F27EE6,deepseek-v4-pro,deepseek-v4-pro,2026-08-15T12:22:53.976156+00:00,2026-08-15T12:23:23.224777+00:00,29.248621,False,True,True,True
6915344E96C0AB589F152C1C6378A9CB2579897F4F47955F1C5D18465B79AC99,deepseek-v4-pro,deepseek-v4-pro,2026-08-15T13:11:35.648444+00:00,2026-08-15T13:12:03.270246+00:00,27.621802,False,False,True,False
6924763EC83EEA2A869AD2CD05694B136DACFDB729B2659CD2961F489C3526A5,deepseek-v4-pro,deepseek-v4-pro,2026-08-15T12:02:46.088210+00:00,2026-08-15T12:03:32.340507+00:00,46.252297,True,True,True,True
692849D91AE074BFC7EEFF7BE11037FD30036D7154AC8B52CB4DDB27C5236A68,deepseek-v4-pro,deepseek-v4-pro,2026-08-15T13:16:19.790982+00:00,2026-08-15T13:17:03.375242+00:00,43.58426,False,False,True,False
6999E681FCD78559B6F7487AEAD2C53C38AAA0BA3EC5CB8E77A7EF4EE944748F,deepseek-v4-pro,deepseek-v4-pro,2026-08-15T13:10:39.341657+00:00,2026-08-15T13:11:03.203647+00:00,23.86199,False,False,True,False
69AE4BE6056F59C30BA1FE4FDC1C3254054A70414C815C0B6126D8AAD5102914,deepseek-v4-pro,deepseek-v4-pro,2026-08-15T12:28:13.650859+00:00,2026-08-15T12:28:32.583474+00:00,18.932615,False,True,True,True
6A06BCC870D67029443F5A7F28F646B386C7040C04A57118812716428C20D78F,deepseek-v4-pro,deepseek-v4-pro,2026-08-15T12:23:54.928962+00:00,2026-08-15T12:24:18.825163+00:00,23.896201,False,True,True,True
6A19ED859639AB7FD075EB0F0178833C32619EEFE8BEB1E21A5EA00F22E44E88,deepseek-v4-pro,deepseek-v4-pro,2026-08-15T12:25:40.449707+00:00,2026-08-15T12:26:02.252452+00:00,21.802745,False,True,True,True
6A2C3D9AF5EE7FE6D9A153FB96159C99952C7BBED701EAD6870F3446CA0CC693,deepseek-v4-pro,deepseek-v4-pro,2026-08-15T13:18:55.019692+00:00,2026-08-15T13:19:32.969444+00:00,37.949752,False,False,True,False
6A53C7EBA92DC18434D359FA15783EE8A936D0DF0EF2556AB6D9EC64E8A4E4A0,deepseek-v4-pro,deepseek-v4-pro,2026-08-15T13:09:13.142437+00:00,2026-08-15T13:09:53.040840+00:00,39.898403,False,False,True,False
6AA7B8B186A14E3D25EEECD2C61977287441BB4348FC3B9F9CE1EC05F84462EF,deepseek-v4-pro,deepseek-v4-pro,2026-08-15T13:15:14.824014+00:00,2026-08-15T13:15:50.989685+00:00,36.165671,False,False,True,False
6AF3D05C88F9BAFD608C4895436F7AECE2B5FC58B2B72175B52BEAEDB0BA6578,deepseek-v4-pro,deepseek-v4-pro,2026-08-15T13:05:42.295418+00:00,2026-08-15T13:06:04.714204+00:00,22.418786,False,False,True,False
6AFC5063D2E0117B14A163E6D211F76A30317D32712F624CB8606B382CDF955A,deepseek-v4-pro,deepseek-v4-pro,2026-08-15T12:02:59.085042+00:00,2026-08-15T12:03:36.141124+00:00,37.056082,True,True,True,True
6B201735C69CBD731FA6F108A181CE7484F4E68B9A5F7E2870737DC5596CD990,deepseek-v4-pro,deepseek-v4-pro,2026-08-15T12:28:32.917904+00:00,2026-08-15T12:29:06.338092+00:00,33.420188,False,True,True,True
6B3E1F08BEE1034B3B4996BF195680CCE4272A866195CD327EE28695E8043BFF,deepseek-v4-pro,deepseek-v4-pro,2026-08-15T13:14:58.056934+00:00,2026-08-15T13:15:55.938506+00:00,57.881572,False,False,True,False
6B66D14B9403B6C162DECF41659F4BC3E5E03242BB5B611E7AA7073032000B11,deepseek-v4-pro,deepseek-v4-pro,2026-08-15T12:27:32.888342+00:00,2026-08-15T12:27:54.039405+00:00,21.151063,False,True,True,True
6BEC7FEF5292C12888A51C598094DFF81A26073AFDE968A0BE190F18FBB7FC85,deepseek-v4-pro,deepseek-v4-pro,2026-08-15T13:11:16.300718+00:00,2026-08-15T13:11:46.394241+00:00,30.093523,False,False,True,False
6BEE8FF7FB7194691A4BF7B5CE4BB9CD4112A7297214E76EA34341C0EC01E328,deepseek-v4-pro,deepseek-v4-pro,2026-08-15T12:25:36.520950+00:00,2026-08-15T12:26:09.038219+00:00,32.517269,False,True,True,True
6C3C5FA6D3D960CE585FBD8402629D22BB2D956E5FB85F3E03FFC3DD9B86E63A,deepseek-v4-pro,deepseek-v4-pro,2026-08-15T13:18:15.251615+00:00,2026-08-15T13:19:03.710373+00:00,48.458758,False,False,True,False
6C51BF47A5BFD37A79117CB8A8D82C8667A3B96728307C98E5CB9DEE7686D40F,deepseek-v4-pro,deepseek-v4-pro,2026-08-15T11:59:07.941052+00:00,2026-08-15T11:59:40.223052+00:00,32.282,True,True,True,True
6C55A6AF31ADB5E7C5F46C3C9E4E87DEAA30060A8E840F972178DF31B1C247DA,deepseek-v4-pro,deepseek-v4-pro,2026-08-15T12:23:30.752569+00:00,2026-08-15T12:23:54.923950+00:00,24.171381,False,True,True,True
6C7255E582898A7E7230DC6D46237E78DBB1CDD45F4D6E817DD3B90C51E5ADFF,deepseek-v4-pro,deepseek-v4-pro,2026-08-15T13:10:45.680492+00:00,2026-08-15T13:11:15.977476+00:00,30.296984,False,False,True,False
6C9983467A6C6F370BCB886DF532ABD9693C40D47E25CF853A074EF5916D3004,deepseek-v4-pro,deepseek-v4-pro,2026-08-15T12:00:19.602714+00:00,2026-08-15T12:00:58.082154+00:00,38.47944,True,True,True,True
6C99AF5D85262484C4C7A3C85CEE1F0E104B26F8029E76D6D5BD89B1EC0FB491,deepseek-v4-pro,deepseek-v4-pro,2026-08-15T13:08:36.711694+00:00,2026-08-15T13:09:22.514126+00:00,45.802432,False,False,True,False
6CAAB1A7D9BD98A97E0819882227B27CC5A05348ADE72ABCA5BE723E51E7AC6F,deepseek-v4-pro,deepseek-v4-pro,2026-08-15T13:12:40.911871+00:00,2026-08-15T13:13:20.339864+00:00,39.427993,False,False,True,False
6CB083513DAA65FDC0076C90F49528D78BC6822F9C2C87DBB79510E8584A4CC9,deepseek-v4-pro,deepseek-v4-pro,2026-08-15T12:24:48.539215+00:00,2026-08-15T12:25:03.810095+00:00,15.27088,False,True,True,True
6CB4793EA7401F5B45B3D3F1A5589E6B5098F68F1D2BD4E8DF69BDB2BE223522,deepseek-v4-pro,deepseek-v4-pro,2026-08-15T11:59:14.071283+00:00,2026-08-15T11:59:39.065969+00:00,24.994686,True,True,True,True
6CF971EA4BDEA4D198A1DCBA6A557BEC9BB65C312E484F1A457D69B544959A31,deepseek-v4-pro,deepseek-v4-pro,2026-08-15T13:09:43.604100+00:00,2026-08-15T13:10:47.007560+00:00,63.40346,False,False,True,False
6D4134E610A18A5F9003AD5093BA4EF478A7CDCB3BE77E2C22C4D0F614BE50B8,deepseek-v4-pro,deepseek-v4-pro,2026-08-15T13:08:24.658512+00:00,2026-08-15T13:09:13.138202+00:00,48.47969,False,False,True,False
6DA31D50A8B419D50C787C3589EEDC4D4E1173EA810E25750016A92D1CA731F6,deepseek-v4-pro,deepseek-v4-pro,2026-08-15T13:14:09.706753+00:00,2026-08-15T13:14:47.805407+00:00,38.098654,False,False,True,False
6DDD1B1CC7BFC7117B93FB4BEC5EC4F4C270500CA6B33F27423697BEAD69D8B0,deepseek-v4-pro,deepseek-v4-pro,2026-08-15T12:03:40.752692+00:00,2026-08-15T12:04:39.678225+00:00,58.925533,True,True,True,True
6DE33A1136867938B6B5A1E83A9DC77A3122223BAFBCA73E6A83608637436511,deepseek-v4-pro,deepseek-v4-pro,2026-08-15T11:59:00.950021+00:00,2026-08-15T11:59:21.950067+00:00,21.000046,True,True,True,True
6E3276F4122F7EFDD9E6D52440627920E680B2622D9DB133A19C37F2F1E12522,deepseek-v4-pro,deepseek-v4-pro,2026-08-15T12:00:27.520793+00:00,2026-08-15T12:00:59.431968+00:00,31.911175,True,True,True,True
6E41AFB1B316134EEC70B97057497A60AC9AC43F5DAA5584F130877A44601AC4,deepseek-v4-pro,deepseek-v4-pro,2026-08-15T12:22:53.918875+00:00,2026-08-15T12:23:49.830757+00:00,55.911882,False,True,True,True
6E7D7C89911273E8319B6F17D990E45D1CF62B42F68E557E109C075484FE20C0,deepseek-v4-pro,deepseek-v4-pro,2026-08-15T12:04:57.273420+00:00,2026-08-15T12:05:24.435216+00:00,27.161796,True,True,True,True
6EE295ED2DB003CA53546EE63C07535FB7EDC7945F8436BB455805183C2D0B16,deepseek-v4-pro,deepseek-v4-pro,2026-08-15T11:58:42.553570+00:00,2026-08-15T11:59:14.674381+00:00,32.120811,True,True,True,True
6F218F4FCC09B629BF1F65201DC99C122E2A1529D3FC103D0C4D27DF9A444115,deepseek-v4-pro,deepseek-v4-pro,2026-08-15T12:04:51.697473+00:00,2026-08-15T12:05:25.594961+00:00,33.897488,True,True,True,True
6F52A9412374ABD9963725B482B79DFDD1FDD1E1FFB8680B2701315E7BD9FFB4,deepseek-v4-pro,deepseek-v4-pro,2026-08-15T11:58:42.550837+00:00,2026-08-15T11:59:28.061643+00:00,45.510806,True,True,True,True
6F58F48673FAAF13B6B98823A7D800287A0AEE103CE6A78536EF88A63B46F046,deepseek-v4-pro,deepseek-v4-pro,2026-08-15T13:07:52.480596+00:00,2026-08-15T13:08:16.796473+00:00,24.315877,False,False,True,False
6F6D6EC1EFF10698063EB71FC47599FE31EADD0B4D819D2FFACBC4B1F235FD5E,deepseek-v4-pro,deepseek-v4-pro,2026-08-15T12:27:09.021487+00:00,2026-08-15T12:27:55.082020+00:00,46.060533,False,True,True,True
6F728ACB59BA6E6BB7F778A8F9152E3FB32C169CF6D7D00DDC235886F66C5014,deepseek-v4-pro,deepseek-v4-pro,2026-08-15T13:17:51.856938+00:00,2026-08-15T13:18:19.258031+00:00,27.401093,False,False,True,False
6F9C8F18705512FCD239BA2489C999071266BFC4DCA98EEA3739F987A2E3118D,deepseek-v4-pro,deepseek-v4-pro,2026-08-15T13:08:45.472635+00:00,2026-08-15T13:09:26.250070+00:00,40.777435,False,False,True,False
6FC0883C27C0CD878A529EE98D3A05AED8B882EEB070F4352BD7F1865726E226,deepseek-v4-pro,deepseek-v4-pro,2026-08-15T13:16:46.417430+00:00,2026-08-15T13:17:05.448883+00:00,19.031453,False,False,True,False
6FE14965AED96149FEB32BD881662A5DA72266429AAB908A2B65A462D462BCCE,deepseek-v4-pro,deepseek-v4-pro,2026-08-15T13:10:51.565080+00:00,2026-08-15T13:10:59.288421+00:00,7.723341,False,False,True,False
6FFE64298C9E3FB14C36E4223A560F1787137CF1A9F53A63F2ED5CD7FB63FBB5,deepseek-v4-pro,deepseek-v4-pro,2026-08-15T12:27:43.934361+00:00,2026-08-15T12:28:06.036116+00:00,22.101755,False,True,True,True
70143C13C99A9A725B5CBFC558E29EF512DAE93E55489E5FFF03BCA20D20D741,deepseek-v4-pro,deepseek-v4-pro,2026-08-15T13:10:51.034007+00:00,2026-08-15T13:11:09.747716+00:00,18.713709,False,False,True,False
703FBEC589D720B68C7098ADF33735FFE8A295AB4E198C03D13035BECEF0496D,deepseek-v4-pro,deepseek-v4-pro,2026-08-15T12:26:11.586328+00:00,2026-08-15T12:26:55.256704+00:00,43.670376,False,True,True,True
70A900C7AE5D904FE476FD7C94C6BE714C2BCBE5909E369BACDF3CC29B720FDC,deepseek-v4-pro,deepseek-v4-pro,2026-08-15T11:58:42.584733+00:00,2026-08-15T11:59:23.653519+00:00,41.068786,True,True,True,True
70A9FED17D3501AC5311A67390DAC80A268056C2927F381CBAB0A41F68FD0701,deepseek-v4-pro,deepseek-v4-pro,2026-08-15T13:05:58.867620+00:00,2026-08-15T13:06:43.896131+00:00,45.028511,False,False,True,False
70F8D0311D5F4B970967E42B35A843777FA54C3CE97A5315726CB0343A58E64C,deepseek-v4-pro,deepseek-v4-pro,2026-08-15T12:03:36.145635+00:00,2026-08-15T12:04:28.155914+00:00,52.010279,True,True,True,True
7119286A6535F5F3136A0AE37DE616822AC3221EAFA37BC0E782542C4522150F,deepseek-v4-pro,deepseek-v4-pro,2026-08-15T12:23:32.561132+00:00,2026-08-15T12:24:28.816389+00:00,56.255257,False,True,True,True
7119FD92F65AC0DBB7B1719333B53B5E9D75912E82FBBC81DC6137678F439016,deepseek-v4-pro,deepseek-v4-pro,2026-08-15T13:13:01.266759+00:00,2026-08-15T13:13:43.482422+00:00,42.215663,False,False,True,False
7161237F3835F884305EBF4076DD9CB454435C58620EB37139AC187B94DED530,deepseek-v4-pro,deepseek-v4-pro,2026-08-15T13:13:01.095037+00:00,2026-08-15T13:13:44.984360+00:00,43.889323,False,False,True,False
7183072F58E7D4487BD9C291660D5C79B5492A75D18B7E3AE683CC075FC567D1,deepseek-v4-pro,deepseek-v4-pro,2026-08-15T12:24:45.562081+00:00,2026-08-15T12:25:30.712539+00:00,45.150458,False,True,True,True
718A8D43779D91610050AED156FCE9047F1D395BEEF7441184ECD3F62BA0CA42,deepseek-v4-pro,deepseek-v4-pro,2026-08-15T12:02:29.880692+00:00,2026-08-15T12:02:59.078461+00:00,29.197769,True,True,True,True
71993E77363A59EA78256A0D3BE04D3EBD08E0A5CECFDD295B01B0E8495E7E85,deepseek-v4-pro,deepseek-v4-pro,2026-08-15T12:28:13.904323+00:00,2026-08-15T12:28:51.436507+00:00,37.532184,False,True,True,True
71B11F786C4D21E2384E9DCB53ADE38BB19020D1D3FAE3C8770F324F3D842FE8,deepseek-v4-pro,deepseek-v4-pro,2026-08-15T12:26:42.092676+00:00,2026-08-15T12:27:09.010433+00:00,26.917757,False,True,True,True
72123A3D025DDBC2E14076AB0AFCD9A8AC2671652AB1A8299E55B470661D0CF3,deepseek-v4-pro,deepseek-v4-pro,2026-08-15T12:01:59.717927+00:00,2026-08-15T12:02:30.443146+00:00,30.725219,True,True,True,True
72172D3CD46D30B2A5923A0FAF9437144279672C9F71B29F347DF9784F659CB5,deepseek-v4-pro,deepseek-v4-pro,2026-08-15T12:24:01.309612+00:00,2026-08-15T12:24:18.011387+00:00,16.701775,False,True,True,True
7238D60A00CCF0D9C2F026E19A14BC55A3C5669D4A1B41D6435B745D8B5031C5,deepseek-v4-pro,deepseek-v4-pro,2026-08-15T13:08:18.086508+00:00,2026-08-15T13:08:55.410005+00:00,37.323497,False,False,True,False
72603153794964C42EEF79E54630003CBF74CE9BD0ADB97D8FC257A78932FCF8,deepseek-v4-pro,deepseek-v4-pro,2026-08-15T12:26:19.999140+00:00,2026-08-15T12:26:44.405526+00:00,24.406386,False,True,True,True
7282AC62C772F73D6FDF11DB5AAF47F0321959E3C358559DE6622AC1B25FD61E,deepseek-v4-pro,deepseek-v4-pro,2026-08-15T13:09:34.615422+00:00,2026-08-15T13:10:16.256385+00:00,41.640963,False,False,True,False
728447E179300B2333FB5A684CFF4010FD11E5A3C75E248B136DEA172456FB99,deepseek-v4-pro,deepseek-v4-pro,2026-08-15T13:07:49.744933+00:00,2026-08-15T13:08:13.106039+00:00,23.361106,False,False,True,False
72CDA08E7B31E0F52D3D5C129528E2050C8138DFC584AD649A0749A54359AF5E,deepseek-v4-pro,deepseek-v4-pro,2026-08-15T13:10:01.055660+00:00,2026-08-15T13:10:29.796091+00:00,28.740431,False,False,True,False
730CA212A5A7B9F2FF9BDD9D78554773E93153271408B66A9F5D945F56F27A84,deepseek-v4-pro,deepseek-v4-pro,2026-08-15T12:28:41.152060+00:00,2026-08-15T12:29:07.752139+00:00,26.600079,False,True,True,True
735D06C01AFF7D9787182908BA2D48D086C03701D8A96C3854824272342B7268,deepseek-v4-pro,deepseek-v4-pro,2026-08-15T13:13:08.350891+00:00,2026-08-15T13:13:38.635867+00:00,30.284976,False,False,True,False
735D819A029BCD24FDD5A2EE8113BAC77F291A0ACA903FEB579C30F7B4F2BCE6,deepseek-v4-pro,deepseek-v4-pro,2026-08-15T12:23:19.837968+00:00,2026-08-15T12:23:56.797977+00:00,36.960009,False,True,True,True
737A2F4F23B5C8FC4952F900B17102CC133BC4C82CC9E3CD7B61E16334FCE722,deepseek-v4-pro,deepseek-v4-pro,2026-08-15T11:59:54.913843+00:00,2026-08-15T12:00:27.512959+00:00,32.599116,True,True,True,True
738EF191B4AA0DDECB816FAE8B39A7EF92E49D5CE94A8F3B43D2AE7F787D5355,deepseek-v4-pro,deepseek-v4-pro,2026-08-15T13:12:52.468467+00:00,2026-08-15T13:13:24.689917+00:00,32.22145,False,False,True,False
73E53AE390292BF6DA09792A8AF6BADA0EBC0107A26313F1615F5C9F10CC80F1,deepseek-v4-pro,deepseek-v4-pro,2026-08-15T13:17:01.157328+00:00,2026-08-15T13:17:25.890152+00:00,24.732824,False,False,True,False
73E85088A362F704610B534E32C84851B3D2F7F81DC138F8DA809CA34CE11574,deepseek-v4-pro,deepseek-v4-pro,2026-08-15T13:17:57.520079+00:00,2026-08-15T13:18:44.067770+00:00,46.547691,False,False,True,False
73E9B7A88503DC45C09E755E4B41E374E958EF20F0E6FC08B4FD833588995A09,deepseek-v4-pro,deepseek-v4-pro,2026-08-15T11:59:50.293418+00:00,2026-08-15T12:00:20.816690+00:00,30.523272,True,True,True,True
7446833D62297027A50D78ED7E7E98C9121BAA26976A8F5A8E8B151E1EE9810D,deepseek-v4-pro,deepseek-v4-pro,2026-08-15T13:11:46.399031+00:00,2026-08-15T13:12:44.791149+00:00,58.392118,False,False,True,False
749A2C1535978420272018AB5BA1A0810CA2DA93C7E05A5D8F432294B40815BB,deepseek-v4-pro,deepseek-v4-pro,2026-08-15T12:03:13.132699+00:00,2026-08-15T12:03:51.520974+00:00,38.388275,True,True,True,True
74B7119B5E058D29B98420D8D7698CD33B5C7A4886BDBF8A1A88CE9D2D201CC3,deepseek-v4-pro,deepseek-v4-pro,2026-08-15T13:14:29.364273+00:00,2026-08-15T13:15:22.922965+00:00,53.558692,False,False,True,False
74C97BCB3924D274C03E709DF719E3BDDB4F3084B3269304D5645ECA7A454B24,deepseek-v4-pro,deepseek-v4-pro,2026-08-15T12:02:46.043782+00:00,2026-08-15T12:03:22.200584+00:00,36.156802,True,True,True,True
74D51488553F524AB7182C84510D8470C31A7D2AC2D01A51E6AFBD52E16DE2A1,deepseek-v4-pro,deepseek-v4-pro,2026-08-15T12:00:58.037261+00:00,2026-08-15T12:01:28.348090+00:00,30.310829,True,True,True,True
751717D4CE7C43C7BC59E9024FAD1E8EA32EAF2CAD41B66F7445C8BB85F2A8F5,deepseek-v4-pro,deepseek-v4-pro,2026-08-15T13:16:50.511247+00:00,2026-08-15T13:17:21.065120+00:00,30.553873,False,False,True,False
75367537DC1A629740ED3A53159BDDCD3AD4C69D32FE18954039478158836856,deepseek-v4-pro,deepseek-v4-pro,2026-08-15T13:05:28.339282+00:00,2026-08-15T13:06:06.723248+00:00,38.383966,False,False,True,False
75388329D0EA527D0C941B85E1A05706D9457530DBDFA6DF9D76E6CD2B8C66A9,deepseek-v4-pro,deepseek-v4-pro,2026-08-15T12:01:19.629616+00:00,2026-08-15T12:02:02.492351+00:00,42.862735,True,True,True,True
754CEC937CC451CEA8B0AD3DEFC6D17BC642924562249676C82C49559016A8DB,deepseek-v4-pro,deepseek-v4-pro,2026-08-15T12:02:24.859239+00:00,2026-08-15T12:02:55.985621+00:00,31.126382,True,True,True,True
75CEECED0C16D0276105D7CF12F6D6E0FB61695225F989AE3B026600ABA499AB,deepseek-v4-pro,deepseek-v4-pro,2026-08-15T13:08:04.316360+00:00,2026-08-15T13:08:43.071721+00:00,38.755361,False,False,True,False
75CF0A6BFBD2728C7228B35C080F266894E93C022310F919E4C96622B4D061CE,deepseek-v4-pro,deepseek-v4-pro,2026-08-15T12:02:01.615525+00:00,2026-08-15T12:02:55.301829+00:00,53.686304,True,True,True,True
75D7A455C85F6E764CC0F22AD7634659471E2B57E4503CD1A7A6E0E83BA64B27,deepseek-v4-pro,deepseek-v4-pro,2026-08-15T12:25:59.082208+00:00,2026-08-15T12:26:33.348036+00:00,34.265828,False,True,True,True
75DCCC28EC5AB81655BC1CCA42956157FE0793697B2148779F3E920F5B3A64C3,deepseek-v4-pro,deepseek-v4-pro,2026-08-15T13:14:34.036396+00:00,2026-08-15T13:14:59.704544+00:00,25.668148,False,False,True,False
75F48B724F7D0135E95485D24F9C48408067E4ECB6D5B771C49D26EC546747C1,deepseek-v4-pro,deepseek-v4-pro,2026-08-15T13:17:40.606332+00:00,2026-08-15T13:18:11.103608+00:00,30.497276,False,False,True,False
7602F08E9C8DFCAA61E5814F36D05028A544D23374A551FC6528F9D2BF090067,deepseek-v4-pro,deepseek-v4-pro,2026-08-15T12:24:10.612025+00:00,2026-08-15T12:24:47.980322+00:00,37.368297,False,True,True,True
7636D8F5CEC5B07D35394EC69157273846201B2AEDD943E6E7CD6D98FCB3B5AB,deepseek-v4-pro,deepseek-v4-pro,2026-08-15T12:29:23.347595+00:00,2026-08-15T12:29:57.271606+00:00,33.924011,False,True,True,True
7642C0A054ED65309829BF90BF0BAA34B90935B170A103D7B799EFEB45CE9877,deepseek-v4-pro,deepseek-v4-pro,2026-08-15T13:09:34.209673+00:00,2026-08-15T13:10:09.664480+00:00,35.454807,False,False,True,False
766110713BF1054B0F0DA330B7D82172DE42068A0C2AEFBACBABF02133EE1F8B,deepseek-v4-pro,deepseek-v4-pro,2026-08-15T12:23:22.194022+00:00,2026-08-15T12:23:51.948103+00:00,29.754081,False,True,True,True
76791AFEB9003C7CE7F9A243EC13DE1811DC5DF8EFD0485B00616B9B92EC41C9,deepseek-v4-pro,deepseek-v4-pro,2026-08-15T13:05:03.606317+00:00,2026-08-15T13:05:38.062778+00:00,34.456461,False,False,True,False
76987F7E4A9A68D3B6ED6E2E72011F70E2D63D0579AE53CFDE416C1A721172CE,deepseek-v4-pro,deepseek-v4-pro,2026-08-15T12:04:06.078541+00:00,2026-08-15T12:04:41.352005+00:00,35.273464,True,True,True,True
76BCAC512AEFAAF8F7ADACB977D3577EEDC5DDA502F5547EADC4996231D74A8C,deepseek-v4-pro,deepseek-v4-pro,2026-08-15T12:28:10.605380+00:00,2026-08-15T12:28:43.991183+00:00,33.385803,False,True,True,True
76D76DB82DD52D1CCA754CF98117B6CC3CADE795C6B23DD3FC4680F3CBC4889A,deepseek-v4-pro,deepseek-v4-pro,2026-08-15T13:05:49.162920+00:00,2026-08-15T13:06:24.437768+00:00,35.274848,False,False,True,False
76DDC2C059ECC3108074A846EF17E0A11EF0676135F955F77D9AC119CAD6BECE,deepseek-v4-pro,deepseek-v4-pro,2026-08-15T13:10:58.339536+00:00,2026-08-15T13:11:22.124550+00:00,23.785014,False,False,True,False
76EEF4284D6D2593692F628CAA24A7AD5617F18F94317196332E863839D97966,deepseek-v4-pro,deepseek-v4-pro,2026-08-15T13:11:51.473138+00:00,2026-08-15T13:12:28.302941+00:00,36.829803,False,False,True,False
773420984AD1B405B620127F412223C83927D641552A31ED0F0BC1593202F7C7,deepseek-v4-pro,deepseek-v4-pro,2026-08-15T13:11:45.390563+00:00,2026-08-15T13:12:26.338692+00:00,40.948129,False,False,True,False
774E5CAB8534B89E5053CC884B1BBF0AEF4BCEB7757034E3134999E24DBBB217,deepseek-v4-pro,deepseek-v4-pro,2026-08-15T13:12:01.664027+00:00,2026-08-15T13:12:44.497656+00:00,42.833629,False,False,True,False
7754DA9AD659A9EF4F1A7154F92CA4B84A656EFDE1045193BFADF533B544D42A,deepseek-v4-pro,deepseek-v4-pro,2026-08-15T12:22:53.974075+00:00,2026-08-15T12:23:33.797963+00:00,39.823888,False,True,True,True
77DB324D0DD269168C040DF2DAC6C0589704B2EB62C11EF0D5EDC7AFD78F5511,deepseek-v4-pro,deepseek-v4-pro,2026-08-15T13:09:24.065416+00:00,2026-08-15T13:10:19.688018+00:00,55.622602,False,False,True,False
7839A161ADE279EE690CA7E2FB820C6450FB18075D167B6BA40BE74BBA90A523,deepseek-v4-pro,deepseek-v4-pro,2026-08-15T12:04:39.683742+00:00,2026-08-15T12:05:10.302014+00:00,30.618272,True,True,True,True
7890A99ACEEB11771C57A38B045FC021D2F1F897A0145FD5DCF299512CCD9CA5,deepseek-v4-pro,deepseek-v4-pro,2026-08-15T13:06:48.265468+00:00,2026-08-15T13:07:47.668707+00:00,59.403239,False,False,True,False
78DA963422791FF37297838FB7A2BF67C9954196754F299B6D2B91727D958032,deepseek-v4-pro,deepseek-v4-pro,2026-08-15T13:15:17.013115+00:00,2026-08-15T13:15:50.860148+00:00,33.847033,False,False,True,False
7957653B03F9D5A65FC2F953D993F24A97D3E82D380634EFF95189982E88692F,deepseek-v4-pro,deepseek-v4-pro,2026-08-15T13:04:19.669766+00:00,2026-08-15T13:05:09.014913+00:00,49.345147,False,False,True,False
79CABE914B28A57AA6F1F647378F974324F017DEADDC4B4AAD6F46FD9F336490,deepseek-v4-pro,deepseek-v4-pro,2026-08-15T13:18:43.416953+00:00,2026-08-15T13:19:15.377412+00:00,31.960459,False,False,True,False
79F51163468A44E00E4B9362A5F42BCE9924A286F798F62B331781B3876310DA,deepseek-v4-pro,deepseek-v4-pro,2026-08-15T13:05:49.834785+00:00,2026-08-15T13:06:40.207840+00:00,50.373055,False,False,True,False
7A0A0F0362F3C2249402B704784E3968B746FD3DE90A6B3D3A02AE82F1DEA529,deepseek-v4-pro,deepseek-v4-pro,2026-08-15T13:07:32.159990+00:00,2026-08-15T13:08:07.854794+00:00,35.694804,False,False,True,False
7A5F57B06162859774F673A5100A8CA89F32394A11D151FE4EEB90A5FEE58059,deepseek-v4-pro,deepseek-v4-pro,2026-08-15T12:05:05.169950+00:00,2026-08-15T12:05:34.153888+00:00,28.983938,True,True,True,True
7A6EF0BCD0ACF4B213A5D2FFD7F14BBA712793E4605B13A13BF8CD30A27FB1BB,deepseek-v4-pro,deepseek-v4-pro,2026-08-15T13:17:59.531615+00:00,2026-08-15T13:18:31.368433+00:00,31.836818,False,False,True,False
7A8B373A09EC970D67A00FE9C74C72645C7286B683AAD3C7D814908DB6BD3915,deepseek-v4-pro,deepseek-v4-pro,2026-08-15T13:17:26.046561+00:00,2026-08-15T13:18:11.746591+00:00,45.70003,False,False,True,False
7AD8B552ED2272B5A8741756421A29AB87352447C2EAF7489DE426029BFADE3A,deepseek-v4-pro,deepseek-v4-pro,2026-08-15T12:03:37.191214+00:00,2026-08-15T12:04:12.604370+00:00,35.413156,True,True,True,True
7B5AF58037B44F2B31360CDEF2AED28F3D180F110E4CD12B0C6F4D0EEF29124F,deepseek-v4-pro,deepseek-v4-pro,2026-08-15T13:04:18.942778+00:00,2026-08-15T13:04:55.173629+00:00,36.230851,False,False,True,False
7BB39B162B68BDE215EE97AE6870CB86C7B18EF61CF3430F7016EE80D96CB64A,deepseek-v4-pro,deepseek-v4-pro,2026-08-15T11:58:42.546007+00:00,2026-08-15T11:59:15.598440+00:00,33.052433,True,True,True,True
7BE0D2E95051675754C1C1A02FE9581C782AF2176FB095C1E4E2E479916A9682,deepseek-v4-pro,deepseek-v4-pro,2026-08-15T13:06:35.232444+00:00,2026-08-15T13:07:03.622671+00:00,28.390227,False,False,True,False
7C5DE27D57D1A02F8F07C62C283F2C1F48DF8EC52BD509BBEE3567ACD1C26562,deepseek-v4-pro,deepseek-v4-pro,2026-08-15T13:17:06.470923+00:00,2026-08-15T13:17:55.872387+00:00,49.401464,False,False,True,False
7C733767A5094870D370459DE6C39BC85AB003AC0A5D1ACCB5AC53BD925A28B8,deepseek-v4-pro,deepseek-v4-pro,2026-08-15T12:02:33.512841+00:00,2026-08-15T12:03:00.165074+00:00,26.652233,True,True,True,True
7CAAD3C2153975B0AC00E6EFF52B10CF1B2FCD5D33BF85B51E7CAEA220FCBB00,deepseek-v4-pro,deepseek-v4-pro,2026-08-15T11:59:49.269747+00:00,2026-08-15T12:00:41.823390+00:00,52.553643,True,True,True,True
7CB2C0D035844CA2A941B3D40C6C1BB544B37817651839F3381B7F4FCDB905B0,deepseek-v4-pro,deepseek-v4-pro,2026-08-15T13:13:57.324659+00:00,2026-08-15T13:14:28.321989+00:00,30.99733,False,False,True,False
7CB6E24E9BA1F0518EA08054444572696CC4D314551ABEFB059C8ABB367A46C5,deepseek-v4-pro,deepseek-v4-pro,2026-08-15T12:24:14.078284+00:00,2026-08-15T12:24:48.542637+00:00,34.464353,False,True,True,True
7CD0DBBCF90BE02675F03D6C291A626D3606C4CAEE55F8F9F49D2149F0FFCA69,deepseek-v4-pro,deepseek-v4-pro,2026-08-15T12:29:28.383101+00:00,2026-08-15T12:29:58.056788+00:00,29.673687,False,True,True,True
7CF84B54550E41111FA1C205E239D0D952BAD43428FC3ED150A40F86037D4E05,deepseek-v4-pro,deepseek-v4-pro,2026-08-15T13:17:13.782022+00:00,2026-08-15T13:17:41.427767+00:00,27.645745,False,False,True,False
7D01440414A588AF366CCBF6EF19E423197195C7FBF5FAA83CF89D6A1F04DF03,deepseek-v4-pro,deepseek-v4-pro,2026-08-15T12:27:12.970814+00:00,2026-08-15T12:27:37.786721+00:00,24.815907,False,True,True,True
7D7BD5F44EFDB008375904B4BF8D122AD33EFD2595A5917CDF88EC8A27EDF260,deepseek-v4-pro,deepseek-v4-pro,2026-08-15T12:03:07.305370+00:00,2026-08-15T12:03:54.538421+00:00,47.233051,True,True,True,True
7D9708EE766A5074ECF527F1A49C9D7AEB52B5ECA31333E86138B35D499C9783,deepseek-v4-pro,deepseek-v4-pro,2026-08-15T12:02:12.740230+00:00,2026-08-15T12:02:26.698147+00:00,13.957917,True,True,True,True
7DB528AB615F7CD901FEDA817CF0F2FF1D75A255C5228A820D617F299605D701,deepseek-v4-pro,deepseek-v4-pro,2026-08-15T12:25:43.783241+00:00,2026-08-15T12:26:12.467562+00:00,28.684321,False,True,True,True
7E0D9E6D0E7E079C1B5D3C028D9F44132D27A67A139F995C86A860679C36EE29,deepseek-v4-pro,deepseek-v4-pro,2026-08-15T12:27:21.260641+00:00,2026-08-15T12:28:14.191191+00:00,52.93055,False,True,True,True
7E949246262AFE604312BB9ACC513BE72A6640C6731210D9D3D44E260FF6A78E,deepseek-v4-pro,deepseek-v4-pro,2026-08-15T13:17:50.179364+00:00,2026-08-15T13:18:23.216810+00:00,33.037446,False,False,True,False
7F00A45C21DE855632A5D059A8FF1F77D117D3A182AF4FBC19A747ED133B5770,deepseek-v4-pro,deepseek-v4-pro,2026-08-15T12:27:05.387749+00:00,2026-08-15T12:27:35.419039+00:00,30.03129,False,True,True,True
7F0255E037A5D24AE22C353414D2E321698DD6CE9A2BF59E0B70D083ACC8785A,deepseek-v4-pro,deepseek-v4-pro,2026-08-15T13:04:48.665462+00:00,2026-08-15T13:05:23.711849+00:00,35.046387,False,False,True,False
7F07217CA4418573CF8DA1A99109081AE834C916C343F5FF6190E141694D2D3B,deepseek-v4-pro,deepseek-v4-pro,2026-08-15T13:10:39.105238+00:00,2026-08-15T13:11:16.313649+00:00,37.208411,False,False,True,False
7F0BBCC6357A0D37366693196AEE2592B43628DB10A79DB6834A08513F228840,deepseek-v4-pro,deepseek-v4-pro,2026-08-15T13:09:56.473447+00:00,2026-08-15T13:10:39.328457+00:00,42.85501,False,False,True,False
7F3DA897FD909284790529F4CDAEBB3D5A339223AD736586F7CABC9787DEB008,deepseek-v4-pro,deepseek-v4-pro,2026-08-15T13:09:23.962211+00:00,2026-08-15T13:09:49.088566+00:00,25.126355,False,False,True,False
7F4F7F98E64F3A699C2E58FD6998A1049D5AE16BC7967CC18BB62380F1CA3980,deepseek-v4-pro,deepseek-v4-pro,2026-08-15T12:05:07.920431+00:00,2026-08-15T12:05:35.199488+00:00,27.279057,True,True,True,True
7F4F948ADBEAB933122561405534FF7025BE5051336A17438D50A54CFECB4813,deepseek-v4-pro,deepseek-v4-pro,2026-08-15T11:59:21.754059+00:00,2026-08-15T12:00:11.937894+00:00,50.183835,True,True,True,True
7F69C5469C2984B3E61E8628847053CB4139E2950D2C6160FBDAF5116E654546,deepseek-v4-pro,deepseek-v4-pro,2026-08-15T12:23:39.355902+00:00,2026-08-15T12:24:14.067799+00:00,34.711897,False,True,True,True
7F95BE8E587FF32DD263280F25E474840DA7937A45326586105FD24F0EB8C5A9,deepseek-v4-pro,deepseek-v4-pro,2026-08-15T12:23:32.328923+00:00,2026-08-15T12:24:09.500481+00:00,37.171558,False,True,True,True
7FFBCEF0D55EBE80D8A7707247DE693F5FAD8FCA54B8BA31D0DD85BF23749AC4,deepseek-v4-pro,deepseek-v4-pro,2026-08-15T13:07:01.740966+00:00,2026-08-15T13:07:49.738939+00:00,47.997973,False,False,True,False
80366CE15919D17EDB1DF558537604D6EEE8CBF87E3D9141618575E0394B66A8,deepseek-v4-pro,deepseek-v4-pro,2026-08-15T13:13:44.808148+00:00,2026-08-15T13:14:34.025763+00:00,49.217615,False,False,True,False
80458CA547ADAA8E86DD266E61D54247C2B57126A29651B7C5428EAA067C16C9,deepseek-v4-pro,deepseek-v4-pro,2026-08-15T13:05:34.640093+00:00,2026-08-15T13:06:08.900303+00:00,34.26021,False,False,True,False
806BCD22076C1D9D4E6D3E59C695F11D9D2918B8CF0CC2EB8F3B8219E77B32A6,deepseek-v4-pro,deepseek-v4-pro,2026-08-15T12:22:53.957352+00:00,2026-08-15T12:23:32.323424+00:00,38.366072,False,True,True,True
809FA35EDBA7498F2357EB06C74CDAAE82A6029551DDE6DF8F904D683AE76B62,deepseek-v4-pro,deepseek-v4-pro,2026-08-15T12:05:28.499056+00:00,2026-08-15T12:05:51.648677+00:00,23.149621,True,True,True,True
80B930FAE001BD1D18E7209CD3107E6669D9FC546A13139A368FF51499672AA6,deepseek-v4-pro,deepseek-v4-pro,2026-08-15T13:05:59.806673+00:00,2026-08-15T13:06:46.107122+00:00,46.300449,False,False,True,False
80F6E8DC713A3B81605B13EBF052B87FBA52A346E13ED05C2BB791DA3C9E0B80,deepseek-v4-pro,deepseek-v4-pro,2026-08-15T12:00:24.333565+00:00,2026-08-15T12:01:03.636323+00:00,39.302758,True,True,True,True
82015F157906633618BACEDB3358963FF9EFACA25AC49F90CE885AB731B80421,deepseek-v4-pro,deepseek-v4-pro,2026-08-15T13:12:24.913318+00:00,2026-08-15T13:12:47.920793+00:00,23.007475,False,False,True,False
82E320E55E60D14A209886FE301BF972849DE0712FB6F0F450CD1843C64D29A7,deepseek-v4-pro,deepseek-v4-pro,2026-08-15T13:10:38.772760+00:00,2026-08-15T13:11:09.877841+00:00,31.105081,False,False,True,False
82F8E82C118591102BA025188502DF974CB0517E1DEE4A48422535E50C876F16,deepseek-v4-pro,deepseek-v4-pro,2026-08-15T12:00:29.006491+00:00,2026-08-15T12:00:56.875752+00:00,27.869261,True,True,True,True
83208C976A6998C5CE53089DDAD1F462F8F98EEE2B55036227D1597EC3CE931D,deepseek-v4-pro,deepseek-v4-pro,2026-08-15T13:06:55.495827+00:00,2026-08-15T13:07:48.436472+00:00,52.940645,False,False,True,False
832FE90AF6B911E1C71F9627F7E3CF4077BFE7C8575490D34C5E11CD009F2F5C,deepseek-v4-pro,deepseek-v4-pro,2026-08-15T13:06:40.213071+00:00,2026-08-15T13:07:11.866272+00:00,31.653201,False,False,True,False
837A0BB10795EFBE3BF565D0B009E281EA768BCFFFB37D7DC38964BEC8531295,deepseek-v4-pro,deepseek-v4-pro,2026-08-15T12:26:54.673517+00:00,2026-08-15T12:27:39.995021+00:00,45.321504,False,True,True,True
838D33936B44F981BD88205227DC02F4D65BF894DB36173EBD10E23A851AF96D,deepseek-v4-pro,deepseek-v4-pro,2026-08-15T13:03:46.957775+00:00,2026-08-15T13:04:19.658145+00:00,32.70037,False,False,True,False
8394B1B3A868D4DD0452659096FB646C1975DDE3DD346E8CF9E9E608B4E178F7,deepseek-v4-pro,deepseek-v4-pro,2026-08-15T13:09:08.963363+00:00,2026-08-15T13:09:31.175640+00:00,22.212277,False,False,True,False
839EA3E9EE490801C8AFBDBB852D55E6FA634436A984FE99B6D7E267A6108E10,deepseek-v4-pro,deepseek-v4-pro,2026-08-15T12:25:35.054907+00:00,2026-08-15T12:26:07.922113+00:00,32.867206,False,True,True,True
83BCFF2C3653864AB331CF74019E683269699FF17F373E7C436BFE4E5C5F5FC5,deepseek-v4-pro,deepseek-v4-pro,2026-08-15T13:03:46.962671+00:00,2026-08-15T13:04:40.924070+00:00,53.961399,False,False,True,False
83D1015032026DFFD2DB541F782874EF08AAE33B8D557BF5E5999CD481FDF9D1,deepseek-v4-pro,deepseek-v4-pro,2026-08-15T12:05:05.716280+00:00,2026-08-15T12:05:35.546343+00:00,29.830063,True,True,True,True
83FA47661A9E0667119072855A9B87CC23B3161DD0523539ED735C49D1400A2D,deepseek-v4-pro,deepseek-v4-pro,2026-08-15T13:10:57.523128+00:00,2026-08-15T13:11:24.352412+00:00,26.829284,False,False,True,False
8426E9B8EAAC575D5417F0E8561A983D48ABEC42DD1A244C337A84C5728618D6,deepseek-v4-pro,deepseek-v4-pro,2026-08-15T12:25:57.117498+00:00,2026-08-15T12:26:28.383222+00:00,31.265724,False,True,True,True
842B8C7FB7B5664FF9663922DEFAFB9192243F4BCF8991A0AB56D2799EB7A0FD,deepseek-v4-pro,deepseek-v4-pro,2026-08-15T13:06:59.108355+00:00,2026-08-15T13:07:52.475396+00:00,53.367041,False,False,True,False
84404336515781CDB65F282338AE75F7864F99F7878EAED127FD1988E4E6A533,deepseek-v4-pro,deepseek-v4-pro,2026-08-15T13:10:33.167478+00:00,2026-08-15T13:11:12.527152+00:00,39.359674,False,False,True,False
8476279AC1B5979F0DEAD3A4D5A238A6869DCE916B756AA2F5BFD84D569AF251,deepseek-v4-pro,deepseek-v4-pro,2026-08-15T13:05:54.942386+00:00,2026-08-15T13:06:27.896687+00:00,32.954301,False,False,True,False
8480385772D46E117FB6E17CDFB54E4600A6A090EDE416C9BC8DFC68ABEF8F93,deepseek-v4-pro,deepseek-v4-pro,2026-08-15T13:10:29.800848+00:00,2026-08-15T13:10:55.822182+00:00,26.021334,False,False,True,False
84A74E689D8B33EBABA6DC964A23C825AF5FA5C97701920B523F60F656AA5A26,deepseek-v4-pro,deepseek-v4-pro,2026-08-15T13:04:30.415695+00:00,2026-08-15T13:05:11.146351+00:00,40.730656,False,False,True,False
84C7CC55F0C16C45FA38FD83F1828E28A72AA454969050A6A716E3EA5C3EA209,deepseek-v4-pro,deepseek-v4-pro,2026-08-15T12:00:56.880448+00:00,2026-08-15T12:01:29.351546+00:00,32.471098,True,True,True,True
84CB7D725066C7D3D35DD1CA4995A093A1521467C9E3D76FFCAD615A7EC253AA,deepseek-v4-pro,deepseek-v4-pro,2026-08-15T13:08:16.809309+00:00,2026-08-15T13:08:58.973815+00:00,42.164506,False,False,True,False
84DA6E800B982A368FC538BD7BC339FA3A2214B303904415EF95213B01A57389,deepseek-v4-pro,deepseek-v4-pro,2026-08-15T13:09:49.826740+00:00,2026-08-15T13:10:41.471519+00:00,51.644779,False,False,True,False
84EF1E9C2ECED143D07F1A5B37631E92362E66C090F7B6D0448CE37FE023C567,deepseek-v4-pro,deepseek-v4-pro,2026-08-15T11:59:55.606272+00:00,2026-08-15T12:00:19.597620+00:00,23.991348,True,True,True,True
84FBA5EB52A7846C7C29D8FE042E31E0EE928E3959A33C006B5D3438D14BEEC7,deepseek-v4-pro,deepseek-v4-pro,2026-08-15T13:03:46.997293+00:00,2026-08-15T13:04:30.412289+00:00,43.414996,False,False,True,False
853F453EF4883A26B67BC2F837E841F1877AFC1F4E98DC8615B29380608B600E,deepseek-v4-pro,deepseek-v4-pro,2026-08-15T13:06:57.158652+00:00,2026-08-15T13:07:35.813601+00:00,38.654949,False,False,True,False
855C74AEE51CE8916DBF6D935340CED649E23900575E6283C22C8E9F292790BF,deepseek-v4-pro,deepseek-v4-pro,2026-08-15T13:05:53.263294+00:00,2026-08-15T13:06:37.516883+00:00,44.253589,False,False,True,False
8570C38C493D5EC52DFA20B77230AE122F2D6DF742B924A181027F6222CEAE40,deepseek-v4-pro,deepseek-v4-pro,2026-08-15T12:03:58.348464+00:00,2026-08-15T12:04:44.889470+00:00,46.541006,True,True,True,True
859FD089A20C0A88F5B4BE9F165173C2E051D05691177BA3C260DE26EB2B6FEC,deepseek-v4-pro,deepseek-v4-pro,2026-08-15T13:17:13.192716+00:00,2026-08-15T13:18:04.866188+00:00,51.673472,False,False,True,False
85A33155D74125BC377260747A7EB3E59010D9F44758CB722FD43B4E47BD6571,deepseek-v4-pro,deepseek-v4-pro,2026-08-15T13:04:36.385176+00:00,2026-08-15T13:05:18.108857+00:00,41.723681,False,False,True,False
85D470FD72037B70DD140511E21491C18F17B306676AC059D5D196C4F9A38295,deepseek-v4-pro,deepseek-v4-pro,2026-08-15T12:22:53.912438+00:00,2026-08-15T12:23:22.188807+00:00,28.276369,False,True,True,True
85ED96AE821FD612505BFCB6488633058B0B8F660E02B3CCC9B126B455E25786,deepseek-v4-pro,deepseek-v4-pro,2026-08-15T13:13:33.778025+00:00,2026-08-15T13:14:35.463168+00:00,61.685143,False,False,True,False
85F736CA8BB35068D70C65A13811C0C00057EBE4D864AA700F0B6FB8120F288D,deepseek-v4-pro,deepseek-v4-pro,2026-08-15T12:27:17.289882+00:00,2026-08-15T12:27:58.915667+00:00,41.625785,False,True,True,True
85F8795044DD8EDC167DFDC75ADF1BFB6C542601925FDBED8A9CA38D7F5F3032,deepseek-v4-pro,deepseek-v4-pro,2026-08-15T12:24:06.524029+00:00,2026-08-15T12:24:36.617443+00:00,30.093414,False,True,True,True
86188C808242264EC3547379E34A08DFA3CD82433F92189B5290137421B7B502,deepseek-v4-pro,deepseek-v4-pro,2026-08-15T12:01:47.772724+00:00,2026-08-15T12:02:33.890039+00:00,46.117315,True,True,True,True
86369ACBAB4E6F9C243B5A16B871E52EB38627007D8BA17BFF8058E8D7930C2E,deepseek-v4-pro,deepseek-v4-pro,2026-08-15T12:03:00.170427+00:00,2026-08-15T12:03:31.985264+00:00,31.814837,True,True,True,True
865C08148A82A440C752560851424CEE58726360A7519FDD9DE5577081332494,deepseek-v4-pro,deepseek-v4-pro,2026-08-15T11:58:42.565538+00:00,2026-08-15T11:59:11.575059+00:00,29.009521,True,True,True,True
86825FBE9D7BC79F3D37C7D74266E8EE683470AA002D034B04023D931F797C29,deepseek-v4-pro,deepseek-v4-pro,2026-08-15T12:04:04.931915+00:00,2026-08-15T12:04:43.179739+00:00,38.247824,True,True,True,True
86B69B020E1092337384EC38C78C0E48D7AA43F6FB8D1F364EA4C0BBFB1076E3,deepseek-v4-pro,deepseek-v4-pro,2026-08-15T13:09:27.564499+00:00,2026-08-15T13:10:01.050337+00:00,33.485838,False,False,True,False
86CC6D9F858473B147A9D24FC16B32BE46B5A73E7BEFACF2C5EB75DED6FD34D8,deepseek-v4-pro,deepseek-v4-pro,2026-08-15T12:26:58.118062+00:00,2026-08-15T12:27:28.605698+00:00,30.487636,False,True,True,True
86D7C78A375E3968C040CFCAC8CD03A34C5CECD1EE69BFF26890EADE9B3710A1,deepseek-v4-pro,deepseek-v4-pro,2026-08-15T12:27:40.007913+00:00,2026-08-15T12:28:08.080298+00:00,28.072385,False,True,True,True
87393AA2024FE20A0F554971677D14F089B5C6C88788B5A7B111A0589949936F,deepseek-v4-pro,deepseek-v4-pro,2026-08-15T13:06:30.963853+00:00,2026-08-15T13:06:50.678769+00:00,19.714916,False,False,True,False
8746765CC0C571042642936E4676B74E544196152CAA35B94E6CE26B8381821D,deepseek-v4-pro,deepseek-v4-pro,2026-08-15T13:18:28.297427+00:00,2026-08-15T13:18:57.371518+00:00,29.074091,False,False,True,False
87F1A1E58BD75A3CF2E3561E2C300C0C48532F5FF70B61934F912CBB60136BA4,deepseek-v4-pro,deepseek-v4-pro,2026-08-15T12:03:53.042827+00:00,2026-08-15T12:04:33.072929+00:00,40.030102,True,True,True,True
87F2C382E65434449F28B6262A9121C6B0A276B8B15CC4040A65C14654F3FA37,deepseek-v4-pro,deepseek-v4-pro,2026-08-15T13:14:30.179866+00:00,2026-08-15T13:15:09.763179+00:00,39.583313,False,False,True,False
88096FFBFB0A7B39E8ED12AD825B3AA90225A3A87B0DAA29D3E66E74D1DDACBC,deepseek-v4-pro,deepseek-v4-pro,2026-08-15T12:27:29.792311+00:00,2026-08-15T12:28:13.085799+00:00,43.293488,False,True,True,True
885173EEE6CF1213329E51E694C83690ACC1B25798AAAC06EEADB1585F22BDA8,deepseek-v4-pro,deepseek-v4-pro,2026-08-15T12:04:00.298616+00:00,2026-08-15T12:04:38.543465+00:00,38.244849,True,True,True,True
8896B0C821DEF92D8DB70C7E7A035CB6595E98C75387E02FA3D45BE3E07A4DE8,deepseek-v4-pro,deepseek-v4-pro,2026-08-15T11:58:42.529676+00:00,2026-08-15T11:59:06.684371+00:00,24.154695,True,True,True,True
889F5346731EBDDD877DB116086A3010C3A41744D4FC75E7BF6CD63EEDAF3DED,deepseek-v4-pro,deepseek-v4-pro,2026-08-15T12:22:53.959245+00:00,2026-08-15T12:23:20.700648+00:00,26.741403,False,True,True,True
88DCE67687713D92111F6580CE5BCF8AEEBB54ECAD1D95888E58FA8ED3314018,deepseek-v4-pro,deepseek-v4-pro,2026-08-15T13:04:13.952737+00:00,2026-08-15T13:04:38.744957+00:00,24.79222,False,False,True,False
89027DA9A734BF61A64F9F8DA150563391C4BBE54F8E26B471E52820668156A5,deepseek-v4-pro,deepseek-v4-pro,2026-08-15T12:02:55.993029+00:00,2026-08-15T12:03:09.111593+00:00,13.118564,True,True,True,True
8924CE87D9989C2A44D9DEDD5BB82E267DF2AF78191422574DFC2B2E67D4746B,deepseek-v4-pro,deepseek-v4-pro,2026-08-15T13:12:01.925336+00:00,2026-08-15T13:12:42.790080+00:00,40.864744,False,False,True,False
893EE48976773ABBFBC3B6791BE27294FD5B9BCC162EC19D15958A16E8AE2DC6,deepseek-v4-pro,deepseek-v4-pro,2026-08-15T13:06:02.111719+00:00,2026-08-15T13:06:43.638191+00:00,41.526472,False,False,True,False
896EFC34B5664578BAFB82014A714E81EAA840759A4B6A1E857D9EE566656F30,deepseek-v4-pro,deepseek-v4-pro,2026-08-15T13:12:31.084656+00:00,2026-08-15T13:13:12.565758+00:00,41.481102,False,False,True,False
897913BF0865BEA2CCD68266F2BF8FA252661E98503ECF6CB93F18ED7F87BB52,deepseek-v4-pro,deepseek-v4-pro,2026-08-15T12:04:09.037252+00:00,2026-08-15T12:04:51.676002+00:00,42.63875,True,True,True,True
89AB03EAC2063EE92F58C4324DB9E5CA1182A8C8B7869B41364AE09D858354D4,deepseek-v4-pro,deepseek-v4-pro,2026-08-15T12:05:29.292367+00:00,2026-08-15T12:06:08.267155+00:00,38.974788,True,True,True,True
89C0F6D83312B265B71F87491E38A2579241A99BBBA676764B6ED647A05C5AEC,deepseek-v4-pro,deepseek-v4-pro,2026-08-15T12:05:07.934526+00:00,2026-08-15T12:05:31.892810+00:00,23.958284,True,True,True,True
89ED8D7D3D14D0A27DCB238BC6F5109ACABB8397303EF0A4D995A5786C8A386D,deepseek-v4-pro,deepseek-v4-pro,2026-08-15T13:18:32.421632+00:00,2026-08-15T13:19:35.452207+00:00,63.030575,False,False,True,False
8AA6B89BBF41031F7F95F1CE9B2AC32FA58BC881C98BD78DEBA4C4D549C6D25F,deepseek-v4-pro,deepseek-v4-pro,2026-08-15T13:15:13.677517+00:00,2026-08-15T13:15:37.120554+00:00,23.443037,False,False,True,False
8B214CBC2136CEFE1B8125A4F3AACB7C292A64ECDF5A77E24E958B098DEF892E,deepseek-v4-pro,deepseek-v4-pro,2026-08-15T12:24:59.642144+00:00,2026-08-15T12:25:33.695998+00:00,34.053854,False,True,True,True
8B311D8A8FD090D52FBD099B76A3F2BE96F1854FAE0B31F8B7AFAA8AB539CAFB,deepseek-v4-pro,deepseek-v4-pro,2026-08-15T12:28:52.631874+00:00,2026-08-15T12:29:28.378095+00:00,35.746221,False,True,True,True
8B604BB73D062BC095D581D27135329F2C2CE5163C7DF8DA9E2B04EC924FE521,deepseek-v4-pro,deepseek-v4-pro,2026-08-15T12:27:23.250557+00:00,2026-08-15T12:28:18.035308+00:00,54.784751,False,True,True,True
8B7B732DDEF41055795A740CB90503685C3ECF96E81D05B65951A7C5C4AB3159,deepseek-v4-pro,deepseek-v4-pro,2026-08-15T12:24:53.464910+00:00,2026-08-15T12:25:40.444181+00:00,46.979271,False,True,True,True
8B7FCFC793623992C9FB4DC5A0638BB9BF42C27DA93119407FD1B73BF27A327D,deepseek-v4-pro,deepseek-v4-pro,2026-08-15T12:28:44.001606+00:00,2026-08-15T12:29:17.613620+00:00,33.612014,False,True,True,True
8B893848BDA254F2938C76BFE731622685EE92EE86B804824565EB69F319C00A,deepseek-v4-pro,deepseek-v4-pro,2026-08-15T12:04:55.837651+00:00,2026-08-15T12:05:28.493394+00:00,32.655743,True,True,True,True
8C12A3DEE31859A7BEC24C785792D04BC15D58C789014D916D5B768721EB1E84,deepseek-v4-pro,deepseek-v4-pro,2026-08-15T12:00:29.659477+00:00,2026-08-15T12:00:59.728008+00:00,30.068531,True,True,True,True
8C28E5154BAEB3DB26F9276B78013024D7FFF711BE93D3407AAB93CEA020C09D,deepseek-v4-pro,deepseek-v4-pro,2026-08-15T13:09:21.964562+00:00,2026-08-15T13:10:09.961214+00:00,47.996652,False,False,True,False
8C9A79207EEB9675EE0BD513F4B5C999DD7C1081BFB34B876030BAEC9D6EB3EB,deepseek-v4-pro,deepseek-v4-pro,2026-08-15T12:23:15.599335+00:00,2026-08-15T12:24:05.433146+00:00,49.833811,False,True,True,True
8C9B11BF4B2D4680ECD4324E2DD9086754C846CCFAC450D0E7001C533F3B3C35,deepseek-v4-pro,deepseek-v4-pro,2026-08-15T13:18:30.822865+00:00,2026-08-15T13:18:57.373524+00:00,26.550659,False,False,True,False
8CBD5FEC40D066822CD75BDC29872EEAE8CD1BE9291058E79A16B6AA2144552E,deepseek-v4-pro,deepseek-v4-pro,2026-08-15T12:29:21.712638+00:00,2026-08-15T12:29:51.501122+00:00,29.788484,False,True,True,True
8CBE36047BD9A32876039954E34E1714476D756DB93BAC260BFBEA08996E383D,deepseek-v4-pro,deepseek-v4-pro,2026-08-15T12:26:55.262421+00:00,2026-08-15T12:27:25.296208+00:00,30.033787,False,True,True,True
8CD1D5BE286CE90889E4D565114FCAF80896D1ECABDFA5AA17AFC7211C425007,deepseek-v4-pro,deepseek-v4-pro,2026-08-15T13:13:00.867882+00:00,2026-08-15T13:13:35.041389+00:00,34.173507,False,False,True,False
8D66B43D2E8EF0EA949FCFFE5A8BCF011B46D0C87AD079721AD4B7560B9C0F7D,deepseek-v4-pro,deepseek-v4-pro,2026-08-15T13:13:44.003680+00:00,2026-08-15T13:14:31.847864+00:00,47.844184,False,False,True,False
8D6861D749DFBCF6D61DCEBF2FCCE60D182E9DD8EB872793F1083E97FC0F7277,deepseek-v4-pro,deepseek-v4-pro,2026-08-15T13:07:47.674439+00:00,2026-08-15T13:08:39.051231+00:00,51.376792,False,False,True,False
8D6C497AC49F1DD1BD05D458E09A6A08CE2A2D491F025372CAC0171D1EC376DF,deepseek-v4-pro,deepseek-v4-pro,2026-08-15T12:01:32.155728+00:00,2026-08-15T12:02:07.050530+00:00,34.894802,True,True,True,True
8D8FE533EFDC9F91024811C3309DF4A8A80F3BDBB7F73CD97DA5AF2FC9257E44,deepseek-v4-pro,deepseek-v4-pro,2026-08-15T13:08:30.445756+00:00,2026-08-15T13:09:12.995557+00:00,42.549801,False,False,True,False
8D9328EA44BFD487D8D5FD811CE8195DEBA9052BF355B60D1D28505114167282,deepseek-v4-pro,deepseek-v4-pro,2026-08-15T12:24:05.118309+00:00,2026-08-15T12:24:37.869617+00:00,32.751308,False,True,True,True
8DB0EE8D5CDF406393FB279EF6457C860E031110A3AD574602B2FADB7E9A053B,deepseek-v4-pro,deepseek-v4-pro,2026-08-15T12:02:42.685617+00:00,2026-08-15T12:03:00.585262+00:00,17.899645,True,True,True,True
8DD71C696DB577FF5D91AA4BFA14CC96F34A3B907E81A18E7929CBE48E87643A,deepseek-v4-pro,deepseek-v4-pro,2026-08-15T13:07:25.726654+00:00,2026-08-15T13:07:59.392430+00:00,33.665776,False,False,True,False
8DD9C8411C2D9D804CC13D18B18F3E36605FA75200AF8F697984A51277B537BA,deepseek-v4-pro,deepseek-v4-pro,2026-08-15T13:06:16.948279+00:00,2026-08-15T13:06:57.145166+00:00,40.196887,False,False,True,False
8DE268148FA6CD25BC81BA7C0699425D36D64363B7631A41D564E36C021E8221,deepseek-v4-pro,deepseek-v4-pro,2026-08-15T13:04:05.899769+00:00,2026-08-15T13:04:44.695439+00:00,38.79567,False,False,True,False
8E0D570161C9473EE40749778C40BE5153F4B543797AC047139A44975421C182,deepseek-v4-pro,deepseek-v4-pro,2026-08-15T13:08:55.799985+00:00,2026-08-15T13:09:32.144649+00:00,36.344664,False,False,True,False
8E23CB56DDA62CFFA65B8A3A50C26396A89EDEB8447CD769587EDF2833B9DC29,deepseek-v4-pro,deepseek-v4-pro,2026-08-15T12:02:46.362816+00:00,2026-08-15T12:03:07.299891+00:00,20.937075,True,True,True,True
8E66D8CBD0D6849E50C12F0C594290432EDF5B86C5979EC2DB989FB3B3BF5C2D,deepseek-v4-pro,deepseek-v4-pro,2026-08-15T13:15:15.038079+00:00,2026-08-15T13:15:43.146978+00:00,28.108899,False,False,True,False
8E6CDE7CC076B477276DA432BBE73FE252243D4C9C57EA5DA3DD58F444B9E544,deepseek-v4-pro,deepseek-v4-pro,2026-08-15T12:24:38.664782+00:00,2026-08-15T12:25:14.736585+00:00,36.071803,False,True,True,True
8EA1AFCB96F958F1D94B459DB9ED82B822935E6D94CC25DF2D5CA9A41AE5987E,deepseek-v4-pro,deepseek-v4-pro,2026-08-15T12:00:56.867965+00:00,2026-08-15T12:01:35.035612+00:00,38.167647,True,True,True,True
8EB8AE9F5F3DFABA639214588F235BF00F681762C511D9E0A885127F3263F9E7,deepseek-v4-pro,deepseek-v4-pro,2026-08-15T11:58:42.518823+00:00,2026-08-15T11:59:14.058291+00:00,31.539468,True,True,True,True
8EDD1D7CAAECBEE64B5C85B3556A12747210CC6E8031F704F11BB72DE587267C,deepseek-v4-pro,deepseek-v4-pro,2026-08-15T13:08:31.921238+00:00,2026-08-15T13:09:08.957397+00:00,37.036159,False,False,True,False
8EDDC25EEC0F852D89A40D181F1D642D4CCB76D5BDCC2E11F4D67603F2D8200D,deepseek-v4-pro,deepseek-v4-pro,2026-08-15T12:25:22.948149+00:00,2026-08-15T12:25:52.739848+00:00,29.791699,False,True,True,True
8EE48E8CAFE800683BD2BB9578274A99503F34E919880BBF11563E21EF143CC8,deepseek-v4-pro,deepseek-v4-pro,2026-08-15T13:04:45.821321+00:00,2026-08-15T13:05:17.131992+00:00,31.310671,False,False,True,False
8F52A08BA1716A11E1249EE7604F17E9C5161140EDF8F98504CBD1A53A0E8E28,deepseek-v4-pro,deepseek-v4-pro,2026-08-15T13:03:46.973097+00:00,2026-08-15T13:04:34.180032+00:00,47.206935,False,False,True,False
8F596EB90D1EC954467DD4BA27D0E9962D6D7A606AA4D59E0308725C491830FE,deepseek-v4-pro,deepseek-v4-pro,2026-08-15T12:24:16.118311+00:00,2026-08-15T12:24:59.665976+00:00,43.547665,False,True,True,True
8F81C7DA1FEC8391C865D40EF71DBC526969B4A37454B388C2E2A9F9A431CB93,deepseek-v4-pro,deepseek-v4-pro,2026-08-15T12:23:31.972896+00:00,2026-08-15T12:24:01.305062+00:00,29.332166,False,True,True,True
8F8C75386002AEF641FCC2F57887BEC46313CE966E740713DAC7307A97C821FC,deepseek-v4-pro,deepseek-v4-pro,2026-08-15T13:08:11.245630+00:00,2026-08-15T13:08:36.703624+00:00,25.457994,False,False,True,False
8FA3A3FB37944B19C315E95028143D061C3B5A408B1865461BF95BF525481652,deepseek-v4-pro,deepseek-v4-pro,2026-08-15T12:25:02.089532+00:00,2026-08-15T12:25:30.930306+00:00,28.840774,False,True,True,True
8FD4B63C592168F02EE10C1E038B770B40FE37ADB8DFE4635A4F78FDAF790E97,deepseek-v4-pro,deepseek-v4-pro,2026-08-15T13:14:50.528363+00:00,2026-08-15T13:15:21.380035+00:00,30.851672,False,False,True,False
9007794A17FF4E81B91728FEB84CF539BF92C311AC459DC74FB8F61D54EC5BB7,deepseek-v4-pro,deepseek-v4-pro,2026-08-15T13:09:47.913755+00:00,2026-08-15T13:10:10.593292+00:00,22.679537,False,False,True,False
900E8AF2CF543EF3D3252F2059DC9552858CC4D11B5D8EFE894A9CF6DBA2EDED,deepseek-v4-pro,deepseek-v4-pro,2026-08-15T13:08:03.285309+00:00,2026-08-15T13:08:28.084342+00:00,24.799033,False,False,True,False
900F1C85F6B82632EC26C4F3B98AE5A4AFBF6E3EDFFC8F23E0C394732B9FBDA8,deepseek-v4-pro,deepseek-v4-pro,2026-08-15T12:23:23.229727+00:00,2026-08-15T12:24:00.148542+00:00,36.918815,False,True,True,True
9011EB2D14F19797440ADBA6152F67286AD5526EE282EB77341F70915B92798C,deepseek-v4-pro,deepseek-v4-pro,2026-08-15T11:58:42.560306+00:00,2026-08-15T11:59:27.228801+00:00,44.668495,True,True,True,True
904FA51450C1DB314B67C034DAD68CE6EE7706C70406F9BE7A204F0D33B67562,deepseek-v4-pro,deepseek-v4-pro,2026-08-15T13:06:23.844638+00:00,2026-08-15T13:07:01.637953+00:00,37.793315,False,False,True,False
905760DC6646E37469F7D7DF1E723FAE4C6C35313F5A65CAA596BB231AE5140E,deepseek-v4-pro,deepseek-v4-pro,2026-08-15T11:57:43.397203+00:00,2026-08-15T11:58:42.446757+00:00,59.049554,True,True,True,True
908CF53312EA1879ACDA7ED4C5314C2B86DABAEAE2350EAE5BE9D95B8DCA27A3,deepseek-v4-pro,deepseek-v4-pro,2026-08-15T13:10:08.286721+00:00,2026-08-15T13:11:18.494721+00:00,70.208,False,False,True,False
90B80687EECD02AEC842A88C9F8B9406347E9CD328B49AF848E3EF45F3302EF8,deepseek-v4-pro,deepseek-v4-pro,2026-08-15T12:25:38.730280+00:00,2026-08-15T12:25:55.894247+00:00,17.163967,False,True,True,True
90E6A15F94BAB1820E4E03C900EC0ABE48A9EDA46A72CD63060629FAB8864DEA,deepseek-v4-pro,deepseek-v4-pro,2026-08-15T13:07:08.114281+00:00,2026-08-15T13:07:46.362860+00:00,38.248579,False,False,True,False
90F2DF9AE5D9303FC6743D59D06ADF1148A85076BC4741B202A90AEAEC19004D,deepseek-v4-pro,deepseek-v4-pro,2026-08-15T11:58:42.574700+00:00,2026-08-15T11:59:28.552979+00:00,45.978279,True,True,True,True
913E272A176AF7C92D67A9F4404663AEF529EDEEDC2C94F0F1B25A3D53B1BB99,deepseek-v4-pro,deepseek-v4-pro,2026-08-15T13:18:35.911124+00:00,2026-08-15T13:19:13.150621+00:00,37.239497,False,False,True,False
9142A48F545C5446766A8ADE15FC4DF6D298CA9BE9BC977467CA87C6AAAF65C3,deepseek-v4-pro,deepseek-v4-pro,2026-08-15T12:04:48.173304+00:00,2026-08-15T12:05:28.935217+00:00,40.761913,True,True,True,True
914653A43B92ABEFA0925469CBD52C14D277C9A37FF2F864385B0EE85D472663,deepseek-v4-pro,deepseek-v4-pro,2026-08-15T13:04:45.972154+00:00,2026-08-15T13:05:35.999401+00:00,50.027247,False,False,True,False
915BF8321A40506F251E9D10B1177C86689AAE30E977C99A9E949E3FB3F3024E,deepseek-v4-pro,deepseek-v4-pro,2026-08-15T12:25:09.396618+00:00,2026-08-15T12:25:36.882499+00:00,27.485881,False,True,True,True
91AA90124EB18683244BE7FB94A58B2DA7133775004FE53FB0D95EDA5363D279,deepseek-v4-pro,deepseek-v4-pro,2026-08-15T12:00:09.308125+00:00,2026-08-15T12:00:29.651439+00:00,20.343314,True,True,True,True
91B930822574C8DCDE30F6F55531597FFC2C72AC3D87E19CAC74B5A031A29DFB,deepseek-v4-pro,deepseek-v4-pro,2026-08-15T13:14:13.268339+00:00,2026-08-15T13:14:52.129883+00:00,38.861544,False,False,True,False
91C266FD8F0A7C15BCA61ABA333B8F689C8B8C25A04B4766896848CB1C7B579A,deepseek-v4-pro,deepseek-v4-pro,2026-08-15T13:05:09.019654+00:00,2026-08-15T13:05:46.597484+00:00,37.57783,False,False,True,False
91D6AE2C0533B4EFD7D832BE15D7837D1EE15C1691C1CA827F83B2FF4A1C5B99,deepseek-v4-pro,deepseek-v4-pro,2026-08-15T12:05:25.600945+00:00,2026-08-15T12:05:57.113741+00:00,31.512796,True,True,True,True
923C405A417F417EF0999BAFED771F7E4C7F8B32432C74989B894EBD3F32A8D1,deepseek-v4-pro,deepseek-v4-pro,2026-08-15T12:03:50.084152+00:00,2026-08-15T12:04:18.786948+00:00,28.702796,True,True,True,True
9249FD7AA93F2C8C3B7049F95EF7F1C86C5638FB681C14C9AF189739310F2A3E,deepseek-v4-pro,deepseek-v4-pro,2026-08-15T13:07:37.401940+00:00,2026-08-15T13:08:42.683429+00:00,65.281489,False,False,True,False
92A18EB3EFC5C1211AC7EB4EB1463F83F9BFDE7FA33D56D0074AB6D0BC7617AD,deepseek-v4-pro,deepseek-v4-pro,2026-08-15T12:25:13.455693+00:00,2026-08-15T12:25:49.109520+00:00,35.653827,False,True,True,True
92C80314D69EE93315C0D6F4D7EA5C9E850FE87320E37ED6F11AF865E6C097C4,deepseek-v4-pro,deepseek-v4-pro,2026-08-15T12:00:12.666899+00:00,2026-08-15T12:00:48.161537+00:00,35.494638,True,True,True,True
92CCE47C305350B5B27B3085FCD50CC2A8654EC1A9928D4ED0167DDFB424B6AA,deepseek-v4-pro,deepseek-v4-pro,2026-08-15T13:09:39.310836+00:00,2026-08-15T13:09:56.045280+00:00,16.734444,False,False,True,False
92CDB8CB8A3802945C2645DED75800129C877A837A84D124B49E464196848B89,deepseek-v4-pro,deepseek-v4-pro,2026-08-15T12:27:21.944468+00:00,2026-08-15T12:27:51.766556+00:00,29.822088,False,True,True,True
92D4D040E63683DB8CAAA9B2A95378470745631BA3577F59E9610B049BFC6CBC,deepseek-v4-pro,deepseek-v4-pro,2026-08-15T12:04:12.608742+00:00,2026-08-15T12:04:42.226856+00:00,29.618114,True,True,True,True
92D7E2FC3010A162774DB4679849FE6FFAFBF2A80E51CA98B00697DDA1AA75BC,deepseek-v4-pro,deepseek-v4-pro,2026-08-15T12:00:35.575681+00:00,2026-08-15T12:00:59.208025+00:00,23.632344,True,True,True,True
934B52D3B7EF2050836F0CC9D25C082F8C8E675CC295033A1D72A09CAF19EE84,deepseek-v4-pro,deepseek-v4-pro,2026-08-15T12:24:32.179243+00:00,2026-08-15T12:25:02.535176+00:00,30.355933,False,True,True,True
9356C22FBED2640FB7D3EC46EFD42A11C2107C28567181B2275821CEE2F61449,deepseek-v4-pro,deepseek-v4-pro,2026-08-15T12:23:20.705777+00:00,2026-08-15T12:23:47.877700+00:00,27.171923,False,True,True,True
935B8736A78A5EB70E9EC96D74516E01ACC9F16FECC0F23BFCB3FDBCDEE15E63,deepseek-v4-pro,deepseek-v4-pro,2026-08-15T13:06:50.691545+00:00,2026-08-15T13:07:35.773362+00:00,45.081817,False,False,True,False
93658DFC9B92687C9546B93B3D0846922613D47060929E545D2A5C685EF57A37,deepseek-v4-pro,deepseek-v4-pro,2026-08-15T12:03:38.867207+00:00,2026-08-15T12:04:02.613557+00:00,23.74635,True,True,True,True
93C2AC4BB79BE309F6ACCEA091C677C439A8A28D6A13C69E5C8B7356084ADCE1,deepseek-v4-pro,deepseek-v4-pro,2026-08-15T13:15:43.159884+00:00,2026-08-15T13:16:30.469703+00:00,47.309819,False,False,True,False
947918E190B5A1C1C48D93B88EAFB038D0900680CEA50EF3ABAA5F07ADF65300,deepseek-v4-pro,deepseek-v4-pro,2026-08-15T12:04:13.620445+00:00,2026-08-15T12:04:43.988525+00:00,30.36808,True,True,True,True
94E11DD028BC1EF43657D0892A847E4E4096429880E41CA8FC25706065074577,deepseek-v4-pro,deepseek-v4-pro,2026-08-15T13:07:59.397435+00:00,2026-08-15T13:08:29.547298+00:00,30.149863,False,False,True,False
956C25F911D364300DDFC391A9F4483B8F6D29E623E70B90CA3BD3F2D22DAE65,deepseek-v4-pro,deepseek-v4-pro,2026-08-15T13:14:31.853797+00:00,2026-08-15T13:14:50.521363+00:00,18.667566,False,False,True,False
9582B63F7EBF21BD4C7075A744BFD7AB86F7DF912BCC69D952C064B37E512253,deepseek-v4-pro,deepseek-v4-pro,2026-08-15T12:02:18.255813+00:00,2026-08-15T12:02:51.845084+00:00,33.589271,True,True,True,True
959DF606F680A28B0AA0A437C0AB38D9612A52115A557DAF6933968928D0F58E,deepseek-v4-pro,deepseek-v4-pro,2026-08-15T12:04:24.082354+00:00,2026-08-15T12:05:16.391471+00:00,52.309117,True,True,True,True
95BCC4F45DE1777F6A8E091DEF02BBF59AB0AF82A412587509C135C7F860DFC2,deepseek-v4-pro,deepseek-v4-pro,2026-08-15T13:13:05.022919+00:00,2026-08-15T13:14:02.279996+00:00,57.257077,False,False,True,False
95D2CB49C15F950CC9EEB76D821B8352BAE644E523312ABF80D28C256AA27AE8,deepseek-v4-pro,deepseek-v4-pro,2026-08-15T12:29:10.620877+00:00,2026-08-15T12:29:34.157841+00:00,23.536964,False,True,True,True
95EFA4D072DF409B28F1DDA8E5319FE90D4F980587C6F4B3EA33124F67362356,deepseek-v4-pro,deepseek-v4-pro,2026-08-15T13:15:52.811888+00:00,2026-08-15T13:16:35.454138+00:00,42.64225,False,False,True,False
95F55E737EC4F5F6B1CEF500B3895B0F75029740597BBFB35CC4F106C8AB9D11,deepseek-v4-pro,deepseek-v4-pro,2026-08-15T13:10:41.020193+00:00,2026-08-15T13:11:01.876944+00:00,20.856751,False,False,True,False
95F9E6D7EC1B610D9927AB0D3759691185F131D12F473DC1C46684BB265B2196,deepseek-v4-pro,deepseek-v4-pro,2026-08-15T12:29:17.623620+00:00,2026-08-15T12:30:14.369386+00:00,56.745766,False,True,True,True
960AAE486B80B0DB1F9BF07991A1DDA829B5C54BF069ED4ED643C295417C2570,deepseek-v4-pro,deepseek-v4-pro,2026-08-15T12:28:14.265711+00:00,2026-08-15T12:28:39.805024+00:00,25.539313,False,True,True,True
961A04450315225BC8281AF38351AA1373B6350B61208D532F4116628FC9A8CB,deepseek-v4-pro,deepseek-v4-pro,2026-08-15T13:09:19.684286+00:00,2026-08-15T13:09:47.890740+00:00,28.206454,False,False,True,False
96338073ABD34356759E0A40238CC5533BD0F606E24B998F45984640691BCB4B,deepseek-v4-pro,deepseek-v4-pro,2026-08-15T13:06:08.559092+00:00,2026-08-15T13:07:03.521246+00:00,54.962154,False,False,True,False
96A86952AFBFD8EA789D586DB0D21EF2A0E5FEBE30E052DE77C67A3B0F88D58B,deepseek-v4-pro,deepseek-v4-pro,2026-08-15T12:23:26.156078+00:00,2026-08-15T12:24:06.511553+00:00,40.355475,False,True,True,True
96BB24841191E145D8E3B190862804C72AA2BFB153AF53220A4700918A26C298,deepseek-v4-pro,deepseek-v4-pro,2026-08-15T12:04:00.457331+00:00,2026-08-15T12:04:24.924960+00:00,24.467629,True,True,True,True
96C9D11F5DAD8EC5B307FDE6EFEE74874115BFCA276F62B4FDF306F8DE6106CE,deepseek-v4-pro,deepseek-v4-pro,2026-08-15T13:05:38.069391+00:00,2026-08-15T13:06:06.935509+00:00,28.866118,False,False,True,False
96FC22FF3074D73CC5BCEF87C8A87DCC20794623EE52A6BDABFFB16ADB01D2C0,deepseek-v4-pro,deepseek-v4-pro,2026-08-15T13:11:16.318200+00:00,2026-08-15T13:12:01.503471+00:00,45.185271,False,False,True,False
9702C81125F7074E13C7349901F218F3C1C03A32DC7BD58914ED64A4B9E2B26B,deepseek-v4-pro,deepseek-v4-pro,2026-08-15T13:13:09.504760+00:00,2026-08-15T13:14:11.000114+00:00,61.495354,False,False,True,False
9703FC96E61811A9FF68CB3F1AEEA798FC7C9AB714F601989564BF73526522EE,deepseek-v4-pro,deepseek-v4-pro,2026-08-15T12:02:23.081322+00:00,2026-08-15T12:03:17.727597+00:00,54.646275,True,True,True,True
972EB226C5FB3081079A984C52743BFB2751E81BD5CCF8355558DC5907B78C0D,deepseek-v4-pro,deepseek-v4-pro,2026-08-15T12:00:12.933609+00:00,2026-08-15T12:00:41.113675+00:00,28.180066,True,True,True,True
974DD8BD9B12182AD4B58BB49D5378D0DEAEB79BF41EDF3C26225119464DA56F,deepseek-v4-pro,deepseek-v4-pro,2026-08-15T11:58:42.579282+00:00,2026-08-15T11:59:21.633149+00:00,39.053867,True,True,True,True
975B832D50213A0809E8AB7CF47FC38E1120838283BF6151A06845F53B2113C2,deepseek-v4-pro,deepseek-v4-pro,2026-08-15T11:59:53.974324+00:00,2026-08-15T12:00:29.000403+00:00,35.026079,True,True,True,True
97600AD06D912EC4751094BC1EB5C54765741585F9141ABF8FC3E0688EE2FF06,deepseek-v4-pro,deepseek-v4-pro,2026-08-15T13:16:53.453351+00:00,2026-08-15T13:17:23.214178+00:00,29.760827,False,False,True,False
97A75D78EC55878D2DFD9827A3989FF24A6255136DF8306F37E99B90244E6567,deepseek-v4-pro,deepseek-v4-pro,2026-08-15T13:06:04.110047+00:00,2026-08-15T13:06:48.260465+00:00,44.150418,False,False,True,False
97B5AD4B2A105F2A213AC7B0F719F9C01A14F1A0CBD2571D19C3FC529E7FEAF2,deepseek-v4-pro,deepseek-v4-pro,2026-08-15T13:15:22.935449+00:00,2026-08-15T13:16:02.446740+00:00,39.511291,False,False,True,False
97EDC8FC3530164A70915ACE3B217AE369FCEDD096B8418588ECF1CA3F7C58AD,deepseek-v4-pro,deepseek-v4-pro,2026-08-15T12:00:18.228930+00:00,2026-08-15T12:00:45.515789+00:00,27.286859,True,True,True,True
981471AAAB8626D6FC503DABA62E5E64FB068EC6B4310ABB17C0D566ABABFE1B,deepseek-v4-pro,deepseek-v4-pro,2026-08-15T13:08:39.057187+00:00,2026-08-15T13:09:02.417755+00:00,23.360568,False,False,True,False
9839DCA18BE89095D0235C9A5ABE722153C8E3053085204D4B050443806FC927,deepseek-v4-pro,deepseek-v4-pro,2026-08-15T13:17:28.372352+00:00,2026-08-15T13:17:59.277660+00:00,30.905308,False,False,True,False
983E34CE144838EB8577868E6B945C4CB1AADFA1A5EEBC6078395AB5D8F4CCCB,deepseek-v4-pro,deepseek-v4-pro,2026-08-15T13:17:48.006510+00:00,2026-08-15T13:18:16.106297+00:00,28.099787,False,False,True,False
984860979CA080DB5AF7D02E195FBBDB30ECB2C1A4043A72F87B2B89F47A1D6A,deepseek-v4-pro,deepseek-v4-pro,2026-08-15T13:09:09.599973+00:00,2026-08-15T13:09:31.043432+00:00,21.443459,False,False,True,False
987F1433A45F2D30E75132D3EFB4F280B5889AAAB753595DB0CB679CC5E7BE86,deepseek-v4-pro,deepseek-v4-pro,2026-08-15T12:01:32.269107+00:00,2026-08-15T12:01:59.712498+00:00,27.443391,True,True,True,True
990FCDD617F2421950117768DA0C9C115B27C1B0CC768F6D9AC30ADCD75972F3,deepseek-v4-pro,deepseek-v4-pro,2026-08-15T13:18:23.813122+00:00,2026-08-15T13:19:01.403003+00:00,37.589881,False,False,True,False
9931941638E0FD60AD1929B043168E1EDAD231BF77ACE6E41C1AD518BA0D6633,deepseek-v4-pro,deepseek-v4-pro,2026-08-15T12:27:57.319364+00:00,2026-08-15T12:28:26.720469+00:00,29.401105,False,True,True,True
9958E300D13E81D6C8DE77C6E4F5DE576A5FB1F2F741F54249357427AF8CA079,deepseek-v4-pro,deepseek-v4-pro,2026-08-15T12:29:13.137094+00:00,2026-08-15T12:29:51.677736+00:00,38.540642,False,True,True,True
99679912FD09DD9700274D4BF941A0F718E33B3DF4B03F862C7DC9325730C408,deepseek-v4-pro,deepseek-v4-pro,2026-08-15T13:11:03.423078+00:00,2026-08-15T13:11:27.039515+00:00,23.616437,False,False,True,False
997415E1C7D58A2F49FE47395D65AEB10C84C64AB98CDD8833AD639431D67A77,deepseek-v4-pro,deepseek-v4-pro,2026-08-15T13:07:10.323473+00:00,2026-08-15T13:07:36.132262+00:00,25.808789,False,False,True,False
99E61D080FE09331B763A6B44075BA0BF1AAA1ADAB760F60E6A5618A269D7032,deepseek-v4-pro,deepseek-v4-pro,2026-08-15T12:28:13.388317+00:00,2026-08-15T12:28:32.084474+00:00,18.696157,False,True,True,True
9A37D8F2CDCFB89BEC068B9FAED08393407BDB36316CD0393DC34F29EAF0CE83,deepseek-v4-pro,deepseek-v4-pro,2026-08-15T12:22:53.938652+00:00,2026-08-15T12:23:45.255785+00:00,51.317133,False,True,True,True
9A3E00CDF6FFFC8C59489493C09001FEF80B26E947FCC87B2EACF376CEC30834,deepseek-v4-pro,deepseek-v4-pro,2026-08-15T13:15:09.107922+00:00,2026-08-15T13:15:52.804698+00:00,43.696776,False,False,True,False
9A4098749C4CAD17F75833E4B2FA5F01BAA34CEAFB31F859E4C74D9D6A4C4B63,deepseek-v4-pro,deepseek-v4-pro,2026-08-15T12:27:53.111879+00:00,2026-08-15T12:28:17.571167+00:00,24.459288,False,True,True,True
9AB63E8265F5FA2FC46ED67AB66A0604AA2ED249C233165DF07935E37BAD04DB,deepseek-v4-pro,deepseek-v4-pro,2026-08-15T13:13:44.057120+00:00,2026-08-15T13:14:34.855358+00:00,50.798238,False,False,True,False
9AEE7185A9B8F2C68408FD65592BF5C31C6DBDB53BE82CADE2A815DD0217F82C,deepseek-v4-pro,deepseek-v4-pro,2026-08-15T13:12:44.503655+00:00,2026-08-15T13:13:20.727572+00:00,36.223917,False,False,True,False
9AF6540ADE18B2A5690C01270F6AC9AEF669AA8793BFF843C8E93178077E5857,deepseek-v4-pro,deepseek-v4-pro,2026-08-15T12:25:11.435000+00:00,2026-08-15T12:25:34.930493+00:00,23.495493,False,True,True,True
9AF80B13D71B36EF744F929CE651EA6B0C478A1DB05E2A1F5EF74CCC5F5D5D9C,deepseek-v4-pro,deepseek-v4-pro,2026-08-15T12:01:28.354828+00:00,2026-08-15T12:02:04.260539+00:00,35.905711,True,True,True,True
9B228687C89B2750E2F653C1C3D5C7C69B79223FB06E6CCC26D704659FE1C873,deepseek-v4-pro,deepseek-v4-pro,2026-08-15T13:18:57.394801+00:00,2026-08-15T13:19:37.339369+00:00,39.944568,False,False,True,False
9B2F3D300B4558691089A46506F062896F134B97E8F487B620317A66A3585F15,deepseek-v4-pro,deepseek-v4-pro,2026-08-15T13:16:36.044360+00:00,2026-08-15T13:17:10.705482+00:00,34.661122,False,False,True,False
9B4A8ECF12BDBC46A1A17916676037FFC4B9478C7C4D37A1538AFECB458A7430,deepseek-v4-pro,deepseek-v4-pro,2026-08-15T13:05:45.614459+00:00,2026-08-15T13:06:14.270958+00:00,28.656499,False,False,True,False
9B5641322793FF012001888D2A54248AFE8E305D1F373480CBA438B0A6469D09,deepseek-v4-pro,deepseek-v4-pro,2026-08-15T13:08:06.144910+00:00,2026-08-15T13:08:53.279603+00:00,47.134693,False,False,True,False
9BB13B4A69324E169DF0ACB8F22F9F102A7E741B3E03D1A72753DC8E14E47F3E,deepseek-v4-pro,deepseek-v4-pro,2026-08-15T12:24:38.501926+00:00,2026-08-15T12:24:54.999764+00:00,16.497838,False,True,True,True
9BB85637677FCDABA2328ED2AFBF8E23CAB11D167ABF039B7CA523928B1B08A5,deepseek-v4-pro,deepseek-v4-pro,2026-08-15T13:03:46.969767+00:00,2026-08-15T13:04:45.815849+00:00,58.846082,False,False,True,False
9BCC2C0322382B9B829DBC4297D8A56CB79325739ED53A605DB7B3C0DFF16AEE,deepseek-v4-pro,deepseek-v4-pro,2026-08-15T12:23:33.802981+00:00,2026-08-15T12:24:23.151861+00:00,49.34888,False,True,True,True
9C03AC872BE5E3DC43EB185B83C2043CFBA9D50D344311A7BECA399BC8C4C821,deepseek-v4-pro,deepseek-v4-pro,2026-08-15T12:03:50.930185+00:00,2026-08-15T12:04:31.937548+00:00,41.007363,True,True,True,True
9C13F0E52727F98F8307E119726D6B952F2193DB87AF74B0AF2EEFC273E09C30,deepseek-v4-pro,deepseek-v4-pro,2026-08-15T13:14:24.566588+00:00,2026-08-15T13:15:11.301505+00:00,46.734917,False,False,True,False
9C3032EBE3AE56080C6956E52EB0ABE21A6456C9AAA4301B61E77D52DEF85471,deepseek-v4-pro,deepseek-v4-pro,2026-08-15T12:04:22.517487+00:00,2026-08-15T12:04:53.153441+00:00,30.635954,True,True,True,True
9C48BE36030FEDB4229BA414C0131E9E53216A914BE9DD9273FBF2984DE8A19B,deepseek-v4-pro,deepseek-v4-pro,2026-08-15T12:04:10.229894+00:00,2026-08-15T12:04:51.692495+00:00,41.462601,True,True,True,True
9C49728C6F51FD7C016B9531DF6E56FA055FAC691DDA02CC66E77AE512837824,deepseek-v4-pro,deepseek-v4-pro,2026-08-15T13:19:03.264307+00:00,2026-08-15T13:20:03.265380+00:00,60.001073,False,False,True,False
9C5C6AC718C43EFB563ED46809F39D86EEC753EA726E6DCA630A71EE32F4F594,deepseek-v4-pro,deepseek-v4-pro,2026-08-15T13:05:38.930609+00:00,2026-08-15T13:06:53.151097+00:00,74.220488,False,False,True,False
9C7012FE319801B5770C109ACE99F23EB3E41A7996D75014F0E7BE2FC1C15678,deepseek-v4-pro,deepseek-v4-pro,2026-08-15T13:10:05.761095+00:00,2026-08-15T13:10:41.007563+00:00,35.246468,False,False,True,False
9C71E3733FA8D8ABAD9F8F9AA833C801580ADC35F7E051B32EF599619DF84CC2,deepseek-v4-pro,deepseek-v4-pro,2026-08-15T12:01:03.654145+00:00,2026-08-15T12:01:22.888062+00:00,19.233917,True,True,True,True
9C8F4AD8A8A73A3FEE484068559DA0C7F06B93B5AA45FDE95BF51A3F85864F4B,deepseek-v4-pro,deepseek-v4-pro,2026-08-15T13:13:01.479585+00:00,2026-08-15T13:13:35.723563+00:00,34.243978,False,False,True,False
9CC419401180DB6B17566C7B2EB0BA1A27F17C5179377D6DAF744D0EE22604C3,deepseek-v4-pro,deepseek-v4-pro,2026-08-15T12:24:27.435187+00:00,2026-08-15T12:24:45.048837+00:00,17.61365,False,True,True,True
9D6698348993988878A5C0B7ECB40D723C45C7ADDA59AA3CCE75880C69DFD98E,deepseek-v4-pro,deepseek-v4-pro,2026-08-15T12:04:18.792800+00:00,2026-08-15T12:04:59.690955+00:00,40.898155,True,True,True,True
9D807D8769DB0652F553EC48C56CA2E71AC802355CAC2906094EC7D5BFA0E43A,deepseek-v4-pro,deepseek-v4-pro,2026-08-15T12:01:33.433746+00:00,2026-08-15T12:01:59.627283+00:00,26.193537,True,True,True,True
9DA0F6E42C7EB4FEF6876B0B40A935C5E3F03688B3BC2C7BA86DB48D10A8E1BC,deepseek-v4-pro,deepseek-v4-pro,2026-08-15T13:16:39.576434+00:00,2026-08-15T13:17:10.088531+00:00,30.512097,False,False,True,False
9DC41304AE28D67074F7B43C6CBD9E46CC7EE2B3B371F4114F70145444BF3A0A,deepseek-v4-pro,deepseek-v4-pro,2026-08-15T13:17:20.127573+00:00,2026-08-15T13:18:02.214174+00:00,42.086601,False,False,True,False
9DD12FE331DC7C972D860860C27C85F3471C8A8148455CBBEB226F0ECCCBCE4A,deepseek-v4-pro,deepseek-v4-pro,2026-08-15T12:28:26.396231+00:00,2026-08-15T12:29:17.617621+00:00,51.22139,False,True,True,True
9DDFE69522A9A7A30AF0A2A5576D22DF63944AA264AC17B3549B654311F12E94,deepseek-v4-pro,deepseek-v4-pro,2026-08-15T12:03:38.349002+00:00,2026-08-15T12:04:06.073480+00:00,27.724478,True,True,True,True
9E4F2F75E344B0EA7933DD10A175BBD764E7A9A2E618F89E120CDE51CA3DFC2F,deepseek-v4-pro,deepseek-v4-pro,2026-08-15T13:05:03.589671+00:00,2026-08-15T13:05:48.850965+00:00,45.261294,False,False,True,False
9EB2C25E772C37467A563E732E1BFBBE0C420B866870A411F8386AA94D06DFE7,deepseek-v4-pro,deepseek-v4-pro,2026-08-15T12:28:49.574203+00:00,2026-08-15T12:29:23.506405+00:00,33.932202,False,True,True,True
9EC00E274E907C586CC6D0B1A05933B4D640277A2FA364E54384A9F6BC79B9E1,deepseek-v4-pro,deepseek-v4-pro,2026-08-15T12:01:03.643638+00:00,2026-08-15T12:01:47.766843+00:00,44.123205,True,True,True,True
9EF2CB7495EA7936544447843A0D0D42AD7EBDEF808B194D5D1FF0AC5861CAF1,deepseek-v4-pro,deepseek-v4-pro,2026-08-15T13:11:10.060252+00:00,2026-08-15T13:11:45.856519+00:00,35.796267,False,False,True,False
9EF3DA7A62365C0935237F2849E6A66833D48F404BE795C7F942EAEFB964A29E,deepseek-v4-pro,deepseek-v4-pro,2026-08-15T12:24:18.831723+00:00,2026-08-15T12:24:55.015669+00:00,36.183946,False,True,True,True
9EFB96CD84D3FF9B29E3D621184802022547AB42B10E7F26C3ED462B547F686F,deepseek-v4-pro,deepseek-v4-pro,2026-08-15T12:01:24.460838+00:00,2026-08-15T12:01:56.191287+00:00,31.730449,True,True,True,True
A005419E28B8018D1A315D6D8972E9923B1FCE9D64E2496702017A74858A4BAD,deepseek-v4-pro,deepseek-v4-pro,2026-08-15T12:24:27.244639+00:00,2026-08-15T12:24:57.204527+00:00,29.959888,False,True,True,True
A00B3174002570FC836274696131CF6ED10DFAAE34BE22163AD813DD48269BEA,deepseek-v4-pro,deepseek-v4-pro,2026-08-15T12:05:34.158939+00:00,2026-08-15T12:05:54.671359+00:00,20.51242,True,True,True,True
A02783DD9BD415A29D5CD4DDE9245C15B1ECDFD13AE7851E227A4649918105AC,deepseek-v4-pro,deepseek-v4-pro,2026-08-15T13:16:40.439390+00:00,2026-08-15T13:17:24.501988+00:00,44.062598,False,False,True,False
A03A5C56046B3A3CE82A6FBA992021ADD262D5B1B749D7DD5249BF5B446A857B,deepseek-v4-pro,deepseek-v4-pro,2026-08-15T13:17:21.682677+00:00,2026-08-15T13:17:50.174266+00:00,28.491589,False,False,True,False
A08DCECB6CB52B248ED0773CFCCFCAFA09A6A899BAF66E6742BCB1E8DF06B838,deepseek-v4-pro,deepseek-v4-pro,2026-08-15T12:01:59.632754+00:00,2026-08-15T12:02:30.530660+00:00,30.897906,True,True,True,True
A0A1F4D8AEBB444923F7F5A33F524AA1812E3E8A53C381804A35CD5B4BEF1274,deepseek-v4-pro,deepseek-v4-pro,2026-08-15T13:08:53.286622+00:00,2026-08-15T13:09:27.407299+00:00,34.120677,False,False,True,False
A0C4C82BCE5F084594AC4173A5D6FC386B58F60FB4B9D2A6BE19754DE3110591,deepseek-v4-pro,deepseek-v4-pro,2026-08-15T13:18:19.263033+00:00,2026-08-15T13:18:52.733650+00:00,33.470617,False,False,True,False
A0CD5BCD0B18A934EBEF926E766E3C7310CD77A2B43F43802DB131D48599FC72,deepseek-v4-pro,deepseek-v4-pro,2026-08-15T11:59:28.068654+00:00,2026-08-15T12:00:04.978608+00:00,36.909954,True,True,True,True
A0FB247367AD6308768146FD21F4AC836CC885F61F4D559903388E1A61AF8B81,deepseek-v4-pro,deepseek-v4-pro,2026-08-15T12:26:12.472563+00:00,2026-08-15T12:26:34.433291+00:00,21.960728,False,True,True,True
A1191DF9256776F4CDE1EBCE59159AF2579ABC40A4111BD2D7F5489A13C8C3D1,deepseek-v4-pro,deepseek-v4-pro,2026-08-15T12:02:23.454725+00:00,2026-08-15T12:03:09.523407+00:00,46.068682,True,True,True,True
A126EF59449D78BD9237460008F43FC4B21FDCC651CE0E638AEEDF16BAA1BCAD,deepseek-v4-pro,deepseek-v4-pro,2026-08-15T13:11:47.573463+00:00,2026-08-15T13:12:28.471100+00:00,40.897637,False,False,True,False
A127F957F9CF712A7292F28F4FB36AE6E6D69A2968A5E2AFB38D33B1D0E1C08C,deepseek-v4-pro,deepseek-v4-pro,2026-08-15T12:26:14.096495+00:00,2026-08-15T12:27:04.257285+00:00,50.16079,False,True,True,True
A136A4414B1717367E239DAD158089B4EF20C9AADA21771C9EDDC5C7D5B8644B,deepseek-v4-pro,deepseek-v4-pro,2026-08-15T12:00:59.733068+00:00,2026-08-15T12:01:32.262776+00:00,32.529708,True,True,True,True
A14C85008D0199E5602166E5F4F11E50ECE65BA8CE1FA65AC73C90EB58DB3AD7,deepseek-v4-pro,deepseek-v4-pro,2026-08-15T12:00:28.029729+00:00,2026-08-15T12:00:51.673851+00:00,23.644122,True,True,True,True
A1C2B7BEA63B58700E34D66DFCD2FEF5EB39BA845A2F439149B9337B9002A130,deepseek-v4-pro,deepseek-v4-pro,2026-08-15T12:27:03.105771+00:00,2026-08-15T12:27:32.603992+00:00,29.498221,False,True,True,True
A2275A1C7382E708A0A17458229274B035E46E2DAEC2843F7F01320ADC942E9B,deepseek-v4-pro,deepseek-v4-pro,2026-08-15T13:13:18.417595+00:00,2026-08-15T13:13:50.682783+00:00,32.265188,False,False,True,False
A22A7FB3EC7B06EA4024F55D394C5BE0514484F677DE6CBB719E337076039029,deepseek-v4-pro,deepseek-v4-pro,2026-08-15T13:15:43.610696+00:00,2026-08-15T13:16:35.664825+00:00,52.054129,False,False,True,False
A240030AF8C54A909B7C874B8E0BACBC98CE9200058D513F7EC5598051C91563,deepseek-v4-pro,deepseek-v4-pro,2026-08-15T13:11:52.481050+00:00,2026-08-15T13:12:36.613799+00:00,44.132749,False,False,True,False
A2563EA2A449D139B5BE51873B56EBF74A675506624306A6E3A665C7D262079A,deepseek-v4-pro,deepseek-v4-pro,2026-08-15T13:13:50.689294+00:00,2026-08-15T13:14:09.560205+00:00,18.870911,False,False,True,False
A265949741FAF6B3A2CD4D74CFEBA4CE7E202DFC3086C2EB3716AFCA41794430,deepseek-v4-pro,deepseek-v4-pro,2026-08-15T12:22:53.951877+00:00,2026-08-15T12:23:20.853099+00:00,26.901222,False,True,True,True
A2A6713300B7AE1FED0B8FEB742A5CACF1F79CC279EEF7114D21A5FF0414D404,deepseek-v4-pro,deepseek-v4-pro,2026-08-15T11:59:17.797479+00:00,2026-08-15T11:59:50.287750+00:00,32.490271,True,True,True,True
A30D46174D82F4207F18774B9B56CC0506432644EDE7FE34A4C2668DF66B456A,deepseek-v4-pro,deepseek-v4-pro,2026-08-15T13:11:40.774440+00:00,2026-08-15T13:12:25.439504+00:00,44.665064,False,False,True,False
A3233813EE8E91ECFB2025071D2067BEB7338F90849C858AEE579BFD4023D3AB,deepseek-v4-pro,deepseek-v4-pro,2026-08-15T12:25:02.423555+00:00,2026-08-15T12:25:27.274431+00:00,24.850876,False,True,True,True
A37EAFA9E4F0218F00D70331EF4C183F41A9E824B12C971458424FEDB7A4BBBD,deepseek-v4-pro,deepseek-v4-pro,2026-08-15T12:28:09.265252+00:00,2026-08-15T12:28:31.202428+00:00,21.937176,False,True,True,True
A3933C0DC841733906C0C2E88E8997EC17DA06337D387611A2170173D7DA75F6,deepseek-v4-pro,deepseek-v4-pro,2026-08-15T12:01:56.196704+00:00,2026-08-15T12:02:43.771275+00:00,47.574571,True,True,True,True
A3B0E49CAE421F5613B3714F60FB5CBD9DD658EF59BE7B923206A57334496ED8,deepseek-v4-pro,deepseek-v4-pro,2026-08-15T13:15:55.902805+00:00,2026-08-15T13:16:37.268814+00:00,41.366009,False,False,True,False
A3B2D1561DC7431EF796A505CA73B0BD17789AAF2A0B55979867D17EAEF50302,deepseek-v4-pro,deepseek-v4-pro,2026-08-15T11:59:26.743212+00:00,2026-08-15T11:59:49.012948+00:00,22.269736,True,True,True,True
A3C740F724873786301291FD6B9E8C2C88DF2BD7141219CED642D5757B9D046A,deepseek-v4-pro,deepseek-v4-pro,2026-08-15T13:08:10.889320+00:00,2026-08-15T13:08:45.987905+00:00,35.098585,False,False,True,False
A3D1B39D8A192B00EEEB94CDDA380F260F5E1C27AFF65580D8604B375ED959FC,deepseek-v4-pro,deepseek-v4-pro,2026-08-15T12:27:32.716373+00:00,2026-08-15T12:28:09.527664+00:00,36.811291,False,True,True,True
A4385AEE9D5383132F1A275EF298B12A9EB0CC153798D8AD13F44F01478CF8F4,deepseek-v4-pro,deepseek-v4-pro,2026-08-15T13:05:47.970447+00:00,2026-08-15T13:06:53.062979+00:00,65.092532,False,False,True,False
A46C6330066E75261BA956DDF636A175F8D19B5038E7354430578AC151402A2F,deepseek-v4-pro,deepseek-v4-pro,2026-08-15T13:16:29.197605+00:00,2026-08-15T13:17:06.459537+00:00,37.261932,False,False,True,False
A47C45870AD8E42BF68BC097E8497CFCFA70D2121861361597625CA4B754A18A,deepseek-v4-pro,deepseek-v4-pro,2026-08-15T12:01:24.510947+00:00,2026-08-15T12:02:04.101580+00:00,39.590633,True,True,True,True
A4C22362D14D5792622CA20ED3A8F3A31355A6310CCCC4EF8CBB75964EC30458,deepseek-v4-pro,deepseek-v4-pro,2026-08-15T13:13:24.696429+00:00,2026-08-15T13:14:01.879284+00:00,37.182855,False,False,True,False
A5261431290F47436077B176C6B456C5C529A9FAB269D992A69786E10637A9D2,deepseek-v4-pro,deepseek-v4-pro,2026-08-15T13:08:02.793361+00:00,2026-08-15T13:08:38.833364+00:00,36.040003,False,False,True,False
A543C708BDE384ED3ACE578E70D7185FC3B039465783D8A45DCC293E6C45C997,deepseek-v4-pro,deepseek-v4-pro,2026-08-15T13:14:04.241195+00:00,2026-08-15T13:15:05.133063+00:00,60.891868,False,False,True,False
A572B0DD1429A14B42C822174F846843C992B171B72A2FB2A926B7878E721B29,deepseek-v4-pro,deepseek-v4-pro,2026-08-15T12:29:17.625787+00:00,2026-08-15T12:29:42.755552+00:00,25.129765,False,True,True,True
A574AB75C30651D59363A8C801C87738AA567B7D542932DC9A842DB518768A11,deepseek-v4-pro,deepseek-v4-pro,2026-08-15T13:03:46.976685+00:00,2026-08-15T13:04:13.946737+00:00,26.970052,False,False,True,False
A57A51E91A9A5B188D6F880582EAA0458ADEAB98A8CE81D626CEB1D539B09648,deepseek-v4-pro,deepseek-v4-pro,2026-08-15T11:59:18.001528+00:00,2026-08-15T11:59:46.822180+00:00,28.820652,True,True,True,True
A5B7BBB6E1CBF4FD404D6C1C4299F9C887E10EA79E2259FCDAEDB1AF6D338247,deepseek-v4-pro,deepseek-v4-pro,2026-08-15T13:13:40.521379+00:00,2026-08-15T13:14:13.257403+00:00,32.736024,False,False,True,False
A5D1117131A1B5329058852E754157FA7E1099F680CAB37FC8A5E54D263ED314,deepseek-v4-pro,deepseek-v4-pro,2026-08-15T13:18:11.684026+00:00,2026-08-15T13:18:38.378022+00:00,26.693996,False,False,True,False
A6017F804C5A3A05E695B57228A88520C733075AD37893B09165B6209B1B78F5,deepseek-v4-pro,deepseek-v4-pro,2026-08-15T13:08:58.069049+00:00,2026-08-15T13:09:23.957216+00:00,25.888167,False,False,True,False
A639CCAFFFC52D1515ECAD0DB4E6F9DB43AD989FFD0B7D13CDFFAB5CD8C99F2B,deepseek-v4-pro,deepseek-v4-pro,2026-08-15T13:06:47.124377+00:00,2026-08-15T13:07:30.905071+00:00,43.780694,False,False,True,False
A75BE38D1D7C2A3AB556D3FD98CCA3636762FDB9600602FD1CBB44C49ECFDA47,deepseek-v4-pro,deepseek-v4-pro,2026-08-15T12:01:07.589120+00:00,2026-08-15T12:01:44.607465+00:00,37.018345,True,True,True,True
A79CF37D1D0CEED1AE7FC9C721227AC94C5BB39F3DD8AFA4462E796A520923CD,deepseek-v4-pro,deepseek-v4-pro,2026-08-15T12:01:26.991037+00:00,2026-08-15T12:02:02.481378+00:00,35.490341,True,True,True,True
A7A4B1D6DE0C6B3193A0DCBA89F6A151351A85E199431327DC278EDE0B30E93E,deepseek-v4-pro,deepseek-v4-pro,2026-08-15T13:10:59.293430+00:00,2026-08-15T13:11:28.616524+00:00,29.323094,False,False,True,False
A7AE2779E5B91981275DBFE116190EBBB0D8CBB739C7FC299F7600CB836F6EF8,deepseek-v4-pro,deepseek-v4-pro,2026-08-15T13:05:23.043692+00:00,2026-08-15T13:05:56.861969+00:00,33.818277,False,False,True,False
A7F8D1807975F0A33DF96191FE2F94E9265219B50EF0692D1DADBCF3FBDF01FD,deepseek-v4-pro,deepseek-v4-pro,2026-08-15T12:05:14.697475+00:00,2026-08-15T12:05:46.851489+00:00,32.154014,True,True,True,True
A7FECB4308A6286A333FE1499BD5E09952CE85426B5D1BFF5FD2CBC476721A3E,deepseek-v4-pro,deepseek-v4-pro,2026-08-15T12:22:53.934029+00:00,2026-08-15T12:23:34.101569+00:00,40.16754,False,True,True,True
A804A4B9807DC9020EC0A148D4E92E7CB9F162EEEB2AAAA35AFAD1C0FFF1D582,deepseek-v4-pro,deepseek-v4-pro,2026-08-15T13:13:19.034925+00:00,2026-08-15T13:13:49.760838+00:00,30.725913,False,False,True,False
A82C69F72B71CB59F92BFF93376B38B754C8FF8D9C926D74769EF210DAD60626,deepseek-v4-pro,deepseek-v4-pro,2026-08-15T13:17:10.094536+00:00,2026-08-15T13:17:58.070778+00:00,47.976242,False,False,True,False
A8414EA931744E7F0FB57EB0C1A70773D9A0FB5FA24823FE41A3DB85FF52940D,deepseek-v4-pro,deepseek-v4-pro,2026-08-15T12:04:24.930068+00:00,2026-08-15T12:04:48.166549+00:00,23.236481,True,True,True,True
A874DFAE99A337523050BBF21D75AB76AEFBA17F86A5E475B6E1EE7DA1FB98A2,deepseek-v4-pro,deepseek-v4-pro,2026-08-15T13:18:34.592596+00:00,2026-08-15T13:19:07.335817+00:00,32.743221,False,False,True,False
A87B0D5ABF852D85F3E29F4A7828D7E8E847B60BBC8EF8889DF137AF883B5936,deepseek-v4-pro,deepseek-v4-pro,2026-08-15T12:28:09.533088+00:00,2026-08-15T12:28:49.299126+00:00,39.766038,False,True,True,True
A88EA0408A89C83431C2202DFD47BC9B2AB733671DE5CC7FAEF76056B586C555,deepseek-v4-pro,deepseek-v4-pro,2026-08-15T13:05:41.508732+00:00,2026-08-15T13:05:59.799916+00:00,18.291184,False,False,True,False
A8ED87D23CDD9BA135EA8E949890D8632B21FFB15DD66BDE5436CFCF39C3C582,deepseek-v4-pro,deepseek-v4-pro,2026-08-15T11:58:42.570890+00:00,2026-08-15T11:59:18.442757+00:00,35.871867,True,True,True,True
A91107AEF4E816108957B9E2996F6EC51ECF9940542CD7140BB1624920CD2BD3,deepseek-v4-pro,deepseek-v4-pro,2026-08-15T13:11:41.427497+00:00,2026-08-15T13:12:13.936012+00:00,32.508515,False,False,True,False
A939EC3E0F687B02138528F28369C809E8A6ABF491584D6C40A690AF32C3CA21,deepseek-v4-pro,deepseek-v4-pro,2026-08-15T13:12:43.061935+00:00,2026-08-15T13:13:12.000095+00:00,28.93816,False,False,True,False
A966486018A34CF4B4E945058E70BF5B279A36623716D5A4F0CFCA1E7B43DC7D,deepseek-v4-pro,deepseek-v4-pro,2026-08-15T13:19:03.946374+00:00,2026-08-15T13:19:23.905292+00:00,19.958918,False,False,True,False
A9C04F2EBBCE5BB7997E43C7A540F186BA13D6FBD496D0A060233493AA66A18C,deepseek-v4-pro,deepseek-v4-pro,2026-08-15T12:24:53.540362+00:00,2026-08-15T12:25:39.631245+00:00,46.090883,False,True,True,True
A9C1DCA1E477F92CE036B920A161C9F68CF868D4A29F08A75B224F8B68B3E3B2,deepseek-v4-pro,deepseek-v4-pro,2026-08-15T13:05:29.660485+00:00,2026-08-15T13:06:24.381996+00:00,54.721511,False,False,True,False
A9E99B301BC1CA4A9FFCA2239F7938AC51D34483115E5F4E83C3121A5102A73F,deepseek-v4-pro,deepseek-v4-pro,2026-08-15T12:02:14.147611+00:00,2026-08-15T12:02:43.354066+00:00,29.206455,True,True,True,True
A9F948280F8EE3724C454E48AE4EC3EC1044783DEB12B6AEA41F55AA37295211,deepseek-v4-pro,deepseek-v4-pro,2026-08-15T13:05:18.850631+00:00,2026-08-15T13:06:04.124944+00:00,45.274313,False,False,True,False
AA60657922792F20EA78282650417939BF2142F2A6B207D78638D06F670C3A9D,deepseek-v4-pro,deepseek-v4-pro,2026-08-15T12:01:43.479797+00:00,2026-08-15T12:02:14.141424+00:00,30.661627,True,True,True,True
AA8A16E4500B8C4A5218978A2A497458CE290DE119B2CA13730C95EC2ADD6E89,deepseek-v4-pro,deepseek-v4-pro,2026-08-15T13:13:44.990635+00:00,2026-08-15T13:14:10.821942+00:00,25.831307,False,False,True,False
AA8D2056FE87A6F1934362D702E45866E8374C2EDDBCC64A6ABBC09C6CCBE8C9,deepseek-v4-pro,deepseek-v4-pro,2026-08-15T12:23:24.749111+00:00,2026-08-15T12:23:53.743315+00:00,28.994204,False,True,True,True
AA982C703C88F5AECC24160C06E40FFC9A0DA65FD52AA879B868C5285AEADF3E,deepseek-v4-pro,deepseek-v4-pro,2026-08-15T13:03:46.940855+00:00,2026-08-15T13:04:09.810215+00:00,22.86936,False,False,True,False
AAC57C4A9EE433F25C410937CCA541947522FD1E8FBE67967162E09C0B80BC8F,deepseek-v4-pro,deepseek-v4-pro,2026-08-15T13:08:25.594716+00:00,2026-08-15T13:08:50.689795+00:00,25.095079,False,False,True,False
AAD888331AE95C7A1A4E46AC5ED3AA48A25589D367674299208FD9862E6D9564,deepseek-v4-pro,deepseek-v4-pro,2026-08-15T13:14:46.856583+00:00,2026-08-15T13:15:41.831857+00:00,54.975274,False,False,True,False
AAE3344420D027C6BDDF85D1F10CFE3502B1DFAB7601841ABAA48D4248CBBAA5,deepseek-v4-pro,deepseek-v4-pro,2026-08-15T11:59:21.957594+00:00,2026-08-15T11:59:44.212010+00:00,22.254416,True,True,True,True
AAEC71D93DC3388DEC9DC60D96E99FE60AD1FD070DF8C6CA1165EF1EDE780897,deepseek-v4-pro,deepseek-v4-pro,2026-08-15T12:25:02.541295+00:00,2026-08-15T12:25:43.777866+00:00,41.236571,False,True,True,True
AAF29C65EE45A490762E3CBA8162758072CC06F6FFEE41353D7E36D8C3DEBC4C,deepseek-v4-pro,deepseek-v4-pro,2026-08-15T12:26:28.390602+00:00,2026-08-15T12:27:05.382274+00:00,36.991672,False,True,True,True
AAF4972851A024F0129EFDBCB8B0969B58BDB25F6A21F38C4D3FE61BCBE213BB,deepseek-v4-pro,deepseek-v4-pro,2026-08-15T13:09:27.414283+00:00,2026-08-15T13:10:05.754130+00:00,38.339847,False,False,True,False
AB2A7CFE373C06E671C7B7B4BFB1DA9E83469C3B4DF9AB3FF4732C4DABA6335F,deepseek-v4-pro,deepseek-v4-pro,2026-08-15T13:14:41.524217+00:00,2026-08-15T13:15:17.000158+00:00,35.475941,False,False,True,False
AB356CCC9178C3C9BA542E2B3C837F2E00FCBCC23129FA82B91F2D371DC100DD,deepseek-v4-pro,deepseek-v4-pro,2026-08-15T13:10:40.676597+00:00,2026-08-15T13:11:10.054766+00:00,29.378169,False,False,True,False
AB38BCDC6FDFFF94CC51018A7BB0719A06CAA99EE98A125B6918B8534B5E2486,deepseek-v4-pro,deepseek-v4-pro,2026-08-15T13:18:16.700411+00:00,2026-08-15T13:18:51.089804+00:00,34.389393,False,False,True,False
AB944D74E52C5AF088FD640CEDEDEB65D0816E0CC8FB50D30020DDB9C66B418F,deepseek-v4-pro,deepseek-v4-pro,2026-08-15T13:10:15.643303+00:00,2026-08-15T13:10:57.511207+00:00,41.867904,False,False,True,False
AB9AFE406DD5E3C537D05511B9E3E9C95CD860BE2BE27E4A0247A7F01D899AB8,deepseek-v4-pro,deepseek-v4-pro,2026-08-15T12:29:05.396911+00:00,2026-08-15T12:29:46.919199+00:00,41.522288,False,True,True,True
ABA6408BBC6967F88D6C732B6E2CC5B699973C47E6CD5F61C551BD2C833CF529,deepseek-v4-pro,deepseek-v4-pro,2026-08-15T13:06:33.093583+00:00,2026-08-15T13:07:10.235449+00:00,37.141866,False,False,True,False
ABB9132C3E51EBFA2C7E038DD014F196FD8A39327423929799D107AE0A3C2676,deepseek-v4-pro,deepseek-v4-pro,2026-08-15T12:05:05.957833+00:00,2026-08-15T12:05:40.301316+00:00,34.343483,True,True,True,True
ACB6F1A50F922712C44A7A7149BDF49B0193C774E2E4DE13845BA25C6C1DC808,deepseek-v4-pro,deepseek-v4-pro,2026-08-15T13:16:21.514082+00:00,2026-08-15T13:17:17.818609+00:00,56.304527,False,False,True,False
ACF2AA563A1734FED7D9BA3AF1E529C8B175B26A3D0DFE9D68C8E0F921CD9076,deepseek-v4-pro,deepseek-v4-pro,2026-08-15T13:15:39.406395+00:00,2026-08-15T13:16:29.915614+00:00,50.509219,False,False,True,False
ACF6DAF4B28294353D896DF20B6AD11E5E8DCF7AA017341A19414B6FD1CAD56F,deepseek-v4-pro,deepseek-v4-pro,2026-08-15T11:59:57.995852+00:00,2026-08-15T12:00:44.651237+00:00,46.655385,True,True,True,True
AD1314A2EF56DED33E0B332F86A8BE6022EADA37445929D6FA9776BBD0CBE4D6,deepseek-v4-pro,deepseek-v4-pro,2026-08-15T12:13:23.698959+00:00,2026-08-15T12:14:00.682750+00:00,36.983791,True,True,True,True
AD197EC366F9959BE5EA7647E6FAFE13DB35B8824944936BD7D2E6350FEE6CA4,deepseek-v4-pro,deepseek-v4-pro,2026-08-15T13:18:13.421144+00:00,2026-08-15T13:18:43.406362+00:00,29.985218,False,False,True,False
AD608DBE6ED3578CCE9C275D3C8C958E3743BAFCAE312018A63ECEFB840BC3D0,deepseek-v4-pro,deepseek-v4-pro,2026-08-15T12:28:01.628747+00:00,2026-08-15T12:28:34.529442+00:00,32.900695,False,True,True,True
AD69456F5F2463A12483743EC2EEE3BEC78D8C9B30C31A9EF13EC431EBA78F9D,deepseek-v4-pro,deepseek-v4-pro,2026-08-15T12:26:00.666669+00:00,2026-08-15T12:26:33.448882+00:00,32.782213,False,True,True,True
ADD4FF11A54DA937D6EEAB89DA59CC20F0F55CF504698B3E18710738E4009BAE,deepseek-v4-pro,deepseek-v4-pro,2026-08-15T12:04:19.396709+00:00,2026-08-15T12:04:48.985630+00:00,29.588921,True,True,True,True
AE099A8125216A2A22CFA8F773AC706754CCE77F22EDF74D1C7E7CA37934A52A,deepseek-v4-pro,deepseek-v4-pro,2026-08-15T13:14:42.172555+00:00,2026-08-15T13:15:19.557708+00:00,37.385153,False,False,True,False
AE4BA47C059A8184E7590539939E14E04DB51491979608940FB18C5DB81EA5EA,deepseek-v4-pro,deepseek-v4-pro,2026-08-15T12:26:25.430167+00:00,2026-08-15T12:27:01.013438+00:00,35.583271,False,True,True,True
AE5E411C777AAB218BB5B79AE0D19D1C85C8D1E51BE20168CFCC60C3D38662E2,deepseek-v4-pro,deepseek-v4-pro,2026-08-15T13:16:33.775252+00:00,2026-08-15T13:17:20.121747+00:00,46.346495,False,False,True,False
AE6FF855FB0B0B6971ABCE0489C5EA9FD2344380D63922E402EF00F411729397,deepseek-v4-pro,deepseek-v4-pro,2026-08-15T12:27:25.301372+00:00,2026-08-15T12:28:06.179909+00:00,40.878537,False,True,True,True
AED7501A8BA4FE8D210AAED43F0A966D3B7B147A06BCC89FDD71A5811000FF6C,deepseek-v4-pro,deepseek-v4-pro,2026-08-15T13:07:49.434225+00:00,2026-08-15T13:08:10.876219+00:00,21.441994,False,False,True,False
AF1DA6B3B6B17F1747CB364E10577DE7B43E10733F04D6E23CE8E2106C7D9597,deepseek-v4-pro,deepseek-v4-pro,2026-08-15T12:02:00.925330+00:00,2026-08-15T12:02:44.698554+00:00,43.773224,True,True,True,True
AF2A37B5224A1688224730FE0AA3CB280DBF4BCA4EDF948C461567545D99B8B8,deepseek-v4-pro,deepseek-v4-pro,2026-08-15T12:23:19.012985+00:00,2026-08-15T12:23:42.577102+00:00,23.564117,False,True,True,True
AF3FFFF446C63DE2862A0225C64884CBBE12B32D17C9E4805739234052877CAA,deepseek-v4-pro,deepseek-v4-pro,2026-08-15T13:15:34.542637+00:00,2026-08-15T13:16:13.307870+00:00,38.765233,False,False,True,False
AF432C6372606B166A87EEE55F34E2BAAEC99281CC8BDFABE62756DA18FE5B92,deepseek-v4-pro,deepseek-v4-pro,2026-08-15T12:00:51.680253+00:00,2026-08-15T12:01:27.218263+00:00,35.53801,True,True,True,True
AF4506D2CEB24BBC4D7E19BC71421AF00ACDB72DD1DB509D5175085C7B41DBD7,deepseek-v4-pro,deepseek-v4-pro,2026-08-15T12:24:57.209889+00:00,2026-08-15T12:25:18.668132+00:00,21.458243,False,True,True,True
AF4C645BF240BAE050091903655F271607FA2D65FCF96A6A6DE6410994CD7D29,deepseek-v4-pro,deepseek-v4-pro,2026-08-15T13:12:38.869566+00:00,2026-08-15T13:13:16.917822+00:00,38.048256,False,False,True,False
AF894EF0CDA9AC6B956A3132BE9EF403B6FD37BCA3735DCCBA77E3BE070557BD,deepseek-v4-pro,deepseek-v4-pro,2026-08-15T12:24:14.835971+00:00,2026-08-15T12:24:53.321209+00:00,38.485238,False,True,True,True
AF9252DFAB7448AD5A64F4FA2D22EC1C8A0E1BA077FF977B327A0C3AA83D7845,deepseek-v4-pro,deepseek-v4-pro,2026-08-15T13:09:35.525800+00:00,2026-08-15T13:10:33.155025+00:00,57.629225,False,False,True,False
AFA8BA1E82E1970D5E4580CCA0A17CDA8A39A0AFAE6462E2379597CE87A534E3,deepseek-v4-pro,deepseek-v4-pro,2026-08-15T13:16:11.316927+00:00,2026-08-15T13:17:15.425173+00:00,64.108246,False,False,True,False
AFF265872266D3C8BC74905BB53589B1F518F96902316EB2723282CA3192BC0D,deepseek-v4-pro,deepseek-v4-pro,2026-08-15T13:16:05.186538+00:00,2026-08-15T13:16:39.563836+00:00,34.377298,False,False,True,False
AFF3DE3B91DD13BA3EB33F0046FC7C59D2BE15F3DF317CA58F95FA412DBCC4E2,deepseek-v4-pro,deepseek-v4-pro,2026-08-15T11:59:24.911723+00:00,2026-08-15T11:59:49.257994+00:00,24.346271,True,True,True,True
AFF9D2C20629EE412127FCD65742DCC0E1BC0406A45A0930ADB9C5678389A36A,deepseek-v4-pro,deepseek-v4-pro,2026-08-15T12:03:43.339423+00:00,2026-08-15T12:04:08.672127+00:00,25.332704,True,True,True,True
B0499AB37DEBA9202900ACE3F9EF566E0952801CB8DF089889E16D7F0B38E3D0,deepseek-v4-pro,deepseek-v4-pro,2026-08-15T12:27:11.325664+00:00,2026-08-15T12:27:43.921833+00:00,32.596169,False,True,True,True
B071FEABB4971B8495AE8101443443F35D70431940F3DAF6CD73BE61945D805A,deepseek-v4-pro,deepseek-v4-pro,2026-08-15T12:28:57.372385+00:00,2026-08-15T12:29:27.472359+00:00,30.099974,False,True,True,True
B075853E36F93A24A9D110C9154F384E68C519F896F3CEA0845573F2B4EAA67B,deepseek-v4-pro,deepseek-v4-pro,2026-08-15T13:08:02.207144+00:00,2026-08-15T13:08:47.584896+00:00,45.377752,False,False,True,False
B0767D83778B96F1527AE0A6C63A3616060345F10400E72FC261D38770FC5528,deepseek-v4-pro,deepseek-v4-pro,2026-08-15T13:10:09.966849+00:00,2026-08-15T13:10:59.715367+00:00,49.748518,False,False,True,False
B11EEBE8F7A008069667D5AECC98A2D63C31C0430DBEEF9DD2E93D1846D3F0C7,deepseek-v4-pro,deepseek-v4-pro,2026-08-15T12:25:26.456096+00:00,2026-08-15T12:26:11.581112+00:00,45.125016,False,True,True,True
B12233CCB774F61B6BED17B495FCDA0F85E96217BAFB3BDC941F03AE470273CC,deepseek-v4-pro,deepseek-v4-pro,2026-08-15T12:04:46.217735+00:00,2026-08-15T12:05:39.852041+00:00,53.634306,True,True,True,True
B154C16E3A2D5E2105780AD1D4719B980C10336A70D84267801BAA3D0F32A018,deepseek-v4-pro,deepseek-v4-pro,2026-08-15T11:58:42.562512+00:00,2026-08-15T11:59:27.424687+00:00,44.862175,True,True,True,True
B15A9E8854F5538A07B31F4075D6C6F609404D40DFFAC80EC1C8C6073B6A9DF0,deepseek-v4-pro,deepseek-v4-pro,2026-08-15T13:15:18.883087+00:00,2026-08-15T13:15:52.921533+00:00,34.038446,False,False,True,False
B1968E967B3E3A97B9B3EA84ED615C27ADAD6D560D989EBC60AAE14E6B46407E,deepseek-v4-pro,deepseek-v4-pro,2026-08-15T13:14:35.467178+00:00,2026-08-15T13:15:26.871804+00:00,51.404626,False,False,True,False
B1B4A318779EE19D2B801E1181F287A9CF6D8AE5E195C532E8F6998A8F13BC01,deepseek-v4-pro,deepseek-v4-pro,2026-08-15T13:11:27.063005+00:00,2026-08-15T13:12:07.768656+00:00,40.705651,False,False,True,False
B1D4CFE952056C81D9CD14A39D3DFE6AEBFC4138738C843FAF802C436CCB97E0,deepseek-v4-pro,deepseek-v4-pro,2026-08-15T13:07:24.058968+00:00,2026-08-15T13:08:06.138589+00:00,42.079621,False,False,True,False
B1E952F39C9EB79B504FA1D4DF9516E55709F010545FCAF3C73FCA2747E419DF,deepseek-v4-pro,deepseek-v4-pro,2026-08-15T13:12:28.240674+00:00,2026-08-15T13:13:12.285170+00:00,44.044496,False,False,True,False
B1EC8771D37BC8DD9F35D616A7998A4850E04845AD7252C7D0C2E4DADD377439,deepseek-v4-pro,deepseek-v4-pro,2026-08-15T12:05:16.396479+00:00,2026-08-15T12:05:51.456468+00:00,35.059989,True,True,True,True
B1F2E603391543AD14CF3EB53FE0BC5C0F69E1FD356A9B4D0B59617D01EA380D,deepseek-v4-pro,deepseek-v4-pro,2026-08-15T11:58:42.510322+00:00,2026-08-15T11:59:13.814533+00:00,31.304211,True,True,True,True
B1FD91180C51E31DC1A3E8C13D7DB069A27751E6E0F38EEDFD3ADE703B36893E,deepseek-v4-pro,deepseek-v4-pro,2026-08-15T12:04:14.329482+00:00,2026-08-15T12:04:46.206134+00:00,31.876652,True,True,True,True
B205FB5A48293723AD853BE54A42EAAFB6CF2E80B302B5C595423904C47701D7,deepseek-v4-pro,deepseek-v4-pro,2026-08-15T13:08:58.978754+00:00,2026-08-15T13:09:34.197216+00:00,35.218462,False,False,True,False
B21C8B8D023E5B481D679937A1F9DCC40797B7330BCEB2FAD8CCDE07DB3D2E1E,deepseek-v4-pro,deepseek-v4-pro,2026-08-15T12:01:00.943496+00:00,2026-08-15T12:01:25.678980+00:00,24.735484,True,True,True,True
B26A13CCFDC389079F10C56FF13EC49748571F44183A8ADFFFA1E7C55AFD4ACD,deepseek-v4-pro,deepseek-v4-pro,2026-08-15T13:12:36.618807+00:00,2026-08-15T13:13:08.344162+00:00,31.725355,False,False,True,False
B274E162970CF73889D1D1EF46EFA9252A95E8A5821BAD4A6FA17290FE29DC34,deepseek-v4-pro,deepseek-v4-pro,2026-08-15T13:14:10.828366+00:00,2026-08-15T13:14:57.517642+00:00,46.689276,False,False,True,False
B277095CDE0D9248E5CFBB12F360ADC3E15675E2D4C69CDC50502D1DA906A073,deepseek-v4-pro,deepseek-v4-pro,2026-08-15T13:17:55.878385+00:00,2026-08-15T13:18:47.109635+00:00,51.23125,False,False,True,False
B2892AFFC55C3C91ACFA7CB701463213ED14513A87FFC4EBE4DEEC0FB8A185AE,deepseek-v4-pro,deepseek-v4-pro,2026-08-15T12:26:27.116075+00:00,2026-08-15T12:27:12.936843+00:00,45.820768,False,True,True,True
B28B33AC967C014D996BD834B7BC995CB59A297281424FF5DEC5B4E415263BA9,deepseek-v4-pro,deepseek-v4-pro,2026-08-15T13:04:34.185031+00:00,2026-08-15T13:04:58.930249+00:00,24.745218,False,False,True,False
B2995B1826A93DF0C73CD29B286DB18EDAB152049726E52B05F227B24AAE4EE4,deepseek-v4-pro,deepseek-v4-pro,2026-08-15T13:09:25.499861+00:00,2026-08-15T13:09:50.096274+00:00,24.596413,False,False,True,False
B2BA8DE308DC3AAEBF9D523A8C92712572A5FC0F95184E387C381AADACDA39C1,deepseek-v4-pro,deepseek-v4-pro,2026-08-15T13:07:38.743626+00:00,2026-08-15T13:08:06.780548+00:00,28.036922,False,False,True,False
B2BF04AB9FF731F5A527672512CF347F1077FEC870713F7ADB9797236AD26C7A,deepseek-v4-pro,deepseek-v4-pro,2026-08-15T13:05:10.285220+00:00,2026-08-15T13:05:52.087172+00:00,41.801952,False,False,True,False
B301A45F4E0741845D315CF496235330C6252BF8329C5724A4AE6E11D8BC8EC0,deepseek-v4-pro,deepseek-v4-pro,2026-08-15T13:14:35.730010+00:00,2026-08-15T13:15:06.341789+00:00,30.611779,False,False,True,False
B3245248E93EED34F19F3AF6EACB7A94777DC04FB8CA38D13810D82EFD678BB1,deepseek-v4-pro,deepseek-v4-pro,2026-08-15T13:07:19.505570+00:00,2026-08-15T13:07:50.866526+00:00,31.360956,False,False,True,False
B3479C88D461A1FE8F478F33D949E8A6746C2187AC654FCD29FACE42699C008A,deepseek-v4-pro,deepseek-v4-pro,2026-08-15T13:09:31.181642+00:00,2026-08-15T13:10:01.330494+00:00,30.148852,False,False,True,False
B362FE9B1E244235BD4C57A1D606CDF20FCB627FC7248222B50E7DA6D353672C,deepseek-v4-pro,deepseek-v4-pro,2026-08-15T13:07:21.238403+00:00,2026-08-15T13:07:51.971532+00:00,30.733129,False,False,True,False
B38C962E823FD802B6BB7445FAEF4027D01D08A84AFDDA6A30A98CA220905240,deepseek-v4-pro,deepseek-v4-pro,2026-08-15T12:26:44.410526+00:00,2026-08-15T12:27:21.256033+00:00,36.845507,False,True,True,True
B3962D05BC909F40AEB431DD85A95F0BA8D93B6F2DE8CABDC724BB9FA92E4193,deepseek-v4-pro,deepseek-v4-pro,2026-08-15T12:04:42.238647+00:00,2026-08-15T12:05:14.691827+00:00,32.45318,True,True,True,True
B3A3CBB693CAF1106E2098053494FCDCA1665C99B3DD27A5DEBA55FED0E27FC7,deepseek-v4-pro,deepseek-v4-pro,2026-08-15T12:05:09.146950+00:00,2026-08-15T12:05:49.361808+00:00,40.214858,True,True,True,True
B3B4F888B1E98B6BFA879E9A43801FE49E8093AF8498372805D76139B2A8241E,deepseek-v4-pro,deepseek-v4-pro,2026-08-15T13:09:53.917884+00:00,2026-08-15T13:10:25.562734+00:00,31.64485,False,False,True,False
B3C5535C46D32D18D10E29B8E9649EC5C4DCE07D4192990159E9F1F659626A22,deepseek-v4-pro,deepseek-v4-pro,2026-08-15T13:11:27.896952+00:00,2026-08-15T13:11:50.068334+00:00,22.171382,False,False,True,False
B3EDBB86B0123C2E59A6840F0A2703F094877670DB6AEA3D564B53353132BFD3,deepseek-v4-pro,deepseek-v4-pro,2026-08-15T12:26:30.293578+00:00,2026-08-15T12:27:12.965813+00:00,42.672235,False,True,True,True
B422C31DDD57F7B184230A8464ED773AB7B1F446DF087A08250FE2FD7079A0C0,deepseek-v4-pro,deepseek-v4-pro,2026-08-15T12:26:06.379429+00:00,2026-08-15T12:26:44.101490+00:00,37.722061,False,True,True,True
B45F9882AC1BD48DF3524C5B4E26E147450253581771C794686913C20B7851A0,deepseek-v4-pro,deepseek-v4-pro,2026-08-15T12:26:15.024545+00:00,2026-08-15T12:27:03.237467+00:00,48.212922,False,True,True,True
B4942DE3C38A8E377D13223376C84C00A3499E93959BE497CA8368F6F02BDAB6,deepseek-v4-pro,deepseek-v4-pro,2026-08-15T12:24:38.626909+00:00,2026-08-15T12:24:59.637011+00:00,21.010102,False,True,True,True
B4A4C42365CEF386CF6CE1529CD6517B5701BF1744B55523AF27A4E9EEC28D58,deepseek-v4-pro,deepseek-v4-pro,2026-08-15T12:03:25.317392+00:00,2026-08-15T12:04:03.591267+00:00,38.273875,True,True,True,True
B4A7E0C231A6D7A813771EE3D83AF9BED2B28F5144580921B6EC4147E87F21D7,deepseek-v4-pro,deepseek-v4-pro,2026-08-15T13:07:35.819603+00:00,2026-08-15T13:08:11.445995+00:00,35.626392,False,False,True,False
B4C03F14720DD9CB45B69C4347066B2E0C96F7E7751547E38E938F2850A0370B,deepseek-v4-pro,deepseek-v4-pro,2026-08-15T13:10:06.565668+00:00,2026-08-15T13:10:51.552365+00:00,44.986697,False,False,True,False
B4C4A3A43B80C845402EA4EACE7ABF6FED3174B2ECBB9E8C4A129994F674BF07,deepseek-v4-pro,deepseek-v4-pro,2026-08-15T12:03:57.564332+00:00,2026-08-15T12:04:19.392091+00:00,21.827759,True,True,True,True
B4ED7D15C047F1C54D8C4E844E7951C1EF4A34066291EEE6B9E57FDFE60DB291,deepseek-v4-pro,deepseek-v4-pro,2026-08-15T13:17:34.029895+00:00,2026-08-15T13:18:03.472079+00:00,29.442184,False,False,True,False
B51432655B17D776B2D5CB295C6B98F8F1E0624ACCC5C90F61DDE9F9C8AA571F,deepseek-v4-pro,deepseek-v4-pro,2026-08-15T13:05:44.931182+00:00,2026-08-15T13:06:09.257256+00:00,24.326074,False,False,True,False
B56A1AA9A22A06738E5029765F28EE5C738E6AC6FDDA9DCED8EF290AC5F79E98,deepseek-v4-pro,deepseek-v4-pro,2026-08-15T13:18:18.412325+00:00,2026-08-15T13:18:55.055991+00:00,36.643666,False,False,True,False
B586B093C6DA62FEF93261C19E3F39F4E6DB94421D15EB875B85BAD7146ABC66,deepseek-v4-pro,deepseek-v4-pro,2026-08-15T13:14:28.634966+00:00,2026-08-15T13:15:09.267933+00:00,40.632967,False,False,True,False
B5F11CC3F0CDE825A36E1BA880963B9BC235AE63360AC4533CDD58089E0B5619,deepseek-v4-pro,deepseek-v4-pro,2026-08-15T13:06:04.718930+00:00,2026-08-15T13:06:25.820726+00:00,21.101796,False,False,True,False
B5F5F43677BCDC8371C2109625A1AD7DE169DB8607C58200FF4AC4D99B193269,deepseek-v4-pro,deepseek-v4-pro,2026-08-15T13:08:47.591004+00:00,2026-08-15T13:09:43.599089+00:00,56.008085,False,False,True,False
B6115508B4770A7C7189705DC0E77552018A1AC8200C6A40A55E3AAFACF7289C,deepseek-v4-pro,deepseek-v4-pro,2026-08-15T12:27:55.094903+00:00,2026-08-15T12:28:37.506583+00:00,42.41168,False,True,True,True
B61EE1C0D78303584DC40285ED48512B1CAF498438487903D5266DF3EB70C32F,deepseek-v4-pro,deepseek-v4-pro,2026-08-15T12:03:37.835934+00:00,2026-08-15T12:04:08.168663+00:00,30.332729,True,True,True,True
B6616EB0763056206ECCDE0FD042EE3CC8EFD7D5F344077AC829C44B904B285D,deepseek-v4-pro,deepseek-v4-pro,2026-08-15T13:14:32.781582+00:00,2026-08-15T13:15:13.039971+00:00,40.258389,False,False,True,False
B6699C87B1140729F57C49A11B8C20A26B5785CF11A51EA64BA4425145866218,deepseek-v4-pro,deepseek-v4-pro,2026-08-15T13:11:18.164226+00:00,2026-08-15T13:11:45.379100+00:00,27.214874,False,False,True,False
B69E0ABA6FDCD5B989BE7B321EC88C3A9D270ADB87C774136CF80D9C77C5FB0B,deepseek-v4-pro,deepseek-v4-pro,2026-08-15T13:08:42.688260+00:00,2026-08-15T13:09:19.678105+00:00,36.989845,False,False,True,False
B6B3A284013DC54E98B02B2CCEAC4998931608A96D73E97EE0C8B2F9F441F312,deepseek-v4-pro,deepseek-v4-pro,2026-08-15T13:09:55.981702+00:00,2026-08-15T13:10:24.799874+00:00,28.818172,False,False,True,False
B6CBFCEB743A5D6C52535C0FEB38D4106F42F75D4A24B12853FC6F6BA37611E1,deepseek-v4-pro,deepseek-v4-pro,2026-08-15T12:28:10.513768+00:00,2026-08-15T12:29:08.187741+00:00,57.673973,False,True,True,True
B6E63B5232A8D3B635600482283BD69B0DC85DDF5F5FD7547E40470488DA2057,deepseek-v4-pro,deepseek-v4-pro,2026-08-15T13:06:21.241775+00:00,2026-08-15T13:06:51.705176+00:00,30.463401,False,False,True,False
B729A1F65457B1CB65E157F69DB96ED9FFEE902FC387F798D55C81112C9A61E6,deepseek-v4-pro,deepseek-v4-pro,2026-08-15T13:07:44.490397+00:00,2026-08-15T13:08:14.668304+00:00,30.177907,False,False,True,False
B747DC17F753EDBCB47E782D13DD6103786286EE252B3FEB76484A3CCE09B005,deepseek-v4-pro,deepseek-v4-pro,2026-08-15T12:26:05.279222+00:00,2026-08-15T12:26:34.494970+00:00,29.215748,False,True,True,True
B756A42F93F7CE2BA5E12F3359108C60E063476E88269E52A0FC1E9F5ECA80BF,deepseek-v4-pro,deepseek-v4-pro,2026-08-15T12:00:05.338642+00:00,2026-08-15T12:00:36.399785+00:00,31.061143,True,True,True,True
B77870D25DF8CC9D8FB423D5E9EF319EDB58EF10C2D7C802DCFCA0E340180D45,deepseek-v4-pro,deepseek-v4-pro,2026-08-15T12:24:28.820389+00:00,2026-08-15T12:24:46.034809+00:00,17.21442,False,True,True,True
B7882C8B0CA0675E9BFF989B986C40E6824887D5904EF250229C74EF6FF45F9E,deepseek-v4-pro,deepseek-v4-pro,2026-08-15T12:25:46.867973+00:00,2026-08-15T12:26:19.993839+00:00,33.125866,False,True,True,True
B7B28CFD7D6EEBFCD256CF7C7B8096356614BF26603FA2B3382EC215C4A1CBBC,deepseek-v4-pro,deepseek-v4-pro,2026-08-15T13:11:15.988211+00:00,2026-08-15T13:12:01.657934+00:00,45.669723,False,False,True,False
B7B96DF73142325BD5A93C2DFCAAF2313D13D6A6775D41B93162548A02FB4DE6,deepseek-v4-pro,deepseek-v4-pro,2026-08-15T12:05:10.309375+00:00,2026-08-15T12:05:34.749208+00:00,24.439833,True,True,True,True
B7F06794601E20681377E4141460D878B956665A57113A56A9250DE6BBC205BC,deepseek-v4-pro,deepseek-v4-pro,2026-08-15T13:11:27.050987+00:00,2026-08-15T13:12:17.103938+00:00,50.052951,False,False,True,False
B8049CD39E8211184A068FBEDD02C95533FB57D0E6A08EAF09E8BCC4751423ED,deepseek-v4-pro,deepseek-v4-pro,2026-08-15T13:15:50.994694+00:00,2026-08-15T13:16:32.664347+00:00,41.669653,False,False,True,False
B8186EFED6934A21B5F2F961805B21CBFE0E1DA295C937B9A714C35E222BBDD9,deepseek-v4-pro,deepseek-v4-pro,2026-08-15T13:16:07.407137+00:00,2026-08-15T13:16:59.456328+00:00,52.049191,False,False,True,False
B825F666AF215162D5E6814C46EBF3F00038717C03734150D40A32406D59F91B,deepseek-v4-pro,deepseek-v4-pro,2026-08-15T12:23:51.953105+00:00,2026-08-15T12:24:13.078693+00:00,21.125588,False,True,True,True
B852B32F2BE76C4AC540140AEF0AD51B8559A7DB306F93FC08E2ECF51CB13277,deepseek-v4-pro,deepseek-v4-pro,2026-08-15T13:15:52.926866+00:00,2026-08-15T13:16:24.281657+00:00,31.354791,False,False,True,False
B87DA3599240CB976758896B20C8FE9DCEFC134E503F3DEB6B673857EFB776D6,deepseek-v4-pro,deepseek-v4-pro,2026-08-15T12:23:34.806532+00:00,2026-08-15T12:24:04.700913+00:00,29.894381,False,True,True,True
B8C7BA535857BF5CFE7F158AA0B41E3EB07C57B9FE932B60117BBDB2993170F1,deepseek-v4-pro,deepseek-v4-pro,2026-08-15T11:59:14.680220+00:00,2026-08-15T11:59:47.644775+00:00,32.964555,True,True,True,True
B8D29EBBACA9B6E412BD52A2E36581F7F6E31612B5EBCF24009266BE0B69C25E,deepseek-v4-pro,deepseek-v4-pro,2026-08-15T12:02:07.054530+00:00,2026-08-15T12:02:31.499169+00:00,24.444639,True,True,True,True
B8D5F14678ACB093A873E68ACEBF50C49B0F2AB5BC64ABC953E1C4C00274827F,deepseek-v4-pro,deepseek-v4-pro,2026-08-15T12:25:14.747268+00:00,2026-08-15T12:25:57.110792+00:00,42.363524,False,True,True,True
B8DA0FC890255969E0F031B759CA251245C2307377E55A5B2844B402DBE12BCB,deepseek-v4-pro,deepseek-v4-pro,2026-08-15T13:16:41.147055+00:00,2026-08-15T13:17:01.145847+00:00,19.998792,False,False,True,False
B8F30C76FE5AF69ACAA56F8CFC28C34FB586DB1A70E8510A016589F3F011BA12,deepseek-v4-pro,deepseek-v4-pro,2026-08-15T12:26:48.411369+00:00,2026-08-15T12:27:11.320859+00:00,22.90949,False,True,True,True
B8F64740AA361E311173F196B84A0835EB9B7FFFB855D87DEBB67A19B5E2658B,deepseek-v4-pro,deepseek-v4-pro,2026-08-15T13:13:33.760459+00:00,2026-08-15T13:14:05.587389+00:00,31.82693,False,False,True,False
B90B0912681BAAFB098D6497E8DEE7865F84398CCEFA39956BBBF20CDD011DB8,deepseek-v4-pro,deepseek-v4-pro,2026-08-15T13:10:47.652666+00:00,2026-08-15T13:11:16.294149+00:00,28.641483,False,False,True,False
B92C5C7EECCBBB5B31F576B9AAD5D6299472B6D4DA641DCCD46CB103BBE85AC4,deepseek-v4-pro,deepseek-v4-pro,2026-08-15T12:28:13.092811+00:00,2026-08-15T12:28:40.122954+00:00,27.030143,False,True,True,True
B97CE818976FFE9619FE6A4D9244F0DA2027EA31B3660D36390616F91325CEB6,deepseek-v4-pro,deepseek-v4-pro,2026-08-15T13:03:46.952363+00:00,2026-08-15T13:04:24.020184+00:00,37.067821,False,False,True,False
B9961E451740AC57790D9AF54A33A65B72F742FDE8920534D6CEE143165352FA,deepseek-v4-pro,deepseek-v4-pro,2026-08-15T13:05:18.113894+00:00,2026-08-15T13:06:11.873041+00:00,53.759147,False,False,True,False
B9A399676AE5758BAEE0C9BB63B8653EE0670A9045D61CDB0F846A8CB7C9CF98,deepseek-v4-pro,deepseek-v4-pro,2026-08-15T12:03:17.130593+00:00,2026-08-15T12:04:10.224897+00:00,53.094304,True,True,True,True
B9AD36700D8F864A58BB8DFDF9B9256DD607EFE6376AB4CF0B18B55AE2CD119F,deepseek-v4-pro,deepseek-v4-pro,2026-08-15T13:18:03.478351+00:00,2026-08-15T13:18:47.976972+00:00,44.498621,False,False,True,False
B9F02A9D87390DA14061C115D7940747832AD74D24626F450DD7A8D46588D30B,deepseek-v4-pro,deepseek-v4-pro,2026-08-15T11:59:46.829380+00:00,2026-08-15T12:00:20.530669+00:00,33.701289,True,True,True,True
B9F3088DD1E7FF026B156A6801652E69A1DC3BE2169191A314B9026663A44E1E,deepseek-v4-pro,deepseek-v4-pro,2026-08-15T12:02:26.704748+00:00,2026-08-15T12:02:48.498607+00:00,21.793859,True,True,True,True
BA005118890E7398C915EB85CE737456C1CE7A4FC4902AA6F4AC736A53B4FFC5,deepseek-v4-pro,deepseek-v4-pro,2026-08-15T13:09:45.605730+00:00,2026-08-15T13:10:40.671648+00:00,55.065918,False,False,True,False
BA22F19FBAA2EB4F9FFB7317D62E8AE1E2C8827F6A4FEA4880487CACC466B435,deepseek-v4-pro,deepseek-v4-pro,2026-08-15T13:14:31.670135+00:00,2026-08-15T13:14:58.050677+00:00,26.380542,False,False,True,False
BA251506E1B7FC67152B4A20BD60164D024FF62A0E36D7EFEA44FD4C8E6D2FF7,deepseek-v4-pro,deepseek-v4-pro,2026-08-15T12:25:12.846066+00:00,2026-08-15T12:25:46.862326+00:00,34.01626,False,True,True,True
BA4B960E629AB585C3022CCD4A5D53EF54AC7E532EF1184192D3BEC7377C62C0,deepseek-v4-pro,deepseek-v4-pro,2026-08-15T12:22:53.926867+00:00,2026-08-15T12:23:49.435482+00:00,55.508615,False,True,True,True
BA4CC38C6675F7ACE3FD2976FC4DA3CB22AA59BF29319C9DF9057169241F5EB2,deepseek-v4-pro,deepseek-v4-pro,2026-08-15T13:09:11.088190+00:00,2026-08-15T13:09:39.298987+00:00,28.210797,False,False,True,False
BA5641DF89E02CD7CFA09F4E61781DDA933A8E15DCED972DD8F240F2A9AFCF68,deepseek-v4-pro,deepseek-v4-pro,2026-08-15T12:01:03.955651+00:00,2026-08-15T12:01:24.504586+00:00,20.548935,True,True,True,True
BA6032212294C94D90C79967D7C08CEC7056A0ED58D493EFB295D84609DDC50F,deepseek-v4-pro,deepseek-v4-pro,2026-08-15T13:17:41.432782+00:00,2026-08-15T13:18:14.442524+00:00,33.009742,False,False,True,False
BA889D25D5A077BA4A86A3546AD7974576667DE8FC2157AB6EB0641A94F052A9,deepseek-v4-pro,deepseek-v4-pro,2026-08-15T12:04:38.555534+00:00,2026-08-15T12:05:21.802344+00:00,43.24681,True,True,True,True
BA9C1D1A376ADB472064BC93FB872B9A733733483703CB497273BD1E5FF902BA,deepseek-v4-pro,deepseek-v4-pro,2026-08-15T12:25:39.694789+00:00,2026-08-15T12:26:04.253821+00:00,24.559032,False,True,True,True
BAA436D9F428045F16587950F6BB4231B945164D4E722E92E4F6442B7DDF8BB4,deepseek-v4-pro,deepseek-v4-pro,2026-08-15T12:26:46.112709+00:00,2026-08-15T12:27:17.284483+00:00,31.171774,False,True,True,True
BAF7C234744E174F78B58E987202F12E51C1063693532C79A29A9B73318D03F3,deepseek-v4-pro,deepseek-v4-pro,2026-08-15T12:03:36.659243+00:00,2026-08-15T12:04:13.614831+00:00,36.955588,True,True,True,True
BAF855B2BD80107E2D35F3996E8330C354DCBB2CA91B83797265027DD14AE3D0,deepseek-v4-pro,deepseek-v4-pro,2026-08-15T13:08:13.118348+00:00,2026-08-15T13:09:02.557554+00:00,49.439206,False,False,True,False
BB06710E90610BE06E1ED690566E8EB76B609413A3603AB9C175754AD9DBBCE7,deepseek-v4-pro,deepseek-v4-pro,2026-08-15T13:18:57.388915+00:00,2026-08-15T13:19:48.456236+00:00,51.067321,False,False,True,False
BB0D36F54024A3698148C1BE0FB84FAE63E627E346585531D92CEBEC80784D03,deepseek-v4-pro,deepseek-v4-pro,2026-08-15T12:24:18.879996+00:00,2026-08-15T12:24:35.632348+00:00,16.752352,False,True,True,True
BB1742F9F60237273BE4A285E8CF1672366AC1D65047C1AAA32851BD43445DCD,deepseek-v4-pro,deepseek-v4-pro,2026-08-15T13:14:58.816207+00:00,2026-08-15T13:15:38.344293+00:00,39.528086,False,False,True,False
BB223F772339132B1FDE25C52B9854825117D5746E0C4311D982A84895917934,deepseek-v4-pro,deepseek-v4-pro,2026-08-15T13:17:07.741323+00:00,2026-08-15T13:17:38.520812+00:00,30.779489,False,False,True,False
BB3F060431E9C2CC1FC7788B445A8DB5D6D6DDC37E950AB6C79ACF338F930474,deepseek-v4-pro,deepseek-v4-pro,2026-08-15T13:14:45.136782+00:00,2026-08-15T13:15:12.600025+00:00,27.463243,False,False,True,False
BB7610775FBD421A566E471FAA827FDB6D035E4DFC2349FE79FEA350B96E7542,deepseek-v4-pro,deepseek-v4-pro,2026-08-15T12:29:23.513414+00:00,2026-08-15T12:29:49.184590+00:00,25.671176,False,True,True,True
BB78E5DC8D333457837C4321E105C3D6E0F98606BCB6E19CA10FF58E5EE0D2EF,deepseek-v4-pro,deepseek-v4-pro,2026-08-15T12:04:59.696176+00:00,2026-08-15T12:05:29.698094+00:00,30.001918,True,True,True,True
BB95799470DF78CA101293BB9EB78719F8EA01DF23D768F3193B20FC4EE544A1,deepseek-v4-pro,deepseek-v4-pro,2026-08-15T12:24:15.238816+00:00,2026-08-15T12:24:55.018434+00:00,39.779618,False,True,True,True
BBD327F362929232A58D9BF654195E80463314199EA4A4E2DA7FB1ECBD6EC69E,deepseek-v4-pro,deepseek-v4-pro,2026-08-15T13:04:58.935149+00:00,2026-08-15T13:05:28.332177+00:00,29.397028,False,False,True,False
BBD6F081EE44095711627EE70BE2D9927FF95967DF84BB343608430765A73C65,deepseek-v4-pro,deepseek-v4-pro,2026-08-15T12:05:39.857765+00:00,2026-08-15T12:06:15.968946+00:00,36.111181,True,True,True,True
BBE02F4BEC2DA8D9C93A21C75A29DC074E3484B644342F76AEF72B090DDB3D3E,deepseek-v4-pro,deepseek-v4-pro,2026-08-15T13:08:51.645804+00:00,2026-08-15T13:09:35.968781+00:00,44.322977,False,False,True,False
BBE4FA4A4E15B3EEACBBB0C4445FAD8B20566292133AD57361026669263014FD,deepseek-v4-pro,deepseek-v4-pro,2026-08-15T12:26:07.932802+00:00,2026-08-15T12:26:42.004389+00:00,34.071587,False,True,True,True
BC2122CF4C9E39FF317638A113273A44D58171B0409124C65AFB0F00C0B951E3,deepseek-v4-pro,deepseek-v4-pro,2026-08-15T13:15:09.272502+00:00,2026-08-15T13:15:46.864273+00:00,37.591771,False,False,True,False
BCA3710E2CF91847F69A2556D3C92AE365E673E044FFF28F822FCDE3106DDB28,deepseek-v4-pro,deepseek-v4-pro,2026-08-15T12:27:40.696631+00:00,2026-08-15T12:28:08.176464+00:00,27.479833,False,True,True,True
BCD531E8D2F8F83BE6AA9DBD6B1DC4BA006DA6615D06B9A4ABEBB3032989A3CB,deepseek-v4-pro,deepseek-v4-pro,2026-08-15T13:13:19.220572+00:00,2026-08-15T13:13:46.080789+00:00,26.860217,False,False,True,False
BCED05CBFF3E3432433860C0EAB148128A30F2AB2545C1B2C5D85F7E77BA5A36,deepseek-v4-pro,deepseek-v4-pro,2026-08-15T12:24:05.947922+00:00,2026-08-15T12:24:38.497038+00:00,32.549116,False,True,True,True
BD06F753BE99690F838FE1251DEB0A958BD0CE4D798B7BF629D02D07ECED2DEC,deepseek-v4-pro,deepseek-v4-pro,2026-08-15T12:24:12.636984+00:00,2026-08-15T12:24:26.615476+00:00,13.978492,False,True,True,True
BD1885036D30C4F9450CF9CB7F03FCD455ED4AD056A8EDC1574E7E71B9EB152D,deepseek-v4-pro,deepseek-v4-pro,2026-08-15T13:07:35.406062+00:00,2026-08-15T13:08:13.720410+00:00,38.314348,False,False,True,False
BD19ACEA68A6841CC1739F51BEEA43EC20AD953A1B116F3ADE5AEE3F1132AF23,deepseek-v4-pro,deepseek-v4-pro,2026-08-15T12:02:55.308117+00:00,2026-08-15T12:03:28.610607+00:00,33.30249,True,True,True,True
BD375C5548A21AC91CD21E7C5CEC3765DC192620C2F37F7F9EA608D1A37A697C,deepseek-v4-pro,deepseek-v4-pro,2026-08-15T12:29:09.351944+00:00,2026-08-15T12:29:41.628013+00:00,32.276069,False,True,True,True
BD401CF71B8B91D0DB0C4AC64BB65F6D942F0A1A2C895031EC18378A2239F2EF,deepseek-v4-pro,deepseek-v4-pro,2026-08-15T13:15:02.668594+00:00,2026-08-15T13:15:33.593345+00:00,30.924751,False,False,True,False
BD5122BFB63493A07784DF6CEAE4438BFC4F6C822A70BF8F5DCB51B6F1E36712,deepseek-v4-pro,deepseek-v4-pro,2026-08-15T13:18:10.255055+00:00,2026-08-15T13:18:54.027267+00:00,43.772212,False,False,True,False
BD5DCF892CD60C9C9DC86287CA4C63A47C86D07DD976AE22DDBE707A57B682A4,deepseek-v4-pro,deepseek-v4-pro,2026-08-15T13:17:25.894671+00:00,2026-08-15T13:17:57.505804+00:00,31.611133,False,False,True,False
BD854EE10109992580FC63E089BC2C55E5262B10B0A5192D039C338BA3ACA2B7,deepseek-v4-pro,deepseek-v4-pro,2026-08-15T12:27:41.460293+00:00,2026-08-15T12:28:23.020848+00:00,41.560555,False,True,True,True
BD9CD960C2BD6E9484376CD4E0B6A73D5F7C273E3016054017C550FCE5D40444,deepseek-v4-pro,deepseek-v4-pro,2026-08-15T13:17:59.283660+00:00,2026-08-15T13:18:35.905724+00:00,36.622064,False,False,True,False
BE0C0E4D5EB0DD4B557EE4ACBE88BD47AC8DA68EAB2AA2D50FA6E9EBA23753A6,deepseek-v4-pro,deepseek-v4-pro,2026-08-15T13:09:13.001145+00:00,2026-08-15T13:09:49.820496+00:00,36.819351,False,False,True,False
BE81E3E6D7D99ACE2FA11ED3415B4D1D325A29A7E1260DD2D59360DA42B3DAA8,deepseek-v4-pro,deepseek-v4-pro,2026-08-15T11:59:12.071980+00:00,2026-08-15T11:59:34.881564+00:00,22.809584,True,True,True,True
BEB5AE30339094B418B09FAAFB7299C47FEF4A5F89C47F3C0EBFC5C266A1AB35,deepseek-v4-pro,deepseek-v4-pro,2026-08-15T12:25:09.425450+00:00,2026-08-15T12:25:38.725242+00:00,29.299792,False,True,True,True
BF3BEE0A1FBD15E46B185CB8491BCB7DBE1E7708CAED755A35755C4F7CEFA38D,deepseek-v4-pro,deepseek-v4-pro,2026-08-15T13:13:12.571765+00:00,2026-08-15T13:13:40.515866+00:00,27.944101,False,False,True,False
BF752D5AA8F98E944A6C99A17050F8D2CAED0D976EE6043AD42CBE7CECDCE920,deepseek-v4-pro,deepseek-v4-pro,2026-08-15T13:13:36.702219+00:00,2026-08-15T13:14:06.281410+00:00,29.579191,False,False,True,False
BF9DCD34AC2D42129837EBC22AE32B9ABCC342308EAE5EA1855F46747272253A,deepseek-v4-pro,deepseek-v4-pro,2026-08-15T12:00:11.946387+00:00,2026-08-15T12:00:37.576742+00:00,25.630355,True,True,True,True
BFBF470B7629E508ED52DFE1B1B44569090AAE1077FAA3DF2209EC140D47FC66,deepseek-v4-pro,deepseek-v4-pro,2026-08-15T13:17:29.753208+00:00,2026-08-15T13:18:11.677856+00:00,41.924648,False,False,True,False
BFD229F5158FCBAAE80DA4177CD13A7676C52F653700042E9C50378AFF50D087,deepseek-v4-pro,deepseek-v4-pro,2026-08-15T12:26:16.910320+00:00,2026-08-15T12:27:30.270983+00:00,73.360663,False,True,True,True
BFE43C7B6B6387FB8DCB42D6616C0D074F8A812CFC20D2F44F5E81BB406BC3E4,deepseek-v4-pro,deepseek-v4-pro,2026-08-15T13:18:51.223364+00:00,2026-08-15T13:19:26.723312+00:00,35.499948,False,False,True,False
BFFBF57C51E03A80C40C9233DEC8D09BA40BA334DE74B111CC77B76E295E4734,deepseek-v4-pro,deepseek-v4-pro,2026-08-15T13:06:33.379245+00:00,2026-08-15T13:06:55.489629+00:00,22.110384,False,False,True,False
BFFE3851669C8A23276AC4757A80706B688F942EAE0ABA46E81797572FD3AE70,deepseek-v4-pro,deepseek-v4-pro,2026-08-15T12:01:19.659504+00:00,2026-08-15T12:01:49.515880+00:00,29.856376,True,True,True,True
C019C3D2FAA88EDD05AAF67F9188E0D1D60AD616BE56F38376179C2D4A984BC4,deepseek-v4-pro,deepseek-v4-pro,2026-08-15T12:02:31.503269+00:00,2026-08-15T12:03:00.406846+00:00,28.903577,True,True,True,True
C01CDAAEA2CFECB47428577E9802DABA7261D8B06D66509DE3BF5E1FAA4F0362,deepseek-v4-pro,deepseek-v4-pro,2026-08-15T13:08:14.673312+00:00,2026-08-15T13:08:50.803832+00:00,36.13052,False,False,True,False
C04C0DD11FB68E588E0FD7A7E916E823F45C5830C80E74D807EF0BA40C9EFC46,deepseek-v4-pro,deepseek-v4-pro,2026-08-15T11:59:27.430159+00:00,2026-08-15T12:00:04.148256+00:00,36.718097,True,True,True,True
C06488387B00DCCA35B81853C7A904A56C1232006E83857D959682597E154D46,deepseek-v4-pro,deepseek-v4-pro,2026-08-15T13:05:09.780155+00:00,2026-08-15T13:05:49.158059+00:00,39.377904,False,False,True,False
C0674F2D995C13E0F6B636A570E8AF8C7A10F3005E12B2A2A84CDCF76DCF9570,deepseek-v4-pro,deepseek-v4-pro,2026-08-15T13:04:53.410514+00:00,2026-08-15T13:05:51.428874+00:00,58.01836,False,False,True,False
C0726979B5A244DF4B38313E99F9CC0F3F84911D2ED2FF725A5424A90E0E6B6B,deepseek-v4-pro,deepseek-v4-pro,2026-08-15T12:25:47.777157+00:00,2026-08-15T12:26:16.198761+00:00,28.421604,False,True,True,True
C0BF7E06599CDBD6ED8719F8D34D114CF0866EA0B6D901B376A53D829842BF12,deepseek-v4-pro,deepseek-v4-pro,2026-08-15T13:10:59.719375+00:00,2026-08-15T13:11:47.569463+00:00,47.850088,False,False,True,False
C0C2DD4F9E82D8713CCCE3B1EFAE90A20CC3283160BCD9451F3C1AA44EE8BEB3,deepseek-v4-pro,deepseek-v4-pro,2026-08-15T13:08:43.056594+00:00,2026-08-15T13:09:07.232455+00:00,24.175861,False,False,True,False
C100E30F03B406378141E6EE426287564BABD6AF8CF10CD96D4BF5F7B287B19D,deepseek-v4-pro,deepseek-v4-pro,2026-08-15T13:10:03.251562+00:00,2026-08-15T13:10:39.094509+00:00,35.842947,False,False,True,False
C148501BA2EE05731ADCBEB2C6C42DCB8C3E9F451A248C0B5AA494FEBFA38DE9,deepseek-v4-pro,deepseek-v4-pro,2026-08-15T11:58:42.581428+00:00,2026-08-15T11:59:07.933266+00:00,25.351838,True,True,True,True
C18CB780939707D332313C12B25C430A4F5FCB35F2ACC0DD2558F46189EC2131,deepseek-v4-pro,deepseek-v4-pro,2026-08-15T12:25:49.488734+00:00,2026-08-15T12:26:29.971451+00:00,40.482717,False,True,True,True
C199D48329FCC01C64BC0A360AA8C32874D1D5B5CB094FBFDAE99D16AF8BDDDF,deepseek-v4-pro,deepseek-v4-pro,2026-08-15T13:09:53.887259+00:00,2026-08-15T13:10:21.397147+00:00,27.509888,False,False,True,False
C2598AD326302BAE776A8C45822A2321720173C3D90B0F71E5DAF314D628AC41,deepseek-v4-pro,deepseek-v4-pro,2026-08-15T13:14:05.526515+00:00,2026-08-15T13:14:31.663547+00:00,26.137032,False,False,True,False
C2DB0C58974FC216B4C6F471BC5907921A7B574774015530CB2E3E7CA1A6AC89,deepseek-v4-pro,deepseek-v4-pro,2026-08-15T13:14:52.683198+00:00,2026-08-15T13:15:18.871107+00:00,26.187909,False,False,True,False
C32D972182B5ACED522558A36606E947484DC506E2B7F308F1663BA2556487B4,deepseek-v4-pro,deepseek-v4-pro,2026-08-15T11:59:23.298846+00:00,2026-08-15T12:00:05.332636+00:00,42.03379,True,True,True,True
C33B49B8598793D76D8824D71FDBA3669057C68841036FB91F2CCC3F26920BED,deepseek-v4-pro,deepseek-v4-pro,2026-08-15T13:12:17.111070+00:00,2026-08-15T13:12:37.251120+00:00,20.14005,False,False,True,False
C35C8C8E2B723AB92B776D804D296A6FDB3BF9C8323A160956543574D82F24F9,deepseek-v4-pro,deepseek-v4-pro,2026-08-15T12:25:27.279557+00:00,2026-08-15T12:25:51.660297+00:00,24.38074,False,True,True,True
C38E435B188372702BE2F6728780BFBDE435D012BD354BF48AD7D399D6FA2F6A,deepseek-v4-pro,deepseek-v4-pro,2026-08-15T13:07:19.499411+00:00,2026-08-15T13:07:47.453760+00:00,27.954349,False,False,True,False
C3BB5A5C8A7F0A6B63ED581D3B64A4BFAC48559327CEC184A75A5277F2F4F619,deepseek-v4-pro,deepseek-v4-pro,2026-08-15T13:16:31.274575+00:00,2026-08-15T13:17:16.921919+00:00,45.647344,False,False,True,False
C3C6F4F1BFA0E5F0ADD3899335C07ECC27621DD5E802E8C9A978696AD67C66C7,deepseek-v4-pro,deepseek-v4-pro,2026-08-15T13:16:24.806405+00:00,2026-08-15T13:17:17.452607+00:00,52.646202,False,False,True,False
C3E473B8C142A1E42B2BF5E2FD84C3D3FB009723FD46421DA2C761D9B791F9F0,deepseek-v4-pro,deepseek-v4-pro,2026-08-15T13:04:14.860304+00:00,2026-08-15T13:04:44.443472+00:00,29.583168,False,False,True,False
C3FBF1DF127C50BE47F0044CE29CB7AC7AB40A36E55A8337E0FF0FD5594D8802,deepseek-v4-pro,deepseek-v4-pro,2026-08-15T13:04:28.424236+00:00,2026-08-15T13:04:54.605773+00:00,26.181537,False,False,True,False
C4329F17ABB4CAE34A12A96DCB70DFB91D3A778E44319C791406F438592E269C,deepseek-v4-pro,deepseek-v4-pro,2026-08-15T12:24:55.005160+00:00,2026-08-15T12:25:28.068785+00:00,33.063625,False,True,True,True
C43EB2CD3CFC36CDB8843E618062A6E4B85B2A90699AA415E8E977F37B24A248,deepseek-v4-pro,deepseek-v4-pro,2026-08-15T12:04:13.928050+00:00,2026-08-15T12:05:08.194777+00:00,54.266727,True,True,True,True
C440AA2B370BF58EFAF9F07C1FA1F77F394910F53CEF8A27731DE617307A1D67,deepseek-v4-pro,deepseek-v4-pro,2026-08-15T12:24:18.015751+00:00,2026-08-15T12:24:39.126758+00:00,21.111007,False,True,True,True
C440F1FE3E2BF9F2C75B88BA42C55586EB977857F87F51176146650DBAC29E54,deepseek-v4-pro,deepseek-v4-pro,2026-08-15T12:29:41.409852+00:00,2026-08-15T12:30:05.250585+00:00,23.840733,False,True,True,True
C459D94823DD72D09574A6A9FF072C9218C5385955E487AF894ECD5E8AF6789B,deepseek-v4-pro,deepseek-v4-pro,2026-08-15T13:14:01.884103+00:00,2026-08-15T13:14:52.676030+00:00,50.791927,False,False,True,False
C4A5A678240F3024656C9421DB5B83244BDC13758861F240945A2CEDAA981745,deepseek-v4-pro,deepseek-v4-pro,2026-08-15T13:17:24.506501+00:00,2026-08-15T13:18:15.245888+00:00,50.739387,False,False,True,False
C4D091E2786F0BB4134778BC609B7F8DBA24C7DC1A152F4FE880ADC96B9DFDB3,deepseek-v4-pro,deepseek-v4-pro,2026-08-15T13:12:25.451212+00:00,2026-08-15T13:13:07.185692+00:00,41.73448,False,False,True,False
C4F7517E21290F917509356AE1BFEA65AA52A6341A9EB253A5CCD6D7233F4344,deepseek-v4-pro,deepseek-v4-pro,2026-08-15T13:10:12.154962+00:00,2026-08-15T13:10:38.767373+00:00,26.612411,False,False,True,False
C512B23E9A26C1EC90B7CD02DCF2E689534907A97EEE0EB9A59470394465F04D,deepseek-v4-pro,deepseek-v4-pro,2026-08-15T12:29:31.035538+00:00,2026-08-15T12:29:59.950853+00:00,28.915315,False,True,True,True
C52CC2E55921F3923738F0912945668BA2826EB5CED67CE213F086F95AA80566,deepseek-v4-pro,deepseek-v4-pro,2026-08-15T13:12:38.525556+00:00,2026-08-15T13:13:09.492797+00:00,30.967241,False,False,True,False
C5360525CEF8FBC25CF48DBED07B6BBC7F322563AB5ED3D0E5BA37DCA285DEA3,deepseek-v4-pro,deepseek-v4-pro,2026-08-15T13:05:35.299932+00:00,2026-08-15T13:05:58.862626+00:00,23.562694,False,False,True,False
C592C6A63174355945702067DC2413198B73565BB856C34E79352F6244FB73A6,deepseek-v4-pro,deepseek-v4-pro,2026-08-15T12:03:41.496554+00:00,2026-08-15T12:04:33.705641+00:00,52.209087,True,True,True,True
C5D21BA92B9171817BCB300E75728DF0BDD15C7EFC429EFDD60542889B24805C,deepseek-v4-pro,deepseek-v4-pro,2026-08-15T13:19:03.715383+00:00,2026-08-15T13:19:49.623841+00:00,45.908458,False,False,True,False
C5FD4EE173FC8537777C50A7CAAC7B249548E052650769817DB4F4EC671B5522,deepseek-v4-pro,deepseek-v4-pro,2026-08-15T13:09:46.380462+00:00,2026-08-15T13:10:47.647356+00:00,61.266894,False,False,True,False
C60DF21BD7EF77478E26C011EEFE9781649ED9F15BE365DDC25AF445781983F2,deepseek-v4-pro,deepseek-v4-pro,2026-08-15T13:09:58.652307+00:00,2026-08-15T13:10:54.864728+00:00,56.212421,False,False,True,False
C61FA510E31A458D83A1A8F150146D01C7DBAF23B7FCCC1B55ABB15D6C958598,deepseek-v4-pro,deepseek-v4-pro,2026-08-15T13:14:00.077802+00:00,2026-08-15T13:14:57.689559+00:00,57.611757,False,False,True,False
C63CB3A208ECB77FFBBF54880330A0A67BE02C76A48D23F6848949F85FCCBE22,deepseek-v4-pro,deepseek-v4-pro,2026-08-15T12:02:50.074595+00:00,2026-08-15T12:03:25.503065+00:00,35.42847,True,True,True,True
C648CB96562EE9D56E6DD2006A3EB4B0805FDD78E1A04AD640D1479B49554785,deepseek-v4-pro,deepseek-v4-pro,2026-08-15T12:22:53.929892+00:00,2026-08-15T12:23:30.740403+00:00,36.810511,False,True,True,True
C72D2B473F98AA3438538481E61B70CB680F1D33D4102C59E3A5156DD08BE6C4,deepseek-v4-pro,deepseek-v4-pro,2026-08-15T12:26:30.919629+00:00,2026-08-15T12:27:05.502491+00:00,34.582862,False,True,True,True
C7A46F5C179591B8C42572D9D94AF345856FEC63AE125BEB5383592E5C46B235,deepseek-v4-pro,deepseek-v4-pro,2026-08-15T13:05:48.857966+00:00,2026-08-15T13:06:16.941745+00:00,28.083779,False,False,True,False
C7E5994705D2AB2593E57802BA2C2B8DB72F64254F90B8D58754639E6743D543,deepseek-v4-pro,deepseek-v4-pro,2026-08-15T13:11:37.850046+00:00,2026-08-15T13:12:08.919274+00:00,31.069228,False,False,True,False
C7F1855A4815F68FE75009A12DE62D0E145C78A5480CB37D12B2BBCB54EF1BA6,deepseek-v4-pro,deepseek-v4-pro,2026-08-15T12:26:39.169005+00:00,2026-08-15T12:27:11.236201+00:00,32.067196,False,True,True,True
C8026CEE2EAF348AACD996FD2C4AF9A89F5B53304568404704ED2D426657908F,deepseek-v4-pro,deepseek-v4-pro,2026-08-15T13:08:15.116122+00:00,2026-08-15T13:08:58.064336+00:00,42.948214,False,False,True,False
C82D867A6F625923ABEAB0EE8728F0C92B13B831DD42187FEBC06FCCCA938043,deepseek-v4-pro,deepseek-v4-pro,2026-08-15T12:28:06.184910+00:00,2026-08-15T12:28:33.723827+00:00,27.538917,False,True,True,True
C8797AF1C3775CBA142034F050E374B4E6107C9226D4ED1FC36CB6218679B837,deepseek-v4-pro,deepseek-v4-pro,2026-08-15T12:24:18.760101+00:00,2026-08-15T12:24:53.459316+00:00,34.699215,False,True,True,True
C87C2535ABC17D3EB6CE8823153572493C56BF6045FEB6EAFB9CB09089DC7E4C,deepseek-v4-pro,deepseek-v4-pro,2026-08-15T12:29:03.788134+00:00,2026-08-15T12:29:31.029809+00:00,27.241675,False,True,True,True
C88AC7B0063BF1BCEC977B0AC094697639D7F864257A939EBA9DEBC233009CA4,deepseek-v4-pro,deepseek-v4-pro,2026-08-15T13:05:49.017543+00:00,2026-08-15T13:06:41.038641+00:00,52.021098,False,False,True,False
C8A0D81BE1880705DF7C89CFE48FB22A1D0BBF79F2AA5AEE2BC37AD61892E4C0,deepseek-v4-pro,deepseek-v4-pro,2026-08-15T12:00:41.120443+00:00,2026-08-15T12:01:03.648206+00:00,22.527763,True,True,True,True
C8FC7AC819AA5437C5BF06E1EFF6C885315964F24AC00D485FB0AC189C1C7565,deepseek-v4-pro,deepseek-v4-pro,2026-08-15T13:05:46.602659+00:00,2026-08-15T13:06:18.396291+00:00,31.793632,False,False,True,False
C8FCDA1B797A9B90CCEFEC234B5030CC602E4419D39230ABA70F0C6DF881EA6E,deepseek-v4-pro,deepseek-v4-pro,2026-08-15T12:27:46.638294+00:00,2026-08-15T12:28:14.259951+00:00,27.621657,False,True,True,True
C90693E73D1967D41C5E661D4B3645013689DA0431FF9D81C443BEB0375ED51D,deepseek-v4-pro,deepseek-v4-pro,2026-08-15T11:59:44.992252+00:00,2026-08-15T12:00:31.562100+00:00,46.569848,True,True,True,True
C912784654D2FB8B66102D7DBFB9DFC4C03681D0C4850CE5EE6114ED5B276622,deepseek-v4-pro,deepseek-v4-pro,2026-08-15T12:23:56.009732+00:00,2026-08-15T12:24:29.671518+00:00,33.661786,False,True,True,True
C933987B07C18687737B59DEE57993F01284FCD6067ABE2EABE9D78984EDC877,deepseek-v4-pro,deepseek-v4-pro,2026-08-15T13:17:16.926802+00:00,2026-08-15T13:18:17.741860+00:00,60.815058,False,False,True,False
C93C0A78F728A704C5D2A871892C96AB32BD56D81B9171059B0D66E68D7138DD,deepseek-v4-pro,deepseek-v4-pro,2026-08-15T13:17:11.382532+00:00,2026-08-15T13:17:47.994121+00:00,36.611589,False,False,True,False
C93E3971FB5E92A222D480FCFA7906F89524814856BA160C0AF6E70695C09D85,deepseek-v4-pro,deepseek-v4-pro,2026-08-15T12:29:22.241611+00:00,2026-08-15T12:29:59.136148+00:00,36.894537,False,True,True,True
C94455B325D06C77D0E34CB9AF5B31AAD0C7BDA567E20E33E5533821173FCF33,deepseek-v4-pro,deepseek-v4-pro,2026-08-15T12:03:07.148301+00:00,2026-08-15T12:03:40.746630+00:00,33.598329,True,True,True,True
C95CF5F92778D854D20B78A127730978A71ECF37659A9D241B1896DEC5C61CD7,deepseek-v4-pro,deepseek-v4-pro,2026-08-15T13:16:49.096025+00:00,2026-08-15T13:17:27.150056+00:00,38.054031,False,False,True,False
C9707F2C06EED63600F85643D12DD28E9B4447C51E2EF67429C04F6DBC959A2C,deepseek-v4-pro,deepseek-v4-pro,2026-08-15T12:05:07.271427+00:00,2026-08-15T12:05:43.376476+00:00,36.105049,True,True,True,True
C9977BBD9577850AF971D1175A11844EF26825D27E395037C1E5989C3DDE8CDE,deepseek-v4-pro,deepseek-v4-pro,2026-08-15T13:18:11.751600+00:00,2026-08-15T13:19:03.257307+00:00,51.505707,False,False,True,False
C9A11A233A80B8A0EC48A38C7CCD6826C2BDE6A9A750E74A1C02084A9B9C8099,deepseek-v4-pro,deepseek-v4-pro,2026-08-15T13:05:11.151866+00:00,2026-08-15T13:05:42.291196+00:00,31.13933,False,False,True,False
C9AFDB544DF14A4C62D7CE9A99E05DDDF5CDF5BFFE835F1F5B7C07739BF53275,deepseek-v4-pro,deepseek-v4-pro,2026-08-15T12:02:30.536083+00:00,2026-08-15T12:02:48.056770+00:00,17.520687,True,True,True,True
C9BD92F25D7BF5C564E6102CFCDD888B17504F12C4EEA6B5FC17B3BA5885850B,deepseek-v4-pro,deepseek-v4-pro,2026-08-15T12:00:48.167702+00:00,2026-08-15T12:01:38.176169+00:00,50.008467,True,True,True,True
C9C45C84E71797CCD3668A7DC5A73D6CF1D873F929FF697BFE487C6F1F377C6D,deepseek-v4-pro,deepseek-v4-pro,2026-08-15T12:26:30.089872+00:00,2026-08-15T12:26:58.112776+00:00,28.022904,False,True,True,True
C9C889CAC40742F550AD07B7F60D241C6F9C7E8C03AACBDCB67AC34B9AB54E4A,deepseek-v4-pro,deepseek-v4-pro,2026-08-15T12:28:37.520411+00:00,2026-08-15T12:29:05.391913+00:00,27.871502,False,True,True,True
C9D4348CB65259BA161FA79D5333160E96A3EE4F2C299B148F39B90E57E219A6,deepseek-v4-pro,deepseek-v4-pro,2026-08-15T11:59:23.659568+00:00,2026-08-15T12:00:27.931514+00:00,64.271946,True,True,True,True
CA0470F7662DA3DD999EBE75BE5C9CC2BB413FEED57DBB5F61205F57ECFC59F3,deepseek-v4-pro,deepseek-v4-pro,2026-08-15T13:17:21.854108+00:00,2026-08-15T13:17:57.508490+00:00,35.654382,False,False,True,False
CA3BA101ADF7469CFDC5D80EC9305A2F0E40CD3BE5B48C8CE6CDFD80516AE5E1,deepseek-v4-pro,deepseek-v4-pro,2026-08-15T13:15:41.835859+00:00,2026-08-15T13:16:02.450376+00:00,20.614517,False,False,True,False
CAAF82FB3FDE8D55AE960CF7FFD8AE914F15AEF9999BCA57B368F2D1679A7CB5,deepseek-v4-pro,deepseek-v4-pro,2026-08-15T12:04:33.713838+00:00,2026-08-15T12:05:08.918547+00:00,35.204709,True,True,True,True
CAB17F70729DD7162C27E97AEFA25AC4CA31354B91277AEDA32F899BFE2C0FBD,deepseek-v4-pro,deepseek-v4-pro,2026-08-15T13:07:39.108104+00:00,2026-08-15T13:08:03.273421+00:00,24.165317,False,False,True,False
CAE20B5175A08C7D82C105B3F224AEF9E3744D2642EA9D3066EEA0042715E0BE,deepseek-v4-pro,deepseek-v4-pro,2026-08-15T12:26:54.500517+00:00,2026-08-15T12:27:27.626892+00:00,33.126375,False,True,True,True
CAEDF0DA1F2A9C2533E327E2DD48D9F37250A38574EAE74A869900C2673F6B5F,deepseek-v4-pro,deepseek-v4-pro,2026-08-15T12:28:13.850412+00:00,2026-08-15T12:28:59.931505+00:00,46.081093,False,True,True,True
CB07A4AC7E2540E7C4A830CE2177692E28ED7A88BF9136CA8EE5B208ED57FB07,deepseek-v4-pro,deepseek-v4-pro,2026-08-15T12:24:37.881484+00:00,2026-08-15T12:25:11.429497+00:00,33.548013,False,True,True,True
CB1081BA451F90E285DC02187F8BA769E2C59362CD3EC8A04C3A84105035D20B,deepseek-v4-pro,deepseek-v4-pro,2026-08-15T12:28:51.449471+00:00,2026-08-15T12:29:42.116873+00:00,50.667402,False,True,True,True
CBB1B541DAF16E7760CBC61CE9AB813FD6818C79E5ACB0ADC629F1E7D5345384,deepseek-v4-pro,deepseek-v4-pro,2026-08-15T13:09:32.149989+00:00,2026-08-15T13:09:55.975379+00:00,23.82539,False,False,True,False
CC330CE3946F92E47829C2F833FA64C13DB5C53A46F7ADEF564ACE58482B8233,deepseek-v4-pro,deepseek-v4-pro,2026-08-15T12:03:00.591956+00:00,2026-08-15T12:03:50.924926+00:00,50.33297,True,True,True,True
CC43444D809A5B1C0F706EAC25F08F599E38D9865363009F9A4C97E3F7445646,deepseek-v4-pro,deepseek-v4-pro,2026-08-15T12:25:19.958493+00:00,2026-08-15T12:26:14.081651+00:00,54.123158,False,True,True,True
CC52F1A36B02D423699E733BCB57A99D07A0701ACC7F88D4A03A28420C64D8AE,deepseek-v4-pro,deepseek-v4-pro,2026-08-15T13:03:46.954902+00:00,2026-08-15T13:04:52.203189+00:00,65.248287,False,False,True,False
CC55198E68724EE6F3E0472570B1DEF80621B8D09188E337D6D422318D9CBF57,deepseek-v4-pro,deepseek-v4-pro,2026-08-15T13:18:44.080306+00:00,2026-08-15T13:19:53.487612+00:00,69.407306,False,False,True,False
CC6BC44EB31DE21F832C40B9FC587B04B436B3FD4E27E24B0381BEBE27A3B0F5,deepseek-v4-pro,deepseek-v4-pro,2026-08-15T13:14:57.091532+00:00,2026-08-15T13:15:32.370589+00:00,35.279057,False,False,True,False
CC9617095F2653D1ED7DE1B27A2D2030AE427372A6B7E97AAD8E8278E81AEDFE,deepseek-v4-pro,deepseek-v4-pro,2026-08-15T13:18:54.039440+00:00,2026-08-15T13:19:31.131907+00:00,37.092467,False,False,True,False
CC9F128FB1F8E996FEE2CEDC3376FDCC109F9AD03B309508BB522EE4E0A9AD3A,deepseek-v4-pro,deepseek-v4-pro,2026-08-15T12:29:24.840305+00:00,2026-08-15T12:30:08.266810+00:00,43.426505,False,True,True,True
CCBC365A6300D3C1675A461B3DD507EA9BEC404639DCA0D912092FC1A4288A59,deepseek-v4-pro,deepseek-v4-pro,2026-08-15T13:18:39.874389+00:00,2026-08-15T13:19:15.652066+00:00,35.777677,False,False,True,False
CCD68D5372420548777EEBD4CBF1753FB777DE07E6D5F39145B45B6A19562416,deepseek-v4-pro,deepseek-v4-pro,2026-08-15T12:00:09.134682+00:00,2026-08-15T12:00:56.826868+00:00,47.692186,True,True,True,True
CD1C3F2AE4C099DE97646D5A723B5C85DE2016819673A8A00BF592B459FE3688,deepseek-v4-pro,deepseek-v4-pro,2026-08-15T13:14:34.861936+00:00,2026-08-15T13:15:33.705498+00:00,58.843562,False,False,True,False
CD3B3ABF0FEB7955CB34B484F63A3A27CD90E07C825EAE00C9C0B3935A975EAB,deepseek-v4-pro,deepseek-v4-pro,2026-08-15T13:07:30.918423+00:00,2026-08-15T13:08:04.311113+00:00,33.39269,False,False,True,False
CD709F526FABC89A750DCA550E76B54C22E0BEDCDBBAB0F125B9933551756B8B,deepseek-v4-pro,deepseek-v4-pro,2026-08-15T12:00:15.780564+00:00,2026-08-15T12:00:56.627879+00:00,40.847315,True,True,True,True
CD71AC7E9B921AB6C457F6BEA2511252B2C04174845ED0A4DBFC51B63BD0522A,deepseek-v4-pro,deepseek-v4-pro,2026-08-15T13:05:01.098667+00:00,2026-08-15T13:05:18.844552+00:00,17.745885,False,False,True,False
CD76B82AF63C36F68EF86FB0C22DFAAEEB18121B30C786E8BB577D7B79D63888,deepseek-v4-pro,deepseek-v4-pro,2026-08-15T12:00:25.311551+00:00,2026-08-15T12:00:47.681066+00:00,22.369515,True,True,True,True
CD874A906499076381246A84C65ADBEE93494FF54F3ED48FE7ADE75AA46FE6CD,deepseek-v4-pro,deepseek-v4-pro,2026-08-15T12:26:16.202755+00:00,2026-08-15T12:26:45.765532+00:00,29.562777,False,True,True,True
CD87A25F82E824BD4DE6E72056B828CD6127BD01650E9E6C7112A2A8B13B2DC1,deepseek-v4-pro,deepseek-v4-pro,2026-08-15T13:05:21.959920+00:00,2026-08-15T13:05:53.251277+00:00,31.291357,False,False,True,False
CD97D90183A8DCE155D73BF653BFE67D96ECC8B8976486885AAED4CA7D16C010,deepseek-v4-pro,deepseek-v4-pro,2026-08-15T12:02:02.496481+00:00,2026-08-15T12:02:31.166083+00:00,28.669602,True,True,True,True
CDB630C47D61D5C2DBABF2BDB3C2D6000D409E0DFC5B4BC3462605C102FC2D05,deepseek-v4-pro,deepseek-v4-pro,2026-08-15T12:01:18.994425+00:00,2026-08-15T12:01:57.551977+00:00,38.557552,True,True,True,True
CDD0045A08F26B9F38BC79175E9896B0E8E3F747D165F0BE9EA4314973FFA8B1,deepseek-v4-pro,deepseek-v4-pro,2026-08-15T12:00:01.784616+00:00,2026-08-15T12:00:24.327529+00:00,22.542913,True,True,True,True
CDF8DACD03519395A454F7EA60AC347FACF52D8AE716997A9DE85FE164EF72FD,deepseek-v4-pro,deepseek-v4-pro,2026-08-15T13:13:30.373375+00:00,2026-08-15T13:14:03.308991+00:00,32.935616,False,False,True,False
CE1E6E6F6A33B73DEB6B8B2E9AE4E8B39A0485250A1663FAEFDD06DE2A4EBD9A,deepseek-v4-pro,deepseek-v4-pro,2026-08-15T13:12:28.307452+00:00,2026-08-15T13:13:18.276810+00:00,49.969358,False,False,True,False
CE61A512553A50FA6DF2FF576089CD3874B8A4ECC5A7473AAE5BF6258B0BB778,deepseek-v4-pro,deepseek-v4-pro,2026-08-15T12:28:44.743006+00:00,2026-08-15T12:29:09.346939+00:00,24.603933,False,True,True,True
CE857F31235D504DCF4B7FC844515358021B37247E77B5C6B09E8A5EA09B20DC,deepseek-v4-pro,deepseek-v4-pro,2026-08-15T13:15:54.795645+00:00,2026-08-15T13:16:34.600734+00:00,39.805089,False,False,True,False
CEB580C44CE36AB555C6C92BAB6A09C0DEEECC133930547D4E2D283CCA901002,deepseek-v4-pro,deepseek-v4-pro,2026-08-15T13:10:05.429875+00:00,2026-08-15T13:10:46.290642+00:00,40.860767,False,False,True,False
CF16BCD1A306D7F9CC060E115AA9F97EA9C1F601D6CEFB2758DE0E680B2D290A,deepseek-v4-pro,deepseek-v4-pro,2026-08-15T12:24:47.991526+00:00,2026-08-15T12:25:34.992000+00:00,47.000474,False,True,True,True
CF55A65F122FF156CEB00C12E7837206FE53BA7DE5B741B11560E7AC351F7BF3,deepseek-v4-pro,deepseek-v4-pro,2026-08-15T11:57:14.629852+00:00,2026-08-15T11:57:43.386436+00:00,28.756584,True,True,True,True
CF79D03CA22207A43D45182E3FCE163EE4E681927C1BEF400BD2B951CFD57A0C,deepseek-v4-pro,deepseek-v4-pro,2026-08-15T13:09:35.973455+00:00,2026-08-15T13:10:14.171361+00:00,38.197906,False,False,True,False
CF8F7736FED77E826E9D9BFEC76A309F4EB2C339839BB76E7BF9CBEF0932FA1A,deepseek-v4-pro,deepseek-v4-pro,2026-08-15T12:05:24.443678+00:00,2026-08-15T12:06:03.211754+00:00,38.768076,True,True,True,True
CFA9F5F15BAD2E1A71BBE9E37362FFDB0CEEE1D677A561CC0E0AA3A1245BCCB9,deepseek-v4-pro,deepseek-v4-pro,2026-08-15T13:18:22.601997+00:00,2026-08-15T13:19:09.116267+00:00,46.51427,False,False,True,False
CFAA225593EBECD6F8CDFBF0DFA1E160B57B878965B36AE71098AFB4A5B53E1B,deepseek-v4-pro,deepseek-v4-pro,2026-08-15T13:07:25.885709+00:00,2026-08-15T13:08:07.413058+00:00,41.527349,False,False,True,False
CFC157F178B0B565F68444E8D25B553DAAC136DFB39520BE40218CF712350A7D,deepseek-v4-pro,deepseek-v4-pro,2026-08-15T12:00:44.657180+00:00,2026-08-15T12:01:10.115627+00:00,25.458447,True,True,True,True
D00776854EE8FBB280AAA01D80969A2B1FE6EF7A07002898E28460FE56E48557,deepseek-v4-pro,deepseek-v4-pro,2026-08-15T12:04:50.716921+00:00,2026-08-15T12:05:34.742977+00:00,44.026056,True,True,True,True
D01E87473D4EAAC1928F8A2EBE380D02DB6BD6FC9E8E8F83227CBAB7EFE9B1E7,deepseek-v4-pro,deepseek-v4-pro,2026-08-15T12:25:09.530493+00:00,2026-08-15T12:25:33.363509+00:00,23.833016,False,True,True,True
D026F72744CCEBBF1CE2FD6D3BD3E053083F3068A2CE9424C33776ACA7C91E88,deepseek-v4-pro,deepseek-v4-pro,2026-08-15T13:09:37.861280+00:00,2026-08-15T13:10:23.102744+00:00,45.241464,False,False,True,False
D02C0D07967CD3A94E10168BC516E1E7EFE9C7BA49D177C53B207275DABA3291,deepseek-v4-pro,deepseek-v4-pro,2026-08-15T12:01:57.559499+00:00,2026-08-15T12:02:11.475772+00:00,13.916273,True,True,True,True
D036E6497EBFE1B03C937ED8C2712C6E7F53E82F2FF3A2A940EB850B4AA078C3,deepseek-v4-pro,deepseek-v4-pro,2026-08-15T12:23:34.984241+00:00,2026-08-15T12:24:13.767106+00:00,38.782865,False,True,True,True
D0958543520EF3FFF2CCD3DE1CBE5EFEFD8F3AD5F96A96AF48C50174A2F11A43,deepseek-v4-pro,deepseek-v4-pro,2026-08-15T13:11:21.938958+00:00,2026-08-15T13:12:01.920336+00:00,39.981378,False,False,True,False
D0B09A26373C04830F4C0D4EE4870CECF43CE0E18994EFEE3DE17AFCDACE2221,deepseek-v4-pro,deepseek-v4-pro,2026-08-15T13:17:48.494658+00:00,2026-08-15T13:18:23.809116+00:00,35.314458,False,False,True,False
D0B49E6D4041FEEE10805AD52D45BB6A0AB6E8215A032BF8D17895149CF891D0,deepseek-v4-pro,deepseek-v4-pro,2026-08-15T12:26:49.571747+00:00,2026-08-15T12:27:32.711391+00:00,43.139644,False,True,True,True
D0F830580192BF618D183F9D86E93C25197E017D217F643725651D47EDDE760B,deepseek-v4-pro,deepseek-v4-pro,2026-08-15T12:02:40.552408+00:00,2026-08-15T12:03:38.342933+00:00,57.790525,True,True,True,True
D1087FF5AD8694D8E7C7212E91C20B15C0F9986B95C6CCC53685CBA0F8363153,deepseek-v4-pro,deepseek-v4-pro,2026-08-15T13:16:13.319640+00:00,2026-08-15T13:17:05.607042+00:00,52.287402,False,False,True,False
D117ABAB69B3B2D0049EA28CAF684B38C584F78D2FA0B92B60DEEC29D8156448,deepseek-v4-pro,deepseek-v4-pro,2026-08-15T12:29:07.757398+00:00,2026-08-15T12:29:38.802621+00:00,31.045223,False,True,True,True
D13BAC48C232C1E4DD8EC0DD2D3B2AD56E9972BC8A18F9AE75804C2ECBAB887F,deepseek-v4-pro,deepseek-v4-pro,2026-08-15T12:29:32.561097+00:00,2026-08-15T12:30:19.688754+00:00,47.127657,False,True,True,True
D141F4D480EAA1628CCA187C1A0E9E85675179FA93AD4F51BD604424ABD33DA0,deepseek-v4-pro,deepseek-v4-pro,2026-08-15T12:04:43.993659+00:00,2026-08-15T12:05:24.888605+00:00,40.894946,True,True,True,True
D16E50093F5EFAF5A53270E9B0AC8A7F169C8A6E699A8E38D0832E7CCEADFD61,deepseek-v4-pro,deepseek-v4-pro,2026-08-15T13:13:02.929120+00:00,2026-08-15T13:13:43.854754+00:00,40.925634,False,False,True,False
D18D7620A3D50B72B6F98D962B341B69B466599C8E8261C58036ECBEB8E83C2F,deepseek-v4-pro,deepseek-v4-pro,2026-08-15T12:28:54.107729+00:00,2026-08-15T12:29:22.234257+00:00,28.126528,False,True,True,True
D19269CFAD26D13D63D8175F073FCE1D3C3ADDEE894697E7FC6D98B053FC9A7F,deepseek-v4-pro,deepseek-v4-pro,2026-08-15T12:04:37.209228+00:00,2026-08-15T12:05:08.060076+00:00,30.850848,True,True,True,True
D1B48EF2836E3C3FA06EA42B8B7BBBFCB962A27307788FC70587E3CFFEFA12C9,deepseek-v4-pro,deepseek-v4-pro,2026-08-15T12:24:04.705914+00:00,2026-08-15T12:24:36.754677+00:00,32.048763,False,True,True,True
D1BD5DDEB88CB31614B6CF49FBD906F889BB2AD367E34A93340F747A6921C888,deepseek-v4-pro,deepseek-v4-pro,2026-08-15T13:16:51.045820+00:00,2026-08-15T13:17:26.040075+00:00,34.994255,False,False,True,False
D1D19A80EE8DACE80EBD63ECF505EE87742E325AA2FC1340CA21D48A0AED4B81,deepseek-v4-pro,deepseek-v4-pro,2026-08-15T12:26:39.828985+00:00,2026-08-15T12:27:29.781200+00:00,49.952215,False,True,True,True
D1D4606C3C899B0CC08E5DA9E8235586951108734C9AFA955AB8C7591372042D,deepseek-v4-pro,deepseek-v4-pro,2026-08-15T12:00:20.538565+00:00,2026-08-15T12:01:04.571084+00:00,44.032519,True,True,True,True
D1FC7E0BA3AA33810564D5E642068E8275FA73F4A27B5AA0DC80522A94BD7E3A,deepseek-v4-pro,deepseek-v4-pro,2026-08-15T13:03:46.946823+00:00,2026-08-15T13:04:14.854305+00:00,27.907482,False,False,True,False
D200AF17140D974FFD4D79391398C4B1B103077973344D35F4D6E1E33CA0A299,deepseek-v4-pro,deepseek-v4-pro,2026-08-15T12:02:54.010206+00:00,2026-08-15T12:03:38.860602+00:00,44.850396,True,True,True,True
D2305C0DE6FE4195F425681C06F178FC0D44FDBB69EB98A0E00891B5E2A00AA5,deepseek-v4-pro,deepseek-v4-pro,2026-08-15T12:00:20.248930+00:00,2026-08-15T12:00:55.200555+00:00,34.951625,True,True,True,True
D2514E6D8CD0253A428330CDCC670FA8B3A4E7E5CD5B7324AF6050B837576104,deepseek-v4-pro,deepseek-v4-pro,2026-08-15T12:28:40.129929+00:00,2026-08-15T12:29:16.543284+00:00,36.413355,False,True,True,True
D2702A816487BFCCC1469E4ED6374D861ED872B07563BCBF41E1CC181E00970C,deepseek-v4-pro,deepseek-v4-pro,2026-08-15T13:03:46.925489+00:00,2026-08-15T13:04:33.166598+00:00,46.241109,False,False,True,False
D27E62AE74EBA2EC88238045A2E14AF9FAE87280369225F4C8CC776F2C920F03,deepseek-v4-pro,deepseek-v4-pro,2026-08-15T12:04:02.618548+00:00,2026-08-15T12:04:47.629890+00:00,45.011342,True,True,True,True
D2CC542E6663933AD77CA104CCB4D27BCB70CF0B744B2BD74CDE075B0505A8EB,deepseek-v4-pro,deepseek-v4-pro,2026-08-15T12:00:04.153773+00:00,2026-08-15T12:00:43.369958+00:00,39.216185,True,True,True,True
D2DF5FCF2F48043268BC4A9EA37E3E1EFBB5C2642327C856424D095022804E4D,deepseek-v4-pro,deepseek-v4-pro,2026-08-15T13:15:00.553116+00:00,2026-08-15T13:15:39.400721+00:00,38.847605,False,False,True,False
D330BAE4FDB7DDC24953CBDF57CB355D4CF9327016F09B14246E7FE4E5BAF22F,deepseek-v4-pro,deepseek-v4-pro,2026-08-15T12:28:39.602258+00:00,2026-08-15T12:29:21.702047+00:00,42.099789,False,True,True,True
D3666D5EF798D458F9BE32F2F6787B157D57F7ABF65E560E61F74CF7B75E6125,deepseek-v4-pro,deepseek-v4-pro,2026-08-15T12:00:36.405576+00:00,2026-08-15T12:01:13.395368+00:00,36.989792,True,True,True,True
D3CB1AC0C5ED15D3AE92B32661B4DADBA05243E250922CC040A6940D69A35B11,deepseek-v4-pro,deepseek-v4-pro,2026-08-15T12:24:36.760395+00:00,2026-08-15T12:25:26.451000+00:00,49.690605,False,True,True,True
D3E7E27C0607E8EC031DBA6F2FA16D685F58B93057A5EB3F044E24DE03F9A756,deepseek-v4-pro,deepseek-v4-pro,2026-08-15T12:23:23.148448+00:00,2026-08-15T12:23:51.247902+00:00,28.099454,False,True,True,True
D3F7431489159A1C0BD6742029503BB7087805C58B9480D9AF54A6DF58B6A518,deepseek-v4-pro,deepseek-v4-pro,2026-08-15T12:03:09.529907+00:00,2026-08-15T12:03:41.484724+00:00,31.954817,True,True,True,True
D4F6353AD6F1390F863EB5354A105A103B7B63B110D562C0B3A12491752A6674,deepseek-v4-pro,deepseek-v4-pro,2026-08-15T13:05:24.345364+00:00,2026-08-15T13:06:18.233369+00:00,53.888005,False,False,True,False
D51313E067AF33C86E4E47E3DA3838A3ED4695D44894654A7F0B4EA995E0B8DC,deepseek-v4-pro,deepseek-v4-pro,2026-08-15T13:12:36.074807+00:00,2026-08-15T13:13:02.917658+00:00,26.842851,False,False,True,False
D52245E6FFD6A0112C007FE1BF0C2B0C9F7D42E645846D01750B52569B15EE3F,deepseek-v4-pro,deepseek-v4-pro,2026-08-15T12:26:34.501488+00:00,2026-08-15T12:26:54.488636+00:00,19.987148,False,True,True,True
D55052F398BDABF179409A02C5120FF00086154F56F925F6274BCF3E00EF5EE7,deepseek-v4-pro,deepseek-v4-pro,2026-08-15T12:01:13.408468+00:00,2026-08-15T12:01:44.426801+00:00,31.018333,True,True,True,True
D5562292BC9E76D393D0A1BFD4350AF7711C6C7825C8612012A06461D2AC72C5,deepseek-v4-pro,deepseek-v4-pro,2026-08-15T12:01:34.279644+00:00,2026-08-15T12:01:59.390839+00:00,25.111195,True,True,True,True
D590A5A2969845D7BD2EADDBE3EAC16AC0C4D65C712B5ED2D092517FA56E5CB6,deepseek-v4-pro,deepseek-v4-pro,2026-08-15T11:59:06.689924+00:00,2026-08-15T11:59:53.960626+00:00,47.270702,True,True,True,True
D5B92B2A35AB27F694FA7A7FCCB07DDC2D0E896914BDD986FC2050E7D52E9B6E,deepseek-v4-pro,deepseek-v4-pro,2026-08-15T12:28:49.589658+00:00,2026-08-15T12:29:22.543343+00:00,32.953685,False,True,True,True
D600883710D668FA24B7712931C2057DB951948D157C29031EDF0DADCC413FA6,deepseek-v4-pro,deepseek-v4-pro,2026-08-15T12:28:06.041111+00:00,2026-08-15T12:28:42.388659+00:00,36.347548,False,True,True,True
D62ABA9A9ACEFEF974B60BBA6C712DCA72A9751B2A0EA3B66E370E644A812222,deepseek-v4-pro,deepseek-v4-pro,2026-08-15T13:05:43.069902+00:00,2026-08-15T13:05:58.981859+00:00,15.911957,False,False,True,False
D67CCB1A73ACB1AD489C440FD8630383B373425107286D77CFCC85573EA191E7,deepseek-v4-pro,deepseek-v4-pro,2026-08-15T12:24:36.628628+00:00,2026-08-15T12:25:13.449583+00:00,36.820955,False,True,True,True
D6A4214599FAF33C33D864070370A1459D5068A6D215D61CE8A31FE9DEF57271,deepseek-v4-pro,deepseek-v4-pro,2026-08-15T12:28:08.896783+00:00,2026-08-15T12:28:41.509366+00:00,32.612583,False,True,True,True
D71CBD4CC3E87471E1CD9511282691D539D8D395088C87CB45F3F940797A27DB,deepseek-v4-pro,deepseek-v4-pro,2026-08-15T11:59:49.018938+00:00,2026-08-15T12:00:20.242735+00:00,31.223797,True,True,True,True
D73ED4BEC79CF3B29F05D52CFBAA2401A95D8ED2E058232C6142F8B33B944A94,deepseek-v4-pro,deepseek-v4-pro,2026-08-15T12:22:53.971081+00:00,2026-08-15T12:23:20.043252+00:00,26.072171,False,True,True,True
D79E5269ABCE3612C407DB7D683E210D397D24374336CB370B3421697C8D0B02,deepseek-v4-pro,deepseek-v4-pro,2026-08-15T12:02:31.071646+00:00,2026-08-15T12:03:17.123402+00:00,46.051756,True,True,True,True
D7AED1B51F1F1EA6E3AB4EB33AD944B937087E5839E6EF70C585D619DAFCE2AF,deepseek-v4-pro,deepseek-v4-pro,2026-08-15T13:13:11.857988+00:00,2026-08-15T13:14:05.521246+00:00,53.663258,False,False,True,False
D7BC7AF4E637C8EEF26DB91BB2B33B5329C1BB917FCEE1D483417B0C624501DC,deepseek-v4-pro,deepseek-v4-pro,2026-08-15T12:02:06.456861+00:00,2026-08-15T12:02:46.082658+00:00,39.625797,True,True,True,True
D7F65080F48E0B221A3B1B695EE338F1AFD8D8053BD0E8F36F8F79837357876D,deepseek-v4-pro,deepseek-v4-pro,2026-08-15T13:06:43.903283+00:00,2026-08-15T13:07:10.316987+00:00,26.413704,False,False,True,False
D83D549AF518945835F4093469E6A19108841AD741F7BF7BA0EA1C9E283A4CEC,deepseek-v4-pro,deepseek-v4-pro,2026-08-15T12:25:28.080776+00:00,2026-08-15T12:25:50.523329+00:00,22.442553,False,True,True,True
D8417A2A2621C96C671C1DA4956D9CBB4314E8045199B48F3AB4017144B37677,deepseek-v4-pro,deepseek-v4-pro,2026-08-15T13:10:52.870671+00:00,2026-08-15T13:11:26.221402+00:00,33.350731,False,False,True,False
D8BBA2BF64303B64986D70780FF61BB4BBCF076618D4444201024AE3C4C980C6,deepseek-v4-pro,deepseek-v4-pro,2026-08-15T12:26:34.439127+00:00,2026-08-15T12:27:10.606718+00:00,36.167591,False,True,True,True
D91B989C32409F83011E269BF6929E9271ACFE929B27724CBBEE53F2E1ED74BC,deepseek-v4-pro,deepseek-v4-pro,2026-08-15T12:28:08.085319+00:00,2026-08-15T12:28:49.561475+00:00,41.476156,False,True,True,True
D92568E921EE2AE48B0A183A16EDA81672EC9933A9D59949616E9A174407E294,deepseek-v4-pro,deepseek-v4-pro,2026-08-15T12:27:32.608967+00:00,2026-08-15T12:27:57.314412+00:00,24.705445,False,True,True,True
D9612E5FDD89E8F1618962AD99C5822410478E6AD53F540017BD4FE5BB6D4B98,deepseek-v4-pro,deepseek-v4-pro,2026-08-15T13:12:34.435099+00:00,2026-08-15T13:13:03.476004+00:00,29.040905,False,False,True,False
D989660549003A0EC5CA1C1120B6FD531A89261BB495E4D1DC75A091E089E451,deepseek-v4-pro,deepseek-v4-pro,2026-08-15T13:07:03.527611+00:00,2026-08-15T13:07:32.153447+00:00,28.625836,False,False,True,False
D9BFE5233ADE42CDC5BDB13D21AC42C3378E4F23D84CD78AC3BA44E181819E5C,deepseek-v4-pro,deepseek-v4-pro,2026-08-15T13:09:24.868121+00:00,2026-08-15T13:09:53.911873+00:00,29.043752,False,False,True,False
D9C2C98E79CD7040D27D3764A79DF5D40DD6C31214917C7E1C8BE2DD830409AF,deepseek-v4-pro,deepseek-v4-pro,2026-08-15T12:01:52.134388+00:00,2026-08-15T12:02:20.598353+00:00,28.463965,True,True,True,True
DA2345A2BE22E17F7C5B1433627B6093EC988CDF5691CA2F94D4AE3B224A8180,deepseek-v4-pro,deepseek-v4-pro,2026-08-15T12:25:50.528833+00:00,2026-08-15T12:26:05.272605+00:00,14.743772,False,True,True,True
DA6A6116AC9DC7914EE146269C9A2067233766BD2155E78FC6D4306405DC715F,deepseek-v4-pro,deepseek-v4-pro,2026-08-15T12:27:04.263013+00:00,2026-08-15T12:27:36.844114+00:00,32.581101,False,True,True,True
DA7C7988B77A2C007D7AD5513C55CD7F8A4C2A0E92E7B62036E85708BB3B657B,deepseek-v4-pro,deepseek-v4-pro,2026-08-15T12:01:29.356631+00:00,2026-08-15T12:02:01.608403+00:00,32.251772,True,True,True,True
DA8D2A2A763556D7A00869C33D97CA1CE08FDDF0970C1F558634384819FDE11D,deepseek-v4-pro,deepseek-v4-pro,2026-08-15T13:18:37.280045+00:00,2026-08-15T13:19:03.363826+00:00,26.083781,False,False,True,False
DABB160162BBB39266CDFD948DC454BCA07B1A72BFD68AE29059A000BC51C244,deepseek-v4-pro,deepseek-v4-pro,2026-08-15T13:08:38.683219+00:00,2026-08-15T13:09:13.916067+00:00,35.232848,False,False,True,False
DABCFDE2EF34FBEE5E413D00460EFEFC1108578F85A6D5C94C4D1E054FFACC53,deepseek-v4-pro,deepseek-v4-pro,2026-08-15T13:12:02.710008+00:00,2026-08-15T13:12:38.865091+00:00,36.155083,False,False,True,False
DACE3E9BF1A2F90C51192FE389CF8C644DA7ECFDFBCCF773C1AD9A4B78288CC2,deepseek-v4-pro,deepseek-v4-pro,2026-08-15T11:58:42.523434+00:00,2026-08-15T11:59:09.649431+00:00,27.125997,True,True,True,True
DB03ADCEBD5177295FD3910D8CDB2C843AB1027B6CF9FBA2E887D748B84771A7,deepseek-v4-pro,deepseek-v4-pro,2026-08-15T12:22:53.953426+00:00,2026-08-15T12:23:23.143548+00:00,29.190122,False,True,True,True
DB20866F889EF6C42FED79244C7AF8780CD2D748C2C6516611489496475C6CBA,deepseek-v4-pro,deepseek-v4-pro,2026-08-15T12:00:27.939904+00:00,2026-08-15T12:00:59.485734+00:00,31.54583,True,True,True,True
DB3674C4A52D9047E7FAC14FDD35E80E934EB4FEF5749F8C6388934B00464E6F,deepseek-v4-pro,deepseek-v4-pro,2026-08-15T12:03:35.992519+00:00,2026-08-15T12:03:59.040816+00:00,23.048297,True,True,True,True
DB3FA885DFBAC5E523C4D9029CA3B0DB0026C18D48A8796334B8853ABD6F9B5A,deepseek-v4-pro,deepseek-v4-pro,2026-08-15T13:04:24.130760+00:00,2026-08-15T13:05:10.018950+00:00,45.88819,False,False,True,False
DBA7F9057F52A4D5D7B7EC94E6A634BA2F82089C01B3B0436B389C0E300786D1,deepseek-v4-pro,deepseek-v4-pro,2026-08-15T12:01:26.121618+00:00,2026-08-15T12:02:04.483737+00:00,38.362119,True,True,True,True
DBD3006D86F8D0F101D06A7684405064236C156711AD7716FFA466FACFC5BB65,deepseek-v4-pro,deepseek-v4-pro,2026-08-15T12:00:26.534892+00:00,2026-08-15T12:01:07.117882+00:00,40.58299,True,True,True,True
DBF6FA6B37BD4294EE0CF6D3E7301FA598C5F05AED3394366743E1B6D24B049A,deepseek-v4-pro,deepseek-v4-pro,2026-08-15T12:04:34.874449+00:00,2026-08-15T12:05:05.952296+00:00,31.077847,True,True,True,True
DC1947F23332068F359657215F01D4F96E9029D2F7344171CD88544684D91758,deepseek-v4-pro,deepseek-v4-pro,2026-08-15T13:14:59.709544+00:00,2026-08-15T13:15:40.735008+00:00,41.025464,False,False,True,False
DC2224396DA7B07FA86858D869CF3FBB1053C9C4074E40F90D20015E8843FF56,deepseek-v4-pro,deepseek-v4-pro,2026-08-15T13:12:47.932920+00:00,2026-08-15T13:13:33.771532+00:00,45.838612,False,False,True,False
DC3E444FC49BCA7550B98FD0B16004A6C1C5A3BF3853001DE0E12A9128D8E8DC,deepseek-v4-pro,deepseek-v4-pro,2026-08-15T12:02:44.705026+00:00,2026-08-15T12:03:03.740449+00:00,19.035423,True,True,True,True
DC5ABD0DA91BDAE969589C1E51916B9867F0347B66F755B6F2CB09E458A35245,deepseek-v4-pro,deepseek-v4-pro,2026-08-15T12:01:26.982049+00:00,2026-08-15T12:01:46.558919+00:00,19.57687,True,True,True,True
DCCC07F7A11EE2C8602329F9B503976927DFCC05685B844299051919AB61D6EF,deepseek-v4-pro,deepseek-v4-pro,2026-08-15T12:02:48.505052+00:00,2026-08-15T12:03:17.383614+00:00,28.878562,True,True,True,True
DCD638ECCB3601A87E3C4F5C75E3F10C98181DD10F173839F2266EBAC52C7BFF,deepseek-v4-pro,deepseek-v4-pro,2026-08-15T13:16:02.454574+00:00,2026-08-15T13:16:21.502205+00:00,19.047631,False,False,True,False
DD6CAEAFBD51CD526D9F1B0B0EDB0F4EFDB46E9018FD2730A3915693189D4B23,deepseek-v4-pro,deepseek-v4-pro,2026-08-15T12:03:17.397475+00:00,2026-08-15T12:03:53.038384+00:00,35.640909,True,True,True,True
DD71989F37B467D06A8E927DA8A12DA398DB7991BE564ACFAD1E102CDA9482C0,deepseek-v4-pro,deepseek-v4-pro,2026-08-15T12:05:37.346522+00:00,2026-08-15T12:06:47.306754+00:00,69.960232,True,True,True,True
DD8250BB6B07E87A194E148C8AFE8E505CE32C008C55602F2C39835788B0656A,deepseek-v4-pro,deepseek-v4-pro,2026-08-15T12:28:48.343069+00:00,2026-08-15T12:29:11.059588+00:00,22.716519,False,True,True,True
DD99E2F5793F9F60092A41BC65D72AD9E546B130FD4804BCB634D9A492230594,deepseek-v4-pro,deepseek-v4-pro,2026-08-15T12:02:31.793296+00:00,2026-08-15T12:02:53.444450+00:00,21.651154,True,True,True,True
DDA125A49381BFDDE258D6F79AB5AB381389913E8ECB2FF92A6DE5382A2B5A60,deepseek-v4-pro,deepseek-v4-pro,2026-08-15T13:10:09.670385+00:00,2026-08-15T13:10:35.480293+00:00,25.809908,False,False,True,False
DDB5BFC86B03D176C17804C3B7442C60CA89BE7171CDE265BFF718FED451C0C7,deepseek-v4-pro,deepseek-v4-pro,2026-08-15T13:12:01.507953+00:00,2026-08-15T13:12:40.900721+00:00,39.392768,False,False,True,False
DDD2929B77422B7F732D3E4B492093882A1A1BFDE8FFDCAF4F72FFA0ADCCADB2,deepseek-v4-pro,deepseek-v4-pro,2026-08-15T12:24:35.643325+00:00,2026-08-15T12:25:09.524482+00:00,33.881157,False,True,True,True
DE31267D8A010C5117C6633628F02A7D8787733B7A444E1DD9BBA3170C262CC3,deepseek-v4-pro,deepseek-v4-pro,2026-08-15T11:59:47.650775+00:00,2026-08-15T12:00:25.305552+00:00,37.654777,True,True,True,True
DE851EBCECF5A464681EBCF7DC5180F545ADB1CD88755C0E3B2ECF03ADFAC16C,deepseek-v4-pro,deepseek-v4-pro,2026-08-15T13:09:04.043865+00:00,2026-08-15T13:09:45.599742+00:00,41.555877,False,False,True,False
DE93129D90414D586E0B5FC7A5C4D37C93247742606DB60F65773C8E9971BBFC,deepseek-v4-pro,deepseek-v4-pro,2026-08-15T12:23:56.802415+00:00,2026-08-15T12:24:38.660404+00:00,41.857989,False,True,True,True
DE93F15E83E625FC830B6637A75924817B7BE01CE98DFA3B7C2635BAE2F046C2,deepseek-v4-pro,deepseek-v4-pro,2026-08-15T13:04:37.780457+00:00,2026-08-15T13:05:38.923746+00:00,61.143289,False,False,True,False
DE98143C62449504223508DAA14F4B5F249C76E29DC0593DC5795850111539BE,deepseek-v4-pro,deepseek-v4-pro,2026-08-15T13:14:17.579897+00:00,2026-08-15T13:15:09.102410+00:00,51.522513,False,False,True,False
DEAE003C0A97EEC0985EBB8C4C9F4AF4BBE5E0A1334267BDFBFE3223AC4855A5,deepseek-v4-pro,deepseek-v4-pro,2026-08-15T13:09:31.050060+00:00,2026-08-15T13:10:24.750661+00:00,53.700601,False,False,True,False
DEDFAC7568428B66CC53AB78FCC89226A8D71D91625DB928FED51AD538A44392,deepseek-v4-pro,deepseek-v4-pro,2026-08-15T13:03:46.967671+00:00,2026-08-15T13:04:28.412925+00:00,41.445254,False,False,True,False
DEE532933D9FF8C536AA89F6AFC6C20DFF9686A668FE04F00D348205528F54A3,deepseek-v4-pro,deepseek-v4-pro,2026-08-15T13:16:33.666818+00:00,2026-08-15T13:17:13.644006+00:00,39.977188,False,False,True,False
DEEB505486506CB9FAACC8FA69C5F09F165A40671DE58BE27B2CE36029C431D1,deepseek-v4-pro,deepseek-v4-pro,2026-08-15T13:10:20.991774+00:00,2026-08-15T13:10:54.074707+00:00,33.082933,False,False,True,False
DEFB1EA91F958976A834450568132B814BD365F1E4A033C946FCC25B2ECEBF46,deepseek-v4-pro,deepseek-v4-pro,2026-08-15T12:23:47.882876+00:00,2026-08-15T12:24:18.875477+00:00,30.992601,False,True,True,True
DF16584CBAC73D8E2E9204B94BC43ED8185D33400D9E91546F663B59D3141890,deepseek-v4-pro,deepseek-v4-pro,2026-08-15T12:23:16.147005+00:00,2026-08-15T12:23:36.948372+00:00,20.801367,False,True,True,True
DF31EC977F7D79031BAF918E4AB72BBB0348D9F51676C09C3E14E978C9323899,deepseek-v4-pro,deepseek-v4-pro,2026-08-15T13:17:27.161296+00:00,2026-08-15T13:17:51.844074+00:00,24.682778,False,False,True,False
DF41E255F62B024EB9DB6F9EAAFB33CA5F1FC40BBA1AE9950BC0EC64063B48A1,deepseek-v4-pro,deepseek-v4-pro,2026-08-15T13:10:19.181226+00:00,2026-08-15T13:10:45.674519+00:00,26.493293,False,False,True,False
DF4F0658FD089E5EA949AED6608601919A182E5B18204CABBE750AE23BE5F6D7,deepseek-v4-pro,deepseek-v4-pro,2026-08-15T11:59:09.656962+00:00,2026-08-15T11:59:49.668154+00:00,40.011192,True,True,True,True
E0F1DECDF053C018ED39071002E42D2669712CD317D7BA20A655E1976DB5F107,deepseek-v4-pro,deepseek-v4-pro,2026-08-15T13:05:04.980928+00:00,2026-08-15T13:05:49.828770+00:00,44.847842,False,False,True,False
E11773E081D9EEA16BC99305C49711E49805F95F2F7E004851D41169A3F2ECC7,deepseek-v4-pro,deepseek-v4-pro,2026-08-15T12:01:28.425171+00:00,2026-08-15T12:02:11.677173+00:00,43.252002,True,True,True,True
E15924B75BF4442504FE44D09F5A4046E0E69333349935B4527CB44DCCA8383C,deepseek-v4-pro,deepseek-v4-pro,2026-08-15T12:23:36.952879+00:00,2026-08-15T12:24:03.995390+00:00,27.042511,False,True,True,True
E19DFEEEEA208A6BE04C9C49A624D447EE3E39551A223104A9B7CB38523AF2E0,deepseek-v4-pro,deepseek-v4-pro,2026-08-15T13:04:22.590481+00:00,2026-08-15T13:04:51.272956+00:00,28.682475,False,False,True,False
E1B7036507B7967F9E23BA58528904C70EFFA04CB7CF2BF7AD3F697716D145D9,deepseek-v4-pro,deepseek-v4-pro,2026-08-15T13:17:57.522216+00:00,2026-08-15T13:18:29.291464+00:00,31.769248,False,False,True,False
E1DCD6E73E395AD36D24CA7E2843CEF6DE3DABA6A900BC42FEE4B5118B990100,deepseek-v4-pro,deepseek-v4-pro,2026-08-15T13:03:46.974792+00:00,2026-08-15T13:04:39.300642+00:00,52.32585,False,False,True,False
E1E671DBCF685E42571AE3C04373EC0425DF7C41A1209D22A487E8ADEB157A40,deepseek-v4-pro,deepseek-v4-pro,2026-08-15T13:04:11.742673+00:00,2026-08-15T13:04:48.918231+00:00,37.175558,False,False,True,False
E20580ED4A5634DD94D22E748A65B6D9FCF33FC6E918CC9F803840DBD293FFD5,deepseek-v4-pro,deepseek-v4-pro,2026-08-15T13:07:43.573234+00:00,2026-08-15T13:08:21.018451+00:00,37.445217,False,False,True,False
E233DA8E7AD2D192B47955531A48E13797E5C4158B1FDF1B114ED8632EA92BBA,deepseek-v4-pro,deepseek-v4-pro,2026-08-15T13:04:31.298164+00:00,2026-08-15T13:05:01.092960+00:00,29.794796,False,False,True,False
E23E69B2FDB73C3F19B9D362841CB378BD40A496ED274BD2EFDA9779AB743501,deepseek-v4-pro,deepseek-v4-pro,2026-08-15T13:10:54.869756+00:00,2026-08-15T13:11:27.058061+00:00,32.188305,False,False,True,False
E27038B434E1C24A85C013102FDB9AAFBB6D71B4C1A8CC3F91E06DE8EF5608BC,deepseek-v4-pro,deepseek-v4-pro,2026-08-15T13:14:29.836517+00:00,2026-08-15T13:15:00.547691+00:00,30.711174,False,False,True,False
E295245C05E14975D99C51FA3EA19E0BAF2FC055D701610A5396DF570E631048,deepseek-v4-pro,deepseek-v4-pro,2026-08-15T12:27:03.243511+00:00,2026-08-15T12:27:29.126069+00:00,25.882558,False,True,True,True
E2D369A6C1FE2A7059CE8EC097B2FF2430001E8488B0B1EDE758FAF94662B781,deepseek-v4-pro,deepseek-v4-pro,2026-08-15T12:25:49.113517+00:00,2026-08-15T12:26:18.634569+00:00,29.521052,False,True,True,True
E2DAE5470785EB8B7E2A86CD79C8D2BB1311F67D45C3A0FE401246FD32AC7976,deepseek-v4-pro,deepseek-v4-pro,2026-08-15T13:03:46.920224+00:00,2026-08-15T13:04:31.292165+00:00,44.371941,False,False,True,False
E2DBEF86E9180F84F041EFED7DF40D93089A8431DDF11132A9630DFC7112CA84,deepseek-v4-pro,deepseek-v4-pro,2026-08-15T13:05:32.095409+00:00,2026-08-15T13:06:23.839300+00:00,51.743891,False,False,True,False
E348FBC465D8693D0B0184BCBF69C19DEC7EE53845CB74581AD654870888F773,deepseek-v4-pro,deepseek-v4-pro,2026-08-15T13:03:46.933524+00:00,2026-08-15T13:04:19.442425+00:00,32.508901,False,False,True,False
E38E88E7C0CEAFCF9F2B27B6421C497ECABCF624A46A5CD79C10104BECAF5304,deepseek-v4-pro,deepseek-v4-pro,2026-08-15T13:18:58.458892+00:00,2026-08-15T13:19:22.493968+00:00,24.035076,False,False,True,False
E44BD82437B08E0E03A041EC3A9D488DADA1ED1D01EAF073BA50A9B1318FB426,deepseek-v4-pro,deepseek-v4-pro,2026-08-15T13:13:03.482619+00:00,2026-08-15T13:13:33.445636+00:00,29.963017,False,False,True,False
E44C3E540879BADE2A32CF9A9D8F3458B966E938DA10C10F4AF195145057788C,deepseek-v4-pro,deepseek-v4-pro,2026-08-15T11:59:40.229303+00:00,2026-08-15T12:00:09.121146+00:00,28.891843,True,True,True,True
E455F533DFB2A0B33F524EF5FF0CC1E7D5D826A510775AF12C04CFBE05136084,deepseek-v4-pro,deepseek-v4-pro,2026-08-15T12:22:53.935602+00:00,2026-08-15T12:23:26.150552+00:00,32.21495,False,True,True,True
E481C8CDE8ADEAC9CD3BCEF0B877960421CD967961CD1BE968D8487109686B54,deepseek-v4-pro,deepseek-v4-pro,2026-08-15T13:09:01.074156+00:00,2026-08-15T13:10:06.559360+00:00,65.485204,False,False,True,False
E495D74CB9FF898FF0B3D77B23CD88E9772FF92AFC63C234DE592EB15688B074,deepseek-v4-pro,deepseek-v4-pro,2026-08-15T12:01:07.124379+00:00,2026-08-15T12:01:39.133586+00:00,32.009207,True,True,True,True
E49BEFC2277176058726C23770EEC0E1B8C14632E75C568660825B9D27CD78C8,deepseek-v4-pro,deepseek-v4-pro,2026-08-15T13:08:46.000065+00:00,2026-08-15T13:09:24.412612+00:00,38.412547,False,False,True,False
E4C365C22A5C9386517ED16F01CE8FD389EE0F03D7378EF6C30753A35E15EFA9,deepseek-v4-pro,deepseek-v4-pro,2026-08-15T13:12:07.773645+00:00,2026-08-15T13:12:43.539101+00:00,35.765456,False,False,True,False
E5480AF78D277F60C15228F8D8BC2967A1618D51A52E5296C00FA7B09B0A108A,deepseek-v4-pro,deepseek-v4-pro,2026-08-15T13:10:55.827406+00:00,2026-08-15T13:11:44.276452+00:00,48.449046,False,False,True,False
E592B6F51C8E7854DFAA9F5BCC4D6A6C34867734FC86208208AFE682E6545433,deepseek-v4-pro,deepseek-v4-pro,2026-08-15T13:13:07.919446+00:00,2026-08-15T13:13:36.695745+00:00,28.776299,False,False,True,False
E5979F7214F707AFE661DF759C677A634962B53FF504B9032913898F60651E96,deepseek-v4-pro,deepseek-v4-pro,2026-08-15T13:06:44.374525+00:00,2026-08-15T13:07:21.326074+00:00,36.951549,False,False,True,False
E5A7F2B19C4434650EF4B08F4956BD94FFBB059096030B8A8025FA3C4C4E57E6,deepseek-v4-pro,deepseek-v4-pro,2026-08-15T12:00:55.207715+00:00,2026-08-15T12:01:26.984692+00:00,31.776977,True,True,True,True
E5C13E1FE8611D36EAE846B2CDB773B5FF53B87C452C901DBC1E9DD5115B527C,deepseek-v4-pro,deepseek-v4-pro,2026-08-15T12:25:18.673202+00:00,2026-08-15T12:25:49.481739+00:00,30.808537,False,True,True,True
E5E360E153795EFFCBB9EBECA03AF30944913C4D8EB0E742CD4D20B27B7A4A9A,deepseek-v4-pro,deepseek-v4-pro,2026-08-15T13:14:57.530623+00:00,2026-08-15T13:15:39.577904+00:00,42.047281,False,False,True,False
E61EED0A7A0A53631AB08CDFED03D513141AFC55E83BB0B25C205D6F571F5F78,deepseek-v4-pro,deepseek-v4-pro,2026-08-15T12:05:08.198807+00:00,2026-08-15T12:05:55.515605+00:00,47.316798,True,True,True,True
E621916A990CFADB88D9A2EC28AA98A152CF16C8699DF9BFF155A567F1591757,deepseek-v4-pro,deepseek-v4-pro,2026-08-15T11:58:42.514395+00:00,2026-08-15T11:59:24.898909+00:00,42.384514,True,True,True,True
E64632AFA9D9FA0A30CF57A4227F66609C8BF3D04C14334B94B6096768161D19,deepseek-v4-pro,deepseek-v4-pro,2026-08-15T12:02:31.489114+00:00,2026-08-15T12:03:25.313549+00:00,53.824435,True,True,True,True
E655099E7435152A924415CDD9FA20AB46AA31D4860E09E5D1A623A158B90F6F,deepseek-v4-pro,deepseek-v4-pro,2026-08-15T12:26:12.518114+00:00,2026-08-15T12:26:39.817713+00:00,27.299599,False,True,True,True
E6C7B25EDA1A2C2ACC4F17F2ACC36BE8DEABB3E21B3CFBA63C4F94689F0E8477,deepseek-v4-pro,deepseek-v4-pro,2026-08-15T12:26:19.210573+00:00,2026-08-15T12:26:52.646270+00:00,33.435697,False,True,True,True
E6C9894CE8B53ED448E1B73073FDE65460F9084E85B2A577BF93E0B9E9AF34CF,deepseek-v4-pro,deepseek-v4-pro,2026-08-15T12:00:45.246911+00:00,2026-08-15T12:01:08.861286+00:00,23.614375,True,True,True,True
E6D4601F18835E683BD9D1F0D126A60EC9A8E108BA534C7FB34428A80B4C6CB1,deepseek-v4-pro,deepseek-v4-pro,2026-08-15T13:03:46.979947+00:00,2026-08-15T13:04:21.494176+00:00,34.514229,False,False,True,False
E6EA684DDD2D123E23EDD6386BAD234EFC4CE1690DA348020F9741EEDF1341A8,deepseek-v4-pro,deepseek-v4-pro,2026-08-15T13:14:52.142161+00:00,2026-08-15T13:15:36.640701+00:00,44.49854,False,False,True,False
E7359CDBA85FB92CFA40E5CFB57757112AF946138DC0FD1A2DDB39E5144D65CA,deepseek-v4-pro,deepseek-v4-pro,2026-08-15T12:29:22.551791+00:00,2026-08-15T12:29:44.355831+00:00,21.80404,False,True,True,True
E744E15BA7F60DB22D7BCC1ADE069B57E4E68B97D68E7CF2E73D7559B407A2C5,deepseek-v4-pro,deepseek-v4-pro,2026-08-15T11:59:39.073059+00:00,2026-08-15T12:00:18.221403+00:00,39.148344,True,True,True,True
E75BA4D07D5806BA381BC4A60E2C19BF27607045D699BA3B4E1A09C83C01F72E,deepseek-v4-pro,deepseek-v4-pro,2026-08-15T13:12:37.256243+00:00,2026-08-15T13:13:29.247940+00:00,51.991697,False,False,True,False
E760485C3CA1A7D043C01EF597ACEB705542E576E23E9CC2009A17D69EBEB7FC,deepseek-v4-pro,deepseek-v4-pro,2026-08-15T12:25:39.636620+00:00,2026-08-15T12:26:12.347230+00:00,32.71061,False,True,True,True
E79E7BB5E448F554244C2313FC21ADE632E522F4D08C0617965D191CE0A64212,deepseek-v4-pro,deepseek-v4-pro,2026-08-15T12:04:28.160472+00:00,2026-08-15T12:04:57.267507+00:00,29.107035,True,True,True,True
E7B18378A921F905A02D77AD44D91AC2AA872CA76641AEC2C80A2FD0CAB923F2,deepseek-v4-pro,deepseek-v4-pro,2026-08-15T11:58:42.540063+00:00,2026-08-15T11:59:21.747550+00:00,39.207487,True,True,True,True
E7FF9F8583DF77ADCE41273F6679EAA14FDA7C5A7E3A8D6AB85BF6490FCE1EFE,deepseek-v4-pro,deepseek-v4-pro,2026-08-15T13:11:42.863425+00:00,2026-08-15T13:12:36.417776+00:00,53.554351,False,False,True,False
E842AC64C2E3B147DC090BC80730F1C178A56E406E8C9B0C613CADDA94ADCAFB,deepseek-v4-pro,deepseek-v4-pro,2026-08-15T13:18:47.121501+00:00,2026-08-15T13:19:34.960998+00:00,47.839497,False,False,True,False
E8572209B030549980416C938CB046AD7F1AB388A56033A57B0A57859E819BBC,deepseek-v4-pro,deepseek-v4-pro,2026-08-15T13:11:45.861358+00:00,2026-08-15T13:12:11.889329+00:00,26.027971,False,False,True,False
E882EB2A7AB44E66423C1D21C0B4984C715E775412CF32086371EDAAD01D6E32,deepseek-v4-pro,deepseek-v4-pro,2026-08-15T13:03:46.911568+00:00,2026-08-15T13:04:27.234561+00:00,40.322993,False,False,True,False
E8EA8B978639FB36FE3F32A06D1510C5E7FDD55C52134A12BB1A08D5D522F7CC,deepseek-v4-pro,deepseek-v4-pro,2026-08-15T12:25:51.670912+00:00,2026-08-15T12:26:49.566697+00:00,57.895785,False,True,True,True
E8F4A2F7AAECBDADD8EE283784F2865C61008DAA12E55B3CF8FD3D23C10ED792,deepseek-v4-pro,deepseek-v4-pro,2026-08-15T12:01:59.399268+00:00,2026-08-15T12:02:46.032375+00:00,46.633107,True,True,True,True
E900BE669759C56E1E1EFC62EB37D69CD9BE89FF5040B62E6C5F4176E95D6ACE,deepseek-v4-pro,deepseek-v4-pro,2026-08-15T13:12:15.858096+00:00,2026-08-15T13:13:11.851668+00:00,55.993572,False,False,True,False
E9618D40253596E62CDA7D1240E49F3198B0546A6610ACEFDBEA256BDB37AB82,deepseek-v4-pro,deepseek-v4-pro,2026-08-15T12:28:08.181745+00:00,2026-08-15T12:28:41.146456+00:00,32.964711,False,True,True,True
E969C6BBE5B6BFDD54D0E201F78EA1937A276E291AC28CD12D8A7EF7B6AC32D0,deepseek-v4-pro,deepseek-v4-pro,2026-08-15T12:03:28.616869+00:00,2026-08-15T12:03:57.816973+00:00,29.200104,True,True,True,True
E9A07E249C2BDA38A838EEED51BB7380F392F6804CABD1D390ACAA7A4A5468DF,deepseek-v4-pro,deepseek-v4-pro,2026-08-15T12:25:23.862845+00:00,2026-08-15T12:25:44.337057+00:00,20.474212,False,True,True,True
E9E93BA012FEA168D6CCBB9BEBFACFFE228E56BC7C2795C38673C9A718BF44DB,deepseek-v4-pro,deepseek-v4-pro,2026-08-15T13:18:55.061007+00:00,2026-08-15T13:19:53.212429+00:00,58.151422,False,False,True,False
E9FB25735E116020DDB5E922FFC08DB72332F66040833E832F33DEB7A3E877D1,deepseek-v4-pro,deepseek-v4-pro,2026-08-15T13:18:51.100467+00:00,2026-08-15T13:19:15.126106+00:00,24.025639,False,False,True,False
E9FFD99A8881E8B6B3BF56C63AC8A628082AE9C0226A577F20F1DDB1F83DC72D,deepseek-v4-pro,deepseek-v4-pro,2026-08-15T12:28:02.917370+00:00,2026-08-15T12:28:52.626431+00:00,49.709061,False,True,True,True
EA0B7E79900A80D50EF4D8CE36E5CFC944931A66804EC4FDF1736765B79A4067,deepseek-v4-pro,deepseek-v4-pro,2026-08-15T13:09:18.831617+00:00,2026-08-15T13:09:52.573809+00:00,33.742192,False,False,True,False
EA238164B0A7577E5F045E28B8DD1F7F79DA2692A8865DFB3B280135662F661E,deepseek-v4-pro,deepseek-v4-pro,2026-08-15T12:28:14.196363+00:00,2026-08-15T12:29:00.530312+00:00,46.333949,False,True,True,True
EA3311522AFFA09C02DF223A677D7DCFFCBEF89DB5874F70AC86292CF4177497,deepseek-v4-pro,deepseek-v4-pro,2026-08-15T12:25:30.942010+00:00,2026-08-15T12:26:16.904219+00:00,45.962209,False,True,True,True
EA934900B8C6B38692544AD3D65138B90FF5604C2963311D7F0BD4298AE31198,deepseek-v4-pro,deepseek-v4-pro,2026-08-15T13:04:09.814872+00:00,2026-08-15T13:04:39.931254+00:00,30.116382,False,False,True,False
EAEE5E33878B4C3CF2C19EE94517E3FAA4A397ED8F840C6FA501650CA9B3B6BC,deepseek-v4-pro,deepseek-v4-pro,2026-08-15T12:22:53.928803+00:00,2026-08-15T12:23:19.831962+00:00,25.903159,False,True,True,True
EB23056D696C7C76D48F2C13C662A7E85510F88EB2CAA5355AF57C61D7DF5E25,deepseek-v4-pro,deepseek-v4-pro,2026-08-15T11:58:42.521258+00:00,2026-08-15T11:59:12.066076+00:00,29.544818,True,True,True,True
EB419769B2FA42D8867FFC6B1A12B4E997B01D31DA356AD9BD53B50743368B34,deepseek-v4-pro,deepseek-v4-pro,2026-08-15T12:27:11.673182+00:00,2026-08-15T12:28:01.188351+00:00,49.515169,False,True,True,True
EB4F93ABCBAC63C120EF0ECD4AFF97E4B9B79B9E54930159DB505773F2B9733E,deepseek-v4-pro,deepseek-v4-pro,2026-08-15T13:14:28.328994+00:00,2026-08-15T13:15:14.818498+00:00,46.489504,False,False,True,False
EB5475DF9FC3F469A7E09953292FD81AF23DE929EB5B21A6C35A8952689EDD7F,deepseek-v4-pro,deepseek-v4-pro,2026-08-15T12:28:57.065973+00:00,2026-08-15T12:29:21.971755+00:00,24.905782,False,True,True,True
EB68ED8BD80D8BD1E9CFAAA5637C1320BABB7D75A32175DF11F765E158BE0A57,deepseek-v4-pro,deepseek-v4-pro,2026-08-15T12:29:12.554398+00:00,2026-08-15T12:29:41.772867+00:00,29.218469,False,True,True,True
EBB83A8F6498D6093FB8FD37D3DF14064874E753345DA9AF323E21540AB2CEEA,deepseek-v4-pro,deepseek-v4-pro,2026-08-15T12:29:20.502817+00:00,2026-08-15T12:29:57.066839+00:00,36.564022,False,True,True,True
EC4601FBE92F38A3F384D2B79951526A2602BF63415F777B69F5CEC004682150,deepseek-v4-pro,deepseek-v4-pro,2026-08-15T13:06:18.401211+00:00,2026-08-15T13:06:33.372965+00:00,14.971754,False,False,True,False
ED8DD3C876CEDABA26DFBD87F8BEE9ACA9B5BE74AF3E3269AB8ABC0B5E3A957C,deepseek-v4-pro,deepseek-v4-pro,2026-08-15T13:12:13.948449+00:00,2026-08-15T13:12:48.141187+00:00,34.192738,False,False,True,False
EE27FA8D7917AAF53C4295C8F9B46E08BA84FC0213DA8AB92078399186FD5269,deepseek-v4-pro,deepseek-v4-pro,2026-08-15T13:06:06.728757+00:00,2026-08-15T13:06:35.218984+00:00,28.490227,False,False,True,False
EE80ACE27672B04E75A36D7F4E131B6574E963D2822A753D4FF0F4553DB7C123,deepseek-v4-pro,deepseek-v4-pro,2026-08-15T13:16:02.602496+00:00,2026-08-15T13:16:35.420740+00:00,32.818244,False,False,True,False
EEAC084E8BBB30FB6E7D11372C178DC28777368B7C7CBAB05ECC8CA58B45600E,deepseek-v4-pro,deepseek-v4-pro,2026-08-15T13:08:37.094226+00:00,2026-08-15T13:09:24.861725+00:00,47.767499,False,False,True,False
EED303F1D6FC3C5A14151C034A8C68A883698074FBB45B02BA4B163899F80EDD,deepseek-v4-pro,deepseek-v4-pro,2026-08-15T13:12:56.835649+00:00,2026-08-15T13:13:30.394032+00:00,33.558383,False,False,True,False
EF39B15734BE8383F9313300615DEC1E76B94DEFED42D68CCFBC0D25B16D61A0,deepseek-v4-pro,deepseek-v4-pro,2026-08-15T12:03:44.333397+00:00,2026-08-15T12:04:15.330814+00:00,30.997417,True,True,True,True
EF574666882E16DCF0520CCC080B7B24A9CD38973EE75ECD14C2F70D12FA6D75,deepseek-v4-pro,deepseek-v4-pro,2026-08-15T13:09:24.418367+00:00,2026-08-15T13:10:12.149825+00:00,47.731458,False,False,True,False
EF6756DFB4163688A5F8DDFE379A6EEC5BF91C47F724913BC54DA8EB07908705,deepseek-v4-pro,deepseek-v4-pro,2026-08-15T13:04:17.407513+00:00,2026-08-15T13:05:03.585157+00:00,46.177644,False,False,True,False
EF72033D8ED71E14626A6E20CD218ABDE738267B2E2E199DD5985A89B92D4671,deepseek-v4-pro,deepseek-v4-pro,2026-08-15T12:28:16.620604+00:00,2026-08-15T12:28:46.345985+00:00,29.725381,False,True,True,True
EF81489C7E8C64D36F693D667B067CD9AEBA48AB260BED122B01C9B672F07FB1,deepseek-v4-pro,deepseek-v4-pro,2026-08-15T12:27:36.850116+00:00,2026-08-15T12:28:16.616604+00:00,39.766488,False,True,True,True
EFA0ACFE0EB9FEDCF52858CB356917BBDEA5A539BFE41E5460266788867D8DE3,deepseek-v4-pro,deepseek-v4-pro,2026-08-15T12:02:33.896166+00:00,2026-08-15T12:03:13.126103+00:00,39.229937,True,True,True,True
EFAF01D8DB6AB6C758EFE46B72958A73852D31EB6E7993103667B469ECF3465D,deepseek-v4-pro,deepseek-v4-pro,2026-08-15T13:11:42.505094+00:00,2026-08-15T13:12:22.593250+00:00,40.088156,False,False,True,False
EFB370662EA71649CBC28ACE90F9936F6291BF532A89380A6874A3C8C45C1073,deepseek-v4-pro,deepseek-v4-pro,2026-08-15T12:04:47.635315+00:00,2026-08-15T12:05:53.081707+00:00,65.446392,True,True,True,True
EFD8742B57A477FC643675488A69C9D5472CB62A63222090D0450F3FF78C9180,deepseek-v4-pro,deepseek-v4-pro,2026-08-15T13:15:19.562226+00:00,2026-08-15T13:16:06.738512+00:00,47.176286,False,False,True,False
F00E1B4B5151CBD8CFE5C594DA9B5FB118594B07869FDB5E44CE11369E5248B9,deepseek-v4-pro,deepseek-v4-pro,2026-08-15T12:01:46.828887+00:00,2026-08-15T12:02:23.074785+00:00,36.245898,True,True,True,True
F01B8E39D2335778F788920571120F05A4B975A8168F9CAEEFDB77BC36434C6D,deepseek-v4-pro,deepseek-v4-pro,2026-08-15T13:09:07.239080+00:00,2026-08-15T13:09:34.609690+00:00,27.37061,False,False,True,False
F05979D68C3C64D70EEF74F5DE14EB2BC3E24E3DCCF0ECAB7E1B56677BAFC230,deepseek-v4-pro,deepseek-v4-pro,2026-08-15T13:07:27.734335+00:00,2026-08-15T13:07:59.251482+00:00,31.517147,False,False,True,False
F0651205AB91986EF6BE32BEB06C628D9BC40C98113DB50EC8658F596910ACAA,deepseek-v4-pro,deepseek-v4-pro,2026-08-15T12:00:20.222813+00:00,2026-08-15T12:00:43.331852+00:00,23.109039,True,True,True,True
F07A15AF8DF0E63EFCBEE368501CF38CFD7F7279FE8D1ABE495BF59A7EA87156,deepseek-v4-pro,deepseek-v4-pro,2026-08-15T12:24:46.039826+00:00,2026-08-15T12:25:36.867526+00:00,50.8277,False,True,True,True
F08C54B60262C9FDDDD0F3F095C9B4B338258A5F3F6138CE8A810F25605D628F,deepseek-v4-pro,deepseek-v4-pro,2026-08-15T13:05:22.708977+00:00,2026-08-15T13:06:30.956769+00:00,68.247792,False,False,True,False
F0A5020703061A5BB890222FF92FAC1EAC096CDFA2C78526B4322DC6CD1F617F,deepseek-v4-pro,deepseek-v4-pro,2026-08-15T12:01:18.479919+00:00,2026-08-15T12:02:09.101649+00:00,50.62173,True,True,True,True
F0BCAB8092A7BF8E92DB47BEE8FA505D1ECBF215B7BA8724F07E9AB4B67FACAB,deepseek-v4-pro,deepseek-v4-pro,2026-08-15T12:28:46.350985+00:00,2026-08-15T12:29:10.608253+00:00,24.257268,False,True,True,True
F0D3FF47924F2B7CE60E5C9E142D3A2A6857FBB49BE0EB6C7DE10ECCCEAE8701,deepseek-v4-pro,deepseek-v4-pro,2026-08-15T11:59:20.043643+00:00,2026-08-15T11:59:41.493958+00:00,21.450315,True,True,True,True
F0DF803A15B2AA520C79396B388AA50CA6F60E95FCF8C52B6D340E81329D6324,deepseek-v4-pro,deepseek-v4-pro,2026-08-15T12:27:35.424561+00:00,2026-08-15T12:28:09.259728+00:00,33.835167,False,True,True,True
F15D6CEF4FC479310B447394A9AF9BF67B16F186DC6C64D40342DB92016BB661,deepseek-v4-pro,deepseek-v4-pro,2026-08-15T13:12:30.275116+00:00,2026-08-15T13:13:05.010659+00:00,34.735543,False,False,True,False
F18071A3BAEC3924207881700B6B14DF21A06DB16D4232A3038EF1C5E2946A1F,deepseek-v4-pro,deepseek-v4-pro,2026-08-15T12:03:32.344622+00:00,2026-08-15T12:04:00.452319+00:00,28.107697,True,True,True,True
F18B828A034A5AF75DE677194A86430E7AB2CA97F417AA904E41C1A16003DAC9,deepseek-v4-pro,deepseek-v4-pro,2026-08-15T12:26:15.378448+00:00,2026-08-15T12:27:04.823032+00:00,49.444584,False,True,True,True
F23F7767B54094282185B8304312677EF4C49D8603F289F4D92CC78A817AFBEA,deepseek-v4-pro,deepseek-v4-pro,2026-08-15T13:03:46.930097+00:00,2026-08-15T13:04:41.978632+00:00,55.048535,False,False,True,False
F2472289C78F2A64E7D4011074E74B2820725449CD9D66ECA1EBD40AAEF36E6F,deepseek-v4-pro,deepseek-v4-pro,2026-08-15T12:00:59.493383+00:00,2026-08-15T12:01:24.454482+00:00,24.961099,True,True,True,True
F24951B5BE99841A018FCF71AB22074C3C3D196784319566B1AC2032ED9E1B9B,deepseek-v4-pro,deepseek-v4-pro,2026-08-15T13:06:27.384149+00:00,2026-08-15T13:07:04.794557+00:00,37.410408,False,False,True,False
F263CDA0F21CA0B857F7E5952FFFC6A32E3F0BB448743580999ABE2E0161E371,deepseek-v4-pro,deepseek-v4-pro,2026-08-15T12:27:01.015844+00:00,2026-08-15T12:27:19.876501+00:00,18.860657,False,True,True,True
F27D6B3F695B91722EB570A22BA7EF31303561FED8D634CA0658DCF2282E4F04,deepseek-v4-pro,deepseek-v4-pro,2026-08-15T13:14:01.390560+00:00,2026-08-15T13:14:50.875371+00:00,49.484811,False,False,True,False
F2A9AA99582317BA0E4D8611D9F64B20A08B9F17A115474619153D716A2EE9DA,deepseek-v4-pro,deepseek-v4-pro,2026-08-15T12:25:54.827648+00:00,2026-08-15T12:26:30.084599+00:00,35.256951,False,True,True,True
F2F37EA06690F415D22E02552C43CC3BE30E974086662D7FF80CA66980D8F019,deepseek-v4-pro,deepseek-v4-pro,2026-08-15T13:15:32.375943+00:00,2026-08-15T13:15:54.790272+00:00,22.414329,False,False,True,False
F3521FB5BF638B9E04E9AEFC724BCC3523E1DE4171F3EB32B4208860E711FD44,deepseek-v4-pro,deepseek-v4-pro,2026-08-15T13:05:22.325328+00:00,2026-08-15T13:06:11.107861+00:00,48.782533,False,False,True,False
F386118874EE0FD8600C4CC7DFBD20BF4957B4E3C3367D0FA9833771AC0AFFF9,deepseek-v4-pro,deepseek-v4-pro,2026-08-15T13:04:11.574520+00:00,2026-08-15T13:04:45.966676+00:00,34.392156,False,False,True,False
F3989B93885A9AAF355E12770B9039A5E45C210BC95889E3FCDFC07F44D8A790,deepseek-v4-pro,deepseek-v4-pro,2026-08-15T12:22:53.942788+00:00,2026-08-15T12:23:15.593332+00:00,21.650544,False,True,True,True
F3AEE6A2CA028E02F2F9ED351197E01F2F62EFB4A806B1C15D9DD67E991E15DE,deepseek-v4-pro,deepseek-v4-pro,2026-08-15T12:02:56.022457+00:00,2026-08-15T12:03:25.084017+00:00,29.06156,True,True,True,True
F3D23F7E4CB4F0A6B23AD5675CAF9DA348AA082FE93E2063D8FB3B742D228B5D,deepseek-v4-pro,deepseek-v4-pro,2026-08-15T11:59:12.609539+00:00,2026-08-15T11:59:42.564699+00:00,29.95516,True,True,True,True
F3DD6472AAC592C344521D6E9C0DD8727C61715DF8D76C5ECABCC7F8806541A3,deepseek-v4-pro,deepseek-v4-pro,2026-08-15T12:29:26.457487+00:00,2026-08-15T12:30:16.713836+00:00,50.256349,False,True,True,True
F41B630B90C057B1064955332E8F9BC14A0FF05739CACBF7C4F341A4FAA096D0,deepseek-v4-pro,deepseek-v4-pro,2026-08-15T12:02:04.490242+00:00,2026-08-15T12:02:40.540337+00:00,36.050095,True,True,True,True
F453CA314EA62EAB8CD3475B294C48232E41DABE6E8C9DC02856226F8E24DD9B,deepseek-v4-pro,deepseek-v4-pro,2026-08-15T13:04:17.434351+00:00,2026-08-15T13:04:48.660566+00:00,31.226215,False,False,True,False
F48F4F6C4C1CDBA59F01504826F03045C77E00C53983C7734B6E02F5795FEF4B,deepseek-v4-pro,deepseek-v4-pro,2026-08-15T13:13:49.766678+00:00,2026-08-15T13:14:35.724147+00:00,45.957469,False,False,True,False
F4A4991686518046D1709775095EFA02090BCFC54994601DA3D27015648D58E8,deepseek-v4-pro,deepseek-v4-pro,2026-08-15T12:25:00.771062+00:00,2026-08-15T12:25:21.714322+00:00,20.94326,False,True,True,True
F4DCFBCC0763ECA5B56ABB69566834FE30BF1B31FD45CFA040A45808D9396C88,deepseek-v4-pro,deepseek-v4-pro,2026-08-15T12:28:39.812025+00:00,2026-08-15T12:29:22.545791+00:00,42.733766,False,True,True,True
F4E914E8D36DF6BEE3DB979E7B7A46949DEA972CF67238FA03A02F7FE7A90B2F,deepseek-v4-pro,deepseek-v4-pro,2026-08-15T12:03:09.116334+00:00,2026-08-15T12:03:35.978693+00:00,26.862359,True,True,True,True
F513C4A4F871620397444B44CF283DAD2EE71431FD9CCAE8D368A8A386769A9C,deepseek-v4-pro,deepseek-v4-pro,2026-08-15T13:07:04.800559+00:00,2026-08-15T13:07:38.737627+00:00,33.937068,False,False,True,False
F525A8FED9E36B0CF504B859A8FF2F25995CE96B7E69C664352315ADBCC5DB82,deepseek-v4-pro,deepseek-v4-pro,2026-08-15T12:03:52.232225+00:00,2026-08-15T12:04:27.937974+00:00,35.705749,True,True,True,True
F534F060A071EE1C8A63397ED8B62C539CB5FA9268D7BCD0983212DFEEE796F6,deepseek-v4-pro,deepseek-v4-pro,2026-08-15T13:03:46.981595+00:00,2026-08-15T13:04:11.570946+00:00,24.589351,False,False,True,False
F56266959486FC14D7E1D672B8733DDA95645E48B186984B29F6F8A1A3C84A04,deepseek-v4-pro,deepseek-v4-pro,2026-08-15T12:28:14.221320+00:00,2026-08-15T12:28:39.590241+00:00,25.368921,False,True,True,True
F57D697EC84D4FA87977831E9C0D58A1B2889C2BC3B236D312C180932DB91124,deepseek-v4-pro,deepseek-v4-pro,2026-08-15T13:11:43.222422+00:00,2026-08-15T13:12:32.806050+00:00,49.583628,False,False,True,False
F5920F7B1006E72E29F2F83928ABCF2B7E67A5E8FC0808E9B8E6438064417464,deepseek-v4-pro,deepseek-v4-pro,2026-08-15T13:17:05.612872+00:00,2026-08-15T13:17:52.429049+00:00,46.816177,False,False,True,False
F5EA23F3A2E6FB9EF19B780AE56EF2B2006883C589F8FCAFE6FE801B5B7A7881,deepseek-v4-pro,deepseek-v4-pro,2026-08-15T12:24:33.344893+00:00,2026-08-15T12:25:19.640699+00:00,46.295806,False,True,True,True
F5F7FC090D8ABCDE6DF399F48C75C766F4809969894481C91625D134B72111E9,deepseek-v4-pro,deepseek-v4-pro,2026-08-15T12:03:57.828559+00:00,2026-08-15T12:04:24.076064+00:00,26.247505,True,True,True,True
F60715BAA42D2450741FB82698BE7DA410068044D70E45FB61A1878F43173911,deepseek-v4-pro,deepseek-v4-pro,2026-08-15T13:15:12.605629+00:00,2026-08-15T13:15:54.959628+00:00,42.353999,False,False,True,False
F6B4AB028DC38B8D62102BF58E61DA58C97CC55D18BCA5AD671026F8441B6B85,deepseek-v4-pro,deepseek-v4-pro,2026-08-15T12:29:14.801686+00:00,2026-08-15T12:29:59.713240+00:00,44.911554,False,True,True,True
F6BE1B4AB6D554CBB0BC90A6A9BC56CBC368F10AD7539E102430CCD0CBC47B73,deepseek-v4-pro,deepseek-v4-pro,2026-08-15T13:16:32.668867+00:00,2026-08-15T13:17:03.114845+00:00,30.445978,False,False,True,False
F6CD264EA940E6BC411197F751CCEBB75AAD67D36EF4C133EA564E0A7DFBABE6,deepseek-v4-pro,deepseek-v4-pro,2026-08-15T13:05:52.094735+00:00,2026-08-15T13:06:21.234390+00:00,29.139655,False,False,True,False
F75CA1D6D8D06B156A4B9BB07C5F6D06F29797C78691C7D0D712287061012B83,deepseek-v4-pro,deepseek-v4-pro,2026-08-15T12:05:31.730939+00:00,2026-08-15T12:05:58.284075+00:00,26.553136,True,True,True,True
F75FB17D801B464ADF5AF134ECA9C4697BCF4598AF13DBC1CE4A395F11C982F3,deepseek-v4-pro,deepseek-v4-pro,2026-08-15T12:02:51.851281+00:00,2026-08-15T12:03:37.185784+00:00,45.334503,True,True,True,True
F7821858FB8C85E097157C60E76955E9127C22B235241738A098145716E151FD,deepseek-v4-pro,deepseek-v4-pro,2026-08-15T13:06:46.113117+00:00,2026-08-15T13:07:25.880434+00:00,39.767317,False,False,True,False
F797D6A3212C7D7F56ECFCCBEFA176B476EF7B784D1566BCAD605771BD16DB95,deepseek-v4-pro,deepseek-v4-pro,2026-08-15T13:15:26.878074+00:00,2026-08-15T13:16:07.787605+00:00,40.909531,False,False,True,False
F7B00642AE9D3B0DCC8D2CEA029B729C7211DEA806D3D19235EF23B2ADE1BFC1,deepseek-v4-pro,deepseek-v4-pro,2026-08-15T12:00:19.372693+00:00,2026-08-15T12:01:07.941839+00:00,48.569146,True,True,True,True
F7CFC40EA5458BDC02A663A65C755E3B5660C8D1A9925EFBA7DFD043C89ED7B0,deepseek-v4-pro,deepseek-v4-pro,2026-08-15T12:27:00.098283+00:00,2026-08-15T12:27:41.995002+00:00,41.896719,False,True,True,True
F7EB72DFF61F6AA97F17B2CCEDD9F20CF910580BDEBE263449E239707BC6C1BB,deepseek-v4-pro,deepseek-v4-pro,2026-08-15T12:01:44.432191+00:00,2026-08-15T12:02:12.734014+00:00,28.301823,True,True,True,True
F83E01C2A0BA8A8FE31DB89E95F88C505CEA4F99870A4BFAB8C370A28E5040B9,deepseek-v4-pro,deepseek-v4-pro,2026-08-15T13:16:19.474036+00:00,2026-08-15T13:16:38.571575+00:00,19.097539,False,False,True,False
F8657DC6B3C862478A2389C4EBD6254F26C81F6240E38F7E8C428C44A2C9AA13,deepseek-v4-pro,deepseek-v4-pro,2026-08-15T13:05:22.120411+00:00,2026-08-15T13:05:54.935875+00:00,32.815464,False,False,True,False
F8A91E366C321858D8300650C361E15F0AD0CFA7EFA3E57C172396017AAFAE5C,deepseek-v4-pro,deepseek-v4-pro,2026-08-15T13:18:23.228418+00:00,2026-08-15T13:19:33.412595+00:00,70.184177,False,False,True,False
F8E0377C4667298776FEAC0ED342DEF477BF98841742FEAA99556E292DF0C1D7,deepseek-v4-pro,deepseek-v4-pro,2026-08-15T13:03:46.914568+00:00,2026-08-15T13:04:17.402985+00:00,30.488417,False,False,True,False
F8EFACD63426F91E9C43384FAFAA38B3EB161C2FF79030731E849BF49CE9A677,deepseek-v4-pro,deepseek-v4-pro,2026-08-15T12:05:29.704646+00:00,2026-08-15T12:05:57.562342+00:00,27.857696,True,True,True,True
F90646F8E4F713BB8E287372B5246CF16B8161AE8950FAAE8D6A82549CB8DC20,deepseek-v4-pro,deepseek-v4-pro,2026-08-15T11:59:21.638165+00:00,2026-08-15T11:59:44.980043+00:00,23.341878,True,True,True,True
F9319677A7C43B97A19852BAAE24D58F8E35424D959AD245EBE3959548DE6B05,deepseek-v4-pro,deepseek-v4-pro,2026-08-15T13:06:04.129983+00:00,2026-08-15T13:06:33.087734+00:00,28.957751,False,False,True,False
F938B3C530E0287A42D1BE89632D1E02C5ACDDB3229B29A0BB5E546C88C6FFF2,deepseek-v4-pro,deepseek-v4-pro,2026-08-15T12:29:34.163011+00:00,2026-08-15T12:30:43.164630+00:00,69.001619,False,True,True,True
F95DFEF90D414BEDD5B90140A337971C3C368CDED719C86867AE3D0A5549E308,deepseek-v4-pro,deepseek-v4-pro,2026-08-15T13:03:46.915986+00:00,2026-08-15T13:04:18.937776+00:00,32.02179,False,False,True,False
F9817C85C484921CCD5F209EA014B745214B05ECA9E17CB3090C1C302BEC9F41,deepseek-v4-pro,deepseek-v4-pro,2026-08-15T12:04:44.906350+00:00,2026-08-15T12:05:22.646127+00:00,37.739777,True,True,True,True
F9898366F4AD32630FC030953C47C49A50462FC6925543A6ED6B9FF5E0F64851,deepseek-v4-pro,deepseek-v4-pro,2026-08-15T12:03:17.733133+00:00,2026-08-15T12:03:52.225518+00:00,34.492385,True,True,True,True
F98BD61BDBC8938056FBE8405A9AC174A8AAB8FBB37114193B0C313A832539A0,deepseek-v4-pro,deepseek-v4-pro,2026-08-15T13:14:15.476238+00:00,2026-08-15T13:15:02.663300+00:00,47.187062,False,False,True,False
F9B330407BA9A951C621861CACCFA26C3183CBFCE73A5E6C68AE39AA6D494925,deepseek-v4-pro,deepseek-v4-pro,2026-08-15T12:01:31.523373+00:00,2026-08-15T12:02:09.635612+00:00,38.112239,True,True,True,True
F9E344A6E8365827FCD29FA96195ED3E02966659FF165F947F002C20DC1111D6,deepseek-v4-pro,deepseek-v4-pro,2026-08-15T13:10:59.643330+00:00,2026-08-15T13:11:40.769440+00:00,41.12611,False,False,True,False
FA6F4E66525C92C3858FC543A051A9948EB53C2922B1B9D02E59E4110CFF35A2,deepseek-v4-pro,deepseek-v4-pro,2026-08-15T13:11:09.751731+00:00,2026-08-15T13:11:42.851721+00:00,33.09999,False,False,True,False
FAC22230BF2855E70F54FE28334BA304E5460C787525C92EB6D9F771F866C788,deepseek-v4-pro,deepseek-v4-pro,2026-08-15T13:10:16.267943+00:00,2026-08-15T13:10:58.333663+00:00,42.06572,False,False,True,False
FAC8DB77044F5589DFF959EEC0F9E50AD297379BC850DDF9E8EAC5DB8CB2C74C,deepseek-v4-pro,deepseek-v4-pro,2026-08-15T12:03:29.207793+00:00,2026-08-15T12:03:58.343963+00:00,29.13617,True,True,True,True
FAC9147E99545000253C4C569FB2E54AC24EE9619D111D98677F42A2CE89CAC4,deepseek-v4-pro,deepseek-v4-pro,2026-08-15T12:02:30.448448+00:00,2026-08-15T12:02:48.908194+00:00,18.459746,True,True,True,True
FB0766997B588E450E30D04FCC4D74F8491A85BE1E241CFF913AFC25FEC45F85,deepseek-v4-pro,deepseek-v4-pro,2026-08-15T13:15:55.943798+00:00,2026-08-15T13:16:46.405025+00:00,50.461227,False,False,True,False
FB61ECF465544EED16E828E501F90F23893D6E548F339387D2E2502073AF81D0,deepseek-v4-pro,deepseek-v4-pro,2026-08-15T12:25:19.202537+00:00,2026-08-15T12:25:39.689089+00:00,20.486552,False,True,True,True
FB6DC701DD44CE274BFA2899FCCAA8C7A810766DBA3BE08E9ED110DBBF5DB740,deepseek-v4-pro,deepseek-v4-pro,2026-08-15T13:12:44.796678+00:00,2026-08-15T13:13:30.368603+00:00,45.571925,False,False,True,False
FBB175401AEE2224E9AE7483A5564605438C721FE79643BA3D0ADE173E6706CC,deepseek-v4-pro,deepseek-v4-pro,2026-08-15T13:13:20.733925+00:00,2026-08-15T13:13:57.319122+00:00,36.585197,False,False,True,False
FBBE432E46F0EBBBD54B31438FD7FE7B038D2E9CEE67DB2C7178FC82337803AA,deepseek-v4-pro,deepseek-v4-pro,2026-08-15T13:04:19.448432+00:00,2026-08-15T13:05:04.975304+00:00,45.526872,False,False,True,False
FBC59128AB35F7285E455E36ED603E2F323108B0F9C7760DCFDAC5D1244143F7,deepseek-v4-pro,deepseek-v4-pro,2026-08-15T12:22:53.963710+00:00,2026-08-15T12:23:11.877077+00:00,17.913367,False,True,True,True
FC279B1A5F87CD151838CB4A37AF4F71DC3484EFCE3DA2293160BA6A681E6BE2,deepseek-v4-pro,deepseek-v4-pro,2026-08-15T13:09:53.051727+00:00,2026-08-15T13:10:35.276267+00:00,42.22454,False,False,True,False
FC6E458B912036CFF53C26ACBE4BAA14CC030B76F510FF0BA04BD42B7B7F3E5B,deepseek-v4-pro,deepseek-v4-pro,2026-08-15T12:03:33.816065+00:00,2026-08-15T12:04:13.918645+00:00,40.10258,True,True,True,True
FC82ACC95DBABAB469F29AE8D50CB2BAF7DE0D3160A7D30905E7EE0496146115,deepseek-v4-pro,deepseek-v4-pro,2026-08-15T11:59:55.190932+00:00,2026-08-15T12:00:28.723052+00:00,33.53212,True,True,True,True
FCE624F1D0926A325D24476AAB41799E1EAD95790E369E64C2CC9F18FE96EB50,deepseek-v4-pro,deepseek-v4-pro,2026-08-15T12:25:34.941871+00:00,2026-08-15T12:26:15.018335+00:00,40.076464,False,True,True,True
FCE6BADC07F4633721E455D33DF4A05EA1B14A3B2A9BD73F49E06F1F9D5683B9,deepseek-v4-pro,deepseek-v4-pro,2026-08-15T12:26:33.359501+00:00,2026-08-15T12:26:58.998072+00:00,25.638571,False,True,True,True
FCE83EF5B15472099F7BFB9BD465427FE73AD6F739D31AFE6ED302BAD6B63529,deepseek-v4-pro,deepseek-v4-pro,2026-08-15T12:00:53.342279+00:00,2026-08-15T12:01:26.970042+00:00,33.627763,True,True,True,True
FD0296B5173EC77A1EC2DE8BD726E9F1A190B960FA9DED1E49AC20F0FB0B190A,deepseek-v4-pro,deepseek-v4-pro,2026-08-15T12:27:05.509459+00:00,2026-08-15T12:27:44.346053+00:00,38.836594,False,True,True,True
FD5ADF70BA184AE758150A34547FE247B8797BA7F86CCD1257BCB460DB249F2A,deepseek-v4-pro,deepseek-v4-pro,2026-08-15T13:08:45.475037+00:00,2026-08-15T13:09:21.957069+00:00,36.482032,False,False,True,False
FE0908F9A9B92AF5CE93641CF2F580F46106C7233DC29BB75C85E883A7366248,deepseek-v4-pro,deepseek-v4-pro,2026-08-15T12:26:28.245232+00:00,2026-08-15T12:27:00.090968+00:00,31.845736,False,True,True,True
FE127CB2E2E03FA8754DDDCD93ABB4B661712085D1F015F63F348CDDF4B9528B,deepseek-v4-pro,deepseek-v4-pro,2026-08-15T12:01:55.267520+00:00,2026-08-15T12:02:29.867236+00:00,34.599716,True,True,True,True
FE330AABD8943E6F2141EB4D7BD091FE1ADE6626A335CB218476E0B783C6DBAF,deepseek-v4-pro,deepseek-v4-pro,2026-08-15T13:16:30.474056+00:00,2026-08-15T13:17:04.118779+00:00,33.644723,False,False,True,False
FE49EE5EF754D4E1B4E662A76731BD6C880BDC76216FCB4DAED86C93A5B8AA19,deepseek-v4-pro,deepseek-v4-pro,2026-08-15T13:17:43.623322+00:00,2026-08-15T13:18:22.591438+00:00,38.968116,False,False,True,False
FE5D91C3D6E06210081A03368405730606A27A5AFB617D86543A9DDD0D60871B,deepseek-v4-pro,deepseek-v4-pro,2026-08-15T12:26:52.651390+00:00,2026-08-15T12:27:13.364574+00:00,20.713184,False,True,True,True
FE833BE14B89ADF0D8A9006068143C8136D72873F05399CB90C113EF7F851DDF,deepseek-v4-pro,deepseek-v4-pro,2026-08-15T13:05:36.005912+00:00,2026-08-15T13:06:08.552763+00:00,32.546851,False,False,True,False
FE8476FCE1E2232F61D6D43DA7F42DE422D87E770D41D1C3EAC3C786B13025D3,deepseek-v4-pro,deepseek-v4-pro,2026-08-15T12:24:15.395228+00:00,2026-08-15T12:24:42.054241+00:00,26.659013,False,True,True,True
FECCA1F5B12FEB3CA8D0DCFCB7E6BE5DBBDEA83130D11058744BBDBEAAE2BD02,deepseek-v4-pro,deepseek-v4-pro,2026-08-15T13:04:44.701441+00:00,2026-08-15T13:05:21.953052+00:00,37.251611,False,False,True,False
FEE2E3BDBDC9F60D20FC02DAF57CC1D27C5878EAAC51D88AADAFC7E622A17D20,deepseek-v4-pro,deepseek-v4-pro,2026-08-15T13:19:03.368837+00:00,2026-08-15T13:19:40.169241+00:00,36.800404,False,False,True,False
FF162EE939BB2520809B473927B8D3B3595B96E68D34342919CA33DBA3A63735,deepseek-v4-pro,deepseek-v4-pro,2026-08-15T12:22:53.922367+00:00,2026-08-15T12:23:32.549016+00:00,38.626649,False,True,True,True
FF7D0185159CF8A14095730EBB6BB0E635C9BAD45D1A4C5C19CEA94969B3FF59,deepseek-v4-pro,deepseek-v4-pro,2026-08-15T13:06:50.751094+00:00,2026-08-15T13:07:27.808370+00:00,37.057276,False,False,True,False
FF966680FF7FAE464041ED95776720C2395CC1FF6648401DA8E79F5B39E0A12C,deepseek-v4-pro,deepseek-v4-pro,2026-08-15T13:15:03.434224+00:00,2026-08-15T13:15:23.248483+00:00,19.814259,False,False,True,False
FFB9DFD8A68E460D2D57276E99B0F863C62F49462473AA3708D2602227B1F864,deepseek-v4-pro,deepseek-v4-pro,2026-08-15T13:14:06.294219+00:00,2026-08-15T13:14:39.434050+00:00,33.139831,False,False,True,False
FFFAB9F07EC228417B1845127A4D2C852438D9B047180B531A0991F974998A84,deepseek-v4-pro,deepseek-v4-pro,2026-08-15T13:04:39.937897+00:00,2026-08-15T13:05:29.653968+00:00,49.716071,False,False,True,False
