request_row_id,title,content
4C80578741511A52BC29469925A9D1C8F61CBE169288AAC6ECA0D7FA6632FA42,关于农村小学课后服务落实的诉求,"领导好,我是中部农村一名小学生家长。家里人口多,我和孩子爸爸都在上班,每天接送和辅导孩子时间很紧张。孩子现在上小学,不是毕业班,平时作业符合规定,但放学后没人管。听说现在要求学校完善课后服务,自愿参加、时间衔接、内容多样,但我们这里的学校不是公办,一直没听说有课后服务,或者内容很单一。农村地方,校外培训班也少,我们经济条件有限,上不起。希望政府能督促学校真正把课后服务做起来,最好有老师指导作业和开展一些活动,解决我们双职工家庭的困难。孩子晚上睡眠还可以,我们也希望他将来能考上本科,但白天没人辅导,光靠我们自己文化水平有限,所以特别需要学校课后服务支持。谢谢。"
D6A57DA6A6411AF80237A5091CF85317EF43419A3AAB9B04537E0AD29CE78DF0,关于开学后作业负担和课后服务的诉求,"领导好。我们家在村里,孩子上小学,我们两口子都上班,平时时间很紧。这个暑假孩子书面作业符合规定,睡眠也足,我们挺欣慰。但看到同省有的学校以前作业留得特别多,一年级孩子写到十来点,还要家长签字,漏签就在群里公开批评,我们很担心开学后这些情况又回来。现在政策要求统筹作业总量、加强指导,还鼓励学校开展课后服务,我们希望教育部门能多暗访、多监督,确保学校真正落实,不要给孩子布置超量书面作业,不要把辅导、检查都推给家长,不要因为作业公开批评孩子。我们也盼着课后服务能实实在在开展,帮我们这样的双职工家庭解决一些辅导和接送压力,让孩子能保持学习兴趣和充足睡眠。谢谢。"
6B79C6B6DBD5E4B7799B478BC602261171C19F5F025533BBDDF67E8C64DA8890,"希望加强农村小学课后服务和作业管理,减轻双职工家庭负担","领导您好,我是农村小学一名孩子的家长。我们夫妻都在上班,家里老人多,平时照看孩子学习的时间和精力实在有限。暑假眼看快结束,最担心开学后学校课后服务能不能真正办好。目前孩子作业量还算符合规定,但我们这边过去有家长反映低年级作业写到很晚,家长要逐项签字,漏签就在群里点名批评,孩子睡眠都受影响。现在新要求强调控制作业总量、加强课后服务,恳请领导督促我们这里的小学严格落实,把课后服务时间真正用来辅导作业、开展活动,不要变成变相上课或加重负担。也希望教育部门多暗访检查,防止开学后作业量反弹,让我们农村双职工家庭能安心工作,孩子也能睡够。"
5A00DEE4BAA54BD0EC9AE8CB82C93A81821A68081CCACE05BD66FB2F239387F5,关于秋季开学后加强小学作业与课后服务管理的建议,"领导您好!我家孩子在乡村上小学,不是毕业班。我们夫妻两人都要上班,家里人口多,时间很紧张。这个暑假孩子的书面作业基本符合规定,但我们心里不踏实。听说同省有些学校过去存在作业过多、家长签字负担重的情况。马上要开学了,很担心书面作业又变多,孩子写到很晚,我们也没时间辅导。现在政策要求学校统筹作业总量、加强课后服务,我们非常支持。希望教育部门在开学后能多到乡村学校暗访检查,督促学校真正落实作业管理,不要只做表面文章。另外,课后服务如果能切实开展,也能帮我们解决接送和辅导困难,但农村学校条件有限,担心师资和经费跟不上。恳请领导关注农村小学的落实情况,让孩子有个合理的负担,家长也能安心工作。"
BFB13EB6C27A7C1CB400466F7BED0F0290346C431A12A8692E4868865AAE5192,关于乡村小学课后服务内容单一的诉求,"我们夫妻都在外上班,家庭时间安排很紧张,孩子上小学,这学期参加了学校课后服务,但感觉内容比较单一,多是看管,缺少作业辅导和兴趣活动。孩子现在书面作业很少,我们没时间辅导,担心学习基础不牢固。希望领导能关注乡村学校课后服务质量,督促学校丰富课后服务内容,增加教师答疑、阅读和体育活动,让家长安心工作,孩子健康成长。"
C1F30D7AAE3942F7C5B7488AC04EB462A2442F0AEE0214130857DEBCB1CEAA65,关于农村小学课后服务与作业管理的担忧及建议,"各位领导好。我是中部农村一名小学生的家长,孩子读小学非毕业年级,家里父母都要上班,时间比较紧,这学期孩子参加了学校课后服务。目前作业表面上符合要求,但我们心里并不踏实。以前常听说同省一些学校低年级作业多到孩子写到十点多,还要家长签字,漏签就被点名批评;我们怕春季开学后作业负担反弹,课后服务也变成变相补课或只看管不讲质量。我们所在的学校不属于公办类别,课后服务虽然时间上每天有两小时,但内容是否多样、老师是否真在辅导,我们家长看不到。希望县里或市里相关部门在新学期开学后,能对农村学校课后服务和作业布置情况多进行暗访检查,不要只看表面台账;特别是低年级原则上不布置书面家庭作业的规定要落实到位,课后服务不能变成赶作业、讲新课的时间。同时希望保障课后服务经费和师资,别让双职工家庭好不容易盼来的服务因为投入不足而缩水。孩子才小学,保证睡眠和兴趣比刷题更重要。"
10D0277A00B610EED44F881E1E9B096914E55587C05044D8C7A10D32AAF51B42,请持续关注乡村小学课后服务和作业负担,"领导好。我是一名乡村小学生的家长。孩子这学期参加了学校课后服务,每天在校托管时间有保障,目前书面作业量也基本符合要求。但作为双职工家庭,我们平时工作忙,接送和辅导精力有限,最担心的是这些要求落实不稳定。以前周边学校有过低年级作业写到很晚、家长签字压力大、课后时间被统一补课占用的现象。现在学校课后服务虽然开展了,但我们不清楚内容是否多样、是否真正自愿、有没有变成集体上课。乡村学校师资本来紧张,课后服务质量能不能保证,我们心里没底。希望教育部门能多到乡村学校暗访,持续监督作业总量和课后服务的实际安排,别让孩子刚从作业负担里出来,又掉进另一个补课负担里。"
55E80A9863BCDCB835F715A0D6E50D0E8EEC7BD4DFBA8BF6B37DAB9108DAAB00,关于春季开学后加强低年级作业与课后服务监督的请求,"领导您好,我是本地一名小学生的家长。孩子现在读小学低年级,按照这个年级的规定,原则上是不布置书面家庭作业的。目前孩子本月的作业情况是符合要求的,我们也很感激。不过马上要开学了,我们家里父母两人都要上班,平时时间特别紧,家里同住的人不少,但大家都忙,时间安排紧张,所以很担心开学后学校和老师为了抓学习,作业量又突然多起来,或者课后服务时间被用来变相上课、布置额外作业,让我们家长又要天天辅导、签字,甚至被公开批评。我们不想让孩子那么累,也不想把教育责任全推给家长。希望教育部门能在春季开学后加强对低年级学校作业总量和课后服务质量的常态化监督,多开展不打招呼的暗访检查,确保低年级不布置书面家庭作业,课后服务真正用来辅导、活动和照护,而不是增加孩子和家长负担。谢谢领导。"
42B3E923E86D37AD0280D65D7EBE4A39B533AF507A16A2E0AB4DEAB25BE6DF51,关于丰富农村小学课后服务内容的建议,"领导好,我是农村小学孩子的家长。我们夫妻都在外工作,平时家里人手紧,孩子暑假参加了学校的课后服务,确实帮我们解决了看护难题。但我们有些担心,农村学校条件有限,课后服务会不会只是让孩子在教室里坐着,内容比较单一?孩子现在书面作业很少,我们希望课后服务能真正利用起来,多安排阅读、体育、艺术、科学小实验等有益活动,让孩子开阔眼界、培养兴趣,而不是单纯看管。希望政府能多关心农村学校的课后服务,在师资和经费上给予支持,督促学校把服务做实做细,让我们家长安心工作,孩子也能健康快乐成长。"
AB531BE71421A2A71A631B7508886BEFE2EE9100A2F8308EEDBDFD22220CA4AB,关于农村学校课后服务与作业负担的担忧,"我孩子正在上小学,不是毕业班。我们夫妻平时都要上班,家里人手紧,孩子放学后的看护和辅导一直是个难题。这个暑假孩子参加了学校提供的课后服务,每天两个多小时,确实解决了不少困难,我们很感激。但作为家长还是有些担心:以前听说过周边学校有低年级作业留得非常多,孩子写到晚上十来点,还要求家长签字、群里点名,家长和孩子都累得不行。现在虽然孩子作业量看起来符合要求,但我怕开学后课后服务会变成变相补课或集中写作业,反而增加负担。尤其农村学校条件有限,课后服务内容能不能真的做到丰富多样,而不是简单看管?希望领导能组织不定时暗访、监督,督促学校真正落实减负要求,让课后服务既有温度又有质量,别把辅导任务又推给家长。"
E3E12B97F52C38806E61594C0F63AF6737817333D56F2B6EBA53DA94F72FAE69,关于农村小学课后服务与作业负担的担忧,"领导好,我是一个乡村小学孩子的家长,我们夫妻都在外打工,平时孩子由老人照看,家里时间紧,对孩子的学习帮不上太多。这几年总听说以前作业多,孩子晚上写到十来点,心里很担心。现在虽然听说有规定不让留书面家庭作业,但孩子参加了学校课后服务,每天两个多小时,不知道老师在课后服务里是不是又布置作业、讲新课,变相加重负担。我们农村学校条件有限,老师也辛苦,但就怕为了成绩又回到老路上。希望教育部门能经常到乡村学校暗访,看看课后服务到底在做什么,作业量是不是真的控制住了,让孩子们放学后能有点休息和活动的时间。我们不想让孩子太累,也希望教育能真正减负。"
89E610F8E5A4300FE12B094621DF2A3C05C26BD33ADBF9E85A26B176BBE0A3CA,关于乡村非公办学校作业和课后服务监督的诉求,"领导您好,我是中部某乡村的一名小学生家长。我们夫妻都在上班,家里老人多,平时照看孩子时间紧。这个暑假孩子参加了学校的课后服务,确实帮我们解决了看护难题。但我心里还是不踏实。听说同省有些学校以前作业特别多,一年级孩子写到十来点,还要求家长签字、群里点名批评。现在虽然政策规定低年级不布置书面家庭作业,可学校不是公办的,我担心开学后作业负担反弹,也怕课后服务变成变相补课或集中上课。希望领导能安排对这类学校的暗访督查,重点看看作业量和课后服务是不是自愿参加、内容多样、时间衔接,让我们家长安心上班,孩子也能睡个好觉。"
DF76669B6D039EEB5CA32E6AD658A271FC66BB2E3E467D6F8727A71DF8F489A2,关于暑假乡村学校课后服务时间与内容的诉求,"领导您好。我们住在中部农村,夫妻俩都要上班,家里人口多但能专门照看孩子的时间很有限。暑假里学校提供了课后服务,孩子也在参加,确实帮我们减轻了看护压力。但服务结束时间比较早,和我们下班时间衔接不上,剩下的时间孩子在家基本就是睡觉、看电视,我们也没法辅导。孩子还小,我们希望他将来能考上本科,可乡村学校资源不多,课后服务内容也比较单一,希望能增加一些阅读、体育和兴趣活动。请县里协调学校在暑假适当延长课后服务时间,最好能到傍晚六点,并多安排些素质拓展,让我们安心上班,孩子也能过个有意义的假期。"
42AEABC116DFA8D2FFA86EE539A8934E38E89289003A2243863ED376A769DA79,关于学校低年级作业和课后服务负担的担忧,"我家住在农村,家里大人都在工作,平时照看孩子的时间很紧张。孩子现在上小学,按年级规定原则上是没有书面家庭作业的,这个月看作业情况也还符合要求。但作为家长,我心里并不踏实,因为听同省一些地方有低年级孩子作业写到很晚、写不完就在群里被批评的情况。这个暑假孩子参加了学校的课后服务,每天时间不短,我们本来觉得是好事,可也担心开学后课后服务会变成集中补课或者布置额外作业,孩子回家还要继续写。希望领导能安排人暗访监督,真正把低年级不布置书面家庭作业的要求落实到位,课后服务多安排一些体育、阅读、兴趣活动,不要变成刷题;也不要总让家长签字打卡,少一些在群里公开批评。孩子睡眠一直比较充足,我们不想因为作业负担反弹给毁掉。"
FA5F6343CA476C03A664014B801190C6A5AFEE0F27FB509E44582B34D3368FCF,担忧农村学校课后服务变相增加课业负担,"领导您好。我是一名在农村生活的小学生家长,孩子秋季开学后继续读小学低年级,我们夫妻都在上班,平时很难抽出整块时间辅导和接送。这个暑假学校提供课后服务,孩子一天不落参加了,听说制度要求每天不少于两小时,按理是自愿、内容多样。但我们这里的学校不是公办,周边一直有家长担心低年级作业写到晚上十点、家长天天签字、群里点名批评的事,我们心里也不踏实。这个月作业量看起来还在规定范围内,可我们怕一开学,课后服务会变成补课或集中刷题,把书面作业压力又压到孩子和家长身上。我们没给孩子报过学科培训班,家庭经济条件一般,更怕跟不上。恳请领导开学后多到农村学校暗访,查一查课后服务到底在做什么,作业总量和时长是不是落实到位,别让自愿参加变成变相强制,也别把辅导责任全推给家长。我们希望孩子能睡够、学得有兴趣,我们也能安心上班。"
786CC4751B0308123D5858265F510BC3BE2DC3D8B752DFA7F345FDF0073220D0,关于乡村小学课后服务与作业管理的诉求,"领导好,我家孩子在乡村小学读书,我们夫妻都上班,时间很紧。这个月孩子参加了学校的课后服务,政策上要求课后服务自愿参加、内容多样、时间衔接,还要统筹作业总量。我们担心乡村学校资源有限,课后服务会不会变成简单看管,或者变相让孩子写作业,加重负担。虽然目前书面作业符合规定,但看到周边有作业反弹的情况,心里不踏实。希望教育部门多到乡村学校暗访检查,监督课后服务内容和作业管理,让家长真正放心。"
0C68988B17D46C2EEA17E43BC34BEC96DFB924F9447BA8419D6C979E2EA18A32,关于暑期学校课后服务内容与质量的建议,"领导您好,我是本地一名小学生的家长。孩子目前上小学,不在毕业班。我们住在农村,家里经济条件一般,我和孩子妈妈都在工作,平时老人帮忙照看,但假期里照护压力很大。这个暑假孩子参加了学校提供的课后服务,每周五天、每天两个多小时,确实帮我们解决了部分看护问题。但我们有些担心:学校不是公办学校,课后服务的内容是不是真的能按照要求做到多样、自愿?从我们了解的情况看,孩子每天在学校主要是写写作业、看看书,活动比较单一,而且我们担心假期里会不会变相增加书面作业。政策上不是说小学低年级原则上不布置书面家庭作业吗?现在校外学科培训也少了,我们也不希望孩子假期去补课。希望领导能督促学校丰富暑期课后服务的活动内容,比如增加体育、艺术、阅读、劳动实践等,真正让孩子度过一个充实、健康的假期,也减轻我们双职工家庭的负担。谢谢。"
358C4B47F13AF082C9487A41AC0F2D85CE0031078F1CDE5E803C2E6453646B6B,关于暑假课后服务不要变相增加作业负担的请求,"我家孩子上小学,我们两口子都在上班,家里老人年纪大,暑假看护确实困难,孩子这个月参加了学校课后服务,我们很需要这项服务。但心里一直不踏实,担心学校利用课后服务时间变相补课或布置大量书面作业。以前就听说同省有的学校作业特别多,一年级孩子写到十来点,二年级中午都不让休息,家长还要天天签字,群里公开批评,孩子累家长也累。虽然现在孩子作业看着符合规定,可暑假托管期间,如果课后服务变成作业班或补课班,孩子就没法真正休息,也失去课后服务的意义。希望领导能多暗访督查,关注暑假课后服务的内容和时间安排,确保只是看护和开展文体活动,不要额外增加书面作业和学科培训,让孩子能喘口气,也让我们家长安心上班。"
30CCE1EB5DF35E33D9396D5FF687D3D86E1E17DAC3ABD9941C7D1A3FBDD06F0F,关于乡村小学课后服务与作业管理的建议,"领导您好。我们夫妻是双职工,平时工作忙,家里老人年纪大,照看孩子比较吃力。孩子目前在村里小学读书,这个月参加了学校课后服务,书面作业量暂时符合规定,我们稍微放心一些。但我们也听说以前附近学校有过作业留到很晚、家长必须签字批改的情况,所以心里还是不踏实。现在学校每天提供课后服务,我们担心学校借课后服务名义给孩子集中刷题、变相补课,或者放学后继续布置隐性作业,把负担又转回家里。我们希望教育部门能加强对农村学校课后服务和作业管理的暗访督查,确保课后服务真正自愿参加、内容多样,有体育、阅读、兴趣活动,而不是变成第二个课堂;同时严格监督作业总量,让孩子能有足够睡眠和休息。我们家长不是不想管孩子,而是能力有限、时间也紧,希望学校能承担好教学和看护责任。"
A513FF2A16BA9E3420F3BCDE28811237B2C2EBE926991E4AE3E5A9FF98FD3EFB,请加强农村非公办小学作业和课后服务监督,"各位领导好,我是一名农村小学生的家长。孩子目前暑假期间也参加学校的课后服务,作业量看着还算符合规定,但我们家长心里还是没底。我们这边学校不是公办,以前就听说有些地方孩子作业写到很晚,家长跟着签字、挨批评,负担很重。快开学了,担心作业量又上来,尤其是学校资源有限、老师也辛苦,课后服务能不能真的管好作业、安排好活动,我们不清楚。家里大人都在上班,时间紧,辅导孩子很吃力。恳请领导多关注农村非公办小学的作业管理和课后服务质量,加强常态化检查和暗访,让减负政策真正落到实处。"
FA7ADE879BC67D77C3984A24D7F96826FDC1DD84820C775E06833E82942F807D,关于学校落实作业管理、减轻小学生家庭作业负担的求助,"各位领导好。我家孩子在镇上的一所公办小学读书,家里条件一般,我们家长文化程度不高,辅导孩子作业越来越吃力。最近发现孩子写书面家庭作业的时间超过了规定,有时候晚上要花很久,我们担心影响孩子休息,也怕作业多又不会辅导,逼着孩子只能自己硬撑。听说现在有要求学校统筹作业总量,加强校内指导,还要求课后服务可以让孩子在学校完成作业。我们希望学校能真正落实这些要求,把书面作业量控制在规定时间内,老师多在学校指导孩子完成作业,课后服务也能开放给我们这样的家庭,让孩子尽量在学校把作业做完,减轻我们家长的负担。孩子睡眠一直挺好的,不想因为作业问题把身体搞坏。我们家长文化有限,只能依靠学校了。请领导督促学校做好作业管理和课后服务,谢谢。"
D8FFD39B195A6C5F27CF2980BE0B2574BC3FE2747F1FB5164457C08EAC57ABD3,关于孩子书面作业负担过重问题的求助,"领导好,我是西部城镇一名小学生家长,家里经济条件不太好,大人文化程度也不高。这个月虽然还在暑假,但孩子的书面作业情况没有达到规定的时间要求,我们看了心里很着急。以前也听过同省有孩子作业多得天天熬夜,压力太大,我们不想自己孩子也变成那样。马上要开学了,希望上级能督促学校严格落实作业总量和时长规定,把课后服务真正开展好,让孩子在校内就能完成大部分作业,减轻我们家长的辅导负担,避免我们因为能力有限、又担心孩子跟不上而被逼着去找校外培训。"
76CE30E71492DD2C5BB909F65B996FC3FC3F3D28F6E00C60E6D619DD630577A4,关于减轻小学生书面作业负担的请求,"领导您好,我是一名西部城镇的小学生家长,家庭经济条件一般,文化程度不高,平时很关心孩子的学习。这个暑假,我发现孩子这个月的书面作业时间超过了规定的一个小时,孩子虽然睡眠时间还算充足,但写作业时明显吃力。看到不少外地家长反映作业多、压力大,甚至引发补习班乱象,我很担心新学期开学后作业负担会更重。现在国家要求学校统筹作业总量、加强课后服务,我们这里学校资源不算好,老师也忙,担心落实不到位。恳请领导督促学校严格执行作业时间规定,合理设计作业,利用好课后服务时间辅导孩子,减轻我们普通家庭的负担,让孩子能健康学习。"
10F07B5E9021DEC8641BE614FF13808379C69469F4133D3DDFAC26CED0723DD4,关于小学生书面作业负担的反映与请求,"领导您好,我是一名小学生的家长。孩子现在上小学,学校是公办的,家里条件一般,我们大人文化也不高,辅导不了作业。最近看到上面要求小学生书面作业平均完成时间不超过60分钟,但我们孩子这个月的作业情况好像没有达到这个要求,有时要写很久,我们担心孩子睡不够,影响身体。孩子平时睡眠还算可以,但要是作业多了,肯定要挤占休息时间。我们也没有钱给孩子报补习班,就靠学校老师教。希望领导能帮忙督促学校严格按政策布置作业,别给孩子太大压力,也希望能把课后服务搞好,让我们家长放心。谢谢领导。"
639C85EEA2DBA47A73C122CC6C3030C591A24B26A3A81DE02330CD5A427DB7B7,关于保障低收入家庭课后服务质量的诉求,"领导好,我是一名小学生的家长,家在西部城镇,家里条件一般,我文化程度也低,辅导孩子功课很吃力。这个月孩子在学校参加了课后服务,我们很感激,但也有点担心:一是怕学校课后服务会收费或者变相收费,增加我们这样的家庭负担;二是怕课后服务只是看管,没有老师真正辅导作业,孩子回家我还是不会教。现在外面学科培训班少了,我们也没钱请家教,只能依靠学校。希望政府能督促学校把课后服务办好,明确不向家长多收费,安排老师帮孩子辅导作业,多开展一些阅读、体育、兴趣活动,让孩子在学校能完成作业,回家早点睡觉,我们家长也安心。谢谢领导。"
C0307EAF39CF899C1E3C00D8117C2104506AEACDE84672E13673C6474FF3AE68,关于小学课后服务实效和作业负担的担忧,"领导好,我是西部城镇一名小学生家长。家里条件一般,我们文化程度不高,辅导孩子作业很吃力。现在孩子在学校参加课后服务,这对我们来说是好事,但心里还是没底。这个月作业量看着是符合规定的,可过去经常听说有的学校作业多、考试排名压力大,担心开学后作业负担又反弹。课后服务虽然安排了,但感觉有时就是集中看管,没有真正帮孩子把作业弄明白。我们家没条件报外面的补习班,现在外面学科培训也少了,就怕别的家庭有门路请一对一,我们孩子更跟不上。希望领导能督促学校把课后服务做实,利用这段时间加强作业辅导和兴趣活动,同时严格落实作业时长规定,真正减轻我们家长的负担。"
D3B00FBA6BB6EAD0938DF825FF6DC5B821272AB2F0F1B81D2A8BDE56B42629C1,关于保障小学课后服务质量和作业指导的诉求,"我是西部城镇一名小学生家长。家里经济条件一般,我们文化程度不高,辅导孩子功课很吃力,所以特别看重学校课后服务。这学期孩子参加了学校课后服务,按规定每天不少于两小时,但作为家长,最担心的是这两个小时到底有没有真正用来指导作业、开展阅读和文体活动,而不是简单看管。我们这里学校班额普遍偏大,老师工作负担重,课后服务如果缺乏有效监督和师资保障,很可能变成熬时间,孩子回家还是没人辅导作业,最后还是得靠我们花钱找补习,负担更重。希望领导能督促相关部门加强对学校课后服务内容、质量和经费师资的日常监管,尤其关注我们这些家庭辅导能力弱的孩子,让课后服务真正起到减负作用,不要流于形式。"
3520528963021A8D91AF76CFB355CF21EC37E7FC8EC569684AAAA61D60CA15D0,关于学校课后服务质量和家庭负担的诉求,"领导您好。我是西部城镇一名小学生的家长,家里经济条件不太好,我文化程度也不高,辅导孩子作业比较吃力。现在学校有课后服务,我家孩子这个月也参加了。但我担心开学后课后服务能不能真正落实自愿原则,内容是否丰富,会不会变相收费或增加家庭负担。我们家长最怕的是课后服务流于形式,或者变成补课,反而加重孩子和家庭压力。希望政府能加强对学校课后服务的监管,保障师资和经费,让课后服务真正帮到我们这样的家庭。同时请继续抓好作业管理,避免开学后作业负担反弹。"
4DB71D45EF361316D1067D62A9B05866A0597F7716AE49A14E1D85B2C773C1CD,关于提升学校课后服务学业辅导质量的建议,"我是西部城镇的一名小学生家长,家里经济条件一般,我和孩子妈妈文化程度都不高,辅导孩子作业很吃力。现在校外学科培训少了,我们也没钱给孩子报班,孩子放学后的学习主要靠学校课后服务。这个月孩子参加了学校课后服务,每天两个多小时,但我们担心老师只是看着孩子写作业,不会的题目没人讲,孩子的学习问题还是解决不了。我们期望孩子将来能考上大学,可自己帮不上忙,只能指望学校。希望领导能督促学校把课后服务做得更实在一些,加强作业辅导和学业指导,让老师针对孩子的薄弱地方多讲讲,别光图时间凑够,真正帮到我们这样的家庭。同时也希望课后服务能有一些免费的兴趣活动,让孩子全面发展。"
5BC229DBBBA4138A8137617E21E5134C71C65EA42A57A94C7CC40AD972574246,关于学校课后服务质量的诉求和建议,"领导您好,我是一名小学生的家长,家在西部城镇,家庭经济条件不好,我们两口子文化程度不高,没法辅导孩子学习。孩子现在上小学,这个月参加了学校的课后服务。现在国家要求减轻作业负担,学校作业控制得不错,孩子晚上能早点睡,我们很感激。但是课后服务每天两个小时,我们不知道老师具体在做什么。我们担心只是把孩子集中看管,没有真正辅导作业、开展活动。我们家没钱给孩子报任何培训班,现在外面的学科培训班也少了,如果学校课后服务不扎实,孩子学习上遇到困难没人帮,会越来越跟不上。以前听说过有的学校课后服务就是学生干坐着,老师不管,我们很怕自己孩子也这样。希望领导能督促学校把课后服务做实,让老师在课后服务时间认真指导孩子完成作业,适当开展阅读、体育、艺术等活动,别让课后服务流于形式,真正帮到我们这样的普通家庭。谢谢。"
4203BFB5195FB9F36AD108503FF31BEE847522C24559989BA666D2DB02A23D05,关于提升学校课后服务质量的请求,"领导您好,我是西部一个城镇的小学生家长,家里经济条件一般,我和孩子爸爸文化程度都不高,辅导孩子学习很吃力。孩子现在上小学,在公办学校,不是重点学校,我们也没有钱给他报外面的补习班。这个暑假孩子参加了学校的课后服务,我们很感激,但心里也不踏实。听说学校老师本来负担就重,一个班学生也不少,课后服务会不会只是让孩子在教室里坐着,没有真正辅导?我们家长文化低,孩子作业我们看不懂,就指望学校老师能多帮帮。希望领导能关注一下我们这种普通家庭的孩子,加强课后服务的老师配备和经费保障,让课后服务真的有老师辅导作业、开展一些兴趣活动,而不是走过场。另外也请继续监督学校的作业量,别过几年又多了,孩子睡眠少了,我们更没办法。谢谢领导。"
34EE50F5FD846DF799FF4BE71F4DF98B3F27C296E61177D34178E11FAFEDD5B4,关于丰富小学课后服务内容的建议,"领导好。我家孩子在本地一所公办小学读书,家里经济条件一般,我和孩子妈妈文化程度不高,辅导孩子学习比较吃力。这学期学校提供了课后服务,孩子参加了,我们很感激,但听说课后服务内容比较单一,主要是看管写作业,缺乏兴趣活动和素质拓展。我们这样的家庭没有能力额外报班,校外培训班也少了,希望政府能督促学校把课后服务办得更好,增加一些体育、艺术、科技类活动,让孩子放学后不仅有人管,还能学到东西。同时希望政府能保障课后服务的师资和经费,不要让老师太累,也不要额外收费。谢谢领导关注。"
3915A1EC29432EAE154574D31A0A77B9584635913756863B65B4BC7C7B87ECC2,关于保障低收入家庭孩子课后服务质量的请求,"领导您好,我是一名小学生的家长,家住西部城镇,家里收入不高,我和家人文化程度有限,辅导孩子学习很吃力。这个暑假孩子参加了学校的课后服务,我们很感谢有地方看管。但心里还是没底:课后服务能不能真正帮孩子把作业弄懂、有没有一些兴趣活动,而不是简单看管。我们家经济条件不好,如果课后服务还要另外收费,哪怕不多也是负担。希望政府能关注我们这类普通家庭,把课后服务的经费和师资保障到位,让学校课后服务真正起到辅导作业、发展兴趣的作用,别让好事变成新的负担。"
6F65BD1B5117746F02B014459C29CBE00FC116E5814FAC54040973C47EFB2B8E,关于课后服务质量和孩子学习保障的诉求,"领导好,我是一名小学生的家长,家在西部城镇,家庭条件一般,自己文化不高。孩子目前在学校参加课后服务,每天时间看起来是够了,但我还是担心课后服务到底有没有真正辅导学习、培养兴趣。我们这种家庭请不起外面的辅导班,政策上校外培训也少了,学校课后服务就成了孩子课后最主要的学习支持。希望领导能督促学校把课后服务做得更实在,不要只凑时间,能安排老师辅导作业、答疑,最好有一些素质拓展。同时书面作业时间按规定控制后,我们家长辅导不了,很怕孩子基础落下。能不能请学校在课后服务里加强学习指导,让不同家庭的孩子都能得到公平的帮助。谢谢。"
001878608DD68CFCE90C4783C0608C2231BDA45E16BB56EDCC1C0014843BF674,关于学校课后服务质量和收费问题的求助,"领导您好,我是西部一个城镇的家长,孩子在上小学,家里经济条件不太好,我文化程度不高,辅导孩子作业很吃力。今年暑假孩子参加了学校的课后服务,每天有两小时,这本来是好事,能帮我们看孩子、辅导作业。但我心里很担心几个问题:一是担心课后服务只是让孩子在教室坐着,老师并不认真辅导作业,那对我们这样的家庭就没什么帮助;二是担心学校课后服务会慢慢开始收费,或者要求买材料、交活动费,我们负担不起;三是担心开学后课后服务时间太长,孩子在学校待得太久,回家还要做作业,影响休息。我听说以前有些地方学校作业太多,孩子熬夜,还有大班额导致老师顾不过来,最后家长只能花钱补课,我们不想走那条路。希望领导能重视学校课后服务的落实,加强监督,保证课后服务真正有老师辅导作业、开展一些兴趣活动,并且坚持自愿和免费或合理收费,不要增加我们低收入家庭的经济负担。谢谢领导。"
79D977468E6559BE3F597F7415DD1809D89AB6CDC0C7547C0892F23A570537E8,关于保障小学课后服务作业辅导质量的诉求,"领导好,我是西部城镇一名小学生家长。家里经济条件一般,我文化程度不高,辅导孩子作业越来越吃力。现在孩子参加了学校课后服务,但我担心课后服务只是看管,不能真正指导孩子完成作业。政策要求学校课后服务内容多样、师资有保障,希望政府能督促学校落实,让课后服务有老师辅导作业,减轻家长负担。也希望课后服务坚持自愿原则,不乱收费。谢谢。"
D3960D135298E3B020DE2DAECBA80DF801F8C47093186A97715BBB1291F213E2,关于暑期学校课后服务保障的几点期盼,"领导好,我是一名小学生的家长,家住城镇,家里经济条件比较困难,我和孩子妈妈文化程度都不高。今年暑假,孩子参加了学校提供的课后服务,解决了我们白天看护的一大难题,我们很感激。但作为家长还是有些担忧:服务内容比较单一,主要是看护和写作业,缺少体育、艺术、阅读等活动;师资力量感觉不足,老师轮流值班,对孩子的个性化指导有限。我们家庭收入有限,无力承担校外兴趣班或辅导,希望课后服务能更丰富些,让孩子假期过得充实。另外,开学后也希望课后服务能继续加强作业辅导,因为我们自己辅导不了孩子。恳请领导关注学校课后服务的质量和保障,特别是对经济困难家庭的孩子多一些倾斜,谢谢。"
FE6BAE654C4DCD0DB7AE0723924B176EFD377CA6D9FB2FB2A5188266B0B86AD8,关于低收入家庭孩子课后服务实际辅导效果的诉求,"领导好,我是一名小学家长,家在西部城镇,家里经济条件不好,我和孩子妈妈文化水平都不高,辅导作业很吃力。现在学校有课后服务,孩子这个月也参加了,作业量符合规定,我们心里踏实一些。但我们担心开学后课后服务能不能真正帮到孩子,特别是作业辅导和答疑。我们听说有的学校课后服务只是看着孩子,没有老师认真辅导,我们不会教,外面培训班又少又贵,我们实在上不起。希望领导督促学校把课后服务做实,让老师真正辅导作业、解答问题,别让课后服务走过场,真正减轻我们低收入家庭的负担。同时也请继续严管校外培训乱收费,防止变相补课,别让我们被逼着花钱。谢谢领导。"
67C32D55D2E8799694FA91967B61B92CFA6FB49D12F86E4BD3273D0A809AB41A,关于课后服务别流于形式、减轻低收入家庭负担的诉求,"领导您好,我是一名小学生的家长,家在西部县城,家里收入不高,我们两口子文化程度也有限。孩子现在上小学,这个暑假参加了学校组织的课后服务。我们本来挺高兴,觉得学校能管住孩子、辅导点作业。可从我们普通家庭角度看,还是担心课后服务只是把人聚在一起看写作业,内容单一,老师忙不过来,最后又变成自愿参加但不得不参加、甚至另外收费。我家孩子以前没上过外面的补习班,现在校外培训少了,我们更指望学校课后服务能把作业讲一讲、带一带,别让没条件请家教、没能力辅导的家庭干着急。过去我们也见过有的学校作业多到孩子熬夜,班额大、老师顾不过来,家长只好找补习班,负担很重。希望领导能督促学校把课后服务真正做实,时间衔接好,内容多样一些,师资和经费保障到位,收费上别增加我们低收入家庭的压力。"
52A3645864DDA7525C8411EBF6C94F2691413B265BAE86052E96738F813C638E,希望学校课后服务能真正帮助困难家庭孩子,"领导您好,我家孩子在上小学,家里经济条件不好,我们两口子文化程度都不高,辅导作业很吃力。现在暑假孩子参加了学校课后服务,但我们心里没底,不知道老师是不是只是看着孩子,有没有真正辅导作业、开展一些有意思的活动。我们这样的家庭,没有钱给孩子报外面的班,就指望学校能把课后服务办好。希望领导能督促学校丰富课后服务内容,加强作业指导,让孩子在校内就能得到比较好的照顾和学习帮助。也请考虑我们西部小地方学校老师紧张的问题,给学校一些支持,把好事办好。"
DFCB9FD4A410BE1AB7A04EC09E3CD59782DC513F237D1645DA7A4EC662130E33,关于乡村双职工家庭课后服务保障的诉求,"领导好,我家在西部农村,孩子读小学,我和爱人都在打工,家里人口多但能帮忙接送辅导的人手实在有限。马上要开学了,最愁的是下午放学早,我们还没下班,孩子没人管。听说学校要提供课后服务,我们挺盼望,但村里学校条件一般,怕落实不好或者另外收费。孩子平时书面作业不多,睡得也早,可我们文化不高,希望课后服务能有人辅导作业、组织些活动,别只是让孩子干坐着等家长。也请政府多给农村学校保障经费,别把成本都压到家长身上。我们不指望孩子考多好,能读个大专就行,基础不能落下。"
7AA2CADD64B9B8864C8220D978BE9B1FEE55D896D41A17F6D9A68ACF5D0E8CFF,关于农村小学作业负担与课后服务落实的期盼,"领导好,我是一名小学生的家长,家住西部地区农村,家里经济条件一般,我们两口子白天都要上工,晚上回来也顾不上辅导孩子。以前常听同县高年级的家长说,有的学校作业很多,孩子做到很晚,老师还在群里让家长批改,我们很担心自己的孩子以后也会遇到。现在政策上要求控制作业总量、加强校内指导,还要求完善课后服务,我们很盼望能真正落实到我们这样的农村学校。希望新学期学校能合理安排书面作业,尽量让孩子在校内完成,不要总把批改任务推给家长;课后服务也能真正办起来,时间上能接上我们下工,内容丰富些,减轻我们农村家庭的负担。谢谢领导关心。"
B94C86BC70E86C0BFE5C389564E6F6B15F45C89286A3DA436DAD16A343CC39F7,希望加强农村小学课后服务和作业辅导,"领导好,我是西部农村一名小学生家长。我们夫妻都在上班,下班晚,孩子放学后作业辅导成了难题。我们文化程度不高,有些内容确实不会教。现在孩子作业量虽然符合规定,但我们担心以后会不会增多,像以前有的学校那样让孩子做到很晚。听说现在要求学校完善课后服务,我们很期盼。希望新学期学校能提供课后服务,让孩子在学校把作业做完,有老师指导,这样我们也能安心工作。另外,希望老师不要布置需要家长批改的作业,我们实在没有能力辅导。谢谢领导。"
8C72BD0F38721C61750AC262AD1221D5D321399AFBA6335172DAFEE1C0238AEF,关于农村小学生开学后作业与课后服务减负的诉求,"领导您好。我家在西部农村,孩子读小学非毕业年级,家里经济条件一般,我和爱人都在工作,平时照看孩子时间紧,文化程度也不高。现在正值暑假,孩子这个月书面作业情况虽然符合年级规定,但开学后能不能真正落实不布置书面家庭作业、把作业在校内指导完成,我们很担心。以前也听说同省一些农村学校存在作业多、让家长在群里改作业、课堂作业带回家的情况,怕自己孩子也遇到。我们最希望的是,学校开学后能严格落实作业总量和时长要求,不要把批改和辅导都推给家长;同时把课后服务安排好,真正自愿参加、内容实在、与家长下班时间衔接,让孩子尽量在学校完成作业,晚上能睡够。恳请领导督促教育部门关注农村普通学校的落实情况,减轻我们这样的家庭负担。"
5B600E5FBE5CEFD4811616A669A711012103BA6F2F2E142FE9BF37C34607E656,关于加强农村小学课后服务保障的请求,"领导好,我是西部农村一名小学生的家长。我们两口子都在打工,家里老人多但精力有限,每天接送孩子时间很紧。这个月学校课后服务已经开始了,孩子也参加了,确实帮我们解决了大难题。但我们还是有些担心:我们农村学校条件有限,老师数量少,怕课后服务变成单纯看管,内容不丰富。我们家长文化水平不高,辅导不了孩子,希望政府能多支持农村学校的课后服务,配足老师、给足经费,让孩子在学校能参加阅读、体育、兴趣活动,最好能结合我们下班时间再延长一点,真正让我们能安心工作。谢谢。"
DD43F14D4B252FCDBC3C9342E12B15B8D0CAFD274D9DA3D5D3BEA89DB74E8C14,关于乡村小学课后服务质量的诉求,"领导好,我是西部乡村一名小学生家长。孩子现在参加了学校课后服务,我们两口子都要上班,文化程度不高,晚上回家基本辅导不了孩子。现在学校书面作业少了,孩子睡眠时间够了,但我们很担心学习效果跟不上。听说有些学校课后服务只是把孩子集中看管,老师不辅导也不组织活动,这样两个小时就浪费了。我们希望领导能督促学校把课后服务做实,安排老师辅导功课、开展阅读或兴趣活动,别让农村孩子因为家里没人教就落后。另外也恳请学校不要变相增加作业,让我们家长能安心工作,孩子也能健康成长。"
D12B083D6BE1A86BCEEE9D76847BD9BE699566F6205E0E37FBD78B4B72B44204,希望乡村小学课后服务内容更丰富,"领导您好,我是西部农村一名小学生的家长。孩子现在低年级,学校说原则上不布置书面家庭作业,这个月我们也确实没看到什么书面作业,孩子睡眠时间比较足。但我们两口子都在外打工,家里老人文化不高,孩子放学后参加了学校的课后服务,每天到五点半左右,我们很感激,但心里也担心:这两个小时到底是不是只是把孩子集中在教室坐着?我们文化水平低,没法辅导孩子,家里经济也不宽裕,外面培训班又少又贵,孩子学习基本只能靠学校。以前听说有些学校作业多,家长不会教,老师又要求家长批改,我们很怕出现那种情况。现在作业少了是好事,但希望学校能把课后服务用好,比如组织阅读、写字、体育活动,或者让孩子在学校完成一些口头练习、兴趣活动,而不是单纯看管。我们家长时间紧,文化有限,特别需要学校在课后服务里多帮孩子一把,让农村孩子也能享受到有质量的教育。恳请领导关注乡村学校课后服务的实际内容,督促学校真正落实多样化活动,别让这120分钟流于形式。"
ADD71D078E4ACD34FDB29D11205AD8170B9D5F00D21EDAA7AD55B5448FFC9570,关于开学后课后服务和作业管理的建议,"领导您好。我是西部农村一名小学生家长。我们夫妻都要上班,家里人口多,平时时间紧,自己文化程度也不高。现在孩子参加学校课后服务,每周五天、每天至少两小时,我们很支持。马上要开学了,我有些担心:一是学校课后服务会不会变成老师上课或布置额外作业,孩子回家还是写不完;二是书面作业虽然现在少了,但怕开学后老师通过手机布置一些需要家长辅导的任务,我们确实辅导不了;三是农村学校课后服务师资和内容能不能跟上,希望不要只是把孩子留在教室看书写作业。恳请领导督促学校严格落实作业管理,提高课后服务质量,多安排老师辅导作业、开展体育活动或兴趣活动,真正减轻我们家长的压力。谢谢。"
E9EAAE13AD7DCA94BEC044AED899917B607714AA17F8E137C0BCD0D10B1D4FBD,关于农村小学暑期课后服务的几点请求,"领导好,我是西部农村的一名小学生家长。我们夫妻俩都要上班,家里人手虽然多,但各有各的难处,暑假照看孩子很吃力。学校暑假提供了课后服务,我们让孩子参加了,心里很感激。但我们文化程度不高,没法辅导孩子学习,家里经济也不宽裕,校外培训班现在很少也上不起。希望领导能多关注农村学校的暑期课后服务,让服务内容更丰富一些,比如有老师指导孩子读书、写作业,开展一些兴趣活动,时间上也能更贴合我们下班时间,让孩子暑假有人管、有收获,我们也能安心工作。"
A8AC128E52CA147261D61890C26A3DD46C8E8EAA4EE06C6ACB443A6A19A5CD1F,关于提升农村小学课后服务实效的建议,"领导您好,我是西部农村一名小学生的家长。我们两口子都要上班,家里老人照看孩子,文化程度不高,辅导作业很吃力。现在学校按要求提供了课后服务,我们孩子这个月也在参加,但我们不知道这段时间具体做什么,是不是只是把孩子集中在一起坐着等家长接?我们担心课后服务流于形式,孩子回家后学习还是没人管,以后老师又把批改作业、辅导功课的任务推给家长,像以前听说的那样让家长在群里订正作业。我们家庭条件一般,外面的培训班也少了,学校课后服务是我们主要指望。希望领导能督促学校把课后服务做扎实,明确老师职责,真正提供作业辅导和兴趣活动,让孩子在校内学好,减轻我们家长负担。"
9360643639D8957C8064CA64A4CE416E0287D23F402B535BF2F83DAF8DEE82D2,关于暑期及开学课后服务承担作业辅导减轻家长负担的诉求,"领导您好。我们是西部农村的小学生家长,夫妻两人都要打工,家里老人多,文化程度都不高,平时晚上没有能力辅导孩子作业,时间也很紧。这个暑假孩子参加了学校的课后服务,每天原则上不少于120分钟,这本来对我们这样的家庭是很大的帮助。但我们很担心开学后课后服务只是看护,作业辅导还是压给家长;我们这边以前就常有老师让家长批改、传群的情况,家长不识字根本应付不了。虽然低年级说是不布置书面家庭作业,但实际可能还有变相任务。恳请领导督促学校把每天课后服务的时间真正用起来,安排老师在校内辅导孩子完成学习任务,不要让孩子把作业带回家,也不要再把批改辅导责任转给家长。这样我们才能安心打工。"
BB222BC4A408A19E6E5F1173EF4799D9442A6E0EF557914DA793482F6AC0DB77,关注农村小学生课后服务质量与作业负担,"领导您好。我是西部农村的一名小学生家长,家里经济条件一般,我和孩子妈妈都要上班,每天时间很紧,文化程度也不高,辅导孩子学习非常吃力。这个暑假孩子参加了学校的课后服务,我们很感激有这个安排,希望能帮我们分担一些照看和辅导的压力。但我们心里也担心,课后服务是不是只是把孩子集中看管,没有真正开展多样活动;更担心开学以后书面家庭作业变多,我们实在没能力完成老师布置的辅导任务。希望领导能督促学校把课后服务内容做扎实,多安排一些文体、阅读、兴趣活动,别变成变相补课或单纯写作业;同时继续严格落实作业管理,别让书面家庭作业反弹,减轻我们农村家长的负担。谢谢领导。"
4BA698EFE6554C3858EA9CC84A9A56FA13A62AD46F87668CB0741DFB2AC10BB5,建议加强农村学校课后服务内容与保障,"领导好,我是西部农村一名小学生的家长。家里人多,我和孩子爸爸都要上班,平时照看孩子时间很紧。这个暑假学校提供了课后服务,孩子去参加了,确实帮我们解决了看护难题。但我们感到农村学校的课后服务内容还比较单一,基本就是集中看管,老师数量不足,体育、阅读、手工这些活动很难开展。孩子现在这个年级按政策不布置书面家庭作业,我们理解减负要求,但课后服务不能只是把孩子圈在教室里,希望政府能加大对农村学校课后服务的经费和师资支持,丰富活动内容,安排时间能衔接家长下班,让孩子在学校既能安全看护,又能有所收获。我们家庭条件一般,也不想给孩子报外面的培训班,希望校内课后服务能真正成为农村孩子的成长课堂。"
3DC6A5B5879B177E4344F936E84F9707D3CFE6069E9078EC307EE27D8C93A5B1,希望乡村学校课后服务能加强学习辅导,"领导好,我是乡村一名小学生的家长。我们两口子都要上班,没时间辅导孩子,家里也没人能辅导。我只有初中文化,孩子学习上的问题我们也弄不懂。现在孩子暑假参加学校课后服务,我们很感谢,但发现课后服务多是看管,作业辅导少。作业虽然少了,我担心孩子基础打不牢。以前听说有的地方老师让家长批改作业,我们很怕这种情况。希望领导能督促学校,让课后服务多安排老师辅导孩子写作业、补基础,别把作业带回家,也别让家长批改。这样我们家长也能安心工作。"
AB00B75A6F95E2D1729C074EA78FC6D6E42944EDCBFDC1A9A6BE9B777926BA58,关于乡村小学课后服务与作业负担的请求,"领导您好,我是西部农村一名小学生的家长。孩子上小学低年级,还没到毕业班。我们夫妻都在外面打工,家里老人文化不高,辅导不了作业,每天下班也很晚,时间很紧。学校现在有课后服务,说每天两小时,孩子这个月也参加了,但我们不太清楚这两小时具体在做什么,孩子回来也说不太清。这个月孩子的书面作业情况符合要求,可我们担心开学以后又像以前听说的那样,作业写到半夜,老师还让家长在手机里批改。我们文化不高,实在辅导不了。希望领导能督促学校把课后服务用好,真正帮孩子在校完成作业、开展活动,不要变成上课或单纯看管;也请盯紧低年级不布置书面家庭作业的规定,别让作业又堆到家长头上,给农村家庭减减负。"
882D21D1512947D79E9B431660C46CFD0EA7154A03937972B62C0108EAFCDCDE,关于减轻农村小学生家庭作业负担和提升课后服务质量的请求,"领导您好,我是西部农村一名小学生家长。孩子就读公办小学,我们夫妻都在打工,家里人口多,自己文化程度也不高,平时辅导作业非常吃力。这个暑假孩子参加了学校课后服务,但马上要开学了,我担心学校会布置书面家庭作业,我们实在没时间也没能力辅导。按现在的政策,孩子这个年级原则上不应布置书面家庭作业。希望领导能督促学校严格落实规定,把课后服务时间真正用来指导孩子完成作业、开展有益活动,减轻我们家长的负担,让孩子能早点休息、健康成长。谢谢!"
E067CE84C076849B4F17C7E0437AF5F1FE44FF70DB7514A414F2C07C50B9D0B9,建议完善农村小学暑假课后服务内容,"我是西部农村一名小学生家长,孩子目前在公办小学就读,暑假期间参加了学校组织的课后服务。我们夫妻都要上班,家里老人精力有限,学校能提供课后服务解决了看护难题,我们很感激。但我们也担心,农村学校条件有限,课后服务内容可能比较单一,可能主要是让孩子待在教室里,缺少适合低年级孩子的阅读、体育、手工等活动。我们希望领导能关注农村学校课后服务的实际质量,在师资和经费上给予倾斜,让孩子假期课后服务不只是有人看管,还能有一些有趣有益的活动,也减轻我们家长的经济和精神负担。"
6841E7DD6226D7A31622433ED0C579F798E33F48C0819AB972F4E05A3EFC1AA1,关于乡村小学课后服务与作业管理的担忧,"领导您好,我是西部地区一名小学生的家长。孩子现在参加学校的课后服务,每月作业量看起来符合要求,但我和孩子妈妈平时都要上班,家里老人精力有限,文化程度也不高,辅导孩子很吃力。听同县其他家长讲,有的学校课后服务就是让孩子自己写作业,老师不太管,甚至把课堂作业带回家,还要求家长批改后发群。我们很担心开学后这种情况会出现,孩子作业负担反弹,我们又辅导不了。希望领导能督促学校把课后服务做扎实,真正在校内完成作业指导,别让家长变成批改作业的助教,让乡村孩子也能安心学习。"
F7F2C25B6180A7D81A9D5B86DCFDD6237163865497FFF1923D30DAB494FD1A07,"希望新学期继续落实作业减负,课后服务能真正减轻家长辅导负担","领导好,我是本地一名小学生的家长。我们两口子都在外做工,文化程度不高,家里孩子多,时间和精力实在有限。这个暑假孩子参加了学校的课后服务,有人看着写作业、带着活动,我们家长省心不少。但马上要开学了,心里还是不踏实。以前就听说过同省有些学校作业特别多,孩子写到晚上十一二点,家长还得在群里改作业,我们文化低根本辅导不了。现在我们这个年级按规定原则上不布置书面家庭作业,希望学校开学后也能真正落实,不要又布置一堆书面作业带回家。课后服务希望能实实在在辅导孩子完成学习任务,不要变成变相补课或者只是坐在那里耗时间,让孩子回家还要写。我们农村双职工家庭,就盼着学校能把作业和课后服务管好,让孩子轻松点,家长也能安心工作。"
5A8BE28F73C517A953C3ED3847A7CF9D91731EE11D26041AA4585B01A93C5BF3,关于乡村小学暑期课后服务与作业管理的诉求,"领导您好!我家在西部农村,孩子就读公办非重点小学,家里经济条件一般,我和爱人文化程度不高,平时时间也比较紧。这个暑假孩子参加了学校的课后服务,我们很感谢。根据政策要求,课后服务应当自愿参加、内容多样,并由地方保障师资和经费。但我们担心农村学校资源有限,课后服务容易变成单纯看管,内容不够丰富,难以真正满足孩子成长需要。同时,虽然现在孩子作业负担不重,但我们也了解到一些地方曾出现作业过多、要求家长批改的情况,担心开学后作业量反弹,我们文化不高辅导吃力。希望领导能督促教育部门加强对农村学校课后服务的师资、经费和内容建设,并持续监督作业管理,让孩子们真正受益。谢谢!"
277E1466CE8B4A2A7EA0A150A770018C6741FF17B619B8BF6440486575670796,关于农村初中生暑期作业时长和课后服务的恳请,"领导好,我是西部农村一名初中生家长。这个月孩子的书面作业情况没有达到规定的时长要求,我们文化程度有限,白天都要务工,晚上很难有效辅导。孩子以前睡眠一直不错,但最近我们感觉他明显着急赶作业。我们担心开学后各科作业还是控制不住,压力都压到家里。希望县里督促学校统筹作业总量,别把负担都推给家长;课后服务如果能真正落实,让孩子在学校完成大部分作业,我们的压力会小很多。农村学校课后服务要自愿参加,但也要保障师资和活动内容,不能只是看管。我们家经济条件一般,孩子以前没上过学科类辅导班,现在也不指望靠外面培训,只求校内把作业和辅导抓好,让孩子能睡够、学扎实,将来有机会考大学。恳请领导关注农村初中作业和课后服务问题。"
DBE437BBE45DE68910562A1D01C95754095ABD8733805DC1EEE5FA72061E08E6,关于乡村初中生作业负担与课后服务的诉求,"领导您好,我是西部农村一名初中生的家长。这个月了解到孩子书面作业情况没有达到规定的时长要求,我们很担心作业负担可能偏重,影响孩子睡眠和健康。我们家经济条件有限,父母都需要上班,晚上陪孩子辅导的时间不多,孩子平时睡眠时间比较长,怕作业过多会挤压休息。希望新学期学校能严格落实作业统筹,控制作业总量和时长,减少重复抄写等低效作业,提高作业质量。同时希望学校能提供实用有效的课后服务,让孩子尽量在校内完成作业,减轻家庭压力。另外,我们也听说周边有代课老师更换频繁的情况,担心会影响教学连续性,希望相关部门能督促学校稳定师资,让老师专心教学。谢谢。"
7127043C491C4B56DAA58DB9A6F8BAB5A0AC13D6512A16FF572A0202E4F87A47,关于农村初中生暑假作业负担偏重的反映,"领导您好,我是一名西部乡村初中学生的家长。这个月孩子的书面作业时间明显超过了教育部门规定的初中生每天不超过90分钟的标准,暑假作业量偏大,孩子完成起来比较吃力。我们夫妻平时忙于生计,文化程度有限,家里经济条件也不好,没有能力给孩子报校外辅导班。我们担心这样下去会影响孩子的睡眠和休息,也影响学习效果。希望学校能按照作业管理要求,统筹各科作业总量,减少机械重复的抄写,提高作业质量。同时希望开学后学校能提供课后服务,让孩子在学校完成大部分作业,老师能给予必要的指导,减轻我们家长的负担。谢谢领导。"
9501D36381B3D843782D400864444CA4152C03338C9545494ACD04D5260AE351,关于乡村初中生书面作业负担与课后服务落实的诉求,"我是一名初中学生家长,家住西部农村,家里经济条件一般,我们两口子都在就业,平时辅导孩子作业的时间和精力很有限。孩子现在读初中,不属于毕业班。这个暑假,我注意到孩子书面作业完成情况好像和规定的初中生作业时长要求不太一致,具体作业量多少、是什么原因造成,我也说不清楚,只是担心开学后学校如果还是这样的作业量,孩子每天光作业就要写到很晚,影响睡眠,也顾不上其他发展。我们这里学校是公办普通学校,课后服务政策刚出来,希望领导能督促学校在开学后真正把作业总量和时长控制住,提高作业质量,同时把课后服务开展起来,让孩子自愿参加,在学校尽量完成大部分作业,减轻我们家长的辅导压力。我们家庭经济不宽裕,也没有条件给孩子报外面的补习班,就盼着学校能把该管的事管好。希望相关部门能核查一下学校作业布置情况,并协调落实课后服务,让我们农村孩子也能享受到政策好处。"
851EEA463B4BA9ABB0E75EE0EB539A4DB8A57EEEA561D3D14A6556D9D693DD00,关于乡村学校课后服务质量的建议,"我家孩子在乡镇初中就读,这学期参加了学校课后服务。作为家长,我们两口子都要工作,家庭收入不高,陪伴和辅导孩子的时间有限。现在学校每天提供课后服务,我们很支持,也希望这项政策能真正落到实处。我们担心的是,乡村学校师资和经费有限,课后服务会不会只是看管,缺乏作业指导和多样活动?孩子作业目前能控制在规定时间内,但开学后学习任务加重,如果课后服务不能提供有效辅导,我们家长又没能力额外花钱补课,孩子学习可能会受影响。我们希望领导能关注乡村学校课后服务的实际质量,加强师资和经费保障,让课后服务既有作业辅导,又有体育、阅读等活动,真正帮助像我们这样的家庭,而不是增加负担。同时希望课后服务坚持自愿,不要变相强制或收费,让我们能安心工作,孩子也能健康成长。"
E0392D7DEF9377F4A5B6FAF4040C12271D660C6BFE05E98EA90F7392D212A6D2,关于提升乡村初中课后服务质量的诉求,"领导您好。我是西部乡村一名初中生的家长,家里经济条件一般,夫妻都在工作,晚上能辅导孩子的时间有限,也没条件给孩子报外面的辅导班。孩子这个月参加了学校课后服务,书面作业时间目前还在规定范围内,这一点我们比较安心。但我们很担心课后服务的实际质量。我们这里是普通公办学校,师资本来就不宽裕,怕课后服务只是把孩子集中看管,孩子遇到不会的题还是没人讲,或者内容单一,白白耗掉两小时。也担心课后服务加重老师负担,加上一些非教学事务占用精力,老师没时间认真备课、批改作业。希望政府能加大对乡村学校课后服务的保障和监管,配足师资,丰富内容,让老师把主要精力放在教学和辅导上,让孩子真正受益。谢谢。"
FAE55F330AD0B923D6A566EE09AD0BB1532748AA5A454B970FA9C82A2783C99D,希望开学后课后服务能真减负并让老师安心教学,"领导好,我是西部乡村一名初中生家长。家里经济条件不好,我们两口子都要上班,晚上能管孩子学习的时间不多。孩子以前没上过校外补习班,现在学科培训少了,更指望学校。这个月孩子参加了学校课后服务,可马上要开学了,我最担心的是课后服务能不能真正帮助孩子在校完成作业、减轻回家负担。以前听过附近有的学校作业多到半夜,很怕开学后又反弹。希望学校课后服务不只是看管,能让孩子把大部分作业做完,老师能及时批改讲解。另外也请关注乡村学校老师负担,少一些宣传等杂事,让老师安心教学,别频繁更换,孩子学习才稳。"
F2F4835F5B7CB73968C10F0BC9A3D7AA4525C4790D791D58A7BF1B226735E109,关于提升乡村学校课后服务质量的诉求,"领导您好,我是一名西部乡村初中学生的家长。孩子就读的是公办非重点学校,家庭经济条件比较有限。这个月孩子参加了学校的课后服务,我们家长很感激有这样的安排。但我们心里也有些担忧,乡村学校师资和资源相对薄弱,课后服务会不会只是简单看管,不能真正辅导孩子写作业或者开展一些有益的活动?孩子将来想考大学,我们家长能力有限,很希望学校能利用课后服务时间帮助孩子巩固知识、开阔眼界。政策上要求课后服务每天至少两小时,但具体质量怎么样我们家长看不到,也怕流于形式。恳请有关部门关注乡村学校课后服务的实际落实情况,加强师资和经费保障,丰富服务内容,让孩子真正受益。谢谢领导关心。"
15A26751CBEB94DA4AF08050625DC8BC7D61340F22E447296818730C1B9CC68A,希望加强农村学校课后服务保障,"领导好。我是西部农村一名初中生的家长。我们两口子都在打工,家里经济条件不好,孩子假期和放学后没人管。现在学校有课后服务,孩子也参加了,我们很感激。可我们担心农村学校条件有限,课后服务主要是老师看着写作业,缺少兴趣活动和作业辅导,孩子学习上遇到难题还是没人帮。而且听说老师课后服务补贴少,工作积极性不高。我们没能力给孩子报外面的辅导班,只希望能靠学校课后服务补上。希望政府能多关心农村学校的课后服务,增加经费投入,配足师资,让课后服务内容更丰富,真正解决我们打工家庭的后顾之忧。另外,马上要开学了,希望课后服务时间能和家长下班时间接上,别让孩子放学后没人管。"
BDB3309138656757B618DDCD4B02E130B528012E0C5257C6604207B472019F79,关于乡村学校课后服务质量和保障的诉求,"我是一名西部乡村初中生的家长。孩子这个月在学校参加课后服务,我们经济条件一般,父母都要工作,暑假确实需要学校帮一把。政策要求学校课后服务每天不少于120分钟,内容多样,自愿参加。但我们担心农村学校条件有限,课后服务会不会只是把孩子集中看管,老师不够、经费不足,孩子既得不到有效的作业辅导,也没有丰富的活动。以前也听说过有些学校存在作业负担过重、老师更换频繁、设施差的情况,我们很怕同样的事情发生在自己孩子身上。希望领导能关注乡村学校课后服务的实际落实,加强师资和经费保障,定期督导,别让服务流于形式。也希望继续统筹好作业量,开学后不要反弹,让孩子既能完成作业,又有多元发展机会。"
ADB649B89928818DF1D65EB046C545EB1C07CBE8C7DB3C974F29AC46C2516F45,关于乡村学校课后服务质量与作业负担的诉求,"领导您好,我是一名初中生家长,孩子目前在乡村学校就读并参加课后服务。最近作业量基本能接受,但我们担心开学后作业负担反弹,出现晚上写到很晚的情况。我们更关心课后服务的实际质量,希望政府能督促学校把课后服务做实,而不是简单集中看管或写作业,多安排体育、阅读、兴趣活动,稳定教师队伍,避免频繁换人。这样孩子能在校内完成部分作业,回家早点休息,也减轻我们务工家庭的压力。"
7CAC1B8119078E2166B00D6EF987ED02ACFB28E49EE1B31FD3716089CBCE837D,关于提升乡村初中课后服务质量的诉求,"领导您好,我是一名西部乡村初中学生的家长。孩子目前在公办学校就读,家庭经济条件有限,我们两口子都要上班,平时辅导孩子功课的时间和精力不足,心里一直盼着孩子能考上本科,有个好前程。现在孩子参加了学校的课后服务,每天时间也不短,但我们很担心课后服务的内容和质量。毕竟乡村学校条件有限,老师也辛苦,课后服务如果只是简单看管,孩子学业上得不到有效帮助,我们心里很着急。现在校外培训管得严,我们也没有条件给孩子报班,校内课后服务就成了孩子课后学习的主要依靠。希望政府能多关注乡村学校的课后服务,加强督导,保障好师资和经费,让课后服务真正内容丰富、有质量,让孩子在课后时间能得到有效的学习指导,缩小和城里孩子的差距。谢谢。"
F29BF3487E106093C43008FBA62D34B75DE77FA836C88959873A0D69CBB7F5F2,关于提升农村初中课后服务质量的建议,"领导您好,我是一名西部农村初中生的家长。家里条件一般,我和孩子爸爸都要干活,暑假孩子参加了学校的课后服务,每天有两个小时左右,我们很感激。但这两个小时结束后,孩子下午还是没人管,我们也没钱给他报外面的班。现在外面培训班少了,我们更指望学校能多管一些。希望政府能帮农村学校把课后服务做得更实在,比如暑假适当延长服务时间,增加作业辅导、阅读和体育活动,让孩子不荒废假期。也请关注农村老师的补贴,别让他们白辛苦,这样服务才能长久。"
C9E00A4FCA738819448E36FBF90D24CE8F2FC2788A042C00233CCB13A9A74D60,希望加强农村学校课后服务内容与作业统筹,"领导您好,我们是西部农村的初中生家长。今年暑假孩子参加了学校课后服务,我们夫妻平时都要打工,家里经济条件一般,有学校帮看管孩子确实减轻了负担。但从这段时间的观察和以往经验看,我们担心课后服务主要是看管写作业,内容不够丰富,老师对作业的指导也有限。孩子目前作业量还能接受,可开学后课程增多,如果学校不统筹好各科作业总量,很容易又像以前一样写到很晚,我们文化程度有限也帮不上忙。希望领导能督促学校把课后服务真正利用起来,增加作业辅导和兴趣活动,同时严格落实作业统筹要求,让农村孩子也能在校内完成大部分作业,回家能早点休息。"
443C316F234F74F2FA3A6F509EBBAC0458DFF935A67DD11427A63AF4BC0DC70A,关于保障乡村初中课后服务质量的建议,"我是西部农村一名初中生的家长。孩子平时在学校参加课后服务,我们两口子都在上班,确实需要学校课后服务能把时间衔接好。可我们一直担心农村学校师资和经费有限,课后服务会不会只是把学生留在教室,缺少老师认真辅导作业、开展阅读或体育活动。以前就听同省家长反映过课后作业过多、老师频繁更换、教学精力被杂事分散的情况,所以更希望课后服务不要流于形式。马上要开学了,想请领导督促学校把课后服务的老师、内容和时间安排落实到位,优先辅导孩子完成书面作业,控制在规定时间内,不要增加额外负担。我们家经济条件一般,校外培训也负担不起,更指望学校课后服务能让孩子学得扎实一些。"
32C0ECCCEB921A5E4724A1ABD67A0AE2902C7BDA86AD0BDE55BBBBFFF79D5582,关于乡村初中课后服务质量的担忧,"我家在西部乡村,家庭经济条件一般,孩子在本乡镇公办初中就读。现在学校按照要求提供课后服务,孩子也参加了。我们了解到政策要求课后服务自愿参加、内容多样、时间衔接,并且由地方保障师资和经费。但作为家长,我们担心乡村学校资源有限,课后服务容易变成单纯看管或变相补课,教师精力也可能被分散,影响正常教学。我们平时要工作,难以在放学后及时照顾孩子,原本希望课后服务能真正帮助孩子发展兴趣、巩固学习,但又怕流于形式或增加负担。希望领导能关注乡村学校课后服务的实际落实情况,加强督导和资源支持,确保不强制、不收费、内容多样,真正解决我们这样的家庭的实际困难。"
340456FAF21DAC26EF39AB2486C2CACB81E70A87F7557C6729C38CF409E6BFE5,关于提升乡村初中课后服务学业辅导质量的建议,"领导您好,我是西部农村一名初中学生的家长。我和孩子爸爸都在外打工,家里经济条件比较困难,我们文化水平也不高,平时很难辅导孩子学习。孩子一直很努力,我们最大的心愿就是他能考上大学。这个暑假,孩子参加了学校的课后服务,但我们心里总有些不踏实,担心农村学校的课后服务可能更多是看管和基础活动,缺少针对性的学科辅导。我们家以前没有条件参加校外培训,现在校外学科培训也少了,我们更担心孩子学习跟不上。初中阶段正是打基础的关键时候,农村学校师资和资源本来就有局限,如果课后服务不能有效帮助孩子解决学习上的困难,我们家长实在很焦虑。恳请政府能加强对农村学校课后服务的支持和指导,增加作业辅导、学科答疑和学习方法指导等内容,让课后服务真正帮到像我们这样的家庭。谢谢。"
CD729F061FC27A991D0F639AF3F5B316F32D683062A224DD9A74D25A63A8BBB1,关于农村初中暑期课后服务质量与条件的诉求,"领导好。我家孩子在乡镇初中读书,家里经济条件一般,我们两口子都在打工,暑假孩子参加了学校的课后服务。政策要求学校提供每天不少于两小时的服务,孩子也确实去了,但我们心里不太踏实。我们这边学校条件有限,过去就听说过有学校代课老师换得勤、教室连基本的降温取暖设备都不齐,夏天特别难熬。现在暑假让孩子待在学校,我们最担心的是课后服务流于看管,老师只是把人圈在教室里,没有真正辅导作业,也没有体育活动或兴趣内容。另外,乡村学校硬件跟不上,高温天教室里闷热,孩子睡眠虽然还行,但待一下午也怕身体吃不消。希望领导能督促学校把课后服务做扎实,改善农村学校的教室条件,稳定师资,至少让孩子在课后服务里能把当天的作业问题弄明白,不要开学后作业负担又反弹,让我们这些打工的家长能真正安心。"
DC2152E038E7DA3B38562CDC0488704CDB7A4958259FFC542099AB79668E960A,关于新学期初中生作业总量与课后服务落实的担忧与请求,"领导好,我是西部农村一名初中生家长。孩子现在读初中,家里经济条件一般,我们两口子都在外打工,晚上能盯孩子学习的时间不多。现在都说初中书面作业平均完成时间不超过一个半小时,也要求学校通过课后服务加强作业指导,这本来让我们稍微安心一些。但是我们这一带过去就有不少家长反映,孩子初中作业写到半夜,光一门课就能抄好几页,八门课加起来根本睡不够,老师也顾不上精批细改。我们就怕开学以后,特别是农村普通学校,作业总量还是控不住,课后服务变成集体看管或者干脆上新课,孩子在服务时间里没把作业弄明白,晚上回家又堆到很晚。孩子现在还参加学校组织的暑期课后服务,我们更希望新学期开学后,相关部门能持续盯着学校把作业总量和设计质量真正管起来,让课后服务切实用来辅导孩子完成作业、解决疑难,而不是简单延长在校时间。家里条件有限,我们文化也不高,实在辅导不了太多,只盼孩子别因为作业被拖垮,能睡够觉,成绩稳当一点,将来有机会考上本科。恳请领导关注农村初中的实际落实情况,督促学校按规矩统筹作业,别让老问题反弹。"
E6F84358B5C9AB80B69215F32D551C3F24F57BAF3087D0D3E703DC62F6C2EEE5,乡村初中课后服务盼提质增效,"尊敬的领导:我是西部地区一名乡村初中学生的家长。孩子今年读初中,不是毕业班。我们家庭经济条件一般,我和孩子的爸爸(或妈妈)都要上班,平时辅导孩子的时间和精力有限。现在学校按照要求提供课后服务,孩子这个月也参加了。作为家长,我们很感激有这样的安排,但心里也有些担忧。我们这里学校不是重点学校,资源可能有限,课后服务会不会只是让孩子坐在教室里,缺少真正的学习指导和拓展活动?以前我们家没有条件让孩子参加校外补习,现在校外培训也少了,孩子在学习上遇到困难,主要就靠学校。希望领导能督促教育部门关注乡村学校的课后服务质量,保障课后服务有足够的师资和经费,丰富内容,真正帮助孩子提高学习效率,减轻家长负担。同时,也希望学校能及时和家长沟通课后服务的安排和孩子的表现,让我们放心。"
C14093E4CAA1DE45FEA9345DE97CC6616C7B8ED4291CEB5631AC18E6F40BD87E,关于乡村小学低年级书面作业负担的诉求,"领导好。我家在西部农村,孩子上小学低年级,不是毕业班。我们当家长的只有初中文化,家里人口多,经济条件一般,但一直希望孩子将来能考上大学。按现在的规定,这个年级原则上不应该布置书面家庭作业,可这个月孩子回家后仍有书面作业要写,我们辅导起来很吃力,也怕孩子休息不够。我们不是反对学习,只是希望学校能把作业减下来,尽量让孩子在学校完成巩固练习,老师多指导,回家能读读书、早点睡。也盼着学校课后服务能真正办好,让农村孩子放学后有人管、有活动,而不是把作业压力转到家里。恳请领导督促学校落实作业管理要求,别让书面作业变成家长负担。"
6B133F441DB56BDE6CBD5B55D04006F6AEE4A3D1663EBEA3D92C0A7066F279B2,关于乡村小学低年级书面作业负担的诉求,"领导您好,我是西部乡村一名小学生家长。孩子现在读小学,按年级规定本不该有书面家庭作业,但这个月孩子的书面作业情况并不符合规定,我们很担心开学之后又回到以前那种状态。家里经济条件一般,我文化程度也不高,平时辅导作业很吃力。之前也听说过周边有的学校让家长用手机发作业、老师不改作业,还要家长买很多资料,孩子写到很晚。希望学校能严格落实作业管理要求,不给孩子布置书面家庭作业,也不要让家长批改、打卡。课后服务如果能有老师辅导作业,我们愿意让孩子参加。恳请领导督促落实,减轻农村家长和孩子的负担。"
340C58AD7EE576C84FD2D916D4ADFDF828ACD15ABE1FDAAB3E0039F7296A3D68,关于农村小学生书面作业负担和课后辅导困难的诉求,"我是一名西部农村小学生的家长,家里人口多,我和家人文化程度都不高,经济条件也一般。这个暑假孩子在家有书面作业,我们辅导不了,心里很着急。我们这里以前就有家长反映,学校放学后孩子还要写作业到很晚,有的老师让家长在微信群里改作业,不识字根本没办法,还有让去指定书店买很多资料,买了也不怎么检查。现在临近开学,我们担心孩子又会面临作业多、家长辅导难的问题。希望领导能督促学校真正落实不布置书面家庭作业的要求,把课后服务办好,让孩子在学校里把当天学习问题解决掉,回到家能早点休息。我们也不指望孩子上什么校外培训班,只希望学校能把作业管好,减轻我们家长的负担。"
14B0D539B7750B03E7D4204450F5C4901711260F03CB8DA3EEFCC3DE07BE5110,关于减轻乡村小学生家庭作业负担和落实课后服务的请求,"各位领导好。我家孩子是一名乡村小学低年级学生,现在正值暑假。这个假期里,孩子仍有需要动笔的书面任务,完成起来明显感到超出了低年级孩子应有的负担。我们家经济条件一般,家长文化程度不高,辅导孩子作业很吃力。马上要开学了,我担心学校布置的书面作业还会像假期一样超标,也担心课后服务不能做到自愿参加、真正帮孩子在校完成作业或开展有益活动,反而变成变相补课或增加负担。希望领导能督促学校严格执行作业管理规定,控制书面作业总量和时长,提高作业设计质量,加强校内指导;同时把课后服务落实好,坚持自愿原则,内容多样,切实帮助农村孩子和家庭减轻负担。谢谢。"
91C64330A3A9FED731E2807C7AAF3DAD33EB4DD002F88916F31EC20D08408C0E,希望加强农村小学课后服务质量,"我是一名农村小学生的家长,孩子现在参加学校课后服务,每天两个小时。我们家里经济条件一般,大人文化程度不高,辅导不了孩子功课。现在外面学科培训班也少了很多,学校课后服务几乎成了孩子课后学习和巩固的唯一指望。但农村学校老师少,我们担心这两个小时只是把孩子集中看管,没有真正用于作业辅导或补差,孩子基础打不牢,以后想考大学就更难了。希望领导能重视农村学校课后服务的实效,多安排有经验的老师,或者引入志愿者、退休教师,让孩子在课后服务里把当天功课弄明白,适当做一些练习巩固,不要只是坐着等家长接。"
2DF3B607147D91B2E3A0F6F925C17D76FCFFEC0FDBBD32930B6DC6C23A75C293,关于农村学校课后服务不要变相增加作业负担的诉求,"领导好,我是西部农村的一名小学家长,孩子不是毕业班,这个月已经参加了学校的课后服务。我们家长文化程度不高,家里人口多,晚上很难辅导孩子功课。以前周边就有学校把放学后时间变成集体补课,孩子回家还要写到九点十点,老师还在群里让家长批改作业,我们实在应付不来。现在虽然暂时没看到书面作业超标,但很担心开学后课后服务越做越长,最后又变成上课和加作业,回家还得写到很晚。我们希望领导能督促学校把课后服务真正用在兴趣活动、阅读和作业指导上,不要变成变相补课,同时严格控制书面作业总量,少让家长打卡检查,让孩子能早点睡。农村孩子也需要有质量的课后时间。"
955B1083E9E61484DDF9B007C33B98BA50DA85C7F3DB4D93E7DC41ABB128EC31,关于乡村小学课后服务不变成补课并减轻家长作业辅导负担的建议,"领导好。我家孩子在乡镇公办小学读书,我们家长文化程度不高,每天还要忙生计,辅导作业很吃力。这个月孩子参加了学校课后服务,目前书面作业也符合规定,但我们心里还是不踏实。以前常听说周边学校存在课后服务时间继续上课、孩子回家还要写作业到很晚、老师让家长在手机上批改作业等情况,我们很担心春季开学后也会这样。希望上级能督促学校把课后服务真正用在作业辅导和多样化活动上,不要变成集体补课;同时严格执行作业管理要求,别把作业压力转嫁给家长,尤其是我们这样文化水平有限的农村家庭,实在经不起折腾。"
4B22BA8DC0654B82920243AF8E3A8CED01AD35DF66B91AC91DAA2FFB6AF7EF25,关于农村小学作业和课后服务落实问题的反映,"领导您好,我是西部农村的一名小学生家长,孩子现在上小学,不是毕业班。我家经济条件一般,家长文化程度不高,辅导作业很吃力。现在学校有课后服务,孩子也参加了,我们本来觉得能减轻负担。但我们听说周边有些学校课后服务时间还在上课,孩子回家后还要写作业到很晚,老师还要求家长在群里批改作业,我们农村家长很多不识字,实在为难。现在政策要求小学阶段不布置书面家庭作业,课后服务应该自愿和多样,我们担心开学后学校会不会也这样做。希望领导能督促学校严格落实规定,课后服务多开展文体活动,不要变相补课,也不要给家长增加批改作业和购买教辅的负担。让孩子能早点休息,家长也能安心。"
FC03517200C4FB4AF9F4F52E63EE41BE1CBDA44F4EB0AB3B67F4293BEBF49C62,关于农村小学课后服务提质增效的诉求,"领导好,我是西部农村一名小学生的家长。孩子现在上小学,不在毕业班。家里经济条件一般,我读书不多,辅导孩子功课很吃力。现在学校不布置书面家庭作业,孩子放学后没事干,我们想教又教不了。校外补习班现在基本没了,我们农村也没什么资源,家庭也负担不起。这个暑假学校提供了课后服务,孩子也参加了,但感觉目前更多是照看,学业辅导和兴趣培养还比较有限,我们担心孩子收获不大。这样下去怕孩子基础打不牢,将来考大学更难。希望政府能重视农村学校课后服务质量,加强师资保障,充实学业辅导和素质拓展内容,让孩子在学校就能得到有效帮助。我也理解老师不容易,但农村孩子真的只能靠学校了。"
554C9699D41A837017D0C25488C9010314F247F640E8E06E0A6EB9DF27E2E19D,关于农村小学课后服务真正为家长减负的建议,"领导好。我家在西部农村,孩子读小学,我和家里老人文化程度不高,辅导作业很吃力。现在孩子参加了学校课后服务,这本来是好事,但我们心里还是担心。听说有些地方课后服务时间老师继续上课,孩子回家仍然要写作业到很晚,家长还得帮忙批改、发群。我们这里虽然目前作业看起来不多,可我们怕开学后又回到老样子。能不能请上面督促学校,把课后服务真正用在作业辅导和课外活动上,别变成变相补课,也少给家长布置批改任务,让我们农村家长能松口气,孩子也能睡够觉。"
59ECEC5D869F4C5A2E2F7EA75C946CBAD41FB0692019418FE4910A3234A7F76B,关于暑期学校课后服务不要变成变相补课和增加作业负担的请求,"我是一名来自西部农村的小学生家长,家里孩子多,大人文化水平不高,经济条件也一般。这个暑假孩子参加了学校提供的课后服务,本来觉得是好事,能有人照看,我们也放心。可心里一直不踏实,怕课后服务变成老师集体上课或者变相布置书面作业。按说孩子这个年级平时就不该布置书面家庭作业,目前看作业量好像还符合要求,但我们挺担心开学以后或者服务过程中又回到老样子。我们这里以前就听说过有的学校课后服务时间用来上课,回家还要写作业写到很晚,家长不会辅导,只能干着急。我自己也就是初中文化,辅导不了什么,孩子睡眠一直比较充足,不想因为作业把身体搞坏。希望领导能督促学校把课后服务真正办好,多开展一些阅读、体育、兴趣活动,而不是补课和刷题;作业方面严格执行规定,不要给家长摊派任务,也不要通过手机打卡、群里批改作业增加负担。我们农村家长能力有限,真心希望孩子能在学校就把该学的学好,回家能轻松一点。"
A6AE14F1D0EF989F8BBCBDD952B841E691B18615B733680897623932080C2354,关于乡村小学课后服务和作业管理的诉求,"领导您好,我是一位乡村小学生的家长。我们家在西部农村,我文化程度不高,辅导孩子学习比较吃力。孩子这个暑假参加了学校的课后服务,我们很感激。但我们也有些担心,怕课后服务会变成补课或者布置更多作业,家长还得帮着批改。我们希望领导能督促学校严格落实作业管理和课后服务的要求,别让课后服务变成变相补课,也别把作业压力都推给家长。尤其是我们农村家长文化低,真的辅导不了。希望政府多监督,让政策真正落实,减轻我们的负担。谢谢。"
160B7313661AF33D8B8EB05CBD70D13040EB511841B087C1DE111AB5D3A75F3C,关于提升农村小学课后服务质量的建议,"我是西部农村的一名小学生家长。孩子目前在村里公办小学就读,这个暑假参加了学校组织的课后服务。我们家经济条件一般,我和家人文化程度不高,辅导孩子学习比较吃力。看到政策要求学校提供课后服务,我们很感激,但也担心农村学校师资和活动资源有限,课后服务内容单一,时间虽然够了但质量跟不上,孩子得不到真正的兴趣培养和学业帮助。现在校外学科培训少了,我们也不打算报班,更希望学校课后服务能充实起来,让孩子在学校把作业和活动解决好,回家能早点休息。希望党委政府能多关注农村小学课后服务的师资配备、经费保障和课程设计,安排体育、阅读、科学等丰富活动,别让课后服务只是“看管”。同时,按照孩子年级规定原则上不布置书面家庭作业,希望开学后也能持续落实,不要增加孩子的负担。"
E1C17F51184BFEAF0A3C195D2444234F5709FCCC65A297FDDC25A10A720F8C99,关于乡村小学课后服务与作业管理的诉求,"领导好。我是西部乡村一名小学生的家长,家里经济条件一般,我本人文化程度不高,辅导孩子作业很吃力。孩子目前上公办小学,离学校近,平时睡眠时间较长,我们盼着孩子将来能考上大学。 这个暑假孩子参加了学校的课后服务,目前书面作业量还算符合规定。但我心里不踏实,因为听说附近有的学校课后服务变成了上课,孩子回家还要写作业到很晚,或者老师让家长在群里批改作业。我们家长识字不多,实在没法辅导。 马上要开学了,我担心学校课后服务不能真正自愿、内容多样,担心老师又把作业辅导责任推给家长,比如要求家长买资料、拍照发群批改,这会让我们负担更重。希望领导能督促学校严格落实不布置书面家庭作业的规定,让课后服务真正用在作业指导和活动上,不要变相加重孩子和家长负担。像我们这样的乡村家庭,特别需要学校多承担教育责任。"
5CA2561F2CFD659ACC551BEF33FDC55A25B5B4D34A7ADD913E840CFFA6C3C2FA,农村小学课后服务和作业管理诉求,"领导好,我是农村小学孩子的家长。家里条件一般,我文化程度不高,辅导孩子作业很吃力。现在学校暑假也提供课后服务,孩子每天都去。但我们担心课后服务只是变相补课,孩子回家还是要写作业,家长还得检查,甚至被要求批改。我们这里很多家长都不识字,实在没办法。希望领导督促学校真正利用课后服务时间辅导孩子完成作业,不要额外布置书面作业,也不要让家长批改作业,切实减轻农村家长负担。"
51A2E414F1C93B6CB625337BBA7A047390CBBC6BEE6B83AF50E540A0885418D2,关于新学期乡村小学课后服务和作业管理的建议,"领导您好。我是西部乡村一名小学生的家长,家里条件一般,我文化程度不高,辅导孩子作业很吃力。现在孩子参加了学校课后服务,但马上就要开学了,我特别担心新学期作业又变得很多,课后服务变成老师集体补课,孩子回家还得写很久作业,我们家长根本辅导不了。听说现在要求小学低年级不布置书面家庭作业,学校也应当加强作业指导,希望领导能督促学校真正落实这些政策,让课后服务多开展一些兴趣活动或作业辅导,而不是变相上课,这样既能减轻家长负担,也能让孩子早点休息。谢谢。"
1BDA143EBE03779A6C6426E9A4DC935CE5BA870766BDC5E8976CC7A8D7C94F80,关于农村学校课后服务增加学业辅导的建议,"领导好。我是西部农村一名小学生的家长。我家孩子不是毕业班,我们做家长的只有初中文化,辅导不了作业,家里条件也一般,请不起家教。现在校外学科培训班管得严,我们这边基本没有了,我们也支持。孩子这个月参加了学校的课后服务,每天在学校时间不短,但我感觉多数时候只是看管,老师很少辅导学习,孩子回家也没有书面作业,晚上很早就睡,白天学习量很少。我们担心这样下去基础不牢,以后想考大学更难。希望政府能督促学校把课后服务内容做实,除了看护,安排老师指导学生完成作业、巩固当天知识,或者开展阅读、写字等学习活动,让农村孩子也能得到实实在在的帮助。"
8EFCA3096854469A013B6B2FCE76A463898E084189B3CE239D7077CF247E2960,"希望课后服务能真正辅导孩子作业,减轻农村家长负担","我是西部农村的一名小学生家长,孩子这学期开始参加了学校课后服务,每天两个多小时。我们两口子文化不高,家里人口多经济条件一般,以前也没给孩子在外面报过班,就指望学校能把孩子教好。听说课后服务主要是辅导作业、减轻家长负担,我们很高兴,但也有点担心:这两个小时到底有没有真正用在辅导孩子写作业上?以前总听人说有的学校课后服务就是上新课或者让孩子干坐着,回家作业还得家长检查,有的学校还要求家长在手机上改作业,我们实在不会。现在虽然书面作业看着不算多,但我们怕以后慢慢又变成那样,孩子学习跟不上。恳请领导督促学校把课后服务利用好,让老师在校内就辅导孩子完成作业、讲解难题,别把批改和辅导的担子都压给家长;要是能再开展一些阅读、体育、兴趣活动就更好了。农村家庭没别的依靠,只能靠学校,请领导多关心。"
41CB0C4427371D5D0E18FDE8FF9F806CE10BD332B250CC51233702B2447C9C54,希望学校课后服务能真正减轻乡村家长作业辅导负担,"领导好,我是西部乡村一名小学生的家长。孩子暑假期间参加了学校的课后服务,每天时间有保障,我们家长心里稍微踏实一些。但我们两口子文化程度不高,家里老人多,实在辅导不了孩子作业。现在最担心的是,课后服务时间如果只是让孩子坐着,或者老师不检查作业,回家后还有书面任务,那我们就没办法了。以前就听说过附近有学校课后服务变成上课,孩子回家还要写到很晚,家长在群里被要求批改作业,我们很怕这样。我们没有条件给孩子报补习班,也不希望额外买很多资料。希望学校在课后服务里真正安排老师指导孩子完成学习任务,当面批改,不把书面作业带回家,也不要让家长承担批改和讲解。这样我们家长才能安心。"
FA65D2314291CC86BAE0024272EED21F4145E8781A363F771B1419F9A8C84D85,关于规范小学课后服务与作业管理减轻家长辅导负担的诉求,"领导您好。我是一名小学生的家长,孩子在村里公办小学读书,家里条件一般,我们文化程度不高,辅导孩子学习比较吃力。这个暑假孩子参加了学校的课后服务,我们很感激。但我们也有些担心,怕课后服务变成补课,孩子压力更大;马上要开学了,又怕作业量控制不住,老师把批改辅导任务推给家长。我们这里家长大多文化水平有限,如果作业要求家长辅导批改,实在做不到。希望政府能加强对学校课后服务和作业管理的监督检查,确保课后服务内容多样、真正自愿,作业时长符合规定,不让家长承担过多教学任务,让孩子有足够休息和睡眠。谢谢。"
952BD4855FC5D745890826E6A7BE5210277B488A3B8C66C9082A91DFDDAE36AB,关于孩子暑假书面作业超时的反映,"领导您好,我家孩子在读初中,这个暑假学校布置的书面作业每天写起来明显超过了规定的90分钟,孩子经常要写到很晚。我们家长文化不高,辅导不了,只能看着孩子着急。孩子睡眠时间虽然不算短,但作业占用太多,白天也没法好好休息和锻炼。听说现在要求学校统筹作业总量、提高作业质量,希望学校能真正落实,把暑假作业量控制住,开学后也别再布置超量作业。另外,课后服务如果能提供一些作业辅导,我们自愿参加,也能减轻家庭负担。谢谢领导关心。"
8209AA7007A157BE52F7A2D2D7470A2B81BEC6FA13DE384DD72324DA6E26F3A7,关于严控初中生作业时长和落实课后服务的请求,"领导您好,我家孩子是一名初中生,在西部城镇的公办学校读书。这个暑假,孩子在家做书面作业的时间经常超过规定的一个半小时,虽然我们不清楚具体原因,但眼见孩子每天伏案到很晚,我们很担忧。我们家长文化程度不高,白天都要上班,晚上回来很难再辅导孩子。现在校外培训管得严,我们也不敢随便报班,就希望学校能把作业负担减下来,把课后服务搞起来。听说现在要求学校统筹作业总量、加强校内指导,请领导督促学校真正落实,开学后严格控制书面作业时间,同时丰富课后服务内容,让孩子在学校完成作业、得到帮助,这样也能避免老师把批改任务推给家长。谢谢。"
5F526727A24D8B30AC52E7BDA8C0B7782CED178A1B8F24834E99BC98BD031EC8,关于初中假期作业负担与课后服务落实的诉求,"领导您好,我是西部城镇一名初中生的家长。我们夫妻都在上班,文化程度不高,家里老人帮忙照看,但辅导孩子学习很吃力。这个暑假孩子的书面作业并不少,经常要写超过一个半小时才能完成,有时写到晚上很晚,孩子喊累,我们心里也急。以前也听过周边学校有作业过多、让家长批改的情况,担心开学后作业负担更重。现在有要求让学校统筹作业总量,还提供课后服务,我们希望学校能真正把作业量控制在规定时间内,提高作业质量,课后服务能让孩子在学校有老师指导完成大部分作业,别再把批改任务都推给家长。同时,也希望规范外面的学科培训,避免变相增加负担。我们片区学校资源本来就不多,请领导多关注初中生作业和课后服务落实,谢谢。"
EAEE0015AC5A34C892C642ABA6C439E35B79FE45BBB66CEAC35E091AAF91DFEC,关于督促学校落实初中生作业时长规范的留言,"领导您好。我是一名西部城镇的初中生家长,孩子今年暑假的书面作业时间超过了规定上限,但具体作业量和造成原因我们不清楚。我们夫妻双方都在工作,家里老人只能照顾生活,辅导学习很吃力。我们担心开学后作业负担更重,影响孩子睡眠和身体。现在政策要求学校统筹作业总量和设计质量,加强校内指导,但我们看不到落实情况。希望教育部门能督促学校严格执行作业时长规定,假期作业也要合理控制,同时把课后服务用好,让孩子在学校尽量完成作业,减轻我们家长的辅导压力。谢谢领导关心。"
58FBA3C33227336A0E150BFA277D3993ED89EB56F586BAD3798424B6309704A6,关于用好学校课后服务、减少初中生校外培训依赖的建议,"领导好。我家孩子在县城读初中,不是毕业班。这个寒假和开学过渡期,我们注意到外面学科培训班明显少了,但我们孩子目前还在上一家,费用比之前降了些。作为家长,我和孩子爸爸文化程度不高,家里老人多,平时工作也忙,辅导功课很吃力。孩子睡眠一直比较充足,作业量目前看也符合规定,我们心里踏实。但新学期马上要开始,我们最担心的是:如果校外培训班继续减少,我们又教不了,孩子想考大学的目标就悬了。现在学校每天提供课后服务,孩子也参加了,我们很感谢。就是希望课后服务不只是看管,能实实在在增加作业辅导、学习方法和学科拓展,让孩子在学校把问题解决掉,回家少依赖补习班,也能保住睡眠时间。请求领导督促学校把课后服务内容再丰富一些,安排老师进行针对性辅导,同时继续严控作业总量。这样我们普通家庭才更有底。"
FA41CDD4E2E4CFAEB21BB579C7833F644D1A24773C7A3CBED35F50A1F0CBE60B,关于孩子课后服务与学科培训衔接的求助,"领导您好,我家孩子在县城读初中,家里经济条件还可以,但我和他爸爸文化不高,辅导不了功课。孩子学习上有些吃力,之前一直报着学科类补习班。现在外面培训紧了,收费虽然降了点,可我们总担心机构办不下去,或者突然被关停,孩子没地方补。孩子这个月参加了学校课后服务,但不太清楚课后服务能不能真正针对性地帮孩子巩固学科知识。马上开学了,希望政府能督促学校把课后服务做得更实在一些,多安排作业辅导和学科巩固,或者对合规的培训机构加强指导、保障正常运营,让我们这些辅导不了孩子的家长有个稳定放心的选择。孩子平时睡眠还可以,作业也不算多,但我们担心光靠课堂跟不上,将来考大学难。"
0A33AC3BF7E4CD25855CB93FAC7D80002D2563B4C92A3FAC8859669BC6251274,关于提高学校课后服务实效减少家庭培训依赖的建议,"领导您好。我是一名初中生家长,孩子目前作业量控制得比较好,我们很感激。但学校课后服务虽然天天有,内容却偏单一,作业辅导不够细致,孩子有些知识点还是弄不懂。我们两口子文化不高,辅导不了,只能继续给孩子报校外学科培训。现在校外培训选择少了,费用是降了点,可我们也担心优质资源收缩后孩子想提高更难。希望领导能督促学校把课后服务做扎实,加强老师对作业的讲解和学习方法指导,真正帮家长解决后顾之忧,减少对校外培训的依赖。"
7C677C06373F420642CAE33A4C0A66F9DBD0E56261A6549352AF26428CD4DE39,关于课后服务与校外培训衔接的家长诉求,"领导您好,我是西部城镇一名初中生家长。孩子现在不是毕业年级,目前参加了学校的课后服务。按理说学校提供了每天两小时的课后服务,应该能减轻我们的负担,但作为家长,我和孩子妈妈文化程度不高,辅导作业确实吃力,所以目前还在外面给孩子报了一门学科培训。听说现在外面培训机构规范得紧,价格也降了,但数量少了很多,我们担心以后想找合适的培训越来越难。我们身边也有类似情况,有的家长反映以前学校老师布置作业多、或者把批改任务推给家长,我们很怕自己的孩子也会遇到。所以想向领导反映,希望政府能督促学校把课后服务真正做扎实,不要只是看管,最好能针对孩子薄弱科目提供一些辅导和作业指导,让我们文化水平不高的家庭能少依赖外面的培训。同时,在规范校外培训的过程中,能不能也考虑一下像我们这样确实有需求的家庭,给一些稳妥的过渡办法。谢谢领导。"
38B3453C4465DCC17F15059E6233BF598E77F0A1AACB458F18373DDC7DE750DE,关于提升初中课后服务质量、减少家长对校外培训依赖的诉求,"领导好,我家孩子在读初中,暑假期间参加了学校的课后服务。现在政策要求学校课后服务每天至少两小时,我们也确实让孩子参加了,但总担心学校课后服务内容比较单一,作业辅导不到位,所以孩子还在上校外的学科培训班。虽然现在培训费用降了一些,但我们双职工家庭,接送和照看压力还是大。希望政府能督促学校把课后服务真正做实,尤其是初中阶段,增加作业辅导、查漏补缺和拓展内容,让我们家长能放心让孩子少上或不上校外培训班,减轻家庭负担。谢谢。"
54C837A7B77A8EEC873CA59D8BF6398CF62C200E91B5BAECB656D2C8F08872A8,希望加强初中课后服务中的学业辅导,"领导好,我是一个初中孩子的家长。我们两口子文化程度不高,辅导孩子学习实在吃力。现在学校作业量规范了,孩子睡眠也足了,我们很支持。但初中课程越来越难,我们自己教不了,只能给孩子在外面报学科培训班。现在外面的培训班少了很多,费用虽然降了些,但心里没底,怕机构不正规或者老师水平不行。学校现在有课后服务,每天两个小时,孩子也参加了,可我们不清楚具体内容,担心只是看管,没有针对学习的答疑和辅导。像我们这样家长没能力辅导的家庭不在少数,希望领导能督促学校把课后服务做实,特别是增加学科作业辅导和答疑,让我们可以不用那么依赖外面的培训班。这样既减轻家庭负担,也让孩子学习有保障。谢谢领导。"
49127708A4129971DD42E7EA4755E7611D692A4B3B6C06583E9221FDC1F31D0C,"希望课后服务能真正辅导孩子作业,减轻家长负担","孩子马上要上初中了,我们夫妻都在上班,文化程度也不高,辅导作业越来越力不从心。目前学校有课后服务,孩子也参加了,但我们担心课后服务只是看着孩子完成作业,没有老师针对性地讲解和答疑。希望领导能督促学校把课后服务内容做实,让老师利用这个时间帮助孩子解决学习上的问题,不要让我们家长回家再重新教一遍。另外,现在外面学科类培训班明显少了,我们虽然还在参加一个,但选择不多,也担心以后想补课找不到合规的地方。希望能在规范管理的前提下,让真正有需要的家庭还能获得一些可靠的辅导帮助。"
968992CCB98E3F6A3E2956AE78A0897AF2BFA481BA8EDB72970027B8F4C9BDA0,关于提升初中课后服务质量减少家庭校外培训依赖的诉求,"我是一名初中学生家长,孩子目前就读公办初中,不是毕业年级。家里经济条件尚可,但我文化程度不高,辅导孩子学习比较吃力。这个暑假孩子参加了学校的课后服务,同时也还在参加校外学科类培训,虽然费用比以前降了一些,但我们担心长期依赖校外培训。我们希望学校课后服务能真正发挥作业指导和巩固知识的作用,减轻家长辅导压力。请教育部门加强对课后服务质量的监督,让服务内容更丰富、指导更到位,减少我们这样的家庭对校外培训的依赖。谢谢领导关心。"
E257DC7FB4C84B101397819641293A751A92B90FD2BECFB2B6916DC7BA1CF7E8,关于提升暑期课后服务质量和规范学科培训的诉求,"领导好。我是西部城镇一名初中生家长,我们两口子都上班,文化程度不高,辅导初中功课确实力不从心。现在放暑假,孩子参加了学校课后服务,同时也在外面上学科类培训。我们注意到,学科培训收费比以前降了一些,但可选的机构少了,我们担心培训质量和稳定。课后服务时间虽然不短,但我们感觉内容比较单一,更多是照看,对作业指导和学科巩固帮助不大。孩子书面作业量在政策范围内,睡眠也充足,但我们还是希望他能学得更扎实,将来能考上大学。所以想请政府关注一下:能不能督促学校把课后服务做得更实在,增加作业辅导、阅读、体育和兴趣活动,并保障好师资和经费;同时对还在办的学科类培训加强收费和课程质量监管,让我们这些双职工、学历又不高的家长能安心。谢谢。"
9DC3C949CF47D6B1B262329ADF8DBF345E7E9E3FA7FF8DEAF8C6FB7745EE7BB5,关于课后服务质量与家庭作业辅导负担的诉求,"领导好,我孩子在镇上初中读书,我们两口子文化不高,平时都上班,家里人多但能辅导学习的少。现在孩子参加了学校课后服务,作业时间最近也算符合规定,但我们仍不放心。课后服务如果只是看管写作业,老师不真正指导,我们还是得靠外面的补课班,虽然费用降了,但负担还在。我们担心开学后作业量反弹,又出现以前听说的作业堆成山、家长批改作业、老师顾不过来或变相办班的情况。希望领导督促学校把课后服务做实,加强作业辅导和答疑,继续控制好书面作业总量,让家长少为辅导发愁,也减少对校外培训的依赖。"
6171C3B725CB77D534877A7CBF95D877E86A2ACD0CBE887A3673AE5A4728E3AA,关于课后服务质量和校外培训负担的留言,"我家孩子现在上初中,这个暑假在学校参加课后服务。听说现在学校课后服务每天要提供两个小时,但孩子参加下来,我们感觉对学习帮助不大,孩子回家后还是要另外补课。我们家经济条件还可以,所以给孩子报了学科培训,费用比以前少了一点,但接送和精力上还是有负担。以前我们这边有学校老师布置作业多、让家长批改讲题的情况,我们家长文化不高,辅导不了孩子。现在书面作业管住了,我们稍微放心,但孩子成绩和升学压力还在,课后服务如果只是看管,不安排老师答疑、补差,家长还是只能花钱报班。希望领导能督促学校把课后服务做扎实,真正有老师辅导,内容多样一些,让家长少一点压力,也少一点校外培训负担。要开学了,恳请关注这个问题。"
25722696FA2D714E546B46F0C9CB2EA798CFB4BF8B895B20C021FD28D92204A1,关于提升课后服务质量与规范校外培训的建议,"领导您好,我是一名初中生家长,家在西部城镇。我和孩子妈妈文化程度不高,辅导功课比较吃力。这个暑假孩子参加了学校的课后服务,政策上说课后服务要内容丰富、自愿参加,时间也有保障,但作为家长,我担心学校课后服务是不是真的能提供有效的作业指导和学习帮助,而不是简单看管。现在校外学科培训收费是降了,但供给少了,我们还在给孩子报班,主要怕校内教得不够扎实,孩子以后考不上好大学。希望政府能加强对学校课后服务的检查和指导,保证师资和内容质量,让我们家长能少一些焦虑,也规范一下校外培训市场,让留下来的机构真正有质量、收费透明。谢谢领导。"
629F5DEBDFE65B5A9A35ED72A5AA5977E721E7653B919747FC4A2784433B75C4,双职工家庭希望加强初中学校课后服务保障,"我是一名初中学生的家长,家里双职工,暑假期间最担心孩子没人照看。现在孩子在学校参加课后服务,我们上班安心了不少。校外学科培训选择比以前少了,我们虽然还在上,费用也降了一些,但总怕以后不稳定。快开学了,希望政府能继续把学校课后服务抓实,保证每周五天、每天不少于两小时真正落实,内容上除了看护,能多一些作业辅导、体育和兴趣活动,让孩子少依赖校外培训,我们家长也能更放心。"
57590E7B306D25D5C8C5DF5D979F09511FC319A775900E144C5F1092AC5EB930,希望课后服务能真正帮到孩子解决作业辅导难题,"领导您好,我家孩子在读初中,我们两口子文化程度都不高,现在学校有课后服务,孩子也参加了,但说实话心里没底。以前经常听说老师让家长批改作业、讲解题目,我们实在辅导不了,家里老人也帮不上忙。现在书面作业时间倒是少了,可孩子学习上的问题还是得有人管。希望学校课后服务不要只是看管,能安排老师切实指导作业、答疑解惑,让孩子在校内把学习问题解决掉,减轻我们家长的负担,也避免课后又把辅导压力推给家庭。"
4A76B96F66223832E7DF447ABD8163185EEC457D788DB95ACDC1B6664A3396BF,关于提升初中课后服务质量减轻家长负担的诉求,"领导您好,我是西部城镇一名初中生家长。孩子就读公办初中,我们夫妻文化程度都不高,辅导学习很吃力。现在孩子参加了学校课后服务,但我们担心课后服务只是简单看管,缺少有针对性的作业辅导和答疑,孩子学习上的困难还是解决不了。为了不落下功课,家里只能继续给孩子报名校外学科培训,虽然现在培训费用比以前降了一些,但对我们来说仍是一笔不小开支,而且孩子在校内校外连轴转,我们也担心休息不够。希望领导能督促学校把课后服务切实管起来,加强作业指导和个别辅导,真正减轻家长负担,让我们这些文化不高的家庭不要被迫花钱补课。同时,也请关注初中作业质量和时长,防止以后负担反弹。谢谢。"
5B16D3B65B1DDE32C5A566856AE65ABF1861E88A87FD9827495B673F9EB59B28,关于提升校内课后服务学业支持质量的诉求,"领导好。我家孩子在西部城镇一所公办初中就读,我和家人文化程度不高,辅导孩子学习比较吃力。这个暑假孩子参加了学校课后服务,但感觉更多是看管和完成作业,学业上的查漏补缺、方法指导还跟不上。家里只好继续给孩子报学科类校外培训,虽然现在收费比过去规范一些,但能选的机构少了,我们担心孩子学习衔接和巩固问题。希望政府能督促学校把课后服务内容做得更实,增加作业辅导、答疑和学法指导,让家长少一些校外培训依赖,孩子也能得到更系统的校内支持。"
423A8C2FC6482AFD3146DBA97CDEF392BCCDE5D4888E2F5032413F8F90064483,关于暑期孩子书面作业负担偏重的求助,"领导好,我是东部农村的一名小学生家长。我们夫妻都在上班,家里人多但能辅导孩子的时间很少,我文化程度不高,辅导作业很吃力。这个月孩子的书面作业用时没有符合规定时长,我们感觉负担偏重,担心影响孩子休息和假期生活。政策上要求学校统筹作业总量和时长,加强校内指导,也要求完善课后服务。希望有关部门能督促学校合理安排书面作业,开学后提供真正有用的课后服务,让孩子在学校完成作业,减轻我们双职工家庭的负担。另外,我们一直没让孩子上校外学科培训班,也希望继续规范校外培训,避免我们因为作业压力被推到外面去。"
4AF0CD3E916FAE3F9198BCEB666906380C68C298CA4C2AC0F2650AD1C6577448,关于小学生暑假书面作业负担过重的反映,"领导好,我是村里一名小学生的家长。现在放暑假,可孩子的书面作业还是多得写不完,每天从早到晚要花好几个小时,远超规定的一小时上限。我们两口子都在外面打工,文化程度也不高,实在没时间也没能力辅导。孩子累,我们也愁。希望上面能督促学校真正把作业量减下来,提高作业质量,别光布置一堆重复抄写的任务。开学后也请抓好课后服务,让孩子在学校就能把作业完成,减轻我们这些农村家长的负担。"
BD49D3A636363B4FD727A7524D4D5B9862A91D8012B1C852873C67D4E0E02CDA,关于减轻农村小学生作业负担并落实课后辅导的请求,"领导好,我是农村一名小学生的家长。暑假这段时间,孩子每天写书面作业要花挺长时间,感觉超过了应有的合理范围。我们夫妻俩都在外面上班,家里老人又不识字,孩子遇到不会的题没人能辅导,我们很着急。孩子以前也经常出现作业写不完、写到很晚的情况,家长文化水平有限,实在没办法。现在学校放暑假,我们更担心开学后作业还是那么多。希望领导关注农村学校的作业管理和课后服务,督促学校把作业量控制好,多提供一些校内辅导和兴趣活动,让孩子在学校就能完成大部分作业,减轻我们这样的家庭负担。谢谢领导。"
F6AB3364DB978535891407DD105E2DE91402ED7C89B42AED71A889BFBD7A3606,关于乡村小学作业负担与课后辅导的诉求,"领导好,我是东部乡村一名小学生的家长。我们夫妻俩都在打工,家里人口多,时间紧,文化水平也不高,辅导孩子作业很吃力。这个月发现孩子书面作业情况没有达到年级规定的要求,我们很担心,怕孩子负担重,影响休息和身体。我们听说现在对学校作业和课后服务都有要求,希望领导能督促学校真正落实,控制好作业总量和时长,提高作业质量,同时把课后服务做起来,让孩子在学校有老师指导完成作业,减轻我们家长的负担。乡村学校条件有限,也盼着政府多给些支持。"
24240414874AF8200AEF4E84C51CDECAFC204D087079DDC9D838153DA65D5A5F,关于农村学校课后服务加强作业辅导的建议,"领导您好,我是东部农村一名小学生的家长。我和孩子爸爸都要上班,每天时间很紧,辅导孩子作业非常吃力。我们家经济条件一般,文化程度也不高,以前没给孩子报过学科培训班。现在孩子每天参加学校课后服务,书面作业时间虽然符合规定,但我们最担心的是课后服务能不能真正帮孩子把作业在学校完成、把不会的弄懂,而不是简单看管。按照要求,课后服务每天至少有两个小时,我们希望学校能安排老师加强作业辅导,特别是像我们这样家长辅导不了的家庭;同时能有一些不用额外花钱的阅读、体育、手工等活动,让孩子也能全面发展。马上要开学了,恳请领导督促学校把课后服务办实,保证师资和经费,时间上也能尽量衔接我们下班较晚的情况,让我们这样的家庭真正减轻负担。"
03F4052CF7B98F704B4A09F783A307A64243FC14A924EEE6D9B7D9D745B27D62,关于乡村小学课后服务提质增效的建议,"领导您好,我是一名乡村小学学生的家长。我们夫妻都在外打工,家里老人文化程度不高,辅导孩子作业很吃力。现在学校提供了课后服务,孩子这个月也参加了,我们很感激。但心里还是有些担忧,怕课后服务只是让孩子坐在教室里,老师没有真正辅导作业。我们经济条件有限,校外培训班也少了,只能指望学校。孩子现在作业时间虽然不长,但回家后我们不会教,有时候孩子自己磨蹭,睡晚了影响身体。希望领导能督促学校把课后服务做实,让老师在课后服务时间里指导孩子完成书面作业,特别是对学习有困难的孩子多帮一把。也希望能适当安排一些阅读、体育等活动,不要只是看管。这样我们家长也能安心工作,孩子也能早点休息。谢谢领导关心。"
E004AEE591AB2AF724CC54198C9940DDA7C4E15F0DD025E789AAB3CF2EA9966B,乡村小学课后服务盼真正辅导作业不流于看管,"领导好,我是一名乡村小学的家长。我们两口子都在上班,家里孩子多,时间上确实顾不过来。现在孩子参加了学校的课后服务,我们稍微松了口气,但马上要开学了,心里又担心起来:乡村学校条件有限,课后服务会不会只是简单看护,老师换得勤,没有真正辅导作业或组织活动?我们文化程度不高,实在辅导不了孩子功课,就希望课后服务能多安排老师指导作业,哪怕带着读读书、做做运动也好,而不是把孩子圈在教室里熬时间。恳请领导关注乡村学校的课后服务质量,保障好师资和经费,让像我们这样的家庭真正受益。"
C444875853E7FED2040C2B4D43B011D4596D156B84D8C662ECB54740947E726D,关于优化乡村小学课后服务作业辅导的请求,"领导您好。我是一名乡村小学生家长,孩子读公办小学,家里经济条件一般,我和爱人都在上班,文化程度不高,辅导孩子作业越来越吃力。孩子现在参加了学校课后服务,我们很感激,但也担心服务内容不够丰富,作业辅导不充分,孩子回家后还要继续写作业,我们又帮不上忙。希望政府能督促学校把课后服务时间利用好,增加作业辅导和兴趣活动,让孩子尽量在学校完成书面作业,减轻家长压力。另外,现在校外培训班少了,像我们这样没上过培训班的家庭,更希望学校能提供可靠的学习支持。恳请领导关注我们乡村孩子的课后学习问题,帮助我们把课后服务办得更实在。谢谢。"
C9F6ABB8E086F7926FF7A9B4555DC51F46D81AF2E6495B72A8E2CAF9D719DE30,关于丰富农村学校暑期课后服务内容加强作业辅导的建议,"领导好。我是东部农村一名小学生家长,我们夫妻白天都要上班,家里其他人照看能力有限,暑假孩子一个人在家不放心。这个暑假学校提供了课后服务,每天不少于两小时,孩子参加后我们省心不少。但我们文化程度有限,辅导不了孩子作业,外面学科培训班现在也很少,我们担心课后服务只是简单看管,内容不够丰富,作业指导和兴趣活动不足,孩子一个暑假白白过去。希望政府能加大对农村学校课后服务的师资和经费保障,多安排一些作业辅导、阅读、体育和手工等活动,让孩子在课后服务时间里既能完成作业,又能学到东西,我们家长也能安心工作。"
8E60E2AAF4CFD5501A644F2DDC6938D8FC4EBE3AA49B09FC3DB7398384268D5B,关于乡村小学课后服务作业辅导的诉求,"领导好,我是乡村小学的一名学生家长。我们夫妻都在外打工,家里老人照看孩子,辅导作业实在吃力。这个学期学校开展了课后服务,孩子也参加了,每天到五点半,但我们担心只是看着孩子写作业,老师没时间个别辅导。孩子作业目前虽然不算多,但遇到不会的题家里没人能教,长期下去成绩跟不上。我们听说现在要求课后服务要内容丰富、老师指导作业,可乡下学校老师少,经费也有限,怕落实不到位。希望领导能关注乡村学校课后服务的质量,特别是作业辅导和兴趣活动,让父母不在身边的孩子也能得到帮助,减轻家长负担。"
2C15092841C790AFD97D6B52E4AFD1F0C3CB9C220E35ACB9A4D221201F5907BD,关于农村小学课后服务衔接与作业辅导的诉求,"领导您好。我们是东部乡村的一名小学生家长,两口子都在外面上班,家里时间很紧。孩子这个月在学校参加课后服务,我们觉得有个安全去处,也能减轻一点接送负担。马上要开学了,我们最担心的是开学后课后服务能不能持续做好,放学时间能不能真正和我们下班时间接上。我们文化程度不高,辅导孩子写作业很吃力,希望学校能在课后服务里多安排老师指导孩子完成书面作业,别让作业带回家写到很晚。孩子睡眠一直还算充足,我们不想因为作业和接送问题把孩子的休息时间挤掉。恳请领导督促学校把课后服务做实,特别是作业辅导和看护时间衔接,让我们农村双职工家庭少一些后顾之忧。"
FA7010157EF3DD5B14E77E5A00BD9072E18056B8473347ADFDE750D59B5EEF4D,关于丰富乡村学校课后服务内容的请求,"领导您好。我是东部大区乡村地区一名小学生的家长,孩子就读公办小学。我们夫妻都在工作,家里同住人口多,平时照料和辅导孩子的时间确实紧张。现在孩子参加了学校的课后服务,这本是缓解我们压力的好政策,但我们担心课后服务可能更多停留在看管层面,学习辅导和兴趣活动不够丰富。我们家庭经济条件一般,没法给孩子报外面的培训班。现在学科类培训市场收缩,我们更希望学校课后服务能真正帮到孩子,比如老师能多辅导作业,开展一些阅读、体育、科普活动,让孩子在课后这段时间有收获,也减轻我们家长的负担。希望领导能关注乡村学校课后服务的实际情况,协调相关部门加强师资和经费支持,定期检查服务质量,让我们这些家长放心。谢谢。"
A3B1A2DC20FFA87ACB66F5156F4389EE0D8D24A3EE305B1137EC9FACC79391B8,关于乡村小学课后服务内容和保障的诉求,"我家孩子在村里公办小学读书,我们两口子都在打工,家里老人年纪大,平时管作业很吃力。这个月孩子参加了学校的课后服务,每天到点接,确实解决了接送难题。但我们担心课后这两个小时到底有没有老师认真辅导,还是单纯看孩子。我们农村学校条件一般,老师也少,怕课后服务变成大班哄,作业还是带回家,家长照样不会教。家里经济不宽裕,如果以后课后服务要收材料费或者兴趣班费,我们担心又多一笔负担。希望领导能关注乡村学校课后服务的质量,保证有老师指导作业、开展一些不花钱的活动,别让自愿参加变成变相要求,也把收费和师资保障落实清楚,让我们家长真正省心。"
9BF16FBBE2A6B670CBFBE559506AB6806CCFFC04F565AB5BF62E3E610FCFA093,关于农村小学课后服务作业辅导的期盼,"领导好。我家孩子上小学,暑假里参加了学校的课后服务。我们夫妻都要上班,文化程度不高,辅导孩子功课很吃力。现在外面学科培训班少了,学校课后服务成了主要依靠。政策说课后服务要内容多样、加强作业指导,但我们农村学校条件有限,担心课后服务只是看管,孩子作业不会做还是没人帮。希望领导多关心农村小学的课后服务,让老师能多辅导孩子功课,丰富活动内容,别让孩子干坐着。这样我们家长也能安心工作。"
A8A013B2FBDBC133F6491258FECCEBBCB054732B6A85C5D236F3B78DC4476378,关于农村小学课后服务和作业辅导的请求,"领导好。我家孩子在本村公办小学读书,暑假这段时间参加了学校课后服务。我们夫妻俩都要上班,家里虽然人多,但能辅导孩子学习的很少,我们自己文化程度不高,教作业很吃力。孩子目前在学校,但我们不太清楚课后服务具体安排了什么,担心只是把学生集中看护,没有老师指导完成作业,活动也不丰富。我们家经济条件一般,以前没上过校外辅导班,现在也无力额外花钱。希望上级能督促学校把课后服务做实,特别是安排老师指导孩子在校完成书面作业,减轻家长辅导负担;再增加一些阅读、体育和动手活动,让暑假过得有意义。开学后也希望课后服务时间能继续和我们的下班时间衔接好,方便接送。谢谢。"
37B5B82DD7C70D6A7941AFC68E7D69ABE89608322D330765C2FB201CFAD2DBB8,关于保障农村课后服务质量缓解双职工家庭照护压力的建议,"领导您好。我是东部农村一名小学生家长。我们夫妻都在上班,家里人多,平时照看孩子时间很紧。孩子现在参加学校课后服务,我们很感激,也能安心工作。但我们担心课后服务能不能一直办下去,老师能不能真正辅导孩子写作业,农村学校的师资和经费能不能跟上。以前也常听说有的孩子作业写到很晚,我们怕年级高了以后作业负担会加重。希望政府能督促学校把课后服务落实好,加强作业指导,让孩子在学校尽量完成作业,减轻我们家长的负担。谢谢。"
29FC7B9F3CFFFB790410170424429DDAC4747455D9F600305D34CFE7DBE17C98,关于改善乡村小学课后服务内容的建议,"我家孩子在村里小学上学,我们两口子都要上班,暑假家里没人看孩子,学校开了课后服务,孩子这个月参加了,解决了我们的大问题。但我们也有些担心,乡村学校条件有限,课后服务会不会只是把孩子集中起来看管,没有老师辅导作业,也没有兴趣活动?我们文化程度不高,教不了孩子,就盼着学校能多教一点。希望政府能多支持乡村学校的课后服务,配好老师,丰富内容,让孩子暑假既能完成作业,也能学点东西,我们上班也安心。"
3E9E70DFF47A68FD95DE6F759059D123EDFC9350E7519417E16CFC3A9DF72578,希望农村学校课后服务加强作业辅导,"领导好,我是一名农村小学孩子的家长。我们夫妻都在打工,家里老人文化不高,经济条件也一般,孩子现在上小学。这个暑假孩子参加了学校的课后服务,我们很感激学校能管着孩子,但心里也担心开学后的课后服务主要就是看孩子,没有真正辅导作业。以前听别的家长提过,下午放学早,家里没人能辅导功课,孩子作业不会写就一直拖着。现在外面学科类补习班也很少,农村家庭更难找到合适辅导,我们家长自己只有初中文化,很多题已经教不了。希望领导能关注农村学校课后服务质量,让老师在课后服务时间里帮助孩子把作业完成,而不是把作业都留回家。这样孩子能早点休息,我们下班晚也不用干着急。另外请尽量不要增加收费,农村家庭负担重,课后服务要是能真正帮到孩子学习,就是帮了我们最大的忙。"
232271589C5CAD69003575B6A3B686747A67E377D9A92DA650930E70F0F7939F,关于农村小学课后服务保障的期盼,"我是一名乡村小学生的家长,家里大人都在上班,经济条件一般,暑假里最怕孩子没人看管。现在孩子在学校参加课后服务,确实帮我们解决了大难题。但我们心里也一直悬着:农村学校师资和活动条件有限,课后服务能不能不变成简单的看孩子?希望领导能关注乡镇小学课后服务的实际保障,多安排一些作业辅导、体育和阅读活动,让孩子在学校就能把学习上的困难解决掉,回家能早点休息,也减轻我们家长辅导不了的压力。开学后也盼着课后服务时间能真正接上家长下班时间,内容更丰富一些。"
FC1BD670DEDEE4C76E8BD363572EAB3FC78A75CD88CE9C077B2E122A95BCC1C0,关于农村学校课后服务保障的诉求,"我是东部农村一名小学生家长。我们夫妻平时都要上班,时间很紧,我们文化程度也不高,辅导孩子作业很吃力。这个暑假孩子参加了学校的课后服务,我们心里很感激,但也有些担心:农村学校条件毕竟有限,课后服务如果只是简单看管,内容不够丰富,教师力量跟不上,时间长了可能很难真正解决我们这样的双职工家庭的困难。希望政府能多关注农村学校课后服务的经费和师资保障,督促学校把课后服务做好,作业有人辅导,活动内容丰富一些,让孩子放学后有人管、有收获,也让我们家长能安心工作。谢谢领导。"
97CD5BF76914923CA5BEED471E6B0856AE0DE76541FDBC0FF328C163A0051E3F,关于小学生暑假作业管理和课后服务落实的诉求,"领导好,我是中部地区一名小学生的家长。孩子上公办小学,家里经济条件一般,上学单程时间也比较长。这个月孩子的书面作业情况已经不符合当前对小学生书面作业时长的规范,我们很担心这样下去会影响孩子休息和学习兴趣。我们平时没有给孩子报学科类校外班,主要靠学校。现在政策要求学校统筹作业、加强校内指导,还要求完善课后服务。我们就盼着开学后学校能真正把作业量控制住,利用课后服务时间让孩子在学校完成作业,老师也能给一些辅导,这样我们家长压力小一点,孩子也能早点回家。希望领导能关注我们这类普通学校孩子的实际困难,督促学校把政策落实到位。"
450DBC58B30182569D0965905E4D608D3124D66E3DB20534F64B58860957432D,关于小学暑假书面作业负担和课后服务落实的诉求,"尊敬的领导:我是中部地区一个小城镇的家长,孩子就读公办小学,离家较远,家庭经济条件一般。这个暑假,孩子书面作业的完成情况没有达到规定要求,我们感觉负担偏重,担心开学后会更难。我们没有给孩子额外报学科班,主要靠学校。现在要求学校统筹作业、加强课后服务,我们很期盼,但也担心我们这种普通学校落实不到位。希望领导能督促学校严格控制书面作业总量和时长,提高课后服务质量,让孩子在校内尽量完成作业,老师也能给予指导;同时加强对在职教师有偿补课和校外培训的监管,避免个别老师课上不教课后补。我们不想给孩子加压力,只希望孩子能休息好、学习好,将来能考上大学。谢谢领导。"
5F546F0A8B346210D25DCAB9D44B2FA72B648ED2D994BC0F3898CBA08BAC339D,关于小学生作业负担和课后服务的求助,"领导好,我是一名小学生家长,向您反映孩子作业负担和课后服务的问题。这个月,孩子每天写书面作业的时间经常超过规定的一个小时,我们家长辅导得很吃力,孩子也没什么时间休息和锻炼。现在政策要求学校统筹作业总量、提升作业设计质量,还要求学校提供课后服务,我们非常期待。希望开学后学校能真正落实这些要求,严格控制书面作业时长,各科老师协调布置,不要让孩子把作业全带回家。最好能在课后服务时间由老师指导完成一部分作业,这样我们住得远、下班晚的家长也能正常接孩子,减轻家庭负担。另外,现在校外培训虽然规范了,但我们还是担心有老师把精力放在外面补课上,课堂质量受影响。恳请领导督促学校抓好课后服务和作业管理,严查在职教师违规补课,让普通家庭的孩子在学校就能学好。谢谢领导!"
6639ACF09F7AB8E4924E36AF0B1E06E085AA4712D53E87917F67F69F47BCD540,关于减轻小学生作业负担的诉求,"领导好,我家孩子是一名小学生,在公办学校读书,学校离家比较远,每天路上花不少时间。最近了解到现在对小学生书面作业有时间规定,原则上不超过60分钟。可是这个月孩子在家做作业的情况,感觉没有符合这个要求。我们家庭条件一般,文化水平也有限,辅导作业吃力。孩子以前睡眠时间比较充足,现在作业一多,担心影响休息和第二天学习。希望领导能重视这个问题,督促学校真正把作业总量和时长管起来,提高作业设计质量,别让孩子反复刷题。同时也希望学校课后服务能落实好,让孩子尽量在学校完成一部分作业,减轻家长负担。谢谢领导。"
313C9CC55F8BF87C8D50268F1B3A1D6EEA5CDB27E13ACDEB9BCB9D5C2ACAA1C6,关于提升课后服务实效减轻家庭校外培训负担的建议,"我家孩子就读于本地一所公办小学,每天上下学路上时间比较长,家庭经济条件也一般。目前孩子虽然还在参加校外学科类培训,但费用已经有所下降,对我们来说仍有压力。这个月孩子参加了学校的课后服务。按现行要求,学校课后服务原则上每周应提供5天,每天不少于两小时。我们很希望新学期开学后,学校能把课后服务的时间充分利用好,重点加强作业指导和答疑,让孩子尽量在校内完成书面作业,回家后不用再补课;同时多安排一些体育、阅读、科普等活动,提高孩子参与的积极性,减少我们对校外培训的依赖。这样既能减轻家庭经济负担,也能让孩子少奔波、多休息。另外,我们家离学校较远,希望学校或相关部门在课后服务结束后的接送衔接上能提供一些便利,让我们更安心。"
14542A2D00846FACB8F24983C40AF95B621D29E93A7135B5F38C0BC2F5AF8EBE,建议加强普通小学课后服务师资和内容质量,"领导好。我是一名小学生家长,家庭经济条件一般,学校离得远,每天接送已经很吃力。孩子目前参加学校的课后服务,这确实帮我们解决了部分看护困难。但新学期马上要开始了,我们最担心的是课后服务的质量:会不会只是把学生拢在教室里写作业、看书,缺乏真正多样的活动;会不会因为缺少专职老师,音体美、科学这些内容还是由其他科目老师代上,孩子得不到像样的素质教育。过去也听说过有的学校老师精力放在校外补课,对课内和课后不上心,现在校外培训管得严了,我们更希望学校能把课后服务抓好。孩子书面作业时间倒是在规定范围内,但课后两小时不能只用来“混时间”。恳请领导关注乡镇普通小学课后服务的师资配备和内容安排,保障专职教师,丰富课程,让我们这些经济不宽裕、没条件大量报班的家庭,孩子也能在校内获得有质量的教育。"
28A22C6D32A1AFC565A7027CE717A8635D3C5CE2E117C76349F69188022B4645,关于提升学校课后服务实效减轻家庭课外培训负担的诉求,"领导好。我家孩子就读公办小学非毕业年级,单程通学时间较长。本学期孩子参加了学校课后服务,但作为家长很担心课后服务只是集中看管,缺少作业辅导和兴趣活动。学校不是示范校,教师教学负担较重,也担心学校师资紧张,课后服务可能没有足够专业老师带领活动。我家经济条件一般,目前仍给孩子报了学科类校外培训,费用虽比之前有所降低,但长期下来压力还是不小。如果课后服务能真正统筹作业指导,让孩子在校基本完成书面作业,并适当安排阅读、体育等活动,我们就能减少对校外培训的依赖,孩子也能早点回家休息。希望领导督促学校把课后服务做细做实,同时合理安排结束时间,方便家长下班接送。"
A4CBD29711F7D1494E624BA0A04BEC4BD15A3E31DD1F44248330F6D8240733E3,关于提升小学课后服务质量、减轻培训负担的诉求,"各位领导好。我家孩子就读于一所公办非重点小学,通学时间较长,家庭经济条件一般。寒假过后马上要开学,孩子目前既参加学校课后服务,也仍在参加校外的学科类培训。虽然培训收费比原来有所下降,但长期下来仍是负担。作为家长,我们更希望孩子能在校内把作业和基础学习解决好,减少对校外培训的依赖。目前课后服务按制度每天都有安排,孩子也在参加,但对孩子作业指导、知识巩固和兴趣拓展的实际帮助,我们心里没底。恳请有关部门重视小学课后服务的实效,督促学校加强作业指导、丰富服务内容,同时继续规范学科类培训收费和办学行为,让我们这样的普通家庭少一些焦虑,孩子能安心在校内学好。"
1C3DE2926453DAEA85DAB516B82EFA01B53DBD34707EFFB7F2D67622376E5BB9,关于提升暑假学校课后服务质量的建议,"领导您好,我家孩子是小学在读,家庭经济条件一般,学校离家较远。这个暑假孩子参加了学校提供的课后服务,按照政策,课后服务每天至少两个小时,这让我们家长能安心工作。但我们也感到,课后服务在作业辅导和兴趣活动方面还不够丰富,尤其对于我们这样没有能力辅导、又担心校外培训负担过重的家庭,学校课后服务本应是最可靠的依托。现在校外学科培训虽然费用降了一些,但供给变少,我们仍然要额外花钱送孩子去补课,心里并不踏实。希望政府能督促学校在假期和平时把课后服务做得更实,内容上增加作业答疑、阅读、体育和科普活动,时间上考虑我们路远的家庭,避免来回折腾。同时,希望课后服务能更好地与课堂教学衔接,让孩子在学校就能完成大部分学习任务,减少我们对校外培训的依赖,真正减轻家庭负担。"
668D3C4B84F9196B28F2ADDCF4F1CBB089CC805131CF42214615624F76AF5DBA,关于提升学校课后服务质量、减轻家庭校外培训负担的请求,"领导您好,我是中部某县一名小学生家长。孩子就读公办小学,家里经济不宽裕,学校离家也比较远。现在孩子参加了学校课后服务,但作为家长,我们感觉课后服务更多是看管写作业,老师细致指导不够,孩子有些作业还是带回家,我们文化不高,辅导起来很吃力。同时孩子还在上校外学科培训,虽然费用降了一些,但对我们家仍是负担。我们很拥护现在的政策要求,希望领导能督促学校把课后服务真正提质,加强作业辅导,多开展一些兴趣活动,让孩子在校内就能学好、学足,我们就不用再额外花钱报班了。另外也请关注一下学校师资配备,不要让主科老师长期代替其他课程,影响孩子全面发展。"
CB478C948ABC696147343C4C08C79A367738B88CC381257E368F3E81657E9FFB,关于提高学校课后服务质量的建议,"领导您好,我是一名小学生家长。孩子就读于公办小学,不是重点学校,家庭经济条件一般。今年暑假学校提供了课后服务,我让孩子参加了,但我有些担心,因为学校师资本来就不宽裕,非主科老师配备不足,课后服务内容可能比较单一,更多是看护和写作业。我们家孩子上学期还在外面上一门学科培训,虽然费用比之前降了一些,但对我们来说仍有压力。如果学校课后服务能真正提升质量,加强作业辅导,多开展体育、艺术、科技等活动,我们就不用额外花钱补课了。希望领导能关注非重点学校课后服务的实际效果,督促学校配足师资、丰富内容,让孩子在校内就能学好,减轻家长负担。谢谢!"
A3041722957813C56AC49DAB3726CF40789C7138E182BA09CC087A3594F0F5E1,关于提升小学课后服务质量、减轻家庭校外培训负担的请求,"各位领导好。我是一名小学生的家长,住在中部地区城镇,家庭经济条件一般,孩子每天上学路程也比较远。这个暑假,孩子参加了学校的课后服务,但同时也还在上校外的学科培训。虽然培训费用比之前降了一些,但对我们这样的家庭来说,仍然是一笔不小的支出。我们心里很矛盾:一方面希望孩子能学得好,另一方面又担心钱花了效果不好。我们更希望学校的课后服务能真正帮到孩子,比如有老师辅导作业、开展一些兴趣活动,让孩子不用额外花钱去外面补课。但我们也有点担心,课后服务会不会只是看管,没有实际内容,毕竟以前也听说过一些学校副科被占用、老师精力放在外面的情况。希望领导能督促学校把课后服务做实做细,丰富内容,提高质量,特别是对学习有困难的孩子多些辅导。同时也请继续规范校外培训,防止变相涨价或者隐形培训,减轻我们家长的负担。谢谢。"
424B20D777AB0E5CB20F5CB87A0A87FB0422A7F973A0D121E6A49F23A972534D,关于课后服务时间与通勤压力的问题反映,"领导好。我家孩子上小学,学校离家较远,单程通学时间较长。学校按要求提供课后服务,孩子本月也参加了,原则上每天不少于120分钟。这对我们双职工家庭确实是好事,但课后服务结束后时间不早,加上路上时间长,我们担心长期下来会影响孩子的睡眠和休息,也担心课后服务内容是否足够,能不能让孩子在学校就把作业完成,减少我们额外的辅导负担。我们家经济条件一般,目前孩子还在参加校外学科培训,虽然费用比之前降了一些,但还是一笔不小开支。希望相关部门能督促学校提高课后服务质量,特别是是否能考虑通学较远孩子的实际情况,在时间安排或内容上更灵活一些,让孩子真正受益,也减轻我们这样的普通家庭的压力。"
2559E8FE028A3636D302F1A64F8177E810DD492AB0916F368A72411B65B191F3,"希望加强普通小学课后服务质量,缓解家长焦虑","我家孩子在镇上公办小学读书,学校不是重点,离家也远。现在学校有课后服务,我们让孩子参加了,放学后能多待一会儿,我们下班接也方便。但我们是普通家庭,经济条件一般,过去也没给孩子报多少学科辅导班。现在校外学科培训管得严了,我们支持,但也担心孩子学习跟不上。现在作业时长符合规定,孩子睡眠足了,我们高兴。可学校课后服务到底能不能辅导好作业、拓展兴趣,我们心里没底。学校不是重点,老师也辛苦,我们不敢提太多要求。希望领导多关注我们这类普通公办小学的课后服务实际效果,加强师资和经费保障,别让课后服务只是看管孩子,真正把作业辅导和素质拓展做起来,让家长放心,孩子也能在学校学足学好。"
84DB172B843ABF27961E5F5753827A9B82765FF1A2D6D9333B400294C3A98D83,关于提高小学课后服务质量、减轻家庭负担的诉求,"领导好,我是一名小学生家长。孩子就读于本地一所公办小学,家里经济条件一般,每天上下学路上要花不少时间。学校现在提供课后服务,孩子这个月也参加了,但我们心里没底。学校老师数量一直比较紧张,我很担心课后服务只是把孩子集中起来写作业或看管,没有真正开展体育、艺术、科技等活动。如果只是这样,对于我们这样仍需额外花钱让孩子参加校外辅导的家庭来说,负担并没有实质减轻。虽然现在校外培训收费降了一些,但长期下来压力还是很大。希望领导能督促学校把课后服务做实,配足老师、保障经费,让孩子在学校就能得到好的作业辅导和兴趣拓展,而不是简单耗时间。另外也希望加强对教师校外有偿补课的监管,避免老师把精力放在校外,校内应付了事。"
18B469C7E02DAB29DD5D224EF5D0EEED43B239A1027F509A6D627F6D0A2561EF,关于提升课后服务质量减轻家庭负担的诉求,"领导好。我家住在城镇,孩子在公办小学上学,家里经济条件一般,学校离家比较远。孩子这个月参加了学校的课后服务,同时也在参加校外的学科类培训。虽然目前作业时间没有超出规定,但我一直担心课后服务能不能真正起到作用。我们收入不高,校外培训费用虽然比以前低了一些,可对孩子来说还是一笔不小开支。如果学校的课后服务能提供更扎实的作业辅导和丰富的兴趣活动,我们也不愿意再额外花钱送孩子去培训班。希望政府能督促学校把课后服务内容安排好,保证自愿参加,加强对校外培训收费和时间的监管,让像我们这样的普通家庭能安心。谢谢。"
25E60BE5614888E8AF4B80C36F04E293A6D01A84109F308E97EB5FAA15E55C00,希望加强普通小学课后服务学业辅导减轻家庭培训负担,"领导好。我是一名小学生家长,家庭经济条件一般,孩子每天上下学路上要花不少时间,就读的是普通公办小学。现在校外学科培训收费比前些年降了一些,但我们家还是给孩子报着,主要担心学校不是重点,孩子学习跟不上。孩子平时书面作业不多,也参加了学校课后服务,可我不知道课后服务里老师能不能真正辅导作业、巩固知识,还是主要在看管。我们家收入不高,长期报培训压力很大。希望领导多关注我们这类城镇普通小学,把课后服务内容做实,增加作业指导和学科辅导,让孩子在学校就能学好,减少家长对校外培训的依赖。另外,学校离家较远,课后服务结束时间也希望能尽量考虑家长下班和接送衔接,别让家长因为没人接而不敢让孩子参加。"
0E08B0E040F2836020E247B9AF9A6B87B8081927A750A3BAF99106583586333B,关于提升公办小学课后服务质量减轻家庭校外培训负担的诉求,"领导您好。我家孩子在公办普通小学就读,学校离家较远,家庭经济条件一般。现在孩子参加了学校的课后服务,同时也在外面参加学科类培训。虽然培训费用比之前降了一些,但对于我们这样的家庭来说,长期下来还是一笔不小的负担。我们担心学校的课后服务主要是集中看管和让孩子自己写作业,老师辅导不够,孩子做完作业后没有更多有意义的活动。希望领导能督促学校把课后服务真正利用好,加强作业指导和兴趣拓展,让我们家长能放心减少对校外培训的依赖,减轻家庭经济压力。"
5D675B92043A3E10854F850949CB964C13EE437A7CC1713986228C55B80671ED,关于提升学校课后服务质量减轻家庭校外培训负担的诉求,"领导您好。我家孩子上小学,学校离家比较远,每天路上花不少时间。我们家庭经济条件一般,但为了孩子不掉队,现在还在参加学科类校外培训。虽然培训费用比前些年降了一些,但对我们来说仍然是一笔不小的开支。这个月学校课后服务也在参加,可感觉课后服务更多是看管,对孩子作业辅导和兴趣拓展帮助有限,我们才不得不继续报班。希望领导能督促学校把课后服务真正做实,加强作业辅导和课程设计,让孩子在学校就能解决学习问题,减少我们这样的普通家庭对校外培训的依赖。同时也能考虑一下通学距离远的孩子,在课后服务时间衔接和内容安排上更灵活一些。"
519A98D7D39CA4EA3E2080915FC1AA81D8579843BA119E38A1817B2756BB7777,关于提升学校课后服务质量减轻家庭负担的诉求,"各位领导好。我是中部地区一名小学生的家长。孩子目前在公办小学就读,家庭经济条件一般,每天上下学路程也比较长。这个暑假,孩子按照学校安排参加了课后服务,我们很支持,也寄予期望。现在政策要求学校课后服务自愿参加、时间衔接、内容丰富,并由地方保障师资和经费,但我们作为家长,对学校课后服务的具体内容、教师配备和实际质量了解有限,担心课后服务可能变成简单看管或者流于形式,不能真正解决孩子放学后的学习和照护需求。与此同时,我们家孩子目前还在参加校外的学科类培训,虽然收费有所下降,但长期来看家庭负担依然不轻。如果学校课后服务质量有保障、内容多样,我们更愿意减少校外培训,让孩子在校内获得更安心的辅导。恳请领导关注学校课后服务的落实质量,加强督导检查和信息公开,确保自愿原则,丰富活动内容,配齐师资力量,同时继续规范校外学科类培训的收费和经营行为,让普通家庭的孩子真正受益。谢谢。"
C039414CCBBADF74692670E877E1E7C1F992E1680BD3D6DBB8B55C01CD0E39A6,关于农村小学课后服务的期盼,"我家孩子上小学,家在东北农村,家里条件一般,我们文化都不高,辅导作业很吃力。这个暑假孩子书面作业符合要求,睡眠也足,我们挺高兴。马上要开学了,最担心的是放学后孩子没人管、作业没人辅导。听说现在要求学校开展课后服务,自愿参加,时间要衔接好,内容多样。希望领导能督促我们这儿的小学把课后服务真正落实,别走过场,最好让孩子在学校把作业完成,老师能指导一下。我们经济条件有限,外面补课班也贵,我们也没条件报。只要学校课后服务做好了,我们就不愁了。另外也希望新学期书面作业继续按规矩来,不要增加负担,保证孩子睡眠,这样我们家长才能安心,孩子也有希望考上大学。"
78B997181AFC69D5DBEEED0A64AAE5B6304F3895FB251A44761667A75E8D66D5,希望开学后真正减轻农村孩子作业负担,"领导您好,我是农村一名小学生家长。孩子马上要开学了,我文化程度不高,辅导作业很吃力。现在上级要求学校统筹作业总量、提高作业质量,课后服务也强调自愿参加。可我担心开学后学校还是布置很多书面作业,有的题我们家长也不会,孩子写得晚,没时间活动。希望领导能督促学校真正落实减负要求,作业少而精,课后服务别变成变相补课或乱收费,让孩子放学后能有点运动和休息的时间。"
42735864A06455C12F62A3DA1E55FC3EB749EE55555100D32B81189719AB05B1,关于乡村小学课后服务自愿性与收费规范的担忧,"领导您好,我家孩子在村里上小学,家里条件一般,大人文化也不高。马上要开学了,听说学校要开展课后服务,我们最担心的是嘴上说自愿,实际变相强制,或者收费不规范。以前周边就有学校课后服务一个月收不少钱,说自愿但家长怕孩子被区别对待只能交。我们这种农村家庭负担不起额外费用。希望开学后课后服务能真正自愿,不参加的孩子不受冷落,收费公开合理,最好能有政府经费支持,别把成本都压给家长。同时课后服务时间别变成补课或布置更多作业,让孩子有点活动休息的时间。"
AF3BE8E60BD9960DF149B4EF0BAAD5665781355DA8E67B83BA0DC796BE871099,关于农村小学新学期减负和课后服务规范的建议,"领导您好,我是东北农村一名小学生的家长。我们家庭条件一般,家长文化程度不高,辅导作业本来就很吃力。现在孩子放暑假,但想到开学后心里就发慌,怕像以前听说的一些学校那样,书面作业一下子多起来,孩子没时间睡觉和运动,我们家长也辅导不了。现在有要求低年级不布置书面家庭作业,也要求统筹作业总量和课后服务,但我们担心农村学校落实不到位,甚至课后服务变成变相上课或收费,增加家庭负担。恳请领导在开学后重点关注农村小学的作业和课后服务情况,督促学校真正执行减负规定,坚持自愿参加、内容多样、不额外收费,让农村孩子放学后也能有点跑跑跳跳的时间。谢谢。"
632797C4385DD7CE29FED01C8FECCEC5C5F952E9CD2C6FE46AE9A442355621E9,关于提升农村小学课后服务质量的建议,"领导好,我是一名农村小学生的家长,孩子现在上小学,家里条件一般,我和孩子妈妈文化水平不高,没法辅导作业。现在学校按政策不布置书面家庭作业,孩子放学后参加了学校的课后服务,每天两小时。但这两小时基本就是老师看着孩子自己玩或者简单写写画画,没有针对性的辅导,也没有兴趣活动,孩子觉得没意思,我们也担心时间浪费了,基础学不扎实。农村学校资源少,老师也缺,我们理解,但还是希望政府能多支持农村学校课后服务,安排一些阅读、体育、科学小实验或者作业辅导,最好能有专业老师或志愿者来帮忙。这样我们家长也能放心,孩子能真正学到东西,不至于和城里孩子差距越来越大。"
ABDD04E8A0C81FBE5B7F836EB57CA56F1648E5D30C4EB76D6051738C3B774B7F,"希望规范农村学校课后服务,别让自愿变负担","领导您好,我是村里一名小学生家长。现在学校开学,孩子这学期参加课后服务,说是自愿,但我们文化不高,有些要求看不明白。我担心课后服务会不会变成变相补课或集中写作业,孩子每天在校多待两个多小时,时间长了效果也不知道。我们这里农村,家里条件一般,如果后面还要另外交钱,一个月多出几百块对我们也是不小的负担。听说有的学校课后服务每月要收钱,虽说是自愿,但不参加又怕孩子被落下。希望领导关注农村小学课后服务的落实,核实是不是真自愿、内容是不是多样、有没有变相收费或强制,别让好好政策到了村里走样,让娃娃真正受益。"
3B1EB1CC4A8C8CB58DB7C9EB9D4F28CC33FD824C990E8B70AC206DB78E65BD03,关于农村小学课后服务收费与内容规范的诉求,"领导您好,我是本地一名农村小学生家长。这学期孩子参加了学校课后服务,放学后在学校有老师看管,我们家长也能放心一些。但家里经济条件一般,听说有的地方课后服务还要另外收费,心里很不踏实。希望上级能明确农村学校课后服务的收费政策和自愿原则,别让课后服务变成变相补课或只是坐在教室里写作业,能安排体育活动、阅读、兴趣小组等内容,真正让孩子全面发展。也请考虑我们这样收入不高的家庭,别让好政策变成新的负担。"
DF2B5A2DBC9502AB0050635533C0E71D29C8AA650901C96BD0C34AB4A0D184B5,农村孩子课后服务与作业减负盼核查,"领导您好。我是一名东北农村小学生的家长。家里条件一般,我本人文化程度不高,但对孩子上学很重视。现在马上要开学了,孩子这个月已经在参加学校的课后服务。学校说是自愿参加,可我们还是担心开学后课后服务会变成变相补课或者另外收费。也怕书面作业虽然现在符合规定,开学后又会多起来。我们农村学校课后服务到底能提供什么内容、是不是真的不收费、不加重负担,我们心里没底。希望领导能督促学校把课后服务办实,坚持自愿参加,内容多样,不额外收费,同时把作业量控制住,让孩子放学后能有点休息和活动的时间。谢谢领导。"
7859677B24CE00FCBF500338E4E010988F3ED0284B5533A2659654217E38FEA4,"乡村孩子课后服务盼更实用,别让家长干着急","我家孩子在村里小学读书,家里条件一般,我和孩子爸文化不高,辅导不了功课。现在暑假孩子参加了学校课后服务,每天有老师带着,我们挺放心,但也担心开学后课后服务能不能一直有实效。听说现在要求学校统筹作业量,低年级原则上不布置书面家庭作业,可我们农村孩子本来课外学习机会就少,校外培训班也少了,如果学校课后服务只是看管不辅导,孩子回家我们也不会教,时间长了怕基础打不牢。希望领导关注农村学校课后服务的质量,督促学校利用课后服务时间给孩子做些作业指导、阅读和兴趣活动,别让课后服务变成单纯看孩子。另外,我们这种家庭也指望学校能多担待些,让孩子在校内就把学习问题解决了,这样我们也能安心干活。"
B10CA40F0C817DAFC13FF01C1F08C8DB26B71E33BFBAB88C0C8EE42064080AE4,关于规范农村学校暑期课后服务收费与内容的诉求,"领导好,我是农村的一名小学生家长。家里条件一般,孩子这个暑假参加了学校课后服务,听说是自愿的,但我们心里没底。以前就听说有的学校课后服务每月收一百多块钱,对我们这样的家庭来说是笔不小的开销。现在政策说课后服务要自愿、内容多样,可我们就怕学校借着课后服务的名义变相收费或者补课、布置作业,反而加重孩子负担。孩子还小,平时作业已经不多,我们家长文化不高,也没条件辅导,就盼着课后服务能真正让孩子有点活动、有人照看,而不是变成另一种负担。希望领导能关注一下农村学校暑期课后服务的收费和内容,督促学校公开透明,别让好政策走了样。"
5DCE3079333A3CDD4B891A798FA641671B63EB5A5B6D4A5B56C7328AD070A829,关于农村学校课后服务质量的担忧,"领导您好。我家孩子上小学,这个月参加了学校的课后服务。我们两口子文化不高,家里条件也一般,辅导作业很吃力。现在国家要求学校把课后服务办好,自愿参加,时间衔接好,内容多样。可我们心里没底,就怕课后服务变成变相收费,或者只是把孩子圈在教室里,不讲作业、不搞活动。以前就听说过有学校课后服务收费,或者干脆让孩子干坐着。我们农村学校条件有限,更怕落实走样。希望领导能督促学校把课后服务做实,真正免费或者收费合理,多安排老师辅导作业、组织文体活动,让我们家长放心。谢谢。"
93CD960658E0F9CFADA1BAE1D45B7CCC22E52437529D74BEF1A19AF412ACB727,关于规范暑期学校课后服务的诉求,"领导您好,我是农村小学学生家长。孩子今年暑假参加了学校组织的课后服务。听说政策要求课后服务要自愿参加、内容多样,但我们普通家庭对具体安排和收费还不太清楚,担心学校可能会变相要求参加或者内容只是简单看管,起不到拓展兴趣、锻炼身体的作用。家里经济条件一般,希望不要增加额外负担。恳请领导重视,督促学校公开课后服务的具体内容、时间和收费标准,真正让孩子们在暑假有丰富的活动,同时也保证家长能够自愿选择,不让孩子和家庭感到压力。谢谢。"
2950A13219F2BDCA2873D9DB86EA82D43B0195097F2840829A03564165CE4961,农村小学课后服务盼能真正辅导孩子,"领导您好。我是村里一名小学生家长,孩子现在上小学,不是毕业班。暑假学校有课后服务,孩子这个月也参加了。我们文化水平不高,家里条件也一般,辅导不了孩子学习。我们听说现在孩子这个年级原则上不布置书面家庭作业,我们也不懂怎么安排孩子。就盼着课后服务不要只是让孩子坐着,能不能多安排老师带着孩子读读书、写写作业、讲讲不会的题,再有点体育活动或兴趣活动。村里学校条件有限,老师也少,我们担心时间长、内容单一,孩子坐不住。希望政府能多帮帮农村学校,给课后服务配好老师和经费,别让学校因为缺钱降低质量,也别把费用都压到我们家长身上。我们经济上不宽裕,收费上希望能透明合理,最好有补助。谢谢领导。"
21F6EA29927951796FAD505F7F39BDFA1B5757883E38E7DA4AA36AD1B9C0EA00,关于乡村学校课后服务收费与内容的担忧,"领导您好,我是农村学生家长,家里条件一般,孩子现在上小学,这个暑假参加了学校组织的课后服务。说是自愿参加,但我们农村家长白天忙,孩子在家没人管,不去又不行。听说有些学校课后服务还要另外收费,一个月一百多块,对我们这样的家庭是不小负担。更担心的是,课后服务光把孩子圈在教室里写作业或讲题,没有运动、没有兴趣活动,孩子体质和视力都受影响。国家要求课后服务自愿、内容丰富,还应该有经费保障,希望领导能督促检查一下,别让课后服务变成变相收费或变相补课,让我们农村孩子也能真正受益。"
0481F23E6B06364F5CD19B7DCBBC19593303EEDB7BB4F51B2C5803C9D2AF5167,关于农村学校课后服务的一些担忧与请求,"领导好。我家孩子在村小读书,这个暑假参加了学校课后服务。作为家长我们本来挺支持,孩子有人看管,也能学点东西。但听同省一些家长说过,有的学校课后服务收费高,嘴上说自愿,实际不参加又怕老师有想法,我们担心自己也会遇到这种情况。家里收入不高,希望课后服务能真正坚持自愿,收费透明合理,别让自愿变了味。另外课后服务每天时间不短,希望能安排阅读、运动、兴趣活动,而不是坐在教室写作业或变相补课。孩子现在书面作业不多,我们支持减负,希望学校别在课后服务里额外加作业,让孩子放学后还有时间休息和跑动。谢谢领导。"
4E410F9EC1CCE0C454410D4FD7D492C3BB538845DB2E93398E75EC00A8284EFD,关于农村小学课后服务收费和自愿原则的诉求,"领导您好,我家是农村的,收入不高,孩子上小学。这个暑假孩子参加了学校的课后服务,我们听说课后服务要求自愿参加、内容多样,还说地方要保障经费。但我们担心农村学校条件有限,可能会向家长收费,或者表面自愿实际不参加不行。家里经济不宽裕,如果课后服务还要另外交钱,会增加负担。希望政府能关注我们农村学校的课后服务收费和自愿情况,别让好政策变成家长的新负担,让孩子真正受益。谢谢。"
CD3195BAD3167CEFF85AE0B36448503C48A0AAFA87D54732D07B1325EF1032FF,关于农村学校暑假课后服务质量的担忧,"领导好,我是农村的一名小学生家长。孩子现在上小学,学校不是公办的。这个暑假学校每天都有课后服务,孩子也去参加了,我们很感谢。但我和孩子妈妈文化不高,初中没毕业,家里条件也一般,教不了孩子什么。现在外面的学科补课班几乎看不到了,我们就盼着学校的课后服务能真正帮孩子学点东西。但我们担心农村学校资源少,课后服务只是把孩子集中起来看着,写写作业、看看动画,没有针对性的辅导,也没有兴趣活动。孩子这个暑假基本没有书面作业,睡眠倒是够了,但学习上我们很着急,还是希望他能考上大学。所以想请领导关注一下我们农村学校课后服务的实际开展情况,能不能增加一些阅读、体育、科学小实验这些内容,或者安排老师答疑补差,而不是简单地看管。谢谢。"
B8C0F3597F3552CDBEDFD12A0A5C6B14DACE7B39463C43065B96E2CA9FF287C4,关于农村学校课后服务自愿与收费的担忧,"领导您好,我是一名农村小学生的家长。我家经济条件一般,我和孩子爸文化不高,挣钱不容易。这个暑假学校有课后服务,孩子也参加了,但我们心里一直不踏实。政策说课后服务要自愿、内容多样,地方也要保障经费,可我们担心学校嘴上说自愿,实际上不参加就会被区别对待;也怕收费不透明,最后负担都压到我们家长身上。像我们这样的农村家庭,供孩子上学已经不容易,希望领导能关注一下农村学校的课后服务,把收费和安排弄明白,真正让家长放心,孩子也能受益。"
D7CD38D58BC526477F574FD0357D09B7AEF690700B98E5ACAA2E8FFDFC431BBA,关于农村学校暑期课后服务收费和自愿问题的反映,"领导好,我是乡镇的一名小学生家长,孩子正在上小学。暑假学校提供了课后服务,我们也让孩子参加了,因为家里大人要忙,没人看孩子。但我家经济条件一般,听说课后服务有的地方要收费,虽然说是自愿,可我们怕不参加会影响孩子学习,也怕老师对孩子有看法,所以不敢不参加。希望领导能督促学校严格执行自愿原则,如果涉及收费请考虑农村家庭实际,合理确定费用,别让课后服务变成家庭负担。另外,以前也听亲戚说有的学校作业太多,孩子写到很晚,希望开学后也能继续落实作业减负,让孩子有时间活动休息,别把课后服务变成补课和写作业。"
179A08DB444DC9BCB451F3C3C5A97E992D23E329603485AA5C08E68402D11E62,关于乡村小学课后服务与作业管理的担忧和建议,"我是东北某乡村小学一名学生家长,孩子读小学非毕业年级。暑假期间孩子参加了学校课后服务,我们支持,但也有顾虑。按减负要求,这个年级原则上不布置书面家庭作业,课后服务应当自愿、内容多样。可我家经济条件一般,家长文化不高,怕开学后书面作业又增多,孩子写到很晚;也怕课后服务变成变相补课或另收费用。还听说有的学校向家长发培训传单、课后服务另收费。希望领导能重视乡村学校落实,开学前后到校检查,督促学校不布置书面家庭作业,课后服务坚持自愿、不讲授新课,收费公开透明。让孩子放学后能有点运动和睡眠时间。谢谢。"
83EA56D47B7E1A82368D4F34BAF8E55906AD0878AB9D1E3921A498891E229A3A,希望农村小学课后服务能真正落实并减轻家庭负担,"我是一名农村小学生的家长,孩子就读于我们这里一所公办小学。家里条件不宽裕,孩子学习主要靠学校,我们自己辅导起来有困难。现在听说要求学校提供课后服务,自愿参加,我们很盼望开学后能参加。但担心农村学校师资和经费有限,课后服务会不会变成简单看管,或者向我们收费。我们希望政府能保障课后服务的经费和师资,让农村孩子也能享受到免费或低收费的课后服务,最好能有老师指导完成作业,开展一些有益的活动。另外,现在校外培训管得严,我们支持,但自己确实上不起辅导班,更希望学校能把课后服务做实,帮孩子把基础打牢,缩小和城里孩子的差距。"
3CAE5FE4AC2D4E88CC740ACCFFC32271B1966A05698AA127A131079D8142FEFA,关于农村小学课后服务落实与质量的诉求,"领导好,我是西部农村的一名小学生家长。家里条件一般,孩子开学后上小学,我们大人文化程度不高,辅导作业很吃力。听说现在学校要开展课后服务,自愿参加,我们很希望能让孩子在学校把作业写完,有老师指导,还能参加一些兴趣活动,不要变成变相补课,也不要只是把孩子关在教室里没人管。以前也听说过有在职老师在校外办补习班,我们担心如果学校课后服务搞不好,家长又得花钱找补习,负担更重。希望领导能督促学校把课后服务真正落实到位,保障农村孩子也能享受到有质量的课后服务。"
B0AB1A631EDF3D75E68F8BBA68D17752338578EF5B6B89AE5747A65BA7B3A955,关于农村小学课后服务落实和规范校外培训的建议,"领导好,我是西部农村一名小学生家长。家里孩子多,经济条件不宽裕,看到新学期要完善课后服务、规范校外培训,心里既高兴又有些担心。以前听说过有在职老师在校外办班、让学生晚上和周末去上课的事,家长敢怒不敢言。现在暑假孩子作业量是符合要求的,但我们更关心开学以后课后服务能不能真正自愿参加,学校有没有足够老师,内容是不是只是看管写作业,时间能不能和农村家长接送对得上。希望领导督促学校把课后服务办实在,不要变成变相补课或者只做样子;同时继续管住在职教师校外补课,别让不参加的孩子被另眼看待。我们不想给学校添乱,只希望农村孩子也能享受到实实在在的课后服务。"
88ED0624183310E097E8F9301A1F0F99C3A5C9E93257162448365B05FF7BA84C,关于乡村小学课后服务与作业管理的期盼,"领导您好,我是西部乡村一名小学生家长。孩子暑假后就要开学,我们家庭经济条件一般,很关心新学期学校的课后服务和作业安排。政府已经要求学校完善课后服务、控制作业总量,我们很期待,但也担心农村学校资源有限,课后服务流于形式,或者作业仍然偏多,影响孩子睡眠。希望领导能督促学校真正落实政策,保障课后服务自愿、内容丰富,同时严格控制书面作业时间,让孩子们健康快乐成长。谢谢。"
349BFC4EFBC93F881FCC2CF60B141C0B68F277CE7EE00313CBF729C642CFC8AD,关于农村小学课后服务落实与作业辅导的请求,"领导好,我是西部农村一名小学生家长。孩子读小学,不是毕业班。马上春季开学了,我最担心的是孩子放学后的照看和作业辅导。家里经济条件比较困难,同住人口多,但能辅导学习的很少,我们农村家庭实在有些吃力。孩子所在学校是公办重点校,听说现在要求学校每周5天、每天至少2小时提供课后服务,自愿参加,还应该有作业指导。我们很希望这学期能让孩子参加,这样孩子在校完成作业,老师也能辅导,回家能早点休息,我们也能放心。但又担心农村学校课后服务内容单一、师资不足,或者变相收费我们负担不起。希望政府能督促学校把课后服务真正办好,优先保障我们这样困难家庭的孩子,提供实实在在的作业辅导和多样活动,让好政策真正落到农村孩子身上。"
9B1B764D3B13AA969FD46F39CE73FD4823655BF43116B164411501DC5873CD61,关于乡村小学课后服务自愿和作业负担的诉求,"领导您好。我是一名西部乡村小学生的家长,家里人口多,经济条件比较紧张,以前也没给孩子报过学科培训班。现在马上要开学了,孩子所在学校是公办学校,离家不算近。按现在的规定,书面作业时间不能超过60分钟,这个月孩子的作业情况倒是符合要求,但我担心开学后作业统筹会放松,尤其课后服务我们孩子目前没有参加,学校每天提供课后服务,可我们因为家里安排和费用顾虑还没决定参加。我听说以前我们这里存在在职老师在校外开补习班、学校领导不管的情况,虽然现在校外培训少了很多,但我怕开学后课后服务变成变相补课,或者不参加的孩子被区别对待。希望领导能督促学校在开学后严格落实自愿参加和作业时长要求,课后服务内容多样一些,真正照顾到我们乡村家庭的实际困难,别让不参加的孩子吃亏。"
320B89952121F93BFA240D9FAF5CE9EA11DB3EAB8C74D255CE813FB3860D2A9A,希望农村小学课后服务别变相补课,"领导好,我是一名西部农村小学生的家长。家里条件一般,孩子以前没上过校外学科补习,睡眠时间也比较充足。目前学校说课后服务每天两小时、自愿参加,我家孩子还没有参加,主要是怕延长在校时间变成集中补课或变相多布置作业,孩子会更累。开学在即,我们这里以前就出现过在职老师校外开班、学校不太管的情况,所以心里不踏实。希望县里能督促学校把课后服务真正办成自愿参加、内容多样的活动,不要变相强制,也不要让老师借课后服务搞补课或收费。"
2A7703E38389B944C82246B449722B4A7221FC47593E45083F750A8C7A3618A7,希望保障农村孩子课后服务参与,"领导您好。我是西部乡村一名小学生家长。家里经济条件不宽裕,人口多,照看孩子精力有限。孩子就读的公办学校是重点示范小学,但这个月没有参加学校课后服务。听说现在政策要求学校提供每周五天、每天至少两小时的课后服务,自愿参加,内容也要多样。我们家很希望新学期能让孩子参加,但又担心时间衔接不上,或者内容不适合农村孩子。恳请教育局督促学校在开学前把课后服务怎么安排、有哪些内容、具体到几点说清楚,让家长好选择。同时希望上面能在师资和经费上多帮帮乡村学校,别让课后服务变成走过场或变相补课。另外,我们也担心个别老师校外补课影响公平,请有关部门继续监督。谢谢领导。"
976F314A40C3D19A9999D0966D58C5F8529168E0FEDD7BB0A1117E2D3DD79FE0,关于农村学校课后服务落实的担忧和建议,"我是一名农村小学生的家长,孩子就读公办重点示范小学,家里经济条件一般,人口多,平时辅导作业比较吃力。马上要开学了,听说学校课后服务每天至少两小时、自愿参加,我们很希望让孩子参加,这样可以在学校把作业做完,回家早点休息。但我们担心农村学校课后服务在师资和内容上落实不到位,变成单纯看管或变相上课,也担心收费增加家庭负担。孩子目前作业时间虽然不算长,但如果课后服务质量不高,作业还是要带回家,我们文化水平有限,很难辅导。希望领导能督促学校把课后服务真正办好,多些兴趣活动,少些额外负担,让农村孩子也能享受到实实在在的课后服务。"
217CF9492CF2C9DB11A6FFFE35AF9FB09EBE533C9D9051F31BF69C7E82E0D733,关于乡村学校课后服务落实与监管的诉求,"领导好,我是一名西部乡村小学生的家长。家里条件一般,人口多,我们平时照看孩子学习精力有限。马上要开学了,我最关心的是学校课后服务能不能真正办好,让我们放心让孩子参加。听说现在学校应该每天提供至少2小时课后服务,自愿参加,要有作业指导和其他活动,可我们心里没底:一是不知道学校会不会认真组织,还是只是让孩子坐着;二是担心课后服务变成变相补课或乱收费。我们这里以前就有人反映过在职老师校外开补习班、学校不管的事,所以现在虽然校外培训少了,我还是担心学校把精力用偏了。孩子平时作业时间不多,符合规定,但回家后我们辅导不了,如果能参加课后服务,在学校完成作业,还能有点兴趣活动,我们负担就轻多了。希望领导能督促学校把课后服务的内容、收费、老师安排都公开透明,真正自愿,别让我们农村家庭吃亏。"
143EA0F03F64E4009766B608E1490EAB8577ED52B0EC7ED229AB45CB9EB85AE8,关于农村小学课后服务落实与监管的诉求,"我是西部农村一名小学生家长,家里条件不好,孩子没上过校外补习班,一直靠学校。现在暑假快结束,最关心开学后学校课后服务能不能真正落实。政策说自愿、多样、时间衔接,还要求地方保障经费,但我们农村学校资源有限,担心课后服务会变成统一补课或变相收费,或者老师用课后服务时间讲新课,不参加就跟不上。以前也听说过有在职老师在外办班、学校不管的情况,心里更不踏实。希望领导督促学校坚持自愿原则,课后服务多安排作业辅导和文体活动,费用上别给农村家庭增加负担,同时严查在职教师违规补课,别让好政策在下面走样。"
17F90B7DAEF1D807CCB01236E926DB00812055179788EDF1C045EBF78D99A97B,关于农村小学课后服务落实与质量保障的诉求,"我是一名西部农村小学生的家长,孩子就读于公办重点小学,家庭经济条件有限。暑假期间,我注意到学校课后服务按要求应每周提供5天、每天至少120分钟,但孩子上月并未参加。作为家长,我很担心开学后课后服务能否真正落实,特别是作业辅导和兴趣活动是否适合农村孩子。我们家庭没有能力额外报班,希望学校课后服务能弥补这方面的不足。同时,我也了解到过去有在职教师违规补课的情况,希望政府加强监管,避免课后服务流于形式或变相补课。恳请领导督促学校在新学期保障课后服务的时间和质量,让我们农村孩子也能享受到实实在在的教育支持。"
A78227A1FB267B6B6BDF5F5A7115068A98D2AC4E87D785742FB8AB496D42EFFF,关于农村小学课后服务参与困难的诉求,"领导好,我是西部农村一名小学生家长。孩子就读公办重点小学,学校按规定提供每天两小时的课后服务,但我们家经济条件差,住得离学校不算近,家里人多、照应不过来,孩子目前没有参加。马上要开学了,我们很担心新学期还是没法参加,孩子放学后没人辅导作业,我们又请不起家教。希望上级能督促学校把课后服务做得更灵活、更方便农村家庭,比如允许分段接送、丰富内容、加强作业指导,别让经济困难家庭的孩子因为参加不了而吃亏。"
D4CACEF536D43AF9D48FCC23C5C966AC39D4EDFCE1802BBD2EFDD3EC2F4226D5,关于乡村孩子课后学习支持的请求,"领导好。我家孩子在乡镇公办小学读书,家里经济条件一般,之前也没上过学科培训班。这个暑假孩子作业量还算合适,睡眠也足,但我们一直担心开学后的学习。现在学科类校外培训收缩,我们农村家庭本来能选的补习就少,更怕孩子学习上遇到困难没人辅导。了解到政策要求学校课后服务每天至少两小时,但我们孩子还没参加过,不清楚开学后能不能真正报上名、老师会不会认真辅导作业、内容是不是只是看管。希望领导能督促学校把课后服务做实,特别要照顾农村孩子和困难家庭,让自愿参加不是一句空话,作业辅导和兴趣活动都有保障,别让农村孩子因为家里没条件补课就掉队。"
1E09DAF8F3331CCB036ACCFD2512601FF6650D599D5DDEEAB7FC73F06A03E095,关于乡村小学课后服务落实与监管的诉求,"领导您好,我是一名乡村小学生的家长,家里经济条件比较有限。孩子暑假后就要升入新年级,我们没能力报校外补习班,很希望学校的课后服务能真正办好,让孩子放学后能在校完成作业、参加一些活动,减轻我们的辅导负担。但我听说有的地方以前出现过老师在校外办补习班、学校管理不严的情况,心里很担心新学期我们学校课后服务会流于形式,甚至被个别老师变成变相补课。希望领导能督促学校严格落实课后服务要求,保证自愿参加、时间充足、内容多样,同时加强对教师违规补课的监管,别让课后服务走样。另外也希望乡村学校能尽量稳定教师队伍,不要频繁换老师,让孩子能安心学习。"
D14A520CF597552EB254C4C2056A55C6217191C6F74A8AF8E9652AA25ACE5001,关于乡村小学课后服务与师德监管的诉求,"领导您好,我是西部农村的一名小学生家长。家里经济条件不好,孩子在本乡镇的公办小学读书。暑假期间,孩子没有参加学校的课后服务,我们也没有能力给孩子报任何校外辅导班。看到政策要求学校提供课后服务,但我们不清楚具体怎么申请,也不知道服务内容是否适合农村孩子。同时,我们很担心有些老师在校外办补习班,让不参加的孩子受到冷落或区别对待。希望领导能督促学校把课后服务真正开展起来,让农村孩子也能享受到公平、有质量的教育,并严查在职教师有偿补课,让家长放心。"
D0EC5D1872665E0D73EB9C39422D71F565D054A36E6E28AA2DD2E9ACC9F851CF,希望农村学校课后服务能真正帮到孩子,"我是西部农村一名小学生家长,家里经济条件不太好,人口多,平时忙顾不上辅导孩子。孩子今年暑假作业量符合规定,睡眠也够,但我们一直担心开学后学习跟不上。我们这边学科类补习班很少了,我们以前也没条件报,现在更没地方补。学校是公办重点校,但课后服务我们暂时没参加,主要是担心只是看管,解决不了作业辅导。希望领导能督促学校把课后服务做实,安排老师辅导作业、开展一些素质活动,真正自愿参加,同时对不参加的孩子一视同仁。也希望经费和师资有保障,别让农村孩子落下。"
D2666C20524C08CEE0E6236BFD6C590F216AE90DE02A39FFA0EA7F38E6C0CEA4,关于农村小学课后服务落实与教师管理的诉求,"领导好,我是西部农村的一名学生家长。家里条件不好,人口多,大人文化不高,平时辅导孩子功课很吃力。暑假快结束了,我最担心开学后学校课后服务能不能真正办到位。现在政策要求学校提供课后服务,时间要衔接家长下班,内容要多样,还要有老师指导作业,但我们这里有些学校课后服务只是把孩子集中看管,不辅导功课,甚至变相收费,像我们这样的家庭负担不起。另外,以前听说过有在职老师在校外私自办补习班,现在校外学科培训少了,就怕个别老师把精力放到自己私下补课上,对不报班的孩子不公平。希望领导能督促学校把课后服务办好,真正让老师在校内指导孩子完成作业,不要额外收费,也加强对教师违规补课的监管,让我们农村孩子也能享受到公平有质量的教育。"
9C5DD7E547578B9D6E1B867B2C09C2AEC3C3EE61EB99D002BCA2BE064D7A9A9D,关于农村小学课后服务落实与规范的建议,"我是一名西部农村小学生的家长,家里经济条件一般,孩子多,平时辅导作业比较吃力。现在政策要求学校提供课后服务,每周五天、每天至少两小时,孩子自愿参加。但我们农村学校条件有限,我担心开学后课后服务要么落实不好,要么变成集体讲新课或变相补课,反而增加孩子负担和家长花费。孩子平时睡眠时间较长,我们也不想因为课后服务让孩子太晚回家。另外,以前也听说过有老师在校外办班、让自己班学生周末上课的情况,所以更担心课后服务被个别人利用成为补课渠道。希望领导能督促农村学校把课后服务真正办好,保证自愿参加,内容以作业辅导和文体活动为主,不额外收费,并加强师资和经费保障。同时请严查在职教师有偿补课,别让不补课的家庭吃亏,让我们家长能放心。"
491FB72143A6A39A4A5B2964D9B32756A66F94ADF2E71C561FFA001FB33F4991,关于农村孩子课后服务保障的诉求,"领导您好,我是一名农村小学生的家长。我家经济条件不太好,孩子一直在村里公办重点学校读书,我们也没钱给孩子报什么培训班。现在马上要开学了,政策要求学校有课后服务,每周五天每天两个多小时,我们很希望能让孩子参加,这样放学后能有老师辅导作业,我们家长也省心。但我们担心农村学校师资和经费不够,课后服务流于形式。另外,暑假期间我们家长也担心有违规补课的情况,怕孩子被落下。希望政府能多关心农村学校,把课后服务真正办好,让每个孩子都能公平享受,也请加强监管,别让违规补课破坏风气。谢谢领导。"
F545F52F0E89225E72B8743B5DCA1DBCFEE6CB4D6A44D39758023B68B3BD15B6,关于规范农村小学书面作业并加强课后服务的诉求,"领导您好,我是东部农村地区一名小学生家长。孩子就读公办小学,家庭经济条件一般。按现行规定,孩子这个年级原则上不布置书面家庭作业,但最近一个月,孩子每天仍有书面作业,有时写到较晚,我们家长辅导起来感到吃力。国家要求学校统筹作业总量、加强校内指导,还要完善课后服务。我们希望学校严格落实规定,不布置书面家庭作业,把作业辅导留在校内,同时提供自愿参加的课后服务,帮我们解决照看和辅导困难。农村学校条件有限,也请政府多支持督促,让孩子真正减负,家长也能安心。"
3CFB668BAF75001CD5786E2914219EF30A31AB05FFD969F62366BD13EDEA40E4,乡村小学书面作业未按规定减免问题,"领导您好,我是东部乡村一名小学生家长。最近一个月孩子仍有书面家庭作业,和当前年级原则上不布置书面作业的要求不符。家里经济条件一般,大人白天忙农活或打零工,晚上辅导作业确实吃力。孩子睡眠时间本来较长,现在有时为了作业要拖到很晚。我们这里学校师资不稳定、管理也不够规范,作业布置比较随意,担心新要求落实不到位。希望相关部门核查并督促学校严格执行作业管理规定,不布置书面家庭作业,同时利用课后服务让孩子在校内完成学习任务,减轻农村家长负担,也保证孩子有充足休息和活动时间。"
4B7EBB89C817D14E40EA90BB3BD3A8723741FCCC9B83B63AAAA96FE8DD7B971A,关于乡村小学书面作业问题的反映,"领导您好,我是一名乡村小学生的家长。我家孩子就读小学阶段,按道理这个年级是不应该布置书面家庭作业的,但我们发现这个月孩子的书面作业情况并不符合规定。我们担心学校可能还在布置书面作业或者作业量偏大,给孩子和家里都增加了不小负担。我们家庭经济条件一般,也没给孩子报校外培训班,就希望孩子在校内学好,回家能多点休息和活动时间。现在上面要求学校统筹作业总量、提高作业设计质量、加强校内指导,我们非常支持,希望领导能督促学校好好落实,核查作业布置情况,别再给低年级孩子布置书面家庭作业了。另外,乡村学校师资本来就很紧张,我们也希望课后服务能真正搞起来,让孩子在学校完成学习任务,减轻我们家长的辅导压力。恳请领导多关注我们乡村学校的情况,帮忙协调解决。谢谢。"
B1EA315C886239CAA07EC4E553B1BC8DDE2FF0435C9DF6FF96ED7B666937FFC4,关于规范小学书面作业、保障学生休息的诉求,"领导您好,我是东部乡村地区一名小学生的家长。孩子现在上小学,不是毕业班,平时睡眠比较充足。按照现行规定,这个年级原则上不布置书面家庭作业。但最近发现孩子本月的书面作业情况不符合规定,我们很担心会影响孩子的休息和睡眠。我们家经济条件有限,也没有给孩子报校外学科辅导,主要依靠学校教育。现在政策要求学校统筹作业总量和时长,加强课后服务,我们希望学校能严格落实。可是乡村学校师资紧张,课后服务可能比较薄弱,我们担心落实不到位。恳请领导关注一下,让教育部门核查学校作业布置情况,督促学校按规定来,保障孩子的休息和睡眠,同时也帮助乡村学校把课后服务做起来,减轻我们家长的负担。"
3904382EA6071DFC3B56AC2BA8A50B85F3A71423C58B2BAE07381C9FD87BCB3F,希望核实并规范孩子书面作业与课后服务安排,"领导您好。我家孩子在农村一所公办小学就读,目前不是毕业年级。按照孩子现在年级的规定,原则上不应该布置书面家庭作业,但最近一段时间孩子放学回家后仍有书面作业要完成,同时孩子本学期也参加了学校提供的课后服务。作为家长,我们文化水平有限,经济条件也不宽裕,既担心孩子书面作业负担和睡眠受到影响,也担心课后服务时间没有真正用于作业指导、阅读或文体活动,反而把书面任务带回家。希望有关部门能到学校核实一下作业安排和课后服务内容,督促学校严格落实分年级作业要求,统筹好课后服务与作业指导,让孩子回家后能有更多休息和自主阅读时间。我们不要求特殊照顾,只希望制度能落到实处。"
38146DECC8862604E273275BBC1208D83EC23ABDF5262CF7562DEF31FCECE0DA,关于规范小学作业布置及课后服务管理的请求,"我家孩子在乡镇公办小学就读,目前不是毕业年级。按照现行规定,孩子这个年级原则上不布置书面家庭作业,但本月我们观察到孩子仍有书面作业,与规定不符,具体作业量和完成时长学校没有说明,我们也不清楚是课后服务期间布置还是带回家完成。孩子参加了学校课后服务,但学校未公开每天两小时具体安排,我们担心课后服务被用来补课或写作业,没有开展有益活动,反而加重孩子负担,影响原本充足的睡眠。我们家庭经济条件有限,没有参加校外培训,只能依靠学校。希望相关部门核查该校作业布置和课后服务落实情况,督促严格执行分学段作业规范,公开课后服务内容,保障孩子休息和身心健康。"
D63091FA1DFAA344DC88D61C72FF6FE80C1C2AFCA129124EDF18E9DB23BC3869,乡村小学课后服务与低年级作业负担问题请求核查,"领导好。我家孩子在村里一所公办小学读低年级,这个月参加学校课后服务后,发现孩子书面作业情况仍不符合这个年级不该有书面家庭作业的规定,有时带回家写,有时在校内课后服务时间写,孩子回家偏晚,我们担心影响身体和学习兴趣。我们家庭经济条件一般,没有给孩子报校外学科班,现在校外培训也少了,学校就是孩子学习的主要依靠。希望领导核查我们这里小学课后服务的实际安排,是不是把课后服务变成了集中写作业或上课,没有真正落实作业减负。也希望能加强乡村学校师资和课后服务内容,让孩子在校内完成必要的巩固,回家有休息和活动时间。恳请相关部门协调处理。"
7393D23A187E3C2CA1926EA50B0207447A3A6AA6D24E6ADE94F5FC33D2D8AB4B,关于乡村小学生作业负担和课后服务实效的诉求,"领导您好,我是东部某乡村的一名小学生家长。孩子就读公办小学,目前不是升学衔接年级。家庭经济条件一般,一直希望孩子能顺利读大学。近期国家要求学校统筹作业总量、规范校外培训、完善课后服务,我们很支持。但根据这个月的观察,孩子书面作业情况似乎仍不符合该年级原则上不布置书面家庭作业的规定,我们担心作业负担影响孩子睡眠和成长。孩子本月参加了学校课后服务,每天时间也不短,但课后服务到底有没有帮助孩子完成作业、提升素质,我们心里没底。我们所在地区小学师资负担一直较重,也担心课后服务质量。希望领导能安排相关部门核查孩子学校作业布置和课后服务落实情况,督促学校真正减负,让我们农村孩子也能享受好的教育服务。谢谢。"
098276467ACB77E982F0ADD3E060026D26DF25D0D95F214C817BA860C9886136,关于农村小学暑假书面作业与减负要求不符的反映,"领导您好,我是东部农村的一名小学生家长。孩子低年级,不是毕业班。按政策,这个年级原则上不布置书面家庭作业,可这个暑假我发现孩子还是有书面作业任务,和减负要求对不上。我们家经济条件不好,以前也没给孩子报过学科补习班,只能指望学校。这个月孩子参加了学校的课后服务,时间不短,但书面作业问题还是让我们担心学校在变相增加负担。孩子平时睡眠充足,我们希望假期能让他多休息、多活动,而不是埋头赶作业。恳请领导核查农村学校暑假作业布置情况,督促落实低年级不布置书面作业的规定,同时让课后服务真正起到校内指导作业、减轻家庭负担的作用。"
3A92E3A6B9EF857445352CF43DCF4CC2EFAD4FA82930B57C3D1DAAD991BA8404,关于小学暑期书面作业超出规定的反映,"领导您好。我是一名小学生家长,家住农村。孩子目前在公办小学就读,不属于升学衔接年级。按照学校对应年级的规定,原则上不布置书面家庭作业,但最近我发现孩子本月仍有书面作业,完成时间也偏长,这与规定不太相符,孩子暑假没能好好休息。这个月孩子参加了学校的课后服务,每天时间不短,可书面作业负担仍然存在,我们家长文化程度有限,辅导起来很吃力,也担心长期这样影响孩子学习兴趣和身体。希望相关部门能核查学校是否存在违规布置书面作业的情况,督促学校真正落实作业管理要求,把作业指导和课后服务衔接好,让孩子能在校内完成该做的事情,减轻农村家庭的负担。谢谢。"
95257800770CD65F4B77DC69A2211FCADEF71709AF5787E7601ABE004A4234CC,关于乡村小学课后服务质量与作业负担的诉求,"领导您好,我家孩子在村里公办小学读书,这个暑假参加了学校课后服务,但我们心里不踏实。一方面,按政策孩子这个年级是不该有书面家庭作业的,但这个月孩子书面作业情况并没有达到这个要求,我们担心学校仍然变相布置作业,加重了孩子负担。另一方面,我们村学校老师少、负担重,以前也听过师资不稳定的情况,课后服务每天两个小时,我们怕只是把孩子看管起来,没有真正辅导和活动,反而浪费时间。我们家庭条件一般,没给孩子报外面的培训班,就指望学校课后服务能有点质量。希望领导能核查一下我们这里学校课后服务和作业管理的情况,督促学校落实减负规定,给乡村学校配足师资,让课后服务内容更丰富,别让我们家长又花钱又操心。"
F2AC0AA8E7331B3679169386E9C75C0135DC0B18BC43022B0B29FD5F712FF572,关注乡村小学课后服务与作业管理问题,"尊敬的领导,我是某乡村小学学生家长。孩子这个月参加了学校的课后服务,我们很感谢。但我们也有些担忧。孩子就读的学校条件一般,家庭经济也不宽裕,校外培训基本没有参加,所以更依赖学校的课后服务。可我们发现孩子这个月的书面作业情况与年级的规定不太相符,我们担心作业负担没有真正减下来。另外,课后服务虽然参加了,但担心学校师资紧张,内容不够丰富,孩子回家也说不清具体干了什么。我们希望领导能关注一下乡村学校的课后服务和作业管理,帮助学校配足师资,多安排些有益的活动,让课后服务真正成为我们放心、孩子喜欢的地方。这样我们家长也能安心。谢谢。"
7BAD6922E11E78920EE50CC1E353074AE50B78AE9B4DA3E20CED257C9B4E2D32,关于暑期农村小学生作业负担和课后服务的诉求,"领导好,我是东部农村一名小学生的家长。家里经济条件一般,孩子平时睡眠比较充足,我们盼着孩子以后能考上大学。现在放暑假,孩子参加了学校的课后服务,但我发现这个月孩子的书面作业情况不符合现在年级“原则上不布置书面家庭作业”的规定,虽然没细算写了多少,但明显感到作业压力还在。我们农村家庭没有能力给孩子报校外辅导班,现在外面学科培训班也少了,学校课后服务成了孩子最主要的学习和看护场所。希望领导能督促学校严格执行作业管理规定,在课后服务时间里做好作业指导,丰富阅读、体育和兴趣活动,别把书面作业带回家。孩子还在长身体,不想因为作业影响休息。谢谢。"
EAFF6319B295666892864090B3E944ADF2C608A67384664DDA344EF49D349AFC,关于乡村小学书面作业与课后服务管理的诉求,"领导您好,我是东部乡村一名小学生家长。按现行规定,孩子所在年级原则上不布置书面家庭作业,但本月孩子仍有书面作业,作业时长和内容没有向我们说明,我们担心学校没有真正落实减负要求。孩子睡眠时间一直较长,我们很怕因作业增加挤占休息和活动时间。我们家庭经济条件有限,没有给孩子报校外培训,学校课后服务我们也参加了,但希望能把课后时间真正用在多样活动、阅读和答疑上,而不是变成集中写作业或变相补课。乡村学校师资和管理本来就有不稳定、老化的问题,我们恳请相关部门核查学校作业布置和课后服务开展情况,督促学校严格执行作业总量和时长规定,提高作业设计质量,加强课后服务内容监管,保障孩子身心健康。"
EC0DA799C5F126DB9994D5934A804D8CFB793612B9C650DECFD13AACB6B89CDC,关于假期托管变相布置作业和课后服务质量的诉求,"我家孩子在村里小学读书,按照他现在年级的要求,平时是不布置书面家庭作业的。但这个暑假学校办托管,孩子参加了,每天回来还是有书面作业要写。我们也不清楚是学校统一布置的还是老师个人的做法,只是觉得孩子负担没减下来。家里经济条件一般,没有多余的钱报外面的班,就指望学校能把孩子管好教好。可农村学校老师本来就紧张,托管班基本就是让孩子坐着写作业,没什么像样的活动。希望领导能核查一下学校假期托管期间有没有变相布置书面作业,督促落实减负要求,同时加大对农村学校课后服务的投入和指导,增加老师配备,让课后服务内容更丰富一些,别让好政策到我们这里走了样。"
1ABE0FB0E21603108A791FE0F696C77A69801FAF6B10852C4D13A12EF9FBE79A,关于农村小学作业管理落实的诉求,"领导您好,我家孩子就读于农村公办小学,家庭经济条件一般。最近了解到孩子本月书面作业情况与年级规定不符,我们担心学校可能存在布置书面家庭作业的情况。家里条件有限,如果作业负担加重,会影响孩子休息。希望教育部门能否核查一下学校作业布置,督促严格落实不布置书面作业的规范。另外,孩子目前参加课后服务,但也希望内容能更丰富,帮助孩子在校内完成学习,减轻家庭辅导压力。谢谢!"
C637FDD817D8C2CA5FD23DE0BDAAE6CBFAA996164B074808E82DF967BE4EF61D,关于低年级暑假作业负担及课后服务内容的诉求,"领导您好,我家孩子在东部乡村一所公办小学读低年级,家庭经济条件一般,没有参加校外学科培训。按现有规定,这个年级原则上不布置书面家庭作业。可这个暑假,孩子参加学校课后服务期间,书面作业情况明显与规定不符,我们担心作业量过多、时间过长,影响孩子休息和健康成长。孩子平时睡眠时间一直比较充足,我们也不希望假期被书面作业占满。同时,课后服务本应自愿、多样,但我们担心服务内容偏重书面练习,缺少阅读、体育、劳动等拓展活动。希望政府能督促学校严格落实低年级作业管理要求,统筹控制暑假书面作业总量,规范课后服务内容,加强作业指导,让孩子度过一个轻松有意义的假期。我们也希望学校能提供更丰富的非书面学习活动,帮助孩子全面发展。"
9F23B1B2CE05DB7076CC8D0272738DE3BC26A167B21AF7B78BBA67376BB3FA75,关于乡村小学课后服务与作业管理的担忧和请求,"领导好,我是东部乡村一名小学生的家长。孩子目前不是毕业年级,学校平时也有课后服务,这个月我让孩子参加了。可最近发现孩子回家后还有书面作业,按孩子所在年级的既有规定,原本是不该有书面家庭作业的。我不清楚这是学校额外布置的,还是课后服务时间里没有完成本该在校内解决的作业,但这样下去,课后服务可能变成变相加课或延长作业时间。我们家经济条件一般,没有报过学科类培训班,就盼着学校能把孩子教好、管好。之前也听同省一些家长反映过,农村学校软件建设跟不上,师资不稳定,课后服务质量参差不齐,我很担心孩子得到的课后服务只是延长了在校时间,而不是真正帮助成长。希望领导能督促学校严格执行作业管理规定,核实课后服务内容,别让书面作业悄悄回到家里,也请多关注乡村学校的师资和课后服务保障,让农村孩子真正享受到减压提质的好处。"
D62E518F721A079526069CC0BD21378116CACF91968C16F9F47EB78C8F26284C,关于农村小学课后服务与作业管理的诉求,"我家在东部一个乡村,孩子上小学,家庭条件一般。这个月孩子参加了学校的课后服务,我们感觉学校有在按要求提供托管,但具体内容和质量还不太清楚。最近孩子书面作业的情况让我有点担心,因为按孩子年级的规定,原则上不布置书面家庭作业,可这个月却出现了书面任务,虽然不清楚是学校统一布置还是其他原因,但总觉得不太踏实。我们这里学校不是重点,师资力量也比较紧张,我们担心课后服务只是简单看管,没有真正辅导作业或开展活动,反而让孩子在学校待得更久,回家还是得写东西。我们家庭收入不高,也没能力去外面参加培训,只能依靠学校。希望领导能督促相关部门核查学校课后服务的实际开展情况,以及书面作业管理是否落实到位,帮助农村学校增加师资和课程资源,让课后服务真正减轻孩子和家长的负担。"
357063ECD0D0885C7E3355BD6D1FFB7AF121A8C1E4FB353B589058788F56710C,关于乡村小学暑假课后服务与作业管理的诉求,"我孩子目前在乡村公办小学就读,暑假期间参加了学校组织的课后服务。但作为家长,我注意到本月孩子的书面作业情况与现行年级规范不符,很担心学校把课后服务时间用来布置或讲解书面作业,增加孩子负担。我们家庭经济条件有限,无法通过校外培训弥补,更加依赖学校提供高质量的服务。可是本地学校师资力量比较紧张,课后服务每天时间不短,我担心老师照看不周、内容单一,甚至变成集体补课。希望教育部门能核实我们学校课后服务实际开展情况,督促学校严格落实作业管理要求,合理安排课后服务内容,并在师资和经费上给予农村学校更多支持。"
09C97F07EFDD3BDE1D3ED42E2C3E082A41B4A5C5CDB4BAD50ABFFDF795E73378,关于小学课后服务内容与质量的建议,"领导好,我是一名小学生的家长。我们两口子都要上班,暑假眼看快结束,最发愁的就是开学后孩子放学早、没人接,而且我们文化水平有限,辅导作业很吃力。听说现在学校要搞课后服务,自愿参加,时间衔接,这是好事。但我们担心学校课后服务只是看着孩子写作业或放羊,没有真正帮到学业,也怕变相收费或者强制参加。我们家孩子本来书面作业就很少,符合规定,但回家后我们不会教,孩子学习习惯也难养成。希望政府能督促学校把课后服务做实,提供作业辅导、阅读、体育等活动,真正解决双职工家庭的照护和辅导困难,同时明确自愿和收费规范,让我们放心。谢谢。"
EFBAEBF7BFC5175F22C8E5C4EC30A0BC0DE4ECB8BC8E3A1E84AEB50030D573F8,关于普通小学课后服务落实的请求,"领导您好,我家孩子在县城一所普通公办小学读书,我们夫妻都在上班,每天下午放学时间比较早,接孩子一直很吃力。最近听说学校要完善课后服务,我们特别希望这项好政策能真正落到实处,让我们这样的双职工家庭可以自愿选择参加,时间能衔接上下班,内容不只是简单看管,最好能有作业指导、阅读或者文体活动。孩子目前书面作业量符合规定,但我们担心如果课后服务只是把作业带回家,辅导压力还是很大。另外,也想请领导关注一下,我们这种非重点学校在师资和经费上能不能得到保障,别让课后服务因为学校条件一般就缩水,让孩子也能公平享受到有质量的服务。"
73DF8255EBCE48120693E4CA1984B7FC7CE164493482C69BAFF7ED3C92244EE8,关于完善小学课后服务、减轻双职工家庭负担的请求,"领导您好。我家孩子在城镇一所普通公办小学就读,不是升学衔接年级。孩子睡眠一直比较充足,我们家长也期望他能考上大学。但我和孩子妈妈都上班,文化程度不高,辅导学习很吃力。暑假看到有政策要求学校完善课后服务、加强作业指导,我们特别期待。新学期马上就要开始,希望学校能真正把课后服务办起来,放学时间能和我们下班时间衔接上,最好能安排老师指导孩子完成作业,再有些阅读、体育或者兴趣活动。我们这所学校不是重点示范校,之前听说有的学校活动场地紧张、师资也缺,所以很担心课后服务落不了地,或者只是看管写作业。学校离我家不远,接送不难,就是下班晚,老人又不在身边,孩子一个人在家不放心。希望政府能保障好普通学校的经费和师资,让每个孩子都能享受到公平、有质量的课后服务,也让双职工家庭能安心工作。"
3004FB36B70538CFEDFCE996F67DAB73333F0FD15792CFFC66BB89D86581BD97,"请督促学校落实课后服务和作业统筹,缓解双职工家庭压力","尊敬的领导,我是西部城镇的一名小学生家长。孩子就读公办小学,我们夫妻双方都在工作,家庭时间比较紧。暑假快结束了,看到现在有新的要求,学校要统筹作业总量,还要完善课后服务。我们很支持,但也担心学校能不能真正落实。我们这附近学校不多,师资也比较紧张,怕课后服务只是走个形式,时间上也未必能跟我们的下班时间衔接上。孩子马上要开学,我们希望领导能督促有关部门和学校,把课后服务的时间、内容和保障措施明确下来,尽量自愿、多样化,作业方面也请统筹好,减轻家长的辅导负担。谢谢。"
C5540541318097844B28E3AA07D2ABFAADB9BC9424C56D965B0A6361B8B44824,"希望加强小学课后服务内容质量,解决双职工家庭后顾之忧","我的孩子在公办小学读低年级,按政策这个年级不布置书面家庭作业。我们两口子文化水平不高,白天都要上班,家里老人也不在身边,孩子放学后没人管。现在孩子参加了学校课后服务,每天到五点多,但我们心里不踏实,不知道这两个小时孩子是干坐着还是有人带着学点东西。我们希望课后服务不要只是简单看管,而是能安排老师带着孩子读读书、练练字、做做手工或者开展体育锻炼,尤其是能帮助孩子巩固课堂知识,养成好的学习习惯。我们经济条件还可以,但不想让孩子去外面补课,就希望学校的课后服务能更丰富、更有质量。请领导重视课后服务的师资和内容安排,别让课后服务变成混时间,真正帮我们这样的双职工家庭解决后顾之忧。"
B9C13BE947F6FF8CAC3E55E2AB6BC0259097ED3F19BDC6C02C6EAE3238A4219F,关于提升学校课后服务质量的建议,"领导好!我家孩子在公办小学读非毕业年级,学校离家近,平时作业不多,睡眠也足。我们两口子都上班,文化程度不高,辅导孩子学习有些吃力。现在校外学科培训少了,我们也没给孩子报过班,更希望孩子在学校能学好。孩子目前参加了学校的课后服务,每天两小时左右,但我们担心课后服务更多是看着孩子,缺少老师有针对性的作业辅导和答疑,也没多少兴趣活动。孩子正是打基础的时候,课后时间如果能利用好,对学习帮助很大。希望政府能督促学校把课后服务做实,增加作业指导、阅读、文体等内容,尤其照顾我们这样家长辅导能力弱的家庭,让非重点学校的孩子也能享受到有质量的课后服务,真正解决家长后顾之忧。"
0D1205FD6A7B65CAD65BA44072CAA9FA64B141AC9309CDDC9AC4401B94BBBAC4,关于优化小学课后服务时间与内容缓解双职工接送难题的请求,"领导您好,我是西部城镇一名小学生的家长。孩子就读公办小学,家离学校不远,但我们夫妻都要上班,下午放学和下班时间衔接不上。孩子目前在参加学校课后服务,书面作业也不多,这让我们稍感轻松。可我们担心新学期课后服务结束时间偏早、内容比较单一,更多是集中看管,没法真正解决接送和课后成长需求。现在校外学科培训收缩,我们也不希望孩子再去外面补习,更寄希望于学校课后服务能提供作业辅导、阅读、体育或兴趣活动。请求县里重视课后服务的实际时长、质量与自愿性,督促学校结合家长下班时间合理弹性延长,丰富活动,别让课后服务流于形式,也别变成变相补课。这样我们双职工家庭才能安心工作,孩子也能获得更好成长。"
7D29A95D02E2A7618C162E4A8F880515CDA244C7936FD53C402B4FF59DA8819C,关于提升普通公办小学课后服务质量的诉求,"领导您好。我是一名小学生家长,孩子在一所公办非重点小学就读。我们夫妻都要上班,文化程度不高,辅导孩子学习有困难。这个月孩子参加了学校课后服务,但我们担心孩子所在学校的课后服务可能只是简单看管,内容比较单一。毕竟不是重点学校,资源可能有限,我们更希望课后服务能真正起到作用,比如安排老师辅导作业、组织一些兴趣活动,而不是让孩子白白耗时间。现在作业又减少了,我们很担心孩子的学业基础。请求领导关注我们这类普通学校的课后服务质量,督促学校丰富内容,并给学校必要的师资和经费支持,让我们这样的普通家庭也能公平享受到好政策。谢谢。"
687DCA4CC81E56318388D1B392668495C04EF0BA918E5C520E0B1410CE298A70,关于提升学校暑期课后服务质量的诉求,"孩子今年暑假参加了学校的课后服务,我们家长白天都要上班,学校能提供这项服务确实解决了看护难题。但我们对服务质量有些担忧,听说有的地方课后服务只是让孩子自己写作业或看电视,我们怕自己孩子学校也是这样。我们希望领导能关注一下,督促学校把课后服务真正丰富起来,比如多安排体育活动、手工制作、阅读指导等内容,不要变成简单的看管。同时,我们也不希望孩子在假期还要被变相补课,增加学习负担。孩子平时睡眠时间比较充足,我们担心课后服务安排不合理会影响休息。请领导帮助推动学校落实政策要求,让课后服务内容多样、时间合理,我们家长才能放心。"
B7A96B4CC0ED979C0187D0AF0B1DC7E872DFF9D2052991F6BCFC000FA8124811,希望学校课后服务能真正解决双职工家庭后顾之忧,"领导好,我们夫妻都在上班,孩子上小学,学校离家近,平时接送不算太困难。现在暑假孩子也在参加学校的课后服务,我们很支持,但心里有些顾虑。学校不是重点学校,资源有限,我们担心课后服务只是简单看管,不能帮助孩子完成作业或者开展一些有益的活动。我们家长文化程度不高,辅导作业吃力,希望学校能在课后服务里加强作业指导,同时多安排一些体育、阅读、兴趣活动,不要变成变相补课。也请领导关心一下课后服务的师资和经费,让老师有精力把服务做好,真正解决我们双职工家庭的时间衔接问题,让孩子在学校安全、有意义地度过课后时间。"
CF20648D0319A238E7786228174EF0D7F30D4876B3E8B3A2772CBE8C5BF7B5F4,关于暑假学校课后服务质量和双职工看护问题的留言,"领导好,我是一名小学生的家长,家在县城,我和孩子爸爸都要上班,暑假孩子没人管,学校开了课后服务我们就报名了,这个月都让孩子去。但我们心里不踏实,担心普通学校条件跟不上,老师不够,活动场地有限,课后服务就是单纯看管,孩子学不到东西。我们家孩子平时学校不布置书面作业,我们文化不高,也辅导不了,现在外面培训班少了,更怕孩子假期荒废。希望政府能督促学校把课后服务办好,多安排些体育、阅读、兴趣活动,保障师资和场地,让孩子暑假有地方去、有东西学,我们家长也能安心工作。谢谢领导。"
F33A37CD7A5DFB3CF60DBA95F4580BE681D6950CFDCC2D152F88B80BCA4760BC,关于提升学校课后服务质量的建议,"您好。我家孩子正在上小学,这个月参加了学校的课后服务。作为家长,我们文化程度不高,辅导孩子学习有些吃力,因此很看重学校课后服务的质量。现在政策要求学校提供内容多样的课后服务,孩子也自愿参加,但我们担心实际内容是否能帮助孩子巩固知识、培养兴趣,而不是简单看管。希望政府能加强对课后服务的师资和课程资源保障,做好质量监管,让家长放心。谢谢。"
7CF63D1A3EFE590190397A05152532B8F2AB8BF88F5303E5468906DDC1AE42F9,关于优化小学课后服务内容的建议,"我是西部城镇的一名小学生家长。孩子平时参加学校课后服务,每天两个小时左右。我们夫妻文化程度不高,都在上班,辅导孩子学习很吃力。现在校外学科培训少了,孩子学习主要靠学校。我们希望课后服务不要只是看护,而是能安排老师进行作业答疑、基础巩固和阅读等,把时间真正利用起来。孩子还小,学习习惯和基础很重要,学校老师更专业,希望能多给孩子一些有针对性的指导。同时,课后服务内容能否定期向家长公开,让我们放心。谢谢领导关心。"
8BC22B915EE6F700215BD4E013B56264888F586B5210604B9D97FC955C4A30EE,关于学校课后服务内容与质量的诉求,"领导好。我家孩子上小学,我们夫妻俩都在上班,家在西部城镇。这个暑假孩子参加了学校的课后服务,确实帮我们解决了看管问题。但我们心里还是不踏实:学校不是重点学校,课后服务的内容到底有没有人管?会不会只是把孩子圈在教室里,活动少、内容单一?我们文化水平不高,辅导孩子作业力不从心,也希望课后服务能真正有老师带着孩子阅读、运动、发展兴趣,而不是简单看管。现在校外学科培训也少了,我们没给孩子报班,对学校的依赖更大了。希望政府能加强对学校课后服务的指导和监督,保障师资和经费,把自愿参加、内容丰富、时间衔接真正落到实处,也明确收费规范,别让家长增加负担。马上要开学了,请领导关注一下下学期课后服务的安排和质量,让我们双职工家庭能安心工作,孩子也能健康成长。"
05EC99B811BA3CBA54C931D656BA4DAF3B981A59F33B1C689B15606C7CCDA853,关于暑假学校课后服务内容与孩子活动保障的诉求,"我是一名小学生家长。孩子目前在参加学校的课后服务,我们两口子都在上班,暑假确实需要学校帮看管,这一点很感谢。但我想反映一下,现在的课后服务时间每天不少于两个小时,孩子年纪小,如果只是坐在教室里写作业或者看管,担心假期得不到充分休息和活动。我们家长文化水平不高,也没给孩子报过外面的学科培训,希望孩子在学校能多接触一些阅读、体育、兴趣类的内容,而不是把课后服务变成补课。另外,我也担心学校场地有限,孩子户外活动空间不够,暑假天气热,如果户外安排不足,孩子一整天在教室也难受。请领导督促学校把自愿参加和内容多样真正落实到位,保障孩子的休息和户外活动时间,也希望能统筹改善学校活动场所,让孩子假期过得健康一些。"
CCD396CC449CDBBE8A373674B38D89A1683483CC57EDFFCA9D61A4DCDE70F7D9,关于丰富小学课后服务内容的建议,"领导您好,我是本地一名小学生家长。我和孩子爸爸都在上班,孩子上小学,暑假参加了学校的课后服务,学校离家近,接送方便。但我们担心课后服务可能偏重看管,学业辅导和兴趣活动不够。我们夫妻文化程度不高,辅导不了作业,现在外面培训班也少了,希望学校能在课后服务里加强作业辅导,安排一些阅读、体育、手工等有益活动,让孩子不仅能安全待着,还能学到东西。恳请领导关注我们双职工家庭的实际困难,督促学校优化课后服务内容,让政策真正惠及普通家庭。谢谢。"
6E62770A7BE23D81800132FD5F50CDBD59CCDF43325A28B6412280101AF962CD,关于提升小学课后服务质量的建议,"领导您好,我是一名小学生家长,孩子就读于公办小学,目前参加了学校提供的课后服务。按政策要求,课后服务每天不少于两小时,我们也很支持。但作为家长,我有些担忧:孩子所在年级原则上不布置书面家庭作业,课后服务时间如果只是简单看管,孩子回家后既没有作业巩固,我们家长学历有限也无力辅导,长期可能影响学习习惯培养。同时,现在校外学科培训大幅减少,我们希望学校课后服务能真正内容丰富、有质量,比如增加阅读指导、兴趣拓展、学习方法训练等,而不是单纯耗时间。恳请领导关注课后服务的实际落实,督促学校提升服务内容和管理水平,并保障师资和经费,让孩子在校内就能获得有益成长的支持,缓解我们双职工家庭的照护压力和后顾之忧。"
3FF9D712B6C211079A95883294CC43BC3206CF3AAE06D3A554E94B8957D8A955,关于提升小学课后服务质量、解决双职工家庭后顾之忧的建议,"领导您好,我是一名小学生家长,孩子就读于我们这里的一所公办小学。马上要开学了,我们夫妻都要上班,家里老人帮不上忙,最发愁的就是放学后孩子没人管。学校提供了课后服务,孩子也参加了,确实解决了接送难题,但我们心里不踏实:课后服务这两个小时到底做了什么?我们家长文化水平不高,辅导不了作业,就希望学校能利用课后服务时间,真正给孩子进行作业指导、答疑解惑,开展一些阅读、体育、科技类的活动,而不是简单看管。现在低年级书面家庭作业少了,我们支持,但孩子回家后如果没有巩固,学习会不会跟不上?我们也不指望校外培训班了,就希望学校的课后服务能更扎实一些。恳请领导关注我们这里小学课后服务的实际质量,督促学校把好事办好,让我们家长安心上班,孩子健康成长。"
2A674D45DFD24D86C0A7B09A62F0C5503E66871444E22CCA8DEECB319FEE1322,关于丰富学校课后服务内容和活动场地的建议,"领导好。我是西部城镇一名小学生的家长,孩子就读公办学校,不是重点学校,离家近。我们夫妻双方都要上班,家里经济条件尚可,但我们俩文化程度不高,辅导孩子学习比较吃力。这个暑假孩子参加了学校的课后服务,我们很感激解决了看护问题。但现在孩子年级原则上不布置书面家庭作业,我们担心课后服务只是把孩子集中看管,没有实际的体育锻炼、阅读或兴趣活动。我们这边学校数量少,场地有限,以前也听说过有的学校活动空间被占用,孩子课间活动都受限。希望领导能督促学校在课后服务时间里真正安排一些有益身心的活动,哪怕就是让孩子在操场上跑跑跳跳、看看课外书,也比一直坐在教室强。我们家长文化不高,只希望孩子在学校能安全、健康,还能有点收获。"
1F34F97CEFBBD0427D14ED9F744B1E6800CDA90CD4E506CF1B1865BD5949AAE2,关于提升小学课后服务质量的建议,"领导您好,我是一名小学生的家长。我们夫妻双方都要上班,孩子放学后的看护和学习一直比较操心。现在学校有课后服务,孩子这个月也在参加,我们很感激。但我们也有些担心,因为我们孩子就读的学校不是重点学校,资源相对有限,课后服务能不能真正做到内容丰富、有老师指导,而不是简单看管?另外,按照现在的规定,低年级原则上不布置书面家庭作业,我们文化程度不高,辅导孩子有些吃力,既怕作业太少基础不牢,又怕课后服务不能补上这个缺口。希望领导能督促学校把课后服务做实做好,加强师资和经费保障,让孩子在学校能学有所获,也让我们家长安心工作。"
ADBEFDA93F0706BAF763A957A5749E1ACA512508FE357E25930EE7A18F473A1E,关于低年级暑假书面作业与课后服务的诉求,"我是一名小学低年级学生家长。最近发现孩子本月(暑假期间)仍有书面作业需要完成,这与低年级原则上不布置书面家庭作业的既有要求不一致,也让我们感到比较焦虑。我和爱人平时都要上班,家里同住人口多但能辅导孩子作业的人手有限,时间安排也比较紧张,很难陪孩子完成这些书面任务。同时,我们担心书面作业挤占孩子睡眠和户外活动时间,不利于身心健康发展。我们了解到近期政策强调要统筹作业总量、提高作业设计质量,并完善课后服务。因此,恳请领导关注此类现象,帮助核实并督促学校严格落实低年级作业管理规定,合理安排假期学习任务;也希望新学期学校能提供自愿参与、内容丰富的课后服务,让孩子尽量在校内完成学习任务,减轻双职工家庭的辅导压力,保障孩子有充足的休息和活动时间。"
F27E68970A2C4C4CF262A8914B4F199EA4F36CF7AC1FEF5D63BFE9EB326DD8B1,关于落实小学作业规范和课后服务的诉求,"领导好,我是一名小学生家长。孩子上小学,我们两口子都在上班,家里人多,时间上确实顾不过来,经济条件也一般。这个月发现孩子的书面作业情况不符合孩子所在年级原则上不布置书面家庭作业的规定,我们很担心作业负担会反弹,影响孩子休息和兴趣。平时我们没精力辅导,希望学校能严格按照要求统筹作业总量,少布置机械重复的书面作业,多安排些有质量的练习。也希望课后服务能真正自愿参加、内容丰富,帮我们把作业辅导和照看问题解决一下,别让课后服务变成变相补课。另外,我们家长私下也担心有些老师会把精力放在校外辅导班上,对不去的学生不闻不问,希望有关部门能加强对教师参与校外培训的监管,让老师把心思放回课堂。孩子现在睡眠时间还算够,如果作业一多,晚上又得熬夜,希望领导能督促学校把这些规定落到实处,让孩子轻松一点,家长也能安心工作。"
6253ADE6DAF67A1BE0AA93BB2ED184F296B0D1F046E2E415614E98AA0C323163,关于减轻小学生作业负担和落实课后服务的请求,"领导您好,我是一名小学生家长,孩子现在上小学,不是毕业班。我们家庭条件一般,我和孩子爸爸都要上班,每天时间很紧,辅导作业比较吃力。最近我们了解到,按照现在的规范,孩子这个年级原则上不应该布置书面家庭作业,但孩子这个月似乎还有书面作业,和规定不太一致。我们担心开学以后作业会更多,孩子晚上写太晚,影响休息,也影响学习兴趣。以前也听说过有些老师在校外办班,对不去的学生不闻不问,我们很害怕这种情况发生。希望领导能督促学校严格落实作业管理规定,控制书面作业总量和时长,尽量让孩子在学校完成作业或得到老师指导。同时希望学校的课后服务能真正办起来,让孩子放学后有人管、有活动,解决我们双职工家庭接孩子和辅导的困难。谢谢。"
D8DD346B7D62211524C7287754510172A3548B657576F1760923CDBA8E9ECEE5,请督促落实小学书面作业减负规定,"我是小学家长,孩子暑假期间仍有一定书面作业,感觉和现在减负的要求不太相符。我们两口子都在上班,家里人多但能辅导的时间很少,担心作业最终变成家长的任务。现在新政策出来了,我们本来盼着能真正减负,但眼下孩子还是没能完全轻松下来。希望领导能督促学校严格落实小学阶段的作业管理规定,尤其别在假期布置变相书面作业,也别把辅导责任都推给家长。马上要开学了,我们更担心作业负担反弹,请政府加强监督和问责。"
486F01A91C8D40DB562289F93D7AB58848376287C086097F519F11341020EB2F,关于提升小学课后服务质量与学习指导的诉求,"我家孩子现在上小学,这个月参加了学校的课后服务,每天到点接,确实帮我们双职工家庭解决了看护难题。但作为家长,我们更希望课后服务不只是把孩子看住,而是能在不增加书面家庭作业的前提下,提供有质量的学习巩固和兴趣引导。孩子作业目前符合年级规定,但回家后我们因为工作忙、文化程度有限,很难再辅导。现在外面的学科培训也少了,家庭经济条件一般,难以负担高价补课。希望领导能督促学校优化课后服务内容,比如安排老师指导学生复习当天知识、开展阅读或动手活动,并保障师资和经费,让课后服务真正成为家长放心的校内托管。"
DCFDE3ACBFC300DEEBC7358CB8399FF668E5C5337261024659137CFCA5DC4787,关于完善学校课后服务作业辅导与内容的请求,"我们家父母都要上班,平时接送和照看孩子压力很大,学校课后服务对我们家特别重要。孩子这个月也参加了学校课后服务,但现在最担心的是春季开学后课后服务会不会还是简单地集中看管,老师对作业指导不上心,活动内容也比较单一。我们家长文化程度不高,晚上辅导孩子有些吃力,家里收入也一般,请不起校外辅导。希望领导能督促学校把课后服务做扎实,安排老师指导孩子完成当天的学习任务,再适当安排阅读、体育或兴趣活动,而不是让孩子干坐着等放学。同时也请关注课后服务中是否存在老师不认真、甚至引导孩子到校外补课的问题。我们不想增加孩子和家里的负担,只希望孩子在学校课后服务里能得到实实在在的帮助。"
FBC15F2E59D207F9E009EEEC40A11D2CB96F0FF2DEA21BD9E78FF0794B743791,"双职工家庭盼课后服务真正减负,别让作业负担反弹","我们是双职工家庭,平时下班晚,家里能辅导孩子的时间很有限。现在孩子在学校参加课后服务,这个月作业量倒是符合要求,但我们心里还是不踏实。快开学了,最担心的是课后服务和作业管理能不能一直保持下去。以前听同省一些家长反映,有的学校作业超量,有的老师心思放在校外补课上,对不参加的孩子另眼相待。我们这种普通家庭没条件上培训班,更怕校内该做的不做实。希望领导能督促学校把课后服务真正利用好,帮孩子在校内完成作业、做些有益活动,别让家长回来还要从头教;同时严格监督作业总量和教师从教行为,别让政策一阵风过去又回到老样子。"
511F4305361DED250E8A92C961C3E55800ACD94CD831AF2D1CE6D547D677C21E,关于提升学校课后服务质量与监督的建议,"我家孩子上小学,今年春季开学后参加了学校的课后服务,每天在学校多待两个小时左右。我们夫妻都在外上班,家里老人也帮不上太多,课后服务确实解决了接孩子的难题。但我有些担心,课后服务虽然时间够了,活动内容是不是丰富?会不会只是把孩子圈在教室里写作业或者变相上课?孩子正处在长身体、培养兴趣的阶段,如果课后服务变成另一种负担,那就不符合政策初衷了。目前我们了解到书面作业方面是符合要求的,但希望课后服务时间不要被用来布置额外任务,而是多开展体育、艺术、阅读、科普等活动。另外,作为家长,我们想了解课后服务具体安排,但缺少方便的反馈渠道。希望政府能加强对学校课后服务的检查和指导,公开监督方式,让我们家长能及时反映问题,共同把孩子课后时间用好。谢谢。"
81422C222BC47020F763DE92D2F56EE851F8D03BA2145F8E156AC58F578183D6,关于保障小学暑期课后服务质量与经费的建议,"我们是双职工家庭,经济条件一般,老人又帮不上忙,暑假孩子看护一直是个难题。这个月孩子参加了学校组织的课后服务,每天两个小时,确实解决了我们白天上班的后顾之忧。但我们有些担心,目前课后服务更多只是把孩子集中看管,内容比较单一,缺少阅读、体育、兴趣活动这些孩子真正需要的安排。我们家庭没有能力给孩子报校外培训班,如果学校课后服务只是看管,那孩子暑假大部分时间还是空耗,对成长帮助有限。希望政府能加大投入,保障课后服务的师资和经费,丰富服务内容,让普通家庭的孩子也能过一个安全、有收获的暑假。"
2124D8DD43B31EAA4D48DDB6F7C8EC447B71C7C6E5AB1BB404EEE310D66460B1,关于开学后课后服务与作业负担的担忧,"领导好,我是一名小学生家长。我们夫妻都在上班,家里老人帮衬有限,时间很紧。孩子目前参加了学校课后服务,暑假快结束了,我担心开学后学校课后服务流于形式,要么变成集体上课,要么布置更多书面作业。我们家经济条件一般,从没给孩子报过校外文化课补习,就盼着课后服务能让孩子在校内完成作业、参加一些文体活动。以前听说有老师对没上自己补习班的孩子不上心,也有低年级孩子作业写到很晚,影响休息。我家孩子现在睡眠还算充足,希望开学后也能保持。恳请领导督促学校严格落实作业总量和课后服务要求,加强校内作业指导,别让课后服务变成补课,也别把批改辅导任务都压给家长。我们只希望孩子健康快乐学习,大人也能安心工作。"
68C881C300396AE398B5BD301BD8011565DE46917EED27452E76B43C47880F6A,关于小学课后服务质量和减负的建议,"领导好,我是一名普通小学生的家长。我们家长都在上班,家里人口多,每天接送和辅导确实吃力。这个月孩子参加了学校课后服务,学校说每天不少于两小时,我们很欢迎,但也担心开学后课后服务只是简单集中看管,或者变成变相补课、额外加作业。以前也听说过有老师把心思放在校外补课、对校内学生不负责的情况,现在校外培训管得严了,我们更希望学校能把课后服务真正用好。孩子睡眠一直比较充足,不想因为课后服务安排不当反而增加负担。恳请领导督促学校丰富课后服务内容,多安排作业辅导、阅读、体育活动,保障老师经费和待遇,别让服务流于形式,也别把辅导任务又全推给家长。谢谢。"
D4DEA85212E8F288992C9495B4090F91D5B71209D4351DD39BDF76FDCA2F5306,关于丰富学校课后服务内容并严防隐形培训的诉求,"领导您好,我是一名小学生家长。孩子目前参加学校的课后服务,政策要求课后服务自愿参加、时间衔接、内容多样,但我们家庭经济条件一般,父母双方都在上班,时间很紧,非常需要课后服务能真正提供作业指导和兴趣活动,而不是简单看管。同时我们也担心,虽然现在对学科类校外培训管得严,但会不会还有老师在校外搞隐形培训,把精力分散出去,影响校内教学和课后服务的质量。希望政府能加强对学校课后服务内容与质量的监管,让服务安排公开透明,并严查隐形学科培训,切实减轻我们这样普通家庭的压力。"
213E084765145011A6F1FA4CF6A5A2858A9DF5C5B9DC1642D977A522C2B95B47,关于优化暑期学校课后服务时间与内容的建议,"各位领导好。我是一名小学生家长,孩子读公办小学,不是毕业班。我和孩子爸爸白天都要上班,家里住的人虽然不少,但能稳定照看孩子的时间有限,暑假看护一直很吃力。这个月孩子参加了学校的课后服务,我们很感谢学校提供这样的安排。不过按照目前规定,每天至少两个小时,对双职工家庭来说,这两个小时结束后到我们下班之间还有较长空档,孩子可能只能自己在家或由家人轮流照看,安全上我们很担心。我们家经济条件一般,商业托管和兴趣班收费较高,学科培训市场现在也收缩得厉害,我们原本就没有给孩子报过学科培训,现在更不敢增加额外负担。孩子平时睡眠比较充足,暑假书面作业不多,我们文化水平不高,工作一天也没精力系统辅导,希望学校课后服务能在假期适当延长服务时间,尽量和家长下班时间衔接,同时在内容上增加一些作业辅导、阅读、体育和兴趣活动,让孩子在校期间既能保持学习状态,又能有丰富体验,而不是简单看管。也希望地方能在师资和经费上给予支持,让学校有条件把课后服务做得更细致、更实在,真正解决我们这样的普通家庭的实际困难。"
386CBE72BC4C1F24F4D6101E26443C5A2EB633EC65A79FC5153C621E55CE98F9,关于学校课后服务实效的几点诉求,"我是一名小学生家长,孩子目前在公办小学就读,我们两口子都要上班,家里时间紧,孩子这个月开始参加学校课后服务。政策要求学校提供课后服务,原则上每天两个多小时,我们很需要这个时间衔接。但我们担心课后服务只是把孩子集中看管,内容单一,不能真正利用这段时间辅导作业、开展阅读或兴趣活动。孩子目前书面作业不多,符合要求,但我们希望课后服务不只是看住孩子,而是能帮助巩固当天学习、培养学习习惯。以前听说过一些学校老师心思放在校外补课,校内课后服务应付了事,我们也担心自己孩子遇到类似情况。希望领导能督促学校把课后服务内容做实,让老师把精力放在校内,真正减轻家长负担,而不是让课后服务流于形式。"
8C6BA55A2CA262552283136B019FE1164343D6395DD29EF6D171D3D0A52AD3A9,关于提升小学课后服务质量和作业设计水平的诉求,"我家孩子是小学中年级,不是升学衔接年级。我们夫妻都在上班,家里人多但能专门辅导孩子的时间很有限,所以很看重学校课后服务。这个月孩子参加了学校课后服务,我们本来希望这两个小时能让孩子在校内把作业弄懂,再有些体育活动或兴趣内容。但现在心里没底,担心课后服务只是把学生集中起来看管,老师没有精力针对性答疑,更谈不上丰富多样的活动;也担心书面作业虽然数量控制住了,但设计质量不高,变成机械重复或者干脆没有,孩子回到家还是不会。我们没给孩子报过学科培训班,经济上也不宽裕,就指望学校能把课后服务真正办好。希望领导能督促学校把课后服务内容、作业设计和教师指导抓实一些,别让好政策到基层走样。"
16C8D3516EC480970A479E72C42D3E359D19D3FDFAFBBDF2D137300F456A680E,关于提高学校课后服务质量减轻家长辅导压力的留言,"尊敬的领导:我是中部某城镇一名小学生家长。家里经济条件一般,我们夫妻都在上班,平时工作忙,家里老人也多,照顾孩子时间紧。孩子目前在公办小学就读,暑假也参加了学校课后服务。现在马上要开学了,我们对下学期课后服务的实际效果很担心。按照政策,课后服务每天至少有两小时,我们也希望孩子能在学校把作业完成,老师能指导一下,最好还有些兴趣活动,这样我们下班晚也不至于太焦虑。但我们家长群里常听到以前有些学校作业负担重、老师精力分散的情况,虽然现在要求严了,可我们还是怕学校课后服务只是看孩子,不辅导不活动,最后还是把作业和辅导全推给家长。我们家庭条件有限,外面培训班又少了,我们自己也辅导不了太多,特别希望学校能真正把课后服务做好。恳请领导重视我们这类普通家庭的难处,督促学校落实课后服务的要求,加强作业指导,丰富活动内容,同时也请继续严格规范教师从教行为,让我们家长能安心工作,孩子能学得更好。"
16703E3C2DDEB4A6685DF83BDAC9FC24AEE0FFBE13314845E2E6F2F08A22665B,希望加强学校课后服务内容与质量,"领导好,我是一名小学生家长。我们夫妻都在外工作,家里其他大人也各有事情,经济条件一般,时间上很难兼顾孩子学习。孩子现在上小学,学校这个月提供了课后服务,每周五天、每天至少两小时,我们让孩子参加了。但看到相关要求说课后服务要自愿、多样、有质量,我们担心学校只是让孩子坐在教室里写作业或自由活动,没法真正辅导功课。我们文化不高,辅导不了孩子,外面培训班又难找、收费也贵,所以特别希望学校课后服务能实实在在安排老师答疑、补基础,再有一些体育、阅读等活动。同时希望费用透明、不要变相增加负担,时间上能和家长下班衔接。恳请领导督促学校把课后服务办好,让我们这样的家庭放心。"
F6808440C2F3C76ACC24DCFFEF113F7D4F748C0D351E97037C9656237542FAD3,关于小学课后服务质量与师资保障的诉求,"领导好,我是一名小学生家长,孩子不在毕业班。我们夫妻都上班,家里人多但时间紧,很需要学校课后服务。这个月孩子参加了课后服务,每天时间不短。但我担心课后服务只是集中看管或变相补课,只做书面练习,孩子回家仍不轻松;也担心老师精力有限,听一些家长说起过以往个别老师精力分散、变相补课的问题。希望政府能督促学校丰富课后服务内容,落实自愿原则,加强师资和经费保障,真正减轻家长负担,促进孩子全面发展。"
2D757ACD17EC4FAD775080A605F7A70FA36AA298D8393DA80E4C0997BD641432,希望提升学校课后服务内容质量,"领导您好。我家孩子读小学,家里经济条件一般,我们夫妻都在上班,暑假只能让孩子参加学校课后服务。目前每周五天、每天两个多小时,时间不短,但我们觉得内容还是偏看管,作业辅导和兴趣活动安排不够。过去我们这一片就出现过老师课内不上心、把精力放补习班的情况,现在学科培训少了,我们没条件额外报班,学校课后服务就成了最主要的依靠。我们担心如果只是把孩子集中起来坐着,不仅帮不了学习,还会让孩子对学校生活失去兴趣。希望领导能督促学校把课后服务做实,增加作业指导和阅读、体育等多样内容,让像我们这样的双职工家庭真正安心。"
DD007D7FD51CFD72A9DDE923570BD5EAFEB6F3E38F6696FA9D1F501FD50644E8,关于恳请加强小学课后服务及教师精力监管的诉求,"领导您好。我是一名小学生的家长,孩子现在中部城镇的一所公办小学就读,家里父母都要上班,经济条件一般,照看孩子的时间比较紧,这个月孩子参加了学校的课后服务。马上要开学了,我最关心的是课后服务能不能真正按自愿、多样、衔接时间的要求落实,而不是简单看管或变相补课。孩子目前在年级上按规定书面作业不多,情况也符合要求,但过去听说过同省有学校作业过多、让家长签字、老师把精力放在补习班上的问题,所以我们也有担心,希望提前防范。恳请政府督促学校在新学期公开课后服务内容、教师安排和监督方式,加强对教师校外兼职补课的监督,避免老师精力外移影响校内教学。我们不是要求放松学习,而是希望孩子能在学校里得到踏实的作业指导和均衡的教育,不让家庭因为时间紧、经济一般而吃亏。"
3E05ABE03B614A9D972DD90BAA0BFD6D5E53C1E1217434AF08F3758B0BD11F5B,关于小学暑假书面作业负担过重盼统筹管理的留言,"领导好,我是孩子的一名家长。孩子目前在公办重点小学就读,今年暑假学校布置的书面作业量比较大,这个月孩子每天写作业经常超过规定的一个小时上限,作为家长我们很担忧。家里经济条件一般,也没法给孩子报太多课外班,主要靠学校教育和孩子自己努力。我们支持作业统筹和时长管理的新要求,但希望学校能真正落实,不要让孩子假期被作业压得喘不过气。同时,我们也希望课后服务能在开学后真正发挥作用,让孩子在学校就能得到作业指导和答疑,减轻家长辅导压力。孩子睡眠一直不错,我们不想因为作业问题影响他的休息和成长。恳请领导关注并督促学校合理控制作业总量,提高作业设计质量。"
91045C42E07047FE1547A4C7EC28BC3C30B8854B1A4CF17FADC5260E66CA9EFC,关于小学书面作业负担和课后服务的诉求,"各位领导好,我是小学生家长。这个月孩子书面作业感觉偏多,完成时间可能超过了规定,家里辅导压力大。我们家经济条件一般,没给孩子报学科培训班,主要靠学校。希望教育部门督促学校严格落实作业管理,控制书面作业总量和时长,加强校内指导,别变相增加负担。同时希望学校课后服务能真正做好,让孩子在校完成作业,开展些文体活动,这样回家能早点休息。也请关注学校有没有挤占音体美课程、变相加重学业压力的现象,让孩子全面发展。谢谢。"
C486A677D3B4A46FB1DD2F0AF103E42866C43915E7D5E93B24431831C6865AE5,关于小学生暑假作业超时及课后服务落实的诉求,"各位领导好,我是一名小学生家长。孩子就读公办重点小学,开学后不是毕业年级。这个暑假,孩子的书面作业明显偏多,每天完成时间经常超过规定的一小时,孩子虽然睡眠时间够,但白天还是觉得累。新政策要求学校统筹作业总量、加强校内指导,可我们感到学校落实还不到位。我们家庭经济条件一般,父母一方没有工作,时间上虽能照看,但家长文化程度有限,辅导作业很吃力。之前也听说过有的学校挤占音体美课、分重点班的情况,我们担心学校为了成绩继续加码作业,忽视孩子全面发展。希望领导能督促学校核实作业量,严格控制在规定时长内,并推动课后服务自愿参加、内容多样,让孩子在校就能完成大部分作业,减轻家庭负担。"
8F145FCB5E046B202658BBF0922DA213DAC60828F7EF2341CC924C264EE9C926,关于小学生书面作业时长合规的反映,"各位领导好,我是一名小学生家长。孩子就读于公办重点小学,目前正值暑假,但近期发现学校布置的书面作业用时可能超过了相关规定,对此有些担忧。按照当前政策,小学书面作业平均完成时间应不超过60分钟,可家里孩子实际用时感觉不止。我们家庭条件一般,家长学历不高,辅导作业比较吃力,也担心作业太多影响孩子休息。希望教育部门能核查学校作业布置情况,督促学校按照政策统筹作业总量,并利用课后服务提供校内作业指导,减轻家长负担。谢谢!"
5E105AE9E62201C3A16CBB547A405B49C940A3D28F4C0A3C8FC2BBFCD616A36B,关于提升小学课后服务质量与作业管理的建议,"领导您好,我是中部地区一名小学生家长。孩子在一所公办重点小学就读,非毕业年级。这学期开学后,学校继续提供每周五天的课后服务,孩子也报名参加了。从作业情况看,目前书面作业时间控制在规定范围内,我们比较认可。但作为家长,我们更关心课后服务这两小时到底能给孩子带来什么。家里经济条件一般,校外学科培训现在也不好找,我们也不想再额外花钱报班。希望学校课后服务不要只是简单看管,能真正加强作业辅导和兴趣活动,让孩子在校内就能解决学习问题,减轻家长负担。同时也希望相关部门继续规范校外培训,防止变相补课反弹,让我们普通家庭孩子也能公平享受优质教育。谢谢。"
326AECB601D0DEF6EA238F8BD11781A771D47143B6874D7459D9CBF4FB412B50,关于小学课后服务落实与质量的建议,"孩子就读公办重点小学,家庭经济条件一般,父母一方就业,课后看护和作业辅导压力较大。本月我们自愿参加了学校课后服务,但2月正处开学过渡,担心开学后服务能否持续每天至少120分钟,内容是否多样,老师能否真正指导作业而不是简单看管。目前书面作业时间虽符合规定,仍希望学校利用课后服务加强指导,避免作业带回家影响睡眠。市场上学科培训大幅收缩,我们原先也没有参加,更希望课后服务能成为可靠替代,满足孩子学习需求。请领导关注课后服务的师资、经费和内容质量,确保自愿参与,防止变相强制或流于形式,真正减轻家庭负担。"
90D0480B06790A347B8E2B827F348D3DA93588DAFD231BF35CC27E3DE1829F69,"希望学校课后服务能更丰富有效,别流于形式","各位领导好,我是一名小学生家长。马上要开学了,孩子还会继续参加学校的课后服务。我们家庭经济条件一般,之前也没给孩子报过校外学科培训,所以特别依赖学校的课后服务。现在政策要求学校提供课后服务,时间是有保障了,可我们担心内容上会不会只是简单看管,老师精力有限,能不能真正给孩子一些学业辅导和兴趣拓展?如果课后服务变成变相的自习课,那对我们这种没有条件额外补课的家庭来说,孩子和别人差距可能会越来越大。我们身边也有家长反映过学校在课程安排上的一些问题,比如压缩音体美课程,所以对课后服务能否落实到位有些担心。希望领导能督促学校把课后服务做扎实,丰富服务内容,加强师资保障,让每个孩子都能在学校里得到实实在在的帮助。"
5432BE81C77DDBFD30B923F9EB36FCC49225240430E27072687365C7429E3022,关于小学课后服务内容与质量的担忧和建议,"各位领导好,我是一名小学生家长。孩子现在上小学,这学期开学后参加了学校的课后服务,每天时间不短。作为家长,我们家庭条件一般,课后服务确实解决了接孩子的问题,但心里还是有点不踏实。政策上说课后服务要内容丰富、自愿参加,可我们担心学校课后服务会不会只是让孩子坐在教室写作业或者看电视,没有真正开展一些兴趣活动或作业辅导。我们不想额外花钱去外面报班,就希望学校的课后服务能实实在在帮助孩子全面发展。另外,作业方面也希望学校能按照要求统筹好,不要因为课后服务反而增加孩子负担。恳请领导关注一下,督促学校把课后服务办好,让我们家长放心。"
054712ABF50274DE25E2CC72F0EF2330FA06605F687917F0ED5CE81D4E177989,关于提升学校课后服务质量的建议,"我是一名小学生家长。孩子本月参加了学校的课后服务,政策规定每天至少两小时,这确实解决了一些家庭接送困难。但从我们孩子反馈看,课后服务内容还比较单一,很多时候只是让孩子自己写作业或自由活动。我们家经济条件一般,没有能力给孩子报校外兴趣班,本来希望学校课后服务能开展一些体育、艺术、阅读等活动,让孩子多些发展机会。另外,孩子书面作业符合规定,但希望老师能在课后服务时间里加强作业指导,而不是简单看管。希望领导关注课后服务实效,让好事办好。"
F8DD9B1EC4DF1FE8D92A06178ADC92F765A6BB627FAA616D9E820304CAEDC6E6,"希望加强学校课后服务内容监管,防止变相加重负担","各位领导好,我是一名小学生家长。孩子就读于本地一所公办重点小学,家庭经济条件一般,没有能力参加校外培训。现在学校在暑假期间也提供了课后服务,孩子每天都参加。我们理解政策要求课后服务自愿参加、内容多样,但很担心学校在落实中走样。我们同省其他地方有家长反映过学校占用音体美课程上语数外、违规分重点班等情况,所以我们更加关注学校会不会把课后服务变成变相补课,或者只做看管、缺乏质量。孩子目前书面作业时间在规范以内,但开学后如果课后服务没有真正用好,反而可能增加作业或占用休息时间。我们家长学历不高,辅导能力有限,希望孩子在学校能把知识学扎实,也希望课后服务能提供作业辅导和兴趣活动,而不是流于形式。恳请领导督促学校严格执行相关规定,加强对课后服务内容和作业总量的日常监管,保障孩子全面发展和身心健康。"
3EB21D59CA4C830A2AB8746CC41037FB036F294A07959A0041C3D5B9A217F51A,关于小学课后服务内容与作业负担的建议,"尊敬的领导,您好。我是孩子就读公办小学的家长,孩子目前参加学校课后服务,学校是重点示范学校,我们家长很感激。但马上要开学了,我有些担心:政策要求课后服务自愿参加、内容多样,但怕学校会把课后服务变成统一补课或集中写作业,甚至挤占音体美等课程,变相增加孩子的学业负担。我家经济条件一般,没有给孩子报校外学科培训班,就希望学校课后服务能真正提供体育、艺术、兴趣活动,让孩子在学校完成作业后能放松锻炼。恳请教育部门加强对学校课后服务内容的监管,落实自愿原则,不要以课后服务名义进行学科教学或变相补课,同时继续严控书面作业总量,保障孩子睡眠和休息。谢谢领导。"
E095C76E471D2D6D764818BEAA41CCAFD88B97F66221CE789CEDFBB3ED74BD05,关于关注小学课后服务内容质量防止变相补课的建议,"尊敬的领导:您好!我是一名小学生家长,孩子就读于本地一所公办重点示范小学。根据现行政策,学校课后服务应当自愿参加、内容多样,并做好时间衔接。我的孩子本学期参加了课后服务,但作为家长,我有些担忧:在实际执行中,部分学校可能把课后服务变成变相补课或单纯自习,挤占孩子体育锻炼和兴趣活动时间,影响孩子的睡眠和全面发展。我们家经济条件一般,家长文化程度也不高,难以在校外为孩子提供更多素质类课程,所以学校课后服务的质量对孩子成长非常关键。希望教育主管部门能加强对学校课后服务内容和质量的监督检查,确保课后服务真正提供多样化活动,不增加学业负担,保障孩子身心健康。谢谢领导!"
2B4C766E4C95D2C8138A4C09D60AF91BB417D2FE1FAFBF6DF725102D77C6CAF3,希望加强学校课后服务内容监管,"我家孩子就读公办小学,这个暑假参加了学校的课后服务。按政策要求课后服务应该自愿参加、内容多样,还不能变成补课。我们家经济条件一般,没有能力给孩子报校外兴趣班,所以很看重学校课后服务这每天两个多小时。孩子回来问起做了什么,说得不多,我担心就是集中看管或写作业,没有真正开展体育、阅读、科普之类的活动。希望区里能督促学校把课后服务做得更实在,尊重家长和学生自愿选择,不要因为暑假或经费问题就降低质量,也不要占用这段时间讲新课或变相增加作业。开学后也希望能继续落实时间衔接,让我们这样普通家庭的孩子能在校内得到一些素质拓展机会。"
7D3669A3341B0901767E9940E222DD18476082DAA92AC900868E7682B9FE371B,请规范学校课后服务内容与收费,"领导您好,我是小学家长。孩子现在参加学校课后服务,每天两个小时。我们支持这项政策,但也担心学校把课后服务时间用来上语数外主课或者变相补课,而不是开展体育、艺术、阅读等多样活动。以前听说过有的学校把音体美课停掉只上主科,我们不想暑假课后服务也变成这样。另外家里经济条件一般,如果课后服务收费,希望明确标准和用途,不要增加家长负担。请领导督促学校落实好课后服务内容多样的要求,保障自愿参加和透明收费。"
3F89ECB98BC18EC5372C08E9F9FD7D5BB1E918720185ABBA7566CBAF832FD531,关于暑期学校课后服务内容与收费的担忧,"各位领导好,我是一名小学生家长。孩子就读于本地一所公办小学,这个暑假学校提供了课后服务,我们也让孩子参加了。我们家经济条件一般,对收费比较在意。听说现在要求课后服务自愿参加、内容多样、时间衔接,但我们心里没底,担心暑假课后服务会变成变相补课,或者只安排语数外,挤掉体育、艺术等活动。孩子平时睡眠时间比较充足,我们希望假期能让他多动一动、发展兴趣,而不是继续坐在教室里刷题。恳请教育部门关注我们这里小学暑期课后服务的实际开展情况,督促学校严格落实自愿原则,丰富活动内容,收费公开透明,真正减轻家长负担,让孩子过一个健康充实的暑假。"
87B9D73DBAD8E5E0EB67F331374D9AC6C7B70102C88B8195C27F041FB54C1BD5,关于公办小学课后服务内容多样化的建议,"各位领导好。我家孩子在中部地区一所公办重点小学就读,目前不是毕业年级。这个暑假后,学校课后服务原则上每天不少于两小时,我们孩子本月也在参加。我们家庭经济条件一般,大人学历也不高,没法像条件好的家庭那样给孩子报很多兴趣班,所以学校课后服务能不能真正开展体育、艺术、科技等多样活动,对我们来说非常关键。政策要求课后服务内容多样、自愿参加,但我们到现在还没看到学校具体每天安排哪些活动,心里没底。也看到一些地方反映过课程被挤占的情况,担心课后服务会变成单纯看管甚至变相刷题。希望教育部门能督促学校公开课后服务每周课程表,加强质量检查,让家长能监督、能反馈,真正减轻家长负担,让孩子受益。"
B25F7F259BB180522F0B0CB30AB34BF7D07D18D6D1879362037F4C7903D05EBA,"希望丰富学校课后服务内容,减轻普通家庭负担","我是中部地区一名小学生家长,孩子就读公办重点小学,这个暑假参加了学校的课后服务。学校每天提供不少于两小时服务,我们很感谢,但也担心服务内容比较单一,主要停留在看护上。我们家经济条件一般,家长文化程度不高,没办法给孩子报外面的兴趣班和辅导班,所以特别希望学校课后服务能多安排体育、艺术、科技、阅读等活动,并且有老师指导作业、答疑解惑,让孩子不仅有人看管,还能真正有所收获。同时希望政府能保障课后服务的师资和经费,不要向家长收取过高费用,对困难家庭给予减免。马上要开学了,也希望秋季学期的课后服务能继续坚持自愿、高质量、多样化,让我们这样的家庭放心。"
3A6F9A2594C24B7AFBF5522B18398B772D531ABA9949C4A9E054ACF88D92574B,关于小学课后服务质量和收费监管的诉求,"各位领导好,我是一名小学生的家长,孩子就读于本区一所公办小学。这个暑假学校提供了课后服务,孩子也参加了。我们家庭经济条件一般,之前没给孩子报过校外培训班,因此对学校的课后服务抱有很大期待。但作为家长,我也有顾虑:一是担心课后服务内容走样,变成集体补课或只上语数外,挤占孩子的休息和兴趣活动时间;我以前听说有的学校出现过挤占音体美课的情况,不希望课后服务也变成这样。二是担心收费不够透明,给普通家庭增加负担。希望领导能督促学校严格落实课后服务自愿参加、内容多样的要求,多安排体育、艺术、科技等活动,不要变相增加课业负担,同时公开收费标准,照顾我们这样经济条件有限的家庭。谢谢。"
3D813288F3E95B7B3E37A3F7E2D37378BA5BFA95232419C217E55656FCC12F8E,关于学校课后服务内容单一的担忧,"各位领导好。我是一名小学生家长,孩子就读于公办学校,这个月参加了学校提供的课后服务。按现在的制度,课后服务应当自愿参加、内容多样,时间也能衔接家长下班。作为家长,我们家庭经济条件一般,之前也没有给孩子报过校外学科班,所以很看重学校课后服务的质量。可结合身边一些过往经历,我总担心学校在实际操作中会把课后服务变成看管写作业或者变相上课,挤占孩子本来较充足的睡眠和自由活动时间。孩子现在还小,我们希望课后服务里能有体育、艺术、科技等真正丰富的内容,而不是只坐在教室里。恳请领导关注学校课后服务的具体安排,督促学校把好事办好,让孩子既能安全托管,又能全面发展。谢谢。"
9FFEBC86563E2D1A9F61C51D42E574FF7AAB8D6695984EE1D77532C621ACF7FD,关于提升学校课后服务质量与减轻家庭负担的建议,"领导您好。我家孩子在本地一所公办重点小学就读,本月参加了学校组织的课后服务。按照政策要求,课后服务应当坚持自愿、内容多样,并做好时间衔接,同时由地方保障师资和经费。作为家长,我很支持这项安排,但也有些担心:一是学校课后服务会不会只重看管或变相补课,挤占孩子的兴趣活动和休息时间;二是家里经济条件一般,担心课后服务可能产生额外收费,增加负担。希望教育部门能加强对学校的指导监督,确保课后服务真正内容丰富、不增加课业负担,并对收费政策予以明确,对困难家庭适当减免。谢谢领导关心。"
C9AA03F0D8D40761862AA788B60FAF8888B15AD937BAC6E4636A5547F5F1546E,关于乡村初中课后服务与作业管理的担忧和建议,"我是一名农村初中生家长,孩子即将升入初二。我们两口子都在上班,每天早出晚归,家里老人只能管吃饭,辅导不了学习。这个暑假孩子的书面作业不多,符合规定,我们欣慰但也担心:开学后学校课后服务能不能真正开展起来?如果只是看管不辅导,或者形式化,孩子回家我们没时间管,作业又少,学习可能退步。现在校外学科培训管得严,我们农村以前也没什么正规培训班,以后更没条件补课。希望领导督促学校把课后服务做实,利用这段时间辅导作业、开展兴趣活动,同时作业设计要科学,不能一味减量,要保证学习效果。我们文化程度不高,只能依靠学校。"
C1EEDF428D02372A10233E936C7C2D48AEAFE5B4A35C48EB7F69BC3B12580902,关于乡村初中课后服务落实的期盼与建议,"领导您好,我是一名乡村初中学生的家长。我们夫妻平时都要上班,时间很紧,家里人口多,照看孩子比较吃力。经济条件一般,没有能力给孩子报校外辅导班。暑假期间看到国家要求学校加强课后服务,我们特别期盼秋季开学后学校能真正落实。我们最担心的是乡村学校条件有限、老师人手不足,课后服务流于形式,或者只让学生自习,无法提供作业辅导和兴趣活动。孩子平时在家写作业没人辅导,我们又不太懂,希望课后服务能把作业指导做实,让孩子能在学校完成大部分书面作业,这样我们下班后也不用为作业发愁。同时希望课后服务坚持自愿、时间衔接好,收费合理透明,不要增加我们负担。请领导帮我们督促学校把这项好政策落实到位,让农村孩子也能享受到有质量的课后服务。"
74D38367F19BD7343C9E7B53845D156686F3F1BC4CC51A3C4C31DA62BC488ECB,关于农村初中课后服务保障的请求,"我是中部农村一名初中生家长。孩子暑假后升入新年级,我和孩子父亲平时都要上班,工作忙、时间紧,家里老人照看和辅导精力有限,课后看护一直是个难题。现在政策明确要求学校提供课后服务,强调自愿参加、时间衔接,我们非常期盼。但农村学校条件有限,师资也不宽裕,担心开学后课后服务只是走个形式,或者变相收取费用,反而增加负担。孩子目前书面作业时间倒是符合规定,但如果课后服务跟不上,我们双职工家庭确实很难安排。希望领导督促地方保障农村学校的课后服务经费和教师力量,让课后服务真正落到实处,帮我们解决实际困难。"
563FA94BF85ABDB8C3D2B6D79E335DF905DDCF7A2A32C3A9733F921861CADE90,关于乡村初中课后服务保障的诉求,"领导您好,我是住在中部一个乡村的初中生家长。我和孩子妈妈都在上班,家里人口多,平时工作忙,时间紧,孩子放学后经常没人照看,作业辅导也顾不上。现在政策要求学校完善课后服务,但我们不清楚学校到底有没有落实,心里很着急。我们家庭条件一般,也没给孩子报过校外辅导班,就指望学校能提供好的课后服务,让孩子放学后有个安全的地方,老师能指导一下作业。希望领导能督促有关部门核查乡村学校课后服务情况,保障师资和经费,让政策真正落地,解决我们双职工家庭的后顾之忧。谢谢。"
CF108B5C929208FA161CC8FD918EE01B9F056F247BD00B3042D82457A26EA96D,关于提升农村初中课后服务质量的诉求,"领导好,我是中部农村一名初中生家长。家里经济条件一般,我和孩子妈妈都要上班,老人帮不上太多,每天接孩子和辅导功课压力很大。现在学校有课后服务,孩子也参加了,每周五天、每天两小时。可我们最担心的是课后服务只是简单看管,内容单一,老师力量不足,特别是农村学校资源有限,能不能真正落实政策要求,提供作业辅导和兴趣活动?我们文化程度不高,初中功课辅导不了,校外学科培训也少了,经济上也上不起。希望政府能加强对农村学校课后服务的监督管理,保障师资和经费,让孩子在这两小时里真正得到作业指导、参加有益活动,而不是白白耗时间。这样我们家长也能安心工作,对孩子的未来更有信心。"
D54E70BA4F012EFE8E692EC4453DF16DB28CFBB7028DC9E5BEACE2B84524B568,关于改善农村初中课后服务作业辅导的诉求,"领导好。我家孩子在乡镇初中就读,这个月参加了学校课后服务。我们夫妻都在打工,家里老人多,晚上能辅导孩子的时间少,文化程度也有限。目前孩子作业时间看着在90分钟内,但我们担心课后服务只是集中看管,没有真正帮孩子解决学习困难。政策要求课后服务内容多样、加强作业指导,但农村学校条件有限,我们害怕落实不到位。孩子以后想考本科,现在学科类培训又收缩,我们更依赖学校。希望领导督促学校把课后服务做实,增加作业辅导和答疑,让孩子尽量在校内完成作业,减轻家长负担。同时请保障课后服务自愿参加,不要因为不参加就被另眼相看。"
D1932E3EE3C13BE97B3C7E699EDBEADBFCE16C4A91DAD03EAB9BD39002B9D9A5,希望加强乡村学校课后服务质量监管,"我家孩子上初中,不是毕业班。我们两口子都在外忙,家里人多,接送和照看时间紧,这个月孩子参加了学校课后服务,书面作业时间也在规定范围内,我们很需要课后服务帮孩子把时间用好。但我们这里乡村学校条件有限,担心课后服务只是把学生聚在教室里写作业或看管,内容不丰富,老师也顾不过来;如果经费和师资保障跟不上,课后服务容易流于形式,甚至变成变相补课,反而增加孩子负担。我们家长文化不高,但希望孩子能考上本科,课后服务能不能真正开展一些文体、阅读、科技等活动,让孩子全面发展。恳请领导关注乡村学校课后服务的实际运行,督促落实经费和师资,加强检查,别让好政策到村里走样。"
B0D30E213A72F0F9C15D7243AB4B08D145B0CD65CD17B25CAC3F5D67DD942DAC,关于农村非公办初中课后服务质量的诉求,"各位领导好。我是中部农村一名初中学生的家长,孩子目前不在毕业年级。我和配偶都在上班,家里人口多,时间安排很紧。这个月孩子参加了学校课后服务,书面作业时间也符合规定,我们感到政策在减轻负担。但孩子所在学校不是公办,又在农村,我们担心课后服务每天两个小时到底有没有老师辅导作业、能不能开展一些素质活动,师资和经费有没有保障。我们文化程度不高,经济条件一般,以前也没让孩子上过校外学科培训班,现在校外培训更少了,孩子的学习更依赖学校。希望政府能帮我们核查一下,督促学校把课后服务做实做细,特别是对农村非公办学校给予经费和师资支持,保证自愿参加、内容多样,能辅导作业和答疑,不要只是集中看管。这样我们双职工家庭也能安心工作,孩子真正受益。"
439ED71A2C47D415C0152A9C7B28AF3E317730EA48FCB6D12302A3416A0490D9,关于农村初中课后服务内容与时间安排的诉求,"领导好,我是中部农村一名初中生的家长。孩子学校不是公办,我们两口子都要上班,家里人口多,照看孩子很吃力。现在孩子放了暑假,好在学校有课后服务,我们给孩子报了名,解决了白天没人管的问题。但是孩子参加一段时间后,我们感觉服务内容太单一了,基本就是学生自己写作业,老师很少辅导,更没有体育、音乐、画画这些活动,孩子觉得没意思,我们也担心这样下去和以前没什么两样。另外,服务结束时间对我们来说还是偏早,我们下班晚,接孩子还是有困难。希望领导能督促学校把课后服务做实在些,增加些兴趣小组和体育锻炼,时间上能适当延长,最好能衔接我们下班时间。我们家庭经济条件一般,也希望课后服务能免费或者少收费,减轻负担。谢谢领导关心。"
AEB77AA95590773741D4AA636D821450D21B9FB3007E6032D3289DDF553F329E,关于农村初中课后服务质量和作业指导的期盼,"各位领导好,我是一名中部农村初中学生的家长。我和孩子妈妈平时都要上班,家里老人只能管生活,辅导学习跟不上。孩子现在读初中,不是毕业班。这个暑假学校有课后服务,孩子也参加了,本月的书面作业量也符合规定,我们很感激。但开学后我最担心的是,学校课后服务能不能不只是看管,而是真正帮孩子把作业辅导好、活动开展起来。我们担心农村学校条件有限,老师也辛苦,但每天至少两小时的服务时间如果利用好了,孩子晚上就不用把作业带回家写到很晚,睡眠也能保证。我们希望上级能督促学校充实课后服务内容,加强作业指导,尽量让孩子在校完成大部分书面作业;也希望能有体育、阅读、兴趣活动,别让这段时间浪费掉。我们家庭没有上过校外补习班,现在学科培训减少后,更依赖学校课后服务。请领导多关心农村学校的课后服务保障,让孩子们也能享受到有质量的服务。"
007BD93AB587946F0550800499CFC672132D380A00A54DD0E683405DA51631EF,关于农村初中课后服务质量的建议,"尊敬的领导:我家孩子在乡镇初中读书,今年暑假参加了学校组织的课后服务。我们夫妻都要上班,家里人多,时间很紧,经济条件也一般,课后服务确实帮我们解决了看护难题,非常感谢。但我们农村学校资源有限,担心课后服务内容单一、老师力量不足,变成单纯看管或变相补课。希望政府能加强经费和师资保障,督促学校丰富活动内容,真正落实自愿参加,让农村孩子也能享受到高质量的课后服务,减轻家庭负担。"
9BB5FE2F9C18C0DB502AFA91CCDC72E4A9F1ABEEC85376DB34A97626440C0A6F,关于农村学校课后服务保障问题的反映与请求,"尊敬的领导: 您好!我是中部地区一名农村初中学生的家长。我们夫妻双方都在工作,平时照看孩子和辅导作业的时间比较紧张。这个暑假,孩子按照学校安排参加了课后服务,我们很感谢有这样的政策。但我们也有些担心:农村学校条件有限,课后服务会不会只是简单看管,没有作业辅导和丰富的活动?我们经济条件一般,如果课后服务收费较高,也会增加负担。另外,我们下班时间较晚,课后服务结束后的接送衔接也是难题。 希望领导能关注农村学校课后服务的实际保障,协调教育、财政等部门,加强师资和经费支持,督促学校真正落实自愿、公益、内容多样的要求,让课后服务既解决家长的后顾之忧,又能帮助孩子成长。 谢谢!"
279CEA5A8B532AA0A76C57A9F73424666F736E19CC1CCBB12BE77582F1FB6776,关于农村初中暑期课后服务落实的担忧与建议,"各位领导好,我是一名农村初中生的家长。我们夫妻平时都要上班,家里时间很紧,暑假孩子在家我们不太放心。学校这个月提供了课后服务,孩子也去参加了,这本来是好事。但我们心里有些担心:一是学校不是公办学校,担心师资和条件跟不上,课后服务如果只是简单看护,没有真正多样的活动,孩子时间就浪费了;二是家里经济不宽裕,怕后续收费项目和标准不透明,增加负担;三是政策说自愿参加,但我们也怕以后变相强制或者因不参加被区别对待。希望领导能关注农村学校的课后服务落实,督促学校提高内容质量,公开收费标准,确保自愿原则,真正解决我们这种家庭的看护和成长需求。"
BEC64A9B8E7D222343F8F36F5885A383C202F17D64B6EDB19CFA08A698716EE9,乡村初中生暑假课后服务的担忧,"领导您好,我是一名初中生的家长,家住在农村,我们做父母的都在上班,家里时间安排很紧张,经济条件也一般。这个暑假孩子参加了学校课后服务,我们很感谢有这个安排,能让孩子有地方去,也减轻了我们的照看压力。不过,我们心里也有些顾虑。现在校外学科培训收缩,孩子想补课渠道少了,学校课后服务就成了我们主要的指望。可是我们农村学校条件有限,老师也辛苦,我担心课后服务能不能真正做到有作业辅导、有活动,而不是简单看管。我们家长文化不高,辅导不了初中功课,如果课后服务只是让孩子自己写作业,不会的题还是没人讲,那帮助不大。另外,我们收入不高,如果课后服务还要另外收费,或者变相收材料费,我们压力大。以前也听说过一些地方学校资源分配不公、一个班挤很多人的事,所以对课后服务能不能公平落实,心里没底。希望领导能关注农村学校课后服务的实际运行,尤其是暑假期间,加强监督检查,确保自愿参加、内容多样,真正有老师指导,经费有保障,别让农村孩子和城里孩子差距越拉越大。谢谢。"
DCEBE83A805FC796AF8940EA742D7591BBB74CD07DB894987ACF31DB59CB4C1B,恳请保障农村初中课后服务质量和作业辅导,"我是中部农村一名初中生家长,孩子就读的学校不属于公办,家里经济条件一般,我们夫妻平时都要上班,家里人多,很难抽出时间辅导孩子学习。这个暑假孩子参加了学校课后服务,我们很珍惜这样的安排,但也担心开学后课后服务能否持续做好。目前孩子书面作业时间虽然符合规定,但如果没有老师在校内指导,作业带回家我们也帮不上忙。校外学科培训现在收缩很多,我们以前也没给孩子报过辅导班,更希望学校能提供作业辅导和素质活动。恳请领导督促学校把课后服务做实,保障师资和经费,时间上能衔接好,不要额外收费增加农村家庭负担。谢谢。"
744F5FBF16E5D70CF0D30B9A71D2EADE9F980B4BAF5F6BD6F949EEE77920CC87,关于提升乡村初中课后服务质量的求助,"尊敬的领导:我是中部乡村一名初中生家长。家里经济条件一般,我和爱人都在上班,平时照看孩子时间很紧。这个暑假孩子在学校参加课后服务,我们很感激政策提供了这样的安排。但作为家长,我们担心乡村学校的课后服务内容不够丰富,师资和经费保障不足,难以真正帮助孩子拓展兴趣、巩固学习。尤其现在外面学科培训少了,我们更希望学校的课后服务能做好。恳请政府能加大对乡村学校课后服务的投入,督促学校丰富活动内容,提高质量,同时确保真正自愿参加,不增加我们这样的家庭负担。谢谢。"
8FFC83DE27FBD7CE0223567606C61CFA2FFB48CB89543D252DB0D6FC1A29855E,关于暑期学校课后服务加强学业辅导的建议,"我是一名初中生家长,家住农村,家庭经济条件一般。我们家长平时都在工作,时间上很紧张,很难抽出时间辅导孩子功课。这个暑假孩子在学校参加课后服务,我们很感激学校提供了看管,但心里也有些担心:课后服务是不是只是把孩子集中起来写作业、自己看书,缺少老师针对性的指导?孩子马上要上初二,我们期望他将来能考上本科,可我们自己文化水平有限,家里也没条件报补习班。现在校外培训规范得严,我们更希望学校课后服务能真正帮孩子提升学习。孩子说作业量符合规定,睡得也够,但我们担心学习上的疑难没人解答,光靠他自己可能跟不上。恳请领导关注农村学校课后服务的质量,督促学校在课后服务中安排老师加强作业辅导和学科答疑,特别是数学、英语这些我们辅导不了的科目,同时不要额外收费增加我们负担。让孩子在课后服务里不仅有人管,更能学有所获,不辜负家长的期望。"
0B528DEE140C7E5011B60A91141E22AB10AAB4C34A76E4AA1A98FE90290F4F69,关于乡村初中课后服务提质与保障的留言,"领导好,我是一名中部农村初中学生的家长。我们夫妻平时工作忙,很难腾出时间辅导孩子。这个暑假孩子参加了学校课后服务,但我们担心服务内容比较单一,作业辅导和兴趣活动可能不够充实。现在校外学科类培训选择少了,我们家庭收入也不高,更指望学校能提供有效的课后学业支持。恳请政府督促学校提升课后服务质量,增加作业答疑和文体活动,保障好课后服务的师资和经费,让农村孩子也能享受到实实在在的课后教育。"
25C66A96D3B59682DD8CF13587164044C68A799333517B501AA4EE7D494B1F78,关于保障农村非公办学校课后服务质量的诉求,"我家孩子上初中,不是毕业班,我们住在中部农村,家里经济条件一般,夫妻俩都要工作,平时时间很紧。孩子目前参加了学校的课后服务,我们很需要这项服务来帮助照看孩子和辅导作业。但我们担心,我们这里的学校不是公办,资源有限,课后服务可能只是简单看管,缺少老师指导和活动,甚至可能变相收费,加重我们负担。听说政策要求学校加强作业指导、控制书面作业不超过90分钟,也要求课后服务自愿、内容丰富,但到我们农村非公办学校能不能落实,我们心里没底。希望领导能关注农村非公办学校的课后服务保障,加强经费和师资支持,规范收费,确保课后服务真正帮助孩子完成作业、发展兴趣,让我们家长安心工作,不用被迫去找校外培训。也请继续监管学科类培训,别让课后服务跟不上又把我们推向高额补课。"
001489D07A420763FDE6BD98930C0415F8B1E2234FB55A5D4796944D9F9E4DDD,关于提升农村初中课后服务质量的建议,"领导您好,我是农村一名初中生的家长。我们夫妻都在外打工,家里老人孩子多,平时时间紧,孩子学习基本靠学校。这个暑假孩子参加了学校的课后服务,我们很感激,但心里还是有点不踏实:农村学校条件有限,课后服务会不会只是简单看管?孩子作业能不能在学校得到老师指导?我们家庭条件一般,以前也没给孩子报过补习班,现在外面培训班少了,我们更希望学校课后服务能真正帮孩子把作业弄懂,还能有点兴趣活动。孩子以后想考大学,我们文化不高,辅导不了。希望领导能关心一下农村初中的课后服务,督促学校把内容做实,保障好师资和经费。谢谢。"
8059B9C9F37D53CB326B56DA7C678AEB907206C81C30D582798F291F6EE133D4,关于新学期课后服务与作业管理的建议,"领导您好,我是一名初中生家长,孩子就读的是公办重点学校,家离学校不远。现在正值暑假,很快就要开学,我特别关心新学期学校的课后服务和作业管理能不能真正落实到位。我们夫妻都在上班,家里照看孩子的人手少,我们自己文化程度不高,辅导初中功课越来越吃力。孩子以前没上过学科辅导班,睡眠也一直比较足,我们希望孩子能靠校内学习考上大学。最近听说上面要求学校加强作业统筹、提升课后服务质量,我们很期待,但也担心有的学校只是安排老师看班,内容不丰富,或者作业总量还是控制不好。希望区里和学校能真正把课后服务做成对孩子学习有帮助的活动,同时严格按时间上限控制书面作业,让像我们这样双职工、文化程度有限的家庭不再为辅导发愁,也避免家长被迫去找校外培训。谢谢领导。"
B75F194F8906EABCD213ACD3B978126FBC2A3C0C43A22DAA139B756D187889CC,关于严查暑假违规补课收费并落实课后服务的建议,"我是一名初中学生的家长,孩子目前放暑假在家。最近听说省内有些学校在暑假组织学生补课并收取费用,虽然我们家孩子没有参加,但心里很担心。孩子平时作业量基本符合规定,睡眠也足,我们就是希望他能健康长大。暑假本来是孩子休息调整的时间,如果学校以补课名义收费,不仅加重家庭经济负担,也影响孩子身心健康。希望领导能督促教育部门严查假期违规补课收费问题,同时指导学校新学期把课后服务落实好,让孩子在校内就能完成大部分学习任务,不用在外面找补课。"
2B583C1C10BD69642DB384A013D059E2C9DC83B7874160D5F5BC7D650D8A8378,关于落实初中课后服务并防止变相补课收费的诉求,"领导您好,我是一名初中学生的家长。我们夫妻俩平时都要上班,家里照看孩子的人手少,孩子马上要开学了。我们最关心的是学校课后服务能不能真正落实好。孩子现在作业量还比较正常,但等开学后,如果没有课后服务,我们下班晚接不上,孩子作业我们也辅导不了。听说现在要求学校提供课后服务,自愿参加、内容多样,还能衔接家长下班时间,我们很期盼。但也担心有的学校会借课后服务名义搞变相补课或者另外收费,以前就听说过类似情况,心里不踏实。希望领导能督促学校严格执行自愿原则,真正开展作业辅导和文体活动,不要增加孩子负担,也不要让家长额外花钱。我们这里老师本来负担就比较重,也担心课后服务师资跟不上,影响质量。请领导关注一下,让我们家长能安心工作,孩子也能得到好的照顾和辅导。"
70D47EC83751B11D545389B63314F5D23715AC3EB8C4D085F6DB3FAE524223C1,关于督促学校规范课后服务避免变相补课收费的请求,"领导您好,我是西部一名公办初中学生的家长。孩子就读的是重点学校,我们夫妻都在上班,文化程度不高,平时主要靠学校管孩子。最近看到新政策要求学校统筹作业、规范校外培训、完善课后服务,我们很支持。但我也担心,像我们这种重点学校,老师教学压力大,课后服务会不会变成变相补课或者收钱?以前也听说过有学校借补课收费的事。我们家孩子现在作业时间还算符合规定,但开学后如果课后服务搞不好,要么增加负担,要么没人管。希望领导能督促学校在开学前把课后服务的时间、内容、收费和自愿原则都公开清楚,加强监督,别让好政策走样。我们家长文化低,看不懂太复杂的通知,希望政府能帮我们把关。"
2B2E1F3657A001BC05E00143C970D0C66766D96A31633775F7711664ABB291C4,关于提升初中课后服务质量的建议,"领导您好。我是西部一名初中学生的家长,孩子就读公办重点初中,目前作业负担控制得不错,我们此前也没有给孩子报过校外学科培训班。这学期孩子参加了学校的课后服务,但我们发现服务内容比较单一,主要是让孩子自己写作业,老师很少进行针对性辅导,体育、科技、艺术类活动也不够丰富。我们家长文化程度不高,辅导初中功课越来越吃力,现在校外学科培训又大幅减少,我们非常希望孩子能在学校课后服务中得到更多的学习帮助和兴趣培养。恳请政府督促学校完善课后服务,配备足够的老师进行作业答疑和学法指导,同时丰富活动内容,保障课后服务的师资和经费,真正把好事办好,让我们家长放心。"
03ADEFB78177A1FDCBC4496830CB06FCBB4C3961D238059BCB4DE1EAF8CA6C20,希望加强初中课后服务监管防止变相补课收费,"领导您好。我家孩子在读初中,这学期参加了学校课后服务。我们两口子都在上班,课后服务确实能解决接孩子和辅导作业的难处。但最近听一些家长说,有的学校课后服务会用来统一上课或者变相收补课费,我们孩子学校目前还没发现,不过心里总是担心。希望区里能加强对初中课后服务开展情况的检查,明确要求学校不得借课后服务名义补课或收取额外费用,坚持自愿参加,内容多样化,真正让孩子在学校把作业完成好,也能参加一些文体活动。另外,过去有的学校一个班八九十人,老师根本顾不过来,课后服务质量更没保障,也希望领导关注班级人数问题,别让课后服务走样。谢谢。"
4CDAF6FEB1365C8C5C4F3E3FDC8B5BF8CED94A27BC35D88A03638F9AFEBB9318,关于学校课后服务内容与收费规范的诉求,"领导好,我是一名初中生家长,孩子在本地一所公办初中就读。我和爱人都在上班,家里人手少,放学接送和照看一直有困难,所以很需要学校课后服务。这个月孩子已经参加了课后服务,每天时间不少,但我们不太清楚具体安排了什么。我们担心课后服务只是让孩子坐在教室写作业,甚至变相补课,没有真正提供丰富的活动。以前也听说过一些学校以补课名义收费,我们不想再遇到这种情况。现在政策要求课后服务自愿、内容多样、经费有保障,希望学校能落实,多安排体育、艺术、科技等内容,让孩子放学后能安全、有意义地度过。同时请领导督促学校规范收费,不要增加我们双职工家庭的负担。谢谢。"
1FB9454E32A891B4977781996B9CA7FC2D16BA4A0BB7F922A4F574127C14BC87,关于关注学校课后服务质量与自愿性的诉求,"领导好,我是一名初中生家长。孩子不在毕业年级,我们两口子都上班,文化程度不高,辅导作业有些吃力。这个月学校课后服务开始了,孩子也参加了。听说课后服务要求自愿参加、内容多样,我们很关心孩子在学校这段时间到底怎么过,是不是真自愿,内容有没有效果。希望领导能督促学校把课后服务安排好,多些辅导和活动,别变成变相补课或者额外加负担,也让我们这样的家庭能放心。"
50C205A877A403B96CA1E314048ACCBFA561F168F40A22C89F8931325DF44909,希望学校课后服务增加学业辅导和拓展活动,"领导您好,我是一名初中孩子的家长。我们夫妻都在上班,暑假孩子参加了学校课后服务,每天时间不算短,但我们心里还是不太踏实。我们文化程度不高,辅导不了孩子作业,校外学科培训班现在也少了,我们本来也没给孩子报过,就指望学校课后服务能实实在在帮上忙。目前最担心的是课后服务会不会只是看管,缺少老师答疑和有针对性的学科辅导。孩子书面作业量倒是符合规定,但遇到不会的题我们也没办法。希望政府能督促学校用好课后服务时间,增加作业辅导和分层指导,同时多安排些体育、阅读、科学活动,让孩子暑假过得充实,也让我们家长安心。开学后也请继续保证课后服务质量,真正减轻我们的负担。"
5F531C0340FCC05197A584FCE0F76990306580A58B0F501AD837233467E6750D,关于规范初中课后服务内容与收费的建议,"尊敬的领导,您好。我家孩子就读于本地一所公办初中,今年暑假参加了学校组织的课后服务。按照要求,课后服务应当坚持自愿、时间衔接、内容多样,但我们家长有些担心学校在具体落实时出现走样。我们这一带过去曾听说有学校以补课名义向学生收费,加重了家庭负担。现在孩子每天参加课后服务,我们希望学校不要把它变成变相补课或额外收费,而是真正安排一些体育、艺术、阅读等拓展活动,让孩子在假期既能得到照看,又能休息好、发展兴趣。同时,也希望有关部门加强监督,确保自愿参加原则落实到位,不要让家长和孩子被迫参与。我们家经济条件还可以,但也不想花冤枉钱,更不想孩子压力太大。谢谢领导关注。"
6B8616D53D13237596150A2FC7E7100D0FB030122AE0AA18676C00EC61A9C693,请规范暑假课后服务防止变相补课收费,"领导您好。我的孩子现在上初中,这个月按照学校安排参加了暑假课后服务。作为家长,我们本来很支持这项服务,希望孩子能在学校安全度过假期,也能有一些素质拓展。但最近听说我们这里一些学校以前存在利用假期补课收费的情况,甚至有的班额较大,老师负担重,课后服务容易变成集体上课或讲新课。我家孩子目前作业量没有超过规定,但我担心如果暑假课后服务内容不明确、监管跟不上,会变成变相补课,加重孩子负担,也会让没有参加的孩子吃亏。希望领导能关注暑假课后服务的实际开展情况,督促学校严格执行自愿参加、内容多样的要求,不要变相组织集体教学或收取费用,并且把每天的时间真正用于作业指导、兴趣活动、体育锻炼等,而不是简单看管或刷题。同时能不能对师资和经费保障再明确一些,让老师有精力做好服务,家长也能放心。"
EB109787B6C5A7D91547525908C8D5AC4A40398D57F6CB602B5814E6175C60BC,关于规范学校暑假课后服务的诉求,"领导您好,我家孩子就读于本地一所公办重点初中,目前是初中非毕业年级。今年暑假,孩子参加了学校提供的课后服务,我们作为双职工家庭,确实需要这样的服务来兼顾工作和照看。按照政策,课后服务应当坚持自愿参加、内容多样,并由地方保障师资和经费。我们也看到过一些本地学校违规收费的反映,所以对课后服务的收费问题比较敏感。希望领导能督促教育部门对学校暑假课后服务开展检查,重点核实是否存在变相收费、内容单一或强制参加等问题,并公开监督举报渠道,让我们家长能放心。谢谢。"
6023EDBA5630173B7AB9CF09EA96846859E2F5C0AA5A1839C201D2D9D70C8D6E,关于加强初中课后服务内容与师资保障的建议,"领导好,我是西部地区一名初中生家长。孩子就读公办重点初中,家里大人都在上班,照看人手少。暑假期间孩子参加了学校课后服务,每天有两个小时左右,我们很支持。但心里也有担忧:课后服务会不会只是看着写作业,缺少体育、阅读、科技等多样化活动?师资和经费能不能长期稳定保障?会不会变相上新课或补课?孩子目前作业时间符合规定,睡眠也比较充足,我们文化程度不高,辅导学习吃力。就怕开学后课后服务落实不好,压力又回到家庭,逼着我们再去外面想办法。希望政府能加大对西部学校课后服务的督导和投入,明确内容标准,保障教师合理报酬,让家长真正安心。"
6C6B8C874DD7AA7E7BD3A1AEE39BCE1E264FCF8C8473A81480D053B0FB5F54A6,关于暑期学校课后服务是否变相补课收费的担忧,"领导好,我家孩子正在上初中,这个暑假参加了学校的课后服务。我了解到现在政策要求学校课后服务要自愿参加、时间衔接、内容多样,也知道学科类培训管得很严。但我心里一直不踏实,因为我们这边以前有过学校以补课名义向学生收费的情况,虽然现在管得严,但孩子学校是重点学校,我们家长文化不高,怕学校借着课后服务的名义搞变相补课或者另外收钱。希望领导能关注一下学校暑期课后服务的具体安排,确保真的是自愿的,不收额外费用,内容也不要变成集体上新课或补课,让孩子假期能真正休息好。另外孩子平时作业时间看起来符合规定,睡眠也还够,我们不想因为假期安排打乱这个节奏。"
AEB08E3038608486D23C86DF24E3495603E701FB4F728B01A245497DE238547A,关于开学后课后服务与作业管理的担忧,"领导您好,我家孩子是西部地区一所公办初中学生,今年暑假参加了学校课后服务,对我们双职工家庭帮助很大。但听说本地初中老师负担比较重,学校也多,担心开学后课后服务会变成集体上课或变相补课,甚至出现收费,反而增加孩子压力。孩子目前书面作业时间虽然符合规定,但希望学校继续严控作业总量,利用课后服务加强校内作业指导,让孩子大部分作业在学校完成,回家能保证充足睡眠。请领导督促学校落实自愿参加、内容多样和时间衔接,保障师资和经费,不要让课后服务流于形式,也不要借机违规收费补课。"
0CFE4B298161E9F148C524128AE58ECC036C53FBA28018AACA934551A4B39585,关于规范暑假学校课后服务的诉求,"领导您好,我是西部某地一名初中生家长。孩子目前在公办初中就读,暑假期间参加了学校的课后服务。我们了解到相关政策要求课后服务应当遵循自愿原则,内容多样,不得变相补课或收费。但作为家长,我心里还是有些顾虑:一方面我们夫妻都要上班,文化程度也不高,辅导孩子学习能力有限,很希望学校的课后服务能真正帮到孩子;另一方面,之前听说过有的学校假期组织活动存在收费或补课的情况,所以对现在学校的具体做法不太放心。孩子本月参加了课后服务,但我们不清楚具体安排是否完全自愿,有没有额外收费,内容是否符合规定。希望领导能督促教育部门对学校暑假课后服务的开展情况进行核实,确保自愿、免费、内容适合初中生,并向家长公开安排,接受社会监督,让我们家长能安心工作,孩子也能度过一个有意义的暑假。"
DFBBDAF2E62D42FF2CB47D27A1DCAEA511F6312633D4D531BAEED00F56847BEF,希望提升学校暑期托管服务质量,"我是初中生家长。暑假学校有托管服务,孩子参加了,解决了我们双职工看护难题,非常感谢。但我们担心托管内容不够丰富,可能只是看管写作业,缺少老师辅导和文体活动。我们夫妻文化程度不高,辅导孩子学习力不从心,现在校外培训班又少了,希望领导能督促学校把假期托管和开学后的课后服务办得更好,多安排老师答疑、阅读、运动和安全教育,真正减轻家长负担,促进孩子成长。"
F535018EA07BB3C34429E04599A33370BBC8D6DABFE62775CF31DEA9F5A06DF7,关注初中课后服务规范与收费问题的留言,"领导您好,我是一名初中生家长。孩子目前在本市一所公办重点初中就读,暑假期间参加了学校的课后服务。从目前情况看,孩子书面作业时间基本符合规定,但心里还是有些不踏实。身边和过去听说过一些学校借补课名义向学生收费的情况,所以特别担心新学期开学后,课后服务会不会变成变相补课或者另外收钱。希望领导能督促学校严格执行自愿参加原则,不要让课后服务成为集体教学或刷题,服务内容能真正丰富多样。同时希望明确课后服务的经费保障,不该由家长承担的不要转嫁给我们,收费项目要公开透明。另外也请关注一下班级人数和老师配备,保证课后服务有质量。我们双职工家庭确实需要课后服务,但更希望孩子能在学校里得到安全、合适的安排。谢谢。"
5E6716864B423A5913DC745B546E2EB31CCBB2719576C37802634F535EEF6D5D,关于规范暑期课后服务避免变相补课收费的诉求,"您好。我家孩子在公办初中读书,今年暑假参加了学校提供的课后服务。学校是重点校,平时离家近,我们做父母的都在上班,文化程度不高,对政策理解有限,但很关心孩子的学习和休息。现在上级要求课后服务自愿参加、时间衔接、内容多样,也要求规范校外培训。可我们这一带以前有过学校在八月组织补课并按人头收费的情况,虽然我家孩子目前没有遇到,作业也符合规定,但我担心学校课后服务会不会慢慢变成变相补课收费,或者只是把孩子集中看管,既增加家庭负担,又占用假期时间。希望领导能督促学校把课后服务的内容、收费和师资保障讲清楚,加强暑期服务项目的监管,真正提供多样活动,不要走回补课收费的老路。"
F3FD79F31BB8DCCD0B392E7BAC875CD9150ECAD15B725B1590FCA3B513840F03,关于暑假学校课后服务是否变相补课收费的反映,"领导您好。我是西部某地一名初中生家长,孩子目前在公办重点学校就读,非毕业年级。这个暑假学校提供课后服务,孩子也参加了。政策要求课后服务应当自愿参加、内容多样、时间衔接,并且不得违规补课或收费。作为家长,我们支持课后服务的初衷,但也担心暑假期间课后服务是否真正自愿,内容是否会变成变相补课,是否涉及收费,是否加重孩子负担。过去我们也看到过本地有补课收费之类的反映,所以更加关注这一点。希望领导能责成教育部门对该校暑假课后服务的安排进行核实,确保自愿原则落实,内容规范,收费合规,不要让孩子假期负担过重。我们会积极配合学校,谢谢。"
EA2ED7AC57EF601C0D4D2CB1046B0296BB72A01606C19072A9099C35D9CF475A,关于规范农村小学暑假书面作业的请求,"我家孩子就读于农村公办小学,目前不是毕业年级。这个月孩子的书面作业完成情况没有达到当前规定的不超过60分钟的要求。我们夫妻都在上班,家庭时间比较紧,经济收入也有限,没办法给孩子额外报班辅导。孩子完成书面作业的时间偏长,我们担心长期这样会影响睡眠和身体发育,也怕孩子因此产生厌学情绪。我们希望学校能统筹好作业总量和设计质量,严格落实小学生作业时长规定,不要让孩子把过多时间耗在机械抄写上。开学后,能否让学校利用课后服务提供作业指导,让孩子尽量在校内完成书面任务,减轻农村家庭的辅导压力?我们愿意配合学校,但确实感到力不从心。"
8042874410BF3F492CAD7515EDE9811C1E71973872B311729C396BE32C395A33,关于减轻小学生暑假书面作业负担的诉求,"领导您好,我是一名乡镇小学生家长。孩子暑假期间的书面作业明显偏多,每天要花一个多小时才能完成,已经超过规定的60分钟。我们家庭经济条件一般,父母都要上班,晚上陪孩子写作业很吃力,孩子也经常写到很晚,担心影响睡眠和身体。希望教育部门能核查学校作业布置情况,督促学校严格执行作业总量和时长要求,提高作业设计质量,减少机械重复性作业,并利用课后服务加强作业指导,减轻家长负担。谢谢。"
12198E1162A4C554714D345D16CB0EA865C55570643EEF7E5087E157D03892ED,乡村小学暑假书面作业超时盼督促落实管理要求,"领导您好,我是一名乡村小学生的家长。孩子今年不在升学衔接年级,但这个暑假的书面作业明显偏多,按照现行规定,小学阶段的书面作业平均完成时间不应超过六十分钟,可我家孩子这个月的书面作业完成时间已经超过了规定的一小时。我和孩子爸爸都在外上班,家里老人照看孩子,没有太多精力辅导,孩子也休息不好。我们这里学校不是重点校,但离得近,我们一直盼着学校能把作业管理抓起来。以前也听说过周边有学校不执行减负要求、变相加重负担的情况,我们很担心开学以后还是这样。希望领导能督促教育部门和学校,在开学后严格按照现有规范统筹书面作业总量和时长,提高作业设计质量,多利用课后服务时间指导孩子在校完成作业,真正减轻农村家庭的辅导压力。我们经济条件一般,校外培训负担不起,更希望学校能提供实实在在的课后支持。谢谢领导。"
6BA44319E5F8FF4B5ECAED841873FC4E0A0511C36F9F8C421F2E4F2F2A2ADFFB,关于减轻小学生书面作业负担和加强课后服务的诉求,"领导您好,我是中部地区一名小学生家长。孩子目前在乡村公办小学就读。最近我注意到孩子书面作业用时似乎偏长,虽然现在还是暑假,但作为家长很担心开学后作业负担会更重。我们家庭经济条件一般,父母都要上班,家里还有多位老人需要照顾,平时辅导孩子作业的时间和精力确实有限。了解到目前有规定要求小学生书面作业平均完成时间不超过60分钟,希望教育部门能在新学期开始前,对学校的作业管理进行一次检查督导,督促老师合理布置作业、控制总量,并利用好课后服务时间,让孩子尽量在学校完成作业,减轻我们家长的负担。也希望课后服务能真正落实自愿原则,内容丰富一些,不要变成变相补课。孩子身体和心理健康最重要,我们做家长的都希望孩子能睡够、玩好、学扎实,而不是被作业压得喘不过气。恳请领导重视乡村学校减负落实问题,让我们家长能安心工作,孩子能健康成长。"
FCF457CE487F2AA7807965B5633B5B5C2FF6C066530C90BA2C0CF50E55DEA183,关于提升乡村小学课后服务质量的建议,"领导好,我是一名乡村小学学生的家长。孩子就读公办小学,家里经济条件一般,我和爱人都要上班,能辅导孩子的时间有限。现在马上要春季开学了。按照课后服务要求,学校原则上每天提供不少于两小时的服务,内容应多样、时间要衔接。但当前我们家孩子没有参加课后服务,主要担心乡村学校课后服务只是集中看管,作业指导和素质拓展不够,对孩子帮助不大。现在校外学科培训已经明显减少,像我们这样的家庭也负担不起高价培训,更希望学校课后服务能把作业辅导和阅读、体育、科学等活动做扎实。恳请领导督促学校在开学后丰富课后服务内容,加强作业指导,让有需要的农村孩子真正受益。"
6B449959E304B72D3FB3DD18190445540889C0CF415EE34F357746C01D0C7C75,"乡村小学课后服务盼落实,别让自愿变负担","领导好,我是中部省份一个乡村小学生的家长。我们夫妻都要上班,孩子放学后接送和辅导一直是个难题。现在知道学校有课后服务,原则上每周5天、每天至少2小时,但我家孩子目前没有参加,主要是担心乡村学校师资有限,课后服务可能只是简单看管,甚至变成变相补课或收费。现在校外学科培训少了,我们也不打算给孩子报班,更希望学校能把课后服务真正办好,提供作业辅导和文体活动,让孩子在学校完成作业,减轻家长负担。新学期马上开始,恳请领导关注乡村学校课后服务的实际保障,督促学校自愿、规范、高质量地开展,别让好政策在基层走样,别让自愿参加变成家长的另一种负担。"
E256807F58A36713011256AF5C72B740DBF3D210758CC210649D985600C5C148,关于农村小学课后服务落实与质量的诉求,"领导您好。我们是中部农村的一名小学生家长,夫妻双方都在上班,家里时间不算宽裕。孩子目前在公办小学就读,学校离家不远。这个月我们没有让孩子参加课后服务,主要是对服务质量还不放心。身边有家长反映,个别学校课后服务容易变成变相补课或者只是看着写作业,内容比较单一,孩子兴趣不大。我们现在最担心的是,如果课后服务不能真正按照自愿原则和多样化要求来办,我们这样的双职工家庭既不敢放心把孩子留在学校,又很难在工作日抽出足够时间辅导和接送。希望政府能督促学校把课后服务做扎实,保证每天不少于两小时的时间里既有作业指导,也有体育、阅读、科普等孩子愿意参加的内容,并且严格禁止借课后服务名义集体补课或增加负担。另外,也希望在师资和经费上给予农村学校更多保障,让老师有精力把服务做好。这样我们才敢让孩子参加,也才能真正缓解家庭压力。谢谢。"
4765BC0858F70D61B5B61CBE9B8DDFA8FD6307E7E3C9B29C760BC564CE3B932D,关于乡村小学课后服务支持与质量提升的请求,"领导您好,我们是中部地区一个乡村小学的学生家长。家里孩子上小学,不是毕业班,学校是公办普通学校,离家比较近。我和孩子爸爸都在工作,家庭经济条件一般,平时接送和辅导的时间不算特别宽裕,但也能基本照顾。我们对孩子期望比较高,希望孩子将来能读博士。 政策上现在要求学校提供课后服务,自愿参加,每天不少于2小时,内容应多样。但我们家孩子这个月没有参加学校的课后服务。我们了解到,有些地方课后服务内容比较单一,主要是看管写作业,兴趣和拓展活动少,对孩子的吸引力不足,也担心这样服务不能真正帮助孩子全面发展。我们家长也希望孩子放学后能有安全、丰富的活动,减轻辅导压力,但又不增加经济负担。 另外,我们之前在手机上看到同省有些地方反映老师上课不讲重点、课后要求学生补课的情况,虽然不清楚我们这里有没有,但作为乡村学校家长,我们也担心校内课堂教学质量,希望领导能重视乡村学校的教学和课后服务监管,让政策真正落实到我们这样普通农村家庭。 恳请有关部门督促学校提升课后服务质量,丰富内容,做好时间衔接,让自愿参加真正有意义;同时加强课堂教学质量检查,让家长放心。谢谢。"
E84D477D3D4C72821F714B973A91C201C32DC5A386C1511CA582D4DBAD498248,关于农村小学课后服务落实的诉求,"领导好。我家孩子在本村公办小学就读,我们夫妻都在上班,家里同住的人虽然不少,但白天各有各的事,辅导孩子学习确实吃力。家里经济条件一般,没有能力报校外班。现在政策要求学校提供课后服务,每周五天、每天至少两小时,可孩子这个月没有参加学校课后服务,我们也不清楚是暑假本来不安排,还是学校没有落实。最担心开学后课后服务在农村非重点学校变成走形式,老师不够、内容简单,只是把孩子看住,作业辅导和质量提升跟不上。希望党委政府能督促教育部门加大投入保障,把农村学校的课后服务真正做起来,让我们这样的双职工家庭能放心,孩子也能在学校得到更好的学习和成长。"
49CB9F23682F9A4D23F8A3E805D95BDECD84BD3D9CF67BA0C68799B78485219B,关于乡村小学新学期课后服务与作业质量的担忧,"领导您好,我是一名农村小学生的家长。孩子今年秋季开学后还在小学阶段,暑假快结束了,我想说说对新学期课后服务的担心。我们夫妻都在上班,家里老人和小孩多,晚上辅导作业精力实在有限,经济上也没有条件送孩子去校外培训。目前孩子书面作业时间虽然符合规定,但听说以前有些老师课上不讲重点、课后收费补课,现在校外培训管得严了,我们更担心校内课后服务跟不上。我们附近学校是普通公办小学,资源本来就一般,如果课后服务只是把学生集中看管,不辅导作业、不开展兴趣活动,孩子回家我们还是教不了,农村孩子会更吃亏。希望领导能督促学校把课后服务真正落实,统筹好作业总量和质量,加强作业指导,保障师资和经费,也请关注一下非重点乡村学校的资源倾斜。我们不是要学校违规加码,只是希望课后服务能解决家长实际困难,别让减负变成放羊。谢谢。"
484FA2108C0E689AF591C301CB94E50A45C36A33971879622C7D5AEFA45A59E5,关于村小课后服务和作业管理的期盼,"领导好,我是中部农村一所普通公办小学的家长。孩子现在上小学,暑假后开学我们最挂心的就是课后服务。按政策,学校课后服务每周五天、每天至少两个小时,可我们心里没底:内容是不是真能辅导作业、是不是自愿参加、老师有没有精力认真管?我们夫妻都上班,时间紧,经济上也不宽裕,之前没给孩子报过外面的学科班。现在校外培训少了,我们更盼着学校把课堂和作业抓好。最怕的是老师上课不讲透重点,课后服务又变成变相补课,或者只是让孩子干坐着。希望领导能督促学校把作业总量和课后服务质量管起来,让我们这样的普通家庭也能安心。"
9C1AF288F120845F50024FCE9A42B571F647934F96E0DFD24D9F605CC4D04A5E,关于乡村小学课后服务与作业管理的求助,"领导您好!我是一名中部农村小学生的家长。孩子读小学,我们夫妻都在打工,家里老人照看。暑假作业不多,但很担心开学后。听说学校要提供课后服务,每周五天每天两小时,可我们村小学条件有限,老师也少,不知道能不能真正开展,有没有老师辅导作业、开展活动。孩子这个月没参加课后服务,我们也在犹豫,如果质量不行,参加了也浪费时间。现在校外培训班少了,我们经济条件一般也上不起,只能指望学校。希望领导关注农村学校的课后服务和作业管理,多给农村学校配老师、给经费,让课后服务真正有内容、有质量,作业布置更科学,不要搞形式主义。谢谢!"
507DECE65AE2E05E9DCEF8BC71C95B26B9D1E445BEDC38620B109AB6D6E2C12D,关于乡村小学暑期课后服务延伸的请求,"领导您好。我们是中部地区乡村的一名小学生家长,孩子就读公办小学,非毕业年级。我们夫妻均需上班,家庭经济条件一般,孩子此前没有参加校外学科培训。本学期作业量符合规定,我们比较放心。但暑假期间,孩子在家,我们白天难以辅导学习,也没有经济能力报班。听说学校课后服务原则上每周五天、每天两小时,但暑假期间孩子没有参加相关服务,我们理解可能假期不安排。希望政府能协调学校或社区,在暑假期间提供一些公益性托管或学习活动,让孩子有去处、有人管,也能巩固学业,减轻家长负担。我们也很关心孩子的长远发展,期望他能读博士,但现实条件有限,希望政府多关注乡村孩子的假期教育。"
021243C50E252CFEA4FF22A7EAE470BE16282E5B0509E83C20A17596A5F7F058,关于乡村小学课后服务落实与质量的诉求,"领导好,我是农村小学孩子的家长,我们两口子都在上班,家里经济条件一般,孩子放学后接送和作业辅导一直是个难题。现在制度要求学校提供课后服务,每天至少120分钟,但我们担心乡村非重点学校师资和经费保障不到位,课后服务会变成单纯看管或者变相补课,活动内容单一,解决不了实际困难。孩子作业量目前虽然符合规定,但我们更希望课后服务能提供作业指导、阅读、体育等多样内容,让孩子自愿参加、真正受益,而不是增加负担。也希望领导督促教育部门保障农村学校课后服务经费和师资,加强质量监管,让政策落到实处。"
3068314B8B893939705CA243251CFF8ABC9D4D58FE903BEF30002F77ABBF9C69,"请加强农村学校课后服务实效,避免减负后孩子学业掉队","领导您好。我家孩子在本地一所公办小学读中低年级,不是毕业班。我们家庭经济条件一般,父母都要上班,家里人多但能专门辅导孩子学习的人少。现在校外学科培训基本停了,我们以前也没给孩子报过,所以特别依赖学校。这个暑假孩子没有参加学校课后服务,我们听说按规定每天应有两小时,但不清楚学校实际怎么安排,很担心只是让孩子坐着,没有老师辅导作业、开展阅读或兴趣活动。农村学校资源有限,如果课后服务流于形式,孩子放学后还是没人管学习,长期下来和城里孩子差距会更大。我们也怕个别老师把课上该讲的内容留到课后服务,或者课后服务变成变相补课,增加我们负担。希望领导能督促学校把课后服务做实,真正辅导作业、拓展素质,让我们家长能安心工作,孩子也能公平成长。"
CFF12265BCCBCA3467664833ECC8DC7FAA1D0B2E1261B151B2F2D982421DA460,关于新学期乡村小学课后服务与作业落实的诉求,"领导您好。我是中部乡村一名小学生的家长,孩子现在上小学,家里父母都在上班,日常照看孩子的时间比较紧。这个暑假孩子没参加学校的课后服务,书面作业量目前也符合规定。但我们心里还是没底:担心开学后学校课后服务内容不实用,时间衔接不好,孩子放学后没人管;也担心课堂质量跟不上,老师课上不讲重点,课后让补课。我们这边乡村学校条件有限,希望领导能督促教育部门和学校在新学期把课后服务做扎实,不要只是看写作业,最好安排阅读、体育、兴趣活动这些,同时加强作业总量和课堂质量监管,让我们家长放心。谢谢领导。"
5B85585A199E1E63524B948BAAA11665D87E3764058422800C5BE09C5FC8F0F9,关于提升农村学校课后服务质量的建议,"我是一名农村小学生的家长,孩子就读公办小学,我们夫妻平时都要上班,暑假期间孩子在家,虽然家里有人照看,但学业辅导上确实感到吃力。根据义务教育学校课后服务要求,学校原则上每周提供5天、每天至少120分钟课后服务,内容应多样并坚持自愿参加。但孩子这个月没有参加学校课后服务,我们担心开学后农村学校的课后服务是否能够真正落实,师资和内容能不能满足孩子需要。我们支持书面作业控制在60分钟以内,但也希望课后服务能提供有针对性的作业辅导和兴趣活动,帮助孩子在校内解决学习问题,减轻家长负担。恳请政府督促学校在新学期做好课后服务,坚持自愿原则,不搞变相强制,并对家庭经济困难的孩子给予费用减免,让农村孩子也能享受到有质量的教育服务。"
9E74A314E00E25A27806D091B34A16A753BC7ECF9CC7BCEB636CA5EE71611225,关于农村小学课后服务落实的诉求,"领导您好,我是一名农村小学生的家长。孩子马上要开学了,我们夫妻俩工作都忙,家里人手有限,孩子放学后的照看和作业辅导一直是个难题。现在学科类培训班少了,我们经济条件一般,也上不起高价辅导班,就盼着学校课后服务能真正帮上忙。但看以前有的学校课后服务只是简单看管,没有作业指导,也没有丰富的活动,我们很担心自己孩子学校也会这样。希望政府能多关心农村学校,把课后服务的经费和老师保障落实到位,加强监督,别让好政策在我们这里走过场。让孩子放学后能在学校里安全地写作业、参加一些兴趣活动,我们家长也能安心工作。"
181017095D36E45C6A69A75E2441A0CBE6138D2F6ED35704F5ED6111614FAC3D,关于农村小学课后服务落实与保障的诉求,"领导好,我是中部乡村一名小学生的家长。我们夫妻都在外上班,家里人多但照看孩子学习的时间有限,经济条件也一般。孩子目前在公办小学就读,暑假期间没有参加校外学科培训。现在临近开学,我最担心的是学校课后服务能不能真正办好。制度上说是自愿参加、内容多样,但我们农村学校师资和经费能不能跟上,我担心最后只是看管写作业,孩子不愿意去,家长还是得请假接孩子。孩子平时书面作业时间基本符合要求,但如果课后服务没有吸引力,周边学科培训又少了,像我们这样没条件辅导的家庭,孩子学习很容易落下。希望领导关注农村小学课后服务的实际保障,开学后能让老师有时间开展作业辅导和兴趣活动,真正解决我们双职工家庭的接送和辅导困难,让孩子不用靠补课也能学得扎实。谢谢。"
ECF2A9E72575EE0D86823A19ABE976FB7F02FD33DAC7B4A52AEB958AE4579559,关于农村小学课后服务落实与作业管理的诉求,"领导好,我是中部地区一名农村小学生的家长。孩子就读公办小学,家里经济条件一般,我们夫妻平时都在工作,照看孩子精力有限。马上要开学了,我最关心的是学校课后服务能不能真正落实。政策上要求学校每周提供5天、每天至少120分钟的课后服务,但孩子目前还没有参加。村里学校不是重点校,我担心课后服务只是走形式,内容单一,或者开学后作业负担又加重。以前也看到过一些农村学校减负政策落实不到位的反映,虽然我们家没有亲身经历,但心里还是没底。希望教育部门能在开学后对农村学校的课后服务和作业管理加强检查,公开监督渠道,让家长能放心。"
B1DF9FBD0F6E9C0AC738250F6E92D8D88455E0C503A35538D994928F7A96899C,关于规范小学书面作业和课后服务的建议,"领导您好,我是一名小学生家长,孩子就读公办小学非毕业年级。今年暑假,孩子的书面作业情况未能符合规定的时长要求,作为家长我们很着急。我们夫妻都要上班,家里老人照看,辅导作业精力有限,孩子写作业时间偏长,担心影响休息和视力。政策已经要求学校统筹作业总量、加强校内指导,但落实方面我们还没有明显感受。新学期即将开始,希望领导能督促学校严格执行作业时长规定,提高作业设计质量,并完善课后服务,让孩子自愿参加、在校完成大部分作业,真正减轻家长和孩子的负担。"
F39D7AF52714C805D9A31FE7D20CC894A43C36A43A4E5A8212445E4A6EDF03D5,关于小学暑假书面作业超时影响孩子身心健康的诉求,"领导您好,我家住东部某城镇,孩子就读公办小学非毕业年级。作为双职工家庭,我们平时工作较忙,辅导作业时间有限。今年暑假,学校布置的书面作业似乎偏多,孩子每天花在作业上的时间较长,我们很担心已经超过了现行规定的一个小时上限,长期下去会影响孩子的睡眠和视力,也挤占了体育锻炼和兴趣发展时间。听说现在要求学校统筹作业总量、加强校内指导、遵守时长上限,我们希望学校能真正落实,合理设计暑假作业,多布置一些实践性、阅读性任务,减少机械重复的书面抄写。同时,新学期开学后,希望学校能利用课后服务时间指导孩子完成大部分书面作业,减轻家长负担,让孩子回家后有充足休息。请相关部门关注督促,避免作业负担反弹。谢谢。"
FBA6ECDB5008B46DB05E5FBECE4BB85385CF2297338A1085525CA228C0F0139F,关于控制小学生书面作业时长并落实课后服务的建议,"领导好,我是一名小学生家长。孩子目前在公办小学就读,我们两口子都要上班,家里老人能帮忙但辅导作业精力有限。最近发现孩子书面作业用时经常超过规定时长,暑假期间作业量也不轻,我们担心开学后这种情况延续,影响孩子睡眠和身心健康。上级现在要求学校统筹作业总量和时长,加强校内指导,希望属地能督促学校真正落实,不要只停留在文件上。同时,希望学校课后服务能提供作业辅导,让孩子尽量在校完成书面作业,减轻家庭负担。我们理解老师也不容易,但作业超时确实让家长和孩子都很焦虑,盼望能得到重视和协调。"
DAFE76BB1B334656D37F834CE46EE86C6EE5589DBED2C99D1D29AB44E6401F15,关于小学生作业时长与课后服务保障的诉求,"尊敬的领导:您好。我是本地一名小学生家长,孩子就读公办小学非毕业年级。近期了解到孩子本月的书面作业情况未符合现行分学段时长规范,虽然具体作业量和实际用时尚未完全核实,但这一状态让我对开学后学校能否严格执行作业统筹要求感到担忧。作为双职工家庭,我们时间安排有一定约束,希望孩子能尽量在学校完成作业或得到指导,减少晚间负担。同时,学校课后服务是否已按要求落实自愿参加、时间衔接和内容多样,目前尚不清楚。恳请相关部门督促学校在新学期统筹好书面作业总量、时长与设计质量,并完善课后服务保障,确保有意愿的家庭能享受到规范、便利的服务。谢谢。"
A9E317C7A2FDB7E4D6FFFB609B277881C2F2A430DFCC704EEBE24BB1AE425035,关于提升小学课后服务质量减少家长对校外培训依赖的建议,"我是一名小学生家长,夫妻双方都在上班,家里老人精力有限,孩子放学后的照护和辅导一直是个难题。目前孩子参加了学校的课后服务,解决了接送的燃眉之急,但感觉课后服务内容比较单一,主要是看管写作业,缺乏有针对性的学习指导和丰富多彩的素质拓展活动。为了让孩子学业上不掉队,我们只能继续在外面报学科类培训班,虽然现在费用有所下降,但合规机构减少,选择面变窄,而且总归增加了家庭负担。我们理解国家规范校外培训的初衷,也希望孩子能全面发展。因此建议政府进一步加大对学校课后服务的投入和指导,丰富服务内容,提升服务质量,比如增加作业辅导、阅读指导以及体育、艺术、科技类活动,让我们这些双职工家庭能够真正安心,减少对校外培训的依赖。"
F12EEF8ECB0E02EF74733A61CEE73F3815C9F05539D5B7425619E05590E8F5A4,关于提升小学课后服务质量与学业支持的诉求,"领导您好。我家孩子读公办小学,我们夫妻都上班,家里老人帮衬,时间比较紧。这学期孩子作业量符合规定,睡眠也充足,但校外学科培训少了很多,费用虽降了,我们反而担心知识巩固不够。孩子每天都参加学校课后服务,可感觉更多是看管,作业辅导和兴趣拓展内容不够丰富。马上开学了,希望学校能把课后两小时真正用好,加强作业指导、针对性答疑,多安排体育、科学、阅读活动。另外,学科培训规范后,合法合规的补充渠道变少,像我们这样希望孩子将来考上好大学的家庭,很需要学校或公益平台提供分层学业支持。恳请领导关注课后服务的师资和经费保障,督促学校提升质量,别让课后托管流于形式,帮我们解决后顾之忧。"
05ED20A3ACCFE9E5114F6C4F7EBA6FCCFCC8CD6CA469136842D43BCBA96DC3DC,关于提升课后服务质量减轻校外培训负担的建议,"我家孩子是名小学生,目前参加学校课后服务,同时也在外面继续上学科类培训。虽然现在培训收费比以前低了些,但我们双职工家庭时间安排还是紧张,孩子课后服务结束后再赶去培训,晚上回来也比较晚。我们也不是不想完全依靠学校,只是学校课后服务在作业辅导和学科答疑上感觉还不够扎实,孩子有些学习问题还是需要额外补。希望领导能督促学校把课后服务内容做得更实,特别是加强作业指导和学科辅导,让孩子在校内就能解决大部分学习问题,这样我们也不用再花钱花时间在外面补课。另外,现在培训市场收缩,我们也担心已经交的学费能不能安全上完课,希望有关部门加强对学科类培训预收费的监管,保障我们家长的合法权益。谢谢。"
E26FD0F3E9A75281A710575195BFEAB3DE7BB99E4F8F18EF54787D6E69695F5C,关于优化课后服务内容、减少家长对校外培训依赖的建议,"领导您好。我家孩子目前上小学,我们夫妻都在上班,平时辅导时间有限,所以很关注放学后的安排。孩子本月参加了学校的课后服务,同时我们也在校外参加学科类培训。虽然培训收费有所下降,但我们注意到合规的培训资源明显减少,担心长期下去孩子的学业支持不足。课后服务的时间正好能衔接我们下班,但我们对学校课后服务具体安排了哪些内容不太清楚,不确定是否包含有针对性的作业辅导、学科拓展或补差。希望领导能关心一下学校课后服务的质量,指导学校丰富课后服务内容,增加作业辅导和培优补差,让我们家长能够减少对校外培训的依赖,也让孩子放学后真正有收获。谢谢。"
B6E8EC8BB95E511F1F07A72EA5B9D5CB3335D9E132896B0373691890F9F4C69E,关于提升学校课后服务质量减少校外培训依赖的建议,"我是一名小学生家长,孩子就读公办小学。目前孩子参加了学校的课后服务,每天约两小时,解决了我们双职工家庭的接送难题。但课后服务内容主要以看护为主,作业辅导和兴趣拓展不够深入,孩子回家后仍需要参加校外学科培训,增加了家庭经济和时间负担。虽然现在校外培训收费有所下降,但供给明显减少,选择面变窄,我们担心培训质量和稳定性。希望政府能指导学校进一步丰富课后服务内容,加强作业指导和个性化学习支持,开展更多有益身心的活动,让孩子在校内就能获得足够的教育支持,从而减少对校外培训的依赖,也减轻家长负担。"
2A3926F02E136EB259BBB581493F3E011A3170F2DED88DE938137D8BFDEBDCBB,关于课后服务与学科培训衔接的诉求,"领导好。我们孩子正在上小学,家庭双职工,经济条件尚可,但平时工作忙,孩子这个暑假参加了学校的课后服务。现在校外学科培训市场变化很大,我们虽然还在参加,费用确实降了,但能选的机构变少了,我们很担心后面培训突然中断,或者质量跟不上。学校课后服务时间是有,但我们不清楚除了看管,能不能在作业辅导、学习习惯培养上做得更扎实一些。我们希望上面能督促学校把课后服务的内容再丰富一些,特别是针对我们这种家长没时间辅导的家庭,让孩子在学校里就能解决大部分学习问题,不用总依赖校外培训。也请关注一下校外培训规范后,普通家庭孩子学习支持会不会出现空档。"
76CF633D49D39D60E4F4E34864D57A70738C608520627C90263C529D7EA508D6,"希望暑假课后服务能加强学业辅导,减少校外培训压力","领导您好,我是一名小学生的家长。孩子今年暑假参加了学校的课后服务,解决了我们双职工家庭的看护问题,很感谢。但作为家长,我们也有担心:现在校内书面作业时间控制得比较短,孩子放学后有不少空闲,我们怕知识掌握不牢,将来考大学受影响。虽然外面学科培训减少了,但我们还是花钱报了学科类辅导班。现在培训班选择少,来回接送和课业压力都不小。我们特别希望学校课后服务不只是看管,而是能加强作业辅导和学科巩固,多开展一些阅读、思维、兴趣活动,让孩子在学校就能把当天学习问题解决掉,这样我们也不用额外报班。请领导关心学校课后服务的实际内容和师资配备,让课后服务真正成为家长放心的选择,减轻家庭负担。"
652855F230C87553FBC8629F36243BFB10F018390FACA33F53A489308C0E5DDF,关于暑假课后服务与校外培训衔接的诉求,"我是一名小学生家长,孩子目前不在升学衔接年级。我们夫妻双方都在工作,暑假里孩子参加了学校课后服务,同时也在参加合规的学科类校外培训。现在校外培训市场供给收缩,我们担心后续合规选择变少,假期孩子的看护和学业辅导可能更依赖学校课后服务。希望相关部门能督促学校在暑假期间进一步丰富课后服务内容、做好时间衔接,同时引导合规培训资源稳定供给,帮助我们这样的双就业家庭减轻假期安排压力,让孩子过一个安全、充实的暑假。"
52AC45A4FAABECBEBDBF3351486A1B21247643A0DCCB6DD376F7BE2D87FFAC85,关于提升小学课后服务质量、减少家庭校外培训负担的建议,"领导您好。我是本地一名小学生家长,孩子目前在公办小学就读,我们夫妻双方都在上班,平时工作较忙。这个暑假孩子参加了学校提供的课后服务,每周五天、每天两小时以上,解决了我们部分看护难题,我们很感激。但我们发现课后服务内容比较单一,主要是集中看护和自主阅读,针对作业辅导和兴趣发展的安排不够系统。为了不让孩子学业落下,我们家仍然给孩子报了校外学科培训,虽然培训费用有所下降,但每月支出仍然不少,而且接送占用大量精力。我们希望政府能进一步督促学校提升课后服务质量,丰富课程内容,加强作业指导和个性化辅导,让孩子在校内就能获得更有效的学习支持,减少家庭对校外培训的依赖,也减轻双职工家庭的时间和经济压力。谢谢。"
E1B5A1F1C02A2B493380FD41396D9C5E76F24F6BCA64A5A3BDB1D6E01CD8B0D8,关于提升课后服务质量与规范校外培训衔接的建议,"您好,我是一名小学生家长。孩子就读公办小学,不在升学衔接年级。我们双职工家庭,平时工作较忙,家里老人能帮衬但精力有限,对孩子的学业一直比较上心。目前孩子参加了学校的课后服务,同时也还在参加校外的学科类培训。我们注意到校外培训市场变化很大,选择少了,收费虽然降了一些,但心里不踏实,担心哪天培训突然停掉,孩子学习衔接不上。学校课后服务时间是有保障的,但内容上能不能更丰富一些,作业辅导能不能更细致,让孩子在校内就能把学习问题解决好,减少我们对校外培训的依赖?暑假期间孩子也在参加课后服务,希望开学后能继续做好。我们支持规范校外培训,但希望政府在加强监管的同时,能督促学校把课后服务真正做实,增加一些学业巩固和兴趣拓展内容,让像我们这样有实际困难的家庭能安心。"
6FF8C6DB988426CA6BA72BC9D1EE31BC0FAE56197F9AB9516AE56FF247453473,关于提升校内课后服务质量减少家长培训依赖的诉求,"我是小学学生家长,孩子就读公办学校,目前不在升学衔接年级。家里父母都在上班,时间上比较紧。这个暑假孩子参加了学校的课后服务,我们也保留了一门合规的学科类培训。现在课外培训市场收缩,费用虽然降了,但选择变少了,我们越来越依赖学校课后服务。学校课后服务按规定每天至少有120分钟,时间不短,但我们担心实际内容只是集中看护,缺少对作业的讲解和有针对性的指导,也担心活动课程不够丰富,孩子长时间坐着没收获。希望教育部门能督促学校提升课后服务质量,把作业辅导、阅读、体育、科技等活动安排得更充实,让孩子尽量在学校解决学习问题,减少家庭对校外培训的依赖。同时,对继续开办的合规培训,希望能加强质量监管,让家长花钱放心、孩子学得有效。"
54B4FD8098B8B546FB01BC73842489C695F4C9DD011B363AF2D5C0FC82488A65,关于加强暑期课后服务质量和内容监管的诉求,"领导您好。我们是东部地区城镇的一名小学生家长,孩子目前就读于一所公办小学,不是重点学校。我们夫妻双方都需要工作,家庭时间安排比较紧张,孩子目前参加了学校的课后服务,同时也还在参加校外的学科类培训。我们理解现在对校外培训的管理越来越严格,也支持减轻家庭负担,但作为家长很担心暑假期间学校课后服务的内容和质量,尤其是像我们这样的非重点学校,资源可能不足。希望政府能够加强课后服务的内容设计和师资保障,特别是假期托管,提供多样化的学习和活动,让孩子在校内就能得到好的辅导和照看,减少我们对校外培训的依赖。也恳请加大对非重点学校的投入,让每个孩子都能享受到公平优质的教育服务。谢谢领导关心。"
AA0C5E5ED1B95DB3529319002C5DA583B187C5BFF1C40560C7B6DC8B94E6D72B,关于提升课后服务质量减轻家庭校外培训负担的诉求,"领导您好,我是一名小学生家长。孩子目前参加学校的课后服务,但作为双职工家庭,我们最担心的是课后服务内容比较单一,主要停留在看护和写作业层面,缺少有针对性的学业辅导和兴趣拓展。学校作业量虽然控制住了,但孩子学习上的一些薄弱环节还是需要有人指导。我们只能继续花钱报校外学科培训,好在这两年培训收费降了一些,但对我们家来说还是有些吃力。希望政府能进一步加强对学校课后服务的指导和保障,增加学业辅导、阅读、科学、艺术等多样化内容,真正让课后服务成为家长放心的选择,这样我们就不用再额外报班,也能减轻家庭的经济和照护压力。"
248AF3E52B6312E80859555FB32E73E6F743D0644323B23681873EBFEE71BE9F,关于提升课后服务质量与规范校外培训的建议,"领导您好。我是小学生家长,孩子目前在公办小学就读,平时参加学校课后服务,同时也参加了校外学科类培训。作为双职工家庭,我们时间有限,课后服务如果能做好作业辅导和素质拓展,就能减少我们对校外培训的依赖。但我们也担心课后服务内容不够丰富、师资保障不足,导致孩子课后服务参加了,校外培训还得上。现在学科类培训市场大幅收缩,合规机构减少,虽然费用负担有所下降,但可选择范围变窄,我们也担心预收费安全和培训质量。新学期马上开始,希望政府能督促学校提升课后服务质量,加强作业指导和个性化辅导,同时继续规范校外培训市场,保障家长和学生的合法权益,让我们能更安心地安排孩子的课后时间。"
B84B06B6B60B0679C743606A60811C1D7A239AD8FB4AD328F2C9D61A8248A49B,关于丰富课后服务内容与规范校外培训的建议,"我家孩子上小学,公办学校,离家近。我们夫妻都上班,家里老人多但辅导学习精力有限。孩子目前书面作业基本能在一小时内完成,睡眠也充足,但我们一直给他报着学科类校外培训。最近明显感觉校外培训选择少了,费用虽然降了点,但担心机构不稳定、质量没保障。学校课后服务我们也在参加,每天两个多小时,但不知道具体内容怎么样,担心可能只是看管写作业,缺少有针对性的辅导和兴趣拓展。我们经济上能承受一些培训费用,但不想把希望都押在校外。希望领导能督促学校把课后服务做实,增加作业辅导和多样化活动,同时加强对校外培训的规范管理,让家长少一些焦虑。"
7FB9A43D7730EFF01057BFB4318F1D4EAE5231D5BE60FC803BCC01349541D418,关于丰富小学课后服务内容减少校外培训依赖的建议,"我是孩子家长,目前孩子上小学,家是双职工,暑假孩子在学校参加课后服务,但学科类培训班明显变少,我们担心开学后孩子作业辅导和学业提升没保障,又不敢随便找不正规的班。希望领导能重视这个问题,让学校课后服务不只是看护,多安排老师辅导作业、答疑和兴趣活动,真正解决我们双职工家庭的后顾之忧,也让我们能放心减少对校外培训的依赖。同时希望继续规范培训市场,保障合规培训的供应和质量。"
3CD4B0840F59E680E513E268F7B3AC86C0A793131E03C173142E00E3BF7A6794,关于小学低年级书面家庭作业问题的留言,"领导您好,我是一名公办小学低年级学生的家长。按现行规定,孩子这个年级不应该布置书面家庭作业,但近期发现孩子仍有书面作业任务,与减负要求不符合。我们家庭经济条件一般,没有参加校外学科培训,只希望孩子能快乐学习、健康成长,回家有充足时间休息和阅读。希望教育部门能督促学校严格落实作业管理规定,不要布置书面家庭作业,可以改为阅读、运动、家务实践等非书面任务。另外,学校课后服务如果开展,希望能提供体育、艺术、阅读等内容,不要变成变相补课或增加书面任务,这样我们家长也放心。谢谢。"
748C6ABE8679184151886BDAD5BF498830B4CFE0066DC8885EBCF15BDEB661F3,关于作业负担与课后辅导的诉求,"领导您好,我是孩子就读公办小学的一名家长。孩子现在上小学,按照年级要求本不该有书面家庭作业,但这个月我们发现孩子的书面作业情况没有完全符合规范,心里有些担心。我们家长文化程度有限,家里经济条件也不宽裕,没能力给孩子报课外班,万一作业多了,辅导起来很吃力。现在学校也在推进课后服务,我们很希望课后服务能真正把作业辅导做起来,让孩子在校内就能完成作业,老师也能指导一下,这样既减轻家长负担,也避免孩子回家熬夜。同时请领导督促学校严格落实作业管理规定,控制好总量和时长,别让作业都压到家里。孩子睡眠一直还行,我们不想因为作业打破这个状态。希望领导能关注我们这类普通家庭的难处,谢谢。"
791E4F68D16D53CA25DE7A0FFE6C850436CEEF1EC2252C0BE4F101EA4D7280F0,关于小学暑假作业负担和课后服务落实的诉求,"领导好,我是一名普通小学生的家长。孩子今年暑假期间,我们注意到孩子这个月涉及书面作业的情况不符合现行年级规范,心里很不安。家里经济条件一般,我们家长文化程度有限,辅导孩子作业很吃力。以前就听说有的孩子作业写到晚上十点都写不完,我们真的很怕自己的娃也这样。现在政策要求学校统筹作业总量、加强校内指导,还要求完善课后服务,希望领导能督促学校真正落实,别让孩子把作业带回家,尽量在校内完成或参加有益活动,让孩子能睡够觉、休息好。恳请领导关注一下我们这样的普通家庭。"
EF2CE0CCA36E95AB73F4C3A68F38ADC33AFBFD2CDCC185014E69AC866257DA8B,关于小学书面作业负担与课后服务的诉求,"领导您好。我是一名小学生家长,孩子就读于公办小学。家里经济条件一般,我们文化程度不高,对孩子最大期望是能顺利完成初中学业。现在最担心的是开学后书面作业负担反弹,孩子写不完影响休息。我注意到这个月孩子的书面作业情况没有完全符合年级规范,心里很着急。听说现在有政策要求统筹作业总量和时长,加强校内指导,但我们怕落实不到位。另外,我们家长下班后接孩子和辅导作业有困难,希望学校课后服务能真正自愿参加、时间衔接好,内容实在一点,别变成变相补课或收费培训。请领导帮助督促学校把作业减负和课后服务落实到位,让孩子睡够觉,学习压力小一些。谢谢。"
D7077BB99E5335D22D2571F45950565B7FC7A7BF97CB06C72C7C6FBF83D49D86,请督促学校落实低年级作业减负并丰富课后服务,"您好。我是一名低年级小学生的家长。按现在的规定,低年级原则上不应该布置书面家庭作业,但我孩子这个月仍然有书面作业,有时在课后服务时间写不完,还要带回家继续写。孩子每天都参加学校课后服务,但课后服务基本是坐在教室里写作业或自习,很少安排体育活动、阅读或兴趣项目。我们家庭条件一般,没给孩子报校外辅导班,原本以为课后服务能让孩子在学校完成学习任务、回家轻松一点,结果作业压力还是带回了家。我们担心孩子长时间待在室内写作业,影响视力、运动和休息。希望领导能督促学校严格落实作业管理要求,不要给低年级孩子布置书面家庭作业,同时丰富课后服务内容,让孩子有更多体育锻炼和课外活动。谢谢。"
7813B5D7BD32B4442E1DD818203F5CCB4A172C45D184B0D93E70AEB83EFC649E,关于小学课后服务与作业管理的诉求,"领导您好。我家孩子就读公办小学,这个月参加了学校课后服务,但书面作业情况还是不符合年级应有的规范,我们有些担心。家里经济条件一般,大人文化程度也不高,辅导作业确实吃力。原本指望课后服务能把作业辅导好,让孩子在学校完成学习任务,回家不用再为作业发愁,可现在看效果还不明显。孩子睡眠时间充足,但如果作业负担减不下来,怕开学后更难。希望有关部门督促学校严格按要求控制书面作业总量,把课后服务时间真正利用起来,安排老师指导学生完成作业,丰富活动内容,而不是简单看管。谢谢。"
2F721380DCDD102C18BFA881331D3334928F08C76075BFE63F9E77C487CD0CF0,关于小学课后服务和书面作业问题的反映,"我是一名小学生家长。按现有规定,孩子这个年级本来不该布置书面家庭作业,可最近这一个月,我总觉得孩子回家后还是要写一些书面内容,担心学校没有完全执行减负要求。我们家也让孩子参加了学校课后服务,每天时间不短,但感觉更多是集中看管,没有把作业辅导和兴趣拓展落实到位。我们家长文化水平有限,经济上也没法额外请人辅导,如果课后服务能真正指导孩子在校完成学习任务,回家后不再有书面作业,孩子也能保证休息。希望领导能督促学校严格作业管理,提升课后服务质量,不要让孩子课后服务流于形式或变成变相补课。谢谢。"
065AB7AA401BF059A82B394AE9B343962A884DCB3B5AB5834DE4E0A1FB143FFA,关于落实小学阶段不布置书面家庭作业并加强课后服务作业指导的诉求,"领导您好。我是本地一名小学生家长,孩子就读公办小学,所在年级按规定原则上不布置书面家庭作业。但近期我们注意到,孩子本月书面作业情况仍不符合该年级的规范要求,作为家长很担心这样会影响孩子休息和睡眠,我们自身文化程度有限,辅导起来也吃力。 这学期孩子参加了学校课后服务,按规定每天至少两小时,我们原希望课后服务能帮助孩子完成校内学习任务、减轻回家负担,但目前看书面作业方面的问题没有明显改善,我们不清楚具体原因,也担心课后服务的作业指导作用没有充分发挥。 我们家经济条件一般,没有能力额外报班补课,所以特别希望学校能严格落实不布置书面家庭作业的规定,同时把课后服务时间用好,加强作业辅导和答疑,让孩子回家后能真正放松,保证充足睡眠。 恳请领导督促教育部门核实学校作业布置和课后服务开展情况,帮助我们解决实际困难。"
BF3E3128DC368CF5A92377403196FBACA822350A7507C228D20987D9056850E9,关于规范小学暑假课后服务及作业管理的请求,"我家孩子是公办小学非毕业年级学生,今年暑假参加了学校课后服务。按政策要求,课后服务应自愿参加、内容多样,我们也希望孩子假期有人看护、有活动参与。但是最近注意到孩子本月的书面作业情况,和我了解的小学该年级不布置书面家庭作业的规定不太一致,心里有些不安。我们家庭经济条件一般,家长文化程度不高,对学校具体安排了解有限,担心课后服务会变成变相补课或额外布置作业。希望上级部门能督促学校严格落实作业管理规定,规范课后服务内容,不要占用课后服务时间写作业或上课,多开展适合孩子的素质活动。同时希望课后服务能真正坚持自愿和公益原则,时间衔接合理,保障孩子假期休息和睡眠。"
6C83D29A85C1FFDDF618E37C0EAB310446B5770577BE4907532730E21CC6D819,关于小学课后服务期间书面作业安排的反映,"领导好。我是小学低年级学生的家长,孩子目前在公办学校就读,这个暑假也参加了学校提供的课后服务。按道理这个年级不应该布置书面家庭作业,但最近我发现孩子参加完课后服务,回家还是有一些书面任务,有时候会写得比较晚。作为家长,我们经济条件一般,也没有报学科培训班,就希望孩子在学校能完成该做的事情,回家能早点休息。可是现在课后服务参加了,作业负担反而没有减轻,我们担心这样下去孩子睡眠不足、压力大。听其他家长也说起过类似情况,有的孩子作业写到很晚。希望领导能关注学校课后服务的实际内容和作业管理,督促学校严格落实规定,不要变相增加书面作业,真正把课后时间用好。"
154129431EB379BD5F8FBA932096CFCCB01418408DDBC003E589EF419F786AE7,关于小学暑假书面作业负担的反映,"领导您好。孩子现在上小学,不是毕业年级。按现行要求,这个年级原则上不布置书面家庭作业,可这个月孩子的书面作业情况还是不符合规定。家里经济条件一般,我文化程度不高,辅导起来很吃力。孩子参加了学校课后服务,每天时间不短,但我们担心回家后还要应付书面作业,影响休息和睡眠。也看到过同省有家长反映作业写到很晚、老师只布置不辅导的情况,担心同样问题落到自己孩子身上。希望学校能真正落实作业管理要求,课后服务时间尽量安排老师指导孩子在校内完成学习任务,不要把书面作业带回家。恳请领导督促学校规范作业安排,保障孩子休息和活动时间。"
DD2EB30B54F4EB7F0AD053961C515703BA3CA9DC87432CA4E7A69437129DA846,关于减轻小学生暑假作业负担和优化课后服务的请求,"尊敬的领导: 我是一名小学生家长,孩子就读公办小学,目前不是毕业年级。家里经济条件一般,我和家人文化程度不高,辅导孩子功课比较吃力。这个暑假,孩子参加了学校的课后服务,但我们发现孩子本月的书面作业情况不符合他所在年级的规定,这让我们很担心作业负担会不会过重,影响孩子休息和成长。现在政策要求统筹作业总量、提升课后服务质量,我们很拥护。希望领导能督促学校严格落实作业管理要求,核实一下作业情况,同时把课后服务真正用好,让孩子在学校就能完成大部分书面作业,减轻我们这样的家庭的负担。 谢谢领导关心。"
EAA5CEC87B72BB66E33E9F22026D43E6618CE80B57E5C1BDBBC116443FAE446B,关于低年级书面作业与课后服务的诉求,"领导您好,我家孩子上小学,属于不应该布置书面家庭作业的年级。这个月我们发现孩子书面作业情况不太符合规定,虽然具体原因和作业量我们说不准,但作为家长心里有些担心。家里经济条件一般,家长文化程度有限,我们也没给孩子报过学科培训班,就希望孩子在学校能轻松一点,晚上早点睡。孩子现在参加了学校的课后服务,每天时间不短,但我们希望课后服务能多安排一些体育、阅读、手工之类的活动,而不是用来写作业或者上课。希望区里能督促学校严格执行作业规定,同时把课后服务内容规范好,真正减轻孩子负担。谢谢。"
7867C38CA81A844EB5BD9A19C50A0345B981ABDB3FE60694A74C55A9A7DC8B84,关于小学低年级作业管理和课后服务质量的诉求,"领导您好,我家孩子就读于公办普通小学低年级,家庭经济条件一般,我文化水平不高,辅导功课有困难。孩子现在每天都参加学校课后服务,我们很支持。但最近发现孩子书面作业情况不符合低年级不布置书面家庭作业的要求,我们担心作业负担会影响孩子休息和身体发育,毕竟孩子还小,原本睡眠时间一直比较充足。希望学校能严格落实作业管理规定,不要给孩子布置书面家庭作业,同时利用课后服务时间,老师能指导孩子在校完成必要的学习任务或开展阅读、文体活动,而不是简单看管。这样既能减轻家长辅导压力,也能保障孩子睡眠和健康成长。恳请领导关注并督促学校改进。"
F9ED3908C070DD975B4399CD8B75BCC75F327B7625BA587D748616E9666E06F7,希望加强课后服务作业辅导减轻家长负担,"领导好,我是本地一名小学生家长。孩子就读公办学校,本学期参加了学校课后服务。相关政策已经实行两年多,但近期仍感到孩子书面作业负担偏重,有时放学后还要在家继续写作业,影响休息。我们家长文化水平有限,经济条件也一般,无力辅导或请人补课。希望领导能督促学校真正落实作业管理和课后服务要求,利用课后服务时间指导孩子在校完成书面作业,不要让孩子把作业带回家,切实减轻学生和家长负担。"
93A8134A447A8DF596F8679AB203A2C3E6DED788E706702F782D5DBE171B1E7E,关于小学作业与课后服务的诉求,"领导您好,我是东部地区一名小学生的家长。孩子就读公办小学,家庭经济条件一般,我本人学历也不高。最近注意到孩子这个月的书面作业情况好像和年级规定不太一样,因为按规定这个年级原则上不布置书面家庭作业,但孩子似乎还有些书面作业,心里有些担心。另外,孩子参加了学校的课后服务,但不知道课后服务是不是真的在帮助孩子完成作业、减轻负担,还是只是看管。希望有关部门能督促学校严格落实作业管理规定,同时把课后服务做得更实在一些,真正帮我们这样的家庭解决实际困难。"
5DEDE8C9E1DF43F63C72C2AE3C08F928F0B54FC76719072C29F27710BFC0E8AF,关于低年级书面作业和课后服务内容的建议,"您好。我家孩子在公办小学读低年级,这个暑假也参加了学校组织的课后服务。我注意到孩子最近还有书面作业,这和低年级原则上不布置书面家庭作业的要求不太一致。我们家庭经济条件一般,父母文化程度也不高,没办法给孩子报外面的补习班,自己辅导也比较吃力。孩子平时睡眠时间比较充足,我也不想让他因为作业太晚休息。我有点担心课后服务如果只是看管或者让孩子写作业,对孩子帮助不大。希望学校能严格执行低年级不布置书面作业的规定,课后服务多安排一些体育、阅读、手工、兴趣小组等活动,最好也能提供一些学习上的辅导帮助,让我们这样没有条件上培训班的孩子在学校就能把知识掌握好。谢谢。"
042B337DFFE807AE299AD29F32BF8BD1C3C071776812A4D81CC229DAE4088897,希望学校课后服务能真正减轻书面作业负担,"领导您好,我是本地一名小学生家长。孩子就读公办小学,目前不是毕业年级。家里经济条件一般,我和家人文化程度有限,辅导作业比较吃力。现在学校有课后服务,孩子这个月也参加了,放学时间比以前晚一些,确实缓解了部分接送压力。但作为家长,我还是担心书面作业问题。按说低年级原则上不布置书面家庭作业,可实际中孩子似乎仍有一定书面任务,有时回家后还要写一会儿,感觉和规定要求有差距。我们也不清楚是学校布置的还是课后服务时段没能完成。希望有关部门能督促学校严格落实作业管理要求,把课后服务时间真正用于体育、阅读、兴趣活动等,不要变成变相补课或增加书面作业。孩子睡眠一直比较充足,我们最怕作业负担把这点优势也挤掉。谢谢领导关注。"
96923DF582B049D39061C5696F37423F64529E1C9ACDDD150F91C8BA0CAB4951,关于小学低年级书面作业问题的反映,"领导您好,我是一名公办小学学生的家长。孩子目前所在年级按国家规定原则上不应布置书面家庭作业,但这个暑假孩子参加学校课后服务期间,仍有书面作业需要完成,这不符合分学段作业时长规范。我们家庭经济条件一般,家长文化程度不高,辅导孩子作业比较吃力。孩子睡眠时间本来较充足,但现在因为作业有时睡得晚了。我们听说同省也有家长反映过作业过多的问题,希望这不是普遍现象。恳请领导关注学校作业管理落实情况,督促学校严格执行低年级不布置书面家庭作业的规定,同时丰富课后服务内容,多提供校内作业辅导和文体活动,切实减轻家长和孩子的负担。"
1EF5858A0835F901B86309DB113016D52A611344AD2C59B20598F93BBFE77EF5,关于小学生暑假书面作业负担的反映,"领导您好,我是一名小学生家长。孩子目前在公办小学读书,暑假期间本应好好休息,但最近发现孩子还是有书面作业,而且作业情况跟规定不太符合。按照要求,这个年级本来不应该布置书面家庭作业,可孩子实际还是有书面任务。我们家里经济条件一般,家长文化水平也不高,辅导起来很吃力,更担心作业多了影响孩子睡眠和成长。希望领导能关注一下,督促学校严格落实作业管理规定,真正减轻孩子的作业负担。孩子也参加了学校课后服务,但感觉作业问题还是没有明显改善,希望课后服务能更好地发挥作用。谢谢领导。"
5FD0A707BB198D3415EA29C49B1487350231B13E75621CCB41327241B39309FB,关于落实小学课后服务、缓解双职工家庭照护与学业辅导压力的建议,"领导您好,我是东部城镇一名小学生的家长。我们夫妻都在上班,家庭经济条件一般,平时工作忙,接送孩子和辅导作业一直很吃力。现在暑假快结束了,新学期即将开始,我们既期待又有些担心。孩子作业少了是好事,但我们下班晚,辅导时间和精力确实有限,怕孩子学习上遇到问题没人及时指导。校外培训班我们也负担不起,听说管理更严,我们更指望学校的课后服务能真正帮上忙。希望政府能督促学校把课后服务办好,不要只是看管,而是安排老师辅导作业、开展一些兴趣活动,同时保障老师待遇和经费,让服务时间能衔接我们的下班时间。也请关注学校之间条件差距,避免我们这样普通学校的孩子享受不到好资源。谢谢。"
4A266DB5D194F384E85743B359DA264C67916F9304EFED6F70508BCC244B6F8C,关于督促学校落实课后服务解决双职工家庭接送难题的请求,"领导好,我是本地一名小学生家长。我们夫妻都在上班,家里经济条件一般,老人也不在身边,孩子就读的是一所普通公办小学,每天接送时间紧、压力大。暑假快结束了,新学期最发愁的就是下午放学后孩子没人看管。听说现在要求学校完善课后服务,要自愿参加、时间衔接、内容多样,但我们很担心学校落实不到位,毕竟之前反映过学校资源不足、师资不稳定的问题。希望领导能督促学校在新学期真正把课后服务做起来,时间能衔接家长下班,内容上最好能安排老师指导孩子完成作业,再有点阅读、体育之类的活动。孩子现在书面作业时间虽然符合规定,但我们晚上回家辅导精力确实有限,如果课后服务能帮忙解决一部分,我们也能安心工作。请相关部门核查并协调落实,谢谢。"
540E00EC04390F2E97020911109A9EA221022ADB203C823EE8D7661CB8EAFF77,希望学校课后服务能真正解决双职工接送难题,"我家孩子上小学,不是毕业年级。我们夫妻都在上班,家里时间安排很紧,每天接送和课后看护是最大难题。以前我们没给孩子报学科类辅导班,主要靠家里老人帮忙,但老人精力也有限。最近听说义务教育学校要完善课后服务,强调自愿参加、时间衔接和内容多样,我们很期待。但之前也听过一些学校因为师资紧、资源有限,课后服务只是简单看管,甚至变成变相补课,我们担心自己孩子学校也这样。希望领导能督促学校在新学期真正把课后服务落实好,时间上能衔接家长下班,内容上除了看护还能有作业辅导、文体活动等,别让政策停在纸面上。另外我们这边学校师资负担较重,也请关注一下课后服务师资和经费保障,别让老师压力过大影响质量。"
1AB809ABA98C937FBA9A95B5586FF67DDDAAD57E590093BAB3E84EA4884CF26E,关于督促学校落实课后服务缓解双职工家庭困难的诉求,"领导您好,我是东部城镇一名小学生的家长。我们夫妻都在上班,家里老人帮衬有限,孩子放学后的接送和照护一直让我们很吃力。最近了解到政策要求学校完善课后服务,我们非常期盼,但不知道学校具体怎么落实。我们担心学校因为师资紧张,课后服务流于形式,或者时间不能真正衔接我们下班。同时,我们也希望学校在控制作业时长的同时,提高作业设计质量,让孩子在校内得到有效指导。恳请有关部门督促学校把课后服务做实,保障师资和经费,并向家长公开具体安排。这样我们才能安心工作,孩子也能得到良好照管。谢谢领导。"
910F2804AD295004E720CD79A3453887DB213935A2062E46BCFBAA67CA1165A6,关于课后服务时间衔接与家庭照护压力的诉求,"我家孩子就读小学公办学校,父母双方都在职,家庭经济条件一般,日常接送和辅导时间非常紧张。这个学期孩子参加了学校课后服务,每天原则上到下午较晚,但具体结束时间与家长下班时间仍可能衔接不上,且课后服务内容是否丰富、能否有效辅导作业,我们心里没底。政策上要求课后服务自愿、多样、时间衔接,我们非常支持,但实际执行中担心学校资源有限,课后服务变成“看管”甚至变相补课,反而增加孩子负担。另外,书面作业总量虽然有规定,但孩子回家后如果还有较多任务,会挤占睡眠时间,影响身体。希望领导能督促学校优化课后服务安排,保证服务时间真正覆盖家长下班通勤时段,提供作业辅导和体育、阅读等多样化活动,让孩子在校内完成大部分学习任务,回家能放松休息。这样既能减轻双职工家庭照护压力,也能保障孩子睡眠和健康成长。"
9D1B763BF11D1A1F4B0CF79AE0C961C180255CE58DF063982CD43C57948A7BBD,关于完善小学课后服务缓解双职工家庭看护压力的诉求,"我是一名小学生家长,孩子就读公办小学,非毕业年级。我们夫妻双方都在上班,家庭时间紧张,经济条件一般,确实很依赖学校课后服务。寒假快结束了,马上要春季开学,孩子目前也参加学校课后服务,每天原则上不少于两小时。但我们担心:一是课后服务内容不够多样,只是简单看管,孩子得不到有效指导;二是师资不稳定,放学时段安全管理有隐患;三是课后服务与作业指导衔接不好,开学后作业负担可能反弹,影响孩子睡眠。孩子平时睡眠较好,作业时间也基本在合理范围内,但我们不希望因为课后服务质量或作业设计问题破坏这种状态。恳请领导督促相关部门和学校完善课后服务,确保自愿参加、内容多样、时间衔接、安全管理到位,并保障师资和经费,让我们双职工家庭能安心工作,孩子健康成长。"
AFD1209042D584CF373870C1FA43144008C3E361C2595CF8323F4198EC49E260,关于课后服务质量和作业负担的担忧与建议,"我是本地一名小学生家长,家里两口子都要上班,时间比较紧,孩子这学期参加了学校课后服务,目前作业量也符合规定,我们很感激。但马上要开学了,心里还是有些担心。我们这边学校不多,老师负担听说比较重,课后服务虽然要求每天两小时,但怕学校落实不到位,只是简单看管,不能真正辅导孩子写作业,那孩子回家还得写,我们下班晚也顾不上。希望领导能督促学校把课后服务做好,安排足够老师,内容上多辅导作业、开展一些兴趣活动,不要变成补课或者放任不管。同时继续控制好书面作业总量,让孩子能在校内完成大部分作业,减轻我们双职工家庭的负担。谢谢。"
F6A670E5E368802C88C02786C0093C6A1268CDE09AFAE638D3CA3B317B7BD2A2,关于提升小学课后服务质量的诉求,"领导您好,我家孩子在公办小学就读,我们夫妻双方都在上班,家庭时间安排比较紧张。这个学期孩子参加了学校课后服务,本想着能缓解接送和照护压力,但目前比较担心课后服务内容是否丰富、质量有没有保障。作为普通工薪家庭,我们没有给孩子报过学科类培训班,更希望学校课后服务能提供作业辅导、体育活动或兴趣拓展。现在政策要求课后服务自愿参加、内容多样,但我们普通家长看不到具体安排,也不知道师资力量能不能跟上。希望领导能督促相关部门和学校把课后服务做实做细,真正解决双职工家庭的后顾之忧。"
DE0DA023D8C5875D95D83A8D5952356BB2DE101128E4B5DEFD3C6F5FB8511BFB,关于暑期学校课后服务内容与时间衔接的期盼,"领导您好,我是一名小学生家长,孩子就读公办小学。我们夫妻都上班,家庭经济条件一般,暑假里孩子参加学校课后服务,确实帮我们解决了看护难题。现在校外学科培训减少,我们也没有能力给孩子报太多兴趣班,所以很希望学校的课后服务能再丰富一些,比如增加作业辅导、阅读、体育和科学活动,让孩子假期过得更有收获,而不只是有人看着。另外我们下班时间较晚,期盼课后服务结束时间能更灵活一些,和家长下班衔接好,避免中间出现看护空档。也希望地方能继续保障课后服务的师资和经费,让这项服务长期稳定办下去,帮我们这样的普通双职工家庭减轻压力。"
36970EF1BE934D46C729086C971987BEEA6525970237913F61E00FC2D65C6601,关于提升学校课后服务质量的诉求,"我是一名小学生家长,孩子就读于公办小学。我们夫妻双方都在上班,家里照看人手有限,每天接送和陪伴孩子的时间很紧张。目前孩子参加学校的课后服务,确实缓解了我们的一部分困难。但我们担心课后服务的内容比较单一,有时只是让孩子自己写作业或自由活动,辅导老师更换频繁,孩子在课后得不到稳定的作业指导和兴趣培养。现在校外学科培训减少,我们家庭经济条件一般,也无力给孩子另外报很多素质班,更加依赖学校提供的课后服务。希望领导能关注义务教育学校课后服务的质量问题,督促学校丰富课后服务内容,配备相对稳定的师资,并加强经费保障和日常监督,让课后服务不只是“看孩子”,而是真正成为孩子健康成长的支持。"
CE7CC34DDE88108B155C7FDDA6035E275198DD34D90CF567085BAC4539BD4949,关于保障小学课后服务质量与师资的建议,"我们家是双职工家庭,经济条件一般,孩子正在上小学,平时放学早,我们下班晚,接送和辅导都很吃力。这个暑假孩子参加了学校的课后服务,看护问题解决了,但我们担心开学后课后服务能不能保持,内容是不是丰富,老师够不够。我们这边学校数量不多,老师负担也比较重,担心课后服务只是简单看管,孩子得不到有效指导。希望政府能加强统筹,保障课后服务的师资和经费,丰富课程内容,加强质量监管,收费也别太高,让我们普通家庭能安心工作,孩子也能在学校里学有所获。"
EC88EC4E0D402F6A403842C1ADD84ED0225DFC7015C0FE13A3A669A4AECF62CB,关于保障小学课后服务质量、缓解双职工家庭照护压力的诉求,"各位领导好,我是小学生家长。我们夫妻双方都在上班,家里时间很紧张,孩子目前在参加学校课后服务,但开学后能否持续、服务内容好不好,心里没底。我们片区小学师资压力一直比较大,学校资源也有限,担心课后服务只是看管,内容单一,不能真正解决我们接孩子和作业辅导的难题。希望政府能加大对课后服务的师资和经费保障,丰富课程内容,加强安全管理,让我们家长能安心工作,孩子也能在课后得到有益成长。请相关部门帮忙协调督促,谢谢。"
BCCC5D49E49510B44DA3670C6BBDF4F50EF77482E9774D5F72CAA7D3FB1565A0,关于完善暑期学校课后服务的建议,"我是一名小学生家长,孩子就读公办小学。今年暑假孩子参加了学校课后服务,按照要求每天至少120分钟,这在一定程度上缓解了我们的照护压力。但作为双职工家庭,我们下班时间较晚,服务结束后到家长到家之间可能还存在照护空档,心里不太踏实。希望能在现有基础上适当延长服务时间,或提供更灵活的延时照护选择,并丰富体育、阅读、兴趣活动等内容,同时加强作业指导,让孩子在校内尽量完成书面作业,减少回家后的辅导负担。开学后也希望能继续落实好作业总量控制和课后服务保障,确保服务质量,我们家长也能更安心工作。"
BED81A930D97CE55CB078646B23FD43C9DAA220E5B1737DF5A8AC5CABE1E5B49,关于提升暑假学校课后服务质量与时间衔接的求助,"我们夫妻都在工作,暑假期间孩子的看护压力很大。目前孩子参加了学校组织的课后服务,学校原则上每天安排不少于120分钟,但我们下班时间较晚,实际接送衔接仍然困难。同时,从身边一些学校的反馈看,课后服务存在师资临时拼凑、内容单一、管理不够规范的情况,我们担心孩子所在学校也有类似隐患。我们家没有给孩子报过学科类校外培训,现在校外学科培训供给收缩后,更希望学校课后服务能承担起假期照护和素质拓展的职能。希望政府能督促学校把课后服务做扎实,保障经费和师资,合理延长服务时间,丰富体育、艺术、阅读等内容,并加强安全管理,让我们这样的双职工家庭能安心工作。"
5B32841083CFC397CF79DA5EB719F00087C8B7E928A354AD80916590711A6975,关于提升学校课后服务质量与师资保障的诉求,"领导好,我是孩子家长。我们夫妻都在上班,家庭经济条件一般,平时接送和辅导孩子压力很大。现在孩子所在学校按要求提供了课后服务,孩子也参加了,这对我们来说很重要。但我们了解到学校师资本来就比较紧张,班级和学位资源也有限,很担心课后服务只是看管,缺少有效的作业辅导和丰富的活动内容。孩子没有参加校外学科培训,我们学历有限,晚上时间也少,如果课后服务不能真正帮助孩子完成作业、培养兴趣,我们心里不踏实。希望政府能统筹保障课后服务的师资和经费,加强监督,让学校有足够力量把课后服务做实做好,缓解我们双职工家庭的负担,也让孩子在学校里得到更好的成长。"
2B05CFC03CD1DA47D0AF3DFF25275BC260B9044682CCE48B179B80CC06407D5F,关于加强小学课后服务师资与质量保障的诉求,"领导您好。我们夫妻都在上班,平时工作忙,家里经济条件也一般,孩子现在上小学,暑假后开学升入新的年级。学校按照要求提供课后服务,我们自愿给孩子报名参加了,确实缓解了我们接送和辅导作业的压力。但我了解到我们这边小学师资负担比较重,孩子就读的也是普通公办小学,我担心课后服务能不能真正做到内容多样、有老师认真辅导作业,而不是简单看管。现在校外学科培训也少了,我们更指望学校课后服务能帮孩子巩固学习、发展兴趣。希望政府能重视我们双职工家庭的难处,加强课后服务的师资配备和经费保障,定期检查服务质量,让政策真正落到实处,让孩子在学校里安全、有收获。"
FCA87BC58F2C242DE4E1687256CAAC89D73F2B48571FA37B6E75886266AE0468,关于完善学校课后服务更好对接双职工家庭的建议,"领导您好,我是东部城镇一名小学生家长,家里父母都要上班,经济条件一般,以前也没给孩子报过学科培训班。这个暑假学校提供了课后服务,孩子一直在参加,确实缓解了白天看护难。但马上要开学了,我们担心开学后课后服务的时间能否继续覆盖到我们下班,内容能不能更丰富一些。现在外面学科培训班少了,像我们这样没有额外条件补课的家庭,更希望学校课后服务能加强作业辅导和阅读、体育等活动。恳请政府继续保障学校课后服务的师资和经费,让服务时间更贴合双职工家庭,内容更实在,减轻我们的负担。"
0FEDA8A08F7EC5721538E6EB84FE9B01F08BD9D49CDA2E55B5546966D443CC78,关于提升小学课后服务质量和师资保障的建议,"领导您好。我们是双职工家庭,孩子上小学,家里经济条件一般,平时时间很紧张,孩子目前参加学校的课后服务。现在书面作业量基本符合规定,我们很认可,但更担心课后服务的实际质量。每天两个小时的课后服务,如果只是看着孩子写作业或自由活动,缺少作业辅导和兴趣拓展,对我们这样的家庭帮助有限。听说一些地方存在师资不稳定、管理跟不上、内容单一的情况,我们担心新学期也会遇到类似问题。希望相关部门能加强对学校课后服务的督查和保障,配足师资,丰富活动内容,提高作业指导质量,并确保自愿参加、时间衔接,真正解决我们双职工家庭的后顾之忧。"
1BF2182D0A2C204F7A4BA422D37CBA48C0C690B1B34D34FD12A2537717EFE350,关于提升小学课后服务质量与实效的建议,"领导您好。我们孩子就读于东部城镇一所公办小学,非毕业年级,暑期参加了学校课后服务。我和爱人都在上班,家庭时间安排较紧,学校不是重点示范校,师资力量相对有限。政策对作业时长和课后服务有明确要求,孩子目前书面作业量符合规范,但我们担心课后服务实际开展中作业指导不够、内容单一、时间衔接不灵活,容易变成单纯看管。我们家经济条件一般,之前没给孩子报校外学科培训,现在校外培训供给收缩,更希望学校课后服务能提供稳定有效的学习支持和兴趣拓展,避免我们被迫寻找高价或隐形的校外辅导。恳请有关部门加强督导,落实课后服务经费和师资保障,规范收费,强化作业指导,确保自愿参加和实际效果,让我们这样的双职工家庭真正安心。"
FA38BB240041D54B3831EF69BC4C041AB2CE305C3093162A6D42A1FB5433EFFC,关于保障小学暑期课后服务质量的求助,"领导好,我是一名小学生的家长。我家是双职工,经济条件一般,暑假孩子没人带,多亏学校提供了课后服务,孩子这个月都在参加。我们看到政策要求课后服务要内容多样、自愿参加、时间衔接,但我们心里还是没底:学校课后服务到底能不能持续保证有稳定的老师,安排一些体育、阅读、艺术活动,而不是简单把孩子圈在教室里?我们下班时间不一定赶得上,能不能适当延长或灵活安排?另外,现在外面的学科培训班少了,我们也没钱报高价班,就盼着学校课后服务能把质量抓好,让孩子暑假过得有意义,也让我们能安心上班。希望领导能帮助督促一下,把好事办好。"
9D8C29D0BB224744D68A61017FF997647BC86A464E6BD6EB8357D133B17DB280,"暑期作业负担偏重,盼新学期作业管理与课后服务能真正减负","领导您好。我家孩子在读初中,就读于一所公办重点学校,单程通学时间比较长。我们夫妻都在上班,晚上能陪伴和辅导孩子的时间很有限。这个暑假我注意到,孩子的书面作业情况未能符合规定的初中生每天平均不超过90分钟的要求,心里很着急。新学期马上要开学了,我担心学校在作业总量、时长和设计质量的统筹上还不够到位,孩子放学回家后仍要长时间写作业,睡眠和休息都会受到影响。同时,我们也盼望学校能按照新要求把课后服务真正开展好,让孩子自愿参加,在校内得到作业指导和多样化活动,这样既能减轻我们双职工家庭的接送压力,也能帮助孩子提高学习效率。另外,也希望校外培训治理能持续加强,防止变相培训增加孩子负担。恳请领导关注并督促学校落实相关要求,谢谢。"
B87F10B6340B0CFC9CD31C66ABD92F05B754BBD940ED8B6D47937F89EE6BF174,关于减轻初中生书面作业负担和加强课后服务的请求,"领导您好,我是一名初中学生的家长。孩子就读公办学校,我和爱人平时工作都很忙,晚上很难有足够时间辅导作业。最近一个月,孩子每天书面作业用时明显超过规定的一个半小时,写到很晚,我们看着心疼,也担心影响睡眠和第二天学习。学校离家远,孩子通学时间长,回家后已经很疲惫,再面对大量作业,效果不好。我们了解现在政策要求学校统筹作业总量、提高质量、加强校内指导,也听说学校有课后服务,但不知道具体怎么落实。希望领导能督促教育部门和学校严格执行作业时长规定,减少机械重复的书面作业,让孩子在校内尽量完成大部分作业,老师能当面指导。同时,课后服务能否真正自愿参加、内容多样,特别是提供作业辅导,解决我们双职工家庭的实际困难。我们文化程度不高,实在不希望被要求天天检查作业、录制视频,力不从心。请领导关注,谢谢。"
7B479C031C92EE52BFE98C1E3279C5F237E5711F0E649D681769B17076B1DBED,关于初中生家庭作业负担与课后服务的诉求,"领导您好,我是东部城镇一名初中生家长,夫妻俩都在上班,文化程度不高,时间很紧,孩子学校离家也远。这个月发现孩子的书面作业完成时间经常超出规定,我们顾不上辅导,心里很着急。现在不是要求学校统筹作业总量、加强校内指导吗?能不能请教育局督促学校真正控制好作业量,提高作业质量,别把压力转给家长?另外,听说学校有课后服务,但我们不清楚是不是真的能自愿参加、有没有老师辅导作业,如果课后服务能指导孩子完成大部分作业,我们下班晚也能放心些。希望领导关注一下,让好政策落到实处,别让我们这些普通家庭太累。"
23E2568A38845A72D2B6C202A8B4F0992541BDE5191DC5B098FED730275CED01,关于暑假书面作业时长和课后服务衔接的诉求,"领导您好,我是东部城镇一名初中生家长。这个月我家孩子的书面作业情况没有达到现行规定,我们不清楚具体原因,但作为双职工家庭,平时时间很紧,孩子上学路程也远,暑假本希望孩子能适当调整,现在很担心。我们没有给孩子报过学科类培训,经济条件也不宽裕,如果开学后作业仍然管控不好,课后服务又跟不上,我们实在难以辅导。希望教育部门能重视这个问题,核查学校暑假作业布置情况,督促学校严格执行作业时长规定,同时提前公开课后服务安排,让孩子能自愿参加、时间衔接好、内容更丰富,减轻家长负担。谢谢领导。"
1604D74F0F378F3E9EF5225BF018BD16741508FE8D53DBEE0A8D583D73071C08,关于优化初中课后服务缓解双职工家庭压力的建议,"我家孩子在城镇一所公办初中就读,学校离家较远,单程通学时间长。我们夫妻双方都在上班,下班时间比较晚,家庭经济条件一般,我本人只有高中学历,辅导孩子作业越来越吃力。目前学校虽然提供了课后服务,但孩子这个月没有参加。我们担心课后服务在时间衔接、内容安排和收费上还不够贴合我们这样的家庭实际,尤其担心作业辅导质量不高,或者增加额外经济负担。希望政府部门能督促学校进一步完善课后服务,真正落实自愿原则,提供高质量的作业指导和素质拓展,合理控制费用,并做好与家长下班时间的衔接,让我们这样的双职工家庭能够放心让孩子参加,缓解接送和辅导压力,也帮助孩子更好成长。"
60E043B4C8196CFAB766EACAA2995D3A354405F8DAB2FA2D12B40A911F7BC805,请督促学校开学后落实课后服务自愿和作业规范,"我家孩子在公办重点初中就读,家离学校较远,单程通学时间长。我们夫妻俩都上班,平时时间很紧,孩子本月作业时间虽然符合规定,但我们很担心春季开学后学校会以课后服务、作业统筹等名义加码,或者变相要求家长检查作业、打卡上传。我们了解到有些地方曾出现学校利用周末违规补课、政策执行不到位的情况,所以心里不踏实。学校课后服务每天两个小时,我们因接送和时间原因没有参加,希望学校不要因此区别对待。恳请上级督促学校严格落实自愿参加原则,控制书面作业时长,不要把课后服务变成变相补课,也别给家长增添额外负担。"
D9BC1176E2165317FFEC27907CB7DEF21BC4EE98C21804D503CC371F14FD1BF4,关于优化初中课后服务解决双职工家庭接送与辅导难题的建议,"我们家庭经济条件一般,夫妻双方都需要上班,下班时间比较紧张。孩子所在学校离家较远,单程通学时间长,目前孩子没有参加学校课后服务。我们担心放学后到家长回家这段时间孩子无人照看,作业辅导也有困难。希望政府能督促学校把课后服务真正落到实处,时间上尽量衔接家长下班时间,内容上不仅提供看护,还能有作业指导和兴趣活动,让像我们这样负担不起校外培训的普通家庭也能安心。同时请避免课后服务流于形式或变相增加学生负担。"
C8C930C80E63751402FEBA54829670CC0AB6163FD8BE9F50FA968EBAF3C5BC82,关于完善初中课后服务与校内作业指导的建议,"领导您好。我家孩子在公办初中就读,学校离家较远,单程通学时间长。我们夫妻双方都在上班,家庭时间很紧。目前学校虽然提供课后服务,但孩子本月没有参加。随着春季开学,我们担心放学后孩子接送和作业辅导更加困难。希望政府能督促学校结合双职工家庭实际,优化课后服务的时间衔接和内容安排,同时加强校内作业指导,让孩子在校内尽量完成作业,减少家庭辅导压力。谢谢。"
943B99E71EA75C714194B9D060D3037135E8ADBEA73B482AD1149CB19943A8FF,关于完善公办初中课后服务减轻双职工家庭负担的建议,"领导好,我是一名初中学生的家长。我们夫妻双方都在上班,每天下班时间较晚,孩子学校离家较远,单程通学时间长。家庭经济条件一般,孩子以前没有参加过校外学科辅导,现在校外培训明显收缩,我们更希望学校能提供高质量的课后服务。暑假即将结束,开学后我们希望学校能真正落实课后服务时间衔接,让孩子放学后能在校内完成作业,有老师进行指导,避免回家后作业拖到很晚。同时希望学校严格控制书面作业总量,提高作业设计质量,不要布置重复性、惩罚性作业。我们家长文化程度不高,辅导孩子作业确实困难,希望课后服务能多安排作业答疑和兴趣活动。请领导关注公办初中课后服务的实际落实情况,确保自愿参加、内容多样,师资和经费有保障,真正解决双职工家庭的后顾之忧。"
3F4000074CD975C5F945476E737AB8D7BEDC88713E5DBDD315A4B382BB1C4193,关于完善初中课后服务与作业指导的建议,"我是一名初中生家长,孩子就读公办重点初中,单程通学时间较长。我们夫妻都在工作,家庭经济条件一般,没有能力给孩子报校外辅导班。这个月孩子书面作业时间虽然符合规定,但孩子没有参加学校课后服务。我们担心,像我们这样的双职工家庭,放学后到我们下班前这段时间,孩子缺少看管和学业指导,而校外培训又受到限制,我们自己辅导也力不从心。希望教育部门能督促学校把课后服务真正办好,在时间上方便家长接送,内容上多安排作业辅导和文体活动,同时加强校内作业指导,减少家长辅导压力,让孩子在学校就能完成大部分学习任务,减轻我们普通家庭的负担。"
DB357A1BCB91450E6114A551BC290D9CEE3A5D65ABC17BDF61EE95AE05B78931,希望课后服务真正解决双职工家庭接送辅导难题,"我是家住东部城镇的一名初中生家长,孩子不在毕业年级,学校是公办重点初中,但离家较远。我们夫妻都在上班,家里经济条件一般,孩子以前没有参加过校外学科类培训。暑假快结束了,最发愁的是开学后放学早、接送难,晚上辅导作业也力不从心。现在政策要求学校课后服务每周五天、每天至少两小时,自愿参加、内容多样,但我们这个月孩子没有参加,主要是担心课后服务变成变相补课或者只是看管,解决不了实际困难。希望领导督促学校把课后服务真正落实好,时间能和我们下班衔接,内容上有作业辅导也要有兴趣活动,不要强制参加,也不要借机增加书面作业或让家长批改、拍视频。同时希望继续控制每天书面作业不超过90分钟,让像我们这样的双职工家庭能稍微松口气。"
E6E959476BF0158E048C14425C9D45D29CEB309A969BDC1951021C5190084614,关于优化初中课后服务与作业指导的建议,"孩子今年读初中,我们夫妻二人都要上班,平时时间很紧,孩子学校离家也比较远,单程通学时间长。我们了解到课后服务要求每天至少两小时,但孩子这个月没有参加。我们担心开学后,如果课后服务时间衔接不好或者内容不实用,我们这样的双职工家庭很难安排接孩子和辅导学习。我们家长文化水平有限,辅导初中作业很吃力,希望学校能真正加强校内作业指导,不要过多依赖家长。听说我们这里教师负担比较重,学校也比较少,更希望领导能督促教育部门重视重点学校的课后服务实际开展情况,指导学校优化服务,让课后时间真正用在作业辅导和看护上,减轻我们家长的负担。"
C3430CB1E2CC8D824A0D44A3467E34C3DECECDA01B3335B101AE3E634684634E,关于初中课后服务与家长接送时间衔接的诉求,"孩子就读公办初中,学校离家较远,单程通学时间长。父母均需上班,家庭时间安排紧张,接送和照护压力大。学校虽提供课后服务,但孩子本月未参加,我们担心开学后放学时间与家长下班时间无法衔接,孩子无人看管、回家太晚,也影响作业完成。希望课后服务能结合家长实际下班时间适当延长或灵活安排,并加强校内作业指导,让孩子尽量在校完成书面作业,减轻家庭辅导负担,也避免因路程远产生安全隐患。"
224D0AC0495BD61C7C6DFD0D2D5F50A2A3B3257F4C632FD2009AA4FAB2F51BF0,关于提升初中课后服务质量减轻双职工家庭负担的建议,"我家孩子在公办初中就读,我们夫妻都在上班,每天回家较晚,学校离家又远,孩子放学后接送和照看一直很吃力。现在学校有课后服务,但我们了解后还是没让孩子参加,主要是担心课后服务只是集中看管、内容单一,作业辅导不到位,回家后我们还得花大量时间检查辅导,等于没有减轻负担。我们收入不高,也怕课后服务再产生额外费用。希望领导能督促学校把课后服务真正办实,提供作业指导和多样活动,时间上能衔接家长下班,经费由地方保障,不要转嫁给家庭。也请关注学校平时是否存在变相补课或把辅导责任推给家长的情况,让制度落实到位,别让我们这样的普通家庭一边上班一边为孩子的学习和接送发愁。"
2B5AF45BA364477806E8D7C6E15D5E8BCF4641D9283FFD3286A1410EFB3C64B7,关于开学后课后服务与作业安排的建议,"领导您好,我是一名初中生家长。我们夫妻都在上班,经济条件一般,孩子每天上学单程时间较长,家里照看时间很紧。现在暑假作业量还算正常,但想到秋季开学后的安排,心里不踏实。政策要求学校统筹作业总量、提供课后服务,我们很支持,但担心学校落实不到位:一是课后服务可能变成集中上课或只是看管,内容不丰富;二是老师负担重,学校数量少,课后服务时间能不能真正衔接我们下班;三是怕作业总量反弹,或者把检查辅导任务转给家长。我们文化程度不高,晚上也没太多时间陪孩子写作业。希望领导督促学校把课后服务办实、办好,坚持自愿参加,保证时间和内容,同时继续严控书面作业总量,别让好政策停在纸面上,帮我们这样的普通双职工家庭减轻后顾之忧。"
6EE357A3EEEDBB8CB0D8839ECD4F39ADE5EA7F23CF66963E02798AC86833C193,关于请求加强初中课后服务落实保障双职工家庭需求的留言,"尊敬的领导:您好!我是一名初中生家长,家住东部城镇,孩子就读公办初中,学校离家较远,单程通学时间长。我们夫妻双方都在上班,家庭经济条件一般,每天接送孩子和辅导作业压力很大。现在正值暑假,想到开学后学校课后服务的安排,心里很没底。虽然政策要求学校课后服务每周五天、每天至少两小时,自愿参加、内容丰富,但我们担心实际落实会打折扣,比如时间衔接不上、内容单一、或者变相强制。我们家庭时间安排很紧,如果课后服务不能真正解决问题,孩子放学后无人照看,作业辅导也跟不上。希望政府能加强对学校课后服务的统筹和监督,确保服务质量和时间衔接,切实考虑我们这样的双职工家庭困难,让好政策真正落地。同时,也希望能继续督促学校统筹作业量,减轻家长辅导压力。谢谢!"
DE961340A2478D38763EDC3DDA67E73BCBBCF56BBF9A7FA96D56B7609AC36E8A,关于双职工家庭初中生暑期看护与课后服务衔接的建议,"领导您好,我是一名初中生家长。我们夫妻都在上班,家里经济条件一般,暑假期间很担心孩子一个人在家没人照看,学习也缺少监督。以前我们没给孩子报过学科培训班,现在外面培训班也少了,学校课后服务本月没参加,孩子假期生活比较单一。孩子学校离家远,单程通学时间长,开学后如果课后服务时间衔接不好,我们下班还是接不上。希望政府能协调学校或社区在假期提供价格合理的托管服务,开学后进一步优化课后服务内容,加强作业辅导,真正方便我们这样的双职工家庭。"
C428FD9C43F7B688E3C28AA8500BFF800488A5808FAEC124C706D3869FD6B72A,关于新学期课后服务能真正减轻家长辅导负担的请求,"领导您好,我是一名初中生家长,孩子学校离家较远,我们夫妻都要上班,家庭经济条件一般,孩子没上过学科培训班。暑假快结束了,我们很担心开学后的作业和课后服务问题。现在政策要求学校统筹作业、提供课后服务,但我们听说有的学校仍把辅导检查作业、录制视频等任务压给家长,我们文化程度不高,初中的功课辅导起来很吃力。希望领导督促学校把课后服务办好,安排老师在校内指导作业、答疑,别让家长承担过多批改检查任务,时间上也能衔接我们下班,这样双职工家庭才能真正减轻负担。"
7ACD92AEC95277FFD5F86A60D4AC6E4770D65633221FEF7150AF76A6BB865914,关于优化初中课后服务并防止变相增加负担的建议,"领导好。我家孩子就读公办初中,学校是重点校但离家较远,我们夫妻都在上班,经济条件一般,每天接送和辅导都很吃力。过去孩子没有参加校外学科培训,现在校外培训收缩,更希望学校能提供可靠的课后服务。这个暑假孩子没有参加课后服务,我们理解假期可能不提供,但开学后我们很需要。我们担心课后服务实际变成变相上课或集中刷题,反而增加作业负担;也担心老师要求家长批改作业、录制视频等,我们文化程度有限,实在难以应付。希望领导督促学校严格落实作业不超过90分钟的规定,课后服务坚持自愿、多样,多安排体育、阅读、兴趣活动,不要以辅导名义加重学生和家长负担。同时考虑我们这类通学时间长的家庭,课后服务结束时间能真正衔接家长下班,或提供更灵活的延时看护。谢谢。"
682B41270E487F4242B4EAFB9B15EA96BE17FD946FF17A14F8F7E92A24B8BCC1,关于双职工家庭初中生暑期照护与学习支持的诉求,"我是东部城镇一名初中学生的家长。家里我和孩子爸爸都上班,经济条件一般,孩子每天上学单程时间也长。暑假以来,学校课后服务没有覆盖,孩子本月没有参加任何课后服务,我们双职工家庭确实照护不过来。平时学校课后服务虽然是自愿参加,但我们因为下班时间和接送困难,也没能让孩子参加;暑假更没着落。我们文化程度不高,辅导孩子学习吃力,现在学科培训也少了,虽然我们以前没上过,但更担心孩子落后。希望政府能协调学校或社区,在假期提供一些普惠性的托管或学习辅导,时间上照顾双职工家庭,费用上也能考虑我们的经济情况,让政策真正帮到我们这样的家庭。"
FD94848B0E79F8DF9A020F4699C1B922D049C0A36EA2C95B379CAB90CE980106,关于初中生暑假作业负担重及开学后作业管理的诉求,"领导好。我是一名初中生家长,孩子就读公办普通初中,不是毕业年级。今年暑假以来,孩子每天完成书面作业的时间经常超过90分钟,虽然不知道具体学校布置量,但孩子经常要写很久,我们担心长期这样影响休息和自主阅读。我知道政策规定初中书面家庭作业平均完成时间不超过90分钟,也要求学校统筹作业总量、时长和设计质量,加强校内作业指导,但作为家长感觉实际压力还是不小。我们家孩子以前很少参加校外学科辅导,主要靠学校学习,现在校外培训管理更规范了,我们更希望学校能把作业真正减下来,提高作业质量。希望开学后学校能严格落实分学段作业时长上限,充分利用课后服务时间,让孩子尽量在学校完成大部分书面作业,老师能当面答疑,而不是把作业都带回家。我们也希望课后服务能自愿参加、内容丰富,不要变成变相补课。孩子正在长身体,作业太多影响睡眠,我们很焦虑。请领导督促学校落实相关规定,谢谢。"
222200B5DABEEB8A35F76353ED8232BCCAD32EA526447E872E05623CEC5F9893,关于初中生暑假书面作业负担过重的反映,"领导您好,我是本地一名初中生家长。孩子目前在公办初中就读,这个暑假发现孩子的书面作业量明显偏大,按照目前的完成情况,已经不符合义务教育阶段对初中生书面作业平均完成时间不超过90分钟的规定。作为家长,我们很担心长期这样会影响孩子的睡眠和身心健康,也容易让孩子对学习产生抵触。过去也听说一些学校存在老师热衷课外辅导、对校内作业设计不上心的情况,我们更加忧虑。希望领导能督促学校在新学期认真落实统筹作业总量、时长和设计质量的要求,加强校内作业指导,真正把孩子的作业负担降下来,也减轻家长批改辅导的压力。谢谢。"
C3C1C4696127BCF524CE6EB498348C329A0BF4DFD36EF6C7BE46CD8048F35228,关于初中生书面作业超时问题的反映,"领导您好,我是初中学生家长。这个月孩子的书面作业情况没有达到规定时长要求,完成时间明显偏长,家长跟着着急。虽然现在是假期,但作业量仍然不少,担心开学后各科作业叠加会更加严重。现在有要求学校统筹书面作业总量、时长和设计质量,并加强校内作业指导,希望领导能督促学校真正落实,减少机械重复的抄写和题海,提高作业质量,不要把批改和辅导任务都压给家长。另外,以前遇到过个别老师热衷于办辅导班、没精力管班里孩子的情况,也请关注教师精力分散对作业布置和反馈的影响。如果学校课后服务能提供作业辅导,我们愿意参加,但希望内容多样、自愿选择,不是变相补课。谢谢领导。"
B862AE3FA1A87482BF884D7E0DDB9694CDAF19456129083787B19E29FE128A14,关于初中生书面作业负担过重的诉求,"领导您好,我是一名初中生家长。最近发现孩子的书面作业情况没有达到规定的时长要求,作为家长很担心长期这样会影响孩子的休息和学习兴趣。虽然现在有政策要求学校统筹作业总量、加强校内指导,也有课后服务,但感觉实际效果还不明显。希望领导能督促学校严格执行作业时长规定,优化作业设计,减少无效作业,并真正利用课后服务时间帮助孩子在校完成作业。同时,也盼望继续规范校外学科培训,避免老师精力分散或变相增加负担。我们家长会积极配合,只希望孩子健康学习、全面发展。"
999E249FA240689AAA285F61B8734EB57158103282CB56A96B1F3881C3DC3E6C,关于提升初中课后服务质量的建议,"我家孩子上初中,现在按照要求已经不再参加校外的学科类培训,这个月也参加了学校的课后服务。学校课后服务时间是每天两小时,但我们担心这两个小时主要是在看管学生,缺少有针对性的学科辅导和拓展。孩子以前学科辅导参加得不多,现在完全停了,我们家长对孩子的学习进展心里没底。希望领导能关注学校课后服务的实际内容,推动学校在课后服务中加强作业指导、答疑和分层学习支持,特别是对学有余力的孩子提供一些拓展性内容,让孩子在校内就能获得足够的学习支持,减轻家长焦虑。"
EC6F040DF8A59AD5B56419CFCBAC2C6D21A38F21F36151C7B307BCEF5EA21670,关于初中课后服务别流于形式的建议,"领导好,孩子读初中,现在学校课后服务参加了,在校时间明显拉长,我们支持学校管理,但心里有些顾虑。以前听其他家长反映过,有的初中老师精力放在自己办的辅导班上,班里反而顾不过来;现在学科类培训少了,我家孩子也停了校外班,就指望学校课后服务能真正帮到孩子。希望课后服务不要只是集中看管或写作业,多安排一些有针对性的作业辅导、兴趣拓展或者体育活动,让孩子这段时间有效率、有收获。同时也希望加强作业设计,减少机械重复,老师能多讲方法。另外,隐形补课、教师私自办班的问题还请持续关注,别让减负变成换形式加负。谢谢领导。"
01D0EA11176C812513A26DDB1A59AD1AD90686E1C0151F416DB1ADBD6F97F9E2,关于初中课后服务质量的担忧与建议,"我是一名初中学生家长。孩子目前已经停止了校外学科培训,本学期也参加了学校课后服务,作业时间基本在规范范围内,这些变化我们感受到了。但作为家长还是有顾虑,以前身边有初中老师热衷办辅导班,现在校外培训管得严了,担心课后服务会不会变成变相补课或只是简单看管,质量没有保障。希望领导能关注课后服务的内容和实际效果,加强监管,防止个别老师利用课后服务时间变相讲新课、补课或暗示学生参加校外培训,真正让孩子在课后服务里得到一些拓展或休息,而不是增加新的负担。"
9A364A36756241BF4136AB30C2F955E9A866A75C8D2630F19148327D710A3095,关于提升初中课后服务质量与教师保障的诉求,"领导您好。我家孩子在公办初中就读,已经停止了校外学科类培训,孩子也参加了学校的课后服务。目前看书面作业时间倒是符合规定,但我心里还是不太踏实。主要担心课后服务只是简单看管,内容不够丰富,老师精力也有限,能不能真正辅导孩子学习、拓展兴趣,心里没底。初中阶段孩子学习任务重,我们又希望孩子以后能读博士,如果校内课后服务质量上不去,停了校外培训后学习支持跟不上,就会很被动。希望政府能加大对学校课后服务的师资、课程和经费保障,督促学校把课后服务做扎实,真正让孩子在校内学足学好,减轻家长顾虑。"
469CD65EDD6FF3C9F946AC42E633C1CACCE87550352E1B4B32B3AA5566B1FBEF,关于完善初中暑假课后服务内容与质量的诉求,"领导您好。我家孩子在公办初中就读,目前不是毕业年级。这个暑假学校提供了课后服务,我们也给孩子报了名,目前孩子每天参加。原本我们家庭在学科类校外辅导上投入不多,现在已经停止参加学科类培训,所以对学校课后服务的依赖明显增加。作为家长,我们一方面感谢学校能提供看护和活动场所,另一方面也担心课后服务的内容和质量能不能真正满足孩子的成长需要。孩子毕竟已经初中,暑假不仅要完成作业,也需要一定的答疑指导、阅读拓展和体育锻炼。我们希望学校在课后服务时间里,不只是保证学生到校、有人看管,而是能把作业辅导、兴趣活动和身体素质锻炼安排得更有针对性,避免内容过于单一或流于形式。同时也希望区里能统筹好课后服务的师资和经费保障,让老师有精力、有资源把服务做好。我们理解课后服务坚持自愿参加,也支持孩子在校内获得更丰富的活动,但前提是服务质量要有基本保障。恳请领导关注暑期课后服务的实际运行情况,督促学校优化安排,加强对服务过程的监督和评估,真正让家长放心、孩子受益。谢谢。"
05918A53583D8B1673E36B118056C2070BD444DE9E836A640F82D16299FBC220,关于提升初中课后服务质量的建议,"领导您好,我是一名初中生家长。孩子目前参加学校课后服务,我们很高兴有这个安排,但也有些担心。政策要求课后服务每天至少两小时,内容多样、自愿参加,可我们不清楚实际内容是否真正丰富,会不会只是简单看管或变相补课。现在校外学科培训收缩,孩子已停止培训,我们更希望校内课后服务能提供有效的作业指导和兴趣拓展,而不是流于形式。另外,过去身边有家长反映过个别老师精力分散的问题,希望领导能督促学校加强课后服务管理,让老师把精力集中在校内。同时,也希望学校统筹好书面作业,尽量在课后服务期间完成,减轻回家后的负担,保证孩子睡眠。请领导关注并推动落实,谢谢。"
6627F22197A5CC810E01703FD87950AE74DB2C413825FD9890805D4742B1D298,关于初中课后服务内容与质量的建议,"领导您好。我家孩子是公办初中学生,这个暑假已经参加了学校的课后服务。我们家庭已经停止参加校外学科类培训,所以对课后服务抱有很大期待。但作为家长,我有些担心:课后服务能不能真正提供多样化的内容,而不是简单延长在校时间或只盯着写作业?孩子作业量虽然符合规定,但如果课后服务只是变相加课或看管,长期下来还是可能影响孩子的兴趣和休息。希望领导能关注学校课后服务的落实质量,督促学校丰富活动内容,坚持自愿原则,也合理安排老师的工作量,让孩子在课后服务里既能完成学习任务,又能发展一点自己的兴趣,真正减轻家长和孩子的负担。"
993E71A45C907F74C319941D165BA708977E50881ED0C6FB351491B2DD500F55,关于初中课后服务与作业管理的求助,"我们孩子现在上初中,不是毕业年级。这个暑假他参加了学校的课后服务,但因为学科类校外培训已经停了,我们有点担心孩子在学习上缺少针对性的帮助。虽然学校有课后服务,每天时间也不短,可我们不了解具体内容,加上听一些家长反映过初中老师办班、作业过多的情况,我们更希望学校能把课后服务和作业管理做得更实在一些。我们家长期望孩子能读博士,所以对初中基础比较看重。现在作业时长是符合规定的,但希望不是简单地减少作业,而是提高作业设计质量,让孩子在校内得到有效指导。另外,我们这个地区学校老师的工作量以前就比较大,课后服务会不会变成看管而不是辅导?希望领导能重视这个问题,督促学校把课后服务的内容和师资保障好,同时监督作业管理,让我们家长放心。"
5CE182464403D1A4EFA2AF19D0E6E80F9D2DF95252B59E4C1CCD616D574577D9,希望加强暑期课后服务内容与作业指导,"我是一名公办初中学生的家长,孩子今年暑假参加了学校课后服务。我们响应政策已经停止了校外学科类培训,但对孩子假期学习有些担心。目前学校课后服务每天有120分钟,但还不清楚具体内容,担心只是简单看管,作业辅导不够,孩子遇到学习问题不能及时解决。希望领导能督促学校丰富课后服务内容,加强作业指导和答疑,适当安排体育、艺术、科技等活动,让孩子暑假过得充实、有意义。也希望课后服务不要变相增加作业负担,继续遵守初中生每天书面作业不超过90分钟的规定,真正解决家长的后顾之忧。"
747A6B9DD426D8D7368609F788AEF10692927214393CBAF02AACEE9250490328,关于提升初中课后服务质量的建议,"领导您好。我家孩子在公办初中就读,现在暑假也参加了学校组织的课后服务。作为家长,我们支持规范校外培训,也已经不再给孩子报学科类补习班。但校外培训减少后,我们对学校课后服务的期望更高了。目前学校每天提供两小时左右课后服务,时间上是够了,但我们担心服务内容偏于看管,作业指导不够精细,拓展活动也不够丰富。孩子书面作业虽然能控制在90分钟以内,但课后服务里如果只是自己写作业,遇到不会的题缺少老师针对性讲解,回家后家长不一定有能力辅导,长期下来担心学业跟不上。尤其初中课程难度增加,我们很希望课后服务能真正用好这两小时,既有作业答疑和个别辅导,也有体育、阅读、科技等多样化活动。恳请领导督促学校加强课后服务质量管理,配足师资,避免流于形式,让家长放心。"
969D0251C39516FE546F93D8A0C1FF63135DC5FB88E8C2E4A50BD5829299209A,关于暑假课后服务和初中生在校学习质量的担忧与建议,"领导好,我是一名初中生家长。孩子这个暑假参加了学校课后服务,每天在校时间不短,书面作业确实没有超过规定时长,但作为家长心里并不踏实。以前听说过一些初中老师精力放在自己办的辅导班上,现在外面学科培训明显减少,我们家庭也已经不再参加,对学校课后服务寄予很大期望。可目前看不到课后服务具体安排了什么内容,是辅导作业还是简单看管,质量究竟如何,家长心里没底。希望领导能督促学校把课后服务内容安排得更实在一些,比如作业答疑、阅读、体育活动,而不是让孩子干坐着熬时间。也希望能向家长公开课后服务的具体安排和师资保障情况,让家长放心。马上要开学了,更担心新学期课后服务流于形式,作业时间虽然达标,但难题没人讲,孩子学习吃力。希望领导重视初中阶段课后服务质量,真正减轻家长焦虑。"
1B168A09267FC8326E90C65D7F032603B649F51F42BAE05A22D8F2B912B055EA,关于初中生暑假课后服务质量和假期负担的诉求,"尊敬的教育部门领导:您好!我是一名初中学生家长。孩子目前就读公办初中非毕业年级,单程通学时间中等。这个暑假,孩子参加了学校组织的课后服务。我们家庭已经停止参加校外学科类培训,因此对学校课后服务的质量和安排更加关注。作为家长,我们担心暑假课后服务的内容是否丰富多样,是否真正落实自愿原则,会不会变成变相补课或简单看管,反而增加孩子的假期负担。特别是本地区初中师资负荷相对较高,我们担心课后服务的师资和经费保障不足,影响服务效果。同时,孩子正处在初中阶段,我们对他有较高的教育期望,希望课后服务能够提供有益的学习支持和拓展活动,而不是单纯延长在校时间。恳请领导督促教育主管部门加强对暑假课后服务的指导和监督,明确服务内容,保障学生和家长的自愿选择,避免额外加重学业负担,让孩子们在假期得到适当休息的同时也能获得有质量的教育服务。谢谢!"
7BBFFE4CD96707EB1233001AD5CC872E890D93C0F168D50FE110806CAB6DD99B,关于提升学校课后服务质量的建议,"我是一名公办初中学生的家长。孩子目前暑假参加了学校课后服务,我们也很支持规范校外培训的政策,已经停止了孩子的学科类培训。但我们对学校课后服务的质量有些担忧,担心课后服务以看管为主,缺少有针对性的作业辅导和学科拓展。孩子平时作业时间虽然符合规定,但作业设计是否科学、能否有效巩固知识,我们心里没底。希望教育部门能加强对学校课后服务的指导和管理,督促学校丰富服务内容,比如安排老师进行作业答疑、组织阅读、体育锻炼和兴趣活动,真正满足不同孩子的学习需求,缓解我们家长因不能补课而产生的焦虑。同时,也希望学校在新学期能进一步提高作业设计质量,减少机械重复,让孩子在校内学足学好。"
69EAB79CE737D0A5616E82CF9DFA69ED5AED6DE20A01DE6805071FE588CA3606,关于初中课后服务时间与质量问题的反映,"我家孩子就读公办初中,非毕业年级。这个暑假学校提供课后服务,孩子每天都在参加,单次时间至少两小时。作为家长,我们支持学校提供课后服务,特别是我们已经停止校外学科培训,更希望孩子能在校内得到有效辅导。但我们也担心,孩子每天在校时间加上课后服务后明显变长,回家后可能精神疲惫,虽然书面作业时间看似符合规定,但整体负担并没有明显减轻。我们了解到一些地方初中存在老师精力分散、课后服务变成变相补课、作业形式主义等问题,所以心里很不安。希望领导能关注初中课后服务的实际内容和质量,督促学校合理安排时间,丰富服务内容,不要让孩子长时间耗在学校却得不到真正帮助,也减轻家长的后顾之忧。"
CD568F8F281572114922AD589C9CC36CE6AFA66C5A65F6909F40ABAEC0839247,关于暑假课后服务勿变相加重初中生负担的建议,"领导好。我家孩子在公办初中读非毕业年级,这个暑假学校按要求提供课后服务,孩子也参加了。作为家长,我们支持课后服务,但心里有些担忧。以前周边学校出现过老师热衷办班、作业写到很晚的情况,现在孩子虽然不参加校外学科培训了,但初中学习压力还在。暑假天气热,孩子也需要休息和拓展兴趣。希望学校课后服务能真正落实自愿和内容多样的要求,不要把课后服务变成集体补课或变相增加作业,也别让老师因为课后服务负担重而影响正常教学。同时,希望继续关注初中生作业总量,特别是开学后别反弹,让孩子能在校内基本完成作业,回家有喘息时间。谢谢。"
D3BC6CA22007EE76C7763C814B3849E277D4410D57C4B2792AF612C3D63C075E,关于初中课后服务与作业负担的诉求,"领导您好,我是中部地区一名公办初中学生的家长。孩子目前就读非重点初中,单程通学时间中等。按照政策,初中书面作业不应超过90分钟,学校也提供了课后服务,孩子这个月也在参加。我们家庭已经停止校外学科培训,所以很依赖学校的课后服务和作业辅导。但作为家长,我们担心课后服务会不会变成变相延长在校时间,或者作业质量不高,反而压缩了孩子休息和自主学习的时间。我们这里初中师资负荷较高,也担心老师精力分散。希望领导能督促学校真正落实课后服务要求,统筹作业和课后服务内容,让孩子既能得到学习支持,又能有足够睡眠和自主阅读时间。谢谢领导。"
74C6F81490987EDA6B39BF9BA8BBFBA23DD22B102F0CC841C62F034756282227,关于农村小学生暑假作业负担过重盼统筹管理的诉求,"尊敬的领导,您好。我家在东部农村,孩子上小学,家里条件还可以,但我和孩子爸爸文化程度不高,工作也忙,平常辅导作业吃力。这个月是暑假,但孩子每天书面作业还是很多,常常要写一个多小时,已经超出政策规定的时长。我们很着急,孩子睡眠虽然够,但长期这样怕影响身体和学习兴趣。最近听说上面要求学校统筹作业总量、提高作业质量,还要加强课后服务,但我们还没感受到变化。马上就要开学了,希望领导能督促学校真正把作业减下来,少布置机械重复的作业,多留些阅读、锻炼时间;也希望能把课后服务办好,让孩子在学校就能完成大部分作业,有老师指导,我们家长也能放心。谢谢。"
E49984B7B76ECED2C32E6D0B4725201E0BF6E1018375AE7A88BC3B0898A85B55,希望关注农村小学生作业负担和课后服务落实问题,"我是一名农村小学生的家长,孩子现在上小学,不是毕业年级。这个月孩子的书面作业情况没有达到现行规定的平均每天不超过60分钟的要求,我们心里很着急。我们家在村里,我和孩子爸爸都在上班,文化程度不高,辅导作业很吃力。以前就常听说有的学校作业多到孩子写到晚上十点,还让订好几套卷子,我们很怕自己孩子也这样。现在上级要求学校统筹作业总量、加强校内指导,还要求完善课后服务,我们真心希望这些好政策能在农村学校真正落地。恳请领导督促学校把书面作业量控制住,多利用课后服务时间让孩子在学校完成作业,别把负担都压到家长身上。也请加强检查,别让减负变成空话。"
908927AB713DE6A9B9F73500DF4D05241AF79B0F9FE1719179E0BD35A21431F9,希望新学期作业减负和课后服务能真正落地,"领导您好,我是东部农村一名小学生的家长。暑假马上结束,孩子要开学了,我们最担心的就是作业负担。现在有规定要求小学生书面作业平均不超过60分钟,学校也要统筹作业总量、加强校内指导,并完善课后服务。但说实话,我们心里没底,因为之前也听说过周围有孩子作业写到很晚,我们家孩子这个月作业时间也超过了规定,我们文化水平不高,辅导起来吃力,又怕孩子睡不够。所以想请领导关注一下,开学后督促学校真正控制好作业量,把课后服务搞好,最好能让孩子在学校完成作业,老师能辅导一下,这样既减轻我们家长负担,也让孩子能早点休息。另外现在校外培训管得严,我们也不打算给孩子报班,就希望学校课后服务能丰富一点,别只是看着孩子,能有点实际帮助。农村学校条件可能有限,还请领导多支持。"
1BE28D39A560DB6FE8B3D96990A9903C8EEB5A41258321593D45932A8F333BB0,关于落实小学作业管理和课后服务的请求,"领导您好,我家孩子上小学,我们在东部大区乡村。我们两口子都在上班,文化程度不高,辅导作业很吃力。这个月孩子的书面作业情况没有符合规定时长,我们担心开学后负担更重。政策要求学校统筹作业总量、时长和质量,还要求完善课后服务,自愿参加、时间衔接。但是孩子就读的学校不属于公办,我们不清楚课后服务能不能真正落实,能不能帮孩子在学校完成作业。希望政府能督促学校严格执行作业时长规定,把课后服务做实,提供作业辅导和多样活动,减轻家长负担。"
9BD2F78536F121181ABB742CE91704B6DE1EEF403AE7B53D7AFEE5A5E11BF56B,关于小学生作业负担和课后服务的求助,"领导您好,我是东部乡村一名小学生的家长,孩子目前不在毕业年级。按照现行规定,小学书面家庭作业平均完成时间原则上不超过60分钟,但最近发现孩子的作业情况没有达到这个要求,感觉每天回家还要花不少时间写作业。这个学期孩子参加了学校的课后服务,据说每天有两个小时,可作业还是经常带回家,我们家长文化水平不高,辅导起来很吃力。家里大人都要上班,时间紧,担心这样下去影响孩子休息和第二天学习。校外学科培训现在少了,但学校作业如果控制不好,孩子负担也没有真正减轻。希望上级能督促学校严格落实作业时长要求,提高课后服务针对性,尽量让孩子在校内完成作业,真正减轻家长和孩子负担。谢谢。"
DB04DF6EF7F96E44A91E65C0EBDBFAAEE8F2775856793C22305AE946C6104542,关于农村小学生作业负担与课后服务衔接的建议,"领导好,我是东部农村一名小学生家长。孩子目前读小学,平时参加学校课后服务。本月孩子的书面作业完成情况没有达到规定的不超过60分钟的要求,我们家长文化程度不高,辅导起来力不从心,也担心长期影响孩子睡眠和身体发育。希望有关部门督促学校严格落实作业总量统筹,提升课后服务质量,尽量让孩子在校内完成或基本完成书面作业,回家后不用再长时间写作业,真正减轻家长和孩子的负担。"
E3AA75E7E0CCD36008DEA25C62BF77B20439B05D4CF8E2A5F49AD8E3601B342F,关于乡村小学作业负担仍重盼加强监管的留言,"领导好,我是农村一名小学生的家长。现在规定说小学书面家庭作业平均完成时间不超过60分钟,但最近开学前后孩子作业还是明显超过这个时间,有时候写到很晚,连睡觉都受影响。我们村里学校不是公办,孩子每天也参加了学校课后服务,原以为能在学校把作业写完,结果回家还是要写不少,感觉课后服务没有真正用来辅导作业。我们做父母的都上班,本身文化也不高,辅导起来很吃力。希望领导能督促学校严格落实作业管理要求,把课后服务时间利用好,让老师多在校内指导孩子完成作业,真正减轻孩子和家长的负担。我们也就希望孩子能睡够觉,身心健康。"
7322966A8635E134FC5E37138EF2974B632842516EAFD88C579237276C810ECB,关于小学生书面作业超时影响休息的反映,"我是一名乡村小学生的家长。按照当前对小学生书面家庭作业时间的规定,平均完成时间原则上不应超过60分钟。但这个月,我家孩子的书面作业情况没有符合这个时长要求。我们夫妻都要工作,文化程度也不高,晚上辅导孩子有困难。孩子每天都在学校参加课后服务,按理说课后服务应该能帮助完成一部分作业,但回家后仍有作业需要完成。我们担心长期这样会影响孩子睡眠和身体发育。希望有关部门能重视这个问题,加强对学校作业总量的督查,确保学校统筹好作业布置,落实时长要求;也请督促学校利用课后服务时间提供有效的作业指导,让孩子尽量在校完成大部分书面作业,减轻我们家长的压力。"
4E515A4BEC4D502C3E5D9B07BBB6972304496C49547F2E447D058258BD014122,关于规范乡村小学书面作业时长和用好课后服务的建议,"领导好,我是东部乡村一名小学生家长。孩子目前就读小学,本月参加了学校的课后服务。按照相关规定,孩子所在年级书面家庭作业平均完成时间不应超过60分钟,但本月孩子的作业情况未达到这一要求。作为家长,我们担心作业负担过重会影响孩子的正常休息和身心成长,也担心相关要求在学校层面落实不到位。学校课后服务按要求原则上每周提供5天、每天至少120分钟,我们希望课后服务能更多用于作业指导,让孩子在校内完成大部分书面作业,而不是回家后还要长时间写作业。恳请领导督促学校严格落实作业总量和时长规定,优化作业设计,真正用好课后服务时间,减轻农村家庭的负担。"
1F37BD9486A16547328FE3423E1B76A34A79B3F4F423D7845C1B4F5C5BA9B5D7,关于孩子书面作业时长和课后服务的诉求,"领导您好,我是一名小学生家长。我家孩子在乡镇学校上学,这个月参加了学校的课后服务,但书面作业完成情况仍然不符合当前年级规定的时长要求。孩子每天回家后还要写不少作业,我们家长文化程度不高,辅导起来很吃力,也担心影响孩子休息。以前就常听同省家长反映孩子作业写到很晚,没想到自己孩子也遇到类似情况。希望上级能督促学校真正落实书面作业总量和时长规范,提高课后服务质量,尽量让孩子在校内完成作业,减轻回家后的负担,保障孩子有充足睡眠和休息时间。"
E01183DD57983885C6B90E50B72AAE81AC4991FA97DE36BDDC66584F94118FD1,关于小学作业减负和课后服务的诉求,"领导好,我是东部地区一名小学生家长。孩子目前读小学,这个月孩子的书面作业情况没有达到规定的小学阶段每天不超过60分钟的要求。孩子参加了学校的课后服务,每周5天、每天至少120分钟,但我们担心孩子回家后作业负担仍然较重,影响睡眠和休息。希望上级督促学校严格落实作业总量和时长规定,用好课后服务时间,加强作业指导,尽量让孩子在校内完成书面作业,切实减轻家长和孩子的负担,也请加大对学校作业管理的监督检查力度。谢谢。"
7B27E20DC7DC39EA9DC0B4158E3289073E647CF82F0A32CBC179D6BEC6002633,关于小学书面作业负担与课后服务效果的诉求,"我是一名小学生家长,孩子目前在暑假期间参加学校的课后服务。近期发现孩子书面作业情况不符合规定的时长要求,我们家长教育水平有限,又都在上班,辅导作业很吃力。虽然学校提供了课后服务,但孩子的作业负担似乎没有明显减轻。恳请有关部门关注乡村小学的作业管理情况,督促学校严格落实作业时长规定,并让课后服务真正起到作业辅导作用,减轻家庭压力。"
FB201963D25CDCDE6DC2E420C462E2F65F096B84D94DB5C3274EE8DD76E6C9FF,关于规范小学生暑假作业量的建议,"领导您好,我是东部某乡村小学的学生家长,孩子正在上小学,不是毕业班。这个暑假学校开展了课后服务,孩子每天都在参加。但我发现孩子这个月的书面作业完成时间没有控制在规定的一小时内,担心影响孩子休息。我们家长文化水平不高,辅导作业很吃力。听说现在要求学校加强作业管理,课后服务也要提供作业指导,希望学校能严格落实作业时长要求,合理控制暑假作业量,并利用课后服务时间多辅导孩子在校完成作业,减轻家长负担,让孩子有充足的睡眠。谢谢。"
D53D86340D85BA17EB5FE95EF1CAAA984E8C4222D33D64EFBC8DDCB223BC9B93,课后服务应切实解决作业负担,"领导您好。我家孩子在村里上小学,这个月参加了学校的课后服务,按说每天有两个小时,应该能在学校把作业完成一部分。但孩子回家后书面作业还是要写很久,明显超过规定时间,经常影响睡觉。我们两口子都在上班,回家晚,文化水平又低,辅导孩子很吃力。孩子才小学,这样长期下去身体和心理都受不了。希望有关部门督促学校把课后服务时间利用好,加强作业统筹和指导,真正把作业量减下来,别再让减负停留在口头上。"
5DFE32388A2D500044954DF3A5F5DE2116C0B244D922BCE1B5570A5871F186B4,"请督促学校落实作业减负,别让孩子暑假也写不完作业","领导好,我是农村小学孩子的家长。我们两口子都在上班,文化程度不高,辅导作业很吃力。现在放暑假,孩子参加了学校的课后服务,本以为能轻松些,可这个月孩子的书面作业还是超过规定的一个小时,经常写到很晚。我们也不想让孩子太累,可作业完不成又怕老师批评。以前就听说有的学校给孩子订很多卷子,到期末根本做不完,我们担心自己孩子也碰上这样的事。希望上级能下来检查检查,让学校真正按减负要求来,控制好作业量,课后服务多开展文体活动、兴趣班,别变成变相补课。孩子还小,睡眠时间充足点才对身体好。谢谢领导关心。"
433A5CD47A19E538DED7059585053E1BA95C32D2022226707699E135FC07A4FD,关于规范小学作业并加强课后服务辅导的建议,"领导您好,我是本地一名小学生家长,家在乡村。孩子上小学,不是毕业年级。这个月学校课后服务在开展,孩子也参加了,但孩子的书面作业情况未能符合规定,我担心作业负担偏重。我们夫妻都在上班,文化程度不高,辅导作业很吃力。希望领导能督促学校严格落实作业时长要求,在课后服务中加强作业辅导,让孩子尽量在学校完成作业,减轻家长负担。谢谢。"
D2DA6E8D92531E8BD756D2FE6BE482750FFAA5D25C3EA26F7CD32629A3D48149,希望管好乡村小学暑期作业和课后服务,"领导好。我家孩子在村里小学读书,我们两口子都在外面上班,文化程度也不高,辅导作业很吃力。现在放暑假,孩子参加了学校的课后服务,按理说每天在学校时间不短,可书面作业还是经常带回家,有时写到挺晚,我们感觉已经超过了规定的小学生作业时长。孩子本来睡眠一直不错,这阵子明显睡得晚了。我们支持对校外培训加强管理,也不给孩子报学科班,就是希望学校能把作业真正统筹好,利用课后服务时间多指导孩子在校完成作业,少布置机械重复的题目,让孩子回家能早点休息,也减轻我们家长的负担。请领导帮我们督促一下,让好政策在村里学校落实到位。"
80A7F86E9A0FA89A59474F6205B572457D279553F475203AF57AF92B7FA12D6C,关于小学课后服务与作业负担问题的反映,"领导您好,我是东部乡村一名小学生家长。孩子这个月参加了学校的课后服务,每天有两个小时,我们本以为能在学校把作业做完,减轻家里负担。可是这段时间孩子带回家的书面作业还是偏多,按照小学阶段书面作业不超过60分钟的要求,实际感觉经常超过,晚上还要写很久。我们家长文化程度不高,辅导起来很吃力,孩子也休息不好。希望领导能督促学校严格落实作业管理规定,真正用好课后服务时间,加强作业辅导,让孩子在校内完成大部分书面作业,减轻学生和家长负担。谢谢。"
545EF0842037A0302E7F79AB7E74289145C2FA57C2676EF60F37C4EC4BA919E8,关于小学暑期书面作业负担过重盼加强督查的留言,"孩子正在读小学,暑假期间参加学校课后服务。我们注意到孩子的书面作业情况不太符合当前年级的时长要求,心里很着急。我们夫妻都在上班,学历也不高,辅导作业很吃力,家里时间也紧。孩子平时睡眠不错,我们不想让作业挤占休息。以前听说过有学校订很多卷子、作业写不完的情况,担心自己孩子也遇到。希望能请领导督促学校严格落实作业减负规定,控制书面作业总量和时长,别让课后服务变成变相加课。"
4CBF59E2A5B9DEF5E6C2A527DFD98B5320D499F0F786330016FE1D544ADC314F,关于规范小学生暑期书面作业与课后服务的诉求,"领导好,我是东部乡村一名小学生家长。孩子今年暑假参加了学校课后服务,但书面作业情况仍不符合规定要求,我们家长有些担心。我们文化水平不高,白天都要上班,辅导精力有限。希望领导关注学校作业总量,别让孩子负担过重;课后服务要真正自愿、内容多样,不要变成变相补课或增加收费。也请有关部门核查一下,让减负政策落到实处,让孩子假期能休息好。谢谢领导。"
2BCF54CDF987446DE7463B83E22A8EBEA89C8550D727AD25656943AFBF5A44F6,"希望新学期学校课后服务能真正落实,帮我们解决接送和辅导难题","领导好,我是农村的一名小学生家长。我们两口子都在外面上班,家里老人年纪大了,孩子放学后没人接、作业没人辅导,一直是我们最头疼的事。听说现在学校要开展课后服务,我们特别盼望新学期能真正搞起来。希望学校放学后能让孩子自愿留在学校,有老师看着写作业、答疑,时间能和我们下班接孩子衔接上。我们文化不高,辅导不了作业,只能靠学校。另外也希望老师布置作业时控制好时间,别超过一个小时,让孩子在学校差不多能写完,回家能早点睡觉。课后服务最好多些活动,别变成上课,孩子也能轻松些。这样我们家长在外干活也安心。希望领导能督促学校把这事落实好。"
3FB4213DF63E08ADB54F6C95C1346DF79E49E9182F9C6C0B51CC4676510E739C,关于新学期课后服务和作业辅导的求助,"领导您好。我是村里一名小学生的家长,我们两口子都在上班,家里帮手少,每天下班晚,孩子放学早没人管,学习上我们也教不了多少。听说现在学校要开展课后服务,希望我们这边能真正落实,让孩子放学后能在学校写写作业、有老师答疑,最好能参加点兴趣活动,别太早回家。孩子作业之前不多,我们很放心,也请继续控制作业量,别让孩子带一堆作业回来写到很晚。我们家庭条件一般,以前没怎么上补习班,现在外边培训班管得严,我们更指望学校能多辅导。希望领导关心一下农村学校课后服务的师资和经费,别让好政策落不了地,帮我们解决后顾之忧。"
5FC78DE4EDB76876EFF1F652AE3BBC3D4DC76C470756D0FFA3551949F5438BF3,希望新学期课后服务能真正解决双职工接娃和辅导难题,"领导好,我是一名农村小学生的家长,我们两口子都在上班,家里老人帮不上忙,每天最愁的就是下午接孩子和晚上辅导作业。听说现在要求学校搞好课后服务,自愿参加,还能有各种活动,我们真的很盼着开学后学校能落实。希望课后服务时间能真正和我们下班时间衔接,老师能在校指导孩子完成作业,别让孩子把作业都带回家,我们文化不高,辅导不了。另外也担心作业虽然现在说不超过一小时,但开学后会不会又变多?孩子睡眠一直挺好的,不想因为作业影响休息。还有校外培训现在管严了,我们本来也没怎么上,更希望学校课后能多些兴趣活动,让孩子不用花钱也能学点东西。请领导帮忙督促学校把课后服务办好,让我们家长能安心上班。"
715725403C6C2419A6B95A54E002A64ABFD2698CE6C8230CE3852ADC0166567D,希望新学期课后服务能解决家庭照护和作业辅导困难,"领导您好。我是东部大区一名农村小学生的家长。我们夫妻双方都要上班,家庭时间安排比较紧张,孩子目前就读公办小学,离家近。新学期快开始了,我们很关心学校课后服务的落实情况。现在政策上要求学校完善课后服务,强调自愿参加、时间衔接和内容多样,我们非常希望这项好政策能真正落地。一方面,希望课后服务能解决孩子放学后无人照管的问题,时间上能和家长下班衔接;另一方面,也希望学校能在课后服务中加强作业指导,让孩子在校内完成或基本完成书面作业,这样我们家长就不用为辅导作业发愁,也能减少给孩子报校外培训的压力。我们家庭条件一般,家长文化程度也不高,辅导功课确实吃力,如果学校能提供有质量的课后服务,对我们帮助很大。请求领导协调教育部门和学校,在新学期把课后服务安排好,明确报名方式、服务时间和内容,并向我们这样的家庭做好宣传,让我们能放心让孩子参加。谢谢领导关心。"
D2D56DE5B24ED2ED411904BDFF76F88A8597DB62EB0C2E9D64089C68200C06DE,"请保障农村小学课后服务质量,减轻家长负担","您好,我是一名农村小学生的家长。家里人手少,我和孩子妈妈平时都要上班,时间很紧,接送和辅导作业一直比较吃力。现在学校提供课后服务,每天两个小时,孩子也参加了,我们觉得方便。但我担心新学期开学后,课后服务能不能一直保证时间和质量。我们农村学校老师少,经费可能紧张,如果课后服务只是让孩子坐着等,没有作业辅导和活动,意义就不大。我家孩子这学期作业时间基本在规定范围内,但我们还是给他报了一个学科培训班,因为课后服务里老师不一定有时间单独辅导。现在培训班少了,价格降了一些,但我们还是希望学校课后服务能真正把作业辅导做好,让孩子不用再花钱去外面补。请领导督促相关部门,给农村学校课后服务更多支持,保障师资和经费,让孩子放学后有地方去、有人管、能学到东西,我们家长也能安心工作。"
FE2E06F3E162D44ACB4F4E3BAC5F4D2ECB3CDD47C3414FD23B4889F829661AAF,希望农村小学课后服务能真正辅导孩子功课,"领导您好,我是一名农村小学生的家长。我们两口子都在上班,每天到家晚,老人只能照顾生活,辅导不了学习。孩子现在参加了学校的课后服务,每天两小时,但听孩子说多数时间是自己写作业或自由活动,老师很少集中讲解。我们文化水平不高,有些题也不会教,只好继续给孩子报校外辅导班,虽然费用比之前降了,但对我们这种收入不高的家庭还是有负担。希望领导能关注农村学校课后服务的质量,让老师利用这个时间辅导孩子完成作业、答疑解惑,这样我们家长也能安心工作,孩子也不用再另外花钱补课。谢谢。"
F5695F8EE2B207740F2C7384F2935CF98B786D39EE80F21BEDBFCB3E139173FB,关于提高农村小学课后服务质量的建议,"领导您好,我是一名农村小学生的家长,我们两口子都在外面上班,家里老人也帮不上忙,每天接孩子和辅导作业都很吃力。这个月孩子参加了学校的课后服务,听说每天有两小时,但感觉主要还是看孩子写作业,老师辅导不多,孩子有不会的题回来还是问我们,我们文化不高,很多也教不了。现在校外培训班虽然少了,费用也降了点,但我们为了孩子学习还得报,经济压力还是大。希望领导能重视农村学校的课后服务,多安排老师给孩子辅导作业,开展一些阅读、体育、兴趣活动,让孩子在校内就把作业弄懂,我们家长也能安心工作,不用再额外花钱报班。马上要开学了,恳请领导督促学校把课后服务做得更实在一些。"
771DEA0792F77CA5B2F3F2133A4D95DB00818325C68CA80773A7001AD5C618EF,"希望农村学校课后服务能真正辅导作业,减少培训负担","领导您好。我是东部乡村一名小学生的家长。家里经济条件一般,我和爱人都在上班,平时照管孩子的时间很紧。孩子这个月参加了学校课后服务,听说原则上每周五天、每天不少于两小时。我们很感谢学校能把时间接上,但也担心这两小时有没有老师真正辅导孩子写作业,还是只是把孩子看住。如果课后服务不能把作业指导做实,家长晚上还是得自己教,或者只能继续花钱送孩子去校外学科培训。现在校外培训管得严,收费是降了一些,可对我们这种收入不高的家庭还是有压力。希望领导能关注乡村学校课后服务的质量,督促学校把作业辅导、兴趣活动安排得更实在,保障好老师补贴和经费,让家长少一点后顾之忧。谢谢。"
71213C5BC1519E9DD803F1C41CAF964C515A29E5FA9C2B2C2DB522AF5EFF7C9A,提高农村小学课后服务质量 减轻家庭校外培训负担,"我家孩子在本村公办小学就读,暑假里也参加了学校组织的课后服务,时间是够的。我们夫妻都要上班,家里人手少,课后服务确实帮了忙。不过我们家经济条件一般,孩子现在还另外参加着学科类校外培训,虽然收费比以前降了一些,但每月支出还是不小。我文化程度不高,辅导作业吃力,特别希望学校课后服务能把作业指导和兴趣活动做得更实在一些,让孩子尽量少依赖外面的培训班。我们农村学校条件有限,也希望政府能多给农村小学配好课后服务师资和经费,丰富活动内容,保证质量,这样我们家长也能安心工作。"
A21F7F60D31FA59F265F5F19553F8AF79CC783361C92543507196B05740A859A,希望加强农村学校课后服务作业辅导,"领导您好。我是东部一个乡村小学学生的家长。我们两口子平时都要上班,时间紧,家里人手少,辅导孩子作业确实困难。现在学校有课后服务,孩子这个假期也参加了,我们觉得能帮着看管写作业,心里踏实一些。但我打听下来,有的地方课后服务就是让孩子自己玩,老师不怎么辅导,我们这里到底怎么样,心里也没底。现在外面补课班少了很多,我们虽然还给孩子上着一个,价格是降了点,但对农村家庭来说还是不小开销,而且以后选择也少。我们文化不高,教不了孩子多少,最希望学校课后服务能真正把作业辅导抓起来,而不是简单看孩子。马上要开学了,恳请政府督促学校把课后服务办实,内容丰富些,尤其作业辅导要跟上,这样我们家长才能安心工作。另外寒暑假如果能继续提供类似服务,帮我们解决看护难题,就更好了。谢谢。"
C71D85A33291183DAEE3799D6AA1B263BE79AAEC34993290B27158C7DF361DD7,关于提升农村小学课后服务作业辅导质量的建议,"领导您好,我是东部乡村一所公办小学的学生家长。我们夫妻平时都在工作,家里能帮忙的人少,接送和辅导孩子功课的时间很紧张。现在孩子虽然参加了学校课后服务,书面作业时间也符合规定,但我们还是担心课后服务主要停留在看管层面,作业辅导和查漏补缺不够扎实。为了不让孩子落下功课,家里仍然参加了学科类校外培训,虽然费用比以前降了一些,但对我们这样的家庭来说还是不小的负担。希望上级能督促学校把课后服务时间真正用好,强化作业指导和基础巩固,让双职工家庭能更安心,也减少对校外培训的依赖。"
2CD9B7702A52AC41CAC9EA3014C3EE90459EA9DEE2148D9E09EB5A3BDE21C719,关于农村小学课后服务与校外培训负担的诉求,"领导您好,我是农村的一名小学生家长。家里条件不算好,我和孩子爸爸都在上班,每天早出晚归,照看孩子学习的时间很紧。现在孩子上小学,学校有课后服务,我们也让孩子参加了,另外还报了一个校外的补习班,虽然现在收费比以前便宜了些,但对我们这样的家庭来说还是不小的一笔开销。我们听说政策要求学校把课后服务做好,提供作业辅导和兴趣活动,孩子放学后能在学校多学点、有人管,这样我们家长也能放心。可是我们农村学校的老师少,课后服务能不能真的辅导到位,我们心里没底。所以想请领导关注一下农村学校的课后服务,能不能多配些老师,把作业辅导和活动搞得更实在些,让孩子在学校里就能把学习问题解决掉,我们就不用再花钱去外面上补习班了。另外也希望继续管管校外培训的收费,别让我们家长花了钱还不踏实。谢谢领导。"
F7EC429A05C0D81BF87347D553297550FD20DA82B2AC6DD0745E4BBD87B01321,关于提升农村小学课后服务质量减轻家长负担的诉求,"我家孩子在村里小学上学,我们两口子都在上班,平时接送和辅导很吃力。这个暑假孩子参加了学校的课后服务,每天时间挺长,但不知道开学后能不能保持。现在外面补课班少了,价格也降了些,但我们收入不高,为了孩子不掉队还是咬牙报了学科培训。希望领导能督促学校把课后服务办好,尤其是作业辅导和兴趣活动,让孩子在校内就能学足学好,我们家长也能安心工作,少花冤枉钱。"
B0B9A2FCEF193DC5E66B61B5BA36D005CDDDE1A2A9425762B688CF92D74D0B70,希望加强暑期课后服务作业辅导,"领导您好,我是农村小学孩子的家长。我们两口子都在外干活,文化程度不高,家里经济条件也一般,暑假孩子参加了学校课后服务,我们很感激有地方照看孩子。但心里总不踏实,担心课后服务只是把孩子聚在一起看管,没有真正辅导学习。现在外面补课班少了,我们更指望学校能帮孩子把功课抓一抓。孩子平时作业时间虽然不长,可我们辅导不了,暑假作业更是没人管。希望领导能督促学校把暑期课后服务做得更实在一些,多安排老师辅导作业、答疑解惑,再开展一些兴趣活动,让孩子别光坐着,也让家长能安心干活。另外希望课后服务结束时间能跟我们下班时间衔接好,不然接孩子还是麻烦。"
F704B11E32F207741471681FBA97A6A8FE245E2976488A7EBE06D18708CC46AF,关于乡村学校课后服务提质增效的诉求,"领导好。我家孩子在村里小学读书,我们夫妻都上班,家里时间很紧,自己文化水平也不高,辅导作业吃力。这个暑假孩子参加了学校课后服务,我们很感激。现在校外学科培训管得严,费用虽然降了一些,但对我们这样的家庭仍然是一笔开销,孩子也累。我们最担心的是开学后课后服务能不能真正发挥作用:时间上能不能衔接我们下班,内容上能不能加强作业辅导和基础巩固,让孩子尽量在学校把作业问题解决了,不必再额外花钱补课。希望领导多关注乡村学校课后服务的实际质量和师资保障,别让好政策停在表面。"
3F83FAFC944A85A53A79C6618A6975E0CBD7554D3DEC535F28E85AD1DA3251D5,关于提升乡村小学课后服务作业辅导实效的诉求,"领导您好,我是东部乡村一名小学生的家长。我们夫妻都在打工,家里老人帮衬有限,文化程度也不高,平时辅导孩子作业很吃力。现在孩子作业量基本能按规定控制,这是好事。学校这个月开展了课后服务,孩子也参加了。但我们担心课后服务如果只是看管,没有老师针对性地辅导作业、开展阅读和体育活动,对我们这样的双职工家庭帮助不大。希望政府能督促学校把课后服务做实,特别是加强作业指导,让孩子尽量在学校完成书面作业,减少回家后的辅导压力。同时,乡村学校的课后服务资源可能不如城里,希望政府给予经费和师资保障。另外,我们孩子目前还在上校外学科培训,费用虽然降了,但长期看还是希望学校课后服务能替代部分补习,减轻经济负担。请领导关注乡村小学课后服务质量,谢谢。"
9A41D4E9A6A51773B6709BB906981B9B5D1EDDCD610C3E548C71D3F27B057ACF,关于提升农村学校课后服务质量减轻家庭校外培训负担的建议,"我是一名小学生的家长,家在东部农村,我们夫妻都在上班,家里经济条件一般。孩子现在上小学,这个暑假在学校参加课后服务,但我们还是给孩子报了校外的学科培训。虽然培训费用比之前降了些,可对我们这样的家庭还是不小的压力。我们文化程度不高,辅导作业越来越吃力,很希望学校课后服务能真正把作业辅导和学业帮助做起来,内容再丰富些,时间也能更好衔接我们下班。如果能这样,我们就不用额外花钱去外面补课了,孩子也能轻松一点。希望领导关注农村学校课后服务的质量,帮我们解决实际困难。"
96B5706E663BEC5EBABECF73D120463D961FBD34D76D3C755415FC120D0A40F8,"希望课后服务加强学业辅导,减轻农村家长负担","我是一名农村小学生的家长。孩子现在上小学,我们夫妻白天都要上班,家里人手少,晚上辅导孩子作业很吃力。现在作业时间控制得比较规范,但孩子遇到难题还是没人教。暑假孩子参加了学校课后服务,我们很高兴,但希望新学期课后服务不只是看护,而是能安排老师多给孩子辅导作业、讲解知识,特别是我们文化水平不高,很多内容教不了。另外,现在外面学科培训班少了很多,孩子原来上的一个班虽然还在上,费用也降了些,但我们担心以后不稳定,学校课后服务如果能加强学业辅导,我们就不用那么依赖校外班了,经济压力也能小一点。希望领导关注农村学校的课后服务质量,让课后两小时真正帮到孩子和家长。"
54FC613D2BFB72595407F829E6EADE7B85B60CC12731AAFA80BB45ADE65EE146,关于提升农村小学课后服务质量的建议,"领导好,我是一名东部乡村小学生的家长,夫妻两人都要上班,家里人手少,时间很紧。孩子现在读小学,暑假也参加了学校课后服务,这个月书面作业量在规定范围内,我们比较认可。但我和孩子妈妈文化水平都不高,辅导作业吃力,目前孩子还在参加校外学科培训,虽然费用比以前降了一些,但对我们这种收入不高的农村家庭来说仍是负担。我们担心新学期农村学校的课后服务在师资和内容上跟不上,只是把孩子集中看管,缺少作业辅导和兴趣活动,解决不了我们的实际困难。希望领导关注农村学校课后服务的落实情况,加强师资保障和内容设计,让孩子在学校就能完成作业、发展兴趣,减少对校外培训的依赖,真正帮我们双职工家庭减轻压力。"
30A74E17586B85A955CDB44843E91FD7AC3363431C0F744EAC5C2C97995FFDB0,关于暑假及开学后课后服务、作业和培训负担的诉求,"领导您好。我是东部乡村一名小学生的家长。我和孩子的另一位家长都要上班,家里人手少,时间安排很紧,经济条件也一般。这个暑假,孩子在学校参加课后服务,同时还在外面参加学科类培训。虽然培训费用比过去降了一些,但对我们家仍有压力,而且课后服务能不能把孩子管好、辅导好,我们心里没底。我最担心的是开学以后:孩子作业会不会负担过重,课后服务能不能真正减轻家长辅导压力,校外培训会不会因为时间、收费不规范让我们花了钱还得不到应有质量。希望领导能督促学校把课后服务做实,严格执行作业时长规定,同时继续加强学科类培训的收费和时间监管,让我们这种双职工家庭能少一点两难。"
9286FE615D3157414F39B570A43AE80FA65F993B389231514ABBAE4ECE69B573,"希望学校开学后落实课后服务,减轻家长负担","领导您好。我家孩子在西部城镇一所公办小学读书,这个暑假基本没有书面作业,我们理解这是减负要求,但心里有些着急。家里经济条件一般,父母都要上班,家里人多,老人只能管吃喝,辅导不了学习。孩子每天在家除了玩就是看电视,我们担心开学后跟不上。现在政策要求学校完善课后服务、加强作业指导,我们希望领导能督促学校在开学后真正落实,让孩子在校内完成作业、得到老师辅导,也能参加一些兴趣活动。我们负担不起校外培训,只能依靠学校。恳请政府多关心我们这类家庭,让好政策早点落地。"
57299B75FB4CB01761AA8B112990AFD9235CE994624735C5C3C6CB65CECC6E19,新学期小学生作业与课后服务盼落实,"领导您好,我是一名小学生的家长,孩子暑假后即将升入新的年级。我们住在西部城镇,家庭经济条件一般,我们夫妻都在上班,家里人口多,辅导孩子的时间精力有限。目前暑假里孩子书面作业情况还符合规定,但以前听身边一些家长说过作业写到深夜、班级群经常发练习题、老师要求家长批改、课堂作业也带回家做,我们很担心新学期学校在作业统筹和课后服务上打折扣,作业负担反弹,又把批改辅导责任压给家长。希望领导能督促学校新学期真正控制书面作业总量,少用手机群布置额外练习,课堂作业尽量在校内完成,不要把任务都推给家长。同时希望课后服务坚持自愿、内容丰富,让孩子在学校完成一部分作业,缓解我们双职工家庭晚上的压力。也请关注学科类校外培训隐形变异,避免变相加重孩子负担。谢谢。"
A98041D597C7ECC4CAFAD53DEB7954A92EC3A6F5122C8BF82BECCA30925B46FB,关于落实小学课后服务和作业管理的求助,"领导您好,我是一名小学生家长,家住西部城镇。孩子暑假后上小学,不是毕业年级。我们双职工家庭时间紧张,家长文化水平有限,最担心开学后作业负担反弹。听说同省一些学校以前有书面家庭作业多、微信群布置任务、要求家长批改的情况,孩子常常写到很晚。虽然现在政策要求不布置书面家庭作业,加强校内指导,但我们担心学校不落实。希望领导督促学校真正执行作业管理规定,不把作业转嫁给家长;同时完善课后服务,让孩子在校完成学习任务,减轻我们照护和辅导压力。谢谢。"
CF9083C95BF9F32E71DBF9BBF2746BD16BF5592477F2716C5DC12C0860905004,关于落实小学作业减负和课后服务的请求,"领导您好,我是一名西部地区城镇小学生的家长。我们家庭经济条件一般,我和爱人都要上班,家里人口多,辅导孩子作业的时间精力有限。孩子现在上小学,按年级规定原则上不布置书面家庭作业,也要求学校统筹作业总量、加强课后服务。我们很担心新学期这些好政策在基层落实不到位,因为以前听说过同地区有学校作业量大、家长批改作业的情况。恳请领导督促学校严格按照规定控制书面作业,不要变相增加负担,同时把课后服务做扎实,让孩子自愿参加,真正解决我们双职工家庭的后顾之忧。谢谢领导关心。"
FC890F58DD3F32E177EF27AA6ED5430E9CCEB130919ABE54F1F899F6FC08329F,关于丰富小学课后服务内容的建议,"领导您好,我是一名小学生的家长,住在西部县城。我们夫妻都上班,家里人口多,经济条件一般,没有办法给孩子报课外班。孩子现在读低年级,平时按政策没有书面家庭作业,我们文化程度也不高,辅导不了多少。今年孩子参加了学校的课后服务,我们很感激有这个渠道,但马上要开学了,心里还是没底,担心课后服务只是帮忙看孩子,学习上的帮助不够。希望政府能多关心一下我们这样的普通家庭,指导学校把课后服务的内容做实,安排老师进行学习辅导、带学生阅读和锻炼,让孩子在校内就能把基础学扎实,我们家长也能安心上班。"
D7A2C8E67706E43698890ED866056127D6FB054691AB9B3719914EFC27CFFFFD,关于小学课后服务质量和作业负担管理的建议,"领导您好,我是一名小学生家长,孩子正在参加学校课后服务。我们夫妻都要上班,家里老人只能管生活,辅导学习比较吃力。学校说低年级原则上不布置书面家庭作业,目前孩子作业情况还符合规定,但我们仍担心开学后作业量反弹,或者有老师把批改任务推给家长,像周边以前就有让家长在群里发作业、老师只在群里改的情况。希望上级能加强对学校课后服务内容和作业管理的监督检查,确保课后服务时间真正用于作业辅导和有益活动,不变成变相补课,也不要让书面作业换个形式带回家,切实减轻家长和孩子的负担。谢谢。"
E26335CE86E78B63EDB93BCD1655A8E012A6A47DAD3921220EF988C390C2E784,关于小学课后服务与作业管理的诉求,"领导您好,我是一名小学生家长,家在西部城镇,家庭经济条件一般,我们夫妻都要上班,家里人口多,照看孩子的时间比较有限。孩子目前在公办普通小学就读,这个月参加了学校课后服务,睡眠时间还算有保障。但我们心里还是担心开学后作业负担反弹,因为过去听说同省有些学校作业量较大,还要求家长在群里批改、打卡,班上也曾有家长提意见没得到解决。希望领导能督促学校严格落实小学低年级不布置书面家庭作业的要求,真正用好课后服务时间,让孩子在校完成学习任务,不要变相布置作业或把辅导批改转给家长,减轻双职工和多人口家庭的负担。"
C66C989531655CB2045BB33E966DC6E0F4BCF8E6E5C9BEAA630136162E920081,关于提升课后服务质量减轻家长辅导负担的诉求,"领导您好,我是一名小学生家长。我家孩子在本地上公办小学,这个月参加了学校课后服务。我们夫妻都要上班,家里人口多,经济条件一般,辅导孩子学习比较吃力。孩子现在低年级,学校按规定不布置书面家庭作业,但我们担心随着年级升高作业会多起来,而校外培训又减少,我们家长文化程度有限,怕孩子跟不上。希望政府能督促学校把课后服务办好,不仅能看护孩子,还能提供作业辅导和兴趣活动,不要额外收费,让我们能安心工作。同时加强作业管理,防止以后变相增加家长负担。谢谢。"
B61BC490AABDD27D5F769D01F0235172040EF5B9CD8170D61FB3530A7F44A917,关于提升学校课后服务内容与质量的诉求,"我家孩子在公办小学就读,今年暑假参加了学校课后服务。我们夫妻都在上班,家里老人多但精力有限,经济条件一般,没有给孩子报课外班,课后服务解决了看护难题。不过我们担心学校课后服务只是简单看管或让孩子自己写作业,内容单一,起不到辅导和拓展作用。希望政府能督促学校丰富课后服务内容,加强作业指导,增加阅读、体育、科普等活动,并让服务时间与家长下班时间更好衔接。同时,希望考虑对经济困难家庭减免相关费用,让家长更安心工作。"
D283F9794F429FBFFBC9310439BDC8113CF4F9166B01508E042A4AF364E80FE0,关于暑期学校课后服务内容单一、自愿性需加强的建议,"领导你好,我们是西部城镇的一个小学生家庭。我们夫妻都要上班,暑假白天照顾孩子有困难,孩子这个月参加了学校的课后服务,按规定每天在校时间不短,确实解决了看护难题,我们很感谢。但听孩子反映,每天的课后服务主要是写作业、自己看书,体育活动、艺术手工、科普阅读这些比较少,孩子觉得有些枯燥。我们担心如果课后服务只是把学生集中在一起看管,时间长了孩子会厌烦,也不利于身体和兴趣发展。希望领导能关注学校课后服务的实际内容和质量,指导学校多安排一些适合小学生的体育、艺术、阅读、劳动等活动,真正自愿参加,不要变相补课或增加学业负担。同时考虑时间安排尽量与家长下班衔接。我们家庭经济条件一般,也希望课后服务收费合理、公开透明,不要增加负担。谢谢。"
28B82672F55761BF12EBF64DA929AD8B0F8B24EE023A3F012836BAD94DC36945,关于学校课后服务和作业管理的诉求,"孩子这个月参加了学校的课后服务。我们夫妻都要上班,文化程度不高,家里能辅导功课的人手有限,经济上也不宽裕,没法再给孩子报外面的班。听说省里有的学校以前出现过作业写到很晚、让家长在群里批改作业的情况,我们很担心开学后学校也会把辅导压力推给家长。孩子目前作业量还算符合规定,但希望学校能真正把课后服务利用好,让老师在校内指导孩子完成作业,而不是简单看管或变相补课;同时严格执行当前年级不布置书面家庭作业的要求,不额外增加书面作业,保证孩子睡眠和体育锻炼。请领导督促学校把这些要求落实到位,减轻我们普通家庭的负担。"
3EF3FB411919B5B9D1A2386D5E7B4D187B0A76DB1E26B5D6741CEC0AC3456F6C,关于课后服务作业指导与家庭负担的诉求,"领导您好。我是一名小学生家长,孩子目前上小学,这个月已经参加了学校的课后服务。我们家庭是双职工,父母文化程度不高,平时辅导孩子作业精力有限。了解到当前对小学这个年级原则上不布置书面家庭作业,也要求课后服务提供多样内容并加强作业指导。但作为家长,我们担心开学后作业总量会不会反弹,课后服务能不能真正帮助孩子在校完成作业、得到有效指导,而不是简单看管或变相上课。我们也担心学校或老师把批改、辅导作业的任务推给家长,给家庭增加负担。希望教育部门能关注这类情况,加强对学校课后服务和作业管理的督促,确保政策要求落实到位。谢谢。"
8D6BACF7DA8425B9CA6308361823739CA07A3F688C652B540B6794E32F10DEF0,关于提升暑期学校课后服务质量的建议,"领导您好,我是西部一个城镇小学学生的家长。我们夫妻都要上班,家里老人虽然能帮忙,但辅导学习比较吃力。这个暑假孩子参加了学校的课后服务,解决了我们白天看护的大问题,很感谢。不过我们也有些担心:现在学校按规定不布置书面家庭作业,校外学科类培训也少了,我们经济条件一般,没法给孩子报很多兴趣班。孩子每天在学校待的时间不短,如果课后服务只是简单看管,孩子回家后没有作业,学习巩固就没了着落。希望政府能督促学校把课后服务做得更实一些,除了看护,能安排一些阅读、体育、科普、艺术等活动,也可以针对学习有困难的孩子进行辅导,让课后服务真正成为孩子成长的有益补充。这样我们家长也能安心工作,孩子也能过一个有意义的暑假。恳请领导关注。"
9AE6D417175919027EEE4F55DB10B25E142F0100109115508282B3E7C9EF2683,关于课后服务与作业管理的几点担心,"领导您好,我是西部城镇一名小学生的家长。孩子读小学,家里大人白天都要上班,暑假孩子参加了学校课后服务,我们很需要这个安排。但作为双职工家庭,我们也有顾虑:以前听说有的学校作业多,老师还让家长在群里批改作业,我们怕开学后孩子也会遇到。希望领导督促学校把课后服务真正用好,让孩子在学校完成作业、得到老师辅导,别把书面作业带回家,也别让课后服务变成变相补课。另外,课后服务最好能安排一些阅读、体育活动,别让孩子干坐着。我们家经济条件一般,外面培训班也报不起,学校课后服务是我们很重要的指望。谢谢领导。"
898D640136DA8D2ED03B8CA9E1E0E748B2CA1526487C396C1AA7293990396091,关于提升学校课后服务质量并防止作业负担反弹的建议,"领导您好,我是西部城镇一名小学生的家长。我们夫妻双方都要上班,家里人手有限,孩子暑假期间参加了学校课后服务,我们很感激有地方照看。但心里也担心课后服务会不会只是把孩子集中起来写作业,或者变相补课?我们家长文化程度不高,辅导作业很吃力,也担心老师通过微信群布置额外练习题、要求家长批改,那样我们很难应付。现在书面作业时长虽然基本合规,但怕开学后负担又悄悄加重。希望领导能督促学校丰富课后服务内容,多安排体育锻炼、阅读、兴趣活动,真正减轻家长压力;同时加强作业总量和微信群布置任务的监管,让减负政策落到实处,孩子能好好休息,我们也能安心工作。"
B8E98F0A9077EB969B669EBE9465333A705039EDC58EB313096AD63EF10E003E,关于小学作业管理和课后服务的期盼,"领导您好。我是西部一名小学生家长,孩子读公办小学非毕业年级。我们家里父母都上班,同住成员多,学历不高,辅导学习比较吃力。孩子这个月参加了学校课后服务,我们很感谢。但目前也担心开学后作业负担会不会反弹,或者通过群布置、课堂作业带回家等方式变相增加压力。低年级虽然原则上不布置书面家庭作业,这个月作业情况也符合规定,可我们还是希望学校能持续控制作业总量,课后服务能真正做好作业辅导和素质活动,让孩子在校内解决大部分学习问题,回家有充足睡眠。尤其校外培训管得严,我们经济条件一般,没能力额外报班,更依赖学校支持。恳请领导关注小学作业和课后服务落实情况,督促学校规范布置行为,丰富课后服务内容,帮助像我们这样双职工、辅导能力有限的家庭。"
4EA6D1C340FA8DF8BB08C7AAFC406EDC039BB74F37080B05423F43F04A7E1DB3,关于提升暑期课后服务质量的建议,"领导好,我是西部城镇一名小学生的家长。我们夫妻平时都要上班,家里同住人口多,但专门照看孩子的时间有限,经济条件也一般。这个暑假孩子参加了学校课后服务,解决了我们不少后顾之忧,但目前看内容还比较单一,多是看护和写作业,体育、阅读、科普等活动较少,孩子兴趣不高。学校是普通公办学校,师资和经费都有限,我们担心长期下去服务质量跟不上。希望政府能加大对这类学校课后服务的投入和指导,丰富暑期活动内容,增加体育锻炼、艺术体验、劳动实践等,并加强质量监管,别让课后服务流于形式。另外,也请继续督促学校落实作业管理要求,开学后不要布置变相书面作业,让孩子有充足睡眠和户外活动时间。谢谢。"
A602C29DE06F70E2126CB071B4F3C43115C67475AA5941B5E54CBE1961E3F851,关于课后服务期间加强作业指导减轻家长负担的诉求,"领导好,我是西部城镇一名小学生的家长。孩子读公办小学,还没到升学年级。我们夫妻都上班,家里人口多,经济条件一般,没给孩子报过校外学科班。这个暑假孩子参加了学校课后服务,很感谢有地方看管。但孩子年级按规定不布置书面家庭作业,过去常听说同省有家长反映作业写到很晚,课堂作业带回家,还要家长在群里批改,我们文化程度不高,很担心开学后也会这样。希望能督促学校把课后服务时间真正用好,加强作业指导,不要把书面任务转给家长,不通过微信群布置额外打卡,开学后也严格落实作业总量,保证孩子睡眠。谢谢。"
01CFD4B696EF88121FC8C6CDE916F87096C7812CB8EC9DD7667A4D48DDC0FC48,希望开学后持续减轻作业负担并提升课后服务,"领导好。我家孩子在本地一所公办小学就读,暑假参加了学校课后服务,解决了我们双职工家庭的看护难题,很感谢。临近开学,想提一个请求:请持续关注小学中低年级的书面作业负担。以前我们这里有些学校作业量很大,孩子写得晚,家长还要在群里改作业、抄题目,负担很重。现在我们孩子作业基本符合规定,但担心开学后作业又会多起来。同时,学校课后服务时间有保障,但希望内容能更丰富一些,不要变成集体看管或变相补课。我们家庭经济条件一般,父母都要上班,也没有能力额外报班,希望学校能把作业指导和课后活动安排好,真正减轻家长辅导压力。"
3A87ED379426C022AA9F0043FD7F4F7C4E6E1539060F881886AA3B727005E529,关于提升小学课后服务质量与巩固作业减负的建议,"领导您好,我是一名小学生家长。孩子现在上小学,这个月参加了学校的课后服务。我们家庭条件一般,我和孩子妈妈都要上班,文化程度也不高,辅导孩子功课比较吃力。现在学校书面作业看起来是控制住了,但我们很担心这只是表面达标,课后服务时间如果只是看管,没有真正辅导作业和开展活动,孩子回家后可能还是有压力,或者学习上得不到帮助。听说以前有些学校出现过作业多、让家长批改的情况,我们也怕以后反弹。希望政府能加强对学校课后服务内容和作业管理的日常督导,让课后服务真正有作业辅导、阅读、体育等多样安排,减轻我们双职工家庭的负担,也让孩子能学得扎实、全面。谢谢领导。"
C628C8866BC4F81EAFB3CDA7A0C45C065969E36653842A5B96FA0F480E633C44,希望加强农村初中课后服务保障,"领导您好,我是一名农村初中学生的家长。我们家经济条件一般,我和孩子妈妈都在工作,文化程度不高,辅导孩子作业很吃力。现在国家要求学校完善课后服务,我们非常支持。暑假快结束了,我担心开学后学校课后服务在农村落实不好,特别是师资和经费不足,课后服务变成单纯看管,不能真正辅导作业、开展活动。我们这样的家庭上不起校外培训班,孩子学习只能靠学校。作业时间规范后,孩子作业少了,但我们担心基础不牢,希望课后服务老师能针对性辅导。恳请政府督促学校把课后服务做实,坚持自愿参加,时间上方便我们接送,内容上加强作业辅导和兴趣拓展,别让孩子因为家里条件差就掉队。谢谢领导。"
2571FA00F9C2C421CF9DBE02758CE6F3BF80A8CF2706B1097EFD4DA3F04B59EE,希望开学后乡村学校课后服务能真正落实并规范校外培训,"领导您好,我是一名农村初中生的家长。孩子就读于乡镇的公办学校,家里经济条件一般,我和爱人都需要上班,每天早出晚归,文化程度也不高,辅导孩子作业非常吃力。暑假快结束了,我特别担心开学后学校的课后服务能不能真正落实到位。我们夫妻俩时间很紧,如果学校能提供自愿参加的课后服务,时间上和下班衔接好,老师能在校内指导孩子完成作业,就能大大减轻我们的负担。另外,我听说有的地方还存在老师偷偷办辅导班、指定买资料变相收费的情况,我们家庭收入不高,很怕又增加额外开支。希望政府能严格规范学科类校外培训,防止这些现象在开学后冒头。我们家对孩子期望不算高,能上高中或者职高、学门技术就行,但农村教育资源本身就薄弱,更需要课后服务和作业管理这些好政策落到实处,让孩子在学校里就能学好。恳请领导关注我们农村双职工家庭的困难,督促学校把课后服务做扎实,同时管好校外培训,别让家长又花钱又操心。谢谢领导。"
9E52A2C517F5869B8EA74F738837E01CAC409CC84F8B8C97A8298F4509A10900,希望农村初中课后服务能真正落实并加强监管,"领导您好,我们住在东部农村,孩子马上要上初中了,我们夫妻俩都要上班,下班时间比较晚,家里经济条件一般,平时照看孩子做作业很吃力。现在放暑假,孩子作业量看着还算合适,但说实话,我们更担心开学以后。现在都在说要学校提供课后服务,我们特别希望学校能真正落实,不要只是挂个牌子,也不要变相收费或者只让孩子坐在那里。最好放学时间能跟我们下班的时间衔接上,老师能在校内多辅导作业,安排一些体育、阅读活动,这样我们农村孩子也能享受到公平一点的教育资源。另外,从我们以前听说的和身边情况看,最怕的就是有老师课上不讲课后补,或者指定到固定书店买资料。希望领导能督促学校把这些事管起来,让好政策真正落到我们这种普通家庭身上。"
EB5B4B1CF6D656DD29AE78FFB7AC5DCD43A562A2D1583D7E0F056B3C8F9E79C4,关于新学期乡村初中课后服务落实的诉求,"领导您好,我是东部某乡村的一名初中生家长。我们夫妻都在上班,家里经济条件一般,孩子读的是公办重点初中。暑假快结束了,对于新学期学校课后服务,我们现在还不清楚具体安排,心里很没底。最担心的是课后服务能不能真正解决我们接送和照看困难,时间能不能和下班时间衔接上,内容是不是只是变相补课或做作业。也怕自愿参加变成变相强制,或者另外收资料费、补课费,增加我们负担。希望领导能督促学校把课后服务落实到位,公开安排和收费,保证自愿参加,让乡村孩子也能享受到有质量的课后服务。谢谢。"
2ADB179DC609F97B3A70180B0D262ED4AB94D4AAA405CDAA256C471C63F10797,关于农村初中课后服务提质与培训管理的诉求,"我是一名农村初中生家长,孩子就读公办重点初中。我们夫妻平时都要上班,家里经济条件一般,没时间辅导孩子学习。孩子现在参加学校课后服务,也在外面补课。近期校外培训管得严了,费用确实降了一些,但能选的机构少了,我们担心以后孩子跟不上没地方补。学校课后服务时间虽然延长了,但到底能不能帮孩子把作业完成、把弱科补上,我们心里没底。希望政府多关注农村学校的课后服务质量,让老师在校内多指导孩子学习,特别是作业辅导和基础巩固,这样我们就不用额外花钱报班,也能减轻接送和经济负担。对于还在办的合规培训机构,请继续管好收费,保护家长利益。"
F1EE548E2B0DCE05CC1D68C20C99E81982B91E2A444B03F4B6CEA0D29E2E848F,关于农村初中课后服务质量与家庭负担的诉求,"领导好,我是东部农村一名初中生家长。家里经济条件一般,我和孩子爸爸都在上班,每天接送和辅导时间很紧。现在学校有课后服务,孩子这个月也参加了,但我们担心农村学校课后服务的师资和内容跟不上,开学后能不能真正有老师指导作业、补上薄弱科目,而不是光看管。孩子目前还在外面参加学科培训,虽然费用比以前低一些,但对我们来说仍是负担。希望政府能加大对农村学校课后服务的保障,安排足够师资,丰富内容,让孩子在学校就能完成作业、得到辅导,减少对校外培训的依赖,也让我们家长能安心工作。"
F2A8588AEF95626A222939209B7E1E9472B2B1FDE140F0019589355F3B68A382,"希望加强农村学校课后服务内容,减轻家庭校外培训负担","领导您好,我是东部农村一名初中生家长,孩子就读公办学校。我们夫妻都要上班,家里经济条件一般,孩子放学时间与下班时间很难衔接,所以这个学期让孩子参加了学校课后服务。目前看,课后服务时间是有保障的,但内容比较单一,主要是看着写作业,老师个别指导和答疑不足。孩子学习上有些吃力,我们文化程度不高也辅导不了,只能继续报校外的学科培训班。虽然现在培训收费比之前降了一些,但对我们这样的家庭仍是负担。希望领导能关注农村学校课后服务的实际内容,多安排有针对性作业辅导和答疑,不要只是维持纪律,也不要变成变相补课或推销资料。如果课后服务能真正帮孩子解决学习困难,我们就不用额外花钱报班了。"
D23643BE8893B6E1635EAA66A86EC2A51B649976EA2431F7F93A0938D67DCE75,关于乡村初中课后服务与校外培训负担的诉求,"领导您好,我家孩子在乡村一所公办初中就读,我们夫妻双方都在工作,家庭时间安排比较紧张,经济条件也一般。这个月孩子参加了学校课后服务,了解到政策要求学校每周五天、每天至少120分钟,这对我们来说本来是好事。但目前孩子仍然在校外参加学科类培训,虽然费用有所下降,但对我们来说还是一笔负担,而且接送和辅导精力跟不上。我们担心学校课后服务内容不够多样,作业指导和学业辅导不足,孩子回家后还是要靠课外班。希望政府能督促学校把课后服务真正做实,加强作业辅导和学业支持,保障乡村学校课后服务的师资和经费,让我们这样的家庭能少一些校外培训的压力,也让孩子放学后安全、有收获。谢谢。"
FD5345A6D2FA96E7D12A4A0FF49F04757A58C6F02DD63F87E9FE490CC62D67DE,希望学校课后服务多辅导孩子作业和基础,"我家孩子上初中,我和孩子妈妈都在打工,家里老人帮不上太多,我们文化程度也不高。这个暑假学校有课后服务,我们让孩子参加了,至少有人看护,但我们更希望老师能在课后服务里带着孩子把作业完成、把没学懂的地方补一补。孩子以前没怎么上过补习班,现在外面的学科班也少了,我们经济和时间都跟不上,很担心孩子成绩掉队。希望开学后学校能继续把课后服务做实,不要只是集中看管,尽量让孩子在学校把当天的作业解决掉,并给学习吃力的孩子一些免费辅导。我们不太会辅导,也不知道怎么跟老师配合,希望能有明确的安排和沟通。"
996D63FDCA736E77F0A8D0B9461CB732E1EA1408D1EE0BA83DC0ED3653ADD3D1,关于暑假学校课后服务辅导质量的诉求,"领导好。我家孩子在乡镇初中上学,家里条件一般,我和孩子妈妈都要上班,暑假孩子没人带,就参加了学校组织的暑假课后服务。孩子说每天在学校有两个小时,但基本就是自己写作业或自由活动。我们文化程度不高,辅导不了功课,现在外面的补习班也少了,家里也报不起。我们担心一个暑假下来,孩子学习跟不上,特别是数学和英语。希望领导能关注乡村学校的课后服务,让老师多给孩子讲讲题、补补基础,别只是看管。另外,也请监督一下,不要出现变相收费或指定买资料的情况。我们家长心里没底,拜托了。"
0CB26E4A8CB817C169B4D5ECEE5DA378CEF3BA938A066D5AB9AD7266C395EF04,希望加强农村学校课后服务辅导质量,"领导您好,我是一名初中学生的家长。我们住在农村,家里经济条件一般,我们夫妻俩平时都要上班,时间很紧。现在孩子已经参加了学校的课后服务,也不再参加外面的学科培训了。我们很支持这些政策,但心里也有些不踏实。农村学校本身师资和资源就比城里弱,课后服务会不会只是简单看管?孩子作业遇到不会的题,能不能得到老师认真辅导?我们担心时间花了,学习效果却跟不上,最后还是得家长另外想办法。希望领导能关注农村学校课后服务的实际质量,加强师资保障和课程安排,让孩子在校内就能把作业做好、把知识巩固好,真正减轻我们这类家庭的负担和焦虑。"
79B18254F910F61AB983C5B17E40174807D780F28DBE50A0EA2EF821D945777A,"希望加强农村初中课后服务监管,确保孩子校内学习有保障","领导您好。我家在东部乡村,孩子上初中,我们两口子都在上班,平时时间紧,经济条件也有限。前段时间孩子已经不再参加外面的学科补习,这个月也都参加了学校的课后服务。马上要开学了,我们最担心的是学校课后服务能不能真正做到自愿参加、内容实用,特别是农村学校资源少,怕变成看管或变相补课,孩子校内作业指导和答疑也跟不上。希望政府能督促学校把课后服务抓实,保障自愿原则,丰富活动内容,加强作业辅导,同时对教师行为加强监管,防止出现变相推销资料或课内不讲课外讲的情况。我们家长文化不高、也没时间辅导,就盼着学校能把孩子管好教好。"
5014DE191E9F7C75824BA3C58F4944A95912215846EFFB5DB8CB49C1B5F10F1E,关于乡村初中生暑期课后服务与学业支持的诉求,"我家在东部乡村,孩子上初中,我和另一半都要打工,家里经济条件一般,文化水平也不高,暑假白天基本没人照看孩子。现在校外学科培训不好找了,我们也停了,孩子这个月参加了学校课后服务,但这段时间下来,我们担心暑期服务主要就是看护,作业辅导和拓展活动不够,对孩子学业帮助有限。我们做家长的白天在外,晚上回来也辅导不了多少,孩子学习上遇到问题没处问。希望领导能关注乡村学校暑期课后服务的质量,多安排一些作业答疑、阅读和兴趣活动,师资和经费上给予保障,让像我们这样的家庭能安心上班,孩子假期也能有实实在在的收获。另外也希望开学后学校能继续把作业量控制好,课后服务能真正帮助孩子解决学习困难,减轻家长负担。"
F9910CDD4C4099EC489341BD67EDB9C3FB4FEC6BB0A3AAD35C7AE3376441667D,"希望加强农村学校课后服务监管,别让变相补课损害孩子","领导您好,我是一名东部省份农村初中学生的家长。家里经济条件一般,我和孩子妈妈都在打工,平时时间紧,顾不上孩子学习。现在学科类校外培训收缩,我们让孩子参加了学校课后服务,每天两个多小时,这对我们双职工家庭是好事。但我们是农村学校,虽然学校是重点,可教育资源还是比不上城里。我们担心课后服务只是把孩子集中看管,没有真正辅导作业、培养兴趣。以前就听说过有老师变相开辅导班、指定买资料的情况,如果不参加就区别对待。现在课后服务时间长,我们更怕出现变相补课和乱收费。希望领导督促学校丰富课后服务内容,安排老师认真辅导,同时严查变相补课和强制购买资料,让我们农村孩子也能在校内学好。"
B9A9A9BBEDD919774705769434D2656CC9D70EB6C4FEE24EC6EABC1CC9ADAADF,关于提升乡村初中课后服务实效的建议,"领导您好,我是东部乡村一名初中学生的家长。孩子现在上初中,不是毕业年级。我们家经济条件一般,我和孩子妈妈都在外打工,平时晚上回家晚,辅导作业确实力不从心。这个暑假孩子参加了学校的课后服务,学校说每天有两小时,我们很感激。但我们这里农村学校资源少,老师也忙,我们担心课后服务会不会只是看着孩子写作业,没有真正辅导答疑。孩子作业现在看着不算多,可遇到不会的题我们也不会教。以前也听说过有老师偷偷办辅导班,或者变相让学生买资料,我们很怕这些情况再出现。希望政府能加强对乡村学校课后服务质量的检查和指导,让课后服务真正帮助孩子解决学习困难,提高作业辅导效果,不要流于形式。同时也希望学校布置作业更科学,少一些重复抄写,多一些有质量的练习,让孩子在学校就能把作业弄懂,我们家长也能安心工作。"
3BCF269A9C36D8CEAD25384870C073E1C09536B564577C1FE4962871393C3482,关于乡村初中课后服务质量的担忧与请求,"领导您好,我是东部乡村一名初中生的家长。家里条件一般,我和孩子妈妈都要上班,平时时间紧,辅导孩子功课也吃力。现在孩子已经不再参加校外的学科培训,这个月开始参加学校的课后服务。我们很支持学校提供课后服务,但心里没底:乡村学校本来资源就少,老师也辛苦,课后服务能不能真正帮到孩子?会不会只是看管,甚至变成变相补课或乱收费?我们不想孩子因为家庭条件跟不上,在课后服务里反而被区别对待。希望政府能多关注乡村学校的课后服务,加强师资、经费和内容监管,让课后服务真正自愿、多样、有质量,也能和我们下班时间衔接好。谢谢。"
692735902E9D02597C6E3E5DA18DED751FB74772C1606B3400325A0D750902CD,关于丰富农村初中学校课后服务内容的建议,"我家孩子在乡镇初中读书,我和爱人都要上班,文化程度不高,家里经济条件一般。现在孩子已经不去校外补课了,这个暑假参加了学校课后服务,解决了我们白天看护的大问题。但我们也担心课后服务如果只是集中看管,孩子学习上的困难没人辅导,尤其是初中课程我们家长已经帮不上忙。孩子平时作业时间虽然符合规定,但在家遇到不会的题只能自己硬扛。希望领导能关注农村学校的课后服务质量,多安排老师进行作业辅导和阅读、体育等活动,让孩子在学校既能完成作业,又能学点东西,我们家长也能安心工作。"
D3694461F7D68264A869618BC0A4A9E8E1B3DB0C5CC10809CC1077FFB63D4FE3,希望课后服务能真正帮到农村孩子,"领导好,我是农村初中孩子的家长。我们两口子都在外打工,文化程度不高,家里经济也不宽裕,孩子现在参加学校的课后服务,我们很感激有这个政策。可心里也担心,课后服务是不是只是老师看着写作业,讲题不细,或者还像以前听说的一些老师那样,变着法儿收资料费、补课费。我们家长没能力辅导,也不希望孩子再出去上培训班,就指望学校能实实在在地帮孩子把学习上的问题弄明白。希望领导督促学校把课后服务真正落到实处,安排老师认真辅导、答疑,多开展些对孩子成长有用的活动,别增加我们家长的经济负担。"
71EA889BA42B736E91C7025E698C172571B8D4D8AAF73C14FE6C7DDD983CBD85,关于农村初中课后服务质量和教师行为规范的诉求,"领导您好,我是东部省份一名农村初中生家长。家里经济条件不好,我和孩子妈都在打工,文化程度也不高,平时很难辅导孩子功课。现在校外学科培训班基本停了,我们也没再给孩子报。孩子目前参加学校课后服务,听说每天至少两小时,但我们担心课后服务只是把孩子看住,老师不一定认真答疑。尤其像我们农村学校,老师资源有限,班里孩子多,作业遇到不懂的还是没人帮。过去也听说过有老师让学生到指定书店买资料,或者私下开辅导班,不参加就差别对待。我们怕孩子在学校也被这样对待,变相增加负担。孩子睡眠时间还行,我们希望他能学点东西,以后至少上个高中或职高,不要因为家里没人辅导就掉队。恳请领导关注农村学校课后服务的实际质量和教师行为规范,加强检查,确保课后服务真的能辅导作业、巩固基础,不要流于形式,也避免变相收费补课。谢谢。"
C26FB86F648D3AEECD3FAC4EFD5571D51AB9B5E062F1CF0B1D26E189938F5F48,关于农村初中课后服务保障的诉求,"领导您好。我是东部乡村一名初中学生的家长。家里经济条件不太好,我们两口子都在上班,平时能陪孩子辅导作业的时间很少。现在孩子参加了学校的课后服务,我们很感谢政策安排,但也有些担忧。我们这里是农村,学校资源本来就薄弱,学校数量也少。课后服务虽然时间有了,但怕内容不够丰富,特别是初中孩子需要的学业指导和兴趣活动跟不上。我们自己文化水平不高,辅导不了孩子,校外学科培训又停了,孩子学习主要靠学校。希望领导能关注农村学校的课后服务质量,多投入一些师资和经费,真正让课后服务帮到我们这样的家庭。"
7B2B3A625CEA130C25B7DCEC3BD0E0CE944CD17AFDCC0CA3678560CFF1354C75,关于减轻小学生书面作业负担和落实课后服务的诉求,"领导好,我是一名中部城镇小学生家长。孩子读小学,我们夫妻俩平时都要上班,家里人口多,经济上也不宽裕,我们自己文化不高,辅导孩子写作业非常吃力。这个暑假里,孩子在家写书面作业,经常要超过规定的一个小时才能完成,我们看着着急,又帮不上太多忙。现在听说上面要求学校统筹作业总量和时长,希望领导能督促学校在新学期真正落实,把书面作业控制在规定时间内,并且能在学校里多指导孩子完成作业,别把压力都推到家里。另外,学校课后服务如果能尽快完善,我们愿意让孩子自愿参加,时间上最好能跟我们下班时间衔接上,内容也丰富一些,这样能减轻我们双职工家庭的负担。我们没给孩子报过校外学科辅导班,家庭也负担不起,只盼孩子在学校就能学好。孩子睡眠一向比较充足,我们不想因为作业牺牲健康,也一直希望他能考上大学,可眼下实在力不从心,恳请领导关注我们这样的普通家庭。"
9C53CA84D65095D35AD2300F2635FE3EF66BA545EAAF8CF031F0317775C7C932,小学生作业超时家长负担重盼统筹治理,"领导您好。我家孩子在小学阶段,不是毕业班,家里经济条件一般,我和爱人都要上班,老人帮不上太多,每天回家很晚。这个月孩子的书面作业时长超出了规定,常常写到很晚,我们文化程度不高,辅导不了,孩子也累。我们理解学校想抓质量,但作业太多反而影响睡眠和第二天精神。听说现在有要求学校统筹作业总量、加强校内指导,还要求开展课后服务,但我们担心开学后学校落实不到位,尤其是学校不是公办,怕没人管。我们没给孩子报过学科培训班,也担心个别老师把精力放在校外补课上,不参加的孩子被冷落。希望领导督促学校严格执行作业时间规定,真正提供自愿、内容多样的课后服务,让孩子在学校就能完成大部分作业,回家能早点休息;同时严查教师有偿补课,让我们这样普通家庭安心。"
13951B93AA9A23BFB0EE6A7BF32D60F0CAE7D77E5048B8B4FA2515E373A04BAB,请求督促学校落实作业管理规定并办好课后服务,"领导您好,我是中部城镇一名小学生家长。我们孩子现在读小学,不是毕业年级。我们夫妻俩都在外上班,家里人多但帮不上忙,我俩文化程度不高,经济条件也一般,辅导孩子作业非常吃力。最近了解到,孩子这个月的书面作业情况不符合规定的小学生作业时长要求,虽然放暑假,但我们心里很慌。马上要开学了,担心开学后作业会更多,孩子睡眠时间长,写太晚影响身体。我们希望学校能真正按照要求统筹作业总量,别把压力都推给家长。同时希望学校能把课后服务办好,让孩子自愿参加,在学校把作业完成,有老师指导,我们也能放心。另外,我们很担心有些老师课上不认真教,课后暗示学生去上补习班,我们家实在没有这个经济条件,希望领导能加强对学校和老师的监督。谢谢。"
5210970625B16D79C253CD8263D4AB9C5CF7BA5DC300922E1582F22A110DAB67,关于小学书面作业时长规范落实的诉求,"我是一名小学生家长。孩子目前处在小学阶段,没有升学衔接压力。从这个月的情况看,孩子的书面作业用时没有达到分学段规定上限,虽然不知道具体是学校布置还是其他原因,但我们做家长的还是担心。平时我们夫妻都在上班,家里老人也帮不上太多,时间很紧,孩子如果作业太多,睡眠和兴趣活动都会受影响。我们也听说过一些家长反映,以往有老师把精力放在校外补课上,对不去补课的孩子关心不够。现在虽然政策要求规范校外培训、统筹校内作业,但我们希望这不只是一纸文件。开学后,请区县教育部门对小学的书面作业总量、教师从教行为和课后服务安排进行检查,别再让作业负担压到孩子身上,也别让课堂上的公平打了折扣。谢谢。"
F2EF594CF51F8BF4E151D89E598FBD73268FF12B62346DE527AF7695F85424D8,关于小学生书面作业超时及课后服务未有效减负的诉求,"我是一名小学家长,孩子目前读小学,不是毕业班。我们家经济条件一般,我和孩子爸爸都要上班,晚上回家比较晚,家里能辅导作业的人手和时间都有限。孩子从这学期开始参加了学校的课后服务,本来想着作业能在学校完成,但开学以来孩子的书面作业还是经常超过规定的一个小时,经常写到很晚,我们担心影响他的睡眠和身体发育。我们文化程度不高,有些题也辅导不了,心里很着急。学校虽然安排了课后服务,但感觉孩子回家作业还是很多,没有真正减轻负担。希望领导能督促学校严格落实作业管理要求,把课后服务的时间真正用于作业辅导和答疑,让孩子在学校就把作业完成,不要都带回家。也希望非公办学校也能一样执行规定,我们家长实在没办法。谢谢。"
413AE227CA7632F1A65D4A2341FAE201495AF937E9ECCA5AC576A500E2CD2886,希望学校课后服务能真正帮孩子完成作业,"领导您好,我是个小学生家长。家里条件一般,我和孩子爸爸都要上班,老人身体也不好,每天接送和辅导作业都很吃力。这个月孩子虽然每天参加学校的课后服务,但回家后书面作业还是没有控制在规定的一个小时内,经常要写到很晚。我们文化程度不高,有些题也不会教,孩子睡眠虽然还行,但这样下去很担心他的身体和学习兴趣。政策要求学校统筹作业总量、加强校内作业指导,课后服务也每天有两个小时,我们希望这两个小时能真正用来辅导孩子写作业,而不是干坐着。请领导帮忙督促学校把课后服务落实好,让作业能在学校完成大部分,减轻我们家长的负担。"
0CB9E2B87EAFFD333E6379E8FD35919092FAF788D18F7DEFC8360724827F0983,"孩子课后服务后作业负担仍重,盼加强作业管理","领导您好,我是中部一个城镇的小学生家长。我们夫妻都在外打工,家里人多事多,文化程度不高,辅导孩子作业很吃力。孩子这个月参加了学校的课后服务,每天放学后在学校待两小时左右,但回家后书面作业还是不少,感觉超过了规定的60分钟,有时要做到比较晚。虽然孩子目前睡眠时间还算长,但作业一多,玩的时间就没有了,我们很担心长期影响身体。家里经济条件不好,请不起校外辅导班,我们也不会教,只能干着急。以前听其他家长说,有些老师以前会办补习班,不去的学生会被区别对待,现在虽然外面的培训班少了,但我们担心老师上课不讲透,课后服务只是看住孩子,不真正辅导作业。希望领导能督促学校把课后服务时间利用好,让老师指导孩子在校完成大部分书面作业,控制回家作业量,也请严禁老师变相有偿补课,公平对待每个孩子。"
D4A25FABB149658D6754E19915926C7E3C024457C81A2A41EDCB6D39B5C0AF79,关于孩子课后服务和作业时长的诉求,"领导您好。我家孩子上小学,家庭经济条件有限,我们做家长的都要工作,文化程度也不高,辅导作业很吃力。这个月孩子参加了学校的课后服务,但孩子的书面作业情况不符合规定时长要求,我们很担心作业负担影响孩子睡眠和学习。听说课后服务应该有作业指导,但我们不清楚实际效果,也不好直接找学校,怕对孩子不好。希望领导能督促学校把作业总量和课后服务作业指导管起来,查一查作业时长不符合规定的原因,让孩子能早点完成作业、睡够觉。谢谢。"
79168D0C16B0C26C08EA38D75C7DFAC477AF36080FE2BCF426B9ED934F2DD165,希望督促学校落实作业减负和课后服务指导,"领导好,我是孩子家长。孩子现在上小学,我们夫妻都在打工,家里老人多,确实没有很多时间辅导作业,我们文化也不高。这个暑假孩子参加了学校的课后服务,但感觉书面作业还是偏多,孩子经常要写挺久,我们对照规定说小学书面作业平均不超过60分钟,可实际情况感觉不符合这个要求。我们经济不宽裕,也没法给孩子报外面的补习班,只能靠学校。希望领导能督促学校真正统筹好作业量,别让作业都压到家里,也请学校在课后服务时间多指导孩子完成作业,减轻我们家长的负担,让孩子能睡好觉,我们也盼着孩子以后能考上大学。"
80A6057D04895BF8A09709C91175F8C67F9EEEB87D7F13B279E90AAC42CB3121,"希望落实作业减负和课后服务,别让不补课的孩子吃亏","领导您好,我是小学四年级学生家长。我家经济条件一般,两口子都在打工,家里人多,晚上照看孩子时间很紧。孩子这个月参加了学校课后服务,可书面家庭作业还是没控制在规定时间内,回家后经常还要写很久。我们没给孩子报过校外学科班,现在外面培训班也少了,但听说以前有老师在校外办班,不去上的孩子容易被冷落。我们担心课后服务只是把时间占住,作业并没有真正减少,甚至变成变相补课。希望领导督促学校把作业总量真正压下来,课后服务多安排些孩子喜欢的活动,别布置新的书面任务。也请关注教师在校外办班的问题,让没条件补课的孩子也能得到公平对待。"
7AFF88E306F71DBF745625B259926C98770001DD614919109F86421814DC70DD,关于小学课后服务和作业管理的求助,"领导好,我是一名小学生家长,家里条件一般,我和孩子爸爸都上班,文化程度不高,辅导作业很吃力。孩子现在小学,这个月参加了学校的课后服务,每天也到五点多,但我们发现书面作业还是经常超过规定的一个小时,我们也不知道是学校布置得多,还是课后服务没真正用来辅导作业。我们很担心,孩子睡眠倒是能保证,但作业压力大,我们家长又帮不上。以前总听说有老师上课不讲,课后办班讲,我们怕课后服务也成了形式。希望领导能督促学校把课后服务真正用起来,安排老师辅导孩子在校完成作业,别把作业都压给家长。我们不想让孩子去外面补课,也没那个钱,就盼着学校能负起责任,让孩子轻松点,我们家长也能安心工作。"
ACD8856E52222C627E6881D21F36C23E8D4016B0BD87314BC438DC7E22B5C26A,关于学校课后服务与作业时长规范的诉求,"领导您好,我是一名小学生家长。孩子本月参加了学校提供的课后服务,但孩子的书面作业情况不符合现有的时长规范。我们家庭经济条件一般,我和爱人都在工作,家里时间紧,辅导孩子作业确实吃力,也没有条件报校外班。我们原本希望课后服务能帮孩子在校完成作业、减轻家庭压力,可现在作业问题仍然存在,我们很担心课后服务没有真正用在作业辅导上,反而可能加重孩子的负担。恳请相关部门核查学校课后服务的具体安排和作业布置是否合规,督促学校严格执行作业总量和时长要求,提升课后服务质量,让我们这种普通家庭能稍微安心一些。谢谢领导。"
F85C1E78871DE4A19D0668B986242059E356B9F3A9461A219E7A58712B25D1E2,关于暑假期间小学生书面作业负担和课后服务效果的反映,"领导您好,我是城镇一名小学生家长。家庭经济条件一般,我和孩子爸爸文化程度不高,平时工作忙,辅导孩子作业很吃力。这个月孩子虽然参加了学校的课后服务,但书面作业完成时间还是超过了规定的一个小时,我们很担心这样长期下去会影响孩子的学习兴趣和身体健康。政策一直在要求学校统筹作业量、加强校内作业指导,课后服务也应该帮助孩子在校内完成大部分作业,可目前我们感觉效果还不太明显。希望有关部门能关注我们这样家长辅导能力不足、经济条件有限的家庭,督促学校合理布置暑假书面作业,提升课后服务的作业辅导质量,让孩子能在校内完成作业,回家后有更多时间休息和活动,保持充足睡眠。"
D70BE409468F3D1A602EA05AF137FF7771552D5D61EBF93873338C16915F4F58,关于减轻孩子书面作业负担和用好课后服务的诉求,"领导好,我是小学生家长。家里条件一般,我们两口子都要上班,老人帮不上太多,晚上时间很紧。这个暑假孩子在学校参加课后服务,可本月书面作业完成时间还是超出了现在规定的60分钟以内。我们不是不让孩子写作业,是希望作业量能真正控制住。课后服务时间不短,能不能请学校在课后服务里加强作业指导,让孩子尽量在学校把书面作业写完,别都带回家。我们家长文化不高,辅导起来也吃力。另外,以前也听说过有的老师把精力放在校外补习班上,不参加的孩子容易被晾在一边,现在我们心里也有这种担心。希望领导能督促学校把课后服务做成真正普惠的事,老师能公平对待每个孩子,别让课后服务变成变相补课或给家长加码。孩子睡眠目前还算充足,但开学后如果作业还这样,我们也怕撑不住。谢谢领导。"
A9E2DFA122B19B314BA4740143F51AEF8C598070EDA9F74920F2BC7EB8FCFBF4,希望加强暑期课后服务作业辅导与作业总量控制,"领导好,我是小学家长。家里条件一般,我们夫妻都在上班,文化水平不高,家里人多,晚上辅导孩子作业很吃力。孩子这个暑假参加了学校课后服务,但书面作业还是不少,比规定的一个小时长,我们担心影响孩子休息和身体。请领导督促学校把课后服务里的作业辅导做扎实,老师能多在校内指导孩子完成作业,别把作业都压到家里。同时请对书面作业的总量和时长再严格管一管,不要让课后服务只是看管孩子。我们也怕家庭条件不好、没人辅导的孩子被落下,希望每个孩子都能得到公平对待。"
FE855C869B645BA53D17332AEF9F4C261CA2E2324853811AD72DB0616217B228,关于减轻小学生作业负担和提升课后服务质量的求助,"领导您好,我是中部某城镇的一名小学生家长。我们家经济条件一般,我和爱人都要上班,平时照看孩子的时间和精力很有限。这个暑假孩子参加了学校组织的课后服务,我们本来以为作业能在学校完成,但实际情况是孩子回家后还要写书面作业,而且感觉作业负担并没有减轻,我们文化程度不高,辅导起来很吃力。现在校外学科培训管理严格,培训供给也少了,我们没有条件给孩子报班,只能依靠学校的课后服务。希望领导能督促学校真正落实作业统筹和课后服务要求,加强校内作业指导,丰富课后服务内容,让课后服务确实能帮助孩子完成作业、减轻家庭负担。谢谢领导。"
F6A41D9C7B488F5716D531310B31C4B0912239E9AF1ECC8FFFBFD1355394F5DA,关于减轻小学生家庭作业负担的诉求,"我家孩子在读小学,这个月感觉书面作业完成时间超过了规定的时限,经常写到很晚。我们两口子都在打工,家里老人小孩多,晚上回来没精力辅导。孩子参加了学校的课后服务,但回家后还是要花不少时间写作业,我们文化程度不高,经济条件也有限,外面培训班上不起,现在学科培训也少了,只能靠学校。希望领导能督促学校切实控制作业总量,提高课后服务的作业指导质量,让孩子尽量在学校完成作业,减轻家长负担。我们不是不想管,是真的没时间也没能力。孩子能考上大学是我们最大的盼头,可现在作业都写不完,基础也跟不上,心里很着急。"
7B22F2E6E9F3CBD26EF1F58B2568F9A8496B1B8E8FF4FA1C387F7B9761180DA4,"课后服务参加了,孩子书面作业时间仍未符合规定,求督促落实","领导好。我家孩子上小学,我们家长文化不高,家里经济条件也紧,没办法给孩子在外面报补习班。这个暑假孩子参加了学校课后服务,本以为有老师带着写作业能轻松些,可近期看孩子的书面作业时间还是没达到现行规定的要求,心里很着急。我们不清楚是课后服务里的作业指导不够,还是老师布置的量没统筹好。以前也听说过有的老师心思放在外面,对不参加补习的孩子不上心,我们很怕孩子被耽误。希望领导能督促学校把作业总量和课后服务质量真正管起来,让孩子在校内就把作业问题解决好,别让课后服务变成只是看管,作业负担没有真正减轻。谢谢。"
686C88CAA7C0EF6BE7CF6E219C43A34DA38DD37397FAD3302BC32F98FC05C42A,关于小学课后服务与作业负担的诉求,"我家孩子在小学读书,我们夫妻都要上班,家里人口多,时间紧,经济条件也一般。孩子参加了学校课后服务,但这个月孩子的书面作业情况没有符合规定要求,我们担心作业负担还是太重,回家后我们文化不高也辅导不了,报班又负担不起。希望领导能督促学校把作业量和课后服务真正管起来,让课后服务有老师认真辅导,帮助孩子在校内完成作业,而不是简单看管或把压力转给家长。同时,我们也担心有的老师精力没全放在教学上,课后服务质量打折扣。恳请相关部门加强检查,让好政策落到实处,减轻我们普通家庭的负担。"
96CB739497D87F08C8EDB953CC4A6AB76507A028C5327FDC7BF7A4F51D9B769A,关于小学课后服务和作业负担的诉求,"领导您好,我是本地一名小学生家长。家里经济条件一般,我们两口子都在上班,文化程度不高,辅导孩子学习很吃力。暑假期间孩子参加了学校组织的课后服务,原本想着能减轻我们的负担,但最近发现孩子的书面作业还是超过了规定的时间,我们家长干着急没办法。希望政府部门能督促学校严格落实作业时间规定,提高课后服务的质量,真正把作业辅导做扎实,让孩子在学校就能把学习问题解决好,不要让我们家长因为经济条件和能力跟不上而耽误孩子。谢谢。"
79926AABDFAF81155488AC276EAA3116D744B9B080293BFBAC39E026FB8316FE,关于减轻乡村小学升学衔接阶段作业负担和落实课后服务的诉求,"领导您好,我是西部乡村一名小学生的家长。孩子正处在升学衔接年级,就读的是公办非重点小学,家离学校较远,我们夫妻都在上班,家里照看时间很紧。最近我留意到孩子的书面作业用时已经超出现行规定的时长上限,虽然现在还是暑假,但想到开学后的作业压力和课后照护衔接,心里很不安。希望学校能严格落实作业管理要求,统筹作业总量和设计质量,别让乡村孩子因为资源有限就被落下。同时,我们也盼着课后服务能在我们这样的乡村学校真正办起来,让孩子自愿参加,在校内完成大部分书面作业,解决我们下班晚、接孩子难的实际困难。我们家之前没有给孩子报学科类培训班,也不希望因为校内减负不到位、课后服务跟不上,被迫转向校外培训。恳请领导关注乡村学校课后服务的师资和经费保障,让政策真正落到我们这样的家庭。谢谢。"
2DC39F457894900614D34134E70FED46D3497205C73B8D42B9EDB1DB8528C335,关于减轻乡村小学生作业负担的诉求,"领导您好,我是一名西部乡村小学生的家长,孩子现在处于升学衔接年级。这个暑假,孩子的书面作业时长明显超过了规定,我们夫妻都在上班,时间很紧,孩子经常写到很晚,睡眠和锻炼都受影响。虽然我家经济条件还算可以,但看到同省有些学校补课到晚上九点多,孩子睡眠不足,我很担心我们这里开学后也会这样。现在政策要求学校统筹作业总量和时长,完善课后服务,我们希望学校能真正落实,不要让孩子把时间都耗在书面作业上,尤其我们乡村学校通学时间长,孩子来回路上就花很多时间。希望领导能督促学校严格执行作业时长规定,合理安排课后服务,让孩子有充足的睡眠和户外活动。我们家长也会配合,但请学校不要把所有压力都压到家长和孩子身上。谢谢领导。"
159F4D7380F69CD76FFB86A9682D5AF38118EEC55B7F42ABA49B2489C98C289F,关于乡村小学生暑假书面作业超时影响休息的反映,"领导您好,我是西部乡村一名小学生的家长。孩子正处在升学衔接年级,我们夫妻都在工作,平时照看时间比较紧张,孩子每天通学时间也较长。这个暑假,孩子的书面作业情况没有达到小学阶段平均完成时间不超过60分钟的规定,孩子经常要长时间伏案写作业,休息和户外活动时间明显不足。我们担心这样下去会影响孩子的视力和身体发育,也容易让孩子对学习产生厌倦。我们理解学校希望孩子假期保持学习状态,但作业应当适量、科学。恳请领导督促学校落实作业管理要求,统筹书面作业总量,合理设计假期作业,不要让孩子假期负担过重。也希望学校能利用课后服务时间加强作业指导,减轻家长和孩子的压力。谢谢领导。"
2970B1C8CE82AF0622327B69812DCBDCF2AC13262F605D03FCB2DA2DFF31F7E1,关于规范乡村小学作业与课后服务的诉求,"领导您好,我是一名西部乡村小学生的家长。孩子马上要升入衔接年级,我们夫妻都在上班,时间比较紧,学校离家远。这个月孩子的书面作业用时不符合规定时长,具体原因还不清楚,但已经有些担心。开学以后如果作业控制不住,孩子睡眠肯定受影响,我们下班晚也难以及时辅导。希望政府能督促学校严格落实作业时长规定,同时把课后服务做好,内容多样化,时间上真正衔接家长下班,不要只是走形式。我们学校不是重点,资源一般,农村孩子更需要实实在在的支持。谢谢领导。"
75339F43464396CB8E71841E73F6959DEB6EFEF9673D98006110A356CCA2659E,关于乡村小学课后服务与升学衔接需求的建议,"我家孩子在乡村公办小学读升学衔接年级,学校不是重点,单程通学时间长,我们夫妻都在外工作,家里时间安排很紧。这个月孩子参加学校课后服务,书面作业时间也符合规定,但作为家长心里还是担心:课后服务每天有,可内容主要是看管写作业,缺少针对升学衔接的学科巩固和兴趣拓展;作业量虽然合规,但设计质量不知道能不能帮孩子打牢基础。现在校外学科培训收缩,我们又没让孩子上过培训班,更盼着学校课后服务能实实在在提高质量,而不是只解决接送。希望领导督促学校结合乡村实际,丰富课后服务内容,加强作业指导,特别是为升学衔接年级提供更有针对性的学习支持,让孩子能平稳过渡,不因资源差距掉队。"
AF4A61D60BDB0D38998228F0CE6033D2AF5F521BBD88969AB13617F41FC44C86,乡村小学课后服务盼提质并保障放学安全,"领导您好,我是西部农村一名小学生家长,孩子正处在升学衔接年级。我们都要上班,时间上顾不过来,这个月孩子都参加了学校课后服务,我们很感激,但心里还是有些不踏实。学校不是重点校,老师也有限,课后服务这两小时到底是在辅导作业、开展阅读体育,还是简单看班写题,我们家长看不到。孩子单程上学路比较远,课后服务结束后天色已晚,路上车多,我们很担心回家安全。以前我们没有给孩子报过学科类培训班,现在校外培训管得严,更希望学校能把课后服务抓实。恳请领导关注乡村学校课后服务质量,加强作业指导和多样化活动,并结合农村通学情况合理确定结束时间,让孩子既能学有所获,也能平平安安回家。"
FA09B18A7BC74929C4B62A17BD94BBCF7DFC9826BC6D7D8583C8756BCEC6A689,关于乡村孩子课后服务与通学安全的担忧,"领导好。我是西部乡村一名六年级学生家长。孩子单程通学时间较长,我们夫妻都在外上班,家里没人能按时接送。学校课后服务现在要求每天至少两小时,孩子也在参加,但春季开学后放学更晚,乡村路况不好,天又黑得早,我很担心孩子安全。听说课后服务要辅导作业和组织活动,可我们学校不是重点,师资也不强,担心课后服务变成老师集体补课或只是看着孩子写作业,起不到减负作用。以前见过有学校晚自习补到很晚,孩子作业还是写不完,睡眠不足,我们很怕也变成那样。孩子现在作业时间虽然没超,但六年级面临升学,怕开学后作业又加码。希望领导督促学校合理安排课后服务内容,不搞变相补课,并根据乡村实际调整结束时间或安排交通保障,让家长安心。"
EBFF70474E75D55E0233579F624F1D6349AB4862ACDB7741693D21F128550E73,关于乡村学校课后服务增加升学衔接辅导的建议,"领导您好。我是西部乡村一名小学生的家长,孩子正处在升学衔接年级。我们夫妻都在上班,平时工作忙,家庭时间安排比较紧,家长最高学历也只有高中,辅导孩子功课确实力不从心。孩子就读的是公办学校,离家较远,单程通学时间比较长。这个月孩子参加了学校的课后服务,书面作业量也符合规定,但我们心里还是没底。毕竟升学衔接阶段很关键,周围也有家长担心学校课后服务能不能真正帮助孩子巩固知识、做好升学准备。现在校外学科培训选择少了,我们更希望学校能扛起这份责任。恳请领导关注乡村学校课后服务的实际内容,督促学校在课后服务中增加针对升学衔接年级的作业辅导和答疑,最好能结合乡村孩子通学时间长的特点合理安排,让家长安心工作,孩子也能得到有效支持。"
941BB3BCE9347675E8A55E06E38D6DE6F7F894376A7F79FB926B4A0F925304CA,关于提升农村小学课后服务作业辅导的建议,"我是西部农村一名小学生的家长,孩子即将升入新的年级,正处在升学衔接阶段。我和爱人都要上班,每天接送孩子路上时间长,回家后能辅导作业的时间很少。我们自己文化程度有限,现在外面的学科培训班也少了,家里经济条件虽然不算差,但想给孩子找合适的辅导也不太容易。目前孩子参加学校的课后服务,但我们对服务质量心里没底。希望领导能督促学校把课后服务真正做好,特别是利用这段时间加强作业指导和答疑,让孩子在学校就能把作业完成好、弄明白,不要只是看管。同时希望老师能根据孩子情况布置合适的作业,多关注农村孩子的学习衔接。这样我们家长也能安心工作。"
AA51215381E63A57FE92414C5EFA2E00C7003E08CA5DDA00AB5C47BBBF1D6CE8,关于乡村小学课后服务与暑假托管质量的诉求,"我是西部乡村一名小学升学衔接年级学生的家长。我们夫妻双方都在上班,家庭时间很紧,孩子单程上学路也比较远。学校是非重点公办小学,资源有限,这学期暑假孩子参加了学校课后服务,听说原则上每天至少两小时,但我们担心实际内容是否多样、师资是否有保障,会不会变成变相补课或增加作业。孩子目前书面作业时间虽然符合规定,但看到一些地方课后服务后作业负担反弹、睡眠不足的情况,我们很焦虑。孩子马上要进入新的学习阶段,政策前我们没参加过学科类校外培训,现在外面培训也少了,更希望校内课后服务能真正帮助孩子平稳过渡,提供作业辅导、兴趣活动和安全照管,而不是简单延长在校时间。恳请领导关注农村学校课后服务的落实质量,加强师资和经费保障,让家长安心工作,孩子健康成长。"
66B4D3FC4913DDBE0587D9599159FAC8A7A75AD7A0D649E5AEEA6721EAAEF13B,乡村小学课后服务与作业负担需持续关注,"我是一名乡村小学生的家长,孩子正处于升学衔接年级。这个暑假学校课后服务已经开展,孩子也参加了,但作为家长还是有些担忧。单程通学时间长,课后服务每天至少两个小时,担心开学后放学时间更晚,路上不安全。同时,虽然现在作业时间看着符合规定,但升学衔接阶段怕开学后作业量反弹,孩子睡眠不足。希望政府能督促学校把课后服务真正办好,内容多样一些,别变成变相补课,同时严控作业总量,让乡村孩子也能有好的学习环境。"
8AE462837858FD45C15E73E2D9D6907DB74D863DE971BCC9B063679EC476CE68,关于改善乡村小学课后服务与通学条件的请求,"尊敬的领导,您好。我是西部乡村一名小学生家长,孩子目前处于升学衔接年级,就读于公办非重点小学,单程通学时间长。我和爱人都要上班,家里时间安排很紧,能辅导孩子的时间有限。现在孩子参加了学校课后服务,听说政策要求每天至少120分钟,内容多样。但作为家长,我们更担心乡村学校课后服务师资和内容能否跟上,特别是孩子马上要面临升学衔接,学业基础很重要。校外学科培训收缩后,我们也理解政策,但心里总有些焦虑,怕孩子校内得不到足够指导。希望政府能加强对乡村公办小学课后服务的保障和监管,丰富作业辅导和兴趣活动,同时协调解决孩子通学交通衔接问题,让孩子安全到家、安心学习,减轻家长后顾之忧。谢谢。"
7967C684A68759D3BCC7014F3C8778760B006F3F5A64704F90E66624ADB2BF10,关于提升乡村小学课后服务质量的建议,"我是一名西部乡村小学生的家长,孩子正处于升学衔接年级。我和爱人平时都要上班,时间安排很紧,学校离家又比较远,每天接送和照看压力很大。这个月孩子还在学校参加课后服务,确实帮我们解决了假期看护难题。但我们心里不踏实,像我们这样的乡村公办学校,课后服务能不能持续有足够的师资和经费保障?活动内容能不能丰富一些,不只是看着孩子写作业?现在校外学科培训收缩,我们家过去也没有给孩子报过学科班,更希望学校课后服务能在作业辅导、阅读、体育等方面补上缺口,特别是帮助孩子平稳度过衔接年级。希望政府多关注乡村学校的课后服务质量,加强投入和指导,让自愿参加的孩子真正受益,也让我们家长能安心工作。"
46C34D727A8FA09CFFFE9097F6CC59D54094D9B08C53D085E1568BE6B234F9A5,关于乡村小学课后服务接送与质量的一些担忧,"领导好,我是一名西部乡村公办小学的学生家长,孩子马上要升入衔接年级。这个暑假学校提供了课后服务,孩子每天都在参加,我们很感激。但我们夫妻双方都要上班,家离学校又远,单程通学时间长,课后服务每天结束后,我们很难及时赶到接孩子,孩子一个人等着不安全,也担心路上出问题。学校不是重点学校,资源有限,我们担心课后服务内容比较单一,不能给孩子在升学衔接上多一些帮助。周围一些家长也聊起过以前孩子作业多、睡眠不足、补课补到很晚的情况,我们心里很焦虑,怕孩子也受到影响。现在的书面作业时间虽然符合规定,但到了衔接年级,我们还是希望学校能在课后服务里增加一些有针对性的辅导和拓展活动。恳请领导能帮忙协调学校,适当延长看护时间或者提供更灵活的接送安排,同时丰富课后服务内容,让孩子能安全、有益地度过假期,也让我们家长能安心工作。"
ED9E5630AF81831C0860A5E1DDE5D293EC9E52FA6CCA994E64F5E1FEA674CCF5,关于课后服务与作业负担可能影响孩子睡眠的担忧,"我是一名西部乡村小学生的家长,孩子正处在升学衔接年级,就读公办非重点学校,单程通学时间较长。家庭时间安排本身紧张,孩子目前参加学校课后服务,本月书面作业时间虽还在规定范围内,但我很担心开学后随着年级升高,作业量会隐性增加,加上课后服务每天至少两小时,路途又远,回家后若还要继续写作业,睡眠时间会被严重压缩。身边以往有学校出现作业多、补课晚导致孩子睡眠不足的情况,实在让人不安。希望领导能督促学校严格落实作业统筹和课后服务要求,确保课后服务真正自愿、内容多样,不成为变相负担,保障孩子充足睡眠和身心健康。"
54A2ABC2FFB34BC8932263875191A96D20D7AB0ABCAAA7C18EB64A891DF92B25,关于提升农村小学升学衔接年级课后服务质量的求助,"领导您好,我是西部乡村一名小学升学衔接年级孩子的家长。我们夫妻都在工作,家里时间安排比较紧,孩子单程上学路程也远。这个暑假孩子参加了学校的课后服务,我们很希望能借助课后服务解决作业辅导和升学过渡的问题。从制度上看,小学生书面作业时间原则上不超过60分钟,我们孩子目前作业时间也符合要求,但作为家长,我们担心乡村学校课后服务内容单一、作业指导针对性不强,尤其孩子马上要面对升学衔接,如果不能在学校得到有效辅导,回家后我们又要忙工作,孩子学习容易落下。我们也注意到现在校外学科培训管理很严,我们以前也没让孩子参加这类培训,就更依赖学校课后服务。希望领导能督促相关部门保障农村学校课后服务的师资和经费,丰富内容,加强对升学衔接年级的学业指导,让我们家长能安心工作,孩子也能平稳过渡。谢谢。"
E0B5FF641272DA8BDDB936C701A5E215BF9A9ED2BABEE044659187518A22276C,"希望提升乡村学校课后服务质量,帮助升学衔接年级孩子","我家孩子正在小学升学衔接阶段,在乡镇公办学校上学,学校不是重点校,单程上学路较远。我们夫妻都上班,时间很紧张,辅导孩子学习越来越吃力。这个暑假孩子参加了学校课后服务,我们很感激,但心里也着急:课后服务目前看还是以看护为主,对升学衔接的学业指导不够,孩子作业虽然不多,但很多知识点没弄懂。我们没给孩子报过校外学科培训,现在校外培训也大幅收缩,想找补课渠道很难。我们只有高中学历,辅导高年级内容已经很吃力。孩子睡眠一直不错,我们也不想牺牲他的休息时间,但很怕开学后跟不上。希望领导能督促学校把课后服务做实,特别是对我们这样的乡村非重点学校,增加作业指导和针对性辅导,让孩子在学校就能把学习问题解决,同时继续控制作业量,保证睡眠。也希望课后服务结束时间能和我们下班时间衔接好,方便接送。"
FF7C8D3DC7CCFF6869184960D54D088F7032874B49396CC94F441A2A54063F5B,关于乡村学校课后服务与升学衔接阶段支持的担忧,"领导好,我是西部乡村一名小学生的家长,孩子目前处于升学衔接年级。我们夫妻都在工作,每天接送孩子单程时间较长,家庭时间很紧张。孩子本月参加了学校课后服务,作业量暂时符合规定,睡眠也还可以。但作为家长,心里并不踏实:学校不是重点学校,资源有限,现在外面学科培训供给大幅收缩,我们虽有一定经济条件,却很难给孩子找到合适的课后辅导。更担心的是,课后服务究竟有没有老师真正辅导作业、开展多样活动,还是只是集中看管?会不会随着年级升高,作业负担突然加重,或者课后服务结束太晚,影响孩子安全和睡眠?我也听到一些类似情况的家长反映,有的孩子因长期作业多、睡得少,上课打瞌睡,身体变差。我们很怕自己的孩子将来也变成那样。希望领导能关注乡村学校课后服务的实际质量,加强师资和经费保障,督促学校合理安排时间,别让课后服务变成变相补课,真正减轻家长负担,让孩子健康长大。"
0AE0A55107374BD7A650189C7FD53886F81DE43DF04A0B3E3D2153F22F724D86,关于农村学校课后服务与作业负担的诉求,"我是西部乡村一名小学升学衔接年级学生的家长。我们夫妻都在上班,家里时间安排很紧,孩子单程上学路程又远。这个暑假学校提供了课后服务,孩子参加了,书面作业也符合规定,我们暂时放心。但孩子很快要升入初中,我们很担心开学后课后服务时间衔接不上家长下班,或者课后服务变成集体补课,回家还要写很多作业,影响孩子睡眠。以前周边地方有初中生晚自习到九点多,回家还要赶作业,第二天上课打瞌睡,家长看着心疼又没办法。希望领导能持续督促学校和老师严格落实课后服务和作业管理要求,特别是对农村非重点学校,课后服务要真正用来作业指导和多样活动,不要额外加码,保证孩子每天睡眠充足,让我们这些双职工家庭少一些焦虑。"
02EAD31DA321778B8877FAAB8062DC34E20029AA07180E45720999BC5F4A079C,关于保障乡村升学衔接年级课后服务质量和作业规范的诉求,"各位领导好,我是一名乡村小学生的家长。孩子今年处于升学衔接年级,在村里公办小学就读,离家比较远,我们两口子都在上班,平时照看和接送时间很紧。这个暑假孩子参加了学校的课后服务,我们暂时能安心一些。但暑假过后就是新学期,我们很担心农村学校课后服务的师资和活动内容跟不上,尤其是我们这种非重点学校,资源有限。另外,虽然现在书面作业量在政策规定范围内,但以前常听说高年级作业写到很晚,影响睡眠,我们怕开学后作业负担又反弹。孩子睡眠一直不错,我们希望他能保持充足休息,同时在学校得到有质量的课后指导,不用逼着我们额外找校外辅导。恳请政府领导多关注农村学校课后服务的保障,督促学校严格落实作业总量要求,让农村孩子也能享受到公平、有质量的教育服务。"
25CEC748D3F16BA76A1E5AC8F5811B1FB2710711765D5D9D36462F8504B5363E,关于小学暑假书面作业管理的求助,"领导好,我家在西部城镇,孩子读公办小学,不是毕业班。按现在的规定,这个年级原则上不应该布置书面家庭作业,可这个月孩子还是有书面作业,我们觉得和规定对不上。我们两口子文化程度不高,白天都要上班,家里经济也不宽裕,没条件给孩子报班补课,只能靠学校。孩子本来睡眠时间比较足,但这样下去,我们担心开学后作业会更多,孩子休息和睡眠受影响。希望领导能督促学校严格执行作业管理规定,少布置或不布置书面作业,把作业设计得更合理,别把压力转给家长。开学后也希望能把课后服务办好,让孩子在学校就能完成作业,老师能指导一下,我们家长也能安心工作。谢谢。"
898143F6A17626FE22650C45F0ACA109A600243BDB1FD5AA2537D5C1C7E1E599,关于减轻低年级小学生书面作业负担的请求,"领导好,我是西部一个县城的家长,孩子上公办小学低年级,离家近。我们两口子都在打工,文化程度不高,辅导作业很吃力。这个月发现孩子在家还有书面作业要做,有时写到晚上,感觉和以前听说的低年级原则上不布置书面家庭作业的要求不太符合。孩子睡眠时间虽然还行,但白天玩的时间少了,我们看着也心疼。希望领导能督促学校严格执行作业管理规定,减少重复抄写,加强课堂和校内作业指导,让我们家长不用每天为作业发愁。另外,如果学校能提供课后服务,让孩子在学校完成作业,我们下班接也方便些。谢谢。"
13F71492D1DBD46A286BA92A7C3C5FAF81A2B0C03D5440BA959A3D59402843A3,关于减轻小学书面家庭作业负担的诉求,"领导您好。我家孩子在公办小学读书,现在放暑假。按照孩子所在年级的规定,本来是不布置书面家庭作业的,可这个假期孩子还是有书面作业要完成,我们家长很发愁。我们夫妻两个都要上班,文化程度也不高,辅导作业很吃力,家里经济条件也不好,请不起人帮忙。我们担心作业多了会影响孩子休息,也怕自己辅导不了耽误孩子。我们支持国家规范作业、治理校外培训的政策,希望学校能真正把书面作业减下来,开学后也能用好课后服务,让孩子在学校完成作业、得到辅导,减轻我们这样双职工、低学历家庭的负担。也盼着领导多关注我们这边学校资源紧张的问题,别让好政策在基层落不了地。"
454AA76890731A55CEE0CF004265BD263BE5E1182EF365747F2A786BD521B39B,关于督促学校作业管理并完善课后服务的诉求,"领导您好,我是一名小学生家长,家在西部城镇。我们夫妻俩都上班,文化水平有限,辅导孩子学习比较吃力。孩子现在读小学,学校是公办的,离家不远。最近看新闻了解到有要求学校统筹作业、办好课后服务,我们很期待。对照孩子这个月的作业情况,感觉和规定时长不太一致,担心开学后作业负担重,我们又没能力辅导。另外,双职工家庭放学后孩子没人管,特别希望学校课后服务能真正办起来,老师能辅导一下作业,内容也丰富些。也担心老师负担重,影响教学质量。恳请领导督促教育部门核查学校作业管理情况,推动课后服务落实,帮助我们这样的普通家庭。谢谢领导。"
DF07C72D1DBF5512DEB83E529483EA335A91A35143A3C57ACA6AD79A42476CCC,关于提升学校课后服务质量的诉求,"领导好,我是西部城镇的一名小学生家长。我和孩子妈妈都在打工,文化水平不高,家里经济条件也比较紧,孩子现在读公办小学,不是毕业班。现在孩子书面作业符合规定,我们也支持孩子减轻负担。这个学期孩子参加了学校的课后服务,确实解决了我们双职工接孩子的难题,我们很感谢。但我们心里也着急:孩子低年级不布置书面作业,我们想辅导也辅导不了,外面学科培训现在很难找,收费我们也负担不起。我们最希望的是学校课后服务不要只是把孩子集中起来看管,而是能真正有老师带一带作业、补一补基础,再开展一些兴趣活动,让孩子在学校里把该学的学到。所以想请领导关注课后服务的质量,多给学校配一些老师,丰富课后服务内容,特别是对我们这种家长没能力辅导、经济又不宽裕的家庭,让孩子在校内也能有好的学习支持。谢谢。"
477F43A7BB9D1763465EAC43747220A706F1693815CB2BE5CBCF337EB29ED807,关于提升小学课后服务质量、减轻家庭辅导负担的建议,"领导好,我是西部城镇一名小学生的家长。我们夫妻都在打工,文化程度不高,家里经济条件也一般,辅导孩子功课很吃力。孩子现在参加了学校的课后服务,这确实解决了我们接孩子的难题,但我们担心课后服务只是看管,老师没有精力真正辅导作业和讲解知识。我们这样的家庭请不起家教,也报不起培训班,只能指望学校能在课后服务里多帮孩子一把。希望领导能督促学校加强课后服务的学业辅导,合理配备老师,别让班级人太多老师顾不过来,同时落实好自愿参加,不要增加我们经济负担,让孩子在校内能得到实际帮助,将来也有机会考上大学。"
DCAA50C39512B3B9C27A805E0C0DA655E8A3B046EDA4086A2A487D15F2D45E16,关于小学课后服务质量和作业指导的诉求,"领导好,我是西部城镇一名小学生家长。孩子今年上小学,家里条件一般,我和爱人文化程度都不高,辅导作业很吃力。这个月孩子作业符合规定,我们很支持,也参加了学校课后服务,但担心新学期开始后,课后服务就是让孩子干坐着,没有老师真正辅导作业或组织活动。我们这里学校点少,班级人数多,老师平时就很忙,希望领导督促学校把课后服务做扎实,真正自愿参加,内容多样一些,别变相收费。现在外面学科培训班少了,我们本来也没上过,但怕学校课后服务跟不上,孩子以后差距更大。恳请领导关注我们普通家庭孩子在校内的学习质量。"
935BC43AB81C8816C28A12DFB6CCC9C0F73E033DEA06FA3370754A1EDBA63747,关于提升小学课后服务质量减轻家长负担的建议,"领导好,我是一名小学生家长,孩子就读公办小学,家庭经济条件一般,我和爱人都要上班,孩子放学早没人看管,这学期参加了学校的课后服务,每天到下午较晚,确实解决了我们接孩子的难题。但我们对课后服务的内容和质量心里没底,不知道除了看管,有没有老师辅导作业、组织活动。学校说按政策不布置书面家庭作业,但孩子学习上还是有不懂的地方,我们文化程度不高,辅导不了。希望领导能关注课后服务的实际效果,督促学校丰富服务内容,加强作业指导和兴趣活动,同时考虑我们这样低收入家庭,尽量不要增加费用,让我们能安心工作,孩子也能得到更好照护和成长。"
590770D57ED74E7499489C5DB1065A7BBB4D340C6B376F771201923069A9756D,关于丰富学校暑期课后服务内容的建议,"领导您好,我是西部城镇一名小学生的家长。我们夫妻都在上班,家庭收入不高,文化程度也有限,暑假里最发愁的就是孩子没人管。这个月学校提供了课后服务,孩子也参加了,我们很感激,但心里还是有些担心:不知道课后服务是不是只是简单看管,内容够不够丰富?希望政府能督促学校多安排一些阅读、体育、科普等活动,或者适当进行作业辅导,让孩子假期过得更有意义。同时,也希望能保障好课后服务的师资和经费,不要增加我们这样的低收入家庭负担,真正解决双职工家庭的照护难题。"
C27DCF3D5454F2805C3439193481895FA3EA3D11E4161A2C4EBF398DC52ECA0E,关于提升小学课后服务实际效果的诉求,"领导您好,我是西部城镇一名普通公办小学学生的家长。我们夫妻俩都在上班,家庭经济条件一般,没有能力给孩子报校外培训班。孩子今年暑假参加了学校的课后服务,时间上确实解决了我们接送的难题,但我们心里还是有些不踏实:课后服务每天两个多小时,内容是不是只让孩子坐在教室里等家长?能不能真正辅导一下作业、开展一些阅读或体育活动?我们家长文化程度不高,辅导不了孩子,特别希望学校能在课后服务里把学习巩固好。另外,像我们这类普通学校班级学生人数往往比较多,老师平时上课已经很辛苦,课后服务再增加工作量,担心老师精力跟不上,服务质量打折扣。希望政府能进一步保障课后服务的师资和经费,丰富服务内容,让课后服务真正成为家长放心、孩子有收获的好政策。"
32A33D33FFD3036A12F43E8BE806687733340555CEB0B0CD05751DDF4EBBD6D1,关于加强学校课后服务减轻双职工家庭负担的请求,"领导您好,我家孩子在本地上公办小学,我们两口子都在打工,家里经济比较紧,文化也不高,平时最发愁的就是孩子放学后和假期没人管。今年暑假学校按政策提供了课后服务,我们给孩子报名参加了,确实解决了看护难题。但作为普通家庭,我们也有担心:我们这里学校条件一般,师资有限,课后服务会不会只是把孩子集中起来坐着,内容不丰富;开学后时间能不能稳定衔接;收费上有没有减免或补贴,别让好事变成新负担。孩子现在书面作业符合年级要求,但我们在家辅导不了,希望课后服务里老师能带着孩子完成作业、读读书、做些体育活动,而不是变相上课。恳请领导们多关注我们这样的西部城镇普通学校,在经费、教师和活动资源上多支持,让课后服务真正帮到双职工和困难家庭。"
D45ABE4405CE69F6D8B39D137C30C20EDF55C74C953D9EF5E180F8AC504462EC,关于提升学校课后服务质量保障低收入家庭子女学习支持的诉求,"尊敬的教育部门领导:您好!我是一名小学生的家长,想反映一下关于学校课后服务的一些想法。我们家住在西部城镇,家庭经济条件一般,我和孩子爸爸都要上班,文化程度也不高,辅导孩子学习比较吃力。孩子目前在公办小学就读,这个暑假后升入新年级,学校按照要求开展了课后服务,孩子也参加了。我们很感谢有这样的安排,解决了我们下班接孩子的难题。但是也担心课后服务的内容和质量。听说学校不是重点学校,周边学校也比较少,可能师资和活动资源有限,课后服务会不会只是简单看管,不能真正帮助孩子学习?现在校外培训班少了,我们经济上也没法给孩子报辅导班,更希望学校的课后服务能提供作业辅导和兴趣活动,让孩子在学校就能得到好的教育支持。恳请领导关注我们这样的普通家庭,督促学校把课后服务做实做好,让更多孩子受益。"
8AB091BA5116080029D87B8A6BAB67D29BC32EFE44F7EF47035D84C265EA61CF,关于提升学校课后服务质量、减轻困难家庭负担的建议,"领导好,我是一名小学生的家长。我们家在西部城镇,家里经济条件不好,我和孩子爸爸都在上班,文化程度也不高,辅导孩子学习很吃力。现在孩子参加了学校的课后服务,我们很感激,但也有些担心。课后服务不能只是简单地看管孩子,希望学校能利用这段时间真正帮助孩子巩固知识、培养学习习惯,多开展一些有益的兴趣活动。我们这样的家庭没有能力给孩子报外面的辅导班,现在校外培训也少了,学校课后服务就是我们最大的依靠。希望政府能加强对课后服务的指导和保障,让老师有精力把服务做好,同时考虑对困难家庭适当减免费用,让我们家长能安心工作,孩子也能得到更好的成长。"
2425F2B85B632D56CD40B3E3B413312619AB8D63E11A2B017E6DAB7F16178B34,关于丰富学校课后服务内容与保障质量的建议,"领导您好。我是西部一名小学生家长,家里经济条件一般,我们夫妻俩都要上班,暑假里照顾孩子一直是个难题。这个假期孩子参加了学校提供的课后服务,确实给我们减轻了很大看护压力,我们很感激。但作为家长,我们也有些担心:课后服务目前更多是看护,活动内容比较单一,孩子在教室里待的时间长,却缺少作业辅导、阅读、体育锻炼和兴趣拓展。孩子平时在家书面作业很少,睡眠是充足了,可我们也怕时间没有用好。我们文化程度不高,辅导孩子力不从心,经济上也负担不起外面的培训班。希望学校能利用课后服务时间,安排老师开展一些阅读指导、科普活动、体育运动或简单的作业答疑,让孩子既能有人看护,又能真正有点收获。同时请领导关注课后服务经费和师资保障,不要让服务变成只重形式,也不要增加我们这样普通家庭的收费负担。谢谢领导。"
939DED4873AA9C3207CE24330A49FD2212DF27021DA9B437B10F2441A5F535A1,关于普通小学课后服务质量与资源保障的诉求,"领导您好,我是一名西部城镇普通公办小学学生的家长。我们夫妻都在打工,文化程度不高,收入也有限。孩子目前在学校参加课后服务,我们确实很需要,但心里不踏实。以前就常听说一些小学一个班五六十人,老师上课都忙不过来,现在课后服务每天又要增加至少两小时,担心最后变成单纯看管,作业还是带回家。我们家长没能力辅导,校外培训班又少又贵,孩子很容易被落下。希望领导督促学校和教育部门,把课后服务的师资配备、内容安排和经费保障真正落实,别让普通学校走形式,也别变相收费。最好能分年级进行作业辅导和兴趣活动,让孩子在学校学得扎实,我们也能安心上班。"
65BDF86B10709F975912AEE154FBAA8155B47855C7CC2024532E163E520DA1F6,关于提升学校课后服务质量的建议,"尊敬的领导:您好!我是一名小学生的家长,孩子就读于公办小学。我们家庭经济条件一般,夫妻双方都要上班,平时照看孩子的时间有限。这个暑假,孩子参加了学校的课后服务,我们很感激有这样的安排,但心里也有些担忧。听说现在要求学校课后服务每周提供5天、每天至少120分钟,也要求减少书面作业,但我们担心课后服务的内容和质量能不能跟上,老师数量够不够,孩子在学校这段时间到底是有效学习还是只是看管。像我们这种经济不宽裕、家长文化程度不高的家庭,很难给孩子报外面的辅导班,学校课后服务是我们很重要的依靠。另外,我们也听说有的学校班级人数比较多,老师顾不过来,虽然我们不清楚自己孩子班级的具体情况,但确实担心教学质量。希望领导能关注学校课后服务的落实质量,加强监督检查,充实师资和活动内容,让课后服务真正帮助到我们这样的家庭。谢谢!"
3550B8799FF870CFD330178FAB330827BD3BAB4B07EB3B507519F5E339473E61,关于提升学校课后服务质量帮助普通家庭孩子的诉求,"我是西部城镇一名小学生的家长,孩子就读公办普通小学,不是毕业年级。我们夫妻都在上班,家庭经济条件一般,我本人文化程度只有初中,辅导孩子学习非常吃力。现在校外学科培训少了,我们也没有能力承担高价补习。这个暑假孩子参加了学校的课后服务,但我们担心课后服务只是单纯看管,不能真正帮助孩子提高学业。孩子作业虽然不多,符合规定,但我们心里着急,怕学得不扎实。我们期望孩子以后能考上大学,作为家长实在无能为力。希望领导能重视学校课后服务的内容和质量,督促学校增加有效的作业辅导和兴趣拓展,让像我们这样普通家庭的孩子也能得到实实在在的教育支持,缩小因家庭条件造成的差距。"
9B9FB022EE9E199993A3F20F58735AB827F1D75538DD098E45C45D2637EB694D,关于提高学校课后服务作业辅导质量的建议,"各位领导好。我们是普通打工家庭,两口子文化水平不高,平时上班也忙,暑假孩子在学校参加课后服务,我们很感激有这个安排。但我们心里也发愁:家里经济不宽裕,外面培训班上不起,孩子学习全靠学校。我们担心课后服务只是帮忙看孩子,没有真正辅导作业、巩固知识。现在学校书面作业少,孩子回家我们也不会教,长此以往怕孩子基础打不牢。希望领导能督促学校把课后服务的内容做得更扎实,安排老师多辅导作业、查漏补缺,尤其照顾我们这样家长辅导不了的家庭,让孩子在学校就能学明白,别让家庭条件拖了孩子后腿。"
06CA98917A409D9487F3430AFEAD52D67FA8BE7C64F30A5ED030309CE4A55F01,希望加强小学课后服务作业辅导质量,"领导好,我是一名小学生的家长。我们夫妻都在上班,文化程度不高,家里经济条件一般。这个暑假学校提供了课后服务,孩子也参加了,我们上班安心一些。但我们有点担心,学校不是重点学校,班上孩子不少,老师平时上课已经很辛苦,课后服务每天两个小时,能不能真正辅导孩子?我们文化低,不会辅导作业,外面培训班又少又贵。希望领导能督促学校把课后服务做扎实,安排老师指导孩子完成作业、答疑,多开展阅读和兴趣活动,不要只是把孩子聚在一起看管。开学后也请继续保证课后服务质量,作业量不要增加太多,尽量在校内老师指导下完成,这样我们家长压力小很多,孩子基础也能打牢,将来才有希望考上大学。"
3DCB1DCF96B35F865E849CBAFC7DF58CE1C3B1A7A0B3A9941985C120BC4DC348,关于提升小学课后服务质量的家长建议,"领导好,我是西部城镇一名小学生的家长。孩子目前就读公办小学,家庭条件一般,我们两口子都在上班,每天接送和辅导孩子精力有限。这个暑假孩子参加了学校的课后服务,按照规定每周五天、每天至少两小时,确实帮我们解决了看护问题。但我们心里也有担心:孩子这个年级原则上不布置书面家庭作业,我们文化程度不高,不知道怎么在家辅导;外面学科培训又少了,我们也没条件给孩子报其他班。所以特别希望学校的课后服务不只是看着孩子,而是能实实在在安排一些作业辅导、阅读、兴趣活动等内容,让孩子在学校就能巩固好基础。也请领导们多关心课后服务的师资和经费保障,让老师有精力把服务做好,不要走过场。谢谢。"
AA8E15BE42FF9B88CE928EAAF6DE6A15BFA73DEBBADC25B9954911E28A80606E,关于规范小学暑期书面作业并加强课后服务的建议,"尊敬的领导:您好!我家孩子现在上小学,这个暑假我发现孩子书面作业情况不符合当前年级对应的既有规定,这让我们家长有些担忧。我们家庭经济条件一般,父母双方都在上班,平时辅导孩子学习时间有限,也没给孩子报过学科类培训班。如果学校假期布置书面家庭作业,孩子睡眠和休息会受影响,我们辅导起来也很吃力。我们希望学校能严格执行相关规定,不要布置书面家庭作业;同时,考虑到双职工家庭的实际困难,能否推动学校在假期或学期中提供更完善的课后服务,让孩子在校内完成学习任务,减轻家长负担。谢谢!"
401BD8C39608C8AD5042EA6C6C33246A5101B59F5D66777C169066E2AFF57DF9,关于小学低年级作业负担与课后服务的诉求,"领导您好,我是一名普通小学生家长。孩子现在读小学低年级,按照现行规定这个阶段原则上不应布置书面家庭作业,但最近发现孩子每天回家还要写不少书面作业,跟规定精神不符。我们两口子文化程度不高,都要上班,家里经济条件也一般,实在没能力辅导,也没钱报校外班。现在校外培训管得严,我们也不敢乱报,孩子学习全靠学校。希望政府能督促学校严格落实作业管理,别给低年级孩子布置书面家庭作业,或者尽量在学校完成,加强校内指导。另外,我们双职工家庭下午接孩子有困难,以前也听说有家长反映放学早没人管,现在有课后服务的政策,希望能真正落实好,让我们自愿参加,内容丰富些,比如作业辅导、兴趣活动,这样孩子放学后有个安全去处,我们也能安心工作。请领导重视,帮我们解决实际困难。"
65F515F271144DB8B8DD3B32F253A5640CA3943006980B52E0AD72A745FF064C,关于小学阶段书面作业与课后服务的求助,"领导您好,我是本地一名小学生家长。孩子今年暑假仍有书面作业,而且量看起来超过了这个年级应有的要求,我们夫妻文化程度不高,白天都要上班,晚上辅导孩子很吃力。听说现在对学校作业总量和课后服务都有更严格的要求,但我们不清楚学校落实情况。希望领导能督促学校严格执行作业规范,不要给低年级孩子布置过多书面作业;开学后也请把课后服务办好,让孩子能在学校完成大部分学习任务,解决我们双职工家庭的接送和辅导难题。谢谢。"
7065BBFF81494B9C429FA5AD484F14E47318BA8F53866ADA83751619D74DD1B6,关于督促落实小学生书面作业规范和课后服务的诉求,"领导您好。我家孩子是小学阶段学生,家里经济条件一般,我和孩子妈妈都在上班,辅导功课的精力确实有限。暑假里我们注意到孩子本月的书面作业情况,对照年级应有的时长规范有些不符合,心里比较担心,怕开学后作业负担会更重。我们也了解到现在有规定要求学校统筹书面作业总量,继续遵守时长上限,同时完善课后服务,强调自愿参加和时间衔接。希望相关部门能核实一下作业布置情况,督促学校严格执行作业管理规范,并且把课后服务落实好,让孩子能在校内完成作业或参加有益活动,减轻我们这样的工薪家庭压力。谢谢。"
8F5B97DEAF74B06CDFF3F0ACB4060C10984E8A86E4AE33FFF8DC7D00422BB01A,恳请加强小学课后服务的学习辅导,"领导好,我是小学生家长。学校这学期开学后,孩子每天参加课后服务,时间有2小时。我们夫妻都上班,文化程度也不高,下班晚,辅导孩子学习很吃力。现在按照政策学校不布置书面家庭作业,校外培训班又少了,我们经济条件一般也报不起。孩子回家后基本没有学习任务,我们担心时间长了基础不牢,将来考不上好大学。希望上级能督促学校把课后服务内容做实,不要只是看管,安排老师指导孩子复习预习或者适当补补课,让课后服务真正帮助孩子进步。"
AC306FF8B551EF39067F02AAC929D0B4FE3E07B407DC05477437F2AFC10FAC27,希望学校课后服务能真正辅导孩子功课,"领导您好,我是孩子所在学校的一名普通学生家长。孩子现在上小学,我们两口子都在打工,文化水平不高,晚上回家辅导孩子学习很吃力。现在外面学科培训班少了很多,我们经济条件也一般,上不起贵的班。这个月学校有课后服务,孩子参加了,我们很感激,解决了放学早没人接的难题。但我们心里没底,担心课后服务只是把孩子集中看管,没有真正辅导作业和功课。按制度孩子年级不布置书面作业,但作为家长还是希望孩子在学校能多学点知识,课后服务这段时间能安排老师答疑、带着复习预习,而不是简单坐着。我们家长没能力教,又请不起家教,特别需要学校老师多帮帮孩子。希望领导能督促学校把课后服务内容做实,多些学业辅导和答疑,让像我们这样的家庭也能安心。"
94AC9A99D237F7CB2346F24EA3C9442C8D41A170863E37A76C449178B594E0E9,"希望课后服务能真正辅导孩子学习,帮帮我们这样的家庭","领导好,我是一名小学生家长。我们两口子文化水平不高,都在上班,家里经济条件一般,实在没能力给孩子报外面的辅导班。现在孩子参加了学校的课后服务,我们很感激,但心里还是没底。孩子这个年级按规定不留书面家庭作业,我们也不知道他白天学得怎么样,回家我们也辅导不了。希望政府能督促学校把课后服务真正用好,不要只是看管孩子,最好能安排老师辅导功课、答疑解惑,让老师能照顾到每个孩子。马上要开学了,希望新学期课后服务能更实在一些,帮我们这样的家庭解决后顾之忧。"
AD978E205A26F6644FF52BDE6B83821E367C3B8644F32F8C99C73E207982304A,关于提升小学课后服务质量、加强作业辅导的诉求,"各位领导好,我是东部某城镇一名小学生家长。我们夫妻都上班,家里经济条件一般,文化程度不高,孩子上小学,不是毕业班。孩子目前参加了学校的课后服务,按照要求学校每周提供五天、每天至少两小时的课后服务,这确实帮我们解决了放学早没人接的难题。但作为家长,我们更关心这两小时里孩子能做什么。因为家里经济不宽裕,我们没怎么给孩子报校外培训班,自己辅导功课也吃力,所以特别希望学校课后服务不要只是简单看管,而是能提供一些作业辅导、阅读指导或者兴趣拓展活动。虽然学校原则上不布置书面家庭作业,但孩子在校完成一些练习、读读书、做些动手活动,我们觉得很有必要。现在校外学科培训管理严格,我们更依赖学校课后服务。恳请政府加强对学校课后服务的监督和投入,保障师资和经费,让服务内容更丰富、质量更有保障,真正自愿、多样,帮我们这样的普通家庭减轻后顾之忧。"
1DAB1040299575355F2C9B928502ECFA5E0915001A44157DC399D7978A7979DA,关于提升小学课后服务质量与作业辅导的诉求,"领导您好,我是一名小学生家长。孩子目前上小学,不是毕业年级,学校按规定不布置书面家庭作业,这我们理解,但心里也着急。我们两口子都在上班,文化程度不高,家里经济条件一般,以前也没给孩子报过校外补习班。现在孩子每天参加学校课后服务,但我们担心课后服务只是简单看管,缺少作业辅导和拓展活动。孩子回家没有书面作业,我们想辅导又能力有限,怕基础打不牢。希望领导能督促学校把课后服务内容做扎实,比如安排老师指导阅读、练习、兴趣活动,让孩子在学校把知识巩固好,也减轻我们双职工家庭的负担。谢谢。"
488CB0B36D559512314FB6AF5D029D267F323E5DBCB71FFC3527A08101626C8D,关于学校课后服务质量的担忧与建议,"我是一名普通小学生的家长,孩子就读公办学校,家庭经济条件一般,我和配偶都在上班,暑假期间孩子只能参加学校课后服务。学校告知每周五天、每天至少两小时,我们确实让孩子参加了,但心里并不踏实。我们文化水平不高,辅导不了功课,也无力报校外班,课后服务成了最依赖的渠道。目前孩子书面作业量符合要求,但我们更担心课后服务只停留在看管层面,没有真正的作业指导、答疑和有益的文体活动。希望领导重视学校课后服务的师资和经费保障,督促学校将自愿参加、内容多样落到实处,让双职工、低学历、经济不宽裕的家庭能安心工作,孩子也能获得实实在在的帮助。"
272A1AC30D06A2264B2CCA7EF31D43D120FA4CE4982BD566AD68AAC5F4ED3725,关于提升暑期课后服务质量的建议,"领导好,我是本地一名小学生的家长。我们夫妻都在上班,家庭经济条件一般,暑假里最发愁的就是孩子下午没人管。今年学校提供了课后服务,孩子这个月也在参加,我们很感激,但心里还是不踏实。我们文化程度不高,辅导不了功课,就希望课后服务不只是把孩子聚在一起看管,能真正有老师答疑、带着阅读或开展一些活动,让孩子安全有序地度过这段时间。以前我们也反映过放学早、希望老师多辅导一会儿的问题,现在有了课后服务,恳请领导督促学校把内容和师资保障到位,别让服务流于形式,也请关注班级人数和活动安全,让我们这样的普通家庭能安心工作。"
2BAAAD5B1A82918F0855FBBF5D06B7DA9F56195B574B27C6ABB4ACD60CCA410B,关于提升学校课后服务质量满足家庭辅导需求的诉求,"我是一名小学生家长,孩子就读于公办小学。我们家经济条件一般,我自身文化程度不高,辅导孩子功课比较吃力。孩子现在参加了学校的课后服务,每天时间不短,但我担心课后服务的内容和质量跟不上,怕只是看管,缺少有针对性的学业辅导和兴趣培养。我们家庭之前没有给孩子报过学科培训班,现在校外培训收缩,我们更依赖学校。孩子年级按规定不布置书面家庭作业,回家后我们也没有能力额外辅导,心里很着急。希望政府能督促学校把课后服务做实做细,丰富内容,加强师资,特别对像我们这样家庭辅导能力弱的孩子,提供更多学业帮助和拓展活动,真正解决家长的实际困难。"
F26DF47D9E58F719528D2594BEFDA10BC9186542899F43654260915598AEFEB6,希望课后服务能增加学业辅导和兴趣拓展,"领导您好,我是一名小学生家长。我们夫妻都在上班,文化程度不高,家庭收入一般,以前没给孩子报过学科类培训班,现在外面的培训班也少了,我们既没能力也没条件额外辅导孩子。这个暑假孩子参加了学校的课后服务,我们很感激,但也有些担心:课后服务会不会主要是看管孩子,缺少有针对性的学习辅导和兴趣培养?孩子所在年级按规定不布置书面家庭作业,我们怕孩子回家后没有学习任务,基础学不扎实。我们自己辅导不了,又请不起家教,时间也紧。希望领导能督促学校把课后服务做得更实在,比如安排老师指导孩子巩固当天所学、开展阅读、科学、艺术等拓展活动,让孩子在学校就能把学习问题解决掉。同时希望政府能保障课后服务的师资和经费,让老师有积极性,服务内容更丰富。这样我们家长也能安心工作。谢谢。"
B6CD93F4DB41F27803B5C456A1632B50EDD657E8329E92936F9FF6D1541B80DF,希望提升小学课后服务质量与作业辅导,"领导您好,我是本地一名小学生家长。孩子就读公办小学,家里经济条件一般,我和爱人都在上班,文化程度不高,辅导功课很吃力。这个暑假孩子参加了学校课后服务,每天说是有两个小时。我们很感激这个安排,但也有些担心:开学后课后服务能不能真正有老师指导作业、开展一些阅读和兴趣活动,而不是简单看管。现在低年级原则上不布置书面家庭作业,但我们更希望孩子在学校能把功课学懂,课后服务时间能利用好。我们家庭条件有限,没能力报外面的班,自己也不会教,特别盼望学校课后服务能加强作业辅导和素质拓展,让孩子在学校就能得到比较充分的指导。恳请领导督促学校把课后服务做扎实,保障师资和时间,别让好政策在基层落实时打了折扣。"
7F0B73F50EA70ABC3D6526A0E118A9A02DC32691B9130FD568B346011F75CD3F,希望提升学校课后服务的辅导质量,"领导好,我是一名普通小学生的家长。我们两口子都要上班,家里经济条件也一般,孩子暑假参加了学校的课后服务,每天虽然有两个小时左右,但说实话心里没底,担心只是把孩子看着,没有人真正辅导功课。我们家长文化不高,辅导不了孩子,外面那些培训班我们也上不起,现在学科类培训又管得严,想找地方补都难。学校不布置书面家庭作业,我们也不知道孩子学得怎么样。希望领导能督促学校把课后服务真正利用起来,多安排老师给孩子答疑、辅导作业,或者组织一些阅读、练字这样的学习活动,别只是让孩子自己玩。我们要求不高,就是希望孩子在学校能得到实实在在的帮助,不辜负这两个小时,也让我们家长安心上班。"
8051D94539C2819C274D06638A9353162820B50FAAF247628925C8E612ABCB58,关于提升小学课后服务质量的建议,"领导您好,我是一名小学生的家长,孩子目前就读公办小学,不是毕业年级。我和爱人平时都要上班,家里老人能帮衬有限,我们文化水平也不高,辅导孩子功课比较吃力。现在学校落实了减少书面作业的要求,孩子每天作业不多,这本来是好事,但我们也担心孩子放学后的时间利用不好。暑假期间,孩子参加了学校组织的课后服务,每天时间不短,但我们希望课后服务不只是看管,能真正安排一些作业辅导、阅读、体育或者兴趣活动,让孩子学有所得。我们家庭条件一般,没法像有些家庭那样请家教或者报很多班,学校课后服务是我们最现实的选择。恳请领导关注小学课后服务的质量问题,督促学校充实内容、配好老师,让像我们这样的双职工家庭能安心上班,孩子也能在学校得到更好的照顾和成长。谢谢领导。"
D85F9DFE6AE4865A130606EF4AF6595035DE863999E88393C53EC080EA7B9C9D,希望加强小学课后服务中的作业辅导和兴趣拓展,"领导好,我家孩子上小学,家里经济条件一般,我和孩子爸爸都在上班,文化程度不高,辅导功课很吃力。现在学校课后服务每天两小时,我们让孩子参加了,但不知道具体做了些什么,孩子说有时就是自己写作业或者看看书。学校平时作业很少,校外补课又限制得严,我们也没钱请家教。我们很担心孩子学习跟不上,尤其数学和语文基础打得不好。希望领导能督促学校把课后服务真正用好,多安排老师辅导作业、答疑,再开展一些阅读、科学小实验之类的活动,让孩子放学后这两个小时不是白白坐着。我们也不图别的,就希望孩子能学好,将来有出息。"
F92B61639E9E1E9A3A8A7D35EF465704439CA44ED99A70F14AF2ECEE4A7C08FE,关于提升学校课后服务质量的诉求,"各位领导好,我是一名小学生家长。孩子现在上小学,我们两口子都在打工,文化水平不高,家里经济条件也一般,实在没能力给孩子报外面的辅导班,自己也不会辅导。现在暑假期间,孩子参加了学校的课后服务,确实解决了我们双职工看护的大难题,我们很感激。但我们心里也着急,担心课后服务只是把孩子看住,缺少真正的学习辅导和兴趣活动。孩子年级按规定不布置书面家庭作业,我们不知道怎么教,只能指望学校。政策说课后服务要内容多样、有老师指导,可我们担心实际落实不到位,老师精力有限,班级人数又多,安全上也让人不放心。恳请领导督促学校把课后服务办好,多安排阅读、计算、体育、兴趣活动,加强老师辅导,保障好师资和经费,让孩子在学校能真正学到东西,我们家长也能安心上班。"
AB0EDDFF9316433D6949001052D4611013C0655B3044954F128119F3A213DF06,关于学校课后服务加强学业辅导的请求,"尊敬的领导:我是本地一名小学生家长,孩子现在上小学低年级,这个暑假后也会继续参加学校课后服务。我们夫妻都是打工的,只有初中文化,家里条件一般,以前也没给孩子报过补习班。现在每天课后服务有两个多小时,我们很感谢学校,但心里不踏实:这两个小时里,老师是不是只是看着孩子,没有真正辅导学习?我们晚上回家晚,自己也不会教,孩子白天学的知识没人帮他巩固。外面补课班少了,我们更指望学校。希望领导能督促学校把课后服务的内容安排得更实在一些,让老师多给孩子答疑、辅导功课,带孩子们读读书、练练字,别让这两个小时浪费了。我们不想因为家里条件差,孩子就输在起跑线上。谢谢领导。"
64E0BEC1326894060049218A36BA0D45C94192A104ADA4D75B1B7719D4EC651E,关于提升课后服务质量帮助普通家庭家长的建议,"我是一名小学生的家长。家里经济条件一般,我和孩子爸爸文化程度都不高,平时工作也忙,辅导孩子学习确实吃力。现在学校课后服务孩子也在参加,但我们不清楚课后服务具体安排了什么,担心只是看管,没有真正辅导作业或拓展兴趣。校外学科培训现在少了,我们这样的家庭更希望学校能把课后服务做好,让孩子在学校就把该巩固的巩固好,也能接触一些兴趣活动。恳请领导重视学校课后服务的质量,加强师资和经费保障,明确要求课后服务包含作业辅导和多样化活动,并向家长公开服务内容,让我们放心。"
2BFFB5A5B53576D213901BBF8D850E0788473F94C8791ED5C0624E251500775D,希望新学期课后服务能兼顾作业辅导与素质拓展,"领导您好,我是一位小学生的家长。孩子就读公办学校,开学后就是中年级了。最近看到政策要求学校统筹作业总量、规范校外培训,还要完善课后服务,我们很支持,但也有些顾虑。我们夫妻都在上班,家里虽然同住的人多,但辅导作业和接送还是有点紧张。以前孩子也上过一些学科类辅导班,现在学科培训管理严格,我们担心孩子放学后这段时间没人管、作业没人辅导。希望新学期学校能把课后服务做扎实,真正自愿参加,时间能衔接好下班时间,内容上除了看护,也能有老师指导完成作业,再安排一些体育、阅读等活动。另外,作业减负后,我们担心孩子基础不牢,希望学校能加强课堂效率和作业设计,不要只是减少数量,质量也要跟上。这样我们家长也能安心工作。"
0500B4DB9A796A914DC06BFC2261A9DE8E0C77A09A78742F2D52C626BE7F716C,关于课后服务与校外培训规范的顾虑,"领导您好,我是西部地区一名小学生家长,孩子开学后继续读小学,不是毕业年级。我们父母都上班,家里人多但能辅导的时间有限,以前孩子学科培训上得不少,我们也盼他以后能考上本科。这个暑假看到新要求,校外培训要严管,学校也要做课后服务,我们很赞成。可也担心:眼下校外培训市场变化还不明显,开学后如果培训真管住了,孩子学习上的额外支持怎么办?学校课后服务要求是自愿、多样,但我们怕落实时走样,变成变相补课或强制参加,甚至出现以前听说过的分重点班、指定买教辅等现象。这个暑假孩子书面作业时间倒是没超过规定,但开学后能不能继续这样?希望领导督促学校把课后服务做实,加强监管,别让好政策到基层变成新负担。谢谢。"
1ED0FEB42AF8A163CD2455FBD6C5DD389F8070B1C76CAEE588EDA74BD6EC76BA,关于新学期落实作业减负和课后服务监管的建议,"领导您好,我是一名小学生家长。临近开学,看到关于作业统筹、校外培训规范和课后服务的新要求,既期盼又有些担忧。我们家孩子在公办小学就读,之前也上过学科辅导,现在校外培训管理更严,我们理解也支持,但最怕学校层面减负落不实、课后服务跟不上。我们身边过去就有学校以“培优”名义只给部分孩子补课,或者指定购买教辅,加重孩子和家长负担。希望领导开学后能重点监督:一是真正控制书面作业总量和时长,不要表面合规,实际上用打卡、家长批改、教辅材料加码;二是课后服务坚持自愿,内容多样,不能变成集体补课或收费项目;三是对校外培训机构的预收费和隐形学科培训加强监管,避免家长被诱导续费后机构跑路。我们平时工作也比较忙,接送和辅导精力有限,真心希望新学期孩子能少一些无效负担,睡眠和运动能保障,家长也能安心工作。谢谢。"
40AB2FC05BD33B115965E355196C440211956B8D4FDBA91C98D5283ADB847B71,关于新学期课后服务落实自愿原则的诉求,"领导您好。我是西部城镇一名小学生家长,孩子就读公办重点小学,家里父母均需上班,接送和课后看护压力较大。新学期即将开学,我们很关心学校课后服务能否真正落实自愿参加、时间衔接和内容多样的要求。政策明确课后服务不得强制、不得变相补课,但我们担心学校在执行中可能会借课后服务名义要求学生统一报名,或者把学科培训内容塞进课后服务,增加孩子负担。我们希望教育部门在开学前对学校课后服务方案进行审核和公开,明确自愿原则、收费标准和课程内容,并设立监督反馈渠道,让我们家长能够放心选择。同时,也希望课后服务能真正提供作业指导、体育艺术等活动,而不是简单看管或变相上课。"
6F6C44D1F24BC174F7D1551D0AD168DFAADAD61EE85BF5E9F4EC80CF1E0EE3B4,关于优化课后服务与规范校外培训的诉求,"尊敬的领导,我是西部城镇一名小学生的家长。孩子就读公办小学,我们夫妻均需上班,家庭照护时间有限。当前学校课后服务虽已开展,孩子也参加,但我们仍感到课后服务在作业辅导和个性化指导上可能还有提升空间,难以完全替代校外培训。因此,家里仍让孩子参加学科类校外培训。虽然近期培训收费有所下降,但合规机构明显减少,选择面变窄,我们担心培训质量参差不齐,也怕个别机构转入地下带来安全和资金风险。正值春季开学之际,希望政府能进一步指导学校丰富课后服务内容,加强学业辅导和兴趣培养,提升服务质量,让我们这样的双职工家庭能更放心地减少对校外培训的依赖;同时持续规范校外培训市场,保障合规培训的供应和收费透明,切实减轻家长负担和焦虑。"
D6CB61E626EFACBA130D49723954F83C9C5A6362BA58028BF002543CD4F7A3CA,关于课后服务与校外培训协同减负的建议,"领导好,我是一名小学生家长。孩子目前在公办学校就读,这个寒假和开学前,我注意到校外学科培训供给明显减少,收费也降了一些,但家里因为双职工时间有限,还是给孩子保留了学科培训,同时孩子也参加了学校课后服务。目前书面作业时间基本能控制在规定范围内,但我有些担心开学后作业量会不会反弹。更担心的是课后服务虽然时间有了,但内容是否真能做到多样,而不是变相补课或只让孩子坐着写作业;校外培训费用降了,但会不会出现质量下降、隐形收费或者转到地下更难监管的情况。过去也听说过一些学校变相分重点班、指定购买教辅或强制参加特长班的情况,怕减负政策在落实中走样。作为家长,我们既希望孩子学业不掉队,又不想让负担过重,希望领导能持续关注学校课后服务和校外培训的规范落实,让减负政策真正惠及孩子。"
A05FD7C09468222ABB701FA060E5B11EC65C19A76E8B83B27FD1481DD85C00A9,关于提升学校课后服务质量减少校外培训负担的建议,"我是一名小学生家长,孩子目前就读公办学校。我们支持减轻学生负担和规范校外培训的政策,也让孩子参加了学校课后服务。但作为双职工家庭,我们感到课后服务目前更多是看护和完成作业,学科辅导和兴趣拓展内容有限,孩子学习上的薄弱点得不到有效帮助,因此我们不得不继续给孩子报名校外学科培训。虽然培训收费有所下降,但经济和时间压力仍然存在,孩子也容易疲劳。希望有关部门能指导学校进一步丰富课后服务内容,加强作业辅导和个性化学习支持,让孩子在校内就能获得足够帮助,真正减少对校外培训的依赖。同时,也请继续巩固校外培训治理成果,防止一些机构变相增加学生负担。谢谢!"
B66BFBB424C0EABF07F70F1F1EC415325ADE1A6E5DC8EB4CE4B4481D1C6CF287,建议加强课后服务缓解双职工家庭培训压力,"领导您好,我是一名小学生的家长。孩子就读公办重点小学,我们夫妻双方都要上班,时间比较紧张。目前孩子参加了学校的课后服务,但家里仍然给孩子报了学科类校外培训。虽然培训费用有所下降,但我们还是希望政府能在开学后进一步指导学校丰富课后服务内容,加强作业辅导和兴趣活动,让课后服务更有吸引力,减少家庭对校外培训的依赖,也减轻我们的时间压力。同时,也希望规范校外培训,让我们家长能更放心。谢谢。"
4257B7F83E4BAE6C74C04954D6D782A0D76FF90C6DEB3106CEA74BF2C648B8A0,关于课后服务与校外培训衔接的建议,"领导您好。我是一名西部城镇小学生的家长,孩子在公办重点小学读书,目前参加了学校课后服务,同时也还在参加学科类校外培训。政策实施后,明显感到校外培训供给收缩,收费有所下降,但合规机构少,担心现有机构突然关停或转型,预付费用安全没保障。孩子书面作业时长控制得较好,但课后服务内容是否充实、能否满足孩子学业巩固和兴趣拓展,我们心里没底。家里同住人口多,父母双方都在上班,辅导精力有限,还是希望学校课后服务能加强作业指导和个性化辅导,让孩子在校内就能解决大部分学习问题,减少对校外培训的依赖。恳请领导督促相关部门加强校外培训预收费监管,并指导学校提升课后服务质量,特别是西部地区城镇学校。"
033A75DA411C07F8CC50BAD8894847B130F9D74F3779FCF34BB7CC7699DAEF1D,关于学校课后服务需防止变相补课和强制参加的建议,"领导您好,我是一名小学生家长。孩子目前在公办学校就读,暑假期间也参加了学校提供的课后服务。我们双职工家庭,学校能提供课后服务确实解决了照看难题,但结合以往看到的一些情况,我们很担心课后服务会走样。比如以前有学校以培优名义只让部分学生补课并收费,还有指定购买教辅等现象。现在虽然学科培训市场在收缩,我们家庭也仍在参加培训,负担有所减轻,但如果学校课后服务变成变相分层教学或强制参加、另外收费,那反而会增加学生和家长的压力。希望政府能加强对学校课后服务的监管,确保真正自愿、内容多样、不收费不补课,尤其不能利用课后服务搞重点班或区别对待,让课后服务回归公益和看护属性,真正减轻家庭负担。"
CCB08CAAB2FE19FB53D56C30A428D11EC3A0829593D6066C4DFBA5B04B9E70A7,关于提升小学课后服务及暑期托管质量的建议,"我家孩子在城区一所重点小学读书,夫妻都是双职工,平时接送和辅导时间比较紧张。这个暑假学校提供了课后服务,我们也让孩子参加了,但内容主要还是看护写作业,缺少系统的兴趣拓展和学习辅导。受现行政策影响,校外学科培训供给少了,可孩子确实有巩固基础的需求,我们只好继续选择小班培训,虽然费用降了一些,但接送和开支仍是负担。身边也有家长担心,如果校内服务跟不上,孩子会转向更隐蔽、更贵的培训,反而加重家庭压力。希望政府能督促学校把课后服务和假期托管真正办出质量,丰富课程内容,普惠所有孩子,不要只停留在有服务、有人管,同时继续规范校外培训,严查隐形变异,让减负政策真正惠及普通家庭。"
575928C9964222FB23B40FB8563AFE40E3D170BFE9B111A7ADA76BE7933C0E13,请加强小学课后服务监管防止变相增负,"我是一名小学生家长。孩子目前在公办重点小学就读,我们夫妻双方都在上班,家里时间比较紧,这个月孩子参加了学校课后服务。政策要求课后服务自愿参加、内容多样,但作为家长还是有些担心:一是怕课后服务变成变相补课或强制参加收费项目,增加孩子负担;二是怕服务内容单一,只是看管写作业,没有解决实际需求。现在外面学科培训收缩,我们虽然还在给孩子报班,但更希望学校课后服务能真正做好作业指导、体育锻炼和兴趣活动。恳请教育部门对学校课后服务的内容、时间、收费和师资进行督查,公开服务清单,严查强制参加和变相补课,保障孩子放学后有人管、学得好、不增负。"
9409CD3EA7C160B15098F9E4527171DEBB6F1895332F6501F3C79FD8EF436685,关于提升学校课后服务质量与规范校外培训的建议,"领导您好。我是西部城镇一名小学生的家长,孩子就读公办示范小学,不是毕业年级。学校离家近,孩子也参加了课后服务,解决了我们双职工家庭的接送难题。但家里目前仍给孩子保留了一门学科类校外培训,主要担心校内课后服务的学科辅导和拓展内容还不够系统,怕孩子学业进步受影响。现在校外培训市场收缩,合规机构变少,虽然费用降了一些,但我们更担心以后找不到稳定安全的培训渠道,甚至转向地下。希望政府在规范校外培训的同时,指导学校进一步丰富课后服务内容,尤其是作业辅导、学习方法和学科兴趣拓展,让孩子在校内就能获得足够支持,减少家庭对校外培训的依赖和焦虑。"
4A811C2CE89287025D8560EDE3000AD60120FBD9E7A22CE02ED8E37B8325BB9E,"希望加强课后服务与校外培训治理衔接,别让普通孩子掉队","领导好。我是一名西部城镇小学孩子的家长,孩子不在升学衔接年级,平时睡眠和书面作业时间还算正常,暑假里也在参加学校的课后服务。我们支持规范校外培训,目前孩子仍在上一家学科类培训,收费确实比原来低了一些,但正规机构明显减少后,我们担心有些补课会变得隐蔽,安全和质量更难保证。过去也听说有的地方出现只给排名靠前的学生补课、指定购买教辅、要求家长在手机应用上报名特长班等情况,虽然不一定发生在我们这里,但作为普通家长还是担心公平问题。希望领导在推进课后服务和校外培训治理时,能关注校内课后服务的实际内容,不要搞变相分班、推销教辅或强制参加,课后服务自愿的同时能兼顾作业辅导和素质拓展。开学后也请继续督促学校控制书面作业时长,把减负落到实处,让普通家庭的孩子也有公平机会。谢谢。"
1A26D627A185065BF4E0A181B8E1767017CD757E7E7E4B888D9F9BF5FD984FD5,"建议优化小学课后服务内容,减少校外培训依赖","领导您好,我是一名小学生家长。孩子就读公办小学,这个暑假也参加了学校提供的课后服务。学校能提供每天不少于两小时的服务,我们很感谢。但实际感受下来,课后服务内容还比较单一,主要是看护和写作业,老师对孩子的个别指导有限,兴趣拓展活动也不够丰富。为了让孩子学习不掉队,我们家还是继续报了校外学科培训。现在校外培训选择变少了,收费虽然降了一些,但来回接送和上课时间还是给孩子增加了负担。我们担心开学后,如果校内课后服务质量不提高,孩子还得继续依赖校外培训,减负就落不到实处。希望领导能督促学校优化课后服务内容,增加作业辅导和素质拓展,配备更充足的师资,让我们家长能放心让孩子在校内解决学习问题,减少校外培训依赖,真正减轻孩子和家长的负担。"
59F00F7B44E318AECBD6F201B89F92F1F055245B386504AEDC416B9844317F48,关于提升小学课后服务质量与规范学科培训的诉求,"尊敬的领导:您好!我是一名小学生家长,孩子目前就读公办小学,未处于升学衔接年级。这个暑假孩子参加了学校提供的课后服务,我们也积极配合。但作为双职工家庭,时间安排比较紧张,我们对课后服务的实际内容、师资力量和活动多样性还有些担心,担心它能否真正满足孩子的成长需要,减少我们对校外学科培训的依赖。目前孩子仍在参加学科类校外培训,虽然收费负担有所下降,但长期来看,我们还是希望学校课后服务能更丰富、更扎实,让孩子在校内就能获得良好发展。恳请领导督促学校进一步提升课后服务质量,加强校内作业指导,同时持续规范学科类培训,防止变相增加学生负担,让家长和孩子真正受益。"
FC62359A25BD321A5A4316DAA69157298BD552FCF248B258538698AD38198185,关于提升暑期课后服务质量减轻校外培训依赖的建议,"我家孩子就读公办重点小学,我们夫妻双方都在上班,暑假期间照看孩子的时间有限。本学期孩子参加了学校提供的课后服务,暑假也参与了学校组织的托管,这为我们解决了很大困难。但我们也注意到,学科类校外培训市场供给明显减少,虽然目前孩子还参加着收费下降的学科培训,但长远看,我们担心合法合规的培训渠道会越来越窄,而学校课后服务的内容和针对性还需要加强。希望领导关注学校暑期托管和课后服务的质量提升,增加作业辅导、兴趣培养和体育活动,让更多家庭能放心地减少对校外培训的依赖,同时继续规范校外培训市场,保障有需要的家庭获得安全、优质的服务。"
633DEEB7F3793145F1229CA2560738F798AF7EB56326DC7A1D728660A9EC43CD,关于规范小学课后服务内容与公平性的建议,"领导好,我是一名小学生家长。孩子就读公办小学,本学期参加了学校课后服务。按现行要求,课后服务应自愿参加、内容多样,不能变成补课。但我们周边有家长反映,个别学校可能借课后服务进行变相分层辅导,只给部分学生开小灶,这与减负和公平精神不符。孩子目前作业量虽然符合规定,但我们担心新学期开学后课后服务会走样,变成集体补课或重点培养,导致大多数孩子被落下,又得靠校外培训补差。以前就有学校周末给部分学生培优并收费,家长意见很大。希望领导督促学校严格执行课后服务规定,严禁在课后服务时间讲新课、搞分层,保证所有孩子平等参与、内容多样。同时继续规范校外培训,别让家长被迫再花钱。谢谢。"
3E25C59C0F9EA8C371284094361171B52DB5C7BB3021B1F426D7A7C96E9CB2C6,关于规范校外培训与提升课后服务质量的想法,"领导您好。我是一名小学生家长,家在西部城镇,孩子就读公办重点小学。这个暑假孩子参加了学校课后服务,同时家里也给孩子报了学科类校外培训。从近两年看,书面作业时间基本控制在规定范围内,培训收费也比以前降了一些,但我们对开学后的情况仍有顾虑。正规学科类培训供给明显减少以后,不少家长担心孩子学习跟不上,可能去找更隐蔽的补课,收费、安全和教学质量更没保障;学校课后服务虽然有时间安排,但能不能真正提供有效的作业辅导和丰富的活动,我们还没有底。如果课后服务质量跟不上,家长就只好继续依赖校外培训,负担可能从校内转到校外。希望政府继续严查隐形变异学科培训,管好预收费,同时督促学校把课后服务做细做实,让孩子在校内就能获得足够支持,减少家庭焦虑。"
321D2E2735D6C14DDB97D0CDEB2439E126B0064DFA8DE22E6C5547F810DFF74B,关于规范小学课后服务防止变相增加学业负担的诉求,"领导好,我是一名小学生家长。孩子就读于公办重点小学,目前暑假期间仍参加学校课后服务,也还在上学科类校外培训。虽然培训费用有所下降,但我们更担心孩子负担过重。学校课后服务本来应是自愿、多样的,但作为家长,我们担心开学后课后服务会变成变相补课或布置额外作业,甚至指定购买教辅。希望教育部门能严格监督学校课后服务,确保不增加学业负担,让孩子真正减负。同时,也希望规范校外培训,防止隐形变异培训加重家庭压力。谢谢。"
27CED0DC33717924E73CB5204E1289460C5FA8BE42D3BC55BEAA4C933176DCAF,希望农村小学严格落实不布置书面家庭作业规定,"领导好,我家孩子在村里公办小学读低年级。按政策这个年级应该不布置书面家庭作业,但最近一个月孩子每天回家还是有不少书面作业要写,有时写到很晚,影响睡觉。我们两口子都在打工,家里老人多,文化不高也辅导不了。现在又听说学校要搞课后服务,我们希望学校能真正执行作业规定,别再把书面作业带回家;如果课后服务能让孩子在学校把作业完成,有老师辅导,我们愿意让孩子参加,也能减轻家里负担。请领导帮我们督促一下学校。"
AFCB44DF6C28F6B026B39D5015FEEBAAEDD93C0A90DB315AE8000B5B2C1E925A,农村小学生书面作业负担问题请求帮助,"领导好,我是西部农村的一名小学生家长。我们两口子都要打工,家里人口多,文化程度也不高,辅导孩子作业很吃力。按现在的规定,孩子这个年级是不该布置书面家庭作业的,可这个月孩子还是有书面作业,跟规定不符。虽然现在看作业不算多,但我们很担心以后会越留越多,像以前听说的那样,孩子每天做到很晚,影响睡觉和长身体。孩子现在睡眠时间还算够,但如果作业慢慢加重,肯定就保不住了。我们家长实在没有能力辅导,也怕教错。希望领导能督促学校严格落实作业管理规定,不要再给孩子布置书面家庭作业。如果学校有课后服务,能不能让孩子在学校就把学习任务完成,开展一些活动,这样我们家长也能放心上班。农村学校条件有限,也请领导多关心课后服务的质量,让孩子真正受益。谢谢领导。"
077A99617C3D9111D841F175AA13B6D54C32649D46A8E4D96F0DC2A08E402880,关于乡村小学生暑假作业负担和课后服务的诉求,"领导您好,我是西部农村一名小学生的家长。我们两口子都在上班,家里人多,经济条件一般,文化程度不高,辅导孩子很吃力。放暑假了,按规定孩子这个年级是不该有书面家庭作业的,可孩子本月还是有一些书面作业,我们也不清楚到底符不符合要求,心里很没底。听同省其他家长说过孩子作业太多、做到很晚的情况,我们很担心开学后作业负担更重,孩子睡眠和身体受影响,我们家长也顾不过来。希望领导能督促学校严格落实作业管理规定,控制书面作业总量,别让孩子被额外加码。同时也希望学校把课后服务办好,让我们这样下班晚、辅导难的家庭能自愿参加,解决实际困难。谢谢。"
D43E3B4E444FB190B172B112206D69CD871422E6522107B7150C6A3624D6C91B,关于农村小学生书面作业负担和课后服务的请求,"领导您好,我是一名西部乡村小学生的家长。家里经济条件一般,父母双方都在工作,家庭时间很紧张,辅导孩子作业比较吃力。最近了解到孩子暑假期间的书面作业情况不符合相应规范,我们很担心作业负担过重,影响孩子睡眠和成长。现在政策要求学校统筹作业总量和时长,也提倡提供课后服务,但我们这样的农村家庭不确定开学后能否真正享受。恳请领导督促学校严格落实作业管理规定,合理控制作业量;同时推动课后服务覆盖农村学校,让孩子能在学校完成作业或参加活动,减轻我们双就业家庭的压力。谢谢!"
9C20096C630487BAB92D2F71F3532BC49D003AC27919EC1C4F391291B09345F8,关于加强乡村小学课后服务内容与保障的诉求,"我是西部乡村一名小学生的家长,夫妻都在打工,家里人多,平时实在顾不上辅导孩子。孩子现在参加学校课后服务,但我们担心每天两小时只是单纯看管,没有老师指导作业或组织活动。低年级按规定不布置书面作业,我们文化不高,回家也教不了,孩子等于白白浪费时间。现在校外培训班又少又贵,我们负担不起。希望领导重视乡村小学课后服务的实际质量,安排老师辅导作业、开展阅读或文体活动,同时明确经费保障,不要把这笔费用转嫁给我们农村家庭。新学期马上开始,恳请督促学校把课后服务做实,让孩子放学后有人管、有收获。"
DDC8785A5C4AA712264F076C9475F631BAF72FF5E0F4A2DD5DF62A5FDDE38CF3,关于农村小学课后服务与作业管理的请求,"我是一名农村小学生的家长,家里人口多,我们夫妻都得出门打工,每天接送和辅导孩子实在吃力。这个假期后孩子参加了学校课后服务,我们很感激,但心里不踏实:课后服务到底有没有真正辅导孩子,还是只是坐在教室里等时间?马上要开学了,我们最怕作业又多起来,孩子晚上写到很晚,累了孩子也苦了家长。希望领导能关注农村学校的课后服务质量和作业管理,督促学校把课后服务安排好,让孩子在学校就能完成学习任务,回家能早点休息,我们家长也能安心干活。"
E9ED6446F630539B3AE381FD2EEB8D6D26381B837EEC7A83189A841AD335E0D9,农村家长盼课后服务能衔接看护并帮助孩子学习,"领导好,我是西部农村一名小学生的家长。我们两口子都要忙生计,每天收工比较晚,孩子放学后的照看一直是我们最发愁的事。这个月孩子参加了学校课后服务,我们心里宽松了一些,可课后服务结束后的时间还是接不上,孩子小,路上和在家都不放心。我们文化不高,辅导不了孩子学习,只希望课后服务能实实在在带着孩子读读书、写写字、做做运动,把基础打牢,别只是干坐着。也盼着课后服务结束时间能尽量照顾我们这样的家庭,或者村里能有临时看护点。孩子安全是大事,学习也不能落下。请领导帮我们反映和协调一下,谢谢。"
9C7BF7DCF3819409FC40D92F38706C0F2247229E1E2DE1EAFA9E16C8BF6AA6EE,希望加强农村学校课后辅导减轻家长负担,"尊敬的领导:我是西部农村的一名小学生家长。家里经济条件一般,我们夫妻俩都在外打工,文化水平也不高,辅导孩子学习很吃力。现在学校开展了课后服务,孩子也参加了,但我们担心课后服务只是看管孩子,没有老师辅导作业或者开展活动,这样孩子回家后我们还是不会教,学习可能跟不上。我们也不太懂现在的教育政策,就是希望政府能多关心一下农村学校的课后服务,让老师能在课后服务里辅导孩子作业,或者多开展一些兴趣活动,让孩子放学后能学点东西,也减轻我们家长的负担。谢谢领导。"
0ADBD78706638B75D27C060E1F365711EB800AE64A753A75FE595603BEB1A983,关于农村小学课后服务保障的建议,"领导您好,我是西部农村一名小学生的家长。家里条件不好,我们两口子平时都要出去干活,孩子放了学没人管。现在学校开展了课后服务,暑假孩子也能去,解决了我们的大难题,我们很感激。但我们农村学校条件有限,希望课后服务能多开展一些兴趣活动,比如画画、唱歌、体育这些,让孩子能全面发展,而不是光待着。我们也担心以后学校经费紧张、老师不够,课后服务坚持不下去。希望政府能多支持农村学校的课后服务,增加投入,丰富内容,让我们这些打工的家长能安心干活,孩子也能有个好去处。谢谢。"
F2124849F9BD74864EC974CD4330EA8ED8D3E02BDE454141DDA741C8FC42635D,关于农村学校课后服务的几点期盼,"领导好,我是西部农村的一名小学生家长。家里经济条件一般,我和孩子爸爸都要打工,老人身体也不好,暑假孩子没人看管,幸好学校开了课后服务,孩子每天都去。我们文化不高,辅导不了作业,以前听说别的孩子作业写到很晚,我们也怕孩子学习落后。现在学校说低年级不布置书面作业,我们担心孩子基础不牢。学校课后服务时间挺长,但不知道具体教什么,是不是只是看着孩子。希望领导能帮忙督促学校,让课后服务不只是看管,能多些阅读、练字、答疑辅导,让农村孩子也能享受到实在的教育。我们家长实在没办法,只能靠学校了。"
A3D42BE98921AE012B20084173C5ABAD348F46C3DCA4E6EA65FF6458A93E7575,关于农村小学课后服务质量的诉求,"领导好,我是西部农村的一名小学生家长。我们两口子都要上班,家里人口多,平时时间很紧,顾不上孩子的学习。这个暑假学校提供了课后服务,孩子每天都参加,我们确实省心不少,但心里也有些没底。我们文化程度不高,辅导不了孩子,就希望课后服务不只是看管,能真正有老师辅导作业、组织一些有益的活动,让孩子学到东西。马上要开学了,担心开学后课后服务能不能继续办好,农村学校老师少、条件有限,会不会变成单纯混时间。希望领导多关心农村学校的课后服务,保障好师资和经费,让像我们这样的家庭真正受益。"
26B4968FF86441638DD2973E1AC461DBBE61092A4DF27C51723E4D11D3CA77CB,关于提升乡村小学课后服务质量的请求,"各位领导好。我是西部农村的一名小学生家长。我们夫妻都要上班,家里人口多,时间很紧,自己文化程度也不高,辅导孩子学习很吃力。暑假里孩子参加了学校的课后服务,我们觉得有人照看,心里踏实一些,但不太清楚每天具体安排了什么内容。我们担心开学以后,课后服务只是简单看管,内容不够丰富,老师对作业和学习指导不足;也担心作业虽然不多,但孩子不会的题我们教不了,最后还是只能靠学校。希望领导能督促学校把课后服务真正办好,多安排一些阅读、体育、兴趣活动,老师能多给孩子一些学习上的帮助,并保障好相关师资和经费。我们农村家庭条件有限,学校也不是重点,更希望能得到公平的教育资源。谢谢领导关心。"
65D884FC36C63C1F38E9948EE492E1844F3F1F8F198A520DBB8CFAD3C60A7A35,关于乡村小学课后服务持续完善的建议,"领导好,我是一名乡村小学生的家长。我家孩子在学校参加课后服务,暑假期间也没有间断。我们夫妻都在上班,家里人口多,经济条件一般,文化程度也不高,辅导孩子学习很吃力,孩子在学校有老师管着,我们很放心。现在学校课后服务时间挺长,但感觉内容还可以更丰富些,比如多安排些阅读、体育、兴趣活动,而不只是看管。我们担心开学后课后服务会因为经费或老师不够而减少,希望领导能督促学校继续把课后服务办好,让农村孩子也能享受到实实在在的照顾。谢谢。"
46028A1140EE1D086B086D9046C5607CFC5149F02C23EA669EA3E0E8E4C5FA54,关于农村小学课后服务质量的担忧与请求,"领导好,我是一名西部农村小学生的家长,我们两口子都在外忙生计,家里人口多,文化程度也不高,辅导孩子学习确实吃力。这个月孩子参加了学校的课后服务,我们心里很感激,但也有些担忧:不知道这段时间里孩子具体在做些什么,是不是有老师认真组织活动或辅导,还是仅仅待在教室里等家长接。我们农村学校条件有限,很怕课后服务变成“只托不管”,那样既浪费孩子时间,也解决不了我们家长的实际困难。希望领导能督促学校把课后服务做实,比如安排老师指导阅读、写作业、开展一些适合农村孩子的文体活动,让孩子放学后这段时间真正有收获。同时,我们家庭经济不宽裕,希望课后服务不要额外增加收费负担,或者对困难家庭有减免办法,让我们能安心务工。谢谢领导关心。"
B0D64925AA8BEE411660BE8147A0353B2F697FA8C239790A8ABDD72B2FC803A7,关于农村小学课后服务质量和作业管理的求助,"领导您好。我是一名农村小学生家长,家里条件一般,我们两口子白天都要在外面忙,文化也不高,辅导孩子学习很吃力。现在孩子这个年级按规定应该不布置书面家庭作业,这个月孩子参加学校课后服务,我们觉得能有人看着写作业、开展活动,心里踏实一些。但马上要开学了,我们担心学校课后服务只是把孩子集中在一起坐着,没有老师真正辅导,也担心有的老师又给家长布置任务,或者变相让孩子回家还要写到很晚。以前就听说有别的孩子作业做到夜里十点多,家长又不会教,大人孩子都累。我们经济上也没法送孩子去外面的班,外面的培训班现在也少了很多,所以更指望学校能把该学的教好、把课后服务做好。希望领导能帮我们督促学校,开学后继续落实好作业管理,把课后服务时间利用好,多指导孩子完成学习任务、开展一些阅读或兴趣活动,真正减轻我们农村家长的负担。"
AAB79082102BB583423BE561AC550A5B6DB77A6AA772118414D093FD740EFC7F,关于乡村小学暑期课后服务保障的求助,"各位领导好,我是西部乡村一名小学生的家长。我们两口子都要上班,家里时间紧,条件也一般。孩子暑假在学校参加课后服务,我们很感激。但心里也担心,乡村学校条件有限,课后服务会不会只是看管,内容不够丰富,辅导和兴趣活动跟不上,孩子假期学不到东西,我们也无力花钱报班。希望政府能多关心乡村学校的课后服务,督促学校丰富内容,加强老师配备和经费保障,让我们家长能安心工作,孩子也能有一个有意义的假期。谢谢。"
C9DDB8E27840315DA605955EB729AA6B68B02E3F09792A4A3A0274A55538E70B,关于提升农村小学课后服务质量的建议,"领导您好,我是一名农村小学生的家长。孩子平时书面作业很少,睡眠时间充足,我们作为家长文化程度不高,又都在外忙生计,没什么时间辅导孩子学习。现在孩子参加了学校课后服务,解决了我们接送的难题,但我们心里也担心,课后服务是不是主要就是看管孩子,缺少有针对性的学业辅导和兴趣活动。农村学校条件有限,师资和经费可能跟不上,课后服务内容如果太单一,对孩子学习帮助不大。我们家庭经济条件一般,外面学科类培训也少了,更希望学校课后服务能真正起到补差和拓展的作用。希望政府能督促学校丰富课后服务内容,增加作业辅导、阅读、文体活动等,并对农村学校给予更多师资和经费保障,让像我们这样的家庭能放心。"
C62606B11775F369A2A89FA042F4F9C59E30C5D042C27CB1CA1A5DDC424211F6,关于农村小学课后服务质量和作业负担的担忧,"领导好,我是西部农村一名小学生家长。我们两口子都要打工,家里人多,老人也帮不上多少,暑假孩子在学校参加课后服务,我们很感激。但心里还是有些担心:现在孩子书面作业是少了,可我们文化不高,辅导不了,如果课后服务只是看管,老师不帮着辅导、不安排点有益活动,孩子回家还是没事干,我们也没时间管。过去周围有孩子作业做到晚上十点多,家长又累又没办法。我们希望开学后学校能把作业统筹和课后服务真正结合起来,农村学校师资和经费有限,希望政府能多支持,让课后服务不是简单延时,而是有老师答疑、有阅读和体育活动,孩子既能完成学习任务,又不用把负担带回家里。我们也担心外面培训班少了,农村孩子更没地方补,学校课后服务就是我们最大的依靠。请领导帮助督促落实,让农村孩子也能享受到有质量的课后服务。"
5822A6EA47758DD2FFE1C28A2C952950056D2AC57FC5B10D778B616A7629083B,关于农村小学课后服务和作业负担的担忧与请求,"领导好,我是西部农村一名小学生的家长。我们两口子都在打工,家里老人年纪大,暑假孩子参加了学校的课后服务,确实解决了我们白天没人看管的大难题。但马上要开学了,我心里还是有点不踏实。以前听同省家长说,孩子家庭作业太多,晚上做到十点多,第二天早上还要赶,孩子累家长也累。我们孩子现在年级按规定是不布置书面家庭作业的,这个月作业情况也符合要求,但我担心开学后学校执行不到位,又回到老样子。我们希望县里和学校能真正把课后服务做好,每天时间衔接好,老师能指导孩子在校完成学习任务,不要变相增加作业负担。我们农村家庭条件一般,也没钱报外面的补习班,就盼着学校课后服务能稳定些、质量好些,让我们能安心打工,孩子也能睡够觉、健康成长。恳请领导关注一下农村学校的课后服务落实情况。"
F73C124D3ED7BC379708A63FC72B999D3BC28ED5D7B1EDCB43F04A57932386C2,关于农村学校暑期课后服务质量的求助,"领导您好。我是西部农村的一名小学生家长,家里经济条件一般,我和孩子爸爸都在上班,文化程度不高,家里人口多,照看孩子比较吃力。孩子这个月参加了学校课后服务,我们很需要这项服务。但我们心里不踏实,担心农村学校课后服务只是简单看管,内容不够丰富,老师也有限,孩子学不到东西,安全管护也可能不到位。我们自己没能力辅导,也没条件送校外培训班。希望政府能多关心农村学校的课后服务,在假期也保障好师资和经费,督促学校安排好阅读、体育、兴趣活动,真正让孩子有人管、有事做、有收获,让我们家长能安心工作。谢谢。"
3998451779EA927A2AA42EFEC325CEBD4B9C9B9E2BD951B51DB1B9B91F7E506C,希望新学期乡村小学课后服务能真正落实,"领导好。我家孩子在村里小学读书,家里收入低,大人文化也不高,平时辅导作业很吃力。孩子上学路远,放学后我们时间也紧,担心新学期课后服务落实不好。希望学校能真正提供课后服务,时间上方便我们接送,最好能让孩子在学校把作业做完,有老师指导,内容也丰富些。我们家经济困难,希望收费能减免或免费。不然我们只能看着孩子在家磨蹭,学习跟不上。请领导多关心乡村学校,别让好政策停在纸面上。"
AE1A13EE4EE97EAD4C832566E44EABBFEAA07705A7364AB7D144610295EBBBFC,关于农村小学课后服务落实情况的担忧与建议,"各位领导好,我是一名农村小学生的家长。我家孩子就读的是公办小学,学校离家较远,每天路上要花不少时间。我和孩子妈妈文化程度都不高,辅导作业很吃力。现在听说有政策要求学校完善课后服务,我们很高兴,盼着学校能真正把课后服务做起来,帮我们解决辅导难题。但我们担心农村学校条件有限,课后服务可能流于形式,变成简单看管,或者又变成变相补课、增加作业。我们更担心有的老师把精力放在校外补习上,对不参加的学生不关心。希望领导能督促学校把课后服务办好,真正提供作业辅导和多样活动,减轻家长负担,别再把压力都推给家长。谢谢领导。"
EF49E68C209CA75742E99E47842CB5A7CD4F0F542013C3A0CCC23C25A9E2023C,关于农村小学课后服务和作业管理的担忧,"领导好。我家孩子在我们这边一所农村公办小学读书,家里经济条件一般,大人文化程度都不高,学校离家又远。现在放暑假,作业暂时看着还正常,但马上要开学了,我心里一直不踏实。以前周围有的学校出现过老师把精力放在自己办的补习班上,对不去补习班的孩子另眼相看;也有的班级作业特别多,孩子写到很晚,还要家长一项项签字,漏了就在群里挨批评,最后都成了家长的任务。我们这样的家庭,没有多余的钱送孩子去补习,又辅导不了太多,最怕开学后作业又压到家里来。听说现在要求学校开展课后服务,作业量也有规定,我们希望领导能督促我们这边的农村学校真正把课后服务办起来,让孩子自愿参加,最好能在学校把作业写完,有老师给辅导一下。也请管住个别老师在校外办班、对不参加的孩子不公平的问题。我们只希望孩子能公平、轻松一点。谢谢。"
F42393D8FED858CCB3E77A58B1CA14B95AF8E1B9557C40CB61F5ED909BAACC07,关于乡村小学课后服务与作业负担的诉求,"领导好。我家孩子在村里公办小学读书,家里经济条件一般,大人文化程度不高,辅导作业很吃力,学校离家又远。马上要开学了,我们最担心两件事:一是作业又像以前听说的那样多起来,孩子写到很晚;二是课后服务能不能真正落实,让孩子在学校把作业做完,有老师指导。我们没条件送孩子上补习班,就盼着学校课后服务能帮一把,让孩子放学后有个地方写作业,老师能管一管。也希望领导加强对学校作业量和教师行为的监管,别让有些老师把精力放在外面,忽视课堂。孩子还小,我们家长能力有限,真心希望政府能督促学校把课后服务做好,把作业量控制住,让我们农村家长也能安心。"
690F477E00D015945A2902D0760445C7E4334A02D0E9ECA0D3B2545E9760AE23,乡村小学课后服务能不能再扎实些,"我是一名农村小学生的家长,孩子今年在村里公办小学读书,家里条件一般,上有老下有小,孩子每天上下学路也比较远。这个月孩子参加了学校的课后服务,每天有老师看着,我们在家也稍微安心一点。但马上春季开学,我最担心的是课后服务能不能真正坚持办好。我们这里学校不是重点,老师本来不多,课后两小时如果只是把孩子圈在教室里写作业,内容比较单一,孩子到家天都黑了,路上也不安全。家里还有别的老人小孩要照看,我们文化不高,作业辅导不上,只希望学校能在课后服务里多给孩子一些活动、阅读和作业指导,而不是凑时间。也想请政府多关心农村学校的课后服务经费和老师补贴,别让好事变成负担。谢谢。"
0877D50FCD2E8319199E323151F8F5266E658BB414D4211197B076D6FE956F9B,关于农村小学课后服务质量的担忧与请求,"领导好,我是村里一名小学生的家长。我们家经济条件不好,我和孩子妈妈文化程度也不高,辅导孩子写作业很吃力。现在学校有课后服务,孩子也参加了,这本来是个好事。但马上要开学了,我心里还是不踏实:过去听一些家长说,有老师心思不在校内,对不去他那里补课的孩子不上心,现在虽然管得严了,可总担心课后服务只是让孩子干坐着,老师精力不够,内容也单一。我们农村孩子本来课外资源就少,课后服务是难得的补充。希望领导能督促学校把课后服务真正办好,让老师安心在校辅导作业,开展点阅读、体育活动,别又把任务都推给家长,也别让课后服务走了形式。另外,我们单程去学校路远,接孩子时间上也有难处,希望学校能考虑农村实际,把时间衔接得更合理一些。"
3FD5FBE9666158F5C90DF184794512318CB27650B9A1035BA8C03CA29D882527,乡村小学生课后服务与作业减负盼落实,"我家孩子在村里上小学,家里经济条件不好,大人文化也不高,辅导不了作业。每天孩子上学单程很远,现在参加了学校课后服务,本月作业时间看着没超过规定,我们挺感激。但心里还是不踏实,担心开学后作业又反弹,或者课后服务只是让孩子坐着写作业,老师不真正辅导。听说有的地方老师上课不认真,课后办班才用心,还让家长批改作业,我们很怕这样。希望领导能多关注乡村学校课后服务的实际质量,保障老师能认真辅导,作业能在校内解决,别把负担推给家长,让孩子真正减负。"
34CDA48F5B93526246857E1A4D310ABB1ECAAA39FD1E86F2F19ADF12E7062BB6,关于乡村小学课后服务质量的担忧与请求,"各位领导好。我家孩子在乡村公办小学就读,家里经济条件一般,我们文化程度不高,辅导孩子学习比较吃力。现在孩子参加了学校的课后服务,我们很感激有这个安排。但我们也担心,乡村学校师资和经费有限,课后服务内容可能比较单一,甚至只是把孩子留在教室看管或变相统一补课,反而增加负担。孩子通学时间也不短,如果课后服务不能真正帮助完成作业、拓展兴趣,我们家长还是很难安心。希望领导关注乡村学校课后服务实际运行,督促教育部门加强监管和保障,让课后服务真正做到自愿、多样、有质量,帮我们这样的家庭减轻负担。"
5107B4AF6AF177FADE5AA7288D89CC12523FC266C87B775A6728933877B004AB,关于提升乡村小学课后服务质量减轻家长负担的诉求,"领导好,我是中部农村的一名小学生家长。家里经济条件一般,我们家长文化程度不高,辅导孩子作业很吃力。孩子学校离家远,每天路上花不少时间。这个月孩子在学校参加课后服务,我们很感激,但也有些担心:课后服务会不会只是把孩子集中看管,作业辅导和兴趣活动不够?我们农村家庭没条件给孩子报外面的班,就盼着学校课后服务能把作业指导做实,让孩子在校完成书面作业,老师能答疑解惑;同时多安排些体育、阅读、手工等不收费的活动。希望领导重视乡村学校课后服务的师资和经费保障,别让好政策到村里缩水,真正帮我们这样的家庭解决实际困难。"
2682DEE151CA74668C0B4219492D3648F6198951E196476F70308913EC93E6CB,请关注乡村小学课后服务的实际效果,"领导您好,我是村里一名小学生家长。孩子今年参加学校课后服务,每天说是有两个小时,但作为家长心里不踏实。我们家经济条件一般,大人文化不高,辅导不了作业,孩子上学路又远,本来盼着课后服务能让孩子在学校把作业写完、有老师管着,可又担心只是把孩子圈在教室里,老师不上心。以前就听附近学校有老师心思放在外边补习班,对没上补习班的孩子不闻不问,我们怕课后服务也变成走过场。现在校外培训班少了,我们也没上过,更指望学校课后服务能真正帮孩子把学习弄好,别把责任又推给家长。恳请领导督促学校把课后服务抓实,让老师把精力用在校内,让孩子回家能早点休息,安全到家。"
3816DD284071C314A2831AE675384B58175816CEA2326A66E1967D20066B800E,关于农村学校课后服务质量的担忧和请求,"领导好,我是农村的一名小学生家长。孩子今年暑假参加了学校的课后服务,这本来对我们这样的家庭是好事:我和家里另一位家长文化程度都不高,辅导作业很吃力,家里收入也不宽裕,没有条件送孩子去校外班。可我们心里没底,担心课后服务只是把学生集中起来看管,或者又变成上课、补课,加重孩子负担。我们这里学校不是重点,老师数量少、任务重,以前就经常听说老师精力顾不上。希望领导能督促学校把课后服务真正办好,多安排作业辅导、阅读、体育和兴趣活动,别流于形式;收费上能照顾农村低收入家庭;时间上也能考虑我们离校远、接送不便的实际。孩子才小学,家里期望也不高,就盼着他能在学校把作业弄懂,回家能早点休息,别把负担转给家长。谢谢。"
26961EEC33628E1B3E392A2E8CEF0E0D51B1BEA21DBA0F30AE476BC5D481217E,关于乡村学校课后服务质量与经费保障的诉求,"领导您好,我是村里一名小学生的家长。家里经济条件不好,孩子现在上小学,暑假参加了学校的课后服务。我们很感谢有这个安排,但心里不踏实:我们学校不是重点,老师数量也紧张,担心课后服务只是简单看管,没有真正辅导作业或开展活动。也担心以后收费,家里负担不起。希望领导能关注乡村学校的课后服务,多支持经费和师资,让服务内容更丰富,老师能认真指导,真正减轻我们家长的负担。"
26A523E00CA6705D8510F2423E58E2D0840139D033C060570388904BCC6BCF30,希望保障农村学校课后服务减轻家长负担,"领导好,我是一名农村小学生的家长。我们家经济条件一般,大人文化程度都不高,家里人口多,照看孩子比较吃力。孩子每天上学路远,现在放暑假参加了学校的课后服务,我们挺感激的。可是马上要开学了,我们担心学校不是重点学校,课后服务能不能继续办好?现在校外培训班少了,我们以前也没钱给孩子报班,课后服务就是我们孩子唯一的课后学习机会。希望政府能多给农村学校支持,保证课后服务每天时间够用,老师够用,内容也丰富一些,不要只是看着孩子写作业。同时希望作业量继续控制在规定时间内,别给家长增加辅导压力。谢谢。"
9E939D0CB4C3D77DE853688AAC9D2EF7F4B7223B9C1681D2ECF26069E4D2DB8B,希望农村学校课后服务真正帮助孩子,"我是一位农村小学生的家长,孩子现在上小学,不是毕业班。家里经济条件不好,大人文化程度不高,辅导作业很吃力。学校离家比较远,每天接送花不少时间。现在学校有课后服务,孩子这个月也参加了,我们心里很感激。但还是有些担心,不知道课后服务是不是真正有人辅导作业、开展一些兴趣活动,还是只是把孩子集中起来看管。农村学校条件有限,老师也辛苦,怕最后变成走形式。另外,现在外面的补习班少了,我们也担心个别老师会不会把该在课堂讲的内容留到课后服务或私下补课,不参加的孩子就被冷落。我们没让孩子上过补习班,也负担不起。希望领导能多关心农村学校的课后服务,让老师把精力用在课堂上和课后服务里,真正帮孩子学好,减轻家长负担,也让我们放心。"
866D838A190E6CFAB45C6BCF202378E33C98011219B60610327080377373FC54,关于农村小学课后服务质量的担忧和建议,"领导好。我家在乡下,孩子上小学,家里条件一般,大人文化不高,平时接送路远。这个暑假学校办了课后服务,孩子也参加了。我们听说上面要求课后服务自愿参加,每天不少于两小时,内容要多样,还要有老师指导作业。但我们农村学校不是重点,老师人数本来就不多,以前也听过一些老师精力不在课堂、作业布置不合理的事。我们担心学校课后服务只是把孩子聚在一起看管,没有真正辅导和活动,开学后更难保证质量。希望政府能重视农村小学课后服务的师资和经费保障,加强督促检查,别让好政策落空,让我们这样的家庭真正得到帮助。"
9987C3A837CBF8B904BE4E6513972B8EF19927AE48EE6F24293800586903DC58,关于乡村小学课后服务质量和防止教师补课的诉求,"我家孩子在村里小学读书,家里条件不太好。这个暑假学校有课后服务,孩子也参加了。我们听说现在的政策要求课后服务要自愿参加、内容多样,但我们心里不踏实,担心学校只是看管孩子,或者老师利用这个时间变相补课,对不参加的孩子另眼相看。以前就听说过有些地方老师在校外补课,对上的孩子照顾多,对不上的孩子不闻不问,我们很怕自己孩子也遇到这种情况。现在孩子作业量看着还行,但也担心开学后作业又变多。我们家长文化不高,只能指望政府多监督。希望领导能关注乡村学校的课后服务质量和老师行为,真正落实自愿和多样,别让课后服务变成变相加负,也别让老师把精力放在校外补习上。"
5336AC9329518D6603C25F0C831435B81755E0A093543CB54CEABA67D44E7F85,关于乡村小学课后服务内容与保障的建议,"领导您好,我是一名农村小学生的家长。家里条件一般,大人文化不高,辅导孩子作业很吃力。现在孩子参加了学校的课后服务,我们很感谢有这个安排,能让我们放心一些。但我们也担心,课后服务就是让孩子在教室里坐着,没有老师认真指导,也没有体育活动、阅读等。我们农村学校条件有限,老师也辛苦,但希望上级能多支持,给学校配一些体育器材、图书,让课后服务内容更丰富,真正对孩子有好处。另外,我们家庭收入不高,希望课后服务不要额外收费,或者收费能减免。孩子每天通学路远,课后服务结束后回家天快黑了,希望能考虑农村实际情况,时间安排上能更灵活,或者提供校车等便利。恳请领导关注我们农村孩子的课后服务,让好政策落到实处。"
392C2A3FD5AD46C444A6589A06E894EDDD9991A54934FB3E1E26B6AFCC41DA9F,关于农村小学课后服务提质减负的诉求,"我是一名农村小学生的家长。孩子这个月在学校参加课后服务,我们家庭条件一般,父母文化程度不高,辅导作业有困难,所以很需要学校课后服务能真正管用。但有几个担心:一是孩子单程上学路远,暑期天气炎热,课后服务每天时间较长,怕孩子身体吃不消;二是过去总听说有些老师课内不上心、课外办班,现在学科培训收缩了,我们怕课后服务变成单纯看管写作业或变相补课,老师不认真指导,作业质量没保障,孩子兴趣也磨没了;三是我们家长文化低,最怕老师把辅导、检查、签字这些任务又压给家长,孩子作业稍多就写到很晚,还要在群里挨批评。希望领导能督促学校把课后服务的内容、时间、质量抓好,真正减轻家长和学生负担,让农村孩子也能公平享受到好的课后服务。"
5C22E9A3A51F936566EB72EEA2595902CD61808835CDEFA0AFDC5F12DF4CE0FC,关于农村小学暑期课后服务自愿性和孩子负担的担忧,"我家孩子在村里小学读书,这个暑假学校课后服务每天都有,孩子也参加了。我们家长文化不高,家里条件一般,去学校路也不近,每天接送挺费劲。听说课后服务是自愿的,但我们心里没底,怕不去老师有看法,或者不去就跟不上。我们也不指望孩子非要考多好,就希望他健健康康,别太累。现在书面作业倒是没超过规定时间,但暑假本来该让孩子歇歇,课后服务加上路上来回,孩子白天基本都在学校,我们担心服务内容是不是真的多样,还是变成上课、做题。我们这里以前有老师心思放在外面补习班上的事,现在外面补习班少了,又怕学校把课后服务搞成变相补课。希望领导能督促学校把课后服务真正办好,坚持自愿,别变相强制,内容多些活动、看护,少些书面任务,也考虑农村孩子路远、家庭经济困难的实际,别让好事增加负担。"
FE962DBC00875303EC9C9F4160FB413BEB0BCD4BC93429E47F841F85E090FAB4,希望乡村课后服务能真正辅导孩子作业,"尊敬的领导:您好!我是中部农村一名小学生的家长。家里条件不好,我和孩子妈文化不高,辅导孩子作业很吃力。现在学校有课后服务,孩子每天都参加,每天两个多小时。我们本来指望课后服务能帮着辅导作业,可又担心农村学校条件有限,课后服务只是看管,老师没有精力真正辅导。孩子上学路远,课后服务结束天都黑了,回家更晚,我们也不放心。政策要求课后服务内容多样、时间衔接,希望能督促学校把这件事做实,特别是作业辅导和兴趣活动,别让课后服务变成负担。我们这样的家庭真的需要学校多帮一把。"
D01A251F955528D0CF9329A1863B34B3AA05E53A78AB367698B2C77F0563F40C,关于升学衔接年级学生书面作业超时的反映,"领导您好,我是一名孩子正处于升学衔接年级的家长。最近我注意到孩子本月的书面作业完成情况不符合现行规定的时长要求,每天花在书面作业上的时间明显偏长。我们家庭经济条件一般,家长文化程度有限,难以给孩子提供有效的作业辅导。孩子学校是重点学校,但离家较远,每天通学时间长,如果作业再超标,孩子的睡眠和休息时间就很难保证。现在校外学科培训也在规范中,我们理解政策,但希望校内能切实落实作业统筹要求,控制好作业总量和时长,加强校内作业指导,不要让孩子把过多作业带回家。另外,也希望学校课后服务能真正起到帮助孩子完成作业、减轻家庭负担的作用,让我们家长能安心工作。恳请领导关注小学升学衔接年级的作业负担问题,督促学校严格执行规范,谢谢。"
901D2725AD28680D026410223E9B14F0FB8D3938EDBB9A78FF00D7093F997232,"请督促学校落实作业减负和课后服务,帮帮我们接送难的家庭","领导好。孩子现在正处在升学衔接的关口,学校离家比较远,单程在路上要花不少时间。家里条件一般,我们文化程度也不高,辅导作业很吃力。最近了解到现在要求学校统筹作业总量、控制时长,还要完善课后服务,我们心里挺盼着的。但这个月孩子的作业情况,对照规定的时长,我实在有点担心没达到。开学后如果作业再往上加,加上来回路上耗时间,孩子休息都保证不了,我们接送和辅导更跟不上了。希望领导能督促学校把作业总量和时长真正管住,利用课后服务让孩子尽量在学校就把作业完成,别把太多作业带回家。也请考虑我们这样的家庭实际困难,在上下学距离或课后服务时间衔接上给些照顾。我们没别的想法,就希望孩子能睡够觉,顺利适应新的学习阶段。"
5AAF7BC7833B49C5D101ABED645266F75B5FBB1FE3A94BDF65AD91258192C990,关于孩子作业超时和课后辅导的求助,"领导好,我家孩子今年升入新的年级,在城里的公办重点小学读书,学校离家比较远,我们夫妻只有一方在工作,家里经济条件一般,我们文化程度也不高。这个月孩子的书面作业时长超过了规定的一小时,我们辅导不了,孩子完成得慢,我们担心长期这样影响他身体和第二天上课。听说现在学校要统筹作业总量,还要完善课后服务,我们希望领导能督促学校真正把作业量减下来,提高作业质量,同时能在课后服务时间里安排老师指导孩子完成作业,减轻我们家长的负担。另外学校离家远,课后服务结束时间最好能方便我们接送,不然我们一个人实在顾不过来。谢谢领导。"
50F0CD15C1D9F95B61FF88C43BE11CC42E21D4954D15648469783A0C36BF23DF,关于减轻升学衔接年级作业负担和优化课后服务的请求,"领导您好,我是西部某城镇一名小学升学衔接年级学生的家长。孩子就读公办重点学校,单程通学时间较长,家里经济条件一般,我本人文化程度不高,辅导孩子作业比较吃力。最近了解到,按照现行规定,孩子这个年级书面家庭作业平均完成时间原则上不超过60分钟,但我家孩子本月书面作业情况没有达到这个要求,虽然具体原因我不清楚,但作为家长很担心开学后作业会越来越多,孩子睡眠和休息受影响。同时,家里时间安排比较紧张,父母并非双方都在就业,接送孩子存在实际困难。现在政策要求学校统筹作业总量、加强校内指导,也要求完善课后服务,自愿参加、时间衔接。希望领导能督促学校认真落实作业管理,不要布置超出规定时间的书面作业,并尽量把课后服务时间与家长下班、接送时间衔接好,让孩子在学校能把作业完成一部分,减轻家庭辅导和接送压力。另外,孩子面临升学,我们也不希望因为作业负担过重而影响学习兴趣。谢谢领导关心。"
175F0F8A954C59027FAC8E9508B890B54659FA5A4A930BA45EAFA821CBDFE81C,关于减轻孩子作业负担和提升课后服务效果的诉求,"我家孩子现在处于小学升学衔接年级,就读公办学校,离家较远,每天参加学校课后服务。本月我们发现孩子的书面作业仍然偏多,回家后还要继续写较长时间,感觉超过了规定的一小时。我们家长文化程度不高,辅导能力有限,家里经济条件一般,也没有报校外培训班。虽然孩子参加了课后服务,但作业还是经常带回家写,有时候写到很晚,我们担心长期会影响孩子的睡眠和身体。孩子原来睡眠一直比较充足,如果作业负担再这样下去,恐怕会打乱作息。希望领导能督促学校合理安排书面作业,切实提升课后服务中的作业指导效果,让孩子尽量在学校完成作业,减轻家庭负担。"
CFC250FF8F24230FF6E726459C6D9B8D9A8D795C11E8D66BD487CA36FA9E1B56,关于减轻作业负担并加强课后作业指导的请求,"领导您好,我家孩子在城区一所公办重点小学就读,正处于升学衔接年级。学校离家较远,每天接送已经很吃力。这个月孩子的书面作业情况明显不符合规定时长,我们家长文化程度不高,辅导起来非常困难,孩子经常写到很晚,睡眠也受到影响。虽然孩子参加了学校的课后服务,但希望学校能真正统筹好作业总量,利用课后服务时间让孩子在校完成大部分作业,老师能给予指导,减轻家庭负担。也请领导关注学校课后服务的质量和时间衔接,让我们这样的家庭能安心。"
F9E742108349593F71762FFB35942BA2F873B1FAF75EE3CAF8FC32E28B79BCA6,关于解决孩子上学远、接送难及作业负担问题的请求,"领导您好,我是西部城镇一名小学生的家长。孩子正处于升学衔接年级,就读的是公办重点小学,但学校离家较远,单程通勤时间长。家里同住人手少,父母并非双方都就业,接送安排非常紧张。本学期孩子参加了学校课后服务,放学后回到家更晚,路上时间长,我们很担心安全。同时,本月孩子的书面作业完成时间超过了规定时限,我们文化水平有限,辅导吃力,也担心影响孩子休息。之前也听说有类似家庭反映过上学远和接送难的情况,恳请领导统筹考虑,帮助我们协调就近入学或提供校车等支持,并督促学校落实作业管理要求,减轻家长和孩子的负担。谢谢!"
90A5F7DE546EA6975D7349018C22F09C7B4805AE6A51FE17CD3A9DB86BC6FF88,关于课后服务加强作业指导减轻家庭负担的诉求,"领导您好。我家孩子现在上小学升学衔接年级,学校离家比较远,每天接送时间长。我们家经济条件一般,大人文化程度不高,辅导作业很吃力。这个月孩子虽然参加了学校的课后服务,但书面作业完成情况还是不符合规定的时间要求,我们很担心这样下去会影响孩子休息和学习。现在政策要求学校统筹作业总量、加强课后服务,希望领导能督促学校真正落实,利用课后服务时间让孩子在校内完成大部分书面作业,控制在规定时间内,不要都带回家。这样既能减轻我们家长的辅导压力,也能解决学校和家里之间的接送衔接问题。谢谢领导。"
8F4FE4572DEC201E3D3D515BE3D9F5862A7041BB26EC03427B65DB71E61F289B,关于暑假期间学校课后服务作业时长管理的诉求,"我是一名小学升学衔接年级学生的家长。孩子所在的公办学校离家较远,我们家庭经济条件一般,家长文化程度也不高,辅导作业比较吃力。这个暑假孩子参加了学校的课后服务,但本月孩子的书面作业情况没有达到规定的时长要求。我们担心这样下去,孩子休息和假期活动时间会受到影响,家长也难以有效配合。希望有关部门能督促学校严格落实作业总量和时长管理要求,利用课后服务时间加强作业指导,让孩子尽量在学校完成书面作业,减轻回家后的作业负担。同时,也希望学校能考虑我们这类家庭的实际困难,在课后服务中提供更有针对性的辅导,避免因家长辅导能力不足导致孩子学业压力过大。"
B4DDA9A83D293BA5373C1C24D82071BCE97098DC649F30873EDA10D4EF9B0307,关于解决孩子上学路途远接送难问题的求助,"领导您好,我家孩子现在上小学,学校是公办重点学校,但离家比较远,单程通学时间很长。家里经济条件一般,我们文化程度也不高,父母双方不是都在上班,人手少,每天接送确实吃力。现在放暑假,孩子参加了学校的课后服务,但每天往返路上花不少时间,我们担心开学后这个问题会更突出。这个月孩子的书面作业有时候会超过规定的一个小时,我们文化不高辅导不了,也怕影响孩子休息。希望领导能重视我们这类家庭的实际困难,能不能在就近入学、校车安排或者课后服务时间衔接上帮我们协调一下,让孩子上下学更安全方便,作业负担也能按规定控制好。"
B769AFB9B1529498A973C7F1D0C62BF8E50A2B742249300FDD6CBB98E73CD19C,关于解决孩子通学远和课后服务作业辅导问题的求助,"领导好,我是西部一个镇上小学生的家长。孩子马上要上升学衔接年级,学校是公办重点校,但离我们家比较远,单程接送很费劲。家里人手少,父母也不是都能正常接送,平时时间很紧。这个假期孩子参加了学校课后服务,放学时间虽然能衔接,但书面作业还是没能控制在规定时间内,经常弄到比较晚。我们家长文化程度不高,辅导作业很吃力,孩子睡眠一直比较好,我们也不想因为作业影响他休息。现在学科类培训班也不好报,我们也没报过,确实没有别的办法。希望领导能督促学校把课后服务真正利用起来,加强作业指导,尽量让孩子在学校完成书面作业,别把负担带回家。同时考虑我们这种通学远的家庭,在接送安排上给些照顾。谢谢领导。"
2F00C25C31786270FD928790DCA849FFDDCDA58B8C5C90613CDA3645DFD4F47E,关于提升学校课后服务质量与作业指导的诉求,"领导您好,我是西部城镇一名小学生家长。孩子目前处于升学衔接年级,就读公办学校,家离学校较远,家里经济条件一般,我们家长文化程度不高,辅导作业很吃力。这个暑假孩子参加了学校课后服务,但我们对课后服务的具体内容和作业指导情况并不清楚。同时,这个月孩子的书面作业情况与规定要求不一致,我们担心开学后作业负担会更重,也担心课后服务只是看管,没有真正帮助孩子完成作业、提高学习。希望政府能督促学校把课后服务做实,利用课后服务时间加强作业辅导,并公开服务安排,让我们家长放心。我们这样的普通家庭,没有能力报校外班,只能依靠学校,恳请领导关注。"
DA4D2E6B7547B5D221BF565D74522FA3B4E7E9DA7348A990A36BA7E83A4C5638,关于小学生暑假作业负担过重盼加强统筹指导的建议,"我是一名西部城镇小学生的家长,孩子即将升入新的年级。家里经济条件一般,我们文化程度有限,平时辅导作业比较吃力。这个暑假,我们发现孩子完成书面作业的用时已经超出小学生每天作业时长的有关要求,有时写到很晚,我们很担心影响孩子睡眠和视力。孩子虽然参加了学校课后服务,但回家后仍有书面任务要完成,我们感到压力较大。希望有关部门能关注这一情况,督促学校进一步统筹作业总量、优化作业设计,并利用课后服务时间加强作业指导,让孩子尽量在校内完成大部分作业。我们支持减轻作业负担和规范校外培训的要求,也盼望好政策能落实到我们这样的普通家庭,让孩子有充足的休息和运动时间,平顺度过升学衔接阶段。"
758B6610BC41AEF6A9C38D236E49A473BC9AD5E4026CE0F8291DC8CE901DDB27,关于统筹课后服务与作业管理减轻家庭负担的请求,"领导您好。我家孩子今年处在升学衔接年级,就读的小学离家比较远,单程通学时间长,家里同住的人少,接送和照看一直比较吃力。这个月孩子参加了学校课后服务,课后服务时间不短,但书面作业完成情况还是超过了这个年级规定的60分钟上限,我们家长文化程度不高,辅导起来很困难,孩子也休息不好。眼看就要开学,心里很着急。希望领导能督促学校真正统筹好书面作业总量和时长,加强课后服务时间内的作业指导,尽量让孩子在校完成作业,不要把负担带回家里;同时结合我们家这类通学距离长的实际情况,帮助协调课后服务结束后的接送衔接或提供更灵活的安排,减轻家长接送和辅导的双重压力。谢谢领导。"
0254CC202B5E7D4D23133F64AFF9DB7170722F9D99317C651E3396C23308F47D,关于解决孩子通学接送困难及课后作业规范问题的诉求,"领导您好。我家住在西部城镇,孩子现在读小学,正是升学衔接的关键时期。学校是公办重点学校,教学质量我们放心,但离家较远,单程通学时间长。家里人手少,经济条件一般,父母不是两个人都在上班,每天接送非常吃力。这个暑假孩子参加了学校课后服务,本想着能解决看护和作业辅导的问题,可是这个月孩子的书面作业情况没有符合规定的时间要求,我们文化程度不高,辅导不了,心里很着急。希望领导能督促学校进一步规范作业总量和时长,把课后服务里的作业指导做实做细;同时考虑到我们这样通学距离远的家庭的实际困难,在接送衔接、交通安排或就近协调上给予帮助,让孩子平稳度过衔接年级,家长也能少一些后顾之忧。"
D940F52BB4868C71091C87A2055C6F6CC04FFA7F44E3D547509A32E4D4497D87,关于解决小学生跨片区就读接送困难问题的求助,"尊敬的领导:我是西部城镇一名小学生的家长。我们家庭经济条件一般,家长文化程度不高,孩子现在读小学,学校是公办的,但是离家比较远,单程要花很长时间。家里父母中有一方没有就业,照看孩子的人手不够,每天接送成了很大负担。孩子这个月参加了学校的课后服务,但课后服务结束时间较晚,再走远路回家,路上安全也让我们担心。我们听说现在政策要求学校统筹作业总量、加强课后服务,但我们最希望解决的是上学路程问题。最近这个月,孩子的书面作业情况好像没有完全达到规定的时长要求,我们不敢说学校一定多留了,但心里很不安。恳请领导重视我们这样跨片区就读家庭的困难,协调教育部门帮助孩子就近入学,或者提供校车等交通支持,让我们家长能安心工作,孩子也能安全上学。"
C9663DF28BACA04B6EB69E716948296069D5F2702C6B855B3A8C9F126F13803F,关于减轻升学衔接年级作业负担并提升课后服务质量的请求,"我是一名学生家长,孩子就读公办重点小学,即将升入初中。我们家庭经济条件一般,家长文化程度不高,辅导孩子学习有困难。这个月孩子参加了学校课后服务,但书面作业时长没有完全达到规定标准。我们担心开学后作业压力更大,影响孩子休息和健康。希望有关部门督促学校严格落实作业总量要求,并在课后服务中加强作业指导和升学适应帮助,让孩子在校内就能完成大部分学业任务。同时,请继续规范校外学科培训收费和服务,避免我们这样的家庭因焦虑而被迫增加经济负担。"
EB2E7F0B829A513AF0A3EF867BD6379ABEEE8907FD0E19BE5B7F77738A89FA99,关于小学生作业负担和课后服务衔接的困难反映,"领导好。我家孩子今年秋季升入小学衔接年级,就读学校离家较远,单程通学时间长,家里同住人少,日常接送和照料压力较大。暑假期间孩子参加了学校课后服务,但我们发现本月书面作业完成情况没有达到现行规定的一小时上限要求。我们家长文化程度不高,辅导能力有限,担心开学后作业更集中,影响孩子休息。希望有关部门能督促学校严格落实作业总量控制,用好课后服务时间指导孩子完成大部分书面作业,同时考虑远途学生家庭的现实困难,合理安排课后服务结束时间或提供必要接驳便利,实实在在减轻我们这样的家庭负担。"
64818B316CE461AD8FB790A37781EB84A8884B4A2C13A526445A676ED663AE3F,"孩子上学远、暑假作业超时,接送辅导都难,恳请协调","领导好,我家在西部城镇,孩子现在读小学升学衔接年级,学校是公办重点校,但离家远,单程通学时间很长。家里同住的人少,平时接送主要靠一个大人,来回奔波实在吃力。这个暑假孩子参加了学校课后服务,但结束时间和我们下班时间对不上,接孩子还是困难。另外,孩子本月的书面作业时间超出了规定的一个小时,我们家长文化程度不高,辅导不了,孩子做得慢,也影响休息。马上要开学了,我们担心升学衔接后学校更远、课业更紧,接送和辅导压力更大。恳请领导帮我们协调一下,能不能在升学安排上考虑就近入学,或者增加校车、优化课后服务时间,同时督促学校把作业量减下来,减轻我们这种家庭的负担。"
643A11299631B675F272859CD2BF123ECFEB37EB55B72654ABE37E1963F038CF,关于协调小学升学衔接孩子就近入学与课后服务衔接的请求,"各位领导好。我家孩子现在读小学,正处在升学衔接年级。学校离家比较远,单程通学时间长。家里同住的人少,父母也不是双方都在上班,接送孩子一直很吃力。孩子这个月参加了学校的课后服务,但我担心开学后放学时间还是不好衔接。另外,孩子这个月书面作业情况存在不符合规定时长要求的情况,我们也担心作业负担影响休息。恳请领导关注我们这类家庭的实际困难,协调学校或教育部门,在就近入学、课后服务结束时间和弹性看护上给予支持,减轻接送压力,让孩子能安心上学。"
BA1D12511A6ECA0F6EDE02B84726C234109057E4F1311A0BB91EC913EFA22CB4,关于乡镇初中课后服务和作业管理的诉求,"我家孩子即将升入初中升学衔接年级,在乡镇公办学校就读。我们夫妻双方都在工作,平时辅导孩子作业的时间有限。现在新的作业管理和课后服务要求已经实施一个月了,暑假期间孩子的作业量符合规定,但我们更担心开学后。升学衔接阶段学习压力增大,学校能否真正统筹好作业总量和时长,提高作业设计质量,避免机械重复?课后服务能否提供有针对性的学习指导,而不是简单看管?乡镇学校资源有限,希望领导能关注乡村学校的课后服务保障,确保师资和经费到位。我们家孩子之前没有参加过学科类校外培训,一直依赖学校教育,也希望学校能加强校内作业指导,让孩子尽量在学校完成作业,别把负担转嫁给家长。孩子睡眠一直比较充足,我们不想因为作业超时影响休息。恳请领导督促相关部门和学校,在新学期切实把作业管理和课后服务落实好,让我们家长安心工作。"
D0F27D5EC708C231E408214BCFC813733EACFAC8F326FECF3C611E88AEE88279,关于乡村随迁子女升学衔接与教育公平的诉求,"领导您好,我是一名初中学生的家长,孩子目前在乡村一所普通公办初中就读,下学期将进入毕业年级。我们最担心的是孩子的升学资格:身边一直有老乡议论,说非本地户籍的孩子到初三可能不能参加本地的中考,只能回老家,家庭分离、孩子适应困难。我们夫妻都在上班,家庭经济条件尚可,但时间紧,没法全身心辅导孩子;学校硬件条件一般,也不是重点校,总觉得孩子和城里孩子有差距。这个暑假孩子的书面作业量看起来没超过规定,可开学后学校能否持续控制作业量、课后服务能否真正提供有效辅导,我们都心里没底。希望领导重视乡村地区随迁子女的升学问题,推动更公平的升学政策,同时督促学校落实作业管理和课后服务,让孩子能安心备考,公平竞争。"
745960D00642F85EB1CBF0D14686CEC1AAFDFDE8CA74740C52E00C9CC5DC34AA,关于农村初中课后服务资源保障的诉求,"我是一名初中孩子的家长,孩子秋季升入升学衔接年级。我们住在东部农村,家庭经济条件还可以,但孩子所在的公办学校不是重点,硬件和师资相对薄弱。暑假作业量控制得不错,说明政策在落实,我们很欣慰。可眼看要开学,最担心的是新学期课后服务能不能真正保障到位。我们一直没给孩子报过学科类辅导班,现在校外培训管得更严了,以后孩子课后学习和拓展主要得靠学校。我们夫妻都上班,辅导精力有限,特别希望学校课后服务不仅能辅导作业,还能开展素质活动,缩小与城里孩子的差距。恳请领导关注农村学校课后服务的经费、师资和硬件保障,让孩子在家门口也能接受优质教育,为将来升学打好基础。"
10F03F263383C4A7A27B15E4C1A01FB3CEA4D70B16DB6008287FA6339EA1C070,关于乡村初中升学衔接阶段课后服务支持的建议,"领导您好。我的孩子即将进入初中升学衔接年级,就读于我们本地一所乡村公办初中,学校不是重点校。作为家长,我们一直希望孩子能顺利考上大学本科,但现在心里很没底。虽然目前孩子的书面作业时间符合规定,可我们更担心的是,进入关键年级后,学校课后服务能不能真正跟上?政策要求学校完善课后服务,强调自愿参加、内容多样,但我们这里学校点密度低,资源有限,乡村非重点校的师资和经费能不能保障课后辅导的质量?我们家庭经济条件尚可,但也不希望完全依赖校外培训,尤其现在对学科培训管得严,更希望学校能提供足够的学习支持。恳请领导关注乡村初中升学衔接年级的实际困难,加大课后服务投入,加强师资配备和监督,让孩子在校内就能获得有针对性的辅导,不因学校资源差距影响升学机会。谢谢。"
A42680E22A5770056CF64793081974E4E04118DB4FE92E1644E191C0E7171C97,关于强化乡村初中课后服务学业支持的诉求,"领导您好。我是一名乡村初中学生的家长,孩子今年处在升学衔接年级。我们这边学校是普通公办学校,资源相对有限,以前孩子没上过校外学科培训班,现在校外培训也少了,我们更希望依靠学校。孩子平时作业时间不长,睡眠也够,但我们担心升学衔接阶段学校抓得不紧,课后服务内容不够有针对性。我们家两个大人都要上班,虽然住得离学校不远,但下班后辅导功课精力有限。听说学校课后服务每星期有五天、每天不少于两小时,但目前我们还没让孩子参加,主要担心只是看管为主,对学习帮助不大。马上要开学了,恳请政府能重视乡村普通初中课后服务的实际质量,督促学校在课后服务里增加作业答疑、学科辅导和升学衔接指导,让像我们这样的家庭能放心让孩子参加,也能缩小和城里学校的差距。谢谢。"
007BCE078DDF40B9DA4348D3B00B727B10359D8D03D4C2747368DFC82A6BC1C2,关于提升乡村公办初中课后服务质量的建议,"领导好,我家孩子现在就读初中升学衔接年级,在本地一所乡村公办学校。学校不是重点示范校,单程通学时间较短,但我们没有参加校内课后服务,主要担心内容单一、缺乏针对升学衔接的学业辅导。这几个月规范学科培训后,周围机构少了,我们家庭经济条件虽还可以,但也不想让孩子依赖校外培训,更希望学校能提供有质量的课后指导。孩子书面作业时间符合规定,睡眠也能保证,但课后时间空下来,如果不利用好,担心升学衔接的关键阶段基础打不牢。希望领导能督促和指导学校完善课后服务,特别是针对乡村非重点初中增加学业辅导、拓展课程和升学衔接指导,提高服务质量,让孩子愿意参加,真正起到校内提质的作用,减轻家长顾虑,促进教育公平。"
0CD8F5362C6665C5FFD1187345D982E54A3900CDDFA6B938229D0CC1287DB7F6,关于随迁子女中考报名条件的求助,"领导您好,我是孩子家长。孩子目前在本地公办初中就读,正处于升学衔接年级,很快就要面临中考。我们夫妻都在本地工作多年,孩子也一直在本地上学,但户籍不在本地。最近了解到非本地户籍学生参加本地中考需要满足较高的积分或落户条件,身边一些条件相似的家庭因为不达标,孩子只能回老家考试,家庭被迫分离。我们非常担忧,如果孩子不能在这里参加中考,学业和心理都会受到很大影响。希望领导能关注随迁子女的升学衔接问题,适当放宽中考报名限制,或者提供明确的过渡办法,让长期在本地就读的孩子能够公平参加升学考试。谢谢。"
70439F6ECD315B45969BAF4F47724AAF795C4CF4076BE1AD3A60CD560C82622C,关于乡村初中升学衔接年级课后服务的建议,"领导您好,我是一名东部地区乡村初中学生的家长。孩子正处在升学衔接年级,我和爱人平时都在上班,家里经济条件还可以,但我们对孩子的学业比较重视。现在学校落实课后服务政策,每周五天、每天不少于120分钟,可孩子这个月还没参加。我们了解到课后服务强调自愿、时间衔接和内容多样,作为家长,我们希望春季开学后课后服务不只是看管,而是能真正帮助到升学衔接的孩子,比如有老师辅导作业、答疑,或者开展一些有针对性的学习指导。毕竟乡村学校资源不如城里,我们担心如果服务内容单一,对孩子的帮助有限。同时,也希望政府能关注乡村初中的师资和经费保障,让课后服务能稳定开展。谢谢。"
1E7FF2716752B4AA1979B27F3B7C358B0E7177DA17E3CCF1B8A6816DF3085B00,关于农村初中生暑期学习支持与课后服务的建议,"领导您好,我是东部农村一名初中生的家长。孩子正处在升学衔接的关键阶段,暑假在家,我们夫妻都要上班,家里老人精力有限,照料和督促学习有些吃力。这个月孩子的作业量符合规定,睡眠也充足,但我们心里不踏实:校外学科培训现在很少,我们过去也没给孩子报过,学校的课后服务这个月孩子没有参加,等于整个假期基本靠孩子自己安排。我们担心开学后学习节奏一紧,孩子跟不上,尤其我们这里学校不是重点,资源有限。希望教育部门能考虑农村孩子的实际困难,在暑假期间协调学校提供一些自愿参加的托管或自习辅导,哪怕只是开放教室、老师轮流答疑也好;开学后的课后服务也希望能增加学业辅导内容,真正帮到我们这样父母都上班、没有条件辅导的家庭。谢谢。"
8816244621157BA83015BA5AD1739E2E64BBA512661AF66D9A572E0304A12A4C,关于乡村初中生暑期学习与升学衔接支持的请求,"领导好,我家孩子即将升入初中衔接年级,就读于乡村公办初中,学校非示范性,各方面条件有限。现在正值暑假,我和孩子爸爸都要上班,家里照看人手不多,孩子在家基本靠自觉。我们家庭经济条件还可以,但本地没有合适的学科辅导资源,而且之前孩子也没上过校外培训班,现在想找正规渠道更难。学校虽然平时有课后服务,但暑假期间似乎没有安排,孩子白天的学习和看护成了难题。我们很担心这样下去会影响孩子开学后的衔接和中考准备。希望政府能协调学校或社区,在暑假为乡村初中生提供一些公益性的学习辅导或托管服务,尤其是针对升学衔接阶段的孩子。同时也恳请领导多关注乡村初中办学条件和师资配备,让孩子们在本地也能获得公平的升学机会。"
534A21493C0EA78D67EFDA4401DCF60DC1DC56A106DEE9C35F5FE67CE929CCDC,关于农村初中毕业班学生暑假课后服务与升学支持的诉求,"领导您好。我家孩子现在初中阶段,暑假后就要升入毕业年级,面临中考衔接。孩子就读的是乡镇公办初中,学校条件一般。我们夫妻都在上班,假期里很难全程照看和辅导孩子。这个月孩子没有参加学校课后服务,校外学科培训也大幅减少,以前我们也没有给孩子报过学科班,现在更找不到合适的辅导渠道。孩子平时睡眠充足,作业也在规定时间内完成,但暑期学习基本靠自己,我们担心开学后跟不上,尤其农村学校在升学指导和学习资源上本来就不占优势。希望政府能统筹暑期或开学后的课后服务,为农村初中毕业班学生提供更多学业支持和升学辅导,也请关注农村孩子在中考升学中的公平机会。谢谢。"
3EA4329144720D5C0859C24D01FD36D9875DB9CAB4753E6D5BBD260EA6035357,关于乡村初中升学衔接学生假期学业支持的诉求,"领导您好。我家孩子即将升入初三,正处在升学衔接的关键阶段。我们住在东部大区乡村,学校是公办普通初中。今年暑假,明显感觉到校外学科培训供给收缩,孩子没有参加学科类培训,学校课后服务也没有参加,整个假期缺乏系统的学业衔接和升学指导。我们家长虽然都工作,经济上不算困难,但自身辅导能力有限,尤其担心孩子开学后跟不上初三节奏,影响中考。希望政府能关注乡村初中学生在假期和日常课后服务中的实际需求,协调学校在开学后利用课后服务时间加强初三升学指导,并研究在假期提供公益性学业支持或学习资源,帮助孩子平稳过渡。谢谢。"
17F215FBA5D374D5754CD02752F1A37F157EAB29C95E4183466172516F98BA6D,关于升学衔接年级课后服务与作业管理的期盼,"领导好。我家孩子正处在初中升学衔接年级,暑假后就要进入新的阶段。作为家长,我们有一些现实担忧:我们夫妻都在上班,平时辅导时间有限;学校是乡村公办非重点,资源相对一般。政策实施以来,孩子睡眠充足,假期作业量也符合规定,我们感到欣慰。但面对升学衔接,我们担心开学后学校课后服务能否真正满足需要,比如是否有针对性的学业辅导、心理适应和兴趣活动;作业设计是否科学,会不会在毕业班压力下重新加码。同时,虽然我家孩子之前没参加过学科类校外培训,但看到周边存在一些隐蔽补课苗头,担心会出现新的不公平。希望政府能督促学校把课后服务做实做细,加强作业统筹和质量监测,同时继续规范校外培训,让我们家长能安心工作、孩子能平稳过渡。"
6E755CAF2172DB44333CC88088CFD6795CCE2ECCF7BCC684164C3A7CB9977300,农村初中升学衔接年级校内支持不足盼关注,"孩子马上要升入初中毕业年级,正处在升学衔接的关键期。我们住在东部农村,孩子读的是公办非重点学校,虽然学校作业量符合规定,孩子睡眠也较充足,但作为双职工家长,时间精力有限,很难在暑假和平时给孩子系统的升学指导。现在学科类校外培训供给明显收缩,孩子之前也没有参加,我们既不想违规补课,又担心农村学校在课后服务、作业设计和针对性辅导上与城区学校差距较大,孩子在中考竞争中吃亏。希望领导能关注农村初中毕业班学生的实际需求,推动学校利用好课后服务时间,加强作业分层设计和校内答疑,让农村孩子不靠校外培训也能获得足够的学业支持,真正体现教育公平。"
C3DD13BC21A2C10915068A6FA58A2C6C818784F7CC5BB770A4EE31B9F03FD69D,关于乡村初中升学衔接年级课后服务与学业支持的诉求,"我家孩子今年秋季升入初中关键年级,面临升学衔接。作为家长,我们一直比较关注孩子的学业基础和升学准备。现在暑假即将结束,孩子所在的乡镇公办初中不是重点学校,学校硬件和师资条件相对有限。虽然家里经济条件尚可,但周边合规的学科类辅导资源明显减少,想给孩子找课外补充也不容易。学校虽然按规定提供课后服务,但孩子之前没有参加。现在到了升学衔接阶段,光靠课堂和每天有限的书面作业,我们担心孩子跟不上后续学习强度。希望上级部门能督促学校在新学期把课后服务真正做实,针对升学衔接年级增加作业辅导、学习方法指导和心理适应等内容,同时加强乡村学校课后服务的师资和经费保障,让孩子在家门口也能获得有质量的教育支持,不让乡村孩子在升学竞争中掉队。另外,也希望能持续关注乡村初中生的升学通道,避免因资源差异影响升学公平。"
4D0B339A6B9CE71BA6051B537077575F48D798B7379E08FBF5EE0362067013B8,关于乡村初中课后服务与升学衔接支持的建议,"我是一名初中学生家长,家住东部乡村,孩子即将升入初中毕业年级,就读于乡镇公办学校。学校不是重点校,资源有限,我们一直担心孩子能否得到足够的学业支持。现在校外学科培训减少,我们更希望学校能提供高质量的课后服务和校内辅导。虽然制度上要求学校每周提供5天、每天至少2小时的课后服务,但孩子暑假在家,开学后能否真正落实、质量如何我们心里没底。我们夫妻都要上班,时间安排比较紧,很难每天辅导孩子功课。希望政府能督促学校把课后服务做实,保障师资和经费,加强作业指导,让孩子在校内就能完成大部分作业并得到辅导,减轻家庭负担,也能让乡村孩子不输在升学起跑线上。"
BC865605713778A0AF7100C5D450E46111958F3DFB06908E2338DA346B21653C,关于保障乡村初中课后服务实效的诉求,"孩子即将升入初中衔接年级,在村里公办学校就读。我们夫妻都在上班,家里经济条件尚可,但平时能辅导孩子的时间有限。暑假里孩子的作业量符合规定,我们比较放心。不过马上开学了,担心学校课后服务受师资和经费影响,变成单纯看管,没法给孩子实实在在的作业指导和学科答疑。现在校外学科培训管得严,我们本来也没让孩子上过培训班,学校就成了主要依靠。希望领导关注乡村学校课后服务的落实,督促学校丰富内容、加强作业辅导,尤其是对升学衔接年级的孩子多些学习支持,让课后服务真正帮家长解忧、帮孩子进步。"
5C00E009A813BFD956F8DD2D068F5858F9F9E92E872455E370AE16B706158AEC,关于保障乡村流动家庭升学衔接年级子女中考权益的诉求,"我是一名初中生家长,孩子暑假后升入初三,正处于升学衔接的关键期。我们一家在东部乡村生活多年,孩子一直在本地公办初中就读,学校资源一般但通学方便,平时作业时间也能控制在规定范围内。眼下最让我们放心不下的是明年的中考报名资格问题。从身边情况看,有些家庭到了初三才得知孩子可能无法在本地参加中考、只能回原籍,孩子不愿回去,家长也陷入被动。我们虽然经济条件尚可,也愿意配合政策,但最怕户籍、学籍或居住证积分等手续衔接不畅,让孩子在最后一年失去公平升学机会。希望领导能关注乡村地区流动人口子女、特别是即将升入初三学生的升学衔接和中考报名政策告知问题,在基层提前做好个案协调,避免报名前才让孩子被迫选择。另外,开学后也希望学校课后服务能提供更贴合初三衔接的内容,帮助孩子平稳过渡。"
19CBCAB3B2858A6853567398D46461B73ADEDADF0E0DBC0B7CADB56E684E5778,关于保障乡村初中课后服务质量助力升学衔接的请求,"我是一名初中生家长,孩子即将升入毕业年级。现在放暑假,孩子本月没有参加学校课后服务,但我们了解到学校课后服务原则上每周五天、每天至少两小时。作为双职工家庭,我们平时工作比较忙,时间安排有些紧张,希望新学期开学后学校课后服务能真正落实,尤其能针对升学衔接阶段提供作业辅导和学习方法指导。同时,我们这边乡村学校的硬件条件虽然有所改善,但和城里学校比还有差距,希望领导继续关注乡村学校办学条件改善,保障课后服务的师资和经费,让农村孩子也能享受到有质量的课后服务。现在校外学科培训不好找,我们更希望学校把课后服务做好,让孩子在校内就能解决学习问题。"
658D399954D4BA4AF788A2B102E617B545991495647150578171D8C927C91705,关于帮助农村初中升学衔接年级获得课后学习支持的诉求,"领导您好。我孩子马上进入初中升学衔接年级,我们在农村,学校是公办普通学校。暑假过后孩子需要更多适应指导,但家里双职工,能陪伴辅导的时间有限。孩子以前也没有参加过学科类校外培训,现在校外培训市场收缩,我们更希望学校能把课后服务做实。这个月孩子没有参加学校课后服务,我们对开学后的具体安排还不清楚。恳请政府关注农村普通初中的课后服务落实情况,督促学校在开学后公布每天的课后服务内容和时间,特别加强对升学衔接年级的学业辅导、作业答疑和过渡适应帮助,让我们能放心让孩子自愿参加。谢谢。"
E129AA773D2711BC93C8E915EF6E32EA588862BAD27BA3456B8CC7CE6D69EBDD,关于乡村小学暑期书面作业问题的反映,"领导您好,我是农村一名小学生的家长。家里条件一般,我和家人文化程度不高,辅导孩子学习很吃力。按现在的规定,孩子这个年级是不应该布置书面家庭作业的,可这个月孩子还是有书面作业,我们很担心作业多了影响孩子休息,也怕开学后负担更重。希望上级能督促学校认真落实作业管理要求,不要布置书面家庭作业,尽量让孩子在校内完成学习任务。同时,也希望学校课后服务能办得更好,让孩子自愿参加,老师多指导,这样我们家长也放心。"
E8FFF7FDB69EFA8BD88F454196EDB27215B30E0F3F9EE379CE8837CAF065A443,关于农村小学作业负担和家长被迫辅导的诉求,"领导好,我是住在东部农村的一名小学生家长。家里孩子还在低年级,按道理是不该有书面家庭作业的,但这个月孩子的书面作业还是明显超过了规定时长。我们夫妻文化水平都不高,家里经济也不宽裕,每天辅导孩子写作业、检查、还要按老师要求在手机上录视频,实在力不从心。听说上面现在要求学校统筹作业总量、加强校内指导,可我们这边学校好像还没有完全落实。希望领导能督促学校真正把作业管起来,别把辅导任务都压给家长,也把课后服务做好,让孩子在校内能把作业解决,我们农村孩子也能睡个好觉。"
13189132E1D396A21E6E7C3BBC5B086AD741ED853A884D3192F78201CD1072A6,关于落实小学低年级不布置书面家庭作业的诉求,"我是一名小学生的家长,孩子目前在读小学,按政策这个年级原则上不布置书面家庭作业。但暑假里孩子仍有书面作业要写,我们家长文化程度不高,辅导起来很吃力,也不清楚是学校统一布置还是老师个人要求。希望领导能督促学校严格执行规定,不要给孩子布置书面家庭作业,尽量把作业指导放在校内,减轻我们农村家长的负担。另外,新学期如果开展课后服务,也希望学校能真正落实,让孩子在学校完成学习任务,而不是回家后还要家长辅导检查、录视频。我们这边乡村学校师资比较紧张,担心课后服务会流于形式,请领导关注乡村学校的师资和经费保障,让好政策真正惠及孩子。"
6073A5D04CD87BC9696C154A57F7817D4A2979EB46E7DA383D1A8684E65354D6,关于乡村小学书面作业管理落实情况的反映与请求,"领导好,我是乡村一名小学生的家长。孩子目前上小学,家庭条件一般,我文化程度不高,辅导作业很吃力。这个月发现孩子的书面作业情况不符合现在年级该有的规定,我们很担心。现在政策要求学校统筹作业总量和时长,减轻学生负担,但我们这边学校可能还没完全落实,希望政府能核查一下,督促学校规范作业管理,别让家长过多承担辅导任务。另外,农村学校老师少、资源缺,课后服务等好政策能不能落实到位,也请领导多关心,让农村孩子也能享受到好政策。"
9A7BE6B92B51DB8218BF6E88174B6B9EAD40B7D04585FA54D27C3447F9DFCC70,"农村小学课后服务盼丰富内容,别只“看管”","领导好,我家孩子在村里小学上学,这学期参加了学校课后服务。每天时间不短,可我们家长最担心的是这两个多小时只是把孩子聚在一起看管,没学到东西。孩子这个年级按规定没有书面家庭作业,回家后基本不写字,如果课后服务再没有老师带着读书、运动或者学点兴趣,农村孩子和城里孩子的差距会越来越大。我们家经济条件一般,没能力报外面的班,只能指望学校。希望政府能督促学校把课后服务内容安排好,多些老师指导,保障活动材料经费,让孩子的课后时间真正有收获。"
3F92768F034FF81A633CC7E9A0EEADC3C60AE36A8368C29C1A78044944555811,关于规范乡村小学课后服务与作业管理的诉求,"孩子在本村公办小学就读,当前年级按规定不布置书面家庭作业,这个月也参加了学校课后服务。我们家庭经济条件一般,家长文化不高,辅导孩子很吃力。以往周边学校有过老师要求家长每天检查作业、录视频上传等情况,担心开学后类似负担又转嫁给我们。希望领导督促学校严格落实作业管理要求,课后服务真正用于看护、兴趣活动和作业指导,不要变相上课或增加任务;同时明确不得布置书面家庭作业,不要强制家长辅导、检查或打卡,让孩子回家能早点休息。请相关部门核查协调处理。"
BBE4FD648E3572D626644258A9D7646AA3DC92DCA1374586474022B4C4DC566F,关于农村小学课后服务质量的担忧与建议,"我家孩子在村里公办小学念书,家里条件一般,我文化不高,辅导作业很吃力。现在学校要求少留书面作业,孩子也参加了课后服务,每天两个钟头,这个政策是好的。但我担心课后服务只是把孩子看着,老师不稳定,内容也单一,尤其农村学校师资和设备都跟不上,怕变成形式。以前听说过有的学校让家长录视频、干农活,怕我们这里也出现变相给家长加负担。新学期开始了,希望政府能真正管一管,保障农村学校课后服务的师资和经费,让内容丰富些,真正帮到孩子,也减轻我们家长的难处。"
2E00A7DFFD1FEFB1E8CB989BCF8590D67AA888F3F69E7CF6608D0EBC3063F841,关于乡村小学课后服务质量与保障的诉求,"领导您好。我是东部乡村一名小学生家长。孩子目前在公办非重点小学就读,本月已参加学校课后服务。按照现行要求,学校课后服务应当保障自愿参与、时间衔接和内容多样,并由地方落实师资经费。但从我们乡村实际情况看,本地学校点较分散、师资力量也比较紧张,我们担心课后服务在落实中缺乏足够资源,容易变成单纯看管、集体写作业,或者把辅导和活动任务又转回给家长。孩子虽然参加了,但我们不清楚每天具体做什么、有没有真正丰富的活动。我们家庭经济条件一般,家长文化程度也不高,很难额外补足这些内容。希望有关部门能对乡村学校课后服务的实际开展情况进行核查,协调解决师资和经费保障问题,并加强对服务内容和质量的监管,让课后服务真正惠及农村孩子,而不是增加新的负担。"
45DCCC249BEEEB6AA06CC1920C0E143FA1D3B0CF7C2C085E8928DAC9D8850F40,乡村孩子假期托管盼增加学业辅导,"领导您好,我是农村小学孩子的家长。我家孩子这个暑假参加了学校的课后服务,我们很感谢有这个安排。我们家庭条件一般,我和家里人文化程度不高,辅导不了孩子的功课,以前也没给孩子报过外面的学科培训班,现在外面的培训班也少了,更不敢想花钱补课。这个月孩子的作业量是符合规定的,但我们担心孩子假期只是玩,下学期学习跟不上。希望政府能多支持农村学校的假期课后服务,让老师多辅导孩子做作业、带他们读读书、开展一些体育活动,不要只是简单看管。我们经济上帮不上孩子,就盼着学校能多教一点,让孩子假期过得有意义,家长也能安心。谢谢。"
D83CBDF5C3A693BBE2A083A6D676B31A8A162F6B64D574CDBEE803AA49534ECC,关于农村小学课后服务质量和家长负担的留言,"我是一名农村小学生的家长,孩子现在上小学,暑假参加了学校课后服务。学校说每天有至少两个小时,孩子也每天都去,但我们文化程度不高,经济条件一般,家里人多,辅导不了孩子。我们担心课后服务只是凑够时间,老师不稳定,管理跟不上,内容单一,甚至可能把辅导作业、打卡录视频这些事又转给家长。我们这边农村学校本来资源就有限,软件建设比硬件更着急。希望领导督促学校把课后服务真正办好,自愿参加,内容多样,有稳定老师和经费,别让农村孩子吃亏,也别给家长增加负担。"
C7981F93971B12F6245A8BDE62883EB389DA45871DFDA226C5E101FCCC665579,关于乡村小学课后服务内容与师资保障的诉求,"我家孩子在村里的小学上学,今年暑假后升入新年级。学校现在有课后服务,我们让孩子参加了,每天两个小时。作为家长,我们文化程度不高,家里条件也一般,辅导孩子学习很吃力。以前就听说过有的学校老师把检查作业、录视频这些任务都推给家长,我们实在应付不来。现在政策要求课后服务内容多样,自愿参加,但我们担心农村学校条件有限,老师也少,课后服务会不会只是把孩子关在教室里,没有实际的活动和指导?希望领导能关注农村学校的课后服务质量,给学校配足老师,丰富课后服务的内容,比如作业辅导、阅读、体育活动这些,让孩子在学校就能把学习问题解决了,不用回家再逼着我们家长辅导。也请加强对学校课后服务的监督,别让好政策走了样。"
586363E6B5672100E7E883FAAD996BA9C7CBCEA7A73B2E240AF484B84483266A,希望加强乡村小学课后服务内容与师资保障,"领导好。我家孩子在村里的公办小学读书,这个月开始参加学校的课后服务。我们家长文化水平不高,家里条件也一般,很希望学校课后服务能真正帮孩子学点东西、养成好习惯,而不只是把孩子聚在一起看管。听说现在要求课后服务内容多样、有老师指导,但我们乡村学校老师本来就少,负担也重,担心课后服务变成简单看护,或者老师精力跟不上。希望有关部门能关注乡村小学课后服务的实际质量,督促学校丰富活动内容、配足指导老师,并在经费和师资上多支持乡村学校。这样我们家长也能安心。"
F6FED2E57A1F5C7CE3F861F0DDF718338B24AC1E8CE49A1F095D5410BA8E4EB9,关于提升农村小学课后服务内容的诉求,"各位领导:我家孩子在村里小学读书,家庭经济条件一般,我和家人文化水平不高,辅导孩子学习很吃力。这个月孩子参加了学校提供的课后服务,我们很高兴有地方看管孩子,但最担心的是课后服务内容比较单一,学习指导不足。农村学校资源有限,现在校外学科培训又很少,我们更依赖学校。希望政府能督促学校丰富课后服务内容,在课后服务中增加针对性的作业辅导和基础知识巩固,开展一些兴趣活动,同时保证课后服务坚持公益属性,不要变相收费、增加我们这样的家庭负担。暑假期间孩子在家时间长,如果课后服务能安排得更有质量,对孩子学习和习惯养成会有很大帮助。谢谢。"
78AB87B4EE388A8F7392BB48F068AAF67772875D203EDB50DCF6CCAC71B55FA2,关于乡村小学课后服务质量的担忧与请求,"我家孩子在村里小学读书,这个暑假参加了学校课后服务。我们大人文化不高,辅导不了作业,家里经济条件一般,也没在外面报班。现在外面的学科培训少了,我们更希望学校课后服务能真正帮到孩子。可我们担心课后服务只是把孩子集中看管,内容单调,老师也不稳定,虽然每天都够120分钟,但质量不一定有保障。以前就听说过村里学校师资老化、管理跟不上,还有老师把辅导检查作业、录视频、参加劳动之类的事推给家长。我们不希望课后服务再变成让家长额外配合的形式。希望领导能督促学校把课后服务安排好,真正提供作业辅导和兴趣活动,不要把负担转给家长,也请保障乡村学校的师资和经费,让政策落实到位。"
892D30F92B8BA6396B746BCDEF7DA2023CB1A5A899F48DCD63F12535A4BED1D3,关于农村小学课后服务质量的担忧与请求,"领导好,我是村里一名小学生的家长。孩子现在每天参加学校的课后服务,我们原本挺高兴,但心里也有些没底。我们这里是农村,学校不是重点校,师资和场地条件有限,课后服务会不会只是让孩子在教室里干坐着,或者光让写作业,没有真正丰富的活动?我们也担心,学校会不会把辅导检查作业的负担又转给家长,甚至让家长参与一些跟学习无关的杂事。我们文化不高,家里经济条件一般,时间上虽然能顾一点,但辅导学习确实吃力。希望领导能督促学校把课后服务办好,真正提供多样、有益的活动,减轻家长的负担,别让好政策走了样。"
A3F17DA7CF3E68640118CDF1518A5F1CB58ECCDF61BEAC7E86F01F32CAFE7626,关于优化乡村小学课后服务质量的诉求,"各位领导好。我是东部乡村一名小学生的家长。我家孩子目前在公办小学就读,这个暑假后就要升入新年级,这个月已经开始参加学校的课后服务。我们家庭经济条件一般,我和家人文化程度不高,辅导孩子功课比较吃力,所以对学校课后服务抱有很大期望。政策上鼓励学校提供内容多样的课后服务,也要求加强作业辅导,但我们担心乡村学校师资力量有限,课后服务会不会只是简单看管,没有真正辅导作业或开展有益活动。我们这里小学老师负担本身就比较重,学校也不是重点学校,资源有限。希望有关部门能关注乡村学校课后服务的实际运行情况,加强师资和经费保障,督促学校把课后服务做实,真正帮助孩子完成作业、培养兴趣,减轻我们家长的负担。"
703C4F505A4134AAB781D2317A5A5ADED2CAA5FF19D09C6A09B670458CC6FEF9,希望加强农村小学课后服务的作业辅导和内容质量,"我家孩子在村里上小学,家里经济条件一般,我们大人文化程度不高,辅导作业很吃力。现在孩子参加了学校课后服务,每天时间比较长,但我们心里没底,不知道这段时间具体做了些什么,很希望学校能把课后服务利用好,增加作业辅导、阅读和兴趣活动。现在学校按规定不布置书面家庭作业,我们担心孩子基础不牢,回到家又没人教。校外培训班收费高,我们也承担不起。请领导关注农村学校课后服务的实际内容,督促学校真正提供有质量的辅导,让孩子在学校就能得到学习上的帮助。"
553E8729C99966E0C25BD47BFCC9257CFD2BE8C18958216F57F2FA9A1367D926,关于农村小学课后服务质量的诉求,"领导好,我是一名小学生的家长,孩子在本村公办小学读书,这个暑假参加了学校课后服务。我们家庭经济条件一般,家长文化程度不高,辅导孩子作业比较吃力。政策要求课后服务自愿参加、时间衔接、内容多样,还要保障师资和经费,但我们有些担心学校落实不到位。我们听说过附近学校有要求家长录视频、检查作业,甚至让家长参与种菜的情况,增加了不小负担。我们希望课后服务能真正提供作业辅导和兴趣活动,而不是走形式或把任务转嫁给家长。农村学校师资和硬件本来就薄弱,恳请上级督促学校把课后服务做实,配足老师,丰富内容,让我们家长安心。"
FA5C431AEFC133A28678D6093731321C241D9CE294AF5240C37E299C520CA159,关于农村学校课后服务质量和保障的诉求,"领导您好。我是一名小学生的家长,家在乡下,家庭条件一般,我们两口子文化也不高,平时辅导孩子学习很吃力。这个暑假孩子在学校参加课后服务,按规定每天有两个小时,我们很感谢有这个安排,不然孩子在家也没人管。但我们这边农村学校本来就缺老师,老师负担重,学校条件也有限,我很担心课后服务就是简单看管,没有多少活动内容,或者因为经费和师资跟不上,最后变成老师硬撑着、家长也没得到真正帮助。我们家庭收入不高,外面培训班又少又贵,更指望学校能把课后服务办好,让孩子在学校能安全地活动、写写作业、参加一些兴趣活动。希望领导能关注农村学校的课后服务,核查一下师资、经费和场地能不能保障,别让好政策到基层走了样。谢谢。"
705F0A61E39B3E6367391430D3F731E7855D5ACE48520AFA1B2DE2C7D9633A27,关于乡村小学课后服务师资与质量的诉求,"尊敬的领导:我家孩子在本村公办小学读书,今年暑假后升入非毕业年级。这个月孩子参加了学校的课后服务,我们很支持。但我们这里农村学校老师少,教学任务重,担心课后服务会变成单纯看管或变相上课。家里条件一般,家长文化水平不高,辅导不了作业,就希望学校的课后服务能真正帮孩子消化当天知识、培养兴趣。政策说课后服务要自愿、内容多样,可我们担心学校师资和经费跟不上,最后流于形式。希望领导能督促教育部门核查乡村小学课后服务的落实情况,加强师资配备和经费保障,别让好政策在农村打折扣。"
526280DA1447DA108A3B5C3E7B1736CDCBDDC31960851E66BC9D87177252289D,关于提升小学课后服务质量的建议,"您好。孩子就读公办小学,秋季即将升入非毕业年级。暑假期间了解到新学期将进一步完善课后服务,我们非常期待。作为家长,我们希望课后服务不只是“看孩子写作业”,而是能提供体育、艺术、科技等多样活动,让孩子在校内就能发展兴趣,减少对校外培训的依赖。同时,建议合理延长服务时间,与家长下班时间有效衔接,真正解决接送难题;并且坚持自愿原则,不搞变相强制或集体补课。也请关注学校师资紧张问题,落实经费保障,避免因资源不足让课后服务流于形式。另外,在作业管理上,希望学校落实减少书面作业要求的同时,注重作业设计质量,加强校内指导,确保减负不减质。谢谢。"
0B5F0727A5DBB152EEDCCBF47A978A47E48548C7A80CF8EA1252EF68EAE0E4B7,关于恳请督促学校落实课后服务解决孩子放学后照护问题的留言,"我是一名小学生的家长,孩子就读公办小学,今年暑假后升入非毕业年级。最近了解到新学期学校将按照要求完善课后服务,我们家长非常期待,但也有些担心落实不到位。孩子所在年级按规定不布置书面家庭作业,放学时间较早,而我们家长下班时间与孩子放学时间存在衔接困难,如果课后服务不能真正覆盖到家长下班,临时找托管又增加负担。希望领导能够督促学校在新学期把课后服务做扎实,坚持自愿参加,内容上除了看护,最好能有阅读、体育、艺术等多样活动,或者安排老师进行学习习惯培养和课业答疑,弥补低年级没有书面作业可能带来的学习空白。我们家庭经济条件尚可,但也不想依赖校外培训,更希望学校能提供有质量的教育服务。恳请领导关注学校课后服务的实际运行情况,确保时间衔接、内容充实,让我们这样的家庭能够安心工作,孩子也能在校内得到全面照护和发展。"
A85689DCB6B232D7A6643DFCE56BF3B2F054E61CA8D4335312728531FA9F022B,关于新学期学校课后服务落实的期盼与建议,"领导您好,我是一名小学生家长,孩子就读于本地一所公办小学,暑假过后就要升入新年级。最近看到有关课后服务和作业管理的新要求,心里既高兴又有些担忧。高兴的是政策方向很好,担心的是学校不是重点校,资源有限,怕落实不到位。我们家孩子睡眠一直比较充足,平时也没有报学科类辅导班,希望学校能真正把课后服务做起来,不要只是简单看管,最好能提供一些体育、艺术、科技类的活动,时间上也能衔接家长下班。同时作业方面虽然目前符合要求,但希望新学期老师能加强校内指导,让孩子在学校就能完成大部分任务,回家能有更多时间休息和阅读。校外培训规范后,我们更盼着学校能承担起更多教育责任,让普通家庭的孩子也能享受到有质量的课后时光。恳请领导关注这类非重点公办小学的实际困难,推动课后服务真正落地,我们家长愿意配合学校,共同把孩子教育好。"
1C79B0A370CA4AD81D955083E38FD0F68C5C9FD85687D87E620F8A3B7172F91F,关于小学生课后服务落实的诉求,"领导您好,我是一名小学生家长。孩子目前就读于公办小学,马上要升入新年级。暑假里了解到关于义务教育学校课后服务和作业管理的政策要求,我们家长很期待。但也有一些担心:我们孩子所在学校不是重点学校,资源有限,课后服务能不能真正开展起来?能不能保证自愿参加、时间衔接和内容多样?我们家庭希望孩子放学后能在学校完成作业,参加一些有益活动,减轻家庭辅导压力。同时,也希望学校继续严格执行不布置书面家庭作业的规定,不要以各种名义变相增加孩子负担。希望有关部门能加强对学校的指导和监督,保障课后服务的师资和经费,让我们家长放心。"
9C5DFB2191550EBE1C673581DF5024CF08B5C1856ACEBB63659BCD420C1B5AAF,关于优化小学课后服务内容与质量的建议,"我是一名小学生家长,孩子就读于公办小学低年级。新学期开始后,孩子每天参加学校课后服务,在校时间明显延长。我们原本希望课后服务能利用这段时间开展阅读、体育、艺术、科学启蒙等多样化活动,或者进行学习习惯培养,但从孩子反馈和日常表现看,课后服务内容较为单一,孩子回家后很少主动分享具体收获,我们担心课后服务更多停留在看护层面。同时,现在校外学科培训明显收缩,我们过去也没有给孩子报学科班,今后更依赖学校提供优质教育支持。希望有关部门能督促学校丰富课后服务课程,配足师资,增加适合低年级孩子的活动,并建立家校沟通机制,定期公布课后服务安排,让家长放心。"
4F7E3CEE8CCF48E644A9447713DAF8BF0E7B0DB2A22838E0E9EBE71E0303B72C,关于提升小学课后服务质量的建议,"孩子目前在公办小学就读,本学期参加了学校课后服务。作为家长,我们感谢政府提供课后托管便利,但也有些担心:课后服务会不会只是简单看管,内容不够丰富?孩子回家后基本没有书面作业,我们既希望减轻负担,又希望孩子在校内课后时间能得到阅读、体育、艺术或科学等方面的拓展,而不是白白耗时间。现在校外学科培训少了,我们对校内课后服务的质量期望更高。恳请领导关注学校课后服务的实际安排,督促学校丰富内容、保障师资和经费,真正落实自愿原则,让孩子在校内就能获得有意义的成长支持,也帮家长解决后顾之忧。"
74287224583E8EE52F91FB3F98BE91E156271710DE4CCED6FD157430E31AF5BF,关于优化小学课后服务内容与质量的建议,"作为家长,孩子目前参加学校课后服务,这让我们在接送和照护上省心不少。但作为普通公办小学的家长,我们对课后服务的内容和质量有些担心。孩子所在学校资源一般,我们家庭经济条件尚可,以前没让孩子参加校外学科培训,孩子睡眠一直比较充足。现在校外学科培训收缩,我们更希望在校内课后服务中获得丰富的素质拓展和作业指导,而不是简单看管或变相增加负担。目前孩子的书面作业符合低年级规范,但春季开学后,如果课后服务只是让学生坐在一起,缺乏针对性活动,可能既浪费时间,也影响孩子回家后的休息和自主学习。恳请领导督促学校真正落实课后服务自愿、多样、时间衔接的要求,提供体育、艺术、阅读等多样活动,同时继续控制书面作业总量,保障孩子睡眠和健康成长。也希望课后服务能照顾到不同家庭和孩子的实际情况,避免一刀切。我们理解学校师资有限,希望地方能保障课后服务的师资和经费,让普通公办小学也能提供有质量的服务。"
CDFA187A963247F252B4149A96B6A219E8B3CC95E98789B5CD3FAD5021CD575B,关于保障小学课后服务内容与质量的诉求,"领导您好。我家孩子目前就读公办小学非升学年级,这个月已参加学校课后服务。作为家长,我们支持作业减负和课后服务,但内心也有担忧:课后服务会不会只是集中看护,体育、艺术、科技、阅读等内容不够丰富?师资和经费能不能持续保障?当前学科类校外培训供给明显收缩,我们家此前也没有让孩子参加学科培训,因此更加依赖学校课后服务的质量。春季开学在即,恳请政府统筹保障课后服务经费和师资,引入社会专业资源,丰富课程内容,并加强质量督导和信息公开,让孩子真正受益。谢谢。"
E39C9B03483BB28C3811603FCE91142EECEBB5BD47B12D3C59C05C1CBEAE859C,希望提升小学课后服务内容质量,"领导您好,我家孩子在公办小学就读,暑假期间也按照学校安排参加了课后服务。从这一个多月的感受看,课后服务基本还是以看护为主,孩子大多在教室里写作业或自己看书,体育、艺术、科技等兴趣类内容比较少,个性化指导也不够。我们家长知道现在校外学科培训在规范,更希望学校课后服务能真正提高质量,不仅有作业辅导,还能多一些素质拓展活动,让孩子在校内就能接触到丰富的教育资源。也希望政府部门能在师资和经费上多支持,加强监督,让课后服务不流于形式,不强制参加,不变成变相补课。谢谢。"
F72DA4656A080908E8A8F77C5F75045B58A6616D8C7CE8DF4395BBD454889327,关于保障小学课后服务质量和自愿性的建议,"领导您好,我是一名小学生家长,孩子就读于公办小学,今年9月升入新年级,不是毕业班。暑假里学校提供了课后服务,孩子也参加了,这确实解决了我们双职工家庭的看护难题。但眼看就要开学,我心里有些担忧:课后服务虽然要求每天不少于两小时,但实际内容是否丰富、师资能否保证、会不会变成集体补课或只是看管写作业,这些我们家长并不清楚。另外,学校能否真正做到自愿参加,会不会因为考核而变相要求全员参与?我们家孩子睡眠一直比较充足,希望减负政策能继续落实,作业总量和时长能真正控制好,课后服务不要挤占孩子的休息和运动时间。也听说现在外面的学科培训少了,我们本来也没给孩子报,但希望学校课后服务能多提供一些体育、艺术、科技类活动,让孩子在学校就能发展兴趣。恳请领导关注小学课后服务的落实质量,督促学校公开安排、保障经费和师资,让家长放心。谢谢。"
B1FB221306678D4390F74066C43C33747580E57ACDB2AB090ADC3C5B5582C5E0,关于丰富小学课后服务内容与提升质量的建议,"我家孩子在公办小学就读,目前不是升学衔接年级。这个暑假孩子参加了学校提供的课后服务,按政策每天应不少于120分钟,但我们观察到服务内容比较单一,大多时间只是集中看护,缺乏系统的作业指导、阅读活动和体育锻炼。孩子所在年级按规定不布置书面家庭作业,校外学科培训也大幅减少,放学后和假期里如何合理安排时间成了难题。希望领导能督促学校充分利用课后服务时段,结合学生年龄特点,提供体育、艺术、科技等多样化活动,并加强作业辅导和阅读指导。同时,我们这一片学校数量不算多,担心课后服务师资和经费保障跟不上,希望区里能统筹支持,确保政策真正落地,让孩子受益。"
C3B8246879813695ABCC57E7D4852105670A44EFB95F26902663F09C7AECF37A,关于提升小学课后服务质量与内容多样性的建议,"尊敬的领导,您好。我是本市一名小学生的家长。我的孩子目前在公办小学就读,按照政策,学校提供课后服务,我们本学期也让孩子参加了。作为家长,我们非常支持减轻作业负担和规范校外培训的政策,但同时也有些担忧:学校的课后服务目前主要提供基本看护,内容是否多样、师资是否有保障,我们并不清楚,也担心服务质量不能真正满足孩子成长需求。我们家庭经济条件尚可,也愿意配合学校,但希望孩子在校内就能获得更丰富的拓展活动,而不是单纯写作业或自由活动。当前校外培训市场收缩,我们更依赖学校的课后服务。恳请领导重视学校课后服务的实际质量,加强指导和资源投入,督促学校丰富课程内容、提升师资水平,让课后服务真正成为家长放心、孩子受益的教育环节。谢谢。"
1FE78E3ECFCA13611A66A0AE6E0E79EFA40EEB884D7A8CA38005C82DA849F2E9,关于提升学校课后服务质量的建议,"我家孩子读小学,不是毕业年级,目前在暑假期间参加了学校的课后服务。了解到课后服务原则上每周五天、每天不少于两小时。我们家庭之前没有让孩子参加校外学科类培训,比较支持规范培训、减轻作业负担。但作为家长,我们对学校课后服务的具体安排和质量不太了解,只知道孩子每天去了学校。我们担心课后服务只是把孩子聚在一起看管,内容不够多样,兴趣培养和素质拓展不足,浪费了孩子的时间。希望领导能督促学校公开课后服务的课程内容、师资配备和活动安排,加强经费和人员保障,让课后服务真正丰富起来,满足不同孩子的需要。另外,暑假期间课后服务如何安排、内容有什么要求,也希望能有更清楚的说法。我们愿意配合学校,但也希望孩子在校内得到有质量的教育服务。"
3CFE8922D97B43EF4F00D68741B584B2368DFFDE0412C7F643CB97BBB798A84F,关于提升学校课后服务质量与内容多样性的建议,"领导您好。我是本地一名小学生家长。孩子目前在公办小学就读,这个月参加了学校提供的课后服务,书面作业情况符合要求,睡眠也较充足。作为家长,我们既感到安心,也有些担心:课后服务虽然时间有保障,但内容是否足够多样、是否真正坚持自愿、能否与家长下班时间衔接,还需要持续关注。特别是学科类校外培训供给明显收缩后,我们更希望校内课后服务能提供体育、艺术、科技、阅读等非学科活动,而不是变相补课或增加作业负担。恳请领导督促学校严格落实课后服务相关要求,加强师资和经费保障,多听取家长和学生意见,让孩子在课后服务中真正得到全面发展,同时保证休息和睡眠。谢谢。"
B65EC1C1F5CBD96E8F1213F0232AB1B28C81A295CCD3173B97D11239950FD521,关于提升小学课后服务质量的建议,"尊敬的教育部门领导,您好。我是一名小学生家长,孩子就读公办小学,目前参加学校课后服务。从政策要求看,课后服务强调自愿参加、时间衔接和内容多样,作为家长我们很期待孩子在校内这段时间能真正学有所得。但我也有些担心:当前低年级原则上不布置书面家庭作业,校外学科类培训又明显收紧,如果课后服务只是简单看护,孩子放学后的时间就缺少有效利用。希望领导能督促学校配足师资、丰富课后服务内容,比如增加阅读、体育锻炼、艺术和科学实践等,并适当指导孩子学习习惯。这样既能解决家长后顾之忧,也能让孩子成长得更好。谢谢。"
4269592AE8E939DC53D117A95AD37CD37476311BFBB132105C0C6E6098222FB0,关于提升暑期课后服务质量的建议,"领导您好,我是一名小学生家长。孩子这个月参加了学校的课后服务,按照要求课后服务每天提供了较长时间。但作为家长,我们比较关心暑期课后服务是不是仅仅集中在看管上,活动内容是否丰富。希望有关部门能督促学校在暑期课后服务中安排更多体育、艺术、阅读等有益孩子全面发展的内容,同时加强安全管理,让孩子在假期里既能得到照看,也能有所收获。现在孩子校内书面作业少了,我们虽然理解减负,但也担心知识巩固不够,希望课后服务中能有针对性的学习辅导。另外,校外培训市场变化较大,我们作为家长对孩子的长期学习规划有些迷茫,希望政府能提供更多公益性的教育资源。谢谢领导。"
746278601BD30515B1860162A92D35992EB6F2AA40397FCD3A3D6B333EAD6C0B,关于提升暑期课后服务学业辅导质量的建议,"我是一名小学生家长,孩子就读公办学校,目前不是毕业年级。这个暑假孩子参加了学校的课后服务,孩子书面作业情况符合规范,睡眠也比较充足。现在校外学科培训供给明显减少,我们家庭之前也没有给孩子报过学科培训班,作为家长虽然期望孩子将来能考上本科,但平时能陪伴辅导的精力比较有限。暑期课后服务每天时间不短,我们希望它不只是简单看护,而是能在自愿前提下提供一些作业辅导、阅读指导或思维拓展,帮助孩子巩固校内所学。特别对于像我们这样不依赖校外培训的家庭,校内课后服务的质量直接关系到孩子的学业基础。希望领导能督促学校进一步丰富课后服务内容,加强学习指导,让家长更安心。"
6C6B0B2658C766637EB8522C7968049CCA17DECFABAA89BF77B8CADB222927AF,关于暑期学校课后服务内容与质量的建议,"领导您好。我是一位小学生家长,孩子就读公办小学,目前不是毕业年级。今年暑假,孩子参加了学校的课后服务,服务时间原则上每天不少于两个小时。作为家长,我关心的是课后服务是否真正内容丰富、有利于孩子休息和全面发展,而不是简单看管或变相补课。孩子平时睡眠比较充足,之前也没有参加校外学科类培训,我们希望学校能多安排体育、艺术、科技等拓展活动,避免把课后服务变成作业辅导或集体补课。同时,因为学校课后服务资源有限,我们担心活动质量难以保证,希望有关部门加强指导,公开每日安排,落实自愿参加原则,不因参加与否影响孩子的正常校园生活。恳请领导关注学校课后服务的实际开展,推动课后服务提质增效。"
F95823B9A9B83864604700F9F4C5EA3D0A168978ADE651DDE3D7F9F592BB9C72,关于提升学校课后服务质量与作业指导的诉求,"领导您好。我家孩子在上小学,不是毕业年级,平时我们家长工作较忙,对作业辅导的参与程度一般。现在已经放暑假,但学校按照要求提供课后服务,孩子也参加了。我们在高兴的同时也有些担心:现在低年级原则上不布置书面家庭作业,课后服务又强调自愿和时长,如果只是简单看管,孩子的知识巩固和兴趣拓展可能不足。我们家一直没给孩子报学科类培训班,现在校外培训选择也少了,对学校的依赖更高。希望区里能督促学校把课后服务做扎实,在作业指导、阅读、体育和科技活动等方面提供更丰富的内容,并加强师资和经费保障,让家长放心。谢谢。"
5E7EF9155ADE58AEDB3BD4DC4E756427C4F96E665CC707165A141CD804002E2F,关于提升小学课后服务质量的建议,"领导您好。我的孩子目前读小学,暑假期间参加了学校的课后服务。学校按照规定提供了每周五天的课后服务时间,作为家长我们很感激。但同时也有些担心,课后服务的内容是否足够丰富、老师是否能给予有效指导,会不会只是简单看管。希望领导能协调教育部门加强对学校课后服务的监督和指导,督促学校优化课程设置,增加有益孩子身心发展的活动,保障师资力量,让课后服务真正成为家长放心、孩子受益的民心工程。谢谢。"
135EB0F3EF859F881D5A4C41F1ACE7EA26DF09323D354E9DBBFA4D8779B1F974,"希望加强农村小学课后服务,解决作业辅导和接送难题","领导好,我是一名西部农村小学生的家长。我们两口子都在打工,家里老人多,经济条件不好,文化程度也不高,辅导孩子作业很吃力。孩子学校离家远,每天上下学路上时间长,我们下班接孩子也紧张。马上要开学了,听说现在要求学校统筹作业、加强课后服务,我们很盼着能真正落实。希望学校能严格执行低年级不布置书面家庭作业的规定,把必要的练习放在校内完成,老师多指导。课后服务能不能时间上衔接我们下班时间,内容上多些作业辅导和兴趣活动,别只是看管。我们家庭困难,校外培训班上不起,如果学校课后服务能免费或低收费,就减轻很大负担。请领导督促学校把好事办好,让我们农村孩子也能享受到实惠。"
3085965FEC9FB0179A75628AF9027461AD6AA8A785D4214FECF075BCEB05F130,希望开学后学校课后服务能真正解决农村双职工家庭接送和辅导难题,"领导好,我是西部农村一名小学生家长。孩子就读的学校离家较远,单程通学时间长,家里大人都在上班,时间很紧,放学后接送和照看一直很吃力。马上要开学了,看到现在要求义务教育学校完善课后服务,强调自愿参加、时间衔接和内容多样,我们非常期盼。希望县里和学校能把这件事真正落实好,课后服务结束时间能尽量接上家长下班时间,别太早;内容上能辅导孩子完成作业、安排阅读体育兴趣活动,不要变成集体补课或放任不管。我们家长文化程度不高,辅导作业困难,也担心孩子到外面参加不规范的补课增加负担。恳请领导督促学校,特别是农村重点学校,别只抓成绩,课后服务要自愿、收费合理,让像我们这样的家庭能安心一些。"
ECABB651A31198AB4762D8C1315DFD847B393522453D30999CB4E137902BA02A,乡村小学生家庭恳请落实课后服务和作业减负,"领导好,我是西部农村的一个小学生家长。我们两口子都在打工,家里人多,时间都紧。孩子学校离家远,单程要花不少时间。马上要开学了,我文化程度不高,辅导不了作业。听说现在要求学校减少作业、提供课后服务,但我们担心学校落实不好,像之前听说的那样作业多、考试排名,孩子晚上熬夜,我们大人文化低也帮不上。希望领导能督促学校把作业真正减下来,把课后服务开起来,让孩子在学校就能完成作业,减轻我们农村打工家庭的负担。谢谢。"
29DB9B042ADC5D0C36442E3D0BBFBEA7F95D1071CF10CEE5697B41AE687E99F5,关于农村小学课后服务和作业安排的担忧与请求,"领导您好,我是西部乡村一名小学生的家长。孩子秋季开学后还在小学阶段,学校离家比较远,我们夫妻俩都要上班,家里能接送和辅导的时间本来就紧。最近看到新学期要求学校统筹作业总量、加强课后服务,我们一方面希望孩子放学后能有个安全、自愿参加的地方,另一方面又担心学校落实不到位,特别是农村重点学校如果只重形式,课后服务时间不合适、内容单一,反而会让通学时间长的家庭更紧张。孩子的年级按规定原则上不布置书面家庭作业,但实际执行情况我们还没底。希望领导能督促教育部门在开学前加强对农村学校的指导检查,把课后服务真正办成自愿、方便、不增加家庭负担的事,也把作业统筹要求落到实处,让孩子能睡够觉、家里也不至于顾不过来。谢谢。"
9EFD1200E19BC6375CD3B0459438A5068D9B3E1C45C9B244ED0F1316756302E1,关于完善乡村小学课后服务内容的请求,"我是一名西部乡村小学生的家长。家里经济条件一般,我们夫妻俩都要上班,平时很难准时接送,家里其他人文化水平有限,辅导不了孩子。孩子学校离家远,每天单程在路上要花不少时间。现在开学了,孩子参加了学校的课后服务,我们确实轻松了一些。但我们心里也发愁:现在低年级书面作业很少,我们家长自己文化不高,不知道怎么帮孩子巩固知识,怕他基础不扎实。我们期望孩子以后至少能读个高中或技校,有个好出路。希望政府能重视乡村学校的课后服务,特别是像我们这样父母没法辅导、家庭条件一般的孩子,能不能让课后服务不只是看管,而是增加一些学习指导、阅读和习惯培养,最好能针对孩子的薄弱地方帮一帮。这样既解决了我们接送和看护的难题,也能让孩子不掉队。恳请领导关注。"
0FFA99C3393961D78682B890210E740AC64368CA228C8A0B6F81076CC2ADB0C5,关于提升乡村小学课后服务质量的建议,"领导好,我是西部农村一名小学生的家长。我们两口子都在打工,家里老人年纪大,孩子每天上学路远,接送和辅导都很难。现在孩子参加了学校的课后服务,每天放学后在学校待两个多小时,我们很感激,但心里也着急:孩子低年级按规定没有书面家庭作业,我们文化不高,回家也教不了什么,就盼着课后服务别只是看管,能真正让孩子学到点东西。希望领导能督促学校把课后服务内容安排得更丰富些,比如让老师带着读读书、练练字、做做手工或者小实验,活动能多换换花样,别老是一个样。另外,农村路远,课后服务结束天都快黑了,孩子回家路上不安全,能不能和交通、村里一起想想办法,或者让服务时间更灵活些,和大人下班时间接上。我们家长没别的本事,就希望孩子能平平安安,学点真本事,将来能上个好点的中学。谢谢领导。"
D95B87DC6585AFC5909A5DA85ADE908D8701F1B038FD8A6CB0A84184AE006CA0,关于农村小学课后服务质量的求助,"领导您好,我是一名西部农村小学生的家长。家里条件一般,我和孩子爸爸每天都要上班,家里人多但能辅导学习的人少,孩子上学路又远。现在学校有课后服务,孩子也参加了,但我们感觉课后服务很多时候就是让孩子自己写作业、自己玩,老师没有怎么辅导。我们文化水平不高,辅导不了孩子,校外培训班又贵,现在外面培训班也少了,我们更担心孩子学习跟不上。虽然现在低年级作业少了,但孩子基础不扎实,我们心里没底。希望政府能督促农村学校把课后服务真正办好,让老师多辅导作业、教点学习方法,或者开展一些兴趣活动,别让课后服务变成单纯的看管。这样我们家长也能安心工作,孩子也能学得更好。"
9114F79CBACB56D0235209157F84BD32042B2BB13166E5A263D36417E9869FFB,关于提升农村小学课后服务质量的建议,"领导您好,我是西部乡村一名小学生的家长。我们夫妻都要上班,家里人手紧,经济条件不好,文化程度也不高。现在学校有课后服务,孩子这个月在参加,我们很感谢。但我们担心课后服务内容比较单一,可能只是看护,辅导作业和兴趣活动不够。孩子回家后我们也没能力教,现在作业少了,怕他学习基础打不牢。加上我们下班后时间很紧,单程通学时间长,接送衔接有困难。听说现在要求学校丰富课后服务内容,但我们这里农村学校老师少,担心落实不好。希望政府能多支持农村学校,加强课后服务的师资和经费保障,让课后服务真正有作业辅导和多样活动,时间上也能考虑我们这样的家庭实际,减轻我们的负担。谢谢领导。"
AAE08C8306F4D51ACAD3F44B119CB8C0A530740E31484A2543EB608AC2AAFCC4,关于乡村小学课后服务质量和假期照护的诉求,"我们住在西部农村,家里条件一般,我和爱人都要打工,平时孩子由老人帮忙带。孩子就读的学校是重点小学,但每天上下学路远,我们接送也困难。现在政策要求学校提供课后服务,孩子这个月也参加了,每周五天,每天两小时以上。可我们担心课后服务只是把孩子集中看管,没有真正辅导作业、开展兴趣活动。孩子现在这个年级按规定不布置书面家庭作业,可我们文化程度不高,没法辅导,外面培训班又少又贵,现在很多也关了。我们希望政府能督促学校把课后服务做得更实在一些,特别是暑假期间能不能也提供,内容上增加作业辅导、阅读、体育等,让孩子假期有地方去,学点东西,也减轻我们双职工家庭的负担。同时希望保障课后服务的师资和经费,别让老师负担太重,导致服务缩水。"
B4CA159BD544D330A88F0DB38AF91971D09ED02527ED5A727E3F5568D2A9623C,关于乡村小学课后服务时间与家庭负担的诉求,"领导好。我家在西部农村,孩子上小学,学校离家远,单程路上就要花不少时间。我们两口子都要打工,家里没人能提前接孩子,所以孩子参加了学校课后服务。现在每天至少两个小时,加上路上时间,孩子到家天都快黑了。虽然目前书面作业不多,但我们担心学校利用课后服务时间变相补课或增加考试压力,毕竟以前听说过有些学校作业多、补课重,孩子压力大。希望领导能督促学校真正落实自愿原则,课后服务多开展文体活动或作业辅导,不要变成变相上课;也请考虑农村家庭实际,在服务时间或交通保障上给些支持。"
6BB33183337CFBD4A5D5B2968D4E27639509D7C46D27674039196F178AE97A0B,农村小学生课后服务别变成变相加课,"领导您好,我是西部农村的一名小学生家长。家里条件一般,大人文化不高,每天接送孩子上学单程时间也长,晚上没有太多精力辅导。假期里孩子参加了学校的课后服务,马上要开学了,我心里反而有些担心,怕课后服务这两个小时被用来集中补课或者布置更多书面作业,那样孩子负担更重,也起不到看护作用。我们希望学校能多安排一些阅读、体育、兴趣活动,少一点集中讲课和书面练习,真正解决我们农村家庭接送难、辅导难的问题。也请领导持续关注乡村学校的作业总量,别因为有了课后服务就把作业又加上来。谢谢。"
5F985A1BB366A043AEAA99A20332E09A0D2B7CF58C9338F83A614F1C8B3E6DCE,关于暑期课后服务实效与双职工家庭照看困难的情况反映,"领导您好,我是西部农村一名小学生的家长。我们夫妻都在外打工,家里孩子多,文化不高,家庭条件一般,孩子上学单程路远。暑假孩子参加了学校的课后服务,我们本想能有人管、辅导学习,但心里不踏实:不知道服务具体教什么,怕就是坐一天;下午结束时间早,我们下班接不上,孩子回家路上也不放心。按照政策,课后服务应该自愿、时间衔接、内容多样,但我们这样的家庭实际离不开,又担心质量。希望政府能督促学校把暑期课后服务办好,延长到家长下班时间,多开展作业辅导和兴趣活动,保障孩子安全,真正减轻我们低文化、双职工家庭的负担。谢谢。"
5292005DB1512704F0A782BD934EB802F257440813072B195F3CE63102E54795,"建议加强农村小学课后服务,解决务工家庭暑期看护难题","领导好,我是一名西部农村小学生的家长。家里经济条件一般,我和孩子爸爸都在打工,老人也帮不上太多,孩子上学单程比较远。现在放假期间学校每天提供两小时课后服务,孩子也报名参加了,我们很感激,但两小时对全天上班的家庭来说还是不够,接送往返也很折腾。我们担心学校因为经费和老师不够,课后服务只能看管,内容比较单一,孩子得不到阅读、运动这些方面的引导。家里收入有限,外面的培训班又少又贵,孩子能依赖的主要就是学校。希望领导能关注农村学校的课后服务保障,在假期适当延长服务时间,最好能和家长下班时间衔接,增加一些体育、阅读、兴趣活动,对路远的孩子考虑错峰或协调交通。我们自愿参加,但确实需要这样实实在在的帮助。"
F03B60C90D8968F4A52587E08DAD75D0E72438E6A08A1B1F5F0793BF1C988AE5,希望关注农村孩子课后服务负担,"我家住在西部农村,孩子上小学,学校是重点学校,但离家远,单程要花不少时间。家里经济条件不好,我和孩子爸爸白天都要打工,家里老人年纪大了,照顾不过来。孩子这个月在参加学校课后服务,每天到傍晚才结束,我们接孩子很吃力。现在听说学校作业要统筹,低年级原则上不布置书面作业,我们担心开学以后课后服务只是把孩子圈在学校,要么变成集体补课,要么就是放羊,质量没保障,反而增加孩子负担。也听说过有的地方以前有孩子作业做到半夜、学校周末补课的情况,我们很怕自己孩子也遇到。希望领导能督促学校把课后服务真正办成自愿、安全、有质量的活动,别让农村家长花了时间还提心吊胆。"
AE5132795E43C0A6C86FFB7131C000C796AD617BA48CEC2F9BEA23CC1B5ABEC8,请求加强农村学校课后服务作业辅导减轻家长负担,"领导您好,我是西部农村一名小学生家长。孩子现在上小学,学校是公办的,路远,我们俩都要干活,时间很紧,家里经济条件不好,我俩文化也不高,辅导作业实在吃力。这个月孩子参加了学校课后服务,听说每天至少两个小时,我们很高兴,能帮我们看住孩子。但我担心课后服务里老师主要看管,作业辅导不够,孩子回家还得我们教,我们力不从心。目前看孩子作业量还算符合规定,可我们怕以后年级高了作业变多,或者学校执行不严,又回到作业多、考试排名压得孩子喘不过气的样子。我们也不想额外花钱报班,外面培训班又少又贵。希望领导能督促学校把课后服务用好,真正加强作业指导,让孩子尽量在学校完成作业,控制好作业总量,别把负担推给家长。也请关注农村学校课后服务质量,不要变相补课或增加孩子压力。谢谢。"
3BF3F43ECC5DFE2D933C919975A0E9F8F29508C5B26C1420F95FD71742CE91B3,关于优化乡村小学课后服务衔接与作业指导的请求,"领导您好,我是西部乡村一名小学生的家长。家里大人都在上班,平时时间紧,孩子单程上学路也比较远。这个月孩子参加了学校课后服务,我们很需要这项服务,但也担心开学后课后服务结束时间和我们下班时间衔接不上,孩子到家后如果还有书面作业,我们文化程度不高,辅导起来很吃力。希望领导能督促学校和教育部门把课后服务时间安排得更合理,加强作业指导,尽量让孩子在学校完成作业,减轻家长负担。谢谢。"
667EF6277EFD36BAD9DB11C98C802250F32395BE94139DCAF07F0832066F92BC,希望加强农村学校暑假课后服务的内容和接送衔接,"领导好,我是西部农村一名小学生家长。我们两口子都在打工,家里老人多,孩子上学路远,暑假实在照看不过来。这个月孩子参加了学校的课后服务,我们很感谢。现在校外培训班少了,我们经济条件也不好,只能指望学校。希望课后服务不要只是看管,能多安排阅读、体育、兴趣活动和基础学习指导,让孩子暑假过得有意义,也为以后学习打基础。另外,我们下班时间晚,单程接孩子要很久,希望服务结束时间能灵活一些,或者提供延时照看,方便我们接送。"
442EB26662091279E52543BD072782A174B62E56664C41D6CC30DD38627A9C08,关于乡村孩子课后服务和作业负担的担忧,"领导好。我是西部农村的一名小学生家长。孩子现在读小学,学校离家较远,单程路上要花不少时间。我们夫妻都要上班,家里人手紧,所以这个暑假孩子也参加了学校的课后服务。目前书面作业不多,孩子睡眠也还行,但我还是有些担心。孩子每天在校时间很长,课后服务如果只是把孩子集中起来辅导作业或者上课,那孩子的负担其实没有真正减轻。我们文化不高,辅导不了作业,家里也不像城里孩子能上各种兴趣班。希望领导能多关注乡村学校的课后服务,督促学校多开展体育、阅读、动手活动,不要变相补课,也不要布置超量作业,让孩子能轻松一点,也让我们家长安心工作。孩子能好好成长,就是我们最大的愿望。"
F3EDB75C9569E4BBEE12EEA557E098CDC3291E8A310CB3AC70F7EAB696FCC63D,关于乡村小学课后服务与作业负担的建议,"领导您好,我是西部乡村一名小学生家长。孩子每天上学单程很远,我们夫妻都要上班挣点辛苦钱,家里同住的人多但各有难处,照看孩子的时间实在紧张。这个月孩子参加了学校的课后服务,我们很感谢,但心里不踏实。我们这里过去常听说作业多、考试排名、周末补课的事,大人孩子都苦。现在书面作业是少了,可我们担心课后服务只是把学生圈在教室写作业或变相上课,反而增加负担。希望领导能督促学校把课后服务真正办好,多安排阅读、体育、兴趣活动,有老师认真指导,同时继续严格控制作业总量,开学后也不要反弹。我们文化低辅导不了,只能靠学校。谢谢领导。"
571CF38B77428342067E6BAAFBB6FC10F55F28B43997D35A1CDC74419FCA3BAF,关于乡村小学课后服务与减负的求助,"领导好,我是西部农村的一名小学生家长。孩子现在按照学校安排参加了课后服务,这对我们双职工家庭来说本应是好事,但我们家离学校远,单程通学时间长,大人时间又紧,实际接回压力很大。我们更担心的是,课后服务只是把孩子多留两个小时,内容单一,甚至可能用来集体补课,反而增加孩子负担。孩子这个年级按规定不布置书面家庭作业,目前看作业情况是符合的,但我们怕以后执行走样。恳请领导督促学校把课后服务真正办好,多安排文体、阅读、兴趣活动,不搞变相补课;同时考虑农村家庭的实际困难,保障自愿参加,优化时间衔接,对困难家庭适当减免费用或提供交通帮助。谢谢。"
D84198D570B216E2D94878EF7703D6ADE8F613447D947579A2F706BDE6B60EE7,希望开学后学校课后服务能真正解决我们双职工家庭的困难,"领导好,我是一名小学生家长。我们家两口子都在上班,家里人多但老人年纪大,学校离家又远,每天接送和孩子放学后没人管一直是个大难题。马上要开学了,看到现在要求学校完善课后服务,我们特别盼望能真正落实,最好时间能衔接我们下班,内容不只是看管,能辅导孩子写作业、开展一些活动。我们文化低,辅导不了作业,现在作业时间少了,更担心孩子学习跟不上。希望领导督促学校把课后服务办好,别让好政策停在纸面上。"
E0F6DAD19B5C917AAD7124658EFD2CCDDF077117C520C5EDA7A45545FAC9D437,关于小学课后服务和作业负担问题的求助,"各位领导好,我是一名小学生的家长。孩子就读公办学校,学校离家比较远,我们夫妻都在上班,家里人手紧张,每天接送和辅导作业都很吃力。最近了解到有新的要求要学校加强作业管理并提供课后服务,我们很期待。目前这个月孩子的书面作业时间确实控制在规定范围内,这让我们轻松了一些。但我们担心开学后作业会不会反弹,尤其是学校课后服务还没有完全落地,如果孩子放学后不能在学校把作业做完,回家我们家长文化不高,辅导不了,又可能像以前听说的那样写到很晚。希望领导能督促学校尽快完善课后服务,让孩子自愿参加,在校完成作业并得到老师指导,也提供一些兴趣活动,这样我们家长也能安心工作。谢谢领导关心。"
F49AF5A599578E77DC56EEE17989891127B0AB0F7FA41DD0AE020B673E1FC0D6,关于减轻小学生作业负担和落实课后服务的求助,"领导您好,我是一名小学生家长。家里经济条件一般,我和孩子爸爸都要上班,下班时间晚,学校离家又远,每天接送和辅导作业都很吃力。现在暑假孩子作业不多,但我很担心开学后又会像以前听说的那样,作业写到很晚,孩子累家长也累。最近听说学校要统筹作业总量,还要完善课后服务,我们特别期盼能真正落实。希望领导督促学校严格控制书面作业时间,提高作业质量,同时把课后服务办好,让孩子能在学校完成大部分作业,也解决我们双职工家庭的接送难题。谢谢领导关心。"
2809EC5B31E1B7942F3614E420F95896D22635E94965328E49CF6335A859847C,关于新学期作业负担和课后服务的诉求,"领导您好,我是一名小学生的家长。我们家在西部,我和孩子爸爸都在上班,家里经济条件一般,我们文化程度不高,辅导孩子作业很吃力。孩子学校离家比较远,每天路上要花不少时间。现在放暑假,孩子作业不多,但我听说周边有孩子以前作业写到很晚,影响睡眠。我担心开学后学校作业又多了,超过规定时间,我们实在没能力辅导。现在国家要求学校统筹作业总量、开展课后服务,希望政府能督促学校在新学期真正落实:一是严格控制书面作业不超过一小时;二是课后服务能安排老师指导孩子在校完成作业,别把作业带回家,减轻我们双职工家庭的负担。我们也希望课后服务不是走过场,能实实在在帮到孩子。谢谢领导关心。"
8A1BFB405C51D3FD0A43E7C37080DCB68D002195342775FCEAB208BEFBE3D44E,希望课后服务能真正辅导好孩子作业,"领导好。我们夫妻俩都要上班,工作忙,文化程度不高,家里孩子上小学,学校离家比较远。这个月孩子参加了学校课后服务,接送压力减轻了一些。但现在校外培训班少了,我们经济条件也一般,更希望学校课后服务能真正把作业辅导和兴趣活动做起来。新学期马上开学,能不能请政府督促学校加强课后服务管理,安排老师指导孩子在校完成作业,适当开展阅读、体育等活动,而不是简单地集中看管。这样孩子回家后不用再写太多作业,睡眠时间也能有保障,我们家长心里也踏实。"
11370C437F029C1BAF5958AFDB01E7D8292D22F57DA912D6B6F55D4339008127,关于巩固作业减负并提升课后服务质量的建议,"我是一名小学生家长,家在西部,夫妻俩都在打工,文化程度不高,平时早出晚归,辅导孩子学习很吃力。这个寒假孩子书面作业不多,每天睡得也早,还参加了学校课后服务,我们觉得轻松了一些。但看到以前同省有家长反映孩子作业写到晚上十点多,第二天早上还要赶,我们很担心开学后作业量又反弹。希望领导能继续督促学校严格落实作业统筹和时长规定,同时在课后服务里加强作业辅导和答疑,真正帮我们这些时间紧、能力有限的家长减轻负担,让孩子能睡够、学得踏实。"
E4887976BEAAA0D336486065AB0096D380F509D2AC7F16973C88CA0DFAA388CD,关于课后服务质量和作业负担的担忧与建议,"领导好,我是小学孩子的家长。家里大人都在外工作,文化程度不高,每天下班晚,辅导作业很吃力。孩子现在参加了学校课后服务,但目前不太清楚课后服务具体安排了什么,担心只是看管,没有真正帮助孩子完成作业。我们周边以前常有家长反映孩子作业写到很晚,第二天早起还在补,孩子累家长也累。虽然现在感觉作业量控制得还可以,但很怕开学一段时间后又多起来。希望领导能督促学校把课后服务抓实,老师能在课后服务时间指导孩子完成大部分书面作业,减少带回家写的负担,也让孩子回家能有时间休息和锻炼。我们家庭时间紧,孩子单程上学也远,课后服务如果能解决好作业和看护,对我们帮助很大。谢谢。"
2F80DBB96FBAA725EADB0F76AE279589EF1A9AB95DE1BE239A0EAD82212CA994,关于优化小学课后服务与缓解家庭辅导压力的请求,"领导您好。我是一名小学生家长,孩子就读公办学校,家离学校较远,单程通学时间比较长。我们家庭经济条件一般,家长文化程度不高,辅导孩子学习比较吃力。目前孩子参加了学校课后服务,我们很珍惜这个机会,但也有顾虑:如果课后服务只是看管,没有作业指导和丰富的活动,孩子回家后还是要家长辅导,时间会更晚,睡眠可能受影响。现在政策要求学校做好课后服务,希望政府能加强监督,督促学校把课后服务真正办好,安排老师指导学生完成作业,提供一些素质拓展活动,同时考虑到我们这样通学远的家庭,做好放学时间衔接和交通安全保障,让孩子能早点回家休息,家长也能安心工作。"
77A7678673A8C42CFFFC40F1326C5678D5B27694E45957AFFF1F569AC1623FB5,关于保障小学课后服务持续落实缓解双职工家庭压力的建议,"领导好,我是西部一名小学生家长。孩子就读公办小学,单程通学较远,我们夫妻都在上班,家里同住成员多,日常照看协调很紧张,自己文化程度有限,辅导作业很吃力。这个暑假孩子参加学校课后服务,确实帮我们解决了看护和作业辅导的难题。可我们很担心开学后这项服务能不能继续每天提供至少120分钟,内容是否丰富,学校能否加强作业指导,而不是只把孩子留在教室里。我们这样的家庭经济条件一般,校外培训负担不起,也不希望依赖培训。希望领导督促教育部门保障课后服务经费和师资,让学校开学后严格落实,自愿参加、时间衔接好下班时间,真正减轻我们双职工家庭的负担。谢谢。"
4169D7C3C06C2F54799312DCF952D37060AA272B7A79A5D0F8AC4C338C97A616,关于提升课后服务实效减轻双职工家庭负担的请求,"领导您好。我家孩子上小学,学校离家较远,我们夫妻都在上班,家里人口多,经济条件一般,我俩文化程度不高,辅导功课很吃力。这个月孩子参加学校课后服务,书面作业量暂时符合规定,但我很担心暑假过后一开学,各科作业又多了起来,课后服务如果只是把学生聚在教室里看管,不真正辅导作业、不培养学习习惯,那我们回家后还是要面对辅导难题。我们没有给孩子报校外班,现在校外培训管得严是好事,但校内课后服务必须顶上来。希望领导督促学校把课后服务内容做实,优先安排老师指导孩子在校完成大部分书面作业,严格控制带回家的作业量,别让作业从课堂转到家里。也请关注像我们这样双职工、家中人口多、通学远的家庭,确保课后服务时间与家长下班能衔接,减轻家庭负担。"
74FBFF7D359B1B1FFF8880AD88A79208FB143BD2E1450C55F02B90E034C97E4C,"希望开学后作业别反弹,课后服务能真正减轻家长负担","领导您好。我家孩子在公办小学读书,不是毕业班。这个暑假学校课后服务我们让孩子参加了,这个月的书面作业量控制得不错,我们家长比较安心。但家里经济条件一般,我和孩子爸爸都要上班,家里人口多,晚上时间很紧,我们文化程度也不高,辅导作业确实吃力。以前也听说过有的学校作业布置得多,孩子写到很晚,所以很怕开学后作业又反弹。希望领导能督促学校新学期继续控制作业总量,让课后服务真正有老师指导完成作业,别让作业带回家。另外课后服务时间希望能衔接家长下班,内容上多些阅读、活动,不要只是坐着看管。这样我们家长也能安心工作,孩子也能睡够觉。"
45F23C617A833A8633A22303A4DE5C207B4C8E65C19A44D82A0FEE05E3506972,关于暑期学校课后服务内容优化的建议,"尊敬的领导:您好!我是西部某地一名小学生的家长。孩子目前就读小学,暑假期间参加了学校的课后服务。由于我们夫妻双方都在上班,家庭时间安排比较紧张,老人帮忙照看,但辅导学习有困难。我们很感谢学校提供了课后服务,但也担心服务内容比较单一,主要是看管写作业,缺少兴趣培养和学业辅导,难以满足孩子的成长需要。希望有关部门能督促学校在暑假课后服务中增加一些阅读、体育、艺术等活动,并加强作业辅导,同时保障好老师的待遇和经费,让孩子过一个安全、充实的暑假,也减轻我们家长的后顾之忧。谢谢!"
04958909E60F16C996B72440F042526770C23DD32EFA3EE25D690EAAF2C5B66B,关于完善暑期课后服务、缓解双职工家庭看护压力的建议,"领导您好,我是一名小学生的家长。孩子就读公办小学,学校离家比较远,单程通学时间不短。我和孩子爸爸都要上班,家里老人虽然同住但精力有限,暑假期间孩子看护一直是我们最发愁的事。今年学校提供了课后服务,孩子也参加了,我们很感激,确实解决了白天没地方去的难题。但感觉服务时间还是不够长,内容也比较单一,孩子待久了容易厌烦;我们下班较晚,接送仍然很赶。希望领导能关注暑期课后服务的实际效果,适当延长服务时间,增加体育、阅读、手工等多样化活动,最好能解决午餐问题,这样我们双职工家庭才能真正安心工作。我们家庭经济条件一般,以前也没给孩子报过外面的补习班,现在校外培训少了,更盼着学校能多承担一些。感谢领导关心。"
F4E77DA27346C30CA78F28C6FA7EACBB1AEB3FEDFFCE78FD1DF0837E319385BF,"请继续加强课后服务与作业管理,缓解家长后顾之忧","领导好,我是一名小学生的家长。孩子就读公办学校,不是升学年级,我们夫妻都在上班,家里人口多,平时接送和辅导很吃力,学校离家也比较远。今年暑假孩子参加了学校的课后服务,按照规定每天不少于两小时,但我担心开学后课后服务可能只是看护,作业辅导跟不上。我们家经济条件一般,没有上过学科类补习班,现在外面补习班也少了,更希望学校能把作业辅导抓好。以前听同省其他家长说起过孩子作业写到深夜的事情,我很担心这种情况会发生在自己孩子身上。这个月书面作业时间还算符合规定,但开学后课程变多,不知道能不能一直控制住。希望领导督促学校严格落实作业总量要求,把课后服务做扎实,让孩子尽量在学校完成作业,回家能早点休息,也减轻我们家长的负担。"
AE92AAF2851220E3E215A571D1A21AB9A516F096181925006983A1C4CE9CAA19,希望课后服务能真正解决作业辅导难题,"领导好,我是小学孩子的家长。家里两个大人都要上班,文化程度也不高,每天接孩子放学后再辅导作业实在吃力。现在孩子参加了学校课后服务,时间上是衔接上了,但我们担心课后服务只是看管,没有真正指导孩子完成作业,回家后还是得我们盯着。以前听说同省不少家长反映作业写到很晚,现在虽然我们家作业量看着在规定范围内,但孩子通学时间长,课后服务结束后到家已经不早,如果作业质量没保障,既影响睡眠也加重我们负担。希望领导能督促学校把课后服务做实,真正利用这段时间辅导作业、开展有益活动,让我们家长能安心工作,孩子也能早点休息。"
C71A3E478D6385F4BC36E8574A5CF801522E9F2A66F58BAA5BF945B7A023DC93,关于课后服务落实质量与家庭照护压力的诉求,"领导您好,我是一名小学生家长。孩子就读公办非重点小学,我们夫妻都在工作,家里经济条件一般,每天接送孩子单程时间也较长。这个暑假后即将开学,孩子目前参加学校课后服务,书面作业时间从表面看符合规定,但我们很担心课后服务只是看管,作业辅导和内容安排跟不上,孩子回家后还是需要家长陪着写作业,我们文化程度不高、下班又晚,压力很大。希望政府能督促学校把课后服务做实,加强作业指导,让孩子尽量在校内完成书面作业,课后服务时间也能更好衔接家长下班时间,并公开服务内容便于家长了解。谢谢。"
17985949752DDA2D227A9FE5F4B0E0242CF6A5069226F53BCB907B27BC30E30A,"希望加强课后服务作业辅导,帮助双职工家庭","领导您好,我是一名小学生的家长。我们夫妻都在上班,平时工作忙,文化程度也不高,辅导孩子作业很吃力。现在学校有课后服务,孩子也参加了,我们很感激,但希望领导能督促学校把课后服务做得更实在,不只是看管孩子,而是能安排老师加强作业辅导,适当开展一些兴趣活动。我们家离学校比较远,孩子单程通学时间长,参加完课后服务回家已经很晚,担心孩子太疲劳。目前孩子书面作业时间符合规定,我们很放心,但希望老师能利用课后服务时间指导孩子在校内完成大部分作业,这样我们晚上能轻松一点,孩子也能早点休息。希望政府能加大对学校课后服务的师资和经费保障,让像我们这样的普通家庭真正受益。"
1EEBB9F745531B57D3268AD3C8DDE2B9EB6DBF4F29A71D8691BB8F74CE6E2C81,希望学校课后服务能真正辅导好作业,"领导好,我家孩子上小学,家里经济条件一般,我和孩子爸爸都在上班,文化程度也不高,每天接送孩子路上时间比较长。这个月孩子参加了学校的课后服务,学校说每天有两个小时,但我们感觉孩子回来以后作业还是需要我们盯着,有些题目我们也不会,只能干着急。以前就听说有学校课后服务只是把孩子集中看管,作业辅导流于形式,我们很担心这种情况。希望领导能督促学校把课后服务的内容抓实,特别是作业辅导这一块,让我们家长能安心工作,孩子回家也能早点休息。"
CB0A40C0C6A4A1138EF824FAE351A5B5D5A8C0F5D8E20771EAE86A579FAD6DA3,希望课后服务能加强作业辅导并优化接送衔接,"领导您好。我家孩子上小学,学校是公办普通学校,离家比较远,单程要花不少时间。我们夫妻俩都在上班,家里没有其他人能帮忙接送,经济条件一般,也没给孩子报过学科培训班。现在孩子参加了学校课后服务,每天两个多小时,确实帮我们解决了放学后没人看管的难题。但我们一直担心两个问题:一是课后服务里的作业辅导效果有限,孩子回家后如果作业遇到困难,我们文化程度低,辅导很吃力;二是学校离得远,课后服务结束后再赶回家,时间比较晚,怕影响孩子吃晚饭和睡觉。现在外面学科培训收缩了,我们也负担不起高价补习,更希望学校能把课后服务做扎实,增加作业答疑和巩固练习,尽量让孩子在学校完成书面作业。同时,能否结合家长下班时间和学校实际,优化课后服务的结束时间或提供更灵活的延时照顾,让孩子能早点到家、睡够觉。请领导帮助协调,谢谢。"
3000D9488076200EB0D0CF525C5C1B0C2550F1F479F5EC50E6ED1E4DA09977A1,关于完善小学课后服务与作业管理的请求,"领导您好,我是一名小学家长。孩子目前小学阶段,今年暑假参加了学校的课后服务。我们夫妻双方都在工作,时间很紧张,文化程度也不高,辅导孩子作业比较吃力。虽然现在放假,但看到孩子参加课后服务,我们很感激,可心里也担心开学以后的情况。过去常听说别的家长反映作业多、孩子做到很晚,我们担心开学后作业负担又会加重。现在政策要求学校统筹作业总量、提高课后服务质量,但我们不知道学校具体会怎么落实。我们希望领导能关注小学课后服务的实际内容,督促学校丰富课后服务项目,让孩子放学后不仅能完成作业,还能参加一些有益的活动,减轻家长辅导压力。同时,也希望能继续加强作业管理,不要让孩子回家后还要做大量作业。我们家庭经济条件一般,无法给孩子报很多课外班,希望学校的课后服务能真正帮到孩子。谢谢领导。"
BB4924F07449A6C350AB892F3F7B212A39FADA4D3F77DDB88AD59FE6EC75679F,希望新学期课后服务能真正解决作业辅导问题,"领导您好,我是初中生家长。我们做父母的都有工作,每天到家比较晚,我文化程度不高,辅导初中功课很吃力。现在暑假作业量还算正常,我们担心开学后作业又会多起来。听说现在要求学校统筹作业总量、提高课后服务质量,我们希望学校开学后能真正落实,让孩子放学后能在校内把作业写完、有老师答疑,不要带太多作业回家。另外,现在学科培训班管得严,但我们担心有些变相补课还在,我们家庭没给孩子报过班,就怕别人偷偷补、我们跟不上,影响孩子以后考大学。恳请政府督促学校把课后服务做好,同时加大对隐形培训的监管力度,让我们双职工家庭安心。"
8BE892CFE7E781AADB7B6725160F376471BAE8D66FDE305AD9520E00762F6609,关于进一步抓好初中作业管理和课后服务的建议,"领导您好,我是一名初中生家长。孩子目前放暑假,书面作业完成时间还算合理,没有超出规定。但看到很多地方初中作业负担仍然很重,有的孩子写到十一二点,我们很担心开学后学校又会布置过量作业。我们家长文化程度不高,辅导不了初中功课,希望学校能真正统筹作业总量、提高作业质量,并利用课后服务时间让孩子在学校完成大部分作业,老师能给予指导。同时,希望教育部门加强对学校作业和课后服务的检查,不要让好政策停留在文件上。谢谢。"
5CB0E73B3A7F10E60DD08E2B7C9C809E47589E9B8F634B2255C54E17616CFF9B,关于开学后初中生作业负担和课后服务落实的诉求,"暑假快结束了,作为初中生家长,我有些担心开学后作业负担会不会又加重。这个假期孩子的书面作业看起来是控制在规定时间内的,但身边有家长聊起以前初中作业量很大,有的孩子做到深夜,甚至每门主科好几本练习,初二初三更厉害。现在虽然有了新的作业管理和课后服务要求,但学校不是公办,我们担心执行上打折扣。希望领导能督促学校开学后继续严格控制书面作业总量,不超过90分钟,加强校内作业指导,别把压力转给家长;同时课后服务要真正自愿、内容多样,别变成集体补课。另外,现在学科类培训市场虽然还比较平稳,但怕开学后违规培训回潮,加重孩子负担和家庭经济压力。请相关部门持续监管,让孩子能睡够、有合理的成长节奏。"
6675DD4DBAD621C707875FF6CF4D77C71480A976ABC792A22103E85627291971,关于新学期初中生作业负担监管的建议,"领导您好。我家孩子马上要上初中,虽然暑假作业量看起来符合规定,但作为家长心里很没底。身边很多家长都反映过,以前初中每天作业写到很晚,有的甚至到十一二点。现在虽然出了新要求,但学校不是公办,我们担心落实不到位。尤其我们两口子都上班,文化程度也不高,辅导不了多少,如果作业再像以前那样多,孩子睡眠、上课状态都会受影响。希望领导能关注这个问题,开学后对初中学校特别是非公办学校的作业总量进行抽查,让学校真正把书面作业控制在90分钟以内,同时把课后服务抓好,让孩子在学校就能完成大部分作业,而不是把负担转给家长。"
FB44B5A96C3F4639AA098FA4CE2303BD68E6EDE6CAC56287074E3B3010A82A97,关于提升初中课后服务学业辅导质量的建议,"我家孩子读初中,这个月开学后参加了学校的课后服务。作为家长,我们两口子文化程度不高,辅导功课有困难。现在校外学科培训也少了,我们更希望学校课后服务不只是看管写作业,能多安排老师答疑、巩固当天知识。孩子作业时间符合规定,睡眠也足,但初中毕竟要面临中考,我们担心基础打不牢。希望领导能关心课后服务的实际内容,保障师资力量,让课后服务真正帮助孩子提升学业。"
2FB2C29D7BA5399BF9563B44BE528949E67D3863CDDFE325EA069A60236F9640,关于巩固作业减负和提升课后服务质量的建议,"领导您好。我是一名初中学生家长,孩子目前在学期过渡阶段,作业量控制得还算合理,睡眠时间也比较充足,但是看到身边其他学校初中生作业做到很晚的情况还是担心开学后反弹。我们夫妻都要上班,自身文化程度有限,辅导孩子作业很吃力。希望学校能把课后服务真正利用起来,让孩子在校完成大部分书面作业,老师当面指导,回家后能有些自主阅读或锻炼的时间。也希望相关部门继续监督学校落实作业总量控制,防止课后服务变成集体补课或增加负担,让孩子和家长都能真正减负。"
31FD646F0D902423E990E67EC34AD8D252AE988651B0EDF16B4C298B30B470A6,关于初中课后服务与作业负担的建议,"领导您好,我是本地一名初中学生家长。孩子目前读初中非毕业年级,我和孩子爸爸都在上班,我文化程度不高,辅导功课比较吃力。现在学校有课后服务,孩子这个月也参加了,每天原则上两个小时,我们很感谢。但马上要春季开学,心里还是有些担心。以前我们这边不少学校初中作业量很大,孩子经常做到很晚,有的学校还有频繁考试和晚自习,负担重。现在虽然孩子目前作业时间符合规定,但我们怕开学后各科作业又堆起来,超过90分钟上限。另外现在外面学科培训班少了,我们家以前也没怎么上过培训班,自己辅导不了,更希望学校课后服务能真正把作业辅导和答疑做好,而不是光看管。恳请领导关注初中学校开学后的作业统筹和课后服务质量,督促学校继续控制书面作业总量,利用课后服务时间加强校内作业指导,让孩子回家能有点休息和睡眠时间,也减轻我们家长负担。谢谢。"
4FCFE62E440728E0D1AEEAA03A933F5DCC466996586DCEEDFB9D003ABD7D5A8B,关于春季开学后初中作业与课后服务监管的诉求,"领导您好,我是一名初中生家长。孩子目前读初中非毕业年级,这个月学校课后服务也参加了,书面作业时间目前看是符合规定的。但是作为家长,看到同省之前有初中作业负担重、考试多的情况,现在临近春季开学,心里还是担心开学后作业量会反弹,或者课后服务变成集体上课、补课,影响孩子休息。孩子平时睡眠还算充足,我们也不希望因为学业压力搞坏身体。希望教育部门在春季开学后加强对初中学校作业总量和课后服务内容的监督检查,畅通家长反映渠道,确保课后服务自愿参加、内容多样,不要变相延长学习时间。谢谢。"
B80B5EC61CE07F78830D239832CFE9CF5B4D6024FB29A034907659817BBFC8D0,关于完善学校课后服务内容与保障的建议,"作为初中生家长,我们夫妻平时上班,暑期学校提供的课后服务解决了照看难题,孩子目前每天都参加。这项服务时间较长,但我们担心只是简单看护,缺乏作业指导和素质拓展。我们文化程度有限,辅导孩子作业比较吃力,特别希望学校课后服务能加强作业辅导,丰富体育、科技等活动。同时,新学期课后服务能否持续稳定,师资和经费是否有保障,也是我们关心的。建议领导重视学校课后服务质量,加强监管和投入,让双职工家庭真正受益。"
BC3349AD7D2B788C0AC2C655D8088DFC40F94A24E33CA3E8D50ED6B7F7A875A5,"希望持续监督初中课后服务和作业量,别让减负反弹","领导好,我家孩子在初中上学,我们两口子文化不高,辅导作业很吃力。这个暑假孩子参加了学校的课后服务,我们挺高兴,但心里也打鼓。以前听过一些家长说,有的初中作业多,孩子写到十一二点,考试也多,负担重。现在我家孩子作业量看着还在规定时间内,可担心开学后各科老师又层层加码,课后服务也变成集体补课或刷题,让孩子更累。我们支持学校课后服务,希望它能真正让孩子在学校把作业做完,有老师答疑,而不是换个名义增加负担。恳请区里对学校作业总量和课后服务内容进行经常性检查,确保自愿参加、内容多样,让孩子们能早点回家,睡个好觉。谢谢。"
51827053A4A27AA0D25D90AEA47FB16B5705C97E9E4F91017C33033FE43F9DFC,关于持续巩固初中生作业减负和课后服务质量的建议,"领导您好。我家孩子正读初中,这个暑假参加了学校课后服务,本月书面作业时长看着符合规定,我们家长松了一口气。但我和爱人文化程度都不高,辅导初中功课很吃力,孩子之前也没上过校外补习班,所以很依赖学校课后服务能带着把作业完成。以前听同省一些家长说,有的初中作业做到晚上十一二点,还有晚自习和频繁考试,心里一直不踏实。现在虽然要求学校统筹作业总量、提高作业设计质量,课后服务也要求每周五天、每天至少两小时,但我们担心开学后作业负担反弹,或者课后服务变成集体上课、讲卷子,孩子回家还要写到很晚。希望领导督促学校继续落实作业时长上限,真正利用课后服务时间指导孩子完成大部分书面作业,安排一些文体科技活动,不要变相增加负担。也请关注教师负担和课后服务经费保障,让好政策能长久落实。"
C24821DA64F12114588D0879F83336E5F50212870DB0220F6D390698E87B68D2,关于提升初中课后服务质量的建议,"领导您好,我是一名初中生家长。孩子所在学校暑期提供课后服务,每周五天,每天至少两小时,孩子也参加了。但作为家长,我们最担心的是这几个小时有没有真正用在孩子身上。我和孩子爸爸都要上班,我本身学历不高,辅导初中功课已经吃力。政策要求课后服务内容多样、加强作业指导,但我们不清楚学校实际怎么安排,也不清楚师资和经费有没有保障。希望教育部门能加强对学校课后服务的检查和指导,重点看看作业辅导是否到位、有没有变相补课或者只是看管,能不能真正减轻家长负担、帮助孩子全面发展。谢谢。"
1D045030F5537BFB2989CE835888333C7A6201D6C7C13D25F022DE5329767532,关于提升初中课后服务质量的建议,"领导好,我是一名初中生家长。我们夫妻都在上班,文化程度不高,辅导孩子作业越来越吃力。现在孩子参加了学校的课后服务,每天时间不短,但我们不清楚孩子在里面具体做什么,担心只是坐在教室里看管,没有老师真正辅导作业或开展有益活动。校外学科培训班现在很少了,我们也没给孩子报过,更希望学校课后服务能补上这个空缺。希望领导能督促学校把课后服务内容做实,安排老师指导孩子完成作业,解答疑难,再开展一些阅读、体育、科技等活动,不要流于形式。同时请保障好课后服务的师资和经费,让老师愿意用心教。这样我们家长也能安心工作,孩子不至于因为家庭辅导跟不上而掉队。"
F49BE1B8F580719A7CB5DE78643F6DB0551354A6DEABD283E59953C0C862262F,关于新学期初中作业负担与课后服务落实的担忧,"领导好,我是一名初中生家长,孩子就读城镇学校,我们夫妻都上班,文化程度不高,辅导功课比较吃力。暑假里孩子书面作业量看起来符合规定,也参加了学校课后服务,但目前最担心的是开学后作业负担反弹。身边有同省家长反映一些初中作业量仍然很大,孩子做到很晚,压力不小。希望政府在新学期加强督查,督促学校严格落实初中书面作业平均完成时间不超过90分钟的要求,提高作业设计质量,并确保课后服务真正用于作业指导和答疑,不要变相上课或增加负担。这样孩子能有充足睡眠,我们家长也能安心工作。谢谢。"
2197F944BFF0D6F6114EA7FB6F06348A18D403C93B8ABBFF802A3ED287CDAE03,希望新学期严控初中作业量并提升课后服务质量,"领导您好,我是本地一名初中学生家长。孩子平时作业多不多,我们一直很担心。这个月暑假作业孩子写得还算顺利,没有像以前听说的那样熬到深夜,但我们怕开学后又回到老样子。以前听说我们这里有初中生作业写到十一二点,每科好几本练习册,孩子累,家长也心疼。现在学校有课后服务,假期里孩子也参加了,可我们不太清楚课后服务里老师是不是真正辅导作业,还是只是看着孩子,甚至讲新课。我们文化不高,初中功课帮不上忙,就盼着学校能把作业指导和课后服务抓好,让孩子在学校把作业基本完成,回家能早点睡,有点时间锻炼、看书。恳请领导督促教育部门新学期加强检查,别让作业总量反弹,把课后服务质量也管起来。谢谢。"
EE8633F6639463B2DA8762F417EA86552E17EB9E12B2EBAD59511C2DB5057F32,关于初中生作业负担和课后服务质量的诉求,"领导您好,我是一名初中生家长。孩子目前参加学校课后服务,家庭对孩子的学业有较高期望,但家长文化程度有限,难以辅导。政策要求初中书面作业不超过90分钟并加强校内指导,我们很支持,也担心新学期开学后作业负担反弹,课后服务中的作业辅导能否真正落实。希望教育部门能对学校课后服务的作业辅导和作业总量控制加强督导,并建立家长反馈渠道,让我们能及时反映问题,让孩子在课后服务中真正受益。谢谢。"
2C0D90E848754A7D2DA437A643FE3E8F7A1C1B1E17A1452508F256BC0731C690,关于丰富学校课后服务内容避免变相增加负担的请求,"领导好,我是一名初中生家长,孩子不在毕业班。这个暑假学校提供了课后服务,我们让孩子参加了。按照要求,课后服务每天至少两个小时,加上书面作业时间,我们担心孩子在校时间太长,回家后缺少自由阅读和锻炼的时间,影响休息。我们家经济条件还可以,但我和孩子爸爸文化程度不高,辅导功课吃力,所以很希望课后服务能真正丰富内容,多一些体育、艺术、科技活动,而不是只做作业或变相上课。也希望上级能督促学校把时间和内容安排好,真正自愿参加,不要变相增加负担。马上开学了,希望新学期课后服务能让孩子受益。"
21AE5FD43D962DBD52DC55FECCC4037026D0BCC300B3D8C8D1205B9C5A6031FB,"担心初中作业负担反弹,希望课后服务真正减负","领导您好,我家孩子在初中读书,不是毕业班。这个暑假学校有课后服务,我们让孩子参加了,目前看作业量还正常,孩子睡觉时间也比以前多。我们两口子都在上班,文化程度不高,辅导不了孩子。之前听说我们省有些初中学校作业特别多,孩子做到十一二点,还有各种考试,我们很担心开学后自己孩子也遇到这种情况。希望领导能督促学校继续严格执行作业时间规定,特别是初中书面作业不超过90分钟,课后服务时间尽量让孩子在校完成大部分作业,不要变成上课或补课,也不要额外布置太多作业带回家。另外希望课后服务内容能丰富一点,有体育活动或者兴趣小组,孩子也愿意参加。这样我们家长也能安心工作,孩子也能睡够觉。谢谢。"
DFE6A85DF2ED292C3B8985DE228A36487F3A22D3A87C9DDF4E70B1C59C44E145,关于确保初中生作业减负和课后服务效果的诉求,"我是一名初中生家长。孩子暑假期间作业量控制得比较好,也参加了学校提供的课后服务。但我和其他家长交流时,听说以前有些学校初中作业量大,孩子做到很晚,考试也频繁,心里很担心秋季开学后作业负担又会加重。我们家双职工,文化水平不高,辅导孩子功课确实吃力。希望教育部门能持续监督学校落实作业总量要求,督促学校认真组织课后服务,加强作业指导,让孩子尽量在学校完成大部分作业,回家后能早点休息,保证充足睡眠。这样我们家长也能更安心工作。谢谢。"
585B5B958E51FE710F889549D32F028D29915339CC918C91328C2BF75034D2E6,关于巩固初中作业减负和课后服务质量的建议,"各位领导好,我是一名初中生家长。孩子今年上初中,平时我们两口子都上班,文化程度也不高,辅导作业比较吃力。这个暑假孩子参加了学校的课后服务,目前作业量还算正常,没有超过规定时间。但是我们也听说以前有些学校作业布置很多,孩子写到很晚,心里很担心开学以后作业一下子多起来,又没人管。现在政策要求初中书面作业不超过90分钟,课后服务每天至少两小时,我们希望政府能真正管起来,特别是开学后到学校检查检查,看看作业是不是真的减下来了,课后服务是不是真的在辅导孩子做作业,而不是光看着孩子。我们家长能力有限,希望学校能把作业辅导做好,让孩子能早点睡觉,也减轻我们负担。谢谢领导。"
4333BCDB801FF366620D4982171016DF978205BD954FB9AF144A09B9F870800B,关于小学升学衔接年级书面作业超时问题的反映,"领导您好,我是一名小学升学衔接年级学生的家长,家住东北城镇。孩子就读公办学校,我们夫妻平时都要上班,文化水平不高,家庭经济条件一般。最近发现孩子每天完成学校布置的书面作业时间明显超过规定的一个小时,经常写到很晚,影响了睡眠和第二天精神。我们辅导起来也很吃力,孩子压力大,我们心里着急。现在政策要求学校统筹作业总量、加强校内指导,可实际情况还是没改善。希望领导能督促学校严格落实作业时长规定,减少机械重复作业,提高作业设计质量,给孩子留出睡眠和锻炼时间。另外,学校课后服务我们想自愿参加,希望政府能监督课后服务内容,别让它变成变相补课或增加作业负担,真正帮家长解决后顾之忧。谢谢。"
1C68D60FF61CC8D16F845CA672CFFD6AE9D7E61A91229DC1EBF921C191E1D917,关于孩子书面作业超时影响休息的诉求,"领导您好。我家住在东北一个镇里,孩子今年上小学升学衔接年级,在公办学校读书。这个月虽然是暑假,但孩子的书面作业时间还是超过了国家规定的一个小时。我们夫妻都是初中文化,白天上班,晚上回来还要陪着孩子写作业,经常写到很晚,孩子睡眠和活动时间都受影响。我们以前就听说同省有学校作业布置太多,家长都不会做,只能上网查,孩子没有休息和运动时间。现在国家要求学校统筹作业总量、加强校内指导,还要求完善课后服务,我们希望学校能真正落实,不要只停留在文件上。请领导帮忙督促学校合理布置假期和日常作业,开学后也能提供有质量的课后服务,让孩子在学校完成一部分作业,回家能早点休息,也能有点运动和放松的时间。谢谢领导关心。"
815A117BB73F1001D652B735B9EF332E3537D78E00513AE23EBCB931E3C8891D,"孩子暑假作业超时,盼落实减负和课后服务","领导您好,我是孩子家长。现在放暑假,孩子在家写作业,每天书面作业时间都超过一个小时,已经超出规定。我们两口子都在上班,文化也不高,有些题我们也不会,孩子自己磨到很晚,连玩和运动的时间都没有。国家一直要求给孩子减负,现在也有新政策让学校统筹作业量和课后服务,希望开学后学校能真正落实,别让孩子再被作业压得喘不过气。特别是我们这种普通家庭,没条件报辅导班,就靠学校老师多指导。希望领导能关注一下,督促学校把作业量控制在规定时间内,让孩子能睡够觉、有时间活动。另外,孩子现在正处在升学衔接阶段,本来就担心适应新年级压力大,如果作业再这么多,家长真不知道怎么办了。"
51FB9F05B9F73B3691DD3AF4517F088CB6AABE7C899B138099AEF568F2272EEA,关于减轻小学生作业负担和保障课后服务的求助,"尊敬的领导: 我是本地一名小学生家长,孩子正处在升学衔接年级。本月发现孩子的书面作业情况不够理想,超出了规定时长,虽然具体原因还不清楚,但作为家长实在担心开学后作业会更重。我和爱人文化程度不高,辅导作业很吃力,家里经济条件一般,也没能力给孩子报班补课。听说现在要求学校统筹作业总量、加强校内指导,还要完善课后服务,但不知道能不能真正落实。希望领导能重视这个问题,督促学校严格执行作业时长规定,控制好书面作业总量,同时把课后服务做扎实,让孩子在学校就能完成大部分作业,回家能有点休息和运动的时间,保证充足睡眠。恳请领导协调相关部门核查指导,帮我们减轻负担。谢谢领导!"
B97E2AC47A3A17E033168DACF5DEE7973F8A06C4376EA95256DBF4300B0DA90C,关于提升小学升学衔接年级课后服务质量的建议,"我家孩子在城镇公办小学就读,正处于升学衔接年级。我们夫妻文化程度不高,平时工作也忙,辅导孩子学习很吃力。家里经济条件一般,校外学科培训减少后,我们也负担不起额外补课。现在孩子每天参加学校课后服务,但作为家长,我们担心课后服务内容比较单一,可能更多是看管,缺少针对性的作业辅导和学习方法指导,尤其对升学衔接阶段的孩子帮助有限。希望领导能督促学校丰富课后服务内容,加强对升学衔接年级学生的学业支持,比如增加作业答疑、学习方法培养和适应初中学习的小活动。同时,恳请政府保障课后服务师资和经费,让我们这样普通家庭的孩子在学校也能得到实实在在的帮助,不因家庭条件而掉队。"
E14B5593FE2E32FFA22DF534720EC2252936A4CAFAC5B78577A3493E461BAA3D,关于升学衔接年级作业减负和课后服务落实的建议,"领导您好,我是一名城镇公办小学学生家长,孩子正处在升学衔接年级。临近春季开学,我们家长很担心孩子的作业负担问题。虽然目前政策规定书面作业平均完成时间不超过60分钟,但作为升学衔接年级,我们怕学校开学后为了赶进度又增加作业量。我们家庭经济条件一般,夫妻双方都上班,文化程度也不高,辅导孩子作业确实吃力。之前也听说过有的学校作业太多,孩子写到很晚,连运动休息的时间都没有。希望领导能重视这个问题,督促学校严格落实作业减负要求,优化作业设计,不要布置需要家长大量参与的作业,尽量让孩子在校内完成作业。另外,孩子现在参加学校课后服务,希望课后服务能真正起到辅导作业、发展兴趣的作用,而不是变成集体上课或补课,让孩子课后能有一些运动和自由活动时间,健康成长。"
124441E0E18199CE8734127F4F993E0752BBCDF0A874102FBD9AA115FBFE59D3,"课后服务应真正减负,别让孩子在校内也失去活动时间","领导好,我家孩子上小学六年级,在公办学校读书。家里条件一般,我和孩子爸爸都上班,文化程度不高,辅导作业很吃力。现在学校作业量看着比政策要求少了,孩子这学期也参加了课后服务,每天在学校时间挺长。但我们担心课后服务只是把孩子圈在教室里写作业或看管,没有安排足够的体育活动和兴趣活动,孩子回家后还是没时间运动,眼睛也累。政策说课后服务要内容多样,我们希望学校能落实,别让课后服务变成变相补课,让孩子在完成作业后能跑跑跳跳、参加点兴趣小组。同时希望作业量能一直控制住,别开学一阵子又加码。我们家长能力有限,就盼着学校把孩子管好教好,让孩子能健康成长。"
4426AF17F7C8DE1381C3ADB05F89646678DB3760378EEF4B2FE8D52C78A7B805,关于优化小学升学衔接年级课后服务与作业统筹的建议,"领导您好。我的孩子正在上小学,处在升学衔接年级。我们两口子文化程度不高,白天都要上班,辅导作业确实吃力。这个月孩子参加了学校的课后服务,我们原本以为能解决一些作业辅导问题,但心里还是不踏实。政策要求学校统筹作业总量、提高课后服务质量,我们担心课后服务只是看着孩子写作业,或者变成集体补课,孩子回家后还是要写很久,运动和休息时间不够。开学以后,如果作业又加码,像我们这样的家庭很难应对。希望领导能督促学校把课后服务真正用起来,加强校内作业指导,公开作业安排和课后服务内容,让孩子在学校尽量完成书面作业,回家能有点活动时间。"
25070FA01266D4F1487AD263923D98D3081317BF49676BAEE9EEAE5E5EDE30F5,关于暑期课后服务加强作业指导和学业衔接的建议,"领导好。我家孩子上小学,马上要升入新的年级。我们两口子都上班,家里经济条件一般,孩子以前没上过校外补习班。现在学校提供课后服务,我们自愿参加了,每天时间能接上,解决了我们看护的大难题。但暑假期间,我们更担心孩子没人管学习,特别是衔接年级,基础打不牢后面吃力。听说政策要求课后服务内容多样、加强作业指导,我们想请领导关注一下实际落实情况,督促学校在课后服务里多安排些有针对性的阅读、作业辅导和衔接内容,别只是看孩子。像我们这样家长文化不高、没条件辅导的家庭,特别需要学校多帮一把。谢谢。"
573705C5BA56D7838E01B3490E58F46C332F7665B9155ADC154BAA14B8719B33,请关注课后服务内容与作业负担问题,"领导您好,我是一名小学生家长,孩子正处于升学衔接年级。我们夫妻都上班,孩子这个月参加了学校课后服务,确实解决了接送的难题。但看到身边有学校以前出现过作业过多、孩子晚上没时间运动和休息的情况,我们担心开学后作业量反弹,也担心课后服务变成变相补课或只是看管写作业。希望领导能督促学校严格落实作业时长规定,丰富课后服务的体育和兴趣活动,让孩子在学校既有人照看,也能真正得到放松和全面发展。"
E5FCB672047DF54B46729FC3738B7AEAEBD83FA8B60C65C8A9B3BDCB0F64176A,关于提升小学衔接年级课后服务作业辅导质量的建议,"我家孩子即将升入衔接年级,我们夫妻都上班,文化程度不高,以前也没给孩子报过学科培训班。现在暑假孩子参加了学校课后服务,我们很珍惜,但也担心开学后的学习。政策要求减少作业、规范校外培训,我们支持,可自身辅导能力实在有限。希望领导能督促学校把课后服务做得更实在,增加作业辅导和答疑,让老师多帮孩子解决学习困难,而不是单纯看管。同时,目前作业时间虽然不长,但担心升入高年级后会反弹,恳请持续关注作业总量,让孩子放学后能保留一点休息和运动时间。孩子一直睡眠充足,我们不想因为学习压力把这个好习惯丢掉。"
53E734EFDE5EBC9E4217294718D571D53CF8D38AB8D753183089AC1140234D60,关于衔接年级开学后作业负担和课后服务的担忧,"领导您好。我家孩子今年升入衔接年级,在公办小学就读,家庭经济条件一般,我和孩子妈妈工作都比较忙,文化水平也不高,辅导作业很吃力。这个暑假孩子参加了学校课后服务,目前作业量还能接受,但我们很担心开学后作业量会反弹,特别孩子升入衔接年级,学业要求可能提高。孩子放学后如果还要写很多作业,晚上就没有运动和休息时间,我们看着也着急。希望领导能重视一下,督促学校严格落实作业总量控制,让课后服务真正把作业辅导好,别让孩子把负担都带回家。谢谢领导。"
871B80E63FC591D21F6A14C310132CEC799D1EB19DEA8D524BA1B9BDCE82862D,关于假期孩子学业衔接和课后服务的请求,"我们是双职工家庭,两口子文化程度不高,家里经济条件也一般。孩子这个暑假后就要升入新学段,本来想给他找点辅导,但现在外面学科类培训班少了很多,我们自己也辅导不了,心里很着急。这个月孩子虽然参加了学校的课后服务,但感觉主要还是看护和活动,对新学段的知识衔接、学习习惯培养帮助有限。马上要开学了,孩子能不能跟得上,我们心里没底。希望领导能多关注我们这类普通家庭,让学校在课后服务或假期托管里增加一些针对升学衔接的作业辅导、学习方法指导和心理适应活动,最好能持续到开学后,让孩子平稳过渡,也让我们家长能安心工作。"
185172D161CCD80A3925FB5669013909700DD83EBB7BFBDF9CFE5EF804B85E93,关于提升小学课后服务作业指导效果的建议,"领导好。我是一名普通小学生家长,孩子马上要升入衔接年级,我们两口子都在上班,文化水平也不高,辅导作业很吃力。现在学校有课后服务,孩子这个月也参加了,但我们担心课后服务只是让孩子坐在教室里,老师没有真正辅导作业。身边以前有家长反映孩子作业太多太难,大人要上网查,孩子写到很晚,没有活动时间。我们家庭条件一般,以前也没上过学科培训班,现在校外培训少了,更希望学校能把课后服务做好,督促老师在学校把作业辅导完,别让作业带回家让家长干着急。虽然现在说书面作业有时间限制,但暑假作业少,开学后又要面临升学衔接,我们担心作业量又上来。希望领导能重视课后服务质量,让孩子回家能有一点运动和休息的时间。"
CABAD84DD2AC8102433ED8EE4CE96C3AAEEB8561BF4BAE7949A8FF144FAFCC4D,关于课后服务与作业管理的担忧和建议,"领导好,我是本地一名小学生家长,孩子开学后进入衔接年级。暑假孩子参加了学校的课后服务,每天时间不短,我们双职工家庭确实很需要。目前孩子的书面作业量还在规定范围内,但我心里不踏实。以前听说同省有的学校班级作业布置得太多了,孩子写得很晚,有的题书本上找不到答案,家长还要上网查,孩子晚上基本没有运动和休息的时间。我就怕开学后作业又多起来,课后服务如果只是看管不辅导,那回家还得写到很晚。希望领导能督促学校把课后服务时间真正用好,多让孩子在校内完成作业和答疑,确保书面作业总量不突破规定,让孩子回家后能有点活动时间,别让减负要求在衔接年级又走了样。"
CEA0EB6308DF0D1E8C9A494A9623939DD75BBD8E753A7B16E79563ADEA1ACCD2,关于小学升学衔接年级作业与课后服务支持的诉求,"我是东北城镇一名小学生家长,孩子秋季将升入衔接年级。家里经济条件一般,我们两口子都要上班,文化程度不高,辅导功课比较吃力。这个月孩子在学校参加课后服务,作业也符合规定,但我们仍然担心开学后学习任务加重,作业量不好控制,课后服务能不能真正帮孩子解决作业问题也不清楚。以前听说同省有学校出现过作业太多、写到很晚的情况,有些题家长都看不懂。我们害怕同样的问题落到自己孩子身上。希望政府新学期能重点督促学校把作业总量和课后服务抓实,对家长辅导能力有限的家庭多提供校内指导,让减负真正落地。"
FE0DF52F6F1B577F1CF2C580745E48D654E78AAB195C93AB82C8D258BBABA18A,关于课后服务加强作业辅导的诉求,"领导好,我是一名小学生家长,孩子开学后升入衔接年级。我们夫妻都上班,文化程度不高,家里经济条件一般,辅导孩子学习很吃力。这个暑假孩子参加了学校课后服务,我们感到一些安心,但开学后作业量、课后服务内容会不会变化,我们心里没底。现在校外学科培训少了,我们也没条件另外找辅导,学校课后服务的作业辅导和答疑对我们特别重要。恳请领导关注学校课后服务落实,督促学校利用好这段时间,帮助孩子在校内完成书面作业、解决学习困难,同时继续按规范控制作业总量,让孩子回家后能早点休息。我们不想让孩子掉队,希望学校能多承担一些。"
88D96DBB86874AB0B4D0F096F340D671DF3BBB83BC9FCB12E2A0DBCBAB0706F1,希望加强课后服务作业指导减轻家长辅导负担,"领导好,我是孩子家长,孩子现在上小学,马上要升入新的年级,家里我俩都在上班,文化水平也不高,经济上没给孩子报过学科培训班。目前孩子在学校参加课后服务,但心里很不踏实。听说同省有些学校课后作业量还是很大,有些题家长看都看不懂,得用手机查,孩子写完很晚,没有休息活动时间。我们家辅导能力有限,很怕开学后这种情况也落到我们头上。希望领导重视课后服务的实际质量,让老师在校内多指导孩子完成作业,别把批改和讲解压力都推给家长。同时请继续抓好作业总量和时长管理,尤其是升学衔接年级,给孩子留点运动和睡觉的时间。谢谢。"
A23D5AC2093182E63C04CFA7137E635E1CF6D60F6918AB08E0F8D73C7282DA83,希望关注小学升学衔接阶段作业与课后服务问题,"领导好,我是东北某城镇的一名小学生家长。孩子现在处在小学升初中的衔接年级,学校是公办普通小学。我们家庭条件一般,我和爱人都上班,平时辅导孩子的时间有限。今年暑假孩子参加了学校的课后服务,感觉学校在组织上还是用了心的,但我也有些担心开学以后的情况。 按照要求,小学书面作业平均完成时间不应超过60分钟,现在孩子暑假作业量还算合适,但一开学特别是毕业班,老师可能会加码。我们这边以前就有家长反映,有的班级作业太多,孩子写到很晚,连运动休息的时间都没有。我们孩子睡眠一直还不错,我们也希望他能考上本科,但不希望靠牺牲身体和休息来换分数。 现在学科类培训班少了很多,我们原来也没上过,主要靠学校。如果学校课后服务能真正把作业辅导和体育活动安排好,我们家长也能安心工作。所以想请领导关注一下,开学后学校是否能严格执行作业时间规定,避免升学衔接年级作业负担反弹;课后服务能不能保证自愿参加、内容多样,让孩子在校内把作业基本完成,还能有时间活动一下,而不是变成变相补课或只看管。我们家长文化程度不高,辅导不了太难的题,更希望学校老师多指导。 以上是家长的一点心里话,谢谢。"
81BDBBC71044051C18B7B232BFEE969C05A76CDEF9A1556396743FB36FA261F3,请关注升学衔接年级作业负担与课后服务指导,"领导您好,我家孩子是小学升学衔接年级的学生,家在东北城镇。我们夫妻都在工作,文化程度不高,辅导作业很吃力。孩子目前暑假作业量符合规定,也参加了学校课后服务,但我们担心开学后作业负担反弹,特别是升学衔接阶段,学校可能为了抓成绩增加作业量和难度。我们担心新学期作业会变多、变难,超出我们家长能辅导的范围。希望领导能重视,督促学校严格落实作业管理规定,合理控制作业总量和难度,用好课后服务时间,老师能多指导孩子完成作业,减少家庭辅导压力,让孩子能有时间运动和休息。"
822F5F173EBFCD43F50DC7F32B7BF71560BD5E2D637D3693BE13A8B48D9DCFC0,关于规范小学暑假作业量保障孩子休息的诉求,"领导您好,我是东部城镇一名小学生家长。孩子现在上小学,家里经济条件一般,我文化程度不高,辅导作业比较吃力。这个月是暑假,但孩子书面作业的完成情况与规定的小学作业时长要求不符,我们很担心作业负担偏重,孩子每天花在书面作业上的时间可能超过一小时,影响睡眠和休息。孩子平时睡眠时间一直比较充足,我们不希望因为作业问题打乱作息。同时,学校不是公办,我们更希望相关部门能督促各类学校都严格落实作业管理要求,开学后也能加强校内作业指导,不要把所有作业压力都推给家长。另外,听说现在课后服务要完善,我们希望能有自愿参加、时间合适的课后服务,最好能让孩子在学校完成大部分作业,减轻我们的辅导压力。家里同住人多,但能辅导学习的人少,时间安排上虽然有人在家,但知识水平有限。请领导关注我们这类家庭,督促学校把作业总量和时间控制住,让孩子能健康快乐成长。谢谢。"
FD934E1AE3E2FC405C06A4C94D6B041DB84D983D7E9A5BCD871E97725E108CB7,"孩子作业超时,希望落实减负规定","领导您好,我家孩子在上小学,家里条件一般,我们大人文化程度不高,辅导不了作业。这个月孩子的书面作业时间有超过规定一个小时的情况,写得很吃力,孩子累,我们也着急。听说现在有政策要求学校统筹作业量、加强校内指导,还有课后服务,但我们这边还没感受到变化。我们担心学校继续把作业压到家里,也担心课后服务变成变相补课。希望领导能督促学校严格执行作业时间规定,让孩子能早点休息,给我们普通家庭减轻点负担。"
3BD8690152F1A90C029401020CCB62DAD8EA3B49A2ADA781E362B9881F2CD91D,关于孩子书面作业超时影响休息的求助,"领导好,我是一名小学生家长,家在东部城镇。孩子不是毕业班,但最近一个月书面作业经常超过一个小时,有时写到很晚,睡眠时间明显减少。我们家庭条件一般,文化程度也不高,只希望孩子能按时休息、健康成长。听说现在有政策要求学校统筹作业总量和设计质量,还要加强校内作业指导,但不知道学校落实得怎么样。我们也希望学校课后服务能真正帮孩子在校完成一部分作业,减轻回家负担。恳请领导关注,督促学校按规范布置作业,别让书面作业挤占孩子的睡眠和自由时间。"
58750ED78232CA1D5F464E732018D0790AC7B9D94A0F9A93F4933121D67109B3,关于小学书面作业超时问题的诉求,"领导您好,我是城镇一名小学生的家长,孩子目前不是毕业年级。我们家庭经济条件一般,家长文化程度不高,辅导作业很吃力。最近了解到孩子这个月的书面作业情况不符合规定的一小时时长上限,我们非常担心这样下去会影响孩子的睡眠和休息,也加重了家庭负担。希望有关部门能督促学校严格落实作业管理要求,统筹控制书面作业总量,加强校内作业指导,同时完善课后服务,让孩子尽量在学校完成作业,减轻家长压力。谢谢。"
3BB8CC68D3B9CBB2BA4A0FD5A9153F30BA31E2CDBAB28A0F0C822521C8EFE366,关于减轻小学生作业负担、提高课后服务作业辅导的建议,"您好,我是一名小学生家长。这段时间我家孩子每天写书面作业的时间经常超过一个小时,超过规定的作业时间限制。我们家庭经济条件一般,家长文化程度不高,辅导孩子作业比较吃力。孩子每天参加了学校的课后服务,但回家后还是要花不少时间写作业,担心长期这样会影响孩子的休息和身体。希望有关部门能督促学校抓好作业管理,同时在课后服务时段多安排老师进行作业辅导,让孩子尽量在校内完成大部分书面作业,减轻家长负担,保证孩子有充足睡眠。谢谢!"
B90C4E85397E109ECAA11685EAEC93795BC998A527ED49710DE611C7A9072CEC,关于减轻作业负担、提高课后服务实效的诉求,"领导好。我是小学生家长,孩子这学期参加了学校课后服务。按照政策,书面作业平均完成时间不应超过60分钟,但孩子最近作业完成时间经常超过这个标准,有时写到很晚,影响睡眠和第二天学习。我们家经济条件一般,家长文化程度不高,辅导作业有困难,原指望课后服务能让孩子在学校把作业做完,但感觉效果不理想,回家作业还是不少。希望相关部门督促学校真正落实作业总量统筹,在课后服务时间里加强作业指导,减少不必要的书面任务,保障孩子休息和自主学习时间,不要让孩子回家后继续为作业发愁。谢谢。"
C0C7C53005E9AB6D9ADEE5513D7BE8153240BEDF913B7334919A755A9370CA6B,关于小学课后服务和作业负担的诉求,"领导您好,我家孩子在城镇上一所非公办小学,目前参加了学校课后服务。我们家庭经济条件一般,我和孩子妈妈文化程度不高,也没给孩子报过校外补习班。这学期发现孩子书面作业量有时还是把控不好,达不到规定的时间要求,回家还要写到比较晚。我们担心长期这样影响孩子睡眠和休息。课后服务虽然每天都提供,但希望不要只是看管,能真正加强作业指导,让孩子在学校尽量完成作业。以前也听说过有些学校补课挤占周末、孩子压力大的情况,我们怕课后服务也变成变相增加负担。恳请领导督促学校严格落实作业时长规定,统筹作业总量,提高课后服务质量,让孩子回家能轻松一点,我们家长也能少些焦虑。"
AE6635412E81DCCC537309C06A674B28A5AB45127DEA238DA2E5061F6D46D619,"孩子参加课后服务但作业仍偏重,盼领导督促规范","领导您好。我家孩子上小学,新学期参加了学校课后服务。可是这个月孩子的书面作业情况还是不符合规定的时长要求。我文化程度不高,家里经济条件也一般,辅导孩子作业很吃力。本来希望课后服务能帮孩子在校内完成作业,减轻家里负担,但实际感受是作业问题没有明显改善。也担心课后服务时间被用来赶进度或变相上课,孩子回家后还要继续写作业,休息时间不够。希望领导能督促学校真正落实作业总量控制,提高课后服务的作业辅导质量,让孩子能在学校完成大部分作业,回家能轻松一点。谢谢。"
9D53215CB52CC08DD9EBDAD9A2ACDF8C8311E822582136659FF759CC5F13D516,关于小学生暑假书面作业负担与课后服务衔接的诉求,"我家孩子上小学,这个暑假参加了学校的课后服务。最近发现孩子的书面作业情况好像不太符合规定时长,我们家长文化水平不高,看着孩子晚上还在写作业,担心影响休息。听说学校课后服务每天有两个小时,但感觉没有充分用来指导孩子完成作业,回到家还是要写很久。家里经济条件一般,也没给孩子报学科培训班,就希望学校能把作业量控制在规定范围内,并且让课后服务真正帮助孩子完成作业,减轻我们家长的辅导压力。请领导帮忙关注一下,督促学校合理安排暑假作业和课后服务内容,谢谢。"
84421DDFDCCAF9B252FCB16DF977EE7D6CFEADBB1C694ED699EF1CC36C179342,关于课后服务加强作业指导并落实作业时长规定的请求,"领导您好。我是小学家长,孩子这个月参加了学校的课后服务,但书面作业情况仍不符合当前年级的时长规范,我有些担心。我们家里经济条件一般,家长文化程度也不高,辅导孩子做作业很吃力,之前也没上过学科类辅导班,现在校外学科培训也少了,更希望学校能多帮忙。恳请教育部门督促学校严格落实书面作业总量和时长的要求,在课后服务时间里安排老师加强作业指导,让孩子尽量在学校完成大部分书面作业,回家后书面作业不超过60分钟,这样孩子也能有充足睡眠和自主学习的时间。谢谢!"
FB633A4AF84CF62529EA41C488889E6E1191A617746A5AECA387D97783E2B6E0,关于控制小学生暑假作业量和规范课后服务的请求,"领导好,我是一名小学生的家长。孩子暑假在家,学校布置的书面作业感觉偏多,每天要花不少时间才能完成,明显超过了规定的时长。我们家里条件一般,我文化程度也不高,辅导作业很吃力。孩子平时睡眠不错,现在有时为赶作业要晚睡。这个月孩子还参加了学校的课后服务,每天时间挺长,我担心里面会不会变成变相补课或者继续布置作业,这样孩子休息和自主学习的时间就更少了。希望上级能督促学校严格按规范控制书面作业总量,课后服务多安排一些文体活动或自主阅读,别让孩子压力太大。家里孩子多,实在有些顾不过来,请领导帮忙协调。谢谢。"
A7783400BFC35F310C73140AB5BA1CEB32F3CD189FE6F2963522DA16F501864B,关于小学生作业负担与课后服务问题的反映,"领导您好,我是一名小学生家长。孩子现在上小学,这个暑假参加了学校的课后服务。最近发现孩子的书面作业情况没有达到规定的时长要求,我们担心作业负担可能还是偏重。我们家经济条件一般,家长文化程度不高,辅导作业有困难,所以很希望学校能在课后服务里真正指导孩子完成作业,而不是简单看管。现在课外培训班少了,我们也没能力报班,只能依靠学校。希望有关部门能督促学校严格落实作业统筹,控制书面作业总量,在课后服务中加强作业指导,让孩子尽量在校内完成作业,减轻我们家长的负担。谢谢领导关注。"
39FAA77793D017712C22F3EE2BA1A136F257772D2CED9EC9FAEC2BE544CB0E80,关于规范小学书面作业时长并提升课后服务质量的诉求,"领导您好,我是一名小学生家长。这个月孩子书面作业完成时间不符合教育部门规定的小学不超过60分钟的要求,我们家里条件一般,文化水平有限,辅导作业很吃力,之前也没让孩子上过校外培训班。现在孩子参加了学校课后服务,但作业负担问题还是没有解决,我们担心孩子学习压力大,也担心孩子因为没有额外补课而落后。希望领导能督促学校严格执行作业管理规定,控制书面作业总量和时长,并利用课后服务时间加强作业辅导,帮助孩子在校内完成作业,减轻我们家长的负担。"
71A98C7C2CAD032743A8F87833F3DBB6BD12F4763847AFDCCB7C1C435239C2B5,"希望控制小学书面作业时间,保障孩子休息","领导好。我家孩子上小学,这个月参加了学校课后服务。我们注意到孩子书面作业的用时不符合规定的小学阶段不超过60分钟的要求,担心作业负担偏重。孩子睡眠时间以前比较充足,现在怕长期这样影响身体和学习兴趣。我们家庭经济条件一般,家长文化程度不高,辅导作业也有困难。课后服务虽然参加了,但回家后还是要花不少时间写作业。希望相关部门能督促学校严格落实作业时长规定,统筹书面作业总量,并利用课后服务时间加强作业指导,让孩子能早点休息。"
5E628C31872470EDAA24112BEF322EFD093D74AE3712A5549E52C2E4E4898225,关于小学课后服务与作业负担的求助,"我家孩子正在上小学,家里条件一般,大人文化不高,辅导作业很吃力。这个月学校有课后服务,孩子也参加了,可书面作业完成时间还是不符合规定的一个小时以内。我们担心开学后仍然这样,孩子在学校待了一整天,回家还要写很久作业,休息和自主学习时间变少。以前也见过有的地方课后服务变成变相补课,孩子压力更大。希望领导能督促学校严格落实作业总量控制,加强校内作业指导,把课后服务时间真正用来答疑和开展兴趣活动,不要额外增加负担。谢谢!"
D8E012258059127196817A5B8A0723320625F5417CA8F9FA7E0AAFF2D995FF4F,关于规范课后服务与作业管理保障孩子休息的诉求,"领导您好,我是孩子家长,孩子上小学。最近发现孩子虽然参加了学校课后服务,但书面作业情况仍未达到规定时间要求。我们家庭经济一般,家长文化程度不高,辅导作业有困难。孩子原本睡眠时间较长,但现在担心作业负担重,晚上可能睡不好,周末也没有足够自主安排时间。希望领导能督促学校落实作业管理和课后服务规定,统筹好书面作业总量和时长,课后服务真正用来指导作业和开展素质活动,不要变成集体补课,让孩子能按时完成作业,有充足睡眠和自由活动时间。"
C5934A62911AC4ED74D1AC74484615D9E17BE36B7CF387C0F35098005F9085FF,请督促学校落实作业减负和课后服务,"我家孩子正在上小学,这个月孩子书面家庭作业完成时间明显超过了规定,我们家长很发愁。家里经济条件一般,大人文化程度也不高,辅导作业很吃力。孩子参加了学校课后服务,但作业还是带回家写到很晚,我们担心长期这样会影响孩子睡眠和身体。现在要求学校统筹作业总量、课后服务要指导作业,可我们感觉没有真正落实。希望政府能督促学校严格执行小学生书面家庭作业不超过60分钟的要求,让课后服务时间真正用来帮助孩子完成作业,别把压力都推给家长。孩子还小,需要充足的休息和运动,请领导关注我们普通家庭的困难。"
0D8E336D84BFDF12EEF3C3A4FC4EE9E7919ED3C3524A0CCF692D47C6C9E408A8,关于小学课后服务和作业负担的留言,"领导您好,我是一名小学生的家长,孩子现在读小学,这个月参加学校课后服务。本来以为课后服务能帮着把作业完成,减轻我们家长的负担,但孩子这个月的书面作业时间还是超出了规定的60分钟,回家还要写很久。我们家长文化水平不高,辅导作业很困难,家里人多但也没太多精力一直盯着。孩子每天在学校课后服务待两个小时,回家还要赶作业,我们担心这样会影响孩子休息,也怕课后服务没有真正用来辅导作业,反而成了变相增加负担。以前也听说过有学校强制补课、作业多得做不完的情况,我们很担心。希望领导能督促学校合理安排课后服务,把作业量控制住,让孩子能在学校完成大部分作业,真正减负。"
4820259606C840F28E2BBD0398AB3E86B00D6F3D1A529B915BBD4957897D88FB,恳请关注小学生作业负担和课后服务实效,"领导您好,我是一名小学生家长,家在城镇,家庭收入不高,我和家人文化程度有限。孩子这个月参加了学校课后服务,我们原本想着课后服务能辅导孩子写作业,减轻家里负担。但孩子每天回家后还要写不少书面作业,完成时间经常超过规定的一个小时,我们看着心疼又帮不上忙。现在外面学科培训班基本没有了,我们经济上也承受不起,孩子学习只能靠学校。希望领导能督促学校认真落实作业管理要求,提升课后服务的作业辅导质量,让孩子尽量在学校完成作业,保证休息时间,也减轻我们家长的焦虑和负担。"
55C9D749CE156B59AB36DFD5EDBB69A3A6700B0131337B296DD472A10DB3116D,关于小学生书面作业超时及课后服务效果的诉求,"我是东部城镇一名小学生的家长。孩子本月参加了学校的课后服务,但书面作业完成时间仍然超过了规定的一个小时上限。我们家庭经济条件一般,我和家人学历不高,辅导孩子作业很吃力,原本指望课后服务能帮孩子在学校完成作业、减轻负担,但现在看效果不理想。我们担心学校作业布置过多,或者课后服务只是看管没有真正进行作业指导。希望领导能关注一下,安排教育部门查一查学校作业布置和课后服务开展情况,督促学校严格按照规定控制书面作业量,利用课后服务时间加强作业指导,让孩子能有更多休息和自主学习的时间。谢谢。"
C45EDBA3F9C3818CA59707148609E7199F39070D5A9ED9534982E1309DA48131,关于新学期课后服务落实与作业统筹的建议,"领导好,我是一名小学生家长。孩子就读公办小学,不属于重点学校,我们夫妻都在上班,家里照看孩子的时间比较有限。以前孩子基本没上过学科类培训班,主要是跟着学校走。现在政策要求规范校外培训、加强课后服务,我们很期待,但也有些担心。暑假快结束了,新学期学校能不能把课后服务真正做起来?我们希望课后服务不只是把孩子集中看管,最好能有老师指导完成书面作业,再安排一些体育、阅读、兴趣活动。我们家长文化程度不高,辅导孩子作业越来越吃力,如果作业能在校内完成一部分,回家压力会小很多,孩子睡眠也能保证。同时希望学校严格按照规定控制书面作业总量,不要超过一小时,别让我们家长再额外加作业。课后服务要自愿参加、时间衔接好,师资和经费有保障,不要搞成变相补课或乱收费。请领导多关注我们这类普通公办小学的实际困难,督促学校把政策落实到位,让家长安心工作,孩子健康成长。"
91F2F6CD2D260A41CBF1926AF4358C1A063C0DF0FF906951ECF31D775512B654,开学后作业负担和课后服务落实的担忧,"领导您好,我是一位小学生的家长,孩子就读公办小学,暑假里作业量还算正常。但根据往年情况和其他家长的反映,很多学校开学后作业量会明显增加,尤其临近期末,孩子经常写到很晚,压力很大。我们夫妻俩都要上班,文化水平有限,辅导孩子作业很吃力。最近听说有新的规定要求学校统筹作业总量、加强课后服务,我们很支持,但担心开学后落实不到位。希望教育部门加强监督,多暗访,确保学校书面作业不超过规定时长,课后服务真正自愿参加、内容多样,减轻家长负担。孩子还小,睡眠时间长一点很重要,别让作业压力导致厌学情绪。"
A21436B60B641AE0704B533E8556970C682A4E78BE7623F52BBA6D2CC4AFB5EC,关于新学期作业负担和课后服务的担忧,"我家孩子在县城一所公办小学读书,不是毕业班。暑假以来书面作业量比较合适,孩子也能早睡。但我们两口子都在上班,文化程度不高,辅导作业很吃力,也不想给孩子报学科培训班。马上要开学了,我们最担心的是作业量又像以前有些学校那样猛增,孩子回家写到很晚。听说现在有要求学校统筹作业总量、加强校内指导,还有课后服务要自愿参加、时间衔接。我们真心希望新学期学校能严格执行,把书面作业控制在规定时间内,尽量让孩子在学校课后服务时就把作业做完,老师能当面辅导,而不是放学后再布置一堆作业带回家。也请领导多关注一下我们这里学校班级人数和老师负担,有些班级人数偏多,老师顾不过来,课后服务容易变成集体看管,质量没保证。我们家长愿意配合,但确实能力有限,希望政府能把课后服务的师资和经费保障到位,让我们这样的双职工家庭能安心工作,孩子也能睡够觉、学得扎实。"
84DED063D5B65BC2F09F165DEE06F91B065094593EA949000D396520A3C2BC55,关于开学后小学作业总量与课后服务监督的诉求,"领导好。我家孩子现在上小学,暑假期间书面作业不多,符合规定。但作为家长,我们心里没底:开学后学校能不能始终控制好书面作业总量?以前经常听说有的学校作业写到很晚,甚至一年级孩子也要写到十来点,我们很担心一到正式上学,作业又变多。现在政策要求学校统筹作业总量、提高设计质量,还要完善课后服务,我们非常支持。可学校具体怎么执行,我们家长看不到,也不知道课后服务内容是不是真的丰富、自愿。希望教育部门在开学后能多到学校暗访检查,重点看书面作业是不是不超过60分钟、课后服务有没有真正落实、有没有变相补课或额外负担。我们不是想给学校添麻烦,就是希望孩子能睡够觉,别因为作业和压力厌学。恳请领导重视,谢谢。"
4A4A8E3253BDAFDB7926706DC745A6DD1634BBDDD8BB39170473AC2065C405C1,关于课后服务与校外培训衔接的诉求,"孩子上小学,不是毕业班,现在每天参加学校课后服务,家里也还报着校外学科补习。最近明显感觉能选的补习班少了,虽然费用降了一些,但心里不踏实,怕以后补习班说停就停,孩子学习断档。我们两口子文化程度不高,都上班,家里条件还可以,就想让孩子将来能考上本科。课后服务现在帮我们解决了接送和看管问题,但我们更希望学校能在课后服务里多安排一些作业辅导和基础知识巩固,让孩子尽量少依赖校外培训。希望领导重视课后服务的内容质量,不要只满足于看管;同时也请继续规范培训市场,保障合规机构稳定经营,让家长有稳定选择。"
25EE6B1F676A0996368C05778F2386900D991612205BFE030EF5520CADD941CF,"课后服务与校外培训叠加,孩子负担让人忧","孩子上小学,最近参加了学校课后服务,同时家里也还在给孩子报学科类校外培训。虽然现在培训收费比之前降了,但孩子每天在校和校外学习的时间加起来很长,我们担心影响睡眠和自由活动。我们这边有家长以前反映过学校作业多到孩子写到很晚,怕现在课后服务如果变成变相补课,孩子压力会更大。我们文化水平不高,但希望孩子能健康长大,将来考个好大学。请领导关注课后服务的实际内容,别让它流于形式,也希望能规范校外培训,让我们家长能放心减少校外培训,真正减轻孩子的负担。"
80DE20F4F12E0A91FC2C7E9D5FF695D7730F3981626C89C0F7182BBBAB403E43,"希望加强课后服务内容监管,防止变相增加作业负担","孩子现在上小学,这个月书面作业时间看起来是符合规定的,也参加了学校的课后服务。作为双职工家庭,我们本来对课后服务抱很大期望,希望它能在校内把作业辅导好,让孩子回家能轻松一点。但看到过去同省一些学校出现过作业写到很晚、班额过大、老师因作业问题批评孩子的情况,我们心里还是不踏实。课后服务每天两个小时,最担心的是学校把它变成统一上课或额外布置书面作业,那样孩子回家还是要写到很晚,或者服务内容单一,只是坐着看管,没有真正的作业指导和兴趣活动。我们家长期望不高,就是希望孩子在学校把作业问题解决好,回家能保证睡眠,同时课后服务能自愿参加、内容多样,不要和校外培训变相挂钩。希望教育部门能多到学校暗访,重点看课后服务时间有没有被用来集体补课、增加作业,也关注一下班额和作业设计质量,让政策真正落地,减轻家长和孩子的压力。"
9DEBAF39978AC01B86D1FD2A0FA255A6E25B2EA8FE957777018F7F933C0DAD39,关于新学期小学作业与课后服务减负的担忧和建议,"领导您好。我是中部地区一名小学生的家长。孩子目前在本地上公办小学,我们夫妻都在上班,文化程度不高,辅导作业比较吃力。这个月孩子作业量看着还在规定范围内,也参加了学校的课后服务,但我们还是担心春季开学后作业会多起来。我们省以前就有家长反映作业写到很晚、班级人数多的情况,怕学校落实不到位。希望政府能持续加强对学校作业总量和课后服务质量的监督,让孩子尽量在学校完成书面作业,减轻家庭辅导压力,也让我们家长放心。"
9DC4DF00ACC5C489987CFC74D47348A4CAB6CC1CE470A6E166C30DB0770651A0,关于提升学校课后服务质量的建议,"我是一名小学生家长,孩子目前在公办小学就读,我们夫妻都上班,文化程度也不高,辅导孩子功课有些吃力。现在校外学科培训不好找了,孩子每天参加学校的课后服务,但我们担心课后服务只是看管孩子,缺乏有效的作业辅导和兴趣培养。虽然学校说每天提供两小时以上,但质量怎么样我们心里没底。希望领导能督促学校把课后服务做实,安排老师认真指导孩子完成作业,多开展一些文体、阅读活动,让孩子在学校既能学好又能玩好,解决我们家长的后顾之忧。"
511D077C840EBF754EA19B9F93F918C831CA0A289D2A8AE5E5B13F9B2EAAD7B5,希望加强暑期课后服务质量并防止开学后作业负担反弹,"我是一名小学生家长,家里两口子都要上班,暑假白天没人看孩子,就让孩子参加了学校的课后服务。现在政策要求学校把课后服务办好,我们很赞成,但也担心服务只是简单看管,没有开展一些有益的活动,或者没有老师认真辅导。我们文化程度不高,很多功课辅导不了,就盼着学校课后服务能实实在在帮到孩子。另外,以前总听说有的学校作业留得太多,孩子写到很晚才睡,虽然现在我孩子作业量符合规定,可马上要开学了,心里还是有点不踏实,怕作业负担又反弹回去。希望教育部门能多到学校暗访检查,既要保证课后服务内容丰富、不流于形式,也要盯紧开学后的作业总量,别让好政策打了折扣。"
6E3D25745097A74502484EFFB8219EA1A379AE592FCB55533475AF4A445A9E61,"课后服务不能流于形式,盼加强普通学校师资保障","领导好。我家孩子上小学,最近书面作业量确实符合规定,作为家长我们支持减负,也停掉了学科培训班。但课后服务这块我有点不放心。我们这边不是重点学校,我担心班级人数偏多、老师日常教学负担很重。现在课后服务每天两个小时,我害怕因为师资不够,会变成单纯看管,孩子只是耗时间,没有真正获得作业辅导或兴趣拓展。长期这样,作业虽然少了,但学习质量可能下降,老师也会更累,政策效果难持续。希望领导重视普通公办小学的课后服务质量,配足师资和经费,丰富服务内容,同时继续加强对作业负担的暗访监督,防止问题反弹,让我们普通家庭的孩子真正受益。"
3F3316593253CC7D9BB831E5DA43888BAAD6867C90AE3E2D569864C27480C38C,关于保障小学生课后服务质量与作业统筹的诉求,"领导您好。我是一名小学生家长,孩子目前就读公办小学,不属于毕业年级。按照现行要求,学校应当统筹书面作业总量并加强课后服务,孩子这个月也参加了学校课后服务,书面作业情况符合规定。但我们还是有些担心:一方面怕秋季开学后作业负担重新反弹,毕竟以前类似情况并不少见;另一方面,我们已经停止参加校外学科类培训,家里经济条件尚可但大人文化水平有限,辅导功课比较吃力,希望课后服务能提供更实在的学业支持和兴趣活动,而不是简单看管。恳请教育部门加强对学校作业管理和课后服务质量的监督检查,多到基层了解实际情况,确保减负政策落实到位,让孩子既能学好又不至于压力过大。谢谢。"
05E04AEA639E356A5051925F5128821147FAB8D51A03F55DA12B4946AAFF99A4,关于提升暑期校内托管服务质量的建议,"领导好。我们是双职工家庭,孩子上小学,暑假期间参加了学校组织的课后服务(暑期托管)。我们夫妻文化水平不高,辅导孩子功课比较吃力,孩子也已经停止参加校外学科培训。虽然学校布置的暑假书面作业符合时长要求,但我们担心校内托管可能以看护照看为主,缺少有针对性的作业讲解和兴趣培养。希望领导关注暑期校内托管的内容质量,协调学校在现有时间安排基础上,增加作业辅导、阅读指导、体育艺术等活动,或引入专业力量参与,解决我们双职工家庭假期照护和辅导的难题,让孩子开学后能顺利跟上。"
CE804430257E164E011BEE361A55713B00067E4A5260C690716A0E68D6900B67,希望课后服务不要变相补课增加孩子负担,"领导好,我是一名小学生家长。我们这边以前有学校作业留得多,孩子经常写到很晚,现在作业量明显控制住了,我们很高兴。我家孩子这个月参加了学校的课后服务,每天两个多小时。我文化水平不高,但希望孩子能全面发展。我担心课后服务如果只是把学生圈在教室里写题、讲卷子,或者变相要求都参加,孩子在学校待得更久,回家还是累,压力还是大。希望教育部门多下来看看,督促学校把课后服务真正做成自愿参加、内容多样的活动,比如体育、阅读、手工这些,不要变成变相补课,也不要额外增加作业。这样我们家长才能放心。"
1CB624FA0B55D0F250077F81454390BB449B2633B1E8C0FB79D3B35E86B9A94A,担心暑假学校课后服务变成加作业补课,"领导好,我是一名小学生家长。孩子今年暑假参加了学校的课后服务,因为我和爱人都要上班,家里没人看,学校能管起来确实帮了大忙。现在外面的学科培训班我们也不上了,但心里有点不踏实。课后服务每天时间不短,就怕老师只是让孩子坐着写作业或者上课,回家还是累,暑假也休息不好。以前看到过同省有家长反映作业多、写到很晚,我们也很担心。希望领导能督促学校把课后服务安排好,多一些阅读、活动和体育锻炼,别变相补课、加作业,同时继续按规矩控制书面作业时间,让孩子暑假轻松一点。谢谢。"
8FEDBFD649E598468C1150865B51BD7D3ECC2A43B7E6CD76BE1914B567F3CAEE,关于加强学校课后服务和作业监管的诉求,"领导好。我家孩子上小学,我们夫妻都在上班,文化程度不高,辅导孩子学习比较吃力。这个暑假孩子参加了学校的课后服务,解决了我们看护的困难,但我们不太清楚每天这两个小时里究竟安排了什么内容,也担心只是简单看管,孩子得不到有效的学习指导和习惯培养。我们家庭条件还可以,但更希望孩子在学校里能有老师带着完成作业、答疑解惑,而不是回家后我们干着急。同时,马上要开学了,我们很怕作业量又反弹,孩子写到很晚。希望教育部门能加强对学校课后服务内容、师资和经费的监督指导,让课后服务真正成为双职工家庭的依靠;也请继续关注学校作业总量,多暗访、多检查,别让好政策停留在纸面上。"
25E82CBD3FB2C8F4BEDCDADEBA095B55E426B6F08F60C9B9488AF8878AF7951D,建议加强学校课后服务作业辅导与暑期衔接,"领导您好,我是一名中部城镇小学生的家长。我们夫妻都在上班,文化程度不高,辅导孩子学习比较吃力。现在孩子已经不再参加外面的学科培训,我们支持培训规范,但也担心孩子学得不够扎实。这个月学校提供了课后服务,孩子也参加了,但我们不清楚内容是否足够有质量。希望政府能督促学校把课后服务真正利用好,加强作业辅导和答疑,不要只是集中看管;同时保障非重点公办学校的师资和经费,让课后服务能稳定开展。暑假期间也希望课后服务或暑期托管能衔接好,解决双职工家庭照护困难。我们不是要求增加书面作业,而是希望孩子在学校能得到有效指导,不因家庭辅导能力弱而掉队。"
2468CC79B2DA090E44B9A2F7AB6F3E76986743DCD402387706249DC4EFD07B9C,关于防止课后服务变相增加作业负担的建议,"各位领导好。我是中部地区一个小学生家长,孩子现在上小学,我们夫妻都在外面上班,家里条件还可以,但我们俩文化程度不高,辅导功课比较吃力。今年暑假孩子参加了学校的课后服务,这个月书面作业时间还算正常,没有超过一个小时,我们也按照现在的政策停了外面的学科培训班。我们本来挺高兴的。但是心里还是有点不踏实。我们以前听说过有的学校作业留得特别多,一年级孩子写到十来点,写不完还要被点名批评,或者被留堂。我们担心开学以后,老师会不会利用课后服务那两小时来讲课、布置更多作业,把课后服务变成变相补课,孩子回家还得写到很晚。我们家长不会辅导,如果作业太多,孩子压力大,我们也干着急。所以想请领导多关注一下学校课后服务的实际内容,加强监督,确保课后服务是自愿的、活动内容多样,不要变成变相延长学习时间。也希望能继续盯紧作业总量,别让减负又反弹了。谢谢领导。"
34F4CF3121D4942955322C8EC87F7D1D5C0BEF81D3AC0460B292FFA8683116EB,"希望加强学校课后服务质量管理,让家长安心","领导好,我家孩子在小学,不是毕业年级。这个暑假他参加了学校的课后服务,我们作为双职工家长,本来觉得挺方便,孩子也有地方去。但我们两口子文化程度不高,现在外面的学科培训班也停了,孩子学习主要靠学校。我们担心学校课后服务只是把孩子集中起来看管,作业辅导和质量跟不上,尤其以前听说过有的学校课后服务比较随意,老师顾不过来。希望教育部门能多到学校看看,督促学校把课后服务的内容和时间安排好,真正辅导孩子完成作业、开展一些阅读和体育活动,让孩子在学校能学有所得,我们家长也能安心上班。同时也要体谅老师,别让课后服务变成额外负担。"
B5256687CE539A77888967A4400E26BAB0ACCD17997377E8FF86997D8C19773E,关于加强对学校课后服务监管的建议,"领导您好,我是一名小学生家长。我和爱人都在上班,孩子现在参加了学校的课后服务,确实解决了我们接孩子的难题。但我们也有些担心,听说有的学校课后服务只是让学生写作业或者老师讲题,变成变相补课,这样孩子负担不减反增。听说以前有家长反映作业写到很晚,现在虽然孩子作业时间看着合乎规定,但怕开学后又多起来。希望政府能对学校课后服务的内容、时长和师资保障进行经常性检查,保证有体育、艺术等活动,不是集体补课。另外,校外学科培训虽然少了,但怕转入地下,也请继续严管。我们文化不高,但很关心孩子健康,希望孩子能全面发展。"
09C37086B68573F54DCF90AD98CCC512EBF99D861709465B5F07FB569EEFB860,关于初中生暑假书面作业超时及课后服务落实的诉求,"领导您好。我家孩子读初中,这个月暑假在家,我对照现行规定,发现他的书面作业完成时间已经超出了初中生不超过90分钟的要求。作为双职工家庭,我们平时工作很忙,时间紧张,孩子作业拖得晚,我们很难持续辅导,也很担心影响他的睡眠和健康。听说现在有制度要求学校统筹作业总量、时长和设计质量,但感觉在基层还没有完全落地。希望领导能督促学校科学安排暑假作业,真正减轻学生负担,同时在开学后把课后服务做扎实,提供作业指导和答疑,解决我们家长的后顾之忧。另外,校外学科培训虽然管得严,但市场上仍有隐性开班,也请一并关注,避免孩子被迫卷入新的负担。谢谢。"
9E12BAB80171FBF9C01AF2DD9AABAD73A2B70C92BC8017A380195813064B5D4C,关于暑假书面作业负担过重及课后服务落实的诉求,"我家孩子今年上初中,不是毕业年级,在镇上的公办学校读书。这个暑假,孩子的书面作业明显偏多,每天完成时间经常超过一个半小时,不符合义务教育阶段对初中生书面家庭作业时长的规定。作为家长,我们理解学习需要巩固,但长时间伏案写作业不仅挤占了体育锻炼、睡眠和亲子交流时间,也让孩子对学习产生抵触情绪。我们了解到最近有关部门出台了加强作业管理和课后服务的政策,希望区里能督促学校真正统筹作业总量、提高作业设计质量,而不是简单地布置重复性抄写。同时,听说课后服务会提供作业指导和多样化活动,但我们担心学校落实不到位,或者变相成为补课。希望领导能关注城镇普通公办初中的实际执行情况,让政策落地,让孩子有合理的休息和全面发展空间。另外,现在学科类培训管得严,但市场上仍有一些隐蔽的培训班,我们家庭没有参加,但担心其他孩子“抢跑”加剧不公,希望有关部门持续监管,维护教育公平。"
3AF1D98D4AFD3951D535CAD06AF6E37F707E4843C612697710AA05D4DBBE1526,关于初中暑假书面作业负担过重盼统筹管理的诉求,"领导好。我是初中学生家长。孩子目前在公办初中非毕业年级就读,平时作业量还能接受,但今年暑假开始后,书面作业经常做到很晚,明显超出了对初中生每天书面作业不超过90分钟的规定。我们家长双方都要上班,下班后还要陪着孩子赶作业,家庭时间安排非常紧张,孩子睡眠也受到了影响。我们理解学习需要巩固,但更希望作业能够精炼、科学,而不是简单堆量。听说现在对学校统筹作业总量、时长和设计质量有明确要求,但我们担心学校在暑假期间落实不到位。希望相关部门能督促学校切实对照规定,合理调整暑假作业安排,并在开学后把课后服务利用起来,让孩子在校内能完成大部分作业,老师也能给予指导,减轻双职工家庭的负担。另外,我们一直比较重视孩子的教育参与,不希望因为作业问题导致孩子厌学,也不希望被迫转向校外培训来补差。恳请领导关注初中生作业负担问题,让好政策真正落到孩子身上。"
E5F02CCE734EE5B01A079C08B10F5C1C6039EBCDFD5E6BDDE08F479F02492CD0,关注初中生作业负担与课后服务落实问题,"尊敬的领导:您好!我是一名初中学生的家长。最近我了解到,按照现行规定,初中生每天书面家庭作业平均完成时间不应超过90分钟,但我孩子本月的情况似乎没有达到这个要求,这让我很担心。我们家双职工,平时工作比较忙,家庭时间安排很紧张,孩子在学校如果得不到足够的作业指导,回到家写作业的时间就可能拖长,影响睡眠和休息。我们希望政府能督促学校认真落实作业管理规定,科学合理地统筹作业量,并在课后服务中加强作业辅导,让孩子尽量在学校完成大部分作业,减轻家庭负担。同时,也希望相关部门能对学校的执行情况进行监督,避免政策停留在纸面上。谢谢!"
BA4DFDB1A125654A44630A1BC3E28A6820640EE660A6E90B82AFE351D5114E5B,关于提升初中课后服务质量的建议,"领导好。我家孩子上初中,不是毕业班,就读的是公办普通学校。寒假马上结束,新学期就要开始,想反映一下课后服务方面的期望。我们夫妻都在上班,家里老人也帮不上太多,每天接送和辅导时间都很紧。孩子目前参加了学校的课后服务,这确实解决了我们的看护难题。根据了解,学校课后服务每天不少于两小时,但我们担心实际内容是否能兼顾作业辅导和兴趣活动。目前孩子的书面作业时间虽然控制在规定范围内,但回家后我们仍然需要花不少时间检查讲解,家长压力比较大。另外,现在校外学科类培训明显减少,我们以前也没怎么参加,但更希望学校能在课后服务中加强作业答疑和学法指导,让孩子尽量在学校完成作业、解决疑问。恳请相关部门督促学校把课后服务做实,丰富课程内容,保障师资,让自愿参加的孩子真正受益,减轻双职工家庭的后顾之忧。"
C3FFF5D891C7C776FE0563747BDAFD201C2EFC0F5C17E82264A769AFD1A099B6,关于提升初中课后服务质量的建议,"尊敬的领导:我们是双职工家庭,孩子目前在公办初中就读,平时我们工作较忙,家庭时间安排紧张。本学期孩子参加了学校课后服务,我们也注意到学科类校外培训市场明显收缩,家里此前没有给孩子报过学科培训,所以孩子的学业提升主要依赖校内学习。目前孩子的书面作业时长基本符合规定,但我们担心课后服务更多是集中看管,缺乏有针对性的作业辅导和兴趣拓展。尤其我们学校不是重点校,师资和课程资源有限,升学竞争压力依然存在,像我们这样没有校外补课渠道的家庭,更希望课后服务能真正帮助孩子巩固知识、发展能力。我们期望孩子将来能考上本科,平时教育参与也不少,但时间精力有限,难以在课后提供有效辅导。希望政府能加强对学校课后服务的质量监管和资源保障,督促学校丰富服务内容、加强作业指导,让政策真正惠及普通家庭,避免因学校差异造成新的教育不公。"
C0CE44066EF560B59EEC66D30E58E69F2654716DC7144AB57F43469040892F40,关于普通公办初中课后服务质量的建议,"我是孩子家长。孩子目前在一所普通公办初中就读,我们夫妻双方都在上班,平时能陪伴孩子学习的时间比较有限。这个学期学校按政策提供课后服务,孩子也在参加,书面作业量基本符合规定,我们很感谢。但作为家长,我们担心学校不是重点校,课后服务的师资和课程资源可能有限,如果只是安排学生写作业或看管,很难满足孩子多样化的学习需求。现在校外学科培训明显减少,我们又不希望孩子落后,只能寄希望于学校课后服务能真正起到辅导和拓展作用。恳请领导关注普通公办初中课后服务的实际质量,加强对学校课后服务内容、师资配备和经费保障的统筹,让课后服务不只是“有人看”,而是能提供作业辅导、兴趣活动和能力提升,帮助我们这样的双职工家庭解决后顾之忧。"
8FF07B605CAB5175A240B848E545B1AE23E8CBC5F78AB64B7E75B843AC6D9ED7,关于提升初中课后服务实效、缓解双职工家庭压力的建议,"领导好。我们家住在东部城镇,孩子正在读初中,非毕业班。我们夫妻双方都在上班,平时工作忙,晚上时间很紧。目前学校按要求每天提供课后服务,孩子也参加了。但开学在即,我们担心课后服务内容是否真正多样、老师能否认真辅导作业,能否帮助孩子在校内完成大部分学习任务,减轻家庭负担。我们了解到制度要求课后服务自愿参加、时间衔接、内容多样。希望有关部门能督促学校在新学期把课后服务做实,增加作业辅导和素质拓展,明确时间安排,方便我们这样双职工家庭接送。谢谢。"
D109ABBE8DC09D5C4DD046309F1D7A347FCF843C8582368B77409CEC3865B0ED,关于加强学校课后服务作业指导与质量保障的建议,"我是初中学生家长,双职工家庭,平时工作较忙,孩子目前参加学校课后服务。暑假期间学校提供的课后服务解决了我们的看护难题,我们很感激。但眼看9月开学,我们担心课后服务能否持续做到每天至少两小时,并且内容多样、真正有老师指导作业,而不是简单看管。希望教育部门能加强对学校课后服务的监督,保障师资和经费,让课后服务切实帮助学生提高学习效率,减轻我们这样的双职工家庭的负担。"
EF2FDB680B7C1A3DC044E7E19E0EF5A346A0255D9AE89DB35B24E0381E82A0F3,关于提升非重点学校课后服务质量的建议,"我家孩子在镇上一所公办初中就读,学校不是重点校。我和爱人都在职,家里老人精力有限,课后服务对我们很重要。政策实施一年多来,孩子作业量基本符合规定,校外学科培训也少了,我们很支持。这个暑假孩子继续参加学校课后服务,但我们发现服务内容比较单一,主要是看管写作业,缺少体育、艺术、科技等拓展活动,教师指导也不够。学校资源本来就一般,我们担心新学期还是这样,课后服务变成只“有人看”而不是“有人教”。双职工家庭时间紧,很难自己安排高质量活动。希望区里督促教育部门对这类学校加强课后服务经费和师资保障,丰富课程供给,定期检查服务质量,不能只满足于时间达标,要让孩子真正受益。"
BD307279157551D872350F8DEB11BCCA057551997AB5639C169E5C41F10A480C,关于提升学校课后服务质量的建议,"领导您好。我是一名初中学生家长,孩子目前参加学校课后服务。作为双职工家庭,平时工作忙,时间安排紧张,非常依赖学校课后服务来帮助孩子巩固学业、发展兴趣。但据我了解,学校并非重点,资源有限,我们担心课后服务的时间和内容是否能真正保障,比如是否只是简单看管,有没有老师进行作业辅导和答疑,能否提供多样化的活动。当前校外学科培训大幅减少,学校课后服务成为孩子课后学习的主要支撑,如果服务质量跟不上,我们这样的家庭会感到焦虑。希望教育部门能加强对学校课后服务的监督和指导,核查师资和内容安排,确保自愿参加不是形式,真正减轻家长负担,促进教育公平。"
FD7CDCF414AC8762670D1E6E0CF046FB5CE1BD2C1748B0BA655A9F8482D51557,"希望加强初中课后服务管理,缓解双职工家庭压力","各位领导好。我家孩子目前在公办初中就读,不是毕业年级。我们夫妻都在职,平时工作较忙,家里能用于接送和辅导的时间比较紧张。孩子这个月参加了学校的课后服务,按照现行政策,学校课后服务原则上每周应提供5天、每天至少120分钟,这本来对我们这样的双职工家庭帮助很大。但作为家长,我们对课后服务的实际质量还是有些担心:比如活动内容是否真正多样,有没有老师进行作业辅导,师资和经费能不能稳定保障,能不能避免变成单纯的看管。孩子书面作业目前符合规定时长,但我们希望课后服务里能有老师指导作业,减少把作业带回家的情况,也让孩子有时间发展兴趣、锻炼身体。希望有关部门能加强对学校课后服务落实情况的检查指导,督促学校把时间、内容、师资和经费要求落到实处,让家长真正放心。谢谢。"
0F8BEC1CA021112E4479C76765D12D8825800B18F0839FD1B932169EDCB3DC16,关于提升学校课后服务质量缓解双职工家庭压力的建议,"我是一名初中生家长,家住城镇,夫妻双方都在上班,家里虽有老人同住,但老人精力有限,暑假孩子看护和学业安排一直是难题。这个月孩子参加了学校组织的课后服务,我们很感谢有这项安排,但心里还是有些不踏实。孩子所在的学校不是重点校,资源一般,我们担心课后服务内容会比较单一,更多是看管,缺乏对孩子学习习惯、体育锻炼和兴趣拓展的有效支持。我们家一直重视教育,希望孩子能平稳度过初中阶段,将来有机会考上大学,所以特别希望学校课后服务不只是“有人看”,还能有质量。暑假已经过半,开学后我们同样需要课后服务能真正与家长下班时间衔接,内容上能兼顾作业辅导、阅读、体育和科技活动等。我们也愿意承担合理费用,但希望政府能加强统筹和监管,对师资、经费、课程资源给予保障,不要因为学校条件不同导致服务质量差距太大。请领导关注双职工家庭的实际困难,让课后服务更实在、更可持续。"
92205BBA3F6F74DD20D73EFB8A2A9EAAC91124E774577669C64CD593EDFE2052,关于提升学校课后服务质量缓解双职工家庭压力的建议,"暑假期间,孩子参加了学校组织的课后服务,作为双职工家长感到一定便利,但也担心服务内容比较单一,质量和师资保障不足。我们家庭时间安排紧张,原先未参加校外学科培训,现在校外培训供给收缩后,更依赖学校课后服务来巩固学业和拓展兴趣。希望政府能加强课后服务的课程设计和师资配备,增加作业辅导、体育锻炼、科技艺术等活动,并确保自愿参加和时间衔接,真正解决家长后顾之忧。同时请持续监督学校作业管理,防止开学后作业量反弹,保障孩子睡眠和全面发展。"
218685B9D898DD6457870F7B27F5F68A3588FE7764C23FF5061BE2965395ED1B,关于保障非重点学校课后服务质量的请求,"领导您好。我是一名初中学生的家长,孩子就读公办学校,不属于重点或示范学校。我们夫妻双方都在职,家里照护时间比较紧张,暑假期间孩子参加了学校课后服务。政策上要求学校每周提供五天、每天至少120分钟的课后服务,但作为家长,我们并不清楚这些时间具体安排了什么内容,也担心学校在师资和经费有限的情况下,课后服务容易变成单纯看护,尤其非重点学校的孩子更不容易获得丰富、有质量的活动。现在学科类校外培训供给明显收缩,孩子书面作业也符合时长要求,我们更希望学校课后服务能承担起作业辅导、兴趣培养和体育锻炼等功能,帮助双职工家庭解决实际困难。恳请政府统筹加强课后服务的督导和资源保障,在暑期和开学后都确保自愿参加、时间落实、内容丰富,让不同学校的孩子都能公平享受到有质量的服务。"
87FEDCCD13CDE3A8F49372E980BB6F72C2E9D19F511B2553978079D7D4ED5C09,关于提升学校课后服务质量与内容的建议,"各位领导好,我家孩子就读于本地一所公办初中,我们夫妻双方都在上班,家里时间安排比较紧。这个暑假孩子参加了学校的课后服务,我们很感谢政府能有这样的安排,解决了我们的看护难题。但我们也有些担忧:目前课后服务可能更多是看护性质,内容不够丰富,孩子回家后也没有其他学习补充。我们家庭对孩子期望比较高,希望他能考上好大学,现在校外学科培训也不像以前那样方便,所以特别希望学校课后服务能多加入一些素质拓展、学习方法指导、兴趣培养等内容,而不仅仅是完成作业或自由活动。希望领导能关注学校课后服务的质量,加强投入和监管,让课后服务真正成为家长放心、孩子受益的好政策。"
A96BFBC2B8715915F3D9C098DFB59CB1EE14B251C28F9A4919B7D2971E35FDB3,希望加强初中课后服务的作业辅导与质量监管,"我家孩子在公办初中就读,我们夫妻都上班,家里老人帮衬有限,每天接送和辅导压力比较大。这个月孩子参加了学校的课后服务,确实解决了我们下班前接孩子的难题,也符合政策要求。但作为家长,我们更关心这两个多小时到底能不能真正帮助孩子提升学业。孩子学校不是重点校,老师平时教学任务重,我们担心课后服务主要停留在看管写作业,缺少针对性的答疑和拓展。现在校外学科培训收缩得很厉害,我们以前也没给孩子报过补习班,只能更依赖校内。孩子睡眠充足,我们也一直重视教育参与,希望他将来能考上本科。所以想请领导关注一下普通初中的课后服务质量,督促学校在作业辅导、学习方法指导和兴趣拓展上多下功夫,别让课后服务变成单纯的“托管班”。同时希望政府能在师资和经费上给予保障,让老师有精力把课后服务做得更实。谢谢。"
50BF1318990F396486039E50B19E2DBEC68743053C8FD2F8AA06F4448AC63B28,关于保障初中学校暑期课后服务质量的诉求,"我是东部地区一名初中学生的家长。我们夫妻双方都在职,家里人口多,暑假期间孩子看护和学业辅导压力很大。按照当前关于义务教育课后服务的有关要求,学校原则上应每周提供5天、每天至少120分钟的课后服务,孩子这个月也参加了学校课后服务。但我们孩子就读的是公办非重点学校,资源相对有限,我们担心课后服务内容不够丰富、师资和经费保障不足,难以真正满足孩子的学习和成长需求。同时,学科类校外培训市场供给明显收缩,我们家庭之前也没有安排孩子参加学科培训,更希望学校能提供高质量的作业指导和素质拓展。希望上级部门能加强统筹和督查,确保课后服务不流于形式,切实减轻双职工家庭负担。"
4D60609E8EB406C2381F75EA210808117D1A652C7C671C34A84A1F271C05FA6E,关于提升暑期课后服务质量的建议,"各位领导好。我家孩子正在读初中,我们夫妻都在上班,家庭人口较多,平日里时间安排紧张。今年暑假孩子参加了学校提供的课后服务,这在一定程度上缓解了我们双职工家庭的看护压力。但我们了解到,服务内容主要以自主学习和答疑为主,担心长期下来难以满足孩子学习巩固、兴趣培养和体育活动的需要。现在校外学科类培训选择少,我们更希望学校课后服务能提供更有质量的学习支持。同时,虽然孩子作业时长符合规定,但我们也希望学校能提高作业设计质量,减少机械重复,加强针对性指导。恳请相关部门关注学校课后服务的实际内容、师资配备和时间衔接,让孩子在学校真正学有所获,也让我们家长安心工作。谢谢。"
54DCA6DDB391974F1FEA86E23B573AB0AF02FEC2044A761F83BFF5C39A9F6254,关于优化公办初中暑期课后服务的建议,"尊敬的领导:我家孩子就读于一所公办初中,非毕业年级。我们夫妻双方都在职,家庭时间安排比较紧张。今年暑假,学校按要求提供了课后服务,孩子也参加了,但目前每天至少120分钟的安排,对我们这样的双职工家庭来说,有效看护时间仍然有限,而且服务内容是否足够丰富、师资是否有保障,我们心里没底。我们理解规范校外培训、减轻作业负担的政策方向,也支持学校发挥主阵地作用。但作为普通学校的学生家长,我们担心优质资源分配不均,希望政府能加大对学校课后服务的督导和支持力度,丰富服务内容,适当延长或灵活安排托管时间,保障师资和经费,让我们能安心工作,孩子也能得到更全面的成长。谢谢。"
F5FE11192845CF55477AD70386F850E698AF689D050FEF597CC53D847632B204,希望开学后学校课后服务能真正解决双职工家庭困难,"领导您好,我是一名小学生的家长,孩子下半年开学上小学,我们两口子都在上班,家里经济条件一般,文化程度也不高,辅导孩子作业很吃力。看到现在要求学校完善课后服务,自愿参加、时间衔接、内容多样,我们特别期待。但说实话,又有点担心落实不下来,或者只是走形式,老师不够、内容单一,最后还是变成孩子自己坐在教室里发呆。我们最需要的是放学后有人管、能辅导一下作业,最好还能有一些阅读、体育之类的活动,别让我们家长因为下班晚接不了孩子、不会辅导而着急。希望政府能督促学校把课后服务做扎实,保障好老师和经费,别让好政策停在纸面上,真正帮到我们这样的普通家庭。"
30669B2C8ED27F82123AEAA6335184AF54B3D41B044207A59B761309AC7AA5DB,请求关注开学后作业负担和课后服务,"领导您好,我是东部城镇的一名小学生家长。这个暑假孩子没有书面家庭作业,我们感到轻松了不少,但也担心开学后又会回到过去作业写到很晚、我们辅导不了的局面。我和孩子妈妈都是普通打工的,文化程度不高,家里经济条件也有限,没法给孩子报补习班,只能靠学校。听说现在有制度要求学校控制作业总量,还提供课后服务,我们希望学校能真正落实,让孩子自愿参加课后服务,老师能在学校辅导作业、答疑,而不是把作业全推给家长。这样我们下班晚也能放心,孩子也能早睡,有更多时间锻炼和阅读。希望领导能督促学校把好事办好,别让政策只停在纸面上,减轻我们这些普通家庭的负担。谢谢领导。"
CA16FCB7361438885672499097A35593E5CCC8B2F7BA1F118AAFFAC7CDD6D604,关于开学后学校课后服务和作业管理的诉求,"领导好,我是一名小学生家长,孩子就读公办小学非毕业年级。我们夫妻都在上班,文化程度不高,家里经济条件也一般,辅导孩子作业很吃力。马上要开学了,听说现在学校要完善课后服务,自愿参加、时间衔接、内容多样,我们非常需要。希望学校能真正把课后服务办起来,最好有老师指导孩子在校完成作业,安排一些体育、阅读、兴趣活动,不要变成变相补课或另收费。另外,希望服务时间能衔接我们下班时间,解决接送难题,减轻我们辅导压力。同时请督促学校控制书面作业总量和时长,别让孩子回家写到很晚,保证睡眠。谢谢。"
F60BD868FDDBE5AF72A15335BC7D74B79298A00B91E5CA96078F079DC2A2AA4B,关于小学课后服务落实与双职工家庭看护问题的建议,"领导您好,我是小学孩子的家长。我们夫妻都上班,家里经济条件一般,文化程度不高,辅导孩子功课很吃力。孩子现在年级按规定原则上不布置书面家庭作业,但我们担心孩子放学后没人管、学习没人辅导。看到现在有政策要求学校完善课后服务,我们很期待,但不知道开学后学校能不能落实。希望领导能协调学校在放学后提供自愿参加的课后服务,最好包含作业辅导和兴趣活动,时间上能衔接我们下班时间,费用也能照顾我们这样的家庭。谢谢。"
DD24EA7118680B84C1D76BA4A219BAA9BF01B73DA287882407C02684CF3D092A,建议加强小学课后服务学习辅导,"我是东部城镇一名小学生的家长,夫妻俩都在打工,文化程度不高,家里经济条件也一般。孩子现在上小学,学校按要求不布置书面家庭作业,我们支持减负。本月孩子参加了学校课后服务,每天不少于两小时,但我们家长看不到具体内容,担心如果只是集中看管,没有老师针对性地答疑或巩固当天知识,孩子回家又没有书面作业,我们自己辅导不了,时间久了怕基础打不牢。现在外面学科培训少了,家里也没钱报班,学校是孩子最主要的学习支持。希望领导能督促学校把课后服务真正用起来,内容再丰富一些,多安排老师辅导功课、巩固基础,或者开展免费的兴趣活动,别让课后服务只停留在“有人看孩子”。这样我们双职工家庭也能安心上班,孩子能真正受益。"
7B7E194424F269FFD802BEF2E4AB38910059232BF1BAE1F038B9E7242FE0B521,希望新学期课后服务能真正帮助孩子成长,"领导您好,我是一名小学生家长,孩子在公办学校上学,不是毕业年级。我们夫妻都在打工,文化水平不高,家里经济也不宽裕。现在校外培训班少了很多,我们也负担不起,所以特别看重学校的课后服务。这个月孩子参加了课后服务,但我们不清楚里面具体做什么。马上开学了,我最担心的是课后服务只是把孩子聚在一起看管,没有真正的辅导和活动;也担心作业负担反弹,孩子又像以前听说的那样写到很晚。希望领导督促学校把课后服务做实,保证自愿参加、内容丰富,能帮孩子辅导功课、发展兴趣,同时继续控制作业总量,让孩子有充足睡眠和休息。谢谢领导。"
EF367CE87CEB975AEBF6026D57CB9EDE2AD4181778A6F370483A684D6CDC17CD,关于丰富小学课后服务内容的建议,"领导您好,我是一名小学生家长,孩子就读公办小学,这学期参加了学校课后服务。我们夫妻都在上班,文化程度不高,家里经济条件也一般,辅导孩子功课很吃力。现在孩子书面作业很少,我们担心他学业基础不够扎实,但自己又没能力额外教他。课后服务每天有两个小时,我们希望学校能充分利用这段时间,加强作业辅导和阅读、体育、科普等活动,而不是简单看护。这样既能减轻我们双职工家庭的负担,也能让孩子在校内得到有效指导。恳请领导关注课后服务的实际质量,督促学校丰富内容,真正解决我们的后顾之忧。"
B2F3D025739103052C29A532DDACDD09740EF33B9D4238EA1939CEA8C3A2003C,关于提升小学课后服务质量减轻双职工家庭负担的建议,"领导您好。我们是双职工家庭,经济条件一般,家长学历不高,辅导孩子功课比较吃力。孩子目前在公办小学就读,这个月参加了学校课后服务。课后服务每周五天、每天至少120分钟,我们很需要这段时间能真正帮助孩子,而不只是看管。我们担心课后服务内容单一,作业辅导和素质拓展不够,这样既浪费了时间,也加重了我们回家后的负担。希望有关部门能督促学校丰富课后服务内容,加强教师对孩子的作业指导和阅读、体育、兴趣等方面的引导,同时保障相应经费和师资,让课后服务真正惠及我们这样的普通家庭。谢谢。"
39CE47B140BAAB47F23EB2F009F4E4E359E7FBB73B5EAE4DBC5EB0EBBA9D55B2,关于改进小学课后服务质量的诉求,"您好,我是一名小学生家长。家里经济条件一般,我和孩子爸爸都要上班,暑假孩子没人看管。这个月孩子参加了学校的课后服务,确实解决了我们双职工家庭的大难题,很感谢。但我们也有担心:学校不是重点校,课后服务时间上是够了,可内容上感觉偏向看护,作业辅导和兴趣活动质量不太好。孩子平时书面作业很少,我们文化程度不高,辅导不了,之前也没给孩子报过学科培训班,现在校外培训又少,就指望学校课后服务能帮孩子打牢基础,多开展阅读、体育、科学等素质活动。听说以后课后服务要长期开展,我们怕会增加收费,家里收入不高,负担不起。希望政府能加大保障,给学校稳定的师资和经费支持,保证课后服务免费或低收费,内容更丰富、更有质量,让普通家庭孩子真正受益。"
EB7E50F6BC81D6CE778897EC0228287581C1382FA07CD61747CAD69051C361DF,关于提升学校课后服务质量减轻家长负担的建议,"我是一名小学生的家长,我们两口子都在上班,文化程度不高,家里经济条件也一般。这个暑假孩子参加了学校的课后服务,我们很感激有地方照看孩子,但也有些担心。现在学校原则上不布置书面家庭作业,外面学科培训班也少了,我们也不想给孩子报班,既经济上不允许,也怕增加负担。但我们自己辅导不了孩子功课,怕孩子学习基础不牢固,以后跟不上。希望课后服务不只是简单看管,能真正有老师辅导学习、指导作业,最好还能开展一些兴趣活动,让孩子全面发展。希望领导能关注课后服务的质量,保障好师资和经费,让像我们这样的家庭能安心工作,孩子也能得到好的教育。"
9979831BD8B04A56B929A6EB73A726CBF2A7B71E6393459AC5E16B33BC8DA298,希望学校暑期课后服务能真正辅导孩子功课,"领导您好。我家孩子上小学,我和孩子爸爸都在上班,家里经济条件一般,我们文化程度也不高,现在暑假孩子在学校参加课后服务。我们很感谢有这个安排,但还是有些担心。现在校外学科培训少了,我们也没能力给孩子额外辅导,希望学校课后服务不只是看着孩子,而是能安排老师实实在在地辅导暑假作业、带着孩子读书、锻炼,开展一些素质活动。孩子这个年级按规定基本不布置书面家庭作业,我们不是要求增加作业,而是希望课后服务时间能被用好,让孩子有收获,也减轻我们双职工家庭的负担。恳请领导关注一下学校课后服务的实际内容,督促学校把好事办好。"
5DE3237EB1ABC903B5338CAA3E173468E0147A0731B6CBE3212013BB7276B254,关于提升小学课后服务质量的请求,"领导您好,我是东部城镇一名小学生家长。家里经济条件一般,我和爱人都要上班,文化程度不高,辅导孩子功课比较吃力。孩子目前就读公办小学,这个暑假参加了学校组织的课后服务。按规定学校课后服务每天至少两小时,内容应该多样,但我们担心实际服务能不能真正帮到孩子,比如作业辅导是否到位,有没有素质拓展活动。现在校外培训班不好找,我们也没条件请家教,就盼着学校课后服务能更实在一些。希望政府能督促学校把课后服务办好,丰富内容,加强作业指导,让孩子在校内就能解决学习问题,培养点兴趣,这样我们双职工家庭也能安心工作。谢谢领导关心。"
1F33F1EC4EBD374762BCF1149B02F7888A25346EE5FBB866913405022B5378E2,关于课后服务加强作业辅导的请求,"领导您好,我们是双职工家庭,经济条件一般,父母文化程度不高,平时工作忙,辅导孩子作业很吃力。孩子现在参加学校的课后服务,我们希望课后服务时间能真正用来让老师给孩子讲作业、答疑解惑,而不是单纯看管。现在校外培训班少了,价格也高,我们负担不起,孩子学习上遇到困难只能靠学校。孩子目前睡眠时间充足,但作业如果不会做,第二天跟不上,我们心里很着急。恳请学校在课后服务中加强作业辅导,特别照顾我们这样家长辅导能力弱的家庭,让孩子在学校就能把作业弄明白。谢谢领导关心。"
D819E071237C6EDE97F56D2845232C827CFA224CF36928D35A727A24EF46511C,希望课后服务能加强作业辅导和素质培养,"领导您好,我是一名小学生家长。家里条件一般,我和孩子爸爸文化程度都不高,平时上班也忙,辅导孩子学习确实吃力。现在孩子参加了学校的课后服务,我们很感激,但心里还是担心。学校作业少了,我们怕孩子基础不牢,家里又没条件给他报课外班。希望领导能督促学校把课后服务做得更实在,不只是看着孩子,而是能安排老师辅导作业、答疑解惑,多开展一些兴趣活动,让孩子在学校就把学习问题解决了,也减轻我们家长的负担。谢谢!"
04B8387AEE445A49AF70DA93A6E97579585DAE53C2FB9AA54A0422EB7F41064B,关于提高小学课后服务学业辅导质量的请求,"领导您好,我家孩子现在上小学,我们夫妻都在打工,文化水平不高,家里经济条件也一般,外面收费的辅导班实在负担不起。这个暑假孩子参加了学校的课后服务,我们很感激,但也有些担心:课后服务时间会不会只是看着孩子,没有真正帮到学习。我们下班晚,自己又教不了,孩子学习上遇到困难没人管。希望领导能关注学校课后服务的内容和质量,让老师多指导孩子完成作业、巩固当天学的知识,对学习吃力的孩子多些耐心。开学以后也请继续把课后服务做扎实,真正解决我们这样普通家庭的后顾之忧。"
7B0E6DF0F9E9E1DDBCAEC7A78B503402925766BFA65CECEA509D1CF3B10A7A1C,关于提升小学课后服务质量与作业管理的建议,"领导您好,我是一名小学生家长。我们家经济条件一般,我和孩子妈妈文化程度不高,平时辅导孩子学习比较吃力。孩子现在参加了学校的课后服务,这确实帮了我们大忙,但我们很担心课后服务的质量,特别是开学之后,课后服务能不能真正辅导孩子完成作业,而不是简单看管。同时也担心学校作业量会不会增加,孩子写不完又没人辅导。希望领导能督促学校把课后服务做实做好,提供作业辅导和兴趣活动,同时严格落实作业减负要求,让我们这样的家庭能安心。"
11DEDDA63A8F3C181A0506496AC8A354398B808C8140F161A42497D1148E3FB2,关于提升暑期学校课后服务质量的建议,"我们夫妻俩都在上班,家里经济条件一般,自己文化程度也不高,暑假孩子参加学校的课后服务,确实解决了我们白天看护难的问题。但有点担心目前课后服务内容不够丰富,主要是看管,缺少作业辅导和兴趣活动。我们辅导孩子学习比较吃力,希望政府能督促学校在课后服务里适当增加阅读、体育、科普等内容,让孩子暑假过得更有意义。同时也想了解一下收费政策,别让课后服务给家里增加太多负担。孩子现在作业虽然符合规定,但我们还是希望课后服务能帮孩子打牢基础,为以后考大学做准备。"
802B79C3D9D2068B8223ED35FD9A03293D1BE10865151B028AFE41B0FFD5E60C,关于提升小学课后服务质量、减轻双职工家长辅导负担的建议,"领导您好。我是一名小学生家长,家里经济条件一般,我和孩子爸爸都在上班,文化程度不高,辅导孩子功课很吃力。孩子上的是普通公办小学,现在参加了学校课后服务。但我们担心课后服务只是简单看护,没有真正指导作业和开展活动。我们周围也有家长反映过,以前有的孩子作业写到很晚,放学早没人接,或者只抓成绩不重视其他方面。我们家没有条件上校外培训班,就希望学校能把课后服务时间利用好。请领导督促学校认真落实作业管理和课后服务要求,让老师在校内辅导孩子完成作业,组织一些有益的活动,不要让孩子把书面作业带回家,切实减轻我们双职工和低学历家庭的负担。谢谢。"
A9F0EA9A9477FB65D56EB93C854AC4753256A132873674B35029C42FCA6BCD21,关于提高小学课后服务辅导质量的诉求,"领导好。我家孩子在公办小学读书,马上要升一个年级。我们夫妻俩都在外面上班,文化程度不高,家里经济条件也一般。这个暑假学校有课后服务,孩子一直在参加,解决了我们白天没人管的问题。但我们不太清楚孩子每天这两个小时具体做什么,心里没底,担心只是集中看管,缺乏老师辅导和丰富的活动。我们这样的家庭,晚上很难辅导孩子功课,也报不起外面的兴趣班。现在低年级按规定不布置书面家庭作业,我们支持,但也怕孩子学习习惯和基础跟不上。希望领导能督促学校把课后服务内容做实,多安排老师带着孩子阅读、练字、做一些适当练习,或者开展体育、艺术活动。以前也听同地方家长说过放学早没人辅导、作业写到很晚、只抓分数不抓素质的情况,我们很担心课后服务走了形式。恳请领导关注普通家庭的需求,让课后服务真正帮到孩子。"
7CC77443C376D6E8F53F93CDDD0D484179CEFB52218634807BEBC55BF9B43181,关于提升小学课后服务质量减轻家长辅导负担的建议,"领导您好!我是孩子就读公办小学的家长。我们家经济条件一般,我和孩子爸爸都在上班,每天下班后辅导孩子学习的时间和精力确实有限。现在孩子参加了学校的课后服务,规定上要求学校提供多样活动并保障时间,我们很感激,但也有些担心:课后服务会不会只是把孩子集中看管,缺少真正的作业辅导和兴趣培养?孩子现在作业量是符合规定的,但我们自身文化水平不高,怕孩子基础打不牢,将来考大学受影响。校外培训现在也少了,我们更依赖学校。所以想恳请领导关注一下,能否加强对学校课后服务的监督,确保老师能辅导作业、开展一些素质活动,而不是走过场。也希望能对我们这样经济困难、家长辅导能力不足的家庭多一些支持。谢谢!"
8DDADA002D749A609B39A79495E1BF74DB0D6196FF2190F7E8BA9E3092796200,请求加强课后服务缓解双职工接送难题,"领导您好,我是西部城镇一名小学生的家长。我们夫妻双方都在职,孩子就读公办重点小学,虽然通学时间较短,但放学时间与下班时间衔接不上。暑假期间孩子照护压力较大,以往主要依靠学科类校外辅导来填补时间,但近期校外培训管理趋严,我们担心开学后课后服务若不够完善,孩子放学后仍面临无人照看、无人辅导的困境。希望学校能真正落实课后服务自愿参加、时间衔接的要求,丰富活动内容,同时统筹好书面作业总量,避免把负担转嫁到家庭。我们愿意承担合理费用,也请地方保障师资和经费,让双职工家庭能安心工作。"
8232D7ECDB9FB7CA425F576A23E4CDD1DA383C95B64A4E5AB5176C1292D23338,关于新学期课后服务和作业管理真正落实的诉求,"领导您好。我家孩子今年秋季开学上小学,不在毕业年级。暑假期间作业负担总体符合规定,我们比较满意。但眼看开学,我们双职工家庭下午接孩子时间紧,过去一直给孩子报校外学科辅导班,现在校外培训管理从严,我们最关心的是学校课后服务能不能真正接得住。希望教育部门督促学校把课后服务办实,坚持自愿参加,内容多样,别变成变相补课或统一购买教辅,也别用课后服务时间讲新课,避免孩子在学校待了一天还要回家赶作业。同时,按现行规定这个年级不应布置书面家庭作业,请学校不要通过打卡、手抄报等隐形形式增加负担。我们家长愿意配合学校,但希望新学期减负政策不打折扣,让我们能安心工作,孩子也能健康成长。"
2555368F5A869D5EC77B19DEF9F75AFC78554AACEB99219E4DF08B0531259451,新学期小学生课后服务与作业管理期盼,"领导您好。我是一名小学生的家长,孩子秋季开学后还在小学低年级。按照现有规定,这个学段原则上不布置书面家庭作业,我们一直希望学校能真正落实。现在暑假快结束了,新学期马上开始,我们看到上级在强调统筹作业总量、规范校外培训、完善课后服务,我们家长很支持。但我们这里以往出现过一些学校变相分重点班、只给部分成绩好的孩子培优、要求到指定书店买教辅等情况,所以心里还是有些担心。怕新学期学校搞课后服务时,又变成变相补课或只面向少数学生,或者以“作业指导”为名给低年级孩子布置书面家庭作业。我们双职工家庭,时间紧,孩子以前也上过一些学科辅导班,现在校外培训在规范,我们一方面怕培训没了孩子学习跟不上,另一方面更怕出现地下培训或乱收费。恳请领导在开学后加强对学校落实情况的监督检查,确保课后服务自愿、公平、多样,作业管理不折不扣执行,让我们普通家庭孩子也能享受到公平而有质量的教育。谢谢。"
D1F7421A102EE791CB4322101B4AF56155C239E9BBF707AA1F7B4F5AE57CA054,关于小学课后服务规范与减负的诉求,"我家孩子在西部城镇一所公办重点小学就读,我们夫妻都上班,孩子以前参加过不少学科辅导。现在马上要开学了,我们最关心的是学校课后服务能不能真正落实自愿、多样、不额外收费,而不是变成变相补课或者布置更多作业。我们也担心校外培训规范以后,校内如果跟不上,我们只能重新找外面的班,经济和精神负担都会加重。希望有关部门能督促学校把政策落到实处,公开课后服务的内容和收费,不要让减负变成增负,也不要搞变相分层。"
E4FD67DB226DA7F3F3CA832EB2314FD1D7413A270AE7FCC2B905A981A5EFB942,关于提升小学课后服务质量的建议,"领导您好。孩子就读公办小学,不在毕业年级。我们夫妻都在上班,家庭时间不算宽裕,但接送还能安排。学校课后服务虽然每天有两个小时左右,孩子这个月还没参加,主要是对服务内容、时间衔接和师资保障心里没底。现在校外学科培训选择明显变少,价格虽然降了,但稳定性差,孩子目前还在上,我们不敢完全放手,又担心以后培训再有变化没着落。希望相关部门督促学校把课后服务做实,明确每天的学习指导、阅读、体育和兴趣活动安排,并提前公开,让家长能自愿放心选择。也希望加强经费和师资保障,别让服务流于形式。这样我们愿意在下学期让孩子参加校内课后服务,减少对校外培训的依赖。"
19A35556208C2ED787EE32DC1AD260BAE067FBCB6ADE8A6854314BECCB6DB569,关于完善小学课后服务内容并减少家庭校外培训负担的诉求,"我家孩子上小学,不是毕业年级。最近学校作业少了,孩子睡眠时间也充足,我们支持减负。但孩子目前还在校外参加学科类培训,因为学校课后服务虽然每天都有,但我们没有让孩子参加,主要担心课后服务会变成变相补课或看管,内容不够丰富,不能真正解决孩子的学习需求。现在校外培训市场收缩,我们继续参加培训,选择变少,收费虽然降了一些,但长期看家庭负担仍然不小。我们希望领导能督促学校把课后服务做实做好,提供真正多样、可选择的辅导和活动,而不是简单看护或集体上课,同时保证完全自愿,不通过课后服务变相增加学生负担,也不出现分重点班、指定购买教辅等老问题。这样我们家长才能放心让孩子参加学校课后服务,逐步减少校外培训依赖。"
DB6133D600985E0D08B6A04E86D30DBDED71D26247D888A3C7C0D9B5D57CF5C7,关于课后服务与校外培训衔接的建议,"领导您好,我是一名小学生家长。孩子现在上小学,开学在即,想反映一下课后服务和校外培训的衔接问题。学校课后服务按规定每天不少于120分钟,但我家孩子这个月没有参加,仍在参加校外学科类培训,费用虽有所降低,但长期负担和效果仍让我们焦虑。以前听说过同省有学校变相分重点班、指定购买教辅、强制报名特长班等情况,担心课后服务落实中也会出现变相强制或流于形式。我们希望学校课后服务能够真正坚持自愿原则,提供作业辅导、文体活动等多样内容,而不是简单延长在校时间或变相补课;也希望主管部门持续监管学科类培训,防止隐形变异,让家长能放心选择。谢谢。"
CF6C2F2CA06F50AC19F62A9F5219BB287E0E1F2E0D282FAE48A0D79D01D4DCDD,关于课后服务与校外培训选择的困惑与建议,"领导您好,我是本地一名小学生家长。孩子目前读小学,不是毕业年级。我们家双职工,平时工作较忙。这学期了解到学校课后服务按规定应提供每周5天、每天至少2小时,但我们孩子这个月没有参加。我们有些犹豫,一方面希望孩子放学后有个安全、有质量的地方,另一方面又担心课后服务只是看管,内容不够丰富,或者变相增加负担。同时,现在学科类校外培训管得严,我们之前一直给孩子报着班,现在供给少了,价格倒是降了,但心里还是不踏实,怕以后没得选,又怕学校不布置书面作业,孩子学习落下。我们不是要求学校违反规定布置作业,也不是要求放开培训,就是希望政府能把课后服务做得更好一些,真正自愿、多样、有质量,让家长能放心选,减少对校外培训的依赖。恳请领导关注小学课后服务的实际效果,加强指导和保障,让双职工家庭不再焦虑。"
D1E0854EC3938832C87577E240DDAE523345E6669BF5070D74EED03FD983A1C0,关于提升小学课后服务质量、缓解家长校外培训负担的诉求,"尊敬的领导:我是西部某城镇一名小学生家长,孩子就读公办重点小学非毕业年级,我们夫妻都在上班,照护时间比较紧张。学校课后服务按规定每天不少于两小时,但孩子目前没有参加,主要担心课后服务内容比较单一,无法满足学习巩固和兴趣发展的需要。政策实施以来,校外学科培训供给明显收缩,我们家虽然还在参加,费用有所下降,但总担心机构不稳定,也怕长期依赖校外培训加重家庭负担。希望领导能督促学校丰富课后服务内容,加强作业辅导和兴趣活动,真正让课后服务成为家长放心、孩子受益的安排。同时,孩子所在年级原则上不布置书面家庭作业,我们理解减负初衷,但也希望学校能在课后服务中提供适度的学习指导和习惯培养,避免孩子基础不扎实。谢谢!"
0E8BB56D3084568E150C91838A069781A9B2358E976217D342DF1624FC754664,关于优化课后服务与校外培训治理的建议,"领导您好。我是小学家长,孩子目前在非升学年级。正值暑假,孩子仍参加学科类校外培训。虽然收费比过去低了,但合规机构明显减少,作为家长既担心培训质量,也怕遇到隐形变相补课带来安全风险。开学后学校课后服务每天有两小时,但我们家暂时还没参加,主要顾虑是内容和形式是否能真正满足孩子需求,而不仅仅是集体看管。家里双职工,接送时间并不宽裕,如果课后服务能更多开设阅读、体育、科技等兴趣活动,同时指导孩子在校内完成巩固练习,我们更愿意让孩子参加,减少对校外培训的依赖。希望领导关注课后服务的实际质量,并持续规范校外培训市场,让家长少一些焦虑,孩子少一些负担。"
B3DDD66093CAFD6678E24DA332967261A4C3F2144F46C97139E1712F3314D307,关于暑期学校托管服务的建议,"领导您好,我是一名小学生的家长,孩子目前不是毕业年级,暑假在家。我们夫妻都在上班,白天家里照看孩子比较困难。以前暑假还能依托一些校外培训安排孩子的时间,但这一两年来合规的学科类培训明显减少,选择不多,虽然费用降了些,但适合孩子的正规机构不好找,我们也不敢随便报。孩子平时学校课后服务要求每天至少两个小时,可一到暑假就没有了,孩子在家时间长,书面作业又少,空闲时间多了,我们既担心安全,也担心学习习惯松散。恳请政府统筹学校在假期提供一些校内托管服务,内容可以包括作业辅导、阅读、体育、兴趣活动等,坚持自愿参加,收费合理透明,最好能覆盖双职工家庭的上下班时间。也希望不要搞成变相补课或强制报名,让家长真正省心、放心。"
93410F0CB5DEBEECB456ADEFC1D9A69FAF0F01D115B79CF5C5A8C79824ACE6A5,关于加强课后服务与暑期托管、缓解校外培训依赖的建议,"领导您好,我是一名小学生的家长,住在西部城镇,家里是双职工。孩子暑假还在上校外的学科培训班,虽然费用比以前降了一些,但能选的机构明显少了,心里不踏实。学校课后服务政策说每天不少于两小时,但孩子目前没参加,我们担心内容单一,解决不了作业辅导和兴趣培养。现在暑假没有托管,我们上班顾不上,只能继续依赖校外培训。希望政府督促学校把课后服务做扎实,增加假期公益托管,让我们少花钱、少操心,孩子也不用总去培训机构。另外,现在培训市场变化大,希望加强资金监管,防止退费难。我们支持减负,但也希望学校能接得住,让双职工家庭真正有选择。"
D34D72FAD3BBF2428BABD1DE4F8058D93FACE64D60E71CF4D2D88B4BB2A8CA4A,关于完善小学课后服务减少校外培训依赖的建议,"我家孩子现在上小学,非毕业年级,在公办重点学校读书。我们夫妻俩都要上班,家里没人专职照看孩子。以前为了孩子成绩,给他报了不少学科辅导班,孩子累,我们也累。现在政策管得严,培训收费降了一些,但我们还是不敢不报,因为孩子书面作业很少,我们担心知识掌握不牢。学校按说有课后服务,每天时间也不短,但我们孩子这个月没参加,主要是觉得内容还不够贴合学习需求,或者时间安排上我们还在犹豫。我们真心希望领导能督促学校把课后服务做得更实在,增加作业辅导和个性化答疑,最好能覆盖暑假托管,这样我们双职工家庭就不用再把孩子往培训班送了,也能减轻经济负担。"
96CA4980B657D0C1184782B06CB21E7CC6251C3805E2D0B02C0E5052EDA95BD7,建议提升小学课后服务质量缓解双职工家庭培训压力,"我家孩子在城镇公办重点小学就读,目前暑假仍参加学科类校外培训,但培训市场收缩后,我们对培训的稳定性和质量比较担心。我和爱人都在上班,家里时间有限,对学校课后服务有实际需求。现在课后服务规定每周5天、每天至少120分钟,但孩子目前未参加,主要是担心服务内容不够丰富,变成单纯看管或者变相补课。我们希望课后服务能提供扎实的作业辅导和多样化的素质课程,让我们不用再额外花钱找培训。同时,也请领导关注学校是否存在分重点班、指定购买教辅、变相增加作业等情况,避免一边减负一边增负。谢谢。"
592D5ABA6FAA6EFE07B96FBFBC414549D4D75CED07091DBA7A295BC7C70640B2,希望课后服务能真正替代校外学科培训,"我们是双职工家庭,孩子上小学,暑假一直靠校外学科辅导班来安排学习和照看。现在学科培训收缩得厉害,虽然费用降了点,但能选的合规班越来越少,我们担心下学期孩子没地方补课。学校课后服务每天两小时,我们目前没参加,主要是觉得内容不够贴近课业辅导。希望政府能督促学校把课后服务做扎实,增加作业答疑和学科巩固,让家长不再只能依赖校外培训,也减轻我们的经济和时间负担。"
6A3A9631B9F26C1BD14F2167CBA3B31FC311607266884AB5653F28D46A200DBB,关于优化小学课后服务减少校外培训依赖的诉求,"领导您好,我是一名小学生的家长。孩子目前在公办重点小学就读,学校按照政策提供了课后服务,每天至少两小时,但我们家这个月并没有让孩子参加。主要原因是担心课后服务内容不够丰富,作业辅导和兴趣拓展不能满足孩子需求,所以仍然选择让孩子参加校外的学科培训。虽然现在校外培训收费有所下降,但供给收缩,我们担心长期看培训选择变少,质量也难以保证。同时,学校原则上不布置书面家庭作业,孩子回家后空闲时间多,我们双职工家庭又难以全程陪伴辅导,担心孩子学业基础不扎实。希望教育部门能督促学校进一步提升课后服务质量,丰富课程内容,加强作业辅导和素养拓展,让更多孩子愿意留在学校,真正减轻家庭负担和校外培训依赖。谢谢。"
FCC1EA79F7963313B6CEAE2E5E10A74A03CF4FB1BC7B4E77DD2F3A4E2657A25E,希望加强校内课后服务实效,"领导您好。我是居住在西部地区的双职工家庭,孩子上小学,就读公办重点学校,通学不远。国家规范校外培训后,我们明显感受到培训收费下降,但孩子目前仍在参加学科类培训,主要因为我和爱人上班,放学后和假期里没人辅导。学校课后服务按理每天不少于两小时,但我们家这个月没有参加,主要担心开学后课后服务内容是否能真正解决作业辅导和兴趣拓展,而不只是看管。希望政府能督促学校把课后服务做实,加强校内作业指导,丰富体育、科技、阅读等活动,并保障教师和经费,让课后服务与家长下班时间更好衔接。这样既能减轻家庭经济与照护压力,也能减少我们对校外培训的依赖。"
41A9F6644B2F246141B70F437414A5AB5C35300B9B313D4D482EC8EE1D4B8F8C,"请提升学校课后服务质量,减少对校外培训依赖","领导好,我是一名小学生的家长。我和爱人平时都要上班,孩子放学时间早,家里接送上确实有困难。前些年孩子一直在外面参加学科类辅导,现在虽然培训费用比原来降了一些,但长期靠校外班不是长久办法,而且最近能选的机构也少了,质量更不好判断。学校本学期提供了课后服务,每周五天、每天两个多小时,但我们家孩子这个月还没有参加。不是不想参加,主要是对学校课后服务的内容、老师是否能认真看管、会不会变成变相上课或另外收费,心里没有底。也看到过一些地方课后服务走了样,变成集体补课或者强制报名,我们有些担心。希望领导能督促学校把课后服务真正办好,内容上丰富一些,作业指导、文体活动、兴趣拓展都能实实在在安排,而不是走过场。让家长放心把孩子交给学校,不用再往校外培训班送,既减轻经济负担,也缓解我们双职工家庭的接送和照看压力。"
C363C396122AF3DB593698E5C43EE2F5FC7B68B000671E498C29B0D431232B2F,希望学校课后服务能公平惠及每个孩子,"我家孩子就读于本地一所公办重点小学,暑期里看到相关政策要求学校完善课后服务,但孩子目前并未参加学校课后服务,我们家庭仍在参加校外学科培训,虽然费用有所下降,但心里并不踏实。我们担心学校课后服务流于形式,或者只面向部分尖子生,像以往听说的个别学校只给年级前几百名孩子补课、变相分重点班那样,导致普通孩子得不到应有的校内支持。我们双职工家庭时间有限,希望学校课后服务能真正自愿、普惠、内容多样,不搞变相补课和分层筛选,让每个孩子都能在校内获得优质的学习与发展支持,这样我们家长也就不用额外花钱去校外培训了。"
CC304BFAD84E79B469FBF3C3AEA49367E6E352A7C718573088375BBFA2140D7E,关于提升课后服务减少校外培训依赖的诉求,"我是一名小学生家长,孩子目前就读公办小学。这个暑假,学校按政策提供课后服务,但孩子本月没有参加,我们仍在报名校外学科类培训。虽然现在校外培训收费有所下降,但我们担心减负后负担转移到隐性补课、高价教辅等上面。希望领导关注这个问题,督促学校把课后服务做得更丰富实用,解决家长后顾之忧,让我们愿意选校内服务;同时加强校外培训日常监管,防止隐形变异培训增加孩子负担。谢谢。"
9785A0B6A019C9CF9B8FEE055CA49372B617503EB49C532595369684E20A2B72,关于小学生书面作业超时和课后服务需求的反映,"领导您好,我是一名中部农村小学生的家长,我们夫妻都在上班,家里时间比较紧张。这段时间发现孩子每天完成学校布置的书面作业都要超过规定的一个小时,明显超出了当前年级应有的作业时长。我们很担心长期这样会影响孩子的睡眠、视力,也会挤占体育锻炼和课外阅读的时间。虽然现在有要求学校统筹作业总量、提高作业设计质量并加强校内指导,也有要求完善课后服务,但我们这边的学校落实得还不到位,作业量没有明显变化,课后服务的时间安排和内容也比较有限,难以满足我们双职工家庭的实际需要。希望领导能督促学校和相关部门认真执行作业管理规定,严格控制书面作业总量和时长,尽量让孩子在学校或课后服务时间内完成作业,减少带回家的书面任务;同时丰富课后服务内容,提供作业辅导和兴趣活动,真正帮我们家长解决后顾之忧。谢谢。"
CF63B462E659B43DEA0F67EA29383B88BB4BA8EE84080019AC939EBEDB63AAFD,关于乡村小学暑假书面作业超时影响孩子身心健康的反映,"领导您好,我是中部地区一名乡村小学学生的家长。现在正值暑假,但孩子的书面作业量明显偏多,每天完成时间经常超过一个小时,已经超出了规定的小学阶段作业时长上限。我们夫妻都在上班,家里时间安排紧张,难以全天督促,孩子长时间伏案写作业,睡眠和户外活动都受到影响。我们理解学校想抓学习,但也希望严格落实作业总量统筹要求,减少机械重复作业,提高作业设计质量。同时,乡村学校师资力量一直比较薄弱,希望政府能加大对乡村学校的师资补充和课后服务保障,让孩子在学校就能得到有效指导,而不是把压力都转嫁到家庭。恳请相关部门核查并协调处理,切实减轻孩子过重作业负担。"
C1F7C2C188ACCAA4FAC73B1BA0F9BA81A0FFE2AA33598D3BA8904C2B583514C2,关于减轻乡村小学生暑假书面作业负担并完善课后服务的诉求,"领导好,我是中部乡村一名小学生家长。我和孩子妈妈都在外打工,文化程度不高,家里老人照看孩子,辅导作业很吃力。这个暑假孩子书面作业明显偏多,经常要写到晚上九点以后,完成时间超过了规定的一个小时,孩子睡眠受到很大影响。我们理解国家要求学校统筹作业总量、时长和质量,加强校内指导,但感觉学校还没有完全落实到位。我们担心开学后作业负担不降反升,乡村学校师资本来就薄弱,老师精力有限,作业设计质量也难保证。希望领导能关注乡村小学的实际困难,督促学校严格执行作业时长规定,提升作业质量,避免机械重复。同时希望学校课后服务能真正办起来,让孩子自愿参加,在校内完成大部分作业,有老师答疑辅导,缓解我们家长无法辅导的困境。也恳请在师资配备上向乡村倾斜,保障主课教师数量,让孩子们有更好的学习环境。"
DA6B60C8A0C13DC48789C5FD7404140E3F5DA75BCE9354482DD94B4E6D9070A9,关于乡村小学书面作业与课后服务落实的诉求,"领导您好。我家孩子在乡镇公办小学就读,我们夫妻两人都在上班,平时能陪孩子的时间很少。这个月我注意到孩子的书面作业情况没有符合当前年级规定的不超过60分钟的要求,但具体原因和作业来源我还不掌握。暑假期间学校是否有统一安排、开学后作业量会不会更大,我心里没底。希望教育部门能到学校查一查作业布置和课后服务落实情况,督促学校统筹好每天书面作业总量,提高作业质量,并在课后服务里加强校内辅导,减轻我们家长的压力。乡村学校条件有限,也请多支持师资和经费,让政策真正落地。"
D7F6311C0F8859A7982DE01F609AB14EFD070810965BD3631F0B1D8D98B966AF,关于提升农村小学课后服务实效的建议,"领导您好。我家住在乡村,孩子读小学,我和爱人都要工作,平时接孩子和辅导作业的时间比较紧。现在孩子参加了学校课后服务,这是很好的安排,但我们也有一些担心。乡村学校资源有限,担心课后服务只是简单看管,作业辅导和兴趣活动不够丰富。尤其现在校外学科培训管得严,家里也没有给孩子报过班,更希望学校课后服务能真正起到作用,比如老师能指导孩子在校内完成书面作业,减轻回家后的负担,也能开展一些阅读、体育、科普等活动。同时希望作业总量控制能持续落实,让孩子有充足睡眠。恳请领导关注乡村学校课后服务的师资和经费保障,别让好政策在基层打了折扣。"
0144A7CEA6683E8A16177BC990556DB510A34351788B9864B4F3CE907117BAAE,关于提升乡村学校课后服务质量的请求,"领导好,我是中部地区一名农村小学生的家长。我们夫妻都在上班,家里时间紧,孩子这个月每天参加学校课后服务。书面作业时间现在控制得不错,但两个小时的课后服务我们很担心师资跟不上。我们这里是乡村公办学校,不是重点,师资条件一直比较薄弱,像英语等科目可能缺少专职老师。如果课后服务只是让孩子待在教室自己写作业,遇到不会的没人辅导,就起不到作用。希望政府能督促学校加强课后服务的师资配备,特别是薄弱科目的指导力量,让课后服务内容更实在,真正帮我们家长减轻负担,也让孩子在学校把知识学扎实。"
B6B818776315B65AFA1103229232C4E7B1906E208ECE393AEAFE01414CAD0F0C,关于农村小学课后服务师资与内容的诉求,"领导您好,我是中部农村的一名小学生家长。我们夫妻都在外上班,家里时间很紧,孩子这个月参加了学校的课后服务,对我们来说是很大的帮助。孩子现在书面作业时间基本能控制在规定范围内,睡眠也还可以。但我们心里一直不踏实,因为我们这一带农村学校过去就存在师资不均衡的问题,有的学校班级多、主课老师少,英语专业老师尤其缺。我们担心课后服务如果只是把学生聚在一起看管,没有足够的专业老师来指导作业、答疑解惑,就难以真正发挥作用。特别是孩子正在打基础的阶段,我们希望课后服务不要变成简单的“看孩子”,而是能有老师针对作业进行辅导,也能开展一些阅读、体育、科学兴趣活动。恳请领导关注农村学校课后服务的师资保障和经费支持,协调补充专业力量,加强对课后服务内容的指导和监督,让像我们这样的双职工家庭安心工作,让孩子在学校课后时间里真正有收获。"
39B923B6A95F38B0B237FDF5FD5A63DCBC13979FEAED7A801D9A259978C67D36,关于保障乡村小学课后服务质量的请求,"各位领导好。我是中部农村一名小学生的家长。我们家长双方都上班,平时照看孩子的时间很紧张。这学期孩子参加了学校的课后服务,我们很感激。但马上要开学了,我心里还是有些担心:农村学校老师数量有限,课后服务能不能保证有足够的老师来带?能不能提供作业辅导、阅读、体育活动这些真正有用的内容?孩子马上面临新学期,我恳请政府能督促学校把课后服务做扎实,配足老师,最好能有英语等科目的辅导,让我们家长能安心工作。谢谢。"
86D8D742C0E61837C235482FC65BBC4E16BBB991768A1CF7958229D4F4B11EE8,关于提高学校课后服务质量的建议,"领导您好,我是一名小学生家长,家住农村。我们夫妻都在工作,家庭时间很紧张。现在孩子放暑假,学校提供了课后服务,孩子参加了,确实解决了我们白天没人看管的难题。但我们感觉目前课后服务内容比较偏向看护,作业辅导和兴趣活动还不多,孩子回家后我们还要再花时间检查作业。希望学校能在课后服务中多安排一些作业辅导和阅读、体育、手工等活动,让孩子不仅有人看,还能有收获。也请上级多支持学校,保障师资和经费,让课后服务能长期办好。"
823919AB9EBCF1D3266A1BDCFD2E549025B2DBD12E4A25006B8C85E81FED180A,关于乡村小学课后服务师资保障的诉求,"我是一名乡村小学生的家长,夫妻俩都上班,时间紧,暑假和平时放学后很依赖学校课后服务。孩子现在也参加了学校的课后服务,但作为家长,我们心里并不踏实。周边一些乡村学校存在主课老师不足、缺少专职英语和音体美老师、班级人数偏多的情况,我们这所学校也不是重点校,资源本来就有限,担心课后服务更多是看护,作业辅导和兴趣活动质量跟不上。现在校外学科培训大幅收缩,我们家长学历不高、精力也有限,更盼着学校能多教一点、教好一点。希望领导能督促教育部门关注乡村公办小学的师资均衡,核查课后服务是不是真正开展了作业指导和活动,推动优质师资向乡村倾斜,让孩子们在学校能把该学的学明白,别让农村孩子越落越远。"
866B56CAA69737CCABA5A65FC3055A3EBA3BFA150C76C7E0DAAA3E821996F936,关于乡村小学师资与课后服务质量的诉求,"领导好,我是村里一名小学生的家长。孩子正在读公办小学,暑假期间也参加了学校组织的课后服务。我们夫妻平时都在上班,时间很紧,孩子每天通学时间也不算短,原本希望课后服务能帮孩子巩固功课、发展一些兴趣。但和周围家长交流下来,大家普遍担心乡村学校师资力量不足,特别是英语、科学、音体美等专职老师配备不够,课后服务有时更像单纯看护,对孩子学习提升有限。我家经济条件在村里还算可以,但校外合适的补充资源也不多,现在学科类培训又明显减少,孩子的发展更容易受学校条件影响。希望政府能重视乡村学校的师资均衡配置,向这类非重点公办学校适当倾斜,同时保障课后服务的师资和经费,让课后服务真正有内容、有质量,让农村孩子也能在学校里得到比较好的教育。"
E7E06597A6EC9B91FDEC4ADF1425B90D05A63DC8A34A77976BE5497D6B845F7B,关于乡村小学课后服务质量与师资保障的诉求,"领导您好,我是一名乡村小学生的家长。孩子目前上小学,不是毕业班,就读于村里的公办学校。我们夫妻俩都在上班,平时时间紧,孩子放学后主要靠学校课后服务。现在政策要求学校提供课后服务,每天至少两小时,孩子这个月也参加了。但作为家长,我们心里不踏实,担心乡村学校师资有限,课后服务容易变成单纯看管,作业辅导和素质拓展内容不足。加上现在学科类培训班少了,我们也没给孩子报过,更指望学校能把课后服务做好,帮孩子巩固学习。希望领导能关注乡村学校课后服务的实际质量,督促有关部门加强师资配备和经费保障,丰富服务内容,让课后服务真正帮到我们这样的双职工家庭。"
99AB83F1A5D9924218BF0E42D7739906BDA42CFE78B634C60E335BA74EE2976D,希望优化农村小学课后服务解决双职工看护难题,"领导您好,我是村里一名小学生的家长。我们夫妻都在上班,暑假白天孩子没人看护,幸好学校提供了课后服务,孩子这个月也参加了,但服务时间还是偏短,下午结束得早,我们下班赶回来接孩子很紧张。而且服务内容比较单一,主要是看护,作业辅导和兴趣活动不多。我们家离学校不算太近,来回接送也花时间。希望政府能督促学校适当延长课后服务时间,尽量和家长下班时间衔接,同时丰富服务内容,比如增加阅读、体育、科普活动。我们愿意承担合理费用,但农村学校条件有限,也请县里乡里在师资和经费上多支持,让孩子假期安全、有收获。"
3296F17BBB5C0BD73EFDC127B0DF8CB67669BC05B98C32855FE2794F96189F03,关于改善乡村小学课后服务师资与质量的诉求,"领导好,我是一名乡村小学生的家长。我们夫妻都在务工,每天接送和辅导时间很紧张。现在孩子参加了学校的课后服务,这本来是好事,但心里还是不太踏实。我们这边学校师资一直比较薄弱,一个老师往往要管很多学生,担心课后服务只是把孩子集中起来看管,没有真正安排作业辅导和兴趣活动,更难说针对不同孩子进行指导。我们学历不高,有些作业也没能力辅导,就盼着学校课后服务能帮孩子把书面作业基本完成,并适当开展一些阅读、体育等活动。同时也担心周边校外学科培训收缩后,个别地方出现变相补课或收费,加重负担。希望领导能关注农村小学课后服务的实际质量,督促教育部门核查师资配备、内容安排和经费保障,别让好政策停在纸面上,让我们这些打工的家长能安心工作,孩子也能得到实实在在的成长。"
7D577F5087FB62E9BF2C3D24BF7A9E0FCA90AA43E9599CE40E9FD42BA79B33D2,关于提升乡村小学课后服务质量的诉求,"领导好,我是一名乡村小学生的家长。我们夫妻平时都要上班,时间比较紧,暑假期间孩子参加了学校的课后服务,这确实帮我们解决了看护难题,但我们心里还是不太踏实。孩子就读的是普通公办小学,师资力量一直比较薄弱,我们听说有的地方学校缺少专职英语、科学老师,课后服务可能只是简单看管,缺少作业辅导和兴趣活动。我们家庭条件还算可以,但以前也没给孩子报过学科培训班,现在校外学科培训少了,更希望学校课后服务能真正帮孩子养成好习惯、拓展视野。我家孩子目前作业量符合规定,睡眠也充足,但我们就怕课后服务质量上不去,孩子跟城里孩子差距越来越大。希望领导能督促教育部门多关注乡村学校课后服务的师资配备和内容设计,不要让好政策只停留在“有人看孩子”,而是真正让孩子受益,让家长安心工作。谢谢!"
884B92AB61E88ECD58F05218A1CFC352C365B15DDFE8FD32EE68F4697DF93A6C,关于提升乡村学校课后服务质量的诉求,"领导您好,我是中部某乡村的一名小学生家长。我和孩子爸爸都在上班,平时工作忙,家里时间紧,孩子放学后和假期主要依靠学校的课后服务。这个月孩子也参加了学校组织的课后服务,我们很感激,但心里还是有些担心。我们这边是乡村学校,不是重点学校,师资力量一直比较薄弱。现在政策要求学校把课后服务做好,内容多样,还要保障师资,但我们怕学校实际做起来有困难,课后服务可能只是简单看管,缺少老师辅导和丰富的活动。我们希望领导能关注一下乡村学校的课后服务,帮忙核查一下师资配备和活动安排,协调资源给学校多一些支持,让孩子们课后不仅能有人看管,还能有质量地学习、活动和成长。谢谢领导。"
7C5BB68B129A0A232C2621FF0F47DF36AF43273BF38150DEE8F98AE5A0F0940F,关于提升农村小学课后服务质量的建议,"我是一名中部地区乡镇小学生的家长。孩子就读公办小学,我们夫妻俩平时都要上班,暑假期间孩子参加学校课后服务,解决了我们很大的看护难题。但作为家长,我也有些担忧:农村学校资源有限,课后服务时间虽然有了保障,内容能不能真正丰富多样?师资力量能不能跟得上?孩子目前作业量符合规定,但作业少了以后,如果课后服务只是简单看管,没有有效的作业指导、阅读拓展或兴趣活动,我们担心孩子的发展会落后。我们家庭以前没有让孩子参加校外学科培训,现在校外培训少了,更希望学校课后服务能补上这部分,特别是暑假期间,能为孩子提供一些学业辅导、体育艺术或科学实践方面的内容。希望领导能关注农村学校课后服务实际运行情况,督促地方把师资、经费保障落到实处,真正让课后服务既有时间、更有质量,让农村孩子也能享受到好的教育资源。"
F08976C136FBEF9F67F38E9EFFEC08FC0621E6A4D8C0E6ACD6AC2D54CD71C83D,关于农村小学课后服务师资与质量的诉求,"领导好。我家孩子在乡镇公办小学就读,我们夫妻都在上班,家里时间安排比较紧,孩子这个月参加了学校课后服务,解决了接孩子和看管的部分困难,我们很需要这项服务。现在校外学科培训少了,我们更希望孩子在学校把作业和素质活动完成好。但我也担心,像我们这样的农村非重点学校,课后服务的师资和活动内容不一定能保证,老师人数少、任务重,课后服务如果只是让学生坐着,缺少作业辅导和丰富的活动,孩子的实际收获有限。希望相关部门加强督导,保障农村学校课后服务的师资和经费,推动学校把课后服务时间真正用好,开展作业指导、阅读、体育或兴趣活动,而不是简单看管。谢谢。"
9FC093AAD69A65CEF6FCB88A4B23F88758773C23B7213E953BC78FDA57BE69C4,关于乡村小学师资配置与课后服务质量的诉求,"我是一名乡村小学生的家长,孩子就读公办小学,父母都在工作,家庭时间比较紧张。这个暑期孩子参加了学校的课后服务,按照政策学校应该提供作业指导和丰富的活动,但我们担心乡村学校师资力量相对薄弱,课后服务容易变成单纯看管,起不到辅导和拓展的作用。尤其是英语等学科,周边一些学校存在缺少专职老师的情况,我们担心孩子所在学校也有类似问题。现在校外学科培训供给大幅收缩,孩子学习更依赖学校。希望相关部门核查并协调乡村学校的师资配备和课后服务实施情况,推动师资均衡配置,保障课后服务质量,让孩子在学校能获得有效的学习指导。"
7667E21E1A57AB9F8788F0C6528622F8FD7DF3F6A87B28242F707A98E773241E,关于乡村小学课后服务师资与内容质量保障的诉求,"各位领导好。我是中部农村一名小学生家长,家里父母都要上班,平时照看孩子时间很紧。这个暑假孩子参加了学校的课后服务,这确实帮我们解决了看护难题。但作为家长,我们也有些担心:我们这边是普通公办小学,不是重点,学校资源一般,课后服务能不能做到内容多样、教师尽责?政策上说要自愿参加、内容多样、时间衔接,可农村学校师资和经费有没有保障?如果只是把孩子集中起来看管,活动单一,甚至变成变相补课,那对孩子成长帮助不大,也白花了时间。我们希望领导能重视农村小学课后服务的实际质量,加强师资配备和经费支持,多安排体育、阅读、兴趣活动等,同时加强督查,别让好政策在农村走样。我们不是不要课后服务,是希望它真正对孩子有益,让家长放心。谢谢。"
4E32A35AA88E2584BBFF25D1F95081F50061D3EEF08B5AA91E7975DAC7DF9B98,关于升学衔接年级暑期后作业与课后服务的担忧,"孩子正处在小学升学衔接年级,暑假后就要进入新学段。我们家长文化水平不高,以前主要靠校外学科辅导来补足课业,现在校外培训管理更严了,暑期市场虽然还有供给,但心里没底,担心开学后孩子跟不上。新要求说学校要统筹书面作业总量、加强校内指导,还要完善课后服务,我们非常支持。希望学校开学后能真正把作业量控制在规定时间内,提高作业设计质量,别把压力推给家长。同时课后服务一定要自愿、时间衔接、内容多样,最好能有作业辅导和兴趣拓展,让孩子在学校就把作业问题解决掉,也减轻我们家长的辅导负担。孩子睡眠一直比较充足,不想因为升学后作业或补习反弹而受到影响。希望领导能督促学校落实相关政策,让我们家长放心。"
22322ACEA6DABD87E30F606227C19DAED2E15AF32CC69EEAE19E6F5A6DAFA770,关于小升初衔接期课后服务与学业辅导的诉求,"领导您好。我是一名东部城镇小学毕业班孩子的家长,孩子九月就要升入初中。家里经济条件还可以,但我和家人文化程度不高,以前主要靠校外学科辅导班帮孩子提成绩。现在国家从严规范校外培训,我们很支持,也看到学校在控制作业量,但作为家长心里很慌。担心孩子进入初中后,老师课堂讲不透,课后又要求家长辅导,我们实在辅导不了,最后可能还是要偷偷找培训班,负担可能反而更重。希望政府能督促学校把课后服务真正做实,尤其是刚升入初中的孩子,安排老师进行作业辅导、答疑补差,让孩子在校内解决大部分学习问题。另外,如果对口初中离家较远,希望课后服务时间能跟家长下班衔接好,或者协调校车、定制公交,让孩子安全上下学。我们不想让孩子在减负和规范培训后没人管,请求领导关注小升初衔接期家长的实际困难。"
0D3BA48A310010C1E9FED032E4009EC169D6FE05D96622AF48958999A1A60D66,关于孩子升初中后课堂质量与课后辅导保障的诉求,"领导您好,我是一名即将升入初中的孩子的家长。我家住在城镇,孩子原来读的是公办重点小学,我们家长文化水平不高,但一直很重视孩子教育,以前孩子校外学科辅导上得比较多。现在校外培训管理严格了,我们很支持,但也担心孩子上初中后课程变难,如果学校老师还是像我们听说的那样上课不讲透重点,把辅导压力推给家长,我们实在力不从心。家里经济条件还可以,但不希望孩子只能靠花钱补课。希望政府能督促初中学校提高课堂教学质量,把该讲的内容讲清楚;同时把课后服务真正用起来,提供作业指导和学科答疑,让孩子在学校就能学好。另外,孩子睡眠一直比较足,也希望初中作业量能继续控制好,别让作业挤占休息时间。麻烦领导关注我们这类家长文化水平不高但又不愿放弃孩子升学的家庭的难处,谢谢。"
BE38601518E2943D9E340543475D32A596F0F965F0A52892350E4E1ECD4FE81E,关于升学衔接阶段课后服务与通学保障的诉求,"领导您好,我是一名小学升学衔接年级学生的家长。孩子就读公办重点小学,家庭条件尚可,但我本人文化程度不高,辅导功课吃力,以前主要依靠校外学科培训。当前规范校外培训后,我们很支持,但也担心秋季开学后学校课后服务能否跟上,提供足够的作业辅导和衔接学习支持。我们听说有家长反映过对口初中距离较远、上下学不便,也担心自己孩子将来遇到类似问题。恳请领导督促教育部门指导学校丰富课后服务内容,提高课堂教学质量,并统筹考虑初中入学后的通学便利,让孩子能够安心在校内学习,减轻家庭负担。"
D8090E37E2FC3BD1DC586FE430260A650EBA18CBD1FBA6CC18BC7B856FD9C32E,关于提升课后服务学业支持缓解升学衔接焦虑的诉求,"领导好,我家在东部城镇,孩子就读公办重点小学,正值升学衔接年级。本月学校布置的书面作业时间符合规定,孩子也参加了课后服务,这一点我们很认可。但作为家长,我和家人文化程度不高,辅导能力有限,以前给孩子在学科辅导上投入较多。现在校外学科培训供给明显收缩,虽然费用降了一些,但选择变少,孩子目前虽还在参加,我们总担心后续接续不上。课后服务时间有保障,可我们不清楚里面的学业指导能不能满足孩子巩固基础、查漏补缺的需要,特别是升学衔接年级,知识不牢会影响后面。希望领导关注课后服务的内容设计,在自愿前提下加强作业辅导和学科答疑,让校内支持更实在,减少我们这样的家庭焦虑。"
D03F41FEB07EABA5F3FA76AD3277EC930D155A54AF62D8F1F24E67632D4038E1,关于孩子小升初阶段课后服务与对口中初中交通的诉求,"领导好,我是孩子家长。孩子正处在小升初衔接年级,目前每天参加学校课后服务,但感觉课后服务对课业辅导的针对性还不够,孩子回家后仍要参加校外学科培训,虽然费用降了一些,可我们家长文化水平不高,辅导起来很吃力,经济上也有压力。书面作业时间控制得不错,但希望学校能在课后服务中加强作业指导和知识巩固,丰富拓展活动,这样我们就不用额外报班了。另外,孩子马上要升初中,听说对口的初中离家比较远,路上要经过不少红绿灯,家里没有汽车,孩子自己骑车上下学安全隐患大。希望领导能协调教育部门,在课后服务中增加针对性辅导,同时统筹考虑初中学校布局或校车安排,减轻家长后顾之忧。"
C9A58B8E52573FACE119E45F49D84347B3C653DE3FDC9C120FBFFAA0A4A32EF5,"希望加强课后服务学业辅导,减轻小升初家长补习焦虑","领导您好,我是小学六年级学生家长。孩子今年面临小升初,我们家长文化程度不高,辅导功课有困难。现在校外培训班明显减少,虽然我们家还在上一家合规机构,费用也降了,但心里不踏实,担心后续不稳定。学校课后服务我们参加了,每天时间够,但感觉主要是看管,缺少针对性的学科辅导。孩子作业符合规定,但我们希望课后服务能真正帮助孩子巩固课堂知识,尤其是数学和英语。小升初关键阶段,不能只依赖补习班。请领导督促学校提高课堂效率,丰富课后服务内容,让孩子在校内就能学好,减轻我们家长的经济负担和心理焦虑。谢谢。"
15EC61BFDA26535ED3BA6A945836060975F0BBE5D7CBF418085412D5F90A5422,关于升学衔接年级课后服务与通学保障的诉求,"领导您好,我是一名小学升学衔接年级学生的家长。孩子现在公办重点小学就读,平时作业时间符合规定,我们也比较放心。但马上要升初中,我们心里没底。一是担心对口初中离得远,家里只有电动车,早晚高峰车多,孩子自己骑车不安全,我们接送又不方便;二是我们家长文化程度不高,辅导作业越来越吃力,以前靠课外班,现在学科培训收缩,虽然费用降了,但担心以后没地方补,孩子学习跟不上。学校课后服务孩子也参加,但目前不清楚里面有没有老师能针对性地辅导功课,还是只是看管。希望政府能统筹考虑,一方面督促学校把课后服务做实,增加学业辅导;另一方面在升学划片或校车安排上考虑实际困难,让孩子能安全方便地上学。谢谢。"
07EAB6DA6DB2F1F5B12A38B8A7E0E400A553112D41A3A921C6BCAD27C62DB9AC,希望学校课后服务能真正帮孩子解决学习困难,"领导好,我是小学高年级学生的家长。我文化程度不高,辅导孩子功课越来越吃力。现在校外培训班少了很多,我们虽然还在上,但心里不踏实,担心以后跟不上。孩子这学期参加了学校课后服务,感觉有地方写作业,但不知道新学期能不能继续加强。希望领导重视课后服务,安排老师多给孩子讲题、辅导作业,不要只看着写,要真正解决孩子不会的问题。另外希望学校合理安排作业量,别超过规定时间,让孩子能睡够觉。我们家长能配合的都会配合,只希望孩子能考上好初中、好大学。"
AD87F0CE5816856DE3F17E201711BF3AE2296AC8C0E73251048E9BAF8A7CA628,关于孩子升入初中后通学不便的求助,"领导您好,我家孩子今年暑假后就要从小学升入对口的初中了。我们住在东部大区城镇,单程到小学时间短,但听说对口的初中位置比较远,开车都要十几分钟,路上要经过七八个红绿灯。我们家长文化程度不高,平时工作也比较忙,家里虽说不算困难,但很难保证每天开车接送。如果哪天没有汽车可用,只有电动车,孩子满了十二岁又不能坐电动车,让他自己骑自行车上下学,我们实在不放心,早晚高峰路上汽车那么多。希望有关部门能考虑我们这类家庭的难处,在初中划片或建设上尽量就近安排,或者提供校车、优化公交线路,最好能和学校的课后服务时间衔接上,让孩子放学后有个安全去处等我们接。孩子学习上我们已经很吃力,通学再成问题,我们真的不知道该怎么办了。恳请领导关注一下。"
1B0E2A66CBDA961A352AF86119670DD3F927F7AF09D4C716DFC251E6A0F92B2F,关于提升课后服务质量减轻家长培训负担的诉求,"领导您好,我是一名小学生的家长,孩子马上要升初中了。我和爱人文化程度不高,辅导孩子功课很吃力。现在学校作业量是符合规定的,孩子也参加了课后服务,但我们心里还是不踏实,担心他学得不扎实,所以还是给他报了一个学科补习班。现在补习班管得严,价格比之前便宜了,但能选的少了,我们怕选到不正规的,花了钱没效果。我们最担心的是学校课堂教学抓得不实,课后服务只是看孩子,没有真正辅导作业、查漏补缺,这样我们只能继续花钱补课。希望政府能督促学校把课堂教学和课后服务做扎实,让老师在课后服务里能针对性地辅导孩子作业,减轻我们家长的负担。"
168149F0AB308EE0C94CE81BECD7C1A82437E0EF5F2A8A3A311A84799CBD2A12,关于小升初对口初中距离远及课后辅导问题的求助,"领导您好,我家孩子目前正处在小学升初中的衔接阶段,就读于公办重点小学。我们居住的片区学校分布相对稀疏,担心对口初中可能离家较远,孩子上下学需要经过多个路口,路上不安全。家里老人无法接送,我们家长文化程度不高,辅导初中课程也很吃力,目前孩子还在参加校外学科培训,但又担心政策变化后培训资源减少。希望有关部门能核查本片区小升初对口安排,如果确实距离过远,能否协调就近入学或提供校车、优化公交线路;同时希望加强初中课后服务,让孩子放学后能在学校完成作业、得到学业辅导,减轻家长接送和辅导压力。谢谢!"
D0C8C4DE6921384245F99E3C1F989A294C57D5AD914B0AAE87D5AEC8BE8FF086,关于升学衔接年级课后服务与学业支持的建议,"领导您好。我家孩子秋季开学就到升学衔接年级了,我们家长文化程度不高,以前主要靠校外学科辅导帮着抓学习。现在学科培训少了很多,我们还在上的课费用虽然降了,但总担心哪天就上不了,暑假也没敢放松。学校有课后服务,孩子也参加,这是好事,可课后服务到底能不能帮孩子做好衔接、把基础打牢,我们心里没底。希望区里能督促学校把课后服务内容做得更实在一些,尤其对升学衔接年级,增加作业辅导和学习方法指导,别只是看管。书面作业控制在60分钟内我们支持,但孩子回家后我们不会教,如果学校课后服务能把当天的学习问题解决掉,我们才能放心。另外也请关注现有合规培训的稳定性,别让我们这些确实有需求的家庭一下子失去支持。"
4AB17F04CFDB4AE38031DD0ADFBB76EB6A00D0D7DA22C4F57A37B24C4E2C05F5,关于升学衔接年级对口初中通勤和课后服务衔接的诉求,"领导您好。我家孩子暑假后就要升入初中,现在我最担心的是对口初中位置和上下学接送问题。我们住城镇,周围学校条件虽然不错,但从附近家长的经历看,有的对口初中规划位置离家较远,要经过好几个红绿灯,早晚高峰车也多。家里如果没有汽车,只有电动车,孩子满12岁后按规定不能坐电动车,让他自己骑自行车上下学,家长实在不放心。希望政府能统筹考虑划片距离,或在学校周边安排校车、公交专线等接送保障,同时把初中课后服务时间和家长下班、接送衔接好,避免放学后无人看管或通勤出问题。现在学校课后服务虽然每周有五天,但能不能真正解决不同家庭实际困难,还请领导督促落实。我们家孩子目前在参加校外培训,费用比原来降了一些,但升入初中后如果校内课后辅导和作业指导更到位,我们也希望少依赖校外培训。恳请相关部门重视升学衔接阶段的实际困难,别让孩子因为上学路远、接送不便增加负担。谢谢。"
FFC945D3AED923F24721B5510A32021E23CB8EF91CB32DC7BDE81566CD978104,建议加强小升初衔接期校内教学与课后服务监管,"我家孩子正处于小升初衔接阶段,目前在公办学校就读,离家里不远,孩子也参加了学校课后服务。平时书面作业时间控制得不错,睡眠也充足。但我自己只有初中文化,辅导孩子越来越吃力,家里又希望孩子将来能考上本科。现在外面学科培训班少了很多,价格也降了,可我们还是给孩子报着,主要是担心学校课堂讲不扎实,课后服务只是看管,解决不了学业疑问。我们很怕孩子升入初中后,出现课堂不讲透、课后让家长辅导,辅导不了只能送培训班的情况。孩子正处在升学关键期,如果学校课后服务能真正加强学业辅导和查漏补缺,我们就不用一边交着培训费,一边提心吊胆。希望教育部门能加大对学校课堂教学和课后服务质量的监督,特别是对升学衔接年级,避免出现校内减负、校外增负的现象,让家长能安心把孩子交给学校。"
39399D88BB74C6A5007F4499B779B28F2B6854A15411BB92792D68D604DAA335,关于孩子升初中通学安全和就近入学的求助,"领导您好。我家孩子现在上小学,暑假后就要升入初中。孩子现在就读的小学离家比较近,上下学方便,但我们对初中对口安排比较担心。我们这个地区学校不算密集,我们担心初中对口学校可能离家较远。家里大人文化程度不高,辅导学习已经吃力,更怕孩子中学后每天在路上折腾,安全没法保障,早晚高峰车多,我们实在不放心。孩子目前也参加学校课后服务,但不知道升入初中后课后的时间和放学接送能不能衔接上。希望政府能够提前核实这一片区的升学划片安排,尽量让孩子就近入学;如果确实需要对口学校较远,也请协调校车、交通护学或延长初中课后服务,解决我们最实际的接送和安全困难。谢谢领导。"
005B7184FA22933F25277EC6CD203CAC7D9253B42B314964BE637DD97E92CBEE,关于暑假和开学后孩子学科辅导的求助,"领导好,我家孩子马上要升入高年级,我们做家长的学历不高,辅导不了功课,心里很着急。孩子现在虽然还在上学科培训班,但这几年能选的机构明显少了,我们担心后面没有稳定的地方补课,影响孩子跟上学习。学校有课后服务,孩子也参加了,但感觉内容还不够针对升学衔接的需求,希望能增加一些学科方面的答疑和巩固,或者提供更多公益性的辅导资源。我们也知道要减轻负担,但家里经济条件还可以,愿意为正规的培训付费,就怕没有渠道。希望政府能帮我们想想办法,让学校课后服务更实用,也让我们能找到放心的学习支持。"
E8C67B417AB9586F2EE0103E17DC77540A1AA4161E531175247E37129F6323FC,关于小升初衔接阶段课后服务与对口初中交通问题的求助,"领导您好。我家孩子今年小学毕业,即将升入初中,正处在升学衔接阶段。孩子现在就读的小学离家很近,但我们了解到附近有孩子对口初中位置较远,每天上下学要经过多个路口,我们非常担心开学后孩子上学路上不安全,也怕耽误时间。暑假期间孩子虽然参加了学校课后服务,但我们家长文化水平不高,辅导不了功课,感觉课后服务里学业辅导和初中衔接指导还不够,为了不让孩子掉队,家里只好继续报学科培训班。现在校外培训管得严了,费用也降了一些,但负担还是存在。希望政府能重视小升初衔接阶段的实际困难:一是督促学校把课后服务做扎实,增加学业辅导和初中适应指导;二是协调解决对口初中距离远的学生交通问题,能否就近入学或增加校车。谢谢。"
B3667D110B0A127F12383A64501D9C693FB1C8392FEA3E5C058B9D49601AE1A4,关于升学衔接年级课后服务和对口初中距离的担忧,"领导好,我是一名小学升学衔接年级孩子的家长。我家住东部城镇,孩子就读公办重点小学,平时通学近,但眼下要升初中,听说对口初中可能离得远,路上要过不少红绿灯,家里老人不会开车,我文化水平也有限,很担心孩子以后上学安全。现在学校有课后服务,孩子暑假也参加了,每天时间不短,但我们家长最关心的是里面有没有针对升学的学业辅导。我本人初中毕业,辅导不了现在的功课,孩子目前还在外面参加学科培训,虽然费用比前几年降了,但规范后机构少了,选择不多,我们也怕耽误孩子。希望领导能重视这个问题,一是看看能不能让对口初中就近安排或增加校车等通勤保障,二是督促学校课后服务真正把学业指导做实,特别是对像我们这样家长辅导能力不足的家庭,让孩子在校内就能获得有效帮助,减轻我们继续报校外培训的压力。"
C836CEBE49D53F7582CC4A8DA9668C4F27C616ED0F271F866A8B258A69F13336,关于升学衔接阶段减轻学科培训负担的诉求,"领导您好,我是一名小学升学前衔接年级学生的家长。家里经济条件还可以,但我和家人文化程度不高,辅导孩子功课越来越吃力,又希望孩子将来能考上大学。现在孩子在学校参加课后服务,同时我们还在给他报学科类校外培训,虽然费用比之前降了一些,但每个月仍是一笔负担,更主要的是担心如果只靠校内学习,升学衔接的知识掌握不牢。我们希望能请政府督促学校把课堂教学抓得更扎实,作业指导更到位,课后服务不只是看管,而是能提供有效的衔接辅导。这样我们这类家长就能少一些焦虑,少花冤枉钱,也能更放心地配合学校。"
6E6CCCE1488361D8355FA75EFC1F414459B6B5F67BEA01B283A3DA5D14D8DF54,关于小学暑假书面作业超时及新学期减负的诉求,"领导您好,我是东部城镇一名小学生家长,孩子就读公办非重点小学,非毕业班。这个暑假孩子的书面作业完成时间多次超过规定的一小时,我们不清楚是学校布置量偏大还是孩子自身效率问题,但长期下去担心影响睡眠和视力。我家经济条件尚可,父母一方未就业有时间陪伴,即便如此孩子每天仍要花大量时间在作业上,运动阅读时间被挤占。我们非常支持国家关于统筹作业、规范校外培训和完善课后服务的政策,但希望新学期学校能严格落实作业统筹,不布置超时书面作业;同时持续监管校外学科培训,防止变相增负;并希望课后服务能提供作业辅导和素质课程,解决家长后顾之忧。请领导关注基层学校落实,让孩子真正减负。谢谢。"
AFB11E5B46E661B3A301610C88ADB6F46D4E2457107CA0D48519815BF75A69B9,关于落实作业减负和课后服务、规范校外培训的诉求,"暑假期间,孩子书面作业情况未达到规定时长要求,我们担心开学后作业量会进一步增加。教育部门要求学校统筹作业总量、时长与设计质量,希望学校能真正落实,减少重复机械作业,加强校内指导。同时,政策从严规范学科类校外培训,我们支持,但担心如果学校作业不减、课后服务跟不上,孩子学习问题得不到解决,家长只能另找补课。希望区里督促学校提高课堂效率和作业设计质量,丰富课后服务内容,坚持自愿原则,不要让课后服务变成变相集体教学。另外,也希望加强对教师教学行为的监督,防止个别老师课上不讲课后讲、变相要求补课,增加家庭负担。"
DDCB076D570C9C0F76D8320C6EDA43B4E436DADD7CDADEA82330666E1A454457,关于小学书面作业时长超标的求助,"领导您好,我是本地一名小学生家长。孩子就读公办小学,不在毕业年级。这个暑假发现孩子的书面作业量明显偏多,每天完成时间超出了规定的小学60分钟上限,我们很担心长期这样影响孩子休息和睡眠。我们家庭经济条件尚可,以前也给孩子报过学科辅导,但现在政策严管校外培训,我们更希望学校能真正控制好作业总量,提高作业质量。同时,希望学校课后服务能加强作业指导,让孩子尽量在校内完成书面作业,减轻家长辅导压力,也能避免变相增加家庭负担。恳请领导关注,督促学校严格执行作业时长规定,并完善课后服务内容,让孩子度过一个健康、合理的暑假,开学后也能持续规范。"
9827230A769E81B6E41F325CEDDDF55E44AD78CE9C1A4FC197C8140AA0DDDBEA,关于小学生暑假书面作业时长超标问题的反映,"领导您好,我是一名小学生家长。孩子就读于公办小学,今年暑假期间,我们注意到孩子的书面作业情况似乎超出了政策规定的要求。根据现行规定,小学阶段书面家庭作业平均完成时间不应超过60分钟,但本月孩子的作业情况并未符合这一规范。我们不清楚具体原因,也不知道学校是否按照要求统筹作业总量和设计质量。作为家长,我们理解学习的重要性,但也担心孩子负担过重,影响睡眠和身心健康。我们家庭经济条件尚可,但平时工作较忙,陪伴和辅导孩子的时间有限。孩子以前也参加过一些学科类培训,现在虽然培训市场变化不大,但我们担心如果学校作业不减下来,培训压力又会叠加。希望教育部门能够关注这一问题,核查学校作业布置情况,督促学校严格落实作业管理要求,并完善课后服务,让孩子能在校内完成大部分作业,减轻家长负担。谢谢。"
EC536CFEEE87B108C1F69856A05377342C173ADD012A3648892AFDFCF5D09219,关于丰富小学课后服务内容减少校外培训依赖的建议,"领导您好,我家孩子在公办小学就读,目前不是毕业班。这学期开学后,学校课后服务每天都有,孩子也参加了,每天到下午挺晚,我们接送也方便。但说实话,课后服务更多是看护和写作业,孩子作业本来就不多,在校内基本能完成。我们家长学历不算低,对学习有要求,希望孩子将来能上本科。因为学校课后服务内容比较单一,我们只好继续给孩子报校外学科培训,可现在合规机构少了很多,选择面很窄,我们担心孩子学习进度跟不上,也怕踩到不合规的坑。希望政府能指导学校把课后服务做得更丰富、更有质量,比如增加一些学科拓展或学习方法指导,让孩子在校内就能得到更多提升,减少家庭对校外培训的依赖。这样我们家长也能更安心。"
6D786D99DD0473D2E9DEFEB4644A6C8E979D55FBEFFF74CF17F473A1D7279096,关于课后服务不要变成变相补课的担忧,"领导您好。我们家孩子就读公办小学,这个学期开学后继续参加学校课后服务。作为家长,我最担心的是课后服务虽然时间有了,但实际内容是不是真的多样化。以前听其他家长讲过,有的学校会把体育、美术这些课调换成语文数学,甚至老师私下暗示孩子去家里补课。现在课后服务每天至少两小时,如果学校只是让孩子坐在教室里写作业、讲题目,那和增加学业负担有什么区别?我们家经济条件还可以,孩子目前也还在参加校外学科培训,但我们更希望孩子在学校里能有体育活动、兴趣小组,而不是被课后服务再圈在教室里刷题。希望领导能督促学校严格落实课后服务内容多样的要求,不要把自愿参加变成变相强制,也不要让课后服务成为学科培训的校内延伸。同时,校外培训规范以后,我们家长也需要更清楚哪些是合规的,希望相关部门加强宣传和监管,减少我们的焦虑。"
A9D31B41AB109E069DA784F7F676E49D057E3CCDD8D5492ADCED5874013B7676,关于开学后孩子课后安排与学科培训衔接的担忧,"领导您好,我是一名小学生家长。马上要开学了,我有些担心孩子的课后安排。我们家孩子现在参加了学校的课后服务,也还在参加校外的学科类培训。这半年多校外培训市场变化很大,合规的机构明显少了,我们虽然还在上,但很担心开学后能选择的范围会越来越窄,或者有些机构会转入地下,反而不安全。学校课后服务每天有两个小时,我们参加了,但希望在作业辅导之外,能增加更多体育、艺术等多样化内容,真正让家长放心地把孩子留在学校,减少对校外培训的依赖。同时也希望继续规范校外培训,既要管住乱收费,也要给合规机构留出稳定经营的空间,让我们这些确实有需求的家庭能安心。谢谢。"
9574C9B68AF09CA66D89651AAECF998949D8DD3E2B49BBA140FA715FFFBC36C0,关于规范课后服务内容、减轻学生双重负担的诉求,"领导您好,我是一名小学生家长,孩子就读公办学校,非毕业年级,在东部城镇生活。家里经济条件尚可,但时间和费用上仍感到压力。这个月孩子参加了学校课后服务,同时也在校外参加学科类培训。虽然培训费用有所下降,但两边加起来,孩子在校时间变长,回家还要完成作业,我们担心长期下来影响休息和兴趣发展。现在学校课后服务每周五天,每天至少两小时,但具体上什么、是否自愿、有没有变相补课,家长并不清楚。我们支持课后服务,也希望它能真正提供丰富的活动,帮孩子在校内解决作业问题,而不是又变成主科加课。这样我们也不用额外花钱去外面上培训班。请领导关注学校课后服务的实际内容和质量,督促学校公开安排、落实自愿和多样化,并继续加强校外培训的规范管理,让家长放心、孩子轻松一些。"
E8296BE893262BA3CC6C239A520C4024D98151F4AD2A8A65A0C4D0005D6D29F8,"希望提升学校课后服务学业支持,缓解家长校外培训焦虑","领导您好,我是一名小学生家长。孩子目前在公办学校上学,暑假也参加了学校的课后服务,每天时间挺长,但作为家长还是有些不踏实。以前我们给孩子报的学科类校外培训比较多,现在外面合规的机构明显少了,虽然费用降下来了,但可选择的不多,想找个靠谱的地方辅导功课挺难。我们家经济条件还可以,但更希望孩子能在学校里得到更好的学习指导,而不是只能继续找校外班。现在学校课后服务主要是自愿参加,时间上也能衔接,但我感觉内容上还可以更丰富一些,特别是针对小学孩子的作业辅导、阅读习惯、学习方法这些方面,希望能有更具体的安排。这样我们家长也能少一些焦虑,减少对校外培训的依赖。希望领导能关注一下课后服务的质量提升,谢谢。"
E8F4265ACA0C19CBC665FCDD0CB9E106758F2EBEA8DA2B9088B795B72AE4D8EC,关于提升课后服务内容质量、防止变相补课的建议,"领导好,我是东部城镇一名小学生家长。孩子就读公办小学,离家不远,目前暑假在家。我们家接送时间相对宽裕,孩子睡眠一直较充足,我们也希望他以后能读本科,所以对学习质量比较在意。这学期孩子参加了学校课后服务,学校说每天不少于两小时、自愿参加。我们支持这个安排,但也担心开学后课后服务内容是否真能多样,会不会变成变相上主科、讲卷子,甚至被老师暗示必须参加。以前听同省家长反映过,有老师借课后时间暗示补课、把副课调成主科,我们很怕这样的情况出现。现在校外学科培训选择少了,费用虽然降了一些,但我们仍在给孩子报,说明我们对校内课后服务的信心还不足。希望领导能督促学校切实落实课后服务的内容要求,加强巡查,公开每周安排,保障自愿参与,别让课后服务变成变相加课或补课。这样家长才能安心把孩子交给学校,减少对校外培训的依赖,孩子也能有更多时间休息和运动。"
3A6D9EC9E3607EEA05C8C90A3A633B5AE0D35B7BE6BC3C58C3676DC4D14C6121,关于提升小学课后服务质量与规范校外培训的建议,"领导您好。我家孩子目前上小学,不在毕业年级。作为家长,我们一直比较重视孩子的学习,家庭经济条件尚可,也愿意为教育投入。相关政策实施后,我们明显感觉到合规的学科类培训选择少了很多,虽然费用有所下降,但我们给孩子报的培训心里并不踏实,担心机构不稳定或质量打折扣。同时,学校课后服务我们也在参加,但更希望课后服务能增加作业辅导、学习方法指导和学科拓展内容,比如数学思维、阅读写作等,帮助孩子在校内解决学习问题。我们身边也有家长有类似顾虑,怕孩子基础不扎实,影响以后升学。希望领导能督促学校丰富课后服务内容,加强师资保障,同时继续规范校外培训市场,让我们家长有更多放心选择。谢谢。"
A3F41B79D20319ADC02A649D98F47F718D55608550E664339608849169661DE5,关于暑期学科培训负担与课后服务衔接的担忧,"领导您好。我家孩子在东部城镇一所公办小学就读,不是升学年级。家庭条件不算差,时间也相对宽裕,但孩子以前学科类培训参与较多,现在暑假里也还在参加显性学科培训。听说现在对校外培训管得严,我们配合支持,但心里也矛盾:一方面收费确实降了,另一方面担心供给收缩后培训质量、安全以及会不会转成隐形补课。同时孩子这个月也参加学校课后服务,政策说每天至少两小时,但我们并不清楚开学后内容是否多样、老师是否顾得过来,作业能不能真正在学校里解决。我们最担心的是,如果课后服务承接不好,家长又会悄悄找补习,反而更乱。希望领导能督促相关部门加强暑期培训监管,并提前把开学后的课后服务和作业管理抓细抓实,让家长安心。"
EAD4015DD7ACAB33D2F1BFB32A234044514637BC9983D471C722A066BF1CD702,关于暑期课后服务与校外培训管理的建议,"领导您好。孩子正在上小学,暑假期间参加了学校的课后服务,我们对此很感谢。但作为家长,我们仍有些放心不下:一是课后服务内容是否能满足孩子假期成长需要,希望学校能在假期增加体育锻炼、阅读、科普等活动;二是我们家庭仍在给孩子报学科类校外培训,虽然目前收费比过去低了,但市场上合规机构明显减少,我们担心预付费安全和教学质量,希望有关部门加强对现有培训机构的资金监管和办学规范,让家长安心。孩子平时睡眠充足,我们也希望假期不要被学科培训占满,能有更多元的选择。恳请区里统筹学校、社区和公共场馆资源,把暑期托管和兴趣活动做得更扎实,同时管好校外培训。谢谢。"
00A840423A8142B1CE96F50F876D76CB8C787DBF2CCFA529E066E441DE925940,关于提升课后服务质量、减少校外培训依赖的建议,"领导您好,我是一名小学生的家长。孩子现在上小学,暑假参加了学校课后服务,时间上确实方便了我们,但感觉服务内容偏重看护,对孩子学科薄弱环节的针对性指导不足。我们家经济条件还可以,但也不想长期依赖校外培训。现在正规学科培训少了,我们还在上一家,费用降了一些,但心里不踏实,担心机构突然停业或者转向隐形培训。希望政府能督促学校把课后服务做深做实,增加个性化辅导和兴趣活动,让孩子在校内就能解决大部分学习问题,真正减少对校外培训的需求。同时请继续加强校外培训收费和预收费监管,保障我们家长的钱袋子。"
75194DC67C7C30892237C08A3F304FDCCCEAEC3196D5D05CA9DFEF41EF0F03C1,"希望提升学校课后服务质量,减少家庭对校外培训依赖","领导您好,我是一名小学生家长。这个暑假孩子在学校参加课后服务,但感觉内容比较单一,基本是看护和写作业,缺少有针对性的学习辅导和兴趣活动。孩子校内作业虽然不多,可学习上的薄弱点没有得到帮助,我们只好继续在外面报学科类培训。虽然现在培训收费比过去低了一些,但作为家长还是希望孩子能在校内解决大部分学习问题,而不是一边参加课后服务一边还要额外补课。我们担心如果课后服务只是“有人管”而质量上不去,会让有条件的家庭继续依赖校外培训,没条件的家庭差距更大,也可能出现个别老师变相引导补课的情况。恳请政府加强对学校课后服务的质量监管和资源投入,丰富课程内容,提升师资专业性,让孩子真正受益,也让家长安心。"
02C599724694242C6D2027A87B927C6367D9C15B8EE92AA1A535C60A3B196C79,关于提升学校课后服务质量、缓解家长教育焦虑的建议,"领导您好,我是一名小学生家长,孩子目前在本地一所公办小学就读,不是毕业年级。我们家一直比较重视孩子学习,希望他将来能考上本科。现在校外学科培训管理越来越规范,我们理解这是为了减轻负担,也感受到培训费用有所下降。孩子这个暑假参加了学校提供的课后服务,但我们不太清楚具体每天安排了哪些内容,质量如何。我们担心如果课后服务只是看管写作业,可能难以满足孩子拓展提升的需要,这样一来家里还是不敢轻易停掉校外培训。希望区里能加强对学校课后服务内容和质量的监管,定期公开服务安排,让家长明白消费、放心选择。同时请关注不要借课后服务变相增加学业压力,保证孩子有足够的休息和活动时间。谢谢。"
8544B1E79150867641F9239D1035790FB6CF9B89CD7E32C1D88130F8CFDB951B,关于提升小学课后服务学习指导质量的建议,"领导您好。我家孩子在公办小学就读,目前不是毕业年级。这个暑假孩子参加了学校的课后服务,我们也按照现行要求继续参加合规的学科类校外培训。虽然培训收费负担比过去有所下降,但作为家长始终担心孩子的学业基础不够扎实。学校书面作业时间控制得比较规范,但仅靠这些作业,孩子在校内得到的巩固和拓展机会可能有限;课后服务如果内容不够充实,只起到看护作用,难以满足我们对孩子未来升学的期望。我们理解规范校外培训是为了减轻家庭负担,但希望政府能同步督促学校提升课后服务质量,尤其增加作业辅导、学科兴趣拓展和个别答疑,让孩子在学校就能获得有效的学习支持,逐步减少对校外培训的依赖。"
9C50D32F5789DB6BAE899FCD8043E07CFC446FF5F908DE35077A1B0DE478EBF8,关于提升学校课后服务质量、缓解家长教育焦虑的建议,"领导您好,我是一名小学生家长。孩子所在学校已经开设课后服务,我们也让孩子参加了。政策要求课后服务内容多样、时间衔接,我们很期待。但作为家长,我们有些担忧:孩子回家后很少主动提起课后服务的具体活动,我们不清楚这两个小时是否只是看管或写作业,担心内容不够丰富。现在校外学科培训规范后,合规机构明显减少,我们虽然还在给孩子报,但选择很有限,费用降了,心里却不踏实。我们家庭经济条件尚可,但更希望孩子在学校就能得到好的教育和指导。希望领导能督促学校把课后服务真正做扎实,丰富体育、艺术、科技等活动,加强作业辅导,让课后服务成为孩子愿意去、家长放心的好去处,也减少我们对校外培训的依赖。拜托了。"
5BEDC25E43A4840429CCF90D0E44236B0ECAB1897FF680F6ED4EB141DE306DAB,"希望提升学校课后服务质量,减少家庭校外培训负担","我是一名小学生家长,家住东部城镇,孩子目前就读公办小学。这个假期孩子参加了学校提供的课后服务,但为了学业不掉队,家里仍给孩子报了学科类校外培训。虽然培训费用较之前有所下降,但我们更希望孩子能在校内解决学习问题,减少额外奔波。希望学校课后服务能增加作业辅导、答疑和多样化活动,真正满足家长需求,避免流于形式。同时,也请相关部门继续规范校外培训,防止乱收费或变相加重负担。孩子睡眠一直较好,我们不想因学业压力牺牲健康,希望学校把课后服务用好。"
2B2389F7C7C1759B2FA6811441AE4615169BDA022C43AC139BC1FB3B3C35A9A7,关于加强校外培训监管和课后服务质量的诉求,"领导您好。我家孩子在公办小学就读,家庭条件还可以,但孩子以前接触学科类校外辅导比较多。现在虽然周围培训供给少了,费用也降了一些,我们仍然让孩子参加着学科类培训。心里比较担心,怕现有机构在规范审核过程中突然停课或发生预收费纠纷。学校课后服务我们也在参加,但具体内容是否丰富还不确定,能不能真正减少家长对校外培训的依赖,我们也没有底。希望有关部门能加强对现存学科类培训机构的收费和预收费监管,同时指导学校把课后服务做得更实在,让孩子在校内就能有好的辅导和活动安排。谢谢。"
D9FBC7CCFE512025E6F2933E19E8BA8CD2AAB4D21015C8D72F2AF6D7C73AD978,希望新学期课后服务能真正解决作业辅导难题,"领导您好,我是一名小学生的家长。我们家长文化程度不高,辅导孩子作业很吃力。现在孩子年级低,原则上不布置书面家庭作业,我们暂时还应付得过来,但担心升入新年级后作业会增加,到时候我们更帮不上忙。最近看到政策要求学校完善课后服务,我们非常期盼。希望新学期学校能提供实实在在的课后服务,最好能有老师指导孩子在校内完成作业,或者组织一些体育、艺术、科技活动,不要只是让孩子坐着等家长。也希望学校能继续控制作业总量,不要让我们家长批改作业、做手工。另外,校外学科培训我们以前没上过,但听说有些孩子还在偷偷补课,希望政府继续严管,让大家站在同一起跑线。暑假孩子在家,学习方面我们辅导不了,更觉得课后服务重要。请领导多关注我们这样的家庭,谢谢。"
3951C7EAE420CF092FEBE6675EDFBF4168565A647A572F4205E9537A9F11C25B,关于恳请加强小学课后服务与作业管理减轻低学历家庭负担的建议,"领导您好!我家孩子目前在东部城镇一所公办小学读书,不是毕业班。家里经济条件尚可,但我和家人文化程度不高,辅导孩子学习确实吃力。现在暑假快结束,新学期即将开始,我们特别关心学校课后服务和作业管理能不能真正落实。孩子这个年级原则上不布置书面家庭作业,但我们担心个别学校变相布置或课后服务只是简单看管,没有实际帮助。我们家长文化低,没法辅导,也不愿再增加校外培训负担。希望政府能督促学校严格落实作业统筹规定,课后服务坚持自愿参加、时间衔接、内容丰富,尤其能指导孩子校内学习任务、培养兴趣爱好。孩子睡眠一直比较充足,不希望因为作业或课后安排受影响。恳请领导关注,让我们这样的家庭能安心工作、孩子健康成长。"
54CD0BDA601A3792BEB54D30B6BC6D3C963F2EBABE256D1420FE0B51E5ABF0E2,希望学校课后服务能真正帮到我们文化不高的家庭,"领导您好。我是东部城镇一名小学生的家长,孩子就读公办小学,不是重点学校。我们家庭经济条件中等偏上,但我和孩子妈妈文化程度都不高,初中没读完,现在孩子上小学,平时作业我们基本辅导不了。听说新学期学校要减少书面作业,还要开展课后服务,我们心里既高兴又担心。高兴的是孩子不用背着作业回家我们干着急,担心的是学校课后服务如果只是看管,不真正辅导学习,那孩子的基础就更没人管了。现在校外培训管得严,我们也不想给孩子报班,更指望学校能把课后服务做好。恳请领导督促学校在开学后把课后服务做实,安排老师认真指导孩子完成作业、巩固知识,让我们这样家长文化不高的家庭,孩子也能在学校得到公平的学习支持,不落后。"
B34566D2A2B65FCBEC57B583CF60ACD9C7A6EAB7F3F5BEA04D008D11BB1AD55E,关于新学期小学课后服务落实的求助与建议,"领导您好,我是一名小学生的家长,孩子就读公办小学。我本人文化程度不高,辅导孩子功课很吃力。了解到原则上学校不布置书面家庭作业,我担心孩子回家后缺乏巩固,学习基础不牢。我们家庭以前也没参加过校外学科培训,现在政策规范培训,我们更希望学校能提供好的课后服务。恳请领导关注我们这类家长文化程度较低的家庭,督促学校把课后服务做扎实,让孩子在校内就能得到作业指导和兴趣活动,减轻我们家长的负担。"
72CE810B8F8E8E9D6DD601B8AFECD21258B7E8B7BCBAE47CA3352D517783A1F0,关于丰富学校课后服务内容的建议,"领导您好,我是一名小学生家长。现在学校有课后服务,孩子每天参加,我们很感谢解决了接送问题。但我也担心,孩子回家基本没有书面作业,校外补课也少了,课后服务这段时间如果只是看管,孩子容易浪费时间。希望学校能多组织体育、画画、手工、阅读或者劳动活动,让孩子动起来,学点实用的东西。我们家长文化不高,辅导不了,也请老师能适当指导孩子学习习惯。课后服务是自愿的,希望不要变成统一上课或增加负担,让真正需要的家庭受益。谢谢。"
A627602A96F9D767127E11A442DD2565CDF5DEE6BF8C1779F80D3E2EF12AF199,希望加强学校课后服务的学习辅导功能,"尊敬的领导:您好!我是本地一名小学生的家长。孩子现在上小学,按照年级规定平时基本没有书面家庭作业,我们担心学习内容得不到巩固。我们家长文化水平不高,辅导不了孩子,以前也没给孩子报过外面的补习班。现在校外培训班少了,我们更依赖学校。孩子目前参加了学校的课后服务,但我们不清楚课后服务具体做什么,担心只是让孩子待着,没有真正帮助学习。希望领导能督促学校把课后服务做实,特别是安排老师指导作业、复习巩固当天知识,内容再丰富一些,让孩子在学校就能学好。同时强调自愿参加,不要变相强制,经费和师资也要保障,尤其是我们这种普通公办学校。谢谢领导关心!"
6C67F883A232E5283DD937EE1908FEAAA3EA95828F201D53B894AEAC8CD9FF20,关于丰富小学课后服务内容的建议,"领导您好。我是一名小学生家长,孩子现在上小学,不属于毕业年级。这个寒假过完就要开学了,我想反映一下学校课后服务的事。孩子这个月参加了学校课后服务,每天时间能到五点半以后,对我们这样家里人多、但又不太会辅导的家长来说,确实解决了照看和辅导上的难处。但是我发现课后服务内容比较单一,基本就是老师看着孩子坐在教室里,体育活动、阅读、兴趣活动都很少。孩子年级低,按规定也没有书面家庭作业,所以课后服务更不能变成干坐着或者变相补课。我们家长文化水平不高,只希望孩子在学校这段时间过得有意义,养成好习惯,而不是单纯被看管。学校老师本来负担就重,现在课后服务又加在老师身上,也担心长期坚持不下去,最后流于形式。希望领导重视课后服务的师资和经费保障,督促学校丰富课后服务内容,尊重自愿,别让自愿参加变成变相要求。谢谢。"
CC5F93655A57843F58B2819AFD64BA6F21BF1392F6A2E607ABD2BF0CD846ECCB,关于提升小学课后服务学业辅导质量的诉求,"领导您好,我是一名小学生家长,文化水平不高,辅导孩子功课比较吃力。孩子就读公办小学,根据当前制度,学校原则上不布置书面家庭作业,我们担心孩子学习巩固不足。孩子目前参加了学校课后服务,但我们对课后服务里的学业辅导和作业指导质量不太了解。现在校外学科培训供给收缩,像我们这样家长辅导能力有限的家庭,担心孩子基础不扎实。希望政府能加强对小学课后服务的督导,提升学业辅导质量,让低学历家庭的孩子也能获得有效帮助。谢谢。"
1AC71406C672D1B1D4C7A7426BAA37C7FDA1D26B00037ACC28CB1F2125145B44,关于暑假课后服务加强学习辅导的诉求,"我是一名小学生的家长。孩子这个月在学校参加课后服务,我们很感谢有这个安排。不过我们家长文化水平不高,辅导孩子学习有困难。现在外面学科培训班也少了,我们以前也没报过,想让孩子多学点只能靠学校。孩子作业不多,符合规定,但我们担心光玩不学,开学跟不上。希望政府能督促学校把课后服务做实,特别是暑假期间,多安排老师辅导孩子做作业、复习预习,或者开展一些阅读和兴趣活动,让孩子有人管、有东西学。我们家里人多,但能教孩子的少,真心希望学校能多帮帮孩子,让我们家长安心。谢谢。"
D08ACFA2F173A076DCAC030FDA6E886D8439339930F441D1BC2E8C3A729EC5AB,关于提升小学课后服务质量的建议,"领导您好。我是一名小学生家长,孩子目前读小学,这个暑假也参加了学校的课后服务。我们家庭经济条件还可以,但我自己文化水平不高,辅导孩子学习比较吃力。现在校外学科培训收缩,我们也不希望给孩子报太多班,主要指望学校能提供有质量的课后服务。政策要求课后服务内容多样、有师资保障,但从我们家长的了解看,担心开学后课后服务还是以看管为主,作业指导和兴趣拓展不足。尤其孩子年级按规定不布置书面家庭作业,我们更希望学校里能安排一些阅读、体育、科学启蒙等活动,让孩子放学后这段时间真正有收获,而不是干坐着。希望领导能督促学校和地方把课后服务经费、师资落实到位,多听听家长意见,丰富服务内容,让像我们这样家长辅导能力有限的家庭也能安心。"
0D984AA6C5958ADC4E1D117222F15DD9C7AB1A1AFB3DA7ABBFBCBF77CB4B4E87,关于小学课后服务质量的担忧与请求,"领导您好,我是一名小学生的家长。孩子现在在镇上的公办小学读书,不是重点学校,今年暑假参加了学校课后服务。我和家里老人文化程度都不高,我只有初中文化,辅导孩子功课很吃力。现在低年级按制度不布置书面作业,我们不知道孩子在学校学了什么、学得怎么样。课后服务说是每天两小时,但我们担心老师只是看着孩子写作业或自由活动,没有真正辅导。我们这片学校不多,老师平时负担也重,怕课后服务走过场。现在外面的学科培训班也少了,我们更指望学校课后服务能帮孩子。希望领导能督促学校把课后服务做实,多安排老师答疑和基础巩固,让文化不高的家庭也能安心。"
9302E3D4A93DBE9C7A2CD6C67CAA9A4CFD3E3EE50162A0E48FA2637C6090231E,关于提升小学课后服务质量的建议,"领导您好,我是一名小学生家长。孩子目前在公办小学就读,我们家庭经济条件尚可,但我和家人文化程度不高,辅导孩子功课很吃力。现在孩子参加了学校课后服务,学校也按规定控制书面作业,这让我们放心。但我们担心课后服务时间里是否真有老师进行作业指导和基础巩固,而不是简单看管。如果课后服务质量跟不上,像我们这样辅导能力弱的家庭,孩子学业可能会受影响。希望政府能加强对学校课后服务内容和质量的督导,确保课后服务真正帮助学生完成作业、巩固基础,同时加大对隐形学科培训的监管,防止有钱家庭通过其他渠道补课拉大差距。我们只希望孩子能在学校里学好,不因家长学历低而吃亏。"
1629B540C283411DD48974A382CC1CFA724D7977EC870A5C946BB8D92EC41CE6,关于丰富小学暑期课后服务内容的请求,"领导您好,我是一名小学生家长。孩子这个暑假参加了学校的课后服务,我们很感谢有这个安排,解决了家里没人看管的问题。但作为家长,我文化程度不高,家里也没人能辅导学习,按现在的规定,孩子这个年级又没有书面家庭作业,我们担心孩子基础不牢。希望领导能督促学校把暑期课后服务做得更实在一些,不要只是看管,最好能安排一些阅读、写字、简单计算等基础练习,再有一些体育、手工、科普活动,让孩子既能巩固知识,又能过得充实。谢谢。"
DF54F29436778A9FD86334414915B1019BA6B507CCB796F864AF1EEFF78DC209,关于提升小学课后服务辅导质量的建议,"领导您好。我是一名小学生家长,家住城镇,孩子就读公办小学。我和爱人都只有初中文化,平时辅导孩子学习很吃力。现在孩子年级按规定不布置书面家庭作业,睡眠时间倒是充足,但我们也担心基础不扎实。这个暑假孩子参加了学校课后服务,每天时间不短,但作为家长,我们不太清楚课后服务具体安排了什么,也不知道有没有老师辅导作业或开展兴趣活动。我们家庭条件尚可,但以前从未给孩子报过学科培训班,现在外面培训班也少了,更希望学校课后服务能真正帮孩子巩固知识、培养兴趣。希望政府能加强对学校课后服务的指导和保障,让课后服务不只是看管,而是有实实在在的学习辅导和内容丰富的活动,特别是对我们这样家长文化水平低、辅导不了的家庭,多一点支持。谢谢。"
B9ECBFBFFC5D9C1CEBD604FEEE74FEAAF07410BF5AC3C388B34AADEBE1A18849,希望加强普通公办小学课后服务质量,"领导您好,我是一名小学生家长,孩子在本片区一所普通公办小学读书,家里经济条件还过得去,但我和家人文化程度都不高,辅导孩子学习很吃力。孩子这个年级按规定不布置书面家庭作业,回家后我们也不知道怎么帮他巩固,所以基本只能靠学校。现在孩子参加了学校的课后服务,放学后在学校多待一段时间,我们原以为能有人辅导作业、带着学点东西,但实际了解下来,总担心这段时间只是把孩子看管起来,老师本来就忙,可能没精力认真辅导。我们这样的家庭,校外培训班以前没上过,现在学科类培训也少了很多,就更指望学校课后服务能真正发挥作用。如果课后服务只是耗时间,孩子回到家又没有作业,时间一长,基础没打牢,将来上初中可能更吃力。特别希望领导能关注我们这类普通小学的课后服务质量,多配一些老师或者提供经费保障,让课后服务不只是“有人看”,而是能辅导功课、开展一些素质活动,让我们文化不高的家长能安心一些,别让家庭条件和文化水平影响孩子的起步。"
0A09A8A2034699F8ABF1EAB1CAD75FBABE1E58FA02BD9E56901BB58247E23E70,希望加强小学课后服务的学习辅导功能,"领导您好,我是一名小学生家长。我文化水平不高,辅导孩子功课很吃力。孩子现在参加学校的课后服务,但我不知道课后服务除了看管,有没有真正帮助孩子巩固课堂知识。现在外面学科培训班少了,我们家庭也没给孩子报过,孩子学习上遇到困难,我们家长帮不上忙。希望政府能督促学校把课后服务做得更实在,增加作业辅导和基础练习,让孩子在学校就能把知识学扎实,我们家长也能安心工作。"
1FC7CEE8BA83DF14442CF802537C1F7537ED770D70CCB11CDC8146EF55838F91,关于提升小学课后服务质量的建议,"领导好,我是一名小学生家长,孩子目前在公办小学就读,暑假期间参加了学校的课后服务。我们家长文化程度不高,辅导孩子学习比较吃力,家里经济条件虽然还可以,但外面的学科培训现在也很少,所以很依赖学校的课后服务。我担心学校课后服务只是简单看管,内容不够丰富,作业辅导和兴趣活动质量跟不上,孩子在校时间没有真正利用好。希望政府能督促学校把课后服务做扎实,结合孩子年龄特点安排作业指导、阅读、体育和兴趣活动,真正解决我们双职工家庭的后顾之忧,也让孩子在假期过得充实有意义。"
34171FA2482FCC33FBF3C3287DA5BB584DFE474451997AFECBDA382D9D531886,关于暑期课后服务增加学业辅导的建议,"领导你好,我是一名小学生家长。孩子现在上小学,暑假参加了学校的课后服务。我和家里老人文化程度不高,辅导孩子作业很吃力,现在校外学科培训也少了,我们担心孩子暑假光玩不学,开学跟不上。希望学校课后服务不要只是看管,能安排老师辅导作业、答疑,最好还能有一些阅读、兴趣活动,让孩子既能完成学习任务,又能有收获。我们也愿意配合学校,但确实能力有限,希望政府能督促学校把课后服务做实,减轻我们家长的负担。"
25EC9B06A0DB8530200439075B396078F79256CC0394E1D9BF43DFAADC04539A,"关于提升小学课后服务质量,帮扶文化程度不高家庭的建议","领导您好,我是一名小学生的家长。我家在城镇,孩子就读于公办学校,不是重点学校。我们家长文化程度不高,辅导孩子学习非常吃力。孩子现在每天参加学校的课后服务,时间有两个小时左右,但我们心里还是没底:课后服务到底是帮着辅导作业、巩固知识,还是只是把孩子集中看管?因为现在这个年级原则上不布置书面家庭作业,我们担心孩子在学校学得不扎实,回家又没人教,时间一长基础就落下了。我们也知道校外培训管得严,我们以前也没给孩子报过学科班,所以更指望学校能多帮一把。希望领导能重视小学课后服务的质量和实效,特别是在师资紧张的情况下,保障课后服务有足够的老师,内容上能针对我们这样的家庭提供作业辅导、基础巩固,而不是流于形式。我们不想让孩子因为家长没文化而吃亏,请政府帮我们想想办法。"
4489BDC4827176542ED16345BCB3DA42F9A1AADF6FD0D4A6B7AE33DA9169CCF7,关于提升公办小学课后服务质量的建议,"领导您好,我是一名小学生的家长。我家孩子就读于我们这里一所普通公办小学,这个暑假也参加了学校的课后服务。我们家长文化水平不高,辅导孩子功课比较吃力,所以特别希望学校课后服务能提供更有效的作业辅导和兴趣活动。虽然现在政策要求课后服务内容多样、时间有保障,但具体到我们学校,落实得怎么样我们还不太清楚。恳请政府能加大对普通公办学校课后服务的投入和指导,让课后服务真正帮助到像我们这样的家庭,减轻家长负担。谢谢!"
7D708D4EA7F302535425D3F664373D12137BCD442E2636C05EDDC60177A26E73,关于秋季开学后课后服务与作业管理的建议,"领导您好,我是一名小学生家长,孩子就读公办重点小学。秋季开学在即,我最关心的是学校课后服务能否真正落实到位。我们家庭时间安排有一定压力,孩子目前没有参加校外学科培训,希望学校课后服务能提供丰富多样的素质拓展活动,解决家长后顾之忧。同时希望学校严格统筹各科作业量,继续遵守不超过60分钟的规定,加强作业指导,不要增加孩子负担。孩子目前睡眠充足,我们希望这种状态能保持下去,让孩子有更多时间阅读和运动。请领导督促学校把课后服务和作业管理抓实抓细。"
5D169F68C6DC997C0F3EC86804C6AD2BAF327943C3A2ADEB5BA2F3915C248112,关于新学期课后服务与作业管理的担忧与建议,"领导您好,我是东部地区一名城镇小学生的家长。孩子暑假期间作业量还算合适,睡眠也较充足,我们比较满意。但开学后学校在作业统筹和课后服务上能不能真正落实,我心里没底。过去周边有些学校曾让家长辅导检查作业、录视频,甚至把劳动任务也压给家长,白天上班晚上还要当“助教”,孩子休息也受影响。我们家时间精力并不宽裕,希望孩子能有自主阅读和锻炼的时间。盼望县里督促学校严格按现有要求控制书面作业总量,课后服务坚持自愿、内容多样、时间衔接好,别再把教学负担转嫁给家长,让孩子和家长都能喘口气。"
4F467BBFF1A8E9F04278057BA09CC4F030E03183937D03529AB576EE00CEA61E,关于新学期课后服务和作业管理不要增加家长负担的建议,"领导您好,我是一名小学生家长。孩子目前在公办小学就读,暑假作业量符合规定,我们比较放心。但即将开学,想提一个建议:现在要求学校统筹作业总量、时长与设计质量,还要求完善课后服务,我们非常支持,但希望落实时不要走样。此前周边有学校曾出现要求家长每天辅导检查作业、录制背书视频上传微信群,甚至让家长参与菜园耕种等情况,给家长增加了很大负担。我们担心新学期学校在课后服务和作业管理上又出现类似问题,比如把课后服务变成变相补课,或者把家庭作业变成家长作业。希望领导能督促学校严格执行减负规定,课后服务坚持自愿、内容多样,作业尽量在校内指导完成,不要布置需要家长大量参与的任务,保证孩子睡眠和自主活动时间。谢谢。"
6E99F83F2D984175699EDAC075C987917A97B43BE08C5CE54170CA0420290B9A,关于新学期学校作业管理与课后服务落实的诉求,"我是小学生家长,孩子暑假期间书面作业量基本符合规定,但我们对开学后的情况比较担心。现在政策明确要求学校统筹作业总量、加强校内指导,可周边有家长反映过,一些学校仍存在让家长批改作业、录制打卡视频等变相增加负担的做法。虽然我家目前还没遇到,但怕开学后也会出现类似情况。孩子还小,自主学习能力有限,如果学校把辅导压力推给家长,我们家长文化程度有限,时间也紧张,会很吃力。希望领导能督促教育部门和学校在开学前把作业管理要求落到实处,明确书面作业时长上限和校内指导责任,不要给家长布置超出合理范围的辅导任务。同时,课后服务希望能真正覆盖放学后的时间,内容多样,坚持自愿,帮我们这样的家庭解决接送和看管困难。"
90231D26EF55F4741B8521A092D0C60EA2B9F2BF54317186940BC630165C7E48,希望提升小学课后服务作业辅导与内容质量,"我是一名小学生家长,孩子就读于本区一所公办小学,目前参加学校课后服务。新学期开始,我对学校课后服务的实际质量仍有担忧。孩子每天在校课后服务时间较长,如果仅以看管为主,缺乏有效的作业辅导和多样化活动,对孩子成长帮助有限。我本人学历不高,辅导孩子学习能力有限,特别希望学校能利用课后服务时间,安排老师指导学生完成书面作业,提高作业质量,同时开展一些体育、艺术、阅读等兴趣活动。这样既能减轻家庭辅导压力,也能让孩子不参加校外培训也能获得全面发展。恳请领导关注小学课后服务的落实质量,督促学校真正把好事办好,让家长放心。"
5FC873BDBEF94267FBECF056AAA69E69E8C5601E00BDEDCCA28D56B3857153B3,关于课后服务质量和家长减负的诉求,"领导您好。我是小学学生家长,2月开学后孩子按要求参加了学校课后服务。虽然孩子作业量目前还在规定时间内,但新学期刚开始,我担心课后服务变成变相补课或集体讲新课,导致孩子在校时间过长,回家还要完成大量作业,甚至要求家长辅导检查、录制视频打卡。以前附近学校就有类似情况,家长负担很重。希望领导督促学校严格落实课后服务自愿原则,内容多样,真正用于作业辅导和兴趣活动,不要把教学任务转嫁给家长,也不要挤占孩子休息时间。谢谢。"
C6016AAFE331BE5B6BE4B0546B8B138B5D36A9F482E7F41A4BABB07E038C2D95,希望课后服务不增加负担保障孩子休息,"领导您好,孩子就读公办小学,这学期参加了学校课后服务。目前作业时间还在规定范围内,但我很担心开学后课后服务会变成变相补课或集中写作业,回家还要家长辅导检查。我们家长文化程度有限,辅导压力大。孩子平时睡眠比较充足,不希望被课后服务挤占休息和自主学习时间。希望学校落实自愿原则,课后服务多安排体育、阅读、兴趣活动,不要强制参加,同时统筹好作业量,减少家长打卡、批改等任务,让孩子放学后能有自主安排和充足睡眠。"
38AB3514F441939001D9F4215B901B85FAB1F1AC52BEC539C762FBD76BF7C7FC,关于提升小学课后服务质量、减轻家长负担的建议,"尊敬的领导:您好!我是一名小学生家长,孩子目前在本地公办小学就读。这个月孩子参加了学校课后服务,政策要求课后服务坚持自愿、内容丰富、时长衔接。作为家长,我们很支持,但也有顾虑:课后服务会不会变成单纯的看管或变相补课?老师会不会仍把作业辅导、检查等任务推给家长?我们家长文化程度有限,担心难以胜任。希望教育部门能加强对学校课后服务的指导和监督,督促学校丰富服务内容,严格落实自愿原则,同时规范教师布置任务,避免把教学责任转嫁给家庭。谢谢!"
B9C3AF40EACDC87A03D7AF5F397A3FEE7E5ACBFC3B1C9540BB63F22BF76FD0C4,关于提升假期课后服务质量的建议,"我是一名小学生家长。这个暑假,孩子报名参加了学校提供的课后服务,每天时间不短,解决了我们一部分看护压力。但我们有些担心,不知道这两个小时是否真的有质量,会不会只是让孩子坐在那里自己玩或写作业,没有老师系统指导。我们家庭文化程度不高,辅导孩子功课比较吃力,以前也没有给孩子报过校外学科培训班,现在外面学科培训收缩,我们更希望学校能把课后和假期托管的内容做扎实。希望有关部门能督促学校在课后服务中增加作业辅导、阅读指导、体育锻炼和兴趣活动,不要只停留在“有人看”的层面;同时请帮助学校解决师资和经费困难,让课后服务真正成为家长放心的选择。"
90E496E39F164DA7EFCF79C6A2DAD56B814EB43D45047756039D34F8D7B5F14D,"希望课后服务不要变成变相补课,给孩子留点自主时间","孩子今年暑假后继续在小学就读,目前参加了学校的课后服务,每天到校时间比较长。作为家长,我们肯定课后服务解决看护困难,但也很担心每天至少两个小时的服务内容能不能真正多样。以前一些学校补课效率低、孩子休息不够,家长还要帮着辅导作业、录视频,负担不轻。现在虽然书面作业时间符合规定,但我们怕课后服务变成集体讲题或者统一进度,孩子回家后反而没了自主阅读和活动时间。希望领导能督促学校把课后服务用在兴趣活动、体育锻炼和作业答疑上,坚持自愿参加,别让家长又被动配合打卡和额外辅导。"
90AE10ACAE2BB31754E4E559F8552B40031F61AB362B6ABB21FDF6F4ACFAE85E,关于暑期课后服务不应变相补课加重学生负担的诉求,"领导您好。我家孩子读小学,暑假期间学校提供了课后服务,我们也让孩子参加了。现在最担心的是,课后服务会不会变成变相补课或集中写作业,占用孩子本来可以休息、阅读和户外活动的时间。孩子平时睡眠还算充足,我们希望假期能保持一定的自主安排,而不是被学校单方面延长在校时间。政策要求课后服务坚持自愿、内容多样、时间衔接,但作为家长,我们不清楚学校具体怎么执行,也担心如果大家都参加,不参加反而被另眼相看,自愿就打了折扣。另外,我们也不想课后服务期间再布置书面家庭作业,或者让家长配合录视频、检查打卡,这样家长负担反而更重。希望教育部门能加强对学校暑期课后服务的指导和监管,明确自愿原则,丰富体育、艺术、阅读、劳动实践等内容,不组织集体补课、不增加作业负担,让孩子过一个有质量、有休息的暑假。"
C49C88D98B6EFE20CD79823E4F2657623BA839A966A646781198929855230F5F,关于暑假课后服务自愿性和质量监管的反映,"领导您好。孩子就读公办小学,暑假期间参加了学校提供的课后服务。作为家长,我对这项服务的落实有些担心。课后服务本应坚持自愿参加、时间衔接和内容多样,但我们担心实际执行中会变成变相集体补课或统一赶进度,反而增加孩子负担;也担心学校因为师资紧张或管理压力,把课后服务流于形式,辅导检查作业的责任又落到家长身上。我们家庭时间安排本来就偏紧,家长文化程度也有限,希望有关部门能加强对学校课后服务的监管,明确内容公示,严格落实自愿原则,不强制、不统一补课。同时,也请关注书面作业统筹要求,不要因为课后服务延长在校时间就增加书面作业量。希望孩子暑假能有一个真正有质量的安排。"
E48FF3CA270E7F6C8813240D17ADDB7F7FD95FE82D24FA2082E7C860856D3E45,关于提升暑期学校课后服务质量的建议,"领导您好,我是一名小学生家长。孩子就读公办重点小学,暑假期间参加了学校提供的课后服务。我们家经济条件尚可,但父母并非都能全职照看,暑期看护一直比较操心。现在校外学科培训供给明显收缩,我们原本也没有参加校外培训,更希望孩子在校内获得规范、多元的看护和活动。但目前最担心的是暑期课后服务内容是否足够丰富、师资和经费是否有保障,以及开学后能否持续保持质量。希望区里能进一步加强对学校课后服务的指导和保障,丰富体育、艺术、科技、阅读等活动,严查隐形变异学科培训,避免校内减负、校外增负。同时关注作业设计质量,确保孩子睡眠和运动时间,真正缓解家长焦虑。"
9624005A15C1D3D5104147C4A04B71DD1DB7164298D37762B80E15C2FF283649,关于暑期课后服务内容与孩子休息保障的诉求,"暑假期间孩子参加了学校的课后服务,每天时间不短,我们家长既希望学校能帮我们分担看护压力,又担心服务内容偏向文化课辅导或变相补课,反而挤占孩子休息和户外活动。孩子还在小学,当前书面作业量虽符合规定,但我们看到身边有过补课效率低、孩子休息不足、回家后作业和家长辅导任务仍然很重的经历,心里很不安。希望领导能督促学校在假期课后服务中多安排体育、阅读、兴趣类活动,真正自愿参加,不要把课后服务变成课堂延伸,也不要再把检查作业、录制视频这些任务推给家长。孩子睡眠时间一直比较充足,我们不想因为参加假期服务反而影响他的休息和健康成长。请相关部门关注课后服务的内容质量和时间衔接,让家长安心,也让孩子暑假过得有意义。"
01F634AEC581935DFDF9E72C57B03E4B6A8FFF03294B17C95AD58CE152BAC0CC,希望课后服务不增加家长负担,"我是一名小学生家长,孩子就读公办重点小学,这个暑假参加了学校的课后服务。政策要求课后服务自愿参加、内容多样,我们也支持,但心里有些担心。以前身边有家长反映,学校课后服务有时变成集体补课或写作业,甚至要求家长配合检查作业、上传视频,给家长增加了不少负担。现在孩子书面作业量暂时符合规定,但开学后如果课后服务走样,变成变相延长学习时间或把辅导压力转给家长,对时间安排本就不宽裕的家庭来说,确实会增加压力。希望领导督促学校严格落实自愿原则,不强制参加,内容上多安排体育、艺术、阅读等活动,少补课刷题;同时加强作业统筹,控制总量,不要布置需家长批改或录视频的任务,真正把减负落到实处。"
62E04A65844661E788F431563AB8C3A12CB298EA55E881A4F45C16B796A6CD6D,关于规范学校课后服务、防止变相补课的建议,"领导您好。我是一名小学家长,孩子目前在公办学校就读,这个暑假也参加了学校组织的课后服务。根据相关要求,课后服务应当坚持自愿参加、时间衔接和内容多样。但我们了解到,本地小学师资负荷较大,部分家长也担心课后服务时间可能被用于集体补课或超量教学,反而让孩子休息时间减少,自主学习和发展兴趣的空间受限。同时,我们也担心老师会不会把作业检查、打卡等任务更多转给家长。希望政府能加强对学校课后服务的日常监管,明确服务内容边界,确保孩子自愿参加,真正提供多样化的活动,并保障好师资和经费,不要再把压力转回家庭。孩子睡眠和假期休息很重要,恳请领导重视。"
5ECF564632281188489235E87B68255658BCFB523785FABA1D297ADD66769FAC,关于提升学校课后服务质量保障孩子学业成长的建议,"领导您好,我是一名小学生家长,孩子就读于公办重点小学,这个暑假也参加了学校课后服务。作为家长,我们一直希望孩子将来能考上本科,但自身辅导能力有限,所以对学校教育的依赖比较大。现在校外学科培训明显减少,我们理解这是为了减轻负担、规范秩序,但也担心孩子缺少提升的机会。目前孩子书面作业时长是在规定范围内的,这点我们认可,但我们更关心作业的设计质量和课后服务的实效。希望政府能持续督促学校把课后服务做得更扎实,不要停留在看管层面,而是安排老师有针对性地辅导作业、查漏补缺,同时提供阅读、科学、体育等多样化活动,满足不同孩子的成长需要。也请保障好课后服务的师资和经费投入,让老师有精力认真准备。这样我们才能放心,孩子也能在校内获得足够支持,全面发展。"
26812DFE1016B3DDC6BEA6615B1AC46B893A6AF7145CBCE25BBE65942A10E5EB,关于提升学校课后服务质量并减轻家长负担的建议,"领导您好,我是小学学生家长。孩子目前在公办学校就读,本学期书面作业时间符合规定,也参加了学校课后服务。但我有些担忧:课后服务是否真正有质量?会不会只是简单看管,内容不够丰富?孩子回家后,我们家长是否还需要花大量时间辅导作业、检查打卡?我了解到有些学校存在将作业检查、录制视频等任务转嫁给家长的情况,这让我们很焦虑。希望相关部门能督促学校完善课后服务内容,加强作业指导,提供多样化活动,同时明确家校责任,避免把教学任务推给家长,让我们能安心工作,孩子也能健康快乐成长。"
A89BDBE82973301396179903017A55838F148EB7CFCF480B19E880ABD91518D3,关于学校课后服务内容与家长负担的反映,"领导您好,我是一名小学生家长,孩子目前参加学校课后服务。作为家长,我对课后服务的实际内容有些担忧。听说有的学校课后服务变成了变相集体补课,或者只是让学生写作业,老师并没有真正指导,作业问题最后还是推给家长。我们家庭并非父母双方都在工作,有一定时间,但也不希望每天回家还要辅导检查作业、录制打卡视频。孩子睡眠一直比较充足,我们很重视他的休息和身体健康。希望学校课后服务能真正落实自愿和多样化要求,不要增加孩子负担,也不要给家长布置额外任务。请相关部门关注一下课后服务的质量,让家长放心。"
3288225A2A841CB0C7489764B7C7F3D68F2DBC05706B2CFD8A6B1DF304099156,关于规范学校课后服务、防止变相补课的建议,"领导您好:我家孩子在公办重点小学就读,暑假期间参加了学校的课后服务。我们支持课后服务帮助家长解决接送和辅导困难,但心里有些担忧。我们家家长文化程度不高,辅导作业有困难,希望学校能在课后服务中真正提供作业指导,而不是把作业推给家长。同时,请务必落实自愿参加原则,不要以任何形式强制。之前看到一些地方有课后服务变成变相补课的情况,增加了孩子负担,我们希望本地不要出现类似问题。另外,学校老师本来负荷就重,也请保障课后服务的师资和经费,确保服务质量。谢谢领导关心。"
39924B2740384355C2C69C2FA36A020A5FCD6B3C9C5CDE05E8F0CEF728561554,关于孩子暑假书面作业超时及课后服务衔接的求助,"领导好,我是中部城镇一名小学生的家长。家里经济条件一般,我和孩子爸爸都在上班,每天时间很紧。最近了解到孩子书面作业完成情况超过了规定时长,我们很担心孩子压力大,也怕长期这样影响学习兴趣。我们支持学校统筹作业总量、提高作业质量,希望教育部门能督促学校严格执行作业管理要求,加强校内作业指导,让孩子在学校就能完成大部分作业。另外,我们双职工家庭接送困难,单程通学时间也比较长,希望学校课后服务能真正提供作业辅导和多样活动,并合理衔接放学时间,解决我们的后顾之忧。同时,也希望继续规范校外培训,避免家长被迫增加负担。谢谢。"
F5692A35E4228264807FCFAE8F977ED633FB7DEB10FE685BE04C31141CE675B4,关于小学暑假作业负担和新学期课后服务的求助,"领导您好,我是一名小学生家长,孩子读小学,不是毕业班,在本地一所公办小学。暑假期间,我发现孩子的书面作业量偏大,每天完成时间明显超过规定的一小时,经常要写到很晚,影响睡眠和第二天活动。我们两口子都要上班,白天没人辅导,老人只能照顾生活,管不了作业。听说现在有要求学校统筹作业总量、加强课后服务,希望新学期学校能真正执行,把作业控制在规定时间内,课后服务能让孩子在学校完成大部分作业,减轻家长压力。同时我们也担心老师精力分散,希望学校加强教学管理,让老师把心思放在课堂上。我们家经济条件一般,没有报校外学科班,全靠学校。请领导重视普通公办小学的实际困难,谢谢。"
6E63637FAF935D689AE36453226A4F07F0F5BC5727AA02F80E976A51F4ECC095,关于小学书面作业时长和教师校外补课问题的诉求,"领导您好,我是一名普通小学生家长。孩子目前在公办小学就读,家里经济条件一般,我们夫妻都上班,每天接送和辅导时间很紧,孩子通学时间也长。这个月我们留意到孩子的书面作业情况好像不符合规定时长,虽然具体原因不清楚,但很担心开学后作业负担会更重,影响孩子休息。我们身边有家长反映,个别老师在校外办补习班,对不去的学生关注少,我们害怕自己孩子也遇到这种情况。现在政策要求学校统筹作业总量、提高作业质量,也要求规范校外培训,我们希望学校能真正落实课后服务,让孩子在学校完成大部分作业并得到老师指导,减轻家长负担。恳请领导督促学校严格执行作业时长规定,加强对教师师德和教学质量的监管,别让家长被迫去校外找补习,也别让不补课的孩子受冷落。孩子睡眠一直充足,我们不想因为作业问题破坏他的健康。谢谢领导。"
72D82963ECD3BD7346BEF59AA4D372CB4C9694BAC0B6D52863CDCA279CEEE9AA,关于落实小学作业减负和课后服务保障的求助,"各位领导好,我是一名小学生家长,孩子就读公办小学,不是毕业班。我们夫妻都要上班,家里经济条件一般,每天接送孩子路途较远,时间很紧。现在新政策要求学校统筹作业总量、加强课后服务,但我们家孩子这个月书面作业情况没有达到规定的一小时以内,我们担心开学以后作业又反弹,孩子睡眠也受影响。希望领导能督促学校把作业量真正降下来,让学生能在校内完成一部分,同时把课后服务落实好,让我们家长能安心工作。也请关注一下教师精力和公平教学的问题,避免孩子因为没上补习班被忽视。谢谢领导。"
41993733F169A807DC1DF6881A8AD25A4BC58735B8F600DA79A1190AC39A19B4,关于优化小学课后服务减轻双职工家庭负担的建议,"我家孩子在本地上小学,不是毕业年级。我和配偶都在工作,平时时间很紧,孩子学校离家较远,单程通学时间长。这个月孩子参加了学校提供的课后服务,按制度每天至少两个小时。我们很需要这个服务,但实际体验下来,孩子放学后参加课后服务,再花较长时间回家,到家已经比较晚,虽然目前睡眠时间还比较充足,但长期担心会影响孩子休息和第二天状态。我们家经济条件一般,政策前也没给孩子报过学科类校外班,现在校外培训供给收缩,更依赖学校课后服务。希望领导能督促学校优化课后服务内容,真正把作业辅导和答疑做实,减少孩子回家后的作业压力,同时考虑我们这类双职工家庭通学时间长的实际困难,在服务时间和安排上更灵活一些,让孩子既能得到照护,又不至于太晚回家。谢谢。"
A5D2E0EDBBE82518A20E9C6A39B19C7F641A802473B1C5FE7F40BF498CD58887,关于提升学校课后服务质量的建议,"领导您好。我是一名中部县城小学生的家长,孩子就读公办非重点小学,我们夫妻双方都上班,下班时间晚,家里老人帮不上忙,每天接孩子和辅导作业都比较困难。这个月开学后,孩子参加了校内课后服务,书面作业时间也控制在一小时内,我们很感谢政策减轻了负担。但我们心里一直不踏实:学校不是重点校,师资和活动条件有限,课后服务虽然名义上有两个小时,可到底有没有老师认真辅导作业、组织阅读或体育活动,还是只是把孩子集中看管?我们经济条件一般,以前也没给孩子报过课外补习班,现在校外学科培训少了,我们更希望学校课后服务能把孩子管好、教好,而不是走过场。另外,单程通学时间长,课后服务结束后回家已经很晚,孩子睡眠一直还行,但我们怕如果课后服务内容质量不高,既浪费了时间,又影响孩子休息。恳请领导督促教育部门加强对学校课后服务的督导,保证每天不少于两小时的时间里,老师能认真答疑、组织有益活动,别让课后服务变成变相补课或放任自流。也希望能对教师的课堂和课后服务精力进行监督,让我们这样的双职工家庭真正放心把孩子交给学校。"
B1E840A4E9B6CFA127D6749623F2258DB0578DC09B891017A8AFE5B5C64F59C2,关于小学课后服务质量和教师精力分配问题的反映,"各位领导好。我是中部地区一名小学生家长,孩子目前在公办小学就读,并非毕业年级。我们夫妻都在上班,家庭时间很紧,学校距离又远,所以本学期孩子参加了学校课后服务。现在听说课后服务原则上每周五天、每天不少于两小时,但我们更关心这两个小时到底在做什么。从过去身边情况看,有些老师以前在校外办补习班,对不去的学生就另眼相看,我们很担心课后服务变成简单看管,甚至变相补课,或者老师把主要精力放在校外,对普通孩子敷衍。希望领导能督促学校把课后服务真正做成丰富多样的活动,加强作业辅导,而不是只凑时间。同时加强教师队伍管理,杜绝在职教师参与有偿补课,让老师把心思放回课堂。孩子睡眠一直比较充足,作业目前也符合规定时间,我们不想增加负担,只盼孩子在学校能被公平对待,课后两小时不白待。"
029278E67B118DF772AE57E61E1E336E09E2CA63A5F0870D2AC17E5B5B388374,关于提升公办小学课后服务质量的建议,"我是本地一名小学生的家长。孩子就读的是公办小学,家里大人都在上班,每天接送和照看时间很紧张,学校能提供课后服务确实帮了大忙。这个月孩子也正常参加了学校的课后服务。从相关要求看,课后服务应该是自愿参加、时间衔接、内容多样的,但我们家长对孩子每天在校这么长时间具体在做什么、有没有得到有效的作业辅导和兴趣拓展,心里没底。我们这边学校不是重点校,老师平时负担就比较重,担心课后服务会变成单纯的看管,或者只是让孩子坐着写作业。希望领导能督促学校把课后服务的内容和安排向家长公开,加强师资和经费保障,真正把好事办好,也减轻我们这样双职工家庭的负担。"
82B3CE389B6DEBB10E8375960D8C54BC8573C0C5717FBAFD889F47C12E56E102,关于暑期学校课后服务质量和时间衔接的诉求,"领导好。我们是双职工家庭,孩子上小学,学校离家较远,每天通学时间不短,家里经济条件一般,暑假照看压力比较大。这个月孩子参加了学校课后服务,书面作业量目前看还算符合规定,我们很感谢能有这个渠道。但我们一直担心课后服务会不会只是把孩子集中看管,内容不够丰富,作业辅导和体育活动、兴趣拓展能不能真正保证;尤其暑假期间,如果每天服务时长缩水,或者老师只是应付,我们下班晚的家长就很难安心工作。政策上要求学校每天提供至少两小时、每周五天的课后服务,强调自愿和内容多样。我们希望县里能加强检查和经费、师资保障,让学校把这两小时用足用好,不要变成单纯的“坐班”。同时考虑孩子通学较远,能否在服务时间安排上更贴合家长下班接送,或者提供必要的交通衔接。我们不是要求额外补课,只是希望公办学校能把现有课后服务做扎实,缓解我们双职工家庭的看护和教育焦虑。"
4AA038FC8BA33A1E76FD0AF1D0B308B3FB4C52BC69DB7D1ACDD0CCECB239CBA4,关于保障学校课后服务质量与师资的诉求,"领导好,我是一名小学生的家长。我们夫妻双方都在上班,平时工作忙,家里人手有限,孩子上学单程又比较远,接送和照看一直是个难题。这个暑假孩子参加了学校的课后服务,我们很感激,但也有些担心。我们学校不是重点学校,资源条件一般,课后服务虽然时间上满足了要求,但内容和质量到底如何,我们心里没底。听说有的地方课后服务就是让孩子自己写作业,老师不怎么管,有的甚至变相补课收费。我们家庭经济条件一般,没给孩子报外面的培训班,就希望学校课后服务能真正丰富一些,有老师辅导作业,也有体育、阅读等活动,让孩子安全、有意义地度过这段时间。希望领导能督促学校把课后服务做实,保障好老师的补贴和经费,别让好政策走了样。"
7464BAB722FC593146768A06DF3CFC7ABA94E04B316A90D5C80C288BFAC678AE,关于提升课后服务质量、保障双职工家庭孩子公平教育的诉求,"领导您好。我家在城镇,孩子上小学,不是毕业年级。我和爱人都上班,家庭时间很紧,学校离家也比较远。上个学期和这个暑假,孩子都参加了学校的课后服务。我们经济条件一般,以前也没给孩子报过校外学科班,现在校外培训班少了,我们更依赖学校。目前孩子作业量看着还符合规定,但我们担心开学后作业负担反弹,更担心课后服务只是“看孩子”,老师精力不足,或者对没上过补习班的孩子不重视。身边有家长议论过个别老师把心思放在校外补课,对不去的学生不闻不问。我们希望领导督促学校把课后服务做实,丰富内容,加强作业辅导和答疑,别让课后服务变成变相补课或走过场;同时关注老师师德和精力分配,确保每个孩子都得到公平对待,特别是像我们这样没条件上补习班的家庭。谢谢。"
1D95009EB662226C05DC1579220A8B018C2C955EEAB159966B2FFB008F3BB992,关于保障学校课后服务质量与可持续性的建议,"领导您好。我们夫妻都在上班,家里时间比较紧,孩子上学单程也远,这个月孩子参加了学校的课后服务,确实帮我们解决了接送和看护的难题。我们希望这项服务能长期稳定地开展下去,质量也能有保障。目前我们了解到政策上要求课后服务要自愿参加、时间衔接、内容多样,由地方保障师资和经费。我们担心的是,如果师资跟不上或者经费不到位,课后服务可能会变成简单的看管,甚至出现变相补课、区别对待的情况。我们也从其他家长那里听到过一些类似担忧。希望政府部门能加强督导,定期检查课后服务的内容和质量,确保老师有精力、有保障地做好校内指导,让孩子在学校就能完成大部分作业,减轻家庭辅导压力。同时,也希望在开学后课后服务能继续衔接好,真正解决我们这样的双职工家庭的实际困难。谢谢。"
B28960AD926350DB36D1C78F73C471FA95752D344C432B8F97E2F819B82229B9,"希望加强学校课后服务保障,解决双职工家庭后顾之忧","领导好。我家孩子正在上小学,我和爱人都要上班,家里老人帮不上太多,每天接送和辅导压力很大。学校离家比较远,我们家庭经济条件一般,也没有给孩子报过校外培训班。这个暑假孩子参加了学校课后服务,但我们担心开学以后课后服务的时间和质量能不能稳定,是不是每天能保证两个小时,老师能不能真正辅导孩子完成作业、开展一些兴趣活动,而不是简单看管。希望政府能加强经费和师资保障,督促学校把课后服务做实做好,适当考虑延长服务时间,和我们的下班时间衔接上,让孩子在学校把书面作业基本完成,减轻家长负担,也让普通家庭孩子不因为没有校外培训而掉队。"
B09BCAEADAFF27BC0B55CB3806E4E6D0251D859135A483FC9C54CC28C9484C7A,关于保障小学课后服务质量的诉求,"我是一名小学生家长,家里父母都上班,经济条件一般,孩子每天上下学路上花的时间也不短。暑假里孩子参加了学校的课后服务,我们确实很需要,但心里一直不踏实。从身边其他家长过去的反映看,有的老师把精力放在校外,对课后服务不上心;有的课后服务就是简单看管,不辅导作业,也不组织什么有益活动。我们家庭时间紧,没能力自己辅导,校外培训又管得严、也负担不起,学校课后服务几乎是唯一的依靠。希望领导能督促学校真正把课后服务做好,安排老师认真指导孩子完成书面作业,内容上再丰富一些,别让课后服务变成形式,也别让孩子因为家里没条件上培训班就被区别对待。"
01D0E046D6D09B1552D550588D063F3E9365768AE991312CEF4CDB2D17F6E403,"希望提升课后服务质量,解决双职工家庭后顾之忧","领导您好,我是一名小学生家长,夫妻俩都在上班,家里经济条件一般。孩子平时参加了学校的课后服务,解决了我们接送难的问题,但我们也有些担忧:孩子所在的学校不是重点学校,课后服务有时候就是老师看着写作业或自由活动,内容比较单一。我们家庭没有给孩子报过校外培训班,现在校外培训也少了,更希望孩子能在学校得到有效辅导。我们也听说过一些地方以前有老师把主要精力放在校外补习班上,对不参加的孩子不关心,怕课后服务也会流于形式。希望领导能督促学校真正把课后服务办好,增加作业辅导和兴趣活动,加强教师责任心,别让课后服务只是“看管”。我们普通家庭没有别的门路,只能依靠学校了。"
D7DFC25602399E40F9F5FFD18A8C80269D9480F2849E2C9E2BCB55C5402595A8,关于提升普通小学课后服务质量的诉求,"领导您好,我是中部地区一名城镇小学生的家长。孩子就读公办普通小学,我们夫妻双方都在上班,家里时间比较紧,每天接送路程也不短。目前孩子参加了学校课后服务,但作为家长,我们特别担心普通学校的课后服务内容是否充实、老师是否能真正辅导作业,而不只是简单看管。现在校外学科培训收缩了,我们家庭经济条件一般,更希望孩子在学校里就能得到有效的学习支持和兴趣拓展。同时,学校布置的书面作业虽然目前时间上合规,但我们担心老师有没有真正统筹设计,会不会出现个别科目作业偏多的情况。恳请领导督促教育部门加强对普通小学课后服务和作业管理的监督检查,让好政策真正落实到每个孩子身上,减轻我们双职工家庭的负担。"
8811D873DE2692343FA1670480C8A717216377CF90F92ED2EC9DE44D2FF07924,关于优化暑期学校课后服务内容的建议,"领导您好,我是中部城镇一名小学生家长。孩子就读公办小学,非毕业年级。我们夫妻都在上班,家里经济条件一般,暑假照看孩子压力较大。这个月孩子参加了学校组织的课后服务,每天时间基本能衔接我们的下班时间,解决了部分看护难题,我们很感激。但作为家长也有些担忧:课后服务内容是否足够多样,能否兼顾作业指导、阅读、体育和兴趣活动;服务质量和师资经费是否有稳定保障;通学路程较长,天气炎热,时间安排能否更灵活。希望政府加强统筹,督促学校丰富课后服务内容,提高作业指导质量,避免变成单纯看管或变相补课。同时希望继续规范校外培训,防止隐形变异加重家庭负担。我们相信在党委政府推动下,孩子们能过一个安全充实的暑假。"
FE69D98E640185D56AA4DBF9A05DDF8FBD5797BAE01B26AAB8A03AABF42FEE00,关于改进公办小学课后服务公平性与质量的诉求,"我是一名小学生家长,孩子就读于公办非重点小学,家里经济条件一般,父母都上班,平时接送和辅导时间很紧,这个暑假孩子按要求参加了学校课后服务。我们本来寄希望于学校课后服务能解决作业辅导和看护问题,但心里一直不踏实。以前听同省一些家长说起,有的老师把精力放在校外补习班,对不参加补习的孩子作业批改不认真、座位安排也不公平,虽然这些不是我家孩子现在确定遇到的情况,但作为家长难免担忧。我们没有条件也不打算让孩子参加高价校外培训,政策也在规范学科培训,我们更希望学校课后服务真正承担起校内辅导责任。恳请领导督促学校:一是加强课后服务师资和内容设计,不能只是把学生圈在教室看管;二是严禁教师在校外兼职或变相举办补习班,把精力收回到校内;三是关注家庭经济一般、未参加校外培训的孩子,避免区别对待;四是统筹好书面作业总量,尽量在校内完成或得到指导,减轻家长负担。希望孩子能在学校得到公平、有效的教育。"
612883258A1B4D1E039FDC99C3769AE655E059472E3E97B6C5C3C29A99BB2032,"希望加强课后服务作业辅导,解决双职工家庭后顾之忧","我家孩子现在上小学,还没到升学年级,在城镇一所公办学校就读。家里经济条件中低,我们夫妻都要上班,时间很紧,单程接送时间也长。这个暑假孩子参加了学校课后服务,但我们心里不踏实。现在校外学科培训管得严,原来那种班基本找不到了,我们以前也没给孩子报过,以后更不敢想。最担心开学后课后服务只是看管,作业辅导走过场,老师精力跟不上,或者对没门路、没报过班的孩子不上心。我们同省以前有家长反映过老师办补习班、对不去的学生不闻不问,虽然现在不一定还有,但总怕孩子被耽误。恳请领导督促学校把课后服务时间真正用在作业指导、答疑和学习习惯培养上,加强师德和课后服务质量考核,多关心我们这种双职工、经济条件一般的家庭,让孩子在学校就把问题解决,别逼家长再想办法。谢谢。"
6BA3B7F79840B09ED8ECBA791F223E2330B8D6D1137A892D59BB9F90AD55DE60,关于优化小学课后服务安排的诉求,"领导好,我家孩子正在上小学,学校是公办非示范学校,离家比较远,单程通学时间长。我们夫妻俩都要上班,家庭时间很紧张。现在学校提供课后服务,按要求每周五天、每天至少120分钟,孩子这个月也参加了。但我们一直不清楚课后服务具体做些什么,老师能不能辅导作业、开展活动,结束时间能不能和大人下班时间衔接上。作为普通家庭,我们没有额外能力去外面找辅导,只希望学校的课后服务能真正起到作用。政策上要求课后服务自愿参加、内容多样、有师资和经费保障,可我们家长看不到具体安排,也不知道质量怎么样。希望领导能关注我们这类普通公办小学的课后服务落实,督促学校公开课程和活动安排,加强作业指导和师资配备,适当考虑家长下班时间,让双职工家庭能安心工作。谢谢。"
2B8F13E01607EA22826B378884AB47A6672477E4C69F20780EA7C62F49FBE3C8,关于双职工家庭小学生课后照护的求助,"各位领导好,我是一名东北城镇的小学生家长。家里就我们夫妻和孩子,老人不在身边,我们俩都在上班,文化程度也不高,辅导孩子作业很吃力。现在暑假快结束了,马上要开学,我们最担心的就是孩子放学后的照护问题。听说学校要提供课后服务,孩子可以在学校完成作业、参加活动,这对我们这样的家庭太重要了。希望政府能督促学校把课后服务真正办起来,时间上能对接我们下班,内容上能辅导孩子写作业,收费也要合理透明。另外校外培训班少了,我们虽然经济还过得去,但也不会辅导,就盼着学校能多承担一些。请领导多关注我们这些双职工、没老人帮忙的家庭,让孩子放学后有地方去、有人管,作业别都压到家里来。"
643450C1FE488A4ABC73C6CE6EB878DBB1513AC00CF3DF13874DF585CCD8A6B5,关于开学后学校减负和课后服务落实的诉求,"领导好,我是一名小学生家长,孩子暑假作业量符合规定,我们很感谢。但马上要开学了,心里还是不踏实。我们夫妻都要上班,文化程度不高,辅导孩子作业很吃力,也怕学校又给家长摊派任务或者暗示去校外补课。以前就听说过有学校发补习传单,一个假期补课费好几千,普通家庭真承受不起。现在听说上面要求学校统筹作业、提供课后服务、严管校外培训,我们举双手赞成,就希望这些好政策能真正落到我们孩子身上,不要走样。因此想请求:开学后请教育部门加强对学校的监督,作业量别超时,课后服务要自愿参加、内容丰富点,别变成变相补课;对学校和校外培训机构的利益关系要严查,别让老师再推荐补课。我们双职工家庭需要学校课后服务帮一把,这样我们才能安心上班。麻烦领导关注,给我们家长一个明确说法。"
47F7D550CDC8DC1DD1EBFE00C799C33ACDE547453FBF556A09134CEBD2AD46D9,希望秋季开学后学校课后服务能真正解决双职工家庭看护难题,"领导您好。我家孩子上小学,不是毕业班。我们两口子都上班,家里人手少,暑假这段时间最怕孩子没人看管、学习没人辅导。我们文化程度不高,辅导作业很吃力。听说现在要求学校统筹作业总量、加强课后服务,我们特别盼着开学后学校能把课后服务真正办起来,时间能接上我们下班,内容多些兴趣和体育活动,不要只是让孩子坐着写作业或者变相补课,也不要搞强制。这个假期孩子作业方面暂时没发现超时,但我们担心一开学各科作业又都压上来,老师校内指导跟不上,最后还得靠家长或者校外班。身边以前常听说有些学校老师鼓动学生到校外补课,一年补课费不少,我们虽然条件还过得去,也不想把钱都花在补课上。希望领导督促学校把课后服务做实,把作业量控制住,同时管住校外培训乱象,让我们家长安心上班,孩子放学有地方去、有人管、有活动。"
73B013E34EC5D64E2FC922B0F3D3FF51A59CCFCB602A67C4DA6DD76AA09F2217,关于课后服务和校外培训规范落实的建议,"领导您好。我是孩子家长,孩子上小学,不是毕业班。我和爱人都上班,家里能帮忙的人少,暑假快结束了,特别关心开学后学校的课后服务和作业安排。现在政策要求学校统筹作业量、提供课后服务、规范校外培训,我们很期盼。但我们也担心,有些学校课后服务会不会流于形式,或者变相增加孩子负担?校外培训会不会换个形式继续存在?我们希望政府能加强监督,让学校课后服务真正丰富、自愿参加,让孩子在学校就能完成作业、得到辅导,不用我们额外花钱补课。同时请持续严格管理校外培训,防止反弹。这样我们家长也能安心工作,孩子也能快乐成长。谢谢。"
14055165E00E7DADA19002E8A57929E68F5DA30211CD07B7A7C9014E9489E37C,关于提升学校课后服务学业辅导质量的意见,"孩子今年上小学,我和孩子妈妈都上班,文化水平不高,辅导作业比较吃力。这个月孩子参加了学校课后服务,但我们了解到有些课后服务主要就是看管,内容不够丰富,作业指导也不够细。现在外面学科类培训少了很多,我们更希望学校课后服务能加强作业辅导和答疑,让孩子在校内把作业完成好,同时多安排一些兴趣活动,真正解决双职工家庭的后顾之忧。"
A19106A118E46FBC9A4346DFE84268AC0D4E01798139E789F6AAC61180836904,关于提升小学课后服务质量的诉求,"领导您好,我是孩子家长。我们夫妻都在上班,文化程度不高,辅导孩子作业很吃力。现在孩子参加学校课后服务,但我不清楚具体内容,担心只是看管孩子,没有真正辅导作业或开展活动。现在校外学科培训少了,我们更希望学校课后服务能提供有效的作业辅导和兴趣活动,让孩子在学校完成作业,减轻家长负担。希望政府能保障课后服务的师资和经费,加强监督,避免课后服务流于形式,真正解决双职工家庭的后顾之忧。"
040020BC12F2458011B985D72501271A4752FB316B13EBCFB841E49239DEB83A,关于提升小学课后服务质量与巩固减负成果的建议,"领导好。我家孩子上小学,这个月作业量符合规定,也参加了学校的课后服务,我们双职工家庭确实方便了许多。但我和孩子妈妈文化水平不高,辅导作业力不从心,以前周围补课风气很重,现在校外学科培训少了,我们既高兴又担心孩子学习跟不上。希望学校课后服务能真正把作业辅导和兴趣活动安排好,不是单纯看孩子,最好能安排老师答疑和拓展,让孩子在学校就能解决学习问题。同时也希望继续加强培训机构监管,防止变相补课回潮,不然家长之间又会互相攀比,负担又上去了。谢谢。"
97C3EE1223C68DA25A2DF897F4A078CF11046A8E8C1A166967056D6C2DCEC836,关于进一步保障小学课后服务质量和自愿性的建议,"领导您好。我家孩子上小学,这个月参加了学校的课后服务。我们夫妻都在上班,家里同住成员少,课后服务确实帮我们解决了接孩子和辅导作业的困难。但我们文化程度不高,辅导功课吃力,所以对学校课后服务的内容和质量比较在意。听说现在要求学校提供自愿、多样的课后服务,也听说要规范校外培训。我们担心学校课后服务流于形式,或者变相增加作业和补课压力;也担心周边培训乱象反弹,诱导家长额外花钱。希望教育部门能对小学课后服务的实际开展情况加强监督,确保内容多样、真正自愿,同时持续整治违规学科培训,让家长安心工作,孩子健康成长。"
FBBEE7CE96AEFA32AB0BA371EA45DEA5F6BC0B85F4D46493DF1C44CBF1B9F116,关于暑假课后服务内容与学业辅导的诉求,"领导您好,我是一名小学生家长。我们夫妻文化水平不高,孩子现在上小学,暑假参加了学校课后服务。现在学科类校外培训不好找了,我们也不清楚该怎么给孩子安排学习。学校课后服务虽然每天有,但我们担心内容比较单一,多是看护和一般活动,孩子回家我们也没能力辅导作业。希望政府能督促学校在课后服务里增加一些作业指导和基础学科巩固,或者提供一些适合小学生的线上学习资源,让我们家长能安心工作。同时作业时间虽然合规,但孩子有时候很快完成,后面就没事干,能不能让老师布置一些分层、可选的练习,不超时。谢谢。"
833F2698C356D04CD09593C36E970B0E73DFCB517300CA06D438E1876FB3392A,关于暑期及开学后学校课后服务保障的诉求,"领导好,我是一名小学生家长,家里双职工,长辈不在身边,暑假孩子只能参加学校课后服务。目前孩子作业时间符合规定,我们白天也能安心工作,但心里不踏实。以前周边补课风气很重,费用也高,现在校外培训少了,怕校内服务跟不上。希望政府继续加大课后服务经费和师资保障,丰富体育、阅读、兴趣等活动,别让课后服务变成看管或集体补课,确保自愿参加、时间衔接,真正解决我们这样的家庭照护难题。"
C0D3B3AB6D54DFA192A0B608DFD711AEC1D0E3706DB8FB1990F09F1807D21E96,"希望加强小学暑假课后服务,解决双职工家庭后顾之忧","领导您好,我是一名小学生家长,孩子这个月参加了学校的课后服务。我们家是双职工,暑假里孩子没人看管,学校有课后服务确实解决了大问题。但心里还是不踏实,不知道课后服务除了看孩子,能不能真的辅导作业、组织点活动?我们两口子文化程度不高,以前总听说别的孩子在外面补课,现在外面培训班少了,更盼着学校能把课后服务做好,让孩子在学校就能学好,不用我们再花钱找人辅导。也担心有人偷偷请老师一对一补课,那我们普通家庭就更跟不上了。希望领导能督促学校提高课后服务质量,丰富内容,同时严查隐形学科培训,让家长放心。"
A33372CF10B719D034780BD676CC44B732A39E476FF81B3C7E5BAF6BEA3266E2,关于完善小学课后服务与减轻家庭照护负担的建议,"尊敬的领导:我是小学家长,孩子目前在读小学,未到升学年级。我们夫妻双方都就业,家里同住成员较少,暑假期间照护孩子有困难。这个月孩子参加了学校提供的课后服务,制度上要求每周五天、每天至少120分钟,但实际内容和质量我们还不清楚。作为家长,我们最担心的是课后服务流于形式,变成简单看管或变相补课,不能真正解决孩子的学习和照护问题。另外,现在校外学科培训市场收缩了,像我们这样家长学历不高的家庭,辅导孩子能力有限,如果课后服务不能跟上,可能会重新寻找校外培训,增加经济负担。希望领导能关注小学课后服务的实际保障和监管,督促学校丰富服务内容、提高质量,落实自愿参加原则,并保障师资和经费,让我们这样的双职工家庭能安心工作,孩子也能健康成长。"
DF06A95E035DD0041F9133BBD56832A8C68809CD6E6B31D5923F1FE186800026,关于暑假课后服务质量的诉求,"我家孩子上小学,我和爱人都在上班,文化程度不高,暑假最愁孩子没人管。现在学校有课后服务,孩子也参加了,但我们不知道里面具体做什么,担心只是简单看护。校外学科培训又少了很多,我们辅导不了作业,怕孩子开学跟不上。希望政府能督促学校把暑假课后服务安排好,增加作业辅导和兴趣活动,让我们双职工家庭安心工作。"
62C3A385401B4C582478114E585C8A9B8D2823D181FEBCB3BEE54F424B68871B,"希望加强学校课后服务辅导质量,减轻家长负担","领导您好。我家孩子上小学,这个月参加学校的课后服务。我们夫妻都在上班,家里老人帮不上忙,课后服务确实解决了看管难题。但我们家长文化程度不高,辅导作业很吃力,希望课后服务能真正把作业辅导和答疑做好,而不只是把孩子聚在教室里看管。听身边不少人说,以前有学校鼓动学生去校外补课的情况,现在校外学科培训管得严了,我们又担心有的机构转入地下、变相收费,普通家庭很难分辨。请求领导督促学校丰富课后服务内容,加强作业指导,同时严查隐形变相培训,让我们家长少点焦虑。"
B23111087E9E92B35DF155644A4E52958E24A2A951398D5FD09B26262D73874F,关于暑假学校课后服务内容与质量的建议,"我家孩子上小学,这个暑假参加了学校课后服务。我们夫妻都上班,家里老人帮不上太多忙,孩子能去学校确实解决了看护问题。但我听说现在要求课后服务内容多样、时间衔接,可我担心有些学校只是把孩子集中起来写作业、看管,没有真正安排文体、阅读、科技等活动。我们家长文化不高,辅导不了孩子,以前周围有学校发传单、鼓动孩子出去补课,现在外面学科培训少了,更希望学校能利用课后服务把孩子的假期安排好。请领导关注学校课后服务的实际质量,加强师资和经费保障,别让课后服务流于形式,也别让孩子闲下来看手机。我们愿意配合学校,但希望政府能督促学校把这件事做实。"
C0A501999820C3950091784A72977D5C3B23C628996351E85C2970B61C86FE37,关于提升小学课后服务质量与监管的建议,"各位领导好。我是一名小学生家长,家里夫妻两人都要上班,孩子目前在小学阶段,这个暑假孩子参加了学校的课后服务。我们很感谢有这项安排,但也有些担心:课后服务的时间是有了,可具体内容是不是丰富、老师能不能顾得过来、孩子是不是真的能得到有益的活动而不是单纯坐着等家长,这些我们心里没底。我们家长文化程度不高,辅导不了太多,更希望学校能在课后服务里提供一些阅读、体育、兴趣活动,而不是变成补课或者放羊。另外,我们也了解到一些家庭以前因为补课负担很重,担心到了初中以后压力又回来。希望领导能督促教育部门加强对学校课后服务的检查和指导,让内容更多样、老师有保障,也希望能有方便的渠道让我们家长反映问题。谢谢。"
B20D84DDC98A1C866AF6B728A86D75C16CC836BB4D25CFDF736BB9FC11127E9D,关于暑期学校课后服务内容与质量的建议,"领导您好,我是一名小学生家长。我们夫妻都在工作,家里能帮忙的人不多,暑假最发愁孩子没人管。现在学校有课后服务,孩子也参加了,这确实解决了我们很多困难。但作为家长,我们更希望课后服务不只是把孩子看着,而是能真正提供作业辅导、体育锻炼、兴趣活动这些内容。我家孩子是小学生,政策说课后服务要内容多样、时间衔接,我们担心学校在落实上会打折扣,特别是师资和经费如果跟不上,服务质量可能受影响。另外现在暑假书面作业量虽然符合规定,我们也希望开学后能继续保持,不要出现作业负担反弹。恳请领导关注学校课后服务的实际质量,加强指导和保障,让我们家长放心。"
D268B6DE109072313A5CA4B27860604FFBD658AE8DDB0607D2FB991769049004,关于暑期学校课后服务质量和双职工家庭看护的诉求,"领导您好,我家在东北一个城镇,孩子上小学,我们两口子都上班,家里老人帮不上忙,暑假孩子没人带。这个月学校有课后服务,孩子参加了,我们很感激,但也有些担心。听说现在要求学校课后服务每天不少于两小时,可实际到底做得好不好,我们心里没底。我们这一片以前补课很普遍,听说有邻居家孩子一假期补课费就好几千,我们文化不高,辅导不了孩子,现在外面培训班少了,就怕学校课后服务只是看孩子,没有真正的内容,甚至变成变相补课或乱收费。希望政府能加强监督,把学校课后服务真正办好,内容多样一点,时间上也能照顾我们下班接孩子,让我们双职工家庭能安心工作,孩子也能过个有意义的假期。"
6AF8D6E17110FF608A21C73094AD01CD22B5516A0B345EA41BB5063D453B5736,关于巩固小学作业减负和课后服务实效的建议,"领导好。我家孩子在城镇上小学,这个暑假参加了学校课后服务,书面作业也在规定时间内,我们家长感到压力小了一些。但我们文化程度不高,辅导能力有限,最怕校内减负了、校外又出现隐蔽的学科培训,或者课后服务只是看管、内容不充实,孩子差距越来越大。身边也有家长议论过去学校发培训传单、高价补课的事,大家心里还是不踏实。希望领导持续关注学校课后服务质量,不要只满足于时间达标,多安排阅读、体育、兴趣活动,真正解决双职工家庭接娃和辅导难题;同时严查隐形变异的学科培训,防止机构换个形式涨价、加重负担。希望孩子到初中也能继续有这样的环境,别让家长被迫陪读、拼补课费。"
6A87B5CC691ECC1DA0CC85171F4ACFD13F70BF1A8D828A0D8F74C04B99B81147,关于提升暑期课后服务质量与减轻作业负担的诉求,"领导您好。我家孩子读小学,目前暑假期间参加了学校的课后服务。我们夫妻双方都在工作,家里老人帮不上太多,我文化程度不高,辅导孩子功课比较吃力。看到政策要求学校课后服务要内容丰富、自愿参加、时间衔接,也要求控制书面作业总量,我们很支持。但作为家长,我有些担心:孩子虽然参加了课后服务,可实际内容是否只是看管写作业,能不能真正帮助孩子拓展兴趣、解决学习困难,还不清楚;同时,现在外面学科培训班少了,我们更怕有些机构换个形式涨价、隐性补课,或者把压力转回家里。希望领导能督促学校和相关部门把课后服务做实,内容更丰富,老师能多指导孩子,也加强对隐性学科培训的监管,让普通家庭不花冤枉钱也能让孩子学好。谢谢。"
DB9DA12D422D6D6728A55166C729F3F3089D6741236412B9949E813F708EADA5,关于保障初中生课后服务与作业指导的建议,"我是一名初中学生家长,家在县城,夫妻都上班,时间很紧。孩子就读公办非重点学校,单程通学时间较长。暑假快结束了,眼下比较放心不下的是新学期课后服务。现在校外学科培训管理严格,我们家庭没有报过培训班,更依赖学校提供的课后辅导和活动。希望学校能落实课后服务自愿参加、时间衔接、内容多样的要求,把书面作业指导做实,控制在规定时长内,同时多安排一些文体类活动,缓解我们双职工家庭接送和照护压力。也希望上级能关注普通公办学校的师资和经费保障,别让好政策停在纸面上。谢谢。"
943E73C1A39CCE8F88D6078FBB41BAF24D59283F01F428A1B051E1619698D2F9,关于规范初中课后服务保障学生休息的建议,"领导好,我是一名初中生家长。孩子今年秋季继续读初中,学校是公办非重点,离家较远,单程通学时间长。我们夫妻都在上班,时间安排很紧张,平时很难兼顾接送和辅导。暑假里看到市里出台了新要求,要学校统筹作业总量、规范校外培训、完善课后服务,我们挺期盼的。但同时也有些担心:以前听说过有些学校初三晚自习上到很晚,孩子睡眠严重不足,早上起不来,上课没精神,我们怕这些情况在我们这里重演。希望领导能督促学校严格落实作业时长规定,课后服务真正做到自愿参加、内容多样,不要变成变相补课或集体上课,让孩子放学后能按时回家,有足够时间吃饭、休息和运动。孩子正处于长身体的时候,学习成绩重要,但身心健康更基础。恳请相关部门开学后加强监督检查,让好政策真正落到孩子身上。"
002DE8F4D9745FC5B4DB2369AA252B6F7328927D55823D79EB42EFBDB8041704,恳请督促学校完善课后服务并保障孩子作息,"领导您好,我是初中生家长。我们夫妻都在上班,下班时间与学校放学时间常常对不上,孩子学校离家又远,单程通学时间长,接送和看管一直是难题。新学期马上开始,希望学校能真正落实课后服务,坚持自愿参加,时间上能跟家长下班衔接,内容上多安排体育、阅读、兴趣小组等,不要异化为集体补课或变相增加作业。另外,我们担心孩子因通学时间长导致睡眠不足,以及在校就餐间隔太长影响身体。恳请相关部门督促学校科学安排作息和课后服务,保障孩子睡眠和就餐,让我们家长安心工作。"
D4313B3C1502A9282D43C15BCF7CFB397DCFECAAEB1152C3FC2E1AB6123C404D,关于开学后课后服务与作业负担保障的诉求,"我是一名初中学生家长,孩子就读公办学校,单程通学时间较长,我们夫妻双方都在上班,家里时间安排比较紧张。现在暑假阶段孩子书面作业符合规定时长,暂时放心,但马上要开学,最担心的是课后服务和作业负担问题。政策要求学校完善课后服务,强调自愿参加、时间衔接和内容多样,还要求统筹作业总量,这对我们这样的家庭很重要。希望相关部门能督促学校在开学后落实课后服务,尽可能与家长下班时间衔接,让孩子在校内完成大部分作业,避免回家后还要长时间写作业,影响睡眠。同时也希望学校不要因为课后服务额外增加学习任务,保证孩子每天有足够的休息时间。孩子正是长身体的时候,睡眠和健康比成绩更重要。请领导关注我们这类通学时间长、家长时间紧的家庭的实际困难。"
E23F425E770A59D8841029F8121E244648D4F76B295F93A38E164EBDC4FD8BFB,关于优化初中课后服务解决双职工家庭照护难题的建议,"领导您好。我家孩子正在上初中,学校是公办的,离家比较远,每天单程通学时间不短。我和爱人都要上班,下班时间不固定,家里没有老人能长期帮忙。现在学校按照要求提供了课后服务,每天两小时,但孩子目前没有参加,因为结束时间还是衔接不上我们下班,加上回家路远,如果参加,到家会更晚,不参加又没人看管、作业也没人辅导。我们文化程度有限,初中知识辅导起来很吃力,心里很着急。马上春季开学了,希望领导能关注我们这类双职工、远距离通学家庭的实际困难,督促学校优化课后服务安排,例如适当延长服务时间或设置弹性离校时段,增加作业答疑和兴趣活动,让孩子能在学校完成大部分书面作业,回家后能早点休息。同时也希望地方能保障好课后服务的师资和经费,避免流于形式。谢谢。"
5D3B54CFE4F62C115B238EFC71089A310D28AACE99F2E216B2E40BB90E173178,关于新学期初中生作业与课后服务管理的建议,"领导您好,我是初中学生家长。孩子就读公办初中,家离学校较远,我们夫妻均上班,接送和辅导压力较大。寒假前孩子书面作业总体能控制在规定时间内,但我们对春季开学后有些担忧。学校课后服务每天2小时,但孩子上月未参加,我们也不清楚具体安排,担心不参加会影响学习或被区别对待。希望教育部门能督促学校:一是继续严控书面作业总量不超过90分钟,作业要精选,不要用课后服务时间补课或布置额外任务;二是课后服务坚持自愿原则,内容真正多样,能解决我们下班前无人接管的实际困难,而不是变相延长在校时间;三是关注孩子睡眠和就餐,避免出现因晚自习或加课导致睡眠不足、早饭来不及吃的情况。谢谢。"
43A0CC3B4E462033897A993924A9A3C1B6B2C5156CBAF121EBC5249B1A6F032D,希望课后服务能真正解决双职工家庭接送难,"马上要开学了,作为初中孩子的家长,我们两口子都在上班,家离学校也比较远,孩子放学早我们根本接不了。学校虽然提供课后服务,但上学期孩子没有参加,我们也不太清楚具体内容和质量。恳请领导关注一下学校的课后服务落实情况,希望课后服务不只是简单看管,能真正有作业辅导和丰富的活动,时间也跟家长下班衔接好,让孩子愿意参加,解决我们双职工家庭的接送和辅导难题。"
63898EC94DA9BD6E5B42BC73BC76240C0FA7D674DEC682B828B2F31BC27AFEF2,关于课后服务时间与通学衔接的诉求,"领导您好。我是一名初中生家长,孩子现在读初中,不是毕业年级。家里双职工,平时时间很紧,孩子上学单程路程也比较长。现在学校按要求提供课后服务,但孩子这个月没有参加。马上开学了,我很担心因为通学时间长、家里接送时间不好安排,孩子无法参加课后服务,导致作业辅导和照顾都成问题。希望政府能督促学校优化课后服务的时间安排,考虑远途学生的实际困难,比如灵活调整结束时间或者提供交通衔接,让孩子能真正用上这些服务,减轻家庭负担。谢谢。"
A4F910D11969C4F6B01961CCDBC7AE7D27E8F90CD113FD2C5B3E3908942FE66A,关于完善初中课后服务解决双职工家庭后顾之忧的建议,"我家孩子在公办初中就读,学校离家较远,单程通学时间不短。我和孩子父亲都在上班,下班时间较晚,家庭时间安排确实紧张,尤其是放学接送上存在困难。现在政府已经要求义务教育学校提供课后服务,强调自愿参加、时间衔接和内容多样,作为家长我们很期待。但本学期孩子没有参加学校课后服务,我们也不清楚新学期开学后学校的课后服务能否真正满足需求。希望领导能督促学校把课后服务落实到位,时间上尽量与家长下班时间衔接,内容上除了作业辅导,也能安排一些文体、阅读等有益活动,这样既能解决我们双职工家庭的接送难题,也能让孩子在课后得到有效看管和指导,避免回家后无人照看或荒废时间。另外,孩子作业量目前符合规定,我们很认可,但希望课后服务中的作业指导能更细致,帮助孩子巩固知识。恳请政府关注并推动学校办好课后服务。"
2AEE560C628654091B694E3AD6268C60B6B3800820E72C5EC68FD889D0843E92,关于初中生新学期作息与作业负担的诉求,"领导您好,我家孩子就读公办初中非毕业年级,家住城镇,离学校较远,单程通学时间比较长。我们夫妻都在上班,平时时间很紧。孩子平时作业量基本控制在90分钟以内,这个暑假也没有参加校外学科培训,也没有参加学校课后服务,但马上要开学了,我们很担心开学后学校课后服务、作业安排和通学时间叠加,影响孩子按时吃晚饭和睡眠。我们省内以前有初中出现过晚自习到很晚、孩子早上起不来、中午饿肚子等情况,所以对这类问题比较敏感。希望学校在新学期能继续严格落实作业总量要求,不额外增加书面负担;课后服务坚持自愿,时间衔接合理,不要变成变相补课或延长在校时间。也请相关部门加强日常监督,让孩子们能有正常吃饭、休息的时间,家长才能安心工作。"
A95467B07E171AD67FCB6CB5BCD643CED7659D10852E611D0E5F60B5BA30DBCF,关于完善初中课后服务解决双职工接送与作业辅导难题的诉求,"领导好。我是一名初中生家长,孩子就读公办学校,单程通学时间较长,我们夫妻都在上班,时间安排很紧。马上要开学了,按制度学校应提供课后服务,原则上每周五天、每天至少120分钟,但孩子目前没有参加。我们担心开学后如果参加,放学回家会更晚,影响睡眠;如果不参加,我们下班又无法及时接孩子,作业辅导也顾不上。希望相关部门督促学校优化课后服务,结合通学距离合理设计离校时间和接送衔接,提供作业辅导和素质活动,不要流于形式,也别把服务时间变成变相加课,让孩子既能安全看护,又能保证休息。"
C7B6451F328928F4DF9B8A687E457C8E3A105BBA2382CB735D762753AB52B294,关于初中生作息与课后服务安排的担忧和建议,"我是一名初中学生家长,孩子目前不在升学衔接年级,学校为公办,离家较远。暑假期间,我对新学期安排有些担忧。了解到同省部分地区初中存在晚自习时间过长、学生睡眠不足的情况,虽然我家孩子目前作业时间符合规定,但担心开学后学校可能安排较长的在校时间或课后服务,加上通学时间长,孩子回家会很晚,影响休息,也给我们双职工家庭带来接送困难。政策要求课后服务自愿参加,希望学校能真正落实自愿原则,不搞变相强制,同时合理控制作业总量和在校时间,避免增加学生负担。恳请领导关注初中生作息问题,督促学校科学安排。"
6B0FD26E0C5186D38C166E44DBCA43870E2292C39CB5FEBF01C9A206FDDA844B,希望新学期课后服务能衔接下班时间并指导作业,"领导好,我是一名初中学生家长。我们夫妻都在上班,孩子所在公办学校离家比较远,单程时间不短,放学时间和我们下班时间一直对不上。按照政策,学校应当提供课后服务,孩子这个月没有参加,我们也不清楚开学后能不能顺利参加。马上要开学了,最担心的是课后服务到底能不能常态化、实实在在地办下去。我们希望学校每天课后服务的时间能保证到我们下班后能接上,不要提前结束;内容上能多安排老师指导孩子把作业在校内解决一部分,不要变成集体讲课或变相补课;也不要只让孩子在教室干坐着。孩子初中阶段书面作业时长有规定,但我们家长学历有限,辅导起来吃力,如果课后服务能管住作业质量和完成效率,我们也能少一些焦虑。另外课后服务最好坚持自愿,但别让不参加的孩子被区别对待。希望领导督促学校把这件事落实,让我们这样的双职工家庭少一些后顾之忧。"
8BB48FA27E45B7238CB02F3445462E7491E4A46F020269B82153D5366A479AAB,关于新学期课后服务落实与作息安排的诉求,"领导好。我是一名初中生家长,孩子在镇上公办初中读书,学校不是重点,单程上学路途较远。我们夫妻双方都上班,时间安排很紧,开学后放学接送和照看是个难题。我了解到现在有规定要求学校统筹作业并提供课后服务,每天不少于两小时,但我担心学校执行不到位,或者把课后服务变成变相上课、延长在校时间。以前听说有的学校让学生很晚才回家,孩子睡不好,吃饭也顾不上,我们很怕自己孩子也遇到这种情况。希望领导能督促学校在新学期把课后服务真正开起来,时间上做好衔接,放学别太晚,把作业量控制在规定范围内,让孩子能正常吃上饭、睡好觉。谢谢。"
B3D1413FE589DC7B7A18BDE48C8AD02D2C433FF51C600F4FDAEA91A8501B1C8B,关于合理保障初中学生作息和课后服务质量的诉求,"我家孩子目前就读初中非毕业年级,家住城镇,我们夫妻都在上班,家庭时间比较紧张,学校离家又较远,单程通学时间长。之前孩子没有参加校外学科培训,现在校外培训减少,我们更希望学校课后服务能真正帮孩子把作业辅导好、活动安排好。但这个月孩子没有参加学校课后服务,我们担心开学后如果参加,每天至少120分钟会不会变成变相补课或延长在校时间?也看到同省有一些家长反映个别学校晚自习结束太晚、孩子睡不好、午餐间隔长的问题,我们很担心自己孩子也会遇到。希望领导能督促学校严格落实作业总量和时长要求,课后服务多安排作业指导、体育锻炼和兴趣活动,不要组织集体教学或考试,合理衔接放学时间,保障孩子吃上热饭、有充足睡眠,减轻我们双职工家庭的接送和辅导压力。"
CD307E2CB2D517ADFA2D6E594E20ED06CDAD0D2CBEB1A903A7FF90CBF9F9B654,关于初中课后服务与作息安排的诉求,"领导您好。我是一名初中生家长,家住中部城镇,孩子就读公办初中,现在不是毕业年级。我们夫妻都在上班,工作比较忙,孩子每天通学时间也比较长。暑假快结束,我们很担心开学后学校的课后服务安排。政策一直强调课后服务要自愿参加、时间衔接、内容多样,也要求控制书面作业时长。但作为家长,我们怕学校为了整齐划一,把课后服务变成全员晚自习或者集体补课,放学时间太晚,孩子回家路程又远,睡觉和吃饭都受影响。孩子正在长身体,初中阶段学习任务也不轻,如果休息不好,白天上课更没精神。希望教育部门能在开学前核查学校的课后服务方案,督促学校真正落实自愿原则,合理安排放学和课后服务时间,不增加作业负担,保障学生有充足睡眠和正常用餐,让像我们这样双职工家庭能安心工作。谢谢。"
7B51F9F83323EAB8C81E022094FC4B44D011EC115E7140C110F3A7018FC6A3C0,关于暑期课后服务覆盖不足影响双职工家庭照护的反映,"领导您好,我是中部地区一名初中生家长,孩子就读公办非重点学校,单程通学时间较长。我和配偶均需上班,家庭时间安排很紧。今年8月暑假期间,孩子没有参加学校课后服务,我们只能让孩子独自在家或临时托付亲友,既担心安全,也难以及时督促学习。我们了解到政策要求学校完善课后服务、内容多样、时间衔接,但像我们这样的城镇普通家庭,假期看护压力仍然突出。希望政府能督促学校或协调社区在寒暑假提供公益托管服务,解决双职工家庭实际困难,确保孩子假期有人照看、有活动参与。"
438DD16897FB733E0B8724551BBCB1AE0BF5ED5B2962FE84A6F4C120E9BC4279,关于开学后初中生作息和作业负担的诉求,"我家孩子正上初中,不是毕业班。这个暑假作业量控制得还可以,基本在合理范围。马上要开学了,我心里有些担心。我们同省有的学校以前出现过初三晚自习到很晚、早上到校太早,孩子睡不够,还有上午到中午吃饭间隔太长,孩子饿得难受。虽然我家孩子现在作业不多,但怕开学后学校为了赶进度或利用课后服务时间加课,导致作业变多、在校时间变长。政策说课后服务自愿参加、内容多样,我们希望学校能真正落实,不要变成变相补课,也不要强制参加。孩子睡眠和吃饭是大事,希望领导能督促学校合理安排作息,保证孩子中午有足够时间吃饭休息,课后服务多些体育、兴趣活动,让孩子能喘口气。我们家长也愿意配合,但实在担心孩子长期睡不够影响身体和学习。"
172B18E91022EE95AC19BB9779D1B42CB2BE40407F3D6EDF10D82BF68530FB5D,关于规范初中课后服务、保障学生休息的诉求,"领导好,我是中部某县一名初中生家长。孩子就读公办初中,下学期升入初中高年级。我们夫妻都在上班,家里没有老人帮忙,孩子单程上学要花比较长时间,家庭时间很紧张。学校不是重点学校,我们一直担心教学质量与作业管理。暑假快结束了,开学后学校要提供课后服务,每天至少两小时。我们原本希望课后服务能解决放学早没人接、作业没人辅导的问题,但看到同省有些学校把课后服务变成集体上课、布置额外作业,孩子回家还要做到很晚,早上又起得早,长期睡眠不足,我们很担心学校也会这样。虽然现在规定初中书面作业平均不超过90分钟,学校也说要统筹作业,但实际执行可能走样。希望领导督促学校课后服务真正自愿、内容多样,不搞变相补课或加重作业负担;同时加强作业总量监控,落实90分钟上限,让孩子晚上能早点睡,早上能多睡一会儿。我们不需要用时间堆成绩,身心健康才是基础。"
EE50130CE72839CEC8FBDF5B5E2D600AD3E1B5D8A595E1CE2FFC26CC08CEC46E,关于督促学校落实课后服务并严控作业总量的诉求,"领导您好,我是初中生家长。我们家住得离学校较远,单程通学时间长,家里大人上班时间紧,接送和辅导孩子作业压力很大。马上要开学了,我特别担心开学后学校课后服务能不能真正帮到我们。按政策,初中书面作业原则上不超过90分钟,课后服务也要求每周5天、每天至少120分钟,但孩子目前未参加课后服务,不知道开学后学校会不会落实到位,时间能不能衔接上我们下班时间,内容有没有实际辅导。现在校外学科培训少了,我们更希望学校能把课后服务做好,让孩子在学校完成大部分作业,回家能早点休息,避免睡眠不足。恳请有关部门督促学校在秋季学期严格落实课后服务和作业管理要求,真正减轻家长负担,保障孩子身心健康。谢谢。"
F2994D687FFA0F71FC2710066E074247531A40B0B4CFA846066F3C71F7F3111F,关于农村初中生作业负担过重和课后服务的诉求,"尊敬的领导,我是中部地区一名农村初中学生的家长。我们家庭经济条件较差,我和孩子爸爸都在外务工,文化水平也不高,辅导孩子作业很困难。现在学校布置的书面作业偏多,孩子每天要花不少时间,明显超过了规定的90分钟,我们看着心疼又帮不上忙。希望政府能督促学校严格落实作业管理规定,控制作业总量,提高作业质量,减少机械重复的作业。同时,希望学校能尽快提供课后服务,让孩子在学校完成作业,老师能给予指导,这样既能减轻我们的经济压力,也能让孩子有更多休息时间。我们农村孩子也想好好学习,考上大学,但作业太多真的影响睡眠和积极性。恳请领导关注。"
20E884DF8351829F29EE7F3FF35BC2C813E41035D97E7EE8DFBDFDB0A7FF9D82,"关于初中生暑期作业负担过重,希望学校落实减负政策","领导您好,我家孩子上初中,在乡下学校。这个暑假的书面作业,按说平均每天完成时间不该超过一个半小时,但实际感觉孩子每天要花很久才能做完,有时到晚上还在赶,睡眠明显不够。家里大人白天都要上班,晚上回来还要盯着孩子写作业、签字,我们文化不高,很多题也辅导不了,孩子累,我们也吃力。听说现在要求学校统筹作业总量、加强校内指导,还有课后服务可以自愿参加。希望学校能真正把作业量控制住,别把所有辅导任务都推给家长。马上要开学了,担心开学后作业还是这么多。请领导帮忙督促学校落实减负要求,让孩子有充足休息,也能保持学习兴趣。"
DF98C35AB65DAAA884B373BF965F8096FE92D1458F608865597A043E8268956A,农村初中暑假书面作业负担过重盼统筹管理,"我家孩子在农村上初中,这个暑假书面作业完成时间已经超过了规定的90分钟,经常写到很晚,家长文化不高,经济条件也有限,辅导起来很吃力。现在虽然要求学校统筹作业总量和时长,但感觉还没有真正落到实处。希望领导能督促学校严格控制作业量,提高作业设计质量,不要把所有辅导任务都压给家长。开学后也希望课后服务能真正让孩子在学校完成大部分作业,减轻家庭负担。"
0171A1356A7704809F985D01550EDA89AB7DC9A4CD680680EF09F51DCDC969D8,关于初中生暑期书面作业负担过重的诉求,"领导您好,我是中部农村一名初中生的家长。我家孩子现在读初中,不是毕业班。这个月孩子的书面作业情况没有达到规定里的时长要求,我们心里很着急。规定说初中生书面家庭作业平均完成时间原则上不超过90分钟,可实际上孩子感觉负担不轻。我们家庭经济条件不好,我和孩子妈妈都只有初中文化,平时白天都要干活,晚上辅导作业确实吃力。我们担心作业太多会影响孩子休息,也怕他失去学习兴趣。希望领导能督促学校按照要求统筹作业总量,控制书面作业时长,多在学校里给孩子一些作业指导,同时能考虑我们农村家庭的难处,把课后服务真正落实好,让孩子自愿参加,减轻家长负担。谢谢领导!"
56ABE94A9ECEF290D4E708A0F803CE9D94BE24148E60DBF98574EDDD38D38DEE,关于减轻初中生作业负担和用好课后服务的建议,"领导好,我是中部乡村一名初中生家长。家里经济条件一般,我们夫妻俩都在打工,晚上陪孩子的时间比较有限。孩子这个月参加了学校课后服务,但回家后书面作业还是不少,经常写到比较晚,我们担心已经超过了规定的时间。我们文化程度不高,辅导作业很吃力,也没有条件给孩子报课外班。现在校外学科培训少了,我们更希望学校把课后服务充分利用起来,老师能在课后服务时间多指导孩子完成作业,让孩子在学校就做完大部分书面作业,回家能早点休息。孩子正在长身体,长期睡眠不足会影响第二天的学习。恳请领导督促学校严格落实作业总量和时长要求,提高课后服务质量,真正帮我们这样的农村家庭减轻负担。"
334F7AD52DBE67A7BD1832A989D592A2FE4DC462FAE766C9F3B966F3DAF100BA,"乡村初中生作业负担仍重,盼学校落实减负要求","我家孩子在本乡镇初中上学,不是毕业班。这学期开学后孩子每天参加了学校课后服务,在校时间已经不短,可回到家写作业还是经常写到很晚,跟国家规定的初中生书面作业平均不超过90分钟的要求明显不符。我们夫妻都要上班,文化程度不高,晚上能辅导的时间很少,也辅导不了多少,只靠孩子自己熬。长期这样,孩子睡眠不足,第二天上课没精神,我们很担心他身体和学习兴趣。希望领导能督促学校真正落实作业管理要求,统筹各科作业量,提高作业设计质量,利用课后服务时间让孩子尽量在校完成大部分书面作业,老师能加强指导,而不是把作业压到回家。也希望学校不要给家长布置太多需要签字、打卡、批改的任务,我们不是不配合,而是实在没有能力和精力。现在村镇里学科培训班很少了,孩子全靠学校,更希望学校能把校内学习安排好。请领导重视乡村孩子课业负担问题,让孩子们能睡够觉,健康成长。"
C80132041E654EEF84BDC16A0A3981A5835B917440611C46E5079FBB75BAA1FF,关于减轻乡村初中生课后作业负担的请求,"我家孩子正读初中,这个月学校书面作业还是没有控制在规定时间内,经常写得较晚。孩子每天参加学校课后服务,但回家后仍要花不少时间完成作业,我们家长文化程度不高,辅导很吃力。家里人口多,父母都要上班,晚上时间和精力有限。我们担心长期这样会影响孩子休息和身体,也怕他对学习失去兴趣。希望领导能关注乡村学校作业管理,督促学校真正统筹作业总量,提高课后服务质量,让孩子尽量在校内完成作业,不要把压力转给家长。我们只是普通农民家庭,盼着孩子能读大学,但不想让他被作业压垮。"
DEF51AC1317572BF97C7F5F60ED370CC227D2E06A9A99F267F8E49B4D65BF652,请督促学校控制初中生作业量并完善课后服务,"领导好。孩子现在读初中,不属于毕业班。这个月发现孩子的书面作业情况没有达到规定要求,虽然参加了学校的课后服务,但作业负担仍然让我们担心。家里经济条件一般,父母都在工作,老人帮衬有限,我们文化水平也不高,辅导作业很吃力。希望领导能督促学校落实作业统筹要求,把每天书面作业时间控制在90分钟以内,并利用课后服务时间加强作业指导,少把作业带回家。这样孩子能早点休息,也不会失去学习兴趣。谢谢。"
2E93E1E9641203FB34F5E65CFD1FE0DD44D67D01752E4588E8C26ACD0F1D9FFF,关于乡村初中课后服务与作业负担问题的反映,"领导您好,我是一名农村初中生的家长。家里经济条件一般,我和孩子妈妈文化程度不高,辅导学习很吃力。现在孩子每天参加学校课后服务,但我们发现孩子的书面作业情况仍然没有达到规定的时长要求,作业负担感觉偏重。我们白天都要上班,晚上回来晚,也没能力辅导,外面的学科辅导班现在也很少了。我们只能指望学校课后服务能真正帮孩子把作业辅导好。希望领导能督促学校加强课后服务中的作业指导,合理控制作业量,尽量让孩子在学校完成大部分作业,减轻家长负担,也保证孩子有足够休息时间。"
3A554921A6B842F56ED00B247FB4CF5D6BC7E62EC1E432ECB0928B4D60FD6194,关于初中生暑假书面作业超时盼协调减负,"领导好,我家孩子在初中阶段,家住乡村。我们夫妻都在外打工养家,文化程度不高,辅导孩子作业实在吃力。这个月学校有课后服务,孩子也参加了,但书面作业还是明显超过规定时长,经常写到很晚,影响到第二天精神。我们没给孩子报校外学科班,光学校作业就压得孩子喘不过气。同省也有家长反映过类似情况,有的还要求家长签字、群里批评,我们很担心老师把辅导任务都推给家长。希望领导能督促学校真正统筹作业总量,把书面作业控制在90分钟以内,多利用课后服务时间加强校内指导,让孩子在学校尽量完成作业,回家能睡个踏实觉,别因为超量作业磨掉学习兴趣。"
DC02D1F2E8E22EB6BD2552237F209064BEB8D4195CAC749D6F144816A64600E1,关于孩子书面作业负担过重的反映,"领导您好,我是农村初中学生家长。孩子这个月的书面作业情况不太符合规定的时长要求,我们观察到孩子写作业时间明显超过90分钟,晚上休息受到影响。我们家长文化水平有限,辅导孩子做作业很吃力,家里还有其他事务要忙。学校课后服务孩子参加了,但感觉没有有效减少作业负担。我们担心这样下去孩子会厌学,影响身心健康。希望领导重视,督促学校严格落实作业管理规定,控制作业总量,提升作业质量,让课后服务真正帮助孩子完成作业,减轻我们家长的负担。"
ACCD6103B3C910C08E639BD0B64E9A7580C27E023B9F5DC2A01291510E7248F6,关于初中生课后作业负担过重请求督促减负的留言,"尊敬的领导: 我是中部地区一名农村初中学生的家长。家庭经济条件有限,我和孩子妈妈文化程度不高,平时辅导孩子学习很吃力。这个暑假,孩子按照学校安排参加了课后服务,我们原本希望课后服务能帮助孩子在学校完成部分作业、减轻回家后的负担。但从本月情况看,孩子的书面作业情况仍没有达到国家规定的初中生平均每天不超过90分钟的要求,我们感觉孩子回家后仍要花不少时间写作业,休息受到影响。我们担心长期下去孩子身体吃不消,也怕我们无力辅导导致孩子掉队。 恳请领导关注农村非公办学校作业管理和课后服务质量问题,督促学校严格落实作业统筹和时长规定,合理安排课后服务内容,真正让孩子减轻负担、健康成长。谢谢。"
7E5EA14EC3A58508EE85FA2102BA9D17A008ABC4AFB237DFF577E2D54B538DE0,希望减轻农村初中生暑假作业负担并加强课后作业指导,"领导好,我是农村初中孩子的家长。我们夫妻都在外打工,家里老人文化不高,辅导不了孩子作业。这个月孩子参加学校课后服务,但书面作业还是经常写到很晚,明显超过了规定的一个半小时,我们很担心孩子身体,也怕影响学习兴趣。政策一直要求学校统筹作业总量、提高设计质量,还要利用课后服务加强作业指导,希望领导能督促学校真正落实,别让孩子把作业都带回家,也别布置重复低效的题目。我们经济条件有限,没有报过补习班,就盼着学校课后服务能帮孩子把作业问题解决掉,让我们在外打工能安心一点。"
545FE7C86B145E2F3034CF48F970BA545D8E5102B20C4F085442652D451B75DB,关于农村初中生暑假作业负担和课后服务的求助,"领导好,我是中部农村一名初中生的家长。孩子现在放暑假,但学校提供课后服务,孩子这个月也参加了。家里经济条件不好,我和孩子爸爸都在打工,文化程度不高,辅导不了多少作业。最近发现孩子的书面作业情况没有达到初中生每天不超过90分钟的规定,具体布置了多少我们也没办法准确统计,只是担心孩子负担重。我们理解政策要求学校统筹作业总量,加强校内作业指导,也希望课后服务能真正帮孩子把作业问题解决一些。可是目前看,作业负担还是让人不放心。之前也听说过附近有学校作业太多、家长被要求签字打卡,老师把辅导任务都推给家长,我们怕自己孩子也遇到类似情况。希望领导能督促学校严格落实作业时长管理,在课后服务里安排老师指导作业,不要让孩子把大量作业带回家,也不要让家长承担过多辅导责任。我们家长愿意配合,但能力有限,只希望孩子能睡够觉,对学习还有兴趣。"
550FCF1475D83F1DEA6FA6DE264FA1A6CAAADDE499AF62A06452DD958974607B,关于乡村初中生暑假作业负担的求助,"领导好,我是中部乡村一名初中生的家长。家里条件一般,人口多,我和孩子妈妈都要打工,文化水平也不高,辅导孩子作业确实吃力。这个月孩子参加了学校的课后服务,每天时间也不短,但书面作业情况还是不符合现在的规定,我们很担心作业量太大。以前就听说同省有孩子作业做到很晚,睡眠不足,家长每天要签字,漏签了还在群里被公开批评,孩子对学习越来越没兴趣。我们不想自己的孩子也变成这样。希望领导能重视乡村学校的作业管理,督促学校真正把作业总量和时长控制住,提高作业质量,别把辅导和检查都推给家长。也请关注课后服务的实际效果,让孩子在学校能把作业尽量完成,回家能有点休息时间,别让作业压垮了孩子。"
3E1C399B5F39187622A310C464FE9FFE723C55A6FC9DD1FCF4DCD1FE7E7D49C2,关于请求督促学校减轻初中生作业负担的留言,"领导您好,我是中部农村一名初中生家长。家里经济条件不好,我和孩子爸爸都要上班,文化水平也不高,辅导孩子作业很吃力。现在学校有课后服务,孩子也参加了,但这个月孩子的书面作业时间还是超过了规定的90分钟,我们很担心开学后作业更多,孩子睡不够,影响身体和学习。希望领导能督促学校真正落实作业管理要求,控制作业总量,提高课后服务质量,让孩子在学校尽量完成作业,不要全推给家长。我们实在没有精力和能力天天辅导、签字。谢谢。"
5225135963E11D28C11414C5FAB3C8E254CD28F085890AA00EBEDFFC5E899E6E,"乡村初中生作业负担重,盼课后服务更给力","领导好,我是农村初中学生的家长。孩子这个月作业明显超过规定时间,每天写到很晚,我们夫妻都在上班,文化水平不高,辅导不了,家里经济条件也请不起家教。学校课后服务孩子参加了,但感觉老师主要还是看管,作业辅导不够,孩子还是得把大量作业带回家。长期这样担心孩子睡眠不足,影响身体和学习。希望领导督促学校严格控制作业总量,真正落实不超过90分钟的规定,并且把课后服务利用好,让孩子在学校把作业完成,减轻我们农村家长的负担。"
B9BBCFEAACEA95C1DD8537452D12411CC57774F22F51A502C89220720A1541CF,关于乡村初中生书面作业超时影响睡眠的求助,"领导好。我家孩子在乡村一所初中就读,这个月学校课后服务我们也参加了,但孩子的书面作业仍然超过了规定的不超过90分钟。我们夫妻都在务工,文化水平不高,晚上回家已经很晚,孩子经常因为作业拖到很晚,我们既心疼又无力辅导。听说现在有要求学校统筹作业总量、加强校内指导,但孩子学校好像还没有落实到位。希望领导能督促学校严格执行作业时长规定,减少机械重复的抄写类作业,提高作业质量,并利用课后服务时间让孩子尽量在学校完成作业,不要把所有辅导任务都推给家长。孩子正是长身体的时候,长期睡不够会影响学习和健康。谢谢领导关注。"
16FA09916C935CE905B2C302B0E58BC73A69EC16D958BE6CB7B4E5A20B5965EF,"乡村初中生作业负担重,课后服务未能减负","领导好,我是中部地区一名乡村初中学生的家长。家里经济条件不好,我和孩子爸爸都要打工,文化程度也有限,辅导孩子学习很吃力。这个月孩子参加了学校课后服务,每天在校时间很长,可晚上回家书面作业还是很多,经常要写到很晚,明显超过一个半小时的规定。我们理解课后服务是为了方便家长,但实际作业量并没有减少,孩子睡眠不足,学习兴趣也在下降。希望领导能督促学校真正落实作业管理要求,提高课后服务质量,尽量让孩子在学校完成作业,回家能有休息和锻炼的时间,减轻我们家长和孩子的负担。"
E3A4C9BEE0F64CDCCA42F52DCA11DF7AC47E5F99974404247FBBFB0F4517CBCA,关于初中生书面作业负担与课后服务衔接的诉求,"尊敬的领导:您好!我是初中学生家长,家在乡村,家庭经济条件一般,我们两口子都上班,辅导孩子学习的时间和能力有限。按照政策,初中生书面家庭作业平均完成时间不应该超过90分钟,但据我们了解,孩子这个月的书面作业情况还是超过了这个标准。孩子现在参加了学校的课后服务,按理说在校内应该能把作业完成一部分,但回到家后依然要花不少时间写作业,家长辅导起来很吃力。我们担心长期这样下去,孩子学习压力太大,影响休息和对学习的兴趣。希望政府能督促学校真正统筹好作业总量,提高课后服务的作业指导质量,让孩子在校内尽量完成作业,减轻我们家长的负担。谢谢领导关心!"
4604739DE93A87D8DFA1C2602E91AF2B2075D1089BFCB0FB6F85A2CF21E83389,关于乡村小学生暑假作业负担和开学后作业管理的求助,"我是西部乡村一名小学生的家长,孩子就读于公办重点小学。这个暑假孩子书面作业较多,每天要花很长时间才能完成,我们担心可能已经超过规定的小学作业时长。家里经济条件一般,我和孩子妈妈文化程度不高,辅导作业很吃力。看到现在有要求学校统筹作业总量、提高设计质量,希望领导能督促学校真正落实,开学后不要布置过多机械重复的作业,加强校内作业指导。另外也希望学校课后服务能更丰富,让孩子在学校完成大部分作业,减轻家长压力。我们农村家长也想配合学校,但实在能力有限。恳请政府关注乡村小学的作业管理和课后服务落实情况。"
FF6166A5A8F92551A4C1558D68B1EF9A17258A30C188D283FE1B3D3A885DF7EB,关于暑假书面作业过多影响孩子休息的反映,"领导您好,我是西部农村一名小学生家长。孩子就读公办重点小学,这个暑假学校布置的书面作业,孩子每天完成时间经常超过一个小时,和现在规定的小学作业时长上限不符。孩子睡眠本来就比较充足,但作业一多,晚上也要写到很晚,影响休息,也影响学习兴趣。我们家庭经济条件一般,也没有给孩子报学科类培训班,只能自己辅导,但高中文化程度有些吃力。希望学校认真落实作业管理要求,统筹作业总量,提高作业设计质量,少一些机械重复的抄写。也希望开学后学校能利用好课后服务时间,让孩子在校内完成大部分书面作业,老师能给予指导。另外,我们这边学校班级人数可能比较多,老师忙不过来,希望领导关注农村重点学校的师资和课后服务保障,真正把减负要求落到实处。"
07FF12726EAE838037132F447C8E79E15C291954422CEE209A2678E666180E55,关于规范小学暑期书面作业并落实课后服务的诉求,"我家孩子在乡镇公办小学就读,暑假以来学校布置的书面作业,孩子完成时间明显超出规定的小学作业时长上限。我们家庭经济条件一般,家长文化程度不高,辅导作业很吃力,孩子也担心完不成。希望领导能督促学校按照要求统筹作业总量,提高作业设计质量,不要布置机械重复的作业。同时开学后能真正落实课后服务,让孩子在学校有老师指导完成作业,减轻家长负担。另外,我们这边学校少,班级人数偏多,老师精力有限,也请关注师资配置,避免因为班额过大影响作业指导和教学质量。孩子睡眠一直不错,我们不想因为作业问题影响孩子正常休息和学习兴趣。"
1ABC1A9675AC32DE20C0EE4550A595D455A62DD4000F07B508D667979742238D,关于乡村小学作业时长和课后服务的诉求,"尊敬的领导:我家孩子在乡村一所公办重点小学读书。这个月我们发现孩子书面作业负担偏重,担心可能超过规定的60分钟,影响孩子休息。孩子平时睡眠充足,作业太多怕影响身体和第二天的学习。我们这里学校条件有限,班级人数可能比较多,老师要批改作业、辅导学生,负担很重,有时候作业量控制不住。现在听说要求学校统筹作业总量、加强课后服务,我们希望学校能真正落实,让孩子在学校就能完成一部分作业,老师也能多指导。恳请政府督促学校严格执行作业时长规定,同时考虑乡村学校师资紧张的情况,加强保障,让孩子减轻作业负担,健康快乐成长。谢谢。"
7A05BC47D416ED208086BC75566AFC19445EB84CCC366C98923809AB5BD6DCFC,关于乡村小学课后服务质量和作业指导的诉求,"领导您好,我是一名西部乡村小学生的家长。孩子目前在学校参加课后服务,作业时间也基本在规定范围内,这让我们家长比较安心。但马上要春季开学了,我还是有些担心。我们家庭经济条件一般,我本人文化程度不高,辅导孩子功课很吃力,孩子以前也没上过校外学科培训班。现在外面学科培训明显减少,我们更希望学校能把课后服务做扎实,不要只是让孩子坐在教室,而是真正有老师指导完成作业、答疑解惑,适当安排一些阅读、体育、兴趣活动。同时希望学校在统筹作业时继续控制好书面作业总量,保证孩子有足够的睡眠,不要因为课后服务或开学后课程进度就把负担压回来。孩子能健康成长、学有所得,是我们最大的心愿,希望有关部门能关注乡村学校课后服务的实际质量和资源保障。"
F0F9C6FFA5246DD114514F485458DE4B6FFB4AB933ECEE2EF2DA486A74463EBC,关于农村学校课后服务质量和师资保障的诉求,"领导好,我是西部农村一名小学生的家长。我家孩子所在学校是公办学校,家里经济条件一般,我们文化程度也不高,辅导作业比较吃力。这个月孩子参加了学校课后服务,每天原则上不少于120分钟,我们很感激。但我了解到课后服务要求自愿参加、内容多样,还要保证时间衔接。我担心农村学校师资有限,一个班孩子不少,课后服务时老师既要照看安全又要辅导作业,可能顾不上每个孩子。现在校外学科培训少了,我们农村家庭也没条件请人辅导,如果课后服务能真正帮孩子在校内完成书面作业、开展一些兴趣活动,对我们帮助很大。希望领导能督促地方和学校配足课后服务师资和经费,加强质量监管,确保课后服务不变成集体补课或单纯看管。孩子平时睡眠时间比较长,我们希望作业能在校内解决,回家能早点休息。也请关注农村学校班额和教师配置问题,让孩子得到有效指导。"
625CFC3137110F534B7C5A2E3860DCBE5D88EDF8C7636FA217701D0E3266B138,关于乡村小学课后服务质量和师资保障的建议,"我是一名西部乡村小学生的家长,孩子目前在公办重点小学就读,这个月已经参加学校课后服务。政策要求学校每天提供至少两小时课后服务,我们很高兴,但心里不太踏实。我家经济条件一般,以前没让孩子上过学科培训班,现在校外培训收缩,学校课后服务成了我们最主要的指望。可是乡村学校点少面广,师资力量本来就不算宽裕,过去一些班级人数多、老师顾不过来的情况让我们担心。希望课后服务不要变成单纯看管,能真正落实作业指导,安排足够老师,控制服务班额,丰富体育、阅读等内容。这样我们家长才能安心,孩子也能得到实实在在的帮助。"
E413DA95E5FDB4CD1614CCE2781B224C3AA1A4F9DADFB7033D96BFFE4101D383,关于乡村公办小学课后服务保障的诉求,"领导您好!我是一名西部乡村地区小学学生的家长。孩子就读于公办学校小学阶段,目前没有升学压力。我们家庭经济条件一般,大人文化程度有限,希望孩子以后能考上大学。这个月孩子参加了学校的课后服务,我们很感激政府的安排。但我们也有些担心:农村学校师资和经费可能不够,课后服务会不会只是简单看管,作业辅导和兴趣活动不够丰富?我们怕花了时间却没有真正帮助到孩子。希望领导能关注农村学校课后服务的落实质量,加强督导检查,保障师资和经费,让课后服务内容更丰富、作业指导更有效,减轻我们家长的负担。谢谢!"
D7F73CCA87CBCB6FB83E3C22C076E8856342B782FF778EE97F382C23848952DA,关于农村学校课后服务内容与质量的建议,"领导好,我是一名西部农村小学生的家长。家里经济条件中低,孩子以前没有上过校外学科培训班,现在校外培训也减少了,我们更依赖学校的课后服务。这个暑假孩子参加了学校的课后服务,每天至少两个小时,但我们不太清楚具体内容。孩子书面作业时间虽然符合规定,但我们担心作业质量不高,课后服务能不能加强作业辅导,让孩子在学校解决作业问题,回家后能好好休息。农村孩子课外活动少,希望课后服务能安排一些体育运动、艺术或阅读,而不是单纯看管。我们家长文化程度不高,辅导作业吃力,真心希望学校课后服务能落到实处,真正帮到孩子。谢谢。"
D358F42061877CDD65934EAE78D3B896B9FBD35AA364F346EF2463B838DBB6F5,关于农村重点小学课后服务质量的担忧与建议,"孩子在西部农村一所公办重点小学读书,家里经济条件一般,家长文化程度有限,辅导作业比较吃力。暑假快结束了,孩子这个月参加了学校课后服务,每天有两个小时左右。但看到周边一些学校以前存在班级人数偏多、老师忙不过来的情况,担心课后服务时间虽然有了,质量却难保证,比如作业指导不够细致,活动内容单一,甚至变成单纯看管。希望领导能督促学校配足课后服务师资,丰富活动内容,尤其加强作业辅导,让农村孩子也能真正受益,减轻家长负担。"
4150E29C308E4E12C7BAB2501AE3601D81315D34EFCD4FFDAF56D631F7526316,关于提升农村学校课后服务质量与师资配备的诉求,"各位领导好。我家住在西部农村,孩子在当地一所公办重点小学读书,家庭经济条件一般,家长文化程度不高,辅导学习比较吃力。这个暑假学校提供了课后服务,孩子也参加了,我们很感谢有地方看管孩子,但担心服务质量和师资配备跟不上:农村学校老师数量有限,一个班学生不少,课后服务如果只是看管写作业,老师很难逐一辅导,更谈不上丰富多样的活动。我们也常听其他家长反映班级人数偏多、老师顾不过来。现在校外学科培训减少,像我们这样的家庭很难负担其他学习资源,更希望学校课后服务能把作业辅导和兴趣活动做实做好。恳请领导督促相关部门保障农村学校课后服务的师资和经费,适当增加专业老师或志愿者,合理控制班级人数,提升服务质量,让孩子在暑假和平时都能得到有效看护和指导,真正减轻家长负担。"
A564D6059B65FDB70A73E5747FE44ED515A5AD218CD1A859D167B42FB2E40E48,关于农村小学课后服务保障与质量监管的诉求,"领导您好,我是一名农村小学学生的家长。孩子就读公办重点小学,家庭经济条件一般,我们文化程度不高,辅导作业有些吃力。这学期孩子参加了学校的课后服务。但我们了解到本地农村学校数量较少,师资力量有限,课后服务能否真正做到内容多样、有老师认真指导作业,而不是简单看管?我们担心如果只是把孩子留在教室,课后服务就失去了意义。现在学科类校外培训少了,我们更希望学校课后服务能帮助孩子完成作业、培养兴趣,减轻家庭负担。希望政府能加大对农村学校课后服务的经费和师资保障,加强监管,确保自愿参加、不搞变相补课,也别把课后服务变成变相增加作业负担。谢谢领导关心。"
C0816F3ED5A3B294015EECFCD70CD4FA47709DE83F6335B1673152C3C8FA3182,乡村孩子暑期课后服务盼更实在的帮助,"领导好。我家在西部农村,孩子在乡镇公办学校上小学,家里条件一般,我们文化程度不高,辅导孩子功课很吃力。以前也没条件给孩子报校外学科班,现在校外学科培训少了,学校课后服务成了我们最主要的指望。这个暑假孩子参加了学校课后服务,学校说每天不少于两小时、每周五天,这本来是好事,但我们担心只是把孩子集中看管,作业辅导和兴趣活动跟不上。我们不是要加重孩子负担,作业量目前也不多,就是希望课后服务里老师能多指导孩子完成作业、培养阅读和体育兴趣,而不是干坐着。农村家庭没有太多资源,学校又是重点示范学校,希望能带头把课后服务做实。恳请上面多关心乡村学校课后服务的师资和经费保障,定期下来看看实际开展情况,别让好政策到村里走样。谢谢。"
FA515A14F45C8339F73ED2A5E7CB106850928BA240B8D4370646CB0A49A4FBEF,关于农村小学课后服务质量的担忧与请求,"我是西部农村一名小学生的家长,孩子就读于当地一所公办重点小学。家里经济条件一般,我和孩子妈妈文化程度不高,但我们一直盼着孩子能考上大学。这个暑假学校开展了课后服务,孩子也参加了,我们很感激有这个安排。但我们心里也有些担心:农村学校老师本来就少,一个班学生多,课后服务会不会只是把孩子聚在一起看管,老师精力跟不上,没法真正辅导作业或组织有益活动?我们家庭条件有限,以前也没给孩子报过外面的补习班,现在校外培训少了,我们更依赖学校的课后服务。希望领导能多关注农村学校课后服务的师资和经费保障,让课后服务内容更丰富、质量更有保证,别让农村孩子因为家庭条件落后。"
DEFCFC625DBEA0202E96ED7E32F4F93C7D00861149A928BB4D9E51439F3BD57D,关于乡村学校课后服务师资与质量保障的诉求,"领导好,我是西部乡村一名小学生家长。孩子所在学校是公办重点学校,离家不算太远。这个暑假孩子参加了学校课后服务,按规定每天不少于120分钟,但我们担心开学后课后服务能不能持续有质量。我们这边乡村学校师资本来就紧张,班级人数也可能偏多,老师教学任务重,还要兼管课后服务,怕最后只是把孩子看着,起不到辅导作用。家里经济条件一般,我们学历也不高,之前没给孩子报过学科培训班,现在校外学科培训少了,我们更指望学校课后服务能帮孩子巩固学习、培养习惯。希望政府能督促学校合理安排师资,保障课后服务的内容和质量,不要让课后服务流于形式,也让乡村孩子能真正受益。"
9640366F1A3026DECE6E28876BA074166DA983882A97F6EC52A013FCCF4794BE,关于乡村小学课后服务内容与师资保障的担忧,"领导您好。我是一名西部乡村小学生的家长,孩子就读公办重点小学,家庭经济条件一般,家长文化程度不高,没有能力给孩子报校外辅导班。这个暑假孩子参加了学校组织的课后服务,我们很感谢,但心里也担心:乡村学校课后服务的内容是否丰富,老师数量够不够,能不能真正照顾到每个孩子。我们这里义务教育学校分布比较稀疏,师资负荷也不算轻,课后服务每天要求至少两小时,如果只是看管写作业,对孩子帮助有限。希望政府能加强乡村学校课后服务的经费和师资保障,督促学校丰富活动内容,提高服务质量,并定期向家长反馈孩子参与情况。这样我们这样的家庭才能真正放心。谢谢。"
D051381BD6A854C9BA30E223ABF3F32F1386C479BD23E6E1981312BF8835CEC8,关于提升乡镇学校课后服务质量的建议,"我家孩子在乡镇的重点小学读书,这个暑假学校提供了课后服务,孩子也每天都去参加。我们家庭经济条件一般,家里大人最高学历是高中,辅导作业越来越吃力,也负担不起外面的兴趣班和补习班。学校课后服务每天有两个小时,但作为家长我们不太清楚这两个小时具体安排了什么,担心只是简单看护,缺少作业辅导和兴趣拓展。孩子书面作业量目前符合规定,但我们希望课后服务能真正帮助孩子巩固知识、培养兴趣,比如安排老师答疑、开展阅读、体育、科学小实验等活动。农村学校师资和经费可能不如城里,恳请领导关注西部乡村学校课后服务的实际运行质量,加强保障和指导,让像我们这样的家庭也能获得实实在在的校内支持。"
F6FD0E5605C3515E8DB3391E9FC00F19F47A06A596E723323145A3A07CFCC433,关于乡村学校课后服务质量和师资保障的诉求,"领导好。我是西部乡村一名小学生家长,孩子正在公办学校就读,这个月也参加了学校课后服务。我们家庭经济条件一般,平时照看孩子精力有限,很需要学校课后服务帮孩子做好作业辅导、发展兴趣。但看到一些地方学校班级人数多,老师还要兼任其他事务,担心课后服务会变成简单看管,或者老师精力跟不上,影响辅导质量。希望政府能督促学校把课后服务的时间和内容真正落实,加强师资配备和经费保障,不要流于形式;同时关注班级规模和教师负担,避免因为人手不足影响孩子的作业指导和全面发展。"
389555C299A66819E2C7613A217678FE841BD5D744EDE8F584FF2B4C622E358C,关于提升农村学校课后服务质量的建议,"我是一名西部农村小学生的家长,孩子在乡镇公办学校读书。这个月孩子参加了学校组织的课后服务,我们很感谢政府提供这样的便利。但我心里有几个担忧:我们这里以前学校班级人数比较多,老师教学任务重,现在课后服务每天还要两个小时,我怕老师精力跟不上,课后服务变成简单的看管,作业辅导和兴趣活动都开展不好。我们家庭收入不高,没办法给孩子报外面的培训班,课后服务是我们重要的指望。希望领导能督促教育部门加强农村学校课后服务的师资保障和内容安排,让老师能够真正指导孩子完成作业,开展一些体育、阅读、艺术等活动,而不是放任孩子自己玩或干坐着。另外,课后服务结束时间希望能跟家长下班时间衔接好,解决我们接送难的问题。恳请领导关注农村孩子的课后生活,让好政策落到实处。"
2986C78C8BDA9274AC91E9074C264B3BB63D4D9DF8DFCAA839025010CAC60838,关于提升乡村小学课后服务质量的诉求,"领导好。我是西部农村一名小学生家长,孩子目前就读公办重点小学,家庭经济条件一般,没有参加过校外学科培训。这个月孩子参加了学校提供的课后服务,政策也要求学校统筹作业和丰富课后活动,这让我们家长安心一些。但我有些担心:我们这边乡村学校数量少,老师本身可能不够用,课后服务能不能真正有作业辅导、阅读和文体活动,而不是简单看管?暑假期间和开学以后,如果课后服务内容跟不上,像我们这样没条件另外报班的家庭,孩子更容易拉开差距。希望领导督促教育部门重视这类乡村重点学校课后服务的师资配备和经费保障,让孩子自愿参加也能有实际收获。"
48A8DABD564B51C9D1C604148215D238448272ABDC3A59AAAEF7A293FA47915B,关于乡村小学课后服务与作业辅导的期盼,"领导您好,我是村里一名小学生家长。孩子还在读小学,学校离家比较远,家里经济条件一般,我们大人文化不高,辅导作业很吃力。孩子平时睡眠时间倒是够,但学习上遇到不会的题,我们常常帮不上忙。现在暑假快结束了,听说新学期学校要严控作业总量、加强课后服务,我们非常盼望能真正落实到位。希望学校课后服务能安排老师辅导孩子完成作业,再开展一些阅读、体育、兴趣活动,时间上也能衔接我们接送,不然放学早孩子没人管,我们又要干活,确实困难。另外布置作业希望能少而精,不要都让家长批改讲解。乡村学校条件有限,恳请政府多支持,保障课后服务的老师和经费,让农村孩子也能享受到好的服务。谢谢。"
F26099331E70DE12812CC451CD4EEDAA27B80F9F004803D7A3FBF0EC588B2F2B,关于乡村小学课后服务与作业辅导的期盼,"领导好,我是东部农村的一名小学生家长。孩子今年上小学,学校离家比较远,单程要花不少时间,回家路上安全一直让我们挂心。我们夫妻文化水平不高,辅导作业很吃力,家庭经济也一般,没有条件给孩子报课外班。现在听说学校要统筹作业、提供课后服务,我们很期盼。但农村学校条件有限,担心课后服务只是走形式,作业指导不到位。希望领导能重视乡村学校的课后服务质量,督促学校真正把作业指导做扎实,让孩子在学校完成作业,减轻家长负担。同时,因为放学时间如果延后,孩子回家路上更不安全,希望课后服务时间能和家长下班、校车或公共交通衔接好,保障孩子安全。另外,我们也希望加强农村教师队伍建设,提高老师的责任心和教学能力,避免出现歧视孩子、推卸责任的情况。谢谢领导。"
8C2A2698C0DD5E5E5CE58D14C10B45BAD701AA1B1A7DE2FB0F768BEB465BF812,关于农村小学课后服务和作业管理的请求,"领导好。我家在东部农村,孩子上小学,学校离家比较远,单程接送要花不少时间。家里经济条件一般,我们文化程度也不高,辅导作业很吃力。现在暑假快结束了,担心开学后学校课后服务能不能真正落实。我们希望课后服务能解决孩子放学早、接送难的问题,也能有老师在学校指导孩子完成作业,而不是回家后我们不会教。同时希望学校按照要求控制书面作业,不要让孩子负担过重。农村学校老师本来就少,负担重,也请政府保障好课后服务的师资和经费,别让好事变成形式。另外,校外培训班我们上不起,也不希望孩子依赖补课,所以校内课后服务对我们特别重要。请领导多关注农村小学的实际困难,督促学校把课后服务和作业管理做好。"
291EEED541AEB55BEFCD0A91B573AAE4749EAC6EF58FBD0B5F96131BB8D59208,关于乡村小学课后服务和接送困难的求助,"领导您好。我们住在东部大区乡村,孩子就读公办小学,学校离家远,单程通学时间长。家里经济条件一般,父母不能同时就业,暑假过后接送和照看孩子成了难题。现在政策要求学校完善课后服务,自愿参加、时间衔接,我们很希望能享受到这项服务,但担心乡村学校师资紧张、经费不足,落实不到位。希望政府能督促学校把课后服务真正办起来,保障师资和经费,时间上能方便家长接送,同时对乡村学校多些倾斜,加强教师师德和家校沟通,别让农村孩子掉队。"
8E52D251F164CF7EBBFF4A1FFC1CF3FF6CB701815007B643D55A900E2738076F,关于乡村小学课后服务内容与低年级学习支持的诉求,"我家孩子上小学低年级,目前学校按规定不布置书面家庭作业,我们理解减负,但心里不踏实。我们住在乡村,家里经济条件一般,大人文化不高,晚上想辅导孩子认字、算术但力不从心,白天能照看孩子的人手也有限。孩子现在参加了学校的课后服务,可我们不太清楚这段时间具体在做什么,只担心如果只是把孩子留在教室里,没有针对低年级孩子的阅读、写字、口算等基础练习和老师指导,时间就白白过去了。孩子回家又没作业,长期下来基础可能不牢。孩子单程上学路比较远,课后服务结束到家后我们也不忍心再额外加学习任务。家里只有一个人挣钱,报校外班不现实,我们也不希望孩子再去上学科培训班,只盼着学校课后服务能补上家长辅导不了的部分,安排一些老师带着读书、练字、讲题目或开展免费的兴趣活动。希望领导能督促学校把课后服务真正用好,让乡村孩子也能在学校里得到实实在在的帮助。"
E046658CA043AE48895B2B03E7C5F3D9311539BE9140242F8C91675CF99C50EA,关于乡村学校课后服务质量和放学交通安全的反映,"各位领导好。我家孩子在村里公办小学就读,现在学校每天提供课后服务,孩子这个月也参加了。作为家长,我们支持学校开展课后服务,但有些实际情况想反映。一是学校不是重点校,师资条件有限,担心课后服务只是把孩子集中看管,缺少作业辅导和兴趣活动,孩子基础一般,我们家长文化不高、经济条件也有限,没法在校外补课,很希望课后服务能真正帮孩子补上学习短板。二是村里不少孩子单程上学路途较远,课后服务结束后天色更晚,老人接送、孩子自己回家都不安全,刮风下雨更困难。希望领导能督促学校加强课后服务内容和质量管理,同时协调解决放学后的交通安全问题,让乡村孩子也能享受到有质量的课后服务。谢谢。"
89CF680FB4FB252E9C34FAA68A8673614A14574B636716F6D2DC5745B2776AF6,关于农村小学课后服务与通学安全的诉求,"领导您好,我是农村一名小学生家长。孩子就读学校离家较远,单程通学时间长,日常接送很不方便。目前孩子参加了学校课后服务,每天在校时间延长,但2月天黑较早,加上返程路途,孩子到家时天色已暗,我们非常担心交通安全。另外,我们家庭经济条件一般,家长文化程度不高,辅导孩子学习比较吃力,希望课后服务能多提供作业辅导、知识巩固等学习支持,而不是简单看管;也理解农村学校师资紧张,但恳请领导协调资源,让孩子在课后服务中真正有所收获,同时优化服务时间或改善通学保障,确保孩子安全到家。谢谢。"
3F23073A7EE6CBF99B3DF59DF99F72FB617D7482E0DC56F2C54E3191172E5704,关于乡村小学课后服务与通学衔接问题的求助,"领导好!我是乡村小学一名学生的家长。我家孩子就读于村里公办小学,单程上学路程比较长,家里条件一般,大人文化程度也不高,很多事情只能靠学校。现在学校按照要求开展课后服务,孩子这个月也参加了,我们很感激。但作为家长,心里还是有些不踏实:一是课后服务结束时间较晚,孩子回家的路又长,家里接送确实有压力,特别是以后天气不好或天黑得早,怕孩子路上不安全;二是我们这种乡村学校师资本来就紧张,课后服务的内容和质量能不能保证?会不会变成单纯看管?以前也听到过类似地方有老师对孩子不够耐心、推责任的情况,我们很担心自己的孩子也会遇到。希望领导能关注乡村学校课后服务的实际落实,督促学校合理安排时间,和交通、安全衔接好;同时加强乡村学校师资保障,让课后服务真正有内容、有效果,别让家长既费力又不安心。谢谢!"
E0D853BC97B7A8CEE613356C7B26E8592E550D9EDB88AF1E624D53A8CB5A106C,希望加强农村小学课后服务学习辅导,"领导好,我是东部农村一名小学生家长。孩子现在每天参加学校课后服务,我们很感激。但我和家人文化程度不高,家里经济条件一般,以前也没给孩子报过课外班。现在外面培训班少了,我们更指望学校课后服务能帮孩子打好基础。希望课后服务不只是看管,能安排老师指导学生完成作业、答疑和阅读,特别是我们农村孩子回家后没人能辅导。另外,孩子上学路远,课后服务结束时间请考虑我们接送和路上的安全,能否根据农村实际适当调整。谢谢。"
96F6539490F77F74DC69789C0F284E8DC295B85B5468176E8317A85A7E051DB5,关于农村小学课后服务师资保障与交通配套的诉求,"领导好,我家孩子在本镇一所公办小学读书,学校不是重点学校,单程上学时间比较长。家里经济条件一般,家长文化程度也不高,没办法像城里孩子那样另外找辅导。现在政策要求学校课后服务每周五天、每天至少两小时,这个月孩子也参加了,我们很支持,但心里还是担心农村学校师资不稳定、服务内容单一,课后服务会不会变成单纯看管,甚至老师因为负担重出现态度不好、对孩子缺乏耐心的情况。另外,因为家离学校远,课后服务结束后天色晚了,老人接送和路上安全都让人发愁。希望领导能督促学校保障课后服务的师资和经费,丰富活动内容,并且结合农村家庭实际,合理安排服务时间或配套交通,让孩子真正受益。"
F47EBA10986834F057787200E5D8D1CCE6A96EDB547E88F3C77CD7CFCE445D28,关于乡村小学课后服务保障与质量的诉求,"领导您好,我是村里一名小学生的家长。孩子现在上小学,学校离家比较远,每天接送要花不少时间。这阵子孩子参加了学校课后服务,我们很支持,但心里也担心。家里条件一般,我们文化水平不高,辅导孩子学习很吃力,就指望课后服务能实实在在帮孩子完成作业、开展一些活动,而不是简单看管。我们这里学校条件有限,老师也忙,担心课后服务内容单一,辅导不到位。另外,孩子单程上学时间长,课后服务结束再回家,天已经晚了,乡村路况和照明不好,老人接送很困难,希望政府能统筹考虑农村学校的课后服务保障,增加专业老师或志愿者,丰富服务内容,同时协调解决交通衔接或适当调整服务时间,让孩子安全、家长安心。恳请领导关注乡村孩子的课后服务问题,谢谢。"
73B565B5F210976708ACAB3E421118C9D8D56BE1EA87763C3F776D54EC99BFB9,关于乡村小学课后服务交通衔接的恳请,"领导您好,我是东部乡村一名小学生的家长。孩子就读公办小学,家住得远,单程通学时间较长。今年暑假孩子参加了学校的课后服务,原则上每天到下午较晚,但乡村公共交通不便,家里接送人手有限,放学后孩子怎么安全回家成了大难题。我们经济条件一般,家长文化不高,辅导作业也吃力,课后服务本应是好事,但交通衔接跟不上,家长心里很不踏实。希望有关部门能关注乡村学校课后服务的配套交通问题,协调公交班次、校车或调整服务时间,让孩子课后有去处、回家有保障。谢谢。"
E8D14D298F367783855E35C57F8C792DA97530DCB2751F87B3E492916EC53493,关于农村学校课后服务内容与时间的建议,"领导好,我是村里一名小学生家长。孩子现在上小学,学校离家远,单程路不短,这个暑假孩子参加了学校的课后服务。我们家经济条件一般,我和家里老人文化都不高,辅导孩子学习很吃力,外面补习班又少又贵。学校课后服务能帮我们看孩子是好事,但很担心只是单纯看管,缺少作业辅导和兴趣活动。希望学校能利用课后服务时间,安排老师指导孩子完成作业、开展阅读和体育活动,丰富内容。另外因为路远,课后服务结束后孩子回家太晚,担心安全和睡眠,希望服务时间能更合理,或者协调解决交通问题。谢谢领导关心。"
FBA82ECCEDDD040CAA11A37FE2E2F89C1810D8E7C54B2904F0CDA802DF9E51A0,乡村小学课后服务盼加强质量与安全保障,"领导您好,我是一名农村小学生的家长。孩子上的是公办普通小学,离家较远,单程接送时间长。我们家庭经济条件一般,我和家人文化程度都不高,辅导孩子学习很吃力。这个暑假,孩子也在参加学校的课后服务,每次时间不短。但我们心里很担心:课后服务会不会只是把孩子看管起来,没有老师真正辅导作业、开展活动?农村学校师资本来就紧张,如果课后服务没有稳定、负责的老师,孩子遇到学习困难还是没人帮。现在外面学科类培训少了,我们也没有条件送孩子去上别的班,更希望学校课后服务能补上这个缺口。另外,课后服务结束后的通学安全也让我们牵挂,农村路远,遇到天气不好实在不放心。希望领导能关注一下农村学校课后服务的实际质量,督促学校丰富内容、保障师资,也把安全接送衔接考虑进去,让我们家长能安心。"
4C54C2C9F93E1B3B1A82CEF55302EA30277EBE0ADFD2426EBD2E223C69D88CF9,农村学校课后服务盼加强保障,"领导好。我家孩子在乡镇公办小学读书,从村里到学校路远,家里老人接送不便,我们夫妻文化程度不高,辅导作业力不从心。现在学校提供课后服务,孩子这个月也参加了,我们很感激。但农村学校老师数量少、日常教学任务重,我们担心课后服务只是简单看管,作业辅导和兴趣活动质量不高。希望政府能加强对农村学校课后服务的督导和保障,配足师资和经费,让课后服务真正发挥作用,减轻我们这样的家庭负担,也避免我们去校外找高价补习。谢谢。"
C726B0A1D71E7CA533E8472388274D248E6FBC8D734EE5C74B162CD423BE347D,关于提升乡村小学课后服务质量的请求,"领导您好,我是一名东部乡村小学生的家长。我们家庭经济条件一般,家里大人文化程度都不高,辅导孩子学习很吃力。孩子现在上小学,每天参加学校课后服务,但我们担心课后服务只是看管孩子,缺少老师有效的学习辅导和兴趣培养。学校是普通公办学校,老师平时教学任务重,我们担心课后服务质量。乡村学校资源有限,课后服务内容比较单一,希望政府能督促学校丰富课后服务内容,安排老师给孩子答疑解惑,开展阅读、体育等兴趣活动,让孩子在课后真正有收获。同时,我们家庭收入不高,希望课后服务保持公益性质,不要增加负担。孩子单程上学比较远,也请考虑课后服务结束时间与家长接送的衔接。恳请领导重视乡村孩子的课后教育问题。"
27F3E02D946F352E82829C54AEF9A00D8FA8FABD5F567301E6C9AEB775D00265,关于提升农村小学课后服务质量的建议,"领导好,我是东部农村一名小学生家长。家里条件一般,我和孩子妈妈文化都不高,平时辅导孩子吃力,一直盼着孩子能考上大学。今年暑假学校提供了课后服务,我们让孩子参加了,解决了白天没人看管的问题,很感谢。但心里也有些担忧:农村学校条件有限,课后服务内容是不是只是把孩子关在教室里,没有像样的阅读、体育或兴趣活动?收费方面我们不清楚具体标准和用途,对我们这种收入不高的家庭来说,每一笔钱都得算着花。另外,学校离家远,单程要花不少时间,课后服务结束时间如果能和大人下班时间衔接得更好,或者有安全的校车或集中照看,我们才能安心。希望政府能多关心农村学校的课后服务,加强监督和投入,明确收费,丰富活动内容,把好事办实。"
5A0C32032E57B8CE7DDEF64270D96B34ECE3FA813EF7DB4BE1F635F570AB0094,关于农村小学课后服务质量与放学安全的诉求,"领导好,我是村里一名小学生的家长。我们家长文化程度不高,经济条件也一般,孩子学习上遇到不懂的,我们实在辅导不了。现在学校有课后服务,我们让孩子参加了,想着有老师带着写作业、辅导功课,能减轻我们负担。但我们心里没底,不知道课后服务到底有没有真正把作业指导和兴趣活动安排好,还是只是把孩子聚在教室里看管。我们农村学校条件有限,老师也辛苦,就怕课后服务流于形式。另外我们村离学校比较远,单程要走挺久,课后服务结束后时间不早,家里人手有限,路上安全不放心。想请领导关注一下农村小学课后服务的实际质量,督促学校加强作业辅导和学习习惯培养,多开展一些适合农村孩子的活动,同时帮我们协调一下放学时间衔接和交通安全,让我们家长能安心。"
A85D1D6775419278109C44848F681DD80CA92744C12D658D218A28092A4DCC16,关于农村小学课后服务结束后的通学安全求助,"领导您好,我是村里小学孩子的家长。我家孩子在学校参加课后服务,学校离家比较远,单程要花不少时间。家里经济条件一般,大人时间上很难完全卡准接送。现在暑假课后服务结束时间还不算太晚,但开学后加上放学和课后服务,结束后天可能就黑了,村里的路有的没路灯,孩子自己走我们不放心,大人接送又容易耽误事。我们这边学校不是重点,老师人数也不多,担心课后服务只是看管,辅导质量上不去,孩子基础打不牢。希望领导能关注乡村学校课后服务后的交通和安全管理,看看能否协调解决孩子放学回家的安全接送问题,同时督促学校把课后服务内容和质量抓好,让孩子真正受益。谢谢。"
77BF4F100D5F65F7677BCD186128A7ED33F0CF83214839D1FDF290824124C75D,关于农村小学课后服务质量和安全衔接的诉求,"我是农村一名小学生家长。孩子现在上小学,家里条件一般,我和家人文化程度不高,辅导孩子学习很吃力。现在学校有课后服务,孩子也参加了,但我们担心课后服务就是单纯看孩子,不能真正帮助孩子学习和成长。我们这边农村学校老师本来就不多,师资比较紧张,课后服务能不能安排作业辅导、阅读或者文体活动,我们心里没底。孩子单程上学路比较远,课后服务结束后再回家,路上安全也让我们不放心。我们也不敢报外面的培训班,家里也负担不起,只能指望学校。希望政府能重视农村小学课后服务的质量,加强对农村学校的师资和经费保障,督促学校把课后服务内容落实得更实在,做好时间安排和接送衔接,让孩子在学校既能得到看护,也能得到有效学习帮助。"
738E9ABB9723479D53C55CAC0E9E7CDA998EAEDC17A9B29E89D37D82D34BFFD5,关于减轻小学生书面作业负担并落实课后服务的诉求,"领导好。我家在东北城镇,孩子读小学,家里经济条件一般,就盼着孩子能好好读书,将来考上本科。现在不是规定低年级原则上不布置书面家庭作业吗?可这个暑假孩子还是有书面作业要写,跟要求对不上,我担心开学以后作业更多,孩子睡眠时间一直比较充足,要是天天晚上赶作业,觉都睡不够,我们家长精力有限,经济上也请不起家教。听说学校课后服务要完善,希望能真正自愿参加、内容多样,别变成变相补课或统一讲新课。如果课后服务能让孩子在学校把作业完成,我们也能安心工作。希望领导督促学校把作业总量和课后服务抓好,别让书面作业回到老样子。"
920116359922D52B11FF0EFF9D0A70FB2BE886FE7B3E9A86A5682ED343A7972B,关于小学生书面作业负担与课后服务的诉求,"领导您好,我是本地一名小学生家长。孩子现在上小学,按照相关要求,这个年级原则上不应该布置书面家庭作业,但最近我们发现孩子的书面作业情况并不符合这个规范,写作业的时间明显偏长。我们家庭经济条件一般,家长辅导精力也有限,很担心开学以后作业会更多,孩子晚上没有休息和活动的时间,影响睡眠和身体。身边也有类似情况,孩子作业写到很晚,连户外运动都保证不了。希望领导能督促学校严格落实作业统筹要求,控制书面作业总量和时长,同时把课后服务利用好,让孩子尽量在学校完成一部分作业,回家能早点休息。我们家长不是不愿意配合,只是希望减负政策能真正落到孩子身上,让孩子童年除了作业还能有点运动的时间。"
6CE94CC675DA11D5BF4B66D5DA4159BA4130B9ECFF61454BE65FAD95468879BA,"低年级孩子暑假有书面作业,盼核实并落实减负","孩子在上小学,不属于升学衔接年级。这个暑假,我们发现孩子的书面作业情况不符合当前年级“原则上不布置书面家庭作业”的时长规范,但具体是学校布置还是其他原因,我们家长并不清楚。这让我们很不安。现在有明确要求,义务教育学校要统筹书面作业总量、控制时长、提高设计质量,还要加强课后服务。可我们身边也有家长反映,孩子作业多到家长都看不懂、需要上网查,写到很晚没有活动时间。我们担心暑假都已经这样,开学后如果学校落实不到位,作业负担会更重,孩子休息和运动时间被挤占。我们家经济条件一般,也没法靠校外培训补课。希望领导能督促学校严格按规范控制书面作业,公开作业安排,别让减负停在纸面上,给孩子留点运动和睡眠时间。"
06475AE61A4D09A4C0CA42CB0DDAF6B9EDFB33FAB4C16AD00880A49362C7B0E0,关于督促学校落实小学生书面作业管理规定的诉求,"领导您好。我是本地一名小学生家长。暑假期间,我注意到孩子本月书面作业情况未达到当前年级相对应的规范要求。虽然我不清楚具体作业量和学校布置情况,但很担心开学后书面作业负担会继续偏重,影响孩子休息、运动和睡眠。家里经济条件一般,同住人手较少,家长辅导压力也比较大。当前政策明确要求义务教育学校统筹书面作业总量、时长和设计质量,加强校内作业指导,并遵守分学段时长上限。恳请领导关注小学阶段作业管理落实情况,督促学校严格按规范执行,合理安排作业,并完善课后服务,让孩子放学后有时间运动和休息。谢谢。"
A020CEC0F530C53A9E977F896554098B322A0F23F8AC0702AD0FE135127D4EDE,关于新学期学校课后服务落实和作业辅导的请求,"领导您好,我是城镇一名小学生家长。孩子今年上小学,家庭经济条件一般,我们文化程度有限,辅导孩子作业比较吃力。寒假快结束了,马上要开学,有些心里话想反映。按照现在的政策,学校课后服务应该每天提供至少2小时,并且自愿参加。但上学期我家孩子没有参加学校课后服务,我们也不太清楚学校具体怎么安排,担心开学后课后服务还是落实不到位,或者变成变相补课、增加负担。我们家没办法给孩子报外面的辅导班,现在外面学科培训也少了,如果学校课后服务能真正做好,既能辅导孩子写作业,又能开展一些文体活动,对我们这样的家庭帮助很大。希望政府能督促学校在新学期把课后服务做实,保证时间、保证质量,真正自愿,不要流于形式,也希望能加强作业指导,让孩子在学校就能完成大部分学习任务,回家能早点休息。另外,孩子现在作业量虽然符合规定,但我们担心后面会反弹,希望继续监督作业总量。谢谢领导关注。"
33F5370AD354BEED0B557108CEEC477B7FAA65844FB56F2FE9640459DD4635FA,请持续关注开学后作业负担和课后服务,"领导您好,我家孩子上小学,不是毕业班。现在这个年级按规定原则上不布置书面家庭作业,这个月看孩子作业情况还算符合要求。但马上春季开学,我还是有些担心。以前同省就有家长反映孩子作业太多,放学后写很久,连活动时间都没有;我们家里经济条件一般,也没给孩子报学科培训班,主要靠学校。希望开学后学校能继续控制书面作业量,别让作业负担反弹;同时课后服务要真正自愿,不能因为孩子不参加就区别对待,也不能把课后服务变成变相补课或集中写作业。孩子目前没有参加学校课后服务,我们有自己的安排,但希望学校能把作业和课后服务统筹好,让孩子开学后晚上能有点休息和活动时间。请领导多督促学校落实。谢谢。"
2D5A1441EB374501C3798E1D522C3FAA021C01AC6F976E70C67C82F881E2EFB1,希望新学期课后服务能真正帮到孩子,"领导您好,我家孩子上小学,不是毕业班。快开学了,心里有些担心。我们家住城镇,家里人手少,经济条件也一般,辅导孩子作业有些吃力。以前听说过同省有的学校低年级作业布置得很多,孩子写到很晚,家长也跟着着急。现在虽然孩子作业情况比较正常,但怕开学后作业又慢慢多起来。学校课后服务说是每天都有,但我们目前没有参加,主要是不知道内容是不是真的能辅导作业、看管好孩子。希望领导能关注一下学校课后服务的落实质量,让像我们这样的家庭能放心把孩子留在学校,在校内完成作业,减轻家长负担,也让孩子的童年多些活动时间,不要只围着作业转。"
9910D856D1D0C50535B1CDD891D9A36DA23B10C6D3DCC2569D9A31B5CBB28A62,关于开学后小学家庭作业和课后服务落实的诉求,"领导您好。我是小学阶段学生家长。孩子所在年级按规范原则上不布置书面家庭作业,本月作业情况也符合要求。但作为家长,仍担心开学后学校会恢复隐性书面作业,尤其我们家庭经济条件一般,孩子睡眠一直较好,不想被作业挤占休息和运动。同省份以前也有家长反映低年级作业过多、孩子写到很晚的情况。现在学校课后服务要求每周5天、每天至少120分钟,可我家孩子本月没有参加,原因不太清楚,也担心服务是否真正自愿、内容是否有效。希望领导督促学校严格执行减负规定,核查课后服务落实情况,别让政策停在纸面,让孩子开学后能真正轻松一些,有更多时间活动和休息。谢谢。"
A86C9D4C54E1212656F34A85771A4B1CA91343C7E4BC9C8F9E8370E93533B75E,关于提升学校课后服务质量的诉求,"领导好,我是城镇一名普通小学生家长。孩子不是升学年级,家里人手少、经济条件一般。暑假快结束了,我们在考虑开学后参加学校课后服务的事。按现在的要求,学校课后服务每天应该不少于两小时,但孩子这个假期没有参加,我们对服务内容和质量心里没底。我担心开学后课后服务只是看着孩子写作业或者放视频,时间衔接不好,孩子也学不到什么;还担心不参加会被老师区别对待。希望政府能督促学校真正坚持自愿原则,把课后服务内容安排得丰富一些,比如老师指导完成练习、带孩子们阅读、做些体育活动,不要变成变相补课或者变相收费。我们这样的家庭确实需要学校课后服务帮一把,减轻照看和辅导压力,让孩子放学后有个安全、有质量的地方。谢谢。"
79A7EC8178DA28025E94CAF0C5D6F3283EAD49DECD02167DA7B205C33623FDB5,关于新学期课后服务和作业管理的建议,"领导好,我是一名小学生家长。孩子现在处于低年级,按规定应该没有书面家庭作业。目前孩子在家基本没有书面作业,我们支持,但看到周边不少学校以前都有作业写到很晚的情况,担心到了中高年级作业会反弹。我们家经济条件一般,很难额外花钱给孩子补课。现在外面学科培训少了,我们更希望学校能提供可靠的课后服务。但我们家目前没有参加学校课后服务,也不了解具体内容。马上要开学了,想请领导关注学校课后服务的实际安排,能不能真正提供作业辅导、阅读、体育活动等,别只是看管。同时请教育部门继续监督书面作业总量,别让低年级不布置变成中高年级集中布置,给孩子留出休息和运动时间。谢谢。"
2C5AB0F15F264820BBF996DBE2987ECBF4CF589ABA37306E1123FF7045ACBC19,关于切实减轻小学生作业负担并保障课后服务质量的诉求,"作为学生家长,孩子目前读小学,开学后不是毕业年级。看到政策要求控制作业总量、提高作业设计质量、加强课后服务,我们很拥护。但身边有一些家长过去反映过孩子作业写到很晚、运动休息不足的情况,担心新学期开学后这类问题反弹。我们家孩子所在学校不属于公办类别,我们有些担心政策落实的力度。孩子目前睡眠还比较充足,但开学后如果作业安排不合理,可能又会影响休息。家庭经济条件一般,也没给孩子报校外学科辅导,很希望学校能把课后服务做好,真正让孩子在校内完成一部分作业,有时间活动。恳请领导重视,加强对这类学校的日常监管,确保作业不超时、课后服务能自愿参加且内容丰富,让孩子有健康的童年。"
FAC183B95B65D9FA7B589275F103EC6F8044CBEDB643D2CF189643B812F8C982,请持续监督小学低年级书面家庭作业管理,"尊敬的领导:我是一名小学生家长,孩子在读小学低年级。目前正值暑假,孩子本月的书面作业情况还比较符合规范,但作为家长,我心里并不踏实。身边不时能听到关于小学作业负担的反映,担心秋季开学后学校又会增加书面家庭作业,孩子放学回家还得长时间写作业,影响睡眠和休息。孩子平时睡眠一直比较充足,我们家庭条件一般,也没法在校外给孩子找太多辅导,所以更希望学校能真正落实好减负要求。恳请教育部门在开学后加强对学校作业管理的监督检查,确保低年级原则上不布置书面家庭作业,让孩子放学后能有时间活动、休息。谢谢。"
539885B087ACCE8BB01E22D295C93A3BE1C1CCF86898B5E146CC889323CD2C10,关于暑期小学生托管与学习支持的建议,"我家孩子上小学,按现行规定这个年级不布置书面家庭作业,这个假期也确实没有书面作业。家里经济条件一般,负担不起商业培训,孩子也没有参加学校的课后服务,暑假里主要在家睡觉,我们担心这样下去学业荒废,作息也不规律。我们理解减负的初衷,但像我们这样人手少的家庭,假期看护和学业辅导确实困难。希望政府能协调学校或社区,在假期提供一些公益性的托管服务,安排阅读、运动、兴趣活动,哪怕只是有人看护和引导学习,也能让我们家长安心工作。同时希望能给家长一些具体的假期学习指导,避免孩子完全放养。恳请领导关注这类家庭的现实困难。"
C86E56D4A0CBF329890F12388D844353E8DA0D3345B965ECADC45C1504712DA1,关于小学低年级书面作业减负与课后服务的诉求,"领导您好。我家在东北城镇,孩子上小学低年级,家庭条件一般。按政策这个年级不布置书面家庭作业,这个暑假孩子作业情况也符合要求,睡眠和休息时间比较充足,我们很认可。但马上开学了,心里不踏实,怕学校开学后又出现作业过多、题目超纲、需要家长到处查资料的情况,孩子写到很晚,没有运动和休息时间。希望领导能督促学校严格落实减负要求,开学后不布置书面家庭作业,或者严格控制总量和难度,加强在校作业指导,不要给家长增加额外辅导负担。另外,现在校外学科培训少了,我们经济条件有限,希望学校课后服务能真正起到答疑和拓展作用,我们自愿参加,但不要变成变相补课或写作业,让孩子有个健康一点的童年。"
C2CD7BB0E665B873DD98E020DE76A3590239ECA13FE7892444330861394483E8,关于小学低年级作业管理和课后服务的担忧与建议,"领导好。我家孩子上小学低年级,这个暑假书面作业符合规定,我们挺放心。但马上要开学了,我们心里不踏实:家长群里有人议论,附近有的学校低年级作业量不小,孩子晚上要写好几本,没有休息和运动时间。国家现在要求学校统筹作业总量,加强指导,我们希望领导能督促学校严格落实,尤其不要给低年级孩子布置书面家庭作业,也不要布置需要家长代做的变相作业,保证孩子睡眠和运动。另外,学校课后服务我们暂时没参加,主要担心变成集体写作业或看管,希望课后服务能提供丰富活动,真正自愿、高质量,解决我们双职工家庭接送困难。我们家庭经济一般,没给孩子报任何学科培训班,就盼着学校把作业关把好,让孩子减负落到实处。谢谢领导关注。"
D2E45F4F1D75190915F37BA5745391BD1EB169C3D63A068977A505F8D49504DE,关于小学作业负担与课后服务的诉求,"领导您好,我是孩子家长。孩子现在上小学,暑假快结束了,我有些担心开学后的作业问题。我们这边以前有家长反映过孩子作业太多,写到很晚,影响休息和运动。虽然现在政策要求小学低年级不布置书面家庭作业,但就怕学校执行不到位。我家孩子上学期作业量还算正常,但开学后升一个年级,怕作业一下子多起来。另外,学校课后服务我们这学期没有参加,主要是觉得内容对孩子帮助不大,希望政府能督促学校把课后服务做好,让孩子放学后有地方去,有活动参加。恳请领导关注,谢谢。"
EEA7DCF80C1EFA44187B221C59AFDB992F09C66BFD97C9C5C68FDAA32074846D,"希望加强学校课后服务保障,减轻家庭照管负担","领导好,我是一名小学生家长。我家住在城镇,家里经济条件一般,能帮忙照看孩子的人也比较少。新学期快到了,孩子放学后怎么安排一直是我们发愁的事。学校虽然按规定提供课后服务,但我们孩子目前没有参加,主要是担心服务内容单一、质量没保障,也怕收费增加家庭负担。现在孩子所在年级按规定原则上不布置书面家庭作业,我们做家长的辅导能力有限,也没钱报外面的辅导班,很担心孩子基础打不牢,将来考大学受影响。希望政府能督促学校把课后服务办好,坚持自愿参加,同时考虑我们这样的中低收入家庭,降低或减免费用,丰富内容,最好能安排老师辅导作业、答疑和开展兴趣活动,让孩子在校内就能得到有效照管和学习支持。"
5FCC2ED7A4BBCD2F6731811CD6F7F9FEB47267B3293A76096D1E7BA2DE57BF27,"希望加强低年级作业管理,别让减负打折扣","领导您好,我是一名小学生家长。孩子正处在按年级规定原则上不布置书面家庭作业的阶段。现在放暑假,这个月书面作业情况还算符合规定,但我对新学期有些担忧。我们同省一些学校以前出现过低年级作业过多的情况:有二年级孩子每天作业要写两本多,中午没时间休息;有三年级班级作业量大、难度高,孩子写到很晚,家长得用手机查才能辅导。现在国家要求学校统筹作业总量和时长,减轻学生负担,我就怕开学后有些学校表面上不布置书面作业,实际又布置各种变相任务或需要家长长时间参与的内容。我们家经济条件一般,也没给孩子报校外学科补习,就希望孩子在学校能学好,回家有时间运动、阅读,保证睡眠。孩子现在睡眠时间比较长,我们希望开学后也能保持。恳请领导督促学校新学期严格落实作业管理规定,别让减负政策打折扣,真正把孩子的休息和锻炼时间还给孩子。"
3E26CE669FCE0A59F5D3AACA9B1AC5352CFDF24913664D42169E77D434477D82,请督促学校开学后严格落实小学生书面作业规范,"领导您好。我家孩子现在小学阶段,按年级规定是原则上不布置书面家庭作业的。作为家长,我很支持这个方向,孩子睡眠时间也一直比较充足。但我看到省里有些学校之前出现过低年级作业量过大、孩子写到很晚的情况,心里还是有些担心。现在马上要开学了,希望领导能督促学校真正把规范落实到位,不要出现变相书面作业,比如让家长打印练习、把作业转到课后服务或者用各种名义统一讲授。课后服务我们目前没有参加,但也希望学校能做到自愿参加、内容多样,不要变成统一上课时间,否则孩子回家后负担反而更重。我们家经济条件一般,能给孩子提供的课外资源有限,主要靠学校安排好校内时间。恳请领导重视,让低年级孩子放学后能有休息和活动的时间,真正把减负落实到每天。"
D188D880788FE97C4B745FBB5717293FF3175C8A8A88356AF11880326AB4D139,希望教育部门持续监督小学生作业减负,"领导您好。我是一名小学生家长,孩子目前在小学阶段,不是毕业年级。按照相关规定,这个年级原则上不布置书面家庭作业,这个月我们也看到孩子作业情况比较符合要求。但作为家长,我还是有些担心,因为以前也听说过附近有孩子作业多、写到很晚的情况。我们家经济条件一般,孩子没有参加过校外学科培训,主要依靠学校教学。孩子平时睡眠时间比较长,我们也希望他能保持足够的休息和运动。马上要开学了,希望能请教育部门加强对学校的监督,特别是像我们这样非公办的学校,也要严格落实不布置书面家庭作业的要求,开学后能抽查作业情况,让孩子真正减负,有更多时间休息和锻炼。谢谢领导关心。"
97CF38460EB8F7956F0AA81F170AAA4CE0AA133CEEEE8E7BF1BE96A07D786378,关于升学衔接期课后辅导与假期托管的求助,"我家孩子正处在升学衔接年级,暑假在家。我们夫妻都要上班,文化程度高中,经济上不宽裕,以前孩子学科类补习比较多,现在校外培训管理规范,我们担心开学后跟不上,又没能力自己辅导。目前孩子假期书面作业时间符合规定,但升学前心里没底。希望政府部门能督促学校把课后服务做实,开学后提供自愿参加的作业辅导和衔接课程,时间上能跟家长下班衔接,不要变相补课;暑假里如果能提供公益性托管或学习指导,也能减轻我们双职工家庭的负担。请领导关注我们这样普通家庭的实际困难。"
78664E83624583A1207C4654C30E7DE247394EF9E0A17A1B6D70305C9328EB7E,关于升学衔接年级课后服务与作业管理的诉求,"领导您好,我是中部城镇一名小学生的家长,孩子今年处于升学衔接年级。我们夫妻双方都在上班,家庭经济条件一般,平时对孩子学习很上心,但时间有限。之前孩子一直参加校外学科辅导,现在政策严管校外培训,我们很支持,但也担心孩子本来靠补习维持的成绩会下滑。家里经济不宽裕,请不起一对一,只能指望学校课后服务能真正接住孩子的学业需求。希望领导能督促学校把课后服务做实,不要搞形式,要有老师认真辅导作业、答疑,最好能针对升学衔接提供一些巩固和提升的内容。同时也请加强对教师有偿补课的监督,防止个别老师课上不讲课后讲,或者对参加自己补习班的孩子另眼相看。作业方面,请继续严格落实时长规定,别让孩子负担反弹。我们普通家庭真的经不起折腾,请领导为我们作主。"
56691D68731CF086DFCD8B9BD97D8FA3D8E6C713474CAE7FE11F8E89803B4124,请关注小学升学衔接年级课后服务和作业管理落实,"领导您好,我是一名小学家长,孩子马上进入升学衔接年级,在本地一所公办重点学校上学。我们家经济条件一般,两口子都上班,平时管孩子学习时间有限。现在暑假里孩子书面作业没超规定时间,我们觉得挺好。但开学后,我最担心的是课后服务开展后,会不会有老师把精力放在自己办的补习班上,对不参加的孩子不闻不问、课堂讲评作业也区别对待。以前听同省其他家长反映过这种问题,有的孩子因为不去老师的补习班,在关键年级被耽误。希望领导能督促学校真正按新要求统筹好作业总量和课后服务内容,多到学校暗访,听听家长和孩子真实感受,别让好政策在升学衔接年级走样。"
DACF89A89BC3493B7337D0BD0A1B93F1BF1345451C04430C60FC30EBB1816F13,请加强开学后小学隐形培训和教师违规补课监管,"领导您好。我是中部某城镇一名小学生的家长,孩子秋季将升入小学升学衔接年级,学校是公办重点学校,我们夫妻都在上班,家庭经济条件一般,平时接送时间短,但课后照护压力不小。最近看到政策要求学校统筹作业、规范校外培训、完善课后服务,我们很赞成。但作为家长,心里还是担心:身边家长间常听说有老师校外补课、作业量偏大的情况,虽然目前孩子作业暂时符合规定,但开学后如果老师精力分散到校外,或者隐形培训换个形式,我们这样的普通家庭很难承受,也怕影响孩子关键年级的学习。希望领导能督促教育部门在开学后加强对城镇重点学校的明察暗访,严查在职教师违规补课和隐性培训,同时把课后服务真正办起来,内容多样、自愿参加,让我们双职工家庭能放心。谢谢。"
2AF0BBFEF68B1AFECD3C6C9E8B6904AE54B8779C45A3BBC3E413977CAD9B89C1,关于提升小学高年级课后服务针对性、减轻家庭培训负担的建议,"我是一名小学高年级学生家长,孩子即将面临升学。目前学校提供了课后服务,我们也让孩子参加了,但作为家长,我担心课后服务内容对升学衔接的针对性不够强,所以孩子目前仍在参加校外学科培训。虽然现在校外培训费用有所下降,但对我们这样经济条件一般的家庭来说,还是一笔不小的开销。新学期马上开始,希望领导能督促学校进一步提升课后服务质量,特别是针对升学衔接年级,增加学科辅导和升学指导,让孩子在学校就能获得有效支持,减少对校外培训的依赖,同时继续规范校外培训市场,让我们家长更安心。"
3283AA8B154F36D3EF98CBD9CA62C9449EC4E693A91ACB9FD6E5A755BCF56B13,希望加强课后服务质量缓解升学衔接年级校外培训依赖,"领导好。孩子处在升学衔接年级,家里经济条件一般,我和孩子爸爸都要上班,放学后只能让孩子参加学校课后服务。现在课后服务虽然时间上有保障,但作为家长还是很担心实际内容不够扎实,特别是作业辅导和升学衔接方面的指导,所以家里还是咬着牙给孩子报了校外学科培训。现在校外培训收费降了,但选择也少了,心里更没底。希望相关部门能多关注课后服务的实际质量,让学校课后服务真正帮孩子解决学习问题,减轻我们普通家庭的课外培训负担,别让孩子因为家庭条件跟不上而耽误。"
E614A313AC4FD5CA545AD70FEE461E97EC91B691AE5ED9B0C47B67BEE88992F8,"希望开学后课后服务能提质增效,缓解家长对校外培训的依赖","领导好。我家孩子正处在小学升学衔接的关键年级,在公办重点学校读书,目前学校课后服务也参加了。作为家长,我们看到这学期孩子的书面作业时间基本能控制在规定范围内,校外培训的收费也降了一些,心里是认可的。但眼下就要春季开学,我们仍有些担心:一是学校课后服务虽然每天有两个小时,但师资原来就比较紧张,如果只是让孩子坐着写作业、缺少有效辅导,那对孩子帮助有限;二是家里经济条件一般,父母都在上班,孩子目前还在上学科类校外培训,虽然费用降了,但长期下来负担不轻松,更怕不补就会落后。我们真心希望领导能督促学校在开学后真正把课后服务做实,老师能利用这段时间加强作业指导和答疑,针对升学衔接年级的孩子适当安排巩固练习,让孩子在学校就能解决大部分学习问题,这样我们也更放心减少校外培训。谢谢。"
EB7729E0CB6F927B6485B0B58ECB30BC6A620EBDB2DFC85A4720EA6465E7EF5C,关于优化升学衔接年级课后服务与学业支持的请求,"孩子现在正处在小学升学的关键阶段,家里经济条件一般,我们家长文化程度不高,辅导功课比较吃力。这个月孩子参加了学校的课后服务,书面作业时间也基本符合规定,我们很感谢。但现在外面的学科培训明显少了,我们虽然还在上一个,费用也降了些,但心里还是没底,担心以后能选的培训更少,也怕孩子跟不上。孩子虽然参加了学校课后服务,但我们不太清楚具体内容,不知道有没有针对升学衔接的学业辅导和答疑。希望领导能关注我们这种普通家庭,督促学校把课后服务做得更实在一些,特别是对升学年级的孩子,能多一些学习上的帮助,或者协调一些公益性的辅导资源,让我们家长安心一些。"
1B7EDB729A43CDA86A8F6503C028628344974A8ABB4D8990CE44B99DA0DC685E,关于提升小学升学衔接阶段课后服务学业辅导的建议,"我家孩子正处在小学升学衔接阶段,暑假也在参加学校的课后服务。作为双职工家庭,我们经济条件一般,以前孩子学科学习主要靠校外培训补差。现在校外学科培训选择少了,我们目前还在参加,收费也比以前便宜一些,但担心不稳定,也不希望长期依赖校外。孩子书面作业时间目前没超过规定,可基础不够扎实,我们下班后辅导精力有限。希望政府能指导学校充分利用课后服务时间,加强作业辅导和衔接年级的学业巩固,让孩子在校内就能解决大部分学习问题,减少家庭的经济和接送负担。"
94E1B0A6A764D10B744C6CEAB2572F45D4A5D0FB1BE11EA4B53F38000F9D4D70,关于暑假课后服务与校外培训负担的诉求,"领导您好,我是一名城镇小学高年级学生家长,孩子下学期面临升学衔接,学校是重点公办学校,但家里经济条件一般,我和孩子妈妈都在打工,暑假照看孩子时间有限。现在学校课后服务虽然每天开展两个小时,孩子也参加了,但内容主要是看管和简单活动,对升学衔接需要的知识巩固和作业指导帮助有限。为了不让孩子掉队,我们只能继续给孩子报学科类校外培训,虽然收费比之前降了些,但对我们中低收入家庭仍是不小负担。同时,我们家长私下交流时,还是担心有些在职老师在校外变相补课,不参加的孩子会受到冷落,影响校内教学公平。希望领导能督促学校把课后服务做实,特别是针对高年级提供更有针对性的作业辅导和衔接课程,减少我们被迫选择校外培训的压力;也请相关部门继续严查隐形变异学科培训,规范收费和退费,让我们家长敢消费、不焦虑。"
F7665F0CB8114DD08088C67D00CF8252FD11A1642C8843A6CE3C3C9C4F22E37B,"关于提升小学课后服务辅导质量,减轻升学家庭校外培训负担的诉求","领导您好。我是一名小学生家长,孩子秋季即将进入升学衔接年级。现在学校课后服务我们每天都参加,时间上确实有保障,但感觉更多是集中看管,对孩子学科知识的巩固和作业辅导帮助比较有限。我们家庭收入不高,家长文化程度也不高,辅导孩子很吃力,只能继续给孩子报校外的学科培训。虽然培训费用比原来降了一些,但每个月仍是一笔不小的开支,而且合规的机构少,选择很有限。孩子目前作业量符合要求,睡眠也还好,但我们更担心开学后学习难度上来,如果课后服务还是以看护为主,老师精力跟不上,我们就只能继续依赖校外培训,经济压力太大。希望领导能督促学校把课后服务真正用起来,增加作业辅导和查漏补缺,尤其是在升学衔接年级,让孩子在学校就把大部分学习问题解决掉,减轻我们家长的经济和辅导负担。同时希望继续严格规范校外培训,防止隐形补课,让我们家长能放心。"
20A98D392F13FB8BF7BEA5852892381252B1CE390959F995FC9CE605017B513D,关于提升升学衔接年级课后服务质量的诉求,"领导您好。我家孩子现在处于升学衔接年级,就读于公办重点小学,学校课后服务每天有2小时,我们也在参加。但我们家庭经济条件一般,现在校外学科培训市场收缩,我们虽然还在给孩子报着培训,费用降了一些,但长期负担还是不小。我们最担心的是,学校课后服务能不能真正帮孩子把作业弄懂、把基础打牢?如果只是简单看管,孩子学习上的漏洞还是得靠外面补。希望政府能督促学校把课后服务做扎实,特别是对升学衔接年级的孩子加强作业辅导和学科指导,让我们普通家庭能少一些焦虑、少一些额外支出。"
FE98907FED34BA7441489C4DBDE61576D5AABB884177E99966E8E1EDB83DF1B9,关于减轻升学衔接家庭校外培训负担的建议,"领导好。孩子今年处于小学升学衔接年级,在公办重点小学就读,通学时间不长。家里经济条件一般,父母都要上班,暑假照看和辅导压力不小。孩子参加了学校的课后服务,每天时间有保障,这让我们安心一些,但感觉课后服务中针对学科衔接的指导比较有限,孩子想巩固基础、做好衔接,我们还是得另外报学科类培训。现在正规学科培训少了很多,收费虽然比过去低一些,但对我们这样的家庭仍是笔不小开支,而且担心机构不稳定、教学质量没保证,更怕正规渠道少了以后只能去找不正规的班。希望政府能进一步指导学校在假期和课后服务中增加更有针对性的学业辅导和衔接内容,提高服务质量,同时规范校外培训市场,减轻家长负担,让孩子在暑假既能休息好,又能平稳过渡到新学段。"
2D82E6C298153B83302B5B50C8B3A9669FA5D18C179CD578AFB1A9216DEAE2A5,"恳请提升课后服务实效,减轻家庭校外培训负担","领导好,我是一名小学高年级学生家长,孩子即将进入升学衔接年级。家里经济条件一般,夫妻都要上班,辅导精力有限。虽然现在学科类培训费用有所下降,但对我们来说仍是一笔不小的开支,合规的培训选择也变少了,我们既怕孩子落后,又怕增加负担。孩子目前参加了学校课后服务,但感觉内容针对性还需加强,尤其在作业指导、学习习惯培养和升学过渡方面帮助还不够。作为家长,我们希望孩子能在校内完成大部分学习任务,少依赖校外培训。暑假期间我们也一直担心开学后的安排:课后服务能否真正满足不同孩子的需求?学校老师能否把主要精力放在课堂上?以前也听其他家长反映过个别老师在校外办班、对不参加的孩子关心不够的情况,我们也有类似担忧。恳请领导督促相关部门和学校进一步优化课后服务,加强教师管理,提高校内教学质量,让课后服务真正成为家长放心的选择,减轻我们普通家庭的负担。"
9E77E3A19A5569EAA891B43E6AD00AE5489343FFC65EB272C0FA3E413DB3A44C,关于提升小学课后服务质量与减轻校外培训负担的建议,"领导好。我是中部地区一名小学生家长,孩子正处在升学衔接年级。我们夫妻都要上班,家中经济条件一般,暑假期间孩子参加了学校课后服务,确实解决了部分看护问题。但目前学校课后服务内容还不够丰富,学业辅导针对性有限,为了让孩子不落下功课,我们不得不继续参加校外学科类培训。虽然现在培训收费比以前规范了一些,负担有所减轻,但对我们这样的普通家庭仍是一笔不小开支。同时,我们一直担心有老师在校外兼职补课,影响校内教学精力,对不参加的孩子不公平。希望通过政府进一步督促学校把课后服务做实做好,增加作业辅导和兴趣课程,特别是针对升学衔接年级的孩子,能提供更有质量的学习支持;同时持续加强校外培训和师德监管,防止校内校外利益关联,让家长少一些焦虑,让孩子真正回归校园。"
CE768D7B90CABB73FAEFA42D5F52E5A8DCA7E18CD35CADD9A14EE8A47EE3D138,"希望加强暑期课后服务,减轻家庭培训负担","我是中部地区一名小学生家长,孩子正处在升学衔接年级。家里经济条件一般,大人都在上班,照顾孩子时间不多。这个暑假,学校提供了课后服务,孩子也参加了;同时,孩子还在校外参加学科类培训。虽然培训收费比之前有所降低,但对我们这样的家庭来说,仍然是不小的开销。我们更担心的是,学校课后服务的内容能不能真正满足孩子的学习成长需要,特别是升学衔接阶段的学业支持。如果课后服务能更丰富、更贴近孩子的薄弱环节,或许很多家长就不必再额外花钱报班了。恳请领导们督促相关部门,一方面把学校课后服务做细做实,保障师资和内容质量;另一方面继续规范校外培训,让收费透明、质量可靠,别让家长花了钱还心里没底。谢谢。"
DF245B741B21B8D92D7E0D894CDD3A852E29603D32297D1EF4F3DE5C4284CC93,关于暑期升学衔接阶段课后服务与校外培训负担的诉求,"领导好,孩子正处在小学升初中的衔接阶段,我们夫妻都在上班,暑假照看压力比较大。现在学校课后服务有安排,孩子也参加了,但内容上对升学衔接的帮助还不够,我们只能再报外面的学科培训班。虽然现在培训费用比以前降了一些,但校外培训班明显少了,我们担心机构随时调整,交了钱也不踏实。希望暑期课后服务可以针对升学衔接年级增加一些作业辅导、学科复习和预习安排,时间上再灵活一些,让孩子能在学校解决更多学习问题,减少对校外培训的依赖。同时请对仍在办的学科培训加强收费和退费监管,保障我们普通家庭权益。"
F7AB9726614436E24A275358EAAA4865EB7DABE1357128C9A4782E0FFA7D920D,建议加强小学升学衔接年级课后服务与教师监管,"我家孩子正处在小学升学衔接年级,家里经济条件一般,父母都要上班,暑假只能让孩子参加学校课后服务。现在校外学科培训少了,收费也降了,但我们仍然在补,主要是怕开学后跟不上。以前就听过一些地方老师上课不用心,靠校外补课才管孩子,不补课就被冷落。我们担心现在培训管严了,个别老师会不会把精力转移到更隐蔽的补课上,或者课后服务只看着孩子写作业,不讲解、不辅导,尤其对马上要升学的孩子,差距会越来越大。希望领导能关注学校课后服务的实际内容和质量,多暗访、多监督,督促学校把课后时间真正用在作业辅导和学习巩固上,别让家里没钱、没法接送的孩子吃亏。"
8F03724AE8B2CAFAEB4C266A12BC65A02638C3441674F9ADC390F4766243AFB4,请加强暑期学科培训监管并完善学校课后服务,"领导您好,我是一名小学生家长,孩子开学就进入升学衔接年级。这个暑假学校提供了课后服务,孩子也参加了,但每天时间有限,内容多是看管,学业辅导很少。我们夫妻都要上班,文化水平也不高,辅导不了孩子,只能继续给孩子报学科类校外培训。虽然现在培训收费比过去降了一些,但市面上各种隐形变异的小班、一对一还是不少,价格也不便宜,对我们这种经济条件一般的家庭负担很重。我们担心不补课孩子掉队,补了又怕遇到不规范机构,钱花了效果没保障。希望领导能加强暑假期间校外培训的常态化监管,严查隐形变异培训,同时推动学校把课后服务做得更实在,延长一点时间,增加作业指导和学业辅导,让孩子在校内就能解决大部分学习问题,减轻我们家长的负担和焦虑。"
90D188E1F8247F548B9E9896D4DD3C1A5AD2F3FE1B1A7A587540D4679EBD34B2,关于开学后加强作业和课后服务监管的诉求,"领导好,我是中部城镇一名小学高年级孩子的家长。孩子马上进入升学衔接年级,暑假里学校提供了课后服务,孩子也参加了,目前书面作业时间也在规定范围内,我们感觉比过去宽松一些。但作为家长,心里还是不踏实。以前周边就有反映学校作业写到很晚、老师精力放在校外补课的情况,现在虽然整治了,但怕开学后慢慢又反弹。我们家经济条件一般,两个大人都要上班,孩子课后主要靠学校。希望领导能在秋季开学后安排暗访检查,重点看学校是不是真的控制好作业量,课后服务是不是有实质内容,而不是把孩子圈在教室里。同时继续管好校外培训,防止隐形补课加重负担。谢谢。"
DFDF590323683BFD2B86AA8F5438E95294FEB680D02C1797958D079126C3903A,关于开学后课后服务与作业指导的诉求,"孩子今年读初中,非毕业年级,就读公办学校。这个暑假书面作业量符合规定,睡眠也比较充足,我们没有安排学科类校外培训。作为家长,我们支持进一步规范校外培训,但也担心开学后校内作业指导和课后服务如果跟不上,孩子会缺少有针对性的学习支持。希望有关部门能督促学校在控制书面作业总量的同时,把课后服务真正做扎实,安排老师进行作业答疑和学习方法指导,而不是只让学生自己写作业。孩子基础尚可,家里对教育期望较高,也希望课后服务能提供一些拓展性内容,满足不同层次学生的需求,避免简单压缩任务后出现学习质量下降。"
158C067FE139F84029AC4D21DBBC1734DD5658A6E7466A7F3A768BA8D1653505,关于初中生作息与作业负担问题的担忧与建议,"领导您好,我是一名初中生家长。孩子目前暑假在家,书面作业量暂时符合规定,睡眠也还充足,但我们心里并不踏实。同省不少初中家长反映,一些学校为了升学率,要求学生早上五六点起床,晚上十点后才睡,在校时间长达十几个小时,作业写到深夜,孩子长期睡眠不足、压力过大。我们担心秋季开学后,孩子所在学校也会出现类似情况,尤其是现在规范作业和课后服务的政策刚刚实施,实际效果还不确定。希望教育部门能提前部署,严格监督各初中学校的作息时间和作业总量,确保不超过规定时长,不得变相加课、延长在校时间,真正保障孩子每天有足够的休息和睡眠。孩子正处在身体发育关键期,身心健康比分数更重要。恳请领导关注并推动落实,谢谢。"
7E44DE8D14DB292E8E82B529BA68C26DBC94AD35B99D19AC1C439CC2D0866D11,关于初中学校严格落实作业和作息规范的诉求,"领导好,我是一名初中生家长。孩子就读公办学校,家庭经济条件尚可,但我们一直担心初中阶段学业压力过大。听同地区其他家长反映,以往有些初中为了升学,早上六点多到校,晚上六点多才放学,回家作业写到很晚,孩子睡眠严重不足。现在正是暑假,我们注意到关于作业时长和课后服务有了新要求,希望新学期学校能真正落实,不要继续过去的做法。我们特别担心课后服务会变成变相补课或延长上课时间,而不是自愿、多样化的活动。也希望学校严格控制书面作业总量,保证初中生每天作业平均不超过90分钟,并留出足够睡眠时间。孩子以前睡眠还可以,但想到开学后可能变紧张就焦虑。请领导督促学校规范管理,让家长和孩子都能安心。"
3F0B1766B9675B91AF2EC0BBB055774DC39C4CECD6D992AFF7F88EF68498D043,关于新学期课后服务与作业管理的担忧和建议,"领导您好,我的孩子是一名初中生,即将升入新年级。最近看到有关减负和课后服务的政策,我们家长很支持。但作为家长,我有些担心:过去我们这里一些学校存在早到校、晚放学、作业多的情况,孩子休息不足。现在政策要求学校统筹作业总量、课后服务自愿参加,但我担心开学后学校落实不到位,课后服务变成变相集体补课,或者虽说是自愿但实际变相强制,反而增加孩子负担。我家孩子目前作业情况还好,但我担心这只是暑假期间,开学后作业量会反弹。我们家经济条件还行,也希望孩子能接受更好的教育,但更希望孩子身体健康、睡眠充足。希望领导能关注学校开学后的课后服务实施情况,加强监督检查,确保课后服务真正自愿、内容多样,不组织集体补课,同时严格控制书面作业时间,让孩子能有足够的休息和睡眠。谢谢。"
B48931F793FDF1A927B979B9B923B6F78F837A128F87A9981A425327AE149790,希望提升初中课后服务内容与作业质量,"我是一名初中学生家长。孩子目前在非毕业年级,我们对孩子学业期望较高。自从学校提供课后服务以来,孩子每天都参加,我们也很支持。但作为家长,我们担心课后服务内容不够丰富,可能只是完成作业和看管,缺乏针对性的学科辅导或拓展活动。同时,我们家庭此前没有给孩子报名校外学科培训,现在校外培训市场收缩,我们更依赖学校提供高质量教育。作业时间虽然符合规定,但我们希望学校能根据学生差异分层设计,提高作业质量。恳请教育部门督促学校优化课后服务,增加学科拓展、学习方法指导等内容,并保障师资配备,真正满足初中生学业发展需求。"
D9B29D00DF9AD936073A9020C36B206930217E20FDE642207095C47BED5CABA1,关于规范初中课后服务防止变相增加课业负担的建议,"领导您好,我家孩子在初中就读,目前参加学校课后服务,本月作业量符合规定,睡眠也还正常。但作为家长,还是担心春季开学后学校为了升学率利用课后服务时间统一上课、讲题,变相延长在校学习时间。过去同省就有家长反映孩子早出晚归、作业写到很晚的情况。希望有关部门能督促学校严格落实课后服务自愿参加、内容多样的要求,不把课后服务变成集体补课或变相增加作业量,同时继续控制书面作业总量,保障孩子有足够的休息和自主安排时间,让孩子健康度过初中阶段。谢谢。"
D60B723BF10C84614DE0CA02F6EECF88952C07CC065D20D99AB02FF380AB9EDF,关于初中课后服务内容与孩子休息平衡的建议,"我是本地一名初中学生家长,孩子就读非毕业年级。本学期学校提供课后服务,孩子也参加了。从政策上我们了解到课后服务强调自愿和内容多样,但作为家长,我们更关心实际落实情况。过去这一片不少学校存在早上很早到校、晚上很晚放学、作业写到深夜的情况,孩子压力很大。虽然现在孩子的书面作业时间看起来符合规定,睡眠也还够,但我们担心课后服务会不会变成另一种形式的加课,把原本用于休息、运动或兴趣的时间又占用了。希望领导能督促学校真正落实课后服务的自愿原则,丰富活动内容,比如安排体育、艺术、阅读等,而不是只安排自习或上课;同时合理控制学生在校总时长,保障孩子有足够的睡眠和家庭交流时间。我们家长愿意配合学校,但希望孩子能健康成长,而不是一味延长学习时间。"
4EB20E3E7B523A0FAA983EC8512E1278AB8BC68355E99E03A08AB2BCEEAC7530,"建议加强春季开学后初中在校时间与作业管理,保障学生休息","领导好。我家孩子在公办初中就读,目前作业时间符合规定,也参加了学校课后服务。但作为家长,看到以往有学校为抓成绩延长在校时间、增加作业,导致孩子睡眠不足、压力大,心里还是不踏实。现在马上春季开学,担心一些学校又会回到老路,课后服务也可能变成变相上课。希望教育部门在开学后加强对学校在校时间、作业总量和课后服务内容的监督检查,确保孩子有足够休息和睡眠,真正把减负政策落到实处。"
4FF9A1FCC61E83EDDA51B00D66F277E16AC635236A6A2BCFC7F1D55A9205B107,关于提升学校课后服务质量与作业指导的诉求,"我家孩子目前在公办初中就读,家庭经济条件尚可,但一直没有给孩子报学科类校外培训班,比较看重孩子的睡眠和全面发展。现在校外学科培训明显减少,我们更希望学校能把课后服务做扎实。暑假里孩子参加了学校的课后服务,但开学后能否持续提供高质量的作业指导和素质拓展,我们有些担心。孩子所在学校不是重点校,资源可能有限,希望上级能督促学校严格落实作业总量要求,确保每天书面作业不超过90分钟,并且利用课后服务时间让孩子在校内基本完成作业,老师能当面答疑。同时课后服务内容能再丰富些,不要只是看管,让孩子有更多体育、阅读或兴趣活动,这样我们家长也能安心工作。"
C31C6619482711D89B693E398FF09CAB1700CD67EB797408D48774AFC94F3BEF,关于新学期初中生作息与作业负担的担忧,"我是一名初中生家长。暑假期间孩子睡眠充足、作业量也符合规定,我们比较放心。但眼看9月开学,想起以前同地区一些初中常见的情况:早上五六点就要起床,晚上十点后才睡,作业写到十一点多,吃饭时间紧张,孩子压力很大。现在虽然有了作业时长上限和课后服务政策,但作为家长还是担心新学期学校执行走样,又回到过去那种高强度、长时间在校学习和作业过量的状态。同时,现在校外学科培训少了,如果学校课堂教学和课后服务质量跟不上,孩子学习需求得不到满足,我们也会很焦虑。希望领导能督促学校在新学期合理安排作息和作业,真正落实课后服务,让孩子有充足睡眠和活动时间,健康成长。"
3E794C9363836F38A6E7BEEA9D27C0EEE0E21B0168832D2FF13490179F94802A,关于防止初中课后服务变相加重学生负担的诉求,"领导您好,我家孩子正读初中,非毕业班。这个暑假孩子参加了学校的课后服务,目前看作业量还在规定范围内,睡眠也还算充足。但我们家长一直很担心开学后学校会像以前有些地方那样,为了提高成绩把在校时间拉得很长,早上很早就到校,晚上很晚才放学,作业写到很晚,孩子休息不好。现在有规定要求初中书面作业不超过90分钟,课后服务要自愿参加、内容多样,但落实中可能出现课后服务变成集体上课或统一加练,尤其我们学校不是重点校,师资和经费能不能保证课后服务质量,我们心里没底。希望教育部门在秋季开学前明确督查标准,关注非重点初中课后服务时段的具体安排,确保不强迫参加、不统一讲授新课,同时持续监测作业总量和在校作息,让孩子能有合理休息。"
6759A0665A64C02758681A7B3A7563912271EB4F09185E6C06E95278D7F58016,"关注暑假课后服务内容,防止变相加重初中生负担","我是一名初中生家长,孩子目前在读初中,非毕业班。今年暑假孩子参加了学校组织的课后服务,学校说每天不少于2小时。政策要求课后服务自愿、多样,但我们担心实际内容变成集体上课、刷题。孩子现在睡眠还可以,作业也暂时符合规定,但看到同省一些学校过去有加课、早出晚归、作业写到很晚的情况,我们很怕开学后或暑假里慢慢加重。希望领导关注学校课后服务的具体安排,督查是否存在变相补课、强制参加,确保自愿和多样性,保障孩子假期休息和睡眠。"
E39CCF25FC1CA3F4E22068AFBA1853C75DFB6F590A1E4EE242B52A6672ACD4DB,关于丰富学校课后服务内容的建议,"领导您好,我是一名初中学生家长。孩子就读于公办学校,这个暑假参加了学校的课后服务。作为家长,我们家庭经济条件尚可,对孩子教育期望较高,希望孩子将来能读到硕士。当前校外学科培训大幅收缩,我们理解政策导向,但同时也担心孩子少了拓展学习的机会。学校属于非重点校,资源有限,我们很希望课后服务不只是看护,而是能有更丰富的素质拓展、兴趣培养等内容,帮助孩子全面发展。希望政府能加强对学校课后服务的指导和保障,让服务真正落到实处,满足不同家庭的需求。"
DE21D51D1A78877A08D322E31298D4BD91D30499665869A2AC9F946F06FB6B48,关于规范初中课后服务避免变相加课的建议,"领导您好,我是一名初中生家长。孩子就读公办初中,不是毕业年级。目前暑假在家,但想到开学后的安排有些担忧。孩子平时睡眠时间还算充足,作业量也基本符合规定。不过,我看到周边地区有学校为追求升学率拼命加课,学生早出晚归、压力很大,心里不踏实。新学期学校开展课后服务,我家孩子也参加了,但我担心学校会利用课后服务时间赶进度、变相加课,导致孩子在校时间过长,回家后还要完成作业,休息和自主安排时间被严重压缩。希望上级部门能加强监督,确保学校严格落实作业和在校时间规定,让课后服务真正用于作业辅导、素质拓展,而不是成为另一种负担,保障孩子身心健康发展。"
E53EF470C85EBB0E28F4248C2A60E9963187109067BC3AEEEBA5A4451998F106,关于初中学校作业与课后服务持续规范的诉求,"作为初中学生家长,孩子暑假参加学校课后服务,目前作业和睡眠还算正常。但我们一直担心9月开学后,学校会不会又回到过去那种早上五点多到校、晚上快十点才睡、作业写到深夜的状态?本地学校多,老师负担也重,过去确实有学校为提高成绩拼命加课。希望领导持续督促学校严格落实作业总量和在校时间规定,不要因升学压力牺牲孩子休息。同时课后服务既然每天不少于两小时,能否真正安排拓展、体育、兴趣内容,而不是变相补课或单纯看管写作业,让孩子自愿参加且有所收获。我们家庭条件尚可,也不想依赖校外培训,更希望校内教育质量有保障,这样孩子才有精力长远发展,符合我们对他的期望。"
14D9BF645053AFF21A8B8E6AA675E1A549DABACDD605088BEF4AE1F96131B1AB,关于秋季开学后加强初中学校作业与课后服务监管的诉求,"尊敬的教育主管部门领导:您好。我是一名初中学生家长,家住中部地区城镇,孩子就读公办初中,目前不是毕业年级。这个暑假孩子书面作业量暂时符合规定,也参加了学校课后服务。但我们非常担心秋季开学后负担反弹。从周边家长和本地情况看,初中学校为提高成绩,容易把课后服务变成集体上课,或增加作业,导致孩子早出晚睡、休息不足。我们家庭经济条件尚可,期望孩子能读到硕士,但更希望孩子身心健康。当前校外学科培训已经大幅收缩,我们更依赖学校提供规范、高质量的教育。恳请领导在开学后重点关注公办非重点初中的作业管理和课后服务落实,核查是否存在变相延长在校时间、强制参加或加重作业的情况,保障孩子有足够休息和体育锻炼时间。谢谢。"
B2FD1DDD1529042FC7787A658151CD492670022FD3D8A388D9B5389655C93519,关于提升暑期学校课后服务质量的建议,"领导您好,我是一名初中生家长。暑假期间,孩子参加了学校提供的课后服务,这确实解决了我们家庭的一些照护困难。但我注意到,目前课后服务内容相对单一,更多是看管和基础看护,缺少系统的学业辅导和拓展性活动。随着校外学科类培训大幅收缩,我们作为家长既希望孩子减轻负担,又担心学业进步缺少支撑。我家孩子之前没有参加过校外培训,一直依托学校学习,对学校课后服务的质量有较高期待。希望能进一步丰富课后服务内容,加强作业指导和个性化答疑,适当增加阅读、科学、思维拓展等模块,同时继续严格落实作业时长规范,保证孩子有充足睡眠和自主安排时间。我们愿意积极配合学校,共同促进孩子全面健康成长。"
1389FD6EAEF36BC66DFDAA53E4F5D3E63AF978CC3B75A8E04E2F7D3019255484,关于初中课后服务防止变相加课加重学生负担的诉求,"孩子正在读初中,目前书面作业时间符合规定,睡眠也还算充足,本月也参加了学校课后服务。但作为家长还是有些担忧,同省一些学校曾出现早上五点多起床、晚上快十点才睡、在校学习十几个小时、作业写到很晚的情况。现在校外学科培训少了,家长更依赖学校,希望领导能督促学校严格落实课后服务自愿参加、内容多样、时间衔接,不要借课后服务名义变相加课或增加作业量,保证孩子每天有足够休息和自主时间,同时提高校内作业设计质量,让孩子健康成长。"
54265489C6C523F7D5D40E8349B6CE177C3C63A4F600733C1442ACDF797BD710,建议规范初中课后服务防止变相加课,"我家孩子在本地一所公办初中就读,目前不是毕业班。这个暑假孩子休息还可以,睡眠也较充足,但作为家长还是不踏实。孩子本月已经按学校安排参加课后服务,每天在校时间延长不少。按要求,课后服务应当自愿、内容多样,重点解决看护和作业指导,而不是统一补课。我们担心开学后学校为了抓成绩,把课后服务变成集体上课、讲题,孩子回家还要继续写作业,睡眠被压缩。过去周边一些学校就有类似情况:孩子早上五点多起床,晚上快十点才睡,一天在校十几个小时,吃饭都紧张。现在虽然书面作业时间有上限,但希望相关部门对课后服务内容加强督查,明确不得变相集体补课或讲授新课,留给孩子消化、阅读、运动和休息的时间。我们不是反对课后服务,而是希望它真正自愿多样,不要变成新负担。请领导关注初中非毕业年级课后服务落实情况,让减负政策落到实处。"
9643566AD02AECD065225CFD3E3FCEA37A2116AA6D70D48FE3CDC870A1258DAE,关于初中生开学后作业负担与在校时间管理的建议,"领导您好,我是本地一名初中学生家长。孩子目前暑假期间书面作业情况正常,也参加了学校课后服务。但我们了解到,一些初中为了升学压力存在延长在校时间、加大作业量的做法,孩子长期睡眠不足。我们担心开学后类似情况出现,影响孩子身心健康。希望教育部门能加强开学后对学校作业总量、在校作息时间和课后服务质量的统筹监督,确保课后服务自愿参加、内容多样,不额外增加负担,并畅通家长反映渠道。谢谢。"
8AEF3998EF0FBC13B1939CE3DE84AD85EF6B7B5CF12BC8A43749DFF06693157A,希望学校严格落实作业减负并加强课后服务,"我是本地一名小学生的家长。孩子现在处在升学衔接年级,我们了解到这个月孩子的书面作业完成情况没有达到国家规定的时长要求。我们夫妻双方都要上班,家里老人精力有限,经济条件也一般,之前给孩子报过学科类辅导班,现在政策变化后我们也很纠结,不报怕孩子落后,报又怕负担不起。如果学校作业量还是控制不住,我们担心孩子睡眠不足、学习压力过大,也怕双职工家庭根本扛不住。希望有关部门能督促学校严格执行作业减负规定,把课后服务真正利用起来,让孩子在学校就能把作业完成,有不懂的也能及时问老师,减轻我们这样的家庭的负担。"
F662A6A837B786CC1A58DEFD5C207DB830E11365EC00FCCD13CD749BE40F6511,关于孩子暑假作业负担与课后辅导的求助,"各位领导好。我家孩子正处在小学升初中的衔接阶段,8月份还在暑假。这个月孩子的书面作业完成时间感觉超过了规定的60分钟,我们家长文化程度不高,夫妻俩工作也忙,家里老人帮不上多少,辅导起来很吃力。孩子之前上过一些学科辅导,现在校外学科培训虽然在做规范,但我们观察周围补课的市场并没有明显减少,心里很担心孩子不跟进会落后。希望学校能统筹好作业总量,真正把作业量降下来;同时希望开学后课后服务能落实到位,让孩子在学校基本完成作业、得到老师指导,减少对校外培训的依赖。也请相关部门加强对校外学科培训的监管,避免变相提前教学。谢谢。"
56AE2BE4D870FB1E53B72D0B2C4E39D566643A1353596C9ECF0EB45AB5A5642A,希望督促学校落实作业时长管理并加强课后辅导,"领导好,我是孩子即将升入新年级的家长。我们两口子都在上班,家里人多但能辅导功课的人少。这个月孩子的书面作业情况已经超出了规定时长,虽然睡眠还算够,但我们担心开学后作业压力更大,家里更难应付。现在有政策要求学校统筹作业总量、加强校内指导,恳请领导督促学校真正落实,让孩子尽量在学校完成作业,别把太多任务带回家。另外,下午放学比较早,我们下班晚,以前就盼着学校能安排老师课后多辅导一会儿。现在课后服务政策也下来了,能不能让学校在课后服务时间里重点辅导孩子写作业、答疑,这样我们家长也安心。我们家经济条件一般,以前给孩子报过辅导班,现在校外培训管得严,我们也不打算再报,只希望学校能多承担一些。请领导关注我们这种双职工、文化程度不高的家庭,让孩子在校内就把学习问题解决好。"
498E9B15DAC36154A3E05E81D4C65CD78E43B2E80654B0F63DDC92EB7F333FC5,关于减轻小学升学衔接年级家庭作业辅导负担的请求,"领导您好。我家孩子在本地一所公办小学上升学衔接年级。我们家长文化程度不高,平时工作也忙,家里人口多,经济上不算宽裕,辅导孩子作业很吃力。现在政策要求学校统筹书面作业总量,保证书面作业平均完成时间不超过60分钟,还要完善课后服务。但最近了解到孩子本月书面作业情况不符合规定,虽然不清楚具体原因,我们还是非常担心开学后作业量控制不住,课后服务如果落实不好,孩子放学后没人辅导,只能又去外面找补课,以前学科类补习就不少,费用压力实在大。希望教育部门能督促学校严格执行作业管理办法,把书面作业量真正降下来,在校内加强作业指导;开学后把课后服务落实好,让孩子自愿参加,尽量在学校完成大部分作业;同时严格规范校外培训,减轻我们家庭的负担。谢谢。"
E7A2B09F75E3ED7BE2D8AE7396765DD9792B14466F42632F16F189438A4196D2,关于小学高年级作业负担和课后服务支持的请求,"我是一名小学升学衔接年级学生的家长,来自东部城镇。我们夫妻都在上班,家里老人多但精力有限,孩子放学后我们很难及时辅导功课。最近发现孩子的书面作业完成时间经常比规定的一个小时要长,孩子写得很辛苦,我们既担心身体,也怕学习压力太大。以前还能参加学科类辅导班补一补,现在学科培训停了,家里经济和时间上也没法另外找老师,这个学期孩子没有参加学校的课后服务,作业上的困难就更明显了。希望学校能严格落实作业管理规定,控制书面作业总量,提高作业设计质量,并利用课后服务时间加强对孩子的作业指导,让孩子尽量在学校完成大部分作业。也希望课后服务内容上能多一些作业辅导,时间衔接上考虑双职工家庭的实际情况。孩子正处于升学过渡阶段,我们特别担心因为缺了辅导而掉队,恳请领导关注一下我们这样的普通家庭,推动学校把作业和课后服务做得更实、更细。"
1BE7D1BFA6464C6F062FB23E16336D40D13FFCAFAF934085938CFD9819D51F5C,恳请督促学校加强课后辅导和作业管理,"领导您好,我是一个小学生的家长,孩子正处在升学衔接年级,眼看着要开学了,心里很着急。我和孩子爸爸都在上班,家里老人帮忙带,但学习辅导真的顾不上,我们文化不高,家庭条件也一般,外面的学科培训班现在也参加不了。这段时间孩子在家完成书面作业,对照规定的时间是超了的,我们看着很心疼又没办法。听说学校现在有课后服务,但我们孩子还没参加上。我就想恳请领导帮忙督促学校,开学后能把课后服务真正用起来,特别是对我们这样没有能力辅导、又没条件报班的家庭,能不能在课后服务里安排老师看着孩子写作业、答疑,把当天知识巩固一下,别让孩子落下。同时也希望学校能严格控制书面作业时间,不要超过规定的一小时,统筹好各科作业量。我们家长不是不想管,实在是能力有限,希望好政策能真正落到我们孩子身上。"
0E6CE06052D5B73674A342A67A8B4BF3647455A1E6F80C378C08AF2926F940D3,关于小学升学衔接年级课后辅导的请求,"领导您好。我是本区一名小学高年级学生家长,孩子正处在升学衔接阶段。我们夫妻都在上班,下班时间晚,家里老人多但辅导功课确实吃力。孩子以前还能参加一些校外辅导班,现在学科类培训停了,我们支持政策,但心里很没底。这个月孩子书面作业时长没有达到规定要求,我们下班后很难帮上忙,又担心孩子学习掉队。学校课后服务虽然开了,但我们孩子这个月没有参加,我们不太清楚具体内容和报名方式,也担心只是看管,作业辅导和答疑不够。想请区里督促学校把课后服务做实,尤其是针对升学衔接年级的孩子,增加老师面批作业、个别答疑和分层辅导,让孩子尽量在校内完成作业,减轻我们双职工家庭的负担。最好能主动向家长公开课后服务安排,方便我们选择。谢谢。"
2F9A59CB4A0B5905E078517C4F07091FCF9819579290BD203499D934A0E47875,关于小学升学衔接期作业和课后辅导的求助,"尊敬的领导:我是一名小学生的家长,孩子正处在升学衔接的年级。我们家经济条件一般,我和爱人都要上班,家里人口多,时间很紧,辅导孩子学习有困难。以前孩子也上过一些学科辅导班,现在按照政策已经停了。最近发现孩子这个月的书面作业情况好像没有达到规定的时长要求,我们不太清楚具体原因,只是觉得孩子压力大,我们也着急。学校有课后服务,但我们因为各种原因没有参加,担心孩子少了老师的指导,学习会跟不上。希望领导能帮我们督促学校把作业管好,别让作业时间超过规定,同时把课后服务安排得更方便、更有效,让我们这样的家庭也能享受到好政策。谢谢!"
458A490D389DC654890577021A4B4D2FAB5F7BC8E3A2CB2D3DFB27A4D7DC5AF8,希望学校课后服务能真正帮到孩子,"领导您好,我是一名小学生的家长,孩子现在处于升学衔接年级。我们两口子文化程度不高,都是初中毕业,白天打工,晚上回家也很累。以前孩子还能上校外辅导班,现在学科类培训不好找了,我们也就停了。可是孩子这个月的书面作业情况感觉和规定的时间要求有差距,我们看不懂也辅导不了,心里特别着急。孩子马上要高年级,怕他跟不上。学校是重点学校,离家近,但暑假里孩子没能参加学校课后服务,只能自己在家写作业。我们希望开学后学校能把课后服务做实,让孩子在学校把作业写完,老师能多辅导,别把压力都推给家长。也请领导关注学校作业量,别让孩子回家还要写很久。我们家长确实能力有限,只能靠学校了。"
A8F0E17762113EE51FC9F772F6F4DBEDB8612143EAC38CD0C60656C6EA76A61B,关于暑假孩子学习辅导和作业问题的求助,"我家孩子正处于升学衔接年级,这个暑假学校布置的书面作业孩子做起来比较吃力,每天花的时间可能超过了规定的一小时,我们家长文化程度不高,又都要上班,家里老人也帮不上忙。以前孩子参加校外补习班还能有人辅导,现在学科类培训班基本都停了,我们也负担不起一对一,孩子暑假学习没人管,我们很担心开学跟不上。希望相关部门能协调学校或者社区,在暑假期间给孩子提供一些作业辅导或者学习答疑,哪怕是线上的也行,或者开学后课后服务能针对我们这种衔接年级加强学业指导,减轻家长负担。"
E4B226534D228906A520C0359801C303052D55C99F451C438FD8319B913591A3,关于升学衔接年级作业负担和课后服务的诉求,"我家孩子正处在小学升学衔接年级,我们夫妻都在上班,文化程度不高,家庭经济条件一般。以前依赖校外辅导班,现在校外学科培训基本没有了,我们也已经停止参加。最近孩子在家写作业,本月书面作业时间已经超出规定的一小时,我们辅导不了,孩子也很累。听说学校课后服务每天不少于两小时,但这个月我们还没参加,不清楚具体内容和质量。担心开学后作业更多,孩子跟不上。恳请领导重视我们这类家庭的情况,督促学校严格落实作业总量控制,提高作业设计质量,把课后服务真正利用起来,多安排老师辅导作业,让孩子能在校内完成大部分作业,回家早点休息,也减轻家长负担,帮助孩子平稳过渡到新阶段。"
C980CD957E2951227A7FA2A2F941D5D154CB35B003F6CEB6AE9D28D148A63EF5,关于小学升学衔接年级暑期作业与课后看护问题的反映,"领导您好。我家孩子今年上小学,正处在升学衔接年级。我们家庭经济条件一般,同住人口多,父母都要上班,平时时间很紧。孩子以前靠校外学科辅导,现在按政策已经停止参加学科类培训,我们支持规范,但也担心升学前后的学习衔接。这个暑假,孩子书面作业的完成情况没有达到小学不超过60分钟的规定,我们不清楚具体原因,但确实感到压力比较大。孩子目前也没有参加学校课后服务,具体原因还不清楚,但对我们双职工家庭来说,看护和辅导难题更突出。恳请相关部门督促学校严格落实作业总量和时长要求,同时把课后服务真正衔接好,尤其对我们这类已经停止校外培训的升学衔接家庭,提供一些可及的学习辅导或看护安排,减轻家长焦虑。谢谢。"
C6EB349CCD5C91C38140F0582FF84C7839403C19F1EF6D81C830AB571A633664,"希望加强学校课后服务和作业指导,缓解升学衔接家庭压力","领导您好,我是一名小学生家长,孩子正处在升学衔接年级。我们两口子都上班,家里虽有人手但能辅导学习的不多,经济条件也一般。以前孩子还能参加一些学科辅导,现在校外培训少了,我们也已经停掉,心里很没底。这个月孩子书面作业完成情况不太符合规定的时间要求,我们文化程度有限,晚上时间紧,很难帮孩子补上。孩子这个月没有参加学校课后服务,也不知道开学后能否真正享受到有质量的作业辅导和学业衔接帮助。我们不是要求额外补课,就是希望学校能把课后服务做实,把作业总量控制住、校内指导跟上,让普通家庭孩子也能在学校解决大部分学习问题。恳请领导关注这类情况,督促学校和相关方面加强保障,别让家长因辅导不了而焦虑。谢谢。"
F93CB79B84A14D5997848D8AE6E6057A6FD21D5E948DC9B481021CF328C4BFCA,关于暑假作业辅导和课后服务的求助,"领导好。我是东部地区一名小学生家长,孩子就读公办小学,即将升入新的年级。我们夫妻都在上班,文化程度不高,家里经济条件一般,辅导孩子功课很吃力。这个暑假孩子的书面作业时间没能控制在规定范围内,我们很着急。我们家已经不再给孩子报外面的学科培训班了,这个月孩子也没有参加学校课后服务,我们担心开学后孩子跟不上,特别是马上要面临升学衔接,基础不牢会更困难。之前也看到有家长反映放学早希望老师多辅导,我们深有同感。希望领导能督促学校和相关部门,严格落实作业总量和时长要求,提高作业设计质量;开学后让我们这样的家庭孩子能真正用上学校课后服务,针对作业辅导和衔接学习提供帮助,减轻家长负担。谢谢。"
EC0EFAC424C87379D1F53007E541F32B40FD341A23B9880667238E40A5A063BD,请求规范小学暑假作业并加强课后服务管理,"我家孩子是小学高年级学生,马上要升入衔接年级。我们夫妻都是普通务工人员,文化程度不高,家里老人帮不上忙。这个暑假孩子书面作业情况不符合规定时长要求,我们已经停了外面的学科培训班,孩子在家没人辅导,作业做得吃力,我们心里很着急。按照学校的规定,书面作业时间不应该超过60分钟,但孩子这个月的情况已经超出了,我们担心开学后负担会更重。孩子以前上过培训班,现在停掉了,课后服务因为暑假没有参加,平时也不知道能不能真正辅导作业。希望领导能督促学校严格落实作业总量控制,布置作业更合理一些,不要都压给家长;也希望课后服务能把作业辅导和兴趣活动安排好,最好暑假也能提供公益性质的托管或衔接辅导,帮我们这样的双职工家庭解决实际困难。"
156DB8DCDD32B8F7063E0E9511F0F0582928EF948C631B469D2C99D51955FFEA,关于升学衔接年级作业和课后服务的求助,"领导好:我家孩子上小学,正处在升学衔接年级。我们夫妻都在上班,家里孩子多,时间很紧,我俩文化程度不高,辅导作业很吃力。孩子这个月的书面作业时间不符合规定要求,我们很担心开学后作业更多更难,更没人辅导。家里经济不宽裕,学科类课外班已经停了,这个月孩子也没参加学校的课后服务,暑假里孩子作业缺少帮助,开学后的课后服务也不知道能不能真正安排作业指导和看管。我们特别希望政府能督促学校把作业量控制住,把课后服务做实做细,让我们这样有困难的家庭能放心让孩子参加,得到作业辅导,减轻我们的负担,让孩子能跟上学习。谢谢领导。"
1C82501DC7037C58162718775666ABF9C3B4F9A9B2C9676ED03B5091DE98B142,关于升学衔接阶段孩子课后辅导与作业管理的诉求,"我是一名小学升学衔接年级学生的家长。我们夫妻都在上班,文化程度不高,家里经济条件一般,以前孩子有学科培训班能帮衬,现在学科培训停了,我们一下子没了依靠。暑假里孩子作业完成情况不理想,我们辅导不了,心里很着急。学校课后服务平时虽有,但暑假没有,而且我们因为时间安排也没能参加。希望政府能督促学校在开学后把课后服务做扎实,特别是针对我们这样没人辅导、经济一般的家庭,多提供作业辅导和衔接课程,让孩子平稳过渡。另外,作业管理方面也希望能真正落实,避免孩子负担过重或无人指导。"
D4DDE50281A62D62503A953F7C9966396FCDCDE98CC1E7F45B91567A3CC270A7,关于暑假作业超时和家长无力辅导的求助,"孩子正在小学升学衔接年级,这个暑假学校布置的书面作业,孩子自己做起来经常超过一个小时,不符合规定。我们夫妻俩都要上班,家里老人文化程度不高,没法辅导,以前还能靠校外辅导班,现在学科类培训停了,经济上也不宽裕。孩子不会的题只能空着或者瞎写,我们很着急。听说学校有课后服务,每天有两个小时,但孩子这个月没参加,我们也不知道暑假能不能去。希望领导能督促学校把作业量真正减下来,别把压力都转给家长,最好能在暑假开放一些教室,安排老师值班,给这些没有条件上辅导班的孩子提供作业辅导和看护,让我们家长能安心工作。我们不想孩子荒废暑假,但文化水平有限,真的很需要学校帮一把。"
CE1FE9E9E6BD20ABB23A3C6E4BF02A1C4CC526300CA7423DD61883E5C30D1AFC,关于小学升学衔接年级课后服务与作业管理的诉求,"我是一名小学升学衔接年级学生的家长。我们家庭经济条件一般,父母双方都要上班,照看孩子的时间非常紧张。以前还能依靠校外的学科辅导班,现在校外培训收缩,我们已经停止了这类培训,心里很担心孩子学业跟不上。学校虽然安排了课后服务,但我们因为时间或信息不畅等原因,这个月还没有参加上,希望课后服务能更加灵活、内容更丰富,真正解决双职工家庭的接送和辅导难题。同时,我了解到孩子这个月的书面作业情况可能没有完全符合小学阶段的时长规范要求,我们家长文化程度有限,辅导作业很吃力,也担心作业过多影响孩子休息和身心健康。恳请领导关注我们这类家庭的难处,督促学校严格落实作业管理规定,提升课后服务质量,让孩子在学校就能完成大部分学习任务,顺利度过升学衔接阶段。"
00B2EF8C0DC023939372A4F5ABA816D364826C965A1379655F39E1F6EF6E082F,关于督促学校统筹暑假作业并落实课后服务的诉求,"各位领导:我家孩子目前在小学升学衔接年级,暑假期间书面作业情况未达到义务教育阶段作业时长规范要求。作为家长,我们家庭经济条件一般,大人工作忙、时间紧,已经不再参加校外学科类培训。但孩子这个月也没有参加学校课后服务,担心假期和开学后作业无人辅导、看护存在空档。按规定学校课后服务每周应提供五天、每天至少120分钟,希望政府能督促学校严格落实作业总量统筹,合理布置暑假和开学后作业,同时让课后服务真正覆盖有需要的家庭,帮助孩子平稳衔接。"
C77C61ECDE6C2F7187A793A72E60316E3ECC6E20AA0784E07059EA65E15B6E4F,关于保障初中课后服务质量和减轻家庭负担的诉求,"我是一名西部城镇初中生家长,孩子就读公办学校,家里经济条件一般,我们夫妻都在打工,文化水平不高,辅导孩子功课力不从心。暑假快结束了,我们很关心开学后学校的课后服务能不能真正落实。希望政府督促学校按照政策要求,提供时间衔接、内容多样的课后服务,让孩子放学后有人管、有地方去,也能得到作业辅导。同时请关注收费问题,尽量减轻我们这样的低收入家庭负担,不要变相强制参加或变成补课。另外也请继续抓好作业总量控制,避免书面作业超时,保证孩子睡眠和休息。"
8A0A3517900C3461618B2F51C71AF417794686F66B50CF33FD929A22E8EDC7A0,关于初中课后服务落实与作业辅导的请求,"我家孩子读初中,我们夫妻都在打工,经济条件一般,文化水平也不高,辅导作业很吃力。暑假快结束了,最担心开学后学校课后服务能不能真正搞起来。政策说可以自愿参加、时间要衔接、内容要多样,但我们不知道学校具体会怎么安排,也不知道要不要另外交钱。希望领导督促学校把课后服务做实,让孩子放学后能在校把作业写完,有老师指导,最好还能有一点心理辅导或兴趣活动,别让孩子放学后到处乱跑或者回家没人管。我们打工下班晚,如果课后服务结束时间能和家长下班时间接上,我们也能放心。"
4AF1C85D6035F4E69DCE63E909D0C9EE4C1A40310AEDDE3DAB6C07052F75F297,恳请推动初中课后服务真正落地并加强作业辅导,"您好,我是一名初中学生家长。我们家条件比较困难,我和孩子爸爸都在打工,文化程度不高,辅导孩子作业很吃力。孩子现在放暑假,作业量还算合适,但开学后我们很担心。最近听说政策要求学校加强作业管理和课后服务,我们非常期盼,但不知道学校能不能真正落实。我们希望政府能督促学校把课后服务做扎实,特别是放学后能安排老师辅导作业,这样我们也能安心工作。另外,孩子进入初中后,我们总担心他学习压力大出现心理问题,希望课后服务里也能有心理辅导。学校老师本来就很辛苦,我们担心课后服务只是走形式,希望政府能保障好师资和经费。谢谢。"
A4F97AAFC8905428561F2DE47C4CA92B3F560F39E2D24B881BDCA9B05DAC0441,关于督促初中学校落实课后服务的请求,"领导您好,我是一名初中学生的家长。我们家庭经济条件一般,我和爱人都要上班,孩子以前也没上过校外培训班。现在政策要求学校完善课后服务,自愿参加、内容多样、时间衔接,我们非常期待。但我们担心学校因为师资紧张,课后服务可能流于形式,或者变成变相补课、收费,反而增加负担。希望政府能督促学校真正落实课后服务,特别是作业指导和兴趣活动,最好能包含一些心理辅导,因为初中孩子心理波动大。同时希望课后服务时间能衔接家长下班,对经济困难家庭给予费用减免。谢谢。"
63F860D11C22D594A5BEB2078C2A8C61CFDE228C272C5EA5DD1091BBF8A52B92,关于提高学校课后服务作业辅导质量的请求,"领导好,我是一名初中生家长。我们家在西部县城,家庭条件一般,我和孩子爸爸都在打工,文化不高,辅导孩子学习很吃力。以前还能找补习班,现在校外培训少了,我们也没钱请家教。孩子参加了学校的课后服务,但听说主要是看管,作业辅导不够。我们担心孩子学习跟不上,希望政府能督促学校把课后服务做实,多安排老师辅导作业、答疑解惑,让孩子在学校尽量完成作业,这样我们家长也能安心工作。另外请继续控制作业量,保证孩子睡眠,谢谢。"
47C45CB8DAC435F4382A8E072EF43B7482832F0C62256CDD924AF4C63367EEA5,"希望初中课后服务更丰富,多关注孩子心理健康","领导您好,我家孩子在镇上公办初中读书,我们夫妻俩都在打工,文化水平不高,家里经济条件也一般。这学期孩子参加了学校课后服务,每天放学后能在学校多待一会儿,我们很感激。但心里也有些担心,课后服务时间虽然有了,内容是不是真的丰富?老师能不能真正辅导孩子写作业、带着开展些兴趣活动?我们家长自己辅导不了,就盼着学校能多帮一把。另外,初中孩子心理变化大,我们不懂怎么引导,希望学校能在课后服务里安排专业的心理老师,定期跟孩子聊一聊,帮他们疏导情绪。这样我们在外面干活也安心些。恳请领导多关注学校课后服务的质量和内容,谢谢。"
353EBB11748A2C4A3C27BA18DF3E449877AFB79E14D2C8F0DA7DED34D2C32806,关于初中课后服务增加心理辅导的建议,"领导好,我是西部城镇一名初中生家长。孩子现在参加学校课后服务,我们夫妻都上班,家里经济条件一般,课后服务确实解决了接孩子和看管问题。但课后服务每天时间不短,我担心孩子在学校只是坐着写作业,缺少心理和成长方面的引导。初中阶段孩子容易受周围影响,我们做父母的学历不高,有些教育上的问题不会讲。希望学校能在课后服务里安排专业的心理老师,给孩子一对一或小组辅导,讲一些青春期心理、人际交往、远离不良习惯的内容,而不是只让班主任或任课老师兼顾。也请相关部门督促学校落实课后服务的多样内容,保障师资和经费,让孩子不仅能完成作业,也能心理更健康。"
93A8F6EEC9244B73E511998FA5C250C237E0ED2C80458C1658EFAAACE17A1771,关于提升学校课后服务质量的诉求,"我家孩子就读本地一所公办初中,家庭经济条件一般,我们家长文化程度不高,辅导孩子功课比较吃力。现在孩子放学后参加学校课后服务,这对我们这样的家庭很重要。但我们担心课后服务内容不够丰富,作业辅导和心理支持不足,尤其初中孩子容易受同伴影响,学校是否配备专业心理老师也不清楚。希望有关部门督促学校把课后服务做扎实,保障好师资和经费,增加作业辅导、兴趣活动和心理辅导,让孩子在校内得到切实帮助,减轻家长负担。"
6B2B4A5C3B38EF3904F1A956D386C488B86312A202237848FA3B269701B7B8FD,关于提升学校课后服务质量减轻困难家庭负担的诉求,"我家孩子读初中,我们两口子都在上班,文化程度不高,家里经济条件也一般,没有能力辅导孩子作业。以前也没钱让孩子上补习班,现在外面培训班少了,孩子学习主要靠学校。这个暑假孩子参加了学校课后服务,但我们心里还是没底:课后服务时间能不能和我们下班时间衔接好?老师能不能真正给孩子讲讲作业、管好纪律,而不是让孩子自己坐着?我们也担心课后服务会变相收费,增加家里负担。希望政府能督促学校把课后服务做得更实在,加强作业辅导和看护,规范收费,对困难家庭适当减免,让孩子在学校把作业弄懂,我们家长也能安心工作。"
F417F6C9E979867FB761DC51E50EB49DD9D64DCA29C4873664A1EB809EC86121,关于提升初中课后服务质量与心理辅导的请求,"领导好。我家孩子在乡镇初中就读,我们两口子都在打工,家庭经济条件一般,暑假期间孩子参加了学校组织的课后服务。因为家里没钱给孩子报课外班,课后服务成了孩子最主要的学习和看护渠道。现在政策要求学校统筹作业、加强指导,也要求课后服务内容多样,但我们担心学校实际提供的服务比较单一,主要是写作业和自由活动,对孩子学习方法、心理健康方面的帮助有限。我们文化程度不高,辅导不了初中功课,孩子进入初中后也面临青春期变化。我听说同省一些学校有专业心理老师做一对一辅导,效果会好很多。希望领导能督促学校在课后服务中真正落实作业指导,增加心理辅导和素质拓展内容,配备专业人员,不要只是安排老师看着。同时考虑我们低收入家庭的实际困难,课后服务收费不要增加负担。谢谢。"
5140364906F5DCBF07E20A72AECFF233048A53A9D4780C46F7474B49CE06C131,希望加强初中课后服务心理辅导和内容质量,"领导您好,我是西部城镇一名初中生家长。我们家庭经济条件一般,父母都要上班,孩子暑假参加了学校的课后服务。现在书面作业时间倒是符合规定,但我们更担心的是孩子课后这段时间到底在做什么。初中孩子容易受身边不良风气影响,比如抽烟喝酒等行为,我们家长文化不高,也管不住。希望学校的课后服务不要只是把学生聚在一起看管写作业,能配备专业的心理老师,开展一些有益的心理辅导和文体活动,让孩子有人引导,学点好的。我们这种家庭没有钱送孩子去外面的兴趣班,学校的课后服务就是最重要的依靠。恳请领导关注初中课后服务的实际质量,特别是心理辅导资源,让普通家庭的孩子也能健康成长。"
05243BB559BA078F1A42E10A06A1DE6919B75AF72DB7BE080280021E2F15321B,关于丰富初中课后服务内容并加强心理支持的诉求,"我家孩子目前在初中就读,家庭经济条件有限,我们文化水平不高,平时主要靠学校。这个月孩子参加了学校的课后服务,这本来是个好事,但我们担心课后服务可能只是把学生集中起来看管、写作业,内容比较单一。特别是孩子这个年龄段,容易受周围环境影响,我们很希望学校能多开展一些心理辅导和成长引导活动,让孩子在校时间真正有帮助。我们孩子学校是普通公办学校,我们这边师资也不宽裕,靠学校自己可能很难做好。希望政府能督促学校丰富课后服务内容,并协调专业心理老师或团队进校园,让我们家长放心。"
10C05AD172BEE7F06937884CAB9FA17EDBB907D63C0D875201CF89739423F565,关于加强暑期学校课后服务学业辅导的建议,"领导您好,我是一名西部城镇的初中生家长。家里经济条件不好,我们夫妻俩都在工作,但文化程度都不高,辅导不了孩子的功课。孩子平时作业时间虽然符合规定,但我们心里很着急,怕他学习跟不上,将来考不上大学。这个暑假孩子参加了学校的课后服务,我们很感激,但又担心服务只是简单看管,没有真正帮助孩子提高学习。现在外面学科类培训不好找,我们也请不起家教,只能指望学校。希望领导能关注我们这样的家庭,督促学校在课后服务里多安排一些作业辅导和学科答疑,最好能有老师针对成绩跟不上的学生重点帮助,让孩子能利用好这段时间,别落下功课。谢谢领导。"
6E2A36BE7F9A4AC6CEAD28E2874B4351B958FE6CDAA294C441B57C6C1C788E56,关于提升初中课后服务心理辅导质量的建议,"领导您好。我是一名初中生家长,孩子在镇上一所普通公办初中就读,家里经济条件一般,我们两个大人都要上班,文化程度不高,平时很难抽出足够时间陪孩子。现在暑假孩子在学校参加课后服务,开学后也会继续参加。我们知道现在学校作业时间有规定,校外学科培训也减少了很多,这对我们普通家庭本来是好事,可我们更担心的是孩子在学校课后这段时间能不能得到真正有用的引导。初中生容易受周围大孩子和社会风气影响,把抽烟喝酒、讲面子当成成熟,我们家长说多了孩子不听,老师也忙不过来。特别希望课后服务不要只是把学生集中看管,最好能有专业的心理老师或辅导力量,给孩子一对一或小范围的谈心,尤其是初二前后的孩子,心理变化大,很多话对班主任说不出口。恳请领导协调教育部门和学校,在课后服务中真正落实心理辅导和品行引导,让像我们这样的普通家庭孩子也能得到关心和帮助。"
A791FA02EF41E6EA9351DE1BD2999B7BEBD37C643251BE8BD583464205CAF465,关于提升初中课后服务内容质量的建议,"领导好。孩子就读公办初中,家庭经济条件一般,我们夫妻都在上班,假期最担心的就是孩子没人管、受到不良影响。这个月孩子参加了学校课后服务,我们很感谢有地方去,但心里不踏实。孩子这个年龄段容易跟风,我们也担心他学抽烟喝酒、讲面子这些不好的行为。我们文化程度不高,不知道该怎么引导。课后服务如果只是让学生写作业、看管,可能错过了帮助孩子的好时机。希望教育部门能指导学校在课后服务里安排专业的心理辅导或一对一交流,多开展体育、兴趣活动,而不是让老师只盯着作业。我们经济上承担不起校外培训,学校课后服务是唯一能指望的。孩子睡眠和作业目前还正常,我们不是投诉学校,而是希望这个政策真正帮到像我们这样的家庭。"
091891D340A2BF96EB1CD693CA03EF5E28BCB52F64893E69EECF8693FFC87D8A,关于提高暑期课后服务质量的诉求,"我是西部城镇一名初中学生的家长。我们家经济条件有限,家长文化程度不高,辅导孩子学习比较吃力,平时都要上班,时间也紧。这个暑假,孩子参加了学校组织的课后服务,我们很感激学校帮忙看护,但也担心课后服务只是简单看管,缺乏有效的学业辅导。因为家庭经济条件有限,无法额外承担校外培训费用,如果课后服务不能帮孩子巩固知识,暑假期间孩子学习可能就荒废了,开学跟不上。另外,初中的孩子心理变化大,我们也希望课后服务里能安排一些心理辅导或者老师多和孩子谈心。所以想请政府关注学校课后服务的质量,督促学校把课后服务内容做实,多些作业辅导和心理关怀,最好能提前告知家长每天的安排,让我们心里有底,安心工作。"
046121FE20830B743928FEDA4B6005588D5A098B7770B900E4F0F91ED3349FE3,希望学校暑期课后服务能多辅导孩子学习,"领导好,我是初中学生家长。我们两口子都在上班,家里经济条件一般,暑假照顾孩子有困难,就让孩子参加了学校组织的课后服务。孩子现在不是毕业班,但我们希望他以后能考大学,可我们文化不高,辅导不了。我们家庭条件有限,也没给孩子报校外班。暑假时间长,光靠写那点作业不行,担心孩子开学跟不上。希望领导能督促学校把暑期课后服务办好,不要只是看孩子,能安排老师给孩子们答疑、辅导作业,再开展一些读书、体育和科技活动,让孩子假期过得有意义。同时也请继续管好作业量,别让开学后作业又多了。"
BAA38B2690249B8DA7B2BCABA684D5F584FCC62EEBDDEAD6053F3A29E8CF314F,希望暑期课后服务内容更丰富并改善防暑条件,"领导您好,我家孩子在县城一所公办初中上学,家里条件一般,我们两口子都要上班,暑假没法一直陪着。学校这个月办了课后服务,我们也让孩子参加了。可是孩子说基本就是自己写作业、坐着,老师很少辅导,也没有兴趣活动,感觉就是在熬时间。希望政府能督促学校把课后服务做得更实在一些,比如安排老师答疑、组织体育锻炼、阅读、心理辅导这些,让孩子学点东西,也能放松。另外天气太热,教室里只有几个风扇,孩子回来总说热得难受,希望学校能改善防暑降温条件,至少保证饮水。我们经济不宽裕,课后服务收费希望能考虑减免或者明确标准,别增加负担。谢谢领导关心。"
90A9C90DB63E0C5F27C0E0DAEC16525004FEACAF21EF56E39E24474951B22664,关于初中学校课后服务质量的诉求,"我家孩子在西部城镇一所公办初中上学,我们夫妻都要上班,家里经济条件一般,也没能力给孩子报校外辅导班。这个暑假学校提供了课后服务,孩子报名参加了,确实帮我们解决了看管难题。但我们也有顾虑,课后服务不能只是把孩子关在教室里,特别是初中生容易受周围环境影响,我们最担心孩子学会抽烟喝酒、攀比面子这些不良习气。希望领导能督促学校把课后服务做实做细,安排作业辅导、阅读、体育活动和心理疏导,而不是简单看管。像我们这样父母文化不高的家庭,自己辅导不了孩子,又盼着孩子以后能考上本科,所以特别需要学校在课后服务里多给学业上的指导。同时,现在校外学科培训少了,我们也不知道哪里能找到可靠的学习支持,希望课后服务能成为普通家庭真正用得上的渠道,让孩子暑假过得安全又有收获。"
BC38E07935DE0D83E0793C8198CA6ED096C031745255C3FB0E0428A3110FA909,关于提升公办初中课后服务质量的建议,"领导您好。我是西部城镇一名初中生家长,家庭经济条件一般,家长文化水平有限,孩子目前就读公办非重点初中,本学期参加了学校课后服务。政策规定课后服务应自愿参加、内容多样,但作为家长,我们很关心课后服务的实际质量。初中阶段孩子心理变化大,我们文化水平有限,无法给予专业引导,家庭经济也无力承担额外辅导。希望领导能关注公办学校课后服务的内容和质量,督促学校引入专业心理辅导资源,丰富体育、艺术、阅读等活动,让孩子课后时间得到有效利用,减轻家长负担。同时,希望继续加强作业管理,确保孩子有充足的睡眠和自主发展时间。谢谢领导关心。"
B9948282F87D963290A3259EB52CC4A5A0ECB900E438AB374F809414D00641E0,关于初中生暑假书面作业负担过重的反映,"领导好,我家孩子是名初中生,在公办学校就读。这个暑假,孩子每天都有大量书面作业,经常要写很久,明显超过了规定的90分钟。我们家长文化水平不高,辅导起来很吃力,孩子也睡不好、没时间锻炼。听说现在要求学校统筹作业总量、提高作业质量,还要求加强校内指导,但感觉我们这里落实得不够。希望有关部门能督促学校合理布置假期作业,控制总量和时长,别让孩子整天埋头写作业。开学后也希望能提供更有效的课后服务,帮我们减轻辅导压力。谢谢。"
27E666AA903621AB1E82E482A7303B8B102654A34507B78FAC7AA50E4B1453CD,关于初中生作业负担和课后服务的求助,"领导好,我是一名初中生家长,家里经济条件还可以,但我自己文化程度不高,辅导孩子作业越来越吃力。这个月发现孩子的书面作业情况跟现在规定的初中生作业时长不太符合,我们担心作业量偏大,影响孩子休息。孩子就读的是公办普通学校,离家近,希望学校能真正统筹好作业总量,减少机械重复作业,并利用课后服务时间安排老师指导孩子在校完成大部分作业,这样我们家长压力小一点。另外,现在校外学科培训管得严,但市场上还是有一些隐蔽补课,我们担心别的孩子补了我们不补会落后,希望领导能关注一下,加强监管,维护公平。"
AD90E1FB953D970C7AA37CE78564DF561D1A914768AE899FCF50DC93C0FDB287,关于督促学校落实作业减负和课后服务的请求,"领导好。我家孩子在东部城镇一所公办初中就读,不是重点学校,离家近,孩子平时睡眠还算充足。马上要开学了,作为家长我们心里不踏实。这个月孩子书面作业完成情况没有达到初中生每天不超过90分钟的规定,虽然暑假情况特殊,但我们也怕开学后作业还是控制不住。我们夫妻文化水平不高,辅导不了多少,只能指望学校。听说现在要求学校统筹作业、加强课后服务,也规范校外培训,希望这些好政策能真正落到我们这样的普通学校。我们不想被老师暗示去家里补课,也不想课后服务变成集体补课或强制参加。希望区里能管一管,让学校把作业量控制住,课后服务自愿、多样,让孩子能有时间休息,我们也能安心上班。谢谢领导。"
F7CCBA9E8A3DF6151FB255FB1821C1CBAD7A85CD88055D6E47C0DE1DEDE50D33,关于初中生书面作业时长合规问题的反映,"领导您好,我是一名初中生家长。最近了解到孩子书面作业情况似乎不符合规定时长,心里很着急。我们家庭条件还行,但文化程度不高,辅导孩子作业比较吃力。孩子现在正是长身体的时候,我们希望他能睡够、学得轻松些。政策也要求学校控制作业量,可我们担心开学后作业还是那么多,孩子压力大。希望领导能重视,让学校真正落实作业管理,同时把课后服务做好,让孩子在学校就能完成大部分作业,我们家长也能安心。拜托了。"
6661BA7A97834E62599FF6D060652040FB57D7C39B3E87B8DED39423D72749D3,关于提升初中课后服务学业辅导质量的诉求,"我家孩子上初中,不是毕业班,我们住在镇上,家庭条件还可以,但我和孩子爸爸文化程度都不高,辅导功课很吃力。现在学科培训班基本找不到了,孩子每天作业确实不算多,也能早睡,但我们心里不踏实,担心这样下去考不上好高中、上不了大学。学校课后服务我们让孩子参加了,但孩子说主要是自己写作业或活动,遇到不会的题也不一定能问到老师。我们理解政策是减负,但也希望减负不减质,像我们这样家长辅导不了、又没条件请家教的家庭,特别需要学校在课后服务里多安排一些学科答疑和学习方法指导。希望领导能关注一下,督促学校把课后服务的内容做得更实在一些,让我们家长放心。"
06D54F72F539E1BC4C6AEFF85B85B53B9A322A0C4300DF13314F012DA429FAD6,关于提升学校课后服务质量与内容多样性的建议,"领导您好,我是一名初中学生的家长。孩子就读公办初中,目前参加了学校的课后服务,每周五天都有。政策要求课后服务内容多样、自愿参加,我们很支持。但作为家长,我们担心课后服务会不会只是简单看管写作业,缺乏有效的学习指导和兴趣拓展。我们家经济条件尚可,但我自己文化程度不高,没法辅导孩子功课,也没有给孩子报过学科培训班。现在外面学科培训少了,我们更希望学校的课后服务能真正帮孩子提升学习能力,比如有老师答疑解惑、开展阅读、科技、体育等活动,而不是把时间混过去。另外,作业虽然总体在90分钟内,但希望学校能更注重作业设计质量,避免机械重复,让孩子学得扎实。恳请领导关注学校课后服务的实际开展情况,督促学校把好事办好,让家长放心。"
705C09C182B5428FB38FB3C42A1AB65C7C357993D0B6E3D8D14F38706E17D670,关于提升非重点学校课后服务质量的诉求,"我是一名初中学生家长,孩子就读公办非重点学校,离家不远。我自己文化水平不高,辅导孩子功课比较吃力,家里经济条件尚可,但校外学科培训现在收缩得很明显,我们更指望学校课后服务能帮孩子全面发展。最近孩子已经参加学校课后服务,书面作业目前看基本在合理时间内能完成,这一点我们比较认可。可我不太放心的是,学校不是重点校,资源本来就有限,课后服务虽然时间上每天都有,质量能不能跟上说不准。我担心最后变成单纯看管或者集中写作业,甚至打着素质拓展名义上学科类内容,反而增加负担。希望领导能督促学校把课后服务的课程设计、师资保障和自愿选择落实到位,多一些体育、艺术、科技等真正多样的活动,让我们这种家长辅导能力不足的家庭也能安心。"
1EFEC30C8A18AA1F67F51237CBD7700EAD34615677FF77C74BDA7FF8CFBA00CC,关于提升学校课后服务质量助力家庭教育的诉求,"领导您好,我是东部某城镇一名初中学生家长,孩子就读公办学校,非毕业年级。我家经济条件尚可,但我和家人文化程度不高,辅导孩子功课能力有限。本学期孩子参加了学校课后服务,家庭作业量也符合规定,我们很感激。但我们担心课后服务的内容和质量是否真正能帮助孩子,尤其现在校外学科培训大幅减少,我们本来也没给孩子报过班,学校的课后服务成了孩子课后学习的重要依靠。希望政府能进一步督促学校把课后服务做实做好,增加作业辅导和素质拓展,保障师资和经费,真正自愿参加,让我们这样家长文化不高的家庭也能放心。"
6ED58158CFF7B503F06555C2050D76276D58D3C34A433AA8A6B529CD5BCD2883,关于初中学校课后服务质量的建议,"领导好。我家孩子在公办初中上学,不是毕业年级。这个暑假孩子参加了学校组织的课后服务,解决了我们照看孩子的难题。这个月孩子的书面作业时间符合规定,没有出现写到很晚的情况,这点我们比较满意。但我们家长文化程度不高,辅导不了功课,以前也没给孩子报过学科培训班,现在外面的培训班也少了,所以对学校的课后服务能不能真正帮助孩子提高学业特别在意。目前感觉课后服务更多是看管孩子完成作业,老师有针对性的讲解和个别辅导不多,活动内容也比较单一,孩子回家后我们不太清楚他具体学得怎么样。希望领导能督促学校加强课后服务中的作业辅导和学习方法指导,适当增加一些拓展性内容,不要只是让孩子自己写作业。也希望政府继续保障课后服务的师资和经费,让老师有精力认真辅导。孩子以后想考大学,现在基础打不牢,我们心里很着急。"
F6025E42EB65B776BE5CF42BF48FBA370A97C55E0BF2F5EC0C02A585CA6C9594,关于提升初中课后服务质量与作业指导的诉求,"领导您好。我是初中学生家长。孩子目前在学校参加课后服务,书面作业时间也控制在规定范围内,我们很感谢政策。但我和家人文化程度不高,辅导初中课程越来越吃力,以前没给孩子报过学科培训班,现在校外培训也很少,更担心孩子学业跟不上。学校是普通公办学校,资源本来就一般,课后服务虽然每天两个小时,但我们担心实际内容只是看管或写作业,缺少兴趣活动和有针对性的指导。我们也担心个别老师会不会借着课后服务或者私下联系,变相让孩子补课,家长又不敢得罪。希望领导能关注普通学校课后服务的实际质量,督促学校丰富活动内容,加强作业辅导,同时严格管理师德师风,让课后服务真正让孩子受益。"
DB4996766C6E0CA1CB3CCCB58B8507E29523A9362E711DAED13FF6FA4C3E7C92,关于提升初中学校课后服务学业辅导质量的诉求,"领导好。我是东部某城镇的一名初中生家长。孩子目前上初中,不是毕业年级,暑假后还要继续在本校读。我们家庭经济条件尚可,但我和家人学历不高,初中以后的知识辅导不了。孩子平时睡眠充足,作业量也在规定范围内,这一点我们满意。现在孩子每天都参加学校的课后服务,但我们观察和担心,课后服务时间比较长,但老师主要是在维持纪律、看着写作业,很少能针对孩子不会的题目单独讲解。初中科目变多、难度加大,尤其数学、英语,孩子有时作业里遇到难题,回家我们也没办法。现在外面学科类培训管理很严,很多机构不办了或者转型,我们也不想找地下补课,但正规的补习渠道很少。我们怕这样下去,孩子的问题越积越多,影响后面考大学。希望领导能督促学校把课后服务真正用起来,加强作业辅导和学科答疑,安排足够师资,最好能根据学生情况分层指导,保障课后服务经费和老师补贴,别让课后服务变成单纯看管。也请关注有没有老师借课后服务或私下暗示学生去指定地方补课的情况,我们家长有时候不敢得罪老师,只能在这里反映。谢谢领导。"
7EA3A4CE14C812B94C73B616E715448175946456293DBB85C73DCEC6E023E008,关于提升初中课后服务质量保障学生学业的诉求,"各位领导好,我是一名初中学生的家长。孩子就读公办初中,不是重点学校,但离家近。我们家庭经济条件还可以,但我和孩子妈妈文化程度不高,初中毕业,辅导不了孩子功课。现在国家规范校外培训,我们支持,但也担心孩子学习跟不上。这个暑假孩子参加了学校的课后服务,但我们不太清楚具体内容有没有真正帮到孩子。马上要开学了,希望领导能重视初中课后服务的质量,督促学校把课后服务做实,安排老师认真答疑辅导,特别是作业指导和学科弱项帮助,让我们这些文化不高的家长能放心。同时请继续抓好作业管理,不要超过规定时间,保证孩子睡眠。谢谢领导。"
24376444F97A4BE2A8CA67B32781BB31C8D045DDBE2A210DE39CD2F7674BF94E,希望课后服务能真正帮到辅导不了孩子的家庭,"我家孩子上初中,学校不是重点,我们家长文化水平不高,辅导作业很吃力。孩子这个月参加了学校课后服务,我们很支持,但也担心课后服务只是看管,没有真正进行作业辅导和学业指导。现在书面作业时间虽然还在规定范围内,但暑假结束开学后学习任务会加重,我们怕孩子跟不上。希望政府能督促学校把课后服务做实,针对我们这种家长辅导能力弱的家庭,加强作业答疑和学习方法指导,让孩子在学校就能解决作业问题,回家能早点休息,也避免因没人辅导落下学业。另外希望课后服务内容能更丰富一些,不要流于形式。"
0103C2BA10FC0D78677555714F0051A5DF7845192882D4315BD4E04ACEF7F2E0,关于加强公办初中课后服务管理与防止变相补课的诉求,"领导好,我是东部城镇一名初中生家长。孩子现在每天参加学校的课后服务,书面作业时间也符合规定,平时睡眠比较足,我们没给孩子报过校外学科培训班。我们家庭条件还可以,但我和孩子爸爸读书不多,辅导不了初中功课,就指望学校能把课后服务做好。现在校外培训管得严,我们更担心学校课后服务只是看孩子写作业,没有真正辅导,孩子成绩上不去。以前就听身边家长说过有老师会暗示孩子去家里补课,我们怕得罪老师,不敢多问。希望领导关注公办初中课后服务的质量,加强监督检查,保障课后服务有老师认真辅导,不要变成变相补课或者只是耗时间,让我们普通家庭的孩子也能公平地学好,将来能考上本科。谢谢。"
B333F1054EC14BA7ACECB0FD7CB4F80D1620207503C4282B86799D827F17DA1C,关于提升初中学校课后服务质量的建议,"领导您好,我是一名初中生家长。孩子目前在公办学校就读,暑假期间也参加了学校提供的课后服务。学校按制度要求每周五天、每天至少两小时,但作为家长,我们更关心服务的实际内容和质量。我们家经济条件尚可,但家长自身文化程度不高,难以辅导孩子,所以特别希望课后服务能真正帮助孩子巩固学业、拓展兴趣,而不是简单看管。同时,我们身边曾听说过个别教师以前利用职务之便诱导学生补课的情况,虽然我们家孩子没有遇到,但仍担心课后服务会不会成为变相补课的渠道。希望领导能重视课后服务的规范管理,加强师资保障和内容设计,确保自愿参加、内容多样,让家长放心,也让孩子在假期里既能学习又能休息好。谢谢。"
AC886442A7ADE76C693B8A9B8796B8256BFDD77EF4C53E5E4C074C9475E2945F,关于丰富课后服务内容、加强学业辅导的建议,"领导您好,我是东部某城镇一名初中生家长。孩子目前在公办学校就读,这个月也参加了学校提供的课后服务。作为家长,我们文化程度不高,辅导孩子学习越来越吃力。现在校外学科类培训少了,我们更盼着学校的课后服务能真正帮到孩子。政策要求课后服务内容多样、老师加强作业指导,但我们有点担心实际落实效果。希望政府能多关注我们这类家庭,督促学校把课后服务做得更实,不光看管,还能有作业辅导、学习方法指导和兴趣活动,并保障好老师的投入和经费。让孩子在校内就能获得足够支持,我们也能安心工作。谢谢!"
7084E12B8EACE431722245EB59B8976E8268CC19248CE534B33A6F8DDA523CC9,希望加强学校课后服务的学业辅导质量,"领导好,我是初中孩子的家长。我们夫妻文化不高,辅导不了孩子功课,但希望他将来能考大学。现在孩子在学校参加课后服务,时间是有,但担心只是看管,没有真正的学业指导。现在校外培训班也少了,我们想花钱找辅导也不容易。希望政府能多关注我们这种普通公办学校,把课后服务抓好,安排老师答疑、辅导作业,最好针对薄弱科目有些帮助,别让课后服务流于形式。我们支持政策,也愿意配合学校,只是希望孩子在校内能真正学到东西。"
1D5EB4691CAE8FF5CC40761898CC552893709C255B1A91296ABE99B8AF2C63D3,关于提升初中课后服务质量的建议,"领导您好。我家孩子在公办初中读非毕业年级,我们夫妻文化程度不高,辅导孩子功课很吃力。孩子以前没参加过学科类培训班,现在外面的学科培训也很难找,所以对学校课后服务特别依赖。孩子这个月参加了学校课后服务,作业量也符合规定,睡眠也够,但我们担心课后服务偏向看管,缺少作业辅导和学习方法指导,长期下去成绩上不去,考本科的愿望可能落空。希望领导能督促学校把课后服务做得更实在,加强学业辅导和答疑,让文化不高的家长能安心。谢谢。"
E47AD04600701AF9E84D1258B4F2F2AA42A3898BB776989C0BF57DA3B83611BB,希望课后服务能真正帮助孩子学习,"领导好,我是初中学生家长,孩子在公办非重点学校读书,家庭条件还行但家长文化不高。这个暑假孩子参加了学校课后服务,每天两小时左右。我们很感谢学校能提供托管,但心里还是有点不踏实。现在校外培训少了,我们更指望学校课后服务能给孩子一些有针对性的作业辅导和学习方法指导,而不是光看着孩子。孩子作业量目前是符合规定的,睡眠也够,但我们期望他将来能考上本科,所以希望课后服务能更充实些,比如增加学科答疑、错题讲解。另外,以前也听说过有老师暗示补课的事,我们担心个别老师会不会在课后服务里不认真,或者私下再让孩子去补课。希望领导能督促学校把课后服务做扎实,真正帮孩子提高,也让我们家长放心。"
79C1B5AFAB569DDB3788FA0806A6801CE3EB1146001AE8AB386DEBC616A80250,关于规范学校课后服务防止变相补课的诉求,"我是一名初中生家长,孩子目前参加学校课后服务。我们家庭经济条件尚可,但我文化程度不高,对政策不太懂。最近了解到一些地方存在教师利用课后服务时间变相补课或乱收费的情况,我很担心。希望政府能加强对学校课后服务的监管,明确服务内容、收费标准和自愿原则,确保课后服务真正用于作业辅导、素质拓展等,而不是变成变相补课。同时希望学校能公开相关安排,让我们家长放心。"
4A3399AD88D4048937DB30F81D44DB8E8372208B5FE7E0CA2238D4BC428F2EBF,关于乡村小学作业总量控制与课后服务落实的诉求,"尊敬的领导,您好。我家孩子在本镇公办小学就读,家庭经济条件一般,我们夫妻文化水平有限,辅导作业比较吃力。这个月学校布置的书面作业时间似乎没有按照现行规范控制在60分钟以内,我们很担心孩子睡眠和身体受影响。希望领导能督促学校严格执行作业管理规定,统筹各科作业量,提高作业设计质量,并利用课后服务时间加强校内作业指导,让孩子尽量在学校完成书面作业。同时,也希望课后服务能真正自愿参加、内容丰富,减轻我们农村家长的经济和辅导负担,避免家长被迫转向校外培训。"
653761E09ACBBF63E39CA408D39A56C96E7BE6F50C0CB2B0CA1332B034726CCD,希望学校开学后严格落实作业时长并加强课后服务,"领导您好,我是乡村小学一名孩子的家长。这个月孩子书面作业完成情况没有达到规定的一个小时以内的要求,我们家长文化程度有限,辅导起来很吃力,也担心这样下去会影响孩子休息和身体。马上要开学了,听说现在有要求学校统筹作业总量、加强课后服务,我们特别盼望能真正落到实处。请领导帮忙督促学校在开学后严格把每天书面作业控制在规定时间内,尽量让孩子在学校课后服务时完成作业,老师能当面指导。这样孩子回家后能早点休息,我们家长省心不少。谢谢领导。"
C7A36BCC976620889380CD7EB4B7284E47CE0FA706ECEFC3743B95CF316B15F1,关于暑假书面作业时长超标的反映与建议,"我家孩子在乡村公办小学读书,这个月完成书面作业的时间超过了规定的一个小时上限。我们家长文化水平不高,没法给孩子辅导,孩子做作业要花很长时间,睡觉时间都变少了。以前也见过同地区有家长反映作业写到晚上十点,现在自己家也遇到类似情况,心里很着急。现在政策要求学校统筹作业总量、加强校内作业指导,希望领导能督促学校合理设计暑假作业,别让书面作业超量,保证孩子有足够的睡眠和活动时间。另外,我们家经济条件一般,没报过学科培训班,如果学校不加强指导,孩子学习很吃力。希望开学后课后服务能真正让孩子在学校把作业做完,老师多辅导一下,减轻我们农村家长的负担。"
ACF20593D36613FDD84F5C645E6D12EA66C84FDDA6B7065F4BAC32BAE62BF201,关于督促乡村小学落实作业减负和课后服务的请求,"领导您好,我是一名乡村小学生的家长。孩子就读于本地一所公办小学,我们家长文化程度不高,家庭经济条件也一般,辅导孩子作业确实有困难。这个月孩子的书面作业情况还没有达到规定的不超过60分钟的要求,我们很担心作业负担会影响孩子的休息和学习兴趣,也让我们家长感到焦虑。现在国家提倡课后服务,希望学校能真正利用好课后时间,安排老师辅导孩子在校完成作业,同时开展一些文体活动,这样孩子回家可以轻松一些,我们家长也能安心。恳请领导督促教育部门加强对学校的监督检查,确保作业量真正降下来,让好的政策落实到我们这样的普通家庭。谢谢领导。"
8E64ABBCB15F9EB0319047CB533A6CE65323524F3A8BF95F5F72F828C2C5544B,希望加强乡村小学课后服务的内容和质量,"我家孩子在村里公办小学读书,这学期参加了学校课后服务,我们很感谢有这个安排。我们家里条件一般,大人文化也不高,没法给孩子报外面的兴趣班。现在学科培训少了,我们担心孩子除了课本知识,其他方面发展不够。希望领导能多关注乡村学校的课后服务,不要只是看管写作业,多增加一些体育、艺术、科学小实验等内容,让孩子在学校就能接触到更多东西。另外,课后服务老师也很辛苦,希望能有足够的师资和经费保障,让服务能长期坚持下去。我们支持政策,也盼望政策在乡村真正落实。"
38CDF284855BE418F0EBE76CCBD8B4C5E080A084C1A7654B5B3D7F6EB3CD9251,关于提高乡村学校课后服务质量的求助,"领导您好,我是村里一名小学生的家长。孩子现在参加学校课后服务,作业时间倒是符合规定,但我们心里还是不踏实。我和孩子妈妈文化程度不高,家里经济条件也一般,以前没给孩子报过校外辅导班,现在校外培训班少了,学校课后服务就成了我们最大的指望。可是乡村学校条件有限,课后服务有时候只是把孩子集中看管,老师很少真正辅导作业,更谈不上兴趣活动。孩子有些题不会做,回家我们也不会教,时间一长怕落下更多。希望领导能督促学校把课后服务做实,安排老师认真答疑辅导,适当增加一些体育活动、阅读指导,别让农村孩子只能干坐着等放学。我们也知道老师辛苦,但孩子成长耽误不起。恳请政府多支持乡村学校课后服务的师资和经费,让我们家长能安心。"
ED3E607D924A8A62F1C010BB213F1B64475B3EA2E8530206C934A1C6703A5023,关于开学后课后服务作业辅导的诉求,"领导您好,我是乡村小学一名家长。孩子这学期参加了学校课后服务,目前作业时间符合规定,我们很感激。但很快要开学了,我们有些担心。我们两口子文化水平不高,辅导孩子作业很吃力。以前也听说过有的学校作业留得多,孩子写到很晚,怕自己孩子也遇到。希望领导能督促学校把课后服务真正利用好,让老师在这段时间多指导孩子完成作业,不要只是看管,尽量让孩子在学校把作业做完,回家能早点休息。这样我们家长也放心。谢谢。"
1B5859957B44B7FCBD6C350D0DD17DFF9F3B5475BE5D90D0DDD1BC6FEF58D2E9,关于提升乡村小学课后服务作业辅导质量的建议,"领导好,我是东部农村一名小学生家长。孩子现在读小学,家里条件一般,我和爱人文化水平不高,辅导作业很吃力。现在学校提供课后服务,孩子也参加了,但我们不太清楚这两小时具体做什么,担心只是看管,没有真正辅导作业或开展活动。我们农村学校资源有限,希望政府能加强指导监督,让课后服务把作业辅导做实,再适当安排阅读、体育等,既减轻家长负担,又让孩子学得扎实。开学后也请继续关注作业总量,避免出现写作业到很晚的情况。谢谢。"
4717B0C6820DE78E03DB5F8E9FF3764116ED025CC0CB2B5E893F9D43D9910584,关于提升农村小学课后服务质量的建议,"领导您好,我是农村一名小学生的家长。孩子现在参加学校的课后服务,暑假期间也参加了学校组织的托管。我们家经济条件一般,我和孩子妈妈文化程度不高,辅导孩子学习有些吃力。现在校外学科培训减少了,我们很支持,但也担心孩子学业上遇到困难没人帮。希望政府能多关注农村学校的课后服务,保障好师资和经费,让课后服务不只是看管孩子,还能有作业辅导和兴趣活动,真正帮我们这样的家庭解决实际困难。"
C30093AF16BB5E783E35769519518196242E1A1184147184F68DD8869494B193,关于农村小学暑期课后服务辅导质量的期盼,"领导您好。我是一名农村小学的家长,孩子今年暑假参加了学校的课后服务,我们很感激有这个去处。家里经济条件一般,我们文化程度也不高,辅导作业很吃力。现在外面学科培训班明显少了,我们也没有条件找别的辅导,学校课后服务就成了最要紧的依靠。但我担心目前课后服务更多是照看孩子,真正指导作业、讲难题的时间不够,活动也比较单一。以前总听身边家长说孩子作业写到很晚,所以我们对作业辅导这块特别在意。暑假还剩半个多月,希望课后服务不要断档,也盼着开学后学校能继续把课后服务做扎实,让老师有时间陪孩子写作业、答疑,安排一些阅读和体育活动。农村资源少,课后服务是我们最现实的指望,请领导多关心乡镇小学的课后服务质量和经费保障。"
E206CD5972EB28D1FF15C0135879E471157E85E8FB61068644619430FF75D212,请让农村学校课后服务真正帮到孩子,"领导好,我是咱东部农村一名小学生的家长。我们两口子文化不高,辅导孩子作业越来越吃力,家里经济条件也一般,没法给孩子报外面的辅导班,所以学校课后服务对我们特别重要。这个月孩子在学校参加课后服务,但我们有点担心:课后服务会不会只是把孩子集中起来看管,作业有没有老师真正指导,能不能安排一些适合农村孩子的兴趣活动?以前总听人说孩子作业写到很晚,现在有了作业时长规定,我们担心开学后能不能一直坚持住,又变成负担。恳请领导督促学校把课后服务做实,真正统筹好作业量,让我们农村孩子也能享受公平、有质量的教育。谢谢。"
F396F16B0DB808AA84C5046C6003C5E9DF84B4B3CD9DC46CCC5E5508F0E54E89,关于农村小学课后服务加强学业辅导的请求,"领导您好。我是一名农村小学生的家长,家里经济条件一般,我们大人文化水平不高,辅导孩子作业很吃力。现在学校有课后服务,孩子也参加了,但我们有些担心:农村学校师资有限,课后服务可能更多是看管,对孩子的作业辅导和学习帮助不够。我们希望政府能督促学校把课后服务真正办好,增加老师辅导作业的时间,安排一些阅读、体育、兴趣类内容,让孩子在学校就能把作业完成,遇到不会的有人教。同时,也请继续关注作业量问题,开学后别让作业负担反弹,影响孩子休息。谢谢。"
BA2E519AB4FC36E4D58D20077BF738E5119D3CC44A1068F99287AF9A20AABF45,关于提升农村小学课后服务质量的建议,"领导好,我是一名农村小学生的家长。孩子暑假参加了学校的课后服务,我们经济条件一般,文化程度也不高,以前没报过外面的学科培训班,现在学科类培训班少了,我们更指望学校课后服务能帮孩子把基础打好。孩子作业时间虽然按规定不算长,但我辅导不了,担心他学习跟不上。希望政府能多支持农村学校的课后服务,安排有经验的老师辅导作业,再增加些阅读、体育、科学小实验等内容,别只是看着孩子写作业。这样我们家长负担轻一些,孩子也能学得扎实,将来有希望考上大学。"
2CA46BED5DA019610D88A79EA3272B9F4AEA0D6BD5201228E00897C250C00CBF,关于农村小学暑期课后服务内容的期盼,"领导您好,我是村里一名小学生的家长。孩子这个月在学校参加课后服务,我们家长文化不高,平时辅导作业很吃力,农忙时也顾不上,本来很感谢学校有这个安排。可我们心里没底,担心每天这两个小时只是把孩子聚在教室,没有老师真正指导作业,也没有像样的活动。以前放学早,我们最怕孩子作业不会写,现在学科补习班少了也贵,学校课后服务要是能实实在在辅导孩子完成作业、带他们读读书、做做运动,我们家长就踏实了。农村学校条件有限,老师也辛苦,但还是希望上级能多支持农村学校的课后服务,让自愿参加的孩子真正受益,别让好政策停在纸面上。"
BDFADE4E6DF7E9CE2453B8C7680B46B13F8AE6EA0B6752577A7C61ACE0944491,希望农村小学课后服务能持续做好作业辅导和兴趣活动,"领导好,我是一名农村小学生的家长。孩子这个月参加了学校的课后服务,我们家长文化水平不高,辅导作业有困难,学校能提供这段时间我们很感激。但暑假快结束了,我们担心开学后课后服务会不会因为农村学校老师少、经费不足就缩水,特别是作业辅导能不能有老师真正指导,而不是只让孩子自己写。我们家庭经济条件一般,校外培训负担不起,希望课后服务能提供一些兴趣活动,让孩子在学校就能得到发展,也减轻我们接送的负担。请求领导关注农村学校的课后服务保障,让这个好事情能稳定坚持下去。"
D7EDD58F541004DFED30DE130F8CAB5B4A7CB2FAE5364EAC722C21DB408A34D2,关于乡村小学课后服务增加作业辅导的诉求,"领导您好,我是东部乡村一名小学生的家长。我家经济条件一般,我们夫妻文化水平不高,辅导孩子功课很吃力。现在孩子放学后参加了学校的课后服务,我们知道政策要求课后服务要有作业辅导和丰富内容,但不太清楚实际落实情况,也担心课后服务只是看管孩子,没有真正辅导作业、讲解难题。孩子作业量虽然符合规定,但我们怕作业太少、辅导不够,影响将来考大学。希望政府能加强对乡村学校课后服务质量的监督,增加老师辅导作业的时间,让家庭条件一般的孩子也能得到足够的学习支持,别因为家长没能力辅导而掉队。"
4B64FBD1A969D78D4EAC1FE8557F4BAF4AAEE1878D3D554052E4E4745DDB201F,关于提升农村学校课后服务质量的诉求,"领导好,我是村里一名小学生的家长。我们家经济条件一般,我和孩子妈文化水平也不高,辅导作业越来越吃力。现在孩子暑假期间参加了学校的课后服务,学校也按要求每天提供两个小时,但感觉内容比较单一,很多时候就是自己写作业或自由活动,老师指导有限。我们村学校不是重点,师资和经费可能跟不上,但像我们这样的家庭,没能力报外面的班,就指望学校课后服务能真正帮孩子把作业弄懂、把基础打牢。希望政府能多关注农村学校的课后服务,督促学校加强作业辅导和学业指导,丰富一些阅读、体育、兴趣活动,别让课后服务只是看管。另外也请继续管好校外培训,别让隐形补课又冒出来,加重我们负担。我们希望孩子能靠学校学扎实,将来考上本科,走出农村。"
B1A65291BA17D3E42F1AAF659F0F8191ED99A6A15089EE996FB8F7F804C4F4A0,希望农村学校课后服务能真正辅导作业减轻家长负担,"领导好,我是东部农村一名小学生的家长。我和家人文化程度不高,辅导孩子作业很吃力。今年暑假,学校提供了课后服务,孩子也参加了,我们很感激,解决了看护难题。但我们心里也有担忧:农村学校条件有限,课后服务会不会只是把孩子集中看管,没有真正安排老师指导写作业、开展阅读和体育活动?我们家经济条件一般,没有能力给孩子报外面的辅导班,非常希望学校能在课后服务时间里,帮助孩子把书面作业尽量在校完成,回家后能早点休息,也能和家里人说说话。现在有规定要求学校统筹作业总量、加强校内作业指导,恳请领导多关注农村学校的落实情况,在师资和经费上给予保障,别让好政策停在纸上。这样我们家长能更安心,孩子也能健康成长。"
4A2B7502DA20E8D9E94B2D0F80C9174886C2C6902891C7F8883BF0673ACFBDCA,关于农村小学课后服务辅导质量的诉求,"领导好,我是农村小学孩子的家长,文化程度不高,家里经济条件也一般。这个暑假学校有课后服务,孩子也参加了,我们很需要。现在校外学科培训班很少了,我们也没条件送,学校课后服务成了主要依靠。但我有些担心:课后服务制度上说是每天至少两小时,实际内容能不能有老师辅导作业、带着阅读和活动?开学后课后服务能不能坚持,特别是我们农村学校老师少,经费有限,如果只是看管,作业辅导跟不上,我们家长自己又辅导不了,孩子学习会落下。另外,以前听说过有孩子作业写到很晚,现在虽然作业时间看着合规,但希望领导继续督促学校控制好作业量。恳请领导重视农村学校课后服务的师资和经费保障,让课后服务真正解决我们这样的家庭的实际困难。"
DF5CBD1B3578E12D1C3CC17FC2788A073663453446B5E0734421F4D172FF8CD8,关于改善农村小学课后服务作业辅导的建议,"领导好,我是一名农村小学生的家长。孩子现在上小学,家里条件一般,我们两口子文化不高,辅导作业很吃力。这个暑假孩子参加了学校的课后服务,每天时间是够了,但我们更关心内容实不实在,能不能有老师真正辅导孩子写作业、讲不会的题。我们这里校外培训班很少了,我们也没条件请家教,只能指望学校。希望领导能关注农村学校课后服务,督促学校增加作业辅导和答疑,配好老师,别让孩子的问题带回家。马上要开学了,也希望开学后能继续有实实在在的课后服务。"
944283128CCD5C10368B30FE162FB302D0A29A476B5E7E2107DEA03A97D63FEA,关于小学低年级书面家庭作业负担的反映,"尊敬的领导,我是中部某城镇的一名小学生家长。我家孩子正在上小学,按年级规定,原则上不该布置书面家庭作业。但这个月我注意到孩子仍有书面作业要写,和我们理解的规范不太相符。我们家长文化程度不高,辅导起来很吃力,家里经济条件也一般,以前没让孩子上过学科培训班。听说现在对学校作业管理有明确要求,希望能督促学校真正落实,加强校内指导,别把作业都推给家长。同时也希望学校的课后服务能切实开展,让孩子在校完成练习,而不是变相增加负担。请领导帮我们反映和解决。"
803E8EABD82A72519E8AF256220BE98A702C7A26034079AF6C3A6FDF126CF1C2,关于小学暑假书面作业过多影响孩子休息的反映,"我家孩子现在上小学,这个年级按规定是不应该布置书面家庭作业的。但这个暑假孩子需要完成的书面内容明显超出了规定要求,我们家长文化水平有限,辅导起来很吃力,孩子休息也受影响。我们一直担心学校条件有限、老师不太稳定,作业管理会不会落实不到位。希望领导帮忙核查这些作业的来源和合理性,如果是学校违规布置,请督促纠正。开学后也请重视作业总量和课后服务,不要让孩子在学校待得更久、负担更重,更不要把课后服务变成变相补课。我们经济条件不好,怕被校外培训宣传吸引去交钱,也希望有关部门加强监管。"
6B2B4EE6AFDC89D8ADE87CDDE118E70B3CEFB176AA81455446BC1AE577FF4BAF,关于孩子暑假书面作业负担和学校课后服务的诉求,"领导您好,我是一名小学生家长,家在咱们中部一个普通城镇。孩子目前上小学,家庭经济条件一般,我和爱人文化程度也不高,辅导作业很吃力。这个暑假,孩子每天都有不少书面作业,一坐就是挺长时间,这和孩子所在年级原本不布置书面家庭作业的要求明显对不上。我们不清楚具体是学校统一布置还是其他原因,但作为家长看着很着急,既怕孩子眼睛和身体吃不消,也怕开学后还是这样。我们这里以前一些学校班级人数多、老师更换频繁,家长们对学校能不能管好作业、教好孩子心里没底。现在听说上面要求学校严格控制书面作业总量,加强校内作业指导,还要求课后服务自愿参加、内容多样。我们非常希望新学期学校能真正把这些要求落实下来,让孩子在学校把作业基本完成,回家能早点睡觉,也能有点时间活动。我们家没有能力给孩子报校外辅导班,就指望着学校能把课后服务做好,有老师认真指导,这样我们也放心。恳请领导关注我们这边小学的作业管理和课后服务情况,督促学校严格执行规定,别让书面作业又回到老样子。谢谢。"
35CF2326264340A7D44FC70F9DA7C23CB21FB9F41307C40C9995415A4DFDACD2,关于小学生书面作业负担的诉求,"我是一名小学生家长,孩子就读于我们这边一所公办小学,不是毕业班。最近放暑假,我发现孩子还有书面作业,但按照之前的规定,这个年级原则上是不布置书面家庭作业的,这让我有些担心。我也听说了现在要求学校统筹作业总量、加强校内指导,但不知道学校是不是真的能落实。我们家条件一般,家长文化也不高,辅导孩子作业很吃力,孩子还小,我们希望他能有足够睡眠和休息。请领导帮忙督促学校认真核查作业管理,开学后也要严格执行,别让书面作业又悄悄加回来。另外,我们这边小学老师负担听说比较重,也请多关注,避免老师压力大把任务转嫁到作业上。谢谢领导。"
EA69B3B52EFF9261BDCC42F71A1C5A9602AAD7D0922FD6DFF228847CBC878F83,关于提升小学课后服务质量的诉求,"尊敬的领导:我是一名小学生家长,孩子就读公办小学。这个学期学校提供了课后服务,孩子也参加了。我们家庭条件一般,我和孩子爸爸文化程度不高,辅导不了作业。现在学校按照要求,低年级不布置书面家庭作业,我们担心孩子基础不牢。加上外面培训班少了,我们也没能力报班,所以特别希望学校的课后服务能更实在一些,比如安排老师带着孩子读读书、练练字、做做运动,或者给学习跟不上的孩子补补课,而不是单纯看管。课后服务时间有两个小时,希望中间能让孩子休息一下,注意安全。我们支持学校工作,也希望领导能督促学校把课后服务办好,让我们这样的普通家庭真正受益。"
FE3219A966699862D1F885A6FA2F9C19410C2167294DE7EFD3738701926B7E21,请关注普通小学课后服务质量与师资保障,"各位领导好,我是本地一名小学生家长。家里条件一般,以前也没给孩子报过校外培训班。现在校外学科培训少了,我们更指望学校能把孩子管好教好。这个寒假开学后,孩子继续参加学校的课后服务,每天时间也不短,但我们担心学校不是重点学校,师资和条件有限,课后服务会不会只是把孩子集中看着写作业,没有真正的辅导和活动。我们听过同省有些学校班额太大,孩子挤得没地方坐,老师也不稳定,一年换一个。我们很怕自己孩子也遇到这种情况。希望领导能督促学校落实课后服务要求,加强普通小学的师资配备和经费保障,把班额控制住,让课后服务真正有质量,别让我们家长每天等着接孩子,心里还不踏实。"
BE26B563D47D41C092B3E36C43C41E104A1D5B3EE07DF063E03821137706C2D7,关于提升小学课后服务质量与师资保障的诉求,"领导您好,我家孩子在本地一所公办小学就读,目前参加了学校课后服务。作为家长,我们文化程度不高,家庭经济条件有限,没有能力给孩子报校外辅导班,非常希望孩子在学校能得到有效的作业辅导和兴趣培养。但最近听说一些学校存在班级人数偏多、师资紧张的情况,担心课后服务只是简单看管,内容单一,没有真正帮助孩子提高。希望政府能加大投入,配足配强师资,规范课后服务内容,让孩子在学校学得扎实,减轻我们家长的负担。"
09ED673A763BBB35B2C31F4C2632648364A11F8A94512E00C14337A74F71F91B,关于提升小学课后服务质量的建议,"各位领导好。我家孩子目前就读小学非毕业年级,正在参加学校课后服务。根据现行规定,学校课后服务应当自愿参加、时间衔接、内容多样,并由地方保障师资和经费。但作为家长,我们了解到本地小学师资负荷较高,担心课后服务因师资不足导致内容单一、看管为主,难以满足孩子多样化发展需要。同时家庭经济条件有限,家长文化程度不高,更希望学校能在课后服务中提供作业辅导和素质拓展。希望有关部门能加强课后服务师资配备和经费保障,督促学校丰富活动内容,真正把好事办好。"
A36E550BC9E99BA6433247AAE12BA6ADF92209C9AEB6CAC679C8F8E7B35F84E4,"希望提升学校课后服务学业辅导质量,减轻普通家庭负担","我是本地一名小学生家长,家里经济条件一般,大人文化程度不高,辅导孩子学习很吃力。孩子现在上小学,不是毕业班。这个月孩子参加了学校课后服务,每天到校时间不短,但我们观察到课后服务内容比较单一,大多是看管和自由活动,缺少有针对性的学习辅导。我们知道低年级按规定不留书面家庭作业,但孩子回家后我们也不会教,外面学科培训班又大量减少,我们很担心孩子基础打不牢,影响以后考大学。希望领导能督促学校充分利用课后服务时间,安排老师进行作业指导、知识巩固或开展有益的学习活动,提高课后服务质量。同时,也希望学校能在校内合理设计一些练习,让孩子在学校完成,这样我们家长也能放心,真正减轻我们这种普通家庭的负担。"
AA1C8C89C7554FCEA2B00D47E866F1C011EB872C53CC144BB6E3F5B4B22A6B41,关于提升学校课后服务质量的诉求,"领导您好,我是一名小学生的家长。我们家庭条件一般,我文化程度不高,特别希望孩子能好好学习,将来考上大学。现在学校提供了课后服务,孩子暑假也在参加,我们很感激。但听说以前有些学校老师不够,请代课老师,一年换一个,甚至让六十多岁的老人教低年级,班级人数也多,我们很担心课后服务会不会也这样。我们没能力给孩子报外面的兴趣班,现在校外学科培训也少了,只能指望学校课后服务能真正辅导孩子学习、开展一些有益活动,而不是简单看管。希望领导能重视课后服务的师资配备和内容安排,督促学校把课后服务办好,让孩子们真正受益。"
E7454BBD81D66862DF5C56C7E48C96B7C68725FD89736F00CB6F477D0DB896C3,"担心学校课后服务师资不稳,望领导重视","领导好。我家孩子上小学,家庭条件一般,我们文化程度不高,暑假里孩子参加了学校的课后服务,确实解决了我们照看孩子的难题。但作为家长心里一直不踏实:我们这里学校不是重点,以前也听说过有的学校因为缺少老师,请代课老师一年一换,甚至让年纪很大的老师上课,班级人数多,孩子挤着坐。现在课后服务要求每天两小时,我们担心如果师资不稳定、班额太大,这两小时可能变成单纯看管,孩子得不到有效辅导,反而影响学习习惯。希望领导能重视学校课后服务的师资配备和班级人数,督促学校把课后服务真正办好,让像我们这样没有能力额外辅导、也上不起校外培训的家庭能放心。"
D5ADB308FBF207C8FE25311CC66F72556429EBAC12F5AE884CB6F653627E3C5D,关于提升小学课后服务保障的诉求,"领导您好。我家孩子在某公办小学读小学,家庭条件一般,我和家人文化程度不高,辅导孩子学习比较吃力。这个暑假孩子参加了学校的课后服务,这对我们这样的家庭帮助很大,也让我们少了很多校外培训负担。但我们心里还是有些担心,主要是课后服务能不能一直有足够的老师,内容是不是丰富,能不能真正照管好孩子。我们这一片学校的老师负担重,以前也听说过一些家长反映班级人多、老师换得勤的事,虽然不知道孩子学校具体怎样,但作为家长总是不踏实。希望政府能进一步督促学校把课后服务办好,保证老师配备,丰富活动内容,也考虑我们低经济家庭的实际困难,让课后服务真正成为家长放心的好事。谢谢。"
FA6891CEEAA05170A7DC732BFAB5C2BE189410060EE4195042DDAD9F48CCA7E8,"希望加强学校课后服务内容,减轻家长辅导压力","我是一名小学生的家长。孩子现在小学阶段,按照要求这个年级基本没有书面家庭作业,我们家长文化水平不高,家里经济条件也一般,没法给孩子报外面的兴趣班或辅导班。现在孩子参加了学校的课后服务,但我们担心课后服务主要是看管孩子,缺少有针对性的学习指导和丰富的活动。希望政府能督促学校把课后服务做得更实在一些,比如安排老师指导孩子阅读、练字、做口算,或者开展一些简单的体育、手工活动,让孩子在学校把时间利用起来,也帮我们家长解决辅导难的问题。现在校外学科培训管理严格,很多班都不开了,我们更希望学校能承担起课后教育的责任,让孩子不落后。"
616867D2D423D399E916179CD6DEC2883E92B597954E88457D8C39BE0F4FE03E,关于保障小学课后服务师资和班额质量的诉求,"本人是本省一名城镇小学生家长,家里经济条件一般,文化程度也不高。孩子今年上小学,没有参加校外学科培训,暑假期间学校提供课后服务,孩子每天都参加,原则上不少于两小时。我们本来很欢迎,毕竟自己辅导不了孩子,也负担不起培训班。但孩子学校不是重点学校,资源一般,我一直担心课后服务能不能真正落实。过去听说同省有些学校一个班有九十到一百个学生,孩子挤得没地方坐,还有学校缺少固定老师,一年换一位,甚至请六十多岁的代课老师,孩子的健康和教学质量都让人不放心。我们现在虽然作业量符合规定,低年级也不要求书面作业,但课后服务如果只是简单看管,老师力量不够,班额又大,孩子得不到有效指导,反而浪费时间。恳请领导重视城镇普通小学的课后服务保障,核查学校班额和教师配备,稳定师资,丰富课后服务内容,让孩子安全、健康、有收获,也让我们这样的家庭真正减轻负担。"
D20794BDABB3FF5CAE837AAE217B6D6840DFEFE7BA0E7C3C2575C23D874C48D5,希望加强小学课后服务师资保障和质量监管,"领导您好。我是一名小学生家长,家在城镇,家庭条件一般,文化程度也不高。孩子这个月每天参加学校的课后服务,时间上至少两个小时,书面作业量目前是符合规定的,但我们心里还是不踏实。我们担心课后服务只是把孩子集中看管,缺少稳定和足够的老师辅导。以前周边学校出现过班额过大、老师频繁更换、甚至请代课老师的情况,虽然不清楚现在具体如何,但作为家长很怕同样问题发生。我们学校不是重点学校,师资本来就紧张,如果课后服务流于形式,孩子等于白白耗时间,回家我们也没能力辅导。家里经济条件有限,没上过校外培训班,全都指望学校。希望领导能重视课后服务的实际质量,督促学校配齐师资、保障经费,真正开展作业辅导和有益活动,不要走过场。谢谢。"
1E60EFD2F1F60A58D33A8F6A951243D5C604B76C9D167F98DF8FC622C75FFA52,关于保障小学课后服务质量的请求,"领导您好,我是中部地区某城镇的一名小学生家长。孩子目前就读公办小学,这个月参加了学校的课后服务。我们家庭经济条件不太好,我和孩子父母文化程度也不高,辅导孩子功课很吃力,所以特别依赖学校的课后服务。现在政策要求课后服务内容多样、时间衔接,我们都盼着孩子能在学校把学习基础打牢。但我们从身边和网络上了解到,有些地方课后服务存在师资不足、内容单一的情况,心里很担心我们这边也会这样,孩子白白浪费时间。希望领导能重视这个问题,督促教育部门加强对学校课后服务的检查指导,保障师资和经费,让课后服务真正帮助到像我们这样没条件送孩子去校外培训的家庭。谢谢。"
44EC18AF2695FCD704A2B3CFA9B22F0B54BA1318027753AE0027F781873843F7,关于小学暑期课后服务质量和费用问题的求助,"各位领导好。我家孩子在上小学,家里条件比较困难,我们两口子文化都不高,辅导孩子学习很费劲。现在放暑假,学校提供了课后服务,我们也让孩子参加了,确实解决了白天没人看管的大问题。但心里还是有些担心:一是怕课后服务只是简单看孩子,没有作业辅导和兴趣活动,孩子白白浪费时间;二是听说有些地方课后服务还要另外收费,我们家收入低,怕负担不起。孩子这个年级平时书面作业就很少,暑假在家更没学习氛围,我们特别希望学校课后服务能多安排一些阅读、体育、手工之类的活动,老师能带着孩子学点东西。恳请政府能督促学校把课后服务办好,费用上也能照顾一下我们这样的困难家庭。谢谢。"
12243ADA0017E37FEF3163BFBD2A23444D70E9881E086B063090503683FD2E30,关于保障学校课后服务质量和师资稳定的诉求,"领导好。我家孩子上小学,家里经济条件一般,我们夫妻文化水平不高,辅导孩子学习很吃力。以前我们没给孩子报过校外培训班,现在学科培训班也少了,孩子学习主要得靠学校。现在低年级书面作业少了,孩子这阵子参加了学校的课后服务,我们本来挺高兴,但心里又没底:课后服务要求每天不少于两小时,内容要多样,可我们打听下来,有些学校课后服务就是让学生自己待着,老师不够或不太管,个别地方还出现过代课老师一年一换、班级人特别多的情况。我们很担心孩子学校也这样。希望领导能重视学校课后服务的实际质量,督促学校配足稳定、负责任的老师,真正把课后时间用来辅导作业、开展活动,而不是简单看管。像我们这样的家庭,没有别的办法,只能信任学校,请领导帮我们多把关。"
F607485FEABD1106E0D63A9DDE870E1A2029782D738806F0E2EC442529A13FAE,"希望提高小学课后服务质量,减轻家长负担","尊敬的领导,我是城镇一名小学生的家长。家里经济条件一般,我们两口子文化程度也不高,辅导孩子功课很吃力。这个学期孩子参加了学校课后服务,每天放学后在学校待两个小时,我们很感谢有这样的安排。但是心里一直不太踏实,担心课后服务只是把孩子看管起来,没有真正辅导作业或开展有益活动。我们周边有些学校以前出现过班级人数太多、老师不够、频繁换老师的情况,很怕自己孩子学校也有类似问题,那样课后服务效果就大打折扣。我们家长没能力给孩子报补习班,就指望着学校能把课后服务做好,让孩子在学校把学习上的问题解决了。希望领导能重视这件事,督促学校配足老师,把课后服务的内容做实,让我们这样的普通家庭真正受益。"
951BDE5D3927AA2C5F2833AF481821E996E6310D4421BC1B7714AED57AEF6853,关于保障小学课后服务质量的请求,"我是一名中部城镇小学生的家长。家里经济条件有限,我和家人学历不高,辅导孩子学习比较吃力。孩子目前就读公办小学,这个月参加了学校课后服务。我们了解到现在要求学校统筹课后服务,要自愿参加、时间衔接、内容多样,并由地方保障师资和经费。但我们心里不踏实,担心像我们这样资源一般的学校,课后服务可能因师资不足、班额较大,变成单纯看管,不能真正帮助孩子巩固知识、培养兴趣。身边也有家长反映过类似担忧。恳请领导督促教育、财政等部门,对我们这类普通学校的课后服务加强核查和保障,配足师资、丰富内容,让课后服务真正解决我们这样家庭的实际困难,让孩子在校内得到有效辅导,减轻家长负担。"
D7A8EF4AC20437184859288CC859ADF001AD8D77FA6687B27785181CD9FD254C,关于小学书面作业超时和课后服务落实的诉求,"我家孩子目前上小学,这个暑假学校布置的书面作业完成时间超过了规定的小学书面家庭作业平均完成时间不超过60分钟的要求。作为家长,我们很担心长期作业超时会影响孩子的睡眠和身心健康,也挤占了体育锻炼和课外阅读的时间。希望教育部门能够督促学校严格落实作业统筹和时长规定,提高作业设计质量,减少重复性、机械性书面作业。同时,希望学校开学后能充分利用课后服务时间,提供作业辅导和答疑,让孩子尽量在校内完成书面作业,减轻家庭辅导负担。我们支持规范校外培训,也理解学业要求,但恳请校内减负真正落到实处,不要把压力转嫁到家庭。"
D1119C7A6C5A056FBFC4834A0905E59643867BC800A2B3E95B20795B30D373D4,"请求督促学校落实作业统筹,防止变相引导校外培训","领导您好,我是一名小学生家长。这个月孩子的书面作业情况不符合规定,我们很担心作业负担过重,影响孩子休息和兴趣发展。现在要求学校统筹作业总量和时长、加强校内指导,但感觉落实还不够,作业设计质量有待提高。我们家庭经济条件尚可,但不想让孩子依赖校外学科培训,更希望学校能把孩子教好、管好。如果校内作业指导和课后服务跟不上,家长难免焦虑,也担心学校与校外机构有关联,变相引导孩子去补课。希望领导能督促学校严格执行作业管理要求,利用好课后服务时间指导孩子完成作业,同时加大对校外培训的监管力度,让孩子能在校内学足学好,减轻家长负担。"
A1B879D8B39641CF6A4B3E9FC0F76911081355CC6CB277E716493B1A8BAABAD5,关于规范小学生暑假书面作业负担的请求,"您好,我是一名小学生家长。孩子就读公办小学,不在毕业年级。这个暑假,我发现孩子每天要花很长时间在书面作业上,明显超过了规定的小学生书面作业平均完成时间60分钟。作业量偏大,多为重复性抄写和习题,孩子睡眠和户外活动受到影响。作为家长,我们理解巩固知识的需要,但过量作业违背了减负精神。现在上面明确要求学校统筹书面作业总量、时长和设计质量,加强校内指导,但落实中仍有差距。希望教育部门能督促学校认真执行,开学后也要把作业总量控制住,提高作业质量,减少机械作业。另外,也希望课后服务能真正帮助孩子在校完成大部分作业,让家长少一些辅导压力。同时,我们担心作业过重会变相把家长推向校外培训,希望严格规范学科类培训,防止加重学生负担。谢谢!"
9801A27F46E3F896B67722150D7BF77965BFD78A7049416000CF418A49C5B9E9,关于规范小学暑假书面作业时长的诉求,"领导您好。我家孩子现在上小学,这个月我注意到孩子的书面作业情况似乎超过了规定时长,但具体是学校布置的还是其他原因,我们也不太清楚。作为家长,我们很担心孩子负担过重。现在政策要求学校统筹书面作业总量和时长,但不知道学校落实得怎么样。希望教育部门能帮忙核实一下,督促学校严格按照规定控制作业量,别让孩子在假期里也那么累。另外,也希望学校能加强校内作业指导,避免变相把压力转给家长。谢谢。"
B8F3AAC4FC8523AA3AEE8AB7416C0DE4814CBC06063E7E2C137B9C6AC2D40CC9,关于小学课后服务自愿原则与质量的诉求,"我是一名小学生家长。孩子目前作业量符合规定,也没有参加过学科类校外培训,我们一直重视孩子的睡眠和全面发展。即将开学,根据有关要求,学校课后服务应提供每周五天、每天至少两小时,但孩子目前没有参加。我们对此有些顾虑和期待:一是希望学校真正落实自愿参加原则,不要因为报名率而变相统一要求,也不要让不参加的孩子受到区别对待;二是希望课后服务内容能多样化,真正提供体育、艺术、科技等素质拓展和作业指导,而不是简单看管或变相补课;三是希望地方能保障课后服务的师资和经费,让服务可持续、有质量。现在校外学科培训减少,我们更依赖学校提供优质教育支持,希望课后服务能帮助孩子在校完成大部分书面作业,回家后能有更多休息和自主阅读时间。恳请领导关注小学课后服务的落实情况,让家长能放心选择。"
09F7C8578154BC55103ED0829514172FD0D6E422A14856501C074D3ED0BE7336,关于做好小学春季开学课后服务工作的建议,"领导您好。我是小学生家长,家住东北,孩子就读公办小学。寒假即将结束,春季开学后孩子放学后的接送和照护问题让我们有些发愁,因为家里同住成员较少,照护人手有限。目前孩子没有参加学校课后服务,了解到学校应当提供每天不少于两小时的课后服务,但还不清楚这学期具体安排。我们担心课后服务只是简单看管或者内容单一,甚至被校外培训渗透变相补课。希望政府能督促学校在开学前明确课后服务方案,时间上尽量与家长下班衔接,内容上多些体育、艺术、科技等素质活动,坚持自愿原则,不要强制参加。同时做好师资和经费保障,让课后服务真正解决家长后顾之忧,让孩子在学校里安全、有益地度过课后时间。"
92B2C04D6D39C79CDF78238D9D831F63C9C74A94FFDE180EFD4F38B7D4B5A3A4,关于优化小学课后服务和作业管理的建议,"领导您好!我是一名小学生家长,孩子就读公办小学,通学时间短,目前作业时长符合要求,睡眠也较好。但我对新学期有些担忧。政策要求学校提供每周5天、每天至少120分钟的课后服务,并强调自愿参加、内容多样。我家孩子目前没有参加课后服务,我们还在观望,主要担心学校的具体安排能否真正满足孩子兴趣,师资和场地是否充足,是否变成变相补课。同时,作业虽然时长合规,但希望学校不要只减少数量,更要在作业设计上下功夫,避免机械重复,提高学习效率。当前校外学科培训治理力度大,我们支持,但担心如果学校课后服务不能有效衔接,一些家庭可能会寻求隐蔽的违规培训,反而增加负担。恳请领导督促教育部门加强对学校课后服务落实的监督指导,保障师资经费,丰富服务内容,并科学设计作业,真正做到减负提质。谢谢!"
7E3E756272144435EC6B7765AD57E57A6B24DD1C3E6A2A5A2D3725F37E333400,关于提升小学课后服务质量的诉求,"领导好,我是一名小学生家长。当前学校按照要求提供课后服务,但我家孩子本月没有参加。作为家长,我们希望课后服务能真正解决孩子放学后的看护和成长需求,而不是简单看管或变相补课。目前对学校课后服务的具体内容、师资安排和活动质量不太了解,担心内容单一、吸引力不足,孩子不愿意参加。孩子处于小学非升学年级,家庭没有参加校外学科培训,更依赖学校提供优质课后服务。希望有关部门督促学校优化课后服务设计,丰富体育、艺术、科技等活动,加强作业辅导,确保自愿参加、时间衔接顺畅,并公开服务安排,让家长放心选择。"
6663AFF861400D7F5FCFC07E0E678093A49FDD25616EC4F81684D54955967E82,关于新学期学校课后服务提质和作业统筹的建议,"我家孩子就读公办小学非毕业年级,本月未参加学校课后服务。暑假里看到校外学科培训明显收缩,作为家长既觉得方向对,也担心开学后校内课后服务内容单一,孩子不愿参加,家里人手不多,照护压力会更大。希望区里督促学校在开学后把课后服务做实,增加作业辅导、阅读、体育和兴趣活动,严格落实书面作业不超过一小时的要求,让孩子在校内基本完成作业,回家有充足睡眠。也请继续关注隐形变异的学科培训,避免家长被迫重新选择校外补习。"
27A22397092CCDF6D5FEE9CF7B008B9B893B777B334E1623746622F1B24FD9F6,关于保障小学课后服务自愿优质并防止变相增加负担的请求,"孩子今年暑假即将结束,下学期将升入小学高年级。作为家长,我们一直关注学校课后服务的落实情况。目前孩子暑假期间未参加学校课后服务,但开学后我们希望根据孩子实际需要自愿选择。政策要求学校每周提供5天、每天至少120分钟的课后服务,但我们担心学校在落实中出现强制参加、内容单一或变相补课的情况。此前同省曾出现学校向低年级学生发校外培训传单、鼓动补课的现象,现在学科类培训管理趋严,我们更担心学校把教学责任转嫁给家长,或把课后服务变成变相补习。希望领导督促教育部门在新学期前对学校课后服务的自愿原则、时间衔接、内容多样性和师资经费保障进行核查和指导,让孩子在校内就能获得有质量的学习和活动,减轻家庭负担。"
547D7C460019CC80421248B00A4A90909C27ACE4ED2AFEBE3B1F874BEAF45F7E,关于提升小学课后服务质量的建议,"领导您好,我是一名小学家长。孩子就读公办小学非毕业年级,学校离家近,但我们双职工接送时间很紧。学校有课后服务制度,原则上每天不少于两小时,可孩子暑假前并未参加,因为我们不了解具体课程内容,担心只是简单看管或变相补课。此前也听说过有学校借机向家长推销校外培训,不希望这种情况再次出现。希望教育部门能加强指导与监管,督促学校公开课后服务安排,提供体育、艺术、科技等多样化内容,保障师资和经费,让孩子自愿参加、真正受益。同时希望老师能在课后服务中指导完成部分作业,减轻家长辅导压力,让减负后的课后时间更有意义。"
CB3F627D5780258C6F5CC340870D92B9782CA22CD93348FAC6F5D65A62866FA5,关于开学后学校课后服务落实与质量的诉求,"您好,我是一名小学生家长。孩子就读于公办小学,非重点学校,离家较近,平时家里同住的人少,接送和照看压力大。马上开学了,我们特别关心学校课后服务能不能真正落实。政策上要求学校每周提供五天、每天至少两小时的课后服务,自愿参加,内容多样,但孩子之前没有参加过,我们也不清楚学校具体怎么安排。我们担心课后服务只是看管写作业,或者变相补课,而不是帮助孩子完成作业、开展一些兴趣活动。另外,政策还要求统筹作业总量,书面作业不超过60分钟,希望学校能严格执行,别让作业负担又转到家里。我们家没有给孩子报过学科培训班,现在外面培训也少了,所以我们更希望学校把课后服务做好,让孩子在学校就能得到辅导和看护。希望领导能督促教育部门在开学前把课后服务的具体方案和报名方式告知家长,让我们能安心工作,孩子也能得到好的课后照顾。谢谢。"
3076C8ED768677534A1E54450CF622B802CA72EC3D4E5695F4D66957808AC5BD,关于暑假期间学校课后服务覆盖与质量的诉求,"作为小学生家长,孩子目前放暑假在家,我们家庭同住成员较少,白天照护有一定压力。我了解到学校课后服务制度原则上每周5天、每天至少120分钟,但孩子本月没有参加学校课后服务。想咨询暑假期间学校课后服务是否继续提供,能否为有需要的家庭提供自愿、时间衔接、内容多样的托管服务。现在学科类校外培训供给收缩,我们家庭此前也未给孩子报学科班,假期里更希望学校能发挥主阵地作用,让孩子在安全的环境里完成作业、参与文体活动。希望领导督促学校把课后服务做实,真正解决双职工家庭的现实困难。"
FDA8795BD4CABB8821C0D762F82A5EED8AD796199A679DF5D6A0A63E062F334C,关于保障小学课后服务质量并防止变相增加校外培训负担的建议,"领导好。我家孩子在公办小学就读,不在升学衔接年级。孩子此前没有参加过学科类校外培训,平时书面作业时间也基本符合规定,睡眠比较充足。作为家长,我们重视教育,希望孩子将来能读到硕士,但不希望以透支童年为代价。暑假快要结束,我比较担心开学后学校课后服务能不能真正做实。我注意到个别地方曾出现学校向家长发校外培训传单、鼓动补课的情况,虽然目前没发生在自己孩子身上,但心里不踏实。现在学科培训市场收缩,如果学校课后服务内容单一、作业指导不到位,家长可能又会被变相推向隐形培训。希望教育部门能督促学校严格落实课后服务的时间、内容和自愿原则,真正把作业辅导和素质拓展做好,同时加强对学校与校外培训利益关联的监管,避免变相推荐或暗示补课,让孩子在校内就能学好,减轻家庭负担和焦虑。"
5FB9CBBD2454AD9A777DCD68D433A37269AED7C2B576ABCE7DBE8F0812FD3A03,关于提升小学课后服务质量与作业统筹实效的建议,"孩子即将开学,作为家长,我最近一直在关注学校课后服务和作业统筹的落实情况。我家孩子就读公办小学,不是重点学校,我们经济条件尚可,但更希望孩子在学校就能学足学好,而不是依赖校外培训。目前孩子作业时长虽然符合规定,但担心开学后作业设计质量不高,课后服务内容单一、吸引力不足,孩子不愿参加。过去有的学校曾出现鼓动学生校外补课的情况,现在学科培训供给收缩了,但隐性培训仍可能存在。希望政府能加强对学校教学和课后服务的监督指导,真正把校内教育质量提上来,让家长和孩子安心,不要被校外培训焦虑裹挟。"
E2342D3E8E8C88F7CCA979BD8220B23D91BF32CACEC2C894F82F545264B2FC64,关于恳请加强小学课后服务与作业管理监督的建议,"领导您好。我是一名小学生家长,孩子就读于公办小学。目前暑假期间,孩子书面作业符合时长要求,也没有参加学科类校外培训。但作为家长,我对秋季开学后有一些担忧。当前政策强调学校要统筹作业总量、时长与设计质量,并完善课后服务,但实际执行效果还需要检验。我担心如果课后服务内容不够多样、时间衔接不好,或者作业管理放松,家长可能会被迫考虑校外培训,这既增加家庭负担,也不符合政策初衷。希望教育部门能在开学前对辖区公办小学的作业管理和课后服务开展专项检查,重点监督课后服务是否自愿、时间是否保障、内容是否实用,并畅通家长反映问题的渠道。谢谢。"
2021A0A22B53955DCE5DB98DECD63555F720CF97A1A827F302E3BDC3FDFCEA70,关于提高小学课后服务质量与作业设计水平的建议,"领导您好,我是本地一名小学生家长。孩子目前读小学,公办学校,离家很近。我们家庭条件尚可,但平时家里大人少,照看孩子压力较大。这个暑假孩子在家,学校课后服务我们没有参加,主要是因为对现有服务内容还不了解,也担心只是简单看管,无法满足孩子成长需要。新学期很快就要到了,我们希望学校在课后服务上能真正落实“自愿参加、内容多样”的要求,不仅提供作业辅导,还能有阅读、体育、艺术等素质拓展。同时,学校布置的书面作业虽然时长控制在规定范围内,但我们担心作业少了以后,孩子学习基础不够扎实。希望学校能提高作业设计质量,少而精,并在课后服务中加强针对性指导,让我们这样的家庭不必依赖校外培训就能安心。恳请相关部门加大对学校课后服务的保障和监管,让好政策真正惠及每个孩子。"
8EE810A48436EE72E2F1680474D3E359CE54DBAEBE4F19459B04D61EC92597EA,关于新学期课后服务能自愿且不流于形式,"领导您好。我家孩子在公办小学就读,不是毕业班,通学时间短,平时睡眠时间比较充足。我们家庭经济条件还可以,之前没有给孩子报学科类校外培训。现在学科培训市场明显收缩,我们更希望孩子能在校内得到好的学习支持。暑假期间孩子没有参加学校课后服务。马上要开学了,我比较担心新学期课后服务能不能真正落实自愿参加,而不是变相强制或者变成校内补课。过去看到同省有学校向低年级学生发校外培训传单、鼓动补课,这让我很警惕。我希望学校课后服务能提供真正多样的内容,有作业辅导也有兴趣活动,时间上方便家长接送,而不是简单看管或变相上课。也请领导协调相关部门加强监督,避免学校借课后服务名义推荐校外培训或增加孩子负担,让家长能安心工作,孩子能健康上学。"
8FB021340DE5AFB0EDE2EAFBDFAC0E25DF1CC729563262EFECB7E669468C32C5,"请持续规范学校行为,别让课后服务空转","领导您好。孩子现在上小学,不在升学年段,平时睡眠比较充足,我们家庭经济条件尚可,但对校外培训一直比较谨慎,之前也没有给孩子报过学科类补习。这几年校外培训治理力度很大,明显感觉到市场上的学科培训少了,但作为家长反而更担心开学后学校会通过其他方式变相引导补课。以前同省就有家长反映过有学校给一年级孩子发校外培训传单、鼓动去补课,说不去就跟不上,这种现象让我们很不安。现在课后服务有要求,学校也应当提供每周五天的课后服务,但暑假期间没有参加,我们对开学后的服务质量还在观望。希望领导督促学校新学期把课堂和课后服务真正抓好,不要一边减作业一边又把压力转到校外,也不要让课后服务变成简单的看管。我们家长愿意配合学校,但也需要看到公办学校承担起主体责任,让孩子能在校内学足学好,回家有足够休息和阅读时间。谢谢。"
EB2AD32C2D0D836A09F0ED8EF1B8EB0213E2AD707994411F9528FF75EC1548D4,关于提升小学课后服务质量的建议,"尊敬的领导,您好。我是一名小学生家长。随着学科类校外培训的规范管理,我们更希望孩子能在校内获得优质的学习支持。按照制度要求,学校课后服务应每周提供5天、每天至少120分钟,但我的孩子目前还未参加过。我们担心课后服务内容单一、师资不足,无法真正满足不同孩子的需求。请领导关注学校课后服务的实际落实情况,督促学校丰富服务内容,加强作业辅导和文体活动,保障师资力量,让我们家长能安心工作,孩子也能在新学期健康成长。谢谢。"
689CE0364B27EBAE77061AE91CD53AE05B1417CD5ED333589D31E394A1BE5967,关于乡村小学作业负担和课后服务的担忧与请求,"领导好,我是西部农村的一名小学生家长。我们两口子都要上班,家里人手少,文化也不高,辅导孩子作业很吃力。孩子以前睡眠一直挺足的,我们也没给他报过外面的学科培训班,就靠学校教。最近听说学校要统筹作业总量,可这个月孩子的书面作业情况好像没有达到规定的时间要求,我们很担心作业多了影响孩子睡觉和身体。我们这里农村学校条件一般,不知道课后服务能不能真正搞起来,老师够不够,经费有没有保障。我们特别希望孩子能在学校把作业写完,有老师指导,还能参加点兴趣活动,这样我们家长也能安心工作。希望领导能督促学校把作业管理和课后服务落实好,别让农村孩子落下,帮我们减轻点负担,让孩子能好好学习,将来考上大学。"
70964E00A1E56EF56A960E27DED75A78F78AF2DED6B7D1056B9D11681C301D9B,"农村小学生作业负担重,盼落实课后服务","领导好,我是西部农村的一名小学生家长。我和孩子爸爸都在外打工,文化程度不高,家里孩子多,老人也帮不上忙。这个暑假,孩子的书面作业明显偏多,每天要花很长时间才能完成,远远超过规定的一小时。我们实在没时间也没能力辅导,很多题自己也不会讲。听说现在有政策要求学校统筹作业量、加强校内指导,还要提供课后服务,我们希望开学后学校能真正落实,让孩子尽量在学校完成作业,老师能当面辅导,而不是把批改讲解任务都压给家长。另外,也希望领导关注农村学校的班级人数和师资,别让课后服务走过场。我们家庭条件不好,不希望因为作业跟不上又被逼着去上校外培训班。恳请领导重视,帮我们解决实际困难。"
636CA79F87F524F5AE8F17E0CE4AD9CC0775132F4E30E1435451D13357D416A6,关于农村小学生作业负担过重盼解决的诉求,"领导您好,我是西部农村一名小学生的家长。我们两口子都要干活,家里老人文化不高,辅导孩子作业很吃力。这个月孩子虽然放暑假,但书面作业还是不少,对照现在小学作业不超过60分钟的规定,孩子经常要超过这个时间才能写完,我们很担心。以前就听同省的家长说,有的学校作业多、老师还让家长批改讲解,我们怕自己孩子也遇到这种情况。现在上面要求学校统筹作业总量、提高作业设计质量、加强校内指导,还要求完善课后服务,我们希望领导能督促我们这边的学校真正落实,把作业量控制住,别把辅导责任推给家长,课后服务能让孩子在学校把作业写完,这样我们家长负担轻一点,孩子也能早点睡。农村教育资源本来就少,我们家长能力有限,真心希望领导重视,帮我们解决这个难题。"
BF509AE2DDCC0EAFD936BFA91039F973CDC3ABC3A034348C2302041F760E14A1,乡村小学生作业负担与课后服务诉求,"领导好,我是一名西部乡村小学生的家长。家里经济条件不好,我和爱人都要打工,文化程度不高,家里老人也帮不上忙。这个月孩子的书面作业情况已经不符合规定的时间要求,我们很着急。平时就担心学校把批改作业、辅导功课的任务推给家长,我们实在教不了。现在政策说作业要控制在60分钟内,还要有课后服务,但我们乡下学校条件有限,不知道能不能落实。眼看要开学了,恳请领导重视农村孩子的作业负担,督促学校真正管好作业量,不要让我们家长代劳,把课后服务办好,让孩子在学校尽量完成作业,给我们农村家庭减减压。"
551EF8DE0692E87C1ACAB8F4A71B176CE2F87F487E2E5A15F1D939727D473E36,关于乡村小学课后服务质量和作业减负后学习保障的诉求,"领导您好!我家在西部农村,孩子上小学,我们两口子都在打工,文化程度不高,家里人口多,平时辅导孩子作业很吃力。这学期孩子参加了学校的课后服务,解决了放学后没人管的问题,我们很感激。但我们也担心,课后服务是不是真的能辅导孩子学习?听说现在作业时间有规定,孩子作业不多,但我们自己教不了,又没钱报补习班,怕孩子学习跟不上。希望政府能督促学校把课后服务办好,多安排老师辅导作业、答疑,再开展一些兴趣活动,让孩子在学校就能把学习问题解决,我们家长也能安心工作。谢谢!"
1CD376DAFE50EEA2AC299AFE3D2248BD6314B111F23B1F79FC3C9955AA77A3B8,关于农村小学课后服务加强作业辅导的请求,"领导好,我是西部农村一名小学生的家长。家里条件一般,我们两口子都在打工,老人帮忙带孩子,文化程度都不高,辅导孩子作业实在吃力。孩子现在参加学校的课后服务,目前作业时间符合要求,我们稍微省心一点。但我们很担心春季开学后作业变多,课后服务如果只是看着孩子写作业,不真正讲解辅导,回家我们还是不会教。现在外面补课班少了,我们农村也没有多少合规的辅导资源,家里也负担不起。孩子以后想考大学,基础打不好我们着急。以前常听说有的学校老师让家长批改作业、讲题,老人根本弄不了,老师只打个符号。我们怕自己孩子也遇到这种情况。希望领导能督促学校把课后服务的时间真正用起来,安排老师辅导作业、答疑解惑,特别是农村学校要配好老师、保障经费,别让课后服务变成单纯的看管。也请领导有空到农村学校暗访检查,看看课后服务到底有没有落实。谢谢。"
66504508EB69A8200AD8BD708B55DDF0E82E3D724B1EBEE340142EF12BDAAB46,关于农村小学课后服务质量和作业辅导减负的诉求,"领导您好,我是西部农村一名小学生的家长。家里条件一般,我们两口子平时都要上班,时间很紧,文化程度也不高,辅导孩子作业很吃力。这个学期孩子参加了学校的课后服务,作业量目前也符合规定,这让我们稍微安心一点。但我们很担心,课后服务只是把孩子集中起来看管,老师没有真正进行作业辅导和答疑,孩子遇到不会的题目还是得带回家问我们,我们讲不清楚,第二天孩子又怕被老师批评,负担还是落在家长身上。我们这边农村学校本来就偏远,老师数量不太够,课后服务的师资和内容能不能保障,我们心里没底。希望领导能关注农村小学课后服务的实际效果,督促学校把作业指导真正放在校内完成,别让家长批改讲解作业的现象再出现,也别让好政策到农村走了样。谢谢领导。"
0ED3F5AFB42FEAE6AA7721E34C56B9A015166BEF928D79CB073B11D2A59C53BC,关于强化乡村学校课后服务减轻家庭辅导压力的诉求,"领导您好。我家在西部乡村,孩子读小学,我们夫妻俩都在打工,文化程度不高,家里经济条件也一般。现在孩子参加了学校课后服务,按现在的要求,课后服务每天至少两小时,但具体能不能辅导作业、开展活动,我们心里没底。我们最担心开学后作业负担反弹,或者课后服务只是简单看管,辅导压力又回到家长身上。我们这样的家庭,时间和能力都有限,希望政府能重视乡村学校的课后服务质量,加强监管和经费保障,让课后服务真正帮助孩子完成作业、培养兴趣,同时也请持续监督作业量,巩固减负成效,别让负担转嫁给家长。谢谢领导。"
5DE134DAEDAFA8C65898080CE81A7CBA083935F10AB1D9F3F53401194792D273,乡村小学课后服务需加强学习辅导与质量保障,"我是西部乡村一名小学生的家长。家里经济条件一般,我们做父母的都要上班,时间很紧,文化程度也不高,辅导孩子学习有困难。现在学校作业量控制得不错,孩子睡眠也足,我们挺满意。但外面补习班减少后,我们担心孩子学习基础打不牢。这个月孩子参加了学校的课后服务,我们感谢学校提供看护,但更希望课后服务不只是看孩子,能真正有老师辅导作业、带着阅读和开展兴趣活动。我们担心乡村学校课后服务因为师资和经费不足,内容比较单一,时间一长孩子和城里孩子差距更大。希望领导能督促和保障乡村学校课后服务质量,多安排老师辅导,投入必要资源,让我们家长能安心工作,孩子也能在课后服务里学有所获。"
E5BC53255B604B8E63E596B0874C628B4811BE366B24A01A799FD4611792239A,农村小学课后服务盼能真正帮到孩子,"领导好,我是西部农村一名小学生的家长。我们两口子都在上班,家里人口多,经济条件不好,我文化程度只有初中,每天早出晚归,孩子作业辅导一直是我们最愁的事。这个暑假孩子参加了学校课后服务,听说现在有要求把学校作业管好、课后服务搞好,我们心里很高兴。但我们担心农村学校老师少、条件有限,课后服务每天两个小时会不会只是把孩子集中起来看护,没有真正指导作业、开展活动。现在外面学科培训班也少了,我们没钱报其他班,学校课后服务是孩子唯一能依靠的辅导机会。以前常听说有学校作业多、让家长批改讲解,我们很怕自己孩子也遇到这种情况。希望领导能到农村学校暗访,看看课后服务到底落实得怎么样,有没有老师认真辅导作业,不要让我们家长回家还得自己教。我们就盼着孩子能学好,以后考上大学,请领导多关心农村孩子的课后服务。"
D206DB30A92FFD01865B57095548966031CC54FE00DFE91D30731364A9519044,关于乡村学校课后服务和作业辅导的担忧与请求,"领导好,我是西部乡村一名小学生的家长。我们夫妻都要上班,家里老人帮忙带孩子,文化程度不高,辅导作业很吃力。现在暑假孩子在学校参加课后服务,作业量目前看着符合规定,但我们担心开学后作业又变多,老师又把批改和讲解推给家长。我们也听说课后服务要自愿参加、内容多样,但我们这里学校条件有限,不知道能不能真正有老师辅导作业、开展一些活动,而不是只把孩子看管起来。希望领导能督促我们这里的学校把作业统筹和课后服务落实好,让老师在学校把作业指导到位,别让家长成了“辅导老师”,也让孩子能真正受益。"
170C2959D5C3BF9D7CD8F9B16B317009340965C47AD6D2DA8F86B9750E351630,关于提升乡村小学课后服务作业辅导的建议,"领导好。我是西部农村的一名小学生家长。家里条件一般,我和孩子爸爸都在外打工,平时孩子由老人照看,我们文化水平不高,辅导作业很吃力。现在政策要求学校开展课后服务,孩子也参加了,我们本来指望能在学校把作业写完,有老师指导。但说实话,我们心里没底,担心课后服务只是把孩子集中看管,老师不一定认真辅导,特别是像我们这样的农村学校,可能条件有限。我们没时间也没能力教孩子,如果课后服务不能真正帮助孩子解决学习问题,我们真的不知道怎么办。马上要开学了,希望领导能关注一下农村学校的课后服务,督促学校把作业辅导做扎实,让孩子在学校完成作业,回家能休息好,也能有些课外活动。我们家长也能安心工作。谢谢领导。"
B4FBA7225F31A6450A1AE580D077369430685B40D2934F49B91437DAF3C3F49C,农村孩子暑期课后服务的期盼,"我是一名西部农村小学生的家长,孩子读小学,家里经济条件不好,我和孩子爸爸都要打工,老人年纪也大了。暑假孩子没人管,幸好学校有课后服务,孩子这个月每天都去,我们很感激。但心里也担心,怕学校课后服务只是让孩子写作业或者看电视,老师不够,活动不丰富。也希望学校能多辅导作业,因为我们文化低,辅导不了孩子。另外家里收入少,希望课后服务不要另外收太多钱,最好有补助。孩子现在作业时间符合规定,但希望老师在校内多指导,回家不用我们再操心。请领导多关心农村学校的课后服务,让像我们这样的家庭能安心。"
32FD8747EDC70BABCDE8C20441B684864D6CEA3F944DE172986D1B70D455A028,希望课后服务能真正减轻农村家长辅导负担,"领导您好,我是西部农村一名小学生家长。孩子目前在公办小学就读,家里经济条件一般,我们夫妻白天都要做工,家里老人文化不高,辅导孩子作业确实吃力。现在孩子参加了学校课后服务,每天在学校待的时间长了,书面作业时间也基本能控制在规定范围内,我们很感谢政策。但作为家长,我们还是有些担心:课后服务这两小时到底有没有老师真正指导孩子完成作业、答疑解惑?还是只是把孩子集中看管?我们文化不高,有些题知道答案但不会讲方法,如果作业带回家还是得我们硬着头皮辅导,负担并没有真正减轻。农村学校师资和条件有限,我们怕课后服务变成“混时间”,孩子学不到东西,家长也得不到实际帮助。希望领导能关注农村小学课后服务的实际运行情况,加强督导,保障师资和经费,让课后服务真正有作业指导、有兴趣活动,而不是简单看护。这样我们家长才能安心工作,孩子也能得到更好的成长。"
3AC797F31FA411AE419FA038C14348C9A1A40AB56590A6A7015B4481168EB37B,希望课后服务能真正帮农村家长减轻作业辅导负担,"领导好,我是一名农村小学生的家长。我们两口子都在外面打工,平时家里老人帮带孩子,文化程度不高,很多作业我们想辅导也教不明白。现在孩子在学校参加课后服务,但总担心服务只是看管,没有老师真正指导作业。以前就有过老师把批改讲解都推给家长的情况,我们做家长的确实吃力。现在虽然作业时间看着不长,但孩子遇到不会的还是没人管。希望上级能督促学校把课后服务的内容抓实,利用这两个小时让老师辅导孩子完成作业、查漏补缺,而不是让家长回去再当老师。我们家庭条件有限,也请不起外面的辅导班,就盼着学校能多担待一些。谢谢领导关心。"
9F0F35F2DBC6BB64AB83E12828C9230240F74B704B0F9D84FF5C5AE575F814B6,关于乡村小学课后服务和作业指导的请求,"领导好,我是西部乡村一名小学生家长。我们两口子都在打工,文化程度不高,家里时间紧,辅导孩子作业很吃力。现在孩子在学校参加课后服务,但我们不太清楚课后服务具体做什么,也担心作业还是带回家由家长批改讲解。政策上要求学校加强作业指导,希望领导能督促学校真正落实,让老师在课后服务里辅导孩子完成作业,不要给家长增加负担。我们农村学校条件有限,师资也不宽裕,恳请政府多关心乡村学校,把课后服务做实,让孩子在学校能得到有效学习帮助。谢谢。"
0185DE0AFF9BCAB5DFC965008A8FB4740C24EFC6519BEBFE426EDD9832F762B4,关于改善乡村小学课后服务与作业指导的诉求,"领导好。我们住在西部农村,家里老人孩子一起住,人口多,我和爱人白天都要上班,晚上回来很晚,辅导孩子作业实在吃力。孩子现在参加了学校课后服务,解决了接孩子的难处,但我们担心课后服务大多只是看管,作业辅导和查漏补缺帮助有限。我们文化程度不高,家里经济条件不好,校外培训也负担不起,现在学科培训管得严,我们支持,但更希望学校课后服务能真正把孩子的学习抓起来。孩子目前作业时间符合规定,睡眠也足,我们不想额外加压,只希望课后服务时间能安排老师有针对性地辅导作业、巩固当天知识,农村孩子基础薄弱,光靠家里不行。恳请领导重视乡村学校课后服务的师资和内容保障,别让课后服务流于形式,让农村孩子也能得到实实在在的帮助。"
EA15E03C18586AED6CAF1793F0C9C4317E7EAA79496B937AFF56EBA7D87600F4,乡村家长盼课后服务真正帮到孩子,"领导您好,我是一名西部乡村小学学生的家长。我们两口子都在上班,家里人手紧,孩子放假和放学后的照看一直是个难题。这个暑假孩子参加了学校课后服务,本月作业量也符合规定,我们暂时放心一些。可是开学后我很担心,过去周边一些学校出现过作业全让家长批改讲解、老师上课不细讲、课后服务只是看管的情况。我们文化不高,家庭条件一般,确实辅导不了孩子。希望领导重视乡村学校课后服务的师资和经费保障,让课后服务真正有老师指导学生完成作业、答疑解惑,不要把负担又推给家长。也请加强对违规补课的监管,避免个别老师课上不讲课后开班。我们就盼着孩子在学校学好知识,将来能考上大学。"
228C2183638D51AFEC170DA60524EF19FB7614F338B29506727D71B89B1F1B2D,关于农村小学课后服务质量和家庭辅导负担的诉求,"领导好,我是一名西部农村小学生的家长。我们两口子都在外打工,家里老人带娃,文化不高,辅导作业很吃力。这个暑假孩子在学校参加课后服务,我们很支持,但担心只是把孩子看住,作业指导、习惯培养跟不上。过去也听说过有学校把作业批改、讲解都推给家长,老师只画个勾,家长不会教只能干着急。希望领导能督促学校把课后服务真正用好,重点加强作业辅导和答疑,别让课后服务变成简单看管;同时开学后也能继续控制作业量,落实老师批改讲解责任,减轻我们这种农村家庭的负担。谢谢。"
AE8C3D6B8663687BACF8DE35CC11797357F3556B54CE39029AC4341256828289,关于提升乡村小学课后服务作业辅导实效的请求,"各位领导好,我是西部乡村一名小学生的家长。家里条件一般,我和孩子妈妈都要上班,平时时间很紧,文化程度也不高,辅导孩子作业经常力不从心。这个月孩子参加了学校的课后服务,但我心里还是不踏实,担心课后服务只是简单看管,作业辅导和答疑没有真正落实,那样我们这些文化不高、时间又紧的家庭还是很难。我们这里乡村学校条件有限,老师也辛苦,希望领导能关注乡村小学课后服务的质量,督促学校把作业指导做扎实,别让课后服务变成形式,真正帮我们减轻辅导负担。谢谢。"
7662D3F6CDB2AA0093CD95F3A43A45EC8133BFF70FA0F2B8D52AF81939F7B5E3,关于小学生暑期书面作业偏多的反映与建议,"领导好。我是东部城镇一名小学生的家长,孩子读公办小学,不是毕业年级。家里经济条件还可以,我们也重视教育,希望孩子以后能上本科。这个暑假孩子带回来的书面作业,我们感觉用时超过了规定的一个小时,有时要写很久。虽然不知道是学校布置的原因,还是孩子自己拖拉,但作为家长确实很焦虑。现在都要求学校统筹作业总量、提高作业质量,也要求加强校内指导,但我们担心开学后作业负担还是减不下来。孩子睡眠一直比较充足,我们不希望因为作业多又回到熬夜的状态。另外,校外培训现在管得严,我们原来也上过学科辅导,现在听说周边机构还在招生,怕校内作业减了,校外又加回来。希望领导能督促学校真正落实作业管理要求,合理安排书面作业,同时把课后服务办好,让孩子在学校就能完成大部分作业,回家能多睡会儿、多运动。谢谢。"
270E36071CF35EA65B543C8970DCB8CE3E7FAD5031980C62C59D2785FE1A9D22,关于小学暑假书面作业时长和课后服务的求助,"领导您好。我是一名小学生家长,孩子就读公办小学。这个月孩子在家写书面作业,我们对照规定发现用时情况没有达到本年级的时长要求,心里比较着急。作为家长,我们不是不让孩子学习,主要是担心书面作业量偏大,挤占睡眠和户外活动时间,也怕出现通过加大作业压力变相推动校外补课的情况。现在校外学科类培训管理更严了,我们更希望开学后学校能统筹好书面作业总量、时长和设计质量,并落实自愿参加的课后服务,让孩子在学校得到作业指导和丰富的文体活动,也减轻家长接送和辅导的压力。盼领导能督促学校从新学期起抓好这些工作。谢谢。"
84656006A3192A79DB007EAF67678E8D9A53CCB8D6A8AE8DF8CEE4DC38C7CE7B,关于规范小学书面作业与课后服务的诉求,"领导您好,我是一名小学生的家长。现在正值暑假,孩子近期的书面作业完成情况没有达到当前年级规定的时长要求,我们担心作业量可能偏重,影响孩子休息和兴趣发展。同时,校外学科培训管理越来越严,我们原本依赖的课外辅导面临调整,心里比较焦虑。希望学校能严格落实书面作业统筹要求,科学设计作业内容,不要超量;也希望学校课后服务能尽快完善,提供作业辅导和多样化活动,解决我们家长的后顾之忧。过去听说过有老师利用职务之便要求学生补课、挤占副课等情况,我们担心类似现象还会发生,恳请教育部门加强监督,让好政策真正落地。"
9D1DB546516686198966A7FE3E0FBB7CAC0BF0A364F2FD181CBA248D54A39422,关于小学生暑假书面作业负担过重盼督促落实减负的诉求,"领导您好,我是一名小学生家长,孩子目前在公办小学读非毕业年级,暑假期间。最近我注意到孩子每天花在书面作业上的时间明显偏长,经常超过一个小时,有时甚至更久,连续几天都睡得很晚。我知道现在有规定说小学书面家庭作业平均完成时间不应超过60分钟,而且新政策也强调学校要统筹作业总量和时长,但实际观察下来,孩子作业情况似乎并没有符合这个规定。我们家庭条件还可以,对孩子也有上大学的期望,但更希望孩子能健康快乐地学习成长。现在校外学科培训管理越来越严,我们原本给孩子报的培训可能面临调整,校内学习就成了孩子最主要的学习渠道。如果学校作业负担不减下来,孩子和家长都会很吃力。恳请领导督促教育部门关注我们学校这类情况,核查暑假作业布置是否合理,指导学校严格执行作业时长规定,同时用好课后服务帮助孩子在校内完成或消化部分作业,减轻家庭辅导压力。谢谢领导关心。"
CCC1D4B2423CD4900147113A82FEC30C4C65EE24D6A8AFA500556194D3267D49,希望提升课后服务质量减轻家长焦虑,"领导您好。孩子就读公办小学,这个月书面作业时间控制得比较好,睡眠也充足,我们很认可。孩子参加了学校课后服务,但我们担心课后服务更多停留在看护层面,作业辅导和拓展活动不够扎实。同时,校外学科培训供给明显收缩,费用虽然有所下降,但合规优质机构难找,我们心里不踏实。希望政府能加强对学校课后服务的指导和保障,督促学校丰富课程内容、加强作业指导,让孩子在校内就能获得足够学习支持,减少家庭对校外培训的依赖,也减轻家长接送和陪护压力。"
2E75E220EA2EBFAFCD94619357B2CC4B5CB1DF5D628B1B181DF4F90DED334187,关于提升学校课后服务质量并缓解家长教育焦虑的建议,"领导您好,我是一名小学生家长。孩子就读公办小学,家离学校不远。过去我们给孩子报了不少学科类校外辅导,现在虽然费用降了一些,但市场上合规机构明显减少,我们担心后续辅导不稳定。最近孩子参加了学校课后服务,每天原则上两小时,但我们对具体内容还不清楚,担心变成单纯看管或变相补课。希望政府能督促学校提升课后服务质量,丰富内容,特别是加强作业指导和学业薄弱环节的针对性辅导,并确保主科不挤占体育、艺术等课程。同时,希望规范培训机构时能保障合规机构正常经营,让我们家长有稳定、放心的选择。谢谢。"
67105D876C2CA1515DD9DD3E30AE15401FD02E2654FA2601AEEE7C686B6F2C8F,关于学校课后服务内容丰富的诉求,"领导您好:我是一名小学生家长。孩子目前参加学校课后服务,每天放学后在校两个多小时,书面作业量也符合规定,这点我们很认可。但更担心的是,课后服务时间虽然有了,内容却可能只是集中写作业或上主课,缺少体育、艺术、科技等多样活动。我们也听说一些学校课后服务存在变相补课、挤占副课的情况,怕自己孩子也遇到。家里经济条件尚可,但不想让孩子长时间坐在教室,牺牲睡眠和户外活动。如果学校课后服务能真正内容丰富,我们更愿意减少校外培训,让孩子好好休息。希望领导能督促学校提高课后服务质量,落实自愿参加,不要借课后服务变相增加学业负担,保障孩子睡眠和兴趣发展。"
9DE79F5B8A3A5476E03079419C27EA427F05DE5913EB1684616B286FC2DEDFCA,关于提升小学课后服务质量的建议,"领导您好。我家孩子读小学,目前参加了学校课后服务。按制度,课后服务应当自愿参加、内容多样、时间衔接。作为家长,我一方面感谢政府提供课后服务,另一方面也担心实际执行中会变成集体写作业或主科辅导,挤占孩子锻炼和休息时间。眼下校外学科培训选择减少,我们更希望学校课后服务能真正提供体育、艺术、科技等丰富活动,让孩子全面发展。恳请有关部门加强对学校课后服务的监管和指导,督促学校公开每日服务内容,保障师资和活动质量,避免把课后服务变成变相补课,也减少家长对隐形培训的依赖。"
F33C078F5AAD8C9767E94861FEF23EE7FEBB2AFDC42E4227D2834936586FE564,关于丰富暑期学校课后服务内容、减轻家庭校外培训压力的建议,"领导您好。我家孩子在公办小学就读,今年暑假参加了学校提供的课后服务。作为家长,我们一方面感谢学校能提供托管,但另一方面也感到目前服务内容比较单一,主要以看护为主,作业辅导和兴趣拓展不够充分。孩子之前一直有参加学科类校外培训,现在合规机构减少,我们虽然还在参加,但选择面窄了很多,心里也不踏实。希望政府能指导学校在课后服务中增加更丰富的体育、艺术、科技和阅读活动,并适当安排作业答疑,提高服务质量,让孩子暑假过得充实,也能减少我们对校外培训的依赖和焦虑。"
E5EC815945928441372D32469F06A050E883055859950FCD29ACAE3A2B8014E3,关于课后服务内容单一和变相补课风险的请求,"您好。我是一名小学生家长,孩子目前参加了学校课后服务。现在课后服务时间有了,但我们比较担心内容跟不上,怕课后服务变成写作业或主科辅导,体育、艺术、科技类活动被挤掉。过去身边有家长反映过副课被语文数学英语占用,连体育课都保不住。孩子现在校外还有学科培训,虽然费用降了一些,但家长并不想这样两头跑。希望领导能督促学校把课后服务的内容真正丰富起来,公开每周安排,保证自愿参加,不要变成变相补课,也减轻家长另找培训的压力。"
727559B93A27D9656C47D7A058FEA5018E195C60B06CEEA8E35B3E4CC019324B,关于加强学校课后服务内容与质量监管的建议,"领导您好,我是一名小学生家长。孩子所在学校按照要求提供了课后服务,我们也报名参加了。作为家长,我一方面感谢政府解决接送难题,另一方面也有些担忧:课后服务时间虽然有了,但内容是否足够丰富?会不会只是简单看管,甚至变成变相补课或刷题?我们希望孩子在校内能获得多元发展,而不是继续加重学业负担。过去我们为了孩子成绩,也参加过校外学科培训,现在培训选择少了,更希望学校课后服务能提供体育、艺术、科技等兴趣活动,并有老师认真指导作业。恳请相关部门加强对课后服务的日常监督和师资经费保障,定期听取家长意见,确保课后服务真正惠及孩子,而不是流于形式。谢谢。"
2197D3B020D3E8F04764175E108FA2AC7CDFC8FBF564BF7BE0DF9E4163FF0373,关于提升课后服务质量、减少家庭校外培训依赖的建议,"领导您好,我是小学家长。孩子目前参加学校课后服务,书面作业也符合规定,但家里仍给孩子报了学科类校外培训。我们不是不信任学校,而是担心课后服务内容以看管为主,无法满足孩子学业巩固和兴趣拓展的需要。我们感觉现在合规的学科培训减少,收费虽然降了一些,但怕正规渠道收紧后,一些隐形变异培训反而钻空子,既增加家庭负担,又不利于孩子身心。希望政府能指导学校把课后服务做得更实在,增加作业辅导和素质课程,同时继续严查违规培训,让家长少一些焦虑,孩子少一些奔波。"
B02D66A7C77DDD802E8F9313AA5E575C13941D9DA5FB47E67B5625160C3F4F24,关于提升学校课后服务质量的建议,"我是一名小学生家长,孩子就读公办小学,离家较近,家庭条件尚可。过去我们比较依赖校外学科辅导,现在虽然学科类培训收费有所下降,我们仍在参加,但内心并不希望长期如此。这个暑假孩子参加了学校组织的课后服务,时间上基本有保障,但我们更关心服务内容是否真正丰富,能不能有针对性作业指导,以及体育、艺术、科技等活动能否开展起来,而不是简单看管。如果课后服务能进一步提高质量,提供多样化课程和有效的学习支持,我们就能更放心地减少校外培训,减轻经济和精力负担,孩子也能有更多休息和自由时间。希望有关部门能督促学校加强课后服务的课程设计、师资保障和效果评估,让这些好措施真正落实,缓解我们家长的焦虑。"
2D5A2C99E0964E9227525ED0F4F880E304610EC5B8A884F4579FA95947F82B4E,关于暑假课后服务与校外培训衔接的担忧,"领导您好,我是一名小学生家长。孩子就读公办小学,暑假里学校提供课后服务,我们让孩子参加了,同时也在外面参加学科类培训。现在培训市场规范了,收费负担确实比以前轻,但我们心里还是很矛盾:学校课后服务每天时间不短,可我们担心内容多是看护或写作业,体育锻炼、阅读和兴趣活动不太够;又怕不补学科,孩子开学跟不上。以前也听到过个别老师课上不讲课后暗示补课、副课被换成主科的事,虽然不确定现在还有没有,但总担心课后服务流于形式,最后还是家长花钱买安心。希望领导能督促学校把暑期课后服务内容抓实,多安排体育锻炼、阅读和兴趣活动,别让课后服务变成变相补课;同时继续管好校外培训的收费和退费,让我们家长放心。"
60146F6F494564C31EE1256E415EEE0B92850D76220524382FF3657E4154B152,关于提升学校课后服务质量、减少家庭额外培训负担的诉求,"领导您好。我是一名小学生的家长,孩子目前在公办小学就读,暑假期间也参加了学校提供的课后服务。按照现在的要求,学校课后服务应当自愿参加、内容多样,但作为家长,我有些担忧:孩子虽然每天参加课后服务,可感觉课后服务更多是看管,没有针对孩子的兴趣和薄弱学科提供有效指导。正因为这样,我们家庭虽然经济条件尚可,还是不得不额外花钱给孩子报学科培训,才能补上学习短板。这不仅增加了家庭负担,也和我们希望孩子全面发展的初衷不符。我们身边也有家长担心,课后服务会不会变成变相补课,或者老师会不会借机推荐校外培训。希望领导能够重视学校课后服务的实际质量,督促学校丰富课后服务内容,真正落实自愿和多样的要求,让家长少一些焦虑,让孩子在校内就能获得更好的发展支持。"
00BF1DB640DC41A532C759FC3DF1FD2DFD99F2673F1532343E9C6DDC25E700E7,关于提升学校课后服务质量减少家庭校外培训负担的建议,"尊敬的领导:我是一名小学生家长,孩子就读于公办学校,目前参加了学校的课后服务。作为家长,我们非常感谢政府提供的课后服务政策,但在实际参与中,我们担忧课后服务内容可能偏向看护,无法充分满足孩子的学习和发展需求。因此,家庭不得不继续选择校外学科培训,这增加了经济负担,也与规范校外培训的初衷不完全一致。我们希望政府能够进一步指导学校丰富课后服务内容,提升教育质量,让孩子在校内就能获得有效的学习支持,从而减少对校外培训的依赖。同时,也希望继续加强对校外培训机构收费和预收费的监管,保障我们家长的合法权益。感谢领导关注。"
40498F0A5589563B72AC1D306592736CF4487042C0637A999385C5D5D80A46BE,关于丰富学校课后服务内容、减轻家长培训焦虑的建议,"我是一名小学生家长。孩子就读公办小学,暑假期间参加了学校课后服务。我们家经济条件尚可,以前给孩子报过学科类辅导班,现在虽然培训费用降了一些,但能选的合规机构少了,课程安排也不如以前灵活。我们理解规范校外培训的初衷,但也担心孩子的学习兴趣和基础得不到充分支持。目前学校课后服务时间有保障,但内容上能否更丰富一些,比如增加阅读指导、思维训练、科学实践等,让孩子在校内就能获得更有质量的成长支持?这样也能减少我们对外部培训的依赖。希望有关部门能指导学校提升课后服务质量,特别是假期阶段,让我们家长更安心。"
A6CB4230837713424053CCD2816A5A7936572092CAF572E8B66BB144A3A88B60,关于课后服务避免变相补课并保障内容多样的建议,"孩子目前就读公办小学,暑期参加了学校课后服务。随着新学期临近,我们既盼着学校能落实好课后服务,又担心一些学校会利用这个时间统一补课或变相组织学科类辅导。以前听说过有学校占用副科、老师私下动员补课的情况,所以我们特别在意课后服务到底安排什么内容、孩子能否真正受益。我家孩子睡眠时间比较长,我们也不希望过早加压。希望领导能督促学校在课后服务中严格执行自愿原则,不得强制参加或变相强制,不得上新课或组织集体补课,多安排体育、艺术、科技、阅读等多样活动,让孩子在校内安全地活动,同时合理控制书面作业时间,给孩子留出足够的休息和自主安排空间。"
376373CDAF1FA5F3ADC95EA61F631EA3F69132675348D061AC360436EE7A611F,关于提升小学课后服务质量、缓解家长培训焦虑的建议,"领导您好,我家孩子上小学,暑假期间也在参加学校课后服务和校外学科培训。现在培训费用虽然降了一些,但正规机构变少,我们家长心里很矛盾:不补怕孩子落后,补又担心机构不稳定、质量没保障。学校课后服务虽然每天都有,但作业辅导和素质拓展是否扎实,我们心里没底,也担心个别老师变相要求补课,让课后服务流于形式。希望政府能加强对学校课后服务的督导,真正把作业指导和兴趣活动做好,让我们能放心减少校外培训。同时请继续规范校外培训市场,防止变相补课和乱收费,帮我们普通家庭减轻负担。"
F8650C61A1DBFAB6656B0F0E492EC3BCDBC0AE6F9BDA54670A1902EAFBE61325,关于提升小学课后服务质量减少家庭校外培训依赖的建议,"领导您好,我是一名小学生家长,孩子就读于公办小学,家庭经济条件尚可,我们也比较重视教育。了解到目前政策要求学校加强作业管理和课后服务,孩子本学期也参加了学校课后服务,书面作业时间符合规定。但我们仍然给孩子报了校外学科培训,主要是担心学校课后服务内容不够丰富,作业辅导和素质拓展不足,难以满足孩子学习需求,导致我们不得不额外花钱补课。希望政府能加强对学校课后服务的指导与监督,丰富服务内容,提高质量,真正减轻家长负担,减少对校外培训的依赖。同时,也希望继续规范校外培训市场,保障我们家长的合法权益。"
F22655D7168531CE67DC32F8B3FB1B5CB4788E8AE4985A75C922F181CB05427A,关于新学期学校课后服务落实的诉求,"我是本地一名小学生的家长。孩子目前在公办小学就读,家里人口多,经济条件一般。暑假里看到现在要求学校完善课后服务,强调自愿参加、时间衔接和内容多样,我们很期待。平时孩子放学早,家里能帮忙辅导作业的人少,如果学校课后服务能真正做好,让孩子在校完成作业、参加一些活动,家长就能安心工作,也不用因为没人管孩子而考虑校外培训,增加经济压力。现在虽然作业量符合规定,孩子睡眠也足,但开学后如果学校课后服务流于形式,内容单一、时间接不上,或者老师指导不够,我们还是很担心。希望领导和有关部门能督促学校把课后服务做扎实,保障师资和经费,真正让孩子受益,让普通家庭得到实惠。"
ED730C26EF678A25C5D1DB4D9F92A6B4B305E959F8155B6CBAD64CEC7B2A4D4F,关于督促学校落实作业管理及课后服务的建议,"孩子目前在小学就读,暑假期间书面作业量基本符合规定,我们作为家长暂时松了一口气。但此前周边学校存在作业超量、考试频繁、挤占副科和休息时间的现象,孩子常常做到深夜,影响睡眠和健康。新学期即将开始,我们担心学校在执行作业统筹和课后服务要求时不到位,又回到老路。我们家庭经济条件一般,没有参加校外学科培训,只能依赖学校。希望领导能督促学校切实控制作业总量和时长,提高作业质量,不要布置重复性、惩罚性作业;同时完善课后服务,提供作业辅导和体育、艺术等多样活动,让孩子放学后能在校内完成大部分作业,回家有充足睡眠和自主时间。孩子睡眠一直较好,我们不想因为开学后作业反弹而毁掉。"
69DEC1A5EDF39B33A9452D128A662E3D37B972EFDFA280B5FD4CC35C9249CE1A,关于新学期小学作业与课后服务落实的建议,"暑假快结束了,作为家长,我最担心的是开学后学校在作业管理和课后服务上又回到老样子。过去我们这里有些学校作业布置只看数量不看质量,孩子经常做到很晚,主科挤占副科,考试不断,甚至应付检查让孩子隐瞒资料。现在虽然孩子暂时作业量符合要求,但很怕开学后反弹。希望领导督促学校严格执行作业统筹,提高作业设计质量,同时把课后服务真正做起来,自愿参加、内容多样,别变成变相补课。我们家庭经济一般,如果学校课后服务做不好,孩子放学后没人管,我们又负担不起校外培训,希望政府能保障好课后服务的师资和经费,让孩子能真正减负,睡够觉,全面成长。"
47A5C3739126658968DC9ABC7D39D585146A2B8EC106CD4F10507CE14DA34AF9,关于新学期落实作业管理和课后服务政策的诉求,"领导您好。我是小学生家长,孩子目前在公办非重点小学就读,非升学年级。暑假里作业量还算可以,但结合以前听说的一些情况,我们很担心开学后书面作业又会多起来,孩子做到很晚,影响睡眠和第二天上课。现在政策强调学校要统筹作业总量、时长和课后服务,我们非常支持。可学校师资压力不小,怕执行不到位,比如课后服务变成变相补课或者要求都参加。我们家经济条件一般,希望孩子能考上大学,更希望他学习有效率,而不是靠题海战术。恳请领导督促教育部门在新学期加强对学校作业管理和课后服务的检查,确保自愿参加、内容多样,并公布监督举报渠道,让我们家长有地方反映问题。谢谢。"
CFB4C93B6D39EEC8E4A9DFFBBAD32E6487392A53C1F9144123DB6840F4EF7C9D,关于保障小学课后服务质量的建议,"尊敬的领导,我是一名小学生的家长。孩子就读公办小学,家庭经济条件一般。现在马上要开学了,我最关心的是学校课后服务能不能继续稳定地提供,并且质量有保障。孩子这个月参加了学校课后服务,对我们这种经济条件一般的家庭帮助很大。但我也担心学校师资和经费有限,课后服务可能会流于形式或中途缩水。现在校外学科培训市场收缩,像我们这样的家庭没有能力给孩子报昂贵的兴趣班,更依赖学校课后服务来辅导作业、拓展兴趣。希望领导能督促学校严格落实课后服务要求,确保每周五天、每天不少于两小时,并且内容多样,真正有老师指导,而不是单纯看管。同时,也希望政府能保障好经费和教师待遇,让课后服务可持续,不要变相收费或强制参加。"
71EC85FAFB5A09FBC39D8035E2B639350E26BC805A568A93047552472D93CBB2,"希望课后服务真正减负,别变相增加负担","领导好。我家孩子在公办小学读非毕业年级,家里经济条件一般,人口多,平时很看重孩子能有足够睡眠和正常成长。这个学期孩子参加了学校课后服务,每天到校时间不短。现在书面作业时间虽然看起来没有超过规定,但我们心里还是不踏实。以前周边有学校作业过多、主科挤占副科,孩子晚上做到很晚,家长看了心疼又没办法。现在课后服务时间长了,我们担心学校会不会把这段时间主要用来补课、讲题或者变相布置更多任务,反而让孩子回家后更累,睡眠变少。希望区里能对学校课后服务的内容和作业总量加强日常监管,确保课后服务有阅读、体育、兴趣活动等多样安排,不是简单看管或变相上课;同时开学后也不要因为赶进度增加作业,让孩子能真正轻松一些。家里老人多,接送和照看本来就不容易,课后服务如果能让人放心,我们也能安心工作。"
0A19D2520A867B13CCCDD282F745DF13A045960E79376ED1C1B37C3AB01D1232,关于开学后作业负担与课后服务质量的担忧,"领导好,我是一名小学生家长,孩子在本地公办普通小学就读,家里经济条件一般,人口多,接孩子和辅导作业压力不小,所以很看重学校的课后服务。目前孩子参加了课后服务,本月书面作业时间看起来也还在规定范围内,但结合以往身边一些学校作业量过大、孩子熬夜赶作业、主科挤占休息时间的情况,我很担心新学期开学后作业负担反弹,或者课后服务只是看管、内容单一,起不到真正减轻家庭负担的作用。希望有关部门能持续督促学校统筹好书面作业总量和设计质量,不要只追求数量,不要变相增加负担,保证孩子有足够睡眠和休息;同时完善课后服务内容,落实自愿参加和师资经费保障,丰富活动形式,让孩子放学后能在校内得到有效照护和指导,而不是变相补课或加作业。请领导关注并协调核查,谢谢。"
C7D9A118EC4F290C682A00FA0D1D16E6918A9B8ED58AFEE0502862FAD9A23795,关于确保小学课后服务多样化、防止变相补课的建议,"尊敬的领导:您好!我是一名小学生家长。孩子目前在公办小学就读,家庭经济条件一般,孩子这个月参加了学校的课后服务。现在临近春季开学,我很关心课后服务的实际效果。政策要求学校课后服务要自愿参加、内容多样,每天至少120分钟,但作为家长,我担心学校因为师资紧张或者其他原因,把课后服务变成集中做作业或者补课,这样孩子在校时间虽然延长了,但并没有得到全面发展,反而可能增加学业负担,影响休息和睡眠。我们家庭收入不高,没有能力额外报兴趣班,所以更希望学校课后服务能提供体育、艺术、劳动、阅读等丰富活动。另外,我也担心开学后作业量会不会增加,希望学校能够继续严格执行作业时长规定,不要用课后服务时间变相上课或布置任务。恳请领导能督促教育部门加强对学校课后服务内容和质量的监督检查,确保孩子能在课后服务中真正受益,健康成长。谢谢!"
5F8ACC3E61EC0ED1DACB0E1E10D044597A0328FC402D188C29225F2E4F5AE043,关于提升学校课后服务质量与内容的建议,"我是一名小学生家长,孩子目前就读公办学校,这个暑假一直在参加学校的课后服务,每天时间不算短。我们家庭经济条件一般,外面学科类培训现在也很少了,所以对学校课后服务寄予厚望。但目前看,服务内容比较单一,基本就是看管写作业,缺少阅读、体育、艺术、科学等多样活动,也没有针对性的学习辅导。孩子虽然待在学校,但收获有限。希望领导能关注课后服务质量,加强师资和经费保障,丰富活动内容,让孩子在课后服务中真正得到发展,也减轻我们家长的负担。"
8DA0365B6F372D92B30B99097E3BB6B5AAB9A5564F5852DDEA3E2B560AA79FB2,关于学校课后服务不应变成变相补课和作业加码的担忧,"我家孩子在本地一所公办小学就读,这个暑假参加了学校组织的课后服务。作为家长,我们经济条件一般,平时也不太能辅导,所以很在意学校课后服务到底能不能起到减轻负担的作用。目前孩子作业时间还算正常,但我担心开学后学校会利用课后服务时间赶进度、讲卷子,把服务变成变相延长上课时间,孩子回家照样要写到很晚。之前听说过同省有的学校作业量很大,孩子晚上做到十点多甚至更晚,主科老师还挤占课间和副科时间,考试频繁,为了应付检查让孩子把作业资料收起来。我们很怕自己孩子也会遇到这种情况。希望领导能督促学校严格落实作业不超过60分钟的规定,把课后服务真正用在答疑和兴趣活动上,不要变相加码;同时规范考试和作业质量,别让孩子从小就学会弄虚作假。"
1F85FB5B73A46D9814EE709CAA51DDB9614D9ACD0F339C4CC6CBBD276D387165,关于关注小学课后服务内容质量与作业设计管理的建议,"领导您好,我是一名小学生家长。孩子目前在公办小学就读,这个暑假学校已经提供课后服务,孩子也参加了。了解到现在要求学校统筹作业总量和时长,孩子近期书面作业时间基本在规范内,我们比较欣慰。但作为家长还是有些担心:课后服务会不会只是把孩子集中起来看管写作业,内容单一?作业时长虽然控制住了,但布置的作业质量如何,是不是还存在重复机械抄写?以前也听说过同省有的学校作业量过大、挤占副课和课间休息,甚至让孩子应付检查。我们希望领导能持续督促学校把课后服务做出实际内容,开展一些体育、艺术、阅读等多样活动,同时加强对作业设计质量的指导,真正减轻学生过重负担,也减轻我们这样普通家庭的压力。谢谢。"
82291EC85CD1D015E089F2BFD91C5BEA2EF831AA85201EB87F33E3CA5F352448,关于小学秋季作业与课后服务质量的担忧建议,"领导您好,我是一名小学生家长,孩子就读公办小学,家庭经济条件一般。现在暑假期间孩子作业量符合规定,但开学后是否还能保持,心里没底。孩子目前参加了学校课后服务,但具体内容和质量我们不太清楚,担心只是集中看管,没有真正进行作业辅导和拓展活动。我们家庭没有给孩子报学科培训班,希望学校课后服务能承担更多辅导责任。听说同省有些学校存在作业超量、挤占休息时间的问题,我们很担心自己孩子也会遇到。希望教育部门能在开学前对学校作业统筹和课后服务安排进行专项检查,确保作业不超时、课后服务有质量,并公布监督举报渠道,让我们家长能反映问题。"
98C729C6F2A83FDCE0B70A4EF580206502D5F4C09572F54BCCD18F348DD92188,关注暑期学校课后服务质量与收费问题,"我家孩子上小学,学校是公办的,离家近。这个暑假学校提供了课后服务,我们让孩子参加了,确实解决了家里看护的困难,尤其是家里人多、经济条件一般,家长要上班,很需要这样的服务。但是作为家长,我有些担心:课后服务的时间虽然长,但内容可能不够丰富,缺少体育、阅读、科普等多样活动;另外,后续是否会有收费或变相收费,对我们中低收入家庭来说是不小的压力。希望领导能督促学校把课后服务做得更实在,丰富活动内容,加强作业辅导,同时明确经费保障,对困难家庭给予减免,让家长真正放心。"
F894C114F0A3DC9D25DBB91F41CFC51E148A70CA2CE18C5108387DF3314CA661,"担心开学后作业负担反弹,希望加强课后服务与作业管理长效监督","领导好。我家孩子上小学,暑假期间参加了学校课后服务,目前书面作业量也符合规定,这让我们家长比较安心。但我听同区其他家长提到过,有的学校以前存在作业超量、主科挤占课间和副科、考试频繁等问题,孩子压力很大。我担心现在作业量少只是假期特殊状态,开学后可能反弹。另外,课后服务虽然按时开设,但希望内容能真正丰富多样,不是简单看管写作业,更不能变成变相补课或集体上课。请上级部门加强对学校日常特别是开学后作业总量和课后服务质量的督查,畅通家长反映问题的渠道,让减负要求真正落到实处,减少我们这些普通家庭的焦虑。"
D2052CB9065598DC3C99452E87DF1A3FB7D16A029B200A8E7DC7CB58E28C5BA9,"希望加强小学课后服务内容监管,别让看护变补课","领导您好。我家孩子上小学,这个月参加了学校的课后服务。我们家里人多、经济条件一般,假期看护确实有困难,很需要学校课后服务帮一把。但作为家长,我也有些担心:以前周边学校就有作业过多、考试频繁、副科被挤占的情况,怕课后服务时间被用来集中写作业或变相补课,内容单一,反而加重孩子负担。孩子虽然现在作业量符合规定,但如果课后服务只是看管写作业,长期下来不利于孩子全面发展。希望政府能督促学校把课后服务真正办好,多安排体育、艺术、劳动、阅读等多样活动,坚持自愿参加,别把课后服务变成变相延长学习时间。谢谢。"
FDB87DE3E14485824423DF7B1B538BFAE958CB8738418242A3B685C7900AB4AC,关于提升学校课后服务质量和持续落实减负的建议,"各位领导好。我家孩子正在读小学,家庭条件一般,没有给孩子报校外学科培训班,目前孩子参加了学校的课后服务,作业量也在规定范围内。但我们心里还是有些不踏实,担心开学后作业负担又加重,或者课后服务只是让孩子坐在教室里写作业、讲题,内容单一,起不到培养兴趣、发展特长的作用。我们这样的家庭没有额外能力给孩子报兴趣班,就盼着学校的课后服务能真正丰富起来,让孩子在学校里既能完成作业,又能接触到一些体育、艺术、科技类的活动。同时,也希望教育部门能继续盯着学校的作业管理,防止作业总量反弹,特别是不要挤占副科和休息时间。恳请领导关注学校课后服务的实际开展情况,加强指导和监督,让政策真正惠及我们普通家庭。谢谢。"
1308E0B24A2D6C7ABDD9F31977D4D00713133C47DCE1624253181869B515442A,关于小学课后服务与作业指导的期盼,"领导好,我是一名小学生家长。孩子目前在公办小学读书,家里经济条件一般,平时工作也比较忙,很依赖学校的课后服务。这个暑假孩子参加了学校组织的课后服务,我们很感激,但也有些担忧。现在校外学科培训管得严,我们本来也没给孩子报过班,但身边有家长担心孩子学习跟不上。我们文化水平有限,辅导不了作业,希望学校能在课后服务里增加作业辅导和答疑,让孩子在学校就能把问题解决,回家能轻松一些。另外,现在书面作业时间规定不超过60分钟,我们孩子作业量是符合的,但还是希望学校能保证作业质量,不要简单重复。开学后,希望课后服务能继续每天提供,内容更丰富一些,比如体育、阅读、兴趣活动,这样孩子既能学好又能玩好,我们家长也能安心工作。谢谢领导关心。"
E3C8699EDE1686F0A04CEA18E22A14C647BCCE03421C045FA91DCA3BC15036D3,关于提升小学课后服务质量的建议,"领导您好,我是本地一名小学生的家长。我家孩子就读公办小学,家庭经济条件一般,家里人口多,平时照顾孩子精力有限。这个月孩子参加了学校课后服务,目前看书面作业量符合规定,睡眠也基本有保障。但我有些担忧:课后服务虽然时间有了,但内容可能比较单一,多是看管写作业或自由活动,缺少真正适合小学生的兴趣活动、体育锻炼或阅读指导。像我们这样的家庭,没有多余钱给孩子报外面的兴趣班,如果学校课后服务只是托管,孩子放学后发展的机会就更少了。希望有关部门能加强对学校课后服务内容和质量的监管,督促学校真正落实内容多样,提供一些不增加家庭负担的素质拓展活动,也希望能保障课后服务的师资和经费,别让好政策停在纸面上。"
84D588203E71AA581D07BEC692EFDB4F64BC2526DD0172973507A2B4FD4F4B5F,关于监督小学课后服务质量和作业负担的建议,"我家孩子在公办小学就读,暑假期间参加了学校课后服务,作为家长很感谢这样的安排,能缓解家里老人多、照护压力大的问题。但我们也有一些担心:同省份有学校以前出现过作业超多、孩子做到很晚、主科老师挤占课间和副科时间的情况,甚至领导检查时让孩子把作业收起来,教孩子不诚实。虽然现在有制度要求控制作业总量、提高作业设计质量,学校也提供了课后服务,但我们担心新学期开始后,课后服务会不会变成变相补课或集中刷题,书面作业又会不会反弹。我们希望领导能持续关注学校落实情况,督促学校真正把课后服务做成内容多样的活动,而不是简单延长学习时间;同时严格监督作业量,保证孩子有足够睡眠和锻炼时间。我们家庭经济不宽裕,没有参加校外培训,更依赖学校提供公平优质的教育。"
BF9B370B5EC723CCE31535FE83A5C1CCF801430668648A8D2638145EA7C18531,关于规范小学作业和课后服务管理的建议,"领导您好。我家孩子在本地一所公办小学就读,目前每月作业量基本符合规定,也参加了学校课后服务。但了解到周边一些学校过去存在作业超量、考试频繁、课间被挤占等现象,我们很担心开学后这些问题反弹。当前制度要求学校统筹作业总量、加强课后服务,但本地小学老师负担较重,我们担心学校落实时流于形式,课后服务可能变成变相加课或看管,没有真正让孩子减轻负担。希望教育部门能加强日常督导,公开监督渠道,对违规增加作业负担、变相补课等行为严肃查处,确保孩子睡眠和休息时间,让课后服务真正提供丰富活动。谢谢。"
6CACE7C7033A44251A9A90A95530E1E5398F9332913F23332E703CF3CFB42805,农村家庭期盼新学期课后服务真正落地,"尊敬的领导,我是一名农村小学生的家长,文化程度不高,家里经济条件也紧张。我们夫妻俩白天都在打工,暑假期间孩子在家,学习和照看都让我们很发愁。最近听说学校新学期要完善课后服务,自愿参加,时间上也能和下班衔接,我们特别期盼这项好政策能真正落实到我们农村学校。我们最关心的是:课后服务能不能有老师认真辅导孩子完成作业、开展一些有益活动,而不是简单看管或者变相补课收费;同时,学校能不能按照要求控制好书面作业总量,不要给家长增加批改辅导的负担。我们这样的家庭没有能力花钱报培训班,孩子在学校能多学一点、被管好一点,对我们太重要了。希望领导能多关注农村学校的师资和经费保障,让课后服务办得好、办得长久。谢谢。"
CCBA990E1F0938151C93F13C768F1025A9766542C2B0AA368313B58CE1CBAE6D,关于乡村小学课后服务与作业管理的诉求,"领导好,我是东部乡村一名小学生的家长。孩子马上要开学了,我和爱人都要打工,家里老人多,文化不高,辅导不了作业。以前学校放学早,我们没法接,也没钱报培训班,只能干着急。现在听说有政策要求学校搞好课后服务,希望能真正落实到我们这样的乡村学校,让孩子放学后能在学校写作业、有老师辅导,别让我们家长再为作业发愁。另外,希望学校能统筹好作业量,别像以前有的学校那样作业写到半夜,也别变相让家长买一堆教辅资料。我们家庭条件不好,但希望孩子能读大学,恳请领导关注农村孩子的实际困难。"
B8B7374197C3DE30C7B0759B054DC6649B1A8F126C036698308C3A56F5025DA7,关于农村小学课后服务落实的诉求,"领导您好,我是一名农村小学孩子的家长,孩子不是毕业班。我们夫妻俩都在打工,家里人多但能辅导作业的人少。听说现在学校要开展课后服务,我们特别希望下学期开学后学校能真正落实,让孩子放学后能在学校把作业做完,有老师指导一下,这样我们下班接孩子也来得及。同时希望作业量能控制好,不要像以前听说的那样写到很晚,孩子睡眠很重要。我们家庭条件一般,也上不起外面的辅导班,只能靠学校。请领导关注农村学校课后服务的师资和经费保障,别让好政策走过场。谢谢。"
A6E0963FAA92990AC1CDEC75F9E1EA3EDE4882221DDF960419DB4F8B9A3F1F16,关于请求保障乡村小学课后服务解决双职工家庭看护困难的留言,"领导您好。我是一名学生家长,家在东部乡村,孩子上小学,不是重点学校。我和孩子爸爸(妈妈)都上班,家里人口多,经济条件一般,我们文化程度不高,辅导孩子学习有些吃力。现在暑假快结束了,孩子放学早,我们下班晚,担心孩子没人看管、作业没人辅导。听说现在学校要完善课后服务,自愿参加,我们特别希望新学期开学后学校能真正落实好,尤其像我们这样的乡村学校,希望师资和经费有保障,内容能实在一些,不要只是看管。我们经济紧张,希望课后服务不要收费太高,对困难家庭能减免。同时,也希望作业量能按照要求控制住,别让孩子负担太重,保证睡眠。恳请领导关注和督促,谢谢。"
241E759211E73B8150AF7593894397C3E0721B67679308BE43CB4E9B18001D93,关于农村小学课后服务内容与质量的诉求,"我是东部农村一名小学生家长,家里经济条件一般,我们两口子文化程度不高,平时都在打工,辅导孩子学习比较吃力。孩子现在上小学,按照年级规定不布置书面家庭作业,这个我们理解,但心里也着急,怕基础打不牢。这学期孩子参加了学校课后服务,听说每周五天、每天至少两小时,但具体做什么我们不太清楚。现在外面学科培训班基本没有了,我们也负担不起,孩子想多学点只能靠学校。希望领导能关注农村学校课后服务的实际质量,不要只是看管,能不能安排老师有针对性地辅导作业、巩固课本知识,或者开展一些阅读、思维拓展活动。我们都是普通家庭,最大的心愿就是孩子能通过学习考上大学,走出农村。恳请领导督促学校把课后服务做实做细,让我们家长放心。"
ED10504573D59222C239B8CFF9AD936D0EA8119D753C0BEB81189CE2CB226109,关于农村小学课后服务质量的诉求,"尊敬的领导:我是一名农村小学家长。孩子目前参加了学校课后服务,每天能在学校多待一段时间,解决了我们双职工接送的难题。但我们两口子文化水平不高,家里老人也多,辅导孩子学习很吃力。我们希望课后服务不要仅仅停留在看管层面,能够真正安排老师进行作业辅导、答疑解惑,同时开展一些阅读、体育、手工等孩子喜欢的活动。我们家经济条件一般,也担心课后服务或相关活动会额外收费,增加负担。恳请领导关注农村学校课后服务的内容和质量,加强指导和保障,让课后服务既解决家长后顾之忧,又真正帮助孩子成长。"
FA06CBFCDF54619B1A14D5DC7A8C6E91C2E2CE6A9551102B77CE7D210BC65185,关于乡村小学课后服务增加作业辅导的建议,"领导您好,我是本地一名小学生家长。孩子今年在乡村公办小学读书,家里条件一般,我和爱人文化程度不高,平时都在上班,辅导孩子功课很吃力。现在学校有课后服务,孩子也参加了,回来作业基本能完成,但我们不清楚课后服务具体安排了什么,担心只是把孩子看管起来,没有真正帮助孩子解决学习问题。以前总听说放学早、家长辅导难,现在虽然作业量看着不多,但我们更希望孩子在学校能把知识学扎实。请领导关注乡村小学课后服务的实际内容,能不能让老师在课后服务里多进行作业辅导和答疑,而不是简单看护。这样我们家长能安心工作,孩子也能得到实实在在的帮助。"
31AD77CCF2279A0BE4281D758FD376166BEBDCC5541F31C98E09E7A0AD1A6081,关于乡村小学课后服务需要加强的建议,"领导好。我是东部地区一名乡村小学生的家长。我们夫妻俩都要上班,家里经济条件一般,我们文化程度也不高,辅导孩子学习比较吃力。孩子现在参加了学校的课后服务,放学后能在学校多待一会儿,但我们有些担心课后服务能不能真正帮孩子把学习抓好。现在外面补课班少了,我们也没有条件花钱请人辅导。希望政府能多支持我们乡村学校的课后服务,增加一些有经验的老师,丰富课程内容,让孩子在学校里既能完成学习任务,又能得到一些学习上的指导,这样我们家长也能安心工作。谢谢。"
A7836D7E5B36A99A9E0AB15609A7FB2A46356BFDB760D138380BEDB67B797755,关于提升农村小学课后服务内容的请求,"领导好,我是东部某乡村一名小学生家长。孩子现在不是毕业年级,按规定回家基本没有书面作业,这个情况我们理解也配合。但我和孩子爸爸都有工作,文化程度不高,家里人口多,下班后能陪孩子学习的时间有限。孩子这个月参加了学校课后服务,每天时间不短,我们很感激,但担心课后服务更多是单纯看管,缺少有针对性的学习习惯培养、阅读指导和体育活动。现在外面学科类培训少了,我们家经济条件也不允许报班,学校就成了孩子最重要的学习场所。希望领导能督促学校把课后服务内容做实一些,特别是对我们这样家长辅导能力弱的农村家庭,能在课后服务里安排老师答疑、组织阅读和兴趣活动,而不是让孩子干坐着。等开学后也能继续优化,真正让课后服务帮到孩子,不因家庭条件拉大差距。"
84F51F07528B1932EB88E74EF4CF519BFA258B65A7A42813F1932C02406C6D01,关于农村学校课后服务盼加强作业辅导的诉求,"领导好,我是农村小学家长。我们两口子都在打工,文化程度不高,孩子放学后的作业辅导一直很吃力。现在学校有课后服务,孩子这个月也参加了,但我们心里没底,担心课后服务只是把孩子集中看管,没有老师真正辅导作业或组织有益活动。我们家庭条件一般,也怕以后课后服务变相收费或让买资料,增加负担。希望领导能督促学校把课后服务做实,利用这段时间让老师指导孩子完成作业、开展阅读或体育活动,既解决我们辅导难的问题,也让孩子课后时间更有意义。谢谢。"
793DA85D1662F946FDC3DDF5EEDDFAB8A024E4D8D6BFE11DCE2F9B3F9E1FA932,希望学校课后服务能多辅导孩子学习,"领导您好。我是农村小学学生的家长,家里条件一般,我和孩子爸爸都在上班,孩子这个月在学校参加课后服务。学校说每天不少于两小时,但我们最担心的是这两小时只是让孩子坐在教室里,没有老师真正辅导作业、讲解不会的题。我和孩子爸爸文化不高,晚上回家也教不了。以前也听过有的学校作业写到很晚,家长只能干着急。现在外面的培训班少了,我们也负担不起,所以特别希望学校能把课后服务里的作业辅导和学习指导抓实,老师能利用这段时间帮孩子查漏补缺,别让孩子一直拖着问题回家。另外也希望监管一下,不要借着课后服务再让家长买这买那。谢谢。"
9175E4FF5B4EB33158CD8EAE7C608675491C22114C86707F09E7C4888DE08B6C,关于提升农村学校课后服务学业辅导质量的建议,"领导您好。我是一名农村小学生的家长,孩子就读村里公办小学。我们夫妻文化程度都不高,平时都要上班,家里人口多,能专门辅导孩子学习的时间有限,经济条件也一般。这个暑假学校开展了课后服务,孩子也参加了。我们很高兴有地方看管孩子,但又担心课后服务只是简单看护,没有真正辅导作业、教知识。我们以前没给孩子报过校外培训班,现在外面培训班也少了,我们担心孩子学习上遇到困难时家里帮不上。希望领导能关注农村学校课后服务的质量,督促学校丰富内容,增加作业辅导和学习指导,同时给农村学校多一些师资和经费支持,让农村孩子也能享受到实实在在的课后辅导,不输在起跑线上。谢谢。"
2ADF8FB15096507191E198E39E01EE79C30E3499208DD3F552B94EEF594DD71D,关于农村小学暑期课后服务内容与质量的诉求,"我家住在村里,孩子读公办小学,家里经济条件比较紧张,我和爱人白天都要工作,文化程度也不高。暑假孩子能参加学校课后服务,我们确实轻松不少。但心里有些不踏实:乡村学校条件有限,我们担心课后服务只是把孩子集中看护,缺少老师带着做些有意义的活动。这个年级平时不布置书面家庭作业,我们也不会辅导,如果假期两个月孩子就这么干坐着,怕开学后学习习惯和状态跟不上。希望上级能多关注农村学校暑期课后服务的实际质量,督促学校在照看安全的同时,安排一些适合小学生的阅读、练字、口算、画画、体育游戏等,有条件的老师适当指导学习习惯。也请保障乡村学校开展这类服务的师资和经费,让老师愿意安心带。这样我们家长能踏实上班,孩子假期也能有收获。"
9A214B030FB70B55844D52D4E5CFB8B54BE1B51459A2AC71F3DDDAA0F8BFA4DD,希望加强农村小学暑假课后服务的学习辅导,"各位领导好,我是村里小学孩子的家长。我们两口子都在打工,家里老人多,文化低,辅导不了孩子。现在暑假,孩子参加了学校课后服务,我们很感谢有人照看,但心里也着急。孩子这个年级没有书面家庭作业,我们不知道该让他学什么。家里条件有限,也报不起外面的班,只能指望学校。希望领导督促学校把课后服务做得更实在一些,每天能安排老师带着孩子读读书、写写字、讲讲基础知识,或者检查一下作业,别只是看管着没事做。我们农村孩子本来学习资源就少,课后服务要是能帮孩子补上这一块就好了。谢谢领导关心。"
6BD41AEB0C7F711DFA6E882F5B93F39F606157041E8A090A986F96E10702193D,希望农村学校课后服务能真正辅导作业和开展活动,"领导好,我是东部农村的一名小学生家长。家里条件一般,我和孩子爸爸都要上班,文化程度不高,辅导孩子学习很吃力。这个月孩子参加了学校课后服务,我们很感激。但我们担心,开学以后课后服务能不能一直办好,能不能有老师真正辅导作业,而不是只看着孩子。以前就听说过有孩子作业写到很晚,家长干着急;也有学校让买各种资料,我们负担不起。现在我们这里校外培训班很少,我们也上不起,所以更指望学校。希望领导督促学校把课后服务做扎实,特别是作业辅导和兴趣活动,同时管好作业总量,别让书面作业又压到家长身上。农村孩子没有别的资源,只能靠学校了。"
5F7BD2684557D4051824388FEED1E92E19C08ECD5469B1A5DA80A4593890A702,关于农村小学课后服务与作业管理的诉求,"各位领导好。我是一名东部农村小学生的家长,家里经济条件一般,我们夫妻白天都要上班,文化程度不高,家里人口多,照顾孩子学习确实吃力。这个暑假孩子参加了学校组织的课后服务,我们觉得是个好事。马上要开学了,我最担心的是开学后书面作业又变多,课后服务只是看孩子、不辅导作业,我们又没有能力在校外补课。希望领导能督促教育部门在秋季开学后加强对农村学校的检查指导,真正把作业总量管住,把课后服务的作业辅导和活动内容做扎实,让孩子尽量在学校完成学习任务,减轻我们这种家庭的负担。"
32EE9F7C506AD95BC0920D78B6702D33D6B503C035EF4A9FC75C973F60B82736,希望农村小学课后服务能加强学习辅导,"我家孩子上小学,在村里公办学校读书。我们两口子文化程度不高,家里经济也不宽裕,以前也没让孩子上过外面的补习班。现在学校有课后服务,孩子这个月也参加了,每天两个多小时。但我们心里有些担心,怕这两个小时只是把孩子集中看管,没有真正帮助孩子学习。现在低年级原则上不布置书面家庭作业,孩子回家基本没作业,我们又辅导不了,外面培训班也少了,更请不起家教,很怕孩子学习基础打不牢。我们盼着孩子以后能考上大学,但农村条件有限,只能靠学校。希望领导能关注农村学校课后服务的师资和内容,让课后服务不只是看护,还能有老师针对孩子的薄弱地方进行辅导,或者组织一些有益的阅读和练习,别让这两个小时白白过去。这样我们家长也能放心一些。"
70C1354814E3F9E5B3C8F0D7D7F3C4622848DB8365AED9BFBEA0B9CC9582BF2D,关于农村小学暑期课后服务加强作业辅导的请求,"领导您好。我是村里一名小学孩子的家长,我们两口子都在外打工,文化水平不高,家里条件也一般,没法给孩子辅导功课。现在孩子暑假参加了学校的课后服务,作业量是符合规定的,但我们心里一直不踏实,担心这两个小时只是把孩子集中看管,没有老师真正答疑辅导。希望领导能关注农村学校课后服务的实际内容,督促学校利用好这段时间,安排老师帮孩子把当天的作业讲一讲、查漏补缺,再开展一些不花钱的兴趣活动。也请留意不要出现变相要求购买资料或额外收费的情况,让我们这样的家庭能真正放心。"
EAB0D902B031790B7B9E311472B474B79C9DDA1AB02A65873C75845128102D01,关于农村小学课后服务内容与辅导质量的请求,"领导您好。我孩子在村里公办小学读书,家里经济条件一般,我和对象都要上班,老人辅导不了功课。现在孩子参加学校课后服务,但听孩子说课后服务基本就是自己写作业或玩,作业很少,老师不怎么讲。我们担心孩子基础打不牢,以后升学会吃力。以前周边有学校作业多到孩子写到很晚,现在作业少了是好事,可我们又怕课后服务没有真正辅导学习,只是单纯看管。我们家长文化低,就指望学校能多教一点。希望领导能关注农村学校课后服务的实际质量,让老师利用课后服务时间给孩子讲讲题、补补课,别让这段时间浪费了。谢谢。"
1DC86E46246E3B8A4F6DB0B7D62732459FBA1A4E247FE3E7C6C5F3A45DA1856F,关于乡村小学课后服务内容与质量的诉求,"领导您好。我是东部乡村一名小学生家长。孩子目前在公办小学就读,我们家庭经济条件一般,我和孩子妈妈文化程度不高,平时辅导功课比较吃力。孩子这个年级平时原则上不布置书面家庭作业,但作为家长,我们还是希望孩子能跟上学习进度。现在暑假期间,孩子按学校安排参加了课后服务,我们很感谢,但也担心课后服务能不能真正提供作业辅导、阅读和体育活动,而不是简单看管。我们文化不高,家里也没条件额外报班,如果课后服务能做实,对像我们这样的家庭帮助会很大。听说一些家长也反映放学早、辅导难的问题。希望政府能督促学校把课后服务内容做扎实,针对乡村学校加强师资和经费保障,让课后服务既能辅导学业,也能开展多样活动。谢谢。"
389F09579AC00F3FB3E7A2B167E844C52FA7444E6E31DD21ACAA3807D19B0F6E,关于暑假作业负担过重盼统筹管理的诉求,"领导您好。我是一名初中生家长,孩子就读于本地一所公办初中。最近正值暑假,我们感觉孩子的书面作业负担偏重,完成时间可能已经超过了现行规定的90分钟上限。作为双职工家庭,我们平时工作较忙,很难有足够精力辅导和督促,看到孩子经常为作业焦虑,心里很不是滋味。现在政策一直强调要统筹作业总量、提高作业设计质量,但我们担心学校在落实上还有差距,暑假作业仍以大量刷题为主。希望教育部门能关注一下这类情况,在开学前对学校暑假作业安排进行检查和指导,督促学校真正把作业量控制在合理范围内,多布置一些有质量的作业,让孩子有时间锻炼、阅读和休息。同时,也希望开学后学校能落实好课后服务,让孩子尽量在校完成作业,减轻我们的家庭压力。谢谢。"
E280F7A2FAFD537825C5E93D3297EF4C95762DE4976394B63DC232753D665332,关于暑期初中书面作业超时影响孩子休息的反映,"尊敬的领导,您好。我是东部城镇一名初中生家长。这个暑假,学校布置的书面作业量较大,孩子本月好几次写作业到很晚,用时明显超过规定的90分钟上限。我们夫妻都上班,晚上才能抽空看孩子,既心疼又无力辅导。作为家长,我不反对巩固知识,但假期应是调整和拓展的时间,现在孩子整天埋头赶作业,睡眠和运动都受影响。我也担心,作业压得这么紧,个别老师或机构还会借机推销资料或补习,加重家庭负担。我们希望教育部门能在开学前对学校暑期作业情况进行核查,督促学校严格落实作业统筹和时长要求;同时希望新学期课后服务能真正提供作业指导,让孩子尽量在学校完成大部分书面作业,回家有喘息时间。我们愿意配合学校,但希望能给孩子一个合理的学习节奏。"
A068F5C35A4098187AF42663FD08DE57787C27C3C7119BE3FD408BDBABD8DCB6,关于初中生暑假作业负担与课后服务的诉求,"领导您好,我是一名初中学生的家长。孩子目前在公办学校读初中,家里双职工,平时陪伴时间有限。这个暑假,孩子的书面作业量折算下来和规定的每天不超过90分钟的要求对不上,写起来很吃力,我们很担心开学后学校还是不能统筹好作业总量。另外,周边学科培训收费仍然不低,虽然我们家孩子没怎么报班,但不少家长怕孩子掉队不得不交钱,压力很大。希望领导能督促学校严格落实作业时长规定,加强校内指导,同时加快规范校外培训收费,把课后服务做扎实,让孩子开学后能真正减负,家长也能安心工作。"
3785BF4ECCEF94669A8517CEC7C652CFE86B7C34F398C96EE78638D5E74EC208,关于规范暑假书面作业、减轻初中生负担的诉求,"领导您好,我是一名初中生家长,孩子就读于城镇公办初中。暑假期间,孩子在家完成学校布置的书面作业,感觉时间比较长,可能超过了规定的每天90分钟,给孩子和家庭带来不小压力。我们理解学校的教学安排和巩固知识的需要,但希望学校能严格落实作业统筹和时长规定,合理布置暑假书面作业,让孩子有适当休息、体育锻炼和自主阅读的时间。同时,我们也关注到课后服务和校外培训的规范问题,担心暑假期间变相增加学生负担或家庭经济压力。请领导督促相关部门和学校加强指导与监督,让好政策真正惠及学生和家长。谢谢领导关心。"
38E3B4175EE83B271438AB0CB32D230A2B72FACA9983ECC78F1C71A5AA601289,关于提升初中课后服务质量减轻家庭校外培训压力的建议,"我是一名初中生家长,孩子就读于普通公办初中。我们夫妻都在上班,平时工作较忙,孩子放学后的照管和学习辅导一直是我们最大的难题。现在学校按要求提供了课后服务,孩子也参加了,但我们感觉课后服务在作业辅导和学业提升方面的针对性不够,孩子回家后我们仍要花不少精力督促学习,因此家里只能继续给孩子报名校外学科培训。虽然培训费用相比以前有所下降,但接送、时间和精力上的负担依然不小。希望政府能进一步加强对学校课后服务的指导和支持,特别是提高初中课后服务的学业辅导质量,安排更有经验的老师进行分层指导,让课后服务真正解决家长的后顾之忧,减少家庭对校外培训的依赖。同时,也希望在规范校外培训的同时,能统筹提供更多优质的公益学习资源,帮助孩子在校内学足学好。"
BFE4736AD1DD68B80701C586BAC4621650635758B7BB2D7674823BDC88A8870A,关于加强初中课后服务与严管隐形学科培训的建议,"我家孩子是初中生,这学期参加了学校课后服务,也还在参加少量学科类校外培训。虽然培训收费比过去下降,但市场上正规供给明显减少,我们担心开学后会出现更多隐蔽补课或变相收费,尤其可能有教师私下办班、指定购买资料,不参加的孩子会被区别对待。希望领导关注开学后校外培训治理,严查隐形变异培训,同时提升学校课后服务的辅导质量,真正把作业答疑和拓展活动安排好,让家长不必一边交课后服务费一边再找补课,减轻家庭负担和孩子压力。"
6064AC3C5D35DE9687417914F1EFC90911DB81A16E62476518B6293856436E2F,关于提升课后服务学业辅导质量并规范校外培训的建议,"领导您好,我是一名初中生家长。孩子目前参加了学校的课后服务,同时还在外面参加学科类培训。虽然现在培训收费比之前降了一些,但市场上合规的学科培训明显减少,选择很有限,我们担心培训质量参差不齐,又怕不补课孩子学习跟不上。身边以前有过老师私下补课、变相推销资料的情况,现在管得严了,可还是担心有隐形变异的培训换个形式存在。我们希望学校能把课后服务做得更实一些,增加学业辅导和答疑时间,让孩子在学校就能解决大部分学习问题,减少我们不得不给孩子报校外培训的压力。同时,也请领导继续加强对隐形变异培训的查处,规范收费和预收费管理,让我们家长能安心配合学校抓好孩子的学习。"
B240545D92EFF12C7068F6AE98DB027332B3D5C5A5DAD3D6AA189133EA566D44,关于提升课后服务质量、减少校外培训依赖的建议,"领导您好。我是一名初中生家长,孩子目前就读公办初中。新学期马上开学了,我想反映一下课后服务和校外培训的问题。我家孩子这个月参加了学校的课后服务,但同时也还在外面参加学科类培训,虽然现在培训费用比之前降了一些,但对我们双职工家庭来说,时间、精力和经济压力还是不小。我们最担心的是,如果学校课后服务只是看管写作业,不能真正帮孩子解决学习上的疑难,那家长只能继续花钱找外面的培训,不然就怕孩子落后。希望政府能督促学校把课后服务做扎实,增加一些有针对性的学业辅导,让孩子在校内就能把问题解决,这样我们也能少花冤枉钱。同时也希望继续管好校外培训的收费和内容,别让家长一边交着钱一边心里没底。谢谢。"
90C6220A61F4DDDF8B511C8495FCD86B89AA246254549791FF472A62C85A36C2,希望加强暑期课后服务减轻校外培训负担,"我家孩子读初中,在公办学校,暑假期间参加了学校的课后服务,每天两小时左右。我们夫妻都在上班,家里时间比较紧,学校能提供课后服务确实减轻了看护压力。但为了孩子学业,我们还在外面报了学科类培训,虽然现在费用比之前降了一些,但两边加起来,孩子每天时间排得很满,暑假也没能好好休息。我们希望学校课后服务能再充实一些,尤其是作业辅导和学习方法指导,让孩子在校内就能解决大部分学习问题,减少我们对校外培训的依赖。也请有关部门继续规范校外培训,防止隐形变异培训加重负担。谢谢。"
E01864633A9ACB10FF10CAB66F4728B3003D71DF27CCA569F0FE196EFB9F1905,关于假期初中生校外培训与学校托管的建议,"书记您好,我是一名初中生家长。暑假期间,孩子参加了学校提供的课后服务,每天在校时间较充足,方便了双职工家庭。但我们仍然给孩子报名了学科类校外培训,虽然收费比过去有所下降,可市场上合规的机构明显减少,选择面变窄。我们担心后续培训费用会反弹,或者出现变相补课、指定购买资料等情况。此前同省也有家长反映过民办辅导班收费过高、老师私下开班等问题,我们对此很关注。希望领导能持续规范学科类培训的收费和办学行为,同时进一步丰富假期学校托管服务的内容,让孩子在校内就能得到有效的学习辅导和活动安排,减轻家庭的经济和精神负担。"
22A850367FE17B367AD87F37B55B7B581FC6423CC2E18F8F127B2C525E3E5070,希望提升学校课后服务质量减轻家庭校外培训负担,"领导好。我是一名初中学生的家长。现在孩子每天参加学校的课后服务,这为我们双职工家庭解决了接送和看护问题,我们很感激。但作为家长,我还是不得不为孩子继续报名参加校外的学科类培训,才能稍微安心。虽然现在培训收费比过去有所下降,但对我们这样的普通家庭来说,仍然是一笔不小的经济和时间负担。我们很担心如果不参加,孩子会与其他参加培训的同学拉开差距,这种焦虑一直存在。从我们家长的角度,希望学校课后服务能够进一步丰富内容、提高作业辅导和学科巩固的针对性,真正让孩子在校内就能解决大部分学习问题,减少我们对校外培训的依赖。同时,也恳请领导持续关注校外学科类培训的收费和内容规范,防止出现变相收费、隐形培训或者教师违规补课等现象,让我们家长能更放心。谢谢。"
93F537006E8AC58EB282390C354A570B9F498A9870A534948318E2CA7F079727,关于暑期校外培训收费与课后服务质量的诉求,"领导您好。我是一名初中生家长,孩子公办学校就读,暑假期间参加了学校课后服务,同时因为担心学业差距,仍在参加校外学科类培训。虽然目前培训收费负担比之前有所下降,但我们仍担心一些机构借假期名义变相涨价或增加隐形收费,也担心其他家庭被高价辅导压垮。希望政府能持续加强对暑期校外培训收费和预收费的监管,让收费更透明合理。同时,也希望学校课后服务内容更丰富、质量更高,特别是暑假期间能提供有效的学习辅导和兴趣活动,减少家长对校外培训的依赖,让我们不必为补课焦虑。谢谢。"
4B19CF49FB7BC7C3129D043922265B975148362A40E3A0EA22D2B4BC39A82E2F,关于暑期初中生课后服务与校外培训规范的建议,"领导您好,我是东部城镇一名初中生家长。孩子今年暑假参加了学校的课后服务,每周五天、每天两小时,解决了白天看护问题,我们很感谢。但作为初中生家长,升学压力面前,现有的课后服务内容还不够解渴,孩子仍需要参加校外学科培训来补足学习需求。现在学科培训市场收缩,我们能选的合规机构越来越少,虽然费用比过去低一些,但更担心机构随时可能调整或退出,预交的费用没有保障。希望领导能关注暑假期间初中生的学业支持问题:一方面推动学校暑期课后服务增加更有针对性的学习指导和答疑内容;另一方面加强对现存学科培训机构的资金监管和信息公示,让家长交费放心、孩子学习安心。"
24D4755EAE0402235EA65EC40D9946D4E7D6EBA891C329428A03E269D664CE6B,关于延长初中暑期学校课后服务时间的建议,"领导您好,我是一名初中生家长。暑假期间,孩子参加了学校的课后服务,但每天只有两小时左右,对于我们双职工家庭来说时间太短,孩子大部分时间还是无人照看。我们担心孩子独自在家不安全,也怕他沉迷游戏。现在校外学科培训虽然收费降了,但合规机构少,选择有限,我们只好继续给孩子报班,负担仍然不轻。希望领导能协调延长学校暑期课后服务时间,或者增加社区公益托管,让孩子假期有去处、有人管,我们也能安心上班。"
A37548C032C15A6FD4093AD64923CA6992FEE1D8BA90826ECB69B7F00433D785,关于完善暑期课后服务与规范隐形学科培训的建议,"领导您好。我家孩子读初中,我们夫妻都上班,暑假白天主要靠学校课后服务,同时也在上一家收费已经降下来的合规学科培训。可是我们学校不是重点,课后服务大多是看管和基础答疑,想给孩子针对薄弱科目提高,选择非常有限。以前这一带家长就常反映民办机构收费太高、个别老师私下办班或指定买资料,现在明面上少了,但担心这些变成更隐蔽的小班或一对一,普通家庭要么找不到可靠渠道,要么被价格不透明套住。希望领导多关注暑假期间初中生的学业支持,给非重点学校课后服务增加师资和课程设计投入,同时严查隐形变异培训乱收费,公开合规机构信息,让我们双职工家庭能踏实一些。"
95FB9200799D0A0C995BF02D5908B824B9C6F88B372C7DCD7B6CD97C18FAFB4E,关于提升学校课后服务质量减少校外培训依赖的建议,"领导好,我是一名初中生家长。孩子目前在公办初中就读,暑假期间学校提供了课后服务,我们孩子也参加了。现在校外学科类培训虽然收费有所下降,但我们还是给孩子报了班,主要是担心学校课后服务的学业辅导不够系统,怕孩子学习掉队。希望教育部门能指导学校在课后服务中增加更有针对性的学业辅导和拓展内容,尤其是初中阶段的学习方法指导,同时加强对教师行为的监管,避免出现变相引导参加校外培训的情况。这样我们家长也能更放心地减少校外培训,减轻时间和经济负担。谢谢。"
F5479693362B806BF99E96C56380672B92AC7F725315DDC4BB119E8A21EA9432,关于提升初中课后服务质量与规范校外培训的建议,"我是一名东部城镇初中生家长,孩子就读公办非重点学校,我们夫妻均上班,家庭照护时间有限。暑假期间孩子参加了学校提供的课后服务,解决了部分看护难题,但感觉服务内容在初中学业指导、方法培养和素质拓展上还有提升空间。目前学科类校外培训市场供给收缩,我家因学习需要仍参加合规培训,收费虽有所下降,但对机构的稳定性、师资质量和资金安全仍存担忧。希望政府能进一步指导学校丰富课后服务内容,提高针对性和吸引力,让更多家庭可以依靠校内服务减少对校外培训的过度依赖;同时继续规范校外培训市场,保障合规机构有序运营,给家长一个安全、透明的选择环境。"
39555FDE5208DEDB9C47E20E801F7634F289459A061FA14DEA21C68EC2F933E2,关于暑假和开学后校外培训与课后服务的几点担忧,"领导您好。我是一名初中生家长,家在东部城镇,孩子就读公办初中。现在正值暑假,孩子本月参加了学校课后服务,书面作业时间也符合规定,这些我们比较认可。但目前学科类校外培训市场收缩后,我们家庭虽然还在参加,收费确实比过去低了一些,可心里并不踏实。身边有家长过去被高价民办辅导班压得喘不过气,也听说过有老师私下开班、变相指定资料的事情。现在快到秋季开学了,我们最担心的是正规培训减少后,隐形变异培训换个形式冒出来,让不参加的家庭怕被拉开差距,参加了又怕质量没保障、退费没规矩。同时,学校课后服务虽然要求每天至少两个小时、每周五天,但时间有了,内容能不能跟上、老师能不能真正指导作业、能不能满足不同孩子的需要,我们还不清楚。希望领导督促相关部门:一是加大对隐形变异学科培训的查处和日常巡查,尤其是在社区、居民楼和线上群组;二是指导学校把课后服务做扎实,不要只看着时间达标,要多些作业辅导、体育和兴趣活动;三是继续关注培训收费和预收费监管,防止换个名目涨价。作为家长,我们不是反对规范,是希望规范之后孩子有更好的成长环境,家庭负担也能真正减轻。谢谢。"
AB61D998F8F36B6410536DC8E437AE68CEE9841222981FC7650D0DEAA15248C4,关于暑期学科培训隐形反弹和校内托管质量的诉求,"领导好,我是一名初中生家长。暑假里孩子参加了学校课后服务,书面作业时间也符合规定,但心里还是不太踏实。现在外面正规的学科培训班明显少了,可身边有家长反映,一些转入地下或变相开展的辅导收费并不低,过去还有老师私自开班、指定买资料的情况,我们担心这些换个形式又冒出来。家庭虽然不算困难,也怕被越收越高,更怕不补就被拉开差距。希望领导督促相关部门在暑假期间加强对隐形变异学科培训的监管,同时对学校暑期课后服务的内容和质量多上心,让孩子在校内就能得到有效指导和拓展,减少家长对校外培训的依赖。"
E71CE25BEFE8D69F78B6503E175E924E1FDA6871794BE54A9C8E57D2D7889984,关于提升课后服务质量与规范校外培训的建议,"领导您好,我是一名初中生家长。孩子目前在公办初中就读,我们夫妻双方都要上班,家庭时间比较紧。这个暑假孩子参加了学校的课后服务,同时也还在参加校外的学科类培训。现在校外培训的选择比以前少了,收费虽然降了一些,但我们还是担心培训质量和效果。学校课后服务在一定程度上缓解了我们双职工家庭的时间压力,但作为家长,我们更希望课后服务能在学业辅导上更有针对性,帮助孩子巩固知识、提升能力,毕竟我们对孩子的期望比较高。另外,我们也担心校外培训市场收缩后,一些不规范的培训会转入地下,或者收费反弹。希望领导能关注课后服务的实际质量,督促学校丰富内容、加强师资,同时继续规范校外培训,让我们家长能安心一些。"
546B7E28C4F3CE89C10C6AF2E8B95F5476FFABABCEC8905F8FE3DAD7FA1DD7B7,希望新学期农村初中课后服务能真正帮孩子完成作业,"领导好,我是农村初中孩子的家长。我们两口子都要干活养家,文化程度不高,孩子马上要升入关键年级,暑假作业虽然不算多,但平时一到开学我们就发愁辅导。家里条件一般,也没钱送孩子去外面补课。现在听说要求学校加强作业设计和课后服务,希望新学期学校能真正把课后服务用好,老师能指导孩子在校完成作业,不要只是看着孩子上自习。我们农村学校资源少,老师也辛苦,但孩子想考大学,我们实在帮不上。请领导多关心农村初中的课后服务落实,别让孩子因为家里没人辅导就落后。"
210D22748BB3701D18EA7DC6F5290CAF8D309F626276A6E80F7F134BA8F529AB,关于农村初中课后服务与作业减负的诉求,"尊敬的领导,我是东北农村的一名初中生家长。孩子今年升初中,我们两口子文化程度不高,加上工作忙,辅导孩子作业很吃力。现在政策要求学校统筹作业、规范补课、完善课后服务,我们特别希望这些好政策能在我们农村学校真正落实。我们家庭条件一般,从来没给孩子报过学科辅导班,就怕孩子跟不上,又没钱补课。以前听说有的孩子作业写到半夜,老师课堂不讲课后补课收费,我们很担心。现在暑假快结束了,孩子马上开学,我们希望学校能把课后服务办起来,让孩子在校就能把作业写完、有老师辅导,我们下班接孩子也方便。不要让孩子因为家里没人管、没钱补课就落在后面。请领导督促学校做好开学后的课后服务安排,减轻我们农村家长的负担。"
AAC0FCD96A04DBD405DE4BF9F2AFF1E6C9F102ED9FCCE0A2155D5FB0AFD1630F,希望保障乡村初中课后服务落实,"领导您好,我是一名东北农村的初中生家长。孩子今年面临升学衔接,我们两口子文化不高,都在上班,家里经济条件一般,暑假也没钱给孩子报班补课。现在政策要求学校减少作业、提供课后服务,我们很盼望。孩子这个月书面作业情况还算符合规定,但我们担心开学后学校不是重点,师资和经费有限,课后服务会不会只是走形式?我们白天上班,孩子放学后没人管,如果学校能真正把课后服务办好,让孩子在学校完成作业、有老师答疑,我们就能安心工作。也希望继续严管校外补课,别让补课风抬头,我们实在负担不起。恳请领导关注乡村初中的课后服务落实,让孩子升学衔接不掉队,给我们普通家庭一个公平的机会。"
DF598ED013427567C5F92DFCBA15DCDE27503BCFF0A3F178D03D54CEC2B4F126,关于农村初中升学衔接年级课后服务与作业管理的诉求,"领导您好,我是东北农村的一名初中生家长。孩子马上进入升学衔接年级,我们夫妻都在工作,平时时间有限,自己文化水平有限,辅导孩子学习很吃力。现在政策要求学校统筹作业、提供课后服务,我们很期待,但也担心农村学校落实不到位。希望政府能督促学校把课后服务真正开展起来,让孩子在学校完成作业、得到老师辅导,既减轻我们家长的负担,也避免孩子因为家庭条件跟不上而掉队。同时希望学校能公开作业安排,保持作业量合理,让我们心里有底。谢谢领导关心。"
3B458D26290E5C7330C09FF17491839821D73C488466EFC3A31D3374FCC488A1,关于乡村初中升学衔接年级课后服务加强学业辅导的建议,"我家孩子在乡村公办初中就读,正处在升学衔接的关键年级。我们夫妻平时都要上班,文化程度也不高,家里能辅导孩子学习的时间和能力都比较有限。孩子现在每天参加学校课后服务,作业时间也基本能控制在规定范围内,这让我们稍微安心。但课后服务目前更多是看护和完成作业,对于升学衔接年级的孩子来说,学科上的查漏补缺、学习方法指导和升学规划支持还比较缺乏。我们这边是乡村学校,师资和资源本来就有限,孩子之前也没有参加校外学科培训,现在校外培训大幅减少,想补课也没有合适渠道。希望领导能重视乡村学校课后服务的质量,在课后服务时段增加针对升学衔接学生的分层辅导、答疑和升学指导,统筹配备专业教师,别让乡村孩子在关键年级掉队。同时,能否对家庭经济条件一般、父母没时间辅导的学生给予更多关注,让校内服务真正起到托底和助力作用。"
268EB23F698D848DC457E471FD0D862B2F8FA85B458ACD663F3252366D3A5377,希望农村学校课后服务别流于形式,"领导好,我是农村的一名初中生家长。孩子正处在升学衔接年级,目前每天都参加学校的课后服务,我们非常支持。但作为家长,我们文化程度不高,白天都在工作,晚上也没能力辅导孩子。现在外面学科培训少了,我们家庭条件也请不起家教,学校课后服务就成了孩子学业上最重要的依靠。我们担心农村学校师资和条件有限,课后服务会不会只是简单看管,没有真正帮孩子答疑解惑、巩固知识。尤其孩子马上面临升学,如果校内支持不够,像我们这样普通家庭的孩子很可能掉队。希望领导能关注农村学校课后服务的实际质量,在师资和经费上多给予保障,让课后服务真正用于学业辅导和升学指导,别让家庭条件影响孩子的前途。"
554B506353A851B3B47D75DC9F559AF7FD510782B0FD00CFC98FAC71B51A9BFD,关于农村初中升学衔接年级课后服务质量的担忧与请求,"领导您好,我是农村一名初中生家长。孩子正处在升学衔接的关键年级,家里经济条件一般,父母都要打工,没太多时间辅导,也拿不出钱让孩子去上外面的补习班。现在学校有课后服务,孩子每天都在参加,我们很感激。但说实话,心里一直不踏实:农村学校师资和条件本来就有限,课后服务会不会只是看着孩子写作业,缺少有针对性的学业辅导和升学指导?如果课后服务内容单一,孩子不会的题还是没人讲,最后只能靠自己硬熬,和城里孩子的差距会越来越大。作为家长,我们不求别的,只希望孩子能有一个公平的升学机会。恳请领导重视农村学校课后服务的质量,统筹安排师资和内容,特别是对升学衔接年级加强学业辅导、答疑和励志教育,让孩子在校内就能得到实实在在的帮助,减轻我们普通家庭的经济和精神负担。"
312249FE8C48A131196F3B13026AF4E1AD639F044E4AD12D560F957FEC1B7029,关于乡村学校课后服务质量的建议,"领导您好,我是一名乡村初中学生的家长。孩子正处在升学衔接的关键阶段,家里条件一般,我和孩子妈妈都是初中文化,平时打工也没时间辅导孩子学习。现在政策要求学校提供课后服务,我们也让孩子参加了,这解决了我们接送和辅导的一些困难。但我们担心课后服务更多是看管写作业,对像我们这样家长辅导不了、又没钱上补习班的孩子,可能缺少针对性的学习辅导。我们这里学校不是重点,师资条件有限,孩子想考上好高中、以后上大学,光靠学校日常教学可能不够。希望领导能重视乡村学校课后服务的质量,督促学校针对升学衔接年级提供有效的学业帮助,让课后服务真正发挥作用,缩小城乡教育差距。"
32F40CB7A352A7B6EEEA084E6BC3743EBB7CC138CC0764C846BB7BBEE63FDA4B,关于提升农村初中衔接年级课后服务质量的建议,"领导好。我家在东北农村,孩子今年升入初中衔接年级。我们两口子都在打工,文化水平不高,家里经济条件也一般,孩子以前没上过校外补习班。现在外面学科培训少了,我们更指望学校课后服务能帮孩子顺利适应初中学习。孩子这个暑假参加了学校课后服务,但开学后课后服务的内容和质量我们心里没底。希望上级能督促学校在课后服务时间加强作业辅导,特别是数学、英语等衔接难度大的科目,能安排老师答疑,而不是简单看管。同时希望课后服务坚持自愿,时间上能衔接我们下班接孩子,活动也丰富一些,减轻我们农村家庭负担。"
0BE60AAB24BB352F7CB372DDC08F9D99FCD04AD5CB1D1B465A53CD9E5ED492E8,农村初中衔接年级课后服务需要真正帮到孩子,"领导您好,我是东北农村的一名学生家长。孩子正处在升学衔接的初中阶段,我们两口子文化都不高,又都要上班,家里经济条件一般。以前补课费用太高,像我们这样的家庭很难承受,现在学校有课后服务,孩子这个月也在参加,可我们担心农村学校条件有限,课后服务只是看孩子写作业,老师顾不上讲题,更别说帮孩子做好衔接。孩子上的不是重点学校,我们家长想辅导也力不从心。希望领导关注农村普通初中的课后服务质量,配足老师,把作业指导和学科辅导做扎实,让孩子在学校就能得到帮助,别因为家里条件差、父母没文化就落后。同时希望继续严管校外补课,防止有钱人家孩子另外开小灶,拉大差距。"
8DA1957F2772FFAD1CCEA9BED2CC3EB1D2925CD7CF5EF06CFDCB6AF7A569C3A3,关于农村初中生暑假课后服务实效的请求,"领导您好,我是东北农村一名初中生家长。孩子正处在升学衔接年级,我们两口子都在打工,文化水平不高,家里条件一般,以前也没上过补习班。这个月学校有课后服务,孩子每天都去,我们很感激。但心里也担心,暑假课后服务会不会只是把孩子圈在教室里,没有针对性的作业辅导和预习指导。我们家长辅导不了,外面补习班又少了,学校就是孩子最大的依靠。希望领导能关注农村学校课后服务的实际内容,督促老师用好这段时间,帮孩子把基础打牢,为下学期衔接做好准备,别让课后服务流于形式。我们不想让孩子因为家庭条件差而掉队。"
1C027582FBF3D4656BFB6D447A13E5A3DFCA26FF2C7C9647FC661B7D80399BE5,关于农村初中升学衔接阶段课后服务加强学业辅导的请求,"领导您好,我是东北农村的一名初中生家长。孩子现在正处于升学衔接年级,我们家庭经济条件一般,我和孩子妈妈文化程度都不高,辅导不了孩子的功课。以前家里没有条件上校外培训班,现在外面学科培训也少了很多,我们更依赖学校的课后服务。孩子目前参加了学校的课后服务,但我们担心课后服务能不能真正帮助孩子巩固知识、做好升学准备,尤其像我们这样的家庭,如果学校辅导不够,孩子很容易被落下。希望政府能重视农村升学衔接年级孩子的课后服务质量,督促学校在课后服务中加强作业辅导和答疑,切实减轻我们家长的负担,让孩子不因家庭条件差距在升学竞争中吃亏。谢谢。"
9A80DFE575E05F946099911B454C0E636BF7E4F6FEC2B8684569F84E078B7E4D,关于农村初中课后服务加强学业辅导的诉求,"我家孩子今年秋季进入升学衔接年级,我们这里是东北农村,我和孩子爸爸文化程度都不高,平时都在打工,没有能力辅导功课。这个暑假学校提供了课后服务,孩子也去参加了,作业量看起来是符合规定的,但我们心里还是不踏实。孩子以前没上过校外补习班,现在外面的学科培训也很少,家里经济条件又有限,最担心开学后课程难度上来,孩子跟不上。希望领导能多关心农村学校的课后服务,让课后服务不只是看管写作业,而是能有老师针对孩子的薄弱地方进行辅导、答疑,尤其是我们这种家长辅导不了的家庭,真的需要学校多帮一把。"
6D56A5EC25EEE926128E6DC74782277075FD8433473B26DBDFE01E6569388723,关注农村初中课后服务和作业减负落实,"领导好,我是农村初中学生家长。孩子这个暑假在学校参加课后服务,我们两口子文化不高,都在上班,孩子回家作业没人能辅导。现在政策要求学校管好作业、提供课后服务,可农村学校条件有限,我们担心开学后课后服务只是把孩子圈在教室里自己写作业,老师指导不够,书面作业又可能流于形式,孩子学不会还是得去补课,家里实在拿不出补课钱。希望领导多督促农村学校把课后服务和作业管理真正做好,让孩子在学校就能学明白,减轻我们农村家庭的压力。"
3B85DE73496CC289A4393E587F10EBD318320353A3460E4A6DD92A800B4DF3FE,关于提升农村初中课后服务质量的建议,"领导您好,我是东北农村的一名初中生家长。孩子今年正处在升学衔接年级,我们两口子都上班,文化水平有限,辅导孩子学习很吃力,家里条件也一般,孩子以前没上过校外补习班。现在放暑假,学校提供了课后服务,孩子每天去,我们很感激,但也担心这类服务只是把学生集中起来看管,对学习帮助不大。孩子马上就要升入新年级,基础衔接很重要,我们特别希望政府能督促农村学校把课后服务做实,多安排老师答疑解惑,指导学习方法,尤其是数学、语文这些主科,别让孩子白白耗时间。开学后也请继续保证服务时间和质量,别走形式。我们支持减轻作业负担和校外培训负担,但校内辅导必须跟上来,不然农村孩子更没有出路。请领导多关心农村学校的课后服务保障,让我们家长安心工作,孩子也能真正受益。"
B5E0C2D1FB6D510E17C008DA2F3F8883B5DA1F8B5BFA37DB96B4BE26DDE2F422,关于乡村初中课后服务质量的担忧与请求,"领导您好,我是农村的一名初中生家长。孩子今年处于升学衔接年级,我们家庭条件一般,大人文化程度不高,辅导不了功课。现在学科类补课班少了,我们也没钱请家教,全指望学校。学校现在有课后服务,孩子也参加了,但我们担心课后服务就是看着写作业,老师不讲解,孩子学习上的困难没人管。我们这里学校不是重点,老师也少,希望政府能督促学校把课后服务做实,安排老师答疑辅导,特别是对升学年级多上心,让孩子在学校就能学好,减轻我们家长的负担。谢谢领导。"
75607355D7B43418FCB871875EDB648B09AF89170C03D0E38EFC47F5F2EAAEFC,关于农村初中升学衔接年级课后服务加强学业支持的建议,"领导好。我家住在乡镇,孩子现在在初中,正处在升学衔接的关键阶段。家里经济条件一般,我和爱人都是初中文化,白天要上班,晚上能辅导孩子的时间有限。以前也没给孩子报过学科类辅导班,现在校外培训规范后,想找补课更难了。暑假期间孩子参加了学校的课后服务,但我们担心课后服务更多是看护和写作业,针对升学衔接的学科辅导、分层答疑和学习方法指导不足。孩子就读的乡村初中不是重点学校,师资和城里比有差距,如果只靠课堂和作业,怕孩子开学后跟不上,影响升学。希望县里能统筹资源,在课后服务中增加农村初中升学衔接年级的学业辅导和备考指导,也可以引入线上优质课程或优秀教师走教,让农村孩子也能获得更有效的升学准备帮助。我们做家长的没别的本事,就盼着孩子能考上大学,不想因为条件差耽误了。谢谢。"
137243BCCD929E91B0A74B27418D470AE808D94F239D83526C1EBF43871A5678,关于农村初中课后服务质量的诉求,"我是一名农村初中学生家长,孩子即将升入关键年级。这个暑假学校安排了课后服务,孩子也在参加,我们很感谢。但我们心里还是不踏实:家里经济条件一般,以前也没上过校外补习班,现在外面的学科培训又少了,孩子学习上的困难主要靠学校。希望县里能督促学校把课后服务做扎实,不要只是看管,最好能结合升学衔接的需要,给学生做一些作业辅导和薄弱科目答疑,让孩子在校内就能解决大部分问题。我们家长文化不高,父母都要打工,晚上辅导不了,时间也紧。也请关注农村学校课后服务的师资和内容,别让孩子在学校干坐着浪费时间。孩子作业目前看起来不多,但开学后担心增多,希望继续按规矩控制总量,别把压力都推给家长。"
2B6D36AEE43996B2DB2B7C8AFCCE610F9008DFD22BA3C04C670AEF88BDB63E1C,关于农村初中课后服务与升学衔接的诉求,"领导您好,我是农村一名初中生的家长。孩子马上要上关键衔接年级,我们两口子都在打工,文化不高,家庭条件也不宽裕,没能力像城里孩子那样补课。现在学校有课后服务,孩子也参加了,可我们心里不踏实,不知道课后服务除了看管,能不能真正帮孩子把学习搞上去。我们这儿学校不是重点,师资和条件有限,担心课后服务只是走形式,没有针对性的辅导。现在校外补课少了,家长更指望学校。希望领导重视乡村普通初中的课后服务质量,多配些好老师,加强学业指导和升学衔接帮助,别让家庭条件差的孩子在升学上吃亏,给我们老百姓孩子一个公平的机会。"
54CD277E5B97474BC2BE7F0787A1C9B9CDB1100CEB7E767E260D7E5D41128E70,关于农村初中课后服务质量与升学衔接支持的诉求,"领导您好,我是东北农村一名初中生家长。孩子今年处于升学衔接年级,我们家庭经济条件一般,我和孩子父母都上班,文化程度不高,辅导不了功课。现在暑假,孩子参加了学校的课后服务,每天时间上是有保障的,但是我们担心农村学校师资有限,课后服务内容能不能真正帮到孩子,特别是衔接年级的作业辅导和学习方法指导。校外培训现在少了,我们也没有经济能力给孩子补课,更盼着校内服务能跟上。希望领导能关注农村学校课后服务的质量,加强师资和经费保障,让像我们这样的家庭孩子也能在学校得到公平有效的教育支持,不要因为城乡差距耽误了升学。谢谢。"
B6A1D974A39FB4260BA91A5C1065C8D4A3C33C3DF25CD4919AB2C31AE676B8D0,关于农村小学课后服务落实的诉求,"领导好,我是一名乡村小学生的家长。我们两口子都在打工,文化程度不高,家里经济条件也紧,平时很难辅导孩子功课。孩子今年暑假在家,作业不多,我们也不知道怎么帮他提高。听说现在学校要完善课后服务,自愿参加,时间要衔接家长下班,内容也要多样。我们很希望开学后学校能真正把这件好事办好,特别是像我们这样的农村非重点小学,师资和经费都有限,担心课后服务只是看管,或者变相补课、额外收费。我们请求政府加强保障,让农村学校也有老师能指导孩子在校完成作业、开展一些兴趣活动,不要让我们家长因为辅导不了而不得不去找校外培训,加重负担。我们相信政策是为老百姓好,希望落实时能多考虑农村家庭实际困难。谢谢。"
2681F1C7ECC433DEED341AB7F72F05D2A4F5C747B07A5191F0E40977258784DB,关于开学后落实作业减负和课后服务的诉求,"各位领导好。我是一名乡村小学学生的家长,孩子目前在原则上不布置书面家庭作业的年级。马上要开学了,我心里比较担心,以前周边学校有过低年级作业太多的情况,孩子写到很晚,家长还要签字,负担很重。我们夫妻白天都要上班,文化水平也不高,晚上回到家已经很晚,实在没有能力辅导孩子写作业。现在上面要求学校统筹作业总量、加强校内指导,也要求办好课后服务,我们希望县里和学校能真正把这些规定落到实处。开学后请不要给低年级孩子布置书面家庭作业,中高年级也要严格控制作业量;课后服务最好能提供作业辅导,让孩子在学校把作业做完,不要又把任务推给家长。我们家庭经济条件不好,没有上过外面的培训班,就指望学校能把孩子教好、管好。孩子睡眠时间比较长,我们怕作业负担加重影响他休息。请领导督促学校,让农村孩子也能轻装上阵,保持学习兴趣。谢谢。"
6BF77286C122DCFD39F5BDC9963EEE4EC8F19004F3B856C9B47274E90E826E73,希望新学期严控作业量并让课后服务真正自愿多样,"领导您好,我是中部一个乡村小学孩子的家长。我们家经济条件一般,我和孩子妈妈都在上班,每天时间很紧,但一直尽量陪着孩子学习。孩子现在暑假作业量符合规定,但我们心里还是不踏实。因为以前听说过同省有些学校一二年级也布置大量书面作业,孩子做到晚上十点多,还得家长逐项签字,漏了就在群里被批评,孩子连午休都没有。我们就怕开学后学校表面说减负,实际又把压力转给我们。我们文化程度不高,辅导不了太多,也不希望孩子过早失去学习兴趣。希望领导能督促学校在新学期真正控制书面作业总量,提高作业设计质量,不要变相给家长派任务;同时把课后服务做扎实,坚持自愿,内容多样一些,能让孩子在学校把作业完成一部分,也能参加点体育、阅读、兴趣活动,而不是变成集体补课或收费项目。这样我们家长也能安心工作,孩子也能早点休息。谢谢。"
F5E7A48F3BE94189BCD0A07888F4FCB46733DF0041509F3540A76EF9623AFBF2,关于农村低年级学生书面家庭作业减负落实的期盼,"领导好。我家在乡下,孩子上小学低年级,家里经济条件一般,我和爱人都要上班,每天时间很紧。暑假期间书面作业负担较轻,我们比较安心。但马上要开学了,我们担心学校布置很多书面作业,孩子写到很晚,还要求家长签字、辅导。我们文化不高,实在吃力。希望领导能督促学校严格落实低年级不布置书面家庭作业的规定,别把辅导任务都推给家长。同时,也希望学校课后服务能真正开展起来,帮我们这样的双职工家庭分担一些照看和辅导压力。谢谢。"
EC0011471B3D1FCB45FFC6F94B2F9B62BAD0B404CCAC5B287CC598A00E335459,关于提升农村小学课后服务质量的诉求,"领导好,我是中部乡村一名小学生的家长。家里条件一般,我和孩子爸爸都在打工,每天时间很紧,文化水平也有限,辅导不了孩子学习。孩子现在作业负担不重,睡眠也足,我们很支持。但我们也担心,家里没钱给孩子报培训班,以前也没报过,现在校外培训更少了,孩子学习会不会跟不上?这学期学校课后服务每天都开,孩子也参加了,但我们不太清楚这两个小时具体在做什么,感觉有时就是自己写写画画,老师顾不上辅导。我们希望课后服务能真正用起来,多安排老师给孩子讲讲作业、补补基础,或者开展一些阅读、体育、兴趣活动,让我们农村孩子也能享受到和城里孩子差不多的课后教育。我们不是要求增加负担,只是希望孩子在学校的时间更有收获,家长也能安心工作。恳请领导关注农村学校课后服务的实际质量,加强指导和保障。"
82ADF05268BEB4FDBC5FF15AF4C76F9354798B4E88455D8ED772F0CF15A32F3B,希望开学后继续减轻作业负担并丰富课后服务,"我是农村小学家长,孩子上小学,我们两口子都在打工,文化不高,时间也紧。孩子现在参加了学校课后服务,我们觉得能帮看孩子是好事。但目前是开学前,我担心开学后作业又变多,或者课后服务只是让孩子在教室里写作业,体育活动、兴趣活动几乎没有。我听说过有的地方低年级孩子作业写到晚上十点,还要家长逐项签字,漏了就在群里被批评,孩子没时间午休,死记硬背很多,最后对学习没兴趣。我们不要求孩子一定考多好,但希望他身体好、有兴趣。请领导督促学校管好作业量,低年级尽量不留书面家庭作业,课后服务多安排一些体育、阅读、手工或游戏,别变相补课或统一讲新课。也请别把辅导和检查全推给家长,我们实在辅导不了,孩子也累。谢谢领导。"
59BFA11C71F74E81B738FC85322959DF03638E643962A94C9EE4A5E5DC608A8C,农村双职工家庭对课后服务的几点期盼,"我家孩子上小学,不是毕业班,在村里公办学校读书。我和孩子爸爸都要打工,下班时间和放学时间对不上,这学期孩子参加了学校课后服务,确实解决了接孩子的难题。但我们文化程度不高,辅导作业很吃力,希望课后服务不只是看孩子,而是能真正指导孩子在校完成作业,再安排些阅读、体育、手工等活动。以前经常听说有的学校作业写到很晚,家长还得签字,做不好还在群里被批评,我们一直很怕变成那样。目前孩子作业量还好,我们担心以后课后服务变成变相加课或布置额外任务,又回到孩子累、家长陪写的老路。另外家里收入不高,希望课后服务收费合理、内容规范,不要增加负担。恳请领导督促学校把课后服务办好,让农村孩子也能享受到有质量的课后时光,家长也能安心上班。"
49A1127E20B1EA64EE696A3185F2C67CFB4A7A99E396A4CCBADA5A76692EFE18,关于持续巩固低年级书面家庭作业减负成果的建议,"尊敬的领导:您好!我是中部某乡村的一名小学生家长,孩子就读公办小学低年级。根据现行规定,这个年级原则上不布置书面家庭作业。目前孩子本月作业情况符合时长规范,也参加了学校课后服务,这让我们感到欣慰。但作为家长,我们仍有一些担忧:一是担心开学后学校为抓教学进度,可能通过“练习册”“阅读打卡”等方式变相增加书面负担,影响孩子睡眠和兴趣;二是家庭经济条件有限,我们家长工作都很忙,自己辅导能力不足,若课后服务质量跟不上,作业和辅导问题仍会困扰我们。恳请领导督促学校严格落实低年级不布置书面家庭作业的规定,并加强对课后服务的监管,指导教师提供多样化内容,确保孩子在校内基本完成巩固和阅读,真正减轻家长和孩子的负担。谢谢!"
7DFED36A55E70DBEA67214D81D3727082BAE56162EF3983B6E726A89AC36F682,希望农村学校课后服务能多辅导孩子功课,"领导好。我家住在中部农村,我和孩子爸爸都要上班,家里没大人专门盯孩子学习。孩子上小学,这个月在学校参加课后服务。我们文化都只有初中,辅导不了功课,以前也没上过外面的补习班,全靠学校。现在外面补习班少了,我们更盼着学校能多管管。孩子参加课后服务回来,我们问学了什么,孩子说不太清楚,我们有点着急。担心课后服务就是看孩子,没人带着补基础。我们家庭条件一般,请不起家教。孩子睡眠足、玩的时间不少,可作业本来就不多,再不加点学习指导,怕以后上高年级跟不上。希望领导能督促农村学校把课后服务时间用好,安排老师给学习吃力的孩子补补课、讲讲作业,别让农村孩子和城里孩子差距越来越大。"
3D5A95E64AA3BF5C976A0DF777A81C20AE79F18B2B9D67C05FC7FDC354C32545,关于农村小学作业减负和课后服务落实的担忧,"领导好,我是一名农村小学生的家长。我和孩子妈妈平时都要上班,晚上到家已经很晚,文化水平也不高,辅导孩子作业很吃力。现在暑假孩子在学校参加课后服务,有人照看,我们松了一口气。可想到开学以后,还是担心有的老师会像以前个别班级那样,给孩子布置大量书面作业,还要求家长逐项签字,漏了就在群里点名批评。我们不是不想管,而是时间和能力都有限。希望上级能督促学校严格落实这个阶段不布置书面家庭作业的要求,课后服务也能真正把时间用好,多安排老师指导孩子在校完成练习、开展阅读和文体活动,不要把批改和辅导任务都推给家长。孩子平时睡眠时间比较足,我们不想让作业又把孩子压到很晚。"
FBE020095CDA12CB707BD784A4E50B14FE83E39235295BF4B7E511868E41055E,关于持续落实作业减负并提升课后服务质量的建议,"领导好,我是中部农村一名小学生的家长。我们夫妻俩都在外打工,文化程度不高,家里条件也一般,每天下班很晚,实在很难辅导孩子功课。现在暑假孩子参加了学校课后服务,我们很感激,但心里也担心开学以后作业负担又反弹。以前周边学校有过低年级孩子作业写到很晚、家长天天签字、群里公开批评的情况,我们怕自家孩子也遇到。希望领导能督促学校继续严格执行作业总量和时长规定,不要布置变相书面作业,也不要让家长承担过多批改、打卡任务。课后服务能不能多一些作业辅导和阅读、体育活动,让孩子在学校就把学习任务完成,回家能早点休息,也减轻我们家长的负担。谢谢领导。"
02EF9D9E84BEA1DE68FA1AABADF94C8295B1AF6B545F13CF1255CC46B031D869,关于新学期小学作业负担问题的反映与建议,"领导您好。我是一名农村小学生的家长,我们夫妻双方都在工作,家庭时间很紧,文化程度也不高。孩子现在读小学,按政策这个年级原则上不布置书面家庭作业,这个月看到孩子的书面作业情况符合规定,我们比较放心。但听一些家长反映,以前有的学校开学后作业量很大,孩子写到很晚,还要求家长签字、辅导,我们担心开学后自己孩子也会遇到类似情况,影响睡眠和学习兴趣。现在孩子参加了学校课后服务,我们是自愿的,希望课后服务能安排一些文体活动,而不是变相写作业。恳请领导在开学前后加强对学校作业管理的监督检查,对违规布置过量作业、让家长批改作业的行为进行纠正,让我们农村孩子也能轻松上学。谢谢领导。"
F782BABDDC522B1D4C8D4876574D84541A03A3714A785208CFF41A6323E15B52,关于农村小学暑期课后服务时间衔接与内容质量的诉求,"领导您好,我是中部地区一名农村小学生的家长。我们夫妻白天都要上班,家庭经济条件有限,暑假孩子的照看和辅导一直很让我们发愁。这个月孩子参加了学校的课后服务,我们很感激,但目前每天只有120分钟,和我们上下班时间接不上,剩下的时间孩子没人管,我们很担心安全。另外,服务内容感觉还不够丰富,大多是完成作业和看管,缺少体育、阅读、兴趣等活动。我们文化水平不高,平时已经很尽力参与孩子学习,希望他能考上大学。恳请领导关注农村学校课后服务,适当延长暑期服务时间、丰富活动内容,最好能与家长下班时间衔接,并保障农村学校经费和师资,让我们这样的双职工家庭能安心工作,孩子也能过一个安全、有意义的暑假。"
2923350592EBF649C4629D548EAC45C7AFB478035AD6FBDE735181D3081E6A64,关于农村小学课后服务质量的建议,"孩子现在低年级,按规定不布置书面家庭作业,目前还能遵守。我们夫妻俩白天都要打工,时间很紧,文化也不高,辅导孩子很吃力。孩子参加了学校的课后服务,但我们有些担心,怕课后服务只是把孩子集中看管,或者把作业、背诵任务又变相压给家长。以前同县就有低年级孩子作业写到晚上十点多、中午不能休息的情况,我们很怕以后也变成那样。希望领导能督促学校把课后服务做实,不要走过场,也不要借机增加孩子负担或把责任都推给家长,让孩子在学校基本完成学习任务,回家能早点休息。"
9B15D48E2421AD59BD9424539E401C3E6348C085B82C85A6F92B94EEB1B3F479,希望开学后作业减负和课后服务真正落实,"领导好,我是中部农村的一名小学生家长。我和孩子爸爸都在外打工,家里经济条件一般,平时时间很紧,孩子现在上小学低年级。这个暑假孩子参加了学校的课后服务,我们很感激。按现在的规定,低年级原则上不布置书面家庭作业,这个月孩子的作业情况也还好。但我们担心开学以后又会反弹。以前听同乡说起过,有的学校低年级作业特别多,孩子写到晚上十点还写不完,家长每天得签字,漏签了还在群里被点名批评,孩子累,家长也累。我们希望领导能督促学校严格落实作业管理要求,开学后不要布置过量书面作业,控制好总量和时长。也希望课后服务能真正提供作业辅导和多样活动,而不是简单看管,帮我们双职工家庭减轻一点辅导负担,让孩子能睡够,保持学习兴趣。"
A11E689EBC7B4A581E4BC6B1F7F10F8F534B9D5549C287404AC5CDC029AC8BE6,关于巩固小学作业减负和课后服务质量的留言,"领导您好。我是中部地区乡村小学学生的家长,我们夫妻都在工作,平时时间很紧,我本人文化程度不高,辅导孩子作业确实吃力。现在孩子参加了学校课后服务,书面作业总量也暂时符合规定,我们感到轻松一些。但我很担心开学后随着学习内容增加,书面作业又会多起来,课后服务如果只是看管,孩子回家后还是要靠家长辅导,我们实在应付不了。希望领导能督促学校继续严格落实作业管理,提高课后服务的辅导质量,不要把我们家长变成助教,让我们这样的普通农村家庭也能安心上班,孩子也能早点休息、健康成长。"
37ED8F24BA4EA336E62AF2FF08214C593B90374ACA12BD7537D49FD7416C7106,关于乡村小学课后服务内容优化的建议,"各位领导好。我是一名乡村小学生的家长,我们夫妻都在外打工,文化水平不高,平时辅导孩子学习很吃力。按现行规定,孩子所在年级原则上不布置书面家庭作业,我们一方面觉得孩子轻松了,但另一方面又很担心,孩子回家后可能没有书面作业,我们也不会教,长期下去基础会不会不牢。我们孩子现在参加了学校的课后服务,每天有两个小时,但据我们了解,课后服务很多时候只是把孩子集中起来看管,老师没有针对性地辅导学习,也没有布置一些适合的练习。我们家长非常希望孩子能考上大学,但我们自己能力有限,经济条件也不好,请不起家教,外面的培训班也少了。所以想请领导们关注一下乡村学校课后服务的质量问题,能不能让课后服务不只是看孩子,而是真正有老师指导孩子完成一些校内学习任务、复习巩固当天知识,或者开展一些阅读、书法、体育活动,让孩子在校内就能把学习抓好。这样我们家长也能安心工作,孩子也能得到更好的教育。谢谢。"
E72ECA68037E3ED5E489A209649FE5432349CE9C1A786E03455BB43D1D19908A,"希望乡村学校课后服务能真正减负,别让家长再当“助教”","领导好。我是中部农村的一名小学生家长,家里条件一般,我们两口子都在外干活,文化程度也不高,每天能陪孩子的时间很有限。暑假里孩子参加了学校的课后服务,我们确实省心一些,但也担心开学后会不会又回到老样子。以前听同省不少家长说,低年级孩子作业多到晚上十点,还要家长逐项签字,漏了就在群里挨批评,孩子连午休都没有。现在虽然规定低年级不留书面家庭作业,学校也提供课后服务,但我们怕有些学校只是做做样子,课后服务时间没有真正辅导孩子,或者把作业压力又转回家里。我们希望领导能督促学校把课后服务做实,用好这两个小时,帮孩子在校内完成巩固和阅读,少让家长承担过重的签字、批改任务。孩子睡眠足、有兴趣,才是长久之计。"
2F8A056D1134E3CD21ACF9FD2744DFC009A1D923B5146242303CCF376FBC8438,请继续关注农村小学生作业负担和课后服务质量,"领导好,我家孩子上小学,家在村里,我和孩子妈妈都在打工,文化水平不高,平时能陪孩子学习的时间不多。这个暑假孩子参加了学校的课后服务,我们一开始觉得有人管着、能写写作业挺好,但也担心开学以后又变成作业写不完、家长天天签字。以前听同县的家长说过,低年级孩子作业做到晚上十点,中午也不让休息,漏了签字还要在群里挨批评。我们家孩子现在作业不多,但我们心里不踏实,怕一开学又加重。希望领导督促学校把作业量和课后服务真正管好,课后服务多安排些活动,不要变成补课或加作业,也别把辅导任务都压给家长。我们文化不高,辅导不了,只希望孩子能学得有兴趣、身体也能吃得消。"
5992CF41372BD432B150D2511DEB1276DEF883C4CEEA12BEF2AA3AA4598AD632,关于乡村小学课后服务内容与质量保障的诉求,"领导好,我是中部乡村一名小学生家长。孩子目前在公办小学就读,家里经济条件一般,我们夫妻都要上班,平时照看孩子时间紧。这个月孩子参加了学校的课后服务,我们很感激。但我们也有些担心:乡村学校师资本来就紧,课后服务能不能真正提供丰富多样的活动,而不是简单看管或者变相补课?我们孩子睡眠一直不错,作业也符合规定,不希望课后服务增加额外负担。我们文化程度不高,但希望孩子能全面发展,将来考上大学。恳请领导关注乡村学校课后服务的质量和资源保障,多安排一些体育、艺术、阅读等活动,别让好政策落空。谢谢。"
CFDF6D4E17B7226D2F6C61D0722C6C148138ADCB1B8D1CCAE4AD95C2F2F2D8BE,关于小学暑假书面作业超时问题的反映,"领导您好。我家住在东部城镇,孩子就读公办小学。这个暑假,学校布置的书面作业完成时间明显超过了规定的一个小时,作为家长我们感到有些焦虑。孩子平时睡眠时间比较充足,但这段时间为了完成作业经常要拖到比较晚,我们担心影响孩子身心健康。我们家庭经济条件尚可,但从来没有让孩子参加校外学科培训,就是希望孩子能在学校里高效学习,回家有充足的休息和阅读时间。当前正在推进作业统筹和质量提升,我们非常支持,但感觉学校在落实上还有差距。恳请领导督促学校严格按照分学段时长上限布置作业,减少机械重复的抄写,提高作业设计质量。同时,如果开学后学校能提供自愿的课后服务,让孩子尽量在校内完成书面作业,我们家长也会更加放心。谢谢。"
15659F30F47CB12AC15758ABCE6BA9932BEC0ADEEE1D3171AA797AC47A55D5CE,关于小学生暑期作业负担及课后服务落实的诉求,"领导您好,我是一名公办小学学生的家长。孩子今年读小学,暑假期间我发现他的书面作业量偏大,每天花在作业上的时间明显超过了教育部门规定的一般时长。孩子睡眠一直比较充足,但最近常担心作业完不成,睡眠也受到影响,我们很焦虑。现在学校都在强调统筹作业总量和提升作业设计质量,也要求加强校内作业指导,但我们担心开学后仍然存在作业超量、家长被迫辅导的情况。我家经济条件还可以,但家长学历不高,辅导高年级作业越来越吃力,我也不想让孩子再去校外补课。希望领导能督促学校严格落实作业管理,并利用好课后服务时间,让孩子在校完成大部分作业,老师能给予指导。这样既能减轻孩子负担,也能减少家庭焦虑,让政策真正落地。"
0CCF4FA5EE9AA6BF44F62B21133D0FE0D5C8C33D3CDA76F7017BA1A0C78FEE06,关于小学生暑假书面作业负担过重的反映,"我是一名小学生的家长,孩子就读于我们这里的一所公办小学,不是重点学校。这个暑假,学校布置的书面作业量明显偏多,孩子每天完成书面作业的时间经常超过规定的60分钟,有时候甚至要花更长时间,作为家长我们很焦虑。孩子睡眠一直比较充足,但现在为了赶作业也受到影响。我们家长学历不高,辅导起来很吃力,家里经济条件虽然还可以,但也不想靠校外培训来补作业。希望领导能关注一下学校作业管理,督促学校按照要求统筹作业总量,减少机械重复的抄写,提高作业设计质量。另外,听说现在学校要完善课后服务,能不能在开学后利用课后服务时间让孩子在学校完成大部分作业,老师也能指导一下,这样孩子回家能早点休息,我们家长也能安心。我们这边学校少,老师负担重,我们理解,但还是希望政策能真正落地,让孩子轻松一点。"
42BA8DEB8A05E5175949E7C713FB1F7A957D69D8446B53CDF050338D6E848D2F,关于小学生书面作业时长超标的求助,"尊敬的教育部门领导:您好!我家孩子目前在本地一所公办小学就读,没有处于升学衔接年级。最近这个月,我发现孩子的书面作业情况没有达到现行政策规定的小学书面作业平均完成时间不超过60分钟的要求。我们家长文化程度有限,辅导压力也大。虽然现在还是暑假,但书面作业已经出现不符合规定的情况,我担心开学后学校作业量会更加失控。现在新的减负政策刚实施一个月,希望领导能协调学校把作业总量、时长和设计质量真正统筹好,严格执行分学段时长上限,同时把课后服务落实到位,让孩子在学校就能完成大部分作业,减轻家庭负担。我们也希望教育部门能加强监督,不要让政策停留在纸面上。谢谢!"
22B444E4F5980CD6EC6DF5D536A496405A75C0C67D33B8D2CBD7AACFFCD22260,关于提升小学课后服务质量与内容的建议,"我是一名小学生家长,孩子就读公办小学,目前参加了学校课后服务。按照相关要求,课后服务强调自愿参加、时间衔接和内容多样,原则上每天提供不少于两小时。但作为家长,我担心实际执行中课后服务容易变成单纯看管,缺乏系统的作业指导和兴趣拓展。我们家孩子此前没有参加学科类校外培训,家长文化程度也不高,辅导能力有限,更希望学校课后服务能提供有质量的学业支持和素质活动,而不是简单延长在校时间。同时,孩子睡眠时间一直比较充足,我们很担心课后服务内容安排不当会挤压休息或变相增加负担。恳请政府加强对学校课后服务内容、师资和经费保障的督导,确保课后服务真正满足学生和家长需求,既解决照护困难,又促进孩子全面发展。"
E0A210E556B52301026E4C1BACAE12BD9E844EBAAD2D61ACA55E579A384AFE38,关于提升小学课后服务质量的建议,"领导您好!我是一名小学生家长。现在孩子所在学校提供了课后服务,我们孩子也参加了。这确实解决了我们家庭在接送孩子方面的一些困难,我们很支持。但作为家长,我们也有些担心:课后服务会不会只是简单地看管孩子,内容不够丰富,老师精力有限,难以真正辅导作业或开展兴趣活动?现在学科类校外培训少了,我们更希望学校课后服务能承担起一部分学业辅导和素质拓展的功能。希望领导能督促学校加强课后服务的内容设计和师资保障,比如安排老师指导孩子完成作业、答疑解惑,多开展阅读、体育、艺术等活动,让孩子在课后两小时里真正有收获。同时,也希望相关部门能保障课后服务的经费和教师激励,让这项好政策能持续下去。我们普通家庭对孩子的教育期望很高,希望孩子能健康成长、将来考上大学,学校课后服务的质量直接关系到孩子的成长。恳请领导关注,谢谢!"
0D2C620AE744AF06B791455115C6BCEE6CE71038F3F4E94E43B3F2BB063A3A21,关于提升课后服务作业辅导质量的建议,"领导您好,我是一名小学生家长。孩子参加了学校的课后服务,我们很支持这项安排。书面作业时间虽然控制在规定范围内,但我们还是担心课后服务的质量。听说我们这边学校老师负担比较重,学校资源也有限,课后服务会不会只是简单看管,没有真正辅导孩子完成作业或者开展一些有益活动?我们希望课后服务能指导孩子在校内完成书面作业,避免回家后还要写作业,影响孩子休息和睡眠。家里虽然有大人在,但有时候也顾不上辅导。恳请领导督促相关部门加强课后服务的师资和经费保障,定期检查落实情况,让课后服务真正发挥作业辅导和素质拓展的作用,减轻我们家长的负担。谢谢。"
9A06010E6F0800578327A32BA9530AF17ADAA1D6970E7F825D722239A680A458,关于提升学校课后服务质量的建议,"领导您好,我是一名小学生家长。孩子就读公办小学,本学期参加了学校课后服务。根据政策,课后服务应当内容多样、时间衔接。但作为家长,我们有些担忧:学校师资原本就比较紧张,课后服务能否真正提供丰富活动和针对性学习指导,而不是单纯看管?如果内容单一,孩子在校时间较长却收获有限,我们心里不踏实。另外,现在校外学科培训收缩,我们家庭本来也没让孩子参加校外学科培训,更希望校内课后服务能承担起一部分学业支持和素质拓展功能。恳请领导关注学校课后服务的实际质量,督促学校丰富内容、加强师资和经费保障,让课后服务真正成为家长放心、孩子受益的安排。"
111274FB8384D5CE5D1DB060A6576CF98C0FE016E0C0087E43E9018718221475,关于丰富小学暑期课后服务内容并加强学习指导的建议,"我家孩子就读公办小学,这个暑假参加了学校组织的课后服务,每天约两小时,确实帮我们解决了看护困难。但作为家长,我们也有些担心:目前服务可能偏重看管,孩子在阅读、体育、艺术和科学兴趣方面的活动不够丰富;同时校外学科类培训减少后,我们家长学历不高,辅导孩子学习比较吃力。希望区里能指导学校在假期和开学后的课后服务中,增加分层作业辅导、课外阅读和体能活动,引入更多优质非学科资源,让孩子在学校里既能完成作业,也能发展兴趣。我们愿意承担合理费用,只希望能有更稳定、更高质量的服务。"
276B3045C6EDB732D0BC22FF1B4AC73F7B18019588E2E1652C936D56F202C0FB,关于提升普通学校课后服务质量的建议,"领导您好。我家住在东部城镇,孩子正在读小学,目前暑假也在参加学校的课后服务。我们家庭条件还不错,原先有能力通过校外培训给孩子补充一些素质类课程,现在学科类培训大幅收缩,我们支持减负,但也担心孩子的发展需求没有替代渠道。学校是普通公办小学,师资和场地条件一般,课后服务虽然时间有保障,每周五天、每天两个多小时,但我们担心内容可能主要是看管写作业,缺少体育、艺术、科技等多样化活动,难以满足孩子全面成长的需要。长期下去,普通学校和资源好的学校差距可能拉大。希望政府能加大对普通学校课后服务的经费和师资支持,引入合规的非学科类社会资源,丰富课程内容,并加强质量监管。另外,课后服务结束后的接送安全也希望得到保障。谢谢。"
9EC72B3C83525CDC15C4D710514E8C32A576D8D2B5EC960C8F040316D42CF477,关于提升小学暑期课后服务内容质量的建议,"领导您好,我家孩子正在读公办小学,这个暑假参加了学校的课后服务。作为家长,我们很感谢能有地方看管孩子,但也有点担心:现在学科类培训班减少了,我们本来也没给孩子报,更希望学校课后服务能多安排一些体育、艺术、阅读和科普活动,而不是简单把孩子集中在一起写作业或看电视。我们这一片学校数量不多,老师平时负担也比较重,很担心课后服务内容单一、师资跟不上,最后变成“有人看、没人教”。希望相关部门能实地了解一下学校课后服务的课程安排和师资保障情况,督促学校把时间和内容用足用好,同时注意活动安全。这样我们家长才能真正放心。"
9432587537589C9C4C7B88434871E753D02D6C5AC43380213BD33B04E565592A,关于提升小学课后服务质量与内容的建议,"尊敬的领导: 我家孩子在本地一所公办小学就读,目前还没到升学年级。孩子目前也在参加学校课后服务。政府要求学校课后服务每天至少两小时,内容要多样,我们很支持,也确实解决了我们接送和照看的一些困难。 不过,我们这里小学老师本来就比较紧缺,学校也不是重点示范学校,我们担心课后服务会不会只是把孩子集中看管,作业辅导和兴趣活动做得不够。现在校外学科培训选择变少,我们更希望孩子能在学校里把作业问题解决好,同时多参加一些体育、阅读、艺术等活动,而不是干坐着等家长接。我们家庭条件还可以,但我自己只有高中学历,担心以后辅导孩子作业会吃力,所以特别看重课后服务的质量。 希望领导能督促学校和教育部门,加强课后服务的师资保障和内容设计,真正落实内容多样的要求,让课后服务既有作业指导,也有拓展活动,让我们家长更安心。谢谢。"
32D00E43E1CA4C63BA7593765E598283DAEF7A60F19076DA244B4EDECBD5327D,关于暑期学校课后服务内容单一问题的反映,"领导您好。我家孩子就读公办小学,这个暑假参加了学校课后服务。从目前情况看,内容大多是看护和写作业,体育活动、艺术兴趣、科学动手类安排偏少,孩子有时觉得无聊。我们家庭经济条件尚可,父母并非都有固定工作,但也不想让孩子假期就这么耗着。孩子平时书面作业量符合规定,睡眠也充足,我们更希望课后服务能利用假期时间多开展一些素质拓展内容,而不是单纯看管。希望领导能督促学校丰富课后服务课程,同时相关部门在师资和经费上给予保障,别让好政策落到最后只剩“有人看孩子”。谢谢。"
048E24EE026DFD52260330C9811748E60EE0DFE1FCC73EF8E37300E7EE7F2C76,关于提升普通公办小学课后服务质量与资源保障的建议,"我是一名小学生家长,孩子目前在东部城镇一所普通公办小学就读。这个暑假后即将开学,孩子会继续参加学校课后服务。作为家长,我们很支持课后服务制度,也自愿让孩子参加,但心里有些担忧:我们学校不是重点示范校,师资和经费相对有限,课后服务会不会只是简单看管和写作业,难以提供真正多样的兴趣拓展和针对性指导?我们家庭经济条件尚可,并不希望孩子回到以前那种到处找培训班的状态,更希望在校内就能获得有质量的服务。政策已经实施两年多,但不同学校落实差距可能较大,恳请领导关注普通公办小学课后服务的实际内容、师资配备和经费保障,加强核查和指导,让每天两小时真正对孩子成长有益。同时,也希望能持续巩固作业管理,避免年级升高后书面作业反弹,并继续规范校外学科培训,防止隐性变异培训加剧家长焦虑。"
4AEE2A4EFED06BA0032D7AC8863926A89FA9C8DB922291FF3FD9213C09970865,关于提升公办小学课后服务质量的建议,"我是一名小学生家长,孩子就读的是普通公办小学。暑假里我一直在想开学后的安排。按照现在的政策,学校要统筹作业、提供课后服务,这本来是好事。但我们这一片学校数量少、老师负担重,我担心课后服务只是把孩子集中起来看管,没有真正辅导。孩子现在参加了学校课后服务,可下学期能不能保证质量?我们家长文化水平有限,又没给孩子报过校外班,现在学科培训也少了,更希望学校能多承担一些。恳请领导关注我们普通公办小学的师资和课后服务保障,让课后服务真正有内容、有质量,而不是流于形式。"
FA2E9C4182127993CE88CB94EA7AFF6468B89D392BB5807F5FA2218A7CEC3DBC,关于提升学校课后服务质量的诉求,"各位领导好。我家孩子在本地一所公办小学上学,这个暑假参加了学校的课后服务。我们家长文化水平不高,辅导孩子有些吃力,本来指望课后服务能帮孩子查漏补缺、拓展兴趣。但了解到我们这边小学师资一直比较紧张,学校数量也不多,担心课后服务只是简单看管,内容比较单一,孩子待在学校时间不短,收获却有限。现在校外学科培训管得严,我们也不想给孩子报班,所以校内课后服务的质量就更重要了。希望政府能重视这事,协调教育、财政等部门,给学校增加一些师资和经费支持,指导学校把课后服务做得丰富些,比如安排体育活动、艺术课程、阅读指导、科学小实验等,既解决家长后顾之忧,也让孩子假期过得更充实。谢谢领导关心。"
749F5140682509D5C9AF338137135C5119D96A0B21A7456C9AA228479B640EC0,关于暑期学校托管服务时间过短盼协调延长的建议,"领导您好。我家孩子上小学,今年暑假参加了学校的课后服务。按照现行规定每天不少于两小时,但对我们这样的上班家庭来说,两小时实在太短,接完孩子后还有大半天没人照看。家里虽然有人能搭把手,但精力有限,孩子在家容易长时间看电视、玩手机。现在校外学科培训也减少了,我们不想再让孩子去上补习班,更希望学校能在假期提供更完整、内容更丰富的托管服务。孩子目前书面作业量在合理范围内,睡眠也够,我们不是要求增加学业负担,而是想解决假期看护和活动安排的问题。建议相关部门在暑假期间统筹安排,结合学校条件适当延长每日服务时间,增加体育、阅读、科普等活动,并保障老师补贴和经费,真正让家长安心上班。"
7F52AC1606917E4845312356F61B05D0864E6F5D39324733812A83499C87E06E,关于提升学校课后服务质量的诉求,"领导好。我家孩子在公办小学就读,这个暑假参加了学校的课后服务。孩子平时书面作业时间符合规定,我们之前也没有给孩子报学科类培训班,现在更希望学校课后服务能提供优质内容。但学校不是重点校,我们担心课后服务只是简单看管,内容不够丰富,师资和经费保障不足。校外学科培训减少后,课后服务对孩子成长更加重要。希望政府能加强统筹,督促学校把课后服务时间真正利用好,提供体育、艺术、科技等多样活动,保障教师待遇和课程质量,也让我们家长能安心工作。谢谢。"
5B5CAB4AE5CD6067CDF3D1583BACE918E493494987F589903121A075F6B3207A,希望加强普通小学课后服务资源保障,"我家孩子现在上小学,目前参加了学校的课后服务。孩子所在学校是公办普通校,周边学校不多,老师负担比较重,我们家长一直对教育质量有顾虑。现在书面作业有时长要求,孩子在校时间变长,课后服务成了重要部分。但我们担心学校人手有限,课后服务只是集中看管,没有真正开展多样活动,孩子得不到全面发展。国家一直强调课后服务要内容多样、自愿参加,希望政府能督促学校丰富活动内容,增加体育、艺术、科技等项目,同时保障师资和经费,别让老师超负荷工作。也请关注我们这类普通学校的资源均衡问题,让孩子在家门口也能享受到优质教育。"
4FB3B113FE32E7E8B3537272E30EC1EDCC4DF2BD316DEEAB6A51C69962202BA6,关于提升小学课后服务质量的建议,"孩子目前就读公办小学,本学期参加了学校提供的课后服务。作为家长,我们很感谢政策减轻了书面作业负担,孩子作业时间也基本符合规定。但我们对课后服务的质量有些担忧:学校不是重点校,本地学校资源也比较紧张,课后服务可能更多停留在看管层面,缺乏有针对性的学习辅导和兴趣培养。我们家庭经济条件尚可,但仍希望孩子能在校内获得更优质的教育支持,减少对校外培训的依赖。希望政府能加大对课后服务的师资保障和经费投入,丰富服务内容,并加强日常监管,确保孩子们真正从中受益。"
E1D7C13264F415CEFD227C2F7AD0ED3CA87F68509A756EE0E32A8DEB787ADF9B,盼望新学期课后服务提供作业辅导,"领导好,我是小学孩子的家长。孩子暑假后就要开学,我们家庭条件一般,两口子文化水平不高,辅导作业很吃力。现在孩子年级属于原则上不留书面家庭作业的阶段,但往后年级高了作业可能慢慢多起来,我们心里没底。外面学科类培训管得严,我们也不打算多花钱。听说新学期学校要完善课后服务,我们特别盼望能落实好。希望课后服务自愿参加,时间能衔接家长下班,老师能在校辅导作业、答疑,最好再有些兴趣活动。我们经济不宽裕,最信任学校。请领导督促学校把课后服务办实,减轻我们这样的家庭负担。"
D3C8670AD440AC10558B03230DFAAC505523B44D22BAF6BE99B8A18B2FBF554F,请督促学校把课后服务落实好解决辅导难,"领导您好。我是一名小学生家长,孩子暑假后继续上小学,不是毕业年级。我们家经济条件一般,家里人文化水平也不高,辅导孩子功课很吃力。最近看到新要求说学校要完善课后服务,自愿参加、时间衔接、内容多样,还要统筹作业量,我们很期待,但也担心学校能不能真正落实。以前听说有的学校放学早,家长来不及接,留在学校也没人管;还有的作业多到孩子写到很晚。我家孩子现在作业虽然不多,可我们也不会教,如果开学后学校课后服务只是看管不辅导,或者变成变相补课、另外收费,我们负担不起,也不放心。现在外面学科培训管得严了,但我们也不希望最后只能靠高价培训班。所以想请领导重视,督促学校在开学前把课后服务安排好,保证有老师辅导作业、开展一些孩子喜欢的活动,经费和人员要保障到位。也希望政府管一管违规培训收费,别让家长两头为难。谢谢领导。"
3D9AF163A59FDFF52032FD55197EB9D1C782DDE18C812195A7721DE6419195F0,关于希望学校切实落实作业减负和课后服务的请求,"领导您好,我是一名小学生家长。孩子暑假结束后就要升入新学年,我们很担心作业和课后看护问题。我们家长文化水平不高,辅导孩子功课比较吃力,家里经济条件也一般,不希望被迫去报校外培训班。以往也听到一些家长反映孩子书面作业写到很晚,课后缺少老师辅导,心里很着急。现在听说学校要统筹作业总量、加强校内作业指导,还要完善课后服务,我们希望开学后学校能真正落实,让孩子在校尽量完成作业,老师能适当答疑,回家后有时间休息和课外阅读。也请领导关注学校课后服务的师资和经费保障,别让自愿参加变成形式,也别增加家长负担。我们只希望孩子负担轻一点,能健康成长,将来有机会考上大学。"
84FE2F09829348FC6A315EA60C9772660D98953C178CD415AB52C4402CD2A4AC,关注小学课后服务与作业辅导问题,"领导您好,我是本市一名小学生的家长。家里经济条件一般,我们夫妻文化程度不高,辅导孩子功课比较吃力。暑假马上结束,开学后学校按照减负要求不布置书面家庭作业,我们很担心孩子放学后没有事做,我们又不会教。听说现在要求学校搞好课后服务,希望政府能督促学校真正落实,安排老师在校内指导孩子完成作业、开展一些活动,不要让孩子回家后只能看电视或玩手机。也希望课后服务能覆盖到像我们这样家长没能力辅导的家庭,最好时间能衔接家长下班。谢谢领导关注。"
BB11A47BFDD2540889B0B8BC736EAE819DD09A2F9D2F295399CAA129C890A8D5,"希望学校课后服务更实在,减少校外培训依赖","领导好,我是小学生家长。学校现在有课后服务,但我们孩子这个月没有参加。我们家经济条件一般,孩子目前还在上学科类校外培训,虽然费用比过去降了,但市场上能选的机构少了很多,我们担心以后没地方补,负担也还是重。希望政府能督促学校把课后服务真正办好,多安排一些作业辅导、兴趣活动,让孩子愿意参加,这样我们就能少报校外班,减轻家庭压力。"
0F35B33F39D9E084FA378928198939A30B08844B54D2276A2E1DD13BCD1FC558,"希望学校课后服务更实在,减轻家长补课负担","领导您好,我是一名小学生家长,孩子就读家门口的公办小学,家庭经济条件一般。现在开学了,我们了解到学校有课后服务,每天提供两个小时,但孩子这个月没有参加,我们也不太清楚具体报名方式和活动内容,学校没有主动联系过我们。作为家长,我们文化程度不高,辅导孩子作业有困难,虽然现在学校书面作业不多,但孩子回家后我们也不知道怎么安排。目前我们还在外面给孩子报学科辅导班,虽然费用比以前降了一些,但对我们家来说仍然是一笔不小的开销。我们希望学校课后服务能够真正把作业辅导和兴趣活动做好,让我们能放心让孩子参加,这样也许就不用再额外花钱补课,减轻家里负担。恳请领导关注我们这类普通家庭的情况,督促学校把课后服务做得更实在,让更多孩子受益。"
8AF51C0B8DDCA27117F40D3A5279217E4C9CD9EC9F5EDB824C65E71A6F6C178F,关于课后服务提供作业辅导减轻校外培训负担的建议,"尊敬的领导,我是一名小学生家长。现在学校作业不多,孩子能按时完成,但我们家长文化水平有限,辅导不了多少。现在校外学科培训管得严,收费也降了一些,但孩子还在上,经济压力还是有。学校有课后服务,我们没让孩子参加,主要是不知道里面具体干什么,担心只是看管,起不到辅导作用。希望政府能督促学校把课后服务办好,让老师利用这个时间给孩子讲讲作业、巩固知识,内容更实在一些,这样我们家长也能放心,不用非得花钱去外面补课。家里条件一般,想让孩子好好读书,又怕跟不上,请领导多关心我们这样的家庭。"
07BA08C560EC2FA225F73C07ECE9D6847D8877F2CF5934CE3E2A674EEB3C42E5,"希望学校课后服务真正帮孩子辅导作业,减轻家庭培训负担","领导您好,我是本地一名小学生的家长。家庭经济条件一般,我们文化程度不高,辅导孩子作业吃力。目前孩子没有参加学校的课后服务,但我们了解到学校原则上应该提供课后服务。因为怕孩子放学后没人管、作业没人辅导,家里只能继续给孩子报校外学科培训班,虽然现在费用降了一些,但这笔开支对我们来说还是不小。希望领导能督促学校在春季开学后把课后服务办好,提供作业辅导和看护,开展一些文体活动,让孩子在学校就能完成作业,我们也能少花校外培训的钱。谢谢。"
7506FDC1DECB861FB121FB3102F0CB12C04F2AF0238C622063972D59934CB27C,关于减轻中低收入家庭校外培训负担的建议,"领导您好,我是一名小学生的家长,家住东部城镇,家庭收入不高,我和家里人文化程度有限,辅导孩子功课比较吃力。孩子现在暑假还在上学科类培训班,虽然费用比之前降了一点,但对我们这样的家庭来说仍然是一笔不小的开销。我们怕培训机构预收费后跑路或退费难,也担心暑假培训内容过于超前、加重孩子负担。孩子平时所在学校原则上不布置书面家庭作业,我们本来希望学校课后服务能多承担一些学习和看护功能,可我家孩子因为一些原因没有参加,这方面获得感还不强。希望政府继续从严规范校外培训,管好收费和预收费,同时推动学校把课后服务和假期托管办得更好、内容更丰富,让普通家庭的孩子不补课也能跟得上,减少对校外培训的依赖。"
AFC3A320AFD5807319290105669FF11F88A5924C41B848409E2E622DE6110C67,"希望小学课后服务加强学业辅导,减轻家长负担","领导您好,我是一名小学生家长。按照现在的规定,孩子这个年级不布置书面家庭作业,我家孩子也确实没有书面作业带回家,这一点我们理解,也支持给孩子减负。但我们家长文化程度不高,辅导不了功课,很担心孩子基础打不牢。现在外面的学科培训班少了很多,收费虽然比以前降了一些,但我们家经济条件一般,长期报班还是感觉吃力,目前还在给孩子报着班。学校现在按政策提供课后服务,说是每周五天、每天两个多小时,但我们这个月没让孩子参加,主要是不知道课后服务具体做什么,担心只是看管,不能辅导学习。希望领导能督促学校把课后服务真正办好,安排老师在校内给孩子辅导作业、巩固知识,最好能指导孩子在学校完成学习任务,这样我们就不用额外花钱报班,也能让孩子学得扎实,减轻我们这样的普通家庭负担。"
FD817975DCCE645F3CAC000416C08416FDFCA56F626DAEC356F5CCD61DC3B7DE,希望开学后课后服务能替代高价培训班,"领导您好,我是本地一名小学生家长。孩子不是毕业班,但学习上我们不能不操心。我家收入不高,我和家人文化程度有限,辅导功课很吃力。现在孩子暑假还在上学科类培训班,虽然费用比过去降了一些,但对我们这种家庭仍然是一笔不小负担。马上要开学了,我最关心的是学校课后服务能不能真正用起来。按道理学校每天提供不少时间的课后服务,但这个暑假孩子没有参加,我们也不太清楚里面究竟是看管还是能辅导作业、答疑。书面作业虽然现在少了,可孩子要跟上学习,光靠我们家长不行,学校课后服务如果能帮孩子把当天知识弄懂、把该练的练好,我们就能少花冤枉钱,也就不用总担心孩子放学早没人管、作业没人教。希望领导能督促学校把课后服务做实,多安排老师辅导,别让课后服务流于形式,让我们这样的普通家庭也能安心一些。"
046A92470F186934ABE3AE0716CC2CC79F62CED4DED28F85B2FC7AF9009F7EAD,关于提升小学课后服务减少校外培训负担的诉求,"领导您好,我是东部某城镇一名小学生的家长。孩子现在上小学,学校是公办的,不算重点。我们家里经济条件一般,我文化程度不高,辅导孩子功课很吃力。现在学校课后服务政策要求每周5天、每天至少2小时,但我们孩子这个月没有参加,可能因为时间或内容上不太适合我们。虽然校外培训收费比原来降了些,但我们还是给孩子报了学科培训,因为担心孩子学习跟不上,毕竟学校作业很少,我们怕基础打不牢。这笔费用对我们来说还是有压力。希望领导能关注一下我们这样的家庭,督促学校把课后服务真正办好,提供有效的作业辅导和学业帮助,让孩子在学校就能完成学习任务,这样我们就不用额外花钱去外面补课了。另外也希望继续规范校外培训收费,减轻家长负担。"
726AFBAB3369D75F04D86CBAECD436E618719A44F8F266C485CCEB0DFE01CBB2,"希望课后服务更扎实,减轻家长课外补课负担","马上要开学了,心里有些发愁。我家孩子上小学,家里收入不高,我文化也不高,辅导学习吃力。学校有课后服务,可孩子目前还没参加,主要担心课后服务只是简单看管,对孩子学习帮助不大。现在孩子还在外面参加学科培训班,虽说收费比之前降了一些,但对我们家来说仍是负担。真心希望领导能督促学校把课后服务办好,安排老师辅导作业、带着阅读、开展体育活动,让孩子放学后在学校就能得到好的照顾和学习支持,这样我们也能少花钱送补习。孩子作业不多是符合规定的,但家长还是盼着基础能打牢,课后服务能不能在巩固知识、培养兴趣上多下功夫,别只做形式托管,让家长安心。"
646CACA995860AF2177FAB2B32081AD10B631B03DEAEEF340E7192B7176967E9,"希望加强课后服务,减轻校外培训负担","领导您好,我是一名小学生家长,家里条件一般,孩子现在放暑假,马上要开学了。现在孩子书面作业不多,这点我们比较放心。但孩子还在上学科类校外培训,虽然费用比以前降了些,对我们家来说仍然是个不小的负担。学校课后服务我们暂时没参加,主要是担心内容和时间不一定合适。希望领导能督促学校把课后服务真正办好,每天时间衔接好,内容能有作业辅导和兴趣活动,这样我们就不必再花钱送孩子去外面补课了。同时请继续管好校外培训收费,别让一些机构变着法子加价,减轻我们普通家庭的负担。"
8B69CD885D32F88A7AFFB74135BBE6E5F896E847C6087CF55150029519796029,"希望学校课后服务加强作业辅导,减少家庭校外培训负担","领导好,我是一名小学孩子的家长,家里条件一般,我们两口子文化水平不高,辅导孩子功课很吃力。现在学校虽然每天有课后服务,但我们家孩子没有参加,因为不太清楚具体安排,也担心只是看管孩子,作业辅导不扎实。孩子现在还在外面参加补习班,虽然现在收费比以前降了些,但对我们这样的家庭还是一笔不小开支。我们也不想让孩子那么累,可自己又辅导不了。希望领导能督促学校把课后服务真正办好,把作业辅导、答疑这些做实,让家长能放心把孩子交给学校,不用额外花钱补课,减轻我们普通家庭的负担。"
0FF4017E843A87197C5C7CE4D75E32AB6D389499FFB6085567CBCE1C5364555B,关于希望加强课后服务减轻家长负担的诉求,"领导您好,我是一名小学生家长。家里经济条件一般,家长文化程度不高,辅导孩子学习很吃力。按孩子现在年级的规定,原则上不布置书面家庭作业,孩子作业是少了,但我们担心基础打不牢。学校课后服务我们家孩子没有参加,怕别的孩子参加了自己孩子落后。校外培训虽然费用降了一些,但还是要花钱,正规的机构也少了,心里没底。希望政府能多关心我们这样的家庭,把学校课后服务真正办好,内容更丰富,老师多指导,不额外收费,让我们能放心让孩子参加,不用总想着花钱去外面补课。谢谢。"
0A472B0EBDDD9C2221EDC1397B5539C0FF8EC24B5A6EE0D4A4DE72E5E5CD4150,希望学校课后服务能真正帮家长减负,"我是东部城镇一名小学生家长,家里经济条件一般,我们文化程度不高,辅导孩子功课比较吃力。孩子目前还在参加学科类校外培训,虽然费用比之前降了一些,但对家里来说仍是笔不小的开销。学校课后服务说是每天不少于两小时,我们孩子目前没有参加,马上要开学了,心里没底。我们担心课后服务如果只是看管、内容不实用,孩子放学后还是没人辅导作业、培养兴趣,我们只能继续花钱报班。希望领导能督促学校把课后服务真正办好,多安排作业辅导、阅读、体育等实在内容,让像我们这样的家庭愿意让孩子参加,减轻校外培训负担。同时希望继续管好校外培训收费和安全,防止我们花了钱还提心吊胆。"
C36B9003DA58EEDFFDF2A1C23AAC80974331663E384943C08032A1B275C32E13,关于改善学校课后服务、减轻校外培训负担的诉求,"领导您好,我是一名小学生家长,家住东部城镇,家里经济条件一般,文化程度不高。孩子现在上小学,不在毕业班。暑假快结束了,我们很担心开学以后的学习安排。按政策学校课后服务应当每周五天、每天至少两小时,但孩子目前没有参加学校课后服务,我们也不太清楚开学后能不能真正报上、内容实不实在。我们家庭收入不高,但孩子目前还在外面参加学科类培训,虽然收费比以前降了一些,仍然是一笔不小开支。我们也不想让孩子这么小就补课,可又怕学校作业辅导跟不上,放学后没人管。以前听同省家长反映过放学早、作业写到很晚、补课还要交钱的情况,我们心里更没底。希望领导能督促学校把课后服务真正办好,时间衔接好、内容实在,加强作业辅导和看护,让孩子可以在校内完成学习任务,我们家长就不用再额外花钱补课。同时请继续管好校外培训收费,别让费用再涨回去。谢谢。"
64E1E6CCC153FD0519EB8F4E33A865C56BF10A336970B762192180B52CF0E9D6,"希望学校课后服务增加作业辅导,减轻家庭培训负担","领导您好,我是小学学生家长。现在学校每天都有课后服务,但孩子没有参加,我们家庭经济条件一般,为了孩子学习,还是花钱报了校外培训班。虽然培训费用比之前低了,但对我们来说还是有压力。希望学校能把课后服务做得更实在一些,让老师利用这个时间给孩子辅导作业、讲讲不会的题,这样孩子在学校就能完成学习任务,我们也不用再额外花钱报班了。请领导关注一下我们这种普通家庭的难处。"
25C2DAACD363D8E03B0ECA695529481C61E1DED6B8028F0299641B24D77580E3,关于更好发挥学校课后服务作用减轻家庭培训负担的诉求,"领导您好,我是一名小学生家长。家里经济条件一般,家长文化程度不高,辅导孩子功课比较吃力。现在学校按规定提供每周五天的课后服务,每天至少两小时,但孩子这个月还没有参加,我们也不太清楚具体原因。与此同时,孩子仍在参加校外学科类培训,虽然费用比之前降低了一些,但对我们这样的家庭仍然有压力。我们了解到政策要求学校完善课后服务,也要求规范校外培训。希望有关部门能督促学校把课后服务真正办好,内容更丰富、辅导更有针对性,让孩子愿意参加,也能减轻我们家长的经济和辅导负担。同时请继续加强校外培训收费监管,防止加重家长负担。谢谢。"
C29531F5EC49CC047A145569A6A3B874E4F5F958D362270FC1D86CA646BBA389,关于保障初中新生课后服务质量的诉求,"我家孩子今年暑假后升入初中,家里条件一般,以前没上过校外学科培训班,主要靠学校。现在校外培训管理更规范,我们担心原本不多的补课机会更少了。孩子上的初中不是重点学校,资源有限,作为家长心里没底。希望区里能重点督促普通公办初中把课后服务真正落实好,不要只停留在看管层面,最好安排老师指导作业、帮孩子做好小初衔接,同时继续控制好作业总量,让孩子睡眠和休息有保障。这样孩子在校内就能解决学习问题,我们家长也能安心。"
6258684A5DBCA5534556ECD2C8C5DEB7E4FCA27D283E29230B61B83CA1EB5762,关于新学期课后服务落实和升学衔接支持的请求,"我是一名初中生家长,孩子今年升入衔接年级。我们家庭经济条件一般,之前没有给孩子报过学科类培训班。现在国家要求规范校外培训,我们很支持,但也担心孩子在学校得不到足够的辅导。眼看就要开学了,希望领导能督促学校把课后服务真正做起来,特别是对我们这种非重点学校,师资和经费要保障到位,内容不要流于形式。孩子这个暑假书面作业目前看没有超标,但开学后学习压力会变大,希望课后服务能针对衔接年级加强作业辅导和学科基础巩固,也希望能有一些实践类活动,锻炼孩子动手动脑能力。另外,也希望学校能配齐各科老师,避免出现非专业老师代课影响教学质量的情况。我们不希望因为校外培训减少,孩子就没人管、没人教。恳请相关部门开学后到校检查指导,让我们家长放心。"
8CC39F544154606633A942A221D28BD4E1F1AA8928E8FF0550ABD933D6FD87CA,初三学生作业和课后服务亟待保障,"领导您好,我是一名初三学生家长,孩子在西部城镇一所公办学校就读,家庭经济条件一般,没有给孩子报过学科类辅导班。这个暑假孩子的书面作业量控制得还可以,没有超过规定的时长。但马上要开学了,孩子进入初三,我们担心学校为了升学压力又加大书面作业量,而且作业类型以刷题为主,缺乏实践性。同时,新学期学校会开展课后服务,我们又担心因为学校师资紧张,课后服务变成简单看管,辅导不了作业,内容也不丰富。我们家经济条件有限,希望孩子能在学校完成大部分作业并得到有效指导。恳请教育局督促学校严格落实作业统筹要求,既控制作业时长,也提高作业设计质量,多布置一些实践类、探究类任务;同时保障课后服务的师资和内容,让孩子真正受益。"
4E8B52E69DEB4F9C44BBA8E525CC7C67689FBCDACC1C2EBB6C6F31E9BBE56743,关于开学后减轻初中升学衔接年级作业负担的建议,"领导您好,我是本地一名初中学生的家长,孩子秋季升入衔接年级。家里经济条件一般,没有给孩子报校外辅导班,主要靠学校教学。这个暑假孩子书面作业不多,符合规定,我们很欣慰。但想到开学后,特别是升学衔接年级,学习任务可能加重,我们担心书面作业再次变多,影响孩子睡眠和锻炼。现在有规定要求学校统筹作业总量、时长,规范校外培训,完善课后服务,我们很支持。希望领导能督促学校在开学后真正落实这些要求,严格控制书面作业时间,多布置实践性、动手动脑的作业,同时把课后服务做扎实,提供作业辅导和兴趣活动,让我们这样的家庭也能放心。谢谢领导。"
85F87D86D6673D4139EB6FB7A39C84FB747FEB58953FF3C3808FB0DE7BCD842C,关于提升学校课后服务学业辅导质量的建议,"领导您好,我是一名初中学生的家长,孩子正处在升学衔接的关键年级。我们家经济条件一般,以前也没给孩子报过校外学科类辅导班,现在校外培训供给明显减少,我们既支持规范管理,又很担心孩子学业上得不到额外支持。这个月孩子参加了学校课后服务,每天原则上不少于两小时,这确实解决了我们接送的困难。但我们对课后服务具体内容不太清楚,不知道是否包含针对性的作业指导和学科辅导,尤其是对升学衔接阶段的孩子,能否有老师帮助查漏补缺。希望领导能督促学校进一步丰富课后服务内容,加强校内作业指导和学习方法辅导,让像我这样没有条件给孩子补课的家庭也能安心,让孩子在校内就能得到有效帮助,减轻家长焦虑,促进教育公平。"
715D57D62A332D2DF055FAE26567B8CA841B1469197DFF1B6C0C5F01B5413D3B,关于提升学校课后服务质量并统筹作业管理的建议,"各位领导好。我家孩子今年在公办初中读升学衔接年级,家里经济条件一般,没有报过校外学科培训班。这个月孩子参加了学校课后服务,每天时间不短,但我们家长心里没底,担心课后服务只是把学生集中起来看管或写作业,内容比较单一。尤其是我们这里学校不是重点校,师资和经费有限,课后服务如果只是让老师轮流值守,很难真正辅导到孩子的薄弱科目,也怕个别老师教非所学,影响辅导效果。孩子现在书面作业时间虽然还能控制在规定范围内,但开学进入升学衔接关键阶段后,学习压力可能加大。希望领导督促学校把课后服务内容做扎实,既要有作业答疑和学法指导,也要安排阅读、体育、实践等多样活动,不要变成变相补课或增加作业量;同时继续严格落实书面作业总量要求,提高作业设计质量,让孩子在学校尽量完成大部分作业,回家能早点休息。像我们这样没有条件校外补课的家庭,学校课后服务就是最大的依靠。"
6D5CC8B866731308DE8E89AEFE81AA8A345AC78B7F8598D6A0B2A2CAF3ACADB8,关于学校课后服务质量和管理的关切,"孩子正在上初中,处于升学衔接年级。这个月参加了学校课后服务,每天原则上两个小时。作为家长,我们关心这段时间的实际安排。从周边和同地区的情况看,有的学校课后服务存在内容单一、变成变相看管或补课、师资不够专业甚至另收费的问题。我们担心自己学校也存在类似情况。孩子书面作业目前符合规定,这很好,但课后服务如果只是写作业或补课,对孩子全面发展帮助有限,也会增加家庭经济负担。希望领导能督促学校严格落实自愿参加、内容多样、时间衔接的要求,不要额外收费,同时加强师资保障,多安排实践类、体育艺术类活动,减少机械刷题,真正提升课后服务质量。"
90A342A039AD506B49A80D00E759AD3C78C5ECE9DCB3265DE6199378252D2A1E,关于提升升学衔接年级课后服务质量的请求,"领导您好。我家孩子正在读初中升学衔接年级,家庭经济条件一般,对学校课后服务依赖较大。孩子这个月参加了学校课后服务,但我担心目前课后服务的内容是否足够丰富、师资是否专业,尤其对于升学衔接阶段是否能够提供有针对性的指导和练习。根据有关政策要求,课后服务应内容多样、师资和经费有保障,但学校的实际落实情况我们家长并不清楚。同时,孩子的作业量虽然目前符合规定,但升学阶段是否需要更高质量的作业设计也让人心里没底。希望相关部门能督促学校进一步提升课后服务质量,加强对课后服务内容和师资的监管,让我们家长能够放心。"
9DB681A95EE0C42D9C4B8B557921383E1822D36B096EA0F5C4F70EA5B7811F9C,关于提升初中课后服务质量和作业辅导的诉求,"领导您好,我是西部城镇一名初中生家长,孩子即将进入升学衔接年级。家里经济条件不宽裕,同住人口多,家长辅导能力有限。现在校外学科类培训明显收缩,我们之前也没有参加,学校课后服务成了孩子学习支持的主要依靠。这个月孩子参加了学校课后服务,暑假作业时间也符合规定。但我担心开学后课程难度上来,课后服务如果只是集中看管,不加强作业指导、学科衔接和学习方法引导,孩子可能会跟不上。希望政府督促学校把课后服务时间真正用好,结合初中起始年级的实际需要,安排老师做好作业辅导和答疑,同时保障师资和经费,让自愿参加的孩子确有收获。也请关注作业总量和质量,避免机械重复,减轻家庭负担。"
D44D341B16AEBAB46147CF306FBBEAF541E07897AEB9F89EDDEF7DF589FE8CDA,关于初中升学衔接年级课后服务和作业管理的建议,"我家孩子秋季开学就要升入初中衔接年级,目前在西部城镇一所公办初中就读,家庭经济条件一般,没有参加校外学科类培训,暑假也按学校安排参加了课后服务。最近孩子的书面作业控制得符合规定,我们比较放心。但看到一些同省家长过去反映过作业繁重、课后服务内容单一、个别老师跨专业教学的情况,心里还是有些担心。孩子马上面对升学,怕开学后书面作业量反弹,课后服务变成简单看管或刷题,实践类任务少,影响睡眠和动手能力。我们家庭经济有限,更依赖学校把课后服务做实。希望领导督促学校和地方在新学期继续统筹好作业总量,利用课后服务加强作业指导,多安排实践、阅读、体育等活动,同时关注师资配备,避免因师资紧张让非专业教师长期顶课。恳请核查并协调保障。"
41C500DC2BA29A9213AD66FE11D77EE770E7F5CBAFAB6FB8697023B31058733A,关注升学衔接年级课后服务质量与作业负担,"领导您好,我是西部城镇一名初中生家长。孩子正处于升学衔接年级,暑假后学习压力会增大。我们家经济条件一般,家里人口多,无力承担校外辅导,目前孩子参加学校的课后服务。这个月孩子的书面作业量符合规定,我们很高兴。但我了解到以前有的地方出现过老师布置作业偏多、还有老师教非自己专业科目的情况,心里还是有点担心。我们这边学校不是重点学校,老师负担也比较重,我怕开学后作业又会多起来,课后服务如果只是看管写作业,对孩子帮助有限。希望领导能督促学校切实统筹好作业量,提高课后服务质量,尤其对升学衔接年级多安排一些有针对性的学习指导和实践类活动,让孩子在学校就能得到较好的辅导,减轻我们家长的负担。谢谢。"
ECF7C47917093A613A84C0396E876E52F09767C33D8B2FC68F7B567D8553BBD9,关于初中升学衔接阶段课后服务与作业管理的诉求,"领导您好,我家孩子在初中升学衔接阶段,暑假期间参加了学校的课后服务。家里经济条件一般,以前也没有报过学科培训班,现在校外培训少了,我们就更指望学校能把课后服务做好。希望有关部门能督促学校真正落实课后服务的师资和内容要求,多提供一些作业辅导、兴趣拓展和实践活动,别让孩子在那里干坐着。同时,孩子马上要升入新的年级,希望学校开学后能继续控制书面作业总量,不要又回到以前作业繁重的情况。谢谢。"
30673E652E0F1CB47C6BFCF13B3F758CA1E59D59CC1E114DD7CD4BDAD114255E,关于暑期课后服务加强升学衔接学业指导的建议,"领导好。我是一名初中学生的家长,孩子正处在升学衔接年级。这个暑假孩子参加了学校的课后服务,每天时间基本能保证,但我们明显感到服务内容还是以看护和一般活动为主,针对下学期知识衔接、学习方法调整和升学心理准备的内容不多。我们家经济条件一般,孩子以前也没上过校外学科培训,现在校外学科培训规范后,合规的选择更少,我们更指望学校能帮孩子平稳过渡。希望政府能督促学校在暑期课后服务中,结合升学衔接年级的实际需要,增加学科巩固、学习策略指导和心理调适等活动,并保障好师资和经费,让像我们这样的家庭也能获得实实在在的支持。"
45BEE77E28CC1F901B5C027497AF1A11727504D247FF0995ED0CB28A724F98F2,关于升学衔接年级课后服务与作业管理的诉求,"我家孩子秋季即将升入初中,属于升学衔接年级,目前暑假期间学校有课后服务,孩子每天参加,我们很感激。但结合周边家长的反映,我有些担心。同地区有家长提过,部分学校课后服务内容比较单一,只是把学生集中看管,或者变成变相补课;还有学校存在老师所学专业与所教科目不一致的情况,影响教学效果。我家经济条件一般,家里人口多,没有能力在校外给孩子补课,只希望学校课后服务能真正提供多样化的活动,比如阅读、体育、科普、劳动实践等,而不是单纯做作业或上课。同时希望教育部门能持续关注初中生书面作业总量,现在虽然孩子作业时间基本符合规定,但开学后科目增多,担心作业量反弹。恳请相关部门加强对学校课后服务和作业管理的日常监督,尤其在升学衔接年级,确保政策落实不走样,让孩子在校内就能得到较高质量的教育和看护,减轻我们普通家庭的负担。"
79E736ED56C2DED86A136353A8112CBAAE1B055D406953C386388AFF19431630,关于初中升学衔接年级作业与课后服务的建议,"我家孩子今年处于初中升学衔接年级,在西部城镇一所公办初中就读,家庭经济条件一般。暑假期间孩子参加了学校课后服务,目前作业量基本符合规定,但作为家长还是有些担心开学后书面作业会增多,特别是以前听同省一些家长反映过作业偏重、教师跨专业教学等情况。希望学校能继续统筹好作业总量和设计质量,少一些机械抄写,多布置一些实践类、探究类任务,锻炼孩子动手动脑能力。也希望课后服务不只是看管,能真正有老师辅导答疑,丰富内容,避免变相补课或乱收费。孩子睡眠一直比较充足,我们也不希望因为作业或课后服务打乱作息。请相关部门关注学校落实过程,帮助普通家庭减轻负担。"
D7003C923CBFFBE8F4C60CDE19DA831CCBA52C35268039E82977CDCE3456DE06,关于提升升学衔接年级课后服务质量的诉求,"领导您好。我家孩子在本地一所公办初中就读,下学期升入关键衔接年级。暑假期间学校课后服务正常开展,孩子也按要求参加了,但我们家长心里一直不踏实。政策要求课后服务内容多样、时间衔接,可我们不知道每天在学校的两小时具体做些什么,担心只是集中看管,没有针对性的学业指导、习惯培养或实践拓展。家里经济条件一般,没有额外能力去校外补课,所以更希望学校课后服务能真正发挥好作用。另外,我们也担心课后服务师资能否保证质量,怕影响孩子。恳请有关部门加强对学校课后服务内容、师资配备和作业设计的检查指导,让课后服务不流于形式,让我们家长放心,让孩子平稳度过这个关键阶段。"
137A2EF133E658E55F93ACB15AF31D51945C3E2823AB8CA8CCD8317331E3854F,关于提升学校课后服务质量的诉求,"我是一名初中生家长,孩子即将面临升学衔接。我们家在西部城镇,经济条件一般,没有能力给孩子报校外辅导班。现在校外学科培训少了,学校课后服务成了孩子学习支持的主要依靠。这个月孩子参加了学校的课后服务,但我担心课后服务更多只是看管,作业辅导和学业提升的针对性不够。孩子每天作业时间符合规定,睡眠也充足,但我们希望课后服务能真正帮助孩子巩固知识、提升能力,尤其是对升学衔接有帮助的内容。希望政府能加强对学校课后服务的质量监管和资源保障,让课后服务不只是看护,而是能提供有效的学习指导,减轻我们这类家庭的教育压力。"
E6B2EF88BAE2E17E2AB819E2F1F086C4D9BB11A9B11BBF56FC5538956261627D,关于初中课后服务内容与收费规范的诉求,"领导您好,我是一名初中升学衔接年级学生的家长,家在西部城镇。孩子本月参加了学校课后服务,书面作业目前符合规定,但心里还是不太踏实。我们家庭经济条件一般,家里人口多,看护压力大,课后服务确实解决了接娃和辅导的难题。可听同省一些地方反映,有的学校课后服务存在变相补课、额外收费,甚至安排非专业老师辅导,效果不好。眼看马上开学,担心我们学校也出现类似情况:课后服务时间被用来赶进度、讲新课,或者以资料费、耗材费等名义收费,增加我们负担;也担心老师专业不对口,辅导质量上不去。希望相关部门在开学前后核查学校课后服务的经费保障、内容安排和教师配备,明确自愿原则,确保不额外收费、不集体补课,真正提供多样活动,也能保障孩子睡眠和休息。谢谢。"
DFBD4889BE61CE716BBEED099BEB24067911BD0DF80FB1866B0F06EB085322DE,暑期课后服务能否加强升学衔接与作业指导,"领导您好。我家在西部城镇,孩子读初中,今年处于升学衔接年级,家庭经济条件一般,家里人口多,没条件在外面补课。现在校外学科培训少了,我们更依赖学校。暑假孩子参加了学校课后服务,但我们心里没底:担心课后服务只是看护,缺少针对升学衔接的学业辅导和作业指导;也怕开学后书面作业又变重,超过规定时长,影响孩子睡眠和动手实践。希望相关部门督促学校把课后服务做实,统筹好作业总量,多安排一些实践类、拓展类内容,让普通家庭孩子也能得到有效支持。"
A6B4EE0E28402BA5B80B5710E232E19E5AA73A5179C9B0572CA088966AE158A4,关于升学衔接年级课后服务质量的诉求,"尊敬的领导:您好!我家孩子现在初中升学衔接年级,就读于本地一所公办学校。这个暑假孩子参加了学校的课后服务,政策上要求学校每天提供至少两小时的服务,我们很支持。但我们家长不清楚课后服务具体安排了什么内容,担心只是让学生坐在教室,没有针对性的学业辅导和素质拓展。我们家庭经济条件一般,无法额外给孩子报班,所以特别希望学校课后服务能真正用好这段时间,帮助孩子做好升学准备。另外,我们也听到一些家长反映师资专业性方面的问题,虽然不能确定我们学校是否存在,但作为家长难免担心。恳请有关部门加强对学校课后服务的监管和指导,优化服务内容,配强师资力量,尤其在作业设计和学业辅导上多下功夫,让我们家长放心。谢谢!"
0059EA48CAA27CEFB217B1E8C117CAD1E0A4512B477B08FB583450FD19EC2E8C,希望新学期学校课后服务能帮家长辅导作业,"领导好,我家孩子马上上初中,学校是公办普通学校,离家近。我和家里大人文化程度都不高,初中及以下,平时辅导作业很吃力,但又盼着孩子将来能考上本科。暑假里孩子作业量倒是不算多,完成得也还可以,但我们担心一开学课程难度上来,我们更帮不上。现在校外学科培训管得严,我们也不打算给孩子报学科培训班,更希望学校能把课后服务做实,老师能利用课后时间给孩子答疑和辅导作业,别让课后服务只是看管。同时请政府多督促学校保证课后服务自愿参加、时间衔接好,让像我们这样辅导能力弱的家庭不落下。"
CEB443DAF2FBFE37978959C05EDB443CD205303C7F4FFBA8A398F732B85011AB,关于初中课后服务与作业指导落实的诉求,"孩子就读公办初中,非重点学校,家庭经济条件尚可,但我和家人文化程度不高,辅导孩子初中功课有困难。新学期即将开始,我们很关注学校课后服务和作业管理的新要求。希望学校能在开学后真正落实课后服务,让孩子尽量在学校完成书面作业,老师能针对性指导,同时安排体育、艺术、科技等多样活动。我们担心普通学校师资力量和管理水平有限,课后服务容易流于形式,或者只是集中看管甚至变相补课。也希望教育部门能加强督查,帮助学校稳定师资、优化管理,保障课后服务质量。孩子以前睡眠比较充足,也希望作业总量继续控制在合理范围内,不要额外增加负担。"
4199FA5322F38AA0B247614D106E1C5DC0E5C341EF34814059390C69403BFDE6,关于保障普通初中课后服务与作业指导的诉求,"领导您好。我家孩子在东部一所公办初中就读,学校不是重点,离家近,平时睡眠时间够,作业也基本能在规定时间内完成,我们很感谢。但作为家长,我文化程度不高,辅导不了初中功课,孩子以前也没上过学科培训班,只能靠学校。现在听说要求学校加强作业指导和课后服务,我们非常期盼。可我们担心,像我们这样的普通学校,老师本来负担就重,课后服务如果师资和经费跟不上,容易流于形式,或者变成单纯看管,孩子校内学不透,我们又帮不上,将来考大学的目标怕受影响。希望领导能重视普通公办初中的课后服务和作业辅导质量,协调好师资、经费,让政策真正落到我们这样的家庭和孩子身上。"
828161E44FE6B6334707B72CD6E1B0C28BD86F19FDAF1180B6D1066CBCA58BF8,关于保障公办初中课后服务质量的诉求,"领导您好,我是一名初中学生家长。孩子就读于公办初中,不是重点或示范学校,家里经济条件尚可,但我和家人文化程度不高,辅导孩子作业越来越吃力,期望孩子将来能考上本科。暑假快结束了,我们最担心的是开学后学校课后服务能不能真正落实。政策要求学校完善课后服务,自愿参加、时间衔接、内容多样,但我们这里初中学校师资负担比较重,学校又不是重点示范,我们担心课后服务的师资和内容质量跟不上,最后变成看管或形式。现向领导反映,希望有关部门能核查学校新学期课后服务的准备情况,督促学校保障师资和经费,丰富活动内容,让孩子在学校能得到有效指导,减轻我们家长的负担。谢谢领导。"
82C9633C23B003691B479226AB3B89B52E2B80D5A30C85FCA62B1F46C4744A9A,关于完善初中课后服务帮助家长解决辅导难题的建议,"领导您好,我是一名初中生家长。孩子现在上初中,不在毕业年级。我们家庭经济条件还可以,但我和孩子妈妈文化程度不高,辅导孩子学习越来越吃力。现在学校按照要求减少了书面作业,孩子作业量符合规定,睡眠时间也充足,这我们支持。但孩子放学后回家,我们不会辅导,心里着急。现在外面学科培训班又少,我们以前也没上过,现在更不知道找谁帮助。学校有课后服务,听说是自愿参加,但我们这个月没让孩子参加,主要是担心服务内容不实在、就是看管,不能解决学习问题。希望领导能督促学校把课后服务真正办好,多安排老师答疑、指导作业和学习方法,让我们这些文化不高的家庭也能放心。"
5A25631D4048E43990C3761100800F99A023E896C719C7464884129DDB1DA735,希望加强初中课后服务作业辅导与答疑,"作为初中生家长,孩子目前就读公办初中非毕业年级。我文化程度不高,辅导初中功课比较吃力。现在校外学科培训选择明显减少,我们之前也没有给孩子报过这类班,主要想靠学校。按现在要求,学校课后服务原则上每周五天、每天至少两小时,但孩子这个月没有参加。我们担心课后服务主要是看管写作业,缺少有针对性的答疑和学习方法指导,也怕师资不稳定、管理松散。孩子作业时间目前符合规定,睡眠也较充足,但我们希望课后服务能真正帮助孩子巩固知识、提升能力,将来能考上本科。恳请领导督促学校优化课后服务内容,加强作业辅导和拓展活动,让自愿参加的学生获得实实在在的学业支持。"
E478B1A71213D291ECD10E01939BCA957A92FCCF43723D058467D593DC52008A,希望新学期加强初中课后服务与作业辅导,"领导好,我是一名公办初中学生的家长。孩子今年上初中,不在毕业班。我们家里文化程度不高,辅导初中功课很吃力。现在校外培训少了,我们更指望学校能把课后服务抓好。孩子目前没有参加学校课后服务,但听说学校按规定每天提供两个小时,我们不太清楚具体有哪些内容,也担心只是把学生看住,没有老师真正辅导作业。马上要春季开学了,希望领导能督促学校把课后服务做实做细,特别是作业指导,让孩子在学校尽量完成书面作业,控制在规定时间内,回家能早点休息。学校以前师资就比较紧张,我们担心课后服务流于形式。希望新学期能让孩子自愿参加,享受到有质量的辅导和活动,我们家长也能安心工作。"
CB4CF7F10018626E7617786D373EC314A773C070014F509E513FEC121AA68DF9,关于帮助家长辅导初中孩子课后学习的诉求,"尊敬的领导:您好!我是一名初中学生的家长。孩子就读公办学校,离家不远,但我自己文化水平有限,辅导初中功课越来越吃力。现在学校有课后服务政策,每天不少于2小时,但我家孩子目前没有参加,我担心他课后作业没人辅导,学习跟不上。虽然政策要求规范校外培训,但市场上辅导班少了,我们也没找到合适帮助。加上我们这边学校师资压力较大,担心课后服务质量打折扣。希望领导能督促教育部门核查学校课后服务的实际开展情况,增加作业辅导和答疑,让像我这样文化不高的家长也能安心。谢谢!"
4D7D38660300078A297A0748D53E1BF9A5E8B9D3E4EF1D6C50700BDCBFD9B39B,关于提升初中学校课后服务质量的建议,"领导您好,我是一名初中生家长。孩子现在上初中,暑假在家。我们家庭条件还可以,但我自己文化程度不高,辅导功课吃力。现在校外学科类培训基本没有了,孩子想补课也没地方。学校说开学后有课后服务,每天至少两个小时,自愿参加。我们就希望这个课后服务不要只是让孩子自己写作业,而是能有老师答疑、讲题,或者安排些拓展活动,真正解决我们家长辅导不了的问题。另外孩子现在的书面作业时间倒是符合规定,我们支持减负,但希望作业设计能更有质量,不要简单重复。请领导督促学校把课后服务落实到位,让我们家长放心。谢谢。"
A928C8F84A1639D6BF016D89A6F6C95C67BF125D74782263BA11884C3446C908,关于普通公办初中课后服务与师资保障的诉求,"领导好,我是一名初中生家长。孩子就读的是一所普通公办初中,离家近,目前暑假在家。我们家里经济条件还可以,但我自己读书不多,辅导不了初中功课。之前孩子没上过学科培训班,现在外面培训也少,我们更指望学校能把孩子教好。学校按规定有课后服务,但这个暑假孩子没有参加,我们也不清楚新学期具体会怎么安排。作为家长,我最担心的是普通学校师资和资源跟不上,好的老师不稳定,管理也不够细致,孩子想考大学就更难。希望领导关注普通公办初中的课后服务和质量,新学期能把每天的课后服务真正利用起来,多安排老师答疑、作业辅导和拓展活动,别让课后服务只是看管。也希望能加强普通学校的师资配备和管理,让像我们这样文化不高、辅导不了的家庭也能安心。"
FB2A4FEEF118D3F8111BF0F98210044F259A9BE610D4F4FAEC845E75193400BD,希望学校课后服务能真正帮到孩子,"领导您好,我是东部某地一名初中生家长。孩子下学期仍是非毕业年级,学校是公办非重点,离家不远。按现在要求,学校课后服务每天至少两小时,但孩子这学期一直没有参加。我们不是不愿意参加,主要是从身边家长交流和自己的观察看,学校课后服务内容比较单一,基本就是集中看管,作业辅导和兴趣活动安排少,对成绩提升帮助有限。我文化水平不高,辅导初中功课越来越吃力,家里经济条件虽然还可以,但现在外面学科类培训很少,想找合适的辅导也不容易。孩子平时书面作业时间没有超过规定上限,但我更担心作业少了以后学习效果不扎实。希望领导能督促学校把课后服务真正做起来,配齐有经验的老师,增加作业辅导、学科答疑和文体活动,坚持自愿原则,不要变成变相补课或强制参加。这样我们家长才放心让孩子新学期参加学校课后服务,既减轻家庭辅导压力,也让孩子学得更扎实。谢谢。"
CE3A3CB09D2A25BCC54E0D898823250326BCCF15F97782C5343B3D51B287E16E,关于提升非重点公办初中课后服务质量的诉求,"我家孩子就读于东部一所公办非重点初中,不是毕业班。我们家庭经济条件尚可,但我和家人文化水平不高,辅导初中功课很吃力。现在校外学科培训少了,我们更希望学校课后服务能帮上忙。孩子所在学校不是重点校,听说老师负担比较重,我担心课后服务会变成单纯看管,缺乏有效的作业指导和素质拓展。这个暑假孩子没有参加课后服务,对开学后的课后服务质量心里没底。希望有关部门能关注非重点公办初中的实际困难,加强课后服务的师资配备和课程设计,让我们这类家庭能真正受益。"
B891C195A3730C5E72B79E2CA9666B1094062D7D24A32F292957AEC474161FA1,关于暑假期间孩子学习辅导与看护问题的建议,"领导您好,我是初中生家长。孩子放暑假,本月书面作业符合规定,我们没给孩子报过学科类培训班,现在校外学科培训也大幅减少。我们两口子文化程度不高,辅导初中功课很吃力,孩子在家学习缺乏有效监督。学校课后服务平时有,但暑假期间我们不清楚有什么安排,孩子本月没有参加。我们担心假期两个月孩子学习松散,开学后跟不上,希望教育部门能指导学校在假期提供一些课后服务、托管或线上答疑,解决我们这样家庭的困难。感谢领导。"
E3F7659A24A9C7C9DB8B8755BD222F7D44DF79066152CBDCDE551A10CFC4C55D,关于落实初中课后服务并保障师资质量的诉求,"领导好,我是一名初中生家长。孩子就读公办初中,不是重点学校,但离家近,平时睡眠时间也较充足。这个暑假孩子的书面作业符合规定,我们比较放心。不过马上要开学了,我们家长文化程度不高,家里经济条件虽然还可以,但之前孩子没有参加过校外学科培训。现在校外培训减少,我们更依赖学校。听说学校课后服务原则上每周5天、每天至少120分钟,但我们担心学校师资不稳定、管理跟不上,课后服务可能只是看管写作业,缺乏针对性的辅导和多样化内容。孩子目标是考大学,初中基础很关键。希望上级部门能督促学校真正把课后服务做实,加强作业指导和学业辅导,同时保障课后服务的师资和经费,让我们家长能安心工作,孩子在学校就能学有所获。谢谢。"
56B9A6039E45B9E39FC8AF3F062113E7102A9B215686C0C1F86D16523C0543F8,关于加强普通初中课后服务师资保障的诉求,"各位领导好,我是初中学生家长。孩子就读公办初中,不是毕业班。我们了解到学校课后服务按规定每天至少两个小时,自愿参加。这个暑假孩子没有参加,但开学后我们希望能参加,让孩子在学校把作业做完,参加些有益活动,也减轻我们家长辅导压力。我们家长文化程度不高,但希望孩子将来能考上大学。不过孩子学校不是重点学校,以前就听说老师负担重、师资不太稳定。我们担心开学后课后服务因为缺老师、缺经费,变成简单的看管,质量不高。请领导重视普通学校的课后服务保障,协调好师资和经费,让课后服务真正办起来,让孩子自愿参加、真正受益。"
AE5D5459D263D06132424663C72448981EBAFA34183598378DDCC79AB6B21EDF,关于保障公办初中课后服务质量的请求,"尊敬的领导:我是孩子就读公办初中的一名家长。孩子目前初中阶段,暑假结束后即将升入新年级。我们了解到政策要求学校提供课后服务,每周五天、每天至少两小时,但我们目前还没有让孩子参加过,我们担心学校课后服务是否真的能开起来、质量有没有保障。我们家长文化程度有限,辅导孩子初中功课有些吃力,孩子又没上过学科辅导班,现在外面培训也比较少,我们更希望学校能在课后服务里提供有效的作业辅导和兴趣活动。听说本地初中师资负担比较重,我们担心课后服务的老师配备和内容安排跟不上。恳请领导关注辖区内公办初中的课后服务落实情况,督促学校保障师资和经费,提高服务质量,让我们家长能放心让孩子参加,帮助孩子更好地完成学业。"
02CFC42C369491C3516215D3A662D010DA9894D1BDF64DCE94143FBAEAB6B83B,希望新学期学校课后服务能真正辅导孩子作业,"领导好,我是一名初中生家长。孩子现在上初中,不是毕业年级。我们家离学校不远,家庭条件还过得去,但我自己文化水平不高,只有初中毕业,辅导孩子初中功课很吃力。现在外面学科培训班少了很多,我们以前也没让孩子上过补习班。看到学校有课后服务,原则上每天不少于两小时,但孩子目前没参加。暑假快结束了,我担心开学后学校课后服务只是看管,不能真正辅导作业。孩子书面作业按有关要求不超过90分钟,可如果没人指导,孩子自己磨蹭,可能拖到很晚,影响睡眠。希望领导能督促学校把课后服务做实,加强作业指导和答疑,让孩子在学校就能把作业写得差不多,回家能早点休息。也希望能有一些素质拓展活动,别让孩子觉得无聊。谢谢。"
4706BA2369BE451640BFC38C421943C082E98F40AE8542B3535941932EB9113C,希望开学后学校课后服务能真正辅导初中生作业,"我家孩子正在读初中,不是毕业年级,暑假很快结束。作为家长,我文化程度不高,初中知识辅导起来越来越吃力。以前没给孩子报过校外学科培训班,现在外面这类培训也明显减少,我们更指望学校课后服务能管用。按现行规定,学校课后服务原则上每周五天、每天至少一百二十分钟,但孩子这个月没有参加,开学后能不能稳定开展、老师愿不愿意认真指导作业和答疑,我们心里没底。如果课后服务只是让孩子坐着,作业还是带回家,我们也辅导不了;如果师资不稳定、管理跟不上,效果就更难保证。希望上级重视学校课后服务的质量,特别是在作业指导、学习习惯养成和师资保障上加强督促,让孩子在学校尽量完成作业、得到有效辅导,减轻我们这类家庭的负担。"
19FDFBE984F1A73501F2E47782A3F4995DF6AC57D5567E1EF9EC23FEE0CA1073,关于普通公办初中课后服务与师资保障的诉求,"领导您好,我是一名初中生家长。孩子就读的是普通公办初中,不是重点示范学校,通学时间不长,家里经济条件尚可,但我们夫妻文化程度不高,辅导初中功课越来越吃力。孩子以前没上过学科培训班,睡眠一直比较充足,作业目前看也在合理时长内。现在暑假,孩子没有参加学校课后服务。眼看要开学,我最担心的是学校课后服务能不能真正落实到位。政策要求每周五天、每天至少两小时,但普通学校师资本来就不算充裕,我们担心学校师资不稳定、老化,课后服务容易变成单纯看管,辅导质量跟不上。如果课后服务没有实效,孩子放学后没人辅导,我们又辅导不了,学业差距会越拉越大。希望领导督促教育部门加大对普通公办学校的师资保障和课后服务管理,让课后服务真正能辅导作业、拓展素质,不走过场。"
5008BC3287ECDB479A8236C5FE96CCE70357F74FE21F442BE16E29EB7D30733C,关于新学期公办初中课后服务与作业指导保障的诉求,"各位领导好。我家孩子在东部某地一所公办初中读书,不是重点学校,离家不远。我本人文化程度不高,辅导孩子学习比较吃力。过去我们没让孩子参加校外的学科培训,现在培训市场收缩,我们更指望学校能把孩子教好、管好。马上要开学了,看到现在政策要求学校做好课后服务,每周五天、每天至少两小时,我们很希望孩子在新学期能真正参加。这个月孩子没有参加课后服务,我们不太清楚具体原因,但新学期很希望他能够参加。我们这里学校不多,老师本来就忙,担心课后服务只是看管,内容单一。希望政府能重视普通公办初中的课后服务和作业指导,加强师资配备,丰富活动内容,坚持自愿原则,让孩子在学校得到实实在在的学习帮助,减轻我们家长的压力。谢谢。"
8404C3F457E7ACEBC56A408916904DEBE6B6117799421758683E31EBBA1EA2E7,关于新学期课后服务落实的期盼与建议,"我是一名小学生家长,孩子就读公办小学,非升学年级。我们夫妻都在上班,家里照看人手有限,放学接孩子存在一定困难。马上开学了,最关心的是学校课后服务能否真正落实。听说现在要求学校完善课后服务,自愿参加、时间衔接、内容多样,我们很期待。但也担心学校资源有限,课后服务可能只是简单看管,或者变相补课,增加孩子负担。孩子目前作业时间不长,睡眠也充足,希望这种状态能保持。如果课后服务不到位,我们可能不得不考虑校外托管,但校外培训现在管理严格,可选途径变少。恳请领导督促学校把课后服务做扎实,解决双职工家庭后顾之忧。"
655102162E4C9D1374AFF6B1FFD4A6025F9297FD495628176773A96BB7171C4F,关于完善小学课后服务内容与质量的建议,"领导您好。我是东部城镇一名小学生的家长,孩子就读公办小学,非重点示范,离家较近。我们夫妻双方都在职,家里同住人少,接送和看护一直比较吃力。现在学校要完善课后服务,我们很期待,但也有一些担心。听说有的学校课后服务只是让学生坐在教室写作业或看视频,内容单一,孩子坐不住,也达不到全面发展的效果。我们希望学校能利用课后服务时间,安排一些阅读、体育、艺术、劳动实践等活动,指导孩子学会自主学习和做力所能及的家务,而不是变相增加课业负担。同时,希望政府能保障课后服务的师资和经费,特别是我们这种非示范学校,资源有限,如果只是让老师义务加班,质量很难保证。另外,作业管理方面,希望学校能在课后服务中加强作业指导,让孩子尽量在学校完成书面作业,减轻家长辅导压力。我们理解政策刚实施,需要时间,但孩子成长等不起,恳请领导关注并推动落实。"
7267476A9153755176977558B4ED8A35840684AED9E03EC910900FBC35282D10,关于小学课后服务不要变相增加负担的建议,"领导您好。我家孩子上小学,不是毕业年级,父母都要上班,平时辅导和接送时间比较紧。马上要开学了,看到关于课后服务和作业管理的新要求,我们很期待,但也有些担心。希望学校课后服务能真正自愿参加,不要变成统一补课或布置额外书面作业,不要用课后服务时间让孩子一直看屏幕或上课,尽量安排体育、艺术、阅读、劳动等多样化活动。同时希望老师能利用课后服务或校内时间指导孩子完成一部分书面作业,书面作业总量继续控制在规定时间内,减轻我们晚上辅导的压力。也请关注学科类培训隐形变异问题,避免孩子休息和睡眠时间被挤占。孩子睡眠一直比较充足,我们不想因为学校安排让孩子负担加重。希望领导督促落实,谢谢。"
D241E1FC56121B0A6BE2470496EA2617639612BECB3D8F62B7F1A0B55FA9381F,建议督促学校落实课后服务解决双职工家庭看护难,"领导您好。我是一名小学生的家长,我们夫妻双方都在上班,平时工作较忙,家庭时间安排比较紧张。孩子暑假即将结束,新学期如何接送和课后看护成了我们最大的难题。根据新的要求,义务教育学校要完善课后服务,强调自愿参加、时间衔接和内容多样。我们希望政府能督促学校真正把课后服务落实好,不要走过场,更不要变成变相补课或让孩子长时间看屏幕。最好能提供作业指导、体育活动、经典阅读、兴趣小组等内容,让孩子在学校安全、充实地度过课后时间。同时,也希望政府能保障课后服务的师资和经费,让老师愿意参与,质量有保证。这样我们家长才能安心工作,孩子也能健康成长。谢谢。"
1CCCA6F9AB335276D9A6A9E1E4F29288E4BBB390CFAB2AAC879D90556925E52D,关于提升小学课后服务内容质量的建议,"我家孩子正在上小学,这个月参加了学校的课后服务。我们家长都要上班,家里又没有老人帮忙,确实很需要这段时间。目前看,孩子的书面作业量是符合规定的,我们对此没有意见。但我们比较关心课后服务这两个小时到底在做什么。政策上说要内容多样、自愿参加,可我们家长并不清楚每天的安排,也担心只是简单看管或者变成集体补课。我们希望学校能公开课后服务的具体安排,多提供一些体育、艺术、科技类的活动,而不是只做作业。孩子才上小学,不是毕业班,我们希望他能在学校完成作业的同时,也有机会发展兴趣。另外,因为父母下班时间和课后服务结束时间不一定完全衔接,希望地方能考虑延长服务或协调社区资源,真正解决双职工家庭的照护困难。最重要的还是质量,不能因为免费或低收费就降低标准,政府要加强监管和投入,让我们家长放心。"
7E3174B67ECCFF3D5C8F7F19A69337CD8307CE5061E238307CCA230F348432DD,关于丰富小学课后服务内容、减少屏幕时间的建议,"领导您好。我家孩子在公办小学就读,这个月已经开始参加学校课后服务。从制度上看,课后服务每天有两小时左右,我们家长也愿意支持,但心里有些担忧。身边不少家长反映,孩子在校期间已经接触了不少电子屏幕,如果课后服务再以看视频、上机或统一听讲为主,眼睛实在吃不消。我们更希望课后服务能多一些体育、阅读、手工、劳动实践或自主学习指导,让孩子真正得到放松和全面发展,而不是简单看管。孩子目前书面作业时间符合规定,这一点我们理解,也希望课后服务与作业指导能有机结合,培养孩子的自学能力和良好习惯。恳请相关部门加强对学校课后服务内容和质量的指导监管,减少不必要的屏幕使用,丰富活动形式,真正把好事办好。"
B57106612A25970E53C88ED6212EB060CEEFA67D5F6D1486D57999E29B2DC96A,关于丰富小学课后服务内容避免变相看管的建议,"领导您好。我家孩子上小学,最近参加了学校课后服务,每天两个多小时。学校能解决双职工接送问题我们很感激,但作为家长也有些担心。课后服务时间不短,如果只是集中看管、写题或让孩子长时间看屏幕,对低年级孩子视力和身体都不好。我们身边不少家长以前也反映过网课和电子作业太多,孩子眼睛受不了。希望有关部门能指导学校把课后服务真正用好,多安排体育活动、动手实践、自主阅读和兴趣小组,保证户外和活动场地,不要把课后服务变成补课或刷题。让孩子在校内也能全面发展,我们家长更放心。"
A226636BFA8C1116EC552D8F905B1974FFDFF62C737602F722B26E0263E3F961,关于提升课后服务质量促进孩子全面发展的建议,"领导您好,我是东部城镇一名小学生家长。孩子目前在公办小学就读,这个学期参加了学校的课后服务。由于我们夫妻双方都上班,家里时间比较紧,课后服务解决了接孩子和照看的问题,我们很感激。但作为家长,我们也有些担心:课后服务能不能真正内容丰富一些,多些体育锻炼、阅读、兴趣活动,而不是简单看管或变相上课?孩子睡眠一直比较充足,我们也不希望课后服务增加负担。希望有关部门能督促学校把课后服务做好做实,坚持自愿,加强作业指导,让孩子在学校完成大部分书面作业,回家有更多时间自主阅读、锻炼和休息。谢谢。"
E34EBB25624FCAEE831D03050A7BB42E1FBDC598A041F394677C62AC99801DFD,建议加强小学课后服务内容与质量保障,"领导您好,我是小学家长。孩子目前参加学校课后服务,我们双职工家庭确实很需要这项服务解决接娃难题。政策上要求课后服务每天不少于两小时,但我们更关心这两小时孩子到底在做什么。我们担心一些学校课后服务只是简单看管,内容单一,尤其我们孩子所在学校不是重点校,资源有限,可能更难提供丰富的体育、艺术、科技等活动。希望政府能统筹安排,对课后服务的内容和质量加强督导,保障师资和经费,让孩子在校的两小时既能完成作业,又能真正得到全面发展,而不是虚度时间。同时建议课后服务继续保持自愿原则,不要变相补课或强制参加。"
E7E4E2F10064095B0947C57E0A8DF886BB810B84C3E0EA571D8A4A983ED21364,关于丰富暑期学校课后服务内容的建议,"我是一名小学生家长,孩子今年暑假参加了学校的课后服务。作为双职工家庭,课后服务确实解决了我们的看护难题,很感谢政府的安排。但我们也有些担忧,孩子在校期间使用电子屏幕的时间可能偏长,服务内容也偏向看管或完成作业,缺乏阅读、运动和动手实践。我们希望领导能督促学校落实课后服务内容多样的要求,减少不必要的电子设备使用,增加经典阅读、自主学习指导、家务劳动和体育锻炼,让孩子过一个健康充实的暑假,也避免服务变成变相的网课或刷题。"
D79B8DC7158E84E94F18D6BBEC053F4947722B6E51E35088B37E549089169D56,关于丰富小学课后服务内容、减少孩子屏幕时间的建议,"领导好,我是本地一名小学生家长。孩子今年上小学,暑假期间参加了学校提供的课后服务。我和孩子爸爸都要上班,家里老人不在身边,学校离家近,课后服务解决了我们的看护困难,我们很感谢。但通过这段时间观察,我有些担心:孩子在校内课后服务里有不少时间是在看视频或写作业,老师主要是看管,活动比较单一。我们在家尽量控制电子产品,可学校环节的屏幕时间反而增加了。开学后如果课后服务还是以看管和作业为主,孩子一天的用眼时间会很长,也不利于全面发展。我们不是要求学校加课,而是希望课后服务能真正落实内容丰富的要求,多安排一些户外运动、阅读、手工、劳动实践等,让孩子少看屏幕,多动手动脑。同时也建议学校统筹好作业量,课后服务时间不要变成变相补课或全部用来赶作业。希望领导能督促相关部门和学校重视课后服务的质量,把好事办好,让孩子们健康成长。"
76349AC0AE1A2E28D312D53D6393866B606EF6797BCD4D825B512D09F7E4EC0D,关于优化暑期课后服务内容、减少屏幕时间的建议,"领导您好。我家孩子是小学阶段,我们夫妻都要上班,假期看护压力比较大,这个月孩子参加了学校的课后服务,非常感谢政府提供这样的安排。但作为家长,我有点担心:学校课后服务每天原则上不少于两小时,时间不算短,不知道具体内容是怎么安排的。我们最怕的是为了图省事,让孩子长时间坐在教室里看屏幕、看视频,这对眼睛不好,也浪费了假期锻炼和阅读的时间。希望有关部门能督促学校把课后服务做得更丰富一些,多安排户外运动、阅读、自主作业和兴趣活动,减少电子产品使用,最好能每周或每天公示一下活动安排,让家长放心。同时,也希望能真正尊重家长和孩子的自愿选择,不要因为双职工没时间就变成变相统一上课。谢谢领导关心。"
BC2E5AA8B537EDD7E3689481176381A4CF15FFE3204CD5211399D1D05E7C7032,关于暑期学校课后服务内容与质量的建议,"我家孩子就读公办小学,这个暑假参加了学校提供的课后服务。我们夫妻都要上班,家里平时能搭把手的人不多,这项服务确实解决了很大困难。不过,目前我们对服务的具体安排了解有限,只知道每天原则上不少于两小时,具体活动内容、师资配备和作业指导情况还不清楚。我们担心暑期服务主要是单纯看管,缺少体育锻炼、阅读、科普和兴趣活动,也担心书面作业量控制不好,影响孩子休息和户外活动。孩子平时睡眠时间比较充足,希望假期也能保持。恳请教育主管部门加强统筹,保障暑期课后服务的师资和经费,指导学校提前公布每日活动安排,丰富服务内容,同时继续落实作业时长要求,让孩子暑假过得安全、健康、有收获。"
1A201150F4E33105F5179FC571DBF7C3B8E23709DDD5A0D95B63E0F93A6C5656,关于丰富小学课后服务并减少屏幕时间的建议,"领导您好。暑假期间,孩子参加了学校组织的课后服务。作为家长,我们最担心的是孩子在课后服务中长时间盯着屏幕,既影响视力,又容易对学习失去兴趣。现在学科类培训市场收缩,学校课后服务成为很多家庭的主要选择,但服务质量参差不齐。我们希望教育部门能加强对学校课后服务的统筹和指导,真正落实自愿参加和内容多样化:少一些网课或视频,多一些经典阅读、自主学习、家务劳动和写日记的安排;同时把作业指导做扎实,让孩子在校内尽量完成书面作业,回家后继续保证充足的睡眠和自主活动时间。这样既能巩固校内学习,又能培养孩子的自理能力和阅读习惯,减轻家长的时间和精力负担。恳请领导关注并推动核查,谢谢。"
54AFEC467423079E37E40D4CC88B2FF85C47F740A48CBEFABD3553821ADD7B04,关于暑假课后服务内容安排的几点建议,"领导您好。我是东部城镇一名小学生的家长。孩子暑假期间参加了学校的课后服务,我们作为双职工家庭确实需要这样的托管安排,也感谢政府提供了便利。但作为家长,我们更关心孩子在课后服务中的实际获得和身心健康。当前制度要求学校课后服务内容多样、时间衔接,但我们在日常观察中担心孩子在校期间可能存在较长时间使用电子屏幕、活动内容单一、户外锻炼不足等情况。希望领导能督促教育部门和学校进一步细化暑假课后服务的内容设计,减少不必要的屏幕使用,增加经典阅读、自主学习、家务劳动、体育锻炼等安排,让孩子在课后服务中既能得到照看,又能养成良好习惯,而不是变相延长课堂学习或增加作业负担。同时,也希望能对学校课后服务的落实情况加强监督和评估,让好的政策真正惠及孩子。"
0859DA4F7CF690761A848B96CC2D0E220E0396789F02960C9933002033E07BA3,关于丰富小学课后服务内容的建议,"领导您好。我是一名小学生家长,家住城镇,家里大人白天上班,孩子目前参加学校课后服务。政策规定课后服务每周五天、每天至少两小时,这确实缓解了接娃压力。但我们担心课后服务只是让孩子坐在教室里写作业或看屏幕,缺少体育运动、阅读、劳动等多样化活动。孩子正处在小学阶段,长时间用眼和被动看管不利于身心发展。希望教育部门能督促学校优化课后服务,安排丰富活动,加强作业指导和自主学习能力培养,避免把课后服务变成变相补课或简单托管。谢谢。"
840406BFA55C596BB64F614A61ACAB99BD7FC1BAC0DAE4AA084344D6C82CF19B,关于暑期课后服务内容与师资保障的诉求,"领导您好。我们夫妻双方都在上班,家里没有老人长期帮带,孩子正上小学,暑假期间参加了学校的课后服务。目前学校课后服务虽然能解决看管问题,但我们担心它更多只是让学生集中写作业或自由活动,优质的兴趣拓展、体育锻炼、阅读指导等资源不足,特别是学校本身并非示范校,师资和经费保障能否持续到位还不明确。孩子政策前没有参加过学科类校外培训,我们对校外培训从严规范是支持的,但也希望校内课后服务能真正承担起更多教育功能,而不是简单替代托管。可否请领导协调教育、财政等部门,进一步加强对学校课后服务的师资配备、课程设计和经费投入,让暑期课后服务内容更丰富、质量更有保障,让孩子在校内就能获得有益的成长体验,也减轻双职工家庭的后顾之忧。谢谢。"
6BBFDE36298E7FDA27D6D291F5D78585466986C07C3FBC7C7D4DF45373E159FB,关于提升小学课后服务质量、关注孩子身心健康的建议,"领导您好。我家孩子目前在公办小学就读,暑假也参加了学校的课后服务,但我们心里一直不踏实。孩子父母都要上班,确实需要课后服务来衔接接送,可眼下最担心的是课后服务内容比较单一,可能变成看管写作业,或者为了省事让孩子长时间盯着屏幕,对视力不好。我们并不要求学校额外补课,只希望课后服务能真正落实多样化的要求,多安排一些体育、经典阅读、劳动实践,让孩子动一动、歇歇眼睛。作业方面虽然现在符合时长规定,但希望教育部门持续督促学校做好总量统筹和校内指导,别让政策停留在纸面上。家里经济条件还可以,但也不想让孩子再回到外面报班。恳请领导关注一下课后服务的实际质量,协调保障师资和经费,让孩子在学校这段时间过得有意义,我们家长也能安心工作。"
AF13F42DD5D0AF481F54B1CDF38495C5EBE91665FAB387AE592C2B8FE0539A48,关于丰富暑期课后服务内容减少屏幕时间的建议,"领导您好。我是一名小学生家长,孩子暑假期间在学校参加课后服务。我们家庭对孩子视力比较担心,因为从身边了解到,有孩子长时间盯着电脑手机上网课,眼睛负担很重。现在学校课后服务虽然按要求有时间保障,但我们不太清楚具体内容,担心如果主要以看屏幕上课或电子作业为主,对孩子眼睛和自主学习能力都不好。孩子平时书面作业时间符合规定,但希望学校不要用网课替代作业辅导,也不要额外布置需要长时间用眼的电子任务。我们建议,暑期课后服务可以多安排经典阅读、写日记、做力所能及的家务、体育锻炼等内容,老师可以指导孩子学会自主学习,而不是排满网课。希望有关部门能督促学校丰富托管内容,减少屏幕时间,保护孩子视力,促进全面发展。谢谢。"
924B12AD07E049623F637E9CB2DC9D9EFEF0B267E2FBBF630508A57A101DA164,关于提升小学课后服务质量的建议,"尊敬的领导:我是本市一名小学生家长。我们夫妻双方都在职,家里同住人少,孩子暑假期间参加了学校组织的课后服务。从制度上看,学校课后服务应当提供内容多样的活动,并保障时间衔接。但我们了解到,一些学校的课后服务可能只是集中看管或辅导作业,缺少阅读、体育、艺术、劳动等有益孩子全面发展的内容。我们担心这样既不能真正减轻家长接送压力,也可能让孩子错过自主学习的机会。孩子平时睡眠充足,我们希望课后服务能合理安排,不增加额外负担。恳请相关部门加强对学校课后服务的指导和督查,确保服务内容多样、师资到位,让双职工家庭真正受益。谢谢。"
2E56D0332CD0DA1F5CC5623527BB36C498EA922CE8CB24BC8AE26BEFF1AE1E22,关于乡村小学课后服务落实与接送难题的诉求,"孩子就读公办重点小学,家在农村,单程通学时间长,家庭经济条件有限。现在要求学校完善课后服务,强调自愿参加、时间衔接、内容多样,并由地方保障师资和经费。作为家长,我很担心开学后这项服务在乡村学校能否真正落实。希望领导能督促学校在开学后提供有质量的课后服务,让孩子能在校内完成作业、参加一些兴趣活动,这样既能解决我们接送难的问题,也能减轻家长辅导作业的压力。同时,希望课后服务不要额外收费或收费合理,别让经济困难家庭增加负担。"
EDE0E23D948968E8D18CD6051C53C3AE0CB7240881B339C4D5D06FCA8E963D5A,乡村小学课后服务别让通学远的孩子更累,"我是一名乡村小学生的家长,孩子就读的是公办重点小学,单程上学要花较长时间。暑假里孩子休息得较好,作业负担也符合规定。但眼看快开学了,想到以前周边学校有过孩子起早赶车、在校时间长、晚上作业写到很晚的情况,心里很不安。现在学校要开展课后服务,我们很支持,但担心乡村学校师资和经费保障跟不上,课后服务变成变相补课或延长学习时间,孩子通学时间本来就长,如果放学更晚,回家还要写作业,睡眠就更难保证。希望领导能关注乡村学校课后服务的实际落实,确保自愿参加、内容多样,不要增加书面作业负担,让通学远的孩子也能睡够、学得健康。"
BB6D76C725FF3BA88504B860C939D6EBFD3A321B295CBB7474ECBDDD4ADB58EB,关于小学课后服务与作业管理的几点诉求,"我家孩子在本乡镇一所公办重点小学读书,学校离家较远,每天单程通学就要花不少时间。现在放暑假还没什么,但马上要开学了,我们做家长的心里很发愁。我们家庭经济条件一般,孩子也没上过什么学科培训班,就盼着学校能把课后服务真正办起来,让孩子在学校能把作业做完,有老师辅导一下,我们也好安心。以前总听说周围有孩子因为作业多,晚上写到很晚,早上还要早起赶车,身体都受影响。现在虽然规定书面作业平均不超过60分钟,但就怕有的学校不严格执行。希望上级部门能督促学校严格落实作业总量控制,课后服务不要变成集体补课,要自愿参加、内容丰富,时间上能对接我们家长下班,减轻农村家庭负担,让孩子能睡够觉、健康成长。谢谢领导关心。"
3CF9DDF85231F1D0064AD6336C24F552E4F77D103DB3B81EB11C0CBAF1D933A6,关于乡村孩子课后服务与作业负担衔接的诉求,"各位领导好,我是一名乡村小学生的家长。孩子学校离家远,每天单程通学时间较长,家里经济条件也不宽裕。马上要开学了,我很担心学校落实课后服务后,孩子回家时间更晚,路上安全、吃饭、睡觉都成问题。再加上作业量如果控制不好,孩子可能又得熬夜,影响身体和学习兴趣。过去常听说一些孩子因为上学太早、作业写到深夜而疲惫厌学,心里很不安。希望政府能督促学校严格按照规定统筹作业总量,不要超过孩子承受能力;课后服务要真正自愿,不能变相强制,同时加强乡村学校的师资和经费保障,让服务内容实在、时间衔接合理,别让家长和孩子两头为难。请领导多关心乡村孩子的实际困难,谢谢。"
63B5F7C0675C7B85363CC34574A85EEEDBE928DCBD29D59D83969ECA1F67DFAA,请保障农村学校课后服务质量,"我是一名农村小学生家长。孩子学校是公办重点学校,但离我家较远,每天上下学要花不少时间。现在孩子参加了学校课后服务,每天两小时以上,我们很感激,但也担心有些学校课后服务只是把孩子集中起来看管,内容单一,老师精力跟不上,特别是农村学校师资和经费有限。作为家庭经济条件一般的家长,我们无力给孩子报校外班,学校的课后服务几乎是我们唯一的指望。希望领导重视农村学校课后服务的实际运行,加强检查和投入,确保课后服务能真正辅导作业、开展有益活动,而不是流于形式,也能让孩子安全、充实地度过放学后时间,减轻家长负担。"
4AEB0BA3A9BFDA5D1A83A0E770C81963D6B31B7CC84E0D850F08C5442F76C26F,关于保障农村学校课后服务师资和活动内容的诉求,"我是中部农村一名小学生家长。孩子在一所公办重点学校就读,单程通学时间比较长,家庭经济条件有限,很难在校外再给孩子报兴趣班。目前孩子每天参加学校的课后服务,书面作业时间看起来也符合规定,我们对此很支持。但结合周边一些农村学校的情况,我比较担心课后服务的师资配备和内容质量:如果教师数量不足、代课教师流动性大,课后服务很可能变成单纯看管,或者活动单一,孩子得不到真正有益的课外拓展。特别是像我们这样的家庭,课后服务几乎是孩子在校内接受文体、科技等活动的唯一机会。希望相关部门能督促并保障农村学校课后服务的师资和经费,丰富活动内容,加强质量监管,让孩子在课后服务中真正得到全面发展,也减轻农村家庭的负担。"
F04882A067D865489547B3346E87F6E17BF85C7B08D3D8B7B34567EE6EA9193E,乡村小学课后服务盼提质增效,"领导您好,我家孩子在乡镇一所公办小学读书,学校离家较远,单程要花不少时间。家里经济条件一般,现在校外学科培训班要么少了,要么费用高,我们确实负担不起。这个月学校开展了课后服务,孩子也参加了,但我们心里没底:课后服务到底是真辅导、真活动,还是只是把孩子圈在教室里?听说有的地方课后服务就是老师看着写作业,内容单一,师资也不稳定。我们担心孩子在学校待得久,回家更晚,路上安全也让人操心。希望政府能督促学校把课后服务办好,配齐负责任、稳定的老师,多安排一些体育、阅读、兴趣活动,让孩子既能完成作业,也能锻炼身体、开阔眼界,而不是变相增加负担。也希望开学后作业量继续控制在规定时间内,别反弹。谢谢领导关心。"
95F984699AB2EA7CB09096DD4253EDFA00C58168F77486D7CFB0C2C4B7FC9158,关于巩固乡村小学作业减负和课后服务质量的诉求,"领导您好。我是一名乡村小学生的家长,孩子就读公办重点小学,单程通学时间较长。这个寒假和开学过渡期,孩子参加了学校课后服务,本月书面作业时间也符合规定,我们暂时松了口气。但同地区以往有过学生早起赶车、作业写到深夜的情况,我们很担心春季开学后负担反弹。加上本地小学师资负荷较高,课后服务能不能持续保证质量,心里没底。希望教育部门能对乡村重点学校的作业管理和课后服务加强督导,保障师资,别让孩子在校时间过长、休息不足。"
9689B3DB089B972FD79C03175D4799D5733FCBE9691EFF590304EFD6DA00D842,关于暑期课后服务交通和费用负担的求助,"领导好,我家住在村里,孩子在乡镇公办小学读书,学校离家远,单程要花很长时间。家里经济条件不好,这个暑假孩子在学校参加课后服务,每天时间不短,我们既高兴又发愁。高兴的是有人管孩子,也能学点东西;发愁的是每天接送来回太远,家里老人照应不过来,也担心后面需要交餐费、材料费等,压力大。孩子平时睡眠比较足,如果要求太早到校,怕影响身体。希望政府能统筹考虑农村家庭的实际困难,对暑期课后服务的交通、午餐和收费出台更细的减免或保障办法,比如提供校车或临时接送点,对困难家庭减免费用,时间上也能适当错峰。我们不是不愿配合,只希望好政策能落得更实,让农村娃也能安心参加。"
D82FC62C3F6BDDD804AA672B323798B2C2B08F895ACD8FF9A26619FB073DE6B3,关于农村孩子课后服务负担和交通问题的诉求,"领导您好,我是农村一名小学生家长。孩子每天单程上学要较长时间,现在参加学校课后服务,在校时间增加,我们担心回家更晚、休息不够,长期影响身体。虽然目前书面作业时间似乎符合规定,但课后服务具体做什么、质量如何,我们心里没底,怕变成变相补课或增加负担。我们家经济条件不好,如果课后服务收费,可能成为新的压力。希望政府能关注农村家庭实际,督促学校坚持自愿参加、内容多样,加强作业辅导和体育活动,同时考虑远途学生交通衔接和费用减免,真正减轻家长和孩子负担。"
AC6838E9251E056B0BD30E383B0E397858BB0EE7B7A2CB4A64E09BF18FA0794F,关于乡村小学课后服务质量和师资保障的担忧,"领导好。我是一名乡村小学生的家长,孩子在本地一所公办小学读书,学校离家较远,每天通学时间比较长。现在暑假期间孩子参加了学校的课后服务,我们很感谢有这样的安排。但作为家长,我心里有些担忧。我们这里学校老师本来就不算充裕,以前也听说过有班级频繁换老师、请年纪较大的代课老师的情况。课后服务要求自愿参加、内容多样,可乡村学校能不能找到合适的老师来带活动?担心课后服务会变成单纯看管或者集体写作业,甚至变相补课。孩子每天在路上时间长,如果开学后课后服务再拖得很晚,怕影响休息和身体。希望领导能关注乡村学校课后服务的师资配备和内容质量,加强经费保障,让农村孩子也能真正享受到丰富、安全的课后服务,而不是增加新的负担。"
A700E9E8B0DC54E018B85FD6F0B3A2A73B3DC2AD2E311E0615B49B797CFA7C21,关于农村小学生课后服务与通学衔接问题的反映,"领导您好,我是一名农村小学生的家长。孩子就读于公办学校,单程上学路程较远。这个暑假孩子参加了学校课后服务。课后服务原则上每天不少于两小时,加上路上来回时间,孩子在校外的时间很长。我们家经济条件一般,担心孩子晚回家路上不安全,也担心服务内容质量。希望政府能关注农村学校课后服务的时间安排,根据农村学生通学实际合理调整结束时间,或协调提供交通保障,同时加强课后服务质量监督,真正为家长减负。谢谢。"
47C9A1062285A351A198428039F2654D898112D3F94CD91B5D0626CCFB47AB31,关于农村学校课后服务提质增效的诉求,"领导您好,我是一名农村小学生的家长。孩子就读的学校离家较远,单程通学时间长,家庭经济条件一般,我们平时能辅导孩子学习的能力有限,孩子一直希望将来能考上大学。这个暑假学校安排了课后服务,孩子也在参加,但目前看主要是集中写作业和自由活动,老师顾不上个别讲解,作业虽然基本符合规定时长,但孩子遇到难题还是不会。我们听说现在外面的辅导班不好找,我们以前也没条件上,更指望学校课后服务能真正帮孩子把学习基础打牢。希望政府能督促学校优化课后服务内容,增加作业指导和兴趣活动,特别是针对农村孩子学习上的薄弱环节多些帮扶。同时考虑到农村交通不便,课后服务结束后能否协调好接送或时间安排,让孩子安全到家。"
B5F6C4020B79BDAB7B1804E170B57700A35999F95580ACE4D815757643F507E7,"希望持续抓好减负和课后服务,别让乡村孩子负担反弹","我家孩子在乡镇小学读书,离家较远,单程通学时间长。暑假里学校提供了课后服务,孩子也参加了,这个月书面作业时间基本能控制在规定范围内,睡眠比前些年有改善,我们很感激。但马上要开学了,我心里最不踏实的是负担反弹。以前周边就有孩子早上五六点赶车上学,晚上作业做到十一二点,长期睡不够,身体和情绪都受影响。我们家庭条件一般,也没给孩子报外面的学科班,学校的课后服务就成了重要依靠。希望领导能继续督促学校严格落实作业总量要求,课后服务别变成变相补课,内容能丰富些,特别是乡村学校师资要稳定、专业,别频繁换人或让年纪过大的代课老师硬撑。孩子正是长身体的时候,减负和课后服务的成效一定要巩固住,别让我们的担心变成现实。"
944FC26CBE2851B0A4E8C8179D9114C25FB761FA7A51BCBC80AE53E8E2D0BEEF,关于乡村小学生课后服务与作业负担的担忧,"领导您好。我家孩子读小学,在镇上公办学校,每天单程上学要坐较长时间的车。暑假学校安排了课后服务,每天两小时,孩子参加后回家比较晚,加上天气热,孩子显得很累。目前书面作业时间倒是在规定范围内,但我担心开学后作业会变多,课后服务再一叠加,孩子睡眠和身体会受影响。我们这里以前经常听说有孩子因为作业多、起早贪黑,身体搞垮、厌学。现在政策要求学校统筹作业总量、提高课后服务质量,希望领导能监督学校真正落实,不要搞形式,课后服务多安排一些活动,少一些变相补课,作业总量继续严格控制,让孩子能有足够的休息。我们家庭条件一般,也没法给孩子报外面的班,就指望学校能给孩子一个健康的学习节奏。谢谢。"
680E7B6E49F29BEA763EAE013CA7544C703491995E3025CA74704D4B5388B6C1,关于乡村长距离通学孩子课后服务优化的请求,"领导您好,我家在中部农村,孩子读小学,学校离家比较远,单程要花不少时间。这个暑假孩子参加了学校的课后服务,每天课后在学校待一段时间。我们家里条件一般,给孩子额外补课的能力有限。听说现在有要求学校要统筹作业总量、加强校内辅导,课后服务要自愿、内容多样。但我们心里没底,因为我听说以前同省有学校出现过学生负担重、睡眠不足的情况,我们怕同样的事情落到自己孩子身上。孩子本来通学就远,再参加课后服务,如果只是把孩子圈在教室里,作业没真正减少,反而更累。恳请领导督促教育部门核查一下我们这边学校课后服务和作业统筹的实际情况,尤其要关注农村长距离通学的孩子,确保自愿参加、时间能衔接、内容有质量,别让好政策变成孩子的额外负担。谢谢领导。"
4CFFB064487DC1DD40692EF5AC28E724E4B82973DA6878221BABBCC5A550B54B,关于农村孩子暑假课后服务实效的期盼,"领导好,我是中部农村的一名小学生家长。家里条件不好,孩子每天上学单程路远,暑假我们也没能力给他报班或辅导。这个月学校开了课后服务,孩子每天都去,我们很感激。但我们最担心的是课后服务只停留在“有人看孩子”,孩子作业辅导和兴趣培养还是跟不上,我们做家长的能帮的有限,怕耽误孩子。希望学校能在课后服务时间里真正指导孩子完成作业,再安排一些阅读、体育、手工等活动,别让农村孩子和城里孩子差距越来越大。另外,孩子放学回家路远,家里接送时间不好安排,能不能请地方上协调一下,让课后服务结束时间和家长能接的时间衔接好,或者有安全的交通办法。我们就盼着孩子能好好读书,将来考上大学,不因为家里穷就耽误了。"
2FA73CE23EDD96B93B7A8AC6A5F634BC292ED8492C2A91E005CD749A689F5D3B,关于乡村小学生课后服务与通学时间衔接的担忧和请求,"领导好。我家孩子在乡镇一所公办小学读书,学校离家远,单程坐车要挺长时间。家庭条件一般,我们很希望孩子能读好书,将来考上大学。这个暑假孩子参加了学校的课后服务,每天时间不短。我们了解到政策要求学校统筹作业、规范培训、完善课后服务,这是好事。但看到周边有孩子因为通学远加上课后服务,回家很晚,作业有时做到很晚,家长很心疼。暑假孩子睡眠还算充足,可马上要开学了,我担心开学后课后服务每天至少两个小时,加上路上来回时间,孩子在校时间太长,再写作业,休息和运动时间就没有了,身体会垮,也会厌学。希望领导能督促学校在落实课后服务时,结合我们乡村孩子通学远的实际,合理安排时间,不要搞“一刀切”,确保作业总量真正控制住,让孩子每天能早点回家,睡够觉,有点活动时间。谢谢。"
9FA69306093F05C2D8EEE457433C02CE8D49566B5FEEA7FED64C83D8D4362E5A,关于优化农村小学课后服务减轻通学负担的建议,"我们是农村家庭,孩子在本乡镇一所公办小学就读,学校离家较远,单程通学时间较长。这个暑假孩子参加了学校课后服务,每天在校时间不短,加上往返路程,回家后比较疲惫。我们理解课后服务是为了方便家长、减轻作业负担,但担心如果课后服务只是延长在校时间或变相补课,反而会让孩子更累。家里经济条件有限,也没有条件接送或参加其他活动。希望领导能督促学校在课后服务中多安排体育活动、阅读和兴趣活动,加强作业辅导,不要统一讲新课;同时考虑农村孩子通学实际,合理调整服务时间或协调交通,保障孩子有足够休息和睡眠。"
2D1D30B82EB05E1406232663C05E8A53F616EB03B934366FE5367CCDB46BF7F9,请关注乡村重点示范小学课后服务与作业负担,"领导您好。我是一名小学生的家长,家住中部乡村,孩子就读公办重点示范小学,单程通学时间比较长,家庭经济条件一般。暑假期间,孩子参加了学校组织的课后服务,我们很感谢政府提供这样的安排。但心里还是有些担心:同省过去有家长反映过学生负担重、学校师资不稳定等情况,我们乡村小学师资原本就比较紧张,课后服务要求内容多样、时间衔接,如果师资和经费跟不上,可能变成单纯看管甚至变相加课。特别是我们家经济条件有限,没法额外购买优质资源,孩子又期望将来能考上本科。希望领导能关注乡村重点示范学校课后服务的实际质量,督促学校把自愿、多样、时间衔接落实到位,持续监管书面作业总量,别让开学后作业负担反弹。我们只盼孩子在校内获得扎实、健康的学习支持,不要为了完成时间牺牲休息和身体。"
4DA720ECD7BFCABCEDB24F5AED1FF96F84B2DF0F9F3DB4F5DA1F095E01D86F56,低年级学生书面作业负担亟待规范,"我是一名小学生家长,孩子就读于城镇公办小学,目前不在升学年级。按照相关规定,孩子这个年级原则上不布置书面家庭作业,但本月我观察发现,孩子的书面作业情况并没有达到这一要求。作为家长,我平时工作较忙,家庭成员虽多但各有事务,能专门辅导孩子作业的时间有限,长此以往担心孩子睡眠和户外活动时间被挤占,也加重家庭负担。希望有关部门能督促学校严格落实作业管理要求,同时指导学校利用课后服务时间加强作业辅导和安排多样化活动,真正减轻孩子和家长的负担。"
35E67831BECABFA0CE5F603E8AD53A19B478D24521DFF8F0ABACCE443CB3B1B4,关于减轻小学生暑假书面作业和家长负担的请求,"孩子目前上小学,按年级本应不布置书面家庭作业,可这个月孩子的书面作业情况还是不符合规定,虽然不清楚具体是学校统一安排还是其他原因,但确实让我们家长很发愁。家里人多,经济条件也一般,我们每天要忙生计,实在没有太多精力和能力去辅导、批改作业。以前就听说过附近有学校让家长批改作业、填表打印,现在暑假还没结束就出现这种情况,真担心开学后作业量又反弹。希望领导能督促学校严格落实作业统筹要求,别再把批改、设计作业这些事变相推给家长,也盼着课后服务能真正提供作业指导,让孩子在学校就把学习问题解决好,减轻我们普通家庭的负担。"
C9AF631AADE63C73643FF242E1DE566F256F9C51D8E143C73CB2B9B130F9B175,关于小学书面家庭作业及家长负担问题的反映,"领导好,我家孩子是公办小学非毕业年级学生,学校离家近,平时睡眠时间还算充足。我们家庭条件一般,家长文化程度大专,但平时工作忙,参与孩子学习的时间有限。按照现行规定,孩子这个年级原则上不应该布置书面家庭作业,但最近一个月我们发现孩子在家仍有一些书面任务,有时需要家长督促或协助,担心不符合减负要求。另外,周边一些家长也提到学校有时会让家长打印、填表甚至批改作业,虽然我们目前没有遇到那么多,但很担心这类任务转嫁到家长身上。希望教育部门能加强对学校的指导,严格落实作业总量和时长要求,尽量在校内完成作业指导,不要把书面作业带回家,也不要给家长布置额外任务。同时希望课后服务能真正解决孩子作业和看护问题,减轻我们双职工家庭的负担。谢谢。"
40E755711FA99EC58803E3E05C4B833667F04CEF5D86210F12CD1276D0F75480,关于低年级书面作业规范落实问题的反映,"领导好。我家孩子在中部城镇一所公办小学就读,目前不是毕业年级。家里经济条件一般,同住人口比较多,我们家长平时参与孩子学习的时间和精力有限。按照现在这个年级的要求,原则上是不布置书面家庭作业的。但最近我了解到孩子本月书面作业的情况和这个要求不太对得上,虽然具体作业量和来源我们也不是特别清楚,但作为家长心里很没底。眼看就要开学,我很担心新学期学校会让低年级孩子写书面作业,或者像以前听说过的让家长批改作业、打印材料、填表打卡这些事落到我们身上。我们家长学历不算高,工作也忙,实在应付不了太多额外任务。希望领导能重视,让教育部门核查一下有关学校是不是落实了作业管理规定,督促学校不要给低年级学生布置书面家庭作业,同时把课后服务做好,让我们家长能安心工作,孩子也能正常休息。谢谢。"
C94D732C01FDD48520F3B85594D3DA84A7755CBBAD4491EE8038F8C980EA2A99,建议加强学校课后服务中的学业辅导,"领导您好。我家孩子现在读小学,学校是公办普通小学。孩子每天参加学校课后服务,回家后基本没有书面作业,这符合当前规定,我们也理解。作为家长,我们有一些文化,但平时工作忙,参与孩子学习的时间不多,家里经济条件一般,没有额外给孩子报辅导班。我们担心孩子基础知识不够扎实,影响以后的学习。希望政府能督促学校在课后服务时间里,除了看护和兴趣活动,适当增加作业指导和学科巩固内容,让孩子在学校就能把知识学扎实。同时希望课后服务的师资和经费能得到保障,不要流于形式。谢谢。"
5808961F8C54C045058AF4B7A7BCDEDAD2D5DD9B4241EDBEDB0577A0F1B2AAA0,关于小学课后服务落实与家长负担的建议,"领导您好,我是本地一名小学生家长。孩子现在参加学校的课后服务,我们很支持这项政策,但心里有些担忧。我家经济条件一般,之前也没给孩子报过学科培训班,就指望学校能把孩子教好。现在虽然要求减轻作业负担、规范校外培训,但我们担心学校课后服务只是把孩子聚在一起看管,没有真正辅导学习或开展有意义的活动,最后还是把作业、批改等任务推给家长。我们家长文化水平有限,家里人多事杂,实在没有太多精力辅导。希望教育部门能加强对学校课后服务的监督,确保时间充分利用,内容多样,真正减轻家长负担,别让好政策走了样。谢谢!"
FE83BCF3A61D856D7E55DED553FC600F94019E5107904D2956BCA5AB975F061F,关于提高小学课后服务实效减轻家长负担的请求,"领导您好,我家孩子在本地上公办小学,家里人口多,经济条件一般,我们大人平时工作忙,辅导孩子学习的时间和精力都有限。这个月孩子参加了学校课后服务,按规定每天至少有两个小时,我们原本指望这段时间能让孩子在学校把作业完成、有人管着,也能减轻家里照看和辅导的压力。但眼下还不知道课后服务具体都安排了什么内容,担心只是把孩子集中起来坐着,或者变相收材料费、活动费;也担心老师为了完成评比任务,又让家长填表、打印、打卡,反而增加负担。以前就常听说周边学校给家长布置不少额外任务,我们很怕落到自己头上。希望领导能督促学校把课后服务做实,重点做好作业指导、阅读、体育活动,坚持自愿参加,不额外收费,也不要把教学和管理的任务转嫁给家长,让我们这样的普通家庭真正安心放心。"
0E47FB7DF186D808C92D97B15EC5A9E30FDE5337019C37402B8F328672E3F354,关于提升小学课后服务实效与减轻家长隐性负担的建议,"领导您好。我是小学家长。目前孩子正在参加学校课后服务,每天在校时间有所延长。我们家庭经济条件一般,家里人口多,家长自身文化水平和时间精力有限,很希望学校能把课后服务真正利用好。从政策上看,小学阶段原则上不布置书面家庭作业,课后服务也强调自愿和内容多样。但我们作为家长,最担心的是课后服务变成看管,孩子回家后仍然需要家长陪着完成各类任务,或者学校通过其他方式让家长打印、批改、填表,让家长负担更重。我们没有遇到具体问题,只是希望领导能重视这类倾向,督促学校合理安排课后服务内容,加强作业统筹,不要把原本该学校承担的教学和辅导责任转给家庭。同时,希望课后服务的安排能够更透明,让我们家长知道孩子每天在学校做了什么,方便我们配合。谢谢。"
F35B1345A4C98547FC156882DF1F06D32B826F2F0759F14E017920DA01ED558D,关于暑期学校课后服务内容与质量的建议,"领导您好。我是小学学生家长。现在放暑假,我们家庭经济条件一般,家里人口多,但能辅导孩子学习的精力很有限。孩子这个月参加了学校的暑期课后服务,每天时间不短,但我们家长感觉孩子回家后没什么学习上的收获,在家也基本没有书面学习任务,担心孩子玩两个月后开学跟不上。现在校外学科培训少了,我们本来也没上过,但周围不少家长都反映找不到合适的辅导。希望学校在暑期课后服务里除了看护,还能增加阅读、计算、科学小实验、体育游戏等活动,或者帮孩子把上学期薄弱的地方巩固一下,不要布置书面家庭作业带回家,但可以在学校完成一些口头或动手任务。也请领导督促学校把课后服务的质量抓上去,让普通家庭的孩子假期也能有地方去、有东西学。"
D5324DBA91BBF9C846948783D35ECF790E0182F01189EC48483ACBE5268E4B18,关于暑期课后服务不要变相增加家长负担的建议,"领导好,我是一名小学生家长。孩子暑假在学校参加课后服务,我们很感激有地方看管,但也怕课后服务只是写作业或者变相补课,没有真正照顾孩子的兴趣和身体。家里大人多但平时参与孩子学习时间少,经济也不宽裕。过去常听说有的学校让家长填表、复印、打卡,甚至批改作业,虽然现在政策要求减少书面作业,我们担心这些任务还是转到课后服务或者日常通知里。希望领导督促学校把课后服务办好,不要给家长添负担,让孩子在暑假能安全、充实地过。谢谢。"
7D9197D86BCD6253EACF9322E2EBDA711FDD71258A858D276F663B8320868D04,关于小学课后服务质量和家长减负的诉求,"领导您好。我家孩子上小学,家里经济条件一般,我和家人平时工作忙,能辅导孩子的时间不多。这个暑假孩子参加了学校的课后服务,每天两个多小时,我们确实轻松了一些。孩子目前作业不多,符合规定,我们挺认可。但身边有些家长反映,个别学校还是会给家长布置不少任务,比如填表、打印材料、批改作业等,家长负担很重。我担心开学后学校落实政策不到位,把教学任务转嫁给家长,或者课后服务流于形式,孩子在校时间没学到东西,回家还得我们盯着补。希望领导能督促教育部门加强监管,真正减轻家长非教学负担,提高课后服务质量,让学校承担好教书育人的责任。"
DB2B99854049495AC1D7F8BF386CD2CE7A5D3A7BBC23FDC22E739D2DC9FBE627,关于提升学校课后服务质量的建议,"领导好,我是孩子家长。孩子今年上小学,暑假以来参加了学校的课后服务。我们家庭条件一般,家长文化程度有限,平时辅导作业力不从心。现在上面要求学校课后服务要内容丰富、有作业指导,但实际情况我们不太清楚,只看到孩子每天去参加,但具体做什么、有没有老师辅导,学校没有跟我们详细沟通过。我们担心课后服务只是简单看管,孩子的作业辅导和兴趣培养没有真正落实,最后还是得家长自己想办法。希望领导能重视课后服务的质量,督促学校把作业指导、体育活动、兴趣课程等安排到位,真正减轻家长负担,让孩子在校内就能得到好的照管和教育。谢谢领导。"
10CEC7939F4D4B6CCE8B21CCE44884F04D97E9A5AA47737D3F0CCB416BB9A255,关于丰富暑期学校课后服务内容的建议,"领导您好,我是一名小学生家长,家庭经济条件一般,我和家人文化水平有限,平时工作也忙,暑假里孩子的照看和学习一直让我们发愁。今年暑假孩子参加了学校提供的课后服务,解决了我们的大问题,我们很感激。但目前校外学科培训减少,我们也没有能力给孩子报其他兴趣班,所以特别希望学校的课后服务能内容更丰富一些,比如增加作业辅导、课外阅读、体育锻炼和手工活动,让孩子不仅能有人看管,还能过得充实。我们家长参与孩子学习的时间少,也希望老师能在课后服务中多关注孩子的学习习惯。恳请领导帮助我们协调,让学校暑期课后服务更贴近我们普通家庭的需要。"
65F1A45A1013B1127081033676539120CE3976BC623BE5E2F99EAA3C8D4CDFF4,关于提升小学课后服务质量的建议,"领导好,我是一名小学生家长。现在是暑假,孩子参加了学校的课后服务,每天时间不短,但心里不太踏实。我们家里住的人不少,可真正能辅导学习的精力有限,我们文化程度也一般,很希望学校课后服务能实实在在安排一些体育活动、阅读、科普手工等内容,而不是简单看管或变相上课。另外,我们家经济条件一般,希望课后服务的收费能公开透明,不要增加太多负担,也不要强制参加。开学后也希望课后服务能继续做好作业指导和兴趣活动衔接,不要让家长又变成批改作业的“助教”。请领导重视。"
F82F7A6BF8C8895AD745C6C970B454E390F6E1861F80490D847B1BBCB6FBA752,关于规范课后服务和作业管理的诉求,"领导好,我家孩子上小学,家庭条件一般,这个暑假孩子参加了学校的课后服务,作业量目前看是符合规定的,我们也很支持。但身边不少家长以前都遇到过学校把批改作业、打印材料等任务推给家长的情况,心里一直有担忧。马上要开学了,希望教育部门能持续督促学校把课后服务真正做扎实,不要变成集体补课或者变相增加作业,更不要让家长再承担过多辅导和批改任务。最好能在课后服务时间里让孩子尽量完成书面作业,老师给予指导,省得回家后家长又得盯着。另外也希望课后服务内容能丰富一点,有体育活动、阅读、兴趣小组,而不是只坐在教室里写题。我家经济条件不宽裕,希望课后服务收费能合理透明,不要增加太多负担。请领导重视,让好政策真正落实下去。"
4E830EA0B67A24E7EF74AA2EBFB70B82275C9E61256A9CF41B8A64FC621B1188,关于学校课后服务质量和家长负担的反映,"领导您好。我是所在地区一名小学生的家长,孩子就读公办小学,暑假期间参加了学校提供的课后服务。我了解到当前政策要求学校课后服务内容多样、时间衔接,并强调自愿参与,同时低年级原则上不布置书面家庭作业。但作为家长,我仍有些担忧:课后服务是否真正提供了有益的辅导和活动,还是流于形式?会不会变相给家长增加任务,比如要求家长辅导作业或准备材料?我家经济条件一般,家长工作较忙,参与孩子学习的时间有限,希望学校能承担更多教育责任。恳请教育部门加强对学校课后服务内容和质量的监督,确保政策落实到位,不要增加家长负担,并畅通家长反馈渠道,让我们能及时反映问题。谢谢。"
2B8C310D938DEA57E8481A983456B53560317E90DC77B2CD809CCA5CD6DF2250,希望新学期学校课后服务能真正帮到孩子,"领导好,我是一名小学生的家长。我们家经济条件一般,家里人口多,大人文化程度有限,平时工作也忙,辅导孩子作业很吃力。现在校外培训班少了,我们也没条件报,只能指望学校。这个暑假孩子参加了学校的课后服务,我们看到学校能提供看管已经很感谢,但也担心新学期课后服务只是让孩子写作业、自己玩,没有真正的辅导和活动。虽然上级对课后服务有明确要求,但我们怕学校落实不到位。希望领导能督促学校把课后服务做得更实在一些,比如安排老师指导孩子完成作业、答疑,多开展一些体育、阅读、科学这些孩子感兴趣的活动,让孩子放学后在校内既能学扎实,又能开阔眼界。也希望学校继续按照要求控制好书面作业总量,提高作业质量,让我们家长不用为辅导发愁。这样我们也能安心工作,孩子也能更好成长。"
F2239D9B26B9E829A231231FBBB45A1692D009119F0BB1BBE0CE311228EF03AA,关于减轻家长隐性作业负担和提升课后服务质量的诉求,"各位领导好,我是小学阶段孩子的家长。我家孩子目前就读小学非毕业年级,家庭经济条件一般,家长平时精力有限,对孩子学习参与不多,但一直希望孩子能顺利完成学业。孩子现在参加了学校的课后服务,我们也知道现在对学校作业总量和课后服务有相应要求,孩子近期的书面作业时间看起来符合规定,但我们心里还是不踏实。我们这一片过去经常听说学校把打印、填表、批改作业等任务推给家长,让家长负担很重。我们担心开学后学校课后服务就是简单看管,内容单一,甚至又变相给家长布置各种非教学任务,把本应由老师承担的职责转嫁到家庭身上,尤其像我们这样人手紧张、经济又不宽裕的家庭很难应付。希望领导能督促学校真正把作业管理和课后服务抓实,丰富课后服务内容,提高服务质量,别让课后服务走了过场,也别再给家长增加额外的隐性负担,让孩子在学校就能完成该学的、该做的,回家能好好休息。"
0855A81B9996D1941568A89812027F5C30ADC84B901E0C7F79A7E001ED2CC342,关于课后服务实效和减轻家长负担的建议,"领导好,我是孩子家长。孩子现在小学,这个月参加了学校的课后服务。政策要求课后服务自愿参加、内容多样,我们也很支持。但作为普通家庭,我和家人平时能辅导孩子的时间和精力都比较有限,很担心课后服务只是看管,没有真正帮助孩子完成作业、巩固学习,回家后还是需要家长来辅导。以前经常听说有学校给家长布置填表、打卡、批改作业等任务,希望咱们这里不要出现这种情况。请领导关注学校课后服务的质量,让老师能在校内指导孩子学习,切实减轻家长负担,也让孩子放学后能好好休息。谢谢。"
E35EF38C9073D860A11690ECE0A036245A910CAB2C2C39A701FE71030CB9D6DD,关于督促学校落实作业管理并保障课后服务质量的诉求,"领导您好,我家住在城镇,孩子上公办小学,家里经济条件一般,人口多,我们家长文化水平有限,平时工作也忙,参与孩子学习不多。暑假里孩子参加了学校课后服务,目前书面作业也还算正常。但我们从身边家长那里听说,以前经常有让家长批改作业、打印材料、填表这些事,我们很担心开学以后学校借着课后服务或者作业管理的名义,又把任务推给家长。我们不是不想管,实在是能力、时间都不够。希望领导能督促教育部门加强对学校作业和课后服务的日常监管,把学校和家庭的责任分清楚,不要让家长批改作业、频繁打印填表,也请把课后服务的内容和质量盯紧一些,让孩子在学校尽量把学习问题解决掉。谢谢领导。"
EBCAF53B4C1C5324EDFC071B1CD84F52B6F959915EDB4D46921CA49D134132B4,乡村升学衔接年级课后服务与作业负担诉求,"各位领导好。我家住在乡下,孩子马上要升入新的年级,这个暑假的书面作业已经让我们觉得有些吃力,感觉完成时间超过了规定的要求。我们家长文化程度不高,辅导作业很困难,家里经济条件也一般,外面补课费用高,实在承受不起。听说现在要求学校提供课后服务,还要统筹作业总量和时长,我们很盼望开学后学校能真正落实,让孩子在学校把作业写完,老师能指导一下,不要都推给家长。我们担心乡村学校条件有限,课后服务走形式,或者作业还是那么多,那孩子压力大,我们也着急。希望领导能督促教育部门多关心乡村学校,把课后服务办好,把作业量管住,让我们这样的家庭也能安心。"
D1DCA25E5E620F400C8F83305275711710583042B7E51E1DF7A71651594ADCB0,希望乡村学校作业减负和课后服务能跟上,"各位领导好,我是农村的一名小学生家长,孩子下学期就要升入衔接年级了。这个月虽然放暑假,可孩子的书面作业还是不少,有时候做着做着就超过了一个小时,我们大人文化不高,辅导起来很吃力。听说现在要求学校统筹作业总量,课后服务也要自愿参加、内容多样,我们很期待,但也担心农村学校师资薄弱,课后服务只是看孩子写作业,真正辅导跟不上,不能减轻家长负担。希望领导能督促学校把作业减下来,把课后服务做实,特别是我们农村学校,能多一些老师辅导孩子在校完成作业,不要让孩子把作业带回家。另外也请留意一下周边是否有老师还在校外办班,我们怕孩子以后被引导去外面交钱补课。谢谢。"
15F75C414E8C195276A6C1CBA33EC0E7B83C407BBD9F023104947F02B11EF950,关于农村小学生家庭作业负担和课后服务落实的诉求,"领导您好,我是中部农村一名小学生的家长。孩子今年处于升学衔接年级,在村里的公办小学就读。最近一个月,我们感觉孩子的书面家庭作业时间偏长,有时晚上要花很长时间才能完成,我们家长文化程度有限,辅导起来很吃力,也担心影响孩子睡眠和身体健康。按照相关要求,这个年级的书面作业平均完成时间不应超过一小时,但我们感觉学校在执行上还有差距。希望领导能督促学校严格落实作业管理规定,控制书面作业总量和时长,加强校内指导,不要把孩子完成作业的主要压力转嫁给家长。同时,乡村学校课后服务资源有限,我们担心课后服务不能真正落实,或者变成集体补课,加重孩子负担。能否请地方加强师资和经费保障,确保课后服务自愿参加、内容丰富,让孩子能在校内完成大部分作业。另外,以前听说过有老师校外租场地补课的情况,我们担心作业负担重背后存在变相补课或暗示参加校外培训,希望相关部门加强监督,切实减轻农村家庭的经济和精力负担。"
4480774F1E1BB3F3E63DC177E0672641FB9A989A2B0140016B10752F301C3477,关于农村升学衔接年级作业负担与课后服务的诉求,"领导您好,我是中部农村一名小学生家长,孩子即将升入升学衔接年级。家里经济条件一般,我们文化不高,只希望孩子能好好读书。最近看到政策要求学校控制作业时间、提供课后服务,但我们担心农村学校落实不到位。这个月孩子的作业情况已经不符合规定时长,我们很焦虑。希望政府能督促学校严格执行作业规定,真正开展课后服务,减轻家长负担,让孩子公平成长。"
866DF581B9D41A2A03AD32CDF3E38A26FBA1F805698A1DDAD89A2BC0DA0B730E,"希望加强农村学校课后服务学业辅导,减轻升学衔接阶段家庭负担","领导好。我是中部农村一名小学生家长,孩子正处在升学衔接年级。现在学校课后服务每天都有,孩子也参加了,放学时间能衔接上,我们很感谢。但作为农村家长,我和孩子妈妈文化水平不高,辅导不了功课,尤其升学前后的知识点心里没底。现在外面学科培训少了,费用虽然比原来降了些,可我们家收入不高,还是觉得有压力,也担心培训质量没保障。孩子作业时间倒是能控制在规定范围内,但课后服务如果只是看管写作业,对升学衔接帮助有限。我们恳请领导关注农村学校课后服务的内容质量,能不能在课后服务里增加一些针对升学衔接的学业辅导、答疑和拓展,让孩子在学校就能解决学习问题,少花钱去外面补课,也让孩子晚上能早点休息。希望地方能在师资和经费上多支持农村学校,把课后服务真正办好。"
6B5EF1F1444A18782950E9521891092FAA71E2FF46C2335582C38AB9EF4F9E4B,"希望加强农村小学课后服务学业辅导,减轻升学家庭培训负担","领导您好!我是农村的一名学生家长,孩子现在读小学升学衔接年级。家里条件一般,我文化程度不高,辅导孩子作业很吃力,就盼着孩子能顺利升入好初中。现在学校有课后服务,孩子也参加了,时间上确实方便了我们。但我们担心课后服务主要是看管,缺少针对升学衔接的作业辅导和知识巩固。孩子不会的题回来问,我也讲不明白,只能花钱报校外培训班。虽然现在培训收费相比以前降了一些,但对我们这样的家庭还是挺重的负担。另外,我们以前听说过有老师在校外私租场地补课的情况,所以也担心现在还有变相收费补课,希望政府能严格监管。恳请领导督促学校在课后服务里增加一些学业辅导,尤其是语文和数学,让农村孩子也能在校内获得足够的升学准备,减少我们家长不得不另外花钱补课的压力。谢谢领导。"
26159D8ADE2D80E60E17E4FDC1369B0BB33375E2F88884E3ED7F3D1B913DEF29,关于乡村小学课后服务提质增效的诉求,"领导好,我是一名六年级学生家长,孩子在乡镇公办小学读书。孩子马上面临小升初,我们文化程度不高,家里经济也不宽裕,很希望孩子能顺利升学。现在学校课后服务每天都开,孩子也参加了,但感觉课后服务更多是看管,老师对作业和知识点的辅导不够,孩子回家后做作业虽然时间不长,但很多题还是不会。我们只能继续在外面补课,虽然现在费用降了一些,但每个月还是不少钱,对我们这样的家庭压力很大。希望领导能关注乡村学校课后服务的实际质量,特别是对六年级这种升学衔接年级,能不能加强师资配备,让课后服务真正帮孩子解决学习困难,减少我们家长对校外培训的依赖。谢谢。"
1EDD3F362BADB10DD7130D89E4BB5E70C2D9FAAE418D47EC609770CE722A3FEA,关于乡村升学衔接年级课后服务支持的诉求,"领导您好!我是中部地区农村的一名小学生家长,孩子正处在升学衔接年级。家里经济条件一般,我本人文化程度不高,辅导孩子学习很吃力,一直希望孩子能考上本科。现在校外学科培训少了,我们虽然还在参加,但费用降了,可选择的机构也少了,心里很担心孩子学业跟不上。学校现在有课后服务,孩子也参加了,每天时间不短,但我们不清楚里面具体教什么、老师够不够、能不能真正帮到升学衔接的孩子。我们担心农村学校师资有限,怕课后服务只是看管,起不到辅导作用。希望政府能多关心农村学校的课后服务质量,加强师资和经费保障,让课后服务真正能帮孩子补上短板,减轻我们家长负担。谢谢!"
0F5C61B8E368042B4F3BFB8E6FD75F9ED679E5E8E83D6C0830248140A6F03683,关于农村学校课后服务与孩子升学衔接的诉求,"领导好,我家孩子马上要升入高年级,暑假里参加了学校的课后服务,也在外面上一门学科培训,收费比之前降了些,但家里经济条件一般,还是希望学校能把课后服务办得更好些。我们农村学校不比城里,老师少,课后服务内容比较单一,主要就是看着写作业。孩子马上要面临升学衔接,光靠家里辅导不了,外面合规的培训班又不好找,心里挺着急。希望政府能多给农村学校一些师资和经费支持,让课后服务不只是看管,还能有老师针对性地帮孩子补补学习上的短板,做好升学衔接。这样我们家长也能安心,孩子不用东奔西跑,在学校就能学到东西。"
28B4D607EE39A2DA8C02494BD0294D0A488193BB5328790F59C09B71FEA28EC4,关于乡村学校课后服务质量和减轻家长补课负担的诉求,"领导您好,我是一名小学生的家长,孩子今年秋季要升入初中衔接年级。我们家在乡下,经济条件一般,我们两口子文化程度不高,辅导功课很吃力。现在学校有课后服务,孩子也参加了,我们很感激。但我们担心课后服务只是简单看管,老师指导不到位,毕竟乡村学校师资力量有限,好老师不多。现在校外学科培训班少了,我们虽然还在给孩子报,费用也降了一些,但对家里来说仍是负担。孩子马上要升初中,我们怕他跟不上。希望领导能重视乡村学校的课后服务质量,多支持师资配备和培训,让课后服务真正帮孩子解决学习困难,这样我们家长也能少花钱送孩子去外面补课,让孩子在学校就能学好。恳请领导关注。"
B2078826C25FD05D22DBC6827D51CD5C5DC48B3A17F466E99B20C34024D8E818,"建议加强乡村学校课后服务辅导质量,减轻升学家庭负担","领导您好,我是村里一名小学生的家长,孩子正处在升学衔接年级。我们两口子文化不高,家里经济也不宽裕。最近孩子在学校参加课后服务,这让我们能安心打工,非常感谢。但我们心里也打鼓:课后服务会不会就是看孩子写作业,真正辅导学习、讲解难点的地方不多?孩子要升初中了,我们很希望学校课后服务能多安排有经验的老师,帮忙梳理重点、做好衔接辅导。现在校外补课班管得严,费用是降了一些,但能上的班少了,我们怕以后选择少、价格反弹,更担心孩子学习跟不上。恳请政府多关心乡村学校的课后服务质量,增加师资投入,让课后服务真正帮到我们这样的家庭,减少对校外培训的依赖。谢谢!"
81B67BEFED2A147ECB03879F79694B11BBDC2D4BA90942112EEB4D49CADDCE84,希望加强乡村小学课后服务内容建设,"领导您好。我是中部农村的一名小学生家长。孩子即将升入高年级,面临升学衔接。我们家庭经济条件一般,文化程度也不高,辅导孩子学习很吃力。这学期孩子按照学校安排参加了课后服务,每天学校也提供了两个多小时的活动,我们很感激。同时孩子也还在参加校外的学科类培训,虽然费用比以前降了一些,但能选择的机构明显少了。我们担心课后服务能不能真正满足孩子升学衔接的需要,内容是不是丰富,老师是不是有精力指导。也担心校外培训减少后,像我们这样家长辅导不了的家庭,孩子学习会掉队。希望领导能关注乡村小学课后服务的实际质量,协调教育部门加强师资和内容保障,让孩子在学校里就能得到足够的学业支持,减轻我们农村家长的负担。"
D6085F72D51D1572971C8FF51AC968257E5EB6A5ED4C32E003AB9BD91A3E036E,关于假期课后服务帮助农村孩子学业衔接的建议,"领导您好。我是一名农村小学生的家长,孩子今年暑假后要升入衔接年级。我自己文化程度不高,辅导孩子学习比较吃力。这个暑假学校提供了课后服务,孩子也参加了,解决了我们白天照看孩子的难题,很感谢。但我们也担心,光靠学校课后服务,能不能帮孩子做好新学期的衔接准备。所以虽然现在校外培训收费比以前降了一些,我们还是给孩子报了一门学科培训,这笔钱对我们这样的家庭来说仍然不轻松。另外,现在农村这边的学科培训选择比以前少了很多,我们担心培训质量没保障,也怕机构不稳定。希望政府能多支持农村学校的课后服务,特别是假期期间,让课后服务增加一些针对升学衔接的作业辅导和学习方法指导,让我们这些家长文化不高的家庭能少依赖校外培训,减轻负担。谢谢。"
BAEA8E423285C73B439C3C535E62910955F7CCD9E1E0B2FED9F5AD58D629CC66,"农村孩子即将升初中,担忧师资不均衡和课后服务","领导您好,我是一名农村小学生的家长,孩子暑假后就要升入初中。我们家长文化程度不高,家里收入不宽裕,供孩子读书很不容易。孩子现在上小学,学校离家近,也参加了学校课后服务,还花钱让他参加学科培训,虽然费用比之前降了些,但对我们家来说仍是不小的负担。 我平时听其他家长说起,有的地方初中老师数量不够、好老师都往城里跑,还有个别老师在校外租场地让学生交钱补课。我们很担心孩子升入初中后遇到这样的情况,农村孩子本来学习资源就少,如果老师不均衡或者课后服务跟不上,孩子更吃亏。现在政策要求学校统筹作业、规范校外培训、完善课后服务,这是好事,但我们最希望的是政府能实实在在管好农村初中的师资配备,多派一些好老师到乡镇来,把课后服务的内容搞丰富些,让孩子在学校就能把作业写完、把知识学扎实,不用家里另外花钱补课。 恳请领导关注农村小升初孩子的实际困难,帮我们解决后顾之忧。"
DCA62378157E55C96BE4EAA21EE5A4A81560698ECF652E726A0C2D5C87C7FC2D,"农村孩子暑假课后服务盼更实在,别让我们继续花钱报班","领导您好。我家住在中部农村,孩子今年秋季要升入衔接年级。家里条件一般,大人文化不高,希望孩子将来能考上大学。这个暑假学校安排了课后服务,孩子也参加了。我们村里学校资源不算好,老师少,担心课后服务只是简单看管,对孩子的升学衔接帮助不大。现在校外学科培训管得严,费用降了一点,但我们还是给孩子报着班,心里不踏实。希望上面能统筹师资,把课后服务做得实在一些,增加作业辅导和学习习惯培养,让孩子在学校就能学好,别让农村家长再为校外班发愁。"
3160F189666A83FC8DC907213A28BC461C896473D8B49575FBE460649EA2FCB6,关于强化乡村学校课后服务学业辅导减少家庭校外培训负担的诉求,"我是一名乡村小学家长,孩子正处在升学衔接年级。家里条件一般,我们文化程度不高,总盼着孩子能考上大学。现在学校有课后服务,孩子也参加了,可我们还是担心课堂学习和课后服务能不能帮孩子打好升学基础。眼下校外学科培训少了很多,我们虽然还在上,但选择变少,心里没底。希望政府能督促学校把课后服务做得更实在些,尤其是针对升学衔接的学业辅导,让乡村孩子在学校就能得到足够指导,减少对校外培训的依赖,减轻我们这样的家庭负担。同时也请继续规范校外培训,让我们家长安心。"
0C140BEC09372EB96BE17EF2FBBD3A8BB5F72E5D7566F57F66BBE623589CCC3A,希望乡村学校课后服务能加强小升初衔接辅导,"我是一名农村小学生的家长,孩子今年正处于小学升初中的衔接年级。我们两口子文化不高,家里经济条件也一般,孩子学习上的事很多时候辅导不了。现在学校课后服务孩子也参加了,暑假里也在上,但我们心里还是没底,怕光有看护,缺少针对升学衔接的学业指导。校外培训现在管得严,费用虽然降了一点,但感觉能选的班少了,我们农村家庭信息也少,总担心孩子跟不上。希望领导能督促学校把课后服务内容再充实一些,特别是暑假和开学后,能安排老师针对小升初衔接做些作业辅导、方法指导和答疑,让孩子在学校就能解决学习问题,减少对校外培训的依赖,也减轻我们家长的经济和辅导压力。"
8AB48D4B11F0C77493A3C9E2346DAB6B0187F32AB98A5495A8ABD0C05C16416A,"农村升学娃补课负担仍重,盼校内教育跟上","我是中部农村的一名家长,孩子今年小学升初中,我们两口子文化不高,只能靠学校。可我们担心农村学校老师少,孩子基础不牢,到了初中更跟不上。暑假学校课后服务孩子也参加了,但听别的家长说多是看管写作业,对薄弱科目帮助不大。所以尽管现在培训班收费降了一些,我们还是咬着牙让他继续上学科补习,家里收入低,这笔钱还是压得喘不过气。希望领导能关注农村学校的师资和课后服务质量,多派好老师,让课后服务真正能辅导孩子学习,别让我们这些农村家庭再花冤枉钱补课。"
FBB9BD90B14581EB6636B7CF2B4695A3C7A43E3316525F38C83AC42735A71022,关于乡村孩子升学衔接期课后服务与校外培训负担的恳请,"领导您好,我是家住中部农村的一名小学生家长,孩子正处在小学升初中的衔接阶段。我们家经济条件一般,家长文化程度不高,辅导孩子有困难。现在校外学科培训比过去少了,费用也降了一些,孩子目前还在上一处培训,我们每月仍要拿出一笔钱。这个暑假学校有课后服务,孩子也参加了,我们很感激,但作为家长还是担心:课后服务能否在开学后继续提供有针对性的衔接辅导?如果学校服务跟不上,我们又不得不继续找外面培训,经济压力还是会回来。从以前村里一些家庭的情况看,有的老师私下租场地补课,有的地方师资薄弱、向城里倾斜,我们怕孩子到了初中跟不上。恳请领导关注农村孩子升学衔接阶段的课后服务和校外培训治理,让学校课后服务内容更实在,减轻我们这样家庭的负担,让孩子能安心上学。"
68C7C8E34BCD477402088B194132BDB65DB2787118AFE6B4C61C70ADC164ED05,关于农村升学衔接年级学生课后学业支持的诉求,"领导您好。我家孩子在农村一所公办小学读升学衔接年级,家里经济条件一般,我们文化程度不高,但希望孩子将来能考上大学。现在学科类校外培训管理严格,我们虽然还在参加,但担心以后培训减少,孩子学习跟不上。而且农村学校资源有限,课后服务虽然参加了,但不知道能不能真正帮助孩子提高。希望政府能加强农村学校的课后服务,特别是对升学衔接年级的学业辅导,让我们这样的家庭也能安心。"
991A52743130D4DE3A5EE0B356F7D10CABBDD295AE75F8418E66688F6011B841,关于新学期课后服务自愿落实和费用保障的诉求,"我是东部城镇一名小学生家长,孩子就读公办普通小学。家里收入一般,我文化程度不高,辅导作业比较吃力。这个暑假孩子作业量符合规定,但我们很担心开学后学校课后服务能不能真正按现在的政策落实到位。希望课后服务一定坚持自愿原则,不要变相强制参加,也不要因为不参加就被区别对待。更担心费用问题,政策说地方要保障经费,可如果学校向家长收费,对我们这样的家庭是不小的压力。恳请领导关注,确保学校课后服务内容实在、时间能衔接家长下班,最好安排老师指导孩子在校完成作业,不要只是看管;收费上不要额外增加家长负担,确有费用也请公开透明、合理减免。另外也希望学校继续严控书面作业总量,不超过规定时间,不要把批改和辅导任务转给家长。我们家没条件上校外培训班,只能更依赖学校,谢谢领导。"
93F89D87EDB57CE18A1A05163AA392B4C4A15B528EE1DA64BFACCF5AEDD1E16D,关于新学期作业和课后服务的几点担心与请求,"我家孩子上小学,暑假期间作业不算多,基本能控制在规定时间内。但看到以前不少学校作业超量,孩子经常写到晚上十点多,有的还挤占课间和副科时间,我们心里很不安。现在新学期马上开始,希望领导能持续督促学校严格落实作业总量和时长要求,别让负担反弹。另外课后服务我们很需要,但担心变成变相补课或收费太高,家里经济条件一般,希望真正自愿参加、内容多样,有困难的家庭能得到一定保障。"
93BDE4F2A68F8834235EA993EC486A3F55F5C123C01F93EB3C8732412E0A27E7,希望开学后课后服务和作业管理能真正落实,"您好,我家孩子读小学,暑假在家作业量还算正常,但眼看要开学了,心里有点不踏实。以前听同省一些家长反映,有的学校作业布置得很多,孩子经常写到很晚,主科老师还挤占副课和课间,考试也多,甚至有应付检查让孩子收资料的情况。虽然我家孩子目前没遇到这些,但担心开学后学校在作业统筹和课后服务上打折扣,表面减负实际照旧。现在校外学科培训管得严,我们家庭条件一般,也请不起太贵的班,更希望学校课后服务能真正丰富起来,不是变相补课或只看着写作业,让孩子在学校把作业完成,回家有点时间发展兴趣、早点睡觉。请领导督促教育部门多到学校看看,别让好政策停在纸面上,保障孩子的睡眠和全面发展。"
E4D3FB4CC87E27FBD36176A365754485F33844614F3DC6313376364339DC6517,关于切实减轻小学生作业负担、完善课后服务的建议,"尊敬的领导:您好!我是一名小学生的家长。孩子读小学,不是毕业班。我们家经济条件一般,我文化水平不高,就希望孩子能健康成长,别被作业压得喘不过气。现在暑假,听说有新规定要求学校控制作业总量、提高作业质量,还要做好课后服务,我们很高兴。但身边有些家长以前反映过,有的学校作业多到孩子晚上十一点还写不完,老师也常占课,课后服务如果只是看管写作业,孩子负担还是没有减轻。我家孩子这个月作业量倒还算正常,但我担心开学后,学校一抓成绩,作业又多了起来。我们这里小学老师负担比较重,课后服务能不能办好,内容丰不丰富,也是问题。希望领导能督促学校真正落实规定,加强对作业布置和课后服务的检查,让孩子每天书面作业不超过一小时,课后服务能自愿参加、内容多样,多安排些体育、阅读、兴趣活动。我们家长也会配合,但恳请政府多监督,别让好政策落空。谢谢!"
71331D3B3D5702BD927B5197491BDCD9A6A38D14F7BD8AB249FBCD2DE1F2AEB2,关于完善小学课后服务减轻低学历家庭辅导压力的建议,"我是一名小学生家长,孩子就读于我们这里一所普通公办小学。家里经济条件一般,我文化水平也不高,辅导孩子作业有些吃力。现在学校布置的书面作业时间符合规定,但孩子回家后遇到不会的题,我们讲不明白,干着急。听说学校有课后服务,每天不少于两个小时,但这个月孩子没有参加,我们也不太清楚具体有哪些内容,担心错过有用的辅导。现在校外学科培训班少了,以前我们也没上过,以后想靠学校多帮帮孩子。希望领导能关注一下城镇普通小学课后服务的实际开展情况,督促学校把课后服务办得更贴合家长需求,比如安排老师指导孩子在校完成作业、答疑,再开展一些阅读、体育和兴趣活动,让孩子愿意参加。同时希望课后服务能继续坚持自愿、免费或低收费,真正帮到我们这些经济不宽裕、文化不高的家庭。"
F06A68A02255EF6C11D7CD0A4ACA8B7F410AB8945B7843B6E01D63038726E8FC,关于小学课后服务与作业负担的建议,"领导好,我是一名小学生家长。我孩子现在上小学,我们家经济条件一般,我文化程度也不高,辅导作业比较吃力。这学期学校课后服务要求每天至少两个小时,但我们家暂时没让孩子参加,主要担心课后服务会变成老师集中上课或者布置更多作业,孩子回家反而更累。虽然现在还没开学,但以前经常听说有的学校作业多,孩子写到半夜,考试也多,老师挤占副科,我们心里很担心。希望领导能督促学校真正落实作业总量控制,让孩子每天书面作业不超过一个小时,课后服务要坚持自愿,多安排一些文体、阅读或者兴趣活动,不要变成补课或增加负担。这样孩子能早点睡觉,睡眠好一点,我们家长也能安心一点。"
D1694C1D0B243DEFFEDD89CF5F109DF8D843CE19DDDCF22523D10AE562D34151,丰富课后服务内容并巩固作业减负成效的建议,"领导您好,我家孩子上小学,学校是公办非重点,离家近。这学期开学在即,我比较关注课后服务和作业负担。孩子目前作业量在规定范围内,睡眠也充足,这点我们比较满意。但我们没有让他参加学校课后服务,主要是担心课后服务变成变相上课或只是看着写作业,孩子一天在校时间太长,回家还是累。作为家长,我们文化程度不高、经济条件一般,很希望学校课后服务能真正提供作业辅导、体育活动、兴趣小组等多样内容,让孩子自愿参加、家长放心。另外,以前同省一些学校出现过作业超量、占用副科和课间的问题,虽然现在孩子学校看起来还好,但担心开学后作业反弹。恳请领导督促学校继续严格落实作业时长要求,同时把课后服务办好,不要流于形式,真正解决我们双职工和家庭辅导能力不足的实际困难。谢谢。"
DDC53778C150FFD0A14635E56A4F2D07A44281BDFF60B4EA2333AB92FA55AD9F,关于巩固小学作业减负实效并提升课后服务质量的意见,"领导您好。我是一名小学生家长,孩子目前在公办学校就读,这个月书面作业时间基本符合规定,我们感受到了政策带来的变化。但我心里仍有些不踏实。我们家庭条件一般,我本人文化程度不高,辅导孩子能力有限。以前也听说过一些地方学校作业超量、考试频繁、挤占副科的情况,担心这类问题会反弹或者换个形式出现。另外,学校课后服务虽然按规定提供,但孩子这个月没有参加,我们也不太清楚具体安排和质量怎么样。希望教育部门能继续加强日常监管,把作业总量和课后服务真正落到实处,让孩子和家长真正受益,而不是只做表面文章。谢谢。"
BF939B8A0432BFD312E5B745084296E24CA2C7138D5A5D41705567BC284290DC,关于新学期课后服务和作业辅导的恳求,"各位领导好,我是一名小学生的家长。孩子马上要开学了,家里经济条件一般,我文化程度不高,辅导作业很吃力。以前我们也没给孩子报过课外班,现在外面学科培训班少了,我们更担心孩子学习跟不上。听说学校课后服务每天不少于两小时,我们希望新学期能让孩子参加,在学校把作业写完,有老师指导一下。但我们也担心学校课后服务落实不好,比如时间不够、老师只看着不辅导、或者变相收费。孩子每天书面作业要求不超过一小时,我们希望老师能把作业布置得合理些,尽量让孩子在学校完成,回家能早点睡觉,多活动活动。恳请领导督促学校把课后服务真正办好,优先辅导作业,多开展文体活动,别增加我们普通家庭的经济负担。谢谢领导。"
B32AD16ECBCCEB44F47ECF3C8AFD74D7AA43FBB912DC742DDEAA736ABCD4A2E6,关于新学期小学作业负担和课后服务的建议,"我家孩子在公办小学读书,家庭条件一般,我们家长文化水平有限。现在暑假快结束了,我们很担心开学后孩子的作业又会多起来,像以前听说的那样晚上写到十点十一点。虽然现在有规定说小学书面作业平均不超过60分钟,但不知道学校能不能真正落实。我们也听说学校有课后服务,但上学期孩子没参加,因为不确定质量和内容。我们希望新学期学校能严格执行作业总量控制,提高作业质量,别搞题海战术;同时把课后服务真正办好,安排老师辅导作业和开展有益活动,让孩子尽量在校完成作业,这样我们家长也能安心。另外希望不要占用课间和副科时间,不要频繁考试。请领导关注督促。"
C986059EF3A92F055C624C322E8130D2580CDD66B1CF30B992B4FB2A49C93009,担心开学后作业反弹盼学校落实课后服务,"我家孩子读小学,不是毕业班。暑假期间书面作业目前看着还行,没超过规定时长,但我担心一开学又回到以前那种作业写到很晚的状态。我们这是普通公办学校,家里经济条件一般,我文化程度不高,辅导不了多少。听说有的学校以前主科老师挤占课间和副科,劳动实践课不开,孩子作业做到十一点多,还因为没写完不敢上学。政策上要求学校统筹作业总量、提高设计质量,还要完善课后服务。可我家孩子这个月没有参加学校课后服务,我担心开学后课后服务要么接不上要么质量一般,作业还是全压回家。希望领导督促学校真正落实作业时长和设计质量要求,课后服务能自愿参加、时间衔接好,让孩子尽量在学校完成一部分书面作业,不要回家再熬到很晚。也请关注老师评价不能只看成绩,把课间和副科还给孩子。"
238D7510273D681E7CA4DB96B95BE83093374127B60C87CF471CDED01869B1EE,"请督促学校落实作业减负和课后服务,帮助中低收入家庭","领导您好,我是孩子家长。孩子现在上小学,家里经济条件一般,我们两口子文化程度不高,辅导作业很吃力。现在政策要求学校控制作业量,也要求课后服务自愿参加,但我家孩子这个月没有参加学校的课后服务。我担心开学后作业一多,我们辅导不了,孩子也累。希望领导能督促学校严格落实作业时长规定,不要布置超量作业,同时把课后服务真正办好,让我们这样有困难的家庭能放心让孩子参加,得到作业辅导和看护。谢谢。"
C7DA1676ED77516DD04A5D51A6C55D193B24D95D19D0DC80F076106D76D848C3,希望孩子能参加学校课后服务并得到作业辅导,"我是一名小学生家长,家里条件一般,我文化水平不高,辅导孩子作业越来越吃力。孩子之前没上过外面的辅导班,现在外面学科培训班也少了,我们很需要学校的课后服务。可是目前孩子没有参加学校的课后服务。希望领导能督促学校把课后服务真正办好,让孩子在学校能完成书面作业,有老师指导,最好还能参加一些兴趣活动。收费方面也请考虑我们这样的家庭,不要增加负担。开学后我想让孩子参加,希望学校能保障名额,不要因为各种原因参加不了。"
53C832560E6647BD19293551A7EEAFE44FD0E834D0DFABCBCCEF88AC342EE5A6,关于新学期作业负担和课后服务的担忧,"领导您好,我是一名东部城镇的小学生家长。家里经济条件一般,我文化程度不高,孩子现在上小学,暑假作业不多,睡眠也充足,但我们心里还是不踏实。以前常听说有孩子作业做到很晚,课间被占,副科不开,我们担心开学后作业又会多起来,超过规定时间,或者课后服务只是做样子。我们没给孩子报校外培训班,也报不起,就指望学校能把作业管好,课后服务能真正让孩子在学校完成作业、参加些活动,减轻我们辅导不了的负担。恳请领导督促学校在新学期严格落实作业总量要求,提升课后服务质量,让孩子能睡够、健康成长。"
300D669217CE053483E912D60FDE0432EAF746F471E494B1481B48EDCFEEE219,希望学校课后服务能真正帮助孩子完成作业,"我家孩子上小学,家里条件一般,我们家长文化程度不高,辅导作业很吃力。现在放暑假,这个月作业量倒是不多,符合规定,但我们心里还是没底。以前我们这一片有学校作业特别多,孩子经常写到晚上十一二点,早上不敢上学,我们很怕开学以后作业负担又反弹。这个月孩子没有参加学校的课后服务,也不知道下学期课后服务能不能让孩子自愿参加,老师能不能在校内指导作业,活动内容是不是丰富。我们只能靠学校,希望领导督促学校把课后服务办好,让孩子在学校尽量把作业完成,减轻家长辅导压力,也让孩子有时间睡觉。"
DB3138338621913B2F2A16361D77E39CCB99138D164FACE08BD20D80D76185EA,关于小学开学后持续严控作业总量并办好课后服务的请求,"领导好。我家孩子在上小学,家庭条件一般,我和孩子妈妈文化程度不高,辅导作业越来越吃力。现在孩子作业时间暂时符合规定,晚上也能睡个好觉,我们很珍惜。但我们一直担心开学后作业数量又反弹,怕出现作业写到半夜、主科挤占副科和课间等情况。我们不希望孩子再走那样的老路。学校目前有课后服务,但我们家孩子这个月还没参加,主要是担心服务内容和质量,不知道是不是真的自愿、能不能真正辅导作业、开展一些活动。希望领导督促学校在新学期继续严格执行小学生书面作业总量要求,提高作业设计质量,少一些重复抄写,并且把课后服务办得更实在,让我们这样的家庭敢让孩子参加、愿意让孩子参加,真正减轻家长负担。谢谢。"
49AF838EB435E6611B6E92526584B64964C10E0E5F8E1B8E6364304A7640C707,希望加强课后服务中的作业辅导,"领导您好,我是一名小学生家长。孩子上公办小学,家里经济条件一般,我文化程度不高,辅导作业比较吃力。现在学校规定书面作业不超过一小时,我们担心孩子学习基础不扎实。听说学校有课后服务,但我们孩子这个月没有参加,我不清楚具体原因,心里有点不踏实。现在外面培训班少了,我们这样的家庭也负担不起,更希望学校能在课后服务里安排老师指导孩子做作业,对学习有困难的孩子多帮一把,而不是简单看管。希望教育局能督促学校把课后服务做实,减轻我们家长的负担。谢谢。"
3ABAD9F7B6C2E0C4AFFA77895CB8B502F1E966B4D06F5FF4FE28EE8F4E23FC34,关于恳请持续规范小学作业量与课后服务的建议,"我家孩子在公办小学读书,不是重点学校,家里经济条件一般,家长文化程度不高,辅导孩子作业很吃力。现在政策要求小学生书面作业平均不超过60分钟,这个暑假孩子作业量看着是没超,但我们心里还是不踏实。以前周边有学校作业特别多,孩子写到半夜,考试频繁,副科被挤占,我们很怕自己孩子开学后也遇到这种情况。虽然校外学科培训少了,但我们也没条件给孩子报班,学习主要靠学校。希望领导能督促学校开学后继续严格控制书面作业总量,提高作业质量,别只追求数量;同时把课后服务用好,让孩子在学校尽量完成作业,老师能稍微辅导一下,减轻我们家长的负担。孩子平时睡眠充足,我们不想因为作业牺牲睡眠。我们只盼孩子能顺顺利利读到高中或者职高,别因为作业压力厌学。恳请领导关注。"
BA2C9AF2731F435947B147416A67802A9A1B8F93FB36DAA4E0952D2AAC3CB174,"担心开学后作业负担反弹,渴望学校课后服务保障","我家孩子在公办小学读非毕业年级,家庭经济条件一般,我们家长文化程度不高,辅导作业比较吃力。目前看孩子作业时间暂时没有超过规定,但以前常听说周边学校存在作业写到很晚、考试频繁、挤占副科等情况,我们很担心开学后作业负担反弹。希望领导能督促学校继续落实作业总量和时长控制,提高作业质量,不要只追求数量。同时完善课后服务,让孩子放学后能在学校完成作业、参加有益活动,减轻家长压力。我们家庭没有条件参加校外培训,学校课后服务对我们很重要,恳请相关部门协调处理。"
7582AE0CBDDF07363091021EF7C46EA34DC25DBEBF878677E69AE76DADD3CCA0,希望新学期学校课后服务能真正帮助普通家庭辅导孩子,"领导您好,我是小学生家长。孩子在公办小学读书,不是毕业班,家庭条件一般,我和家人文化水平不高,辅导作业越来越吃力。这个暑假孩子没参加学校课后服务,听说学校每天都有课后服务,但我们之前没报名,也不太清楚新学期能不能参加、内容怎么样。政策一直要求减轻作业负担、丰富课后服务,我心里既盼着学校能把作业辅导和看护做实,又怕开学后作业多起来我们帮不上。我们也不要求额外补课,就是希望孩子放学后能在学校把作业写完,有点阅读或活动,别让普通家庭因为没人辅导而落后。恳请领导关注一下我们这样的家庭,督促学校把课后服务落实好,让自愿参加真正能选、能受益。"
758BE71017EEE39CCED9F32BF602F6206790BB22C6744ACA808E5AC049293835,关于控制小学生暑假书面作业时长的留言,"领导您好,我是中部农村一名小学生家长。孩子读公办小学,不是毕业班。这段时间孩子每天写书面作业时间超过了规定的一个小时,晚上睡得比平时晚,我们担心影响身体。孩子以前睡眠一直很好,现在为了赶作业,户外活动和阅读时间也少了。我们文化程度不高,辅导不了太多。希望学校能按照要求统筹作业总量,少布置重复抄写,提高作业质量。开学后也希望课后服务能真正开展,让孩子在校内完成大部分作业,减轻家长负担。孩子有希望考上大学,但不想被作业压垮。谢谢。"
D67A3D8E25D68D70AD88DAA0F8BC69513A105E98AB1FFC8D8EB4EA527CFF2E32,关于乡村小学作业负担过重和课后服务落实问题的反映,"领导好,我是一名乡村小学学生的家长。孩子现在放暑假,但上学期每天书面作业经常超过规定的一个小时,有时写到很晚,孩子睡眠都受影响,我们看着心疼。国家一直要求小学书面作业平均完成时间不超过60分钟,还要求学校统筹作业总量、加强校内指导,可我们这边学校好像落实不到位,作业还是偏多、质量也不高。新学期马上开始了,我们很担心孩子又要陷入作业堆里。另外,国家要求学校完善课后服务,让孩子自愿参加,在校完成作业,但我们学校课后服务内容单一,老师只是看着,很少辅导,孩子回家还得写很久。希望领导能督促我们这里的学校严格执行作业管理规定,提高作业设计水平,真正把课后服务办好,让孩子们在学校就能完成大部分作业,减轻家长负担,也让孩子有充足的睡眠和自由活动时间。乡村学校条件有限,我们也盼着上级能多支持师资,别让好政策落空。"
6626533FC0F91F7276C5AE0B6C0CCA133B5722EF2C7272073F72BA2AE6278EE4,关于减轻农村小学生暑假作业负担并落实课后服务的诉求,"我家孩子在村里公办小学读书,暑假以来学校布置的书面作业明显偏多,孩子每天完成时间经常超过规定的一个小时,我们家长文化水平有限,辅导起来很吃力。听别的家长说现在有要求学校统筹作业总量和时长,还要加强校内作业指导,完善课后服务。可暑假期间学校没有提供任何作业辅导或托管,我们只能自己硬撑。我也担心开学以后老师如果精力分散,作业设计质量不高,课后服务又落实不到位,孩子作业负担会更重。希望领导能督促学校严格执行作业时间规定,开学后把自愿参加的课后服务真正办起来,让孩子在学校能完成一部分作业,减轻我们农村家长的负担。"
B3E03389D90F020678D7F9B23DBA6DE8D460B8715E7A4711DC213A628D3697C0,关于乡村小学作业与课后服务落实的诉求,"领导好,我是中部乡村一名小学生家长。孩子即将升入新年级,暑假期间我一直在关注学校作业和课后服务的政策要求。根据规定,学校应统筹书面作业总量,确保不超过时长上限,并完善课后服务。但我了解到本月孩子的书面作业情况与时长规范存在差距,这让我对开学后的作业管理有些担忧。我们乡村学校师资本来就紧张,课后服务能不能真正开展起来、内容是否多样、时间能否衔接,心里没底。希望教育部门能提前部署,加强对乡村学校的督导,保障课后服务的师资和经费,督促学校严格执行作业统筹要求,让孩子新学期既能减轻负担,又能得到有效指导。谢谢领导关注。"
D108F9A4C0A704AB41992D8BEAA7015074EEF65EB850B598405BB483F5645D08,关于乡村小学课后服务内容与学业支持的诉求,"孩子是乡村公办小学学生,这个月参加了学校课后服务,每天时间能保证,但作为家长很担心课后服务只是看管写作业,缺乏针对性的学业辅导和兴趣拓展。家里没有给孩子报过校外学科培训,我们期望孩子将来能考上本科,现在作业量虽然符合规定,可只靠课堂和这些作业,怕孩子基础不扎实。希望领导能关注乡村学校课后服务的师资和经费保障,让课后服务真正起到补差培优、培养兴趣的作用,不要流于形式。"
6040317613B86C62CD6A4F11FA6392AB996025FA7366020188C4B699FE7F5DCB,关于乡村小学课后服务质量和师资保障的诉求,"领导您好,我家在乡镇,孩子就读小学。开学后学校每天都提供课后服务,孩子也报名参加了。作为家长我们很支持,但心里不踏实:我们乡村学校师资有限,一个老师要面对很多学生,课后服务容易变成单纯看管或写作业,很难有丰富的阅读、体育和兴趣指导。现在校外学科培训管得严,我们也没给孩子报班,更指望学校课后服务能把作业辅导和素质拓展做好。但我们也担心老师精力跟不上,或者个别老师心不在焉,课后服务质量打折扣。希望领导能关注乡村学校课后服务的实际困难,在师资、经费上多给予保障,督促学校丰富课后服务内容,真正尊重家长和孩子自愿,让孩子在学校学足学好,回家能早点休息。谢谢。"
0826D20D5237FAFDF23176FE1B23338B128C618C0D11FD8CB9C827CD7F0338EE,关于农村小学课后服务质量的担忧,"领导好,我是中部地区一名农村小学生的家长。孩子这学期参加了学校课后服务,每天放学后留在学校。我们很支持这项安排,能缓解我们接孩子和辅导作业的困难。但心里也有担忧:农村学校老师本来就少、教学任务重,课后服务又延长了在校时间,老师有没有足够精力真正组织好活动?会不会只是把孩子集中在一起写作业或看护?我们怕如果缺乏有效监管和投入,课后服务容易流于形式,甚至影响白天正常教学。希望领导能关注农村学校课后服务的实际运行,加强师资和经费保障,丰富活动内容,让孩子真正受益,而不是简单看管。"
B9D00038E1D3F91840559F6432BD3C5D8C3695C3DF43DEA49DAAD086978919C2,关于农村小学课后服务保障与质量的诉求,"我是一名农村小学的家长,孩子目前在公办小学就读,这个月参加了学校的课后服务。作为家长,我们很感谢政府提供课后服务,但也有些担忧:农村学校师资有限,课后服务会不会只是简单看管,缺乏有效的作业辅导和多样化活动?孩子没有参加校外学科培训,课后服务是我们很重要的支持。希望领导能关注农村学校课后服务的实际保障,督促有关部门落实师资和经费,丰富活动内容,让孩子在新学期真正受益。也希望课后服务能加强作业指导,帮助孩子养成良好学习习惯,减轻家长负担。"
0796568BC5142A9C7383F8B355AA1284388E8306F0327E0E1659E086A5B6A43A,关于提升乡村小学课后服务质量的建议,"我家孩子在乡村公办小学就读,这个暑假也参加了学校提供的课后服务。现在校外学科培训减少了,我们担心孩子学习缺少辅导。学校课后服务每天有2小时,但目前主要是看护,作业辅导和兴趣活动不够丰富。孩子作业时间符合规定,但我们希望课后服务能加强作业指导,多开展阅读、科学、体育等活动,真正帮助孩子提升。乡村学校师资和经费有限,恳请领导重视,加大对乡村课后服务的投入,让农村孩子也能享受到有质量的教育。"
D72841BA0ED39B6E75E4A3F991273C7079C419A1C562EB9BF9BB5AC793714655,希望加强农村学校课后服务内容与质量监管,"领导好,我们是中部农村的一名小学生家长,孩子目前在公办小学就读,不是毕业班。这个暑假孩子参加了学校组织的课后服务,我们很感激有这样的安排,解决了我们农忙时的看护困难。但我们也有担忧:农村学校师资有限,我们担心课后服务可能只是让孩子写作业或自由活动,缺少体育、阅读、科技、艺术等多样内容,时间虽然保证了,质量却不一定跟得上。我们听到过同省有些地方老师把精力放在校外补课上,对校内课后服务不上心;也听说过有特殊孩子得不到应有辅导。我们孩子虽然没有参加校外培训,但我们对他期望比较高,希望他能考上大学。如果课后服务只是简单看管,长期下去城乡差距会更大。恳请领导关注农村学校课后服务的师资和经费保障,督促学校真正落实多样化的课后服务内容,不要流于形式。同时希望开学后能继续落实好作业减负,让老师把主要精力放在校内教学和课后服务上。谢谢领导。"
E53E3988AA05BC945F0990E7D252C2E61762B5B7C380EBFED2260C43A468CE37,关于乡村小学课后服务质量与师资保障的诉求,"领导您好,我是一名乡村小学学生的家长。现在正值暑假,学校按照政策提供了课后服务,孩子也参加了。但我们这里的学校是公办乡村小学,师资力量一直比较紧张,一个老师往往要承担很多工作。我们担心课后服务只是简单看管,内容不够丰富,不能真正帮助孩子培养兴趣、巩固知识。政策要求课后服务要自愿参加、时间衔接、内容多样,并由地方保障师资和经费,但不知道在我们这样的乡村学校能不能落实到位。希望领导能够关注乡村学校的课后服务实际情况,督促有关部门加强师资配备和经费保障,丰富服务内容,提高服务质量,同时也要注意不要给老师增加过重负担,确保课后服务真正惠及孩子,让我们家长放心。"
453F47DD2A83C35F603DEE99AF36B6FF221596B37604651FCD6E9F9AC666CE5F,希望加强乡村小学课后服务师资保障与作业指导,"领导您好,我是中部乡村地区一名小学生家长。孩子目前正在参加学校课后服务,学校也能按制度提供每天两小时的服务。但我们乡村学校师资力量比较紧张,我担心课后服务里老师精力有限,作业指导和素质拓展的质量难以保证。孩子睡眠充足,我们家长也希望孩子将来能考上本科,所以特别需要学校在课后服务中给予扎实的学习支持。恳请政府有关部门关注乡村小学课后服务的实际运行,督促学校加强师资保障,优化服务内容,真正把作业统筹和课后指导落到实处,让孩子公平享受到优质教育。谢谢。"
C3B42EA81427E45EE663D7CA88EE33208C8AE02697F20FB4FC74D69D7D9E73F5,关于乡村学校课后服务提质与作业管理的建议,"作为乡村小学家长,孩子这个暑假参加了学校课后服务,日常作业量也符合规定,晚上睡眠时间比较充足,我们对这些是认可的。但我们也有些实际担心:我们是中部农村家庭,以前没给孩子报过学科类补习班,现在外面学科培训收缩后,更只能依靠学校。可是我们担心乡村学校条件有限,开学后课后服务在师资、活动内容和经费保障上跟不上,变成单纯看管,不能给孩子提供有效的作业辅导和兴趣拓展。我们希望孩子将来能考上大学,怕只靠课堂和现有的课后服务不够。希望领导关注乡村公办小学课后服务的实际运行,加强教师和经费支持,丰富体育、阅读、科技等活动,同时继续控制书面作业总量和设计质量,不要把课后服务变成补课或增加孩子负担,让孩子在村里也能享受到比较有质量的教育服务。"
B7C7D6680D92BF3F8FA0C4999A63171FA95EAA9A30D8DBBF96F538974CD75E0E,关于乡村小学课后服务提质和教师保障的请求,"领导好,我是本地一名乡村小学学生的家长。暑假期间,孩子参加了学校的课后服务,我们很感激,解决了我们白天看护和辅导的困难。孩子睡眠足,精力好,我们对他的期望是将来能考上本科,但现在农村家庭没有条件报校外班,外面培训也少了,学校课后服务成了最主要的依靠。作为家长,我们担心乡村学校条件有限,课后服务可能只是把孩子集中看管,内容单一,老师负担重,难以真正辅导和拓展。同省有的地方出现过老师在校外办班、对不参加的孩子不闻不问的情况,我们害怕课后服务如果监管不到位,也会出现类似差别对待,或者流于形式。孩子现在作业量符合规定,但开学后能不能一直保持,也让人心里没底。希望领导能督促教育部门加大对乡村学校课后服务的师资、经费保障,丰富体育、阅读、兴趣等活动,加强校内作业指导,别让课后服务变成“第二课堂”或单纯看管。同时关注乡村教师工作量和班额情况,让每个孩子都能得到基本关注,让家长放心。"
30871B85A6D3E20611FAEA38734073363C460AED69ECCFFE710E6D79352467E7,关于加强农村小学课后服务内容与师资保障的建议,"领导好,我是中部农村一名小学家长。孩子现在公办小学读书,不是毕业班。这个暑假学校提供了课后服务,我们孩子也参加了,每天时间上是够的,但我们很担心课后服务只是简单看管,没有真正辅导作业或开展兴趣活动。以前农村学校老师人数少,班级人数又多,听说有些老师心思放在校外补课上,对不参加补课的孩子不太关心。现在学科类培训管严了,我们没给孩子报过班,就更希望学校课后服务能补上这个空缺,让孩子在学校把作业问题解决,还能有点拓展。能不能请政府督促学校把课后服务内容做扎实,增加老师或志愿者,别让课后服务流于形式,也让每个孩子都能被公平对待。我们家长期望孩子能考上大学,农村孩子不容易,希望能得到实实在在的帮助。"
D50B855BADEFEB34F7F6E5232E92D5F1C36EB336ACCBCFE25D43BE564948987E,关于乡村公办小学课后服务师资保障的诉求,"领导您好,我是中部乡村地区一名公办小学学生的家长。孩子目前就读小学非衔接年级,本月参加了学校课后服务。按照相关制度,课后服务应当提供作业辅导和多样活动,但当地小学师资负荷相对较高,我担心课后服务在实际开展中可能因师资不足而流于看管,无法真正起到巩固学习、拓展兴趣的作用。孩子目前书面作业时间虽然符合规定,但乡村学校资源有限,课后服务的质量和内容能否保障,心里没底。政策实施以来,学科类校外培训供给收缩,我们对校内教育和课后服务的依赖更大。希望领导能关注乡村学校课后服务的师资配备、经费投入和日常监管,让自愿参加的孩子真正受益。感谢领导。"
E9DC70BE440FA2B7A5B1B9DBA2C871EDD2B31A84798B871A3447147D84AA8E45,农村小学课后服务与作业质量需持续保障,"我是一名农村小学生的家长,孩子就读于公办小学。这个暑假孩子参加了学校组织的课后服务,解决了我们看护难题,很感激。但我担心开学后课后服务能否持续保证时间和质量,特别农村学校资源有限。同时,书面作业时间虽然控制在规定内,但希望作业设计更科学,减少机械重复,真正帮助孩子巩固知识。现在校外学科培训少了,我们更依赖学校,希望政府能加强对农村学校课后服务和教学质量的投入,让农村孩子也能学好,将来有机会考上大学。"
504223986931BD1385C6B08D8BAB7EBD9043509357C0E60FF76088CBE0277FA6,希望加强农村小学课后服务实效,"领导好,我是村里一名小学生家长。孩子这学期参加了学校的课后服务,我们家长文化水平有限,也没条件给他报校外培训班,就盼着学校课后服务能真正帮孩子把知识学扎实。现在作业量控制住了,孩子睡眠也充足,但我们担心农村学校师资不足,课后服务只是简单看管,缺少有针对性的作业辅导和学习方法指导。孩子将来想考大学本科,现在正是打基础的时候。希望领导能关注农村学校课后服务的实际质量,多配一些有责任心的老师,丰富课后服务内容,让课后时间真正用在孩子成长上,解决我们农村家长的后顾之忧。"
47154E0ACEE19C793F6749E2C9C14F58E22FF75D587A960BE1B206F04A6D903D,乡村小学课后服务盼提质,"领导您好,我是农村一名小学生家长。现在是暑假,孩子在学校参加课后服务,我们很感激,但也有担忧。我们担心农村学校师资和条件跟不上,课后服务变成单纯看管,缺少作业辅导和兴趣活动;也怕时间一长老师疲惫,质量难保证。孩子平时作业量在制度范围内,睡眠充足,可我们家庭辅导能力有限,很希望课后服务能把学习问题解决在校内,再有点体育艺术活动。开学后能不能稳定开展、内容是否丰富,也盼着有保障。恳请领导关注农村学校课后服务质量,统筹补充专业教师或志愿者,加强监督,别让好政策在孩子身上打折扣。"
B267AD44026C68BECA8064ED584319D7DE6A0519C6D96BB089D13E8C5B5D0083,关于乡村学校课后服务师资保障的诉求,"领导好,我家孩子在乡村公办小学读书,这个月参加了学校的课后服务。按现在的要求,课后服务每天至少两个小时,内容应该丰富,有老师指导。作为家长,听说我们这边小学老师负担比较重,很担心课后服务只是简单看管,没有真正辅导作业或开展兴趣活动。我们家里没给孩子报过学科类培训班,就指望学校了,也希望孩子以后能考上大学。希望领导能关注乡村学校的课后服务保障,督促落实师资和经费,让课后服务真正对孩子有帮助,也减轻我们家长的负担。"
1977BCBE996F13B85B1EA4B29AD97AAE1B7F0ADE32F6E72E02073F5A52DEAD8F,关于完善小学课后服务、缓解双职工家庭接送压力的建议,"领导您好,我是一名小学家长,孩子即将升入新年级。我们夫妻都在外工作,家里老人多但精力有限,平时最发愁的就是放学后到下班前这段时间没人管孩子。听说现在学校要完善课后服务,我们特别期待,但心里也有些不踏实,担心只是形式上的延时,内容不够丰富,或者老师指导作业时间不足。我们家庭收入不高,过去也基本没给孩子报过学科培训班,主要靠学校。希望开学后,学校能真正把课后服务安排好,既能让孩子在学校把作业做完、有老师答疑,也能有一些体育、阅读等兴趣活动,时间上能衔接家长下班。同时作业总量希望继续控制在合理范围,别把压力又转回家里。谢谢。"
CB91D4C5DA544F4EB0106F3B621604263F2BC2C3A55982067C61A6C4C1D6C331,关于孩子升入初中后课后服务和作业管理的诉求,"领导好。我是一名普通家长,家在城镇,孩子这个暑假结束就要上初中了。我们夫妻都在上班,家里老人多但文化不高,辅导不了功课,经济上也不宽裕,没给孩子报过课外班。听说现在学校要完善课后服务,我们很期盼,希望开学后学校能真正把课后服务办好,让孩子自愿参加,放学时间和我们下班能衔接上,内容不只是看管,能指导孩子写作业、开展一些活动。也希望老师能统筹好各科作业,不要超过规定时间,孩子从小睡眠比较足,不想上初中后天天熬夜,影响身体。请领导多督促学校,让普通家庭的孩子也能享受到好的校内教育。谢谢。"
F9CF1820FA2EC066AE76E80D4F20497E72735623CFE4366E1EB044F18819B32A,"孩子升学衔接,盼学校课后服务能真正帮到普通家庭","领导您好,我是一名小学生的家长,孩子今年处在升学衔接的关键年级。我们夫妻俩都要上班,家里人多但能帮忙辅导学习的很少,经济条件一般,我文化水平也不高,实在没能力辅导孩子。现在放暑假,孩子作业时间还算正常,睡觉也够,但我很担心开学后学校作业多起来,我们没时间管孩子跟不上。听说学校是普通公办小学,老师任务重,害怕课后服务只是走走形式。以前也看到省内其他地方有孩子在学校得不到应有照顾的情况,我们心里更没底。希望上级部门能在开学前督促学校把作业管理和课后服务真正落实好,让我们这样的普通家庭也能安心工作,孩子能顺利过渡到新学段。"
F6AD5E005DE150FABBDB25B77BD695B668C8022236155E9022B4F0B5964A2ED9,关于督促学校落实课后服务缓解双职工家庭照护压力的诉求,"领导您好,我家孩子马上要升入衔接年级,我们夫妻俩白天都要上班,家里经济条件一般,孩子放学后的照护和作业辅导一直让我们发愁。暑假快结束了,听说现在学校要提供课后服务,但我们心里没底,不知道开学后学校具体怎么安排,能不能真正落实,时间能不能和我们下班时间衔接上,内容能不能帮助孩子完成作业、发展兴趣。我们没给孩子报过外面的学科辅导班,也负担不起,只能指望学校把课后服务做好。孩子这个月的书面作业时间符合规定,我们很高兴,但怕开学后作业反弹,增加负担。恳请领导和教育部门督促学校在开学前明确课后服务方案,保证自愿参加、时间衔接、有老师看管和辅导,不要走过场,同时继续抓好作业总量控制,让我们家长能安心工作。"
96FE35DAF333ABE6E89A1C65972C4249B395E4ABC01A219F46B577BCEF66A9D0,关于小升初衔接阶段课后服务与家庭辅导困难的求助,"我们夫妻都在上班,家里时间安排紧,孩子正处在小升初衔接的关键阶段。目前孩子作业量符合规定,睡眠也能保证,让我们比较安心。但放学后到我们下班回家这段时间,孩子的作业辅导和照护一直是我们的难题,我们文化水平有限,辅导高年级功课吃力,经济上也不宽裕,之前也一直没有给孩子报学科类培训班。看到学校有课后服务,但孩子这个月还没有参加,我们很担心开学后无法顺利参加,或者服务只是简单看管,不能满足衔接年级的学习辅导需求。希望领导能关注我们这样的普通家庭,督促学校把课后服务做得更实在,特别是针对衔接年级增加作业辅导和学习方法指导,在收费上也能考虑中低收入家庭的承受能力。这样我们家长才能安心工作,孩子也能平稳度过衔接期。"
0C1098790273F1285099804546AB13D1574FF1FEAFC3BE1E0CEC1B758FE70981,关于升学衔接年级课后服务与校内辅导的求助,"我家住在中部一个普通城镇,孩子现在上小学,正处在升初中的关键年级。我和孩子爸爸都在上班,家里还有老人和更小的孩子要照顾,平时时间特别紧,很难抽出精力辅导孩子功课。我们家庭收入不高,也请不起外面的辅导班。以前孩子没上过学科培训班,现在外面的学科培训也基本没有了,我们更指望学校能多帮帮孩子。学校有课后服务,每天两个多小时,本意是好的,但因为我们家里实际情况,孩子目前没有参加。我们担心孩子在学校得不到足够的作业指导和针对性辅导,回到家我们也没能力教,这样下去会耽误他升初中。孩子的书面作业时间虽然符合规定,但我们更担心作业的质量和针对性,能不能帮孩子把薄弱环节补上。恳请领导能关注一下我们这类家庭:孩子处在升学衔接年级,学校不是重点学校,家长文化程度不高、时间又紧,校外资源也没有。希望政府能督促学校把课后服务做得更实在,哪怕孩子没参加课后服务,也能在正常的校内时间里,加强对升学衔接年级孩子的学业辅导和作业指导,提高作业设计质量,让孩子在校内就能得到有效支持。孩子是我们全家的希望,我们实在没有别的办法,只能求领导帮帮我们,让孩子能顺利升入初中。"
220C1C5727FA3D3E2BC3818078904352981AA94DCA3550FE782E008069FAE884,关于提升城镇小学课后服务质量助力升学衔接的请求,"领导您好,我是中部城镇一名小学六年级孩子的家长。我们夫妻双方都在上班,家里老人多,平时时间很紧,经济条件也一般,孩子之前没上过校外学科辅导班。孩子就读的是公办普通小学,今年正处在升学衔接的关键年级。最近学校作业时间控制得挺好,我们认可,但校外培训现在收缩了,像我们这样没条件送培训的家庭,更希望学校课后服务能真正帮孩子巩固基础、做好升学准备。这个月孩子没参加学校课后服务,可能因为是寒假,但我们很担心开学后课后服务如果只是看管,没有针对毕业年级的作业辅导和学习习惯培养,我们自己文化程度不高,很难辅导孩子。恳请领导关注城镇普通小学课后服务的实际质量,特别是对升学衔接年级的孩子,能否在课后服务中增加作业指导、学习困难帮扶或衔接内容,让双职工家庭、经济条件一般的孩子也能在校内获得有效支持,不因家里条件有限而掉队。也希望学校能主动了解我们没参加课后服务的原因,看看是时间衔接还是内容安排问题,帮我们解决实际困难。"
A9825796395912266F17FC6D3C4F6F6FBEB70A0DDA9E87F19546E1425EF10FC3,关于保障双职工家庭课后服务衔接的请求,"领导您好。我家孩子正在上小学,今年面临升学衔接。我和孩子父母都在上班,家里人手紧,每天最发愁的就是放学后到下班这段时间孩子没人管。现在政策鼓励学校开展课后服务,但我们了解到孩子这个月还没有参加学校的课后服务,不知道是学校安排还没到位,还是有什么条件限制。眼看着春季开学了,我们特别希望政府能帮忙督促学校把课后服务真正做起来,特别是对升学衔接年级的孩子,能在校内把作业辅导和看护安排好,让我们双职工家庭少些后顾之忧。我们不求额外照顾,只希望政策能落到实处,让孩子放学后有地方去、有人管,作业也能在学校完成一部分,回家能早点休息。谢谢领导关心。"
ED851C786945AABDFBF676DA3BDD6847061ED10AE0EC5B034D4EF16A1F6DCA4A,关于升学衔接年级孩子暑期学习与衔接辅导的请求,"领导好。我家孩子读小学,今年秋季升入衔接年级。我们夫妻都在上班,家里人多但辅导学习人手有限,经济条件也一般。现在放暑假,孩子没参加学校课后服务,大部分时间在家,作业符合规定但我们担心学习巩固不够。以前没给孩子报过学科培训班,现在校外培训也少了,我们更指望学校能多帮助。孩子正处在升学关键期,希望政府能协调学校,在暑假或者开学后针对衔接年级提供一些免费的学业辅导或托管,加强课后服务里的作业指导和衔接内容,让孩子平稳过渡,减轻家长负担。"
ABC577576E5C66A0EAA382D624E039A18A78AAAF5A7CACAB7488048974F076AF,关于小升初阶段课后服务与教育公平的诉求,"领导好。我家孩子正处在小学升初中的关键阶段,即将升入初中。我们夫妻都在上班,家里人口多,照顾孩子的时间特别紧。家里经济条件一般,孩子以前也没上过学科类辅导班,现在校外培训管得严,我们也没能力请家教。这个暑假学校有课后服务,但孩子因为一些原因没有参加。我们很担心开学后跟不上,尤其怕有条件的孩子通过其他途径补课,差距越拉越大。希望政府能督促学校把课后服务做实,真正提供作业辅导和升学衔接方面的帮助,让像我们这样资源有限的家庭也能得到公平的教育支持。谢谢。"
9D7239271B51C4D16ED3FB85D447EA3B46E8F546BF8C21AF47A974CEAC952F83,请帮助解决升学衔接年级孩子暑期照护与学习支持问题,"领导好,我们是中部城镇的普通双职工家庭,孩子秋季升入新的学段,这个暑假我们很发愁。我们夫妻都要上班,家里虽然同住的人多,但能辅导孩子学习的有限,经济条件也一般,以前没给孩子报过学科培训班,现在更不知道怎么帮孩子做好衔接。这个月孩子没有参加学校课后服务,白天缺乏有组织的看护和学习安排,我们担心孩子安全、沉迷手机,也怕开学后跟不上。希望政府能协调学校或社区,为升学衔接年级的孩子提供公益性的暑期托管和学习辅导,或者在新学期课后服务中重点加强衔接年级的作业指导和心理适应,真正落实自愿参加、时间衔接、内容多样的要求,让我们这样的家庭没有后顾之忧。也请多关注学校课后服务质量,别让好政策停在纸面上。"
20997F9931060FE68AC9B1C0DF564DD14DCDBBA78CBF42F3B79BA30EA45BA567,希望开学后课后服务能真正帮到双就业家庭,"领导您好,我是一名小学生家长,孩子暑假后升入衔接年级,就读公办学校,单程不远。我们夫妻都上班,家里能接送和辅导的时间很紧,经济上也不宽裕。学校按要求提供课后服务,原则上每天不少于两小时,可孩子这个月没有参加,我们担心开学后又因为各种原因参加不上,或者参加了只是看管、质量不高。学校不是重点,本地区老师负担也较重。恳请政府牵头,督促学校把课后服务真正组织好,保证时间、内容、师资和经费,让孩子能在校内完成部分作业、参加活动,我们也能安心工作。谢谢。"
E3DD59667E69E595310241E052CDB8011E63E07D482E68DBB190E3F38CC30C61,关于暑期双职工家庭小学生看护与教育支持的诉求,"领导您好,我家孩子正处在小学升初中的衔接阶段,我们夫妻俩白天都要上班,家里时间安排很紧。现在8月放暑假,孩子不上学,白天很难专门照看。我们家里经济条件一般,以前也没给孩子报过学科类辅导班,现在外面学科培训也少,孩子这个月没有参加学校的课后服务。虽然孩子的书面作业量符合规定,但缺少学习衔接和活动安排,我们担心他开学后跟不上,也担心他独自在家的安全。希望政府能在暑假为这类双职工家庭提供普惠性托管服务,或者协调学校、社区开设暑假托管班,内容上能兼顾作业辅导、体育锻炼和兴趣活动,费用不要太高。也希望开学后学校课后服务能继续做好,时间上衔接家长下班,减轻我们的照护压力。"
3F78A88BC879A957B7AA6434F2634BE8F4BFC3ED27CE9426CE99BFD6C70FB8BC,请帮助解决双职工家庭学生课后照护与升学衔接辅导难题,"领导好。我家孩子正在读小学,秋季就要升入衔接年级。我们两口子都要上班,家里人口多、照护压力大,经济条件也一般,放学后和寒暑假的看护一直很难。这个暑假孩子没有参加学校课后服务,我们下班晚,实在顾不上辅导作业和督促学习。孩子就读的是普通公办小学,离家近但不是重点校,条件一般。我们了解到现在要求学校统筹作业、加强课后服务,希望政府能督促学校在开学后把课后服务真正办好,时间上能衔接家长下班,内容上除了看护,多安排作业辅导和针对升学衔接的适应训练,减轻我们这种双职工家庭的负担。也希望能考虑假期公益托管,让我们安心工作,孩子也有去处。"
9429012B584B14310231DAB0650C6421885F5994E7E2AE92AF2BD25BFCD7AB25,请求加强学校课后服务解决双职工家庭看护辅导难题,"领导您好。我家孩子今年秋季就要升入高一个学段,现在正处在升学衔接的关键阶段。我们夫妻都在外面上班,下班时间不稳定,家里虽然人多但白天也照顾不过来,孩子整个暑假基本处于没人管的状态。家里经济条件不宽裕,以前也没让孩子上过学科类补习班,现在校外培训市场变化大,我们更不敢随便报班,担心花了钱还没效果。这个月孩子没有参加学校课后服务,我们也不太清楚开学后学校能不能真正把课后服务做起来。我们最怕的是孩子在这个过渡期没人辅导、学习掉队。我们这附近学校不少,但听说老师负担也比较重,怕课后服务只是看管,起不到辅导作用。希望领导能关注我们这样的普通双职工家庭,督促学校把课后服务落实到位,尤其对升学衔接年级的孩子,多安排一些作业辅导和适应新阶段的课程,让孩子放学后有人管、有人教,也让我们家长能安心工作。谢谢领导。"
2C0F7ABF91B1A5CF8D93851B797B27519840DA1850B4FCE0827455986D080457,关于请求加强城镇小学衔接年级课后服务支持的建议,"领导您好,我是中部地区一名城镇小学生家长,孩子即将升入衔接年级。我们夫妻双方都上班,家里老人和小孩多,经济条件一般,平时很难抽出时间辅导和接送。按政策,学校课后服务应该每天提供,但孩子这个月没有参加,我们很担心开学后学校课后服务能不能真正落实、质量好不好。孩子以前没上过学科培训班,现在外面培训也少了,我们更希望学校能把作业辅导和衔接课程做好,让孩子在学校就能完成作业、得到指导,减轻家庭负担。恳请领导关注我们这类双职工家庭的实际困难,督促学校在开学后提供自愿、规范、高质量的课后服务,并适当考虑延长服务时间或增加假期托管,让孩子平稳度过衔接期。谢谢!"
57C3E1B482D1690E91CD1796709F35F61A9476B11E1564E54D1A9C77AB788822,关于希望学校课后服务真正解决双职工家庭照护难题的诉求,"我是一名小学生家长,孩子正处在升学衔接阶段。我们夫妻都要上班,家中老人精力有限,经济条件一般,之前也没给孩子报过校外学科培训。暑假里孩子作业量还算合适,但没参加学校课后服务,我们也不太清楚开学后的具体安排。最担心的是开学后孩子放学早,没人照看,作业没人辅导,我们既没时间也没能力花太多钱去补课。希望政府能督促学校把课后服务真正办好,保证时间,丰富内容,最好能辅导孩子在校完成作业,减轻我们普通双职工家庭的负担,让孩子放学后有地方去、有人管、有收获。"
5EDE88D10F79FF9580FAAF0920147998545386491E5A57644606739EF6EE0031,希望新学期学校课后服务能解决孩子放学后看护和作业辅导难题,"领导您好,我是中部地区一个小城镇的家长。孩子秋天开学就要升入初中,我们两口子白天都要上班,家里时间紧,文化水平也不高,辅导功课越来越吃力。家里经济条件一般,外面的托管班和辅导班费用不低,我们没给孩子报过学科培训班,也不想额外增加负担。听说学校现在有课后服务,每天时间能到五点半以后,还有老师指导作业和开展活动,但我们孩子之前没有参加过。希望新学期开学后,学校能真正把课后服务办好,让孩子放学后能在学校完成作业、参加一些有益的活动,老师能多给些学习上的指导,这样我们下班接孩子也能衔接上,不用再为看管和辅导发愁。孩子正处在升学衔接的关键时候,希望政府和学校多帮帮我们这样的普通家庭。"
C659F0EB2333A76631B5193E15969CD3A59EDB16FE8EF3C450EC45EBC5028FA1,关于升学衔接年级孩子暑期和课后照护问题的求助,"领导您好,我是中部城镇一名小学生的家长。孩子现在正处在升学衔接年级,我们两口子都在上班,家庭时间很紧张,家里同住的人虽然多,但真正能腾出时间辅导孩子学习的很少。这个月孩子没有参加学校课后服务,我们心里非常着急。家里经济条件一般,以前也没给孩子报过学科类辅导,现在外面学科培训又很少,学校成了我们最指望的地方。按政策,学校课后服务应该自愿参加、时间衔接、内容多样,可我们担心开学后如果服务质量上不去、时间对不上,孩子还是参加不了,放学后没人管,升学衔接的知识漏洞也补不上。希望领导能督促学校把课后服务真正做扎实,特别是对升学衔接年级的孩子,保证每天有足够的作业指导和学业衔接帮助,不要只是简单看管。也盼望地方能保障好师资和经费,让我们这样的普通家庭能安心工作。谢谢。"
2A36DD28B189BFC4F41B8F12CFDF7124B1274ED3B7790292E6B539427902AB8E,关于暑假双职工家庭小学生照护问题的求助,"领导好。我是中部某城镇的一名小学生家长,孩子即将升入衔接年级。暑假期间,我和配偶都要上班,家里人多但各自忙碌,孩子的照护和学业辅导很难保障。学校有课后服务政策,但孩子本月没有参加,我们担心开学后跟不上进度。我们家经济条件一般,校外培训现在也少了,希望政府能统筹提供暑期公益性托管或课后服务延伸,解决我们这样的双职工家庭的实际困难。谢谢。"
F2BE6B439F719FDD8F21DA8DCF7B58E0E5186878CA8F311810E9642BEEA2F2CF,关于升学衔接年级课后辅导与作业指导的诉求,"领导您好,我是一名小学生的家长,孩子暑假后就要进入升学衔接的关键学年,心里很着急。近期国家出台了规范作业和校外培训的要求,我们非常支持,孩子这个月的书面作业量也确实控制在了规定时间内。但作为家长,我们文化程度不高,辅导功课越来越吃力,家里虽然有人照看,但学业上实在帮不上忙。以前没怎么让孩子上过学科培训班,现在校外培训管理更严了,市场上的机构收费高、质量也拿不准,我们既怕多花钱又怕耽误孩子。孩子睡眠充足,学习习惯也不错,我们一直希望他能考上大学。所以想请领导关注一下,新学期开学后,学校能不能真正把课后服务办好,尤其是针对我们这样升学衔接的孩子,增加一些作业辅导和学习方法指导,而不是简单看管。同时也希望有关部门继续规范校外培训收费,让有需要的家庭能够放心选择。谢谢。"
B62B6690936D1EC56D924BF25407232CFBE9A98E93C63D683E4BF372ED83F1D2,恳请持续关注小学生家庭作业负担问题,"领导您好,我是孩子即将升入新年级的一名家长。孩子目前暑假作业量在可接受范围内,但我从身边听到一些过去的情况,有的孩子作业写到很晚,家长还要签字、辅导,压力很大。我家孩子马上要进入新的年级,担心开学后作业量反弹,超过规定时长。我们家长文化程度不高,辅导能力有限,虽然有时间陪伴,但很多题目已经不会教了。希望领导能督促学校严格落实作业总量和时长要求,不要把批改、辅导任务都推给家长。同时,希望学校课后服务能真正提供作业指导和答疑,让孩子尽量在校完成书面作业,回家后能有充足睡眠和自主阅读时间。我们也会积极配合学校,但更希望专业的教育指导由学校承担。谢谢领导关心。"
126893D7A85D60A8891E7DAE11E2133A38E27E2849C21CC47F341B271A2D277F,希望开学后作业减负和课后服务能落到实处,"领导您好。孩子暑假后进入升学衔接年级,作为家长我们一直很重视教育,也愿意配合学校。但看到以往一些学校存在作业量过大、孩子做到很晚、午休被占用、家长被迫大量签字辅导的情况,心里很担心。现在虽然已经明确要求学校统筹作业总量、时长和设计质量,加强校内作业指导,并完善课后服务,但不知道开学后能否真正落实到位。希望领导督促学校严格执行分学段书面作业时长上限,避免把批改、辅导任务转嫁给家长,同时把课后服务做实,提供自愿参加、内容多样的校内辅导和活动,让孩子放学后能在校内完成大部分作业,回家有适当休息和阅读时间,保证睡眠。我们家长文化程度有限,辅导能力不足,更希望学校承担起主体责任。谢谢。"
41D94101F040505E37E81668E6B2633E132A8614073A14392BF7F5C01FB3E963,关于新学期作业统筹与课后服务落实的家长诉求,"领导您好,我是一名小学家长,孩子新学期即将升入衔接年级。作为家长,我文化程度不高,辅导孩子学习比较吃力。暑假期间看到有关义务教育学校作业统筹和课后服务的政策要求,心里稍微踏实一些,但还是担心学校落实不到位。过去常听说孩子作业做到很晚的情况,虽然我家孩子目前作业量暂时符合规定,但升入新年级后学业压力可能增加。希望领导能督促学校在新学期严格执行作业时长规定,不要布置超标作业;同时把课后服务真正利用起来,提供作业辅导和答疑,减轻我们这样的家庭负担。谢谢。"
519ED02DA61376039DC6A04465CDD1CCCFD9AA74F5A633E53F1ADF125E6579A8,关于提升升学衔接年级课后服务学业指导的建议,"领导好,我家孩子上小学高年级,正处在升学衔接阶段。我们家长文化水平不高,辅导作业越来越吃力。现在孩子参加了学校的课后服务,书面作业量也在规定时间内,但我们最担心的是课后服务能不能真正帮助孩子巩固知识、提升能力,而不只是看管。校外学科培训变化后,学校成了我们最依赖的地方。希望学校和有关部门能加强对课后服务内容的指导,特别是针对衔接年级的孩子,安排老师进行作业辅导和针对性训练,让孩子在学校就把问题弄懂,减轻家庭负担。谢谢。"
F00ED5F4D0C6A41DD3BC030FC958FA89CB7661A63D63A80778946E7A62683573,关于丰富学校课后服务内容并加强作业指导的建议,"领导好,我是本地一名六年级学生的家长。孩子正处于小升初衔接阶段,我们家长文化水平有限,辅导功课比较吃力,所以很看重学校课后服务。这个月孩子参加了学校课后服务,每天在校时间延长了,但我们感觉课后服务目前更多是集中看管,对作业的个别指导、学习习惯培养以及小升初衔接方面的安排还不明确。我们希望上级能督促学校细化课后服务内容,一方面利用课后服务时间加强校内作业指导,尽量让孩子在学校完成大部分书面作业,避免回家后还要写到很晚;另一方面结合毕业班特点,适当安排阅读、思维训练或学习方法指导,而不是单纯坐着耗时间。同时,目前孩子书面作业量虽然基本符合规定,但我们担心开学后随着课业推进作业会增多,希望相关部门持续监督作业总量,对家长反映的作业负担问题及时核查处理。我们不是要求学校包办一切,只是希望课后服务能真正解决家长实际困难,让孩子学得扎实、休息充足。"
67A4F29824EF28465F2F3C56E8D11B79692F85034C249992175D6D5751226709,关于升学衔接年级作业负担与课后服务质量的担忧,"领导您好,我是中部地区一名小学升学衔接年级学生的家长。孩子目前在公办学校读书,家里人多,平时也能搭把手,但孩子的学习主要还是我们家长在管。说实话,现在作业量还算合适,每天也能睡够,学校也有课后服务,我们挺感激。但马上开学进入关键学期,我们心里很焦虑。之前听说同省有的学校作业多到孩子晚上十点都写不完,家长还得天天签字,群里还被批评,我们怕这种情况在我们这儿也出现。尤其是升学年级,学校为了成绩可能会增加作业,超过规定的一小时。另外,课后服务我们孩子参加了,但担心只是坐在教室里写作业或者变相上课,内容不丰富,孩子没兴趣,反而更累。我们文化程度不高,辅导高年级功课越来越吃力,希望学校能在课后服务里多安排老师答疑和兴趣活动,比如体育、阅读、手工,而不是把任务都推给家长。请领导帮忙督促学校真正落实作业统筹和课后服务规定,让孩子既能学好,又能健康成长,别让减负政策落了空。谢谢领导。"
B8AD72600793376EDC58243B8DD3DAE798CE51C209B74F4A3E8C191AA0D68371,关于优化小学升学衔接年级课后服务内容的建议,"我家孩子正处于升学衔接年级,作为家长我文化水平不高,辅导功课比较吃力。现在孩子每天都参加学校课后服务,但我不清楚课后服务具体安排了哪些内容,尤其是作业辅导和学习方法指导是否到位。希望领导能关注课后服务的内容质量,督促学校充分利用课后服务时间,帮助孩子巩固当天知识、完成作业,而不是简单看管。另外,现在作业时长控制得挺好,但希望不要只是减少量,更要保证作业设计有针对性,让我们这些文化程度不高的家长少些焦虑。谢谢。"
D74D08EAE8EBCF5A29F9FC7D95765388B8EFC4DB13FA2C08FE39F19BFE320DE9,希望课后服务增加学业辅导内容,"领导您好,我是一名小学生家长,孩子目前正处于升学衔接的关键阶段。今年暑假,孩子参加了学校组织的课后服务,我们很支持。现在校外学科类培训明显减少,我们之前也没有给孩子报过学科班,因此影响不大。但我和家人文化程度有限,辅导孩子学习越来越吃力。家里虽然有人照料,时间上不是问题,但希望课后服务不只是看护,而是能增加有针对性的学业辅导、学习习惯养成和兴趣拓展,帮助孩子平稳度过升学衔接。也请政府保障好课后服务的师资和经费,让服务内容更丰富、更有效,解决我们家长的后顾之忧。"
7A62854212954D1FAEB387A2E5C454ABCF48A0D706EACEB64E3915960B568873,建议新学期持续巩固作业减负并丰富课后服务,"领导好,孩子即将升入衔接年级,暑假正在参加学校课后服务,目前书面作业量基本合适。但我们家长文化程度不高,辅导能力有限,心里总怕开学后作业负担反弹。家长群和身边也常听说有孩子作业做到很晚、家长还得逐项签字,大人孩子都累。希望教育部门在新学期继续督促学校严格控制每天书面作业总量,加强校内作业指导,尽量让孩子在学校完成大部分任务;课后服务多安排阅读、体育和兴趣活动,不要变成变相加课或重复刷题。孩子睡眠一直不错,我们不想因为升学衔接就牺牲休息和锻炼,盼能持续巩固减负效果,让家长少些焦虑,孩子也能保持学习兴趣。"
49863753CBE55AB4C40B716D04DCBA75240E3F1869397BF2D6D0DC787C61C775,希望暑期课后服务内容更丰富并抓好小初衔接,"领导好,我是一名即将升初中的孩子的家长。孩子这个暑假参加了学校的课后服务,每天时间挺长,但感觉内容比较单一,基本就是看着孩子写作业,没有太多针对性的辅导或活动。我们家长文化程度有限,辅导起来吃力,家里虽然人多,但具体学习也帮不上太多,就指望学校能多教点。以前经常听说一些学校作业多,孩子写到晚上十点,我们很担心上了初中作业一下子压下来。希望领导能督促学校把假期课后服务做得实在些,增加阅读、数学思维或体育艺术活动,帮助孩子做好小初衔接。新学期也请继续抓好作业总量,别让孩子负担反弹。"
EE77959919848D76AF6DF780C235E2963D6B85F51F7C326AA2845ADE904FEB64,关于新学期加强作业管理和课后服务质量的诉求,"领导您好,我是一名小学生家长。孩子马上要升入新年级,这个暑假也在参加学校课后服务。从我们当地以往情况看,有学校存在作业过多、要求家长签字等现象,虽然目前孩子作业量还在规定范围内,但我们很担心开学后出现反弹。课后服务虽然每天都有,但质量和内容是否真正满足孩子需求,我们心里没底。我文化程度不高,辅导作业很吃力,担心老师可能把批改、辅导任务推给家长,实在难以承受。希望有关部门能在开学前加强对学校的检查指导,确保作业不超量,课后服务真正减轻家庭负担,别让家长的担子越减越重。谢谢。"
13B9F2856D3986D37765D833E9821A1BD06EAE1F41B5270D910FACD68ACF42E2,关于提升小学课后服务质量的建议,"领导您好,我是一名小学生家长,孩子今年面临升学衔接,学习压力增加。暑假以来孩子参加了学校的课后服务,我们很感谢学校提供看护,但心里还是有些着急。我们文化程度不高,辅导孩子作业越来越吃力,现在外面学科培训班也少了,不知道该怎么帮孩子巩固基础。希望学校课后服务能多安排一些作业辅导和学科巩固,特别是针对我们这样家长不会教的情况,最好能有点对点的答疑。另外,如果课后服务只看着写作业,孩子也容易厌烦,能不能增加一些阅读、体育或兴趣活动,让孩子全面发展。请领导关注一下城镇公办学校课后服务的实际质量,督促学校真正把时间用好,让家长放心。"
1D805CD41246EA89333A1D3E5EE2FBD5FB514C799617041E95EE8486FE20BC13,希望开学后继续严控作业总量并提升课后服务质量,"领导好,我是一名小学生家长,孩子即将升入新的年级,属于升学衔接阶段。暑假里孩子书面作业不算多,但看到同地区之前有家长反映作业写到很晚、孩子没有午休等问题,心里还是担心开学后作业量会反弹。我们孩子平时参加学校课后服务,但不太清楚课后服务能否真正指导完成作业,回家后是否还需要家长大量辅导。我们自身文化程度有限,虽然愿意配合,但辅导能力不足。希望领导督促学校严格落实作业时长要求,提高课后服务的作业指导质量,避免把辅导和批改任务都压给家长,让孩子开学后能平稳过渡,保证睡眠和学习兴趣。"
514DAA1779FC587A470EB427E1A85680DAC7764F2F35783BCCD4C7E1643BBECE,关于请督促学校开学后持续严控作业总量的请求,"我是一名小学升学衔接年级学生的家长。孩子目前暑假作业量符合规定,但我心里不踏实。我文化程度不高,辅导孩子功课很吃力,家里孩子多,虽然经济条件还过得去,但精力有限。以前常听说我们这边有学校作业多到孩子晚上十点还写不完,还要家长签字打卡,负担很重。孩子马上要升入衔接年级,我很担心开学后书面作业量反弹,把压力又转给家长。孩子现在参加了学校课后服务,时间虽然够,但希望能真正让孩子在校完成书面作业,而不是简单看管。希望领导督促学校严格执行作业总量和时长要求,提高课后服务质量,减轻家长辅导负担,让孩子有充足睡眠,保持学习兴趣。"
5542E98EF6B8CA729D8C206D7039765B0954E455EAFF5F5E92BF33D7322A8823,关于小学升学衔接阶段作业与课后服务质量的建议,"尊敬的领导:我家孩子今年面临小学升初中的衔接,暑假期间参加了学校的课后服务。作为家长,我们对孩子学业很上心,也希望他能健康全面发展。当前政策对作业时长有明确规定,但我们担心升入初中后作业量会突然增加,或者出现机械性、重复性作业,挤占睡眠和锻炼时间。另外,课后服务虽然参加了,但我们希望不只是看管,能多一些阅读、体育、兴趣活动,帮助孩子培养好的习惯。希望教育部门能持续加强对学校作业设计和课后服务内容的指导和监督,让政策真正惠及孩子,减轻家长不必要的辅导负担。谢谢!"
0BD47CD1FF18E373BCE2562B4CB80BAF6D2DD02442043DFC6826170F5BFB4F31,关于提升升学衔接年级课后服务质量的建议,"领导好,我是一名中部城镇小学生的家长。孩子正处在升学衔接年级,马上要升初中,我们家长文化水平不高,家里人手虽多但辅导功课很吃力。这个暑假孩子参加了学校课后服务,我们很感激,可心里还是不踏实。以前我们没给孩子报过校外学科班,现在外面学科培训也不好找,担心孩子上了初中跟不上。希望领导能关注学校课后服务的实际内容,特别是对升学衔接年级的孩子,能否在课后服务里多安排一些基础巩固、学习习惯培养和初中适应方面的指导,而不是单纯看护。同时也希望学校能在课后服务中指导孩子尽量完成书面作业,保证作业时间不超过规定,让孩子回家能有充足睡眠。我们愿意全力配合学校,也恳请政府继续支持课后服务,让普通家庭真正受益。"
52FA9E18FBC1EAB34230B09CA8BBFDA49504DC3A1B123532398F27194D7A899C,关于升学衔接期课后服务与作业管理的诉求,"领导好。我家孩子马上要升入初中,我们家长文化程度不高,辅导功课越来越吃力。现在外面学科培训班少了,我们也不打算给孩子报,但心里很着急,怕孩子开学后跟不上。这个暑假孩子参加了学校的课后服务,我们很感谢,但希望课后服务不只是看管,能多安排老师答疑、指导作业,帮孩子巩固基础。另外,以前经常听说有学校作业布置太多,孩子写到很晚,我们很担心开学后作业反弹。希望政府能督促学校继续严格控制作业量,把辅导的责任更多放在学校,减轻家长压力。孩子睡眠一直很好,我们不想因为升学就牺牲健康。请领导关注。"
11BBE4444BF243E60AC6FEEE3CA99B2C3A1CCDA3139EF520F9DEAAF6026D9484,关于提升小学课后服务实效的建议,"领导您好,我是一名中部城镇小学升学衔接年级学生的家长。孩子就读公办学校,目前书面作业基本能控制在规定时间内,我们也一直参加学校课后服务。但我自身文化程度不高,辅导孩子功课越来越吃力,尤其孩子马上进入高年级,很担心学业跟不上。现在校外学科培训明显减少,我们更依赖学校课后服务。希望课后服务不要只停留在看管层面,能结合不同年级需求加强作业辅导和针对性答疑,让孩子尽量在学校弄懂作业,回家后能有更多时间休息和阅读。同时,也希望学校继续统筹作业设计,巩固减负成果,避免因升学压力又出现作业写到很晚的情况。感谢领导关注。"
7175DA3282E9C357201C98512C580E74128A70AD7C3B3B6641276674E0A26432,关于完善小学课后服务、减轻家长辅导负担的诉求,"领导您好。我家孩子即将升入初中,现在参加学校的课后服务。我们家长文化程度不高,辅导孩子学习越来越吃力。虽然现在学校作业量控制得还可以,但我们很担心孩子在校内没有真正把作业弄懂,回家又没人能辅导。课后服务如果只是看管孩子,没有针对性的作业指导和学业辅导,对我们这样的家庭帮助很有限。希望领导能督促学校把课后服务做实,增加作业辅导和答疑时间,让孩子尽量在校内完成作业并解决疑难,不要让我们家长被迫再去外面找辅导班。谢谢。"
F785CC8A9CF9D425FDCC9085CD8E805876E46E637728BE3356F3502BC6A3C376,希望新学期学校课后服务能真正帮到我们这样的家庭,"领导您好,我是西部一个城镇的家长,孩子上小学,家里条件一般,大人文化程度不高,辅导作业越来越吃力。马上要开学了,看到现在要求学校统筹作业、规范校外培训、完善课后服务,我们既期待又有些担心。校外培训现在管得严,我们本来也没上过培训班,更指望学校能把孩子管好教好。希望新学期学校能真正把课后服务做起来,有老师辅导作业,安排一些阅读、体育活动,时间能接到我们下班后。作业方面,希望老师布置得有质量,不是简单地减少,而是让孩子能巩固知识。我们这种家庭没人能辅导,如果课后服务只是看管不辅导,孩子差距会越来越大。请领导多关注我们普通公办学校,督促学校把课后服务落实到位,别走形式。"
3142F2C4BFA5618431FDDD016E4DF3B0AD67C5027BEEC5103542EFC522EC4640,关于新学期课后服务落实和作业质量的期盼,"领导您好,我是一名城镇小学孩子的家长。家里条件一般,孩子没上过校外学科辅导,平时主要靠学校。暑假快结束了,看到现在要求学校提高课后服务质量、统筹作业总量,我们很期待。但我担心新学期学校课后服务流于形式,内容单一,或者因为老师不够、班级人数多,辅导和作业指导跟不上。以前听说过有的学校班额过大、老师跨专业上课,影响教学效果。希望教育部门能督促学校在开学后把课后服务做扎实,保证师资和内容多样,同时科学设计作业,真正减轻负担,让孩子在学校就能学好,不用额外花钱补课,也能有更多时间休息和实践。"
81B9D81B63FBB598C20DBE6F38D02F0460FC2F6920A20F88B466F496230C65EA,关于新学期课后服务落实与师资保障的诉求,"领导好,我是一名小学生家长,家在西部城镇,家里条件一般,我文化程度不高,辅导孩子作业很吃力。马上要开学了,看到现在要求学校统筹作业、完善课后服务,我们很期待。但心里也担心,我们这边学校资源有限,老师本身负担重,课后服务会不会只是把孩子看管起来,没有真正辅导作业、开展一些素质活动。也看到过有的地方老师教非本专业科目,怕影响教学质量。希望政府能加强监督和经费支持,让课后服务真正帮到我们这类家庭,同时保证作业量合理,老师能教对口专业,让孩子学得扎实、开心。"
7F51F92D592B66333936D4A2791162D9F66E6878703A7D74E0BF9DC2CE41A72A,关于新学期落实作业管理和课后服务的建议,"领导您好,我是一名小学生的家长,孩子就读公办非重点小学,家庭经济条件一般,我自身文化程度有限,辅导孩子学习比较吃力。暑假快结束了,我比较关心开学后学校能不能真正把作业量控制住。按规定,小学生书面作业平均完成时间不应超过60分钟,这个月我家孩子作业情况基本符合,但我担心开学后各科老师布置作业随意,可能又变多了。另外,我也希望学校的课后服务能真正起到作用,不要变成变相补课或者只是看管,最好有丰富的实践活动,让孩子快乐学习。同时,现在校外学科培训管得严,但市场上可能还有机构打擦边球,希望政府继续加强监管,避免我们这样没条件上培训班的孩子差距拉大。请领导关注学校的作业统筹和课后服务质量,最好能有监督渠道,让我们家长能反映问题。谢谢。"
AD8202CCBAF8B826B02042655EEE72284EDD24530B14E015174A84E3056F5C84,关于提升学校课后服务质量减轻家长辅导负担的诉求,"我是城镇一名小学生家长,家庭条件一般,自己文化不高,辅导孩子学习很吃力。孩子以前没有上过学科类培训班,现在校外培训选择减少,我们更依赖学校课后服务。孩子这个月参加了学校的课后服务,但我们担心开学后课后服务只是看管写作业,缺少老师有针对性的指导和丰富活动,不能真正帮助孩子巩固知识、提升兴趣。希望领导关注普通家庭的实际困难,督促学校把课后服务做实,加强作业辅导和答疑,保障服务时间和质量,同时坚持自愿原则,不增加孩子负担。我们盼望孩子能学得扎实一些,将来有更好的发展。"
C6FF560560743EABC80766025E7C608F9E7B8D51F9C82DBEFFC54FC0C32E87CD,关于提升课后服务质量、让孩子轻松成长的建议,"领导您好,我家孩子正在上小学,这学期参加了学校的课后服务。我们家里条件一般,没有另外报校外兴趣班,所以特别希望学校课后服务能真正让孩子轻松一些、学到些课本外的东西。现在校外学科培训少了,我们也不愿孩子课后时间被作业和补习占满。但我们担心学校课后服务只是老师看着写作业,内容比较单一,老师也未必都专业对口;长期这样,孩子还是得不到全面发展,压力也没真正减下来。希望政府能指导学校丰富课后服务内容,多安排实践、体育、艺术类活动,真正落实自愿参加和多样化,也帮助学校解决师资和经费困难,让我们家长放心。谢谢。"
86552B4A9FA02E80A449D4C6AE153DFE6AD678FF689D533E834DC06435CC196F,关于提升学校课后服务质量的建议,"领导您好,我是一名小学生的家长。我家孩子现在每天参加学校的课后服务,这对我们这样经济条件一般、家长文化水平不高的家庭来说,确实解决了放学后没人管的大问题。但我们也有些担心,课后服务是不是真的能像政策说的那样内容丰富,而不是简单地把孩子聚在教室里看管或者只是写作业。我们家长文化有限,辅导不了孩子,如果课后服务只是看管,孩子回家后我们也没法指导,时间就浪费了。我们希望领导能督促学校真正落实课后服务的内容多样化,比如多安排一些阅读、体育、手工、实践等活动,让孩子在轻松中学到东西,而不是增加负担。同时也希望政府能保障好课后服务的师资和经费,不要让老师太累,影响服务质量。谢谢。"
1F13ED970F0C1C6EBDAD295C2E1BD326760CC0DF88FADDB770380A6F410C0264,关于提升小学课后服务质量的请求,"我是西部一个城镇小学生的家长。孩子今年参加了学校的课后服务,这本来帮家里减轻了看管压力。但我心里一直不踏实:课后服务时间虽然有了,但这两个小时到底是怎么安排的?孩子能不能真正得到丰富的活动和学习指导?我也担心学校课后服务会不会只是让学生坐着写作业,或者老师不够专业,影响效果。我们家庭条件一般,家长文化也不高,没能力额外辅导,所以特别希望学校能把这两个小时用好。请领导关注我们这类普通家庭的实际困难,加强对学校课后服务的检查和指导,督促学校配备合适的老师,活动内容多一些实践和兴趣项目,别让孩子在教室里干耗。同时作业量也要继续控制好,让孩子既能学得扎实,又能轻松一点。"
620D7A3A2FA94060A850EAA11014D47255F4F0128B465E807272D15D28A44162,关于提升学校课后服务质量的诉求,"我家在西部城镇,孩子上小学,家里人口多,经济条件一般,我和家人文化程度不高,辅导学习很吃力。现在孩子暑假也参加学校课后服务,学校说每天至少两小时,这本来是好事,但我们有些担心实际内容。听说有的地方课后服务就是简单看管,作业辅导和兴趣活动不多。我们没有办法送孩子去外面培训,只能依靠学校。孩子作业时间虽然符合规定,但我们更希望课后服务能真正帮忙巩固学习、培养兴趣,而不是耗时间。恳请领导关注普通公办学校的课后服务落实情况,加强内容设计和师资保障,让家庭条件一般的孩子也能获得有质量的课后教育。"
9EE5DF1641F3A9E4912CB4AAAFB0CF1D54422C27828BDBF3A80D3F6203C733FC,关于提升小学课后服务质量的诉求,"我家孩子就读于本地公办小学,家庭经济条件有限,家长文化程度不高,辅导学习比较吃力。学校开展课后服务后,我们让孩子参加了,解决了接送和看管问题。但我们更关心课后服务是否只是简单看管,能否真正提供有益的学习和活动内容。以往了解到一些学校存在班额过大、教师专业不对口等情况,担心这些问题也会影响课后服务质量。现在校外学科培训减少了,像我们这样没有能力额外辅导的家庭,更加依赖学校课后服务来帮助孩子巩固知识、拓展兴趣。希望政府加强督查和指导,确保课后服务内容多样、师资安排合理,让孩子在轻松氛围中有所收获,而不是增加负担或流于形式。"
4C59B6C67D62998F5F0D4841B757BCB88E8FC9B51BE34DFF2A0997E42768A2A5,关于提升小学课后服务质量的建议,"我家孩子在本地一所公办小学上学,家里经济条件一般,我们家长文化不高,平时辅导作业很吃力。现在政策要求减少作业、规范校外培训,孩子作业量是符合规定的,我们很支持。但暑假期间学校提供了课后服务,我们也让孩子参加了,心里却有些担忧:听说我们这里小学老师本来就很紧张,班额也不小,有些老师还要教非自己专业的科目,我们担心开学后课后服务会因为师资不足变成简单的看管,没有真正开展阅读、体育、兴趣活动等内容。希望领导能重视西部城镇小学课后服务的师资配置和内容保障,督促学校合理安排老师,丰富课后服务活动,让孩子放学后既能得到照看,又能学到有益的东西,解决我们这样文化低、经济条件一般家庭的困难。"
ACD32090EB8FF5D305596D0F0B2A2052EA86C1AFEC292F91DB513FB9B0C5ABA1,关于保障小学课后服务质量的建议,"各位领导好,我是一名小学生的家长。我的孩子在本地一所公办小学读书,这个月也参加了学校的课后服务。根据政策要求,学校课后服务应坚持自愿、时间衔接、内容多样,并由地方保障师资和经费。但我们了解到本地小学老师负担一直比较重,我们家庭经济条件一般,家长文化程度也不高,课业上很难辅导孩子,所以很担心课后服务只是简单看管,起不到实际帮助。希望政府能加强对学校课后服务的督导和经费支持,让老师有精力把课后服务组织好,内容更丰富一些,既让孩子轻松学习,也能减轻我们家长的负担。谢谢。"
A6DB0CFC735BD23FED56B9C66677DC356C3E0D215062C0ED70F6B96C9B49E170,关于暑假学校课后服务内容与辅导支持的一点请求,"我是西部城镇的一名小学生家长。家里经济条件一般,我们两口子文化水平不高,孩子现在上小学,不在毕业班。这个暑假孩子参加了学校的课后服务,我们很感激有地方照看孩子,但心里还是着急。我们没条件给孩子报外面的班,以前也没上过学科培训班,现在外面补课也少了,我们更指望学校能多教一点、多管一点。孩子作业不多,但我们自己辅导不了,怕耽误孩子。希望领导能督促学校把暑假课后服务办得更实在一些,除了看管,能不能多安排老师辅导作业、带着读书、做些兴趣活动,时间上也尽量衔接我们家长上下班。开学以后也希望学校继续加强作业指导,别只布置不讲解。我们要求不高,就是希望孩子在学校能学得踏实,将来能多读点书。"
A648876A4EA1C54FB9EF6DB28E2B9895646AD9E535B11B1FB2641377BD6E2288,关于提升小学课后服务质量与师资保障的诉求,"领导好,我是一名小学生的家长,孩子在西部的城镇公办学校读书,我们家庭条件一般,我和爱人文化程度都不高,辅导孩子功课很吃力。现在学校有课后服务,孩子也参加了,我们很感激,至少解决了放学后没人看的问题。但心里总有些不踏实,担心课后服务只是把孩子聚在教室里写作业或自由活动,老师精力有限,孩子遇到不会的题还是没人教。也听其他家长说起,有的学校老师教的不是自己专业,班级人数多,老师忙不过来,怕课后服务质量受影响。我们不指望课后服务能补多少课,就希望老师能认真辅导一下作业,再安排点阅读、体育或兴趣活动,让孩子轻松一点,别总是坐着。希望相关部门能督促学校把课后服务真正办好,加强师资配备,控制班级规模,让老师有能力关注到每个孩子,这样我们家长也能放心。"
6FF3FB909C1748AEE23D0719DB46A05F24DB9B5DD55CE1D252B6ACFA024C4A83,关于提升小学课后服务质量的建议,"领导您好,我是一名西部城镇小学生的家长。家里人口多、经济条件一般,我和家人文化程度有限,暑假期间孩子参加了学校的课后服务,解决了我们照看孩子的实际困难。但我们也有些担心:课后服务能不能不只是把孩子“看住”,而是真正开展一些实践、体育、艺术、阅读等丰富活动?我们这边学校不是重点,师资也不宽裕,就怕课后服务变成简单地写作业或看电视,既没有专业指导,也达不到快乐学习、动手实践的效果。我们家长文化不高,希望孩子能轻松一些、多体验一些,而不是增加负担。恳请有关部门关注学校课后服务的实际质量,加强对课后服务内容和师资的统筹、指导和监督,保障必要的经费和人员,让课后服务真正成为孩子喜欢、家长放心的好事。"
7C8EDB34A0CABDF090E498FBEF2C01C2386FCBD0AB5D9FAD4DF124E727011887,关于提升小学课后服务质量与家庭支持的诉求,"领导您好,我是本市一名小学生的家长。孩子目前参加学校的课后服务,我们很感激政府提供这项便利。但我有些担心,课后服务内容可能不够丰富,更多是看管,孩子学不到实质东西。我家经济条件一般,我和家人文化水平不高,辅导不了孩子作业,也无力报校外班。希望政府能督促学校丰富课后服务内容,增加一些作业辅导、兴趣活动或阅读,配足老师,保证质量,让孩子在校内就能得到好的照顾和学习。这样我们家长也安心。谢谢。"
B835DDE4FCCEC3F57E89EF834837FF9707DB332FF492B16E189FA6EB5D103E77,关于提升暑期学校课后服务质量的建议,"我家孩子上小学,这个暑假参加了学校的课后服务。我们家经济条件一般,大人文化不高,家里人多,照看孩子压力大,学校课后服务帮了大忙。但我们有些担心,怕课后服务只是把孩子集中起来看管,没有作业辅导和丰富活动。孩子平时作业量倒是不超过规定,但我们也希望课后服务能帮助孩子巩固学习、培养兴趣。现在校外培训班少了很多,费用也高,像我们这样的家庭很难负担。希望政府能多支持学校课后服务,保障好的老师和经费,别让课后服务流于形式,真正让孩子受益,也减轻家长负担。"
2748F75B2E55671E8FDDCE2BCD489C682C3E3D185DD64B0C61BBBE0A099F1BB9,关于学校课后服务质量和内容的诉求,"我是一名小学生家长,孩子目前上小学,家庭经济条件一般,我和家人文化程度也不高,平时辅导孩子作业比较吃力。这个暑假孩子参加了学校的课后服务,学校也说是自愿参加,时间能衔接上,对我们这样的家庭确实是件好事。但我有些担心课后服务的内容和质量。以前我也听说过本地有家长反映一些学校班级人数太多、老师教非自己专业的科目,影响教学效果。现在课后服务每天时间不短,如果只是把孩子集中在一起看管,或者安排不够专业的老师带活动,孩子可能既没有真正得到作业辅导,也学不到什么有趣的课外内容,反而白白熬时间,回家后可能还要补作业,影响睡眠。我希望相关部门能对学校课后服务加强检查和指导,看看课后服务时间里到底有没有合理的作业辅导、阅读、体育或者兴趣活动安排,老师是不是能胜任,班额是不是合理。也希望能多听听我们普通家长的意见,不要让我们只能被动接受。我们不指望孩子一定要怎样,就是希望孩子能快乐一点、轻松一点,在学校把该巩固的巩固好,回家能早点休息,家长压力也小一点。请领导们关注一下学校课后服务的实际开展情况,帮我们协调解决这些顾虑。"
79E3C5FD5459B33B36F81B28F7D62C3E272A0CD7464057D4C2869925AB16B594,关于提升学校课后服务质量的建议,"各位领导,我是一名小学生的家长。我家孩子这个月参加了学校的课后服务,书面作业量不大,基本能在规定时间内完成,作为家长觉得比较放心。但我和孩子妈妈文化程度不高,辅导学习有困难,很希望课后服务不只是看孩子,而是能真正帮助孩子成长。听其他家长说,我们这边老师负担比较重,有时还要教非自己专业的科目,担心课后服务变成简单看管,缺少作业答疑、兴趣活动和实践体验。我们家庭条件一般,没有能力报外面的兴趣班,学校课后服务是我们很看重的资源。希望领导能关注学校课后服务的师资配备和内容设计,多安排一些动手实践、阅读、体育等活动,让孩子在课后服务里既能完成作业,也能快乐学习、开阔眼界,减轻我们家长的负担。"
BE0499348D23B23694AE465085C845FF72E405D7ADB39FF6F41E91AD0E5A5625,关于提升公办小学课后服务质量的诉求,"领导您好,我是本地一名小学生的家长,孩子就读于一所公办非重点小学,家庭经济条件一般。这个月孩子参加了学校的课后服务,我们很支持这个政策,但心里一直不踏实。我们听说有些地方学校老师专业不对口、班额也大,担心我们这里也会存在类似情况,课后服务可能只是简单看管,缺乏有效辅导和丰富活动。孩子作业量虽然符合规定,但我们家长文化水平不高,辅导不了,外面培训班又贵,实在无力承担。希望政府能关注我们这类普通学校,督促教育部门加强课后服务的师资配备和培训,丰富服务内容,真正让孩子在校内就能得到好的指导和成长。谢谢!"
2C27CE825C1B89385DC481448B530E41D8589D3ACEDF72A224964A74BBE2F572,关于新学期学校课后服务与作业辅导的恳请,"领导您好。我家孩子正在读初中,家里经济条件还可以,但我和家人最高只读到初中,现在辅导孩子功课越来越吃力。我们一直很重视孩子学习,希望他将来能读到硕士,所以每天都会督促他完成作业。孩子所在的学校不属于公办序列,我们更盼着新学期开学后,学校能按新要求把课后服务真正做起来,让孩子在校内就能得到老师作业辅导,而不是把难题带回家。这个暑假孩子书面作业时间还算符合规定,但开学后随着课程变难,光靠我们自己很难检查对错。现在学科类校外培训正在规范,我们理解政策方向,但也担心以后想找合规的辅导更难。所以特别希望政府能督促学校把课后服务内容安排得实在一些,既能有作业指导答疑,也能有文体科技活动,并且坚持自愿参加、时间与家长下班衔接,真正减轻我们这样文化不高家庭的负担。"
B2E1DF0A04C856F6DBBF405CD2B46A0443E79E576396507E93ACD2D19E5B4D63,希望开学后能真正减轻孩子作业负担和在校压力,"我家孩子读初中,这个暑假书面作业量是符合规定的,但我们家长心里还是不踏实。以前同地区有学校为了成绩拼命加课,孩子早上五点多起床,晚上快十点才睡,在校时间十几个小时,作业写到深夜,休息不好,压力太大。马上要开学了,我们担心学校又回到老样子,毕竟这样的经历不是个例。希望领导关注一下学校开学后的作业总量和在校时间,严格执行初中书面作业不超过90分钟的规定,不要变相增加负担。另外课后服务我们愿意参加,但希望真的是自愿、内容丰富,不是变成集体补课或延长上课时间,让孩子能早点回家,保证睡眠。我们家经济条件还可以,但也不想让孩子被校外培训牵着走,希望继续规范学科类培训,别让隐性压力传递给孩子。孩子成绩固然重要,但身心健康更不能忽视,请相关部门开学后加强督查,让我们家长能放心。"
342A66DA36A9B796787C98D1C26495C2E339B8A848BBE2E79EE8CC64EAD92BCA,关于初中生课后服务与作业负担的担忧,"领导好,我是一名初中生家长。孩子暑假在家,我看到现在有规定要求学校统筹作业总量、提供课后服务,也强调自愿参加。但我们以前身边有些学校早上到校早、晚上放学晚,作业还写到很晚,孩子睡眠严重不足。现在快开学了,我很担心学校表面上减负,实际上又恢复老样子。希望政府能加强监督,确保学校真正遵守作业时长规定,课后服务不强制参加,让孩子每天能睡够觉,减轻压力。"
ABE3257F431AA997DAE19FF177097FE768BFF78C4B238D25B04D655BF3412172,关于保障孩子开学后正常作息与作业负担的诉求,"领导您好,我是初中生家长,孩子就读非公办学校。暑假快结束了,我们很担心开学后学校为了升学率延长在校时间、增加作业量。孩子目前睡眠时间比较充足,我们家长也很重视教育,但我和家人学历有限,辅导作业有困难,希望学校能加强校内指导。我们家长之间也常议论,有些学校早上到校早、晚上作业多,虽然目前我们家作业量还符合规定,但怕开学后反弹。希望政府能督促学校严格落实作业时长规定,不要超过90分钟;课后服务要真正自愿参加,内容多样,不要变相上课;对非公办学校也要同样监管,保障孩子休息和体育锻炼时间。谢谢。"
12D9D0B46EFAC58E0B43F4BEB8B043E78DCE0E13EC350F31E1B0B411A31AEECC,关于课后服务增加学科辅导的请求,"领导好。我是一名初中孩子的家长,孩子现在上初中,不是毕业年级。我们家经济条件还可以,但我和孩子妈妈文化程度不高,辅导不了初中功课。现在外面学科培训班少了很多,价格虽然降了些,但选择不多,我们也担心机构不合规。孩子每天参加学校的课后服务,我们本来希望课后服务能帮孩子辅导作业、巩固知识,但孩子回家后作业不多,我们不清楚课后服务里是否已经辅导完,担心只是看管,对学习帮助不大。孩子睡眠时间倒是不错,我们也很重视他休息,但学业竞争压力大,我们期望他以后能读个硕士。作为家长我们参与教育很积极,但能力有限,特别希望学校能利用课后服务时间,加强作业辅导和学科答疑,让孩子在学校就能解决学习问题,减轻家庭负担。同时也希望政府能继续规范校外培训,让我们家长能放心选择合规的机构。恳请领导关注课后服务质量,督促学校优化内容,谢谢。"
943EB4E3695E25DA8A8689FB5149317FC92F740C468F9503FD629027924430AA,关于新学期初中课后服务与作业负担的担忧,"我孩子现在上初中,不是毕业年级。寒假里作业量倒还符合规定,但同省不少学校以前有过早上五点多到校、晚上十点才睡、作业写到深夜的情况,我们很担心开学后学校也这样。孩子这个月参加了课后服务,可听说有的学校把课后服务变成了统一补课,在校时间反而更长。政策要求课后服务自愿参加、内容多样,作业时间也有上限,希望领导能督促学校真正落实,不要变相加压,保证孩子睡眠和休息时间。我们家长文化水平不高,辅导不了太多,更希望学校提高课堂效率,而不是靠延长时间和堆作业。"
CBB052E4AAD6050CC9C3D05CD8FD5729ED67AC0471FA6C0D4B84F2F9A1F5FF86,"希望加强课后服务监管,保障孩子休息","领导好,我是初中生家长。这学期孩子参加了学校的课后服务,每天时间也不短,但我们心里还是有些担心。以前听说过有的学校课后服务就是让学生做题讲题,孩子回家还要写作业,再加上课外班,睡眠时间很难保证。我家孩子现在虽然作业量看着还在规定范围内,但加上课后服务和校外培训,一天下来也很累。希望领导能督促学校把课后服务真正办好,多安排一些体育、阅读、兴趣活动,不要变成变相补课。同时继续管好校外学科培训,别让隐形培训又冒出来,加重孩子负担。我们家长文化程度不高,但希望孩子能健康成长,将来有出息。谢谢。"
7882A8234C7E9063507021BF554910A7D618F623CD1DA30D0E3A3D47BE24B96C,关于保障课后服务自愿性与质量的建议,"领导您好,我是初中学生家长。孩子目前书面作业时长基本符合规定,本月也参加了学校课后服务,这让我们稍感安心。但我们担心课后服务在落实中容易流于形式,内容不够丰富,甚至可能变相延长在校学习时间,影响孩子休息和自主安排。我们家长期望较高,也愿意配合学校,但希望课后服务真正体现自愿原则,提供体育、艺术、科技等多元活动,而不是把课后两小时变成变相补课或集中写作业。另外,我们虽然还在参加校外学科培训,费用有所下降,但市场收缩后选择变少,也担心孩子的个性化学习需求得不到满足。恳请政府加强对学校课后服务的指导和监督,保障家长和学生的选择权,合理衔接作业总量与课后服务,让孩子身心健康地成长。谢谢。"
D4E923721033075826B7111928CF1F2C5FBB89904303B6AD832E5392A91A012A,关于初中生课后服务增加学科辅导的请求,"领导好,我家孩子上初中,暑假期间参加了学校的课后服务,我们很感谢学校有安排。可我和孩子妈妈都只有初中文化,现在初中数学英语越来越难,我们想辅导也辅导不了。以前还能找老师补课,现在外面合规的学科培训明显少了,我们虽然还能找到,费用也比以前便宜些,但总担心以后选择越来越少,质量也没底。我们特别希望孩子将来能读到硕士,平时也很重视他学习,可眼下最愁的是课后服务里学科辅导不够,回家遇到不会的题我们干着急。希望领导能关注像我们这样的初中生家庭,在学校课后服务里多安排一些作业辅导和学科答疑,或者帮助有需要的家长对接放心可靠的合规培训资源,我们愿意花钱,就是需要有个踏实的地方。"
8C2B050E2819360B4A83914E90147D977B27162D999B7A9C23838A9125C7A0CE,关于暑期课后服务与校外培训衔接的留言,"领导好,我是初中学生家长。孩子这个暑假参加了学校提供的课后服务,学校也按规定每周五天、每天不少于两小时,但实际感受是内容偏重看管,学业辅导和个性化指导不足,所以家里仍给孩子报了校外学科培训。现在校外培训市场收缩明显,合规机构选择变少,虽然费用比之前降了一些,但我们很担心机构随时可能停掉,后续接不上。我和孩子爸爸文化程度不高,初中课程已经辅导不了,孩子期望又高,想考个好高中。我们不是反对减负,孩子睡眠比以前充足了,作业量也符合规定,但升学压力还在,光靠校内课后服务心里没底。希望领导能关注课后服务的质量,增加有针对性的作业辅导和答疑,让孩子在校内就能学扎实,减少对校外培训的依赖;同时对还在正常经营的合规培训机构,在过渡期内给予明确指导,别让家长孩子心里悬着。"
0AA29E7C67F412E2942FD3F8DFA87006972A02C4D64B1101B4C828A82757145C,关于规范初中课后服务避免变相加课的建议,"领导您好,我是一个初中孩子的家长。我家孩子现在上初中,暑假参加了学校的课后服务。目前看孩子书面作业时间基本符合规定,睡眠也还可以。但我们这里学校多、竞争激烈,以前也常听说有些学校为了成绩把课后服务变成统一补课,孩子在校时间拉得很长,压力很大。我担心课后服务慢慢走样,希望领导督促学校严格按自愿原则和内容多样的要求执行,不要变相延长在校学习时间,保证孩子休息。同时希望能定期向家长公开课后服务安排,让我们了解孩子每天到底做了什么。"
3948890DED90EED3907FC52B0BF896CB67E19449384436F22509212DF695BFF9,关于提升学校课后服务质量、减轻家庭校外培训负担的建议,"领导您好,我是中部某城镇一名初中生的家长。孩子目前暑假期间参加了学校的课后服务,但家里还是给他报了校外的学科培训。我们家庭经济条件还可以,但我和孩子妈妈学历不高,辅导不了初中的功课,只能依靠学校和机构。现在政策要求学校课后服务要内容多样、加强作业指导,可我们感觉学校课后服务更多是看护,对孩子学习帮助有限,所以我们才额外花钱报班。我们希望领导能督促学校把课后服务做得更实,比如安排老师有针对性地辅导作业、答疑,再适当增加一些拓展活动,让孩子在学校就能解决大部分学习问题,这样我们就不用再花冤枉钱去外面补课了。同时,我们也担心开学后课后服务会变成变相的上课,孩子在校时间太长,影响休息。所以请求领导关注一下,让学校严格落实自愿原则,别把课后服务变成补课,保障孩子的睡眠和健康。谢谢领导。"
90BF905C71730E8A0CBF525BFE76E7209B5292EA511EB646DE9F25FC0C284A80,"希望提升学校课后服务学业辅导质量,减少家庭校外培训依赖","我家孩子在初中非毕业年级,现在学校课后服务每天两小时,但感觉作业辅导和学科提升方面还不够解渴。我们家庭虽然经济条件尚可,但家长文化水平不高,辅导不了初中功课,又希望孩子将来能读硕士,只能继续花钱报校外学科班。现在外面培训选择少了,虽然收费降了,但心里不踏实,担心教得不系统。恳请领导督促学校把课后服务做得更实,增加针对性的学科辅导和学习方法指导,让孩子在学校就能解决学习难题,减少对校外培训的依赖。这样家长省心,孩子也能睡好觉,教育质量更有保障。"
09EE9D5F9F252A124B6629B362CCCC1D9AB3F740217836FA8862070866D7EA60,关于课后服务增加学科辅导与保障合规培训的请求,"我家孩子上初中,不在毕业年级。政策实施后,孩子书面作业时间符合规定,我们感到欣慰。但家里大人文化程度不高,没法辅导初中功课,孩子又有提升愿望,目前还在参加学科类校外培训,虽然费用比过去低了一些,但市面上合规机构明显少了,担心以后没地方补。孩子也参加学校课后服务,每天两小时,但感觉内容比较宽泛,对学科提升帮助有限。我们希望领导能重视这个问题,一方面指导学校把课后服务做得更有针对性,增加学科答疑和分层辅导;另一方面在规范校外培训机构的同时,保障合规培训供给,让我们这样有需要的家庭能有稳定、可负担的选择。"
8AB3A347E6BECD84F86CC926E640F5CEAEF1F8D84212BDA39EC294C17BE2DC5A,希望规范课后服务避免变相补课保障孩子休息,"领导您好,我家孩子上初中,这个暑假学校提供了课后服务,我们也让孩子参加了。目前书面作业量还符合要求,孩子睡眠时间也还算充足。但我们很担心开学后课后服务会变成统一讲题、加课,就像以前一些学校那样,孩子早上很早到校、晚上很晚才放学,回家作业又写到很晚,长期休息不好压力过大。我们家长文化水平不高,辅导不了太多,也给孩子报了校外培训,培训费用虽然降了一些,但孩子时间更紧张。希望教育部门加强对学校课后服务和日常作息的监督检查,确保课后服务真正自愿、内容多样,不强制参加,不利用课后服务变相补课或增加作业量,让孩子能有足够休息和睡眠,减轻学业负担。"
555213294ED77F38E1AC2FC3EBCFA6F2A246F5751AEDDB23A6C379D56F4A3138,关于开学后作业与课后服务负担的担忧,"领导您好。孩子目前读初中,暑假期间书面作业时间符合规定,也参加了学校的课后服务,同时还在校外参加一些学科类培训。作为家长,我文化程度不高但很重视孩子教育,希望他能继续深造,但也担心身体。看到同省有的学校过去存在加课、作业多、孩子睡眠不足的情况,担心开学后学校在课后服务之外又增加作业或变相补课,让孩子的负担反弹。孩子现在睡眠时间比较长,我不希望因为学业牺牲健康。希望教育部门开学后能严格督查学校的作业总量,确保不超过90分钟,同时监督课后服务内容多样、真正自愿,不要变成补课,让孩子有足够时间休息。谢谢。"
F7FF83137B0EDCC9DD8BD6E9D27CF4FE5B9A541285978BCD787D27FDE11DDC02,"希望课后服务增加学业辅导,减少家庭校外培训压力","我是初中生家长,孩子现在暑假期间,学校有课后服务,我们孩子也参加了。可是我们家还是给孩子报了校外的学科培训班。现在培训费用降了一些,但对我们家庭来说还是一笔负担。我们家长文化程度不高,但很希望孩子能读硕士,所以对成绩很关注。现在孩子作业量符合规定,睡眠时间也长,但我们心里不踏实,担心光靠学校课堂和课后服务不够,特别是课后服务我们感觉更多是看管,对学科学习的帮助不大。所以只能额外花钱让孩子去补课。我们希望能让学校课后服务增加一些作业辅导、学习方法指导,或者针对薄弱学科的巩固,这样我们也就放心了,不用再花冤枉钱报班。"
61191D8CA9E0A262409D06C79502F3269D0AF536E3BEF889923FE0F7B288708E,"希望新学期别让课后服务变补课,作业能真正减下来","孩子读初中,我们做家长的没啥高文化,但很重视学习,盼着他以后能读个硕士。以前常听说有些学校为了升学率,早上老早到校、晚上很晚才放,作业写到半夜,孩子累得不行。现在暑假孩子参加了学校课后服务,每天两小时,同时还在校外上着学科辅导,虽然费用比原来少了点,但两头跑也够呛。我们担心开学后课后服务变成老师加课、讲卷子,作业量又反弹,孩子睡眠保证不了。希望领导能督促学校新学期把书面作业时间卡在90分钟以内,课后服务多安排体育、阅读、兴趣活动,别变相补课;也请继续管好校外学科培训,别让一边减负一边又增负。"
5933C71688482232A7B00E696AD1A655D4D088B1CD0DAB969C47BACCFB8BD0C6,关于请求督促学校落实减负政策保障初中生休息的建议,"领导好,我是一名初中生家长。孩子目前不在升学衔接年级,但我一直很关注他的学习压力和睡眠情况。身边有家长反映过一些学校为了升学率拼命加课,孩子早上五点多起床,晚上快十点才睡,作业写到很晚,压力很大。虽然现在有规定说初中书面作业平均完成时间不超过90分钟,但我担心开学后学校不一定能真正落实。孩子暑假也参加了学校课后服务,我担心开学后课后服务会变成变相补课或延长学习时间,反而加重负担。我家孩子现在还在参加校外学科培训,虽然收费比以前少了,但整体学业负担并没有明显下降。希望领导能督促学校严格执行作业时长规定,合理安排课后服务内容,保证孩子每天有足够睡眠,真正减轻不必要的压力。我们家长文化程度不高,但很愿意配合学校,只希望孩子能健康地学习。"
7896C75C209A2984F760CAC54968731A4A58B1CFDD954FB57842A5248CFE6548,关于进一步落实初中课后服务质量的诉求,"领导您好,我是一名初中学生的家长。孩子目前就读初中非毕业年级,家庭经济条件尚可,但我和家人文化水平有限,对孩子的学习辅导力不从心。孩子参加了学校的课后服务,我们对这项服务寄予厚望,但不太了解具体内容和质量,担心只是简单看管,浪费孩子时间,反而影响休息和自主学习。同时,现在校外学科培训管理严格,市场上可选的培训减少,我们虽然还在参加,但心里不踏实。希望政府能督促学校真正把课后服务做实,提供作业辅导、兴趣拓展等多样内容,并加强师资保障,让孩子在校内就能获得有效支持,减轻我们家庭的负担和焦虑。谢谢。"
B4359E1711F6880DDF965274469A0B009FAFB924464B2796EB25041A1584CE25,请督促控制假期作业量并落实开学课后服务,"孩子马上要升入衔接年级,这个月虽在暑假,但每天的书面作业时间已经明显超过规定的一小时,常常要写到很晚。我们住在乡村,家里人口多,没有安静的学习环境,我们大人文化程度也有限,辅导起来十分吃力,只能干着急。希望学校能严格按照要求统筹作业总量,不要在升学前额外加码,把假期还给孩子,保证睡眠和休息。开学后也盼望课后服务能真正落实,时间上能衔接我们接送,内容更丰富一些,减轻我们这种农村家庭的照护压力。"
5AA05AB465FF2F0DB9AE3E55EAA74ED5132F7BC2890EE5530C59EE538CF6F178,关于升学衔接阶段孩子暑假作业负担过重的求助,"领导好,我是西部农村的一名学生家长,孩子小学刚毕业,9月就要上初中了。这个暑假孩子的书面作业完成时间明显超过了规定,每天要写很久,我们家里人多,但大人文化水平都不高,辅导不了,孩子压力大,也影响休息。村里到初中学校又远,开学后怕孩子适应不了。希望领导能督促学校按规范合理布置作业,开学后也能把课后服务落实好,让农村孩子能安心上学。"
B460AF6F39551318EC3E63D395F99E6FC97BE39DE4C394C4CEC0601E67274E8E,农村孩子暑假作业负担重盼协调解决,"领导您好,我是西部农村的一名学生家长,孩子今年在镇上公办小学读六年级,下学期就要升初中了。家里经济条件不好,我们大人文化程度不高,没法辅导孩子作业。学校离家远,孩子每天上下学路上要花不少时间。这个暑假,孩子书面作业比较多,每天写作业的时间明显超过了规定的一个小时,我们看着心疼,又帮不上忙。孩子睡眠时间一直比较长,现在作业占了不少休息时间,我们担心影响身体和学习。听说现在要求学校统筹作业总量、加强校内指导,还要开展课后服务,可我们农村学校能不能落实,心里没底。希望领导能关心一下我们农村孩子,督促学校合理控制暑假作业量,开学后把课后服务办好,让孩子尽量在学校完成作业,减轻我们家长的负担。谢谢领导!"
6EF137D35F96DCF54C213A82A3055CA7506C427205C1A137634C1C76FD55BD6A,关于农村升学衔接年级孩子作业负担与课后服务的求助,"尊敬的领导:我是西部农村一名小学阶段孩子的家长,孩子今年正处在升学衔接年级。家里经济条件有限,我本人文化程度不高,孩子每天上学单程也比较远。这个暑假我们注意到孩子书面作业情况不太符合当前年级的时长规定,虽然不清楚具体原因,但心里很着急。马上要开学了,我们担心新学段作业更多,自己又辅导不了,孩子压力太大。现在政策要求学校统筹作业总量、加强课后服务,我们很盼望能真正落实。但我们这边是乡村,学校资源毕竟有限,课后服务能不能接得住、办得好,我们心里没底。恳请领导关注农村升学衔接年级孩子的实际困难,督促学校严格执行作业时长规定,提供自愿、可及的课后服务,帮助我们这样文化不高的家庭,让孩子能平稳过渡。谢谢!"
566C8BC9B73ED6879353B31E9D8E028D550AA7FC9B413F66B7C48E823E76BF5D,关于农村小学课后服务加强学业辅导的诉求,"我家孩子在西部的农村公办小学读六年级,春季开学在即,马上就要升初中了。家里经济条件不好,我们大人文化程度不高,辅导不了功课。孩子学校是重点小学,但每天单程上学要很长时间。现在孩子参加了学校课后服务,时间不算短,我们很感谢政策。但担心课后服务主要是看管或者兴趣活动,对升学衔接年级的孩子来说,学业巩固和基础补差更重要。我们没钱报补习班,外面培训班也明显少了,只能指望学校。希望政府能督促学校在课后服务里多安排作业辅导和升学衔接内容,安排老师答疑解惑,别让课后服务流于形式。也请保障农村学校课后服务的师资和经费,不要因为偏远就打折扣。孩子睡眠一直很好,作业量也控制得还好,但光作业少不行,得学扎实。恳请领导关注。"
3CB0EE2C65947A92F2E70B62D6EC8C349146A500AC17161857B4CE7581DB3B80,关于乡村家庭孩子升学衔接期入学和课后服务的求助,"领导您好。我家孩子现在正处于小学升初中的衔接年级,就读的是公办重点学校,但我们家在乡村,单程通学时间比较长,家里经济条件不好,我和家人文化程度不高,辅导不了孩子。现在孩子参加了学校课后服务,作业时间虽然符合规定,但我们更担心的是春季开学后的升学报名和入学衔接。我们怕报名时因为材料、政策变动或者学校要求变化,孩子没法顺利进入初中;也担心课后服务不能稳定,孩子放学早没人接,学习上没人指导。我们家庭没有能力参加校外培训,只能依靠学校。希望领导能督促有关部门提前明确升学入学条件,保障乡村家庭孩子公平入学,同时稳定学校课后服务的时间和内容,让我们家长安心。"
C30024432B97A32F0139FF4DFD93785FF5967742E4530330C7A44B0613B7324B,乡村孩子小升初衔接和课后服务问题求助,"领导您好,我家在西部地区农村,孩子今年六年级,下学期就要升初中了。孩子现在在乡镇一所公办学校读书,学校条件还可以,但离家远,每天单程路上要花不少时间。这个寒假快结束了,马上要开学,我们心里很着急。孩子目前参加了学校的课后服务,每天到傍晚才放学,回到家天都快黑了,好在作业目前不算多,基本能在一个小时内做完,孩子还能睡够觉。可是我们担心,上了初中以后,学校可能更远,课后服务不知道能不能跟上,作业多了会不会超过规定时间,影响孩子休息。我们家庭条件不好,我和孩子妈妈文化也不高,以前也没给孩子报过补习班,现在外面补习班也少了,更怕孩子到了初中跟不上。希望领导能关注农村孩子小升初这个关键阶段,督促学校把课后服务衔接好,严格控制作业总量,让孩子们在新学期能平稳过渡,不要因为家庭条件或路程远就掉队。谢谢领导!"
6FF07BCECEA091BF69A1ACA4379ADC169D0D7F26563B6EED258A61AC61BAED3B,关于乡村小学升学衔接阶段课后服务与通学问题的建议,"领导您好,我是西部乡村一名小学生家长。孩子在公办重点小学读六年级,今年面临小升初。学校按规定提供课后服务,孩子这个月也参加了,每天在校时间延长不少。但我们家离学校较远,单程通学时间长,课后服务结束后孩子返家更晚,农村路况复杂,我们经济条件有限,父母文化程度不高,很难每天接送,心里很担心孩子安全,也怕影响休息。另外,孩子马上要升初中,我们对初中入学政策、报名时间、学校安排等信息了解很少,村里也没有明确通知,心里没底。希望领导能关心农村孩子升学衔接期的实际困难,协调学校或交通部门优化课后服务结束时间与返家交通衔接,同时提前做好小升初入学信息公示和指导,让我们家长安心。"
EBE1678E4E00244C1A169C2C7D766BC5156B98812A87DD74C2B5B223F7938EC2,关于乡村学校课后服务质量的担忧与建议,"我家住在西部农村,孩子在乡镇公办学校读书,下学期要升入衔接年级。家里经济条件不好,我和孩子妈妈文化程度都不高,辅导功课很吃力。现在学校有课后服务,孩子这个月也参加了,作业量看着符合规定,我们很支持。但心里还是有点不踏实,担心课后服务主要就是看管,缺少针对性的学业辅导和兴趣活动。眼下是暑假,课后服务可能没有学期里那么充分,孩子在家时间多,我们文化程度不高辅导不了,外面培训也少,更没条件找辅导。马上要升学衔接,孩子基础一般,真怕开学跟不上。希望领导能关注乡村学校课后服务的质量,特别是暑假期间能否增加一些学业辅导和文体活动,让农村孩子也能享受到实实在在的课后服务,减轻我们家长的负担。"
17316B8B53F1C5570E874E4D9C95BAF36B0BAE317CAA81366C585618F7AEAC92,"农村孩子升学后通学远,盼课后服务能延续","领导好,我是西部农村的一名学生家长。孩子今年小学升初中,现在读的是镇上的重点小学,离家远,单程要花很长时间。家里人口多,经济条件不好,我和家人文化程度不高,辅导不了孩子作业。这个暑假孩子参加学校的课后服务,有老师管着,我们省心很多。眼看要开学了,孩子就要进初中,我们很担心:一是初中学校离家可能更远,交通和安全负担重;二是不知道初中能不能也像小学一样提供课后服务,让孩子放学后能在学校写作业、有人辅导。我们文化低,实在教不了。希望领导帮我们农村家庭协调一下,让孩子升学后也能有稳定的课后照管,最好能解决寄宿或校车,减轻我们的负担。"
6FC176397F1F1728829042C4BB9AB90C1BB0D3638FEF8BAE3930FE322FF29F8E,恳请关注农村小升初孩子课后服务与衔接需求,"领导您好。我是西部农村一名小学生的家长,孩子今年六年级,马上要升初中。我们家庭经济条件不太好,我和孩子妈妈文化程度都不高,辅导孩子学习很吃力。为了让孩子上好学校,孩子在离家很远的公办重点小学读书,每天路上时间长。现在学校有课后服务,孩子这个月也参加了,我们很感激。但作为家长,我们感觉课后服务在作业看管之外,对孩子即将进入初中的衔接辅导还是不够。眼下校外学科培训减少了很多,像我们这样的家庭没有能力另外补课。孩子马上要面对初中课程增多,我们心里很着急。希望领导能帮助协调,督促学校把课后服务内容再丰富一些,增加小升初的适应指导,或者在暑假里提供免费或低收费的衔接辅导,让孩子能平稳过渡,不因家庭条件落后。谢谢领导。"
5126ACCAF4DEC813704FDF41248C733AA962043569CAE8F4050070BDB6FB37BE,关于帮助农村小学升学衔接家庭用好课后服务的请求,"我是西部农村一名小学生的家长,孩子马上要进入升学衔接年级。家里经济条件不好,我只有初中文化,辅导孩子学习很吃力。这个暑假孩子参加了学校的课后服务,但我很担心课后服务的内容能不能帮孩子做好升学准备。现在外面的学科培训很少,农村家庭更难找到合适的支持。希望领导能督促学校在课后服务中安排针对升学衔接的学习指导、作业辅导和心理适应内容,让孩子开学后能更好地跟上。"
CD338BCFCA12B052F64592DDD0AAB5A481AF1EBAF8E77C251C2828AEB6CAC634,关于提升农村小学课后服务质量的诉求,"领导好,我是西部农村的一名学生家长,孩子正在上小学,秋季就要进入升学衔接年级。家里经济条件不太好,我和家人文化程度也不高,辅导孩子学习常常感到吃力。今年暑假学校提供了课后服务,孩子每天都去,我们省心不少。可我们担心开学以后课后服务能不能继续办好,尤其希望学校能加强作业辅导和基础知识讲解。现在校外学科类培训少了,像我们这样的农村家庭以前也上不起培训班,以后更指望学校的课后服务。孩子学校离家比较远,单程在路上要花不少时间,也希望课后服务结束时间别太晚,或者能帮忙解决回家路上的交通安全。恳请政府多关心农村学校的课后服务,保障好师资和经费,让农村孩子也能得到实实在在的帮助。"
2E62E58BCFDAE41EE21D9276771F27D7AE32B5A78AC3CDF06A2D8871FD89669C,希望加强课后服务作业辅导和放学安全,"领导好,我是西部农村一名小学生家长。孩子马上要升入衔接年级,学校离家比较远,单程要走不短时间。我们家里条件一般,大人文化不高,辅导作业很吃力。这个暑假孩子参加了学校课后服务,我们很高兴,也盼着开学后能继续有实实在在的课后服务。希望领导督促学校把课后服务抓好,特别是书面作业能在校内由老师指导完成,不要超过规定时间,别让孩子把作业都带回家。另外课后服务结束后天也晚了,乡村路上不安全,能不能协调一下交通或者延长看护,让我们家长少些担心。"
5470C84654ED1FC2DBC62AFF6FD666FA405CBA1D171D7586F049FB6C5205D819,乡村家长关于孩子升学衔接的担忧与请求,"领导好,我是一名西部农村小学生的家长。孩子现在正处在升学衔接年级,平时在离家较远的公办重点学校读书,单程路上时间很长。我们家庭条件不好,大人文化程度也不高,没法给孩子辅导。现在学校书面作业不多,孩子睡眠充足,也参加了课后服务,我们很感激。但孩子马上要升初中了,我们很担心。听说有些地方升学报名时因为条件严苛或者学校名额有限,孩子被挡在门外,我们心里很慌。我们没有上过校外的补习班,孩子学习全靠学校。希望政府能关注农村孩子升学衔接的公平问题,保障孩子顺利进入合适的初中,同时让课后服务真正帮到我们这样的家庭,别让路远、家庭条件差影响孩子前途。谢谢领导。"
ACE77CB6BA4955FB2AC5123E86E1D3EBEFF5C10612D202359C00841FDD3B2F66,关于保障乡村升学衔接儿童课后服务与学业支持的建议,"领导您好,我是西部乡村一名小学生的家长。孩子今年暑假后就要升入新的学段,我们家庭经济条件不好,家长文化程度也不高,辅导孩子功课很困难。孩子目前参加了学校的课后服务,这给我们减轻了一些负担,但我们也担心开学后课后服务能不能持续,特别是我们离学校比较远,孩子参加完课后服务再回家,路上时间长,存在安全隐患。希望政府能加强乡村学校课后服务的师资和经费保障,多安排一些升学衔接辅导和作业指导,让孩子能平稳过渡,也让我们家长安心。谢谢。"
CF0160B272D43ECC24EC623206F79D83072629E0B56827326185D9D722D42E1A,关于农村孩子课后服务与假期照护的建议,"我是西部农村的一名小学生家长,孩子马上要升入新的年级。家里经济条件不太好,我文化程度不高,辅导作业比较吃力。现在暑假期间孩子参加了学校的课后服务,每天时间不短,我们很感激。但家离学校远,单程时间较长,孩子参加完服务回家更晚,路上安全让人担心,希望能帮助协调解决交通或接送问题。另外,家里收入低,希望课后服务对困难家庭减免费用。孩子以前没上过校外培训班,现在外面学科类培训也少了,我们更希望学校能提供更多免费的作业辅导和兴趣活动,让孩子不落后。请领导多关注农村学校的课后服务,让政策落实得更好。"
215E8AB1F809A71884D661A375C1E80C3AA3260A27FC6B170844280A43CD9B5E,农村孩子小升初衔接和课后服务盼支持,"领导您好。我家孩子马上要从小学升入初中了,我们住在农村,家里条件不好,我文化程度低,暑假也辅导不了孩子。现在学校提供课后服务,孩子这个月也去参加了,但我心里还是没底,不知道这些活动能不能真正帮孩子做好升初中的准备。我家离初中学校比较远,单程要花不少时间,我担心开学以后孩子每天来回太累,晚上写作业时间也紧张,会影响睡眠。希望领导能关注农村孩子小升初的衔接问题,让学校在暑假和开学后多提供一些针对性的学习适应和辅导,把课后服务内容安排得更实在一些,同时帮助解决路远孩子中午在校就餐或者交通上的困难。我们做家长的没有别的能力,就盼着孩子能顺利升学,别因为条件差被落下。"
623AE97D5D3C08ECC6A3A926F75131C4BAAFB21BCD766F991B81E2999290B23E,"乡村孩子小升初,盼入学政策透明和课后服务跟上","领导您好,我是西部农村一名小学生家长。孩子现在正处于小学升初中的衔接年级,暑假后就要面临升学。家里条件一般,我文化不高,辅导不了孩子,这些年主要靠学校。孩子现在参加学校课后服务,我们确实少操心了一些,但心里更慌的是开学后的初中入学。我们这里单程上学时间本来就不短,如果升入初中后学校更远或者划片政策有调整,我们这样的家庭实在没有别的办法。我听说有的地方家长因为升学政策卡得严,孩子报名时被挡在门外,整夜睡不着。我们不指望孩子上多好的学校,只求能按政策顺利就近入学,划片范围和报名要求能早点说清楚,不要因为户口、房产或者父母打工情况把孩子卡住。也希望开学后课后服务能针对升学衔接年级多安排一些作业辅导和小初衔接内容,让我们这些没有能力补课的家庭也能安心。谢谢领导。"
1238E0B646363652B82131BF97BDDD9A053629EBE42AB862D3FD84AD353DA602,关于升学衔接阶段乡村学生入学与课后服务保障的求助,"领导您好,我是一名西部乡村小学生的家长,孩子现在正处在升学衔接年级,家里经济条件不好,我文化程度也不高,辅导孩子学习很吃力。学校离家比较远,每天接送和通学时间长,孩子睡眠虽然还算充足,但路上折腾也累。现在放暑假,马上要开学了,心里很着急。孩子这个月参加了学校的课后服务,但具体内容、老师辅导得怎么样,我们不太清楚,也担心课后服务能不能真正帮到孩子。我们这种家庭没有条件报外面的辅导班,校外培训现在也少了,更担心孩子学习跟不上。恳请领导帮忙协调一下,让孩子升学衔接阶段能顺利就近入学,学校课后服务能真正落实,内容更丰富一些,也考虑我们乡村家庭的实际困难,让孩子能安心学习、健康成长。"
B4A46F78526A60FA685804A6B0563F23C63850BB89C8A46FF9DA34809374851A,关于孩子作业负担和课后服务的求助,"领导好,我是一名农村初中生家长。我和孩子妈妈都在外打工,平时顾不上管孩子学习。最近听说上面有规定,初中生书面家庭作业平均完成时间不能超过90分钟,但我家孩子这个月的作业情况不符合这个要求,我们心里很着急。孩子下学期要升入新的年级,我们担心开学后作业更多,孩子压力太大,睡眠时间都不够。我们文化程度不高,家里经济条件也一般,外面补课班费用高,实在上不起。希望领导能督促学校严格执行作业总量控制,同时把课后服务真正办起来,让孩子在学校就能把作业写完,有老师指导,这样我们家长也能安心打工。谢谢领导关心。"
51184EC5943D0451F87CCCDCE587011DF95C09998F078169893577199156C5E6,关于孩子暑假作业过多和课后辅导的诉求,"领导好,我是本镇一名初中生家长,孩子正处在升学衔接阶段。这个暑假学校布置的作业感觉特别多,孩子每天要花很久才能完成,超过了国家规定的初中生每天书面作业不超过一个半小时的标准。我们夫妻俩都在外面打工,家里老人也辅导不了,孩子完不成作业我们心里很着急。听说现在上面要求学校统筹作业总量、提高作业质量,减轻学生负担,但我们感觉学校还没落实到位,还是主要靠家长自己盯。希望领导能督促学校严格执行作业时长规定,不要布置重复性、惩罚性作业,新学期能利用好课后服务时间,安排老师指导孩子在校完成作业,减轻我们家长的负担。孩子是农村家庭的希望,我们不想因为作业问题影响他的学习积极性,请领导多关注一下乡村学校的作业管理和课后服务。"
875F46C64DC5D8A6309B63813728BFFFC33BCD812B881402A297FDC403650F60,关于减轻农村初中生暑假书面作业负担的请求,"领导您好,我是一名农村初中生的家长。孩子今年升入衔接年级,暑假期间老师布置的书面作业让我们感觉明显偏多,孩子完成时间超过了规定的90分钟。我们夫妻俩都在打工,文化程度不高,实在没有能力辅导。孩子经常为作业发愁,我们心里也很着急。以前也听说有学校把作业推给家长检查,我们很担心开学后还是这样。现在政策要求学校统筹作业总量,希望领导能督促学校真正落实,不要布置过量书面作业,加强老师对作业的指导。同时,也希望学校能办好课后服务,让孩子在学校完成作业,减轻我们家长的负担。谢谢领导关心。"
71130CC44756CCA2AF326579555FF9ED46F9D57FAD2DDF06F8794F11A18BB38B,关于农村初中生作业负担和课后服务的求助,"各位领导好。我家孩子今年升入初中衔接年级,在西部农村的一所公办初中上学。我们两口子文化不高,平时都在上班,家里条件也一般,孩子学习上我们确实辅导不了。这个月我们了解到孩子的书面作业时间不符合规定,心里很着急。我们不知道具体原因,只担心这样下去会影响孩子休息和学习。听说现在要求学校控制作业总量、提高作业设计质量,还要完善课后服务,我们很盼望能真正落实。农村学校条件有限,我们担心课后服务开展不起来,希望领导能督促学校把作业时间控制在规定范围内,加强校内作业指导,同时保障农村学校课后服务的师资和经费,让孩子在学校就能得到帮助,减轻我们家长的负担。谢谢领导。"
3248D2F1247BCC8A938709492DBA37B3F547743AF97A011FDCBF12E51528B407,关于减轻升学年级学生作业负担的诉求,"领导您好,我是西部农村一名初中生的家长。孩子正处在升学衔接年级,我们家庭经济条件一般,平时工作忙,家里人口多,我们文化程度不高,辅导作业很吃力。现在学校有课后服务,孩子本月也参加了,但最近一个月孩子的书面作业时间超过了规定,回家后还要继续写,我们担心长期这样会影响孩子休息和第二天学习。我们理解学校和老师抓学习,但现在校外学科培训已经停了,我们更希望学校能真正把课后服务利用好,多指导孩子在校内完成作业,控制作业总量和时长。请领导帮助督促学校落实作业管理规定,提高课后服务质量,让孩子能早点休息,家长也能安心。"
2D327F39B7B3D23D8D1B84AB4BCF650B33F1BE2B30FF0B01B5DE54C7C01FC782,关于乡村初中升学衔接年级作业超时和课后服务质量的求助,"领导好,我是西部乡村一名初中生的家长。孩子正处在升学衔接年级,我们两口子文化程度都不高,平时工作忙,时间很紧,辅导孩子学习确实吃力。现在学校布置的书面作业明显超过规定时间,孩子经常写到很晚,睡眠都受影响。虽然这学期参加了学校课后服务,但感觉更多是看管,老师对作业的指导不够,孩子回家还是有很多不会的,我们又教不了。外面学科类培训基本都停了,家里经济条件也一般,没有别的办法补课。孩子马上要面临升学,我们心里很着急,担心这样下去跟不上。希望领导能关注一下我们乡村学校的实际情况,督促学校真正把作业量控制住,提高课后服务的辅导质量,让孩子在学校能把作业弄明白,减轻我们家长的负担。"
96D490F54D335447AA0C0CC40E5E6119C9D99C33B377041C4731FDB9700BCE1D,请求加强农村学校课后服务作业辅导,"尊敬的领导,我是西部农村的一名初中生家长。孩子现在读初中,正处在升学的关键阶段。家里经济条件一般,我们两口子文化程度不高,白天都要打工,晚上回来也很累,辅导孩子功课越来越吃力。这个学期学校开设了课后服务,孩子每天也参加了,但我们发现孩子回家后的书面作业还是经常要写到很晚,感觉没有达到规定的时间要求。现在学科培训班我们也不上了,孩子遇到不会的题,我们实在帮不上忙,心里很着急。我们担心课后服务只是把孩子集中起来看管,老师没有真正辅导,孩子不会的题还是带回家,我们又教不了。希望领导能够督促学校把课后服务真正用起来,让老师在这段时间里多给孩子讲讲作业、答疑解惑,把作业尽量在学校完成,不要全部压到家里。也请学校统筹一下各科作业量,别让孩子负担太重。我们农民家长文化不高,只能靠学校和老师了。谢谢领导。"
0890D516249AAC091B81870DDF41BBEA4F1F481A8801923CD0B6EF72A1FB473C,关于初中生作业负担和课后服务的诉求,"领导您好,我是西部农村的一名初中生家长。孩子现在读初中,处于升学衔接年级,我们家庭经济条件一般,我和孩子妈妈文化程度不高,平时工作忙,辅导作业很吃力。最近发现孩子书面作业情况没有达到规定要求,心里很着急。现在校外学科培训也停了,孩子参加了学校的课后服务,但我们不确定课后服务能不能真正帮助孩子学习。希望领导能关注农村初中生的作业和课后服务问题,督促学校把作业量控制好,把课后服务做实,让孩子在学校能得到有效指导,减轻我们家长的负担。"
68BB5E2B05CAEC7671A257E503C7CAB81DF368B6CD9115DEF546CE448A37A538,农村初中生暑假作业超时盼课后服务真正减负,"领导好。我是一名西部农村初中生家长,孩子正处在升学衔接年级。这个暑假,孩子按要求参加了学校课后服务,但我们发现书面作业时间还是超过了规定的一个半小时,晚上经常要写很久。我们两口子文化不高,都在上班,家里人多事多,实在没有精力和能力辅导功课。以前我们也没怎么给孩子报过补习班,现在外面的学科培训班更难找了。孩子马上要升入关键年级,基础知识本来就不扎实,我们很担心跟不上。希望领导能督促学校严格落实作业总量控制,假期和开学后的课后服务能多安排老师辅导作业、答疑补差,让孩子在校内就能完成大部分学习任务,减轻农村家长的压力,别让升学衔接变成我们的心病。"
A7CB40DC11803339C6F8AD8E47BBFC98404F94A970E39B986D507A3342D122A7,关于农村初中生作业与课后服务问题的求助,"领导好,我是西部农村一名初中生家长,孩子正处在升学衔接年级。我们夫妻文化水平不高,平时都要打工,很难辅导学习。孩子这个暑假参加了学校的课后服务,但书面作业情况还是不符合规定时长,我们担心开学后作业压力更大。现在学科类培训班基本不上了,学校是孩子最主要的学习场所。以前听同乡说过有的学校班额大、老师顾不过来,甚至让家长批改作业,我们很怕自己孩子也遇到。恳请领导督促学校把课后服务真正用起来,安排老师指导孩子完成作业、答疑解惑,提高作业设计质量,别把辅导负担都推给农村家长。希望孩子也能得到公平有质量的教育。"
EB467F4C3650832E75606061978416B95D179CBBE7D7D0CE0ECA1500935B9E60,关于农村初中生作业负担和课后服务的担忧,"领导您好,我是一名西部农村初中学生的家长。孩子秋季就要进入升学衔接的关键年级,我们全家对孩子教育都很上心,但我们夫妻俩文化程度不高,平时都要上班,家里老人也多,晚上能辅导孩子的时间很有限。这个月虽然是暑假,但孩子书面作业情况没有达到教育部门对初中生作业时长的规定,我们心里很不安。现在孩子参加了学校课后服务,每天说是有两个小时,可感觉在作业辅导和答疑上帮助有限,回家后还是要面对不少作业,我们担心这样下去会影响孩子睡眠和第二天学习。以前我们没条件给孩子报多少辅导班,现在外面学科培训也基本没有了,我们更指望学校能把孩子管好、教好。希望领导能督促学校真正落实作业管理和课后服务要求,让我们农村孩子也能在升学上不掉队。谢谢。"
CDBA6F1411FBE44F9CE402EFDDCFF14A9EF434565A00C33D7AE3F6A1A40F0469,关于减轻农村初中生作业负担和提升课后服务质量的诉求,"领导您好。我是一名西部农村的初中生家长,孩子现在处于升学衔接年级。我们夫妻都在外务工,家里人口多,能陪孩子学习的时间很少。这个月学校有课后服务,孩子也参加了,但书面作业情况没有达到现行规定要求。孩子睡眠以前一直比较充足,我们很担心作业负担加重后,身体和休息跟不上。家里经济条件一般,过去也没怎么上补习班,现在校外学科培训也停了,更希望学校能在课后服务时间里把孩子作业辅导好,尽量少带作业回家。请领导督促学校和有关部门严格落实作业管理要求,提高农村学校课后服务质量,让孩子有一个安心学习的环境。"
0683C1DED03826A5C7B2D9428149C97CFE44879BE6825E64C47423BA5E164C22,关于减轻初中生家庭作业负担、提高课后服务质量的建议,"我是西部乡村一名初中生的家长,孩子正处于升学衔接年级。我们家庭经济条件一般,父母都在工作,平时能陪伴和辅导孩子的时间很少。现在孩子参加了学校课后服务,但这个月孩子的书面作业情况仍然没有达到规定的时长要求,放学后还要花不少时间写作业,我们很担心影响孩子的睡眠和身体。家里没有能力额外请辅导,学科类培训班也少了,学校成了孩子学习的主要依靠。希望领导能督促学校严格落实作业总量和时长要求,提高课后服务的作业辅导效果,让孩子尽量在学校完成大部分作业,回家后能好好休息。乡村学校资源有限,恳请政府多关注我们的实际困难,真正把减负和课后服务落到实处。"
A924D99388CE3B75225BB9274635A94A865A4BDC79BF02CB2786621089B951D2,关于农村初中暑假课后服务与作业负担的求助,"领导好,我是西部农村一名初中生家长。孩子今年升入衔接年级,我们两口子都在打工,文化不高,家里还有老人要照顾,时间实在紧。现在外面学科补习班基本没有了,我们也停掉了,心里更没底。孩子参加了学校课后服务,我们原以为能在学校把作业写完、有老师辅导一下,可这段时间看,孩子的书面作业还是经常超过规定的一个半小时,有时写到很晚。我们不会教,只能干着急。马上要面临升学,我们很担心孩子基础打不牢。希望领导能督促学校把课后服务真正用起来,统筹好作业量,多给孩子一些校内指导,别让课后服务只是坐着耗时间。农村孩子出路不多,我们只盼学校环境能好一点,让孩子有个公平点的起点。"
3D4D61C961BC24CEEBA060B759F1CD6A96D562BEC1038DCCC29780AB1476FC24,关于初中生暑期作业负担与课后服务的诉求,"领导好,我是西部农村一名初中生的家长。孩子正在升学衔接年级,我们家长文化不高,父母都要打工,平时没多少时间辅导。最近暑期孩子的书面作业总感觉时间偏长,有时超过规定的一个半小时,我们担心影响休息和锻炼。家里经济条件一般,学科类培训班已经停掉了,市场上也很难找到,孩子学习跟不上更让我们着急。孩子这个月参加了学校的课后服务,但不知道能不能真正帮助孩子完成作业、讲解难题。希望领导能督促学校统筹好作业总量,利用课后服务时间加强作业指导,减轻家长负担,让孩子有充足睡眠。我们期望孩子以后能考上大学,但更需要健康的学习节奏。"
C3219504B48DE20F068FD26C8AF40EC719C6C86BE27669E4D5F7F699A19E9FED,关于改善升学衔接年级作业与课后服务的诉求,"领导您好!我是西部乡村一名初中学生的家长。孩子现在处于升学衔接年级,学习压力比较大。这个月孩子的书面作业时长不符合有关规定,我们家长文化水平不高,辅导作业非常吃力。家庭经济条件一般,我们已经停止了学科类校外培训,现在主要依靠学校。孩子参加了学校的课后服务,但我们担心课后服务的内容和质量是否能真正帮助孩子巩固知识、提升学习能力,尤其是对衔接年级的孩子是否有针对性。希望领导能关注我们乡村孩子的实际困难,督促学校严格落实作业管理要求,优化作业设计,减少对家长辅导的依赖,同时把课后服务做得更扎实,提供更有效的学习支持。谢谢领导!"
B104E5EB5B40B773FD381230BDC713C545EA282E1D18E469078CE4745D8B93BF,乡村初中生家长关于作业减负和课后服务的诉求,"孩子马上要升入初中,我们住在西部农村,家里条件一般,我和孩子爸爸文化程度不高,平时工作忙,家里人多,很难辅导孩子学习。以前孩子也没怎么上过课外班,现在学科类培训少了,我们更只能依靠学校。这个暑假孩子参加了学校课后服务,我们很感谢,但感觉书面作业时间还是超过了规定,每天花不少时间,我们担心新学期开学后作业量会更大,我们根本辅导不了,也怕孩子睡眠受影响。希望领导能督促学校严格落实作业时长要求,真正控制好作业总量,同时把课后服务用好,让孩子在学校尽量完成作业,老师多给些指导,别让作业带回家。我们最大的心愿是孩子能考上大学,请多帮帮我们这样的农村家庭。"
6E4DEF116EBF6C1C1AA1B645ABDDE8F128EA447DF100B801D6C5BA7E170CBE5D,关于农村初中课后服务应加强作业辅导的诉求,"领导好,我是农村一名初中生的家长。我们两口子白天都要上班,晚上回家已经很晚,家里老人也多,实在抽不出太多时间辅导孩子学习,我们文化程度也不高,很多初中知识教不了。现在校外学科培训基本不上了,家里经济也不宽裕,更希望学校能把孩子管好教好。这个月孩子虽然参加了学校的课后服务,但书面作业还是经常超过规定时间,带回家做到很晚,我们看在眼里急在心里。孩子正处在升学衔接年级,我们一直盼着他将来能考上大学,可眼下作业这一关就让我们很吃力。我们担心课后服务只是把孩子集中看管,没有真正帮助孩子解决作业难题,没有老师有针对性的辅导,农村学校本来条件就有限,如果连作业辅导都跟不上,孩子只会越落越远。希望领导能督促学校把课后服务做实,加强作业指导,尽量让孩子在校内完成大部分作业,别再把过多辅导压力转给家长。谢谢。"
F119C3482DEDF7990D0C5372B0F755AE326E7BF4B95711EBC651F47D0AAB2099,关于农村初中生作业负担与课后服务实效的诉求,"领导您好,我是西部乡村一名初中生家长。孩子正处于升学衔接年级,家里经济条件一般,我们夫妻都要上班,时间很紧,自己文化程度也不高,辅导孩子作业很吃力。现在学科类培训停了,我们让孩子参加了学校课后服务。但本月孩子的书面作业情况未符合规定时长,我们很担心。农村学校条件有限,班级人数可能较多,老师精力有限,课后服务能否真正帮孩子完成作业、减轻负担?希望领导关注乡村学校课后服务质量,督促学校真正统筹好作业量,让家长放心。"
81A604E9F9F9F5DAC25FE4B1DDDCC3C6202F7A597A837C71C7DEFEC5DE74A0F2,关于农村初中生课后服务与作业负担问题的反映,"领导您好,我是西部农村一名初中生家长,孩子正处在升学衔接年级。这个月孩子的书面作业情况没有达到规定的90分钟时限要求,同时孩子也参加了学校课后服务,但作业负担和辅导问题仍然让我们很焦虑。我们家长文化程度不高,平时工作忙,时间紧,确实很难给孩子有效的作业辅导。希望领导能督促教育部门对学校课后服务和作业统筹情况进行核实,加强农村学校的作业设计指导和课后辅导力量,特别是升学衔接阶段,别让农村家庭只能干着急。"
76EDE62D59F34399E2CCC5B4E356114B9F902F6176412496C6F7F154B061622A,关于督促学校落实课后服务缓解双职工家庭接送和作业辅导难题的诉求,"我家孩子上初中,学校离家远,单程通学时间不短。家里同住的人少,我们夫妻都在上班,下班接孩子很费劲。以前孩子校外学科辅导参加得多,现在校外培训政策收紧了,我们支持,但更盼着学校课后服务能接住。马上要开学了,很担心学校课后服务只是看管,没有作业指导和活动安排,时间也衔接不上我们下班。如果课后服务不实用,孩子要么在路上耗时间,要么回家后作业写到很晚,影响睡眠。我们对孩子期望不算高,能顺利读完初中,将来上高中或职校就行,但不想再被逼着找校外培训。恳请领导督促学校在秋季开学后把课后服务做实,在自愿前提下尽量覆盖到家长下班,安排老师答疑和作业指导,别让我们双职工家庭两头为难。"
E0CE6C91F41D3C60BC5DB07836AFB2DE4FFC66A896FC5F63BBBC12BE84E99046,"希望学校课后服务能尽快落实,解决双职工家庭接送和辅导难题","领导您好。我家孩子上初中,学校离家比较远,我和爱人都在上班,每天接送和辅导作业都挺吃力。看到现在有要求让学校完善课后服务,想反映一下我们的实际困难。过去身边亲戚邻居为了孩子学习,假期补课费上万的情况也有,我们心里也担心,不希望孩子只能靠校外补习。开学后能不能督促学校把课后服务真正做起来?时间上最好能衔接家长下班时间,内容上能有作业指导和文体活动,让孩子自愿参加。这样既能减轻我们双职工家庭的时间和经济压力,也能少报一些校外培训班。恳请领导关注我们这边的情况,谢谢。"
97E624282F7228D69603C5EF606025FE983BADCB7803BADE1F236F1838FDC89C,关于落实初中课后服务并严控作业时长的请求,"领导您好,我是本地一名初中生家长。孩子暑假后马上要开学,我们夫妻都在上班,家里人手少,学校离家也比较远,放学接孩子和辅导作业一直很吃力。现在从上到下都要求学校完善课后服务、严控书面作业总量,我们非常期待。以前身边不少孩子靠校外补课,费用很高,现在校外培训管严了,我们不想再盲目补课,但更担心学校课后服务跟不上,作业又带回家,孩子睡不够,我们也没时间辅导。请求领导督促学校新学期把课后服务真正开起来,时间能衔接我们下班,内容上让孩子在校完成大部分书面作业,并有一些体育或兴趣活动。同时严格执行初中书面作业不超过90分钟的要求,别让负担反弹。希望孩子能健康学习,我们家长也能安心工作。"
47A73596B88BD531AF879B68B7910DA234CB03D83830B318F6CD79AA227A2EDE,关于恳请落实初中课后服务缓解双职工家庭压力的留言,"领导您好,我是初中生家长。我们两口子都上班,家里没老人帮衬,孩子学校离家较远,以前放学后主要靠校外辅导班接孩子并盯着写作业。现在政策要求规范校外培训,我们理解也支持,但马上要开学了,最担心的是学校课后服务能不能真正落实。如果课后服务时间不能衔接下班时间,内容又单一,我们只能继续找校外班,既增加经济负担,也违背政策初衷。孩子现在作业量看起来符合规定,但我们文化程度有限,辅导不了,孩子自觉性也一般。希望教育部门能督促学校在开学前把课后服务的时间、内容、师资安排好,并向家长公示,让我们心里有底。谢谢领导。"
C2CEC22767DC53C647111DE8935296566450CB04A0C4A240CE57BCD137445140,关于提高学校课后服务质量与作业指导的诉求,"我家孩子在公办初中就读,现在虽然书面作业时间符合规定,但我们家长文化程度有限,以前主要靠校外辅导班补差。现在校外学科培训基本没有了,学校课后服务我们每天都参加,但感觉内容比较单一,作业辅导针对性不强。我们夫妻俩都在上班,下班晚,家里时间紧,确实很难再抽出精力辅导孩子。孩子通学时间也长,晚上回来再补课不现实。希望领导能督促学校丰富课后服务内容,尤其加强作业答疑和学科巩固,让孩子在校内就能解决学习困难,我们家长也能安心工作。"
35E5F98F0BBDA7B020FB7D38C7A6DB1BF1C915E41681E47C8CC3DAA22204A9E8,希望课后服务能提供有效学习辅导,"领导好!我家孩子正在一所公办初中读书,不是毕业班。我们夫妻都上班,家里也没人能专门辅导,孩子上学路又远,所以这学期他参加学校课后服务对我们特别重要。现在学科培训班不好找了,我们也没再给孩子报,心里确实担心他学习落下。学校课后服务每天都有,但我担心可能更多是看孩子写作业,缺少老师有针对性的讲解和答疑。我们身边一些家长也聊起,以前补课费高得吓人,现在都希望学校课后服务能真正顶上来。恳请领导督促学校把课后服务的内容做实,尤其是作业指导和学科答疑,让孩子在学校就能解决学习问题,也能减轻我们双职工家庭的压力。谢谢!"
734E545955E17DAF3EA24085A8BA450485E6A886EA9987EDE1342A802C2135F6,关于提升初中课后服务学业辅导质量的建议,"领导您好。我家孩子就读公办初中非毕业年级,家住城镇,每天单程通学时间较长,我和爱人都要上班,晚上辅导时间很有限。这学期学校课后服务每天有2小时,孩子也参加了,解决了我们接送的难题。但我们一直有个担心:以前孩子校外学科培训比较多,现在按要求停止了,市场上培训也收缩了,我们虽然经济上能承担一些,但苦于自己学历有限、时间又紧,没办法给孩子系统辅导。课后服务如果只是看护或写作业,可能难以弥补孩子薄弱科目的学习需求。希望政府能督促学校在课后服务中增加学业辅导类内容,特别是针对数学、英语等基础学科,安排老师给孩子答疑、梳理知识点,提升课后服务质量,让像我们这样的双职工家庭真正放心。谢谢。"
D3E84878B162B17EBFA49E8F002E451F78E08643F9354172ED454B4384E3C30C,关于提升学校课后服务作业辅导质量的诉求,"领导好。我家住在东北城镇,孩子现在读初中,不在毕业年级。我和爱人平时都要上班,家里时间很紧,孩子上学单程也比较远。以前孩子参加过学科类校外辅导,现在我们已经停止了。这个月孩子参加了学校的课后服务,按理说每天有两个小时左右。但我们心里没底,不知道课后服务里作业辅导到底做得怎么样,能不能帮孩子把当天的学习问题解决掉,内容是不是丰富。作为家长,我们希望政府能加强监管,督促学校把课后服务的作业指导和内容质量提上来,同时也希望放学时间能和家长下班时间衔接得更好,减轻我们接送和辅导的压力。谢谢。"
2097D87E2A60696B7E7565EEFEAA575071E181D4BA8987FB6E0F843AFE1D2251,关于暑期课后服务与学业衔接问题的反映,"我是一名初中生家长,家里在东北城镇。孩子原来参加校外学科辅导,现在按照要求已经停了。我们夫妻俩都在上班,下班晚,家里老人帮不上太多,暑假孩子在学校参加课后服务,但总担心服务内容不够扎实,作业辅导针对性不强,怕开学后跟不上。希望领导能督促学校在课后服务里增加作业指导和学习方法辅导,也希望能提供一些公益性的线上课程或者社区学习资源,帮我们双职工家庭解决后顾之忧。"
71D4D00CBDF57E9CEA6B597D986CE15C5FB5EB7B94D890D98673DF4893078882,希望初中课后服务内容更实在、时间更衔接,"领导您好。我是一名初中生家长,我们做家长的都在工作,时间比较紧,孩子学校离得也远,单程通学时间长。以前孩子上过不少学科辅导班,费用高,我们也累。现在政策要求减负,我们停了校外培训,这个暑假孩子参加了学校的课后服务,作业量也符合规定,我们挺高兴。但我们担心课后服务就是看管,内容不够丰富,孩子以前靠补课,现在停了怕学习跟不上。希望学校课后服务能增加作业辅导和兴趣活动,不要变成变相补课;最好能根据家长下班时间灵活延长一点,或者提供延时托管,解决我们接送难题。我们文化不高,但相信领导能推动学校把课后服务做实,让家长真正安心。谢谢。"
C972DF51391FE6ACD502FDB7E7934998FBAB7B74763A8AFFBAC4F1BE765CC3C9,关于学校课后服务内容与时间衔接的诉求,"领导您好,我是一名初中生家长。孩子现在上初中,我和爱人都要上班,每天到家晚,辅导时间和精力有限。以前还能靠校外补课,现在学科类培训少了,我们支持减轻负担,但也怕孩子学习跟不上。这个暑假孩子参加了学校课后服务,时间是有保障,但我们担心开学后的课后服务如果只是集中看管,缺少作业辅导和学习方法指导,孩子成绩会下滑。另外孩子学校离家远,单程通学时间较长,课后服务结束时间能否与家长下班时间更好衔接,也恳请领导关注。希望政府督促学校丰富课后服务内容,真正把作业辅导、兴趣活动和体育锻炼安排起来,让我们家长安心工作。"
D341BF4A43F2D02C83A3D678FB1135D0F6D68A207FAF529640AF1885FE8CB01E,关于课后服务衔接和隐形培训治理的家长诉求,"领导好,我是初中学生家长。我们夫妻都在上班,家里人手少,孩子上学单程又远,时间一直很紧。这个暑假孩子参加了学校课后服务,解决了我们白天看护的大问题。但马上要开学了,我最担心的是课后服务能不能真正接住双职工家庭的下班时间,内容是不是有人管、有质量。现在外面明面上的学科培训班少了很多,我们也已经停了,但听说有隐形补课、高价一对一的情况,怕别的孩子偷偷补,我们又没时间自己辅导,心里很焦虑。希望政府能督促学校把课后服务做实,时间上尽量和下班衔接好,内容上多些作业指导、体育和兴趣活动;同时继续严查隐形变异学科培训,别让负担换个形式回来。这样我们家长才能安心工作,孩子也能健康成长。"
A1C7410A80FBBBD99B6E813B99363835D9325BEDC67829352BCD2CE9F03F1C8F,关于提升初中课后服务质量的建议,"作为初中生家长,我们家庭双职工、时间紧张,孩子通学路程较长,课后照护一直是个难题。原来孩子参加过校外学科培训,现在已按政策停止。本学期孩子参加了学校课后服务,我们很感激这项安排,但也有些担忧:课后服务内容是否足够丰富,能否真正弥补停止校外培训后的学习辅导需求?师资和经费是否有保障,会不会只是简单看管?希望政府能加强课后服务的指导和监管,丰富课程种类,提高服务质量,切实解决我们这样双职工家庭的后顾之忧。"
9EDF98BDD8FCE542B0E729472D48B75AE5322C6D8C4FDB99A6C82842322A4D82,关于提升学校课后服务质量与校内作业辅导的诉求,"领导好。我是一名初中生家长,家在东北城镇,孩子就读公办非重点学校,单程通学时间长,我和爱人平时都上班,时间很紧。以前为了孩子成绩,给孩子报过学科类补课,身边不少家庭补课费用也很高。现在学科培训收缩,我们家已经停止校外补课,孩子这个月也参加了学校课后服务。但我有些担心:学校不是重点,师资和课后服务内容能不能真正帮到孩子?作业时间虽然没超过规定,但孩子基础一般,没有额外辅导,怕开学后跟不上。希望领导能督促学校把课后服务做扎实,加强作业辅导和个别指导,让课后服务不只是看管,而是有质量的学习支持。这样我们家长才能安心上班,孩子也不用再依赖高价补课。"
C419ACEE21C64C4BC9F3C21C429C1996AEDD0B540C70296BAA8CAFD2AD715203,关于保障初中课后服务质量与作业管理的留言,"您好。我是孩子家长,孩子现在读初中,在公办学校,家离学校比较远,单程时间不短。我们两口子都在工作,下班时间比较紧,暑期让孩子参加了学校课后服务,感觉有地方看护能稍微安心一些。孩子以前上过校外学科培训,现在按照要求已经停了,我们也希望不再回到过去那种高额补课的状态。之前身边有的家庭假期补课花费很高,初中阶段补课压力更大,我们一直担心孩子初中以后负担重。现在作业管理有明确时长要求,这个月书面作业情况是符合要求的,但我们担心开学后各科老师布置作业时如果统筹不好,总量又会超过孩子能承受的范围。更担心课后服务虽然安排了时间,但内容单一、只看着写作业或者变相补课,孩子得不到有效指导,反而因为通学远、在校时间长影响休息。我们家长期望孩子能顺利完成初中学业,将来有高中或职高可上,不是非要靠补课堆出来。希望主管部门能督促学校在开学后严格落实作业统筹,提高课后服务质量,丰富内容,保障师资和经费,真正让孩子在学校把该学的学好、作业尽量完成,减轻家长接送和辅导压力,也防止校外学科培训隐形变异再次加重家庭负担。谢谢。"
2BD16F226F7B90A4235021F18E98C02BA286EEFCB0603E52AB33798DFA95AA3B,关于提升初中课后服务质量减轻家庭负担的诉求,"领导您好。我家孩子就读初中,学校是公办非重点,离家较远,单程通学时间长。我们夫妻都上班,家庭时间非常紧张,辅导孩子功课精力有限。现在孩子参加了学校的课后服务,我们很支持,但心里也担心:课后服务能不能真正辅导作业、提供多样化内容,让孩子在学校把大部分作业完成,减少回家后的压力。以前经常听说校外补课负担重,现在校外学科培训收缩了,我们也不打算再报班,但更希望学校能把课后服务做好。恳请领导关注我们这类普通公办初中的课后服务质量和作业设计,督促学校加强师资保障,别让课后服务流于形式,让家长安心工作,孩子也能得到有效帮助。谢谢。"
7ABC84BD5E7124C29836C8FFC8FB1D8596BEEABF0BF79B63B21E659F61CF3089,关于提升初中课后服务作业指导质量的诉求,"领导您好,我们是城镇普通公办初中学生的家长。孩子现在上初中,不是毕业年级。我们夫妻都在上班,下班时间比较晚,孩子学校离家又远,单程通学时间不短。以前孩子上过校外学科辅导,现在按政策已经停了,这个暑假也参加了学校课后服务,作业量看起来符合规定,但我们心里还是不踏实。我们家长文化程度不高,晚上回来很难给孩子辅导功课,担心课后服务时间虽然长,但作业答疑和学习方法指导不够细致,孩子基础一般,我们不求拔尖,只希望他别掉队。想请领导督促学校把课后服务的内容再充实一些,加强作业辅导和个别答疑,或者提供一些公益性的线上辅导资源,让停了校外班的孩子在学校里就能得到有效帮助,也减轻我们双职工家庭的负担。谢谢。"
0B7F8EB0390EA5F15E2E0584B9833B6CB99F21BD9A86E5331801491866CCDABA,关于初中课后服务质量和作业辅导的求助,"领导好,我是初中学生家长,孩子就读的学校离家较远,我们两口子都在上班,下班时间晚,家里时间很紧。以前孩子上过校外补习,现在按政策停了,周边补习班也明显减少。这个假期孩子参加了学校课后服务,但开学后我最担心的是课后服务能不能真正把作业辅导好、把孩子看住。我们家长文化程度不高,晚上回家精力有限,如果作业还要带回来,我们很可能辅导不了,孩子学习容易掉队。以前看到邻居家孩子初中补课费一个假期就要好几千,我们经济上能承担,但现在没处补了,就希望学校课后服务能补上这个空缺,每天两个多小时不要只是看管,要实实在在指导作业、答疑解惑。请领导督促学校把课后服务内容安排好、质量提上去,让双职工家庭能安心工作,孩子学习也能跟上。"
AEBB15825A21B2A127D34A1D546ACD4FCBDB8FF05C08DDBFF5AC48BCB535A08A,关于暑假课后服务质量的担忧与建议,"领导好,我家在东北城镇,孩子上初中,学校离得远,我和爱人都上班,家里没有老人帮忙,暑假看护一直是个难题。前几年孩子参加校外学科辅导,费用很高,负担很重。现在学科类培训收缩,我们也已经停止参加,但孩子暑假没人管,学校课后服务虽然参加了,我们担心只是简单看管,不能真正辅导作业、开展有益活动。希望领导能督促学校把假期课后服务做扎实,让双职工家庭的孩子有地方去、有人教,减轻家长负担,也让孩子不因停掉校外培训而耽误学习。"
F610BD304F690CAA1B95BD44EDA16B2CE320240FDE7684749D42DF729B610F7D,关于初中生课后服务与作业指导的诉求,"领导您好。我家住在东北城镇,孩子今年上初中,不是毕业班,就读的是公办学校,学校离家比较远。我和爱人都上班,家里人手少,时间很紧。按照现在的作业要求,孩子书面作业时间看着还可以,但具体每天写多久我们也不清楚。以前孩子校外补课比较多,现在我们响应政策已经停了学科类培训,孩子目前参加学校的课后服务。课后服务说是每天至少两小时,但我们不知道实际内容怎么样,有没有老师真正辅导作业。因为我们下班晚,孩子通学时间又长,课后服务对我们这样的家庭特别重要。如果只是看管,没有作业指导,孩子学业可能会受影响,尤其是没了校外培训之后。希望政府能督促学校把课后服务做扎实,保证作业指导质量,丰富内容,同时继续规范校外培训,防止变相补课。谢谢领导关心。"
D4C38C6B610FEF63EF97A3B73FEE0D8D2099ECCF32A48B178525DEC7ADA9D332,关于乡村小学升学衔接年级作业管理和课后服务的求助,"领导您好,我家孩子正在读小学升学衔接年级,下学期学习很关键。我们住在东部乡村,家里条件一般,我和家人文化程度不高,辅导作业很吃力。学校离家较远,孩子每天在路上要花不少时间。最近我发现孩子这个月的书面作业完成情况没有达到规定的时间要求,虽然不清楚具体原因,但确实让我们很担心,怕影响孩子睡眠和第二天的学习。我们没有给孩子报校外学科培训班,主要依靠学校。现在政策要求学校统筹作业总量、加强校内作业指导,还要求完善课后服务。希望领导能关注我们这边乡村学校的落实情况,督促学校控制书面作业量,提高作业设计质量,让孩子尽量在学校完成作业,同时把课后服务真正开展起来,提供作业辅导,解决我们家长辅导不了的困难。这样孩子回家后能早点休息,我们也能安心一些。谢谢领导。"
0AFBDB3ABE502EAF9F2E155F4BEF85D03AE5364B169AB80047839B92F4157CA0,希望减轻农村升学孩子作业负担并落实课后服务,"领导您好,我是东部农村一名小学家长,孩子正处于升学衔接阶段,秋季开学后学习任务会更重。家里经济条件一般,我和爱人文化程度不高,辅导孩子作业很吃力。这个暑假孩子的书面作业时间超过了规定的一个小时上限,我们很担心长期这样会影响孩子身体和休息。我们村离学校比较远,单程要花不少时间,开学后如果作业还是这么多,孩子放学回来再写,负担会更重。听说现在要求学校统筹作业总量、加强校内指导,还要求完善课后服务,家长可以自愿参加。我们特别希望学校能真正落实这些要求,尤其是课后服务能让孩子在学校把作业尽量完成,减轻我们家长的负担。农村学校资源有限,也请领导多关心,别让好政策落空。恳请领导重视我们农村孩子的实际困难。"
3903E41DFACC37B150ABCAA12799E3C005E1B0344C3C66135B2ED0D8A1A9B83C,关于农村小学生作业负担和课后服务的求助,"领导好!我是东部农村一名小学生家长,孩子正处于升初中衔接年级,成绩在班里靠前。最近一个月,孩子书面作业用时经常超过规定时长,有时写到很晚,我们家长文化不高,辅导很吃力,也担心影响孩子睡眠和身体。学校离家远,接送时间长,我们盼着学校能严格落实作业统筹要求,真正控制好书面作业总量和时长,多布置一些有质量的作业。同时希望乡村学校的课后服务能更实用,让孩子在校完成大部分作业,老师能答疑解惑,而不是简单看管。我们家庭条件一般,校外培训负担重,希望学校课后服务能帮我们解决实际困难,减轻家长压力。请领导多关心农村孩子的上学问题。谢谢!"
1A66821FD294E89E3DC1FA816C2FB603F7120996780CDCDCEBC32AF43A5916F7,关于减轻乡村小学生作业负担和落实课后服务的请求,"领导您好,我是一名东部乡村的小学生家长,孩子正处于升学衔接年级。我家经济条件一般,我本人文化程度不高,辅导孩子功课比较吃力。孩子上学单程时间较长,每天来回很辛苦。最近了解到,孩子本月的书面作业情况未能达到当前年级规定的时长要求,虽然具体原因还不清楚,但作为家长很担心。开学后如果作业继续偏多,孩子睡眠和休息会受影响,我们也没能力额外辅导。现在政策要求学校统筹作业总量、加强校内指导、完善课后服务,我们希望领导能督促学校严格落实这些规定,特别是把课后服务利用起来,让孩子尽量在学校完成作业,减轻家长负担。乡村学校资源有限,也请领导多关注师资和经费保障。谢谢。"
EF2056D769751750F6AFD58A72294BCAC8712FAF306FFA480BAADFF381B7EB62,关于农村小学高年级作业超时和课后辅导的求助,"我是东部农村一名小学生家长,孩子正处在升学衔接年级。这个月孩子的书面作业时间经常超过规定的一小时,有时写到较晚,我们家长文化程度不高,辅导不了。孩子参加了学校课后服务,但作业还是带回家写,负担没减下来。现在外面学科培训班很少,我们家庭条件一般,以前也没给孩子报过,心里更没底。马上春季开学,担心学校为了抓升学衔接继续增加作业。希望领导督促学校真正控制每天书面作业总量,利用课后服务时间多给孩子讲题、辅导作业,别把压力全推给家长,让孩子能睡够觉,也让我们农村家长安心。"
36A3719B8A4D050D53CD3C7AD62FF02B21EFD204D40B900B8DD805C047FE5B28,农村家长反映孩子作业负担和课后服务问题,"领导您好,我是农村一名小学生家长,孩子正处在升学衔接年级。这个月孩子的书面作业情况不符合规定的时长,我们家长很担心。学校提供了课后服务,孩子也参加了,每天在校多待两个多小时,但回家后作业还是不少,感觉课后服务更多是看管,没有真正辅导作业。我们农村离学校远,孩子参加完课后服务再回家天都黑了,路上安全也让人挂心。我们文化程度不高,辅导不了功课,孩子马上要升初中,学习压力更大。希望领导关心一下农村学校,督促学校把课后服务做实,统筹好作业量,让孩子在学校完成大部分作业,减轻家长和孩子的负担,也能有充足的休息时间。"
C743ADAE8719D5D9E707B6AEB2F12C67AC6ACD44E6F0860AB3DF972309978FFF,关于乡村小学课后服务与作业负担的反映,"领导好,我是东部乡村一名小学高年级学生家长,孩子下学期面临升学衔接,我们家庭经济条件一般,自己文化不高,辅导作业力不从心。学校离家较远,孩子每天往返辛苦。本学期学校课后服务每天都开,孩子也参加了,但最近书面作业仍然明显超过规定时长,回家后还要继续写较久,原本睡眠时间还算充足,现在也受到影响。我们理解国家要求控制作业总量、提高课后服务质量,但实际感受是课后服务更多是看管,作业指导和分层辅导不够,孩子回家后压力还是很大。我们担心这样下去影响身体和升学准备。恳请领导督促学校真正落实作业管理和课后服务要求,特别是对乡村学校加强师资和经费保障,让课后服务能帮孩子在校完成大部分作业,减轻家长负担,也让孩子有充足休息时间。"
59BCF37F820DCE2931410AFB15DE0384ABDB6AB43ABA9CA9E9440A59AAC90E2F,关于乡村升学衔接年级作业负担与课后服务的建议,"领导您好,我是东部乡村一名小学生家长,孩子正在读升学衔接年级。家里条件一般,我们文化程度不高,辅导孩子学习比较吃力。孩子每天上学单程时间较长,本学期参加了学校的课后服务。但我发现,孩子这个月的书面作业完成情况没有达到规定的时长要求。我不清楚是学校布置的作业太多,还是孩子自己做得慢,但确实感到孩子负担不轻,担心影响他升学和休息。希望领导能关心我们乡村家庭,帮助核实学校的作业布置情况,同时让课后服务真正发挥作业辅导的作用,减轻家长和孩子的压力。谢谢。"
8254176371E6AC4EC4BF4E24BDD6DD6D378087AF1865216E8A78A92D0AB370FE,关于减轻孩子暑假书面作业负担的诉求,"领导您好。我家孩子在读小学高年级,今年暑假学校布置的书面家庭作业感觉偏多,经常要写一个多小时,超出了规定的时间。我们家长文化水平不高,辅导起来很困难。孩子参加了学校的课后服务,但作业还是不能在课后服务时间里完成。孩子马上要升初中了,我们既担心学习跟不上,又心疼孩子负担太重,影响休息和身体。希望有关部门能督促学校严格落实作业管理要求,控制书面作业总量,提高作业设计质量,多利用课后服务时间进行作业辅导,让孩子能在校内完成大部分作业。谢谢。"
2694011A74CB0AEC6197D2B19DA1B5E7B4D493A1359D82C723F35AED133D6A05,关于农村孩子暑假作业负担和课后服务问题的反映,"领导您好,我是一名农村小学生的家长,孩子今年秋季就要升入初中了。这个暑假,我们发现孩子的书面作业完成时间超过了规定的一小时,我们担心这样下去孩子会负担过重。虽然学校有课后服务,孩子也参加了,但作业辅导方面的效果似乎不太明显。我们家庭条件一般,文化水平也不高,没有能力给孩子额外辅导,现在学科类培训班也很难找,我们更依赖学校。希望领导能重视农村学校作业统筹和课后服务的质量,特别是对即将上初中的孩子,多一些学习上的指导,让孩子能顺利过渡。我们不想让孩子因为作业太多而失去学习兴趣,也不想因为家庭条件影响孩子前途。"
B77C08129503218A60A9B7AAC5C49B56A1D61DC78F566DA65AC3AD1027EEB8F4,乡村小学生作业超时盼减轻负担并落实课后服务,"领导您好,我是一名乡村小学生的家长,孩子马上要升初中了。这个月学校布置的书面作业,孩子回家后经常要写到很晚,超过规定时间,我们看着心疼。家里条件一般,我们文化程度也不高,辅导不了作业。孩子参加了学校的课后服务,但好像没有真正解决作业问题,回家后负担依然很重。而且学校离家远,放学晚,孩子睡觉时间也受影响。希望领导能督促学校严格执行作业时间规定,提高课后服务质量,让老师在校内多指导孩子完成作业,减轻我们农村家长的负担,也别让课后服务增加额外费用。谢谢领导关心。"
461DE8C32711817D13EF703E519E5DD4503FF440FD2FD0F5BCA458F5E3C2DFDC,关于乡村小学升学衔接阶段作业与课后服务的求助,"领导您好,我是东部乡村一名小学生的家长。孩子即将升入初中,现在处于升学衔接的关键时期。最近发现孩子本月的书面作业情况没有达到规定的时间要求,我们担心作业负担过重会影响孩子休息和学习兴趣。虽然孩子参加了学校的课后服务,但每天的作业问题似乎没有完全解决,我们也不清楚课后服务具体提供了哪些帮助。家里经济条件一般,我们家长文化水平不高,辅导孩子作业很吃力,学校又比较远,每天接送也不容易。希望领导能督促学校严格落实作业管理规定,把作业量控制在合理范围内,同时提高课后服务的质量,特别对像我们这样乡村学校的孩子多一些学业上的指导和关心,让孩子能平稳过渡到初中。恳请领导多关心我们家长的难处,谢谢。"
FFE0E2946E6A8AFE24CE28F769AE50D1CD12A7C0C30EBCB3B256728C07A85ECB,关于农村小学生暑假作业和课后服务的反映,"我家孩子在村里小学读升学衔接年级,家里条件一般,我们大人文化程度不高,辅导作业很吃力。这个月学校有课后服务,孩子也参加了,但书面作业情况好像不太符合规定,我们担心作业量偏多,孩子做起来时间长,我们又不清楚具体标准。每天课后服务结束后,孩子可能还要在家写作业,我们心疼但帮不上忙。现在校外学科培训也不好找,我们原本也没给孩子报过班,就盼着学校能把作业管好,利用课后服务时间多指导孩子,减轻我们农村家长的负担。希望领导能关注农村学校落实作业和课后服务要求的情况,督促学校按规定控制作业总量,提高课后服务质量,让孩子能顺利完成升学衔接,我们也安心。"
C1B4BD4C6852BB97ABFF718A707E77EFBF96FC7FDE2074DC11997979C7669F97,关于减轻暑假书面作业负担并加强课后服务的请求,"领导您好,我是一名乡村小学学生的家长,孩子正处在升学衔接年级,成绩在班里靠前。这个月我们发现孩子的书面作业情况没有达到规定的时长要求,我们做家长的又都是初中文化,辅导起来很吃力。家里经济不宽裕,现在外面学科培训班基本都不办了,想找人补课也负担不起。孩子虽然参加了学校的课后服务,但我们感觉作业指导还不够,回家后还是要自己写很久,我们担心影响孩子睡眠和开学后的状态。希望领导能督促学校统筹好作业总量,提高课后服务的作业辅导质量,让孩子在学校就能完成大部分作业,减轻我们家长的负担,也让孩子的休息和升学准备更有保障。"
004C24D582FD69642613DA0ABA6C16970B71632EA70C4B8D1A344ADAF21ED4AE,农村孩子升学衔接作业负担和课后服务问题,"领导好,我是东部乡村一名小学六年级学生家长。孩子马上要升初中,这个暑假参加了学校的课后服务,但我们发现孩子的书面作业情况还是没能符合规定的时长要求,心里很着急。我们家庭条件一般,文化程度也不高,辅导不了孩子,就盼着学校能把作业总量和在校指导抓好。希望上级能督促学校严格落实作业管理,课后服务不要变成变相补课,真正让孩子自愿参加、内容多样,也减轻我们农村家长的经济和接送负担,让孩子能睡够觉,平稳过渡到初中。"
EF12DBA943D17721910B0ADC7B448D49D89DEB5E0F69447FEF1A4FBA779769CF,关于规范乡村小学升学衔接年级作业负担的诉求,"领导您好,我是一名农村小学生的家长,孩子在公办小学读升学衔接年级。家里经济条件一般,我们家长文化程度不高,孩子上学单程比较远。这个月孩子参加了学校的课后服务,但我了解到孩子目前的书面作业情况不符合规定的时长要求。我们很担心开学后作业负担会更重,课后服务也没有真正帮孩子把作业问题解决好。我们家长辅导能力有限,怕影响孩子休息和升学准备。恳请领导关心一下乡村孩子的作业负担,督促学校严格落实作业总量和时长规定,让课后服务真正起到作业辅导和看护的作用。"
0DEF4B3FAC0F126F6E8D7DF1C303EC37E1CC3EC6DD02628C38E8113E13A1635D,关于减轻农村孩子暑假书面作业负担的请求,"孩子今年暑假期间书面作业完成情况感觉不符合小学阶段书面作业平均完成时间原则上不超过60分钟的要求,我们家长很着急。家里住在农村,我和家人文化水平不高,经济条件也一般,没法给孩子辅导作业,也没条件报外面的辅导班。孩子参加了学校组织的课后服务,但在服务时间里作业指导不够,回家还要继续写,经常写到很晚,睡觉都受影响。马上要升入衔接年级,我们既担心学习跟不上,又怕作业负担太重累坏身体。希望领导能督促学校严格落实作业管理规定,控制书面作业总量,利用课后服务时间加强作业辅导,真正减轻农村孩子的负担,保障睡眠,让我们家长安心。"
D571E876774FC6F00558BBC64579D3B4142091252A9EC00CD9DFE5DEC5871B37,关于农村小学高年级书面作业超时和课后服务效果的反映,"领导您好,我是一名农村小学高年级学生的家长,孩子正处于升学衔接阶段。我家在东部农村,家庭经济条件一般,我们文化程度不高,辅导孩子作业很吃力。学校现在开展了课后服务,孩子本月参加了学校课后服务,这本来是个好事,能帮我们解决接送和辅导难题。可是这个月我们发现孩子的书面作业时间明显超过了规定的60分钟,常常要写到很晚才休息。孩子单程上学路程较远,加上课后服务在校时间已经很长,回家再写作业,睡眠时间难以保证。我们担心长期这样会影响孩子身体和学习状态。另外,我们家庭收入不高,也担心课后服务会不会变相收费,增加负担。希望领导能督促学校严格落实作业时长规定,统筹好作业量,提高课后服务质量,让孩子能在校内完成大部分作业,真正减轻农村家长和孩子的负担。"
E70CD2FAC8A3CD2FFD8C0A644CD4534C159C627633BACFC17F39BD1777DE98E2,关于农村升学衔接年级学生作业负担问题的诉求,"领导您好。我是一名东部农村地区小学生的家长,孩子目前处于升学衔接年级,我文化程度不高,但对孩子学习很上心。学校离家较远,单程通学时间不短。这个暑假,孩子按照学校安排参加了课后服务,每天时间也比较长。可是最近发现,孩子每天回家后还需要花不少时间写书面作业,感觉已经超过了有关规定的“书面家庭作业平均完成时间不超过60分钟”的上限。我们担心这样长期下去,孩子睡眠不足,影响身体,也顾不上复习巩固。我们理解学校抓学习的用心,但也希望领导能督促学校严格落实作业减负要求,统筹好课后服务和家庭作业,尽量让孩子在校内完成大部分书面作业,减轻农村孩子因路途远带来的额外负担。谢谢领导。"
14B109687FB760F1D7D88C02D312D344E680E07378FE15D5E9F446AA0AAB785A,关于减轻升学衔接年级作业负担和提升课后服务的请求,"领导您好。我是东部乡村一名小学生的家长,孩子现在读升学衔接年级,在公办学校上学,离家较远,家里经济条件一般。这个月孩子参加了学校的课后服务,但我们还是感觉书面作业时间偏长,可能超过了规定。孩子马上要升初中,我们家长文化程度不高,辅导不了作业;现在学科类培训也少了,我们家庭条件有限,以前也没参加过课外辅导,所以心里很着急。希望领导能关心我们乡村家庭的实际困难,督促学校严格落实作业减负要求,把课后服务真正用起来,多安排老师辅导作业、做好衔接教育,让孩子在学校就能完成大部分作业,我们家长也能安心。谢谢领导。"
E9918EBC6DDFA0E3FE80EFF8BC6D8521B99730E8E06C9110FE3951BFD496D863,关于孩子作业负担和课后服务的建议,"领导好,我是本地一名小学生的家长。孩子今年升入衔接年级,我们家庭经济条件一般,我和孩子爸爸都要上班,每天早出晚归,实在没什么时间辅导学习。这个暑假,我们发现孩子每天花在书面作业上的时间经常超过一个小时,虽然按照规定小学书面作业平均完成时间不应超过60分钟,但实际感觉孩子很吃力。我们文化程度不高,有些题目自己也看不懂,只能干着急。听说现在要求学校统筹作业总量、提高作业设计质量,还要完善课后服务,我们希望学校能真正把这些规定落实到位。开学后,能不能请老师控制好作业量,尽量让孩子在学校课后服务时间里把作业写完,回家能轻松一些?另外,我们家离学校比较远,单程要花不少时间,如果课后服务时间能和家长下班时间接上,我们接送也能方便点。我们不是要求降低学习要求,只是希望孩子不要被机械重复的作业压垮,能有点时间锻炼和休息。谢谢领导关心。"
1B4E2DDBE415DE3CE3187C09B7938FA6F46E3EA2FC1881BE0E9B91BEEC406C94,关于小学生暑假书面作业超时及课后服务需求的求助,"领导您好,我是一名西部城镇小学生的家长,孩子正处在升学衔接年级。这个暑假孩子的书面作业时间超过了规定的一个小时,我们夫妻文化程度不高,辅导起来很吃力,加上双职工下班晚,时间紧张,很难顾上孩子学习。听说现在要求学校统筹作业总量、加强校内作业指导,还要求完善课后服务,希望教育部门能督促学校落实,减少机械书面作业,开学后利用课后服务时间指导孩子在校完成作业,时间上能衔接我们下班,减轻我们中低收入家庭的压力。谢谢领导。"
EBF123EEEAAD94C5308A7C07F36F232A0A0B7F3FE316D8880139EDBEA0A37E6A,"孩子升学衔接期作业负担重,希望领导关注","领导好,我是一名普通家长,孩子正在小学升初中的衔接阶段。我们两口子都在上班,家里条件一般,孩子就读的学校离家比较远,平时接送已经很吃力。这个月我们发现孩子的书面作业情况没有达到规定的时间要求,虽然不清楚具体原因,但作为家长很担心。现在都要求学校统筹作业总量、加强指导,可我们感觉孩子压力还是不小。马上要上初中了,我们更怕初中作业更多、学校更远,课后服务能不能真正帮到我们这样的家庭,心里没底。我们也没钱给孩子报外面的补习班,只希望孩子能睡够觉、慢慢进步。恳请领导督促学校把作业管理和课后服务落到实处,也考虑一下我们普通家庭的实际困难,让孩子能就近上学、安心学习。谢谢领导。"
9A38144BA88BFB287304982ADAF0AE022CC79FD4E4682CE7BCAB4C7A8313C5C5,关于小学升学衔接阶段作业负担与课后服务的求助,"领导您好。我家孩子正在读小学升学衔接年级,学校离家较远,我们夫妻俩都要上班,家里没人专门辅导。这个月孩子的书面作业情况没有达到规定的时间要求,我们担心孩子长期这样会影响休息和身体。我们文化程度不高,辅导起来很吃力,经济条件也一般,没办法给孩子报很多班。听说现在要求学校统筹作业总量,还要完善课后服务,我们希望领导能督促学校真正把作业量控制住,最好能在课后服务时间里让孩子在校完成一部分作业,这样既能减轻我们的接送和辅导压力,也能让孩子有充足的睡眠。另外孩子马上要升初中了,心里也担心入学的事情,希望能有更清楚的政策说明。谢谢领导。"
8A17909F089832821988329D73D56760752D4E72BD368FAB893A0BE376BE3994,建议加强毕业班课后服务学业辅导,"领导好,我家孩子正在上毕业班,马上要升初中了。我们两口子文化不高,都在打工,每天下班晚,路上接送孩子也要花很长时间,确实没精力也没能力辅导功课。孩子参加了学校的课后服务,这减轻了我们一些负担,但我们心里还是发愁:课后服务时间虽然长,但不知道能不能针对毕业班孩子多安排一些语数外的复习和衔接辅导,老师能不能多给答疑。我们以前也没条件让孩子上培训班,现在外面的学科培训班也不像以前好找了,想给孩子额外补补都没有门路。希望领导能关注我们这类家庭,督促学校在课后服务里加强学业指导,或者提供一些公益性的学习资源和辅导渠道,让孩子顺利度过小升初这个阶段。"
C19E7F0131D959EAE3B08817E00A3C48BBF752F4409162C1DC308C65290C619C,请求规范小升初招生并做好课后服务衔接,"领导好!我家孩子今年小学升初中,我们夫妻都在上班,文化程度不高,平时辅导不了作业。学校离家比较远,单程路上时间长,家里又没老人帮忙接送,每天最发愁的就是孩子放学早、我们下班晚。这个月孩子参加了学校课后服务,确实帮了大忙,至少不用急着请假接人。马上就开学了,听说升学季有些学校会搞提前考试、变相掐尖,我们普通家庭既没门路也没钱上培训班,孩子只能靠自己,更怕耽误了正常入学机会。想请领导督促教育部门严格执行就近入学政策,规范招生秩序,别让家长孩子到处奔波考试。同时希望能把课后服务继续做好,时间上尽量衔接我们下班,内容上多安排老师辅导作业,让孩子在学校把作业写完,回家能早点休息。我们就是希望孩子能在家门口安安稳稳上个学,请领导费心!"
7C1509855A9C83BAE39A914DEA4BA768D676463486AE9C7FFED202E2C0A8F389,关于提升小学升学衔接年级课后服务质量的请求,"领导您好,我家孩子在西部城镇一所公办小学读升学衔接年级,我和孩子爸爸都在打工,文化程度不高,家里老人也帮不上忙。学校离家远,单程要很久,现在孩子每天参加课后服务,我们很感谢,但也担心课后服务只是看着孩子写作业,没有针对升学的辅导。我们家庭经济不宽裕,外面学科培训又少又贵,孩子以前也没上过,现在更指望学校能多教一点。孩子作业虽然时间合规,但我们辅导不了,怕他基础跟不上,以后升学吃亏。希望领导能督促学校把课后服务做实,增加一些学业辅导和升学衔接内容,也考虑一下我们这样非重点学校孩子的实际困难,别让课后服务流于形式。望领导给予考虑为谢。"
3E3FDE29BB14A9BE238DC2178D110BB76350A217AE7F1781370B5F19E961F74F,关于升学衔接阶段课后服务与学业支持的建议,"领导您好!我是西部城镇一名小学生的家长,孩子目前处在升学衔接年级。我们家庭条件一般,我和孩子妈妈都要工作,每天时间很紧,学校离家也比较远。现在孩子参加了学校的课后服务,书面作业时间也基本符合规定,这让我们稍微轻松了一些。但我还是担心:孩子马上要升入初中,现在校外学科培训管得严,我们经济条件有限,找不到合适的补习资源;学校的课后服务虽然时间有保障,但不知道能不能针对升学衔接提供有效的辅导和拓展。我们家长文化水平不高,辅导不了孩子,特别怕孩子在这个阶段掉队。希望政府能多帮帮我们这样的普通家庭,比如加强课后服务的质量监管,多安排一些免费的升学衔接课程或学习方法指导,同时在入学划片上考虑我们住得远的实际困难,让孩子上初中能就近一些,接送方便些。谢谢领导!"
F03F128026419FD1FDB9DD9CEEE257177548320BA1436929BA64028B8ADF9AFB,关于课后服务时间与家庭接送困难的求助,"我是一名小学生的家长,孩子即将升入高年级。我们家在城镇,夫妻俩都在上班,家里没有其他大人能帮着接送,经济条件也一般。学校离得远,单程要花不少时间。暑假里学校提供了课后服务,孩子参加了,这确实帮了我们大忙。但我们下班时间晚,课后服务结束后孩子怎么回家、谁去接,成了我们每天最头疼的事。另外,我们文化程度不高,辅导孩子作业很吃力。希望政府能关注我们这样的家庭,协调学校适当延长课后服务时间,或者提供延时看护,最好能让孩子在学校把作业做完,有老师指导一下。现在外面培训班少了,我们更希望学校课后服务能加强学业辅导,免得孩子学习掉队。谢谢。"
D9836D5F703D1208C9C867015B66F0D4C636F8CA9B4C927B8A15CE615BF7FCD7,关于孩子升初中就近入学和课后服务的求助,"领导好。我家住西部城镇,孩子现在升学衔接年级,马上要升初中。我们夫妻都在打工,家里老人帮不上忙,经济条件也一般,每天接送时间很紧。现在孩子单程上学就要花不少时间,最怕初中被划到更远的学校,孩子自己上下学要转车,路上不安全,我们也接不上。这个暑假孩子参加了学校的课后服务,有老师看着写作业、开展活动,我们下班去接正好能衔接上,确实解决了大问题。希望领导在安排初中入学时尽量考虑实际居住地,让孩子就近入学,也请督促初中学校把课后服务做好、时间衔接好,让我们这种双职工家庭能安心工作。谢谢领导。"
498592B3C41D7465CAE3430032E181911AA78967AF3C2A1E5ADEF84436C22D37,关于帮助解决升学衔接年级课后学习和接送难题的请求,"领导您好,我是西部一个城镇的家长,孩子正在上小学升学衔接年级,就读的是公办普通学校。我们两口子都在上班,家里经济条件一般,文化水平也不高,每天接送孩子单程就得很长时间。这个暑假孩子参加了学校课后服务,我们很感激,但心里还是不踏实。现在校外学科培训少了,像我们这样没条件补课的家庭,更盼着学校课后服务能实实在在帮孩子做好衔接。希望开学后学校能继续把课后服务安排好,特别是放学时间能和我们下班时间接上,内容上多加强作业辅导和基础知识巩固,别只是看管。孩子睡眠一直比较充足,我们也希望课后服务别变相增加负担,能让孩子在学校就把作业完成,回家能早点休息。恳请领导关注我们这类普通家庭的实际困难,督促学校把课后服务做得更细更实。"
1CDD12EC747B34845C1872918FFF3A92800A1926444E75F82E89FC2D3885E811,关于升学衔接阶段就近入学和课后服务保障的诉求,"领导您好,我是西部一个城镇的普通家长,孩子正在上小学,马上要升入衔接年级。我们两口子都在上班,家里人手少,经济条件一般,我们文化程度都不高,辅导孩子学习很吃力。现在孩子上学单程时间就比较长,每天接送已经很不容易。暑假期间学校提供了课后服务,我们让孩子参加了,确实解决了部分看护问题。但开学以后,孩子升入衔接年级,我们心里很没底:一是担心升初中后划片学校离家远,接送和辅导更难;二是不知道课后服务能不能延续,时间上能不能和我们的下班时间衔接,内容上能不能有老师辅导作业,而不只是看管。我们希望领导能考虑我们这样的家庭实际困难,在入学划片、课后服务安排上给予照顾,让孩子能就近入学,课后服务能真正帮到孩子学习,减轻家长负担。恳请领导关心。"
C8DDBCACB84510719FF11DB28D244741CB6810FC74F1B140D6492DF1B0A8289B,"希望加强学校课后服务,帮双职工家庭孩子衔接升学","领导好。我家在西部城镇,夫妻两人都在上班,家里老人帮不上,经济条件也一般,以前没给孩子报过校外学科班。孩子今年是升学衔接年级,平时上学单程远,暑假最发愁的就是白天没人管。这个月学校提供课后服务,我们让孩子参加了,解决了看护难题。但我们文化水平不高,下班后时间很紧,辅导功课很吃力。现在校外学科培训少了,我们更依赖学校。希望政府能督促学校把课后服务做实,不要只是看管,特别是对升学衔接的孩子,能安排老师指导作业、巩固基础、讲讲学习方法,让孩子顺利过渡。也请保障课后服务的师资和内容质量,让我们这样的家庭能安心。"
799B75F6D9603BD0902C5EE86112BD9788BEFAD451905FE4BE8A3C9FB676DEC3,关于小升初划片与课后服务衔接的诉求,"尊敬的领导:我是西部城镇一名小学生的家长,孩子正处在升学衔接阶段。我们夫妻都在上班,家里人手少,学校离家又比较远,每天接送和辅导都很吃力。这个暑假孩子参加了学校课后服务,我们暂时能喘口气,但心里不踏实,担心开学后课后服务不能稳定衔接,也怕内容只看着孩子写作业,对衔接年级的学习帮助有限。另外,看到周围小升初家庭经常为孩子参加选拔考试、打听划片范围而焦虑,我们经济条件一般,没给孩子报过校外培训班,很怕信息不透明让孩子吃亏。希望领导督促教育部门把课后服务真正落实到位,保证自愿参加、时间能对接家长下班,同时提前公开小升初划片和入学办法,坚持免试就近入学,让我们这些普通家庭少一些奔波和焦虑。谢谢。"
BAE2A43159EFA4CF166F581FD9B6FC3E572B03F58C598152E063BAD6A04318E5,关于升学衔接期就近入学和课后服务保障的诉求,"领导您好!我是西部城镇一名小学生的家长,夫妻双方都在上班,文化程度不高,家里经济条件一般,孩子平时上学单程比较远,接送很不方便。孩子今年面临升学衔接,暑假过后可能要到新的学校就读,我们担心新学校离家更远,下班时间又不固定,孩子放学后没人接、没人管。我们家没有条件给孩子报校外培训班,孩子以前也没参加过学科类培训,现在更依赖学校提供的课后服务。恳请领导考虑我们这类双职工、低学历、经济紧张家庭的现实困难,在入学安排上尽量体现就近原则,减少通学负担,同时督促学校把课后服务真正做实,解决放学后看护和作业辅导问题,让我们能安心工作,孩子也能平稳度过升学衔接期。"
2D3583AB4E5BE56F00391764D938779EAB41858C722913D4FB1490D41E1E0C24,关于完善暑期课后服务和小升初衔接辅导的诉求,"尊敬的领导:我是西部城镇一名学生家长。家里经济条件一般,我和孩子妈妈都要上班,照看孩子时间很紧。孩子今年小学毕业,马上要升初中,我们文化程度不高,辅导不了。以前没条件上培训班,现在外面学科培训也少了,更不知道找谁辅导。这个暑假学校有课后服务,孩子也参加了,但我们不太清楚具体内容,担心只是简单看管,缺少针对初中学习的衔接指导。孩子学校离家比较远,单程通学时间长,接送很吃力。希望政府能督促学校把课后服务做得更实,利用假期和开学后课后时间,增加小升初衔接辅导、学习方法和兴趣活动,同时考虑双职工家庭接送难,优化服务时间或提供便利。孩子是全家的希望,恳请领导关注。"
729A7CE89D940AD5EEDD0F74140AE46975EB5C6E108D0D7E97761A4D2928503E,关于丰富学校课后服务内容并延长看护时间的请求,"领导好,我是西部城镇一名小学生家长。我们两口子都在上班,孩子上小学,学校离家比较远,每天通学时间不短。这个暑假学校有课后服务,我们让孩子参加了,确实解决了白天没人看管的大问题。但课后服务放学时间比我们下班时间早,家里人手又少,接孩子还是得经常请假,或者托邻居帮忙。另外,孩子马上要升高年级了,我们文化程度不高,晚上回家也辅导不了作业。课后服务目前感觉主要是看护,作业辅导和兴趣活动安排得不多。我们家经济条件一般,以前也没给孩子报过学科培训班,现在就盼着学校课后服务能更实在一些。希望领导能督促学校丰富课后服务内容,安排老师多辅导作业、帮孩子巩固基础,同时结合实际延长看护时间或提供弹性接送,让双职工家庭真正能上班、接娃两不误。"
DAD13C0DEAF5EF827A2E8C0120391D169CBD8D7CBDAB0359FFCAC12123E9E418,请帮助解决升学衔接阶段课后辅导与接送难题,"领导好,我是一名小学生的家长,孩子正处在升学衔接年级,马上要升初中。我们两口子都在打工,文化程度不高,家里经济条件一般,没有能力给孩子另外找辅导,自己辅导也力不从心。孩子平时上学单程通学时间比较长,我们下班时间又紧,接送和照管一直很吃力。这个暑假孩子参加了学校的课后服务,我们很感激,但也担心课后服务主要只是看管,缺少针对性的作业辅导和升学衔接内容。孩子基础不算突出,如果新学期课后服务不能真正帮助孩子巩固知识、做好小升初准备,像我们这样的家庭很难再找到其他办法,孩子可能一开始就落下。希望领导能关注像我们这样的普通家庭,督促学校把课后服务做实一些,在自愿参加的基础上,根据孩子需要安排作业指导和衔接辅导,时间上也尽量和我们下班时间衔接好,减轻接送负担。谢谢领导。"
77E525000D8B625354EB1594B964F02ADFCBBEA2CEDBBA21EFB3530494E76AB1,关于小升初就近入学和课后服务的求助,"领导您好!我是一个普通家长,孩子正处于升初中的衔接阶段。我们住在城镇,但孩子现在上学单程时间比较长,我和孩子爸爸都要上班,每天接送很吃力。马上要开学了,我们很担心初中学校如果还像小学一样离家远,我们实在没办法按时接送,孩子自己上下学也不安全。我们家经济条件一般,以前也没给孩子报过校外培训班,现在外面学科培训也少了,我们更希望学校能把课后服务做好,让孩子在学校就能得到老师辅导,把基础打牢。孩子暑假参加了学校的课后服务,我们觉得心里踏实。恳请领导在初中入学划片时能考虑我们这类双职工家庭的接送困难,尽量安排孩子就近入学,同时让初中学校也提供课后服务,解决我们的后顾之忧。谢谢领导!"
9E0A89BB95FCFAA4123754DD53F4294ED37A1C1A65252ABE505613522BDF8E75,关于升学衔接阶段课后服务加强学业辅导的请求,"尊敬的领导:我家孩子今年处在升学衔接阶段,我们两口子都有工作,平时时间紧,文化水平也有限,辅导孩子作业很吃力。孩子现在参加学校的课后服务,但我们担心课后服务更多是看护,学业辅导不够。我们家庭条件一般,之前也没给孩子报过学科培训班,现在更不知道怎么帮孩子做好升学准备,就怕升入初中后跟不上。希望政府能督促学校把课后服务做扎实,特别是对我们这样的家庭,在升学衔接年级增加一些作业辅导、学习习惯培养和学科衔接指导,让孩子在学校里能多解决一些学习问题,也减轻我们家长的压力。另外,孩子上学路程比较远,希望今后在入学划片或交通保障上能考虑实际困难,尽量方便孩子上下学。麻烦领导关心。"
16A4E336D2E5B5D1431ED85AEA204728A2B6545974519EA2552D201D2C7F733A,希望新学期学校课后服务能真正落实,"我家孩子上小学,家里经济条件一般,大人文化水平也不高,开学后孩子下午放学早,我们上班没法接,也没能力辅导作业。听说现在要求学校完善课后服务,自愿参加、时间衔接,还能有作业指导和其他活动,我们非常需要。希望领导能督促学校在新学期把课后服务做到位,真正帮我们解决接送和辅导难题,最好对困难家庭能减免费用。同时也请继续控制好书面作业总量,别让孩子把作业都带回家,我们实在辅导不了。"
8BAFC95776931CDCBEB4D7EB83780C86180353652A83D84514E701A4076A0529,希望课后服务能真正帮家长减轻辅导压力,"领导好,我是一名小学生家长。家里经济条件不好,我和孩子妈文化程度都不高,辅导孩子学习很吃力。现在孩子作业时间不算长,但很多题我们也不会教,只能干着急。以前学校有时让家长打印材料、检查作业,我们做起来很困难。现在听说学校要开展课后服务,希望能真正由老师在学校指导孩子完成作业,给我们这样的家庭减轻压力,不要流于形式或变相收费。也请教育部门多督促学校,别再把辅导任务推给家长。谢谢。"
8D2CD232E898DA46695A8C77CF2ACCA76F723175BEA5C7D8C268E60D921764D4,希望课后服务能真正减轻家长辅导负担,"我是小学家长,家里经济条件一般,我们文化程度也不高,辅导孩子作业很吃力。现在学校提倡课后服务,我们很希望孩子放学后能在学校把作业写完,有老师指导,回家不用我们再硬着头皮教。但我们也担心学校和老师会变相强制参加、收费,或者课后服务只是看管,不辅导作业。另外,以前总听说有学校给家长布置打印、填表、批改作业的任务,我们实在应付不来。希望领导能督促学校真正落实自愿、免费的课后服务,加强作业指导,别把作业压力转给家长,让我们这样的普通家庭也能安心。"
0AB500DF1E30D90B9AFA7E6952C0A10BEE587D88D0424EEE8203868C07D81495,希望新学期学校落实作业管理并办好课后服务,"领导您好,我是一名小学生的家长。我家孩子读的是公办非重点小学,家里经济条件一般,我本人文化程度不高,辅导孩子学习比较吃力。马上要开学了,看到现在要求学校统筹作业总量、加强校内指导,我们很希望学校能真正落实。我担心开学后作业量控制不好,孩子写作业时间变长,我又不会辅导,只能干着急。请教育部门督促学校按规范布置作业,尽量在学校里指导孩子完成,别把辅导压力推给家长。另外,课后服务我们也想让孩子参加,希望能自愿选择,内容丰富一点,最好能帮助辅导作业,不要变成变相补课或者强制收费。我们普通家庭不容易,希望政策能照顾到我们这样的孩子和家长。"
087533BBD0359CA9AD9E56C250186012E55496AE7C8C215E6EC07E252D7939DE,关于学校课后服务质量和收费问题的诉求,"我是小学孩子的家长,家庭经济条件比较困难,我们两口子文化程度也不高,辅导孩子作业很吃力。这个月孩子参加了学校课后服务,听说政策要求每天不少于两小时,我们很支持,但心里也担心课后服务只是把孩子集中看管,老师不真正辅导作业、不讲题,那对我们这种自己教不了的家庭帮助有限。现在校外学科培训班少了很多,我们以前也没条件上培训班,以后更指望学校能多管一些。希望领导督促学校把课后服务做扎实,安排老师认真答疑辅导,最好还能有点兴趣活动,同时考虑我们困难家庭实际情况,对课后服务费用给予减免或补助,别让好事变成新的负担。"
50D29CB8DC6AF221BB494D7978336C793F84DBD366E941E2754F47B93388096D,"希望学校课后服务能真正辅导孩子作业,减轻家长负担","领导好,我家孩子上小学,家庭条件一般,我们两口子文化水平也不高。这个月孩子参加了学校的课后服务,听说现在要求学校提供作业辅导和多样活动,但我们很担心课后服务只是看着孩子,没有真正帮忙辅导作业。我们家长辅导作业很吃力,外面培训班又贵,希望学校能在课后服务里安排老师认真指导孩子完成作业,多开展一些兴趣活动,不要流于形式。另外,也希望学校少给家长布置打印、打卡之类的额外任务,让我们能安心工作。恳请领导重视农村和城镇普通家庭的实际困难,督促学校把课后服务做好,真正减轻家长负担。"
59B139382DF24A4FFF77965248DAD58CD4C07FDCA30FB7594A47F0715B5F033F,希望加强学校课后服务质量监管,"领导好,我是一名小学生家长,家里条件一般,我和孩子妈妈文化不高,辅导作业很吃力。现在学校课后服务每天都有,孩子也参加了,但我们心里没底。政策说课后服务要自愿、内容多样,还要有老师指导作业。我们就怕最后变成只是把孩子圈在教室里,老师不管,或者变着法子收钱。孩子作业现在看起来没超过规定时间,但我们不知道是不是在学校已经完成了,还是回家还要我们弄。我们希望上级能盯着学校把课后服务做实,让老师真正辅导孩子写作业、开展一些活动,不要加重我们家长的负担,也不要让我们另外交钱。我们文化低,就盼着孩子在学校能把学习弄好点,将来能上个职高技校也好。谢谢领导。"
6A4B5C570B19D461123613497E69F23A44139005F25706CDE6A7050E9CC7E9C5,关于提升小学课后服务质量帮助困难家庭的建议,"领导您好,我是中部地区一名小学生的家长。家里经济条件比较困难,我和孩子妈妈都是初中文化,辅导孩子作业非常吃力。现在学校有课后服务,孩子也参加了,但我们不清楚具体内容,担心只是把孩子集中看管,没有真正辅导学习。现在校外学科培训少了,我们也负担不起,希望学校能承担更多教育责任。恳请教育部门关注课后服务质量,督促学校加强作业辅导,多开展一些兴趣活动,让我们这样的家庭也能安心。谢谢!"
751ACF9D5051CD3BC88E9E612FD54CFB38273E034568B137A3B5D12839CE9EE8,希望课后服务能减轻家庭负担并提高辅导质量,"领导您好,我是一名小学生家长。家里经济条件不大好,我和爱人文化程度不高,辅导孩子作业有些吃力。现在孩子在学校参加课后服务,每天能有两个小时左右,我们挺感激。但心里也担忧:一是怕课后服务以后要收费,我们这样的家庭承担不起;二是希望课后服务不只是看管,能真正有老师指导孩子完成作业、解答问题,别让孩子把作业带回家。孩子目前作业时间都在规定范围内,睡眠也够,希望学校继续控制好作业量,别增加压力。也请政府多支持学校配足师资、保障经费,让课后服务能长期稳定办下去,真正帮到我们这样的普通家庭。"
6738B2847AAA7A41BCF81D43D79708DC7F35011DEECE945921855269B85FDF00,关于暑期课后服务有效落实的诉求,"领导好,我是一名小学生家长,家在县城,家庭条件一般,我们两口子文化不高,平时辅导孩子作业很吃力。这个暑假学校有课后服务,孩子每天都去,说是每周五天、每天至少两小时。我们很感激有这个安排,能让孩子有个去处。但我们也担心,课后服务会不会只是把孩子集中在一起,没有真正辅导作业、开展活动?尤其我们家没有额外上过培训班,孩子学习主要靠学校。希望领导能督促学校把暑假课后服务做实,多安排老师答疑、阅读、体育等活动,不要变相给家长布置任务,也不要只让孩子干坐着。我们要求不高,就盼孩子在学校能被公平对待,作业有人指导,安全有保障,这样我们家长也能安心。"
59AEBF8004D2EDD522F6A43B74E1CB689D41DE4462743636A02EAD8673249599,关于提高学校课后服务质量减轻家长负担的诉求,"领导好,我是本地一名小学生的家长。家里经济条件不好,我和孩子妈妈文化不高,辅导不了孩子作业,也没钱报外面的补习班。现在放暑假,孩子在学校参加课后服务,每天时间不短,但我们担心学校只是把孩子集中看管,没有老师真正辅导学习、组织活动。学校老师本来负担就重,又是普通公办学校,课后服务会不会流于形式?另外,希望学校不要给家长布置太多填表、打印之类的任务,我们确实应付不来。孩子睡眠还可以,但学习上我们帮不上忙,希望课后服务能加强作业指导,让孩子在校完成大部分作业,减少回家后的负担,也帮我们这样的家庭解决实际困难。恳请领导重视,督促学校把课后服务做实做好。"
78813EE4FE64852DBE4CC335C55AD08AE83BC0FFC4C487C45A6AC4521DC43A8E,关于提升小学课后服务作业指导质量的诉求,"领导您好!我家孩子正在上小学,家庭条件一般,我们家长文化水平有限,辅导作业比较吃力。这个月孩子在学校参加课后服务,按现在的政策,课后服务应该有作业指导和丰富内容。但我们担心学校课后服务只是看管,作业辅导不到位,孩子回家后我们也没能力教。希望领导能督促学校真正落实课后服务中的作业指导,让老师在校内帮助孩子完成作业、解决难题,别把辅导压力都留给家长。尤其是我们这样经济条件不好、家长学历不高的家庭,更需要学校多承担一些。谢谢领导。"
09B9B2AEEAD8B17E0F03050E143DE269BFFC56CDBD1877A60A4F37C24AD734C8,关于学校课后服务加强作业辅导的请求,"领导您好,我家孩子正在上小学,家庭条件一般,我和家人文化程度不高,辅导孩子作业很吃力。现在孩子参加了学校课后服务,但不知道具体情况。听说现在要求学校统筹作业总量,孩子作业时间不多,我们希望课后服务不只是看着孩子,而是能安排老师帮助孩子完成作业、讲解不会的题目,这样回家就不用我们费劲辅导了。另外孩子没有上过校外培训班,现在学科类培训也不好找,我们更担心孩子学习跟不上。希望领导能督促学校把课后服务利用好,让孩子在校内把学习问题解决掉,同时也能有些兴趣活动,别让孩子干坐着。谢谢。"
5427278EC37149C40011682EF87BC4FA5241355BF38D8C7626B5D3BFDE7DF4C8,希望新学期课后服务能真正辅导孩子作业,"领导好,我是小学家长。家里条件一般,我们两口子文化程度不高,辅导孩子学习很吃力。孩子一直在学校参加课后服务,但说实话就是看着写作业,不会的题还是带回来,我们也不会教。马上要开学了,心里很着急。希望上级能督促学校把课后服务时间真正用在作业辅导和兴趣活动上,老师能多指导孩子完成书面作业,别让低年级孩子把难题留回家。另外也担心学校给家长布置一些填表、打印任务,我们配合没问题,但别影响正常生活。课后服务是自愿参加,希望能坚持,别变相补课,孩子负担小一点。"
6DAE9498B3E1E927F1863E7D36B6B0788A3DA9609546F3A17DE0D83D7D1E44F9,希望学校课后服务能真正帮到普通家庭,"领导好,我是小学家长,家里条件一般,我们两口子文化程度不高,辅导孩子作业很吃力。现在暑假孩子在学校参加课后服务,我们很需要学校把这段时间用好。希望课后服务不要只是把孩子集中看管,能安排老师指导完成作业,开展一些阅读、体育、兴趣活动,让孩子有收获,也减轻家长压力。也希望收费公开合理,不要变相增加家庭负担。另外,孩子书面作业现在时间不长,但我们担心开学后作业辅导又变成家长的任务。请领导督促学校把课后服务做实做细,让普通家庭真正受益。"
7EAF55A7C2BF65E40E52257D77A67BEE5BEB33B5FB5C81520FD8DE36D7B324E9,关于提升学校课后服务质量、减轻低收入家庭辅导负担的建议,"各位领导好。我是中部城镇一名小学生的家长,家里经济条件一般,我们两口子文化水平不高,辅导孩子作业确实吃力。今年暑假孩子参加了学校课后服务,我们很高兴,但心里也有些不踏实,担心课后服务只是把孩子看住,作业辅导和兴趣活动跟不上。政策上要求学校统筹作业总量、加强校内指导,课后服务也强调内容多样、自愿参加,我们特别希望能真正落实。尤其像我们这样的家庭,经济上没办法给孩子报课外班,孩子学习主要靠学校。希望领导能督促学校把课后服务做实,多安排老师辅导作业、组织一些适合孩子的活动,别让家长文化水平低成为孩子进步的阻碍。也请关注学校有没有把作业辅导转嫁给家长的情况。谢谢领导。"
2B91B5AE8B7100DA8AA2E7E9867A80035DCBAFFEA27C22B86C4AA2FA0616784C,"希望学校课后服务能加强作业辅导,减轻家长负担","领导您好,我是一名小学生家长。家里条件一般,我们两口子文化水平不高,辅导孩子作业很吃力。现在学科类培训班少了,我们本来也没上过,但更担心孩子学习跟不上。学校现在有课后服务,孩子也参加了,但我们不太清楚老师是认真辅导作业还是只是看着孩子。我们最希望课后服务能把作业辅导做实,让孩子在学校就把作业写完,有不会的题能问老师,这样回家我们就不用干着急了。另外也希望能有一些兴趣活动,让孩子多学点东西,不用花钱去外面学。请领导督促学校把课后服务利用好,真正帮到我们这样的家庭。"
32C54255BB26BBC4CEA84F9CAD0082BFB4B258A7BC8560DE613281AD2957571E,关于提高学校课后服务实效、减轻家长辅导负担的诉求,"领导好,我是中部地区一名小学生的家长。家里经济条件一般,我和孩子妈妈文化水平都不高,辅导孩子功课很吃力。这个暑假孩子参加了学校的课后服务,我们本来指望学校能帮着辅导作业、让孩子多学点东西,但现在有点担心课后服务只是把孩子集中看管,没有真正解决作业辅导和兴趣培养的问题。我们家长能力有限,外面培训班又贵,孩子如果课后服务学不到东西,回家我们也不会教,时间长了怕孩子跟不上。希望领导能督促学校把课后服务做实,安排老师认真辅导作业,多开展一些适合孩子的活动,不要额外增加收费,也不要布置一些需要家长完成的打卡、手抄报等任务。我们相信政府,希望孩子在学校能真正得到帮助。"
2F8E716A6B90579483AC4511A410A4FFC54E6B57189D38887AA0771CAD218BD3,希望学校课后服务能真正帮到我们这样的家庭,"领导好。我家孩子上小学,家里经济条件不好,大人文化水平也低,辅导作业很吃力。现在孩子暑假也参加了学校的课后服务,我们很高兴,但最担心课后服务只是看着孩子,没有老师真正辅导作业、教点东西。我们没条件送孩子去外面培训班,就指望学校能把孩子管好、教好。希望教育部门能督促学校把课后服务办好,多安排老师辅导作业,开展一些兴趣活动,不要额外再给家长布置打印、打卡之类的任务。我们家长能力有限,但希望孩子至少能读到高中或者职高,有个出路。谢谢领导。"
B964BA69452370292CD0FF35CE01148A77BD44DEB86DFC01239430866A5A6E54,关于提升课后服务作业辅导质量的请求,"领导您好,我是一名小学生家长。孩子就读公办小学,家里条件一般,我自己文化程度不高,辅导孩子作业越来越吃力。现在学校有课后服务,孩子也参加了,我们很希望学校能利用这段时间真正帮孩子把作业辅导好、把不会的讲明白。政策要求学校加强作业指导、丰富课后服务内容,但我们普通家长看不到具体执行情况,担心课后服务只是看着孩子写作业,没有实质辅导。另外,家里经济不宽裕,也没法给孩子报课外班,更依赖学校支持。希望教育部门能加强对学校课后服务的管理和监督,特别是作业辅导质量,定期了解我们家长的反馈,同时明确课后服务不向家长变相收费,不把辅导任务推给家长。谢谢领导。"
19C134AD27B8C287FEC4255CECFBAE911BDC52E221ED3278CC531064C9D45CF2,关于小学生暑假书面作业负担重及课后辅导需求的留言,"领导您好,我是一名西部地区城镇小学生的家长。家里经济条件一般,我们两口子都在上班,文化程度也不高。这个暑假,孩子的书面作业明显偏多,经常要花很长时间,我们感觉已经超过了国家规定的每天60分钟。看着孩子写作业很晚,我们既心疼又帮不上忙,心里很着急。我们听说现在要求学校统筹作业总量、提高作业质量,还要加强课后服务,希望学校能真正落实这些要求,减少机械重复的作业,多布置一些有意思、能提高能力的作业。同时,我们夫妻白天都要工作,暑假孩子在家没人辅导作业,开学后放学也早,我们接孩子和辅导作业都很困难。恳请领导关注我们这样的普通家庭,督促学校把课后服务做实,最好能提供作业辅导和丰富的活动,让孩子在学校就能完成大部分作业,我们家长也能安心工作。另外,我们原来就没怎么给孩子报学科培训班,现在校外培训管得严,我们更希望学校能提供好的校内辅导,让孩子不掉队。谢谢领导。"
1F1280C3E5F6F6D47FE6D5080FEA7AA54B7E3A8099741E3C011D4F8077082B4E,关于孩子假期书面作业超时盼落实作业管理规定的诉求,"我是一名小学生的家长,家里两口子都在上班,老人没在身边,孩子暑假基本自己在家写作业。最近发现孩子的书面作业时间明显超过了规定的小学生作业时长,我们文化程度不高,辅导很吃力,经济条件也一般,不想额外增加校外培训负担。希望教育局能督促学校合理统筹假期和开学后的作业总量,提高作业设计质量,加强校内作业指导,并利用好课后服务时间,让孩子尽量在学校完成作业,减轻家长压力。我们担心开学后作业负担继续加重,影响孩子睡眠和身心健康。恳请领导关注并协调解决。"
F1D95CC3C8FA0B60B2ACFF9A9C8DD951263C3B621E3C16ED15A5527E99BDF013,关于减轻小学生暑假书面作业负担的请求,"领导您好,我是一名小学生的家长。这个暑假学校布置的书面作业感觉偏多,孩子每天都要花超过一个小时才能完成,已经超过了规定的六十分钟。我们两口子都在打工,文化程度不高,也没有太多时间辅导,孩子经常做到很晚,睡眠时间都不够了。希望学校能按照新要求统筹好作业总量和设计质量,少布置机械重复的抄写,多给孩子一些休息和锻炼的时间。开学后也希望能有课后服务,让孩子在学校就能完成大部分作业,减轻我们家长的负担。"
6B5A262AAB1FBA2214730A71B5362ED68A568C83D3E95C718940C1F89564EB7E,关于小学书面作业时长与课后服务的反映,"领导您好,我是西部城镇一名小学生家长。孩子就读公办重点示范小学,我们夫妻都在工作,家里能照看孩子的人少。最近看到政策要求小学书面作业平均完成时间不超过60分钟,学校也要统筹作业并完善课后服务,但我们了解到孩子本月书面作业情况未符合这个时长规范,很担心开学后作业负担加重,影响孩子睡眠和休息。我们家庭经济条件一般,家长文化程度不高,辅导能力有限,希望教育部门能够核查该校作业管理情况,督促学校真正落实作业减负要求,同时把课后服务组织好,让孩子能在校内完成一部分作业,减轻家长照护和辅导压力。谢谢。"
2020DC75F911642463CE330E0A5B75437E51BA085CC6C044C2EBF0CDBD52183F,关于提升课后服务质量减少家庭校外培训负担的诉求,"领导好,我是一名小学生的家长,孩子在公办重点学校读书,不是毕业班。现在学校课后服务每周五天、每天至少两小时,我们孩子也参加了,但感觉课后服务更多是看管写作业,老师对学习薄弱点的辅导不够,所以我们虽然经济不宽裕,还是给孩子报了校外学科培训。现在校外培训收费比之前规范了,负担轻了一些,但长期下来对我们中低收入家庭压力还是很大。作业量现在控制得不错,孩子睡眠也充足,这点我们满意。希望政府能督促学校把课后服务做得更实在,增加学业辅导和兴趣活动,让课后服务真正解决家长辅导不了的问题,这样我们就不必再花冤枉钱去外面补课。同时希望继续加强校外培训收费监管,防止价格反弹。"
438C4CE44106D724F0FA14C3AD6BD96F57572CF46B4E41927E347019316057BE,关于提升学校课后服务作业辅导质量的建议,"领导您好,我是一名小学生的家长,我们两口子都在上班,文化程度不高,家里经济条件一般。孩子现在在公办重点小学读书,这学期参加了学校课后服务,我们很感激有这个政策,能帮忙看管孩子。但我们有点担心课后服务主要以看管为主,作业辅导和针对性学习指导不够,因为我们自己辅导不了,所以现在还在外面报了一门学科培训班。虽然现在培训收费比以前降了一些,但对我们这样的家庭还是有负担。我们希望学校课后服务能更注重作业辅导和学业支持,多安排老师答疑和个性化指导,这样我们就不用再额外花钱报班了。孩子睡眠一直比较充足,我们也不想让他太累,希望课后服务能真正帮孩子学好、减轻家长压力。恳请领导关注课后服务的实际内容,督促学校提高服务质量,让我们普通家庭受益。"
B30EDAA26D8CCD5F4FA825D6EABEB19BBC7FD873466FDD7B0EA4CFBBEC30FF28,"希望加强课后服务辅导,减轻家长补课负担","领导好。我是一名小学生家长,家里经济条件一般,我们两口子文化不高,平时都在上班,没时间也没能力辅导孩子。现在学校落实了课后服务,孩子每天参加,书面作业量也控制得还算合理,这是好的。但感觉课后服务内容比较单一,主要是完成作业和看护,针对性的学习辅导不够。我们这边学校班额一直偏大,以前还听说有过超大班的情况,现在虽然好一些,但课后服务一个老师要管很多孩子,很难照顾到每个学生。所以尽管校外培训收费降了一些,我们还是得给孩子报着学科补习,就怕落后。可这笔钱对我们来说还是不小的负担,不补又不踏实。希望政府能进一步把课后服务的师资和内容保障好,比如增加辅导老师、安排分层辅导,让课后服务真正帮孩子解决学习上的困难,让像我们这样没条件辅导的家庭敢少补课、不补课,减轻经济压力。谢谢。"
FFDEA216103F24B583F8A57737B9A3C149BE4C877018C6C8F51E31C518C8C505,"希望提升学校课后服务质量,减轻家长辅导负担","领导您好,我是一名小学生的家长。我们家里经济条件一般,家长文化程度不高,平时工作也忙,辅导孩子学习比较吃力。这个学期孩子参加了学校的课后服务,我们很感激,但心里不踏实:不知道课后服务具体有没有老师辅导作业,活动是不是丰富,能不能让孩子在学校就把作业弄明白。政策上说课后服务要内容多样、有作业指导,但我们作为家长看不到具体安排。我们也不想一直花钱去外面补课,可自己又教不了,怕孩子学习掉队。希望领导能督促学校把课后服务做扎实,多安排作业辅导和兴趣活动,把服务内容和时间公开给家长,让我们安心工作,孩子也能得到更好的照顾。谢谢领导。"
F14F705B7B67B2CC0CC6F11E92A7A4E49AB6E414962EC99FED1A2D0B4A1E60D6,希望学校课后服务加强作业辅导减轻家长负担,"领导好,我家孩子上小学,我们两口子都在打工,文化水平不高,家里经济条件也一般。最近感觉孩子作业是少了一些,但不会的题我们辅导不了,只能继续给他报外面的学科补习班。虽然费用比过去降了点,可对我们来说还是不小压力。孩子目前也参加了学校的课后服务,但我们担心课后服务主要是看管,老师讲题少,作业还得回家我们盯。希望上面能督促学校把课后服务利用好,多安排老师答疑和作业辅导,特别是对我们这样家长文化不高的家庭,让孩子在学校就把当天的知识弄明白,这样我们才敢把外面的补习班退掉。现在外面正规的学科补课机构少了,我们也怕孩子以后跟不上,学校要是能把这个空补上,我们就不用额外花钱了。谢谢。"
1AE58297DA6C32373F8CC9CECA48974D6225062978837FD12F9EB339C415068E,关于暑期学校课后服务与校外培训负担的求助,"领导您好,我是本地一名小学生家长,孩子就读公办小学,不在毕业班。我们夫妻两人都要上班,家里同住人少,暑假白天孩子没人照看。这个月孩子参加了学校的课后服务,也还上着一个校外的学科培训班。我们文化程度不高,辅导不了孩子作业,只能花钱报班,虽然现在培训费比之前降了一些,但对我们的收入来说还是不小的压力,而且总担心机构有变动,预交的钱不安全。学校的课后服务我们很感谢,但从孩子反馈看,更多是看护,作业辅导和兴趣活动还不多,孩子学习上还是离不开课外班。希望领导能督促学校把课后服务做得更实,特别是假期能延长服务时间、增加作业辅导和文体活动,让我们这样的家庭能少报或不报校外班,减轻经济负担,也让孩子假期安全、充实。"
045D5F1F79DA85873045A8D19D5F16EFF61CA8446FBB572BD97942FBF9E2A5C1,关于提升课后服务质量减轻家庭培训负担的诉求,"领导您好,我是一名西部县城的小学生家长。我和孩子爸爸都在打工,文化程度不高,辅导孩子学习很吃力。现在学校开展了课后服务,孩子也参加了,但我们仍然给孩子报了学科类培训班。主要是因为担心课后服务内容不够扎实,不能有效辅导作业和巩固课堂知识,而我们对孩子的期望是能考上大学,不想让他落下。虽然现在培训收费比以前降了一些,但对我们这样的中低收入家庭,每月仍是一笔不小的开销。我们也不想让孩子太累,但实在没有别的办法。恳请领导关注课后服务的质量,督促学校在课后服务中加强作业辅导和学业指导,丰富内容,真正满足我们普通家庭的需求,这样我们才能放心减少校外培训,减轻经济负担,孩子也能有更多休息时间。谢谢领导。"
A50330C574135AEF19AF55811FCA7B760B9B6CD27EEA334CF7A2F57F3A6A43B0,"建议加强课后服务作业辅导,减轻家庭校外培训负担","领导您好,我是一名小学生的家长。我们两口子都在上班,家里经济条件一般,文化程度也不高,辅导孩子作业有些吃力。这个暑假孩子参加了学校的课后服务,但每天回家后我们还是担心学习跟不上,目前仍给孩子报着校外的学科培训,虽然费用比原来降了些,但对我们这样的家庭来说还是有压力。我们了解到现在要求学校加强作业指导和课后服务,希望政府能督促学校把课后服务真正用起来,多安排老师给孩子辅导作业、巩固知识,让我们能少依赖校外培训,孩子在校内就能学好。谢谢。"
7BD386DD5176DEDD3FB96DD2C7E25F1716FC312F43B7AD117A774171D94FD3E6,关于提升暑期学校课后服务质量减轻家长负担的诉求,"领导您好。我家在西部城镇,夫妻双方都在上班,家里人手少,孩子上小学,暑假白天没人照顾。学校今年暑假提供了课后服务,孩子也参加了,这确实解决了看护难题。但我们文化水平不高,辅导不了作业,家里收入也一般,虽然校外培训费用比以前降了些,但对我们还是有压力。我们担心学校的课后服务只是简单看管,没有真正帮孩子提高学习、拓展兴趣,孩子学习跟不上,我们心里很着急。希望政府能督促学校把暑期课后服务做得更实在,比如增加作业辅导、阅读、体育等活动,让孩子在学校既安全又能有收获,这样我们家长也能安心上班,也不用再额外花太多钱去外面报班。谢谢。"
3A954DB3350E907239671FE741E2B4957F0C4B3A6C1DF2F19F9A457DCFC40126,"希望加强学校课后服务,减轻普通家庭补课负担","领导好,我是西部城镇一名小学生家长,我们夫妻都在打工,文化水平不高,家里经济条件也一般。孩子现在参加了学校课后服务,但说实话我们还是让孩子在外面补课,因为自己辅导不了,也怕孩子落下。现在外面补课班少了很多,虽然费用降了一点,但对我们来说还是有压力,而且不知道以后还能不能稳定上。学校是重点小学,作业量是符合规定的,但我们更希望课后服务能真正把质量提上去,多一些老师辅导作业和兴趣活动,而不是简单看管。这样我们就能少花钱找校外班,也能解决我们下班晚接孩子的难题。恳请领导重视课后服务的实际效果,加强师资和经费保障,让像我们这样的普通家庭真正受益。"
AE4B27FF9C130D47E5BFD7BB5A3C76DF6B048B5ECCD57CDF45B449991581C2C1,关于减轻校外培训负担和完善课后服务的请求,"领导您好,我是西部城镇一名小学生的家长。家里经济条件一般,我们夫妻都在打工,文化程度不高,辅导孩子学习很吃力。孩子现在虽然参加了学校课后服务,但每天那两个小时里,感觉更多是看护和写作业,针对学科的辅导和答疑不够,孩子成绩跟不上,我们只能继续在外面报学科培训班。这两年外面的培训班少了很多,我们报的班虽然收费降了一些,但对我们这样的家庭还是一笔不小开支,而且担心机构随时可能关闭。孩子作业量是符合规定的,但我们更希望课后服务能把孩子的学习问题在校内解决,而不是让我们再花钱去外面补。马上要开学了,我们很发愁。希望领导能重视这个问题,督促学校提升课后服务的学业辅导质量,同时考虑对经济困难家庭提供免费或低价的学科辅导支持,真正减轻家长负担。"
F348CB151523EE142AE4B7604BB3822ECE9DDFE046F975CABB1DEAAFC5AD53C1,关于提升小学课后服务质量的家长诉求,"领导您好,我是西部城镇一名小学生的家长。我们两口子都上班,文化程度不高,家里经济条件一般。孩子这个暑假参加了学校课后服务,我们很感激,但心里还是不踏实。以前作业多,我们辅导不了,现在作业时间没超标,但孩子放学后这段时间具体做什么,老师能不能照顾到每个孩子,我们不太清楚。现在校外培训管得严了,我们孩子也还在上,费用是降了些,但对我们来说还是有压力。如果学校课后服务能做好作业辅导、搞点兴趣活动,我们就能少花冤枉钱,安心工作。希望领导能督促学校把课后服务做得更实在,安排有质量的辅导和活动,别只是看管。也请政府多支持学校,保障好老师和经费。谢谢领导。"
0AB0267DD791EC1B760C219BA8941475FF20B2A0D0B6B595F26ADD3B9B270E3F,"请提升课后服务质量,减轻普通家庭校外培训负担","领导好,我是西部城镇一名小学生家长。我们夫妻都在外打工,家里经济条件一般,孩子上小学,平时作业不多,睡眠也充足,但我们文化不高,辅导不了功课。现在暑假,孩子参加了学校组织的课后服务,但为了不让他落后,我们还是咬着牙报了学科培训班。虽然现在培训费用比以前降了,但对我们家来说仍是一笔不小的开销。我们听说学校课后服务每天有两个小时以上,可心里没底,不知道能不能真正帮孩子提高学习。希望政府能多关注学校课后服务的质量,多安排一些作业辅导和兴趣活动,让我们这样的家庭不用再额外花钱去外面补课。也请继续管好校外培训,收费更透明,别让我们花冤枉钱。谢谢。"
87695C23FEBDB458D00EBC233148698D8589198E9FE8846544A438D4048A7F3C,关于提升小学课后服务质量减轻家庭负担的建议,"领导您好,我是一名小学生的家长,我们夫妻都在上班,文化程度也不高,家里能辅导孩子的人手很少。孩子现在上小学,参加了学校的课后服务,但我们心里还是不太踏实。政策上要求学校课后服务每天至少两小时,要自愿参加、时间衔接、内容多样,可我们担心有的学校只是把孩子集中起来看管,没有真正开展作业辅导和有益的课外活动。我们家庭经济条件一般,之前也给孩子报了学科类培训班,现在培训市场规范后收费是降了一些,但如果我们校内课后服务质量跟不上,孩子学习有困难还是得靠外面补,负担还是会重。希望政府能加强对学校课后服务的督促和指导,保障师资和经费,让课后服务真正能辅导孩子完成作业、拓展兴趣,这样我们双职工家庭才能安心工作,也能减轻对校外培训的依赖。谢谢。"
67BAD13A7DD8325500F1AE99609BA0BF2F97307E7B150230D50FF8F307F1816E,关于提升学校课后服务质量减轻家庭校外培训负担的诉求,"领导您好,我是一个小学生的家长,我们两口子都在打工,收入不高。孩子在一所公办重点小学读书,学校条件不错,但我们担心班里学生多,老师顾不过来,影响孩子学习。为了不让孩子掉队,我们省吃俭用给孩子报了学科培训班,虽然现在培训费用降了些,但对我们家来说还是一笔不小的开销。这个暑假孩子也参加了学校的课后服务,但感觉内容比较单一,主要是看管,作业辅导和知识巩固不够有针对性。马上要开学了,我们希望政府能督促学校增加老师,提高课后服务质量,让孩子在学校就能学好,减轻我们家庭的负担。谢谢领导关心。"
5840C8FE09FFEF2F386A7AFB1874E4CA6C93597011C8A0C548923B1A3F78A0E7,关于提升学校课后服务质量减轻家庭培训负担的建议,"尊敬的领导,我是孩子家长。我们夫妻都在上班,经济条件一般,文化不高,辅导孩子作业力不从心。孩子现在在公办重点小学读书,学校有课后服务,孩子也在参加。但说实话,我们最担心的是课后服务能不能真正辅导作业、开展一些素质活动,而不是单纯看管。因为家里条件有限,又怕孩子落后,现在还是给孩子报了校外学科培训。虽然现在培训费用比之前降了一些,但对我们家来说仍是一笔不小的开支。希望领导能重视课后服务的质量,督促学校加强作业辅导和兴趣拓展,让我们家长能放心,减轻我们在校外培训上的负担。谢谢。"
8957026DD33681CDE3CA36EF4534B981711BC13392A7FE1D908D9CFEF09D5D5C,关于控制小学书面作业量并落实课后服务的诉求,"我家孩子在本地上小学,不是毕业年级。我们夫妻都在上班,家里收入不高,每天能陪孩子学习的时间很少,学校离家也远,单程通勤时间长。这个暑假,孩子书面作业情况没有达到现行规定的小学60分钟以内要求,我们白天不在家,晚上回来还要操心孩子作业,我们学历有限也辅导不好,很着急。按现行规定,学校应统筹作业总量、加强校内指导,并完善课后服务。我担心开学以后作业负担还会更重,课后服务能不能真正帮我们解决接送和作业辅导问题。希望领导督促学校严格落实作业时长要求,提高作业质量,利用课后服务让孩子在校完成大部分书面作业,给我们这样的双职工家庭减轻压力。"
716219F0A6EFB1D9096D4C28E986F7ADA388BB91FD39FDF02A46057F40C1CA62,关于小学暑假书面作业负担和课后服务的求助,"我是一名西部地区的小学生家长,孩子就读公办小学,我们夫妻都在上班,家里经济条件一般,每天接送路上时间长,辅导作业时间很紧。这个暑假,孩子书面作业量感觉明显偏多,平均下来一天要花不少时间,超过了一小时的规范。我们文化程度不高,又没钱报培训班,只能自己硬扛。以前也看到有些学校让家长批改作业、群里改作业,我们很担心开学后还是这样。现在政策说学校要统筹作业、加强课后服务,希望领导督促学校真正落实,别让作业都压到家长身上,也能让孩子有个好一点的学习环境。我们期望孩子以后能读硕士,但现实压力太大,请领导帮我们解决实际困难。"
6350BF74760B1F3861848FA7674C0A98C6026ECF5BBB50412DD2F4886E6C7F4C,关于小学作业负担和课后服务落实的请求,"领导您好。我们是双职工家庭,经济条件一般,每天接送孩子上下学单程时间也比较长。假期里看到孩子的书面作业情况还没有达到规定的时间要求,心里很着急。马上要开学了,最担心的就是作业量继续偏多,我们下班晚,文化水平也有限,辅导起来很吃力。希望学校能真正把作业总量控制住,老师能在校内多指导,不要让我们家长承担过多批改和讲解任务。同时,我们特别需要课后服务能够落实,时间能和我们下班时间衔接上,最好有老师看着写作业、开展一些活动,让孩子放学后有个安全的地方。我们不想给孩子加太多校外培训,经济上也负担不起。恳请领导督促学校把作业减负和课后服务做好,让孩子轻松一点,家长也能安心工作。"
F2B79495E933B82C2B35C54C13FC2E4A6E6CC13DFE0C0B2438D09C371DCC70D1,关于学生家庭作业负担的建议,"领导您好,我是西部某城镇的一名小学生家长。家里经济条件一般,我们夫妻双方都在上班,平时时间很紧,孩子上学路程也远。这个暑假,我们注意到孩子书面作业完成时间已经超过规定的一小时,这让我们很担心开学后作业负担会不会更重。我们理解学校有教学任务,但希望政府能督促学校严格按照国家要求控制作业总量和时长,提高作业设计质量,减少机械重复的作业。同时,希望学校能利用好课后服务时间,让孩子在学校尽量完成作业,这样我们家长也能减轻辅导压力,孩子也能早点休息。谢谢。"
77BB9D1429C79175BE01A014537A49C9C42962EB4C334B6E3F06674D64A05F3A,关于加强课后服务时间衔接与学业辅导的诉求,"我们是双职工家庭,孩子就读公办小学,单程通学时间较长,下班时间与放学时间难以衔接。目前孩子已参加学校课后服务,书面作业量符合规定,我们也已停止校外学科培训。但家庭经济条件有限,无法为孩子提供额外辅导,担心仅靠课后服务不能满足学习需求。希望学校课后服务能进一步优化内容,加强作业指导和学业答疑,适当增加阅读、体育等素质活动,并延长服务时间或提供延时托管,真正解决接送难题。同时建议协调交通或安全保障,让孩子放学后安全等待家长。恳请领导重视课后服务质量,减轻我们这样的家庭负担。"
7FFFA76A3BD1775F5870F63435A5EF9420586872204571EE44B14D487ACFA582,"希望学校课后服务能真正辅导孩子作业,减轻家长负担","领导好,我是西部城镇一名小学生的家长。我们夫妻都在上班,下班比较晚,孩子学校离家又远,接送和辅导作业一直很吃力。这个月孩子参加了学校的课后服务,按理说每天有两个小时,我们本想着孩子能在学校把作业写完、有老师指导一下。但现在最担心的是课后服务只是把孩子集中看管,没有真正辅导作业和答疑,那对我们这种文化程度不高、经济条件有限的家庭来说,负担还是没减轻。以前也听说过有学校让家长批改作业、在群里发作业的事,我们很怕又变成那样。现在政策要求学校加强校内作业指导,也要求课后服务内容多样、时间衔接,希望领导能督促学校把课后服务的质量抓起来,特别是作业辅导这一块,让老师能在课后服务时间帮孩子解决学习上的问题,而不是把任务推给家长。我们也不想给孩子报外面的培训班,经济压力大,而且现在培训机构也不像以前那样方便。学校是公办学校,资源不算好,但孩子睡眠时间一直比较充足,我们也希望他能在学校里得到更实在的帮助。请领导关注一下我们这样普通双职工家庭的实际困难,让课后服务真正发挥效果。"
375E6FE4265EA6655F2A709DB677D011CA7485CD69E38A5FB22106FC37C6F1AE,关于提升学校课后服务实效、减轻双职工家庭辅导压力的求助,"各位领导好。我是一名小学生的家长,家住西部城镇,我们夫妻都在打工,家里经济条件一般,孩子每天上学单程就要花不少时间。今年开学后,孩子参加了学校的课后服务,这对我们双职工家庭本来是好事,解决了接送和看管难题。但我们心里很焦虑:我们文化程度不高,辅导不了孩子作业,以前也常听说有学校布置作业后让家长批改、群里打卡,我们很怕又变成这样。现在外面学科培训班基本没有了,我们也没钱给孩子补课,学校的课后服务就成了孩子学习上唯一的依靠。希望领导能帮我们督促学校把课后服务真正办好,尤其要保证老师在课后服务里指导孩子完成作业、答疑解惑,不要只是看着孩子,更不要把批改作业的任务又推给家长。我们不是不想管孩子,实在是能力有限、时间也紧。希望新学期孩子能在学校得到实实在在的帮助,让我们家长也能安心工作。"
F65EE4CB7F631EE533C69D82A192F0F0A1C38DCD11DD36D478171E26DF2E1E0C,关于提升小学课后服务实效减轻家长辅导负担的建议,"领导您好,我是西部城镇的一名小学生家长。我们夫妻都要上班,家庭经济条件一般,孩子就读的普通公办小学离家较远。这学期学校提供了课后服务,孩子也参加了,但我们很担心课后服务只是简单看管,老师不能真正指导孩子完成作业。我们文化程度不高,晚上还要辅导孩子作业,压力很大。希望有关部门能督促学校把课后服务做实,安排老师认真辅导作业,稳定教师队伍,最好能适当延长服务时间,方便我们下班接孩子。让孩子在学校完成学习任务,减轻家庭负担。"
BEF018AAFDA0A0D34BFC20740C8E9B04644FF9AB1D7CAFDB456AB75B6161DB49,关于暑期学校课后服务时间与家长下班衔接问题的请求,"领导好,我是一名小学生的家长。暑假期间我和孩子爸爸都要上班,家中经济条件一般,老人也不在身边,孩子白天无人照看。学校虽然有课后服务,但每天只有两个小时左右,下午很早就结束了,我们下班时间根本接不上。因为学科类培训班少了,我们也不想再给孩子报,担心孩子假期长时间独自在家,不是看电视就是玩手机,安全也让人揪心。希望政府能协调学校或社区,在暑假期间适当延长课后服务时间,最好能与我们双职工家庭的上下班时间衔接,同时丰富活动内容,比如增加阅读、体育、手工等,让孩子有处可去、有事可做。也请继续关注作业总量和校外培训规范,别让家长负担和焦虑反弹。我们盼着孩子能过一个安全、充实的暑假。"
EBF91ACDEDB3C80D91238FABF83D3E116F8D7D8FB0D88B2720D287B9106AA189,关于提升小学课后服务质量和作业辅导实效的建议,"领导好,我是一名小学生家长。我家在西部城镇,夫妻都上班,每天接送孩子上下学单程时间较长,家庭经济也不宽裕,外面补课基本不参加了。孩子目前在学校参加课后服务,但我们心里没底,不知道这两个小时到底在做什么,是真正有人辅导作业、开展活动,还是只是把孩子集中看管。我们文化程度有限,下班又晚,如果课后服务不能把作业指导做好,晚上回家还要自己辅导,确实吃力,也容易产生矛盾。现在要求学校统筹作业总量和课后服务,希望领导能督促学校把课后服务内容抓起来,特别是作业辅导、阅读、体育等,让孩子在校内基本完成书面作业,减轻家长负担,也让像我们这样经济和时间都紧张的家庭不用再去校外找补课。谢谢。"
EE6BE7D557DCE69FF6D4CF5FDE4BDF5809A8599AB432079B483EBC62C9406857,关于提升学校课后服务质量减轻家长负担的诉求,"领导好,我是一名小学生家长。我们两口子都在打工,每天接送孩子单程就要花很长时间,经济上也不宽裕。现在学科类培训班少了,我们文化程度不高,辅导孩子越来越吃力。孩子参加了学校的课后服务,但心里一直不踏实:最怕课后服务只是把孩子圈在教室里看管,不辅导作业、不开展活动,最后又把作业批改和辅导任务推回给家长。我们身边有家长就遇到过类似情况,老师要求家长按标准答案检查作业,负担很重。希望领导能督促学校把课后服务真正做实,安排老师在课后服务中指导孩子完成书面作业,多开展一些阅读、体育、兴趣活动,让孩子放学后有个安全、有益的去处。我们也希望暑假期间能有可靠的托管安排,不然孩子在家没人管,我们上班也不安心。谢谢。"
007CE9F1FC469B80B803BABC2D961E0315C410CC71DF2E0F50B3C5F6752685D3,关于提升小学课后服务质量与作业指导的建议,"领导您好,我的孩子在西部城镇一所公办小学就读。学校课后服务目前每周五天、每天至少两小时,孩子这个月也参加了。作为家长,我们夫妻都在工作,家里经济条件一般,我最高学历是高中,辅导孩子功课越来越吃力。政策说学校要加强作业设计和校内指导,课后服务内容要多样,但我们担心普通学校的课后服务能不能做到位,是不是只能帮着看管,作业还是要家长回家再教,或者质量跟不上。孩子通学时间长,我们时间又紧,很需要课后服务真正把作业辅导和素质拓展结合起来。恳请领导关注我们这样经济条件有限、家长辅导能力不足的家庭,督促学校把课后服务的师资和经费保障好,开展质量评估,落实校内作业指导,别让家长下班后还要承担过多辅导任务。"
25983CE3C14A3C5884C3182EE380669ED81D345654BDDB3B0BDD0F2D933574AC,关于优化小学课后服务内容与时间衔接的建议,"我是一名西部城镇小学生的家长,家里收入不高,我和孩子爸爸都要上班,每天接送孩子单程时间比较长,时间特别紧。这个暑假孩子参加了学校的课后服务,解决了我们白天无法照看的问题,很感谢。马上要开学了,想提个请求:希望新学期课后服务能继续稳定开展,并且在作业辅导上多下功夫,让孩子在学校尽量完成书面作业,老师能答疑解惑;同时多安排一些阅读、体育、兴趣类活动,让孩子不用再花钱去校外培训班。我们家孩子目前没有参加校外学科培训,我们文化程度有限,担心学习跟不上,特别希望学校课后服务能补上这块短板。另外,希望服务结束时间能和我们下班时间衔接好,方便接孩子。"
2C7FEB4C9E482894D5C78536F421D8EC548546D5B232D4198E89EA01FDEE1AF1,关于提高学校课后服务作业辅导实效的建议,"我是一名小学生家长,家住西部城镇,我们夫妻都要上班,每天早出晚归,家里经济条件一般,文化程度也不高,辅导孩子功课很吃力。孩子现在读小学,学校是公办非重点,离家较远。目前学校提供课后服务,我们也让孩子参加了,解决了接孩子的时间问题,但我们很担心课后服务只是简单看管,没有真正辅导作业。我们家长能力有限,如果孩子作业带回家,我们很难辅导,也怕影响孩子休息。听说课后服务要求每天至少两个小时,我们希望这两个小时能真正用来指导孩子完成书面作业,开展一些阅读、体育、兴趣活动,而不是让孩子自己玩或者老师坐着不管。也希望政府能加强课后服务的师资和经费保障,不要因为学校资源不足就让课后服务流于形式。同时,希望学校不要像过去那样要求家长批改作业、在群里打卡,这让我们压力很大。我们理解学校也不容易,但孩子是我们唯一的希望,我们期望他能有更好的教育环境。希望领导能督促学校把课后服务做实做好,让双职工家庭真正受益。"
75836DCB64D1A00421A9EF0A0512B783AAE4A7C2A533836AE962B190C888E969,关于提高小学课后服务实效、减轻双职工家庭辅导压力的建议,"领导好,我是西部城镇一名小学生的家长。我们夫妻都上班,文化程度不高,下班时间紧,家离学校也比较远,每天接送和辅导作业压力很大。目前孩子参加学校课后服务,作业时间符合规定,我们很感激。但心里不踏实:学校是普通公办小学,条件有限,课后服务每天两个小时如果只是集中看护,没有老师真正指导作业、组织阅读和体育锻炼,孩子回家后我们也没能力辅导,校外学科培训已经停了,家庭经济条件也不允许另外找辅导。我们担心孩子学习习惯和基础跟不上,又怕有的老师把批改作业的任务推给家长,我们文化低很难完成。希望政府能督促学校把课后服务做扎实,特别是对我们这样双职工、低文化、路途远的家庭,多安排老师进行作业辅导和兴趣活动,别让课后服务流于看管。孩子睡眠一直比较好,我们对他期望很高,希望领导多关心普通家庭孩子的成长环境。"
440BD2E609CF80955DE736A1DFA9C91F9A285AEF02FB2CA96A9765320888B2B8,关于提升小学课后服务质量减轻家庭辅导负担的建议,"领导您好,我是西部城镇一名小学生家长。我们家庭经济条件有限,夫妻双方都在上班,每天接送孩子上下学路上时间也比较长,晚上能陪孩子学习的时间很少。孩子现在参加了学校的课后服务,我们也按照要求停止了校外学科培训。从书面作业时间看,目前符合规定,我们比较放心。但我担心课后服务的内容和质量。我们家长文化程度不高,辅导不了孩子,以前还能靠一点校外班,现在停了,学校课后服务就成了孩子主要的学习支持。如果课后服务只是看着孩子,缺少作业辅导和基础巩固,我们这样的家庭很难找到其他办法。希望领导能关注小学课后服务的实际运行,督促学校把课后服务做实,加强作业指导和学业巩固,丰富活动内容,同时考虑我们双职工家庭接送时间衔接问题。也希望能有公开渠道让家长了解课后服务每天做了什么。谢谢。"
852E703F4F5B599EF0D2546F1E515F54A06F45E79B40B58845B09DD74DC0ADA0,关于暑假学校课后服务提质扩面的诉求,"我是一名小学生家长,家住西部城镇。我们夫妻都在上班,家里经济条件一般,孩子暑假照看一直是个难题。今年学校提供了课后服务,孩子每天参加,解决了部分看护问题,但服务内容比较单一,多数时间是看管和少量活动,作业辅导和兴趣拓展不够。因为以前孩子没怎么上过学科培训班,现在校外学科类培训也少了,我们担心孩子暑假学习掉队,又无力承担高额素质类培训。希望政府能指导学校在暑假期间丰富课后服务内容,增加作业辅导、阅读、体育和科学兴趣活动,并适当延长服务时间或提供更灵活的选择,让我们这样的双职工家庭更安心。同时希望加强对课后服务质量的监督,确保不是简单“看孩子”。"
78FB6C859785EDCC5967BC7952D28F721CCDFFB047BE99C39508164389C1AC6E,关于提升小学课后服务质量减轻家长负担的诉求,"领导好,我是西部一个县城的小学生家长。我们两口子都在打工,家里条件一般,学校离家又远,每天接送和辅导作业压力很大。这个暑假孩子参加了学校课后服务,确实帮我们解决了看护难题,但我们心里还是不踏实。我们周围有的学校以前出现过老师把批改作业的任务推给家长,家长不会教就在群里被点名,孩子学习环境参差不齐。我们家孩子虽然没遇到,但看见这些事就很怕自己孩子也碰上。现在校外培训班少了,我们也停了课,学校课后服务成了孩子课后学习辅导的主要依靠。希望领导能重视小学课后服务的质量和持续性,督促学校真正把师资和经费保障好,多开展一些对孩子有帮助的活动,不要变成单纯看孩子或者变相给家长布置任务。我们做家长的就想安心上班,孩子放学后能有个安全、有人管、能学点东西的地方,别让课后服务最后走了样。"
2FB0DA3F5CB5416184C09576082F053257E485BA1AAEFFBA594DA96EFCA94846,关于暑期学校课后服务内容和作业指导的诉求,"领导您好。我是西部地区一名小学生家长,孩子就读公办小学,离校远,我和爱人都在打工,家里经济条件一般,文化程度也不高。现在学校暑期提供课后服务,我们给孩子报了名,每天参加。因为家里实在没时间也没能力辅导孩子写作业,校外培训也上不起了。我们最担心的是课后服务只是把孩子看管起来,作业指导不扎实,活动内容单一,孩子在校时间虽然长但收获有限。希望领导能督促学校把校内作业指导和课后服务真正做细,安排老师当面辅导孩子完成书面作业,不要让孩子把不会的题带回家,也别让家长批改作业。同时多开展一些体育、阅读、手工等孩子喜欢的活动,让课后服务不只是耗时间。我们这样的双职工家庭,靠学校课后服务才有喘息机会,拜托领导关注城镇普通小学的实际困难,把政策和经费落到实处。"
3B4A430B00F38B9599EC749828964143E1076AF9373BFC3D5CA68D7F5ED9CE0D,希望学校课后服务能真正帮到我们这样的普通家庭,"领导您好,我是西部一个城镇的普通家长,孩子正在上小学。我们家庭经济条件一般,我和孩子妈妈都上班,文化程度也不高,每天能辅导孩子的时间有限。之前为了孩子学习,我们也没什么条件上补习班,现在更不敢上了。这学期孩子参加了学校的课后服务,每天时间不短,但我们不知道孩子在里面到底能得到多少学习上的帮助。听说现在要求学校控制作业时间,还要加强课后服务,我们就希望学校课后服务能真正帮孩子辅导作业、巩固学习,而不是只看管。希望政府能多督促学校把课后服务做实,特别是对我们这样家长帮不上忙的家庭,能在校内多给孩子一些学习支持,让我们心里踏实一点。谢谢。"
48CCA46998928B8E50DC60516F847471F21EA294832A0C398240BA4F36962F36,关于农村小学书面作业负担和课后服务的建议,"领导您好,我是一名农村小学生的家长。最近注意到孩子这个月的书面作业情况没有达到规定的时长要求,心里很着急。我们夫妻都要上班,家里同住的人多,但能专门辅导孩子功课的人手有限,我们自己文化程度不高,辅导起来很吃力。现在各级都在强调学校要统筹作业总量、提高作业设计质量,还要完善课后服务,我们打心眼里支持。希望开学后学校能真正把这些要求落实到位,严格控制书面作业时间,丰富课后服务内容,最好能在课后服务里安排作业指导和答疑,让孩子在学校就能把大部分作业完成,减轻我们家长的负担。我们家庭经济条件一般,以前也没给孩子报过学科培训班,现在校外培训管理更规范了,我们更希望学校能提供足够的支持,让孩子不用靠补课也能学好。谢谢领导关心。"
4B2901F20EC94E136949C9BE9F0461BB113B80C52F21847700F1F82D8990B3D4,关于规范暑假书面作业减轻学生负担的诉求,"领导好,我是东部乡村一名小学生家长。孩子这个月的书面作业情况已经超出了现行规定时长,经常需要较长时间才能完成,很担心影响视力和正常休息,也挤占了锻炼、阅读和做家务的时间。作业中若有不少重复抄写,实际学习效果有限,希望教育部门能核查学校暑假作业布置情况,督促学校优化作业设计,减少机械性任务,增加阅读、实践类作业,给孩子留出自主学习和休息的空间。另外,乡村学校体育设施不足的问题也盼能一并关注,帮助孩子全面发展。"
CB792BF3415DE32CC8E346DB78FC9496FD71D38E265DFD67EBB0DB4A189C0212,关于乡村小学生暑假书面作业超出规定时长的反映,"我是一名乡村小学学生的家长。暑假期间,我们发现孩子每天花在书面作业上的时间超出了规定的小学作业时长上限,虽然具体原因我们也不完全清楚,可能是作业量偏多,也可能是孩子自己安排不合理,但作为家长很担心这样下去会影响孩子的睡眠、视力和户外活动。现在政策要求学校统筹书面作业总量、提高设计质量,希望领导能督促学校在开学后进一步落实,减少机械重复的抄写,增加阅读、家务、体育锻炼等实践性任务,并利用课后服务时间加强对孩子的作业指导,让孩子尽量在学校完成书面作业,回家后能有更多时间休息和发展兴趣。乡村学校硬件条件有限,也恳请关注改善,促进孩子全面发展。"
EC15943F79B830D15AB9929551600041153AFF92138F265D1FBCFFB5719C93E4,关于乡村小学生作业负担与课后服务的诉求,"领导您好,我是一名乡村小学生的家长。暑假期间,孩子的书面作业情况没有符合规定的时长要求,我们担心可能是作业量过多,影响了孩子的休息和活动时间。我们夫妻都在工作,家里孩子多,辅导作业精力有限。学校是公办非重点,资源不多,我们担心开学后作业管理落实不到位,课后服务也跟不上,孩子作业负担重、得不到有效指导。希望有关部门能督促学校严格执行作业总量和时间规定,优化作业设计,加强校内指导;同时加大对乡村学校课后服务的投入,保障师资和经费,让孩子能在校内完成大部分作业,减轻家庭负担,促进孩子全面发展。谢谢!"
185B7E395983A00D78C25B3370B4A41FAA41D63B73AA9C076DB05FA5851B5833,关于提升农村小学课后服务质量的诉求,"领导好,我是东部地区一名农村小学生的家长。我们夫妻都在上班,家庭经济条件一般,孩子目前在公办学校就读,每天参加学校的课后服务。近期孩子书面作业时间控制在规定范围内,我们感到比较放心。但作为家长,我们担心乡村学校课后服务内容不够丰富,可能只是简单看管,作业辅导和兴趣活动质量难以保证。希望有关部门能督促学校在课后服务中加强作业指导,开展多样活动,并保障农村学校的师资和经费,让孩子在校内就能获得有效帮助,减轻双职工家庭负担,避免城乡教育差距拉大。"
834C7195F8C75566B3C9707C9DFCDF22465417F607098DA9CA85A12D8C4630B1,关于乡村小学课后服务内容质量的建议,"我是一名农村小学生的家长。孩子最近参加了学校课后服务,作业量目前符合要求,我们比较安心。但乡村学校条件有限,我们担心课后服务只是简单看管,或者让孩子长时间看屏幕,影响视力。马上要开学了,希望领导能督促学校利用课后时间多安排一些体育锻炼、阅读、手工等活动,不要只让孩子坐着写作业或看视频。我们家长文化不高,工作也忙,辅导学习吃力,很需要学校课后服务真正帮孩子全面发展。也希望政府能保障乡村学校的基本活动场地和师资,别让城乡差距越拉越大。"
6FB3D944FE8E0F5E129A9750B6080F6C5081E98180A6E5B3C94602A916ABA664,关于乡村小学课后服务内容与质量提升的建议,"领导好。我家孩子上小学,这个学期参加了学校课后服务,每天放学后在校时间延长,书面作业在家完成时间也算符合规定,睡眠比前些年听到的情况好一些。但我们这里乡村学校硬件一直比较薄弱,活动场地有限,我担心课后服务如果只是让孩子坐在教室里写作业或看屏幕,既伤害视力,也谈不上全面发展。孩子在家睡眠时间较长,我们家长也支持,但希望课后服务能真正安排一些体育锻炼、经典阅读、劳动实践这类内容,而不是变成变相补课或看管。也希望地方能保障课后服务师资和经费,把学校场地设施逐步改善一下,让孩子们有地方跑、有书读、有事做。谢谢。"
286B700093C8D14F1E48636D2AF190FE2CD3E8D15998815A6D8FEF9B5B8587C2,关于改善乡村学校课后服务条件的诉求,"领导您好。我是一名小学生家长,家在东部乡村。孩子这学期参加了学校课后服务,每天时间不短。我们家长都上班,家里条件也一般,很感谢有这样的安排。但乡村学校条件有限,我担心课后服务内容比较单一,缺少必要的活动设施,孩子只能坐着写作业或干等,不能真正得到素质拓展。政策要求课后服务内容多样、自愿参加,还希望地方保障师资和经费。恳请领导关注乡村学校的实际困难,帮助改善场地器材,补充课后服务教师,让孩子放学后能参加阅读、体育、劳动等活动。开学后也请继续督促学校控制书面作业总量,让课后服务和家庭作业衔接好,不要让孩子回家再长时间写作业。谢谢。"
4AB271BF2399A4B11A59A8450299A239331FE6C714FCFAE1D703A62EEA9F235B,关于提升农村学校暑期课后服务质量的建议,"领导您好。我家孩子上小学,家在东部农村,我们夫妻俩都在上班,暑假期间孩子参加了学校的课后服务,解决了我们很大的看护难题,非常感谢。但我们也有些担心:农村学校不是重点学校,师资和经费有限,课后服务会不会只是简单看管,内容不够丰富?我们家长文化程度不高,想给孩子辅导学习但力不从心,也没有条件报校外的兴趣班。希望政府能加大对农村学校课后服务的投入,充实师资力量,多开展阅读、体育、科技、艺术等活动,让孩子暑假过得充实,也能缩小和城里孩子的差距。谢谢领导关心农村孩子的成长。"
A345C09423F7BDC2AE683EC64334B2E25FA6F71F6DC7EF5022E1C526AF2D8B22,建议改善乡村学校运动设施保障课后服务质量,"领导好,我是村里一名小学生家长。孩子本月参加了学校的课后服务,我们很感激有地方看管。但我也有些担心,我们农村学校条件有限,可能缺少像样的操场和足球场,课后服务开展体育活动时场地不足,孩子大多只能待在室内。现在政策一直强调学校要完善课后服务,让孩子全面发展。如果连基本运动场地都没有,体育锻炼怎么保障?希望领导能关注乡村学校硬件建设,特别是运动场地和体育器材,让孩子在课后服务时间里能真正跑起来、动起来。"
6247C3F4ABC2A26A0C7F30861D6BFBED2E8C608535EC1123621650A308C68422,"希望课后服务真正让孩子动起来,别变成变相看管","领导好,我家孩子在乡镇小学读书,我们夫妻都上班,孩子参加了学校课后服务,确实解决了接孩子的时间问题。但我们有些担心:课后服务会不会只是让孩子坐在教室里写作业或者看管,缺少体育、艺术和劳动活动?现在书面作业时间控制住了,但孩子在学校时间不短,如果课后服务没有户外活动,对视力、身体都不好。我们农村学校场地和设施本来就可能有限,希望领导关注课后服务的实际开展情况,督促学校丰富内容,保障每天有体育活动时间,同时加强作业指导,让孩子尽量在校完成作业,回家能早点休息。不要利用课后服务时间补课或变相增加学业负担。"
9F1339C47FB69B5701C1967E09E9438AC7185EC71CC63D43806937CB50E0EF69,关于提升乡村学校课后服务质量的建议,"领导您好!我是东部乡村一名小学生的家长。我家孩子目前在公办学校就读,今年暑假期间,我一直在思考开学后课后服务的问题。现在政策鼓励学校开展课后服务,孩子也参加了,这确实解决了我们双职工家庭接送难的问题。但我了解到,我们乡村学校资源有限,担心课后服务只是简单看管,缺乏体育、艺术、科技等多样活动,不能真正促进孩子全面发展。我们家庭经济条件一般,无法在校外给孩子报太多兴趣班,所以特别希望学校的课后服务能丰富一些。希望有关部门能加大对乡村学校课后服务的资源支持,比如补充体育器材、图书、艺术师资等,确保课后服务内容多样、质量有保障,让孩子在课后时间不仅能完成作业,还能锻炼身体、发展兴趣。谢谢!"
2E119D4C908604B85D5C6F617AEF005045964D63ECE2DA76DCE11D654759E929,关于提升乡村小学课后服务质量的诉求,"我家孩子在本村公办小学读书,家里人口多,我和爱人都在工作,经济条件一般。这个暑假学校提供课后服务,孩子也参加了,确实帮我们解决了看护难题,很感谢。但我们担心乡村学校课后服务偏向看管写作业,内容比较单一,缺少体育、阅读、科学等活动。孩子平时书面作业时间在规定的60分钟以内,我们文化水平不高,又没法给孩子报外面的班,只能指望学校课后服务能让孩子多接触一些东西。希望领导能关注乡村学校课后服务的质量和保障,增加师资和经费支持,引入一些线上课程或志愿者,让这两小时不只是坐着写作业,而是真正有指导、有活动。同时希望课后服务时间能继续和上班时间衔接好,方便我们这样的家庭接送。"
241406D2C912FF8DE865AA367952872370BE2D0BB71C307DA9702A2E977751A4,关于农村小学课后服务与运动条件的建议,"领导您好,我是一名农村小学生的家长。现在是暑假,孩子参加了学校的课后服务,每天在学校时间较长。我们家庭经济条件一般,周边也没有合适的运动场所。看到一些农村学校硬件条件比较薄弱,连基本运动场地都没有,我很担心孩子在学校课后服务里缺少跑跳锻炼的机会,影响身体素质和全面发展。另外,暑假期间希望课后服务不要变成长时间看屏幕或变相补课,多安排户外运动、阅读、劳动实践等内容。恳请相关部门核查我们这类农村学校的实际条件,帮助改善运动设施,指导学校把课后服务安排好,让孩子真正受益。谢谢。"
F15EF822C2A578B910BCA748975BC1542BC72C478597D16E5A5373D87D897575,关于农村小学暑期课后服务质量的建议,"领导您好。我是东部农村一名小学生的家长,孩子就读公办学校,暑假参加了学校课后服务。我们夫妻都上班,经济条件一般,孩子有地方去我们很感激。但我有些担心,农村学校条件有限,课后服务可能主要是集中写作业或看屏幕,缺少体育、劳动、艺术等活动。孩子正处在长身体、培养兴趣的年纪,不想只盯着书本和屏幕。而且学校运动场地可能不足,想开展户外活动也难。希望领导关注乡村学校课后服务的实际内容,在师资、经费和场地设施上多支持,让课后服务真正促进孩子全面发展,不要变成变相补课或简单看管。"
50014BEEF554566D3909F07C0CE26F7E3064DEF92E86B9FB6AD7EA5EBE91147C,关于改善乡村小学课后服务条件与质量的诉求,"我是东部大区一名乡村小学生的家长。孩子就读于公办小学,家里经济条件一般,我们夫妻都在上班,照看孩子的时间有限。这个暑假孩子参加了学校的课后服务,我们感谢政府提供这样的便利,但也有些放心不下。我们了解到课后服务要求自愿参加、时间衔接、内容多样,但乡村学校条件可能比较薄弱,活动场地和器材不足,我们担心孩子课后服务只是被集中看管,可能缺少体育、艺术、阅读等有益活动,甚至可能长时间使用电子设备,影响视力。孩子平时睡眠时间比较充足,我们也希望课后服务能继续保障休息和锻炼,而不是增加负担。恳请领导关注农村小学课后服务的实际条件,督促相关部门核查学校场地、器材、师资和活动安排,帮助改善硬件和内容,让孩子在学校里能真正得到全面发展。"
33FA03692B8577BDBE85AFEA221AB4C8ADFC1C6EE23DD15493482085621136F2,关于提升乡村小学暑期课后服务质量的建议,"领导好,我是本地一名乡村小学生的家长。孩子就读公办小学,这个暑假参加了学校组织的课后服务,每天两小时,我们很感激。不过我们夫妻都在上班,家里老人多,辅导不了功课。孩子作业不多,睡眠也够,但我们担心课后服务主要是看护,作业辅导和兴趣拓展不够。现在外面学科培训班少了,我们经济条件一般,请不起私教,心里有点着急,希望孩子能多学点知识,将来考上好大学。恳请政府加大对乡村学校课后服务的投入,丰富阅读、科学、体育等内容,最好能提供优质线上课程资源,让农村孩子也能享受到和城里孩子一样的教育。"
E474AAE18124B5C86C5AB56A0EE6BB025223B6B29886AA58B8BDD2002047A143,关于改善农村小学课后服务条件的建议,"领导您好。我是村里一名小学生家长。这个暑假孩子参加了学校课后服务,我们双职工家庭确实需要这样的安排。但我们乡里学校条件有限,运动场地和器材可能不足,我们担心课后服务如果只是在教室里看管或让孩子长时间看屏幕,对眼睛和身体都不好。希望上级能核查并帮助改善学校硬件设施,让课后服务多安排户外活动、体育锻炼和自主学习指导,而不是简单集中看管。孩子需要德智体全面发展,农村孩子的课后时间也应该有质量。"
D7A0516AC46BA0D716676460905979755F2149EA678143CBAF0E0354A4B14929,关于农村小学课后服务内容与条件的建议,"领导好。我是农村小学学生家长。孩子暑假参加了学校课后服务,解决了我们双职工家庭的看护困难,很感谢。但农村学校条件有限,我们担心课后服务只是把孩子留在教室写作业或看屏幕,缺少户外活动和兴趣培养。学校连基本的足球场都没有,想让孩子跑跑跳跳都难。希望上级能关注农村学校课后服务的师资和场地保障,督促学校丰富活动内容,多安排体育锻炼、阅读、手工等,不要变相增加书面作业或让孩子长时间盯着屏幕。孩子正是长身体的时候,不能总困在教室里。请领导帮忙协调推动,让农村孩子也能享受到有质量的课后服务,真正促进全面发展。"
3DB66A3A7A951506F8120422B7E62D05B32A23C109EDDCB914E9AC9A9147B89D,关于改善乡村小学课后服务质量的建议,"领导您好,我是东部乡村一名小学生家长。孩子在学校参加了课后服务,但从我们乡村学校的实际情况看,很担心课后服务只是简单看管,内容不够丰富,特别是体育、阅读、劳动等活动可能缺乏场地和师资保障。按照相关要求,课后服务应内容多样、促进全面发展,但我们乡村学校资源有限,家长经济条件一般,很难在校外补充。希望政府能加强对乡村学校课后服务的指导和投入,改善硬件条件,丰富活动内容,让孩子在校内就能得到全面发展的机会,减轻家长负担。谢谢。"
4A264D655D25890015C5C446E33CC2479A02A7459F5E9CFCA2558D1B25AEC407,关于减轻初中生暑假书面作业负担的诉求,"我是中部农村一名初中学生的家长。孩子放暑假在家,但学校布置的书面作业量偏大,孩子每天要花很长时间写作业,按天折算下来已经超过规定的90分钟。我们家经济条件有限,没法给孩子报班补课,作业太多既影响孩子休息和长身体,也让我们做家长的心里很着急。希望领导能督促学校落实作业管理规定,严格控制暑假书面作业总量,提升作业设计质量,别让孩子整天埋头写作业。另外,听说开学后学校会开展课后服务,恳请课后服务能真正帮孩子在校完成大部分作业,减少带回家的书面任务,让我们农村家庭也能少些负担。谢谢。"
8F9401A49314E38E51DC4A65B4208B368944BBA62A52DDAAA8FF7A705DADF6BA,关于减轻初中生暑假作业负担的建议,"领导您好,我是农村的一名初中生家长。孩子现在读初中,家里经济条件不好,文化程度也不高,辅导作业很吃力。这个月孩子的书面作业情况没有达到规定的时长标准,虽然具体原因我们说不清,但确实担心开学后作业负担会更重。现在政策要求学校统筹作业总量、加强校内指导,我们希望学校能真正落实,不要让孩子把大量作业带回家,保证孩子有足够的睡眠和休息。另外,我们也希望课后服务能真正开展起来,让孩子在学校就能完成大部分作业,老师能给予指导,减轻我们家长的负担。同时,现在校外培训收费高,我们农村家庭承受不起,希望政府能严格规范学科类培训,防止老师变相要求参加补课,让我们这样的家庭不再为作业和补课发愁。谢谢。"
3FBC22659BF9CB44EE0E11F2758D814884B62D0C0B246E30694FE97748D36E58,关于农村初中生暑假作业超时和开学后课后服务的求助,"领导您好,我是中部农村一名初中生的家长。家里经济条件一般,孩子在公办学校读书。这个月是暑假,但孩子的书面作业状态让我觉得没有达到规定的时长要求,经常要写很久,我们文化程度有限也辅导不了。现在政策要求学校统筹作业总量、规范校外培训、完善课后服务,我们很期待。可农村学校资源有限,担心开学后作业依然超时,课后服务也落实不到位。孩子睡眠时间本来比较长,如果作业太多会挤占休息。我们上不起外面的培训班,希望学校能把课后服务做好,让孩子在校内完成大部分作业,老师能答疑解惑,真正减轻农村家庭的负担。恳请领导关注农村初中,督促学校严格执行作业时长规定。"
A67A164BAA58C1A8695A97A5388ACC35BFB388264781FDDD0EA48C73B4E917FB,关于农村初中生作业超时和课后服务的诉求,"领导您好,我是中部农村的一名初中生家长。家里条件不好,孩子上的是普通公办初中。眼看要开学了,我们最担心的是孩子作业写不完。现在上面有规定初中生书面作业平均不超过90分钟,但最近这个月孩子写作业还是经常超过时间,我们文化不高,辅导不了,也没钱上补习班。希望领导能督促学校在新学期真正统筹好各科作业,别都压到晚上;同时把课后服务搞好,让孩子在学校就能把作业做得差不多,回家能早点休息。我们农村学校老师少,课后服务能不能落实,我们也心里没底。请领导帮我们多关注一下农村初中的作业和课后服务问题。"
328F0F949C7920034D4D01199A40DB87A3F203A6DA01C1DCC2827E84122221E8,乡村初中课后服务盼提质增效,"领导好。我是中部农村一名初中生家长,家里经济条件一般,孩子上初中,没有条件参加校外兴趣班或补习,学校课后服务是我们很看重的支持。这学期孩子参加了学校课后服务,但我们了解到目前课后服务内容比较单一,很多时候主要是集中看管、写作业,缺少体育、艺术、科技、劳动实践等多样化活动。农村学校师资和经费有限,我们很担心课后服务流于形式,变成单纯的“托管班”。我们期望孩子将来能上高中或中职,希望课后服务能结合农村实际,增加职业体验、信息技术、阅读指导等内容,帮助孩子开阔眼界,而不是只围着作业转。恳请领导督促地方保障课后服务经费和师资,加强质量监管,建立家长反馈渠道,让乡村孩子也能享受到真正有质量的课后服务。"
7BA85284D529249756273C3E76FE422BE0D7CB7970317CB2E53E0BAD92AB55EF,希望新学期课后服务能真正帮到农村初中生,"领导您好,我是中部农村一名初中学生的家长。家里经济条件一般,我们家长能给孩子学习上的辅导有限,主要靠学校。孩子之前一直参加学校的课后服务,每天放学后在学校多留一段时间,老师会看着做作业、有时答疑,作业基本都能在学校完成,回家负担轻了不少。现在寒假快结束、春季开学在即,我有些担心:听说有的学校课后服务只是让学生自己待着,老师不怎么管,还可能额外收费;也怕书面作业量慢慢又涨回去,孩子回家写到很晚。现在校外学科培训管得严,我们也没条件请人补课,孩子学习上的问题更需要在课后服务时间解决。希望领导能督促学校把课后服务真正落到实处,加强作业指导和答疑,别让课后服务流于形式,也别增加家长经济负担。同时请继续关注农村初中的作业总量,让孩子每天都能早点休息。"
9EA2A170B1ECABE0BA5F38CEB477056DF9B45276B83BDFEAAB74A8710D604064,关于提升乡村初中课后服务质量的建议,"领导您好。我家在乡村,孩子读初中,现在学校开展了课后服务,孩子每天都参加,我们很感激。孩子作业不多,能按时完成,睡眠也充足,我们比较放心。但说实话,我们担心课后服务只是把孩子留在学校,老师精力有限,不能真正辅导学习。我们家庭收入低,以前也没条件给孩子报补习班,现在外面的培训班少了,更指望学校能教好。我们孩子以后想考高中或中职,需要有扎实的基础。希望政府能加大对乡村学校课后服务的支持,增加老师辅导,丰富活动内容,别让课后服务变成单纯的看管。谢谢。"
6618C8126E9DB047154E955B4878F2AE22E0554E8CC4465985C0623AD20ED148,关于保障农村初中课后服务质量的请求,"领导好,我是一名农村初中生家长。家里条件一般,孩子现在每天参加学校的课后服务。我们了解到政策要求课后服务自愿、多样,但农村学校条件有限,我们担心课后服务只是把孩子集中起来看管写作业,缺乏体育、艺术等活动,也担心学校为完成任务变相要求参加。孩子目前作业时间虽然没超规定,但我们也怕学校只求时长达标而降低作业设计质量。希望政府能加大对农村学校课后服务的师资和经费支持,加强监督检查,真正落实自愿原则,丰富活动内容,别让课后服务增加家庭负担。马上开学了,恳请从一开始就抓好这些事。"
4733055BB128613C2C901C9C8FE03AB8CF4B72852B153662ABB188D039B48430,关于农村初中暑期课后服务的建议,"我家孩子在农村初中读书,今年暑假参加了学校提供的课后服务。作为家长,我们很感谢有这样的安排,减轻了家里照看孩子的压力。但我们农村家庭经济条件有限,希望课后服务能真正提供作业辅导和兴趣活动,不要只是简单看管。希望政府能多支持农村学校的师资和经费,让课后服务内容更丰富,让孩子暑假过得有意义。另外,也希望下学期课后服务能继续坚持自愿参加,不强迫,并且保证质量。"
18680A527645859DB5E8DCF60B68D86D71730AB8F3206B2CC646F0FE67DD6258,希望加强农村初中课后服务的作业辅导,"领导您好,我是一名农村初中学生的家长。我家在乡下,家里经济条件一般,我和孩子妈妈文化不高,辅导不了功课。孩子这个月参加了学校的课后服务,我们本来挺高兴,觉得在学校能有人管着写作业,不懂的还能问老师。可我们心里也担心,农村学校老师少、事情多,课后服务会不会只是把孩子集中在教室,老师光看着不讲解,孩子不会的题还是不会。现在外面的培训班越来越难找,我们也上不起,只能指望学校。希望政府能关注农村学校课后服务的实际质量,督促学校加强作业辅导和答疑,尤其对学习有困难的孩子多帮一把,不要让课后服务流于形式。也希望能保障好经费,不要向我们这样的家庭额外收费。"
51819DDC2A41DF5EE9658019E420A0533981A2465B1C73B97EA02CB3395A2344,关于乡村初中课后服务质量的建议,"领导您好,我是一名农村初中生的家长。孩子今年暑假参加了学校组织的课后服务,我们很感激有这个安排,因为家里条件一般,没有能力送孩子去校外补习。但我们也有些担心,课后服务每天时间不短,却不知道具体在做些什么,是不是真的有人辅导作业、讲解难题,还是只是把孩子集中起来看管。政策说要加强作业指导和内容多样,我们希望农村学校也能落实,不要因为师资紧张就流于形式。马上要开学了,希望政府能保障课后服务的师资和经费,让老师有精力认真辅导,特别是对我们这种经济困难、父母文化不高的家庭,学校课后服务几乎是孩子唯一能得到的学习帮助。也希望课后服务不要变成变相补课或乱收费,让我们能放心。"
3B5B29C7E689D9FADFF6CCDB381E096ACEAA5DC0D0FC2BE546C64CFBC7A4E993,关于暑假学校课后服务的担忧与请求,"领导您好,我是中部乡村一名初中生的家长。孩子目前在公办初中就读,家庭经济条件有限,我们对孩子的期望是能顺利升入高中或中职。这个暑假,孩子参加了学校的课后服务,我们感谢政府提供托管,但也有些担心。现在校外培训管得严,怕学校课后服务变成变相补课,反而增加孩子负担。孩子平时睡眠还算充足,我们希望假期能让孩子适当休息,同时参加一些文体或兴趣活动。农村学校资源有限,课后服务的内容和质量能不能保障?请领导关注一下,督促学校合理安排,真正自愿、多样,不要搞成补课。谢谢。"
FE85F474852088FA6EE289ED255E9F9C469F1914A46702C725BD3DA425702CAE,关于乡村学校课后服务内容与质量的诉求,"我家孩子在乡镇初中就读,家庭经济条件一般,没有能力在校外报兴趣班或补习班。孩子现在每天参加学校课后服务,学校也按时间开放,但感觉内容比较单一,大多是看管写作业,缺少阅读、体育、科技、劳动实践等拓展活动,孩子在校内没有得到更多发展机会。暑假期间孩子也在参加学校课后服务,我们很感激,但也担心新学期开学后课后服务只是“看孩子”,无法真正帮助孩子提升综合素质和学业兴趣。希望政府能加大对乡村学校课后服务的投入,丰富服务内容,安排更多专业老师或志愿者,同时继续落实作业总量控制,让孩子在校内尽量完成作业,回家后能有充足睡眠,减轻家长负担。我们期望孩子将来能顺利升入高中或职业学校,学一门技术,所以希望课后服务能增加一些动手实践和职业启蒙类活动,为农村孩子打开更多可能。恳请领导关注乡村学校课后服务的实际质量,而不仅仅是时间达标。"
A2103BC38504D867C33A46F7C2FD5ABAFF845E868D5B2A90CA65015EEDBD4ECC,希望加强农村学校暑期课后服务的学习辅导,"领导您好,我是农村的一名初中生家长。家里条件不宽裕,孩子学习还算用功,我们对他将来能上个高中或职高有期望。现在暑假,学校提供了课后服务,孩子也参加了,我们很感激,但心里有些担忧。现在校外补课班少了很多,我们本来也上不起,就指望学校能多管管孩子学习。可这几天看下来,学校课后服务更多是看着孩子写作业、自由活动,老师有针对性地辅导不多,感觉质量还有待提高。我们农村孩子学习底子薄,假期如果不抓紧,开学后会更吃力。希望领导能督促学校把课后服务做实,尤其是假期里能安排一些基础巩固、答疑和学法指导,让像我们这样没有条件送孩子去外面补课的家庭也能得到实实在在的帮助。"
59AAB2419E1D1E4CA104C557EA35EE8B3CCED0B9726BDDC5ABE9873830887FAF,"农村初中课后服务盼抓实,别让家长心里没底","领导您好,我是一名农村孩子的家长,孩子现在读初中,不是毕业班。学校是公办普通学校,离家近。这学期和暑假孩子都参加了学校课后服务,说是每天不少于两个小时。我们家里条件不好,没办法给孩子报外面的辅导班,这两年外面学科培训也少了,更指望学校能教好。但我们担心课后服务只是把孩子留在教室,老师不够或者不上心,内容不实在,孩子学不到东西反而浪费时间。农村学校师资本来紧张,课后服务能不能真正有质量,我们心里没底。希望领导能多关注农村初中的课后服务,加强督导和投入,让老师有精力把内容做好,真正帮到孩子学习,而不是走形式。谢谢领导。"
FD81DF4F90C4CA374E1E647FF8F0BEB0B563D6B4F3D036B4A8A582711F1923BC,关于农村初中课后服务质量的担忧与请求,"领导您好,我是一名农村初中学生的家长。家里经济条件有限,孩子现在参加了学校的课后服务。我们很感谢政府有这个政策,让孩子放学后有个去处。但我心里还是有些担心,农村学校条件比不上城里,老师也辛苦,课后服务到底能不能真正帮孩子辅导作业、开展一些有意义的活动?现在外面的培训班少了,我们这样的家庭也上不起,就盼着学校课后服务能实实在在帮孩子提高。希望领导能多关心农村学校的课后服务,加强老师配备和经费保障,别让服务只是简单看管,让我们农村孩子也能得到好的学习支持。"
7307AD429171328964F0E7D7C3F1E04CB7CC3FE6AB26E910DF329CDBF8C1462D,关于提升农村初中课后服务学业辅导效果的建议,"领导您好。我是一名农村初中学生的家长,家里经济条件不好,孩子从来没有上过校外补习班。现在学科类培训班少了,我们一方面觉得负担轻了,另一方面又很发愁:孩子基础一般,没有补习渠道,担心将来考不上高中或职高。最近孩子参加了学校的课后服务,老师有时也会指导作业,但我们担心一个班学生多,老师很难照顾到每个学习有困难的孩子,尤其是农村学校师资和经费有限,课后服务可能更多是看管,辅导不够深入。希望政府能加大对农村学校课后服务的支持,增加辅导老师或志愿者,针对初中学习吃力的学生提供分层辅导,让课后服务真正帮到我们这样的困难家庭,缩小城乡教育差距。"
033042391088DD355A648D7941982414D0BD3313DABF24CC4C307C5749D00C0E,关于农村初中课后服务质量和困难家庭减负的诉求,"领导您好。我是中部乡村一名初中学生的家长,家里经济条件比较困难,孩子目前在乡镇公办初中就读。这个暑假学校提供了课后服务,孩子也参加了,每天两小时。我们很感谢有这样的安排,但心里也有一些担忧。现在校外学科培训大量减少,像我们这样的家庭原本也负担不起补习,更指望学校能把课后服务做实。可农村学校师资有限,我担心课后服务只是把学生集中起来看管、写作业,缺少针对性的学习辅导和兴趣活动,对孩子成绩提升帮助不大。孩子平时作业时间虽然没超过规定,但作为家长总怕学得不扎实,将来考高中或中职吃力。希望政府能加大对农村学校课后服务的经费和师资保障,丰富服务内容,多安排一些学科巩固和拓展活动,并对困难家庭实行费用减免。同时,也希望继续监督学校作业量,防止开学后反弹,让孩子既能休息好,又能学有所获。"
4D6A1A1F9F02557E998E42FD21BA9E8F5619E8BD495F6F89BCCC76FF2957F643,恳请加强农村学校课后服务保障,"领导您好,我是中部农村一名初中生的家长。孩子不是毕业年级,学习上我们最担心课后没人管、作业没人教。这个暑假学校有课后服务,孩子也参加了,我们很感激,但还是担心开学以后能不能坚持下去、服务质量怎么样。有的地方听说课后服务就是集中看管,老师讲新课或者变相收费,我们农村家庭本来就紧张,校外培训又不好找、也负担不起,就盼着学校课后服务能真正帮孩子把作业完成、多些兴趣活动。希望政府能督促学校规范课后服务,落实自愿参加,老师多辅导作业,不要变相补课收费,同时保障农村学校的师资和经费,别让好事打折扣。谢谢领导。"
60EC4C48950F694520F473FD5EBF3B7F972B37584EA7E9AB07B81BF7DF22B253,关于乡村初中学校课后服务保障的诉求,"领导您好,我是中部农村一名初中生的家长。我家经济条件一般,孩子目前在公办非重点学校就读。这个暑假学校按政策提供了课后服务,孩子也参加了。我们很感激有这样的安排,但心里有些担心:农村学校老师本来就少,平时上课负担重,现在课后服务每天要两个多小时,能不能保证有足够的老师、活动内容是不是丰富,会不会变成变相补课或另收费?我们家庭收入不高,希望课后服务真的能减轻家长负担,而不是变成新的压力。之前听说有些地方老师在外面私租场地补课收费,我们怕课后服务落实走样。请求领导督促教育部门加强对农村学校课后服务的管理,保障师资和经费,公开课程安排,坚持自愿原则,让农村孩子也能享受到有质量的课后服务。"
CC534778CF4D40B4AC755E2BA44F101D3131E16555C4BF1560A2902EBEBE40E2,关于小学生暑假书面作业超标影响休息的反映,"领导好。我家在西部一个普通城镇,孩子正在读公办小学。家里经济条件一般,我和爱人都要上班,平时照看孩子的时间不多。这个假期我们注意到孩子的书面作业情况不太对,按道理这个年级不应该有书面家庭作业,但孩子有时还在写,明显不符合规定。我们文化水平不高,辅导很吃力,也担心长期这样会影响孩子休息和视力。希望教育部门能关注一下学校暑期安排,核实有没有布置超标书面作业,督促学校严格执行作业管理规定,开学后也请加强课后服务和校内作业指导,让孩子尽量在校完成学习任务,减轻我们这样的普通家庭负担。"
D5574B7BD7CEDCE04243362FD7A6226DE8385D28C5C56D2BE08B1751D722CD81,关于小学低年级暑假书面作业负担的反映,"领导好,我是一名小学生的家长。孩子读小学低年级,按照我们了解的规定,这个阶段是不布置书面家庭作业的。可这个暑假,孩子每天都有书面作业,明显与规定不符,原本假期该有的休息和睡眠时间都受影响了。我们夫妻都是普通职工,文化水平不高,白天上班,晚上辅导孩子作业很吃力,家庭经济也一般,没条件给孩子报辅导班。以前就听说有的学校作业多,家长反映了反而被频繁换老师,大家敢怒不敢言,所以我们一直忍着。现在看到政策要求统筹作业总量、加强校内指导,我们才敢反映。希望领导能过问一下,督促学校严格遵守规定,假期不要布置书面作业,开学后也控制好作业量,把课后服务真正落实,让孩子在学校完成作业,减轻我们家长的压力。"
2DD4423CB2338AFE06A6D6B7939799E4483C8B60F93638B5EABFC8F953860E26,关于小学生书面作业减负与规范的诉求,"领导您好,我是一名小学生的家长。今年暑假孩子书面作业情况与年级规范不符,我们担心开学后作业负担继续加重。过去身边常有孩子因作业过多熬夜,家长敢怒不敢言,生怕反映后频繁换老师影响学习。我们恳请教育部门督促学校严格落实作业总量和时长要求,提升作业设计质量,减少机械重复作业,保障孩子充足睡眠和身心健康。同时希望稳定教师队伍,并利用课后服务做好作业指导,真正减轻学生和家长负担。"
601526815EE53E5F536DDC6989867872288CBF40F85E5F5A2C2171FC748613A0,关于减轻小学生作业负担和保障课后服务的诉求,"尊敬的领导:您好!我是一名小学生的家长。孩子目前在非升学年级,按相关规定这个年级原则上不应布置书面家庭作业。但根据我这个月的观察,孩子的书面作业情况并不符合这一规范,这让我们很担心。新学期马上要开学了,我们怕作业量会进一步增加,影响孩子的睡眠和户外活动。同时,我们家庭经济条件一般,父母双方都在工作,接送和辅导时间有限,希望学校能提供真正自愿、内容丰富的课后服务。也请相关部门加强对校外培训的监管,避免变相增加孩子负担。恳请领导督促学校和地方严格落实作业管理和课后服务要求,让孩子能健康快乐成长。谢谢!"
78BB90EB045617C7B506D8ABA6651BAAE6E53691D75FF49FDBE7E709EBB20A90,关于提升小学课后服务质量并保障春季开学衔接的建议,"我家孩子上小学,不是毕业班,家庭经济条件一般,我和爱人都要上班,接送和辅导精力有限。这个月孩子参加了学校课后服务,按规定每天应不少于两小时。就我们孩子的情况,作业负担没有超出规定,这一点我们认可。但作为家长,我担心开学后课后服务能不能持续稳定,内容是不是足够多样,老师有没有精力真正辅导孩子,而不是简单看管。孩子睡眠一直比较充足,我们也不希望课后服务时间过长、回家还留隐性任务,影响休息。现在外面学科培训少了,我们本来也没上过,更希望学校能把课后服务做实,特别是作业指导、阅读、体育锻炼这些,减轻我们这种文化程度不高、双职工家庭的辅导压力。希望领导能督促学校把课后服务的时间衔接、内容安排和师资保障落实到位,坚持自愿原则,别让服务缩水,也别变相增加负担。"
65B841C1F02B9F349DA015E1A03C1244845D160DA71D2FF2CFE984352F633206,关于丰富小学课后服务内容、保障孩子身心健康的诉求,"领导好,我是一名小学生家长,家在西部城镇,孩子就读公办小学。这学期孩子参加了学校课后服务,解决了我们双职工家庭接孩子的难题。但开学在即,我们有些担心:课后服务会不会只是让孩子坐在教室里写作业或上课?如果这样,孩子一天在校时间太长,影响休息和睡眠。我们恳请领导督促学校把课后服务真正用好,多安排一些体育、艺术、科技等活动,让孩子能活动身体、发展兴趣,特别是学校有操场等设施,希望能充分利用起来,而不是闲置。同时,我们家经济条件一般,如果课后服务需要收费,希望政府能够给予一定保障,减轻家长负担。希望孩子能在学校健康快乐地成长,谢谢。"
B2E9EBE5FFBA5207540782720B130774C776DB06FD03E846D6085D0215C29BFE,关于小学阶段作业负担与课后服务质量的诉求,"领导好,我是西部城镇一名小学生的家长。孩子正处在小学非毕业年级,学校属于公办普通校,离家近,平时睡眠时间还算充足。但作为家长,我们一直对作业负担和教师变动问题比较担忧。以前身边就出现过孩子因为作业过多,几乎每天都不能在11点前睡觉,甚至每月有七八天做到凌晨一两点的情况,家长怕反映后老师频繁更换,只能忍着。现在虽然看到孩子作业情况暂时符合规范,也参加了学校的课后服务,但我们担心开学后作业量反弹,或者课后服务变成变相补课,反而挤占孩子的休息和运动时间。希望有关部门能持续督促学校严格落实作业总量和时长要求,尤其是小学阶段不布置书面家庭作业的年级规定,同时把课后服务真正做成自愿参加、内容多样的活动,不要增加隐性课业负担。也请关注教师队伍稳定性,避免因为家长反映问题导致孩子频繁换老师,影响学习适应。恳请领导重视,让孩子们有一个健康、规律的成长环境。"
90E95ACA8F0A1893B2E023A60AFAFCF6B4BF2903CFE20468791AE25974D3A476,关于小学课后服务内容与作业负担的建议,"尊敬的领导:我是西部城镇一名小学生家长。孩子所在学校为公办学校,目前就读非升学年级。这个月孩子参加了学校课后服务。学校课后服务按制度要求原则上每周五天、每天至少120分钟。作为双职工家庭,我们经济条件一般,课后服务确实解决了我们接送和照看的大难题,我们很感激。但我们也有一些担忧:政策要求课后服务内容多样、自愿参加、时间衔接,可我们了解到,一些地方课后服务只是让学生坐在教室里写作业或看管,活动比较单一,甚至可能变相增加课业负担。我家孩子虽然现在作业量符合要求,但我们担心开学后作业量反弹,课后服务变成“第二课堂”,影响孩子休息和睡眠。我们恳请领导关注小学课后服务的实际内容和质量,督促学校丰富课后服务活动,确保不增加书面作业负担,并持续加强对作业量的监督检查,让孩子真正享受到健康、多样的课后时光。谢谢!"
8084736EEBD8AC6D571AC4E83C30B9C0678E477FA5D462D0F71EFD7D9357F297,关于丰富学校课后服务内容满足双职工家庭需求的建议,"领导您好,我们是双职工家庭,孩子就读公办小学,暑假期间参加了学校课后服务,解决了白天照看难题。我们家庭经济条件一般,父母文化程度有限,周边学科类培训减少后,也没有能力给孩子报其他兴趣班。孩子所在年级平时原则上不布置书面家庭作业,我们担心开学后作业巩固不足,而课后服务如果只是看管写作业,内容不够丰富,孩子发展会受限制。希望政府能督促学校在保障课后服务时长的同时,丰富阅读、体育、科普、艺术等活动,加强作业辅导和答疑,特别是对像我们这样辅导能力不足的家庭提供更多校内学习支持。谢谢。"
D5286143FB42F22DC110CF5121EAA62A9357D974D19F562D19CCF7681655946C,关于提升小学课后服务质量并加强监督的建议,"领导好,我是一名西部城镇小学生的家长,孩子就读公办非重点小学,家里双职工、经济条件一般,暑假孩子参加了学校的课后服务。现在学校提供课后服务是好事,但我们家长最担心的是服务内容不透明、质量没保障,变成简单看管甚至变相补课。过去周边就有学校频繁更换老师、作业量过大,也有学校设施很好但学生用不上,我们很怕本校课后服务也流于形式。我们无力给孩子报校外培训,课后服务几乎是孩子假期里唯一能得到指导的地方。希望领导能督促教育部门和学校:一是公开课后服务每日安排和具体内容,保证有作业辅导、阅读、体育和兴趣活动;二是加强师资和经费保障,别让老师额外负担过重;三是建立家长反馈和监督渠道,让服务质量可查可评。这样孩子真正受益,我们家长也能安心工作。"
FE9517CA94E501D3E0E69BB54667BA82A804D4664A6A25B508410C3E6F4D2D1E,关于小学课后服务质量和作业管理的建议,"我是一名西部城镇小学生的家长,孩子就读公办非重点小学,目前暑假参加学校课后服务。现在孩子书面作业看似符合规定,但我们心里并不踏实。以前周边学校出现过表面减负、实际加码的情况,甚至有学校被反映问题后变相增加作业量,家长敢怒不敢言。我们双职工家庭经济条件一般,暑假只能依赖学校课后服务,但担心服务内容单一,只是把孩子看管起来,没有真正开展体育、艺术等多样活动,反而变成变相补课或放任。开学后作业会不会反弹?老师更换太频繁也影响孩子适应。恳请领导督促学校把课后服务做实做细,丰富内容,保证质量,同时严格监督作业总量,稳定教师队伍,让我们家长安心工作,孩子健康成长。"
5530C311349AF8DF7098F2430947A9DA563AC3FF397F2769E554B1DD45772913,关于提升小学课后服务质量并防止作业负担反弹的诉求,"我是一名西部城镇小学生的家长。孩子就读公办小学,目前暑假期间参加学校课后服务。按照相关要求,学校课后服务应当坚持自愿、内容多样,每周5天、每天至少120分钟,这本来是减轻家长负担的好事。但作为家长,我担心课后服务实际内容比较单一,可能只是把孩子集中看管,没有真正开展文体、阅读、科普等活动;同时,我也担心开学后书面作业负担会反弹。我们家庭经济条件一般,父母都在上班,辅导能力有限,更希望学校能把课后服务和作业指导做实。恳请教育主管部门对学校课后服务的内容、时长和师资进行常态化监督,并建立家长意见反馈渠道,防止课后服务流于形式,也防止学生作业负担反弹。"
E9729D865632BC23DF7B63912100C26D9335003ADF98DA65959BB6F5F737F588,关于提升小学课后服务质量的建议,"我是西部城镇的一名小学生家长,夫妻双方都在职,家里经济条件一般,孩子就读公办小学。这个暑假孩子参加了学校课后服务,每天两小时左右,但我们下班时间还是接不上,而且孩子回家后基本没有书面家庭作业,我们文化程度有限,辅导起来很吃力。现在校外学科培训也少了,我们没条件给孩子报班。希望领导能督促学校把课后服务真正做实,不要只是看管,最好能安排老师辅导作业、答疑解惑,适当增加一些巩固练习或兴趣活动,让孩子在学校就能把学习问题解决,也减轻我们双职工家庭的负担。恳请相关部门关注支持。"
476DEC4ADA714C8E1DFA94ECE86B30D48590B343F109585148FD317F69545FF2,关于丰富课后服务内容、防止作业负担反弹的建议,"我是本地一名小学生家长,孩子读公办小学,不是毕业年级。我们夫妻都在上班,收入一般,暑假期间学校提供课后服务,孩子本月也参加了,对我们这样的双职工家庭帮助很大。但我们也有担心:课后服务时间不短,如果只是把孩子集中起来坐着写作业或单纯看管,孩子活动量不足,回家后如果还有书面任务,等于在校时间变长、负担并没有减轻。以前也看到过类似年级家长反映作业负担容易反弹,我们心里不踏实。希望领导能督促学校用好课后服务时间,多安排阅读、体育和兴趣活动,让孩子真正得到放松和发展;同时严格落实孩子当前年级不布置书面家庭作业的规定,开学后也不要利用课后服务赶进度或增加作业。我们就盼着孩子能早点休息,身体和心理压力都小一些。"
0329E32B4EDCA7DDF717744011A999FD2806F590D24F28B32B0CD2C139987789,关于继续减轻小学生作业负担的几点期盼,"领导好。我是西部一名普通小学生的家长。孩子目前在上小学,不是毕业班。这几年学校在控制书面家庭作业方面有明显变化,孩子现在能睡够觉,我们做家长的也稍微安心。但快到秋季开学,我们还是有些担心:身边有家长以前反映过,个别学校在假期或开学后作业会变多,甚至用机械抄写、试卷代替正常教学,孩子常常熬到很晚。我们家庭条件一般,夫妻俩都要上班,晚上能辅导孩子的时间有限,如果作业负担反弹,孩子睡眠和身体又会受影响。孩子这个暑假参加了学校的课后服务,我们很支持,但希望课后服务能真正安排体育、阅读、兴趣活动,不要变成集体补课或写作业的时间,也不要因为不参加就被另眼相看。恳请领导继续督促学校把作业总量和课后服务质量管到位,让我们普通家庭的孩子也能有一个健康、规律的成长环境。"
E22D2FB5447E529ACB81EA0C8169A5DD7AB3B85C17EFA7E728BBA7A1520D76B2,"加强学校课后服务监管,解决双职工家庭看护难题","我是一名小学生家长,孩子这个月参加了学校的课后服务。我们夫妻都要上班,家庭经济条件一般,课后服务对我们这样的家庭非常重要。但是我们也有些担心:一是怕课后服务只是简单看管,内容不丰富;二是怕学校利用这个时间变相补课或布置额外作业,增加孩子负担;三是怕反映了问题学校不重视,甚至影响孩子。希望政府能加强对学校课后服务的指导和监督,确保自愿参加、内容多样、时间与家长下班衔接,并且保障好师资和经费,让家长真正放心。谢谢。"
BDFE6D62472EC537824C7DFAED070CFF5B55E4B65C202E0667AF2B90A0B80E4C,希望加强学校课后服务中的学业辅导,"我是一名小学生家长,孩子就读公办小学。我们两口子都在上班,家里经济条件一般,文化程度也不高。现在孩子书面家庭作业少了,校外培训班也少了,我们下班后没有能力和时间辅导孩子学习,心里有些着急。孩子这个月参加了学校课后服务,解决了我们接孩子的难题,但希望课后服务不只是看管,能真正安排老师给孩子进行作业辅导、巩固当天知识,或者开展一些有益的活动。另外如果课后服务有费用,请考虑我们这样的家庭,适当减免或补贴。这样我们家长才能安心工作,孩子也能得到更好成长。"
1FE4C0A1C92D54E53554D225D4CB14B7E40E160A454894D43F06D0EA55194D29,关于暑假课后服务避免变相书面作业的诉求,"我家孩子在公办小学就读,这个暑假参加了学校课后服务,我们夫妻都要上班,本来觉得这是好事。但作为家长,我有些担心:虽然孩子现在的书面作业量还算符合规定,但课后服务每天时间不短,如果学校把这段时间用来补课或布置书面任务,回家再写作业,孩子的睡眠和休息可能受到影响。我们家经济条件一般,也没给孩子报过学科培训班,更希望课后服务能多一些体育、阅读、兴趣类内容,而不是变成课堂的延续。同省以前有家长反映过学校作业多、换老师频繁,大家有时不敢直接跟学校说,怕给孩子带来压力。恳请领导督促学校严格落实课后服务自愿参加和内容多样的要求,不要在暑假期间利用课后服务布置书面家庭作业或变相增加学业负担,加强作业统筹,让孩子能有充足的睡眠和户外活动,健康成长。"
091F551C73396714BEC526675335E275B05EC8E44D9191CEFF6C783CD8FED92D,希望学校暑期课后服务多开展文体活动,"领导您好。我是一名小学生的家长,家住西部城镇。我们夫妻都在上班,暑假孩子参加了学校的课后服务,每天时长有保障,解决了看护问题,心里很感激。但我们也有些担心:课后服务会不会只是把孩子集中起来看管或写作业,活动比较单一?孩子这个年级本来就不该有书面家庭作业,我们也不想课后服务又变成变相补课。家里经济条件一般,没有能力给孩子报校外兴趣班,很希望学校能把操场、图书室、功能教室用起来,让孩子在课后服务里能跑跑跳跳、读读书、参加一些手工或艺术活动。开学以后,也希望学校继续控制好作业总量,保证孩子睡眠,不要出现作业越减越多的情况。恳请领导督促学校把课后服务真正办好、办丰富,让普通家庭的孩子也能享受到好一点的学校资源。"
05EFA025E889387887D687EC4B6C39D7A168F2047AA14F7996DF6A43871BA672,关于暑期课后服务内容与开学后作业管理的建议,"我是一名西部城镇小学生的家长。孩子目前在学校参加暑期课后服务,每天时间较长。根据现行政策,课后服务应当坚持自愿、内容多样,并做好时间衔接。但作为家长,我担心学校实际提供的课后服务内容比较单一,可能变成变相补课或单纯看管,不能满足孩子多样化的活动需求。同时,我们孩子所在年级按照规范原则上不布置书面家庭作业,但开学后作业量会不会反弹,我们心里没底。希望领导能督促学校严格落实课后服务内容多样的要求,丰富体育、艺术、阅读等活动,并加强对开学后作业总量的统筹监管,确保孩子有充足睡眠和休息时间。"
A7C7F4029BA2FC30899AFC6E61370B1A908E7A3E6A23FB0E1A7CD622E15E481B,关于农村学校课后服务和作业减负落实的期盼,"领导好,我是一名农村初中生家长。家里经济条件一般,夫妻两人都在打工,文化程度不高,辅导孩子学习很吃力。马上要开学了,听说现在学校要抓好作业管理和课后服务,我们很期盼这些政策能真正落到农村学校。希望学校能严格控制作业总量,不要超过规定时间,让孩子回家能早点休息。课后服务一定要坚持自愿,内容更丰富些,最好能辅导孩子完成作业,解决我们家长不会教的问题。现在校外学科培训管严了,农村孩子本来就没条件补课,学校课后服务就更重要了。恳请政府多关心乡村学校,加强监督和保障,别让好政策走样。"
72D31B4EF575A62AF9882BDA55425D45B24ED8763D27576371A2351CA4F8AC49,关于乡村初中课后服务落实的诉求,"领导好。我是西部乡村一名初中生的家长。家里经济条件不好,我和孩子妈妈都要上班,老人也在家但精力有限。孩子马上要开学了,我们最担心的是放学后没人管。听说现在要求学校完善课后服务,自愿参加,时间要衔接家长下班,内容也多样,我们非常支持。但我们乡村学校资源有限,很怕课后服务只是走形式,或者变相收费,加重我们负担。希望领导能督促学校把课后服务真正做起来,特别是安排老师辅导孩子写作业,因为我们文化水平不高,辅导不了初中功课。另外,孩子以前没上过外面的补习班,现在听说管得严,我们希望学校能提供免费的学习辅导,让孩子不落后。同时,也希望课后服务时间能长一点,让我们下班接得上,别让孩子在校外逗留或去不安全的地方。谢谢领导。"
092F265C949028A5B3D2FB6B1955A3E03B7A8A77262D1D88DF138826EBBFC6BC,"农村初中课后服务盼落实,别再让家长干着急","领导好,我是西部农村一名初中生的家长。我们两口子都在外面打工,家里老人帮衬着,经济条件一般,自己也没什么文化,就盼着孩子能考上大学。暑假里学校作业量还算合适,但我们心里没底,就怕一开学又回到老样子。听说现在要求学校搞课后服务,自愿参加、时间衔接,还能有各种活动,我们特别需要,因为放学后没人辅导,孩子在家容易玩手机。可我们这边学校不是重点,老师也辛苦,担心课后服务只是走形式,或者又要交钱,农村家庭负担不起。希望领导能督促乡镇学校把课后服务真正办起来,有老师管、有活动,别让政策停在纸上。还有就是作业,能不能继续控制好量,别让课后服务变成变相加课。另外,现在外面补课管得严,我们本来也补不起,但担心城里孩子有其他门路,农村孩子更吃亏,希望政府能把学校的教学质量抓上去,让农村孩子也能受到好教育。"
D76C67D6AF5D36FCD3D9F9F9253E2A60CE26B03596D91C4615A861CEF9F8D659,关于乡村初中生暑期照护与课后服务的求助,"尊敬的领导:我是西部乡村一名初中生家长。家庭经济条件有限,父母都在工作,暑假期间我们担心孩子在家缺乏有效照管,安全和学习都让人放心不下。了解到当前政策要求学校完善课后服务,加强作业指导,我们很期待。但乡村学校资源相对薄弱,担心政策落实不到位。希望政府能关注我们这样的家庭,督促学校在开学后把课后服务做实做细,最好能在暑期提供托管或学习指导,减轻家长负担,让孩子安全有意义地度过假期。同时,政策规范校外培训后,我们这种经济困难家庭更难以获得课外支持,恳请政府统筹资源,保障乡村孩子公平受教育机会。谢谢。"
AC42230E4EDC2DF64FF8291BE864799C1B21E26F22D65B9775240812ABE2171E,"乡村初中课后服务盼提质,帮帮缺辅导的孩子","尊敬的领导,我家在西部农村,孩子读初中,家里经济条件不好,我和孩子妈妈都只有初中文凭,平时忙着打工挣钱,没能力也没时间辅导功课。现在校外培训班少了,我们也没钱上。孩子这学期参加了学校课后服务,但我们担心课后服务只是让学生自己写作业,老师很少讲题,有不懂的也没人问。孩子作业时间虽然符合规定,但只完成作业不够,初二初三难度上来,成绩掉队,考不上大学。希望领导重视乡村学校课后服务质量,安排老师加强作业辅导和答疑,最好能针对薄弱学科补一补,让我们这样的家庭也能有点盼头。"
604C25933B3FD42E4F0ABC035CCAFC8ED97E0E89B1D34D7580E271D028BE72CC,关于提升农村学校课后服务质量的诉求,"我是西部农村一名初中生的家长。我们家庭条件不好,我和孩子妈妈文化程度不高,平时都在打工,没有能力辅导孩子学习。这学期学校按照要求开展了课后服务,孩子也参加了,每天两个小时的课后服务对我们这样的家庭来说本来是好事,能帮着看管孩子、辅导作业。但我们农村学校老师少、资源有限,我们很担心课后服务只是简单看管,没有真正帮孩子解决学习上的困难。现在校外学科类培训管得严,市场上补课班减少,我们也没有经济能力请家教,孩子想提高成绩主要就靠学校。孩子作业时间目前是符合规定的,睡眠也充足,可我们最担心的是成绩上不去,将来考不上大学。恳请领导关注农村学校课后服务的实际质量,加强师资和经费保障,最好能针对学习困难的孩子提供专门的作业辅导和答疑。同时也希望继续严格规范校外培训,防止违规补课造成新的不公平。"
9791343C8DB3645820364B4D8977C11A203313FEF7091F93023024BF86A4990E,"恳请提升农村初中课后服务质量,帮助孩子在校学好功课","领导您好,我是西部农村一名初中学生的家长。家里条件一般,我和孩子妈妈文化程度都不高,辅导不了初中功课。我们两人平时都要忙生计,晚上回家已经很累,对孩子的作业和学习常常顾不过来。孩子这学期参加了学校的课后服务,但我们有点担心课后服务只是把孩子集中在一起看管,没有真正安排老师辅导作业、答疑解惑。现在外面的学科培训班也少了,像我们这样的家庭也没能力给孩子额外补课,只能更指望学校。希望领导能关心一下农村学校的课后服务,督促学校加强作业指导,多安排老师轮流辅导,还可以开展一些适合农村孩子的兴趣活动,让孩子在学校把作业尽量写完,学得扎实一些,也让我们家长放心。"
B097E0EFBD7E6BCAFD186D5A2EC32712308F2741CB395365B73F6C0734F63D16,关于保障乡村初中生课后服务作业辅导的请求,"我是一名西部乡村初中学生的家长。孩子目前就读公办初中,家庭经济条件有限,我和孩子父母都需要工作,辅导孩子学习的能力和时间都不足。按照现在的制度,学校课后服务原则上每周五天、每天至少两小时,我家孩子这个月也参加了学校课后服务,书面作业时间也符合规定。作为家长,我们很希望课后服务不只是看管,而是能真正帮助孩子完成作业、答疑解惑,适当开展一些素质拓展活动。但乡村学校资源有限,我们担心新学期开学后课后服务的质量和内容跟不上,也担心会增加家庭经济负担。恳请领导督促属地政府和学校,把课后服务做实,特别是把作业辅导纳入课后服务内容,保障服务时间,避免额外收费,让我们这样的家庭能安心工作,孩子也能得到有效帮助。"
0CBF2041AE918F3CA631AAC329E1C4F1BFDF426D0D3B79D45D3CCB3E161DB1C9,关于改善农村学校暑期课后服务的建议,"领导好,我是西部农村一名初中生的家长。我们家经济条件不好,我们夫妻俩都要干活,暑假没时间管孩子,也没钱给孩子报外面的辅导班。这个暑假学校有课后服务,孩子也参加了,我们很需要。但农村学校老师少、经费紧,我们担心课后服务内容不多,只是看着孩子写作业,不能真正帮孩子提高学习和培养兴趣。希望政府能多支持农村学校,给课后服务增加老师和经费,多安排一些作业辅导、阅读、体育等活动,时间上也能方便我们接送。这样孩子暑假有人管、学得好,我们也能安心工作。"
D876E13554E67610D136149CA93DD3CA04359059589502AFC2D531610EC691A5,关于农村初中暑期课后服务质量的诉求,"领导您好,我是西部农村的一名初中生家长。我们两口子都要干活,家里孩子多,经济条件不好,我们文化不高,辅导不了孩子学习。放暑假了,孩子参加了学校的课后服务,我们很感激,至少有人看管。但是我们也担心,农村学校条件有限,老师少,课后服务会不会只是把孩子聚在一起写作业,没有真正讲题辅导?国家政策要求学校加强作业指导,可我们不知道实际做得怎么样。我们没钱报培训班,就盼着学校课后服务能实实在在帮孩子补基础,将来考上大学。恳请领导关注农村初中课后服务的质量,多给些老师和资源,别让好政策到农村就打了折扣。"
2421A802BDC53BD011B90B2BDD94441C78F9C901B6D622CEE67BFE03F4410405,关于农村初中暑期课后服务质量的诉求,"我是西部农村一名初中生家长。家里经济条件一般,我们两口子都在上班,文化程度也低,辅导不了孩子的功课。这个暑假学校有课后服务,我们给孩子报名参加了,很感谢学校和老师。但我们心里还是没底,因为我们没有能力也没条件送孩子去外面补课,孩子以后想考大学,主要得靠学校。农村学校的课后服务,会不会只是把学生集中起来看管,老师有没有真正辅导作业、讲解薄弱知识点?希望领导能关注农村学校的课后服务质量,督促老师不只是看孩子,而是能做做实实在在的学业辅导,最好还能有些体育活动、兴趣小组,让孩子假期过得充实。农村老师本身任务就重,也请多体谅和保障,不然好政策到了村校容易打折扣。"
49FD95AEB7F5057ACD7B0FBD9142BD490A9BACE8D9FC32FEC3FAAAB29AB67A87,关于提升乡村学校暑期课后服务质量的请求,"尊敬的领导:我家在西部农村,经济条件有限,家长文化程度不高,平时都要工作,假期照看孩子压力较大。现在校外学科培训大幅减少,我们家以前也没有参加,想让孩子提升成绩主要靠学校。这个暑假孩子参加了学校的课后服务,我们很感激,但心里不踏实:学校是普通公办学校,担心老师负担重,课后服务到底能不能提供有效的作业辅导、阅读和体育活动,我们不清楚。希望政府能加大对农村学校暑期课后服务的投入,充实师资和活动内容,安排一些学业答疑和兴趣活动,并让家长知道每天的具体安排。这样我们家长也能安心工作,孩子假期有去处、有收获。"
3FDA987AC05F080E6E1AB7690416B57BF722D82E94C75FBD64B95F5BB94893A5,请加强农村初中课后服务师资与内容保障,"领导好,我家孩子在上初中,我们住在农村,家里经济条件一般,我和孩子妈妈文化程度不高,都忙着打工,辅导不了孩子功课。家里老人多,也帮不上学习上的忙。孩子这个月参加了学校的课后服务,我们很感激,但心里也担心农村学校老师少,课后服务会不会就是看着孩子写作业,缺少真正的辅导和兴趣活动。孩子睡眠时间比较足,作业量上我们没觉得超标,但我们希望孩子能考上大学,光靠我们家长实在没能力教。外面培训班我们以前也没报过,现在更不敢想,只能靠学校。恳请政府能多给农村学校课后服务一些支持,配足老师,丰富内容,让孩子在学校既能完成作业,也能参加些拓展活动,真正学到东西,也减轻我们家长的负担。"
061FDF2B039AA475A50DDEB3B5C1A4CA30C34CC66BB37632E65ACFB399BAB310,关于农村初中生暑期课后服务质量的担忧与建议,"领导您好,我是西部农村一名初中生的家长。家里条件不太好,我和孩子爸爸都在打工,暑假孩子参加了学校课后服务,我们很感谢有这个安排。但我们文化程度不高,辅导不了学习,现在校外培训班也少了,更盼着学校课后服务能真正教些东西。孩子最近作业不算多,睡眠也足,可暑假时间长,如果课后服务只是看管,我们担心孩子学不到什么。学校说每天至少两小时,但我们不清楚具体安排了哪些内容。希望领导能督促学校丰富课后服务,特别是给农村孩子增加学习辅导和兴趣活动,也帮忙保障一下师资和经费,别让服务流于形式。谢谢。"
963B14F3F59CA129231F6083D50A42613140A60CBFDBBD049F9A0A17A7C53163,关于暑期学校课后服务加强学业辅导的诉求,"领导您好,我是西部农村一名初中生家长。孩子暑假在学校参加课后服务,我们两口子都要干活,文化也不高,辅导不了作业。以前孩子没上过补习班,现在外面学科培训少了,我们就更指望学校课后服务能帮孩子抓学习。但课后服务具体干什么我们不太清楚,担心只是把孩子看着,没有真正辅导作业和答疑。我们希望领导能督促学校用好课后服务时间,多安排老师辅导作业、讲解难题,特别是数学和英语。孩子睡眠一直比较充足,我们也不希望课后服务再增加负担,能保证休息。我们家庭条件一般,但希望孩子能考上大学,请领导多关心农村孩子的课后学习。"
7A4C735D91066D632FBBB15AE9DE36026C1A036D4162B20F6BCC44BA1D9613B3,关于提升乡村初中课后服务质量的建议,"您好,我是西部乡村一名初中学生的家长。家里经济条件一般,我和孩子爸爸都要上班,自己文化程度不高,辅导孩子作业越来越吃力。目前孩子参加了学校课后服务,作业时间也符合规定,我们很感激。但心里还是担心,乡村学校条件有限,老师任务重,课后服务能不能真正辅导好作业、开展一些有益活动?希望有关部门能督促加强乡村学校课后服务的师资和经费保障,落实作业辅导和素质拓展,同时建立家长反馈渠道,让服务更规范、更有效。这样既能帮助我们这样的家庭减轻负担,也能避免有些家长因为管不好又去寻求不规范培训。谢谢。"
DD99A4C8C721EFF3EC53D5252289236D727CDC789BABCB0AD5B4ADF17ABB5A75,乡村初中课后服务能否持续并提升质量,"我是西部农村一名初中生的家长。孩子本月参加了学校的课后服务,书面作业量也符合规定,这让我们双职工家庭轻松了不少。我们家经济条件一般,我们两口子文化程度不高,没法辅导功课,以前也没条件上补习班。现在学科培训少了,我们更依赖学校。但农村学校条件有限,我担心开学后课后服务能不能继续做到每天两小时,会不会只是把孩子圈在教室里,没有真正的作业指导和兴趣活动。暑假我们还能勉强安排,开学后干活时间和接送不好协调,如果学校能稳定提供到放学后的服务,内容再丰富些,比如老师答疑、体育锻炼、阅读,我们就能安心工作。希望领导多关注农村学校的课后服务,保障经费和师资,别让好政策只停在文件上。"
ACD4654279C162BF20F6BDB32F31E99F32F349893B8DCAE56C0DE26681C57FFF,希望加强农村学校暑期课后服务保障,"领导您好。我是西部农村一名初中生的家长。孩子今年暑假参加了学校的课后服务,这对我们这样的家庭很重要:我们大人白天都要忙生计,家里人口多,经济条件一般,文化程度也不高,没有能力辅导作业,也负担不起外面的培训。孩子能去学校,我们放心一些。但目前最担心的是,农村学校条件有限,课后服务可能只是把孩子集中看管,内容比较单一,作业辅导和兴趣活动不一定能跟上;另外暑假天气热,孩子在校时间长,校园消防、监控和课间安全管理能不能保障,我们心里没底。希望领导能督促相关部门,对农村学校暑期课后服务加强经费和师资保障,丰富服务内容,同时把安全设施和管理抓细一些,让像我们这样的家庭真正受益。谢谢。"
AA78DF294C0F1BE52CE34233FF4D191BA57C89FB2CEA62B3DD974A4C53544B2F,关于提升农村初中课后服务实效的诉求,"我家在西部农村,经济条件有限,我和孩子妈妈文化程度都不高,平时都要工作,家里人口多,辅导孩子学习确实吃力。孩子正在读初中,这个暑假参加了学校的课后服务。我们很感谢学校提供课后服务,也支持现在关于作业总量、校外培训的规定。但作为家长,我比较担心课后服务只是集中看管,没有真正帮助孩子解决作业中的困难,特别是在我们农村学校,老师数量本来就紧张,课后服务内容能不能保证?我们家庭没有能力再给孩子报任何辅导班,现在校外学科培训也少了,学校课堂和课后服务几乎是孩子学习的全部依靠。希望领导能督促学校把课后服务做好,加强作业辅导,适当安排阅读、体育和兴趣活动,不要流于形式;同时保障老师的时间和待遇,让老师能安心指导。暑假结束后,也希望课后服务能继续自愿参加、内容更丰富,不要增加我们这样的家庭负担。"
793574CA11FF52D4A495F2FF4C7DBDFA8E19BBCF4F1318A4556C3D55C256FE87,关于提升农村初中课后服务质量的诉求,"领导好。我是一名农村初中学生的家长。家里经济条件不太好,我和孩子妈妈都在打工,文化程度不高,辅导不了孩子功课。孩子现在参加了学校的课后服务,每天时间不短,但我不清楚具体在做什么,担心只是把孩子集中看管,没有老师认真指导学习。我们这边学校不是重点,老师负担也重,怕课后服务流于形式。孩子睡眠时间倒是够,但我们希望他以后能考上大学,光靠学校课堂可能不够。希望政府能加强对农村学校课后服务的监管,督促学校丰富内容,真正有老师辅导作业、答疑,最好能有些兴趣活动,让孩子不用花钱也能学到东西。谢谢。"
6582CEBE66D7FA0C11B2AD09271F30ADEB9DF5542F61447B61B405BE0324A898,希望秋季开学后学校课后服务能真正解决双职工家庭接送和辅导难题,"我家孩子读小学,在公办重点学校,但我们夫妻都在外工作,家里老人帮不上忙,每天接送和辅导作业压力很大。学校离家远,单程时间不短,放学时间又早,我们下班根本赶不上接。现在听说学校要完善课后服务,自愿参加、内容多样,我们非常期待。可是又担心学校只是走形式,时间衔接不上,或者变相补课、收费高,我们经济条件一般,承受不起。孩子以前没上过学科辅导班,作业时间也符合规定,但我们文化水平不高,辅导不了多少。希望领导能督促学校把课后服务做实,真正让我们这样的家庭能放心上班,孩子放学后有人管、有活动参加,费用上也能照顾一下普通家庭。"
8A889FF19E62495FA69714D794965810C37E51CDAD8FB8032F81810393477B9B,关于小学课后服务落实和双职工家庭接送难题的求助,"我是一名小学生家长,我们夫妻俩都在上班,平时工作时间和孩子放学时间冲突很大,家里又没有专人接送,孩子学校离家还比较远,单程通学时间长,每天放学后的照看问题一直让我们很发愁。暑假马上结束,新学期就要开始,听说现在要求学校完善课后服务,我们非常期待,但也担心学校落实不到位。我们家庭经济条件一般,孩子没有参加校外培训,文化程度也有限,辅导作业有困难。希望领导能督促学校在新学期提供真正高质量、时间衔接好的课后服务,内容上不只是看管,最好能加强作业指导、开展一些兴趣活动,让孩子在校内就能完成作业、得到发展,也请关注课后服务的师资和经费保障,别让好政策流于形式。"
4D1178521DA28AAA8F8E2C6E9D05286DF9F946816B5D159A968EE9392EF8FC4A,希望学校落实课后服务解决双职工接送难,"领导好,我是一名小学生的家长。我们夫妻都要上班,家里时间很紧,孩子学校离家比较远,单程路上要花不少时间,路上还要过天桥,刮风下雨很不方便,老人接送实在吃力。马上要开学了,我们很担心下午放学接不上。听说现在要求学校开展课后服务,自愿参加,时间能衔接家长下班。我们希望学校能真正把课后服务办起来,最好能到我们下班后,或者能安排校车,减轻老人接送负担。我们收入不高,也没法报校外班,就盼着学校能帮一把。"
1EB97166265EC8CEB881A1501E58E9AFE11556EE1C00ADD5C7580639EBE3C751,关于双职工家庭小学生课后照护问题的诉求,"领导您好,我家孩子上小学,我们夫妻都在上班,家里经济条件一般,学校离家比较远。开学后孩子下午放学早,我们下班时间赶不上接孩子,孩子放学后没人看管,作业辅导也成问题。我们了解到现在政策要求学校提供课后服务,希望政府能督促学校真正落实,把课后服务时间延长到家长下班后,最好能有老师辅导作业。另外,学校距离远,每天接送很吃力,能否一并考虑校车或者交通安排。我们家庭困难,请领导体谅双职工家庭的难处,帮我们解决后顾之忧。"
230A13A00977AD860BC9839705FBF0601CF0FA2DE0EE640182B2E11B10D44A8F,希望课后服务更贴近双职工家庭实际需求,"我们夫妻平时都要上班,下班时间较晚,家里老人也不在身边,孩子学校离家又比较远。现在孩子参加了学校课后服务,我们很感谢。但马上要开学了,我们担心课后服务的结束时间仍然比我们到家时间早,孩子放学后没人照看,作业虽然书面量不大,可我们文化程度有限,没法辅导,外面学科培训班又不好找,心里很焦虑。希望政府能督促学校在开学后把课后服务时间再适当延长一些,尽量与家长下班时间衔接好,让孩子在校内把作业基本完成,老师能多给些指导,这样我们也能安心工作,孩子也能早点休息。"
30399C7B21A516D4152F7B447627A566A6191F42C8C1F2AA48458BE44CAFB463,课后服务结束后孩子接送难盼解决,"领导您好,我是一名小学生家长。我们夫妻都在上班,家里时间很紧,孩子现在参加了学校的课后服务,但课后服务结束时间可能还是赶不上我们下班,孩子一个人回家路又远,我们很不放心。希望领导能督促学校把课后服务时间再弹性延长一些,让我们双职工家长能下班后去接;如果实在延长不了,能否帮助协调校车或者安排专人看护到家长到校,保障孩子安全。也请领导关心一下课后服务的内容质量,让孩子这段时间能有人管、有活动,而不是干坐着。我们普通家庭也不打算给孩子报校外培训班,就指望学校课后服务能帮我们解决实际困难。谢谢领导。"
58079CA9F2914B77CEF0CC22F017F6D4B8096E3ADCDFEFB6A20C403EC3F982E0,关于课后服务时间衔接与接送困难的建议,"领导好,我是小学生家长。家里是双职工,平时主要靠老人接送孩子,学校离家比较远,过天桥、刮风下雨都很不方便。现在学校按要求提供课后服务,每天至少两小时,孩子这个月也参加了,我们很感激。但作为家长还是担心课后服务结束时间是否真正衔接我们下班时间,内容是否丰富,照管是否安全。希望政府能继续督促学校把课后服务做细做实,比如适当延长服务时间、增加阅读和体育活动,条件允许时考虑安排校车或增设集中照护点,减轻老人接送负担,让我们双职工家庭更安心。"
41C72F1E734839DDB8EE8A76A197ABF5AC740F39C3379B452BDA5989C76375CF,关于课后服务结束后双职工家庭接送衔接的诉求,"领导您好。我家是双职工家庭,经济条件一般,孩子目前上小学,本月已经参加学校的课后服务。但因为我们下班较晚,加上孩子单程通学时间较长,课后服务结束后我们很难及时赶到学校接孩子。家里老人年纪大,接送也不方便,我们很担心这段空档期的看护和路上安全。希望政府能协调学校,在课后服务的基础上,为确有困难的双职工家庭提供弹性延时看护,或者统筹安排校车、集中安全交接,让孩子放学后能有个安稳的过渡。这样我们家长也能安心工作。谢谢。"
59F87A713922102795EDA06FE3D6CE1B6090683D3A92FD6500DB9C2125FD1A6F,关于优化学校课后服务时间衔接与内容的建议,"我家孩子在公办小学就读,我们夫妻都是上班族,家庭经济条件一般,暑假期间孩子参加了学校课后服务,解决了部分看护难题,但课后服务结束时间与我们下班时间衔接不上,我们接送非常困难,只能想办法克服。我们文化程度不高,辅导孩子作业力不从心,希望课后服务能加强作业辅导和兴趣活动,让孩子在校内就能完成学习任务,减轻家长负担。另外,孩子上学路程较远,课后服务结束后回家较晚,担心影响孩子睡眠,希望学校能合理安排服务内容和时长。新学期也恳请领导关注课后服务的实际落实,确保时间衔接、内容丰富、收费合理,真正解决我们双职工家庭的后顾之忧。"
F95AD113A9D7DE957A1A6256C667D806845396A3E26DC20C14165C2BD0C74FFA,关于完善小学课后服务解决双职工接送难的建议,"领导您好。我是一名小学生家长,我们夫妻都在上班,文化程度不高,辅导孩子作业比较吃力。孩子所在学校离家较远,每天上下学接送是个大难题。现在学校开设了课后服务,孩子也在参加,但我们心里还是不踏实:一方面担心课后服务结束时间跟我们下班时间衔接不上,孩子还是要面临无人看管的空档;另一方面我们也不太清楚课后服务里作业指导做得怎么样,怕孩子回家后我们还是不会教。希望领导能督促学校把课后服务做得更实在一些,最好能提供延时看护、加强作业辅导,如果有条件也能协调校车,解决我们双职工家庭的后顾之忧。"
9D5A3B0277F2D2E4C2FBB2C570161D6918C40893FBC3F10696EAE64BE27BB6AB,关于完善学校课后服务接送保障减轻双职工家庭压力的建议,"我家孩子就读公办重点小学,单程通学时间较长,我们夫妻都在上班,经济条件一般,家里时间和人手都很紧。这个月孩子参加了学校课后服务,校内看护解决了一部分问题,作业量也符合规定,我们很感激。但课后服务结束后,孩子仍需较长时间才能到家,途中交通安全隐患多,尤其遇到刮风下雨更让我们揪心;我们下班时间经常衔接不上,如果临时请老人接送,老人腿脚不便也很吃力,找社会托管又增加经济负担。希望领导能协调学校和相关部门,在现有课后服务基础上进一步优化放学时间与双职工下班时间的衔接,或提供方便安全的校车、临时看护;同时保障课后服务内容多样、有教师辅导,让孩子在校内既安全又能完成作业、参加活动,真正减轻我们这类普通家庭的接送和看护压力。"
CE971AD49D57E41F6047470EA8959885C8325EC82E11AA786FB9A7ECB9FD6725,关于解决双职工家庭小学课后服务衔接问题的建议,"领导您好,我是一名小学生家长,我们夫妻双方都在上班,家里经济条件一般,文化程度也不高。孩子在本市一所公办重点小学就读,学校离家比较远,单程通学时间较长。目前孩子参加了学校课后服务,我们很感谢政府提供的这项服务,确实减轻了一些负担。但开学后我们仍然担心:课后服务结束时间可能还是比我们下班时间早,接孩子依然困难;而且路上时间长,我们担心孩子安全。另外,我们自身辅导作业能力有限,希望课后服务能加强作业指导,让孩子在学校完成大部分作业。恳请领导协调相关部门和学校,适当延长课后服务时间,或者提供校车等安全接送方式,让我们双职工家庭能安心工作,孩子也能安全成长。谢谢。"
1CA2B29B2583740338880B52014AB097F16FAA9B217492481D37B35A345F1B5E,关于暑期课后服务提质和解决双职工家庭后顾之忧的建议,"我是小学生家长,孩子就读公办重点小学,但学校离家较远,单程通学时间长。我们夫妻双方都在上班,文化程度不高,家庭收入一般,时间很紧张。暑假期间学校提供了课后服务,孩子也参加了,书面作业量符合规定,我们很感激。但我们一直没给孩子报过校外学科培训班,现在外面的培训班也不好找,我们自己又辅导不了,很担心孩子学业跟不上。希望政府能督促学校在暑期课后服务中加强作业指导和兴趣活动,真正帮助孩子巩固知识、发展特长,而不是单纯看管。另外,希望服务时间能更好衔接我们下班时间,减少通学时间长带来的接送困难,让我们这样的普通家庭也能安心工作,孩子也能有更好的成长机会。"
FE79AE33812E955D3A73607602AA9ADE957D15AFE4A04369B5FD843029304E25,关于小学课后服务延长与通学交通保障的诉求,"领导您好,我是一名小学生家长。孩子就读公办重点小学,不在毕业年级,学校离家远,单程通学时间比较长。我们夫妻双方都在上班,经济条件一般,家里没有条件请人接送,也没有给孩子报过学科类课外班。这个暑假孩子参加了学校的课后服务,我们很感激,但马上要开学了,最担心的是开学后课后服务时间是不是够用,能不能和我们下班时间接上。如果学校课后服务还是按照原来的时间结束,我们双职工家庭接孩子就很困难,可能只能让家里老人来回奔波,刮风下雨更不安全。希望领导能协调学校在开学后继续提供足时、有质量的课后服务,尽量延长到家长正常下班后,同时在交通方面给予支持,比如优化公交线路或协调校车,减少孩子路上的风险。作业方面,现在规定小学作业不超过60分钟,我们孩子目前作业量还好,希望学校开学后也能继续保持,不要增加负担,让孩子能睡够觉。谢谢领导。"
8E9D905BDC99A06AC51F395E7A9F49411DC15060EC176EA40412408B03B60157,希望课后服务时间质量都能有保障,"领导您好,我是一名小学生家长。我们夫妻双方都在上班,每天工作时间固定,家里经济条件一般。孩子就读的是公办重点小学,教学质量我们放心,但学校离家比较远,单程要花不少时间。现在放暑假,我们最担心的就是白天没人看管。这个月学校提供了课后服务,孩子也参加了,我们白天能安心一点。但我们很担心这个服务能不能长期做好:时间上能不能和我们下班时间衔接上?内容上除了看管,能不能多一些作业辅导和阅读、运动?师资和经费有没有保障?我们收入不高,也上不起外面的培训班,如果学校课后服务能办好,就是帮我们解决了最大的难题。希望领导能督促学校把课后服务稳定下来,提高质量,不要走走形式。"
1E070A601D83955E28C6989606981F83413D65939AF9F9FDF54448C366223ED1,关于优化学校课后服务缓解双职工家庭压力的建议,"尊敬的领导:我是小学阶段学生家长,家住东部城镇,夫妻双方均需上班,家庭经济条件一般,孩子就读公办重点学校,单程上学路程较远。当前正值暑假,孩子本月参加了学校的课后服务,每天原则上不少于两小时。我们非常感谢政府提供课后服务,但同时也有些担忧。我们了解到有关政策要求学校完善课后服务,强调内容多样、时间衔接、师资经费保障。但作为双职工家庭,我们确实面临接送难、辅导难的问题。由于家庭经济条件有限,无法给孩子报名校外培训,特别希望学校的课后服务能够在作业辅导和素质拓展方面提供更多支持,而不是简单看管。同时,我们下班时间较晚,加上通学路程远,课后服务结束后的时间衔接也存在困难。另外,本地区小学师资负荷较高,学校点密度较低,我们也担心课后服务的质量和安全能否得到保障。恳请领导重视我们这类家庭的困难,督促学校进一步优化课后服务内容,合理安排作业辅导和兴趣活动,适当延长服务时间至家长下班后,并保障师资配备和孩子在校安全。感谢领导关注。"
AE7BFF4153983374A784AB19A6712A865F0D934516CFA0E2FF10321F0FB5B061,关于暑期学校课后服务与家庭接送辅导困难的诉求,"我是一名小学生家长,家里经济条件一般,我们夫妻俩都在上班,文化程度不高,辅导孩子学习很吃力。现在放暑假,学校有课后服务,孩子也参加了,但我们家离学校比较远,单程通学时间长,每天接送很费劲,天气又热,孩子也休息不好。我们以前没给孩子报过外面的学科培训班,现在外面的培训也少了,我们更担心孩子学习跟不上,以后考不上大学。希望政府能多关心我们这样的双职工家庭,让学校课后服务的时间能更灵活一些,内容更丰富,特别是加强作业辅导和学业指导,最好能考虑我们离家远的问题,比如适当延长服务时间或者提供一些交通衔接帮助,让我们能安心工作,孩子也能在暑假里学有所获。谢谢。"
D5F1F3B1C4B733503EE32A345C4612295AD0A7FB546F719D628B7D9169C0CFB9,"希望优化学校课后服务时间与接送安排,缓解双职工家庭压力","领导好,我是本地一名小学生的家长。我们夫妻平时都要上班,家里收入不高,孩子上学单程路比较远,每天的接送一直是我们最头疼的事。现在学校开展了课后服务,孩子这个月也参加了,我们确实感到轻松了一些。但因为下班时间和课后服务结束时间对不上,我们仍然很担心孩子放学后没人接、在路上不安全。像我们这样文化程度不高的家长,辅导作业也很吃力,又没条件给孩子报外面的辅导班。希望领导能协调学校,把课后服务时间再弹性一些,允许确有困难的家庭申请延长看护;同时多安排老师在校内辅导作业、组织一些兴趣活动,让孩子在学校就把学习上的问题解决好,也减轻我们的经济和时间负担。谢谢领导。"
0B6CA83FBB6D2D83B0BCB0539CD11BACE039BA7BA633346DA97246D9F92480B2,关于优化小学课后服务时间衔接与内容的建议,"我是一名小学生家长,夫妻双方都在上班,工作地点较远,每天接送孩子很吃力。孩子就读公办重点学校,单程通学时间长,家里老人逐渐不便接送。现在孩子参加了学校课后服务,但服务结束时间与我们的下班时间衔接不上,结束后孩子无人照看,我们经济条件一般,外面托管贵且不放心。希望领导能协调学校适当延长课后服务时间,特别是暑假期间也能做好全天衔接,丰富活动内容,减轻家庭经济和照护压力,让孩子安全、充实地度过假期和放学后时间。"
B653E579A09BB2181394F772C70924F6765FEB1364B91A0519C45B47C86D9ECA,关于优化小学课后服务时间与内容、缓解双职工家庭接送难题的诉求,"领导您好。我家孩子上小学,学校离家比较远,我们夫妻俩都要上班,家里经济条件也一般,没法给孩子报外面的培训班。现在孩子参加了学校的课后服务,但心里还是不踏实:一是课后服务结束时间可能跟我们下班时间对不上,接孩子还是困难;二是不知道课后服务除了看管,能不能真正辅导作业、开展一些有益的活动。我们家长文化程度不高,辅导不了孩子,就盼着学校能把这些做好。希望政府能督促学校把课后服务时间延长一些,跟家长下班衔接好,内容上多些作业辅导和兴趣活动,另外能不能考虑开通校车或者协调公交,解决孩子上下学接送难的问题。这样我们双职工家庭才能真正安心工作,孩子也能得到更好的照顾。谢谢。"
