request_row_id,title,content
53C631FEA280DCA87A343726A8BC9CFD126DE9C8B12943EF0E39E3D4783DFCAC,关于小学减负政策落实与教师态度的反映,"领导您好,我是一名小学生的家长。孩子就读于本地一所公办重点小学,目前正值暑假,书面作业情况暂时符合规定,但我心里始终不踏实。从周边家长以往反映的情况看,类似学校普遍存在开学后作业量猛增的问题,经常通过班级群布置额外练习,要求孩子抄写,甚至课堂作业也要带回家完成,孩子写到深夜是常事。我们家长文化程度不高,辅导起来很吃力,经济上虽然能帮孩子报班,但更希望学校真正落实减负要求。另外,有家长私下说部分教师对家长态度蛮横,训斥家长像训学生,大家敢怒不敢言。希望领导能督促学校严格规范作业管理,畅通家校沟通渠道,让减负政策真正落地,让孩子能有充足睡眠和正常成长空间。"
45232621DFE50A5C0CBA05EAB6F918CFCBEA89F04BB51516826C719EBA63C39C,"希望开学后能真正落实作业减负,别让家长成了“助教”","领导好,我家孩子上小学,学校是重点学校。以前听别的家长说作业特别多,经常写到很晚,还要家长在微信群里看作业、抄题,我们两口子文化程度不高,很多题辅导不了,心里着急。现在听说上面有新规定,要控制作业总量、提高质量,还要有课后服务,我们很高兴。但现在是暑假,还没看到开学后的情况,就怕开学后学校还是老样子,作业照样多,老师还是把任务推到家长头上。希望领导能督促学校真正把新要求落实到位,特别是低年级不布置书面家庭作业,课后服务能让孩子在学校把作业完成,别把负担转给家长。我们也愿意配合学校,但希望是合理配合,不是天天当“助教”。"
BE7E2E89834C879B8F6DABE207FB52B367D0DF1C3996CA4EDE281E01937A3BF4,关于新学期防止小学家庭作业负担反弹的建议,"领导您好。我家孩子在本市一所公办小学读低年级,按年级规定是不布置书面家庭作业的。这个寒假和开学过渡期,孩子作业量看着还符合要求,也参加了学校课后服务。但我和身边一些家长还是担心,开学后作业负担会不会反弹。以前听别的家长说过,有些学校课后服务只是看管,书面作业还是带回家,甚至课堂作业也让家长盯着补,微信群天天发练习,老人根本弄不了。我们希望教育部门能持续监督学校,尤其是那些重点示范小学,别因为抓成绩就变相增加作业,让课后服务真正把作业辅导解决在校内,别把负担转嫁给家长。"
B9BFAAA46E40617A7E33D22DD728DFAC13F2260CD0C5CA0485F5ED9C0F04C7FB,关于课后服务内容与作业管理的建议,"领导您好。我家孩子在公办小学读书,目前学校提供课后服务,孩子也参加了。我们家长文化程度不高,辅导作业比较吃力,希望学校能利用课后服务时间加强作业指导,让孩子尽量在学校完成作业,回家后能早点休息。同时也担心课后服务变成变相集体补课或只安排写作业,孩子压力反而增加。另外,现在这个年级原则上不布置书面家庭作业,但周边一些学校以前有过作业多、老师让学生统一口径的情况,我们担心政策落实不持久。希望领导督促学校把课后服务做实,多安排体育、艺术、阅读等活动,真正减轻孩子和家长的负担。"
2E4A73B33D7BE8C359A2F06C2F01074F3BE0C985A1E2CC109E4145A2932830CA,关于小学课后服务落实与作业负担问题的建议,"领导您好,我是西部城镇一名小学生家长。孩子现在上小学,本月学校课后服务也参加了,书面作业情况基本符合当前年级的规定,这让我们松了一口气。但结合身边其他学校的情况和以前的经验,我们仍然很担心:有的学校平时作业布置得很多,孩子写到晚上十一二点,临近考试更严重,老师还要求家长在微信里看作业、抄题,我们文化程度不高,老人也不懂微信,辅导起来非常吃力。希望领导能持续关注小学课后服务的实际质量,督促学校严格落实减负要求,课后服务不要变成变相补课或增加作业,同时加强对教师作业管理和师德方面的监督,避免出现课堂作业带回家做、用微信群布置大量练习等情况,真正减轻孩子和家长负担。"
888A3EE354F348771898644D079400E867B06A03AF09775CDC9B00A6394CCB7E,希望加强学校课后服务的学习辅导内容,"领导您好,我家孩子在城镇一所公办小学读书,这个暑假参加了学校课后服务。我们家长文化程度不高,孩子现在书面作业很少,我们想辅导也不知道从哪下手。听说现在外面补习班少了很多,我们也不敢随便找。希望学校课后服务不只是看着孩子,能安排一些老师带着复习预习、培养学习习惯,或者开展一些兴趣活动,让我们家长放心。以前总听说有的学校作业多到孩子写到很晚,现在作业少了是好事,但我们也怕孩子光玩把基础落下了。请领导帮忙督促学校把课后服务的内容丰富起来,真正解决我们这种家长辅导不了的困难。"
3DBD63D7EA77AB9EF3D7327820BAD9B928B2A7DC9CD40D05D752F85ED0FF60E9,关于小学课后服务落实与作业负担问题的建议,"领导您好,我是西部城镇一名小学生家长。孩子现在上小学,本月学校课后服务也参加了,书面作业情况基本符合当前年级的规定,这让我们松了一口气。但结合身边其他学校的情况和以前的经验,我们仍然很担心:有的学校平时作业布置得很多,孩子写到晚上十一二点,临近考试更严重,老师还要求家长在微信里看作业、抄题,我们文化程度不高,老人也不懂微信,辅导起来非常吃力。希望领导能持续关注小学课后服务的实际质量,督促学校严格落实减负要求,课后服务不要变成变相补课或增加作业,同时加强对教师作业管理和师德方面的监督,避免出现课堂作业带回家做、用微信群布置大量练习等情况,真正减轻孩子和家长负担。"
B2D1E7D990F8FBB17D726F012BFFC230577E6EC9D29FFB1BF61ACF2907205431,希望课后服务别变相增加作业负担,"领导好,孩子这个月在学校参加课后服务,说每天有两个小时。我们家长文化程度不高,家里虽然条件还可以,但最怕这两个小时变成上课、补课或者又布置作业。以前常听说有班级在群里发练习题,孩子作业写到很晚,我们不想暑假也这样。希望上级能督促学校把课后服务真正做成自愿、多样,有老师指导写好作业,不要变相增加书面作业和考试压力,也别把辅导责任又推给家长。"
2BCB84547346931935A68D4DD0A8F4189857C293118EF91871CAE2B94FCD3BF3,关于小学课后服务落实与作业负担问题的建议,"领导您好,我是西部城镇一名小学生家长。孩子现在上小学,本月学校课后服务也参加了,书面作业情况基本符合当前年级的规定,这让我们松了一口气。但结合身边其他学校的情况和以前的经验,我们仍然很担心:有的学校平时作业布置得很多,孩子写到晚上十一二点,临近考试更严重,老师还要求家长在微信里看作业、抄题,我们文化程度不高,老人也不懂微信,辅导起来非常吃力。希望领导能持续关注小学课后服务的实际质量,督促学校严格落实减负要求,课后服务不要变成变相补课或增加作业,同时加强对教师作业管理和师德方面的监督,避免出现课堂作业带回家做、用微信群布置大量练习等情况,真正减轻孩子和家长负担。"
FEA5AA051E5E4DD26F3D236C82D104903AF13309C28C81F7FD856DCD46EF9A31,希望领导监督学校课后服务和作业减负落实,"领导您好,我家孩子在咱们这里一所公办小学读低年级,按政策这个年级不布置书面家庭作业,现在放暑假学校有课后服务,孩子也参加了。但我们家长文化不高,听说以前有的学校老师布置很多作业,孩子写到半夜,上面来检查的时候老师还教孩子说假话。我们就担心开学以后老师又偷偷加作业,或者把课后服务时间用来上课、考试,孩子回家照样写到很晚。希望领导督促学校真正落实减负,让课后服务多开展一些活动,帮孩子在学校完成作业,别让家长天天跟着焦虑。谢谢。"
4BE78F2B7718936ABD3D654DBBB1EA631FAF8645DBAAE0A6814F5179C623B533,关于乡村小学师资稳定与作业管理的诉求,"领导好,我家孩子下学期升入新年级,在村里公办小学上学。家里条件一般,我们文化不高,也没钱给孩子报课外班,只能依靠学校老师。孩子平时睡眠充足,暑假作业符合要求,我们比较放心。但我们听说附近一些学校老师流动比较频繁,心里很担心开学后班级老师不稳定,孩子刚升年级又要适应新老师,影响学习。我们盼着孩子将来能考上大学,可如果小学阶段师资跟不上,高年级会更吃力。按规定小学生书面家庭作业时间不应超过一个小时,希望开学后学校能继续控制好作业量,别骤然增加。恳请领导们关注乡村小学师资稳定和作业管理,让普通家庭孩子也有公平的学习环境。"
2C9A8E0FF054639D26F4316F81D42ABE4F404EB59773FA3CC5E5360E568A5BD6,关于乡村升学衔接期孩子课后服务和作业辅导的担忧,"领导好,我是东部乡村一名小学生的家长。孩子今年暑假后就要升入衔接年级,家里经济条件一般,我和家人文化水平不高,以前也没给孩子报过学科类辅导班,学习上能帮的很少。眼下最愁的是开学后课后服务到底能不能真正接住我们这样的家庭。孩子学校是普通公办学校,资源本来就有限,我们担心新学期课后服务只是看管,缺少老师认真辅导作业、巩固基础;也担心学校师资不稳定,换老师频繁,孩子升年级后不适应。家里人口多,照护压力大,大人还要忙生计,实在没有能力另外花钱补课。希望领导能多关心乡村普通学校,督促学校把课后服务做实,优先保障作业指导和基础辅导,让师资安排稳定一些,别让孩子因为家庭条件跟不上。我们也希望相关部门能对学校管理、师资配备进行核查协调,让农村孩子也能享受到实实在在的帮助。"
7CA9AF27F044F4DAD16ECEA70B063D8AD9C33C881F4566463962E713A2E58781,关于农村小学升学衔接阶段教育支持的请求,"我是东部农村一名小学生家长,孩子现在读升学衔接年级。家里经济条件不好,我们大人文化程度也低,辅导不了孩子功课。现在孩子书面作业时间虽然没有超过规定,但我们很担心开学后跟不上,更怕将来考不上大学。孩子目前没有参加学校课后服务,也没有上校外培训班。农村学校本来资源就少,有时老师换得勤,管理也不够稳定。希望政府能重视农村学校软件建设,在升学衔接阶段给孩子提供更多校内辅导或课后帮扶,让家里条件差的孩子也能得到公平的教育机会,别因为家长没能力就耽误了孩子。"
049E715045B3C0B07E5CE8F76A1772D0C7792822F4B8543336667043ACCD64C2,关于农村学校课后服务质量和实效的担忧与请求,"我是农村一名小学生的家长,孩子正处于升学衔接年级。家里经济条件有限,我们文化程度不高,辅导孩子学习很吃力。这个月孩子参加了学校的课后服务,我们本来觉得是好事,但心里一直不踏实。我们学校不是重点学校,农村学校条件相对薄弱,担心老师流动性大、年轻老师少,课后服务会不会只是让孩子坐着写作业或者自由活动,没有真正的辅导和拓展。孩子马上面临升学衔接,我们担心光靠现有课后服务,学习基础打不牢,将来跟不上。另外,现在外面的学科辅导班少了很多,我们这样的家庭更依赖学校,希望领导能重视农村学校课后服务的实际质量,加强师资配备和管理,让课后服务真正有内容、有指导,而不是流于形式。同时,农村很多孩子由老人接送,课后服务时间如果安排不当,老人腿脚不便,刮风下雨更困难,也请统筹考虑时间安排和安全保障。"
C2C565EF6B6099149CEBC810ADF266D601FE56276711EC34CFD492B6B3D7FB2F,乡村孩子升学衔接阶段教育保障诉求,"我是一名乡村学生的家长,孩子正处在升学衔接年级,暑假后就要进入新学段。家里经济条件有限,我和家人文化程度不高,这个暑假孩子没参加学校的课后服务,以前也没有上过课外补习班。目前看孩子的作业时间是符合规定的,但我更担心开学以后。我们这边是乡村学校,我了解到一些类似情况的家庭,最发愁的就是学校软件跟不上,师资不太稳定,管理也需要优化。家里同住人口多,平时照看孩子的主要是老人,如果新学段学校离家远、接送不便,或者老师更换频繁、教学抓不紧,孩子很容易在这个关口掉队。作为家长,我们一直希望孩子能考上大学,不想因为资源不均衡耽误了他。恳请领导关注乡村学校在升学衔接阶段的师资配备和教学管理,协调相关部门做好保障,让孩子能平稳过渡、安心上学。"
1B533AD9222627EC79E1F2710C7C017588A3591E94BBD4220797869D8682AB01,关于乡村小学课后服务质量的求助,"领导好,我是东部乡村一名小学生的家长。孩子正处在升学衔接年级,家里经济条件比较紧,以前也没上过校外学科培训,就指望学校能把孩子教扎实。这个暑假孩子在学校参加课后服务,制度上说每天至少两小时、自愿参加,但我们最担心的是服务质量。乡村学校本来就存在师资不稳定、老师年龄偏大、管理不够精细的情况,课后服务如果只是把孩子集中看着,没有针对升学衔接的作业指导和学习习惯培养,对孩子帮助很有限。家里老人多,父母文化水平也不高,辅导不了功课,孩子睡眠是够的,我们也希望他将来能考大学,但这需要学校在课后服务里把内容安排充实,特别是衔接年级的知识巩固和阅读、数学思维这些。希望领导能核查一下我们这类乡村公办学校的课后服务实际开展情况,督促学校加强师资保障,别让课后服务流于形式,真正帮到像我们这样没有条件报班、只能依靠学校的普通家庭。"
2F9FBC35230CB4243E7B7166560B81D6B84698E1100C2EB0688003EA2A5BF928,乡村孩子升学衔接阶段教育保障诉求,"我是一名乡村学生的家长,孩子正处在升学衔接年级,暑假后就要进入新学段。家里经济条件有限,我和家人文化程度不高,这个暑假孩子没参加学校的课后服务,以前也没有上过课外补习班。目前看孩子的作业时间是符合规定的,但我更担心开学以后。我们这边是乡村学校,我了解到一些类似情况的家庭,最发愁的就是学校软件跟不上,师资不太稳定,管理也需要优化。家里同住人口多,平时照看孩子的主要是老人,如果新学段学校离家远、接送不便,或者老师更换频繁、教学抓不紧,孩子很容易在这个关口掉队。作为家长,我们一直希望孩子能考上大学,不想因为资源不均衡耽误了他。恳请领导关注乡村学校在升学衔接阶段的师资配备和教学管理,协调相关部门做好保障,让孩子能平稳过渡、安心上学。"
489376D4399106DEFD00AC17C03116D83F433CD6C7EBEE4827121FA4FB5B05EE,关于农村学校课后服务和作业辅导的关切与建议,"领导好,我是农村的一名学生家长,孩子正处在升学的衔接年级。家里经济条件不好,我和家人文化程度也有限,辅导作业很吃力。这个暑假孩子参加了学校的课后服务,我们很感谢有这样的安排。但农村学校条件有限,我们担心课后服务容易变成单纯看管,老师不稳定、内容单一,作业辅导和衔接学习跟不上。以前我们没给孩子报过校外培训班,现在外面的学科培训也少了,更盼着学校课后服务能真正帮到孩子。希望领导督促相关部门,多给乡村学校补充和稳定师资,优化课后服务内容和作业指导,让农村孩子不因家庭条件差而掉队。"
CFA21972D772E6A3B6AA908A1285C2E9C178DBC770CEA945509639239F7446EE,乡村孩子升学衔接阶段教育保障诉求,"我是一名乡村学生的家长,孩子正处在升学衔接年级,暑假后就要进入新学段。家里经济条件有限,我和家人文化程度不高,这个暑假孩子没参加学校的课后服务,以前也没有上过课外补习班。目前看孩子的作业时间是符合规定的,但我更担心开学以后。我们这边是乡村学校,我了解到一些类似情况的家庭,最发愁的就是学校软件跟不上,师资不太稳定,管理也需要优化。家里同住人口多,平时照看孩子的主要是老人,如果新学段学校离家远、接送不便,或者老师更换频繁、教学抓不紧,孩子很容易在这个关口掉队。作为家长,我们一直希望孩子能考上大学,不想因为资源不均衡耽误了他。恳请领导关注乡村学校在升学衔接阶段的师资配备和教学管理,协调相关部门做好保障,让孩子能平稳过渡、安心上学。"
72BAEBE25D3A1EA02832D27593AACDB15FF3995570293F3C579FA580EAF6A3D6,希望加强农村小学课后服务辅导质量和作业统筹,"领导好,我家在乡村,孩子马上要升入新的年级,我们文化水平不高,家里老人也多,辅导功课很吃力。暑假快结束了,孩子现在虽然参加学校课后服务,每周五天、每天两小时,但农村学校老师少、任务重,我们担心开学后课后服务主要是看孩子,作业辅导和活动内容跟不上。孩子正处在升学衔接阶段,书面作业按规定应该不超过60分钟,但实际能不能落实我们心里没底。希望上级能关注农村学校的课后服务师资和经费保障,安排老师真正答疑辅导,让孩子尽量在学校完成作业,不要都压回家。也请学校统筹好各科作业量,高年级也不要突破时间上限。孩子由老人接送,课后服务结束时间最好能和农村家长干活、下班时间接上,并考虑路上安全问题。"
59928CECA457B34748E950199876064896BCB68219847C5BDD67188FA4346B46,关于公办小学课后服务资源保障的诉求,"领导您好。我是本地一名小学生家长,孩子就读公办小学,学校属于非重点校。暑假期间,孩子书面作业符合规定,睡眠充足,但我们双职工家庭照护压力较大,下午孩子在家缺乏系统的阅读和体育活动安排。考虑到开学后该年级原则上不布置书面家庭作业,我们担心孩子放学后缺乏有效照护和学习引导。结合以往入学时家长对教育公平问题的关注,希望领导能统筹协调,推动公办非重点学校提供更充分的课后服务,让孩子可以在校内完成阅读、体育锻炼等非书面学习活动,缓解双职工家庭的接送和辅导压力,也避免家长被迫寻求校外培训。恳请相关部门核查并协调处理。"
67496FA08364CF3914322C6EABE2B28939AA4A7C5D26AD5FDB1F3CC2B4C8D3B0,关于新学期学校课后服务落实的求助,"领导您好,我是一名小学生家长。孩子就读于家附近的公办小学,学校虽然不是重点,但离家近很方便。我们夫妻俩平时都要上班,家里其他成员也各有各的事情,孩子放学后的照看和辅导一直让我们很头疼。现在放暑假还好,但很快就要开学了。我们了解到,现在有要求学校完善课后服务,自愿参加、时间衔接、内容多样,我们非常期待。但同时也担心我们这种普通公办学校,师资和经费有限,课后服务会不会只是做做样子,或者变相变成集体补课,增加孩子负担。我们真心希望领导能督促学校在新学期开学后把课后服务落到实处,保证有老师认真看管和辅导,最好能让孩子在学校就把作业完成,不要再布置书面家庭作业带回家,减轻我们家长的压力。另外,也恳请服务时间能尽量衔接我们下班时间,内容上能丰富一些,让孩子多接触一些有益的活动。麻烦领导帮我们协调推动,谢谢。"
95B977AE45A0C4444D65776DFA9148F74BB179E6C1F3BB814A879AA8B52C17D9,关于春季开学后课后服务需求的留言,"领导好,我们是双职工家庭,孩子就读公办小学低年级。按照现行规定,孩子年级原则上不布置书面家庭作业,放学时间较早。我们夫妻均需上班,家里同住成员虽多,但具体接送照护仍有不便,孩子本月也没有参加学校课后服务。眼看春季开学在即,很担心孩子放学后无人照看、学习生活安排跟不上。希望领导能关注城镇公办小学课后服务的覆盖和规范,协调学校在新学期提供或完善课后服务,适当延长看护时间,安排阅读、体育、兴趣等活动,让孩子安全、充实地度过放学后时段,也让家长安心工作。谢谢!"
74C29081E9596BBF3A9DEF28E145752D4B6AC9B1D462C2DDC2945ADA0B790B4E,关于优化小学课后服务内容的建议,"领导您好。我家孩子在公办小学就读,目前不是升学衔接年级,我们夫妻双方都要上班,家里老人也在帮忙,但辅导孩子学习的时间和精力比较有限。孩子现在每月参加学校课后服务,书面作业总量也符合要求,但我们心里还是有些担忧:作业少了,孩子在校内能不能得到足够的学习指导和巩固?课后服务时间每天有两小时左右,我们希望这段时间不只是简单看管或自由活动,而是能有老师答疑、辅导作业或者组织一些阅读、科技、体育等有益活动。现在的要求强调学校完善课后服务、加强作业指导,我们非常支持,但担心落实质量参差不齐。恳请领导关注学校课后服务的实际开展情况,督促教育部门指导学校丰富内容、保障师资,让孩子在课后服务中既能完成学习任务,又能发展兴趣,也减轻我们双职工家庭的照护压力。谢谢。"
E67E785160FBF10951F465576177C93513DBD2FC111F924946718282C4909FA7,关于小学暑假公益性托管与活动供给的建议,"我是一名小学生家长,孩子就读公办小学,现在放暑假。我们夫妻双方都需要上班,孩子假期在家缺少有组织的学习和活动安排。孩子本月没有参加学校课后服务,目前也没有参加学科类培训班。希望领导能协调相关部门和学校,在暑假期间提供一些公益性的托管、兴趣小组、阅读指导或体育活动,既丰富孩子的假期生活,也能减轻双职工家庭的后顾之忧。同时,建议在不增加书面作业负担的前提下,学校能适当安排一些非书面类实践任务,帮助孩子保持学习习惯。谢谢。"
A85A0B267B78B391E7E1B60BA0374D4B9A6C8A5D3E7F754148050574231C5401,请关注暑假学校课后服务质量和保障问题,"领导您好。我家孩子目前就读小学,这个暑假参加了学校的课后服务。作为双职工家庭,我们很需要这样的安排,也感谢学校提供了便利。但最近看到一些关于校外培训收缩和作业管理的新要求,我们既支持也担心学校课后服务如果只是把孩子集中看管,内容单一、师资和活动安全跟不上,反而会让家长不放心。我们孩子以前没有上过学科培训班,平时睡眠也够,但希望学校课后服务能提供更丰富的阅读、体育、兴趣活动,而不是简单延长在校时间。孩子目前书面作业符合规定,我们也不想增加负担,只希望课后服务能真正落实“自愿参加、内容多样”的要求,别在暑假打折扣。恳请相关部门对学校课后服务加强督导和保障,让双职工家庭能安心工作,孩子也能过一个安全有意义的暑假。"
5026D30A1A0DFC201C3768F4CE9AF657B1E9B491D8DBBD58B26D18EE911CC6F9,关于小学暑假公益性托管与活动供给的建议,"我是一名小学生家长,孩子就读公办小学,现在放暑假。我们夫妻双方都需要上班,孩子假期在家缺少有组织的学习和活动安排。孩子本月没有参加学校课后服务,目前也没有参加学科类培训班。希望领导能协调相关部门和学校,在暑假期间提供一些公益性的托管、兴趣小组、阅读指导或体育活动,既丰富孩子的假期生活,也能减轻双职工家庭的后顾之忧。同时,建议在不增加书面作业负担的前提下,学校能适当安排一些非书面类实践任务,帮助孩子保持学习习惯。谢谢。"
E280AF4ACC2EB3F95727AFD531201A0572F3C6A1F129A66A0730411EC4E0FB1B,关于提升学校课后服务质量的建议,"领导您好,我是一名小学生的家长,我们夫妻都在上班,平时接送孩子时间比较紧张。目前孩子参加了学校的课后服务,解决了我们很大困难,非常感谢。但作为家长,我也有一些担心:现在孩子书面作业很少,我们也没有给孩子报校外培训班,很希望课后服务能够真正内容丰富、质量有保障,让孩子在学校里既能得到老师的指导,又能发展一些兴趣爱好、锻炼身体,而不是单纯看护到点。暑假期间孩子也参加了学校的课后服务,我们很感激,但更关心开学后这项服务能不能持续做实、做好。想请领导关注一下学校课后服务的师资配备、课程安排和经费保障,督促学校把好事办好,让我们双职工家庭能够更安心。"
E15F2943C8577144E06E8E9DC58A12440E1611B6A9B3F005289E2B85388D8533,关于小学暑假公益性托管与活动供给的建议,"我是一名小学生家长,孩子就读公办小学,现在放暑假。我们夫妻双方都需要上班,孩子假期在家缺少有组织的学习和活动安排。孩子本月没有参加学校课后服务,目前也没有参加学科类培训班。希望领导能协调相关部门和学校,在暑假期间提供一些公益性的托管、兴趣小组、阅读指导或体育活动,既丰富孩子的假期生活,也能减轻双职工家庭的后顾之忧。同时,建议在不增加书面作业负担的前提下,学校能适当安排一些非书面类实践任务,帮助孩子保持学习习惯。谢谢。"
82897C817915E14C00709D66D123B458E1E180D37164ED5A02A703C248A38FF3,关于保障暑期学校课后服务质量的诉求,"领导您好。我们夫妻都要上班,暑假里孩子照看成了难题。这个假期学校提供了课后服务,我们也给孩子报名参加了,确实缓解了一些压力。作为家长,我们很感谢。但心里也有担忧:学校课后服务能否做到自愿参加、时间真正衔接家长下班,内容是否丰富,而不会变成变相补课或布置书面家庭作业。孩子平时睡眠时间比较充足,我们也不希望假期被作业和培训填满。现在校外学科培训管得严,我们孩子以前也没参加过,更依赖学校提供的服务。恳请领导关注公办小学暑期课后服务的落实情况,督促学校保障师资和经费,丰富活动内容,坚持不增加书面作业负担,不引入学科培训,让孩子过一个健康、充实的暑假。希望相关部门核查并协调处理。"
C313F77DDE27B30A19F3557C94CC8BDD6151ADA120E1345E665337E5186B3BAE,关于新学期小学家庭作业负担反弹的担忧与监督请求,"领导您好,我是乡镇一名小学生家长。孩子现在小学阶段,暑假书面作业情况还算符合规定,睡眠休息有保障。但我们心里不踏实,因为以往见过附近学校临近期末或开学后作业量猛增的情况,有孩子一年级每天写到十来点,二年级语文又写生字词又做练习册,中午还得背写,家长天天签字,漏签就点名批评。新学期马上就开始了,我们很担心书面作业又会一下子多起来。家里父母都要上班,时间紧,老人也辅导不了,如果学校再把批改签字任务压给家长,孩子累,家长也扛不住。只希望孩子能睡够觉,别因为作业太多失去学习兴趣。恳请教育部门在开学前和开学后加强暗访监督,重点检查是否存在超量布置书面家庭作业、要求家长批改签字、占用午休布置任务等问题,别让减负停在纸面上。"
D6A57DA6A6411AF80237A5091CF85317EF43419A3AAB9B04537E0AD29CE78DF0,农村学校作业管理和课后服务需加强监督,"领导好,我是一名农村小学生的家长。孩子现在读小学低年级,学校不是公办性质。我和孩子爸爸平时都要上班,家里老人多但能辅导的精力有限,晚上到家常常比较晚。按照现行规定,低年级原则上不布置书面家庭作业,这个月从时长上看孩子没有明显超量,但我们很担心开学后作业负担会慢慢增加。以前看到过同省有家长反映,有的老师让孩子提前把辅导教材带回家,一年级孩子写到十来点,写不完在群里点名批评;还有的让家长每一项都签字,漏了就在群里公开批评。我们很怕自己孩子也遇到这样的情况。现在政策要求学校统筹作业总量、加强校内指导,并要求完善课后服务,自愿参加、时间衔接。但我们学校不是公办的,担心上级监管覆盖不到位,课后服务也可能变成变相讲课或收费项目。希望领导能安排教育部门多到农村这类学校暗访检查,尤其是开学之后,重点看看作业有没有超量、老师有没有把批改和辅导全推给家长,也督促学校把课后服务真正做起来,让我们双职工家庭能安心工作,孩子也能早点休息、保持学习兴趣。谢谢。"
49FDB7E875EB05E63014F7D7C4F6F9AE40578AFD1C70160AC27DDD3095AEBF30,关于农村小学低年级作业管理和课后服务的诉求,"领导您好,我是中部农村一名小学生家长。我们夫妻都在上班,家里同住人口多,但能专门照看孩子的精力有限,家庭时间安排很紧。孩子马上要开学了,现在上小学低年级,按政策这个年级不布置书面家庭作业,目前看作业情况也基本符合规定,但我们心里不踏实。以前听说过省内一些学校一到开学或临考,作业就突然多起来,一年级孩子写到晚上十来点,家长还得天天签字,漏了就在群里被公开批评,把辅导任务都推给家长。我们担心开学后学校又慢慢加码。另外,孩子目前没有参加学校课后服务,我们双职工家庭放学后实在不好接,农村学校课后服务能不能覆盖到我们这里也是个问题。希望领导能督促教育部门加强对农村学校的日常暗访和监督,真正把低年级不布置书面作业落实到位,别让作业负担反弹;同时推动农村学校规范开展课后服务,解决我们这样的家庭实际困难。谢谢。"
C1F30D7AAE3942F7C5B7488AC04EB462A2442F0AEE0214130857DEBCB1CEAA65,希望加强乡村小学作业与课后服务监管,"我家孩子上小学,家在乡村,我们夫妻俩都要上班,家里经济条件一般,平时照看孩子的时间和精力非常有限。眼下寒假结束马上开学,孩子这学期也参加了学校的课后服务,书面作业目前倒还符合要求,但我心里还是不踏实。以前总听说周边学校有孩子作业写到很晚、老师把辅导任务都推给家长、完不成就在群里点名批评的情况,怕开学后这些问题又冒出来。希望领导能多关注农村学校的作业管理和课后服务,督促学校严格执行不布置书面家庭作业的规定,不要给家长增加额外负担;课后服务既然讲自愿参加、时间衔接、内容多样,就请真正把内容安排好,别变成变相补课或者单纯看管。也希望教育部门多暗访、多监督,确保要求真正落到实处,让孩子有足够休息和阅读的时间,家长也能安心工作。"
88051772842C0F3FDFABD19BC241E8D473CEF1702690B9ED5115A7A8DDD01368,关于农村小学作业负担和家校分工的担忧与建议,"领导好,我是中部农村的一名小学生家长。孩子目前不在毕业年级,这个暑假作业量基本符合规定,我们感到欣慰。但我们两口子都在上班,家里人口多,日常照看和辅导时间很紧张。根据身边亲友和同省一些家长之前的经历,一些学校在开学后容易出现书面作业超量、要求家长逐项签字打卡、甚至中午也不让孩子休息的情况。我们担心孩子所在学校下学期也会出现类似问题。孩子睡眠一直比较充足,我们希望继续保持,不想因为作业压力牺牲休息和运动。恳请教育部门在秋季开学后加强对学校特别是农村学校的日常监督和暗访,确保不布置超出规定的书面家庭作业,不把批改辅导任务转嫁给家长,让孩子们真正有合理的课业负担。"
AB531BE71421A2A71A631B7508886BEFE2EE9100A2F8308EEDBDFD22220CA4AB,建议加强农村学校课后服务与作业减负督查,"领导好,我是中部农村一名小学生家长。家里人口多,我和孩子爸爸每天都要上班,时间比较紧,这个暑假孩子在学校参加课后服务,目前作业不多,但我们一直担心开学后作业又会多起来。周边过去常有低年级孩子作业写到很晚、家长不签字就被在群里点名批评的情况,很怕自己孩子也遇到。现在虽然有作业和课后服务要求,但农村学校落实不一定到位,课后服务有时就是看管或者变相上课。希望教育部门多到农村学校暗访,重点查课后服务有没有真正提供作业辅导和文体活动,有没有违规给低年级布置大量书面作业、把辅导压力转给家长,让孩子和家长都能轻松一点。"
97F09A8E5A50BEACD2B147B38B24D3D9E42246694AE8D64A588E9DA4350F414C,关于农村小学作业负担和家校分工的担忧与建议,"领导好,我是中部农村的一名小学生家长。孩子目前不在毕业年级,这个暑假作业量基本符合规定,我们感到欣慰。但我们两口子都在上班,家里人口多,日常照看和辅导时间很紧张。根据身边亲友和同省一些家长之前的经历,一些学校在开学后容易出现书面作业超量、要求家长逐项签字打卡、甚至中午也不让孩子休息的情况。我们担心孩子所在学校下学期也会出现类似问题。孩子睡眠一直比较充足,我们希望继续保持,不想因为作业压力牺牲休息和运动。恳请教育部门在秋季开学后加强对学校特别是农村学校的日常监督和暗访,确保不布置超出规定的书面家庭作业,不把批改辅导任务转嫁给家长,让孩子们真正有合理的课业负担。"
42AEABC116DFA8D2FFA86EE539A8934E38E89289003A2243863ED376A769DA79,关于巩固小学作业减负和课后服务质量的诉求,"领导好,我是住在中部农村的一名小学生家长。孩子目前不在毕业班,这个暑假参加了学校的课后服务,我们双职工家庭时间紧张,有这样的服务确实能帮上忙。但我也有些担心。之前经常听说附近学校存在低年级作业写到很晚、家长必须签字、群里公开批评的现象,虽然现在孩子没遇到,但政策已经实行两年多,就怕开学后回到老样子。另外,我们这里的学校条件一般,课后服务每天两个多小时,不知道能不能真正做到辅导作业、开展活动,而不是简单把学生圈在教室里。希望领导能多组织暗访,督促学校把作业总量和课后服务质量管好,别让家长又变成家庭教师,也别让孩子失去学习兴趣。谢谢!"
8E4AD69A4B285C751E7CF795BBFE5E9BDEE49ACEF02838958FAC6F3BC633A1FA,关于农村小学作业负担和家校分工的担忧与建议,"领导好,我是中部农村的一名小学生家长。孩子目前不在毕业年级,这个暑假作业量基本符合规定,我们感到欣慰。但我们两口子都在上班,家里人口多,日常照看和辅导时间很紧张。根据身边亲友和同省一些家长之前的经历,一些学校在开学后容易出现书面作业超量、要求家长逐项签字打卡、甚至中午也不让孩子休息的情况。我们担心孩子所在学校下学期也会出现类似问题。孩子睡眠一直比较充足,我们希望继续保持,不想因为作业压力牺牲休息和运动。恳请教育部门在秋季开学后加强对学校特别是农村学校的日常监督和暗访,确保不布置超出规定的书面家庭作业,不把批改辅导任务转嫁给家长,让孩子们真正有合理的课业负担。"
358C4B47F13AF082C9487A41AC0F2D85CE0031078F1CDE5E803C2E6453646B6B,关于农村小学课后服务内容与监管的建议,"我是一名农村小学生的家长,孩子今年上小学非毕业年级。我们夫妻都在上班,家里人多但能照看孩子的时间很有限,这个暑假孩子参加了学校的课后服务,确实帮我们解决了看护难题。但我们心里一直不踏实。身边不时听说有些学校作业留得特别多,孩子写到很晚,家长还要逐项签字,没签好就被点名批评。虽然现在政策要求控制作业总量,我家孩子这个月书面作业也不多,但我们担心开学后课后服务会变成变相补课或者只是让孩子埋头写作业,作业负担又反弹,孩子连休息和课外活动的时间都没有。希望领导能重视农村学校课后服务的实际开展情况,多组织暗访和检查,督促学校真正落实自愿参加、内容多样的要求,保障课后服务的师资和经费,不要让课后服务变成另一种负担。我们只希望孩子能健健康康地完成小学阶段,保持学习兴趣,不要因为作业和无效的课后安排被压得喘不过气。"
B4952080E895B264992493062A0DF40408C2D6E239C7B654413764FE8007C3D9,关于规范小学生暑假书面作业时长的反映,"我家孩子就读于公办小学,本学期结束进入暑假后,我们发现孩子本月的书面作业情况没有达到规定的小学生平均完成时间不超过60分钟的要求。作为家长,我们理解学业需要适当巩固,但暑假本应是孩子调整身心、拓展兴趣的时间。孩子每天还要花费较长时间通学,家庭时间安排也比较紧张,如果假期作业负担过重,难免挤压休息和自主活动。希望教育部门关注这一情况,核查是否存在作业布置不合理的问题,督促学校严格落实作业管理要求,让孩子在假期能够真正得到放松。同时,也希望在作业安排上能够更加公平透明,避免不同班级、不同孩子之间负担差异过大。"
662452E4F472F588EAB8D7D55283ED5DBD022EFBE3D97D0EDE8A3AABE35C3D53,关于小学生暑假书面作业用时可能超标的反映,"领导您好,我是东部某城镇一名小学生家长。近期了解到国家要求义务教育学校统筹书面作业总量和时长,小学书面作业平均完成时间不超过60分钟。但我家孩子(非毕业年级)近期在家完成书面作业时,根据实际感受,用时可能超过了这个标准。由于孩子就读于重点示范校,单程通学时间较长,回家后若再长时间写作业,我们很担心影响孩子睡眠和身心健康。希望学校能严格落实作业管理规定,控制书面作业量,提高作业设计质量,加强校内作业指导,不要简单增加书面任务。同时,希望教育部门对学校作业管理情况进行核查,督促学校执行规定,避免作业负担反弹。另外,我们也关注教育公平,不希望因作业量差异导致学生间的不公平竞争。恳请领导协调处理。"
69DA9C5217BFCAA4440B019D260D5062E17D3310366E4D71032825A6C3041248,关于规范小学作业时长保障学生身心健康的请求,"领导您好,我是一名小学生家长。孩子就读公办重点小学,平时通学时间较长。最近我注意到孩子本月的书面作业情况没有符合当前年级规定的时长要求,这让我们很担心。孩子睡眠一直比较充足,如果作业负担不能规范,很容易挤占休息和锻炼时间,影响身心发展。我们家庭没有安排校外学科辅导,更依赖学校教学和课后指导,但孩子目前没有参加学校课后服务,遇到作业中的困难也主要靠家里解决。希望有关部门能核查学校作业管理情况,督促学校严格落实作业时长规定,同时关注无法参加课后服务学生的实际需要,避免因作业安排不合理加重家庭和孩子负担。教育公平和减负政策需要落到实处,谢谢。"
62DAD6917BFFFBF9FE87F09802B3D9C944EA5A8FE84F54DC40129B25431AAB43,关于优化小学课后服务时间衔接与公平性的建议,"领导您好,我是一名小学生家长。孩子就读于一所公办小学,单程通学时间比较长。学校课后服务目前按制度安排每周五天、每天至少两个小时,但因为我们家接送时间对不上,孩子一直没能参加。我们希望学校能结合不同学生的通学情况,灵活安排课后服务时段,比如提供分时段接送或与公共交通衔接,让距离远的孩子也能真正用上这项服务。同时,也请关注课后服务中的作业指导和活动安排是否公平,避免变成变相补课或暗中分层,让没参加的孩子在学业支持上处于不利位置。教育应该一视同仁,希望领导能督促学校把好事办好,谢谢。"
4CF28D0D604440B4759D4A69B2023A4A5376E77A525EB09B5D36D1BEA1305032,关于规范小学暑假书面作业时长的诉求,"领导好。我是一名小学生家长,孩子就读于公办小学。暑假以来,孩子每天完成学校布置的书面作业时间明显偏长,我们对照了相关减负规定,感觉可能超过了当前年级的时长上限。长期这样下去确实影响孩子的休息和自主阅读、锻炼时间。我们理解学校希望孩子巩固知识,但暑假本就是孩子调整身心、发展兴趣的时期,作业量应当更加科学合理。希望教育部门能关注小学阶段假期作业管理,督促学校严格执行作业时长规范,避免变相增加学生负担。同时,也希望能加强对学校教育教学常规的指导,让减负政策真正落到实处。谢谢。"
89733E0ED81897DE692BDC9136137BB2BF1AB3DFAF6228711ABE57FFD8068EDD,关于保障新学期小学课后服务自愿公平与质量的诉求,"我家孩子在公办重点小学读书,单程通学时间比较长。暑假家里有人照料,本月没有参加学校课后服务。马上面临秋季开学,我们最担心的是课后服务在实际执行中走样:听说一些学校借课后服务名义搞分层培优,不参加的孩子就被边缘化,这和教育公平相违背。希望区里督促学校严格落实自愿参加原则,公开课后服务的内容、师资和经费安排,不得变相补课或选拔,也不要因为孩子不参加而区别对待。同时,像我们这样通学时间长的家庭,课后服务结束后的接送衔接需要更人性化,内容应当多样,不能只是坐在教室里写作业。孩子睡眠一直比较充足,也希望课后服务不要变相延长学习时间,影响休息。"
B1D7A8E0BC44CFF96219FFE1B3CD786DE181624181CF009B3CD793E265D00A7F,关于规范小学暑假书面作业时长的诉求,"领导好。我是一名小学生家长,孩子就读于公办小学。暑假以来,孩子每天完成学校布置的书面作业时间明显偏长,我们对照了相关减负规定,感觉可能超过了当前年级的时长上限。长期这样下去确实影响孩子的休息和自主阅读、锻炼时间。我们理解学校希望孩子巩固知识,但暑假本就是孩子调整身心、发展兴趣的时期,作业量应当更加科学合理。希望教育部门能关注小学阶段假期作业管理,督促学校严格执行作业时长规范,避免变相增加学生负担。同时,也希望能加强对学校教育教学常规的指导,让减负政策真正落到实处。谢谢。"
8A485CC0BE6C5AD7929DE77AD526E6AE9382AA96BF0FD5308DDB312C1D7F918D,关于改进学校课后服务安排的诉求,"领导您好,我是一名小学生家长。孩子就读公办重点小学,家离学校较远,单程通学时间长。开学在即,学校课后服务原则上每天提供两小时,但孩子本月未参加。作为家长,我们担心课后服务若统一安排到较晚时间,远途孩子到家会更晚,影响睡眠和休息;若内容以看管、写作业为主,也难满足孩子多样化发展需要。我们理解规范校外培训、加强课后服务的初衷,但希望学校在落实时能真正坚持自愿原则,针对不同家庭情况提供弹性离校或分时段选择,丰富体育、艺术、科技等活动,并保障师资质量,避免变相补课和加重负担。同时希望教育部门加强指导和监督,让课后服务公平惠及每个孩子,不要因为家庭情况或距离远近产生新的不公平。"
0A37966F057CFD2DB79B08FD841BE95ADD2F0593BD5B1D2F6A97C4926C45D6B9,关于规范小学暑假书面作业时长的诉求,"领导好。我是一名小学生家长,孩子就读于公办小学。暑假以来,孩子每天完成学校布置的书面作业时间明显偏长,我们对照了相关减负规定,感觉可能超过了当前年级的时长上限。长期这样下去确实影响孩子的休息和自主阅读、锻炼时间。我们理解学校希望孩子巩固知识,但暑假本就是孩子调整身心、发展兴趣的时期,作业量应当更加科学合理。希望教育部门能关注小学阶段假期作业管理,督促学校严格执行作业时长规范,避免变相增加学生负担。同时,也希望能加强对学校教育教学常规的指导,让减负政策真正落到实处。谢谢。"
75B6DB300DE0EFBBBE5094BFC6CDF9D743BE707CB270501C086EC137FB243234,关于新学期学校课后服务落实与公平性的诉求,"领导好。我家孩子就读公办重点小学,单程通学时间比较长,平时家里时间安排也比较紧。暑假马上结束,新学期开学在即,我想提前反映一下对学校课后服务的担心和期望。目前孩子这个月未参加课后服务,但政策要求学校每周提供5天、每天至少120分钟,强调自愿参加、时间衔接和内容多样。作为家长,我们最希望学校能把课后服务做扎实,不要走过场、不要变相成为筛选或补课班,让每个孩子都能公平参加。现在校外学科培训选择少了很多,我们更希望学校课后服务能在校内提供作业辅导和有益的素质拓展,帮助我们这样的家庭减轻接送和辅导压力。也希望相关部门加强监督,确保重点学校不搞特殊,真正做到公平普惠,让政策落到实处。"
14C0B812BCA522436C35446051EC749C05497BFECB1CEFA9B2FBAF7F4D9407DB,关于小学升学衔接阶段暑假书面作业负担的反映,"领导您好,我是本地区一名小学高年级学生的家长,孩子正处于升学衔接阶段,这个暑假本应做好身心调整和入学准备。但最近我注意到,孩子本月的书面作业情况未能符合当前年级规定的每天平均不超过60分钟的要求。作为家长,我们一直重视孩子的睡眠和休息,看到孩子被作业占用太多时间,心里很着急。虽然具体作业量和完成时长我没有精确统计,但孩子的学习压力明显偏大,担心这样会影响他对学习的兴趣,也不利于即将到来的初中适应。希望教育部门能关注学校在暑假期间的作业布置情况,督促学校严格落实减负要求,科学设计作业,控制书面作业总量,让孩子有足够的时间锻炼、阅读和休息。谢谢。"
D32290BE7FAD44FC51C768A7D998DC68BBB7739378C5FE0C6B269E672CBC3D5C,关于小学升学衔接期作业负担和课后服务的担忧与请求,"领导您好,我家孩子马上要升入新的年级,这个月的书面作业完成情况感觉不太符合规定的时长,孩子做起作业来比较吃力。我们比较担心开学后作业量继续增加,孩子处在升学衔接阶段,学习节奏变化大。家里虽然时间上还能安排,但家长学历有限,辅导有困难。希望学校能严格落实作业统筹要求,控制总量和时长,提高作业设计质量,减少重复性任务;也希望课后服务能真正用于校内作业指导和答疑,而不是变相上课。同时恳请相关部门督促学校规范办学,减轻孩子负担,保证睡眠和休息,让孩子能平稳过渡。谢谢。"
E96C473F5CB2AB946BFEF7BCB53BD0A8EA91A0504DAB9A4C1AC24A5D90C3E09F,关于规范小学升学衔接年级书面家庭作业时间的请求,"领导您好,我家孩子正处于升学衔接年级,就读于本地一所公办小学。按照现行规定,这个年级的书面家庭作业平均完成时间原则上不应超过60分钟。但本月我们发现孩子的书面作业情况并未符合这一规范,经常感觉晚上写作业时间偏长,影响了正常休息。我们家虽然经济条件尚可,但父母并非双方都就业,照看孩子的时间相对宽裕,即便如此仍感到压力很大。我们一直希望孩子将来能考上本科,但过重的作业负担可能适得其反,影响学习兴趣和身心健康。另外,孩子目前没有参加学校课后服务,也没有参加校外学科类培训,作业基本都靠家里辅导完成,我们家长最高只读到高中,辅导起来很吃力。之前也听说过一些学校在执行政策时打折扣的情况,我们担心学校在作业管理上落实不到位。恳请领导督促学校严格执行作业时长规定,合理布置作业,保障孩子的睡眠和休息时间,让我们家长能够安心。谢谢。"
B4B28D6B32204A5BE18AE6BE917A358FBAD0FFBA97B1E360AF2736CC17D52224,关于提升小学课后服务质量助力升学衔接的建议,"领导您好,我是一名小学生的家长,孩子今年面临小升初,目前就读于一所公办普通小学。学校课后服务开展后,孩子每天都能在校参加两个小时的活动,书面作业基本能在校内完成,回家后睡眠时间也充足了,我们很支持。但我们也有些新的担忧:孩子正处在升学衔接的关键阶段,课后服务虽然时间有保障,可内容多偏向看护和完成作业,针对毕业班的学业辅导和拓展活动比较缺乏。以前我们本考虑给孩子报课外班加强,现在学科类培训明显减少,担心仅靠校内课后服务难以满足升学需要。希望领导能关注课后服务的质量和内容,特别是对毕业班学生,协调教育部门指导学校增加学科素养、学习方法指导,并保障相应师资,让我们更放心。"
5E0B227E7CA370D8EF9B6AA9CC4428BD09AA2F1E72E92023B05BD77CC2ECFF2B,关于规范小学暑期书面作业减轻学生负担的诉求,"领导您好,我家孩子今年秋季升入小学六年级,在镇上公办小学就读。暑假期间,孩子的书面作业量明显不符合当前年级规定的“平均完成时间原则上不超过60分钟”的要求,经常要花费大量时间伏案书写。虽然孩子睡眠时间还算充足,但户外活动、阅读和亲子交流的时间被严重挤占,我们担心这样会让孩子对学习产生厌烦情绪,也不利于身心健康。孩子没有参加校外学科培训,也没有参加学校课后服务,原本可以拥有更从容的假期生活。希望有关部门能督促学校严格落实作业管理规范,科学合理设计暑期作业,避免简单重复和过量布置,让孩子张弛有度地度过假期,也为新学期做好身心准备。谢谢。"
756B75DB6234F4CC627809A05BCCBAB7FCEB424C56E47499DFFDD40EC3C0B23E,关于提升暑期课后服务质量保障升学衔接的诉求,"领导好,我是一名小学生家长,孩子正处于升学衔接年级。这个暑假学校提供了课后服务,我们也让孩子参加了,每天基本时间是有保障的,我们很感激。但作为家长还是有些担心:我们学校不是重点学校,师资和活动资源有限,目前课后服务更多是看护,作业指导和拓展活动质量不高。现在校外学科培训收缩,我们以前也没给孩子报过学科班,更希望学校能在课后服务里加强学习习惯培养和薄弱科目辅导,开学后也能继续控制好作业总量,别让孩子升入高年级后负担反弹。孩子睡眠一直比较好,我们也希望课后服务和作业安排不要打乱他的作息。恳请领导重视非重点学校课后服务的师资、经费保障和内容设计,让普通家庭孩子也能在升学衔接阶段不掉队。"
5962409DCC53C2C9F5200EF9679F1DCDC7FA454E68C1552594580AE61C0D8D27,关于规范小学暑期书面作业减轻学生负担的诉求,"领导您好,我家孩子今年秋季升入小学六年级,在镇上公办小学就读。暑假期间,孩子的书面作业量明显不符合当前年级规定的“平均完成时间原则上不超过60分钟”的要求,经常要花费大量时间伏案书写。虽然孩子睡眠时间还算充足,但户外活动、阅读和亲子交流的时间被严重挤占,我们担心这样会让孩子对学习产生厌烦情绪,也不利于身心健康。孩子没有参加校外学科培训,也没有参加学校课后服务,原本可以拥有更从容的假期生活。希望有关部门能督促学校严格落实作业管理规范,科学合理设计暑期作业,避免简单重复和过量布置,让孩子张弛有度地度过假期,也为新学期做好身心准备。谢谢。"
9229819458987EAAC8DDE19C4668A2756ABFBECC18F38423E2C0ED903A2263C3,希望抓好小升初课后服务和入学保障,"领导,我孩子秋季要升初中了。我们家经济条件还可以,但大人文化水平不高,辅导不了功课。以前没给孩子报过学科培训班,现在外面培训班也少了,心里很没底。这个暑假孩子参加了学校课后服务,我们觉得很好,但担心开学后初中课后服务跟不上,作业辅导和适应性指导不够。希望教育部门能督促学校把课后服务做实,特别是针对刚上初中的孩子,多些学习方法和习惯培养,别只是看管。另外,孩子入学划片和学位的事也请领导提前统筹,别因为学位紧张让孩子没学上。这样我们家长才能安心。"
1509BCCDBF28D51FC93F0E1E1D04AEBE8683A87073E2547BE119D429546CF3E5,关于规范小学暑期书面作业减轻学生负担的诉求,"领导您好,我家孩子今年秋季升入小学六年级,在镇上公办小学就读。暑假期间,孩子的书面作业量明显不符合当前年级规定的“平均完成时间原则上不超过60分钟”的要求,经常要花费大量时间伏案书写。虽然孩子睡眠时间还算充足,但户外活动、阅读和亲子交流的时间被严重挤占,我们担心这样会让孩子对学习产生厌烦情绪,也不利于身心健康。孩子没有参加校外学科培训,也没有参加学校课后服务,原本可以拥有更从容的假期生活。希望有关部门能督促学校严格落实作业管理规范,科学合理设计暑期作业,避免简单重复和过量布置,让孩子张弛有度地度过假期,也为新学期做好身心准备。谢谢。"
FD0E7BF09AAFE9B014404E6F60283929550079DA0AA3CA64888C1BF675CC4586,关于暑假课后服务加强小升初学业衔接的建议,"领导您好,孩子现在正处于小学升初中的衔接年级,暑假期间也按照学校安排参加了课后服务。我们家长学历不高,辅导功课越来越吃力,虽然家里经济条件还能支持,但校外学科类培训现在很少了,孩子之前也没上过,我们更不敢乱找。看着孩子每天睡眠充足、作业量也不大,但心里不踏实,担心开学后跟不上初中的节奏。希望学校课后服务能结合衔接年级特点,增加一些基础巩固、学习方法和心理适应方面的指导,而不是简单看管。也请政府继续保障课后服务的师资和经费,让这项政策真正落到实处,帮助我们这类家庭的孩子顺利过渡。谢谢。"
18292906AE14581560A80C53E9C4CF9FBBE689EBEDE0FF0DB1E99F2759751180,关于低年级暑假书面作业问题的反映,"领导您好,我是一名农村小学低年级学生的家长。我家孩子就读于一所公办示范小学,平时上学近,睡眠也一直比较充足。按照现行规定,孩子这个年级是不应该布置书面家庭作业的,但是最近我发现他的暑假学习安排里仍然有书面作业,跟规定不太相符。作为双职工家庭,我们白天都在上班,辅导和督促的时间有限,很担心这样下去开学后作业会更多,晚上写不完,影响孩子休息。以前也听说过附近学校有类似作业负担重、减负不到位的情况,所以希望上级能在暑假和开学后加强对学校作业布置的监督检查,真正落实低年级不布置书面作业的要求。另外,也希望学校课后服务能多提供一些非书面的辅导或兴趣活动,让孩子在学校就能完成巩固,我们家长也能安心工作。谢谢领导关心。"
2CD1E8E3FCDC9DBD45E266EC9ED6AFDBADEA1C3FA7FC04577FB3A61F460EE3CF,关于切实减轻小学生书面作业负担的诉求,"我家孩子在公办重点小学就读,这个月暑假期间仍有书面作业,对照现行规定看,作业时长和总量没有达到要求。作为双职工家庭,我们工作较忙,家里虽然人多但能有效辅导的时间有限,孩子写作业写到很晚时我们很心疼。过去这一片家长也多次反映过作业负担重、减负不落实,我们担心新学期开学后书面作业会明显反弹。希望领导能督促学校严格执行统筹作业总量、时长和设计质量的要求,从源头上控制书面作业量,并利用好课后服务提供校内作业指导和答疑,让孩子尽量在学校完成书面任务,回家能有充足睡眠和自主活动时间。也希望有关部门加强日常检查,别让减负只在期末才被重视。"
E00E8FCCFA817EF41E68BBB930BD1624FE562F60CC1F40182FC8B745482672EE,关于小学作业减负落实情况的反映,"领导您好,我是一名小学生家长,孩子就读于本地一所公办学校。按孩子所在年级的规定,本不应布置书面家庭作业,但本月我观察到孩子的书面作业情况并未完全符合这一规范,这让我有些担心。虽然学校有课后服务,孩子睡眠时间也较长,但如果作业负担不真正减下来,开学后可能又会陷入作业写不完、休息不足的循环。我也从其他家长那里听说过有学校变相布置作业、统一订购试卷资料等情况,担心类似问题在我们这里出现。希望上级能加强对学校减负落实情况的监督检查,特别是在春季开学这个节点,督促学校严格执行规定,不要给低龄孩子增加不必要的书面负担,让孩子有更多时间休息、阅读和锻炼。谢谢。"
DBCE47456D0E2DFE52F5C9AF83147DB89E9221533C96EE554CF9CC3AE02D0FB4,新学期请继续抓好减负和课后服务质量,"领导好。我是东部农村一名小学生家长,孩子现在不是毕业班,学校是公办重点校,离家近,平时睡得比较足,我们最希望孩子能健康成长,将来读本科。前几年周边学校有放学早、作业写到很晚、变相订卷子收费的情况,我们很怕新学期开学后这些问题又回来。最近孩子参加了学校课后服务,按规定原则上每天不少于两小时,但我们担心服务质量,怕老师只是看着孩子写作业,没有真正指导,或者又借课后服务时间变相增加书面作业。我们夫妻都要上班,时间能协调但辅导作业压力不小。希望上级部门在开学前再督促学校:严格执行低年级不布置书面家庭作业的规定,课后服务多安排阅读、体育、兴趣活动,真正减轻家长负担,不要用课后服务时间补课或变相收费订资料。谢谢。"
72DD699CC0AA427F5CC1A38B51882216267D152402E1D244CF78B05CB0191FF4,关于暑期课后服务书面作业规范的反映,"我家孩子目前就读乡镇一所公办重点小学,处于小学非升学衔接年级。这个暑假学校开展了课后服务,孩子也参加了。按照现行规定,孩子所在年级原则上不布置书面家庭作业,可这个月孩子的书面作业情况并不符合这一规范。我不太清楚具体是学校统一布置,还是课后服务环节产生的,但心里很不安。我们家庭条件还可以,父母都有工作,家里也有人照看,并不是推卸责任,只是希望孩子能有充足睡眠和活动时间。以前也了解到一些学校课后服务变成集中刷题、写作业,孩子写到很晚,家长很焦虑。现在暑假本应放松,如果课后服务又带来书面作业,减负就落空了。希望领导能关注学校课后服务的实际安排,督促严格落实不布置书面家庭作业的要求,让课后服务真正提供体育、阅读、兴趣活动等有益内容。我们愿意配合学校,但需要制度上的保障。"
F91B5E59C0800F1E0C3DF3F90AB970C5EAD68E33C0FB5F9358F7A7542E179E32,关于持续落实小学减负并提升课后服务质量的建议,"领导您好,我是一名农村小学生的家长。孩子所在学校是重点公办学校,离家近,这个暑假书面作业量符合要求,目前也在参加学校课后服务。但我从前几年身边一些学校的经历中感受到,作业过多、变相购买教辅的情况给孩子和家长带来很大压力。现在虽然强调减负和课后服务,我们仍担心开学后书面作业会反弹,或者课后服务只是看管、内容不够丰富,甚至变相补课。希望上级能加强对学校作业布置和课后服务质量的常态化检查,特别是保障农村学校师资和经费投入,让课后服务真正提供阅读、体育、兴趣活动等内容,让孩子身心健康地成长。"
E85EE3379D3FA57E74A06138853DDFBB4F46CC9B89E03E93745A9B274E484E47,关于暑期课后服务书面作业规范的反映,"我家孩子目前就读乡镇一所公办重点小学,处于小学非升学衔接年级。这个暑假学校开展了课后服务,孩子也参加了。按照现行规定,孩子所在年级原则上不布置书面家庭作业,可这个月孩子的书面作业情况并不符合这一规范。我不太清楚具体是学校统一布置,还是课后服务环节产生的,但心里很不安。我们家庭条件还可以,父母都有工作,家里也有人照看,并不是推卸责任,只是希望孩子能有充足睡眠和活动时间。以前也了解到一些学校课后服务变成集中刷题、写作业,孩子写到很晚,家长很焦虑。现在暑假本应放松,如果课后服务又带来书面作业,减负就落空了。希望领导能关注学校课后服务的实际安排,督促严格落实不布置书面家庭作业的要求,让课后服务真正提供体育、阅读、兴趣活动等有益内容。我们愿意配合学校,但需要制度上的保障。"
F9F45C4E0AE435B35AD1591BEFBA0C06CA4B62681171A046CE90FFEA8BA312AB,关于提升乡村学校课后服务质量与实效的建议,"我是一名乡村小学生的家长,孩子目前在公办重点学校就读,这个暑假参加了学校的课后服务。根据相关要求,学校课后服务应当内容多样、自愿参加,并且要与家长下班时间衔接。但作为乡村家长,我们比较担心的是,由于乡村学校师资和经费相对有限,课后服务会不会只是简单看管,缺少作业辅导和兴趣活动,难以真正减轻家长负担。过去我们周边也曾反映过学生作业负担重、课后缺少辅导的问题,现在虽然作业量有所规范,但我们希望课后服务能真正把好事做好。恳请领导关注乡村学校课后服务的实际运行情况,加强师资和经费保障,定期督查服务内容和质量,防止课后服务流于形式。同时,也希望作业减负的要求能持续落实,不要开学后出现反弹,让孩子有更合理的休息和成长时间。"
251C9993D9513EB61E74B96E17FEE24F44F812B0C43B752A43C8C54F78252AEE,关于暑期课后服务书面作业规范的反映,"我家孩子目前就读乡镇一所公办重点小学,处于小学非升学衔接年级。这个暑假学校开展了课后服务,孩子也参加了。按照现行规定,孩子所在年级原则上不布置书面家庭作业,可这个月孩子的书面作业情况并不符合这一规范。我不太清楚具体是学校统一布置,还是课后服务环节产生的,但心里很不安。我们家庭条件还可以,父母都有工作,家里也有人照看,并不是推卸责任,只是希望孩子能有充足睡眠和活动时间。以前也了解到一些学校课后服务变成集中刷题、写作业,孩子写到很晚,家长很焦虑。现在暑假本应放松,如果课后服务又带来书面作业,减负就落空了。希望领导能关注学校课后服务的实际安排,督促严格落实不布置书面家庭作业的要求,让课后服务真正提供体育、阅读、兴趣活动等有益内容。我们愿意配合学校,但需要制度上的保障。"
5D5DF8C7E3AB8C0EE7E396635882D16BF7D2D10CCA551EED366ED5F7CB69D23B,关于丰富暑期课后服务内容并加强学业指导的建议,"领导您好。我家孩子在乡镇公办小学读低年级,这个暑假参加了学校课后服务。根据规定,孩子年级不布置书面家庭作业,我们支持减负,但父母都要上班,家里老人照看精力有限,孩子每天参加课后服务后仍有较多时间在家,容易沉迷电子产品。我们担心长期没有学习任务会让孩子养成懒散习惯。希望上级能指导学校在暑期课后服务中增加阅读、口算、书法、体育等非书面活动,并由老师对孩子的学习习惯进行引导,帮助巩固基础;同时能否适当延长服务时间或与家长下班时间更好衔接。我们不是要求增加书面作业,而是希望课后服务真正发挥辅导和看护作用。谢谢。"
ADEF12315F663504FF16E0FB7E6520727E26E92F955ED5CF39F97B750CF45F4F,关于小学生家庭作业时长超标的求助,"领导好,我是西部城镇的一名家长,孩子上公办小学。按现在规定,这个年级每天书面作业平均完成时间不应超过60分钟。但这个月我们注意到孩子作业时间超过了这个标准,具体原因我们不清楚,也不好直接问学校。家里经济条件一般,我们文化程度不高,辅导作业很吃力,担心长期这样会影响孩子休息和第二天学习。希望领导能帮忙核查一下学校作业布置情况,督促按照规范控制作业量,让孩子能早点完成作业、保证睡眠,也减轻我们家长负担。谢谢。"
D8FFD39B195A6C5F27CF2980BE0B2574BC3FE2747F1FB5164457C08EAC57ABD3,请求关注小学作业负担和课后服务落实问题,"领导您好,我是一名小学生的家长,家住在西部城镇。孩子读的是公办小学,家里经济条件一般,我们文化程度也不高,辅导孩子作业很吃力。最近这段时间看到孩子写书面作业比较费劲,心里很担心是不是已经超过了规定的时长,怕影响孩子睡眠和身体。我们听说现在有要求学校统筹作业总量、加强课后服务,但还没感受到明显变化,心里比较着急。希望领导能督促学校真正控制好作业量,提高课后服务质量,让孩子在学校能把作业完成一部分,减轻我们家长的负担。孩子以前睡眠时间还算充足,但我们怕开学后作业一多又得熬夜,我们也没钱报培训班,只能指望学校。恳请相关部门帮忙核查并协调处理,谢谢。"
3CCAE0AA7229AFFE1250E5661CCC8F654DCAB6B036001F0F40839E3D143A234B,关于规范小学家庭作业时长、减轻家长辅导负担的请求,"领导好。我家孩子读小学,不是毕业年级。这个月我注意到孩子的书面作业情况不符合当前年级规定的时长要求。我们家庭经济条件一般,大人文化程度不高,孩子目前没有参加学校课后服务,也没有报校外学科辅导班,辅导作业确实吃力。开学后如果作业量再上来,担心会影响孩子休息和第二天学习。请相关部门核查学校作业布置情况,督促学校严格落实作业时长规定,合理控制书面作业量,并在校内提供必要的作业辅导,别把压力都推给家长。谢谢。"
C0307EAF39CF899C1E3C00D8117C2104506AEACDE84672E13673C6474FF3AE68,关于提高小学课后服务质量减轻家长辅导负担的诉求,"我是西部某县的一名学生家长,孩子在本地上公办小学,家庭条件一般,我和孩子妈妈文化程度都不高,平时辅导孩子作业很吃力。这学期学校开展课后服务,我们也让孩子参加了,但心里没底,不知道课后服务到底能不能帮孩子把当天的作业弄懂、把学习困难解决掉。现在外面学科培训班少了,我们也没条件请家教,学校课后服务就是我们最大的依靠。担心课后服务只是把孩子聚在一起看管,没有老师认真辅导作业,那样对我们这种家长文化低、经济条件差的家庭来说,孩子学习会更吃力。希望领导督促学校把课后服务的内容和质量抓起来,特别是作业辅导和答疑,让孩子在学校就把作业完成好、弄明白,也减轻家长负担。另外,也担心以后年级升高,作业量增多,孩子会不会像有些地方反映的那样做到很晚、压力很大,希望教育部门能持续关注作业负担问题,让政策真正落到实处。"
26B74039F45114F076D2BCFEABAA1C7243DB6DD863BAF21135E6D4F43756295B,关于小学暑假书面作业过多影响孩子身心健康的反映,"领导您好,我家孩子在公办小学读书,现在放暑假,但孩子这个月的书面作业时间不符合规定的小学生作业时间。我们家庭条件一般,大人文化程度不高,辅导作业很吃力。孩子平时睡眠时间还比较充足,但担心作业多会挤占休息时间。听说有的学校作业很多,孩子经常熬夜写,压力很大,我们很害怕孩子也这样。希望领导帮忙核查学校布置暑假作业是否合理,督促学校减轻作业负担,让孩子假期能好好休息,我们家长也能轻松一点。"
5BC229DBBBA4138A8137617E21E5134C71C65EA42A57A94C7CC40AD972574246,关于课后服务质量和公平性的担忧,"领导好,我是西部一个城镇小学孩子的家长。我们家经济条件一般,大人文化程度都不高,辅导孩子功课很吃力。这个暑假孩子参加了学校的课后服务,我们本来挺高兴,觉得有人管孩子了。但心里还是担心,怕课后服务只是走形式,或者变成学校变相补课,反而加重孩子负担。孩子还小,正在长身体,以前听说有的地方作业多、压力大,孩子熬夜,我们很害怕。我们这边学校不是重点,资源本来就不如城里,班里孩子也多,老师顾不过来,课后服务到底能不能让孩子受益?希望政府能加强对学校课后服务的监督,特别是我们这种不发达地区的普通学校,确保课后服务内容丰富,不搞变相补课,不额外收费,真正让孩子放松身心,也能帮我们减轻照看和经济压力。谢谢领导。"
FD9A7D62BF8E3F205A8F2821835F063B59413F6980CCAA6F20346F8950443D8F,关于小学暑假书面作业过多影响孩子身心健康的反映,"领导您好,我家孩子在公办小学读书,现在放暑假,但孩子这个月的书面作业时间不符合规定的小学生作业时间。我们家庭条件一般,大人文化程度不高,辅导作业很吃力。孩子平时睡眠时间还比较充足,但担心作业多会挤占休息时间。听说有的学校作业很多,孩子经常熬夜写,压力很大,我们很害怕孩子也这样。希望领导帮忙核查学校布置暑假作业是否合理,督促学校减轻作业负担,让孩子假期能好好休息,我们家长也能轻松一点。"
6F65BD1B5117746F02B014459C29CBE00FC116E5814FAC54040973C47EFB2B8E,"希望加强城镇小学课后服务管理,减轻低收入家庭负担","领导好。我们是西部城镇的普通家庭,经济条件不好,我们两口子文化程度不高,辅导孩子学习很吃力。孩子现在上小学,不是毕业班,平时书面作业时间基本符合规定,我们稍放心。但看到同省有些家长反映学校作业太多、压力大、班级人数多、补习班乱象,我们很担心自己这边也会出现类似情况。现在孩子参加了学校的课后服务,每天原则上两个小时,但我们不清楚具体安排了什么内容,老师够不够,经费有没有保障。我们担心课后服务只是把孩子看管起来,没有真正辅导学习,或者变相增加负担。像我们这样没有能力报校外班、又希望孩子能考上大学的家庭,只能指望学校把课后服务做好。希望领导能核查学校课后服务落实情况,确保自愿参加、内容多样、时间衔接好,并保障师资和经费,让课后服务真正帮到孩子,而不是走过场。同时也请继续监督作业总量,防止反弹。谢谢。"
7AFA406258127FB01A0DFFD7C96CD5CC12B8BCB3954465FEFD53B19AD4613998,关于小学暑假书面作业过多影响孩子身心健康的反映,"领导您好,我家孩子在公办小学读书,现在放暑假,但孩子这个月的书面作业时间不符合规定的小学生作业时间。我们家庭条件一般,大人文化程度不高,辅导作业很吃力。孩子平时睡眠时间还比较充足,但担心作业多会挤占休息时间。听说有的学校作业很多,孩子经常熬夜写,压力很大,我们很害怕孩子也这样。希望领导帮忙核查学校布置暑假作业是否合理,督促学校减轻作业负担,让孩子假期能好好休息,我们家长也能轻松一点。"
FE6BAE654C4DCD0DB7AE0723924B176EFD377CA6D9FB2FB2A5188266B0B86AD8,关于提升小学课后服务质量与持续减轻作业负担的诉求,"领导好,我家孩子在镇上普通公办小学读书,家里条件一般,大人文化水平也不高,辅导作业很吃力。这个月学校提供课后服务,孩子也参加了,目前作业量看起来还符合规定,我们稍微松了口气。但心里还是不踏实,因为以前常听说有的学校作业多、班额大,孩子熬夜写作业,家长没办法只能找补习班,我们很怕以后也变成这样。我们经济上承受不起校外培训,课后服务就是我们最大的依靠。希望领导能督促学校把课后服务真正做好,不是简单看管,而是能辅导孩子完成作业、开展一些有益活动,同时继续严格管住作业总量和校外培训,让我们这样的普通家庭能安心。谢谢。"
71B5C32D995B08C3868081A7F17921C7AB714C90569237C9D6A3DB84E673CA9C,关于小学低年级暑假书面作业负担的反映,"领导好。我家孩子在读小学,按当前年级规定,原则上不应布置书面家庭作业,但本月孩子的书面作业情况并不符合这一要求。我们了解到的信息有限,不清楚是学校统一布置还是其他原因,但作为家长确实很担心。孩子每天上学单程时间较长,家庭里人口多,经济条件一般,照看精力也有限。假期本该让孩子多休息、多活动,如果书面作业继续压上来,睡眠和户外时间都会被挤占。我们一直希望孩子能健康成长,将来考上大学,但不希望用牺牲低年级阶段的休息换分数。恳请相关部门核实了解学校是否存在违规布置书面作业的情况,督促学校严格执行减负规定,加强日常监督,让孩子真正有充足的睡眠和自由活动时间。谢谢。"
2A7A3BACD21436CAF0844806EFBEDB58A8A924A6A9457654093A4C47C63A81EF,关于小学书面家庭作业负担和课后服务落实的诉求,"领导您好,我是一名小学生家长,家住东部城镇。孩子就读的学校不是公办,离家较远,每天通学时间长。当前正值暑假,但我注意到孩子本月的书面作业情况与现阶段的减负规定不相符,虽然不清楚具体作业量,但很担心学校可能存在违规布置书面家庭作业的问题。新的作业管理要求已经实施,要求学校统筹作业总量、时长和设计质量,加强校内指导,但我们家长还没有看到明显变化。我家经济条件一般,家里人口多,照看孩子压力大,如果学校作业负担不减下来,我们很难有能力辅导,可能不得不考虑校外培训,而校外培训的规范也在收紧,这样家庭负担会更重。希望领导能督促学校严格落实减负政策,同时把课后服务做扎实,真正解决我们这样的家庭的实际困难。以往也听说过一些学校配套建设滞后、管理不规范的情况,希望这次能加强监督,让政策落到实处。"
34FB29E0C90B4E5C73D3527520228C814F76CB373B4AAC626EB2B86BFA8EA5FD,关于孩子书面作业情况与年级规定不符的反映,"领导您好,我是本地一名小学生的家长。孩子目前不在升学衔接年级,学校性质不太清楚,但我们家经济条件一般,家里人口多,孩子每天上下学路上时间也比较长,孩子还参加了学校的课后服务。最近我发现孩子本月的书面作业情况好像和当前年级“原则上不布置书面家庭作业”的规定不太一致,但具体是学校还是课后服务环节布置的,我不太确定。我担心如果这种情况持续,会慢慢挤占孩子的休息时间,影响睡眠和生长发育。我们家没有给孩子报学科类辅导班,也负担不起,所以更希望学校能把规定落实好。平时也听说过一些学校管理不规范、师资不稳定、学生作业负担偏重的情况,心里更不踏实。恳请领导帮忙核查一下孩子所在学校的作业安排,督促学校严格落实不布置书面家庭作业的要求,也请加强对课后服务环节的监管,让孩子放学后能真正有时间休息、阅读和锻炼。谢谢。"
8A46670143465CED27C3D1FA11754624EBFF9F0CF17C2B8E848E730F09A2DC22,关于小学课后服务与作业管理的关切,"领导您好。我家孩子正在上小学,不属于升学衔接年级。这个月学校提供了课后服务,孩子也参加了,我们家长原本期待孩子能在校内完成大部分学习任务,回家能轻松一些。但据了解,孩子本月的书面作业情况并不符合这个年级应有的时长规范。作为家长,我们家庭条件一般,家里人口多,孩子上下学路途也远,课后服务对我们来说很重要,可如果课后服务没有真正统筹好作业总量、保证质量,孩子的负担还是降不下来。我们很担心长期下去会影响孩子的休息和成长。希望相关部门能核查学校课后服务的实际安排和作业管理情况,督促学校严格落实减负要求,让孩子有足够的睡眠和活动时间。谢谢。"
7C24B7150E82987E4A1B6C10F32426EAF4A5D58043D11CF54DA88F0FCA48CA55,关于暑假书面家庭作业与规范不符的反映,"我家孩子在读小学,暑假期间发现书面作业情况与当前年级应遵循的规范不符,可能存在学校布置书面家庭作业的问题。孩子每天上学单程时间较长,家庭经济条件一般,同住人口多,作业过多会增加家庭辅导负担,也影响孩子睡眠和假期休息。希望相关部门核实并督促学校严格落实规范,减轻学生负担,保障孩子睡眠和身心健康。另外,也担心学校管理不规范、师资不稳定等问题,希望加强监督。"
FF9C20818B86CB5E87DEB0784073D7AB62DCA061A58682A287B989122FB56DC4,"暑假课后服务应避免变相补课,保障孩子休息","我家孩子在上小学,不是毕业年级。这个暑假学校提供课后服务,孩子也参加了,每天时间不短,加上单程路上时间长,孩子到家已经不早。我们家里经济条件一般,人口多,大人照看压力大,本来指望课后服务能帮上忙,但又担心学校借这个时间布置书面作业或变相补课。这个年级原本原则上不布置书面家庭作业,可这个月孩子的作业情况并不符合既有规范,我们心里没底。孩子平时睡眠时间比较长,如果课后服务再加上作业,晚上休息不够,肯定影响身体和第二天的状态。希望领导能关注一下学校课后服务的实际内容和时间安排,核实有没有书面作业,是不是真正自愿、内容多样,别让好政策变成孩子的额外负担。也希望能加强对学校管理和师资方面的监督,让我们家长放心。"
4E2DE4AA8D4BE8F279C952E538E1CFC71538F40FF3109F6DC5E65EFB8A7CCE5E,关于暑假书面家庭作业与规范不符的反映,"我家孩子在读小学,暑假期间发现书面作业情况与当前年级应遵循的规范不符,可能存在学校布置书面家庭作业的问题。孩子每天上学单程时间较长,家庭经济条件一般,同住人口多,作业过多会增加家庭辅导负担,也影响孩子睡眠和假期休息。希望相关部门核实并督促学校严格落实规范,减轻学生负担,保障孩子睡眠和身心健康。另外,也担心学校管理不规范、师资不稳定等问题,希望加强监督。"
75E77C5A8DFB92B7CD01DE2699EB031B76EF427031467C29EC3A9B771425C4FB,关于暑假课后服务期间作业负担过重影响孩子休息的反映,"领导您好,我是一名小学生家长。孩子就读的学校离家较远,每天通学时间比较长,这个暑假孩子参加了学校的课后服务,我们原本希望学校能按要求提供丰富多样的活动,减轻家庭照护压力。但最近发现孩子本月的书面作业情况明显不符合当前年级“原则上不布置书面家庭作业”的规定,作业量偏大,我们担心长期这样会打乱孩子的作息,影响睡眠和健康。我们家庭经济条件一般,没有给孩子报学科类培训班,只希望学校能真正落实作业减负要求,合理安排在校时间。恳请相关部门核查学校课后服务期间是否存在变相布置书面家庭作业、延长学习时间的问题,督促学校严格执行作业管理规定,让孩子在暑假得到充分休息和全面发展。"
7A6E3181821738C48F0B0368DF8E0F04F6CA61BBF2AFB243D872483228A8C95E,关于暑假书面家庭作业与规范不符的反映,"我家孩子在读小学,暑假期间发现书面作业情况与当前年级应遵循的规范不符,可能存在学校布置书面家庭作业的问题。孩子每天上学单程时间较长,家庭经济条件一般,同住人口多,作业过多会增加家庭辅导负担,也影响孩子睡眠和假期休息。希望相关部门核实并督促学校严格落实规范,减轻学生负担,保障孩子睡眠和身心健康。另外,也担心学校管理不规范、师资不稳定等问题,希望加强监督。"
FE9549092FAE6F5523F9793511AF435A2072D35D61DFCBB050A2C6E4A5BA4974,关于小学暑假书面作业和课后服务安排需统筹规范的问题,"领导您好。我家孩子现在上小学,不是毕业年级,按现行规定这个年级原则上不布置书面家庭作业。但这个暑假里,孩子的书面作业情况跟规定对不上,我们心里很没底。孩子学校不是公办,单程上学时间也比较长,家里经济条件一般,过去也没有参加过学科类校外培训。现在孩子每天参加学校的课后服务,但书面作业情况仍然与规定不符,我们担心服务结束后还有书面任务,两者叠加会加重负担,长期影响睡眠和身体。以前也看到不少地方因为学校配套跟不上、师资管理不到位,家长反映后需要上级协调。现在我们最怕政策有要求,学校执行打折扣。希望领导能督促相关部门核查一下学校暑期作业和课后服务安排,看看是否存在书面作业时间超过年级规定、课后服务内容不够多样、时间衔接不合理的问题。我们不是不支持学校管理,就是希望孩子能按规定减负,保证睡眠,别让家长因为没条件补课而更加焦虑。"
C0863FD1575D65D62D2C12EA6795FA310FAD4B8E7C6123497A39125D408B770E,关于持续关注农村小学生家庭作业负担的建议,"领导好,我是西部地区一名小学生的家长。孩子现在读小学,暑假作业量目前看是符合规定的,我们比较放心。但从同村其他家长和以往情况了解到,平时学期里书面作业偏多,有时还要在群里发作业、家长批改,课堂作业带回家写,孩子写到很晚。我们夫妻都在外务工,家里老人文化不高,辅导起来很吃力。马上要开学了,我们担心作业量又反弹,希望领导督促学校真正落实“原则上不布置书面家庭作业”的规定,减少机械抄写和群内打卡,让孩子有足够睡眠,减轻家长负担。谢谢。"
7AA2CADD64B9B8864C8220D978BE9B1FEE55D896D41A17F6D9A68ACF5D0E8CFF,关于农村小学生作业负担和课后辅导的求助,"各位领导好,我是一名农村小学生的家长。孩子马上要开学了,我们两口子都要打工,家里老人也帮不上学习,我们文化水平都不高。以前听同乡说,学校老师经常布置很多作业,孩子写到半夜,还要求家长必须检查签字,错一点就在群里点名,我们做父母的实在应付不来。现在虽然听说有规定不让布置书面作业,但我们担心开学后学校还是老样子。希望领导能督促学校真正落实作业管理规定,少布置点机械抄写的作业,不要让我们家长批改作业。同时,学校如果能提供课后服务,让孩子在学校就把作业完成,有老师辅导一下,我们下班晚也不怕,也减轻我们家长负担。农村学校条件有限,但孩子教育耽误不起,恳请领导关注。"
6044B027B87E7641757C90CC2ED251CBBBE4BD192B6FE41B669C77C709D5C443,农村小学生家长请求课后服务和作业减负,"领导您好,我是农村一名小学生的家长。我们两口子都在上班,家里老人也帮不上忙,孩子放学后没人看管,作业也没人辅导。这个月孩子没参加学校的课后服务,我们很着急。虽然现在书面作业不算多,符合上头的规定,但我们害怕开学后老师又开始布置很多作业,让孩子把课堂作业带回家做,或者在微信群里发练习题,要求家长批改。我们文化程度不高,实在辅导不了,孩子写到很晚也影响休息。希望领导能督促学校把课后服务办好,让孩子在学校把作业完成,老师能辅导一下;同时严格执行不布置书面家庭作业的规定,不要变相增加作业,减轻我们农村家长的负担。"
DD43F14D4B252FCDBC3C9342E12B15B8D0CAFD274D9DA3D5D3BEA89DB74E8C14,关于开学后作业负担与课后服务的担忧和请求,"领导好,我是一名西部乡村小学生的家长。家里人口多,我们两口子都要干活,每天能陪孩子学习的时间很有限,文化程度也不高。孩子现在读小学,不是毕业班。马上要春季开学了,我们心里有些担心。以前听同村或邻村家长说起过,有的学校作业多,孩子晚上写到很晚,老师还让家长在手机上批改作业,我们实在应付不了。孩子这个月参加了学校的课后服务,我们稍踏实一些,但不知道开学后课后服务能不能像现在这样继续,作业量会不会反弹。我们希望领导能督促学校严格落实作业总量要求,不要布置超量书面家庭作业,也不能把批改任务推给家长。课后服务最好能真正指导孩子完成作业,开展一些素质活动,而不是简单看管或集体补课。我们文化低,辅导不了,就盼着学校能把孩子在校内的学习管好,让我们能安心干活。"
04B9EA1958FB9A4AA996CBB7C834E51139052F5C7084F9914B733409B4EA8EF5,关于开学后作业负担和家长辅导压力的担忧,"领导您好。我是一名西部乡村小学家长,孩子暑假期间书面作业情况符合规定,我们比较放心。但马上要开学了,担心作业负担问题又回到以前那样。我们这里很多家长文化水平不高,白天都要外出打工,晚上时间很紧。以前常听说有班级在群里发很多练习题,孩子写到很晚,老师还要求家长先批改再上传,这对不识字的家庭特别难。希望开学后学校能严格落实作业管理,不布置过多书面作业,不让家长批改作业,尽量让孩子在学校完成练习,保持充足睡眠。"
A8AC128E52CA147261D61890C26A3DD46C8E8EAA4EE06C6ACB443A6A19A5CD1F,关于农村小学课后服务和作业负担的诉求,"领导您好,我是西部农村一名小学生家长。我们两口子都在外面上班,家里老人文化不高,孩子现在上小学,暑假参加了学校的课后服务。从目前看书面作业量还算合适,但我们很担心开学后作业又多起来,像以前听说的那样写到很晚。我们身边有家长反映过作业多、老师让家长在群里批改的情况,我们自己也辅导不了。希望领导能督促学校真正控制好作业总量,把课后服务用好,让孩子在学校就能完成作业、有老师指导,不要都推给家长。"
CF1AC8228E2F0A4BDBB130D01B51951F498D415DEB8B7C1BC75A2FF9078772CD,关于开学后作业负担和家长辅导压力的担忧,"领导您好。我是一名西部乡村小学家长,孩子暑假期间书面作业情况符合规定,我们比较放心。但马上要开学了,担心作业负担问题又回到以前那样。我们这里很多家长文化水平不高,白天都要外出打工,晚上时间很紧。以前常听说有班级在群里发很多练习题,孩子写到很晚,老师还要求家长先批改再上传,这对不识字的家庭特别难。希望开学后学校能严格落实作业管理,不布置过多书面作业,不让家长批改作业,尽量让孩子在学校完成练习,保持充足睡眠。"
3DC6A5B5879B177E4344F936E84F9707D3CFE6069E9078EC307EE27D8C93A5B1,关于乡村小学课后服务和作业负担的担忧与请求,"领导好,我是一名西部农村小学生的家长。我们两口子文化不高,平时都要打工,时间很紧。暑假学校有课后服务,孩子也参加了,但我们担心只是把孩子集中看管,没有老师辅导作业、开展活动。以前听同省一些家长说,孩子作业多到晚上11点,老师还让家长批改,我们很怕开学后也这样。现在规定不布置书面家庭作业、要统筹作业、加强课后服务,希望领导能督促学校真正落实,让孩子在学校完成作业,开展一些体育、阅读等活动,减轻我们家长的辅导压力。不要搞变相补课,也不要让作业带回家让家长批改。谢谢。"
990F3CB127EB9C1EA448384ADE1B2E21B9A1A7844DEA51CDFE56F8F8C76BD531,关于开学后作业负担和家长辅导压力的担忧,"领导您好。我是一名西部乡村小学家长,孩子暑假期间书面作业情况符合规定,我们比较放心。但马上要开学了,担心作业负担问题又回到以前那样。我们这里很多家长文化水平不高,白天都要外出打工,晚上时间很紧。以前常听说有班级在群里发很多练习题,孩子写到很晚,老师还要求家长先批改再上传,这对不识字的家庭特别难。希望开学后学校能严格落实作业管理,不布置过多书面作业,不让家长批改作业,尽量让孩子在学校完成练习,保持充足睡眠。"
6841E7DD6226D7A31622433ED0C579F798E33F48C0819AB972F4E05A3EFC1AA1,乡村双职工家庭希望课后服务能真正减轻作业辅导负担,"领导好。我们是西部乡村的普通家庭,父母都在外做工,家里人口多,文化程度不高,晚上能陪孩子学习的时间很有限。这个暑假孩子在学校参加课后服务,我们很感激有地方看管,但心里总不踏实。以往同村其他家长反映过,有些学校课后服务只是让孩子坐着,作业照样带回家,老师还在群里要求家长批改、打卡,我们实在应付不来。现在书面作业量虽然符合规定,可我们担心开学后又会恢复原样,特别是微信群随时布置练习、把课堂任务带回家的情况。希望领导能督促学校把课后服务用好,真正在学校里完成作业辅导,而不是把批改责任转给家长;也希望持续关注作业总量和微信群布置作业问题,别让好政策被念歪。我们家不指望孩子上培训班,只盼着学校能把该管的事管好。"
65A09F9E9969D27999366A7B90A22EE7699C8182D94FE2EAE65F82E070469672,关于规范乡村初中暑假书面作业时长的请求,"您好!我是西部乡村一名初中学生的家长。这个月孩子在家,我注意到孩子书面作业情况好像和现在规定的初中生每天不超过90分钟的要求不太一致,心里有些担心。作为双职工家庭,我们经济条件有限,暑期还要忙于生计,很难有太多时间陪着孩子写作业。周边以前也听说过有学校作业布置过多,孩子写到深夜,影响睡眠。我们希望县里相关部门能关注一下乡村学校暑假作业布置情况,督促学校严格按照规定控制书面作业时间,多留些自主阅读、锻炼和休息的时间,让孩子过一个健康的暑假。谢谢!"
DBE437BBE45DE68910562A1D01C95754095ABD8733805DC1EEE5FA72061E08E6,关于农村初中生书面作业负担偏重的反映,"孩子上初中,我们住在农村,家里经济条件一般,夫妻俩白天都在外工作,晚上能陪孩子学习的时间有限。最近孩子在家写作业,总体感觉书面作业量偏多,经常超过规定的一个半小时,有时候语文、数学、英语轮着来,还有不少重复抄写和练习册内容。我们文化程度不高,辅导起来很吃力,孩子睡得也晚。现在学校不是要求统筹作业总量、提高作业设计质量、加强校内指导吗?希望领导能关注我们乡村初中的作业负担问题,督促学校真正控制作业总量,减少机械重复作业,提高作业质量,让孩子能有时间休息和锻炼。如果开学后学校能利用课后服务时间让孩子在校完成一部分作业,对我们这样双职工家庭也是很大的帮助。"
7DC753AEE0D83477DE204CC3973533AA89F44AB5830DC9BE7EC87F903C816B18,关于乡村初中生家庭作业超时及课后服务未减负的诉求,"尊敬的教育部门领导,您好。我是西部农村一名初中学生的家长,孩子就读于乡镇公办学校,家庭经济条件有限,没有参加任何校外学科培训。春季开学以来,我们注意到孩子每天在家完成书面家庭作业的时间偏长,经常超过规定的90分钟,有时晚上还要赶作业。虽然孩子参加了学校的课后服务,但回家后仍有不少书面任务,我们不清楚课后服务时间是否被用于讲课或考试,没有真正用来完成作业和答疑。作为家长,我们文化程度有限,辅导不了初中的功课,也请不起家教,很担心孩子学习跟不上,更怕长期作业负担影响身心。希望教育部门能核查学校的作业布置和课后服务安排,督促老师合理控制作业量,把课后服务时间真正用于学生完成作业和个别辅导,切实减轻乡村孩子的课业负担,让他们也能健康成长。"
E0392D7DEF9377F4A5B6FAF4040C12271D660C6BFE05E98EA90F7392D212A6D2,"恳请加强农村学校课后服务实效,让孩子在校真正学好","领导好,我是西部农村一名初中生的家长。家里经济条件一般,以前没有给孩子报过学科类补习班。现在学校提供课后服务,孩子每天参加,我们很感激。但同省一些学校曾出现课后服务时间被宣传、形式化活动占用,老师忙于应付,孩子作业批改不及时的情况。我们担心自己孩子学校也可能这样。孩子正处在初中打基础阶段,我们平时要工作,辅导能力有限,课后服务如果只是看管、不辅导作业、不讲学习方法,农村孩子和城里孩子差距会更大。希望领导能督促学校把课后服务重点放在作业辅导、答疑和巩固知识上,减少不必要的非教学任务,让老师能专心教学、认真批改作业,真正让课后服务发挥作用。"
E9B8C78E6F3E951A732D131F22E1C0BB795CCD2712DAEC4F13004298A9486A64,关于规范农村初中生暑假作业量保障孩子睡眠的诉求,"我是西部农村一名初中生家长,夫妻平时都在务工,陪伴孩子时间有限,特别关注孩子的学习负担和睡眠。孩子目前读初中,这个暑假参加了学校课后服务。我们了解到初中生书面家庭作业平均完成时间原则上不超过90分钟,但根据我们的观察和身边亲友的反映,学校里可能存在作业安排不够合理的情况,尤其担心开学后作业量增多,孩子写到深夜,影响睡眠。孩子现在睡眠时间还算充足,我们很怕这种状态被打破。希望教育部门能核查学校的作业布置情况,督促学校严格落实时长要求,合理安排课后服务和暑假作业,减少机械重复抄写,提升作业质量,并让老师及时批改反馈。另外,也担心农村学校师资不稳定、代课老师更换频繁会影响教学质量。恳请领导关注农村孩子的实际困难。"
BDB3309138656757B618DDCD4B02E130B528012E0C5257C6604207B472019F79,关于农村初中课后服务质量与师资稳定的诉求,"领导好,我是西部农村一名初中学生的家长。家里经济条件一般,我和孩子妈妈都要打工,孩子平时主要靠学校。现在书面作业量控制得还可以,孩子也参加了学校课后服务,我们很支持。但我们农村学校条件有限,以前也听说过同省有些学校老师更换频繁、课后服务只是简单看管,没有真正辅导,家长很无奈。我们担心时间长了,课后服务流于形式,或者作业负担又反弹。孩子以后想考本科,我们没能力额外补课,就指望学校课后服务能补上一些。希望领导能督促教育部门加强对乡村学校课后服务质量的检查和师资保障,让老师安心教学,让孩子真正学到东西,别让好政策到农村就变样。"
4CA909AABF58C9356C5FBA2B26EC18F041EA3DD6F4333C7DE3D2BC7121AAC0D1,关于规范农村初中生暑假作业量保障孩子睡眠的诉求,"我是西部农村一名初中生家长,夫妻平时都在务工,陪伴孩子时间有限,特别关注孩子的学习负担和睡眠。孩子目前读初中,这个暑假参加了学校课后服务。我们了解到初中生书面家庭作业平均完成时间原则上不超过90分钟,但根据我们的观察和身边亲友的反映,学校里可能存在作业安排不够合理的情况,尤其担心开学后作业量增多,孩子写到深夜,影响睡眠。孩子现在睡眠时间还算充足,我们很怕这种状态被打破。希望教育部门能核查学校的作业布置情况,督促学校严格落实时长要求,合理安排课后服务和暑假作业,减少机械重复抄写,提升作业质量,并让老师及时批改反馈。另外,也担心农村学校师资不稳定、代课老师更换频繁会影响教学质量。恳请领导关注农村孩子的实际困难。"
C9E00A4FCA738819448E36FBF90D24CE8F2FC2788A042C00233CCB13A9A74D60,关于农村初中课后服务与作业管理的建议,"我家孩子在农村初中就读,家里经济条件一般,我们夫妻白天都要工作,暑假孩子参加学校课后服务,确实解决了照看难题。但最担心开学后书面作业又像以前那样堆起来,孩子写到很晚,我们文化不高也辅导不了。希望课后服务能真正用来辅导作业和开展活动,老师指导孩子在学校完成大部分作业,不要变成集体上课或放羊。同时继续控制作业总量,别让课后服务结束后还有大量作业带回家。我们没有能力报外面的培训班,只能靠学校多帮助孩子。"
C8E34D68C8F8F325C9DB7DB5E56139462739FD4CD14D647EEA3FE1456E12F15F,关于规范农村初中生暑假作业量保障孩子睡眠的诉求,"我是西部农村一名初中生家长,夫妻平时都在务工,陪伴孩子时间有限,特别关注孩子的学习负担和睡眠。孩子目前读初中,这个暑假参加了学校课后服务。我们了解到初中生书面家庭作业平均完成时间原则上不超过90分钟,但根据我们的观察和身边亲友的反映,学校里可能存在作业安排不够合理的情况,尤其担心开学后作业量增多,孩子写到深夜,影响睡眠。孩子现在睡眠时间还算充足,我们很怕这种状态被打破。希望教育部门能核查学校的作业布置情况,督促学校严格落实时长要求,合理安排课后服务和暑假作业,减少机械重复抄写,提升作业质量,并让老师及时批改反馈。另外,也担心农村学校师资不稳定、代课老师更换频繁会影响教学质量。恳请领导关注农村孩子的实际困难。"
CD729F061FC27A991D0F639AF3F5B316F32D683062A224DD9A74D25A63A8BBB1,关于农村初中暑期课后服务质量的担忧与请求,"领导您好。我家在西部农村,孩子读初中,家里经济条件不好,我们夫妻平时都要工作,假期能专门陪孩子辅导的时间不多,也没有条件报外面的班。这个暑假学校开了课后服务,孩子也参加了,我们确实需要。但心里不踏实:农村学校师资和经费有限,课后服务能不能保证每天有实实在在的作业辅导、阅读或体育活动,而不是简单看管?我们担心老师不稳定、频繁更换,或被其他杂事占用精力,影响辅导质量。希望上级能督促和保障乡村学校课后服务的师资、经费和内容安排,让老师安心教学。开学后也请继续关注初中生每天书面作业总量,避免又出现写到深夜的情况,让孩子有充足睡眠。"
DDE495819351C4AC263958A36DAA9A8D3C26BFC4EA9BDE402D1A9A5589A77D5A,关于农村小学生暑期书面作业负担的反映,"领导好,我是西部农村一名小学生的家长。孩子现在放暑假,但近期发现孩子的书面作业情况与现行规定不太相符,我们很担心作业量偏多、难度偏大,给家庭和孩子造成压力。我们夫妻文化程度不高,家里人口多,平时农活和家务繁重,很难有精力和能力辅导孩子。过去也听说过有学校让家长批改作业、在群里打卡,我们很担心开学后也会遇到同样情况。希望领导能督促学校严格落实减负要求,合理布置暑假作业,不要变相增加家长负担,让老师承担起批改和辅导的责任,让孩子假期能有充足休息和自主阅读时间。"
6B133F441DB56BDE6CBD5B55D04006F6AEE4A3D1663EBEA3D92C0A7066F279B2,关于规范乡村小学作业管理减轻家长负担的建议,"我家孩子在乡镇小学读书,家长文化不高,家里人口多,经济条件一般。最近发现孩子书面作业情况不符合年级规定时长,虽然不是升学年级,还是很担心开学后作业更多。以前听说有学校放学后补课,回家写作业到很晚,老师让家长用手机改作业发群里,或要求买很多资料却不检查,这些对农村家庭太难了。希望领导督促学校严格按制度控制作业总量和时长,作业尽量在校内完成,老师亲自批改,不要转给家长。课后服务如果自愿,我们愿意参加,能解决辅导困难。"
96D400036F86F6B4AAC15935415F47D45D0B12CC7CC7AFC7DC140B5A0A31B372,关于小学课后服务与书面作业问题的反映,"领导好。我是西部乡村一名小学生家长,孩子就读公办小学,目前不在升学衔接年级。我们家庭经济条件一般,家长文化程度不高,辅导孩子作业很吃力。根据规定,孩子这个年级原则上不布置书面家庭作业,但这个月发现孩子仍有书面作业,情况不符合要求。学校虽然开展了课后服务,但回家后还需要写作业,我们很担心这样下去孩子睡眠不足,影响身体和学习兴趣。我们农村地区家长文化程度普遍不高,如果作业负担继续增加,或者老师要求家长批改作业,我们实在难以承担。希望领导能督促学校严格落实规定,不布置书面家庭作业,或者利用课后服务时间让孩子在校完成作业,减轻家长负担,保障孩子有充足的睡眠。"
2DF3B607147D91B2E3A0F6F925C17D76FCFFEC0FDBBD32930B6DC6C23A75C293,关于农村小学课后服务与作业辅导的建议,"领导好。我是西部农村一名小学生的家长,家里孩子现在上小学,不是毕业班。我们两口子文化程度不高,家里人多,白天干活也顾不上辅导。孩子这个月参加了学校的课后服务,按说是自愿参加、时间衔接好、内容也多样,但心里还是没底。以前我们这一片就有学校放学后继续补课,孩子回到家还要写作业写到很晚,家长不会教只能干着急。现在孩子作业看着是少了,可开学后会不会又变多?课后服务这两个小时到底是在辅导作业、开展活动,还是又拿来上课?我们文化低,就怕学校把批改作业、检查教辅的事又推给家长。希望领导能督促学校把课后服务真正用好,作业总量控制住,课后服务时间给孩子把作业辅导完,别让我们这些不识字的家长再为辅导发愁,让孩子能早点睡,别再把负担带回家。"
0603BC78534BC11D458EFBD00741242E5C39FF7EAC0A7AE2A01DB237239ECE70,关于小学低年级暑假书面作业过多盼加强监管的诉求,"领导好,我是西部农村一名小学生家长。家里条件一般,大人文化程度有限,孩子现在上小学低年级。按学校所在年级的规定,原则上不应该布置书面家庭作业,但开学前的这个暑假,孩子参加学校课后服务,书面作业情况并没有符合要求,我们心里很着急。我们不是不愿意配合学校,实在是辅导不了,家里人多事杂,孩子睡眠和活动时间也受影响。希望领导能关注农村小学低年级作业问题,督促学校严格执行相关规定,暑假和课后服务期间不要变相增加书面作业,让孩子真正减负。谢谢。"
554C9699D41A837017D0C25488C9010314F247F640E8E06E0A6EB9DF27E2E19D,农村小学生课后服务和作业负担问题求助,"领导您好。我是西部农村一名小学生的家长,孩子现在上小学,暑假期间参加了学校的课后服务。目前孩子书面作业量看着不算多,我们心里稍安,但作为文化程度不高的农村家长,辅导孩子学习一直很吃力。我们担心开学后作业负担反弹,课后服务变成变相补课,孩子回家还要写到很晚;也怕老师把批改作业、购买教辅等任务推给家长,我们根本应付不来。希望领导能督促学校严格落实作业管理,提升课后服务质量,课后服务时间不要集体上课,不要给家长布置批改任务,让农村孩子也能在学校把作业完成,减轻家庭负担。"
58001BA06DD621D6CC250615D620FC7C41C8581C570F967AAF34D25C0A5F162D,关于小学低年级暑假书面作业过多盼加强监管的诉求,"领导好,我是西部农村一名小学生家长。家里条件一般,大人文化程度有限,孩子现在上小学低年级。按学校所在年级的规定,原则上不应该布置书面家庭作业,但开学前的这个暑假,孩子参加学校课后服务,书面作业情况并没有符合要求,我们心里很着急。我们不是不愿意配合学校,实在是辅导不了,家里人多事杂,孩子睡眠和活动时间也受影响。希望领导能关注农村小学低年级作业问题,督促学校严格执行相关规定,暑假和课后服务期间不要变相增加书面作业,让孩子真正减负。谢谢。"
E1C17F51184BFEAF0A3C195D2444234F5709FCCC65A297FDDC25A10A720F8C99,关于农村学校课后服务与作业辅导的诉求,"领导您好,我是一名西部农村小学生的家长,家里孩子多,我们文化程度低,经济也不宽裕,没法送孩子去外面补课。现在孩子每天参加学校课后服务,本来很高兴,觉得有人管作业了。但之前听同村和附近家长说,有些学校课后服务就是补课或让孩子干坐着,作业还是带回家,家长不会教只能干着急,甚至老师还要求家长批改。现在我们孩子作业不多,但很担心开学后作业又变多,课后服务帮不上忙。希望领导能督促学校把课后服务的时间真正用在作业辅导和有意义的活动上,老师能在校内多指导孩子完成作业,别把辅导责任都推给家长,尤其是农村家长。谢谢。"
13EB2A53FFD5B51D0CC87BBA8A919D3DF14ED650A0C66E8914DCF105951240A1,关于小学低年级暑假书面作业过多盼加强监管的诉求,"领导好,我是西部农村一名小学生家长。家里条件一般,大人文化程度有限,孩子现在上小学低年级。按学校所在年级的规定,原则上不应该布置书面家庭作业,但开学前的这个暑假,孩子参加学校课后服务,书面作业情况并没有符合要求,我们心里很着急。我们不是不愿意配合学校,实在是辅导不了,家里人多事杂,孩子睡眠和活动时间也受影响。希望领导能关注农村小学低年级作业问题,督促学校严格执行相关规定,暑假和课后服务期间不要变相增加书面作业,让孩子真正减负。谢谢。"
8EFCA3096854469A013B6B2FCE76A463898E084189B3CE239D7077CF247E2960,关于农村学校课后服务与作业负担的诉求,"领导好,我是西部农村一名小学生的家长。家里孩子多,我文化水平不高,辅导作业很吃力。这个暑假孩子参加了学校课后服务,我们很感激,但心里还是不踏实。以前经常听说有学校课后服务只是看着孩子,作业还是带回家,家长不会教,孩子写到很晚。我们担心开学后书面作业又会多起来,老师把批改任务推给家长。希望政府能督促学校真正落实作业管理,课后服务时间让孩子在学校把作业做完、弄懂,不要给家长布置变相任务。我们农村家长能力有限,只盼孩子在学校能学好。"
2B240EF57A2FA201987F1F9A01FFE3FCEC34B38DFD4913CFD5A439FFA5E8A744,关于暑假初中生书面作业超时问题的反映,"领导您好,我是一名初中生家长。孩子目前不是毕业年级,暑假期间学校布置的书面作业感觉明显超过了规定的90分钟。我们双职工家庭,平时照看时间有限,孩子虽然睡眠时间还算充足,但完成作业要占用大量白天和晚上时间,阅读、锻炼和兴趣爱好都受到影响。我们对照了解到,初中书面作业平均完成时间不应超过90分钟,现在的情况让人担心是不是学校作业管理不够规范,或者存在通过教辅、补课等隐性增加负担的情况。以前也听说过同省一些学校存在教辅收费高、老师办班影响课堂精力的问题,所以我们更希望领导能关注一下。恳请教育部门核查该校暑期作业布置情况,督促学校严格落实作业时长规定,同时监管教辅材料和教师违规补课问题,让孩子有一个合理的假期负担。谢谢。"
074F72506B73E2C1B4E1CCF7E809A05F7005976ADF6D2C776163452FB09764CF,关于初中生书面作业时长未达标的反映,"领导您好,我家孩子在公办初中就读,不是毕业班。这个月孩子的书面作业情况不符合现行时长规范,作为家长我们很担心,怕长期这样影响孩子休息。现在政策明确要求学校统筹作业总量、时长和设计质量,希望领导能督促学校真正落实,别让减负停在纸上。同时我们也希望课后服务能发挥作用,让孩子在校内完成作业,减少回家负担。过去听说过个别老师精力放在校外补课上,现在虽然管严了,还是担心基层落实不到位,恳请领导关注,给孩子一个健康的学习环境。"
0537C277D8C2346B82E237A2B0A18F1FAB3600E66F659A669082D5798E7CD8ED,关于初中生书面作业超时及课后服务管理的诉求,"我家孩子在本地一所公办初中就读,目前不是毕业年级。按照现行规定,这个年级的书面家庭作业平均完成时间不应超过90分钟,但本月开学以来,孩子每天回家后仍需花费较长时间完成书面作业,有时明显超过规定上限。孩子参加了学校的课后服务,但作业似乎并没有在校内得到有效消化,回家后依然负担较重。家里父母都要上班,晚上辅导和督促的时间有限,孩子虽然睡眠时间还算充足,但长期这样下去我们担心会影响学习效率和身心健康。另外,我们周边也有一些家长反映,个别老师精力分散在校外补习上,可能影响校内作业布置和批改的用心程度,我们不希望孩子因为没参加某些补习而被区别对待。希望领导能督促学校严格执行作业管理要求,合理统筹课后服务内容,真正减轻学生不必要的书面负担,让家长安心。"
1B6E7F3256A7C907B64A0E7F48ECADC9FE4E7415119FA4EC503B7179A2FFDC0B,希望开学后学校课后服务能真正减轻家长负担,"我是初中孩子的家长,我们夫妻都在上班,家里时间紧。孩子现在参加了学校的课后服务,每天两个多小时,我们很欢迎,但有点不放心内容到底实不实。孩子一直有上校外学科培训,现在费用降了些,但外面的机构少了很多,我们总担心哪天就停了。马上要开学了,希望领导能督促学校把课后服务做得更扎实,不要只是看管,最好有老师辅导作业、答疑,特别是数学、英语。这样我们就不用再额外花钱补课,老师也能把精力放在校内。另外,以前常听说有老师自己办班,课上不讲课后讲,我们很担心,希望加强对在职教师有偿补课的监管。"
CD2A3E366D03167A6A432DA971D8F33A80C1ABBDC1C7D9F3D4ADC3E14B8C0F58,关于减轻初中生暑期作业和校外培训负担的诉求,"领导您好。我是本地一名初中生家长,孩子目前不是毕业班。暑假这段时间,孩子书面作业情况不符合现行对初中生的时长规范要求,我们不清楚是学校布置量的问题还是孩子自己完成慢,但看到孩子既要写作业,又要参加校外学科培训,时间排得很紧,心里很焦虑。家里虽然收入还过得去,但培训收费和以前比没什么下降,压力也不小。孩子平时睡眠时间不算短,可白天除了学校课后服务还要去培训,感觉整个暑假都在赶。以前听说过有些老师在校外办班、课上精力不够的情况,我们担心现在校内教学和课后服务满足不了孩子,只能靠花钱补课。希望领导能督促学校科学合理布置假期书面作业,同时加大对校外培训和在职教师有偿补课的监管,让学校真正把教学质量提上去,减轻我们普通家庭的经济和精神负担。谢谢。"
00EFBC77739E2BBB63D46DE29C399FDB26F6F17A88D40478F1D3AF382733C980,关于提升初中课后服务质量、减轻家庭校外培训负担的诉求,"我家孩子上初中,我和爱人都要上班,平时能辅导和接送的时间有限。学校提供了课后服务,孩子也参加了,但我们心里仍然不踏实。课后服务每天原则上不少于两小时,如果只是把学生集中起来看管,没有针对性的作业指导和素质拓展活动,孩子回家后还得面对作业,或者我们只能继续花钱找校外补习。现在学科类培训收费虽然降了,但合规机构数量减少,选择变少,我们担心孩子学习跟不上,反而更焦虑。以往也听说过一些地方出现教师校内不认真教、课后办班收费的情况,很怕这类问题换个形式继续存在。希望领导关注学校课后服务的实际质量,督促学校丰富内容、加强作业辅导,让课后服务真正解决问题,而不是变成另一种负担;同时加大对隐形变异培训和在职教师违规补课的查处力度,让家长少一些被迫补课的担忧。"
AAD37EE68E1FC9D8D62B00C34349342E2A05D1B7291562562CD65FA57E8FE136,关于减轻初中生暑期作业和校外培训负担的诉求,"领导您好。我是本地一名初中生家长,孩子目前不是毕业班。暑假这段时间,孩子书面作业情况不符合现行对初中生的时长规范要求,我们不清楚是学校布置量的问题还是孩子自己完成慢,但看到孩子既要写作业,又要参加校外学科培训,时间排得很紧,心里很焦虑。家里虽然收入还过得去,但培训收费和以前比没什么下降,压力也不小。孩子平时睡眠时间不算短,可白天除了学校课后服务还要去培训,感觉整个暑假都在赶。以前听说过有些老师在校外办班、课上精力不够的情况,我们担心现在校内教学和课后服务满足不了孩子,只能靠花钱补课。希望领导能督促学校科学合理布置假期书面作业,同时加大对校外培训和在职教师有偿补课的监管,让学校真正把教学质量提上去,减轻我们普通家庭的经济和精神负担。谢谢。"
FE55FE924A33C95097D29BB58FB68DEAA47C01458C79316E46A61CA4D346A39D,"希望做实初中课后服务,减少家庭对校外培训的依赖","领导好,我是一名初中学生家长,家在城镇。孩子秋季开学继续读初中,不是毕业年级。这个暑假孩子参加了学校课后服务,每天时间看着不短,但我们感觉主要还是集中看护,作业辅导和学科能力提升不够细致。我们家长都在上班,晚上时间有限,孩子学习上遇到问题,校内解决不了,就只能继续找外面的学科培训。现在正规培训机构少了,收费确实降了一点,但选择也少了,我们担心有些培训转入地下,师资、安全和收费都更难保证。以前也听说过有老师课下办班、精力分散的情况,现在更怕学校课后服务做不实,最后压力又回到家庭。希望领导督促学校把课后服务的内容做实,特别是加强作业指导和答疑,让大部分孩子在校内就能完成作业、解决疑问,真正减少家长对校外培训的依赖,同时加大对隐形变异学科培训的监管力度。谢谢。"
E5C68F1042558B6D08933A151DFBCBA64CFC0CC162DA4640BF556CCD6FD607E2,关于减轻初中生暑期作业和校外培训负担的诉求,"领导您好。我是本地一名初中生家长,孩子目前不是毕业班。暑假这段时间,孩子书面作业情况不符合现行对初中生的时长规范要求,我们不清楚是学校布置量的问题还是孩子自己完成慢,但看到孩子既要写作业,又要参加校外学科培训,时间排得很紧,心里很焦虑。家里虽然收入还过得去,但培训收费和以前比没什么下降,压力也不小。孩子平时睡眠时间不算短,可白天除了学校课后服务还要去培训,感觉整个暑假都在赶。以前听说过有些老师在校外办班、课上精力不够的情况,我们担心现在校内教学和课后服务满足不了孩子,只能靠花钱补课。希望领导能督促学校科学合理布置假期书面作业,同时加大对校外培训和在职教师有偿补课的监管,让学校真正把教学质量提上去,减轻我们普通家庭的经济和精神负担。谢谢。"
901D837B10528EAC41AC18EBDAE42BE160DE84288CD6B0831B0880683FDABA47,关于提升初中课后服务质量、减少家庭校外培训负担的建议,"领导您好,我是一名初中生家长。孩子所在学校是公办非重点校,我们夫妻双方都在上班,家里能辅导的时间有限。现在学校课后服务虽然每周五天、每天两小时,孩子也参加了,但我们仍然不放心,只能继续给孩子报学科类校外培训。培训收费虽然有所下降,但双职工家庭接送和精力负担依然不小。我们更希望学校课后服务能把作业指导、答疑和拓展内容真正做扎实,而不是简单看管,这样家长才敢减少对校外培训的依赖。也担心个别老师把精力过多放在校外,影响校内课后服务质量。恳请领导督促学校加强课后服务师资和内容管理,同时持续规范校外培训收费和教学,让我们家长更安心。"
D31D770CFC2F44BD3D50DFC5119C37294DF46AA2790FC7B8402BFD119E1AC6F4,关于初中生暑假书面作业负担过重及家长辅导困难的求助,"领导好,我是西部城镇一名初中学生的家长。孩子在公办学校就读,今年暑假布置的书面作业我感觉明显偏多,对照教育部门对初中生每天书面作业平均完成时间不超过90分钟的规定,这个月孩子的作业情况不太符合。我们家里经济条件虽不算差,但我和爱人文化程度不高,都是初中及以下,每天上班也很忙,家里人多但能辅导功课的人少。孩子以前学科辅导上得不多,睡眠时间一直比较充足,但这个暑假为了赶作业,经常写到很晚,我们很担心这样下去开学后更吃不消。我们也听一些家长说过,有的学校老师把批改讲解作业的任务推给家长,我们能力有限,怕教错方法。希望领导能关注一下初中生暑假作业量问题,督促学校合理布置作业,不要超过规定时长,也不要强制家长批改辅导,让孩子能保证充足睡眠,健康度过假期,开学后也能保持正常学习节奏。谢谢领导。"
8209AA7007A157BE52F7A2D2D7470A2B81BEC6FA13DE384DD72324DA6E26F3A7,关于初中暑假书面作业超时影响孩子休息的反映,"领导您好。我家孩子读初中,这个月放暑假,学校布置的书面作业量明显超出了规定,孩子每天写完都要超过一个半小时,经常写到很晚,第二天早上没精神。我们夫妻都在上班,家里老人只能管生活,辅导不了初中功课。我们文化也不高,看孩子每天趴在桌上写,心里着急又帮不上。以前就听说有学校作业多、只求数量不讲质量,最后成绩反而受影响。现在都强调控制作业总量、提高作业质量,希望有关部门能督促学校严格执行书面作业时长要求,减少简单重复的抄写,布置一些有实际效果的作业。另外,开学后也希望学校能真正把课后服务利用起来,让孩子在学校完成大部分作业,老师能给些指导,减轻我们家长的负担,让孩子晚上能早点休息。谢谢领导。"
B18B7EB64EBDC1B8A6C8B40C439BF058368F3C661E0F0C5E5D3D1DBF0247C6E8,关于初中生作业时长和课后服务的诉求,"领导你好,我家孩子在公办初中读非毕业年级,家里经济条件还可以,但我和孩子妈妈文化不高,辅导作业很吃力。这个月是寒假和开学过渡,学校安排了课后服务,孩子也参加了。按照现在的规定,初中书面家庭作业平均完成时间原则上不超过90分钟,可我家孩子这个月的书面作业情况没有符合这个时长规范。我们不是要追究具体是哪天或哪科作业多,就是担心长期这样孩子睡眠和第二天学习状态受影响。过去见过有的班级作业特别多,孩子做到很晚,成绩反而不好,家长反映也没用。希望领导能督促学校在开学后真正落实作业管理,让课后服务时间能用来完成大部分作业,老师能在学校答疑,而不是回家后家长还要批改讲解。我们文化有限,辅导不了,孩子也累。另外,家里给孩子报了学科类校外培训,收费和以前差不多,负担不轻,如果学校课后服务能更有效,我们也能减少对培训的依赖。请领导关注一下,谢谢。"
FA41CDD4E2E4CFAEB21BB579C7833F644D1A24773C7A3CBED35F50A1F0CBE60B,"希望加强学校课后服务辅导功能,减轻家庭校外培训压力","领导您好,我家孩子在公办初中读书,这学期参加了学校课后服务,每天时间也够长,但我们感觉课后服务主要还是看管孩子写作业,针对孩子学习上的薄弱环节没有专门的答疑和辅导。我们两口子文化程度都不高,初中知识很多已经辅导不了,只能继续花钱给孩子在校外报学科培训班。虽然现在培训费用规范了一些,但长期下来还是不小负担。既然学校课后服务已经开展,希望领导能督促学校把课后服务真正用起来,安排老师进行作业指导、学科答疑,甚至提供一些拓展活动,让孩子在学校就能解决大部分学习问题。这样我们家长也能安心工作,不用一边上班一边担心孩子没人管、学习跟不上,也不用额外花钱去外面补课。谢谢领导。"
B05289C4324D7D2619A01D4275AA4548403A9ACF3BFDE60BFD7D326419A214D4,关于初中生暑期书面作业超时及课后服务效果的反映,"我是一名初中学生的家长。这个暑假学校提供了课后服务,孩子也参加了,但孩子的书面作业完成时间仍然经常超过规定的90分钟。我们文化程度不高,辅导作业很吃力,看到孩子有时因为作业弄到很晚,担心长期这样影响睡眠和身体。本希望课后服务能帮孩子在校完成大部分作业、老师也能辅导,但实际效果不太理想。孩子还参加着校外学科培训,收费没怎么降,经济压力不小。希望领导关注学校课后服务的质量,真正让孩子在学校把作业完成,减轻家长负担,保障孩子的睡眠和身心健康。"
54C837A7B77A8EEC873CA59D8BF6398CF62C200E91B5BAECB656D2C8F08872A8,课后服务盼能真正辅导孩子学习,"各位领导好。我家孩子上初中,我们两口子文化程度不高,都在外面上班,家里老人也帮不上学习。现在书面作业是少了,孩子也每天参加学校的课后服务,但我们心里还是不踏实。我们担心课后服务主要是把孩子集中起来看管,老师很少针对孩子不会的地方讲解,作业虽然能在校完成,但知识漏洞没人补。我们家长自己辅导不了,只能继续给孩子报校外的学科类培训。虽然现在培训收费比原来降了些,但选择少了,我们也不知道机构质量到底怎么样,预交的钱安不安全。我们希望领导能督促学校把课后服务做得更实在,真正安排老师答疑辅导,而不是只看管。也希望继续加强对校外学科培训的监管,让收费合理、质量有保障。这样我们家长才能放心,孩子也不用那么累。"
5CC38EC590A33661D1560A19AEFDAE71BA7F220D82954D2F2263D8EA3D2B7907,关于初中生暑期书面作业超时及课后服务效果的反映,"我是一名初中学生的家长。这个暑假学校提供了课后服务,孩子也参加了,但孩子的书面作业完成时间仍然经常超过规定的90分钟。我们文化程度不高,辅导作业很吃力,看到孩子有时因为作业弄到很晚,担心长期这样影响睡眠和身体。本希望课后服务能帮孩子在校完成大部分作业、老师也能辅导,但实际效果不太理想。孩子还参加着校外学科培训,收费没怎么降,经济压力不小。希望领导关注学校课后服务的质量,真正让孩子在学校把作业完成,减轻家长负担,保障孩子的睡眠和身心健康。"
9DC3C949CF47D6B1B262329ADF8DBF345E7E9E3FA7FF8DEAF8C6FB7745EE7BB5,建议加强课后服务作业辅导减轻家长负担,"领导好,我是一名初中生家长,孩子在学校读初中,不是毕业班。我和孩子爸爸都在上班,家里老人也帮不上学习,我自己文化程度不高,辅导孩子作业越来越吃力。现在学校课后服务我们参加了,时间上确实衔接得上,但我们最担心的是课后服务只是把孩子聚在一起写作业,不会的题还是没老师真正讲明白。孩子作业量现在是符合规定的,但写完作业不等于学懂了。校外学科培训现在少了很多,我们还在上,费用降了一些,但也不能一直靠补课。希望领导能督促学校把课后服务的内容做实一些,增加作业辅导和答疑,让老师能在课后服务里帮孩子解决当天没听懂的地方,这样我们家长压力小一点,孩子也不用晚上回来再耗。谢谢领导。"
128B735B172F1A579EC3ABE39C36A899A37E365AD2BBE6964D841D94B260A33C,关于初中生暑期书面作业超时及课后服务效果的反映,"我是一名初中学生的家长。这个暑假学校提供了课后服务,孩子也参加了,但孩子的书面作业完成时间仍然经常超过规定的90分钟。我们文化程度不高,辅导作业很吃力,看到孩子有时因为作业弄到很晚,担心长期这样影响睡眠和身体。本希望课后服务能帮孩子在校完成大部分作业、老师也能辅导,但实际效果不太理想。孩子还参加着校外学科培训,收费没怎么降,经济压力不小。希望领导关注学校课后服务的质量,真正让孩子在学校把作业完成,减轻家长负担,保障孩子的睡眠和身心健康。"
57590E7B306D25D5C8C5DF5D979F09511FC319A775900E144C5F1092AC5EB930,关于暑期课后服务和校外培训减负的诉求,"领导好,我家孩子在公办初中读书,我和爱人都要上班,文化程度不高,家里老人也帮不上学习。这个暑假学校提供了课后服务,孩子也参加了,我们很感谢。但说实话,因为担心孩子学业跟不上,我们还是给孩子报了校外学科培训。现在培训收费比过去低了一些,可对双职工家庭来说仍然是笔开支,而且接送和看管压力不小。我们不是反对课后服务,而是希望课后服务内容能再丰富一些,特别是作业辅导和学习方法指导能更贴合孩子情况,让孩子在学校就能解决大部分学习问题,少依赖校外培训。也请领导关注校外培训机构的收费和教学质量,让我们家长花钱能放心。孩子睡眠一直还可以,我们也不想因为补课把身体搞垮。希望领导能督促学校把课后服务做得更实在,减轻我们这种文化不高、双职工家庭的压力。"
5CD714743BB1A336F2A7513C11B8B49DB6B4E8DF11B6F984D64F108E592EB4AA,关于孩子升学衔接阶段作业时长和学校管理的诉求,"领导您好,我是咱们这一个小学生的家长。孩子现在正处在升学衔接年级,暑假也快过完了。最近我们注意到孩子这个月的书面作业情况,对照孩子年级应该执行的时长规定,好像没有符合要求。我们也不清楚具体是作业量的问题,还是孩子自己拖拉,但作为家长心里很着急。家里条件一般,我们文化也不高,辅导不了多少,就盼着孩子能有个公平的学习环境。孩子平时睡觉时间比较长,我们一直注意让他睡够,如果开学后作业时间超过规定,我们怕他身体吃不消,也影响第二天的学习。孩子上的小学是公办的,不是重点学校,我们更担心基础打不牢,升学衔接跟不上。希望领导能帮忙督促学校严格执行作业时长规定,多关心一下普通小学孩子的学习负担和教育质量,让老百姓的孩子也能得到公平的教育机会。"
BD1B818AF49F6FF384C96CE1A80EBA16DC645F7B31EB8BE9D812DFCE97BDFFF6,关于孩子暑假作业超时和课后辅导的诉求,"领导您好!我家孩子正处在小学升学衔接年级。这个月我们观察到孩子每天完成书面作业的时间明显超过了规定的一个小时,我们很担心。家庭经济条件一般,家长文化水平也不高,辅导作业越来越吃力。孩子以前睡眠时间比较充足,现在怕长期这样影响身体和第二天的学习。希望学校能切实按照作业管理要求,统筹各科作业总量和时长,多布置一些有质量的作业。同时,盼着新学期学校能把课后服务落实好,让孩子自愿参加,在学校完成大部分作业,有老师指导。孩子是普通老百姓家庭的希望,教育耽误不得,请领导帮忙督促一下,谢谢!"
4C55EA35A6EC2CFE6AADE61FDCEF3387895F9D938C7DA31523CD1480DAD3F83C,关于小学升学衔接年级作业负担和课后辅导的求助,"领导您好,我家是东北小县城的普通家庭,条件一般,我们家长文化程度不高。孩子现在上小学,正处在升学衔接的重要年级。按现在规定,这个年级书面家庭作业平均完成时间不应该超过一小时,但最近开学前后,孩子写作业经常拖到很晚,明显不符合规定,我们看着心疼又着急。因为家里没人能辅导,我们也没让孩子参加学校的课后服务,只能自己想办法。为了不让孩子掉队,我们还给孩子报了校外的学科培训,但培训收费跟以前差不多,没有明显减轻,对我们这种收入不高的家庭压力很大。升学关键期,孩子负担重,家长经济压力也重。希望领导能重视普通家庭孩子的作业负担问题,督促学校严格按照规定控制作业量,同时让课后服务能真正帮到我们这样的家庭,减轻一些校外培训压力。教育是普通老百姓孩子唯一的出路,耽误不得,请领导理解我们做家长的苦心。"
2732B640F0CBDD7243B2F9E73C9DB21980FB090FD73B269DEAB33214C4D43ADD,关于请求加强小学升学衔接年级课后服务学业辅导的留言,"领导好,我家孩子今年在小学升学衔接年级,马上春季开学。我们住在城镇,家庭条件一般,我和孩子妈妈文化都不高,辅导不了功课。现在校外学科培训不像以前那么多,我们家虽然还报着,但心里不踏实,怕哪天没得上了,费用降了点可还是紧巴巴。学校课后服务孩子参加了,时间也不短,但我担心里面老师主要是看着孩子,没真正辅导学习。现在作业时间听着是符合规定,可升学衔接年级这点量我怕不够,基础打不好后面初中更吃力。希望领导能重视,督促学校在课后服务里增加老师答疑和作业辅导,特别对升学衔接的孩子多帮一把。我们普通家庭就指望孩子有个公平读书的机会,教育真的耽搁不得。"
384EF37DEA6D870B250A68ABF8AAB5AB3FF3CFCF14597D8238BB3AFD6726F7AA,关于小学衔接年级暑假书面作业超时问题的反映,"领导您好,我是东北某镇一名小学生的家长,孩子下学期面临升学衔接。我们家庭条件一般,我和孩子妈妈文化程度不高,辅导作业很吃力。这个暑假,孩子书面作业完成时间经常超过规定的一小时,有时写到很晚,我们看着心疼。孩子平时睡眠一直不错,但现在因为作业拖到很晚,睡眠也受影响。我们理解学校抓学习,但孩子还在长身体,作业量应该符合规定。另外,听说以前有家长反映过学校条件差、分布不均的问题,我们担心作业问题也得不到重视。希望领导能督促学校严格落实作业时长要求,别让暑假变成“第三学期”,给孩子减负,也给我们普通家庭减轻压力。我们家长文化低,只能靠学校,拜托领导了。"
E8BA7B59CFFB4A0BDC747B002B4763DFB5A078E65204B188ED9DD07CE001E7E9,"希望课后服务更实在些,减轻我们补课负担","领导好!我家孩子现在上小学,正是升学的关键年级,我们两口子文化都不高,就盼着孩子能考上大学。学校课后服务天天有,孩子也参加了,但我们担心课后服务主要是看着孩子写作业,老师辅导得不多,有些难题孩子还是不会,回家我们也没能力教。现在外面补课班比以前少了,价格虽然降了些,但对我们家来说每个月补课费还是压得喘不过气。我们就想,能不能让课后服务更实在一些,多安排老师给孩子讲讲作业、补补弱项,让孩子在学校就把学习问题解决了,我们家长也能少花冤枉钱。我们普通老百姓没啥大要求,就希望孩子能有个公平的学习机会,别因为家里条件不好就落在后面。请领导重视一下,帮我们解决这个难题。"
E3B9B0C3E0B7CE170C37BF6C6686D0860FE2A8741EF4C60F59EC36BF29A9E79A,关于小学衔接年级暑假书面作业超时问题的反映,"领导您好,我是东北某镇一名小学生的家长,孩子下学期面临升学衔接。我们家庭条件一般,我和孩子妈妈文化程度不高,辅导作业很吃力。这个暑假,孩子书面作业完成时间经常超过规定的一小时,有时写到很晚,我们看着心疼。孩子平时睡眠一直不错,但现在因为作业拖到很晚,睡眠也受影响。我们理解学校抓学习,但孩子还在长身体,作业量应该符合规定。另外,听说以前有家长反映过学校条件差、分布不均的问题,我们担心作业问题也得不到重视。希望领导能督促学校严格落实作业时长要求,别让暑假变成“第三学期”,给孩子减负,也给我们普通家庭减轻压力。我们家长文化低,只能靠学校,拜托领导了。"
3298C401DB0E957805E0E2B613907F5CD483DBE26ADE0DAA4402A1F0F3DEC631,关于升学衔接阶段课后服务与作业指导的诉求,"领导您好,我是本地一名普通小学生家长。孩子现在正处在升学衔接年级,家里经济条件一般,暑假里还在参加学科类校外培训,虽然费用比原来降了些,但对我们这样的家庭还是有压力。学校课后服务孩子也在参加,但作为家长心里还是不踏实,担心内容不够针对升学衔接,作业指导也不够实。现在书面作业时间虽然符合规定,但开学后学习难度一上来,怕孩子跟不上。我们普通老百姓孩子的教育耽搁不得,希望领导能督促学校把课后服务真正做扎实,多辅导作业、多衔接课程,让我们这些家庭少花钱也能让孩子不掉队。"
CF1BE5ABFAB1CA9806B52E54762F805516207B68DE1637B9BA888681B75A2A81,关于小学衔接年级暑假书面作业超时问题的反映,"领导您好,我是东北某镇一名小学生的家长,孩子下学期面临升学衔接。我们家庭条件一般,我和孩子妈妈文化程度不高,辅导作业很吃力。这个暑假,孩子书面作业完成时间经常超过规定的一小时,有时写到很晚,我们看着心疼。孩子平时睡眠一直不错,但现在因为作业拖到很晚,睡眠也受影响。我们理解学校抓学习,但孩子还在长身体,作业量应该符合规定。另外,听说以前有家长反映过学校条件差、分布不均的问题,我们担心作业问题也得不到重视。希望领导能督促学校严格落实作业时长要求,别让暑假变成“第三学期”,给孩子减负,也给我们普通家庭减轻压力。我们家长文化低,只能靠学校,拜托领导了。"
BC0E1AA00A03283F770CF44F1FC7B274A1C22DC05F5A47E30E2D010457D83B08,关于提高学校课后服务实效的请求,"我家孩子正处在升学衔接年级,学校是普通公办小学,我们家庭条件一般,我和家人学历不高,辅导功课很吃力。这个暑假孩子参加了学校课后服务,我们很珍惜,但也担心服务质量跟不上,只是看护而缺少针对性的作业辅导和升学衔接指导。现在外面学科类培训班明显少了,虽然收费降了一些,但对我们来说仍是负担,而且以后机构是否稳定也说不好。看到有的地方学校资源不足、孩子上学远、条件艰苦,我们更怕孩子被落下。孩子是我们普通家庭的希望,教育耽搁不得。恳请领导督促学校把课后服务做实,多安排老师进行作业辅导和学习方法指导,别流于形式,让孩子在校内就能得到实实在在的帮助,减轻家长的经济和辅导压力,给普通家庭孩子一个公平的机会。"
5F980AF49C9E1350B4CD86176BD33296C629517A5AE4578E9141C3CE183F4697,乡村初中生家长盼整治教师课外办班问题,"领导您好,我是中部乡村的一名初中生家长,家里经济条件不宽裕,孩子挺懂事,就是学习上需要老师多用心。暑假里孩子作业量看着还算合适,但我心里一直不踏实。听村里其他家长聊起,有些初中老师热衷在外办辅导班,不上补习的孩子在班里容易被冷落,甚至被调到后排。我们没啥门路,也交不起补课费,就怕开学后孩子因为没上老师的班,课堂上得不到公平对待。初中正是关键时候,老师要是精力都放在挣钱上,哪还有心思管好班里几十个孩子?我们这地方学校本来就不算好,老师再分心,孩子想考高中就更难了。希望领导能重视农村学校的师德和教学管理,多监督课堂纪律,让每个娃都能平等地听老师讲课,别让老实巴交的家长和孩子吃亏。"
E50513CF968C451FE9FCB4034069BA17AC0590E6AA65C1A85E46B3074AB2E31A,关于乡村初中课后服务和教师从教行为的诉求,"领导好,我是中部农村一名初中生家长。家里条件一般,孩子目前在公办初中就读,不是毕业班。这几年最担心的是个别老师上课不专心、课后办班,不上辅导班的孩子被冷落。现在虽然学科培训管得严了,但我们农村家长还是怕开学后变成“校内减负、校外增负”,或者老师把精力放在私下补课上。希望领导能重视乡村初中的课后服务落实,让自愿参加、内容多样的服务真正开起来,别让家庭条件差的孩子掉队。孩子睡眠一直还行,作业时间也基本符合规定,我们不敢多要求,只盼学校能把课后管好、老师能把心思放在课堂。"
961222A3C1894BFBF419CF96B3795161989997BCB7018F22439F493B8CA248FD,农村初中课后服务与教师精力问题,"领导好,我是一名农村初中孩子的家长。家里条件一般,孩子没有参加外面的学科培训,这个月都参加学校的课后服务。我们很支持学校课后服务,但心里总有些担心:以前听说有初中老师自己办辅导班,精力分散,对班上不参加辅导班的孩子关心不够,甚至区别对待。我们不希望这样的情况发生在自己孩子身上。孩子目前作业时间还算规范,但更希望老师能把主要精力放在校内课堂和课后服务上,让不花钱补课的孩子也能得到公平、负责的教育。请领导关注农村学校课后服务的实际质量,督促学校和老师把心思用在课堂和课后服务上。"
8A4CA60FD36F2269455F50667EBC73CD2DD386373EFCE43478A6B135D3A0D18C,关于提升农村初中课后服务质量的建议,"领导好,我是中部农村一名初中生家长。孩子现在参加学校课后服务,这学期书面作业时间也基本符合规定,我们很感谢。但我们是农村普通家庭,经济条件有限,最担心课后服务只是“看管”,没有真正辅导作业,或者个别老师利用课后服务时间变相办班、区别对待孩子。过去听说有老师热衷于办辅导班,不上辅导班的孩子受冷落,我们很害怕这种情况再出现。希望领导能重视农村学校课后服务的实际质量,加强监管,让课后服务真正用来答疑辅导、开展活动,减轻家长负担,让农村孩子也能公平接受教育。"
5C5BA7CA53CB9CB1521F24A5DB2865141C0967ABBB6B2822889137CE73ECFB26,呼吁加强乡村初中教师从教行为与课后服务监管,"我是中部省份一名乡村初中学生的家长。孩子不是毕业班,家里经济条件有限,没上过校外补习班,学习主要靠学校课堂和课后服务。这个暑假孩子参加了学校组织的课后服务,我们很感激。但我们从其他家长那里听说,有些地方个别初中老师热衷于办辅导班,上课不讲透,不参加补习的孩子容易被忽视,我们非常担心自己孩子开学后也会遇到这种情况。乡村孩子出路本来就少,如果老师精力被课外班分散,课堂质量下降,对孩子太不公平。恳请领导重视乡村学校师德师风建设,加强对在职教师有偿补课的监督检查,督促学校把课后服务做实,让农村孩子也能享受到公平有质量的教育,实现上大学的梦想。"
48B91F15BBFB1C481785266E14C83E47A7B4D4C2DE3B632DCDD5C4C4C234E540,关于农村初中课后服务质量和教育公平的诉求,"我家孩子在农村公办初中就读,家庭经济条件一般,从没参加过校外学科培训。这个假期孩子一直参加学校课后服务,书面作业量也符合规定,我们很感谢。但作为家长,我心里还是不踏实:过去听说有些地方老师精力放在课外,不上辅导班的孩子被冷落;现在校外学科培训管得严了,我们农村孩子更没有条件请家教或上辅导班,学校课后服务就成了主要依靠。我担心农村学校师资、经费跟不上,课后服务如果只是看管写作业,内容单一,或者变相补课收费,那孩子想考上本科的愿望就更难了。希望领导能重视农村初中的课后服务保障,督促学校认真落实,真正把时间用在作业辅导、兴趣培养和学习方法指导上,让经济困难家庭的孩子也能得到公平、有效的校内支持。"
122E283FB7896214DBAFBB29C8468ADF686CA95628C298D9A375E074DF26A3F9,呼吁加强乡村初中教师从教行为与课后服务监管,"我是中部省份一名乡村初中学生的家长。孩子不是毕业班,家里经济条件有限,没上过校外补习班,学习主要靠学校课堂和课后服务。这个暑假孩子参加了学校组织的课后服务,我们很感激。但我们从其他家长那里听说,有些地方个别初中老师热衷于办辅导班,上课不讲透,不参加补习的孩子容易被忽视,我们非常担心自己孩子开学后也会遇到这种情况。乡村孩子出路本来就少,如果老师精力被课外班分散,课堂质量下降,对孩子太不公平。恳请领导重视乡村学校师德师风建设,加强对在职教师有偿补课的监督检查,督促学校把课后服务做实,让农村孩子也能享受到公平有质量的教育,实现上大学的梦想。"
64CFEC69570806FC832DEDFF85CC4F15A6EA2D3C2BE01416FB9973D633C89435,"农村初中课后服务盼落实,别让好事流于形式","领导您好,我是一名农村初中孩子的家长。家里条件一般,我们能辅导孩子的时间不算多,就盼着学校课后服务能实实在在帮到孩子。现在孩子这个月参加了学校课后服务,说是每天两小时,但我们很担心农村学校的师资和经费跟不上,课后服务会不会只是把孩子聚在一起看管,甚至变成变相补课。以前就听说过有的初中老师心思放在办辅导班上,对不上辅导班的孩子另眼相待,我们特别怕这种事再换个形式出现。孩子现在书面作业虽然能控制在规定时间内,可如果课后服务内容不丰富,写完作业就只是坐着,或者老师不认真答疑,孩子回到家还是一样没人管。我们希望领导能督促教育部门把农村学校的课后服务保障做到位,加强过程监督,让老师把精力放在校内,多开展一些阅读、体育、兴趣活动,别让自愿参加变成形式。也请关注一下作业设计,尽量让孩子在学校完成大部分,减轻我们经济和时间上的压力。"
52A57F39A1E57D63840593DD814AB51B78FC5A37F3DC03B082DBD43E0D2E8EF9,呼吁加强乡村初中教师从教行为与课后服务监管,"我是中部省份一名乡村初中学生的家长。孩子不是毕业班,家里经济条件有限,没上过校外补习班,学习主要靠学校课堂和课后服务。这个暑假孩子参加了学校组织的课后服务,我们很感激。但我们从其他家长那里听说,有些地方个别初中老师热衷于办辅导班,上课不讲透,不参加补习的孩子容易被忽视,我们非常担心自己孩子开学后也会遇到这种情况。乡村孩子出路本来就少,如果老师精力被课外班分散,课堂质量下降,对孩子太不公平。恳请领导重视乡村学校师德师风建设,加强对在职教师有偿补课的监督检查,督促学校把课后服务做实,让农村孩子也能享受到公平有质量的教育,实现上大学的梦想。"
7FFCB99708B5F433FEEDD85E1C2F7E42BA2E4B9487F12C0F1D63A4AF9DE6627E,关于乡村初中课后服务质量和公平性的诉求,"领导好,我是一名农村初中生家长。孩子今年秋季开学后上初二,家里经济条件一般,我们一直希望孩子能考上本科,有一个好的出路。现在学校课后服务原则上每周五天、每天至少两小时,孩子这个月也参加了。我们非常支持这样的安排,但心里也有担忧:过去听说个别老师热衷于办辅导班,不参加的孩子在班里可能被冷落。现在学科类培训班少了,但会不会有老师把精力放在课后服务之外的隐性补课上,或者在课后服务时间里只讲题、不辅导,让没条件另外花钱的孩子吃亏?农村学校本来就缺少优质资源,课后服务如果只是看管写作业,质量不高,反而可能浪费时间。希望领导能重视农村初中的课后服务落实情况,督促学校把课后服务内容做实,加强师德监督,防止变相补课和不公平对待,让每个孩子都能在校内获得公平、有效的学习和辅导。谢谢。"
4A2FABED5B5A87B93C75C7E5FFC83103357FB9D007415A3C0A272D0772AB9F4C,关于农村小学生暑假书面作业时长规范的关切,"领导您好,我是本地一名小学生的家长。孩子目前在村里公办小学读书,我们夫妻都在外忙活,家里老人照看,文化程度有限,辅导作业很吃力。这个月发现孩子的书面作业情况好像没有符合现在这个年级该有的时长规定,我们自己也说不清是学校布置还是孩子做得慢,但心里很不踏实。平时孩子睡眠倒是够的,可要是作业一直这么耗着,开学后家里时间更紧,我们怕孩子压力大,也怕老人跟着着急。之前也听说有家长反映过作业写不完的事,希望领导能帮着问问学校,暑假和开学后的作业量能不能更合理地安排,也让农村家长少些负担。"
4AF0CD3E916FAE3F9198BCEB666906380C68C298CA4C2AC0F2650AD1C6577448,关于农村小学生作业负担和课后辅导的求助,"领导您好,我是东部乡村一名小学生的家长。家里人口多,我们夫妻都在外工作,每天时间很紧,文化水平也不高,辅导孩子功课很吃力。这个暑假孩子在家写书面作业,经常一写就是很长时间,明显超过规定的一小时,我们看着心疼又着急。以前也听过有家长反映作业写到很晚、下午放学早没人辅导的情况。马上要开学了,我们很担心开学后作业更多、放学后没人管。现在听说学校要统筹作业总量、提供课后服务,希望领导能督促学校真正落实,控制好作业量,老师能在校内多指导孩子完成作业,课后服务时间能衔接我们下班时间,内容别太单一。我们家庭条件一般,也没有给孩子报学科培训班,就盼着学校能把课后辅导抓好,减轻我们的负担,让孩子能睡够觉,健康成长。谢谢领导。"
E65EE8C0E5C320724AE98CD37396C2FF7932C2CF336FA2D3F8F19E26F275965E,关于农村小学生家庭作业时长规范的诉求,"领导您好。我是一名农村小学生的家长。按现在规定,我这个年级的孩子每天书面家庭作业平均完成时间不应超过60分钟。但据我们观察,孩子本月的作业情况没有达到这个要求。作为双职工家庭,我们晚上时间很紧张,辅导作业力不从心,也担心孩子睡眠不足。马上要开学了,希望教育部门能督促学校在新学期严格按标准布置作业,尽量让孩子在学校课后服务时间完成一部分,减轻家庭负担。谢谢。"
03F4052CF7B98F704B4A09F783A307A64243FC14A924EEE6D9B7D9D745B27D62,关于乡村小学课后服务作业辅导的诉求,"领导好,孩子上小学,我们两口子都在外忙,家里老人辅导不了功课。学校课后服务孩子参加了,放学时间能接上了,但感觉内容多是看管写作业,孩子遇到不会的题还是没人讲。马上开学了,担心老师布置的作业虽然总时间没超,但课后服务里辅导跟不上,回家我们也不会教。以前也听说有孩子作业写到很晚的情况,很怕新学期又出现。希望县里能重视乡村学校课后服务的师资和内容,真正安排老师答疑和兴趣活动,别让课后服务变成单纯延时看管,减轻我们负担。"
06F92160A2DFE2C2E5F8AF0892DCD3824151B2DA10D98B480D714A4B3F2E544E,关于暑假农村小学生作业负担与辅导困难的诉求,"尊敬的领导:我是东部乡村一名小学生家长。家里经济条件一般,我们夫妻俩都在工作,平时时间很紧,难以辅导孩子功课。今年暑假,孩子带回家的书面作业完成情况没有达到当前年级规定的时长要求,我们文化水平不高,辅导起来很吃力,也没有条件送孩子去课外班。孩子白天大部分时间都在写作业,缺少锻炼和阅读时间,我们看着很心疼。我们村附近没有公益的暑期托管或辅导服务,孩子遇到不会的题只能空着。希望领导能关注农村孩子假期作业负担和辅导难题,协调学校合理布置作业,或利用乡镇文化站、学校场地开展一些公益辅导托管服务,让家长能安心工作,孩子也能过一个有意义的暑假。感谢领导。"
8E60E2AAF4CFD5501A644F2DDC6938D8FC4EBE3AA49B09FC3DB7398384268D5B,关于乡村小学课后服务落实的建议,"领导您好,我是一名乡村小学学生的家长。我们夫妻都在工作,家里人口多,时间很紧,文化程度也不高,辅导孩子功课比较吃力。这个暑假孩子参加了学校的课后服务,我们很感激,但也担心开学后服务会不会缩水,尤其是我们乡村学校条件有限。希望领导能督促学校把课后服务做实,每天保证规定的时间,有老师真正辅导作业、开展一些活动,不要只是把孩子关在教室里看管。这样孩子能在学校完成作业,回家不用写到很晚,我们家长也能安心上班。以前总听说有学校放学早、作业多,家长很头疼,现在我们很怕这种情况再出现。恳请政府保障好课后服务的师资和经费,让农村孩子也能享受到实实在在的服务。"
6DE99CA8903321E10BF9CB9B3F448E00B06511E52DC0EA5DCCBB19FFC772A58A,关于暑假农村小学生作业负担与辅导困难的诉求,"尊敬的领导:我是东部乡村一名小学生家长。家里经济条件一般,我们夫妻俩都在工作,平时时间很紧,难以辅导孩子功课。今年暑假,孩子带回家的书面作业完成情况没有达到当前年级规定的时长要求,我们文化水平不高,辅导起来很吃力,也没有条件送孩子去课外班。孩子白天大部分时间都在写作业,缺少锻炼和阅读时间,我们看着很心疼。我们村附近没有公益的暑期托管或辅导服务,孩子遇到不会的题只能空着。希望领导能关注农村孩子假期作业负担和辅导难题,协调学校合理布置作业,或利用乡镇文化站、学校场地开展一些公益辅导托管服务,让家长能安心工作,孩子也能过一个有意义的暑假。感谢领导。"
9BF16FBBE2A6B670CBFBE559506AB6806CCFFC04F565AB5BF62E3E610FCFA093,关于丰富乡村小学课后服务作业辅导的诉求,"领导您好,我是一名乡村小学学生的家长。我们夫妻俩平时都要上班,家里能辅导孩子学习的人很少,我们自己文化程度也不高。这个暑假孩子参加了学校课后服务,但我们感觉课后服务更多是看护,作业辅导和学科巩固的内容不多。我们家庭条件一般,以前也没给孩子报过学科培训班,现在外面正规的培训班也不好找,不正规的又不敢送。马上要开学了,我们很担心孩子作业多起来,课后服务如果还是以看护为主,孩子作业在学校完不成,回家我们也不会辅导,孩子学习会跟不上。孩子睡眠一直挺好的,我们不想让他为了作业熬夜。希望领导能督促学校丰富课后服务内容,特别是增加作业辅导和基础学科的巩固,让孩子能在学校把作业做完,回家轻松一点。另外,课后服务时间能不能更好地衔接我们下班时间,方便我们接孩子。谢谢。"
64F90324E71A7B138C28D31F21833CF2E57D945B840458E84806681491702A46,关于暑假农村小学生作业负担与辅导困难的诉求,"尊敬的领导:我是东部乡村一名小学生家长。家里经济条件一般,我们夫妻俩都在工作,平时时间很紧,难以辅导孩子功课。今年暑假,孩子带回家的书面作业完成情况没有达到当前年级规定的时长要求,我们文化水平不高,辅导起来很吃力,也没有条件送孩子去课外班。孩子白天大部分时间都在写作业,缺少锻炼和阅读时间,我们看着很心疼。我们村附近没有公益的暑期托管或辅导服务,孩子遇到不会的题只能空着。希望领导能关注农村孩子假期作业负担和辅导难题,协调学校合理布置作业,或利用乡镇文化站、学校场地开展一些公益辅导托管服务,让家长能安心工作,孩子也能过一个有意义的暑假。感谢领导。"
3E9E70DFF47A68FD95DE6F759059D123EDFC9350E7519417E16CFC3A9DF72578,关于农村小学课后服务作业辅导质量的诉求,"领导您好,我是一名东部农村小学学生的家长。孩子现在读小学,不是毕业班,学校离家近。我们夫妻俩都要上班,家里人口多,时间很紧,文化程度也不高,辅导作业很吃力。这个暑假学校有课后服务,孩子也参加了,但我们担心开学后课后服务能不能真正把作业辅导做到位。以前常听周围家长说孩子放学早、作业写到很晚,现在虽然有规定要求控制作业时间,但还是怕农村学校落实不好。希望领导能督促学校把每天课后服务的时间用好,重点辅导孩子完成书面作业、答疑,而不是只看着孩子坐着。这样我们双职工家庭也能安心工作,不用下班后再为作业发愁。谢谢领导关注。"
A833DB32B0034CECF7421B2A624B24C4842C66AB70D0A40FAFA8299B8206D804,"希望加强学校课后辅导支持,帮助低学历家庭孩子学习","领导您好,我是一名普通小学生的家长。我们两口子文化水平都不高,都在上班,家里人多,平时能管孩子学习的时间有限。孩子现在上的公办重点小学,离家近,我们挺满意的。现在政策规定小学生书面作业平均不超过60分钟,孩子暑假作业确实符合规定,这是好事,但我们心里着急。我们自己辅导不了功课,家里经济条件一般,也上不起外面的补习班。作业少了,孩子玩的时间多了,可我们担心他基础不扎实,以后跟不上。眼看暑假快结束,新学期要开始了,我们特别希望学校能多提供一些课后辅导,或者有免费的公益学习资源,让没条件上辅导班的孩子也能得到老师指导。我们不是要增加负担,只希望孩子能有公平的学习机会,不要因为我们家长不会教、没钱就落后。恳请领导关注我们这样的家庭,帮帮孩子。"
30F981994898A4B5DEF82DE8F0D3798AF5792E1500CD3C0D1D1ABCC04F1F5176,关于落实课后服务与作业指导保障教育公平的诉求,"领导好,我是一名小学生家长。我家住在城镇,家庭经济条件一般,我和孩子妈妈都在上班,文化程度不高,辅导孩子作业比较吃力。现在暑假快结束了,看到政策要求学校统筹作业总量、加强校内指导、完善课后服务,特别希望这些好政策能真正落到我们这样的家庭。孩子学校是公办重点校,但家里经济不宽裕,校外培训负担不起。之前听说有些地方课外班太多,学校之间资源差距大,我们很担心孩子在校内得不到足够支持,以后和条件好的孩子差距越来越大。希望领导督促学校把课后服务办实,时间上方便双职工接送,内容上多些兴趣和作业辅导,不要额外收费或变相收费;同时管好作业总量,别把辅导压力都推给家长。我们只希望孩子能在校内学足学好,得到公平的教育机会。"
A21914710B0BA22B4B4E834A2F7776E986E91CD22FD1D90CB92EBF0637D79241,关于提升小学课后服务实效保障普通家庭孩子公平教育的诉求,"领导好,我是一名小学生家长,家住城镇,家里经济条件一般,我和孩子妈妈都在上班,文化程度不高,辅导孩子功课很吃力。孩子现在每天参加学校的课后服务,书面作业时间也符合规定,我们很感激。但马上要开学了,我担心课后服务会变成单纯看管,孩子作业还是得回家让我们辅导,我们实在力不从心。周边课外班不少,但我们报不起,怕孩子差距越来越大。希望领导能关注课后服务的质量,督促学校利用课后服务时间认真指导孩子完成作业,多开展一些兴趣活动,让像我们这样的普通家庭孩子也能享受到公平的教育资源,减轻家长负担。"
E00D96C8B15DBC24A213A3C79D524995AC020C9DE31388BB927801DF279F51FA,希望课后服务能真正辅导作业减轻家长负担,"孩子现在上小学,学校是重点学校,离家不远。我们两口子都要上班,平时辅导孩子作业很吃力。学校课后服务开展以来,孩子参加了,我们挺感激,但心里还是有点不踏实。就是怕开学以后,作业又慢慢多起来,课后服务光是看管,不真正辅导作业,那我们回家还是干瞪眼。现在校外培训班少了很多,我们本来也没报过,可也担心一些班转成地下,价钱高还不安全。希望领导能多督促学校把课后服务做实,安排老师答疑解惑,别让作业都回到家里。我们普通家庭就盼着孩子能靠学校学得好,公平地享受教育。"
DE25D5ED6D22923B96202C80A33C53CABAAF6F4C2E6B361043AE54618F85D083,希望关注小学课后服务和教育公平,"我是一名小学生家长,家在咱们这城镇,家里条件一般,我和孩子爸都上班,家里人多,也不太会辅导孩子。孩子现在上小学,暑假在学校参加课后服务,我们觉得很方便,作业时间也不长,孩子能早点睡。但是身边有的家庭给孩子报这个班那个班,我们条件有限报不起,怕孩子以后跟不上。我们也不懂教育,就希望学校能把课后服务搞得更好,真正帮孩子学点东西,而不是光看着。也请领导关注一下不同学校之间的差距,让孩子们都能公平地得到好教育,别让没钱报班的孩子吃亏。谢谢领导。"
2210F7B80D8135AC9E17F8FF6B833758D6E398B714FF0F0292B4EBF7B808976E,希望提升小学课后服务质量和作业辅导实效,"领导您好,我是一名小学生的家长。家里条件一般,我和孩子爸爸都上班,文化水平也不高,辅导作业很吃力。现在学校有课后服务,孩子每天都在参加,但我们担心课后服务就是简单看管,没有真正辅导作业和开展活动。政策上要求统筹作业、加强校内指导,但不知道学校落实得怎么样。我们不想让孩子落后,也没钱报外面的班。希望领导能关注课后服务的质量,让学校在课后服务里认真辅导孩子写作业,还能有阅读、体育、兴趣活动,别浪费这两个小时。也希望作业能在学校基本完成,回家能轻松点,让孩子多睡一会儿。"
3691EF42388EC1CBD0663EA47A20E301A6C05F1E50C07FDC90A0CF9921A129A0,希望关注小学课后服务和教育公平,"我是一名小学生家长,家在咱们这城镇,家里条件一般,我和孩子爸都上班,家里人多,也不太会辅导孩子。孩子现在上小学,暑假在学校参加课后服务,我们觉得很方便,作业时间也不长,孩子能早点睡。但是身边有的家庭给孩子报这个班那个班,我们条件有限报不起,怕孩子以后跟不上。我们也不懂教育,就希望学校能把课后服务搞得更好,真正帮孩子学点东西,而不是光看着。也请领导关注一下不同学校之间的差距,让孩子们都能公平地得到好教育,别让没钱报班的孩子吃亏。谢谢领导。"
F1E98541A246616859009B9F5B19477DDA663C1B65941C952087888BB0C66840,希望课后服务别走形式让普通孩子真正受益,"领导您好。我是本地一名小学生家长,家里条件一般,父母都上班,家里人虽然多但能辅导功课的人手和水平都有限。孩子现在参加了学校课后服务,时间上确实方便了我们,但我们担心课后服务更多是看护,没有作业辅导和拓展活动,尤其像我们这样家长文化不高、又请不起家教的,孩子学习上的困难没人帮。现在校外学科培训少了,我们支持,但也担心孩子差距拉大。希望领导关注学校课后服务的师资和内容,别让它流于形式,让普通家庭的孩子也能得到公平有质量的教育。"
297F598BC1E244F4A9D7DFB224CE7DEA623805DE2B5AD9CC92AB62FDD9925AB5,希望关注小学课后服务和教育公平,"我是一名小学生家长,家在咱们这城镇,家里条件一般,我和孩子爸都上班,家里人多,也不太会辅导孩子。孩子现在上小学,暑假在学校参加课后服务,我们觉得很方便,作业时间也不长,孩子能早点睡。但是身边有的家庭给孩子报这个班那个班,我们条件有限报不起,怕孩子以后跟不上。我们也不懂教育,就希望学校能把课后服务搞得更好,真正帮孩子学点东西,而不是光看着。也请领导关注一下不同学校之间的差距,让孩子们都能公平地得到好教育,别让没钱报班的孩子吃亏。谢谢领导。"
6FA569CFDB680246E7593CFD8666A09C988C3B1EF2A5F70D692AA366F83A8BF7,希望课后服务能真正帮助双职工家庭,"我是本地一名小学生的家长,孩子就读公办重点小学,离家近,我们两口子都上班,文化水平不高,家里老人多,经济上也不宽裕。现在孩子参加了学校课后服务,但暑假快结束了,我有些担心开学后课后服务能不能一直做好。按政策学校每周提供五天、每天至少两小时的课后服务,可我们不清楚实际内容是否丰富,老师会不会认真辅导作业。我们家长自己辅导不了,外面学科培训班又少,家里也没条件报别的班。如果课后服务只是简单看管,孩子作业不会做还是没人管,我们双职工家庭真不知怎么办。也听说附近有些学校条件差些,课后服务可能更弱,希望领导能关注所有孩子的课后服务质量,督促学校把课后服务做实,加强作业指导,多开展一些有益的活动,真正解决我们家长的后顾之忧。"
96BB93E71C9497C2A82A4BC65B848C30B0A05176B1EC10012F861DF649A44A1A,关于小学生书面作业不符合规定影响身心健康的诉求,"领导您好,我是一名小学生家长。孩子就读于本地一所公办小学,学校离家较远,每天单程通学时间比较长。近期我们发现孩子本月的书面作业情况不符合当前年级的规定,虽然具体用时我们难以精确统计,但作为家长确实感觉负担偏重。我家经济条件一般,没有能力给孩子额外报补习班,孩子平时睡眠时间还算充足,但担心如果作业长期不规范,会挤占休息和自主活动时间,影响第二天的学习状态和身体健康。孩子正处在身心成长的关键期,作业管理不严还可能让个别教师把精力放到其他方面,对我们这种没有条件补课的家庭更不利。希望领导能督促学校严格执行作业管理规定,切实减轻学生过重课业负担,保障孩子睡眠和运动时间,同时加强课堂教学质量,让孩子在校内学足学好,减轻家长焦虑。"
450DBC58B30182569D0965905E4D608D3124D66E3DB20534F64B58860957432D,关于小学书面作业超时影响孩子休息的求助,"领导您好,我是中部地区一名小学生家长。孩子就读公办非重点小学,上下学单程时间较长,家里经济条件一般,没有给孩子报学科类补习班。最近发现孩子的书面作业经常超过60分钟,有时一个多小时还写不完,孩子睡眠都受到影响。我们了解到现在有要求学校统筹作业总量和时长,但实际感受还没有落实。我们担心开学后作业负担更重,尤其我们这样家长辅导能力有限、又没有经济条件补课的家庭,孩子更容易掉队。我们也听说有老师之前在校外开办补习班,担心校内作业指导和课后服务落实不到位。希望领导能督促学校真正控制书面作业量,并完善课后服务,让孩子能在学校完成大部分作业,保障休息和睡眠。谢谢。"
2047BFB8B3FF8E864D8BF6186190AEB3D82DD60D38DCBC16FFEA04F1E1A38F63,"小学生作业超时影响休息,盼规范课后服务","我家孩子在镇上公办小学读书,学校离家远,单程要花不少时间。孩子参加了学校课后服务,可这个月书面作业还是超过规定的一个小时,经常写到很晚,我们担心长期这样会影响孩子睡眠和身体。家里经济不宽裕,为了孩子学习还咬着牙报了学科辅导,负担不轻。我们听说有的学校老师精力分散,课后服务质量跟不上,作业反而更多。希望领导能督促学校真正落实作业时长要求,把课后服务用好,让孩子在学校就能完成大部分作业,回家能早点休息。我们普通家庭就盼着孩子能健康长大,将来考上大学。"
14542A2D00846FACB8F24983C40AF95B621D29E93A7135B5F38C0BC2F5AF8EBE,关于提升学校课后服务实效减轻家长负担的建议,"我是一名小学生家长,孩子目前参加学校的课后服务。近期校外培训规范后,收费是降了一些,但我们家经济条件一般,为了孩子不掉队,仍然在参加学科类培训,负担不轻。学校课后服务虽然每天都提供,但我和一些家长交流后担心,课后服务可能更多是看管写作业,缺少专业的音体美、科技等素质拓展内容,尤其担心非主科课程师资不足,孩子得不到真正多元发展。孩子学校不是重点校,通学时间也长,我们家长下班接孩子就指望课后服务能实实在在。希望领导能督促学校充实课后服务内容,配齐专业老师,加强作业辅导,让我们少花钱报班,真正减轻家长负担。"
53ADC83D563241F6520D6945E000980F5D315E9305A16AF57A2603803A5D6566,关于规范小学作业管理、减轻校外培训负担的诉求,"领导您好,我是一名小学生的家长,孩子在本县一所公办小学就读,学校比较普通,每天上学通勤时间也不短。最近我注意到孩子书面作业完成时间经常超过规定,有时候做得很晚,担心影响身体和睡眠。学校虽然提供了课后服务,但感觉对孩子作业辅导帮助不大,作业负担问题没有明显改善。另外,我们听说有老师在校外办班或参与培训,对没报班的孩子可能不太上心,我们家庭条件一般,但为了孩子不掉队,也不得不给孩子报了校外学科培训,费用压力不小。希望领导能督促学校严格规范作业布置,提升课后服务质量,同时整治教师违规补课行为,真正减轻我们普通家庭的经济压力和孩子过重的学习负担。"
668D3C4B84F9196B28F2ADDCF4F1CBB089CC805131CF42214615624F76AF5DBA,关于提升小学课后服务质量与师资保障的建议,"我们家孩子在公办小学就读,现在参加了学校提供的课后服务。作为家长,我们一方面感谢政策减轻了接送和看管压力,另一方面也有些担心。以往本地有学校出现过信息技术、美术、体育等课程没有专职老师,由其他科目老师代上的情况,课后服务会不会也变成单纯看管,缺少真正的作业辅导和多样化活动?孩子通学时间比较长,家庭经济条件一般,虽然校外学科培训费用有所下降,但我们仍然需要额外花钱让孩子参加培训,说明学校课后服务在学业支持上可能还不够解渴。希望领导能关注学校课后服务的实际开展情况,督促学校统筹好作业总量和课后服务内容,保障非主科课程和课后活动的师资投入,让孩子在学校就能获得比较完整的教育和照料,减少家庭对校外培训的依赖,也让家长更安心。"
7819F36B43F807DAA6D862FDEA004A71507452E2A4052EF8B6A2D118451CCC1B,关于规范小学作业管理、减轻校外培训负担的诉求,"领导您好,我是一名小学生的家长,孩子在本县一所公办小学就读,学校比较普通,每天上学通勤时间也不短。最近我注意到孩子书面作业完成时间经常超过规定,有时候做得很晚,担心影响身体和睡眠。学校虽然提供了课后服务,但感觉对孩子作业辅导帮助不大,作业负担问题没有明显改善。另外,我们听说有老师在校外办班或参与培训,对没报班的孩子可能不太上心,我们家庭条件一般,但为了孩子不掉队,也不得不给孩子报了校外学科培训,费用压力不小。希望领导能督促学校严格规范作业布置,提升课后服务质量,同时整治教师违规补课行为,真正减轻我们普通家庭的经济压力和孩子过重的学习负担。"
2559E8FE028A3636D302F1A64F8177E810DD492AB0916F368A72411B65B191F3,关于提升学校课后服务质量减轻家庭校外培训负担的诉求,"领导您好,我是一名小学生家长,孩子就读公办小学,家里经济条件一般,每天上下学路上花的时间比较长。这个暑假孩子参加了学校的课后服务,同时也在参加校外的学科培训。虽然现在培训收费比以前降了一些,但对我们这样的家庭来说还是不小的负担,孩子来回跑也很累。我知道现在政策要求学校把课后服务做好,内容要多样,师资和经费要有保障。可我担心我们学校不是重点,资源有限,课后服务可能只是看着孩子写作业,质量不高,起不到真正帮助孩子的作用。我们家长最盼望的是孩子在学校就能得到足够的学习辅导和兴趣培养,这样就不用额外花钱去外面补课。希望领导能多关注学校课后服务的实际落实,加强师资配备和内容监管,让课后服务真正有效,帮我们减轻负担。"
52583D8B7AC016E1AD5950EA1E22DB8D039CF5C833BC12D0D34F80394ED8FD11,关于规范小学作业管理、减轻校外培训负担的诉求,"领导您好,我是一名小学生的家长,孩子在本县一所公办小学就读,学校比较普通,每天上学通勤时间也不短。最近我注意到孩子书面作业完成时间经常超过规定,有时候做得很晚,担心影响身体和睡眠。学校虽然提供了课后服务,但感觉对孩子作业辅导帮助不大,作业负担问题没有明显改善。另外,我们听说有老师在校外办班或参与培训,对没报班的孩子可能不太上心,我们家庭条件一般,但为了孩子不掉队,也不得不给孩子报了校外学科培训,费用压力不小。希望领导能督促学校严格规范作业布置,提升课后服务质量,同时整治教师违规补课行为,真正减轻我们普通家庭的经济压力和孩子过重的学习负担。"
0E08B0E040F2836020E247B9AF9A6B87B8081927A750A3BAF99106583586333B,"课后服务盼提质,减少校外培训压力","我家孩子上小学,学校离得远,每天通学时间长。家庭收入不高,现在虽然课后服务有5天,但孩子说基本是看管,作业辅导不细致,兴趣活动也少。学校说是控制了书面作业时间,但孩子学习上还是有困难,只能继续报校外培训班。这些年培训收费是降了些,可对我们这种普通家庭还是不小负担。政策要求学校加强作业指导和课后服务,我们希望领导能督促学校把课后服务真正办好,多安排一些针对性的辅导和活动,让孩子在校内能解决学习问题,我们也不用再花冤枉钱去培训班。另外,也请关注有些老师可能还在变相补课的问题。"
81231B928638578D178101209CE105480D5580CE228286BD7D49FF98A1337E9D,"希望新学期严控作业量,还孩子休息时间","领导您好,我是一名乡村小学生的家长。马上要开学了,我心里有些担心。虽然现在规定低年级不布置书面家庭作业,但以前我们这边有学校作业特别多,孩子写到很晚,连活动时间都没有。我家条件一般,我也辅导不了太多,生怕孩子跟不上。希望新学期学校能真正落实减负要求,不要布置太多书面作业,让孩子放学后能有点运动玩耍的时间。如果学校有课后服务,也希望不要变成变相加课或收费,我们农村家庭负担不起。请领导关注一下,谢谢。"
78B997181AFC69D5DBEEED0A64AAE5B6304F3895FB251A44761667A75E8D66D5,关于农村小学开学后作业和课后服务落实的担忧,"领导您好,我是村里一名小学生家长,孩子不是升学年级。家里条件一般,我和孩子妈妈文化程度不高,辅导作业挺吃力。现在放暑假,作业量看着还行,符合规定,但马上开学了,心里有些没底。以前听说周边学校有作业过多、有的题书上找不到答案,孩子写到很晚;还有学校发校外培训传单,鼓动补课;课后服务还要每月另收费,说是自愿,实则家长有顾虑。现在政策要求学校统筹作业总量、加强课后服务、规范校外培训,希望领导能督促我们这儿的小学真正落实,别把课后服务变成变相收费或变相补课,控制好作业量,让孩子放学后能有点运动和休息时间。我们家长愿意配合学校,但确实能力有限。谢谢领导。"
6E57345A78A50BDCA616FFF6CBDDA2EC442B9868446632FC3D17164C28CEBD7E,"请规范乡村小学课后服务收费与内容,别让减负变负担","领导好。我是村里一名小学生家长,家里条件一般,文化不高,但盼着孩子能好好读书。孩子现在低年级,按规定不该有书面家庭作业,这学期开学在即,孩子也参加了学校课后服务。可我们听说有的地方课后服务每月收费不低,还说是自愿,实际家长怕孩子被落下只能交钱;还有学校借课后服务补课、发培训传单。我们心里没底,担心学校课后服务也这样,本来家里收入就不高,再增加收费实在吃力。更怕课后服务变成变相上课、写作业,孩子晚上回来还是没时间活动。希望领导能重视农村小学课后服务收费和内容监管,收费公开透明,真正自愿,不能变相强制;课后服务多安排一些阅读、运动或兴趣活动,别补课、别布置作业,让低年级孩子放学后能喘口气,也能减轻我们农村家庭负担。谢谢。"
ABDD04E8A0C81FBE5B7F836EB57CA56F1648E5D30C4EB76D6051738C3B774B7F,关于乡村小学课后服务的担忧与请求,"领导好,我是农村的一名小学生家长。我家孩子现在上小学,平时在学校参加课后服务。听说现在有政策要求学校课后服务要自愿、时间合理、内容多样,我们很欢迎。但身边也有家长抱怨课后服务要收费,或者就是看着写作业,孩子学不到东西,还变相增加了负担。我们家庭经济不宽裕,最怕学校把课后服务变成变相收费,或者强制参加。马上要开学了,希望领导能重视乡村学校课后服务的落实,督促学校真正自愿,不额外收费,多组织一些运动、阅读等活动,别让孩子光坐在教室里。我们也希望孩子能有个快乐的童年,能减轻我们的负担。谢谢。"
47CDF235D2C4692BAEBC0D5C8F32101465699CA7F2C3F36DAC7D212994F06904,关于规范农村学校课后服务收费和内容的诉求,"领导您好,我是本地一名农村小学生的家长。孩子现在上小学,不是毕业班。我们家庭条件一般,我文化程度也不高,辅导孩子学习确实吃力。现在孩子暑假参加了学校的课后服务,我们很支持学校帮我们看管孩子,但也有些担心。听说有的学校课后服务会变相补课或者收费比较高,我们农村家庭负担不起。我家孩子这个月书面作业倒是没有超量,但学校平时能不能严格落实不布置书面家庭作业的规定,我们心里没底。希望领导重视一下农村学校课后服务的管理,别让课后服务变成上课、补课或者收高费,也别增加孩子书面作业。我们家长文化有限,孩子睡眠一直还行,就希望他放学后和假期里能有点运动、玩耍的时间,别整天趴在桌上写作业。谢谢领导。"
B10CA40F0C817DAFC13FF01C1F08C8DB26B71E33BFBAB88C0C8EE42064080AE4,关于农村学校课后服务收费和活动内容的担忧,"领导您好,我是一名农村小学生的家长。孩子今年暑假参加了学校的课后服务。我们家庭收入不高,很担心学校会像其他一些地方那样每月收一两百元的课后服务费,这对我们来说是不小的负担。上级要求课后服务由地方保障经费,自愿参加,我们也希望这个服务能真正免费或者只收很少的成本费。另外,孩子平时睡眠时间比较长,作业也基本符合规定,但课后服务里能不能多安排一些体育活动、兴趣活动,而不是让孩子们干坐着或者写作业?农村孩子本来课外资源就少,希望领导能关注一下课后服务的经费保障和内容质量,让孩子们能过一个有意义的暑假。"
A3324439DAD02BB297903635E3DA4635BF4937B3A4F344CE8DD84137763ECC11,关于规范农村学校课后服务收费和内容的诉求,"领导您好,我是本地一名农村小学生的家长。孩子现在上小学,不是毕业班。我们家庭条件一般,我文化程度也不高,辅导孩子学习确实吃力。现在孩子暑假参加了学校的课后服务,我们很支持学校帮我们看管孩子,但也有些担心。听说有的学校课后服务会变相补课或者收费比较高,我们农村家庭负担不起。我家孩子这个月书面作业倒是没有超量,但学校平时能不能严格落实不布置书面家庭作业的规定,我们心里没底。希望领导重视一下农村学校课后服务的管理,别让课后服务变成上课、补课或者收高费,也别增加孩子书面作业。我们家长文化有限,孩子睡眠一直还行,就希望他放学后和假期里能有点运动、玩耍的时间,别整天趴在桌上写作业。谢谢领导。"
21F6EA29927951796FAD505F7F39BDFA1B5757883E38E7DA4AA36AD1B9C0EA00,农村家庭担忧学校课后服务收费与质量,"领导您好,我是村里一名小学生家长。孩子现在放暑假,但学校有课后服务,我们也让孩子参加了。家里收入不高,我和孩子妈文化水平也有限,辅导不了多少。听说有的地方学校课后服务要每月收一百多块钱,说是自愿,可我们怕不参加孩子跟不上,参加了又怕交不起钱。现在又提倡给孩子减负,我们最担心开学后课后服务变成变相补课或者布置更多作业,晚上回来又得写到很晚。希望领导能关注农村学校的课后服务,把经费保障好,别让家长另外掏钱,也别让课后服务加重孩子负担,让孩子能有点活动时间。"
DEDEEEC806BFADB437CF750ECF528C3D606DB011E7D3CF34457E363BF01C3B22,关于规范农村学校课后服务收费和内容的诉求,"领导您好,我是本地一名农村小学生的家长。孩子现在上小学,不是毕业班。我们家庭条件一般,我文化程度也不高,辅导孩子学习确实吃力。现在孩子暑假参加了学校的课后服务,我们很支持学校帮我们看管孩子,但也有些担心。听说有的学校课后服务会变相补课或者收费比较高,我们农村家庭负担不起。我家孩子这个月书面作业倒是没有超量,但学校平时能不能严格落实不布置书面家庭作业的规定,我们心里没底。希望领导重视一下农村学校课后服务的管理,别让课后服务变成上课、补课或者收高费,也别增加孩子书面作业。我们家长文化有限,孩子睡眠一直还行,就希望他放学后和假期里能有点运动、玩耍的时间,别整天趴在桌上写作业。谢谢领导。"
B8C0F3597F3552CDBEDFD12A0A5C6B14DACE7B39463C43065B96E2CA9FF287C4,关于规范乡村小学课后服务减轻家庭负担的诉求,"我家在东北农村,家庭条件一般,孩子上小学。这个暑假孩子参加了学校的课后服务,学校说每天不少于两小时。我们支持课后服务,但心里有些担心:一是怕课后服务变成变相强制,不参加怕孩子被区别对待;二是怕收费增加负担,我们收入不高,文化程度也有限;三是怕课后服务只是看着写作业或补课,孩子没有运动和休息时间。以前听说过有学校把课后服务搞成收费项目,或者作业太多孩子写到很晚。希望领导能监督乡村学校的课后服务,确保自愿、收费合理、内容多样,给孩子留点活动时间,真正减轻家长和学生负担。"
8BA8466FDF7EC22B9B1CBD6F0561FDAD42AA889FAE48EC81B71FB842CCC45442,关于请学校切实减轻小学生家长作业辅导负担的建议,"领导您好。我家孩子在公办小学读书,开学就要升入新年级。我们家经济条件一般,家长文化程度也不高,辅导孩子作业很吃力。这个暑假孩子的书面作业量还算正常,但我很担心开学后学校会要求家长每天检查作业、录背书视频打卡,甚至让家长参与校内劳动。这些任务对我们这样的家庭来说负担太重了,也容易影响孩子睡眠和休息。希望学校能严格落实书面作业不超过60分钟的规定,不要给家长布置变相任务,让孩子能安心学习,家长也能松口气。"
5C916681377AC1459724CA422FE31C87702624916916B8C4A2DFD1B9B7FF13CD,关于减轻家长作业辅导负担和提升课后服务质量的建议,"领导您好,我是一名小学生家长。家里经济条件一般,我们文化程度不高,辅导孩子作业很吃力。现在学校放假,但想到开学后每天辅导作业、检查签字、录制视频等任务就发愁。听说现在要求学校统筹作业总量、加强校内指导,还有课后服务,我们非常期盼能真正落实。希望学校不要把这些任务甩给家长,尽量让孩子在学校完成作业、得到老师指导。我们愿意配合学校,但实在能力有限。也希望课后服务能真正提供作业辅导和兴趣活动,而不是变成变相补课或收费项目。请领导督促学校做好这些工作,减轻我们普通家庭的负担。"
3C5E77A11EC73156A9FF42A6D9098FEEB3754CB9C39C786BD7CDE03A372DADBB,关于规范学校课后服务、减轻家长负担的诉求,"领导您好,我是一名小学生的家长。我们家庭条件一般,我和孩子妈妈文化程度不高,每天辅导孩子作业很吃力。现在学校开展了课后服务,孩子也在参加,我们本来挺高兴,觉得能在学校把作业完成,回家不用再操心。但我们听说有些学校课后服务变相补课,或者老师仍然要求家长检查作业、拍视频打卡,我们很担心自己孩子学校也会这样,我们实在应付不来。希望领导能关注课后服务的实际落实情况,明确课后服务就是看护和辅导作业,不能额外布置书面作业,不能强制家长参与批改、打卡,也不能变成变相补课,切实减轻我们这样的家庭负担。另外,我们家庭收入不高,希望课后服务收费能公开透明、合理,最好能免费或减免,别让好事变成负担。谢谢领导。"
CDD371EA7E432AEFD4BD967A25CFA30ED087D5692B3BFE5A1F86508F7F15F6E5,关于学校课后服务内容与家长负担的诉求,"我家孩子在公办小学读书,家庭条件一般,我们家长文化程度不高,辅导作业有困难。这个月学校课后服务每天两个多小时,孩子也参加了,书面作业目前能控制在一小时内。但我们担心课后服务时间虽然长,实际内容是否只是把孩子看管起来,或者变相上新课、布置额外任务?希望领导能督促学校把课后服务真正用于作业辅导和兴趣活动,让孩子在学校尽量完成作业,而不是回家还要家长辅导、检查、拍视频打卡。也请不要额外要求家长参与校园劳动等,我们平时上班和照看家里多人已经很吃力。校外培训班现在很少,我们也没报过,更希望学校课后服务能补上这个空档,让孩子学得扎实一点,也减轻家长负担。"
C73371D3BFCE64441014ED06812F645B1CDA9B3115826AF9009438700489DAAD,希望暑假学校课后服务别变成补课和作业负担,"领导好,我是一名小学生家长,孩子现在放暑假,在学校参加课后服务。我们家里条件一般,我和孩子妈妈文化都不高,辅导作业有些吃力。本来觉得学校课后服务是好事,有人帮忙看管孩子。但我听附近其他家长说,以前有些学校课后服务会变成上课、补课,还让家长天天拍视频打卡、检查作业。我担心我们学校也这样。孩子还小,平时睡眠比较多,不想让他暑假太累。希望领导能关注一下,让暑假课后服务真正是看护和活动,不要变相补课,作业时间也别超过规定,少给家长布置额外任务。谢谢领导。"
67B66301BC3F446837FBA9C717DA25642FD7A64C6E054CAC968687AFF5422C64,关于暑假课后服务别变成补课和家长负担的请求,"领导好,我是一名小学生家长。家里条件一般,我和家人文化程度不高,辅导孩子作业本来就吃力。孩子现在放暑假,学校提供课后服务,每天时间不短,这个月也让孩子参加了。我们本来指望课后服务能帮孩子在校内完成作业、参加一些文体活动,减轻我们家长辅导的压力。可我们心里没底,担心学校把这段时间用来统一上课、补课,或者只让孩子坐在教室里,达不到效果。以前听说过有学校给家长布置辅导检查作业、录视频等任务,我们实在应付不来。现在校外培训班又少,我们经济上也没能力报。希望领导能督促学校把课后服务真正办好,坚持自愿参加,内容多样一些,作业指导到位,不要变成变相补课,也不要再把学习任务转给家长。暑假时间多一点,孩子睡眠一直不错,也希望能保障休息,不要用课后服务把假期占得太满。谢谢领导关心。"
10EA5A895F75F5E34A1C5AE5146703EB39C30701EE7286955690FB91F22BB1D1,希望暑假学校课后服务别变成补课和作业负担,"领导好,我是一名小学生家长,孩子现在放暑假,在学校参加课后服务。我们家里条件一般,我和孩子妈妈文化都不高,辅导作业有些吃力。本来觉得学校课后服务是好事,有人帮忙看管孩子。但我听附近其他家长说,以前有些学校课后服务会变成上课、补课,还让家长天天拍视频打卡、检查作业。我担心我们学校也这样。孩子还小,平时睡眠比较多,不想让他暑假太累。希望领导能关注一下,让暑假课后服务真正是看护和活动,不要变相补课,作业时间也别超过规定,少给家长布置额外任务。谢谢领导。"
135316D7F486B7F3E832EAF3D09EECD2FABDD721870ED7B78715CF898691E33C,关于暑期校内课后服务质量和收费的担忧,"领导好,我家孩子在城镇公办小学上小学,家里条件一般,我和家人文化程度不高,辅导作业很吃力。这个暑假学校有课后服务,孩子也参加了,每天时间不短,但我们很担心服务是不是真的能帮到孩子。希望不要变成集体补课或者简单看管,最好能有老师指导完成作业,安排一些阅读、体育、兴趣活动。我们经济不宽裕,也希望费用合理,困难家庭能减免。另外,希望学校课后服务坚持自愿,不要通过家长群布置额外打卡、上传视频等要求,我们真的应付不过来。请领导多关心我们这样的家庭,让课后服务真正减轻家长负担。"
FC55E83B197FB3DC0A63BFF20988A8F282093AF002FD2292ED68DF73F87CDAE5,希望暑假学校课后服务别变成补课和作业负担,"领导好,我是一名小学生家长,孩子现在放暑假,在学校参加课后服务。我们家里条件一般,我和孩子妈妈文化都不高,辅导作业有些吃力。本来觉得学校课后服务是好事,有人帮忙看管孩子。但我听附近其他家长说,以前有些学校课后服务会变成上课、补课,还让家长天天拍视频打卡、检查作业。我担心我们学校也这样。孩子还小,平时睡眠比较多,不想让他暑假太累。希望领导能关注一下,让暑假课后服务真正是看护和活动,不要变相补课,作业时间也别超过规定,少给家长布置额外任务。谢谢领导。"
B9260831F80F92F18E2573D716E6502DFE3521B2CB2AAB4EB2368B4940C7D556,关于提高小学课后服务质量、减轻家长负担的建议,"领导您好,我是小学生家长。孩子就读公办重点小学,家庭经济条件一般,我们文化程度有限,辅导作业比较吃力。现在学校提供课后服务,孩子也参加了,我们很支持。但听说一些学校存在让家长辅导检查作业、录制视频、参与校园劳动等情况,我们担心课后服务不能真正解决作业指导问题,反而增加家长负担。希望领导督促学校充分利用课后服务时间加强作业辅导,提升服务质量,同时规范教师行为,不要变相向家长布置额外任务,让我们家长能安心工作。"
A61596F618B0E3D56B87752268B94D9ABBEC2EA26A313A68857DEB6D9A60AD24,关于规范小学暑假书面作业时长的诉求,"领导您好,我是一名本地小学生的家长。孩子目前就读公办小学,暑假期间,我对照平时书面家庭作业的时长要求,发现本月孩子完成书面作业的情况与规定存在明显不符,对此比较担忧。孩子年龄尚小,正处在身心发育关键期,长时间伏案写作业会影响睡眠、视力和户外活动。我们不要求取消作业,但希望学校和老师能严格遵循小学阶段书面家庭作业平均完成时间不超过60分钟的规定,合理布置暑假作业,避免简单重复、超量布置。也请教育部门对学校暑假作业布置情况进行核查,督促学校落实减负要求,保障孩子假期有充足休息和自主发展空间。谢谢。"
2DA902ED2288F3FB6D597E1F24AE0BE21BDFF4F7B5DF615F9B0FD3995427402A,关于规范小学暑假书面作业时长保障孩子休息的建议,"领导您好,我家孩子是一名公办小学的学生,现在正值暑假。近期发现孩子每天在书面作业上花费的时间经常超过政策规定的一个小时上限,睡眠时间明显受到挤压,家长也感到焦虑。希望教育部门能督促学校认真落实作业统筹管理要求,科学设计暑假作业,控制总量和时长,加强作业指导,避免机械重复,让孩子有充足的时间休息、锻炼和发展兴趣爱好。同时也希望学校在新学期能持续做好课后服务衔接,减轻家庭负担。"
6F2A546721AC1C66723CB67C1CC9F938C131D19371BD80ED19B3C3B0D3F5A013,关于小学书面家庭作业时长管控的请求,"领导您好,我家孩子在公办小学就读,本月我们注意到孩子书面家庭作业所用时间明显超过了当前年级规定的一小时上限。作为家长,我们一直重视孩子的睡眠和全面发展,孩子目前睡眠情况尚可,但长期超时作业可能挤占休息和自主阅读时间。孩子未参加学校课后服务,作业全部在家中完成,我们感到辅导压力较大。希望教育部门能核查学校作业布置情况,指导学校严格落实书面作业时长规定,合理控制作业总量,让孩子有更充足的睡眠和自主活动空间。盼复。"
5B077E5AC74C8C4EB2DC51B85F5078171E2ABDAD9D399113D59A261F39C0F53D,关于提高小学课后服务质量并持续落实作业管理的建议,"领导您好。我家孩子在公办小学就读,目前不是毕业年级,这个月参加了学校课后服务。作为家长,我们很支持课后服务政策,但心里也有些顾虑:课后服务每天时间不短,孩子在学校待的时间延长,如果内容不够丰富、老师指导不到位,孩子容易疲惫,反而不利于成长。现在孩子书面作业量看起来符合规定,但我们也担心以后年级升高或者学校执行松紧变化,作业时间会突破上限。我们家庭经济条件还可以,但我们更希望孩子不用参加学科类校外培训,也能在校内获得足够支持。希望有关部门能加强对学校课后服务的指导和监督,保障师资和经费,真正提供多样化的活动,同时继续严格管理作业总量和时长,让孩子放学后能轻松一些,睡眠也能保持充足。谢谢。"
DC939AB20D6BF99DD94B175AEB1FA6B9428E4C3F1CDC52AE1A17024279D34F40,关于规范暑假期间小学生书面作业管理的建议,"领导好。孩子目前读小学,暑假期间我们发现孩子书面作业完成情况与当前年级规定的时长要求不一致,虽然不掌握具体作业量和完成时间,但作为家长比较担心假期书面负担偏重,挤占休息、睡眠和户外活动时间。孩子平时睡眠一直比较充足,我们也不主张额外报学科类辅导,更希望学校能在假期合理安排学习任务,真正落实好作业时长要求。恳请相关部门关注公办小学假期作业布置情况,督促学校加强统筹,避免书面作业超时,让孩子有更合理的假期节奏。"
B20821EDC116D4EA548176B56E8E9DF16320FB735A5E49544DBD2D02426C5848,关于提升学校课后服务质量的诉求,"领导您好。我是一名小学生家长,孩子就读公办小学非毕业年级。这个暑假学校按要求提供了课后服务,我们自愿参加,孩子每天都在校。作为家长,我们很支持减轻作业负担和规范校外培训的做法,孩子作业时间符合规定,睡眠也比较充足。但家里同住人手少,暑假看护压力大,我们对课后服务的依赖更高。目前我们有些担心,课后服务容易偏向单纯看管,作业辅导和阅读、体育、艺术等活动的内容与质量可能参差不齐。孩子以前没有参加学科类培训,我们希望学校能在课后服务中提供更多样、有质量的学习和发展支持,而不是简单延长在校时间。希望区里能加强课后服务的师资、经费保障和日常督导,推动学校丰富服务内容,真正解决家长后顾之忧,也让孩子健康成长。谢谢。"
E1EB253051C650D38D2C79F248A4DF73A7ED3748DF7536CB42CF884C56968482,关于规范暑假期间小学生书面作业管理的建议,"领导好。孩子目前读小学,暑假期间我们发现孩子书面作业完成情况与当前年级规定的时长要求不一致,虽然不掌握具体作业量和完成时间,但作为家长比较担心假期书面负担偏重,挤占休息、睡眠和户外活动时间。孩子平时睡眠一直比较充足,我们也不主张额外报学科类辅导,更希望学校能在假期合理安排学习任务,真正落实好作业时长要求。恳请相关部门关注公办小学假期作业布置情况,督促学校加强统筹,避免书面作业超时,让孩子有更合理的假期节奏。"
F0921C450FCCC60D488E1BDB572C231C572D94543D3970FA07B05971FAAE9285,关于暑期学校课后服务内容与质量的一点担忧,"领导您好。我家孩子就读一所普通公办小学,不在升学衔接年级。这个暑假孩子参加了学校课后服务,作为家长我们很感激有地方照看,但也有些担忧。听说课后服务每天应当有一定时长,但内容上是否真能做到多样,我们心里没底,担心会变成单纯看管或集中写作业。家里经济条件尚可,但以前我们也没有给孩子报过学科类培训班,现在校外学科培训收缩,我们更希望学校课后服务能多提供体育、艺术、科技、阅读等孩子感兴趣的内容,帮助孩子假期全面发展。孩子平时睡眠比较充足,作业量也符合规定,我们不希望假期被刷题填满。孩子所在学校不是重点示范校,资源可能有限,希望相关部门能关注普通公办学校在暑期课后服务中的师资和经费保障,真正把课后服务办得让家长放心、孩子有收获。谢谢。"
926E312FCE9D3F2776278C7B8A9E592CB945CD3F2FEE56898DC7121002EB37C7,关于规范暑假期间小学生书面作业管理的建议,"领导好。孩子目前读小学,暑假期间我们发现孩子书面作业完成情况与当前年级规定的时长要求不一致,虽然不掌握具体作业量和完成时间,但作为家长比较担心假期书面负担偏重,挤占休息、睡眠和户外活动时间。孩子平时睡眠一直比较充足,我们也不主张额外报学科类辅导,更希望学校能在假期合理安排学习任务,真正落实好作业时长要求。恳请相关部门关注公办小学假期作业布置情况,督促学校加强统筹,避免书面作业超时,让孩子有更合理的假期节奏。"
7D64FED11C7FFC16AE567D6BD0EF8D79492AEAF3A192E31BAE40B127A767ACC6,建议加强暑期学校课后服务内容与质量监管,"领导您好,我是本地一名小学生家长。孩子目前在公办小学就读,暑假期间参加了学校提供的课后服务。我们家庭大人工作时间较长,孩子送到学校确实解决了看护问题。但作为家长,我们对课后服务的内容和质量有些担忧:每天两小时左右的时间,如果不做合理规划,容易变成单纯看管。现在校外学科培训大幅减少,我们更希望学校课后服务能真正承担起作业辅导、兴趣拓展和体育锻炼的作用。孩子书面作业虽然不多,但需要有针对性的指导;我们也希望学校能公开课后服务的具体安排,并加强师资和经费保障。恳请政府督促学校把好事办好,让家长安心工作,孩子健康成长。"
76B6D2A287D70408F890E0D194E709A6B8D745CCFD48495F508F388A452B1A11,关于乡村小学教育资源保障的诉求,"我家孩子在村里公办小学读书,不是毕业班。暑假期间孩子书面作业符合现在的规范,我们支持给孩子减负,但也担心乡村学校办学条件跟不上。身边一些地方出现过班级人数过多、优秀老师留不住、学生往城里走的情况,如果新学期这些情况得不到改善,孩子在家门口就很难享受到应有的教育质量。希望领导能关注乡村公办小学,开学前督促相关部门统筹好师资和班额,稳定乡村教师队伍,别让孩子因为地域差距输在基础教育阶段。"
E3D40D094C2AC9BD3F9938E2A2898B14115626D65841751E0E4EB01B88C95FC7,关于农村小学课后服务落实和作业辅导的诉求,"领导好。我是西部农村一名小学生的家长。孩子暑假后就要开学,按照学校现在的做法,低年级原则上不布置书面家庭作业,孩子在家没有作业,我们文化程度有限,家里条件也一般,没法给他报课外班,只能靠学校。听说现在要求学校开展课后服务,自愿参加,内容要多样,但我们农村学校条件有限,老师也少,一个班孩子多,以前就听说过有些学校班级人数超标,老师根本顾不过来。我担心课后服务只是看孩子写作业或者放羊,没有真正辅导学习,也怕作业太少导致孩子基础打不牢,以后跟不上。希望政府能督促学校把课后服务做实,安排老师辅导作业,开展一些兴趣活动,同时改善农村学校条件,增加老师,避免大班额,让孩子们能在学校学好,减轻我们家长的负担,不要让我们农村孩子输在起跑线上。"
383961FC89D68B3A70FEE26665930C3C0BF3F43573376B6FC50B06FF2C84B15A,关于改善乡村小学教育资源的诉求,"我是一名乡村小学生的家长,孩子就读的是公办小学,家里经济条件一般。马上要春季开学了,我有些担心学校的教育质量。听说周边一些地方优秀教师和好学生往外流,乡村学校班额可能比较大,老师工作很辛苦,教学效果也会受影响。虽然现在孩子书面作业不多,符合规定,但我更希望孩子在学校能接受到扎实的课堂教学和课后服务。希望领导能够关注乡村小学的教育资源配置,加强乡村教师队伍建设,改善办学条件,让农村孩子也能享受到公平而有质量的教育。"
A018FD0BCB0729B441F9CEF6C5620656C14391D5A2712A3C0FF5D7BECD233D35,关于乡村小学课后服务保障和作业管理的建议,"领导您好。我家孩子在乡村公办小学就读,目前不是毕业年级。这个寒假前后,学校按要求提供了每天课后服务,孩子也参加了。本月孩子的书面作业情况符合规定,我们家长比较安心。但作为家长还是有些担心:乡村学校教师数量有限,优秀教师外流、班级人数偏多的情况在一些地方仍然存在,课后服务如果主要靠现有老师承担,时间长了会不会流于形式,或者把课后服务变成变相补课、增加孩子负担?另外,现在校外学科培训减少,我们更希望学校课后服务能真正帮助孩子完成学习任务、发展兴趣,而不是简单看管。恳请领导关注乡村学校课后服务的师资、经费保障和内容质量,同时继续督促学校严格落实作业管理要求,让我们这样的家庭少一些焦虑。谢谢。"
BE13CA43F353043F7DBADB2F528A7EDF64C6BBEFAAD73B4AC43940F322E95EB5,关于改善乡村小学教育资源的请求,"领导好。我是一名乡村小学生的家长。孩子就读村里公办小学,目前低年级作业量符合要求,课后服务也有参加,这一点我们挺满意。但我们这边教育资源一直比较紧张,听说周边一些地方出现优秀教师和学生外流、班额过大、教学质量下滑的情况,我们也很担心。家里经济条件一般,没法送孩子去外面补课或择校,只能指望公办学校。希望领导能重视乡村小学建设,想办法稳定教师队伍,改善办学条件,让孩子在家门口也能接受有质量的教育。"
5B79E6EED336E3A22DEF578E11A842516E413605E177916ADC835604EF2A85AB,关于提升农村小学课后服务质量的诉求,"我是一名西部乡村小学生的家长。孩子目前在学校参加课后服务,但我们担心服务内容比较单一,主要是看管,作业辅导和兴趣活动不足。家里经济条件一般,没有参加校外学科培训,希望孩子能在校内获得更有效的学习支持。现在孩子原则上没有书面家庭作业,我们担心知识巩固不够。政策要求课后服务内容多样、加强作业指导,恳请领导关注农村学校课后服务的实际落实情况,督促学校丰富内容、充实师资,让课后服务真正帮助孩子成长。同时也希望关注乡村学校可能存在的班额较大、优秀教师外流等问题,避免影响教育质量。"
3814346E2CAC7B8AD9DE71F034FA99B45C20270FAE65637B6B3B552981D705A4,关于改善乡村小学教育资源的请求,"领导好。我是一名乡村小学生的家长。孩子就读村里公办小学,目前低年级作业量符合要求,课后服务也有参加,这一点我们挺满意。但我们这边教育资源一直比较紧张,听说周边一些地方出现优秀教师和学生外流、班额过大、教学质量下滑的情况,我们也很担心。家里经济条件一般,没法送孩子去外面补课或择校,只能指望公办学校。希望领导能重视乡村小学建设,想办法稳定教师队伍,改善办学条件,让孩子在家门口也能接受有质量的教育。"
EC2DC81B7C877FC57E046DA9571E64952E793E32084C40E2DF5D9DBE05C4F1F2,关于乡村小学课后服务质量的建议,"领导好,我是西部乡村一名小学生的家长。孩子目前在公办小学就读,学校离家近,本月参加了学校提供的课后服务。现行制度要求学校课后服务每天不少于120分钟,名义上包括作业辅导和兴趣活动,但作为乡村学校,师资和条件有限,我们很担心课后服务只是简单看管,不能真正辅导孩子学习或培养兴趣。我们家经济条件一般,以前也没参加过校外学科培训,孩子睡眠时间较充足,我们对孩子寄予考上本科的期望,所以特别希望学校课后服务能真正有效果。最近了解到同省有些地方存在班额过大、优秀教师外流、教育质量下滑的情况,我们担心乡村学校课后服务也会受到师资不足影响。恳请领导关注乡村小学课后服务保障,协调充实师资力量,丰富课程内容,加强质量监督,让农村孩子也能享受到有质量的课后服务。"
E509CC788D8BF49FB76F80977EE5EEDDCEA5F0DC294EBD223A1E0CC228BCDAC9,关于改善乡村小学教育资源的请求,"领导好。我是一名乡村小学生的家长。孩子就读村里公办小学,目前低年级作业量符合要求,课后服务也有参加,这一点我们挺满意。但我们这边教育资源一直比较紧张,听说周边一些地方出现优秀教师和学生外流、班额过大、教学质量下滑的情况,我们也很担心。家里经济条件一般,没法送孩子去外面补课或择校,只能指望公办学校。希望领导能重视乡村小学建设,想办法稳定教师队伍,改善办学条件,让孩子在家门口也能接受有质量的教育。"
391876AF6931D775B6453C387B487AF23BAD03C88EFC656D9D3B23B8E747E3B8,关于乡村小学课后服务提质和作业衔接的建议,"领导好。我们住在西部乡村,孩子在公办小学读书,不属于升学衔接年级。这个月孩子参加了学校课后服务,每天大约两个小时。我们家里经济条件一般,之前也没让孩子上过校外学科班,现在校外学科培训减少,对学校课后服务的依赖更大了。按现在的作业要求,孩子回家书面作业很少,我们家长文化程度有限,辅导不了多少,只能指望课后服务能帮孩子巩固一下学习。但乡村学校师资力量一直比较薄弱,我们也担心优秀教师外流会让课后服务只是简单看护,缺少作业指导、阅读和兴趣活动。孩子睡眠时间虽然充足,但课后两个小时如果只是混时间,我们也觉得可惜。我们希望孩子以后能考上本科,不想因为乡村教育资源跟不上,让孩子差距越拉越大。恳请领导关注乡村小学课后服务的师资配备和内容安排,让像我们这样的家庭也能享受到有质量的课后服务。"
04EA309A89056D9F6FCFC2E2A45E453FF82D5B0D631E6E12068D180396E3F27A,关于孩子暑假书面作业超时影响休息的反映,"我是一名小学生家长,家住东部乡村,孩子就读公办小学。这个暑假,我们发现孩子的书面作业情况已经不符合当前年级应有的时长规范,明显超过了规定时间。孩子每天花在写作业上的时间太长,睡眠和户外活动都受到影响,我们夫妻白天上班,晚上能辅导的时间有限,家里老人也帮不上忙,长期这样担心孩子身体吃不消,也怕开学后产生厌学情绪。我们不了解具体是学校统一布置还是其他原因,但希望教育部门能核查一下农村学校的作业管理情况,督促学校合理安排假期任务,真正把减负要求落到实处,让孩子过一个正常的暑假。请相关部门协调处理。"
62478C5C4412F95297D2B1B888AA09BA59452F1C63670301ADF57BB81F9219AD,关于农村小学生暑假作业负担与课后服务的诉求,"领导您好。我是东部乡村一名小学生的家长,孩子目前不在升学衔接年级。这个暑假,孩子书面作业用时已经超过了现行规定的小学阶段最长时限,每天花在作业上的时间较长,睡眠和户外活动都受到了影响。我们不是反对布置作业,而是希望学校能真正按照要求统筹作业总量、时长和设计质量,不要布置重复机械的书面任务,也希望不要出现让家长承担过多检查、批改和上传打卡任务的情况。我们村里不少家长也有类似感受,担心开学后这种情况会延续下来。同时,我也很关心开学后课后服务能否真正落实,希望学校能提供有效的作业辅导和多样化活动,减轻我们双职工、多人口家庭的照护压力。我们这里是乡村学校,师资和经费有限,担心课后服务流于形式,希望上级能加强保障和督查。谢谢。"
DFD0DC6849D972D0A4E636A6A326FD47E287D3C2885EFA0553123B58077C9499,关于规范乡村小学作业管理并加强教学支持的请求,"我是本地一名小学生家长。孩子就读于乡村公办小学,我们夫妻都在工作,家里人口较多,能辅导孩子作业的时间和精力有限。孩子目前没有参加学校课后服务,睡眠时间原本比较充足,我们也希望他能保持良好状态。可最近发现孩子的书面作业情况已经不符合当前年级规定的时长要求,虽然具体原因还不清楚,但作为家长非常担忧。作业负担一旦失控,不仅挤占孩子休息和运动时间,也容易让家庭关系变得紧张。我们还担心这背后反映出学校教学管理不够精细、师资力量不稳定等软件问题。周边也有家长反映过类似情况,比如教师频繁要求家长检查作业、上传视频等,把教学责任过多转嫁给家庭。希望领导能督促教育部门核查学校作业布置与批改情况,严格落实时长规范,同时关注乡村学校教师队伍建设和日常管理,提升课堂效率,避免用过量作业弥补教学不足,让孩子能在校内学足学好,家长也能安心工作。"
9E0D66CFFA1E29380EC3769D95F1278D223F9990A56098B23BA000150A184AC7,关于提升乡村小学课后服务作业指导质量的诉求,"孩子就读村里公办小学,本学期参加了学校课后服务。书面作业目前符合时间规定,但作为双职工家庭,家里老人多,辅导作业精力确实有限。希望课后服务能真正加强校内作业指导,而不只是简单看管,避免把辅导责任又转回给家长。乡村学校师资本来就不稳定,担心课后服务质量打折扣。恳请相关部门关注乡村学校的软件建设,稳定教师队伍,让课后服务内容更丰富、指导更到位。"
5248E5947E61EC7D84A81F9CE0D2F7D5B980DA23F8FEAF62C35AC1730BC2F79A,关于乡村小学生暑假书面作业时长超标的反映,"我是一名东部乡村小学生的家长,孩子就读公办小学,目前未处于升学衔接年级。暑假期间,我注意到孩子的书面作业完成用时不符合当前年级规定的书面家庭作业平均完成时间原则上不超过60分钟的要求。虽然孩子每天睡眠时间较长,但作业占用了较多时间,我担心长期如此会影响孩子的休息和自主活动,也增加了家庭照护压力。我和孩子妈妈都在上班,家庭时间安排不算宽裕,辅导作业已经感到吃力。据我了解,周边一些学校存在让家长辅导检查作业、打卡上传等情况,虽然我不确定孩子学校是否也有类似做法,但很担心乡村学校在作业管理上执行不到位。乡村学校师资和管理力量相对薄弱,容易出现外行管内行、要求家长过度参与的问题。恳请领导督促教育部门核查本地区小学暑假书面作业布置情况,特别是乡村公办学校,确保书面家庭作业平均完成时间不超过60分钟,防止开学后继续变相增加作业负担。也希望学校能减少对家长辅导和打卡的要求,让孩子有更多时间休息、锻炼和发展兴趣。谢谢!"
E2D49B481919CCB6DC36982C0FEF21AFED74CC3A77BE5BE6C74A0E68E0716611,关于乡村小学课后服务质量和师资保障的诉求,"我家孩子在村里小学读书,这个月开始参加学校课后服务。政策说课后服务要自愿参加、内容多样,还要加强作业指导。我们夫妻俩都上班,家里老人多,时间不算宽裕,让孩子参加课后服务本来是希望能在学校把作业弄好,回家能早点休息。但最近听同村家长说起,课后服务有时更像单纯看管,作业指导不够细致,孩子回家后有些任务还是得家长再盯一遍。我们担心如果只是把时间拉长,内容跟不上,反而增加孩子负担。乡村学校本来师资就紧张,老师年龄偏大、流动性大,软件建设比硬件更重要。希望领导能关注乡村小学课后服务的实际质量,督促学校把作业指导、兴趣活动做扎实,别把辅导压力又转回给家长,让孩子真正受益。"
1932F06F2323E28E97FC73E017917ABCE3FEF1D5D8C5039D360255E37D6BBEA6,关于乡村小学生暑假书面作业时长超标的反映,"我是一名东部乡村小学生的家长,孩子就读公办小学,目前未处于升学衔接年级。暑假期间,我注意到孩子的书面作业完成用时不符合当前年级规定的书面家庭作业平均完成时间原则上不超过60分钟的要求。虽然孩子每天睡眠时间较长,但作业占用了较多时间,我担心长期如此会影响孩子的休息和自主活动,也增加了家庭照护压力。我和孩子妈妈都在上班,家庭时间安排不算宽裕,辅导作业已经感到吃力。据我了解,周边一些学校存在让家长辅导检查作业、打卡上传等情况,虽然我不确定孩子学校是否也有类似做法,但很担心乡村学校在作业管理上执行不到位。乡村学校师资和管理力量相对薄弱,容易出现外行管内行、要求家长过度参与的问题。恳请领导督促教育部门核查本地区小学暑假书面作业布置情况,特别是乡村公办学校,确保书面家庭作业平均完成时间不超过60分钟,防止开学后继续变相增加作业负担。也希望学校能减少对家长辅导和打卡的要求,让孩子有更多时间休息、锻炼和发展兴趣。谢谢!"
B3305FEEC19E67DA4144FAEFEAD9DECB529D576C04FEBD535E7EF84F8DBE8749,关于改善农村小学课后服务质量的建议,"我家孩子在农村公办小学就读,这个月参加了学校课后服务。作为家长,我们支持课后服务政策,但更关心实际质量。农村学校师资和软件建设相对薄弱,担心课后服务内容单一,作业指导效果有限,甚至可能变相增加家长辅导任务。希望领导关注农村学校课后服务的师资配备、经费保障和日常管理,确保自愿参加、内容多样,真正减轻家长负担,让孩子在课后时间得到有效看护和成长支持。"
1D6F3F881AC104E2017F70505AFA1984FE282435B9CDFD62B22419CE4DEB9E8A,关于乡村小学生暑假书面作业时长超标的反映,"我是一名东部乡村小学生的家长,孩子就读公办小学,目前未处于升学衔接年级。暑假期间,我注意到孩子的书面作业完成用时不符合当前年级规定的书面家庭作业平均完成时间原则上不超过60分钟的要求。虽然孩子每天睡眠时间较长,但作业占用了较多时间,我担心长期如此会影响孩子的休息和自主活动,也增加了家庭照护压力。我和孩子妈妈都在上班,家庭时间安排不算宽裕,辅导作业已经感到吃力。据我了解,周边一些学校存在让家长辅导检查作业、打卡上传等情况,虽然我不确定孩子学校是否也有类似做法,但很担心乡村学校在作业管理上执行不到位。乡村学校师资和管理力量相对薄弱,容易出现外行管内行、要求家长过度参与的问题。恳请领导督促教育部门核查本地区小学暑假书面作业布置情况,特别是乡村公办学校,确保书面家庭作业平均完成时间不超过60分钟,防止开学后继续变相增加作业负担。也希望学校能减少对家长辅导和打卡的要求,让孩子有更多时间休息、锻炼和发展兴趣。谢谢!"
D0E6C6AB9F7915239A1C6A89218022CB0681D8D49D7C56B568E300DFEFC29ADC,关于乡村学校课后服务质量的诉求,"领导您好。我是乡村小学学生家长,孩子目前读小学,这个月参加了学校课后服务。按要求,学校每周提供五天、每天至少两小时课后服务,孩子也参加了。作为双职工家庭,我们时间不算特别宽裕,辅导能力也有限,所以很看重课后服务能不能真正帮到孩子。但我担心乡村学校师资不稳定、经费和课程资源有限,课后服务容易变成单纯看管,内容不丰富,作业指导质量也跟不上。希望领导能关注乡村学校课后服务的实际落实情况,督促学校优化内容、稳定师资,让课后服务与作业管理更好衔接,真正减轻家长负担,也让孩子得到有效指导。"
142C4BDFB4E36CE02F15F8A82BA8C87AA581E265686A531D70CF5A1A085EBEAC,关于加强乡村小学教师校外补课监管的诉求,"领导您好,我是一名西部农村小学生的家长。孩子就读于一所公办小学,家里经济条件比较紧张,人口也多,供孩子读书很不容易。这个暑假孩子的书面作业量符合规定,睡眠也充足,我们家长比较放心。但一直有个担忧:周边有地方出现过在职老师在校外办补习班,甚至学校领导也不管的情况。我们农村家庭收入低,根本无力承担额外补课费用,如果学校老师也参与校外补课,不仅加重负担,还可能让不补课的孩子在学校受冷落,破坏教育公平。孩子虽然现在小,但我们希望他以后能考上大学,特别害怕因为家庭条件差耽误他。马上要开学了,希望领导能提前安排对乡村学校的监督检查,严禁在职教师有偿补课,同时关注教师队伍稳定,不要频繁更换主科老师,让孩子能安心在学校学好知识。"
3CAE5FE4AC2D4E88CC740ACCFFC32271B1966A05698AA127A131079D8142FEFA,关于农村小学课后服务落实与作业辅导的诉求,"我是西部农村一名小学生家长,家里经济条件一般,人口多,日常照护和辅导作业比较吃力。孩子目前的书面作业时间虽然在规范内,但我更担心作业设计和校内指导质量不足。马上要开学,最近看到现在对学校统筹作业、规范校外培训和完善课后服务都有要求,我们很盼望能真正落实。以前听说同省有些学校存在在职教师校外开班、学校默许的情况,虽然不能确定我们这里有没有,但心里不踏实。希望开学后能督促学校把课后服务做扎实,坚持自愿参加,时间与家长接送衔接,内容多样,有老师辅导作业,不要变成变相补课或额外收费;同时严查在职教师违规补课,别让农村孩子吃亏。"
CAEB66A1C4C966F8C1EB7354642F6B3EEBF856498C8185D612FCEEDA77233AC4,希望农村小学新学期课后服务能落实,"领导您好,我是西部农村一名小学生的家长。家里经济条件一般,孩子还在读小学,我们文化程度有限,辅导作业经常力不从心。马上要开学了,孩子之前没有参加学校的课后服务,我们很担心新学期还是没地方去,放学后没人管学习,只能自己在家,家里孩子多,大人也顾不上。我们希望学校能把课后服务真正开起来,让孩子在学校把作业做完,有老师看着辅导,这样我们家长也放心。另外,我们也听说有些地方有老师在校外办班,我们没钱上,更怕学校老师精力分散,影响课堂质量。希望领导能督促学校把课后服务办好,管好教师队伍,别让农村孩子吃亏。"
9B1B764D3B13AA969FD46F39CE73FD4823655BF43116B164411501DC5873CD61,关于提升乡村小学课后服务质量的建议,"领导好,我是西部农村一名小学生家长。孩子这学期作业量符合规定,我们也让孩子参加了学校课后服务,每天两个小时。但我们发现课后服务主要是老师看着写作业,内容比较单一,缺少体育、艺术、阅读等活动。我们家里条件一般,以前也没上过校外培训班,现在外面补课班少了,更希望学校课后服务能真正帮孩子全面发展。另外,以前听说过有在职老师校外补课,现在虽然管得严,但担心还有老师利用课后服务或私下变相补课,对不参加的孩子不公平。希望领导能督促学校丰富课后服务内容,安排更多老师或志愿者,同时严查在职教师违规补课,让农村孩子也能享受到优质教育。"
C8FECA97B6D2DCE2932421C177D543D20AE2740FA1FC754A1BEB301E9D4F1D31,建议加强乡村小学教师管理并完善课后服务,"领导好,我是西部农村的一名小学生家长。家里孩子多,经济上不宽裕,供孩子读书不容易,我们盼着孩子将来能考上大学。现在暑假孩子作业不算多,睡眠也足,我们挺放心。但马上要开学了,我们有些担心:一是怕个别老师心思不在课堂上,在校外办班,变相让本班学生去上,影响校内教学公平;二是我们农村家庭没条件给孩子报外面的辅导班,希望学校能提供免费、优质的课后服务,让孩子放学后有人管、有地方问问题。听说有的地方出现过老师在校外补课、学校不管的情况,我们很担心本地也发生。恳请领导督促学校加强教师管理,把课后服务做实做好,别让农村孩子吃亏。"
217CF9492CF2C9DB11A6FFFE35AF9FB09EBE533C9D9051F31BF69C7E82E0D733,关于农村学校课后服务内容和负担的担忧,"领导您好,我是西部农村一名小学生的家长。家里条件一般,孩子目前参加学校的课后服务。我们原本希望课后服务能让孩子在学校完成作业、参加一些有益活动,减轻家长辅导压力。可我们担心农村学校课后服务内容单一,老师只是看管,作业指导不够,孩子回家后作业问题还是落在我们身上。我们也听说过有在职老师在校外补课、学校管理不严的情况,更怕课后服务变成变相补课或额外收费。希望领导关注农村学校课后服务的实际安排、师资和收费,别让好政策在下面走样,让农村孩子真正受益。"
A03140EF9137478C9D655C4896A666445ED6FF3CE5F3772A974E330E0E9D496F,建议加强乡村小学教师管理并完善课后服务,"领导好,我是西部农村的一名小学生家长。家里孩子多,经济上不宽裕,供孩子读书不容易,我们盼着孩子将来能考上大学。现在暑假孩子作业不算多,睡眠也足,我们挺放心。但马上要开学了,我们有些担心:一是怕个别老师心思不在课堂上,在校外办班,变相让本班学生去上,影响校内教学公平;二是我们农村家庭没条件给孩子报外面的辅导班,希望学校能提供免费、优质的课后服务,让孩子放学后有人管、有地方问问题。听说有的地方出现过老师在校外补课、学校不管的情况,我们很担心本地也发生。恳请领导督促学校加强教师管理,把课后服务做实做好,别让农村孩子吃亏。"
D4CACEF536D43AF9D48FCC23C5C966AC39D4EDFCE1802BBD2EFDD3EC2F4226D5,关于加强农村小学课后服务监管的请求,"领导您好。我家孩子在乡镇小学读书,最近学校开展了课后服务,孩子也参加了。作为农村家庭,我们经济条件有限,很难再花钱给孩子报兴趣班,所以很看重学校的课后服务能不能真正提供作业辅导和文体活动。但目前我们只看到服务时间到了,具体内容不太清楚,最担心的是课后服务变成老师集中讲新课或者变相补课,尤其以前听说过有在职老师在校外开补习班,现在校外培训管得严了,怕这种需求被转移到课后服务里,最后要么变相收费,要么不参加的孩子被落下。孩子现在睡眠和作业时间还算正常,希望领导能督促学校把课后服务安排公开透明,保证自愿参加,内容多样,不要增加作业负担,也不要让农村孩子错过好政策。谢谢。"
EC48869179F4BFCA0E770D7ADDBC2071EC3BA263AFD92A8417619428C62F52EF,建议加强乡村小学教师管理并完善课后服务,"领导好,我是西部农村的一名小学生家长。家里孩子多,经济上不宽裕,供孩子读书不容易,我们盼着孩子将来能考上大学。现在暑假孩子作业不算多,睡眠也足,我们挺放心。但马上要开学了,我们有些担心:一是怕个别老师心思不在课堂上,在校外办班,变相让本班学生去上,影响校内教学公平;二是我们农村家庭没条件给孩子报外面的辅导班,希望学校能提供免费、优质的课后服务,让孩子放学后有人管、有地方问问题。听说有的地方出现过老师在校外补课、学校不管的情况,我们很担心本地也发生。恳请领导督促学校加强教师管理,把课后服务做实做好,别让农村孩子吃亏。"
D2666C20524C08CEE0E6236BFD6C590F216AE90DE02A39FFA0EA7F38E6C0CEA4,关于乡村小学课后服务质量和防止变相补课的诉求,"我是西部乡村一名小学生的家长。家里经济条件不好,孩子目前在参加学校组织的课后服务。学校说每天不少于两小时,但农村学校老师少、经费有限,我们很担心这两小时实际只是让孩子坐着写作业,或者被用来变相补课。以前周边也出现过在职教师在校外办班的情况,现在校外补习管得严,怕有些人把心思转到课后服务里。希望领导在暑假和开学后都能关注乡村学校的课后服务落实情况,督促学校公开服务内容和师资安排,坚持自愿原则,不要变相强制,也不要向困难家庭收取隐性费用。最好能有绘画、阅读、体育等多样内容,而不是只把学生圈在教室里。我们家长文化不高,但也希望孩子在学校得到实实在在的看护和指导。"
5ACBED59A2CB5BA3FC9F6F6495BA2C85E74268EB72A9D64D5EC6457B0C2D088D,关于暑假期间小学生学习安排的关切与建议,"我是一名小学生家长,孩子就读于普通公办小学。目前正值暑假,按照年级规定,不布置书面家庭作业,孩子的作业时长也符合要求。这体现了减负精神,但作为双职工家庭,我们白天都要上班,陪伴和辅导时间有限。暑假时间较长,没有系统的书面练习,我们担心孩子知识遗忘,开学后跟不上学习节奏。孩子睡眠充足,家里也有能力购买学习资料,但自己安排缺乏连贯性,效果不一定好。之前我们未依赖校外学科辅导,更希望学校或教育部门能提供一些非书面的学习资源和活动建议,如阅读书单、实践任务、线上课程等,帮助孩子合理规划假期。另外,我们学校不是重点校,资源相对有限,希望假期也能得到更多支持,避免校际差距拉大。恳请领导关注小学生假期学习与成长,指导学校做好减负与学习质量的平衡。"
5302BB332B19F4A09C8A6004166259C6D4E068FC41482F494C6B75922F81D77F,希望督促学校完善课后服务解决双职工家庭接送难题,"领导您好。我们是双职工家庭,孩子就读公办小学,不是重点学校。马上要开学了,我们担心新学期的课后服务落实不好。学校放学时间比我们下班时间早,孩子接送和照看一直是个难题。现在有新的课后服务要求,但我们担心学校资源一般,课后服务可能只是让孩子在教室坐着,没有作业辅导和兴趣活动。孩子这个年级按规定没有书面家庭作业,我们理解减负,但回家后没有学习安排,我们又没时间辅导,长期担心学业跟不上。希望领导能重视,督促学校把课后服务真正做起来,保证时间衔接,内容上除了看护,也能提供阅读、体育、艺术等方面的活动,最好有老师指导。同时,也希望继续严格规范校外学科培训,防止一些孩子偷偷补课,让我们普通家庭心里踏实。"
76BC6BC8B3433D1F5733F46CA3D955C70702E99004FEBB1A522DE6500F5C2BE9,关于优化小学课后服务解决看护难题的建议,"我是孩子家长,孩子就读于公办小学,目前未参加学校课后服务。我们夫妇均在职,家庭时间安排上有一定约束,存在放学后孩子看护的困难。根据目前年级规定,原则上不布置书面家庭作业,我们理解减负政策,但也担心孩子缺乏学习巩固。我们不希望孩子过早参加校外学科培训,更希望学校能提供优质的课后服务,比如延长服务时间、开展素质拓展和兴趣活动,既可解决看护难题,又能让孩子得到全面发展。恳请相关部门重视,协调学校提升课后服务质量。"
05D655E3CC09DD3AF191C5CF8568199C695ABDB956AD87D7F2012EC2923BED15,关于完善小学课后服务内容的建议,"领导您好!我是一名小学生家长,孩子就读于普通公办小学低年级。新学期以来,孩子参加了学校提供的课后服务,原则上每天有两个小时。我们夫妻都在上班,课后服务解决了接送难题,但心里也有些担忧:低年级按规定不布置书面家庭作业,孩子在课后服务时间里是否有老师进行阅读、书写、兴趣活动等方面的指导?还是仅仅被集中看管?如果内容不够充实,孩子回家后没有书面作业,学习巩固可能不够,家长也难以了解在校情况。希望相关部门能督促学校丰富课后服务内容,增加作业辅导、阅读、体育、艺术等安排,并加强师资保障,真正让孩子利用好这段时间。谢谢!"
C8A14DFB31F3779BEDEFB5C270ED0621A04CCD27DB710D13B854292833D35699,关于暑假双职工家庭子女看护与学习支持的建议,"领导您好,我们是双职工家庭,孩子就读公办小学非毕业年级。暑假期间孩子没有参加学科类培训,学校也按规范不布置书面家庭作业,这我们理解,但孩子在家无人看管,我们工作时间又没法陪伴,很担心他长时间看电视、玩手机,荒废了假期。我们家庭经济条件尚可,但周边合适的公益托管或素质活动资源不多,校外机构又多是学科培训,我们不想让孩子去。希望政府能协调学校或社区,在暑假提供一些公益性质的托管服务或兴趣活动,比如阅读、体育、手工等,既解决看护难题,也能让孩子假期过得有意义。我们一直很重视孩子教育,也希望他将来能考上好大学,但现实困难让我们很焦虑,盼能得到关注和帮助。"
406239219A524611C53B51195FEA8A9444416FDDE81179079695D06EF210EDFF,关于提升小学课后服务质量的建议,"我家孩子在公办小学就读,目前不是毕业年级。这个月孩子参加了学校课后服务,作为双职工家庭,我们很感谢有这个安排。但学校资源一般,我们担心课后服务会不会只是简单看护,缺乏实质内容。现在书面作业很少,学科类校外培训也少了,我们支持减负,但也怕孩子基础不牢,毕竟希望他将来能考上大学。希望课后服务能安排老师答疑、指导学习方法或组织兴趣活动,而不是让孩子干坐着。也请相关部门保障好师资和经费,让学校有能力把课后服务真正做好。"
EE2DB824A04E3DA4E1EE8D1E3D469159D6FC7689924BDBDFF4AC0DB011287FF8,关于暑假双职工家庭子女看护与学习支持的建议,"领导您好,我们是双职工家庭,孩子就读公办小学非毕业年级。暑假期间孩子没有参加学科类培训,学校也按规范不布置书面家庭作业,这我们理解,但孩子在家无人看管,我们工作时间又没法陪伴,很担心他长时间看电视、玩手机,荒废了假期。我们家庭经济条件尚可,但周边合适的公益托管或素质活动资源不多,校外机构又多是学科培训,我们不想让孩子去。希望政府能协调学校或社区,在暑假提供一些公益性质的托管服务或兴趣活动,比如阅读、体育、手工等,既解决看护难题,也能让孩子假期过得有意义。我们一直很重视孩子教育,也希望他将来能考上好大学,但现实困难让我们很焦虑,盼能得到关注和帮助。"
C1D33D7274A950E9D29BDCC1724BC645168EFF9EDC0C22C36731579B8AF17D5B,关于提升小学暑假课后服务质量的建议,"我是本地一名小学生家长。孩子这个暑假参加了学校的课后服务,每周五天,每天时间不短,确实解决了我们双职工家庭的看护困难。但我们感觉课后服务内容比较单一,主要是看管和少量作业辅导,缺少体育、艺术、阅读、科学等孩子感兴趣的活动。现在校外学科类培训明显减少,我们担心孩子假期时间没有充分利用。希望相关部门能督促学校丰富课后服务内容,提升师资配备,让孩子在假期也能全面发展,同时加强安全管理。谢谢。"
97CB181EC3C068A88D53183241727495259F90FC28DA9DF29095B96679C67074,关于暑假双职工家庭子女看护与学习支持的建议,"领导您好,我们是双职工家庭,孩子就读公办小学非毕业年级。暑假期间孩子没有参加学科类培训,学校也按规范不布置书面家庭作业,这我们理解,但孩子在家无人看管,我们工作时间又没法陪伴,很担心他长时间看电视、玩手机,荒废了假期。我们家庭经济条件尚可,但周边合适的公益托管或素质活动资源不多,校外机构又多是学科培训,我们不想让孩子去。希望政府能协调学校或社区,在暑假提供一些公益性质的托管服务或兴趣活动,比如阅读、体育、手工等,既解决看护难题,也能让孩子假期过得有意义。我们一直很重视孩子教育,也希望他将来能考上好大学,但现实困难让我们很焦虑,盼能得到关注和帮助。"
3C33DE12E628DBA0B2247D8E5D812852D0559D917DD96933531FB7EB2FA1A722,希望提升学校课后服务质量和内容多样性,"领导您好。我家孩子就读公办小学,今年暑假也在参加学校的课后服务。我们夫妻都在上班,家里经济条件尚可,但平时能陪孩子进行课业辅导和兴趣拓展的时间有限,所以特别看重学校课后服务的质量。按照相关要求,课后服务应当自愿参加、时间衔接、内容多样,可孩子这段时间下来,我们感觉服务更多是集中看护,素质拓展、兴趣课程和课业巩固指导都很少,孩子收获不大。我们担心学校资源有限,课后服务容易流于形式,难以满足孩子全面发展的需要。希望领导能督促教育部门和学校,在师资、经费和课程安排上加大保障,引入更多体育、艺术、科技类活动,真正把好事办好,让孩子在校内就能获得高质量的成长支持。"
1003C6D7B7C324FCD0822E2851565B064A60E65902D050FF1FB4C81A79781FB6,关于小学暑假书面作业问题的反映,"领导您好。我是一名农村小学生的家长,孩子不属于毕业班。按现有规定,这个年级原则上不布置书面家庭作业,但最近我发现孩子本月仍有书面作业要完成,这与要求不太相符。我们家庭条件一般,辅导能力有限,孩子平时睡眠比较充足,也希望假期能多休息、多活动。农村学校资源本来就紧张,更担心作业负担挤占孩子锻炼和兴趣发展的时间。希望相关部门能核查并协调学校严格落实减负规定,合理安排假期任务,不要额外增加孩子和家长的负担。"
3CFB668BAF75001CD5786E2914219EF30A31AB05FFD969F62366BD13EDEA40E4,关于规范乡村小学作业管理和课后服务的诉求,"我家孩子在村里公办小学读书,家里经济条件一般,没有给孩子报学科培训班。根据规定,孩子这个年级原则上不布置书面家庭作业,可这个月孩子的书面作业情况不符合规定。我们担心开学后作业负担更重,也担心农村学校师资和管理跟不上,作业减负和课后服务只是走形式。希望领导能重视农村非重点学校的落实情况,督促学校严格执行作业管理要求,把课后服务真正开起来,让孩子在学校完成学习任务,回家能早点休息,减轻我们家长的负担。"
D1313B28FEAE88C4BC7C7D834D9D7D236B75F0C44E1CBADC2DE6B88848FAD0AC,关于乡村小学课后服务与作业管理的诉求,"孩子就读乡村公办小学,目前不是毕业年级。按照现行规定,这个年级原则上不布置书面家庭作业,但本月我们观察到孩子的书面作业情况似乎和规定不太一致,心里有些担心是不是学校或课后服务环节还存在变相布置书面作业的情况。孩子平时睡眠时间比较充足,我们很怕作业负担慢慢加重,影响休息和白天学习。家里经济条件有限,也没有给孩子报学科类培训班,主要指望学校课后服务能把孩子管好、辅导好。希望相关部门能核查一下学校课后服务和作业管理是不是落实到位,督促学校严格按照规定执行,同时多关注乡村学校的师资和软件建设,让课后服务真正帮助孩子巩固学习,而不是简单增加作业量。"
38146DECC8862604E273275BBC1208D83EC23ABDF5262CF7562DEF31FCECE0DA,关于乡村小学课后服务与作业落实的诉求,"领导您好,我是东部乡村一名小学生家长。孩子现在读小学,按规定这个年级原则上不布置书面家庭作业,但本月我注意到孩子的书面作业情况不符合相应规范,虽然不清楚具体原因,心里还是很着急。家里经济条件有限,没法像城里孩子那样额外补课或购买学习资源,学校课后服务是我们最依赖的辅导渠道。孩子目前参加了学校课后服务,但马上要春季开学了,我担心课后服务会变成变相上课或布置书面作业,让孩子回家后还要继续写,睡眠和休息时间被挤占。我们农村学校师资和条件本来就有限,更怕课后服务内容单一、管理跟不上,起不到应有作用。希望有关部门能核查学校作业管理和课后服务落实情况,督促严格执行分年级作业规定,不要让书面作业影响孩子休息和全面发展,同时加强乡村学校师资保障,提升课后服务质量,真正减轻我们家长负担。谢谢。"
4ECD8B3978A48388E926D6D1DC2B4E49D60627CFB8821BB1DBFB3A2EA7509A04,关于暑假课后服务中书面作业问题的反映,"领导您好,我是孩子家长。孩子目前在公办小学就读,按政策当前年级不应布置书面家庭作业,但本月孩子参加学校课后服务后,书面作业情况并不符合规定。我们不清楚具体原因,担心学校借课后服务变相布置书面作业,增加孩子负担。家庭经济条件有限,希望孩子能轻松度过暑假。恳请相关部门核查学校课后服务实际安排,督促严格落实作业管理规范,保障孩子休息和健康成长。"
3A92E3A6B9EF857445352CF43DCF4CC2EFAD4FA82930B57C3D1DAAD991BA8404,农村小学课后服务和作业负担问题,"我家在东部农村,孩子读小学低年级,家庭条件一般。政策要求这个年级不布置书面家庭作业,学校也提供了课后服务,暑假孩子也参加了。但本月孩子回家还是经常要写书面作业,明显不符合规定。我们让孩子参加课后服务,就是希望在学校把学习任务完成,回家能轻松些,可现在作业还是带回家,课后服务没有真正起到辅导和减负的作用。另外我们也担心课后服务的老师不稳定,管理跟不上,服务内容比较单一。希望领导能核查我们这里学校课后服务和作业管理情况,督促学校严格执行规定,低年级不要布置书面家庭作业,课后服务时间要真正用来辅导、活动,不要变相增加家长和学生负担,也不要额外收费。"
F67120CC4FE20F0EAC5F93AC48754B9FAC1D0D1380473BAFF390220BBB5CC6C9,关于暑假课后服务中书面作业问题的反映,"领导您好,我是孩子家长。孩子目前在公办小学就读,按政策当前年级不应布置书面家庭作业,但本月孩子参加学校课后服务后,书面作业情况并不符合规定。我们不清楚具体原因,担心学校借课后服务变相布置书面作业,增加孩子负担。家庭经济条件有限,希望孩子能轻松度过暑假。恳请相关部门核查学校课后服务实际安排,督促严格落实作业管理规范,保障孩子休息和健康成长。"
EAFF6319B295666892864090B3E944ADF2C608A67384664DDA344EF49D349AFC,关于规范暑期课后服务及作业管理的请求,"领导您好,我是一名东部农村公办小学的学生家长。孩子今年暑假参加了学校提供的课后服务。按照国家和省里对小学该年级的要求,原则上不布置书面家庭作业,课后服务应当自愿参加、内容多样、时间衔接。可这个月孩子的书面作业情况与规定的时长要求不一致,我们心里很担忧。我们家庭条件一般,村里学校资源也不宽裕,担心课后服务只是把孩子集中起来写作业,或者变成补课,既增加孩子负担,又影响睡眠和休息。希望相关部门能核查学校课后服务的具体安排和作业管理情况,督促学校严格执行作业规定,提升课后服务质量,让孩子假期得到合理照看。谢谢。"
793DA1A80D344B3B80A10C85E587B6876D08093468D90ECF3B45DFBC87F88254,关于暑假课后服务中书面作业问题的反映,"领导您好,我是孩子家长。孩子目前在公办小学就读,按政策当前年级不应布置书面家庭作业,但本月孩子参加学校课后服务后,书面作业情况并不符合规定。我们不清楚具体原因,担心学校借课后服务变相布置书面作业,增加孩子负担。家庭经济条件有限,希望孩子能轻松度过暑假。恳请相关部门核查学校课后服务实际安排,督促严格落实作业管理规范,保障孩子休息和健康成长。"
9F23B1B2CE05DB7076CC8D0272738DE3BC26A167B21AF7B78BBA67376BB3FA75,关于小学书面作业未按规范落实的诉求,"领导好,我家孩子在村里公办小学读书,现在不是毕业班,按年级规定原则上不应布置书面家庭作业,但本月孩子的书面作业情况没有符合这个要求。我们不清楚具体原因,担心学校没有严格执行规定,给孩子增加了不必要的书面负担。孩子参加了学校课后服务,原本希望能在学校得到看护、参加一些活动,但现在也担心课后服务会变成写作业或补课。我们家庭条件一般,孩子睡眠一直比较充足,不想因为作业问题影响休息和成长。恳请相关部门核查学校作业管理和课后服务落实情况,督促学校严格落实作业规定,多安排阅读、体育、兴趣等活动,让孩子轻松一些,家长也能放心。"
9A44A3E112DD78B3A7A155EA8E58B67832DE342C14C46C65EBE69A3735B671B8,关于督促学校落实不布置书面作业和减少家长任务的请求,"我家孩子在读小学,家在乡村,上学单程比较远。我们夫妻都在工作,家里人多但能专门辅导孩子的时间有限。今年暑假孩子作业量看起来还符合要求,但我们很担心一开学学校又会像以前听说的那样,布置很多书面作业和死记硬背的背诵,还经常让家长填表、打印、复印。孩子目前睡眠时间比较充足,我们不想让他过早背上过重负担。希望教育部门能督促学校严格按现行规定,不给这个年级的孩子布置书面家庭作业,减少不必要的家长任务,多安排一些活动性、实践性的学习内容,让孩子轻松一些,也让我们家长能安心工作。"
0F110DF63DD896DEAF49A66A99C0C751473AA4573E9D42F4F683F4E0FEB1F603,希望新学期乡村学校课后服务能真正解决家长接送难,"我是中部乡村一名小学生家长,孩子秋季开学后还在小学低年级,不属于升学衔接。我们夫妻双方都要上班,家庭时间安排比较紧张,每天接送孩子上下学单程时间又长,很担心开学后放学早、没人接的问题。看到现在要求义务教育学校完善课后服务,自愿参加、时间衔接、内容多样,我们很期盼。但我们是普通乡村公办学校,不是重点校,师资和经费可能有限,担心开学后课后服务只是简单看管,或者被用来补课、布置额外书面作业,反而增加孩子的负担。低年级按规定原则上不布置书面家庭作业,希望这条能继续落实,别让课后服务变成变相刷题。也希望地方能保障好课后服务的师资和经费,把时间真正衔接上我们下班,内容上多些阅读、体育、兴趣活动,让孩子在学校安全度过这段时间。我们家长愿意承担合理费用,但不想被变相强制参加。请领导关注乡村学校的落实情况,谢谢。"
117B08F4167068AC0DFDDECF3E13C3E4A419CB94E2256D7D6C1BA8E7687BF8E1,关于减轻低年级学生家庭负担、提升课后服务质量的建议,"我是一名乡村小学低年级学生的家长。孩子学校离家较远,我们夫妻都在上班,家里人口多,每天时间很紧。这个寒假孩子仍在上校外培训班,收费对我们来说不算低,但为了孩子能跟上,只能坚持。马上开学了,按照低年级减负要求,学校不布置书面家庭作业,我们很支持。但我们担心开学后会出现一些打卡、手工、拍视频、填表等需要家长配合的任务,这些虽然不算书面作业,但同样占用大量时间,孩子休息也受影响。另外,孩子参加了学校课后服务,但具体内容我们不太清楚,希望课后服务能真正安排一些作业辅导或兴趣活动,而不是简单看管。如果课后服务更充实,我们可能就不用额外花钱报培训班,经济和时间压力都会小一些。希望领导能督促学校在开学后严格落实减负规定,不向家长转嫁任务,同时提升课后服务质量,让农村孩子也能享受到好的课后教育。"
726288D735D881254083DF795BFEB81697B07EE7ED1702AC6F8003920D82D225,"关于提升农村学校课后服务质量,减轻家长校外培训负担的诉求","领导好。我们家在乡下,孩子上小学,夫妻俩都上班,家里人虽多但大人都在忙工作,每天接送和辅导都很吃力。这个学期学校提供了课后服务,孩子也参加了,每天时间不短,解决了我们接孩子的难题,很感谢。可是我们担心农村学校条件有限,课后服务大多是看管,老师不一定有精力辅导作业、开展多样活动。现在校外学科培训管得严,能选的地方少了,价格虽然降了一点,但我们怕孩子落后,还是继续报了班。这样下来,我们还要另外安排时间送孩子去培训,负担没真正减轻。希望上级能多支持农村学校的课后服务,配足老师、丰富内容,让孩子在学校就能学好、巩固好,我们也不用再另外花钱花时间找培训。"
6400118D737BC386B62305A8BDFFB6517A658946D879DC6F99A4D9B997965152,关于农村小学暑期课后服务与校外培训负担的建议,"领导您好,我是中部农村一名小学生家长。我们夫妻都在上班,家里孩子多,暑假看护压力很大。孩子参加了学校课后服务,但作为双职工家庭,课后服务之外的时间还是难以兼顾,只能再给孩子报学科类培训班,不然孩子没人带。这样不仅增加了家庭开支,也让孩子假期得不到充分休息,我们心里很矛盾。我们支持减负政策,现在书面作业规范了,但希望教育部门能指导农村学校进一步优化暑期课后服务,比如适当延长服务时间、增加体育和兴趣活动,让孩子在学校就能安全度过假期,减少家庭对校外培训的依赖。同时希望继续巩固减负成果,防止开学后变相增加作业或给家长布置任务。谢谢。"
067616610A05237FDF1F99EFCBABD00DD13943D5844AE4DDF83C43990040BC7B,关于巩固小学低年级作业减负成效的建议,"我家孩子是小学低年级学生,暑假作业符合规定,我们也停止了校外学科培训。但过去周边低年级孩子作业多、背诵任务重,家长还常被要求配合填表打印,负担很大。开学在即,我们担心学校变相布置书面家庭作业或把任务转给家长。希望领导督促学校严格落实低年级不布置书面家庭作业的规定,同时让课后服务真正有内容、有质量,让孩子在校内完成活动性、实践性任务,减轻家庭负担。"
6336064CF23298CFF7BB06F96107314884FBB72CF9377E54765FC3CF5F063189,关于农村小学暑期课后服务与校外培训负担的建议,"领导您好,我是中部农村一名小学生家长。我们夫妻都在上班,家里孩子多,暑假看护压力很大。孩子参加了学校课后服务,但作为双职工家庭,课后服务之外的时间还是难以兼顾,只能再给孩子报学科类培训班,不然孩子没人带。这样不仅增加了家庭开支,也让孩子假期得不到充分休息,我们心里很矛盾。我们支持减负政策,现在书面作业规范了,但希望教育部门能指导农村学校进一步优化暑期课后服务,比如适当延长服务时间、增加体育和兴趣活动,让孩子在学校就能安全度过假期,减少家庭对校外培训的依赖。同时希望继续巩固减负成果,防止开学后变相增加作业或给家长布置任务。谢谢。"
709B5A2196B14ED52A2BD113D5177179BE9487C09878B58AF0E6AA86A1DDC8CE,关于提升农村小学课后服务质量、避免负担转嫁的建议,"领导您好,我是一名农村小学生的家长,家里夫妻都上班,老人同住但精力有限,孩子单程上学也比较远。这个暑假我们让孩子参加了学校课后服务,解决了白天看护难题,但从目前情况看,服务内容还不够丰富,有时就是写写作业、自由活动,缺少阅读、体育和兴趣活动。我们担心开学后课后服务也只是停留在“有人看管”,不能真正减轻孩子和家长负担。另外,我们也听到周边一些家长反映,过去低年级虽然规定不布置书面家庭作业,但有的老师会布置很多背诵、打卡,还经常让家长填表、复印打印。我们希望领导能督促学校把课后服务用好,在校内完成作业辅导和多样化活动,同时明确不要把额外任务再推给家长,尤其要照顾农村家庭接送远、时间紧的实际困难。"
F9C2993EB967758C1DEF983364C55EC73D227331E7068EDFB721B48BB2A58F2F,关于农村小学暑期课后服务与校外培训负担的建议,"领导您好,我是中部农村一名小学生家长。我们夫妻都在上班,家里孩子多,暑假看护压力很大。孩子参加了学校课后服务,但作为双职工家庭,课后服务之外的时间还是难以兼顾,只能再给孩子报学科类培训班,不然孩子没人带。这样不仅增加了家庭开支,也让孩子假期得不到充分休息,我们心里很矛盾。我们支持减负政策,现在书面作业规范了,但希望教育部门能指导农村学校进一步优化暑期课后服务,比如适当延长服务时间、增加体育和兴趣活动,让孩子在学校就能安全度过假期,减少家庭对校外培训的依赖。同时希望继续巩固减负成果,防止开学后变相增加作业或给家长布置任务。谢谢。"
E25C4E3B5BA1048309C800A59BE4FEA7E7B05F656BEF0892AD5FD9DEA456DF40,建议加强农村小学课后服务内容与质量保障,"领导您好,我是农村一名小学生的家长。孩子就读公办小学,学校离家较远,我们夫妻都在上班,时间安排很紧。这个月孩子参加了学校课后服务,每天两个小时,解决了我们接送的困难,我们很感激。现在校外学科培训减少了,我们也不再给孩子报班,孩子书面作业也符合要求,负担轻了,我们支持减负。但心里也有点不踏实,担心课后服务只是集中看管,没有实质性的学习或活动内容,尤其农村学校资源有限,师资可能不足。以前听说过一些地方低年级作业太多、家长负担重的情况,现在作业规范了是好事,但孩子良好的学习习惯、阅读兴趣和体育锻炼也不能放松。希望教育部门能督促学校把课后服务做得更扎实,比如安排老师进行阅读指导、组织体育和艺术活动,帮助孩子养成良好学习习惯,而不是简单坐着等放学;同时加大对农村学校课后服务的师资和经费保障,让这项好政策真正落地。这样我们双职工家庭也能安心工作,孩子也能全面发展。"
4393F9549899BA4D7730D504EA5B65B1EBCCD8D64883EBF34205050E34162D6B,关于小学暑期书面作业超时影响孩子休息的反映,"领导好,我是西部一个城镇的家长,孩子在上小学,家里条件一般,我们两口子文化不高,都在打工,但很重视孩子学习。这个暑假孩子的书面作业明显偏多,经常超过规定的一个小时,有时晚上写到很晚,我们看着心疼,担心长期这样影响身体和睡眠。以前也听说过有的班频繁换老师,作业一下子变得特别多,家长怕反映了又换老师,都不敢吭声。希望领导能关注一下小学作业负担问题,督促学校合理安排假期作业,控制总量,让孩子能睡够觉,家长也能安心。我们不是不让布置作业,就是希望能按规矩来,别把压力全压到孩子和家长身上。"
158EEEC0813C49C9FB80030EC3370AB1AC0FA417123AD46ED822DD9A972E0854,关于小学暑假书面作业负担过重的反映与建议,"各位领导,我是西部一个城镇的家长,孩子就读公办小学。这个暑假孩子带回来的书面作业明显偏多,每天坐下来写很久,已经超过规定的60分钟,晚上也睡不安稳。我们家经济条件一般,父母都要上班,辅导能力有限,孩子写得慢就更着急。听说现在要求学校统筹作业总量和设计质量,希望新学期学校能严格落实,减少机械抄写,布置更有针对性的作业,并利用课后服务时间加强校内作业指导。也请关注一些家长担心的频繁换老师、老师布置过量作业后不敢反映的情况,让我们能安心配合学校,让孩子健康成长。"
17785AC0FDFD0359C7A7B734F469C8070E8CA9FBE93F51817BC466EF855B987A,关于小学书面作业时间超标的反映与请求,"各位领导好,我是西部城镇一名小学生的家长。最近处于寒假和春季开学过渡阶段,孩子参加了学校课后服务,但我们发现孩子本月书面作业完成情况不符合规定的小学作业时长要求,原则上不应超过60分钟,实际上却没有做到。我们夫妻都在上班,文化程度不高,家庭经济条件也比较有限,没办法给孩子额外辅导,心里很着急。孩子睡眠时间一直比较充足,但作业拖长后明显影响休息,我们担心长期下去会影响身体和学习兴趣。我们也怕直接向学校反映会给孩子带来压力,所以通过这个平台求助。希望领导能督促学校科学合理布置书面作业,严格执行作业时间规定,确保孩子每天作业量不超标,让孩子有充足睡眠和休息时间,健康成长。谢谢领导关心。"
26239E47769A33D2D5A11854CE9C2234E3F8A0427DBD6FDDB9BB1559306DEC49,"希望新学期课后服务能真正帮到孩子,别让家长干着急","领导好,我是西部城镇一名小学生家长。家里两个大人都要上班,文化程度不高,辅导孩子作业很吃力。孩子现在上小学,没到毕业年级。这个寒假看新闻说校外补课管得严,我们以前也没钱给孩子报班,就盼着学校课后服务能实实在在帮上忙。这个月孩子参加了学校课后服务,作业时间也在规定范围内,这点我们放心。但马上开学了,我担心课后服务只是让孩子坐在教室里,不辅导也不管学习效果;更担心老师为了成绩又布置一堆作业,或者暗示家长交钱补课。以前就听说过有学校作业多到孩子半夜睡不了觉,还有频繁换老师、老师让学生交补课费的事,我们普通打工家庭真的很怕。希望领导能督促学校把课后服务做扎实,多安排老师答疑、巩固基础,别让免费服务变成“看孩子”。也请关注作业总量,别开学就反弹,让孩子能睡够觉。我们当家长的没别的本事,就希望孩子在学校不掉队。谢谢领导费心。"
BCB37D3F95AC4EDFDB2EAA0CC3B3891F4581DFE429A92A05587ED2FEB5B55CD2,关于小学暑期课后服务作业超时影响学生休息的反映,"领导好,我是西部城镇一名公办小学学生的家长。家里经济条件一般,我们两口子都打工,文化水平不高,辅导孩子作业确实吃力。孩子这个暑假参加学校课后服务,但书面作业存在超时现象,孩子有时写得很晚,我们看着心疼。长期这样的话,担心影响孩子睡眠和身体发育。希望领导能督促学校和老师严格执行作业管理规定,控制好书面作业总量,少布置机械重复的抄写,给孩子留出休息和锻炼的时间。同时也希望学校注意教师队伍稳定,不要频繁换老师,以免孩子刚适应一个老师,作业要求又变来变去,负担忽高忽低。我们家长不是不支持学校工作,只希望孩子能健健康康地学习。"
380FEC7485D7FCA41C95640A3983F855B66B3B631158969200DD85684801688A,"希望课后服务能真正辅导作业,减轻打工家庭负担","领导您好,我是西部城镇一名小学生的家长。家里经济条件一般,我们两口子文化程度不高,都在打工,辅导孩子作业很吃力。现在孩子参加了学校课后服务,每天放学后在学校待一段时间,我们很感激。但政策说课后服务要提供作业辅导和多样活动,我们担心只是看着孩子,实际没有老师认真辅导作业,或者变相收费。现在作业时间虽然符合规定,但开学后如果作业多起来,我们晚上很难辅导,孩子睡眠也会受影响。以前听说过有的学校老师布置作业很多,孩子做到很晚,家长敢怒不敢言。我们希望政府和学校能真正把课后服务做好,安排老师认真指导孩子完成作业,不要额外收费,也不要让课后服务变成补课或形式主义。这样我们打工的家长才能放心。"
0D27A38079253ABDE6A18A026DEE868B92788CA2A3F19E73F542D16C72A8704C,关于小学暑期课后服务作业超时影响学生休息的反映,"领导好,我是西部城镇一名公办小学学生的家长。家里经济条件一般,我们两口子都打工,文化水平不高,辅导孩子作业确实吃力。孩子这个暑假参加学校课后服务,但书面作业存在超时现象,孩子有时写得很晚,我们看着心疼。长期这样的话,担心影响孩子睡眠和身体发育。希望领导能督促学校和老师严格执行作业管理规定,控制好书面作业总量,少布置机械重复的抄写,给孩子留出休息和锻炼的时间。同时也希望学校注意教师队伍稳定,不要频繁换老师,以免孩子刚适应一个老师,作业要求又变来变去,负担忽高忽低。我们家长不是不支持学校工作,只希望孩子能健健康康地学习。"
ADE71B0B72AB0D178FD6F73E0E1CDB2AE36FB6B63F6D572182444453D5C181A5,希望加强小学课后服务中的作业辅导和学业支持,"各位领导好。我是一名小学生的家长,家里经济条件不宽裕,我和孩子爸爸都在外面打工,自己文化也不高,平时很难辅导孩子学习。孩子现在在公办学校读书,这个暑假参加了学校的课后服务。我们原来没有报过外面的学科培训班,现在外面的学科培训班也少了很多,我们更指望学校课后服务能帮孩子把学习基础打牢。目前孩子作业时间看着是符合规定的,但我担心开学后作业又会慢慢多起来,或者课后服务只是看管,不能真正辅导作业、解答问题。我们下班晚,自己教不了,也请不起家教。希望领导能督促学校把课后服务内容做扎实,多安排老师辅导作业、巩固当天知识,不要变成单纯看护;同时也继续管住作业总量,别让作业压力又转回家里。谢谢。"
ABAD682242AB0E999E6CCD0AB606040D4D75050A558143B71C54D1CFB2F14BD8,关于小学暑期课后服务作业超时影响学生休息的反映,"领导好,我是西部城镇一名公办小学学生的家长。家里经济条件一般,我们两口子都打工,文化水平不高,辅导孩子作业确实吃力。孩子这个暑假参加学校课后服务,但书面作业存在超时现象,孩子有时写得很晚,我们看着心疼。长期这样的话,担心影响孩子睡眠和身体发育。希望领导能督促学校和老师严格执行作业管理规定,控制好书面作业总量,少布置机械重复的抄写,给孩子留出休息和锻炼的时间。同时也希望学校注意教师队伍稳定,不要频繁换老师,以免孩子刚适应一个老师,作业要求又变来变去,负担忽高忽低。我们家长不是不支持学校工作,只希望孩子能健健康康地学习。"
BB5ACA7F3B659A154AFB28207E0DB4C281DC24D0C9160B16A2BD84FF9BFA612B,关于规范暑期课后服务收费与内容、减轻困难家庭负担的建议,"各位领导,我是一名小学生的家长,家在西部城镇,家庭经济条件不好,夫妻俩都要上班。暑假学校提供了课后服务,孩子这个月也参加了,确实解决了我们看管难的问题。但我们担心课后服务落实走了样:有的地方课后服务要另外收费,或者只是简单看孩子,还可能变成变相补课,加重我们这样的低收入家庭负担。希望政府能加强对学校课后服务的监管,明确自愿参加、收费合理或免费,保证服务内容有作业辅导和文体活动,不要强制或变相收费补课。也请关注课后服务师资稳定,不要频繁换老师。我们家长文化不高,最怕孩子没人管、负担重,请领导帮我们守住这个好政策。"
AF949DE78C70A36A917BD489691442276B09A77D36CFF1BD9E32E2EF22ABD0A3,关于暑假期间小学生看护与学习指导的请求,"尊敬的领导,我是镇上一位小学生的家长。孩子现在上小学,暑假在家,学校是公办普通学校,离家很近。我们夫妻都在上班,家里照看人手不多,孩子基本由我们下班后照看。按照现在的规定,孩子这个年级暑假不该有书面作业,我们也理解这是为孩子减负。但暑假这么长,孩子没有作业,我们也没给他报任何学科辅导班,加上我们自己文化程度不高,辅导不了功课,孩子在家不是看电视就是玩手机,我们很担心他荒废了时间,下学期跟不上。我们期望孩子将来能考上大学,但这样下去心里越来越没底。听说有些地方学校或社区会提供假期托管、兴趣活动,但我们这里好像没有。希望领导能关注一下我们这种普通家庭的暑假看护难题,协调学校或社区在假期开放一些场所,组织一些公益性的文体活动或学习指导,让孩子有地方去、有事情做,我们也能安心上班。谢谢。"
EFBAEBF7BFC5175F22C8E5C4EC30A0BC0DE4ECB8BC8E3A1E84AEB50030D573F8,希望督促学校落实课后服务解决双职工家庭后顾之忧,"我是西部城镇一名小学生家长。孩子就读公办非重点小学,离家较近,但我们夫妻都在上班,暑假后最担心的就是放学后孩子无人照看、作业没人辅导。我们文化程度不高,虽然很希望孩子以后能考上大学,但自己辅导功课很吃力。现在政策要求学校完善课后服务,强调自愿参加、内容多样,我们非常期盼学校能真正落实,而不是简单看管。我们孩子年级按规定原则上不布置书面家庭作业,但更希望学校能在课后服务中提供作业指导、阅读和兴趣活动,让孩子放学后有着落。同时,我们周边有的学校过去活动场地紧张、设施条件差,担心资源有限的学校课后服务质量打折扣。请领导关注我们这类普通公办学校,督促学校把课后服务做实,让我们家长能安心工作。"
3B3F050860B55E092E020AC022CBAFF67F743B4A60CB275F926EC20D411026B7,关于解决双职工家庭小学生课后看护问题的请求,"领导您好。我们是西部城镇一个普通家庭,孩子读小学低年级,我和爱人都要上班,家里没有老人能长期帮忙照看。学校离家不远,但放学时间比我们下班早不少。现在低年级按规定不布置书面家庭作业,孩子放学后没有作业任务,更需要有人看管和引导。目前孩子没有参加学校的课后服务,开学后每天下午放学后的两三个小时成了我们最大的难题,既担心孩子安全,又怕他一个人在家沉迷电子产品。我们家里经济条件不算差,但主要是时间上顾不过来。希望政府能督促学校在新学期把课后服务真正开展起来,或者进一步丰富服务内容,提供体育、阅读、手工等适合低年级孩子的活动,不要只是写作业或看电视。这样我们家长能安心工作,孩子也能有个安全有益的课后环境。谢谢。"
B9C13BE947F6FF8CAC3E55E2AB6BC0259097ED3F19BDC6C02C6EAE3238A4219F,关于提升小学课后服务质量的建议,"领导您好,我是西部城镇一名小学生家长。我们夫妻都在上班,家里老人精力有限,孩子课后看护和辅导一直是个难题。孩子现在参加了学校课后服务,每天约两个小时,这确实帮我们解决了接孩子的问题。但我们担心课后服务内容比较单一,有时只是集中看管,没能充分利用时间开展作业辅导、阅读或文体活动。我们自己文化程度不高,辅导孩子学习很吃力,政策前也没给孩子报过学科培训班,现在校外培训少了,更依赖学校。希望领导能督促学校把课后服务真正做实做丰富,加强作业指导和兴趣拓展,让普通家庭的孩子也能在校内获得高质量的学习支持,减轻家长负担,促进教育公平。"
600F152AAF29A21FEA7878D62E0A21445C9BAD11AAD3D58801EE9FA5CC62D8F2,关于暑假期间孩子无人照看希望提供学校托管的诉求,"领导好,我是一名小学生家长。孩子放暑假在家,我们夫妻都要上班,家里没有老人帮忙,孩子白天经常一个人在家。学校假期没有课后服务,我们也不敢让孩子去外面培训机构,费用高且不放心。孩子现在作业很少,睡眠时间够,但我们文化程度不高,辅导不了学习。我们担心一个暑假下来孩子学习习惯散漫,开学跟不上。希望政府能协调学校在暑假开放校园或提供公益托管,哪怕只是组织阅读、体育活动也好,让孩子有个安全去处,我们也能安心工作。另外,也希望学校能保障孩子有足够的活动空间,让孩子健康成长。"
B7A96B4CC0ED979C0187D0AF0B1DC7E872DFF9D2052991F6BCFC000FA8124811,关于加强小学课后服务质量的建议,"我是一名小学生的家长,我们夫妻都上班,文化程度不高,辅导孩子学习有困难。孩子现在参加学校的课后服务,每天两个多小时,但我担心课后服务只是看管,缺少有针对性的作业辅导和兴趣培养。学校不是重点学校,资源有限,课后服务内容可能比较单一。现在校外学科培训少了,我们更依赖学校。希望领导能督促学校丰富课后服务内容,安排老师答疑解惑,增加阅读、体育等活动,让我们这样的家庭孩子也能在校内学好,减轻家长负担。"
59E104692E82EA61BAA3FC93C0373A5188941F7EA156428431CA64C428258437,关于暑假期间孩子无人照看希望提供学校托管的诉求,"领导好,我是一名小学生家长。孩子放暑假在家,我们夫妻都要上班,家里没有老人帮忙,孩子白天经常一个人在家。学校假期没有课后服务,我们也不敢让孩子去外面培训机构,费用高且不放心。孩子现在作业很少,睡眠时间够,但我们文化程度不高,辅导不了学习。我们担心一个暑假下来孩子学习习惯散漫,开学跟不上。希望政府能协调学校在暑假开放校园或提供公益托管,哪怕只是组织阅读、体育活动也好,让孩子有个安全去处,我们也能安心工作。另外,也希望学校能保障孩子有足够的活动空间,让孩子健康成长。"
8BC22B915EE6F700215BD4E013B56264888F586B5210604B9D97FC955C4A30EE,关于提升公办小学课后服务质量的建议,"领导您好。我家孩子上小学,这个暑假参加了学校的课后服务,我们两口子都要上班,确实解决了看护难题。但是我们也有些担心,孩子所在的学校是普通公办学校,不是那些重点校,硬件和老师数量都有限,课后服务会不会只是把孩子集中起来看管,没有作业辅导和兴趣活动?我们文化不高,现在外面学科培训也少了,孩子学习上遇到问题我们辅导不了,特别希望学校课后服务能多一些学习指导和阅读、体育这些内容。另外,时间上能不能更好衔接我们的下班时间,内容也让我们家长知道一下。希望政府能加强经费和师资保障,让普通学校也能把课后服务真正办好,不要走过场。"
C27B910730B1C061E455448C765E5DD2A79D51FFD792ADF3D578BA7B6CC0C3CF,关于暑假期间孩子无人照看希望提供学校托管的诉求,"领导好,我是一名小学生家长。孩子放暑假在家,我们夫妻都要上班,家里没有老人帮忙,孩子白天经常一个人在家。学校假期没有课后服务,我们也不敢让孩子去外面培训机构,费用高且不放心。孩子现在作业很少,睡眠时间够,但我们文化程度不高,辅导不了学习。我们担心一个暑假下来孩子学习习惯散漫,开学跟不上。希望政府能协调学校在暑假开放校园或提供公益托管,哪怕只是组织阅读、体育活动也好,让孩子有个安全去处,我们也能安心工作。另外,也希望学校能保障孩子有足够的活动空间,让孩子健康成长。"
3FF9D712B6C211079A95883294CC43BC3206CF3AAE06D3A554E94B8957D8A955,请加强学校暑期课后服务的活动内容与安全管理,"领导好,我是小学生家长。我们夫妻都要上班,暑假孩子没人带,这个月学校开展了课后服务,孩子每天都去,我们很感激。不过学校不是重点学校,条件一般,我们担心孩子一整天被圈在教室里,活动空间不足,内容也单调。我们文化程度不高,辅导不了作业,希望课后服务不要只是看管,能多安排阅读、体育、兴趣活动,也请老师适当指导一下作业。夏天天气热,还希望学校做好防暑和安全保障,让我们家长安心工作。谢谢。"
8836D46B251A4284D59A9C6821148AC576AEACAACA813DD88CA91B275280C43C,关于初中生暑期书面作业负担偏重的反映,"领导您好,我是本地一名初中学生的家长。孩子就读于公办初中,家庭经济条件一般,我们文化水平有限,辅导作业比较吃力。这个暑假,孩子每天花在书面作业上的时间明显偏长,我们感觉可能超过了规定的90分钟上限。孩子平时睡眠时间比较充足,但最近为了赶作业经常晚睡,我们很担心影响身体和开学后的状态。学校资源一般,我们更希望学校能规范作业管理,不要用题海战术。恳请相关部门核实学校暑假作业布置情况,督促合理控制作业量,让孩子有适当休息和调整的时间。谢谢。"
7BBC6A030850ABF2DC6FCD8F9E6254281531DD5ADEA86C17DFC164B4B925376F,关于初中生暑假书面作业负担过重的反映与请求,"我是东部某城镇一名初中学生的家长,孩子就读于公办初中,家庭经济条件一般,我们夫妻文化程度不高,都在上班,平时辅导孩子功课的时间有限。最近进入暑假,我们发现孩子每天花在书面作业上的时间经常超过规定时间,作业量偏大,孩子睡眠和休息受到影响。我们理解学校希望提高成绩,但作业过多、机械重复,孩子累,家长也力不从心。现在政策要求学校统筹作业总量和时长,加强校内作业指导,希望区里能督促学校真正落实,别让减负停留在纸面上。另外,开学后学校能否利用课后服务时间,安排老师辅导作业,减轻我们家长的负担?也知道学校师资可能不稳定、管理要优化,这些软件建设很重要,希望领导关注普通公办初中,让教育资源更均衡,让普通家庭的孩子也能得到合理的学习安排。"
8A52CE404A2386BE660C9756869DBA2429A359A49544B05FDE9DBE6CD0D82D59,关于初中生家庭作业时长管理的建议,"领导好,我是一名初中生的家长。孩子所在学校是公办非重点,我们家庭条件一般,夫妻俩都要上班,文化水平也不高,辅导孩子作业比较吃力。最近了解到,按照当前规定,初中生书面家庭作业平均完成时间原则上不应超过90分钟,但我孩子这个月的作业情况似乎没有达到这个要求,我们有些担心。孩子平时睡得还算早,但有时候作业拖得比较晚,可能因为作业量或者难度。我们希望学校能加强作业管理,严格控制书面作业总量,让孩子有足够的休息时间。另外,孩子这个月没有参加学校的课后服务,听说有些学校课后服务能帮助孩子完成作业,减轻家长负担,不知道我们学校能否也提供类似安排?我们也希望相关部门能关注一下学校的管理情况,让好政策真正落到实处。谢谢。"
056EDECB730A65585740E1DF576A179DBC983EB2A3E4E713E29DE87C0786D135,关于普通初中课后服务质量的建议,"我们是在东部城镇的初中学生家长,夫妻双方都在工作,家庭收入不高,孩子就读公办普通初中。这个月孩子参加了学校课后服务,放学后能在学校多待一段时间,解决了我们双职工家庭接孩子和照看的实际困难。但我们也有顾虑:学校不是重点校,我们担心课后服务的师资力量不够稳定,内容也比较单一,可能缺少有针对性的作业辅导和兴趣拓展。我们家庭经济条件有限,以前也没有给孩子报过学科类培训班,现在校外学科类培训供给收缩,我们更依赖学校的课后服务。教育资源的配置不光是硬件,软件建设更重要。希望领导关注普通公办初中的课后服务,加强师资、经费和管理保障,让课后服务真正达到每周五天、每天至少两小时的内容多样,而不是走形式。也希望能优化学校管理制度和教师队伍,让双职工家庭的孩子在校内得到更实在的教育支持。谢谢。"
0286788617ADD413D3E9B22E5565AD6C61F3F3A3B0337742B026A53A7C7E6B95,关于初中暑假书面作业时长超标的诉求,"领导您好。孩子就读公办初中,不是毕业年级。暑假以来,孩子书面作业情况与当前年级规定的每天不超过90分钟不符,每天要花不少时间,连原本较长的睡眠都受到影响。我们家经济条件一般,父母都要上班,没有能力额外辅导。学校不是重点校,平时管理上就有些跟不上,现在作业布置更让人担心。希望相关部门核查学校暑假作业安排,督促按规范控制书面作业量,给孩子留出休息和自主阅读时间,也请关注学校在作业管理上的实际困难。"
5FFAAC76FD8C3F5FA6D7F7A10345DA2FC5B4D33144473F2B9FEE9201038F5EB5,"希望加强初中课后服务实际质量,减轻双职工家庭负担","领导您好。我家孩子今年在公办初中就读,不是毕业班,放假期间在家。我们夫妻俩都要上班,文化程度不高,经济条件也一般,家里没有老人长期帮忙,孩子课后看管和辅导一直是个难题。这个月学校布置的书面作业时间符合规定,孩子也报名参加了学校的课后服务,每天两个小时,我们很感激。但心里还是不踏实,担心这两个小时是不是真正有老师指导写作业、开展一些兴趣活动,还是只是把孩子集中看管,甚至变相补课或另外收费。我们以前也见过一些地方课后服务师资不稳定,内容单一,外行管内行,最后变成“混时间”。希望领导能关注课后服务的实际质量,加强师资配备和内容设计,坚持自愿参加,不增加家庭经济负担。同时继续规范校外培训,防止学科培训换花样反弹,让我们这样收入不高的家庭不用被迫花钱去外面补课。谢谢。"
389428486E56300D7C49B96C10EB2C10CE73C6EB1CC1C85DC9E2115F377C07FB,关于初中暑假书面作业时长超标的诉求,"领导您好。孩子就读公办初中,不是毕业年级。暑假以来,孩子书面作业情况与当前年级规定的每天不超过90分钟不符,每天要花不少时间,连原本较长的睡眠都受到影响。我们家经济条件一般,父母都要上班,没有能力额外辅导。学校不是重点校,平时管理上就有些跟不上,现在作业布置更让人担心。希望相关部门核查学校暑假作业安排,督促按规范控制书面作业量,给孩子留出休息和自主阅读时间,也请关注学校在作业管理上的实际困难。"
59CE33D4AA59D9872C10EDA252F1F88048148340BC883FBF8493D6C3C79693B1,关于提升学校课后服务质量的建议,"我家孩子在读初中,家庭经济条件一般,我们两口子文化不高,平时都要上班,实在没有多余时间和钱给孩子报补习班。现在校外学科培训管得严,对普通家庭来说是好事,但孩子学习上遇到困难,更指望学校课后服务能真正帮上忙。孩子这个月参加了学校课后服务,作业时间看起来符合规定,可我们还是不放心,担心课后服务更多只是看管,缺少针对性的学业辅导,孩子基础打不牢,以后升学吃亏。希望领导能督促学校把课后服务做实,加强作业辅导和基础巩固,同时关注师资配备和管理,别让课后服务流于形式,让像我们这样的普通家庭孩子也能得到公平、有效的学习支持。"
631BFBC898295A06B431B5D6189815D765BCDF5067E8DDC0ACD4F3D6CE78794D,关于初中暑假书面作业时长超标的诉求,"领导您好。孩子就读公办初中,不是毕业年级。暑假以来,孩子书面作业情况与当前年级规定的每天不超过90分钟不符,每天要花不少时间,连原本较长的睡眠都受到影响。我们家经济条件一般,父母都要上班,没有能力额外辅导。学校不是重点校,平时管理上就有些跟不上,现在作业布置更让人担心。希望相关部门核查学校暑假作业安排,督促按规范控制书面作业量,给孩子留出休息和自主阅读时间,也请关注学校在作业管理上的实际困难。"
D5610FDCEDBB9BBF06AE8D6A4BCD4EDCB4452F3C60189F88F5A30E9426AAB00D,"关于加强普通初中课后服务师资和内容建设,缓解双职工家庭压力的建议","我是一名初中生家长,我们夫妻都在上班,文化程度不高,家庭经济条件一般。孩子目前参加了学校的课后服务,解决了我们接送难的问题,我们很感激。但作为家长,我们也有一些担心:学校课后服务的师资是否稳定,内容是否只是简单看管或写作业,能不能真正帮助孩子完成作业、培养一些兴趣。我们自己辅导能力有限,希望孩子在校内就能得到有效的作业指导,最好还能参加一些体育锻炼或兴趣活动,而不是单纯消磨时间。听说有的学校课后服务老师更换频繁,内容比较随意,我们很怕孩子的时间被浪费。恳请领导关注普通公办初中的课后服务落实情况,督促学校配足配好师资,丰富服务内容,提高服务质量,真正让双职工家庭安心工作,让孩子健康成长。"
4F6A5E1D949510F183D8688B63B7327D7AF486A426B92AD5F4F66A31A56C30E7,关于开学后小学低年级作业负担问题的担忧,"我家孩子在公办小学就读,下学期不是毕业衔接年级。目前暑假里孩子书面作业量总体符合现行规范,睡眠也还比较充足。但我们夫妻两人都要上班,家里人多,晚上能辅导孩子的时间有限。结合近些年周边一些学校出现的情况,我们很担心开学后老师布置的书面作业又会多起来,比如让孩子机械抄写、家长签字打卡,甚至有些老师把精力放在校外补习上,对没参加的孩子区别对待。孩子这个年纪正是培养学习兴趣的关键期,我们希望领导能督促学校严格落实不布置书面家庭作业的规定,减少重复性作业,让老师把主要精力放在课堂教学上,同时适当关注教师是否有变相增加家长负担的行为。不要等到开学后家长天天为作业发愁,再反映就晚了。"
F27E68970A2C4C4CF262A8914B4F199EA4F36CF7AC1FEF5D63BFE9EB326DD8B1,关于新学期落实作业减负和规范教师行为的求助,"领导好,我是一名小学生家长,孩子就读于公办学校,我们夫妻都上班,家庭时间很紧,经济条件也一般。暑假快结束了,我们对孩子开学后的学习安排很担心。周边地区有家长反映过,部分老师在校外办补习班,课上不认真教,课后作业又多又死,还要求家长天天签字检查,负担很重。现在虽然上面要求统筹作业总量、规范校外培训、完善课后服务,但我们担心学校落实不到位,尤其怕老师把精力放在补习班上,对不参加的孩子不关心。希望领导能督促学校严格控制书面作业量,提高作业质量,别布置重复抄写和死记硬背的任务;同时严查在职教师有偿补课,保证课堂效率;课后服务要真正自愿参加,内容多样,能解决我们双职工接孩子难的问题,不要变成变相补课。我们不想让孩子整天被作业压得喘不过气,希望他能睡够觉,保持学习兴趣,顺利完成小学学业。请领导多关注我们普通家庭的难处。"
A268900AE8FD5FD93822AA45A3D109D411E97E14169B1014B350290E8088F707,请求关注小学低年级作业与课后服务负担问题,"我是一个小学生的家长,孩子现在就读的年级按规定是不布置书面家庭作业的。这个月看孩子的书面作业情况还算符合要求,也参加了学校的课后服务。但我们夫妻俩都要上班,家里人多事情也多,晚上能陪孩子学习的时间很有限,经济上也没条件报外面的补习班,所以特别看重学校课堂和课后服务的质量。 以前我们省里一些地方有家长反映过,有的老师把精力放在自己办的补习班上,对不报班的孩子不关心,还有低年级布置大量抄写、背诵作业,家长天天签字检查,孩子累,家长也累。我们很担心春季开学后,孩子的作业又会多起来,或者课后服务变成变相上课、布置额外任务。孩子现在还小,睡眠一直还不错,我们不想让孩子从低年级就开始熬夜。 希望领导能关注一下我们这类普通公办小学的情况,督促学校真正把低年级不布置书面家庭作业的要求落实到位,课后服务多安排一些阅读、运动、兴趣活动,不要变相增加书面负担。也希望加强对教师校外兼职补课的监管,让老师把精力放回课堂,减轻我们双职工家庭的辅导压力。我们不是不愿意配合,是实在没那么多时间和能力天天给孩子批改、打卡。"
DCFDE3ACBFC300DEEBC7358CB8399FF668E5C5337261024659137CFCA5DC4787,希望学校课后服务能真正帮到孩子,"我们夫妻都在上班,家里人口多,晚上时间很紧,孩子虽然书面作业不多,符合规定,但我们也担心低年级的基础打不牢。孩子参加了学校的课后服务,可是我们感觉大多时候只是看管,缺少针对性的学习辅导和答疑。现在外面的学科培训少了,我们家庭收入一般,也承担不起高价补习,所以特别希望领导能督促学校把课后服务做实,让老师利用这段时间帮孩子巩固知识、养成好习惯,而不是流于形式。另外,我们了解到有些地方仍有老师在校外开班,担心老师精力分散,希望领导加强管理,让老师把心思都放在校内教学和课后服务上。"
22A0412A7ACEC3CC40D22BC424B4891AA176BEF39FE5F94C16CEFC509F08BD7B,关于延长学校暑期课后服务时间并加强师资管理的请求,"领导您好,我是中部城镇的一名小学生家长。我们夫妻都在上班,家里老人帮不上太多,暑假孩子一个人在家实在不放心。现在学校有课后服务,孩子这个月也在参加,确实解决了很大困难。但服务结束时间比较早,我们下班晚,中间有一两个小时空档,孩子没人管,我们非常焦虑。另外,课后服务基本就是孩子自己玩,没有阅读或兴趣活动,我们文化程度不高,也没钱报外面的班,很担心孩子开学后跟不上。也听说有的地方老师以前在校外办补习班,对不去的学生不闻不问,我们很担心新学期老师精力不在课堂上。希望领导能协调学校把课后服务时间再延长一些,最好能覆盖到我们下班,并适当安排一些有意义的活动,同时加强师德监管,让老师把心思都放在孩子身上。"
2124D8DD43B31EAA4D48DDB6F7C8EC447B71C7C6E5AB1BB404EEE310D66460B1,关于学校课后服务和作业管理的建议,"领导您好,我是一名小学生家长。孩子现在上小学,我们在城里打工,家里人多,平时上班时间紧,孩子放学后没人管,所以这个暑假也参加了学校的课后服务。从目前看,孩子暑假作业符合规定,不算多,这让我们稍微放心。但是心里还是担心,开学以后作业量会不会又上去了?以前就听说过有的学校一二年级不布置书面作业的规定落实不好,老师布置很多抄写背诵,孩子写到很晚,家长还要签字,负担很重。我们还担心课后服务只是把孩子看住,内容单一,或者变成变相补课,甚至老师对不参加有偿补课的孩子另眼相看。希望领导能督促学校把作业减负和课后服务真正抓好,丰富课后服务内容,多开展体育、艺术、阅读等活动,而不是用来上课写作业;同时加强教师管理,防止在职教师有偿补课,保证每个孩子都能得到公平对待。我们家长文化不高,辅导不了多少,就盼着学校能把这些事做好。"
915C0913149AAEA496405ABAB7D0096150978F16D43233C126CAE011BF663A02,关于延长学校暑期课后服务时间并加强师资管理的请求,"领导您好,我是中部城镇的一名小学生家长。我们夫妻都在上班,家里老人帮不上太多,暑假孩子一个人在家实在不放心。现在学校有课后服务,孩子这个月也在参加,确实解决了很大困难。但服务结束时间比较早,我们下班晚,中间有一两个小时空档,孩子没人管,我们非常焦虑。另外,课后服务基本就是孩子自己玩,没有阅读或兴趣活动,我们文化程度不高,也没钱报外面的班,很担心孩子开学后跟不上。也听说有的地方老师以前在校外办补习班,对不去的学生不闻不问,我们很担心新学期老师精力不在课堂上。希望领导能协调学校把课后服务时间再延长一些,最好能覆盖到我们下班,并适当安排一些有意义的活动,同时加强师德监管,让老师把心思都放在孩子身上。"
386CBE72BC4C1F24F4D6101E26443C5A2EB633EC65A79FC5153C621E55CE98F9,关于提升小学课后服务质量、减轻双职工家庭负担的建议,"领导好。我们家孩子上小学,我和孩子父母都要上班,家里时间紧,这个月孩子参加了学校课后服务,我们很感激有这个安排。但作为双职工家庭,我们有些担心:课后服务是否只是把孩子集中看管,有没有真正进行作业辅导和开展一些文体、阅读等活动?我们经济条件一般,也没给孩子报校外培训班,希望学校课后服务能帮孩子在校把作业指导好,让孩子回家后能轻松一些,也让我们下班接孩子能安心。恳请领导督促学校把课后服务做实做细,别让好政策变成简单看管,也别让作业负担又回到家庭身上。"
C5439D8D0731DA37C1474A0E5E863E593F09295AFEADB3735E6E7BDED5A03E31,关于延长学校暑期课后服务时间并加强师资管理的请求,"领导您好,我是中部城镇的一名小学生家长。我们夫妻都在上班,家里老人帮不上太多,暑假孩子一个人在家实在不放心。现在学校有课后服务,孩子这个月也在参加,确实解决了很大困难。但服务结束时间比较早,我们下班晚,中间有一两个小时空档,孩子没人管,我们非常焦虑。另外,课后服务基本就是孩子自己玩,没有阅读或兴趣活动,我们文化程度不高,也没钱报外面的班,很担心孩子开学后跟不上。也听说有的地方老师以前在校外办补习班,对不去的学生不闻不问,我们很担心新学期老师精力不在课堂上。希望领导能协调学校把课后服务时间再延长一些,最好能覆盖到我们下班,并适当安排一些有意义的活动,同时加强师德监管,让老师把心思都放在孩子身上。"
F6808440C2F3C76ACC24DCFFEF113F7D4F748C0D351E97037C9656237542FAD3,"希望课后服务别流于形式,真正为工薪家庭减负","领导您好!我是中部地区一名小学生的家长,我们夫妻都在上班,家里人口多,但老人能分担的照护有限,暑假孩子参加了学校课后服务,确实解决了看护问题。可是孩子反映,课后服务大部分时间是写练习、看视频,活动比较单一。现在孩子作业量暂时符合规定,但作为家长,看到附近以前有老师在外面办补习班,不参加的孩子容易被冷落,心里还是担心。现在校外培训少了,如果课后服务只是简单看管,或者变成变相补课、布置额外作业、要求家长签字打卡,那反而增加了负担。我们家庭经济条件一般,没给孩子报过学科补习班,只希望学校课后服务能真正落实自愿、多样,多安排体育、阅读、劳动和兴趣活动,让孩子能在学校得到安心照看和有益引导。恳请领导督促学校把课后服务办实,减轻工薪家庭负担。"
EF852048F807A9D15EBE7043DFF9A66AAB7287F2141E2BFD5ACB74CFE852B78F,请关注重点初中开学后可能出现的补课和分班问题,"领导您好,我是一名公办重点初中学生的家长。暑假里孩子作业情况还算正常,但我心里一直不踏实。我们夫妻文化不高,经济条件也一般,没法给孩子额外报班,只盼他能正常上学,将来考个本科。听说有的学校到初二会利用考试后补课,还分不同层次的班,普通家庭孩子跟不上又没办法。孩子马上要升入高年级,我担心学校因为抓成绩,在开学后安排课后或周末补课,或者按成绩分班,把孩子的自主学习时间和休息时间挤掉,也怕他被区别对待。想请领导督促学校严格执行作业时间规定,合理安排教学,不要变相占用假期和周末,让普通家庭的孩子也能有一个公平、不过度紧绷的学习环境。谢谢。"
1FB4DD7D7C7B0BC1471C7188DAD045568CF73A91DA422096FA984DC7566E7F78,关于切实减轻初中生作业和课后负担的请求,"尊敬的领导,我是本区一名初中生家长。孩子目前在公办学校就读,家庭经济条件一般,我们也没有给孩子报过校外学科培训。这个暑假孩子的书面作业量基本在90分钟以内,我们还算放心。但一想到开学后的情况,心里就很不安。之前从同省其他家长那里听说,有些学校会利用课后服务或周末时间变相组织集体补课,补课效率低,孩子作业反而做不完,周末也没法回家自主学习,甚至个别学校还分快慢班,对孩子心理造成压力。我们担心自己孩子也会遇到类似情况。新学期如果学校用课后服务时间加课、布置超量作业,孩子睡眠和自主学习都会受影响。希望领导能督促学校严格落实作业时长规定,课后服务必须坚持自愿参加,不得强制或变相补课,也不要搞分班歧视,把时间还给孩子,让孩子能健康一点、学得主动一点。"
56C2E603C94F9FCBE5CA5F579B9E682FC98A6C3AE72D528F94DD106DC3FC17BF,关于开学后学校课后服务不要变相补课的建议,"领导好,我是一名初中孩子的家长。孩子现在参加学校课后服务,目前的书面作业量还算符合规定,我们暂时没发现明显违规。但我们心里一直不踏实。身边有类似情况的家庭反映过,有的学校会在课后服务或者周末时间变相组织补课,补课效率低,孩子回家还得赶作业,根本没有多少自主学习时间。我们家经济条件一般,没给孩子报任何校外培训班,孩子学习主要靠学校课堂和自己课后消化。现在马上要春季开学,我们就担心学校把课后服务变成集体补课,或者用分班、分层的方式给孩子贴标签,反而增加负担、打击信心。希望领导能关注一下开学后公办初中课后服务的实际安排,督促学校真正把课后服务用在作业辅导和自主学习上,不要变相补课,也不要搞各种形式的分层歧视。让孩子在公平的环境里学,我们才敢指望他以后能考个本科。"
1B8AE1DEF2A977183D0F8834E4E6644AA6F93DAEB9F1F4E06AFCA5CFF598932E,关于初中课后服务别成变相补课的请求,"领导好,我是初中学生家长。孩子这学期参加了学校课后服务,每天到校时间延长了不少。我们家经济条件一般,我文化程度也不高,辅导作业费劲,本来指望课后服务能让孩子在学校把作业做完、有老师答疑。可目前最担心的是,课后服务会不会慢慢变成集体补课或者统一上课,孩子回来还得接着写作业,自主学习和休息时间反而被挤占。身边有家长提过类似情况,说有些学校课后服务效率不高,孩子很累。希望领导能督促学校真正落实自愿原则,课后服务多安排作业辅导、体育活动、兴趣小组,别让课后服务变成另一种负担,让孩子回家能喘口气,我们家长也安心。"
95F4D547708BA569B81A6A4A71FBC931A6D713494BE11BF13F90092CDADC141E,关于暑期课后服务变相补课的担忧,"我家孩子是初中生,正在参加学校组织的课后服务。目前书面作业时间符合规定,但作为家长还是有些担心。以往听说有些学校会利用课后服务时间进行集体补课或分班教学,孩子被迫长时间在校,作业完不成,周末也没有自主学习和休息的时间。我们家庭条件一般,没有能力额外报班,只希望学校能公平对待每个孩子。恳请领导关注重点学校暑期课后服务的内容和方式,避免变相补课或提前教学,真正把时间还给孩子,让他们能自主安排学习和休息,减轻家长和孩子的负担。"
F39EF1D4E4173BAA63D56970E2233526FE4DFFA13347541AF28DABFBA049D665,关于暑期课后服务不要变相补课的建议,"领导好,我是一名初中生家长。我们家里条件一般,我文化不高,辅导孩子作业很吃力。这个暑假孩子在学校参加课后服务,我们很感激有这个安排,但也有些担心。听说有的学校会利用课后服务时间强制补课或者分班,孩子压力大,效果也不好。希望领导能督促学校严格执行自愿原则,课后服务真正用来辅导作业、开展一些有益活动,不要变成变相补课或分班,让孩子暑假能喘口气,开学后也能在校内把作业完成好。谢谢。"
5CBB596BCC322E6AF690C04333EB03B12B5E0FEDEDA630CE43625C6C61623C0A,关于暑期课后服务变相补课的担忧,"我家孩子是初中生,正在参加学校组织的课后服务。目前书面作业时间符合规定,但作为家长还是有些担心。以往听说有些学校会利用课后服务时间进行集体补课或分班教学,孩子被迫长时间在校,作业完不成,周末也没有自主学习和休息的时间。我们家庭条件一般,没有能力额外报班,只希望学校能公平对待每个孩子。恳请领导关注重点学校暑期课后服务的内容和方式,避免变相补课或提前教学,真正把时间还给孩子,让他们能自主安排学习和休息,减轻家长和孩子的负担。"
E451F9494BFC00AF1FAEFCFB1BCDAFD7CC3B065AE1DDDB67B14ACB3415191F9C,关于课后服务不要变相补课和强制参加的请求,"领导好,我家孩子在公办初中上学,家里经济条件一般,大人文化也不高,学习上主要靠学校。这个暑假孩子参加了学校的课后服务,我们很感激。但我们听说有的学校课后服务被用来补课,还分A班B班,不参加的孩子怕被区别对待。我们担心开学后也会这样,孩子本来作业不多,要是课后服务变成集体补课,晚上回家还得赶作业,睡眠就不够了。我们没有能力报外面的培训班,很希望学校课后服务能真正帮到孩子,比如辅导作业、开展一些兴趣活动,而不是变相补课或者强制参加。请领导督促学校坚持自愿原则,保证课后服务质量,不要分重点班,不要增加孩子负担。"
83FFE878F8A8976816C1227E662545C5BFE4EC79193B430AB94091F2E6E2D525,关于暑期课后服务变相补课的担忧,"我家孩子是初中生,正在参加学校组织的课后服务。目前书面作业时间符合规定,但作为家长还是有些担心。以往听说有些学校会利用课后服务时间进行集体补课或分班教学,孩子被迫长时间在校,作业完不成,周末也没有自主学习和休息的时间。我们家庭条件一般,没有能力额外报班,只希望学校能公平对待每个孩子。恳请领导关注重点学校暑期课后服务的内容和方式,避免变相补课或提前教学,真正把时间还给孩子,让他们能自主安排学习和休息,减轻家长和孩子的负担。"
FAFA1FECD78BFE4B5909B5BB99A264A1DBE49928EB0726F6D3B3F3831D9BACEA,关于初中课后服务不要变成变相补课的诉求,"领导好,我是初中学生家长。孩子目前在公办重点初中上学,这个暑假参加了学校提供的课后服务。我们家庭经济条件一般,我文化程度不高,辅导作业确实吃力,原本指望课后服务能帮孩子在校完成作业、适当答疑。可我很担心学校把课后服务时间用来集中上课、讲题目,放学后作业还是不少,孩子回家已经很累,自主阅读和休息时间被挤占。政策明确要求课后服务自愿参加、内容多样、加强作业指导,也强调减轻作业负担。请领导重视,督促学校在暑假和开学后的课后服务中真正落实自愿原则,不强制、不集体补课,不把课后服务变成延长上课时间。我们希望孩子能利用课后服务提高作业效率,回家有一段自主学习或休息时间,而不是被重复训练和补课塞满。"
CD8245F38228F4244E111FACC4F023DABAC899E571A396F02F53B8D3D8C1492C,希望新学期重点学校别带头加课加作业,"我家孩子正在上小学,这个暑假作业量还算正常,但我一直放心不下开学后的情况。孩子就读的是一所公办重点学校,离家近,本来我们挺满意,可越是这样越怕学校为了成绩层层加码。我们家经济条件一般,从没给孩子报过学科辅导班,如果学校挤占音体美课程、作业超时,孩子睡眠和兴趣都会受影响,我们也没能力额外补课。以前也听过有些地方用正课时间只上主科、分重点班,家长意见很大。希望领导关注一下重点示范学校新学期的课程和作业管理,确保开齐开足课程,均衡分班,书面作业控制在规定时间内,别让普通家庭的孩子一开学就被拖进刷题和抢跑里。"
91045C42E07047FE1547A4C7EC28BC3C30B8854B1A4CF17FADC5260E66CA9EFC,希望学校课后服务能真正帮到我们这样的家庭,"各位领导,我们是小学家长。最近看到要求学校统筹作业、规范校外培训、完善课后服务,作为家长很关心。我们家庭经济条件一般,家长文化程度也不高,辅导孩子作业越来越吃力。孩子这个月书面作业量倒是在规定时间内,但我们也担心作业少了学习效果打折扣。平时没有给孩子报学科培训班,一是经济上承受不起,二是觉得校外培训也不规范。最盼望的就是学校能把课后服务办好,自愿参加、内容多样,最好能有老师指导完成作业,再安排一些体育、阅读、兴趣活动,时间上能方便家长接送。不要只是把学生集中起来看管,或者变相补课、收费。请领导督促学校在开学前把课后服务方案准备好,师资和经费保障到位,让我们这些普通家庭的孩子也能在学校获得好的课后学习条件。"
A6350F621DAA74810139954DE4F0ADAD37D257D7DB553E35165AEF12C01E5F0D,关于小学课后服务与课业负担监管的诉求,"领导您好。我家孩子在本地一所公办重点小学就读,目前还没到升学年级。这个寒假孩子睡眠和休息都比较好,书面作业时间也符合规定,我们作为家长是认可的。但快开学了,有点担心。我们家里条件一般,家长文化程度也不高,主要靠学校。孩子这学期继续参加学校课后服务,我们就怕课后服务变成变相上课或刷题,挤占原本的体育、音乐、美术时间。以前也听说过有些学校为了抓主科,把音体美课时压掉、作息提前,孩子很累。我们不希望这种情况发生在自己孩子学校。希望领导能督促教育部门,开学后加强对各小学课后服务内容、课程开设和作息时间的日常检查,确保课后服务以作业辅导、兴趣活动、体育锻炼为主,不能替代正常课程,也不能把学生一直关在教室里。同时请继续监督书面作业总量,别让减负政策在学期中慢慢走样。我们家长能力有限,就盼学校和教育部门多给孩子一些全面发展的空间,谢谢。"
326AECB601D0DEF6EA238F8BD11781A771D47143B6874D7459D9CBF4FB412B50,关于学校课后服务内容与课程质量的一些担忧,"领导好,我是一名小学生家长。孩子就读公办重点小学,上学期参加了学校课后服务,每天两小时,确实解决了我们接送和看护的困难。我家经济条件一般,之前也没给孩子报过校外学科培训,所以对学校课后服务寄予厚望。目前孩子书面作业量符合规定,睡眠也比较充足,但我担心春季开学后课后服务会不会流于形式,比如只是把学生集中起来写作业,或者挤占音体美等课程时间用来上主科。从身边听说的一些情况看,这类现象并非个别。我们希望课后服务能真正提供多样化的活动,比如体育、艺术、阅读等,而不是变相补课。恳请领导关注课后服务的内容和质量,加强监督和保障,让孩子在校内就能获得全面发展。"
4CFA9656D02EFF5B0711F2E2C510311CB1A2490979EED64B2722A92A49882E5C,关于小学暑期课后服务内容规范的诉求,"领导您好,我是一名小学生家长。孩子暑假参加了学校课后服务,目前书面作业量符合规定,我们很感谢。但我们家庭条件一般,没有报校外学科班,一直希望孩子能睡眠充足、休息好。听同省家长反映过有的学校挤占音体美课程、设重点班,心里有些担心。孩子学校是重点校,我们怕暑期课后服务会变成变相补课或提前上新课,占用孩子休息时间。希望教育部门加强对暑期课后服务的监管,明确内容规范,不提前教学、不增加负担,让孩子假期能完成作业的同时,也有活动锻炼和休息时间。谢谢。"
F8DD9B1EC4DF1FE8D92A06178ADC92F765A6BB627FAA616D9E820304CAEDC6E6,希望规范学校课后服务内容避免变相补课,"各位领导好。我家孩子在公办重点小学就读,这个暑假参加了学校提供的课后服务。作为家长,我们很支持学校提供课后服务,但也有些担心。现在政策要求课后服务自愿参加、内容多样,时间衔接好,但我们看到有的学校过去存在占用音体美课程上主科、提前作息等情况,怕课后服务也变成变相补课,增加孩子负担。我家经济条件一般,也担心课后服务收费不透明或增加开支。希望领导能督促学校严格落实课后服务要求,保证服务内容真正丰富多样,不强制、不补课,同时明确收费和经费保障,让我们家长放心。"
2E6DAB261341815DAA67B1836EFDB0F266E3B63C5158D925FC82562E1EB601D6,关于小学暑期课后服务内容规范的诉求,"领导您好,我是一名小学生家长。孩子暑假参加了学校课后服务,目前书面作业量符合规定,我们很感谢。但我们家庭条件一般,没有报校外学科班,一直希望孩子能睡眠充足、休息好。听同省家长反映过有的学校挤占音体美课程、设重点班,心里有些担心。孩子学校是重点校,我们怕暑期课后服务会变成变相补课或提前上新课,占用孩子休息时间。希望教育部门加强对暑期课后服务的监管,明确内容规范,不提前教学、不增加负担,让孩子假期能完成作业的同时,也有活动锻炼和休息时间。谢谢。"
7D3669A3341B0901767E9940E222DD18476082DAA92AC900868E7682B9FE371B,关于规范小学课后服务内容与自愿原则的诉求,"各位领导好。我家孩子是公办小学学生,这个月参加了学校提供的课后服务。按目前规定,学校课后服务原则上每天不少于两小时,而且应该自愿、内容多样。我们家庭经济条件一般,我文化水平也不高,但对孩子学习比较重视,希望他将来能上本科。孩子平时睡眠时间比较充足,我们也不想让他因为课后服务太累。现在孩子参加课后服务,我们一方面觉得有人照看、辅导是好事,另一方面也担心学校会不会借机变相补课,或者内容比较单一,只是写作业、讲卷子;还有自愿参加到底能不能真正做到,会不会有老师暗示或要求参加。之前也听周围家长说过,有些学校用音体美课时上主科、变相分重点班,所以我们希望领导能督促学校把课后服务真正办好,内容上多安排一些孩子们感兴趣的活动,不要增加负担,也把自愿原则落实到位。这样我们家长才放心。"
E2DF59803542370E8317313DD03ACB34F1A2727DB8410546D8BAAC7112E5C070,关于小学暑期课后服务内容规范的诉求,"领导您好,我是一名小学生家长。孩子暑假参加了学校课后服务,目前书面作业量符合规定,我们很感谢。但我们家庭条件一般,没有报校外学科班,一直希望孩子能睡眠充足、休息好。听同省家长反映过有的学校挤占音体美课程、设重点班,心里有些担心。孩子学校是重点校,我们怕暑期课后服务会变成变相补课或提前上新课,占用孩子休息时间。希望教育部门加强对暑期课后服务的监管,明确内容规范,不提前教学、不增加负担,让孩子假期能完成作业的同时,也有活动锻炼和休息时间。谢谢。"
3A6F9A2594C24B7AFBF5522B18398B772D531ABA9949C4A9E054ACF88D92574B,"希望加强学校课后服务监管,保障孩子全面发展","各位领导好。我家孩子上小学,就读的是公办学校,平时作业量基本符合规定,睡眠也比较充足,我们一直希望孩子能全面发展,将来能考上大学。我们没有给孩子报过校外学科班,所以比较依赖学校的课后服务。这个暑假孩子参加了学校的课后服务,但听一些家长说有的学校课后服务可能会变成变相补课或者只让学生做作业,我们很担心。希望上级能督促学校把课后服务时间真正用来开展体育、艺术、阅读、科普等多样活动,不要挤占孩子的休息和兴趣时间,更不要强制参加或额外收费。我们家庭经济条件一般,如果课后服务收费不合理,压力会很大。也请关注学校之间的资源差距,让普通家庭的孩子也能享受到高质量的校内服务。"
A4CD26DCCAFA0B066A5783CC302B3E50453C84BB1AC92E3358307C6FC609C2A8,关于保障乡村初中生开学后就近入学和班级人数的诉求,"领导好,我是中部农村的一名家长,孩子马上要升入初中下一学年。家里条件一般,父母都要上班,暑假就快结束,心里越来越不踏实。我听说过附近一些地方学校撤并,孩子上学远了,有的班人数太多,老师顾不过来。我们孩子所在的学校不是公办,资源条件让我担心。家里经济上没能力额外补课,只希望孩子在学校能有正常的班额和老师好好教。恳请领导关注乡村义务教育,新学期别让孩子因学校调整或班级人数过多影响学习,保障孩子就近入学,把师资和教室条件抓一抓,让农村孩子也能安心读书。"
C1EEDF428D02372A10233E936C7C2D48AEAFE5B4A35C48EB7F69BC3B12580902,关于乡村初中课后服务与作业管理的恳求,"领导您好,我是中部乡村一名初中生家长。孩子现在上初中,不是毕业班。我们夫妻俩都在工作,家里人口多,每天能顾上孩子学习的时间很少。目前孩子作业时间看着还在规定范围内,但听说新学期课后服务还不一定能跟上,作业统筹也可能落不实,我们很担心。乡村学校条件有限,老师少,如果课后服务只是看管不辅导作业,对孩子帮助不大。我们家长文化不高,辅导初中作业越来越吃力。孩子平时睡眠还算充足,可开学后作业一多又没人辅导,睡眠肯定受影响。听说附近有的地方出现过学校撤并、班级人数过多的情况,我们更怕乡村资源被压缩,课后服务的师资和经费没保障。恳请领导督促学校把课后服务和作业指导真正做起来,严格控制作业总量,让政策在乡村也能落地,别让我们这些家长干着急。"
47784FD2AADDA99AE3B57B8FB26B924D32D5282B0636FA6B64E361B104426E61,"开学在即,担心乡村非公办学校课后服务和作业负担","领导您好,我是一名初中生家长,家在乡村。孩子读初中非毕业年级,马上要开学了,有件事想向您反映。我们家庭条件一般,我和孩子爸爸都在外上班,白天顾不上孩子,家里老人也只能管吃住,辅导不了功课。我自己文化程度不高,初中题目很多已经不会了,孩子之前也没上过学科类补习班。这个月孩子书面作业时间基本符合教育部门规定的初中生每天平均不超过90分钟。但开学后课程多了,我们很担心作业量会突然加大,超过规定时间,影响孩子休息。另外,孩子这个月参加了学校课后服务,可我们听说有些乡村学校班额比较大,课后服务时老师顾不过来,孩子作业还是不会做。孩子读的学校不是公办性质,具体情况我们家长也不太清楚,只是希望领导能关注一下这类学校的课后服务质量,督促学校严格执行作业时间规定,让课后服务真正帮孩子解决学习困难,而不是走过场。请领导帮忙协调核实,谢谢。"
D54E70BA4F012EFE8E692EC4453DF16DB28CFBB7028DC9E5BEACE2B84524B568,关于提升乡村初中课后服务质量的诉求,"各位领导,我是中部地区一名农村初中学生的家长。这个月孩子的书面作业时间符合规定,也参加了学校课后服务。我们夫妻都在上班,家里人多,平时晚上很难抽出时间辅导孩子学习。眼下外面学科类培训少了,我们更盼着学校课后服务能真正帮孩子解决学习上的困难。但农村学校师资和资源有限,我们担心课后服务只是看管,缺少针对性的作业辅导和答疑。如果课后服务不能落到实处,孩子学习上的问题还是没人管,我们家长心里很着急。新学期马上开学了,恳请领导关注乡村初中课后服务的实际质量,督促学校加强作业指导和学科辅导,合理配置师资,让课后服务真正起到作用。谢谢。"
FF651383B503C9DFDABDF2AC4CE4EA09582BD4160B01D5684AF18207CB006F23,关于稳定乡村初中学校资源与课后服务的诉求,"我家孩子在乡里一所初中就读,我们夫妻都在上班,家里人口多,平时能顾上孩子学习的时间很少。这个暑假孩子参加了学校的课后服务,确实帮我们解决了看护和辅导的难题,目前作业量也符合规定。但我们很担心,这所学校不是公办性质,又处在乡村,资源一直比较紧张。以前也听说过周边有学校被撤并、孩子要跑很远上学的情况。眼看快开学了,我们怕学校一旦调整或者课后服务不能持续,孩子连就近读书都成问题。希望领导能关注乡村初中的稳定办学,督促相关部门保障学校基本资源和课后服务质量,让孩子能安心在家门口上学,作业和课后服务都能按规范落实。"
AEB77AA95590773741D4AA636D821450D21B9FB3007E6032D3289DDF553F329E,乡村学校课后服务保障诉求,"领导好。我家孩子在初中阶段,就读于乡村一所非公办学校。我们夫妻都在工作,家里人多,平时照看孩子时间很紧。这个暑假孩子参加了学校的课后服务,学校按政策说每天有120分钟,但我们心里还是不踏实。我们担心学校在乡村、又不是公办,师资和经费保障不如城里学校,课后服务容易变成单纯看管,内容不丰富,指导质量跟不上。我们也不清楚学校后续资源稳定不稳定,以前听说有乡村学校因为生源和资源问题被撤并,孩子们被迫到很远的地方上学,家长到处求助。我们不希望孩子也遇到这种情况。恳请领导关注乡村学校课后服务的实际运行,督促地方落实师资和经费保障,让课后服务真正有内容、有人管、有质量,同时保障学校稳定办学,让孩子能安安心心就近读完初中。谢谢。"
BF3E19A849303D2ED516B9FA1C48EF4A8490D4212C400BA7F60F1C6C840CD185,关于稳定乡村初中学校资源与课后服务的诉求,"我家孩子在乡里一所初中就读,我们夫妻都在上班,家里人口多,平时能顾上孩子学习的时间很少。这个暑假孩子参加了学校的课后服务,确实帮我们解决了看护和辅导的难题,目前作业量也符合规定。但我们很担心,这所学校不是公办性质,又处在乡村,资源一直比较紧张。以前也听说过周边有学校被撤并、孩子要跑很远上学的情况。眼看快开学了,我们怕学校一旦调整或者课后服务不能持续,孩子连就近读书都成问题。希望领导能关注乡村初中的稳定办学,督促相关部门保障学校基本资源和课后服务质量,让孩子能安心在家门口上学,作业和课后服务都能按规范落实。"
BEC64A9B8E7D222343F8F36F5885A383C202F17D64B6EDB19CFA08A698716EE9,关于乡村学校课后服务保障的请求,"领导您好,我是一名中部地区乡村初中学生的家长。我们两口子平时都要上班,家里时间很紧,经济条件也一般,照看孩子的人手不够。这个月孩子参加了学校的课后服务,我们确实感到方便,孩子能在学校写作业、参加活动。但我们很担心开学后这个服务能不能持续,质量有没有保障。我们之前没有给孩子报过学科类培训班,现在外面培训班也少了,我只有高中文化,很多初中内容辅导起来吃力,很希望学校课后服务能真正起到作业指导和素质拓展的作用。更担心乡村学校师资和经费跟不上,课后服务变成单纯看管,甚至被取消。希望政府能加强督促和保障,把课后服务的师资、经费、内容落实到位,让我们农村家庭也能享受到和城里差不多的课后服务,不让孩子因为家庭条件落下。"
A8EA9FEEA778F6FC8D052E4B69AE0A67D43862E872381681A0386EADB1086CC3,关于稳定乡村初中学校资源与课后服务的诉求,"我家孩子在乡里一所初中就读,我们夫妻都在上班,家里人口多,平时能顾上孩子学习的时间很少。这个暑假孩子参加了学校的课后服务,确实帮我们解决了看护和辅导的难题,目前作业量也符合规定。但我们很担心,这所学校不是公办性质,又处在乡村,资源一直比较紧张。以前也听说过周边有学校被撤并、孩子要跑很远上学的情况。眼看快开学了,我们怕学校一旦调整或者课后服务不能持续,孩子连就近读书都成问题。希望领导能关注乡村初中的稳定办学,督促相关部门保障学校基本资源和课后服务质量,让孩子能安心在家门口上学,作业和课后服务都能按规范落实。"
0B528DEE140C7E5011B60A91141E22AB10AAB4C34A76E4AA1A98FE90290F4F69,关于保障乡村初中课后服务实效缓解双职工家庭压力的建议,"我家孩子在农村读初中,我和另一半都要上班,家里人手紧,假期照看是个大难题。这个月孩子参加了学校课后服务,我们暂时松了口气,但心里还是不踏实。学校不是公办,我们担心这类学校在课后服务经费、师资保障上不如公办学校,开学后服务时间可能衔接不上家长下班,内容也可能比较单一。孩子以前没上过学科培训班,家里经济条件也有限,现在外面学科培训大幅减少,我们更希望学校课后服务能把作业辅导和文体活动安排好,让孩子在学校把该学的学扎实,而不是简单看管。请领导关注乡村非公办初中课后服务的实际运行,督促学校严格落实时间、内容和质量要求,并针对这类学校给予必要的经费和师资支持,避免因资源不足让政策打折扣,让我们这样的双职工家庭能安心工作、孩子安心学习。"
9D573D40A680D3A2257CD7788D18CBF6FB9B7D8E5BBFA5ADB9F1C5A97863D413,希望严查初中违规补课收费问题,"领导您好。我是一名初中学生家长,孩子在我们当地的公办重点初中就读。暑假里,我们听到一些学校存在违规组织补课并收费的情况,虽然我家孩子目前没有参加,但开学后学校会不会也这样,我们心里很担心。孩子平时作业时间基本符合规定,睡眠也够,我们不想他被额外补课占用休息时间,更不想被乱收费。恳请教育部门在开学前后加强检查,严禁学校以任何名义违规补课、收取费用,让孩子们能按照规定作息,有充足睡眠和自主学习空间。"
B75F194F8906EABCD213ACD3B978126FBC2A3C0C43A22DAA139B756D187889CC,希望规范学校课后服务防止变相收费,"领导好,我是一名初中生家长,家在西部地区,孩子就读公办重点初中。我们夫妻都在上班,平时管孩子学习的时间有限,也辅导不了太多。目前看孩子暑假书面作业量是符合规定的,睡得也够,这点我们比较放心。但马上要开学了,我们很关心学校课后服务到底怎么搞。以前我们这里有些学校存在补课收费现象,教育厅也明文规定不允许以任何名义收学生的钱,但仍有学校变着法子收。我们就怕学校把课后服务变成变相补课或者另外收钱,加重我们负担。希望领导能督促学校把课后服务真正落实好,内容多样一点,孩子自愿参加,时间上能接得上我们下班,同时不要乱收费。也请关注作业设计质量,别布置太多机械重复的题,让孩子能继续保持充足睡眠。谢谢。"
3B927C64E56104AA9E1F1D6035D98305D8C452A3D8291C352A3DC52583CF89AF,关于规范初中课后服务防止变相补课收费的诉求,"我是西部地区一名初中生家长,孩子就读公办重点学校,平时参加学校课后服务。本月孩子书面作业时间符合规定,睡眠也比较充足,我们很感谢。但作为家长,我心里还是有些担忧,因为听说同省一些学校存在借补课名义收费、重点班违规补课的情况,我担心自己孩子学校也会出现类似问题。我和孩子妈妈都在上班,课后服务确实解决了我们照护上的困难,我们希望学校能继续严格执行作业和收费规定,不要在课后服务时间里变相补课或增加收费,也不要因为追求成绩而挤占孩子休息时间。恳请领导关注学校规范办学情况,加强监督,让孩子们在课后服务中真正得到有益的辅导和活动,而不是变相增加负担。"
03ADEFB78177A1FDCBC4496830CB06FCBB4C3961D238059BCB4DE1EAF8CA6C20,关于规范学校课后服务避免变相补课收费的建议,"领导您好,我是西部某地一名初中学生家长。孩子就读公办重点初中,这学期开学后参加了学校课后服务。从家长观察和与其他家长交流来看,担心课后服务会变成变相集体补课,甚至出现收费现象。我们家庭经济条件还可以,但也不希望增加额外负担;更希望课后服务能真正提供作业辅导、兴趣活动等内容,而不是简单延长在校时间。了解到政策要求课后服务自愿参加、内容多样,并由地方保障经费,希望领导能督促学校严格落实,不搞变相强制和收费,同时保证服务质量,让孩子课后有更多自主安排和休息时间。"
80D64D51B8D75885FB43E339A931EE1B44E00F6BE08D4DEFED42559D34540038,关于规范初中学校暑期课后服务管理的建议,"我的孩子在公办初中读书,今年暑假参加了学校课后服务。我们家长文化不高,但很希望孩子能接受好的教育。最近听别的家长说,有的学校会借课后服务或补课名义收钱,我们担心学校也会出现这种情况。目前孩子作业量还符合规定,睡眠也够,我们不想增加额外负担。希望领导督促学校严格执行课后服务规定,明确服务内容,不能变相补课、强制参加或者收费,同时多关注班级人数和老师与学生的沟通,保障孩子身心健康和学习效果。"
5F531C0340FCC05197A584FCE0F76990306580A58B0F501AD837233467E6750D,关于暑假学校课后服务避免变相补课收费的诉求,"领导好,我是初中孩子的家长。孩子就读公办重点学校,离家近,这个暑假参加了学校课后服务,每周五天,每天两个多小时。我们支持课后服务,但以前听说有学校以补课名义收费、班级人数过多,所以担心课后服务会不会变成变相补课或刷题。希望领导督促学校:一是课后服务坚持自愿,不强制参加;二是内容多样,有体育、阅读、艺术活动,不能只讲新课或集体补课;三是不能以课后服务名义收取费用;四是继续控制书面作业时间,不要因为课后服务就增加作业,保证孩子睡眠和休息。我们家长文化不高,就希望孩子能全面发展,不要被变相加重负担。"
D7F891588A1BD17B41CF9932AC0726401279B1C0C98467E9EDC1CA5061B8FD94,关于规范初中学校暑期课后服务管理的建议,"我的孩子在公办初中读书,今年暑假参加了学校课后服务。我们家长文化不高,但很希望孩子能接受好的教育。最近听别的家长说,有的学校会借课后服务或补课名义收钱,我们担心学校也会出现这种情况。目前孩子作业量还符合规定,睡眠也够,我们不想增加额外负担。希望领导督促学校严格执行课后服务规定,明确服务内容,不能变相补课、强制参加或者收费,同时多关注班级人数和老师与学生的沟通,保障孩子身心健康和学习效果。"
6C6B8C874DD7AA7E7BD3A1AEE39BCE1E264FCF8C8473A81480D053B0FB5F54A6,请规范初中学校暑期课后服务收费与内容,"领导您好,我是西部一名初中非毕业年级学生的家长。孩子就读公办重点学校,离家近,平时通学时间短。暑假期间学校提供课后服务,孩子本月也在参加。我们夫妻都上班,家里照看孩子时间有限,学校有课后服务确实解决了部分困难。但我心里一直有顾虑:以前听说省内有些学校以补课名义向学生收费,教育部门也明确不允许。现在学校暑期课后服务每天时间不短,希望不要变成变相补课或收费。我家孩子以前没有参加校外学科培训,现在外面学科培训也明显减少,校内课后服务的内容和质量就更关键。希望领导督促学校把暑期课后服务的活动内容、时间安排和收费依据公开清楚,守住自愿原则,不要占用孩子过多休息时间,也不要额外增加家庭经济负担。谢谢。"
67EE53E795A02E0523DF651BEB11F7B3D15C112983EE7DA182B4336950043F42,关于规范初中学校暑期课后服务管理的建议,"我的孩子在公办初中读书,今年暑假参加了学校课后服务。我们家长文化不高,但很希望孩子能接受好的教育。最近听别的家长说,有的学校会借课后服务或补课名义收钱,我们担心学校也会出现这种情况。目前孩子作业量还符合规定,睡眠也够,我们不想增加额外负担。希望领导督促学校严格执行课后服务规定,明确服务内容,不能变相补课、强制参加或者收费,同时多关注班级人数和老师与学生的沟通,保障孩子身心健康和学习效果。"
F535018EA07BB3C34429E04599A33370BBC8D6DABFE62775CF31DEA9F5A06DF7,关于规范初中课后服务防止变相补课收费的诉求,"领导好,我家孩子在公办初中上学,今年暑假参加了学校课后服务。我们两口子文化程度不高,又都在上班,辅导孩子作业比较吃力。学校课后服务每天时间不短,我们最希望的是孩子能在学校把作业完成,有老师指导,也能参加一些兴趣活动,而不是简单看管或者变相补课。另外,听说同省有些学校借补课名义向学生收费,我们很担心学校课后服务也会出现类似情况,比如额外收费或者集体上新课。希望领导督促学校严格执行自愿原则,不额外收费、不集体补课,把课后服务内容安排好,让我们家长放心。也希望学校平时继续控制好书面作业量,保证孩子睡眠。"
99840464EF83386352E70C39B48A63947535A8C4415DF573D8B82A924A225625,乡村小学生暑假书面作业超时影响休息望监管,"领导好,我是中部地区一名乡村小学生的家长。现在放暑假,但孩子每天花在书面作业上的时间仍然超过了规定的一个小时,经常要写到很晚,正常的休息和户外活动都受影响。我们家庭条件一般,两口子都要上班,能陪孩子的时间有限,孩子自己在家做作业效率也不高,可我们更担心的是学校布置的作业量没有按照减负要求来。以前也听说过有的学校老师课上不讲重点、靠加作业和补课来提高成绩,我们很怕自己孩子也遇到这种情况。希望领导能督促学校严格落实作业管理要求,控制书面作业总量,让孩子假期真正得到休息和调整,别让减负停在纸面上。"
8042874410BF3F492CAD7515EDE9811C1E71973872B311729C396BE32C395A33,"希望督促学校落实作业管理规定,减轻孩子负担","领导您好,我是一名小学生的家长,家住在中部乡村,孩子就读公办学校,不是毕业年级。这个月虽然还在暑假,但我发现孩子的书面作业情况没有达到规定的要求,心里很着急。我们家庭条件一般,我和孩子妈妈都要工作,家里老人也不懂辅导,如果作业负担过重,孩子睡眠和身体都会受影响。以前就听说有些学校变相增加作业和补课,减负政策落实不到位,现在真担心孩子也遇到这样的情况。希望领导能重视乡村学校的作业管理问题,督促学校严格按照规定控制书面作业时长,提高作业质量,让孩子能有时间休息和锻炼。同时也希望学校能真正把课后服务做好,我们家长上班,下午接孩子不方便,如果学校课后服务能帮助孩子在校内完成一部分作业,那就更好了。谢谢领导。"
7B10F6BE1B947702466041BE745648B12EACA94AB765BDDF7BBACCF4FA9A8F04,关于乡村小学书面作业超时影响孩子休息的反映,"领导您好,我是一名乡村小学学生的家长。孩子现在读小学非毕业年级,学校是公办普通小学。这学期开学前后,我们发现孩子每天书面作业完成时间经常超过一个小时的规定,有时写到很晚,影响睡眠和第二天状态。我们家孩子多,父母都要上班,晚上能辅导的时间有限,心里很着急。孩子这个月没有参加学校课后服务,作业基本都带回家做,时间更难控制。我们理解老师抓学习,但希望领导能督促学校严格执行作业时长规定,合理控制书面作业量,别让孩子过早背上过重负担。乡村学校资源有限,也请多关注作业管理和课后服务,别让减负要求落空,让孩子能睡够、健康成长。"
6B449959E304B72D3FB3DD18190445540889C0CF415EE34F357746C01D0C7C75,乡村小学课后服务盼落实更盼提质,"我是村里一名小学生的家长。孩子目前没有参加学校的课后服务。我们夫妻白天都要上班,家里老人照看辅导精力也有限,放学后的这段时间一直让我们发愁。学校说课后服务是自愿参加,时间也能衔接上,但我们还是不太放心,主要是担心课后服务会变成变相补课,或者只是孩子坐在教室里继续写作业,这样一天在校时间太长,身体吃不消。另外,我们农村学校条件有限,怕没有真正丰富的活动,比如体育、阅读、兴趣小组等,最后变成看管和刷题。希望领导能督促学校把课后服务真正办好,加强师资和经费保障,让内容多样、不加重负担,也请一并关注作业设计的质量,减少机械重复。"
39F54FF82EC304C56D1D1168E0C8061C5E7AE6C4AF541CD0788C67FE7FBA1431,关于暑假作业负担和乡村教学质量的诉求,"领导您好,我是中部大区一名乡村小学生的家长。暑假期间,我注意到孩子的书面作业情况可能不符合当前年级的时长规范,我们有些担心。家里经济条件一般,我和爱人都要上班,孩子由老人照看,暑假里没有太多时间辅导,如果作业量过大,孩子会很吃力,也怕影响休息和接下来的学习状态。我们这里学校不是重点校,一直担心教学质量,也听说过有的地方老师上课不讲重点、靠课后补课赚钱,很怕自己孩子遇到类似情况。希望领导能关注乡村学校的教学和作业管理,核实我们孩子的作业情况,督促学校合理安排暑假作业,真正落实减负要求,也能提高课堂质量,让孩子在学校就能学好,不用额外花钱补课。"
49CB9F23682F9A4D23F8A3E805D95BDECD84BD3D9CF67BA0C68799B78485219B,关于乡村小学课后服务落实和质量的担忧与请求,"我是中部地区一名乡村小学生的家长,孩子就读公办小学,离家比较近。我们夫妻双方都要上班,家里老人也多,平时接送和辅导作业确实有些吃力。现在暑假快结束了,新学期我们想让孩子参加学校的课后服务,按照政策学校应该每周提供5天、每天至少120分钟的课后服务,但我心里一直不踏实。孩子这个月没有参加课后服务,之前也不太了解,另一方面也担心乡村学校师资有限,课后服务可能只是简单看管,不能真正辅导孩子作业。以前也看到过一些地方减负不落实、老师上课不讲重点课后补课的情况,怕课后服务最后变成变相补课或者流于形式。希望领导能督促教育部门重视乡村小学的课后服务保障,确保开学后师资和经费到位,课后服务能真正解决我们双职工家庭的照护难题,让孩子在学校把作业完成一部分,回家能早点休息,同时不要增加孩子负担。我们家长就盼着孩子能健健康康地学习成长,谢谢领导。"
A596B3487FF2FCBDAEF2F0DE1E5BFF9AB7E335B8AEE6D15556182BAF5AC6F834,关于暑假作业负担和乡村教学质量的诉求,"领导您好,我是中部大区一名乡村小学生的家长。暑假期间,我注意到孩子的书面作业情况可能不符合当前年级的时长规范,我们有些担心。家里经济条件一般,我和爱人都要上班,孩子由老人照看,暑假里没有太多时间辅导,如果作业量过大,孩子会很吃力,也怕影响休息和接下来的学习状态。我们这里学校不是重点校,一直担心教学质量,也听说过有的地方老师上课不讲重点、靠课后补课赚钱,很怕自己孩子遇到类似情况。希望领导能关注乡村学校的教学和作业管理,核实我们孩子的作业情况,督促学校合理安排暑假作业,真正落实减负要求,也能提高课堂质量,让孩子在学校就能学好,不用额外花钱补课。"
021243C50E252CFEA4FF22A7EAE470BE16282E5B0509E83C20A17596A5F7F058,恳请加强农村小学课后服务与教学质量监管,"领导您好,我是中部农村一名小学生的家长。我们家庭经济条件一般,父母双方都在工作,平时陪伴孩子学习的时间有限。孩子目前上小学,这个月没有参加学校课后服务。我们很担心乡村学校因为师资和经费不足,课后服务实际开展质量不高、内容单一,无法真正帮助孩子巩固学业、发展兴趣。现在校外学科培训管得严,我们这样的家庭也无力承担高价辅导,更加希望学校能把课后服务做好。同时,我们也担心课堂教学质量,希望老师能在课内讲透,不要出现课内不讲课后讲的情况。恳请领导关注农村学校课后服务和教学质量的落实,加强督导和资源保障,让每个孩子都能公平享受到优质教育。"
A11B52C76D59F249C3838C5DB9827AE85B71E177CB5635E455159FDB121591DD,关于暑假作业负担和乡村教学质量的诉求,"领导您好,我是中部大区一名乡村小学生的家长。暑假期间,我注意到孩子的书面作业情况可能不符合当前年级的时长规范,我们有些担心。家里经济条件一般,我和爱人都要上班,孩子由老人照看,暑假里没有太多时间辅导,如果作业量过大,孩子会很吃力,也怕影响休息和接下来的学习状态。我们这里学校不是重点校,一直担心教学质量,也听说过有的地方老师上课不讲重点、靠课后补课赚钱,很怕自己孩子遇到类似情况。希望领导能关注乡村学校的教学和作业管理,核实我们孩子的作业情况,督促学校合理安排暑假作业,真正落实减负要求,也能提高课堂质量,让孩子在学校就能学好,不用额外花钱补课。"
9E74A314E00E25A27806D091B34A16A753BC7ECF9CC7BCEB636CA5EE71611225,关于农村小学减负后教学质量与课后服务保障的担忧,"领导好。我是中部农村一名小学生家长,孩子开学上小学,不属于毕业衔接年级。我们夫妻都要上班,老人帮衬有限,经济条件一般,但很希望孩子将来能读博士、有出息。现在国家要求减少书面作业、规范校外培训,我们很支持,孩子目前也没有参加过学科类校外培训。但作为农村公办非重点学校家长,我们更担心开学后:作业减了,老师课上能否讲透?课后服务每天120分钟能不能真有人指导,而不是简单看管?校外学科培训少了,城里家庭可能有其他资源,我们农村普通家庭补不起,只能靠学校。最近也听到同省一些地方反映老师上课不讲重点、变相补课,或者规划的好学校迟迟建不起来。我们不希望这些发生在自己孩子身上。恳请领导督促教育部门和学校在新学期把课堂质量抓起来,把课后服务做实,向农村学校倾斜师资和经费,让减负不降质量,让农村孩子也有公平机会。"
92937FEBFAB7EBF4C2B0784DB68F62247C9714DA0DDF199EF068A5044600F556,关于小学生暑假书面作业时长问题的反映,"我们是东部城镇的一名小学生家长,孩子就读公办小学,开学后升入非衔接年级。家里是双职工,平时工作忙,但一直关心孩子学习。暑假期间,我们注意到孩子这个月的书面作业情况似乎不太符合当前年级规定的60分钟完成时间,经常要花更长时间才能做完,这让我们有些焦虑。孩子以前睡眠一直比较充足,我们也很重视他的身体发育,担心作业时间过长会挤占休息和锻炼,影响第二天的精神状态。我们不是要学校不布置作业,而是希望作业能够更科学、适量。我们家虽然能提供一定的学习支持,但家长时间有限,辅导起来也吃力。另外,现在校外学科培训市场基本稳定,如果校内作业负担过重,家长更容易产生焦虑。恳请相关部门关注一下学校作业管理,核查是否存在作业超量或设计不合理的情况,并督促学校严格落实作业时间规范,保障孩子健康成长。"
F39D7AF52714C805D9A31FE7D20CC894A43C36A43A4E5A8212445E4A6EDF03D5,关于孩子书面作业时长管理与课后服务保障的留言,"各位领导好,我是东部城镇一名小学生家长,孩子正读小学非升学年级,目前处于暑假。近期我们观察到,孩子本月的书面作业情况未符合当前年级已有的“书面家庭作业平均完成时间不超过60分钟”规定,作为家长确实很焦虑。制度已经要求学校统筹作业总量、时长与设计质量,并加强校内作业指导,我们希望相关部门能核查并协调处理,督促学校严格遵照执行,防止新学期书面作业负担继续加重,影响孩子原本较充足的睡眠和健康。另外,我和孩子爸爸都在上班,家庭时间安排有一定压力,孩子之前没有过多依赖校外学科培训,因此学校课后服务能否自愿参加、时间衔接、内容多样,对我们尤为重要,希望孩子能在校内完成部分作业。目前课后服务刚实施,我们还不了解具体安排,恳请领导关注保障落实,让双职工家庭安心。"
C20B18D9C6243CDD5F13A514F13205AD6E2ECDB6BEEC46E6759844F0C418619F,关于规范小学书面作业时长的反映,"领导您好,我是本地一名小学生家长,孩子就读公办小学,目前不在毕业年级。本月寒假结束开学过渡期间,我们对照规定发现孩子书面作业完成时间超过了平均不超过60分钟的要求。我们家经济条件还可以,家长双方都在工作,日常也会尽量辅导,但孩子参加了学校课后服务后,回家仍要花不少时间在书面作业上,同时还在上学科类校外培训,整体负担比较重。我们不是反对必要的学习任务,只是担心作业时长超标会影响孩子休息和运动,长期对身心发育不利。希望有关部门能调查了解学校作业布置情况,督促学校按规范控制书面作业总量,让孩子有更合理的作息。"
F12EEF8ECB0E02EF74733A61CEE73F3815C9F05539D5B7425619E05590E8F5A4,关于提升课后服务学业辅导质量、平稳过渡校外培训的建议,"领导您好!我是一名小学生家长,孩子就读非毕业年级。作为双职工家庭,家中老人同住,孩子放学后和假期看管一直是个难题。这个寒假,我们明显感到校外学科类培训选择变少,虽然孩子仍在参加部分培训,但心里不踏实,担心后续供给不稳定、质量无保障。目前孩子参加了学校课后服务,听说政策要求学校每天提供不少于2小时服务,但具体内容和质量我们还不清楚。希望新学期开学后,学校课后服务能在学业辅导上做得更扎实:不仅让孩子完成作业,还能获得学习方法指导和基础巩固,真正实现校内学足学好。孩子目前书面作业基本能在规定时间内完成,睡眠也比较充足,我们不愿通过增加作业量或课外加码来提成绩。恳请教育部门督促学校优化课后服务内容,加强作业校内指导,让有需要的家庭减少对校外培训的依赖。同时,对于仍选择校外培训的家庭,希望规范管理平稳有序,避免市场波动带来新焦虑。谢谢!"
CD8984FAE1D7393122F53631F76A1D9CCEE0DA0A99316160199AE1C0EDE85181,关于减轻小学生作业负担和规范课后服务的诉求,"尊敬的领导:我是本地一名小学生家长,家住城镇,家庭条件尚可,但夫妻二人均需工作,家中老人同住,照看精力有限。孩子目前就读公办小学,虽不是重点学校,但通学方便。最近发现孩子书面作业完成时间似乎超过了规定的一小时,孩子睡眠时间受到影响,我们非常焦虑。孩子这个暑假参加了学校课后服务,同时也在继续上校外学科培训,收费和以前差不多,家庭经济压力没有减轻。我们希望学校能严格落实作业管理规定,合理布置作业,也希望相关部门能加强对课后服务和校外培训的统筹监管,避免孩子负担过重。谢谢。"
2A3926F02E136EB259BBB581493F3E011A3170F2DED88DE938137D8BFDEBDCBB,关于课后服务与校外培训衔接问题的诉求,"尊敬的领导:您好!我是本地区一名小学生的家长。孩子就读公办小学,我们夫妻双方都在职,平时工作较忙。暑假期间孩子参加了学校提供的课后服务,但作为家长还是有些担忧。课后服务时间虽然有了保证,但内容上能否真正满足孩子的学习需求,尤其是作业指导和兴趣拓展,我们心里没底。另一方面,现在校外学科培训市场收缩,我们家庭虽然还在参加培训,费用也确实下降了,但培训机构的稳定性和教学质量让我们放心不下。我们担心如果课后服务不够扎实,培训市场又不稳定,孩子学业会受影响。希望领导能关注课后服务的实际质量,加强师资和内容建设,同时规范校外培训,保障家长和孩子的权益,让双职工家庭能够安心工作。"
6061D2DAC404309AA311995751236B333E7ABCFEC0769AEAA1DE70A1225F2F69,关于减轻小学生作业负担和规范课后服务的诉求,"尊敬的领导:我是本地一名小学生家长,家住城镇,家庭条件尚可,但夫妻二人均需工作,家中老人同住,照看精力有限。孩子目前就读公办小学,虽不是重点学校,但通学方便。最近发现孩子书面作业完成时间似乎超过了规定的一小时,孩子睡眠时间受到影响,我们非常焦虑。孩子这个暑假参加了学校课后服务,同时也在继续上校外学科培训,收费和以前差不多,家庭经济压力没有减轻。我们希望学校能严格落实作业管理规定,合理布置作业,也希望相关部门能加强对课后服务和校外培训的统筹监管,避免孩子负担过重。谢谢。"
E1B5A1F1C02A2B493380FD41396D9C5E76F24F6BCA64A5A3BDB1D6E01CD8B0D8,关于提升学校课后服务实效、减少家长校外培训负担的建议,"我们夫妻都在上班,孩子现在上小学,学校离得近,平时一直参加课后服务,解决了我们接送难的问题。这个月暑假,学校也提供了类似安排,孩子继续参加。但实际感受是课后服务偏重看护,作业辅导和兴趣拓展不够系统,孩子回家后我们还得另外安排学科培训。现在校外培训规范了,收费确实降了,但合规的机构和老师也不好找,我们不敢轻易停掉,担心孩子学习落下。希望领导能推动学校提升课后服务质量,加强作业答疑和素质拓展,让课后服务不只是托管,而是真正能帮助孩子进步,这样我们家长也能少些焦虑,少花冤枉钱。"
2FBC62EFD2A7B121404AF4D9BECE8D90FA34C37E941E20159148A2CADE6B4A1F,关于减轻小学生作业负担和规范课后服务的诉求,"尊敬的领导:我是本地一名小学生家长,家住城镇,家庭条件尚可,但夫妻二人均需工作,家中老人同住,照看精力有限。孩子目前就读公办小学,虽不是重点学校,但通学方便。最近发现孩子书面作业完成时间似乎超过了规定的一小时,孩子睡眠时间受到影响,我们非常焦虑。孩子这个暑假参加了学校课后服务,同时也在继续上校外学科培训,收费和以前差不多,家庭经济压力没有减轻。我们希望学校能严格落实作业管理规定,合理布置作业,也希望相关部门能加强对课后服务和校外培训的统筹监管,避免孩子负担过重。谢谢。"
248AF3E52B6312E80859555FB32E73E6F743D0644323B23681873EBFEE71BE9F,关于提升学校课后服务学科辅导质量的建议,"领导好。我家孩子现在上小学,学校是公办非重点,离家近。暑假里孩子参加了学校的课后服务,也还在参加一个学科类校外培训。现在校外培训管理严格了,费用虽然降了一些,但我们心里不踏实,担心以后合适的辅导资源变少。学校的课后服务时间是有保证的,但我们希望内容上能更扎实,特别是作业辅导和学科指导,而不只是看管。我们夫妻都上班,家里老人多,辅导精力有限。孩子睡眠一直不错,我们也不想过度加码,只希望课后服务能把学习问题在校内解决,减少对校外培训的依赖。恳请领导关注学校课后服务的实效,加强作业指导和学科辅导,同时对确实有需求的家庭在规范培训方面给予合理引导和支持。"
AEC3D0EE99BBA917A00868DB79A481C653D4F9DCD0FC80F3FC4799B1B70F693B,关于农村孩子暑假书面作业负担的担忧,"领导您好,我是村里一名小学生的家长。孩子下学年就要升入新的年级了,这个暑假我们发现孩子每天写书面作业的时间比较长,经常晚上还在写,我们文化不高也辅导不了,看着孩子累心里着急。听说现在对小学生书面作业时间有明确规定,平均不超过一小时,但我们感觉孩子实际用时超出了不少。我们农村家庭条件一般,父母都要干活,家里孩子多,照看不过来,也没钱给孩子报辅导班,只能靠孩子自己。希望领导能关心一下农村学校的作业安排,督促学校合理布置暑假作业,让孩子有足够休息和活动时间,也能帮我们家长减轻一些压力。"
D2FB86C9508621A4DECF5E19AF28B997E04DD458E7E5089F3A0ED3B0FC298EAC,农村小学升学衔接年级暑假作业超时盼统筹课后服务,"领导好。我家孩子在乡镇公办小学读升学衔接年级,这个暑假的书面作业,我们看着明显超过了规定的一小时时长,孩子每天要花很长时间在写作业上,白天基本被作业占满,虽然晚上睡眠还够,但这样下去身体和兴趣都受影响。我们两口子文化不高,又都要打工,家里人多但能辅导孩子的少,看着孩子写不完干着急。我们经济条件一般,也没法送去校外补课,只能依靠学校。希望领导能督促学校真正把作业总量、时长和质量统筹起来,别把压力都留在假期和家里;开学后也能把课后服务落实到位,让孩子在学校把作业写完,尤其像我们这样的乡村非重点学校,本来就缺老师,我们很担心政策到不了我们这儿。恳请领导关心过问,谢谢。"
F055ADA88F5A3E417D64E996729CB8BBABFC7E25D520CD81F329743831E01B0C,关于规范小学作业时长、减轻农村学生负担的请求,"我家孩子在农村公办小学上六年级,马上要升初中了。家里条件一般,父母都上班,老人也帮不上忙,孩子以前没上过校外辅导班。最近听说这个年级的书面家庭作业平均完成时间按规定不应超过60分钟,但孩子这个月的作业情况不符合这个要求。具体作业量我们说不准,可一想到开学后如果作业还是过多,我们文化不高,辅导不了,孩子也没参加学校课后服务,真担心他压力太大,影响休息和成长。恳请领导关注农村学校作业布置是否规范,督促学校严格执行时长规定,并适当提供课后辅导,让孩子能学得踏实。"
43D64BDC28D52814D3F6FA381FCFF0287B90A5FD2BE7740880D469C8F49BD089,关于乡村小学课后服务与升学衔接的诉求,"领导好。我家在乡村,孩子今年是小学升学衔接年级,家里经济条件一般,我和孩子爸爸都打工,文化不高,辅导不了孩子学习。从上学期开始,学校开展了课后服务,孩子每天也参加了,但说实话,我们不太清楚这两个小时到底在做什么。有时候问孩子,就说在教室写作业或者自己看书,老师就是看着,没有怎么辅导。我们担心这样下去,孩子成绩提不上去,明年上初中更跟不上。我们村里学校本来老师就紧张,听说有的副科都是别的老师代,体育课也没怎么上。现在作业是少了,但孩子放学回来写完作业就没事了,我们又不会教,只能靠学校。希望领导能关心一下乡村学校的课后服务,不要只是看管,能不能安排老师给孩子们辅导功课,或者开展一些兴趣活动,让孩子真能学到东西。孩子马上要升初中了,我们怕基础打不好,以后更学不走。谢谢领导。"
918401093CB58773E38474556484B4A8C59104B6A6881252339944C2E44723B5,关于农村升学衔接年级暑假作业负担的反映,"我家在农村,孩子今年正处于小学升初中的衔接年级。最近这个月,我们发现孩子的书面作业情况不符合当前年级规定的一小时时长,心里有些着急。我们夫妻白天都在外忙,家里老人文化不高,很难辅导孩子,孩子也没有参加过校外辅导班。暑假里作业一多,晚上有时也要赶,怕影响休息。我们更担心的是,开学后如果还是这样,孩子进入初中会更吃力。我们这一带乡镇学校一个班人数不少,听说有的副科由主科老师代上,老师精力有限,可能顾不上每个孩子作业量的调整。希望领导能督促学校严格落实作业时长规定,特别关注农村升学衔接年级,并适当改善乡镇学校的师资和班额,让孩子能平稳过渡。"
29F3703C34102E42471E2093E7C15F54AA0A8AA784B74A57B1A2DE056C19B92E,关于乡村小学课后服务质量的诉求,"领导您好,我是中部乡村一名小学生家长,孩子在村里公办小学上学,开学就升入关键年级。家里经济条件一般,我们两口子都在上班,平时很难顾上孩子学习。这个学期孩子参加了学校课后服务,政策要求每天至少两小时,内容多样,但我们家长了解到的只是孩子被集中看管写作业,没听说有什么兴趣活动或学业辅导。我们这样的家庭以前也没钱送孩子上培训班,现在课外补习减少了,更指望学校课后服务能补上。可乡村学校师资有限,担心缺少音体美专业老师,课后服务怕是难有实质内容。孩子正处在升学衔接阶段,学习习惯和知识基础很重要,我们很担心课后服务流于形式,孩子白白浪费时间,和城里孩子差距越来越大。恳请领导关注乡村学校课后服务的落实质量,督促学校丰富内容,安排专业老师或引入社会资源,特别是对升学衔接年级加强学业辅导和心理适应指导,让我们农村孩子也能享受到真正有质量的教育。"
6C25BECB74E0796D806628B28F2C8F94DFF017605DAC4D121D42DDB065EF8D20,关于农村升学衔接年级暑假作业负担的反映,"我家在农村,孩子今年正处于小学升初中的衔接年级。最近这个月,我们发现孩子的书面作业情况不符合当前年级规定的一小时时长,心里有些着急。我们夫妻白天都在外忙,家里老人文化不高,很难辅导孩子,孩子也没有参加过校外辅导班。暑假里作业一多,晚上有时也要赶,怕影响休息。我们更担心的是,开学后如果还是这样,孩子进入初中会更吃力。我们这一带乡镇学校一个班人数不少,听说有的副科由主科老师代上,老师精力有限,可能顾不上每个孩子作业量的调整。希望领导能督促学校严格落实作业时长规定,特别关注农村升学衔接年级,并适当改善乡镇学校的师资和班额,让孩子能平稳过渡。"
C3C8CE9B52C734D7A38193514B6FDEF00BF27722570CCF235C7A3467F44BAEE4,"乡村小学课后服务盼提质,别让孩子“熬时间”","领导好。我家孩子在农村公办小学读升学衔接年级,我和爱人都在工作,文化程度不高,家里能辅导作业的人少。孩子参加了学校课后服务,但不知道这两个小时具体在做什么。孩子马上要升入高年级,学习难度加大,我们很担心课后服务只是让孩子干坐着写作业,没有老师讲题和拓展活动。以前听说过有的农村学校没有专职音体美老师,由数学老师代课,乒乓球课没打过球、足球课没踢球,也怕我们这里出现类似情况。现在校外学科培训很难找,我们家庭经济也一般,上不起贵的补习班,更希望学校课后服务能实实在在帮助孩子。请领导关心一下乡村学校课后服务的师资和内容,督促学校安排专职老师,增加作业辅导和阅读、体育、科学等活动,别让课后服务变成“熬时间”。同时能否查一查学校是否存在大班额、课程被占用的问题,让农村孩子也能接受全面教育。"
0F62D755C9979669F41DE9EED74FFCDA14567A3E5CAC457AAE5A60B212D2FF3C,关于农村升学衔接年级暑假作业负担的反映,"我家在农村,孩子今年正处于小学升初中的衔接年级。最近这个月,我们发现孩子的书面作业情况不符合当前年级规定的一小时时长,心里有些着急。我们夫妻白天都在外忙,家里老人文化不高,很难辅导孩子,孩子也没有参加过校外辅导班。暑假里作业一多,晚上有时也要赶,怕影响休息。我们更担心的是,开学后如果还是这样,孩子进入初中会更吃力。我们这一带乡镇学校一个班人数不少,听说有的副科由主科老师代上,老师精力有限,可能顾不上每个孩子作业量的调整。希望领导能督促学校严格落实作业时长规定,特别关注农村升学衔接年级,并适当改善乡镇学校的师资和班额,让孩子能平稳过渡。"
E7CD78799A01791ED97AAAAD05791DFD8960008C7C50488EC81834875F94B513,关于乡村小学课后服务质量的担忧与请求,"我家孩子在村里公办小学上六年级,马上要升初中,这个月参加了学校的课后服务。我们两口子白天都要上班,家里老人只能照看生活,学习上帮不上忙。学校条件一般,老师也不多,我担心课后服务只是把孩子们集中在一起看管,作业辅导和兴趣活动跟不上。孩子基础不算差,我们希望他能把底子打好,将来考上大学。恳请领导关心一下乡村学校的课后服务,在师资和内容上多支持,比如安排老师辅导作业、开展阅读和体育活动,别让课后服务流于形式。"
FF2538C1B576DA5808B38DCEDAB73A6FE73DEB69E92215BAD5D2099645C5B092,关于规范小学升学衔接年级暑假作业时长的请求,"领导您好,我是一名小学生家长,孩子正处于升学衔接年级。近期发现孩子书面作业完成时间明显超出规定时长,作为家长十分忧心。孩子睡眠一直比较充足,可现在因为作业挤占休息,担心影响身心健康。我们夫妻都要上班,平时时间紧张,很难全程盯着孩子写作业。希望教育部门能关注此类现象,核实学校是否存在违规布置作业的情况,督促学校严格落实减负要求,保障孩子充足睡眠和休息,让孩子能健康度过暑假,顺利迎接新学期。"
8344CF0E17867057E94CE2042F6D3907236D8A0AB0145BEEDE7A9347E034497B,关于小学高年级书面作业时长与课后服务衔接的诉求,"领导您好。我是小学高年级学生家长。这个暑假我们观察到孩子的书面作业完成时间没有达到规定的“平均不超过60分钟”要求,虽然不清楚具体是校内作业还是校外练习过多,但作为家长很焦虑。我们夫妻都在上班,晚上能陪孩子的时间很少,孩子睡眠时间一直比较足,不希望因为作业超时影响休息。新学期孩子面临升学衔接,我们希望学校能在作业统筹上真正按上限执行,不要布置重复机械性作业;同时把课后服务时间利用好,尽量让孩子在校内完成当天书面作业,回家有更多自主阅读和锻炼时间。也请上级部门关注课后服务质量和教师负担,避免课后服务变成变相补课或加重学生负担。谢谢。"
E548837C8FC12E2944A9763B043B408F3C60D7A8333572E8E0DD16B9F9648E1A,关于小学高年级作业负担与课后服务的请求,"领导您好。我是小学升学衔接年级孩子的家长,我们夫妻都要上班,晚上陪伴孩子的时间很有限。最近发现孩子这个月的书面家庭作业情况不符合当前年级规定的时长上限,虽然没有精确计时,但明显感到孩子回家后花在作业上的时间偏长,我们文化程度不高,辅导起来很吃力,也担心影响孩子睡眠和第二天状态。孩子参加了学校的课后服务,我们希望学校能充分利用课后服务时间,指导孩子完成大部分书面作业,不要把任务都压到家里。同时,我们也不希望课后服务变成变相补课或增加额外负担,而是真正用于作业辅导和兴趣拓展。请领导督促学校严格落实作业管理要求,让课后服务真正帮我们这样的双职工家庭减负,也让孩子在升学衔接阶段能平稳过渡。谢谢。"
FFD4E9F288B91EAA0E52F11BAF8BA93C5F46829CE8E9C4C15FEC1B3F1B36B748,希望加强小学升学衔接年级课后服务学习指导,"领导您好,我是小学升学衔接年级学生的家长。我们夫妻两人都要上班,每天下班比较晚,自己文化水平也不高,辅导孩子学习很吃力。目前孩子参加了学校的课后服务,作业时间也基本合适,但我们对课后服务能不能真正帮助孩子提高学习效果心里没底。孩子很快就要面临小升初,学习难度加大,我们希望学校课后服务不要只是看着孩子写作业,而是能安排老师有针对性地讲解和巩固知识,帮孩子把基础打牢。现在校外的学科培训明显减少,像我们这样的家庭更依赖学校。恳请政府督促学校提升课后服务质量,尤其对即将升学的孩子多些学业上的帮助,让家长安心工作。谢谢。"
480EE29A71B6D8F66ACF41E888DFE6C42E288D6EED71FBD13B8BD017D3F2FD4A,关于小学升学衔接年级暑假书面作业超时问题的反映,"领导您好。我是中部地区一名小学升学衔接年级学生的家长。孩子这个暑假参加了学校课后服务,但我们感觉近期书面作业时间明显偏长,常常超过规定的一小时,孩子最近也显得有些疲惫。我们夫妻都在上班,文化程度不高,辅导作业很吃力,希望孩子能顺利过渡到新学段,将来考上大学。现在最担心的是作业量偏大,挤占休息和睡眠时间,还可能让孩子对学习产生抵触。恳请教育部门关注小学升学衔接阶段的作业管理,督促学校严格执行书面作业不超过60分钟的规定,合理安排暑假作业和课后服务内容,不要把课后服务变成变相加重负担。另外,也希望加强对校外学科培训的监管,防止出现个别老师校内不教、校外补课的情况,让我们家长能安心工作。"
388CA66CCDDFAF232614ABEC9CDA227025EBE96B46268AA7C4A2726A915CBB7D,关于丰富暑假课后服务内容帮助双职工家庭做好升学衔接的建议,"领导你好,我是一名小学升学衔接年级学生的家长。我们夫妻俩都在上班,暑假孩子没人看管,学校有课后服务就让孩子参加了。目前孩子的书面作业量符合规定,我们很感谢。但实际参加下来,感觉课后服务更多是看管性质,内容比较单一,对孩子即将进入新学段的适应和衔接帮助有限。我们家长文化程度不高,辅导不了功课,外面学科类培训又明显减少,想找合适的衔接辅导很难。希望政府能督促学校利用暑假课后服务时间,针对升学衔接年级安排一些学习方法指导、阅读习惯培养、心理适应等活动,丰富内容,并明确开放时间和相关安排,让我们这类时间紧、辅导能力不足的家庭能安心工作,孩子也能平稳过渡。"
F55C03C6FA422E0F25E0D915B0CC636EBA3E1400C90A6105480E3C9D1AFF9A26,关于小学升学衔接年级暑假书面作业超时问题的反映,"领导您好。我是中部地区一名小学升学衔接年级学生的家长。孩子这个暑假参加了学校课后服务,但我们感觉近期书面作业时间明显偏长,常常超过规定的一小时,孩子最近也显得有些疲惫。我们夫妻都在上班,文化程度不高,辅导作业很吃力,希望孩子能顺利过渡到新学段,将来考上大学。现在最担心的是作业量偏大,挤占休息和睡眠时间,还可能让孩子对学习产生抵触。恳请教育部门关注小学升学衔接阶段的作业管理,督促学校严格执行书面作业不超过60分钟的规定,合理安排暑假作业和课后服务内容,不要把课后服务变成变相加重负担。另外,也希望加强对校外学科培训的监管,防止出现个别老师校内不教、校外补课的情况,让我们家长能安心工作。"
422D2131C30782FE8EBC55FDC646DFA6D44C5E71D318F11FD5B232A9E8B161C1,建议加强小学升学衔接年级课后服务辅导,"领导您好!我是一名小学生家长,孩子下学期就要进入升学衔接年级。我们夫妻都在上班,家里时间很紧,文化程度也不高,辅导孩子功课很吃力。现在校外学科类培训少了,我们既支持减轻负担,又担心孩子基础不牢,特别是衔接阶段跟不上。孩子目前参加了学校课后服务,但希望服务内容不只是看管,能多一些作业辅导和学科巩固,帮助孩子顺利过渡。恳请领导关注学校课后服务的质量,让老师加强指导,切实解决我们双职工家庭的后顾之忧。"
B8B28FB6E0FEAA36D433EFC74CBBD7A8B9491A6716707857D886F7A3E4AB889E,关于小学升学衔接年级暑假书面作业超时问题的反映,"领导您好。我是中部地区一名小学升学衔接年级学生的家长。孩子这个暑假参加了学校课后服务,但我们感觉近期书面作业时间明显偏长,常常超过规定的一小时,孩子最近也显得有些疲惫。我们夫妻都在上班,文化程度不高,辅导作业很吃力,希望孩子能顺利过渡到新学段,将来考上大学。现在最担心的是作业量偏大,挤占休息和睡眠时间,还可能让孩子对学习产生抵触。恳请教育部门关注小学升学衔接阶段的作业管理,督促学校严格执行书面作业不超过60分钟的规定,合理安排暑假作业和课后服务内容,不要把课后服务变成变相加重负担。另外,也希望加强对校外学科培训的监管,防止出现个别老师校内不教、校外补课的情况,让我们家长能安心工作。"
3A372F2F7D33D824C8384C45AE4CA4340EC2D7E3AAFA156DE8AEF029864634D2,关于丰富学校课后服务内容、减轻双职工家庭负担的建议,"领导您好。我是一名小学生的家长,孩子处于升学衔接年级。我们夫妻都要上班,暑假期间孩子参加了学校的课后服务,解决了我们白天无人照看的大问题,非常感谢。但我们也有一个顾虑:课后服务目前更多是提供看护,内容可能比较单一,尤其对即将升学的孩子,缺少一些有针对性的学习习惯、阅读和体育锻炼方面的引导。希望教育部门能指导学校在暑假和开学后进一步丰富课后服务内容,加强作业辅导和兴趣活动,同时严格监管,防止课后服务变成变相补课或乱收费,让我们家长能安心工作,孩子也能真正受益。"
C00D00B99EF11FCA6E39D3003DF9729AB2476B2D72C6E7EE1EB8501D194AA48B,希望关注小学暑假书面作业问题,"领导您好,我是一名小学生家长。孩子就读公办小学,按当前年级规定,原则上不应布置书面家庭作业,但这个月孩子的书面作业情况与规定不太相符。我们家庭条件一般,家长文化程度不高,辅导书面作业很吃力。暑假本应让孩子多休息、多锻炼,可现在孩子要花不少时间写作业,我们担心这样下去会挤占睡眠和户外活动时间。希望领导能督促学校严格落实不布置书面家庭作业的规定,暑假期间不要安排书面任务,可以多建议一些阅读、劳动、体育锻炼等实践性活动,让孩子过一个轻松的假期,也减轻我们家长的负担。"
748C6ABE8679184151886BDAD5BF498830B4CFE0066DC8885EBCF15BDEB661F3,关于减轻小学生作业负担和完善课后服务的建议,"领导您好,我是东部地区一名小学生的家长。孩子就读公办小学,不是毕业班。按照这个年级的要求,原则上不应该布置书面家庭作业,但最近发现孩子有书面作业,和规定不太一致,我们有些担心,怕影响孩子休息和成长。家里经济条件一般,也没有给孩子报学科类培训班,主要靠学校。希望能督促学校严格落实作业管理要求,控制书面作业,多安排一些阅读、体育、劳动等活动。同时,现在放学时间早,我们家长有的要上班,辅导作业也吃力,希望学校课后服务能真正开展起来,让孩子在学校完成作业、参加兴趣活动,自愿参加,不要变成变相补课。这样也能减轻家长负担,减少对校外培训的依赖。恳请领导关注并推动落实。"
E6603767FD772A91EF9516C9B7F2E4327B1EEDC0D0F234A0724D7D4542D60F79,关于小学书面作业不符合年级规定的反映,"领导您好,我是一名小学生家长。孩子所在年级按规定原则上不布置书面家庭作业,但这个月孩子的书面作业情况还是不符合要求,我们很担心。孩子每天睡眠时间本来比较充足,如果晚上还要写书面作业,休息和睡眠就会受影响,第二天上课也可能没精神。家里文化程度一般,辅导作业有些吃力,孩子写完作业晚,大人也跟着着急。现在孩子参加了学校课后服务,希望课后服务能真正用来完成作业或开展活动,而不是让孩子回家还要继续写书面作业。恳请领导督促学校严格落实作业管理要求,不要再布置书面家庭作业,把课后时间还给孩子,保障正常的睡眠和休息。"
7813B5D7BD32B4442E1DD818203F5CCB4A172C45D184B0D93E70AEB83EFC649E,关于小学低年级作业负担与课后服务落实的建议,"领导您好,我是一名小学生家长。孩子就读于一所公办小学,家庭条件一般,我们家长文化程度不高,辅导孩子功课比较吃力。这学期学校提供了课后服务,孩子也参加了,我们很感谢。但是最近发现孩子的书面作业情况仍然不太符合低年级理应遵循的规范,我们担心学校可能还是布置了书面家庭作业,或者作业量偏多。孩子还小,本来睡眠时间比较充足,如果晚上还要写作业,会影响休息和第二天学习。以前也听说过有家长反映作业写不完、写到很晚的情况,我们很害怕同样的问题发生。希望领导能关注学校是否真正落实了低年级不布置书面家庭作业的要求,同时加强课后服务的内容质量,让孩子在学校就能完成必要的学习任务,回家能有时间休息和运动,不要让孩子过早背上沉重负担。谢谢。"
15A94E9FAA0837690039FEB034981E9080D50D402D21437DE1B6C62BE41EDF13,关于小学低年级书面作业与课后服务的建议,"领导好,我是小学家长。孩子今年暑假参加学校课后服务,但最近发现仍有书面练习带回家,和这个年级“原则上不布置书面家庭作业”的要求对不上。家里条件一般,我们文化水平有限,辅导起来吃力,也担心开学后作业又变多,孩子睡不够。希望领导督促学校严格落实低年级作业要求,课后服务能多安排阅读、运动或答疑,而不是布置更多书面任务。"
6C83D29A85C1FFDDF618E37C0EAB310446B5770577BE4907532730E21CC6D819,关于小学课后服务与作业管理的诉求,"领导您好,我是一名小学生家长。孩子就读的是一所普通公办小学,家里条件一般,大人文化水平有限,辅导功课比较吃力。现在学校有课后服务,孩子假期也在参加,但我们仍然有些担心。听说有的学校课后服务主要是看管孩子,作业还是得带回家写,有些孩子写到很晚;也有的学校放学早,家长下班接不上。我们希望领导能督促学校把课后服务时间真正用好,在服务时间内加强作业辅导和答疑,按政策要求控制书面作业总量和时长,别让孩子把作业全留到家里。孩子能在学校完成当天任务,回家能早点休息,我们家长也能安心。"
67C7674A55AD90E0FDE3C3BA6C1E5EE8CCE15DF3CA4EA0D1FB8F7C38AA8D2B2C,关于小学低年级书面作业与课后服务的建议,"领导好,我是小学家长。孩子今年暑假参加学校课后服务,但最近发现仍有书面练习带回家,和这个年级“原则上不布置书面家庭作业”的要求对不上。家里条件一般,我们文化水平有限,辅导起来吃力,也担心开学后作业又变多,孩子睡不够。希望领导督促学校严格落实低年级作业要求,课后服务能多安排阅读、运动或答疑,而不是布置更多书面任务。"
7867C38CA81A844EB5BD9A19C50A0345B981ABDB3FE60694A74C55A9A7DC8B84,希望关注小学低年级作业负担与课后服务实效,"领导您好。我是一名小学生家长,孩子上的是一所普通公办小学,这个暑假后升入的年级按制度本不应该布置书面家庭作业。家里经济条件一般,我们大人文化水平也不高,辅导功课比较吃力。孩子这个月参加了学校课后服务,每天时间不短,可我们还是发现孩子有书面作业要带回家完成,这与之前了解到的年级作业规范不太相符。我们担心长此以往孩子负担过重,影响休息,也增加了家庭的辅导压力。希望领导能督促学校严格落实作业管理要求,把课后服务时间真正用在作业指导和多样化活动上,而不是让孩子把作业带回家。谢谢。"
9AA66E3DB228DEFC35E41F775892F0C7A72676975591BF66E09EEB81ED4F7B93,关于小学低年级书面作业与课后服务的建议,"领导好,我是小学家长。孩子今年暑假参加学校课后服务,但最近发现仍有书面练习带回家,和这个年级“原则上不布置书面家庭作业”的要求对不上。家里条件一般,我们文化水平有限,辅导起来吃力,也担心开学后作业又变多,孩子睡不够。希望领导督促学校严格落实低年级作业要求,课后服务能多安排阅读、运动或答疑,而不是布置更多书面任务。"
042B337DFFE807AE299AD29F32BF8BD1C3C071776812A4D81CC229DAE4088897,关于暑期课后服务中书面作业管理的诉求,"领导您好,我是一名小学生家长。孩子目前在公办学校就读,暑假期间参加了学校提供的课后服务。我们家庭条件一般,父母文化程度有限,对孩子的期望就是健康成长,完成初中学业。最近注意到孩子参加课后服务后,书面作业方面似乎没有完全按照年级规定来执行,有些担心学校把课后服务时间用来布置或变相增加书面作业,孩子回家后还要写较长时间,影响休息和睡眠。以前也听同省其他家长反映过类似情况,有的孩子作业写到很晚。我们希望教育部门能关注一下学校课后服务的实际内容,指导学校严格落实作业管理规定,不要把课后服务变成补课或作业班,多安排一些文体、阅读、兴趣活动,真正减轻我们这类家庭的负担。谢谢。"
6719E9BB5BFE335EE8963326B802731A6F0E260283CC97E8F77A0C83D2CC0512,"乡村孩子上重点学校路太远,希望领导帮助解决交通困难","领导您好,我是农村的一名家长,孩子现在在公办重点小学读书,家里条件不好,大人文化也不高,没法辅导孩子功课。马上要开学了,孩子平时上学单程要花很长时间,路上安全我们很担心,也怕影响学习和休息。虽然现在作业时间符合规定,但我们还是怕孩子因为路上累、家里没人教,学习跟不上。希望领导能关注我们农村孩子到好学校上学的实际困难,能不能帮忙协调校车或者住宿,让孩子少跑点路,也请学校多关心一下我们这样的家庭,让孩子能安心读书,将来考上大学。谢谢领导。"
D488F0F9120463C4849CAB5B273B39F0B9D0DF21E0B84307FC3B148CB9B0C802,希望农村孩子也能享受课后服务,"领导好,我是农村学生家长,家里条件一般,自己文化也不高,辅导孩子作业很吃力。孩子上的公办小学离得远,每天接送都花很长时间。看到现在要求学校完善课后服务,自愿参加、时间衔接、内容多样,我们很期盼。只是担心农村学校师资和经费跟不上,课后服务变成看管,没有真正的作业指导和兴趣活动。希望上级能多关心农村学校,把课后服务落实好,让孩子在学校就能把作业完成,也能有点课外拓展,减轻我们家长的负担。"
A6121CB1F654B7F3739B4CEFC1D14E37594EE31642999CAAB6BC2DA78F3F0814,关于农村小学生通学远和课后服务保障的诉求,"领导您好。我是咱们这边一名农村小学生的家长。孩子上小学,学校是公办重点学校,但离家比较远,每天单程就要花很长时间,来回也很折腾。现在寒假快结束了,马上要开学,我特别担心开学后孩子因为通学时间长,晚上回家写作业和休息的时间不够。这个月孩子的书面作业时间还在规定范围内,但开学后课程多了,加上路上消耗,怕孩子撑不住。我们家条件一般,孩子目前没参加学校课后服务,不是不想参加,是接送和家庭条件确实有困难。希望政府能帮忙协调学校或乡镇,在开学后为农村远途学生提供方便、负担得起的课后服务,最好能让孩子在学校把作业基本完成,回家能早点睡。另外也请领导关注农村学校的师资均衡问题,别让好老师都集中在少数学校,我们这些农村家长也盼着孩子能考上大学,不想让孩子因为条件差落后。谢谢领导。"
787929E749988C5EF546B90D5E52F34A2F0F36748406B7285A7179D5B17146D8,关于农村小学课后服务质量和师资保障的请求,"我是一名农村小学生的家长,孩子就读于乡镇一所公办重点小学,每天上下学单程时间较长。我们家经济条件一般,我们文化水平有限,辅导孩子学习很吃力。孩子目前参加了学校课后服务,我们非常支持,但也有担忧:农村学校师资相对薄弱,课后服务会不会只是简单看管,缺乏作业指导和丰富活动?如果课后服务内容单一、师资不足,对我们这样的家庭来说,孩子很难在校外获得其他辅导。另外,课后服务结束后孩子还要赶很长的路回家,时间晚了也担心安全和睡眠。希望领导关注农村学校课后服务的实际落实,加强师资保障和内容设计,让课后服务真正帮助孩子完成作业、拓展兴趣,减轻家长负担,也保障孩子身心健康。谢谢。"
776F609768C6B2EC9DAD0AD77D6A57B165BDA51DD61E64B388C9169245BF5D5F,关于改善乡村孩子远距离就学困难的诉求,"领导好,我是一名乡村小学生的家长。孩子目前在离家很远的一所重点小学读书,每天单程在路上要花很长时间,我们家庭条件不好,家长文化程度也不高,没法辅导孩子学习。暑假这段时间学校布置的作业量看起来是符合规定的,但我们还是很担心开学后孩子每天早起晚归,睡眠不够,学习也受影响。村里附近的学校师资比较薄弱,我们只能把孩子送到远的学校,这也增加了家里的负担。希望领导能关注乡村教育均衡问题,加强本地学校的师资力量,让孩子能就近入学,减轻我们这样的家庭压力。如果暂时没法就近入学,也请帮忙协调解决校车或者住宿问题,让孩子上学路上不那么辛苦。谢谢领导。"
0A538954D19D5B046C87A10974B6A8C67927A2B88C1C47876501D804B11653B8,关于农村学校课后服务质量和资源保障的诉求,"我是一名中部农村的小学生家长,孩子就读于乡镇一所公办重点示范小学,单程上学路途较远。家庭经济条件一般,我们没给孩子报过校外学科类培训,对学校的课后服务抱有很大期望。今年暑假孩子也参加了学校提供的课后服务,政策要求每周五天、每天至少两小时,学校也这么安排了。但我们农村学校师资力量相对薄弱,城里学校能开起来的兴趣活动、科普实践,我们这边不一定有足够老师。最担心课后服务变成单纯看管写作业,内容单一,孩子得不到拓展,和我们期望他将来能读大学的目标差距越来越大。现在学科类培训市场收缩,我们更依赖学校课后服务来补充。希望领导能督促教育部门重点关注农村学校课后服务的实际质量,在师资和经费上多向薄弱学校倾斜,丰富课程内容,不要流于形式。同时孩子通学时间长,暑假天气热,也希望课后服务结束后的交通和安全能有保障,让家长安心。"
E7781009471FA5793DC01FDBEF14F37AF9F3F7B491D3A52064B26EAB628ADA39,关于改善乡村孩子远距离就学困难的诉求,"领导好,我是一名乡村小学生的家长。孩子目前在离家很远的一所重点小学读书,每天单程在路上要花很长时间,我们家庭条件不好,家长文化程度也不高,没法辅导孩子学习。暑假这段时间学校布置的作业量看起来是符合规定的,但我们还是很担心开学后孩子每天早起晚归,睡眠不够,学习也受影响。村里附近的学校师资比较薄弱,我们只能把孩子送到远的学校,这也增加了家里的负担。希望领导能关注乡村教育均衡问题,加强本地学校的师资力量,让孩子能就近入学,减轻我们这样的家庭压力。如果暂时没法就近入学,也请帮忙协调解决校车或者住宿问题,让孩子上学路上不那么辛苦。谢谢领导。"
DAF72D0970E83AF74C0A162E0E7CC6379401E7E75E2CEF1B858A2E3C4C9CE913,请关注农村学校课后服务质量,"我家孩子在乡镇公办学校读小学,学校离家较远,每天通学时间长,家里经济条件也不宽裕,没有能力给孩子报外面的辅导班。这个暑假孩子参加了学校的课后服务,我们心里是支持的,但也有些担忧。听说现在要求课后服务时间衔接、内容多样,还要保障师资和经费,可我们不知道具体落实得怎么样。农村学校师资本来就不算强,特别希望领导能督促相关部门加强课后服务的师资配备和内容设计,真正提供作业辅导和兴趣拓展,而不是简单看管,让服务不流于形式,也让我们这样的家庭能减轻一些负担。"
1636F05D8A69A9E1DA6A393D400DE887EE4183C99D02182D7BA86244234B4E15,关于改善乡村孩子远距离就学困难的诉求,"领导好,我是一名乡村小学生的家长。孩子目前在离家很远的一所重点小学读书,每天单程在路上要花很长时间,我们家庭条件不好,家长文化程度也不高,没法辅导孩子学习。暑假这段时间学校布置的作业量看起来是符合规定的,但我们还是很担心开学后孩子每天早起晚归,睡眠不够,学习也受影响。村里附近的学校师资比较薄弱,我们只能把孩子送到远的学校,这也增加了家里的负担。希望领导能关注乡村教育均衡问题,加强本地学校的师资力量,让孩子能就近入学,减轻我们这样的家庭压力。如果暂时没法就近入学,也请帮忙协调解决校车或者住宿问题,让孩子上学路上不那么辛苦。谢谢领导。"
2AC7931C72ECA9BA864AAD29BADAD2719D6D9D60F9862A1FB3631565FE3F5AB5,关于乡村小学课后服务师资与质量保障的诉求,"领导好,我家住在农村,家庭条件一般,孩子在本村公办小学读书,每天上学单程要花不少时间。现在学科类培训少了,我们也没能力给孩子报班,就指望学校的课后服务能帮孩子学好。这个月孩子参加了学校课后服务,但农村学校老师本来就少,我们担心开学后课后服务只是看管写作业,没有真正辅导和拓展,城里学校资源好,农村孩子差距会越来越大。希望政府能多给农村学校配好老师、保障课后服务经费,让课后服务内容更丰富,时间也能照顾到我们接送,别让农村孩子输在课后。"
294161AAD48A6858F7C0A93011B3F7021C4776BAD166DA20625770A6AB3B4804,关于新学期保障作业时长和师资稳定的建议,"领导您好,我们家孩子就读于城镇一所普通公办小学,暑假后升入新年级。我和爱人都上班,平时接送和辅导时间很紧。这个暑假孩子的书面作业量总体合适,我们比较安心。但想到开学后学校可能面临师资变动、课程安排不稳定,还有上下学路上安全等问题,心里还是有些担心。希望教育部门能督促学校提前做好新学期教师配备和教学安排,保障课堂质量,同时关注校园周边交通秩序。也希望学校继续严格控制书面作业时间,不要开学后作业突然增多,让孩子能睡够觉,我们家长也能少些焦虑。"
4A266DB5D194F384E85743B359DA264C67916F9304EFED6F70508BCC244B6F8C,希望新学期课后服务能真正解决双职工家庭困难,"我们孩子读小学,不是毕业班,家里父母都上班,每天接送和辅导时间很紧。现在暑假,看到学校在推课后服务,但我们片区公办学校不是重点,平时师资流动就大,担心开学后课后服务只是把学生集中看管,没有作业指导和素质活动,反而浪费时间。另外虽然孩子目前作业时间基本符合规定,但希望学校能统筹作业质量,少一些重复抄写,多一些阅读和锻炼。我们经济条件一般,之前也没给孩子报学科培训班,校外培训规范后更指望学校课后服务能补上辅导需求。希望领导能督促学校把课后服务做实,保障师资和经费,真正为普通家庭减负。"
DA15DB45C99BE2AF96499CACCC03C203347B5CFC1912370B1D0B1BC79F9BEDC0,关于提升学校课后服务质量和师资稳定性的建议,"领导您好。我们是双职工家庭,孩子就读公办小学,平时工作忙,放学后主要依靠学校课后服务。寒假结束马上要开学,我们比较担心课后服务的实际质量。从周边家长交流中听说,一些学校存在师资不稳定、管理不够精细的情况,课后服务有时只是简单看管,缺乏作业辅导和有益活动。我们家经济条件一般,没有给孩子报校外学科培训,学校是我们最依赖的教育场所。希望相关部门能加强对学校课后服务的监督和资源投入,稳定教师队伍,优化管理制度,让课后服务真正解决家长后顾之忧,而不是流于形式。谢谢。"
9D1B763BF11D1A1F4B0CF79AE0C961C180255CE58DF063982CD43C57948A7BBD,关于课后服务质量与家校衔接的诉求,"领导您好,我是本地一名小学生的家长。我们夫妻都在上班,平时接送和辅导孩子时间很紧张。这学期孩子参加了学校课后服务,每天到五点半以后,确实解决了接孩子的大难题。但我们更关心课后服务是不是真的能管好孩子、辅导好学习,而不只是把学生聚在一起看管。从同省一些地方的情况看,有的学校课后服务存在师资不稳定、管理跟不上、内容单一的问题,我们很担心自己孩子也遇到类似情况。希望相关部门能核查一下学校课后服务的实际运行,比如老师配备、活动安排、安全管理是不是到位,和正常教学、家庭作业之间衔接是否顺畅,避免课后服务流于形式。也希望课后服务能更多考虑双职工家庭的困难,真正减轻家长负担,而不是让孩子在学校多待两小时却收获有限。谢谢。"
3F4D4CD136611962B31E9183019BC6A265B1C0FE372756C4751174DEB3BB4F06,关于保障公办小学课后服务师资与安全的请求,"我们是双职工家庭,孩子上公办小学,平时我们下班晚,暑假里学校课后服务帮了大忙。孩子作业时间目前符合规定,我们比较满意。可眼看要开学,心中不踏实。学校不是重点,周边家长也常提到师资不稳定、上下学安全等问题。我们担心开学后课后服务能不能持续、老师够不够、安全管理到不到位。希望领导关注我们这类普通公办小学的课后服务保障,协调学校和教育部门把师资、安全、资源落实好,让孩子放学有去处,家长能安心上班。"
36970EF1BE934D46C729086C971987BEEA6525970237913F61E00FC2D65C6601,关于提升学校课后服务质量的诉求,"领导您好,我们是双职工家庭,孩子上小学,平时放学接娃和辅导作业压力很大。学校虽然提供了课后服务,孩子也在参加,但我们不清楚具体内容是否丰富、老师是否稳定。我们担心课后服务只是简单看管,不能有效指导作业或开展兴趣活动。我们家庭经济条件一般,报名校外培训负担重,希望学校课后服务能真正解决我们的困难。恳请政府加强监督和投入,保障课后服务师资和内容质量,让我们家长安心工作。"
7D5778A88DBA2729D3B4478E6ECC12470481859881388D1ECF35331FD00CD5A4,关于保障公办小学课后服务师资与安全的请求,"我们是双职工家庭,孩子上公办小学,平时我们下班晚,暑假里学校课后服务帮了大忙。孩子作业时间目前符合规定,我们比较满意。可眼看要开学,心中不踏实。学校不是重点,周边家长也常提到师资不稳定、上下学安全等问题。我们担心开学后课后服务能不能持续、老师够不够、安全管理到不到位。希望领导关注我们这类普通公办小学的课后服务保障,协调学校和教育部门把师资、安全、资源落实好,让孩子放学有去处,家长能安心上班。"
BED81A930D97CE55CB078646B23FD43C9DAA220E5B1737DF5A8AC5CABE1E5B49,关于提升公办小学课后服务质量的诉求,"领导您好。我们是双职工家庭,孩子就读于一所公办小学,家庭经济条件一般,原本没有参加校外学科培训。目前孩子虽然参加了学校课后服务,但我们担心课后服务内容不够丰富、师资力量不足,难以真正解决家长的后顾之忧。我们了解到有些学校课后服务存在流于形式、看管为主的情况,也担心上下学安全与家长下班时间衔接不上。我们希望相关部门能加强对学校课后服务的监督和资源保障,丰富活动内容,提高服务质量,让课后服务真正惠及普通家庭,缓解我们的时间压力和教育焦虑。"
6CF4685BB074E6520FAB78E1BECF630029EAB205B82391694BE95E3F003DFFDF,关于保障公办小学课后服务师资与安全的请求,"我们是双职工家庭,孩子上公办小学,平时我们下班晚,暑假里学校课后服务帮了大忙。孩子作业时间目前符合规定,我们比较满意。可眼看要开学,心中不踏实。学校不是重点,周边家长也常提到师资不稳定、上下学安全等问题。我们担心开学后课后服务能不能持续、老师够不够、安全管理到不到位。希望领导关注我们这类普通公办小学的课后服务保障,协调学校和教育部门把师资、安全、资源落实好,让孩子放学有去处,家长能安心上班。"
0FEDA8A08F7EC5721538E6EB84FE9B01F08BD9D49CDA2E55B5546966D443CC78,关于提升学校课后服务质量的诉求,"我家孩子上小学,我和爱人都在上班,家里时间很紧,经济条件也一般。这个月孩子参加了学校组织的课后服务,我们原本希望能在学校把作业指导一下,回家后不用太操心。可心里总不踏实,不知道课后服务是不是只把孩子集中起来看管,有没有老师真正辅导作业、组织一些有益活动。周边学校条件一般,家长之间也聊起过一些学校师资不稳定、管理跟不上的情况,更让我们担心。希望有关部门能对学校课后服务加强督查,确保每天提供的课后服务内容充实、有老师负责,时间上能和我们下班衔接好,不要让我们双职工家庭一边上班一边还悬着心。这样我们也能少花冤枉钱去校外找托管,孩子也更安全。"
80DD1D29C6EBB0F7D8F56CEBEAA3A1A343E309640A11B68BEC8EECDF9BCB7580,关于初中生暑假书面作业负担可能超标的反映,"领导您好,我是东部城镇一名初中生的家长。孩子就读公办重点初中,平时单程通学时间长,我们夫妻都在上班,家庭经济条件一般,文化程度也不高。现在正值暑假,但孩子这个月的书面作业完成情况不符合规定的初中生每天不超过90分钟的要求。我们担心学校可能以暑期学习任务、预习复习等名义布置过多书面作业,或者存在变相补课、要求家长上传打卡等情况。我们家长白天上班,晚上时间有限,也没有能力辅导检查,孩子压力大,我们也很焦虑。希望教育部门能核查学校暑假作业布置情况,督促学校严格落实减负规定,让孩子真正得到休息和调整。也请关注学校是否存在以自习、托管等名义变相补课、增加负担的行为。谢谢。"
B87F10B6340B0CFC9CD31C66ABD92F05B754BBD940ED8B6D47937F89EE6BF174,"初中生暑假作业超量,盼统筹课后服务减轻负担","尊敬的领导:您好。我家孩子是一名初中生,在东部城镇一所公办初中就读。这个暑假,孩子书面作业量明显偏多,每天要连续写上好几个小时,远远超过规定时长。我们夫妻都在上班,下班后时间很紧,文化程度也有限,实在难以辅导和检查。暑假都这样,很担心开学后作业负担更重。现在都说要统筹作业总量、提高质量,但我们还没有感受到明显变化。我们希望领导能督促学校严格执行作业管理规定,科学设计作业,不要搞题海战术;同时尽快把课后服务真正办好,让孩子能在校内完成大部分书面作业,减轻家长压力,也让孩子有休息和锻炼的时间。谢谢。"
8A3ED65D09FBBC881C74B46CE816ED765F6AB1277FB231C629898E5915567028,关于初中生家庭作业超时及课后服务缺位的求助,"领导您好,我是一名初中学生的家长。孩子就读于公办初中,单程通学时间长,我们夫妻均需上班,家庭经济条件一般,下班后时间紧张。近期孩子在家完成书面作业的用时未能符合现行规范,常常写到很晚,我们担心长期会影响孩子休息。孩子目前没有参加学校课后服务,放学后无人辅导,我们家长文化程度有限,辅导吃力。恳请教育部门督促学校严格落实作业管理要求,减少机械重复作业,同时完善课后服务,为双职工家庭提供作业辅导或看护条件,切实减轻家长和孩子的负担。"
60E043B4C8196CFAB766EACAA2995D3A354405F8DAB2FA2D12B40A911F7BC805,关于规范课后服务内容与减轻家长负担的诉求,"领导您好。我家孩子在公办初中就读,单程通学时间较长,我们夫妻双方都在上班,时间安排很紧。这个月孩子参加了学校课后服务,目前书面作业时间虽然基本在90分钟以内,但我们很担心课后服务是否真正用于作业指导和兴趣活动,会不会变成统一上课或变相补课;也担心回家后还有需要家长辅导、打卡、录制视频等隐性任务。我们文化程度不高、经济条件一般,希望学校能把作业指导尽量放在校内完成,让孩子回家能早点休息,也减少家庭辅导压力。恳请领导督促教育部门和学校严格落实课后服务自愿参加、内容多样、时间衔接等要求,加强作业统筹设计,不要增加额外收费。谢谢。"
F51A4A2EAF409E640E9AE34C890250AED9806413B9F5CBA423A38061CF5CAF2A,关于暑假初中书面作业负担的担忧,"我是东部城镇一名初中生家长,孩子读公办初中,非毕业年级,学校离家较远,每天单程通学时间长。我们夫妻都要上班,家庭时间很紧,孩子本月也没有参加学校课后服务。近期发现孩子本月书面作业情况与本年级规定的时长规范不一致,作为家长很担心暑假作业负担可能偏重,影响休息和下学期状态。我们文化水平一般,晚上下班后很难长时间辅导和检查作业。希望教育部门能督促学校合理布置暑假书面作业,严格控制总量,落实时长要求,减轻家长不必要的辅导压力。"
3F4000074CD975C5F945476E737AB8D7BEDC88713E5DBDD315A4B382BB1C4193,关于学校暑期课后服务时间衔接和自愿原则的诉求,"领导您好,我家孩子在公办初中就读,暑假期间参加了学校提供的课后服务。我们夫妻都在上班,家庭经济条件一般,孩子学校离家较远,单程通学时间长。现在每天课后服务原则上不少于120分钟,但结束时间仍然和孩子接送、家长下班时间对不上,我们每天接送都非常吃力。我们担心课后服务如果只是简单延长在校时间,没有真正考虑双职工家庭的实际困难,反而增加了负担。另外,听说有的学校会利用课后服务变相补课或要求家长配合打卡检查,我们很担心孩子暑假也得不到休息。希望领导能督促学校在落实课后服务时,真正坚持自愿参加,合理安排结束时间,提供必要的延时看护,避免变相补课和额外收费,让课后服务真正帮到我们这样的普通家庭。"
BED93A86A1EE67CCBC5214F7BFB2B5101528AF163930A71FEDD5784AB71B5DDA,关于暑假初中书面作业负担的担忧,"我是东部城镇一名初中生家长,孩子读公办初中,非毕业年级,学校离家较远,每天单程通学时间长。我们夫妻都要上班,家庭时间很紧,孩子本月也没有参加学校课后服务。近期发现孩子本月书面作业情况与本年级规定的时长规范不一致,作为家长很担心暑假作业负担可能偏重,影响休息和下学期状态。我们文化水平一般,晚上下班后很难长时间辅导和检查作业。希望教育部门能督促学校合理布置暑假书面作业,严格控制总量,落实时长要求,减轻家长不必要的辅导压力。"
224D0AC0495BD61C7C6DFD0D2D5F50A2A3B3257F4C632FD2009AA4FAB2F51BF0,关于课后服务落实与家庭实际困难的建议,"您好。我是一名初中学生的家长,家住城镇,孩子就读公办学校,单程通学时间较长。我和爱人都在上班,家庭时间非常紧张。孩子目前在参加学校课后服务,这对我们双职工家庭有很大帮助。但我也有些担心:新学期开始后,课后服务能不能真正做到自愿、内容多样,而不是变成变相补课?希望课后服务的时间能和我们下班时间衔接好,方便接送。另外,作业量虽然现在符合规定,但希望学校继续严格把关,利用课后服务时间让孩子在学校完成大部分作业,不要带回家让家长辅导。我们家长文化程度有限,辅导初中课程越来越吃力,孩子也希望早点休息。请领导督促学校把课后服务做扎实,别让好政策变成新负担。"
C55046B59ECE151640D996EECB94AB0F848145A855169C966F7B944B52E2EB0B,关于暑假初中书面作业负担的担忧,"我是东部城镇一名初中生家长,孩子读公办初中,非毕业年级,学校离家较远,每天单程通学时间长。我们夫妻都要上班,家庭时间很紧,孩子本月也没有参加学校课后服务。近期发现孩子本月书面作业情况与本年级规定的时长规范不一致,作为家长很担心暑假作业负担可能偏重,影响休息和下学期状态。我们文化水平一般,晚上下班后很难长时间辅导和检查作业。希望教育部门能督促学校合理布置暑假书面作业,严格控制总量,落实时长要求,减轻家长不必要的辅导压力。"
C428FD9C43F7B688E3C28AA8500BFF800488A5808FAEC124C706D3869FD6B72A,关于优化初中暑期课后服务的建议,"领导你好。我家孩子是公办初中学生,家住城镇,夫妻俩都上班,经济条件一般,孩子每天上学单程时间不短。这个暑假学校提供课后服务,孩子也参加了,我们很需要这样的看护和辅导。但我们下班时间比服务结束时间晚,经常存在接不上的空档,家里又没有其他人手帮忙。另外,我们比较担心课后服务只是把孩子集中看管,或者变成集体上课、做题,孩子回家还得继续赶作业,这样反而更累。希望领导督促学校把暑期课后服务真正安排好,延长服务时间或提供弹性接送,丰富体育、阅读、兴趣活动等内容,让双职工家庭能安心工作,也让孩子过一个有意义的暑假。"
A34E8EF01E3B180EE0D127CCEA23095BC1F1BC5C8F114DBA028138B4E8C55016,初中生暑假书面作业超时盼督促规范,"领导您好,我是本地一名公办初中学生的家长。孩子现在读初中,不是毕业班,学校不是重点,但我们一直很重视孩子的学习,希望将来能读到博士。这个暑假,我们发现孩子的书面作业时间明显超过了初中生每天不超过90分钟的要求,虽然不太清楚具体是学校布置的作业总量过大还是其他原因,但连续多日作业超时,孩子经常写到很晚,睡眠和休息都受影响。我们也听说有些老师精力被课外辅导分散,担心这会影响课堂教学和作业布置的合理性。希望领导能关注普通公办初中学生的作业负担问题,督促学校认真落实作业时长规定,合理安排暑假作业,同时引导教师把主要精力放在校内教学上,让孩子能有充足的休息和自主学习时间,保护学习兴趣。谢谢。"
222200B5DABEEB8A35F76353ED8232BCCAD32EA526447E872E05623CEC5F9893,关于初中生暑假书面作业超时问题的关注和建议,"领导您好,我家孩子在公办初中就读,不是毕业年级。这个月是暑假,但孩子的书面作业情况没有达到规定的时长要求。作为家长,我们一方面担心长期这样会影响孩子睡眠和休息,另一方面也担心开学后如果老师精力被其他事务分散,作业布置更不好控制。希望教育部门能督促学校在开学前认真统筹作业总量和设计质量,真正落实课后服务,让孩子在学校能把大部分作业完成,而不是把负担转给家长和孩子。谢谢。"
BA1B3648A03352E2DE8A561934CB2640D2C38DC044DE1BCDE7E4B888F060D4C1,"初中生作业超时影响睡眠,担心教师办班分散精力","领导您好。我家孩子在本地一所公办初中就读,不属于毕业年级。最近孩子的书面作业完成时间经常超过教育部门规定的90分钟上限,写得很晚,睡眠不足,第二天上课没精神,作为家长很担忧。我还听身边家长议论,个别初中老师热衷于办辅导班,担心这样会分散校内教学精力,影响课堂质量。孩子目前也参加校外学科培训,收费负担和以前差不多,但校内作业加上校外培训,孩子更累了。希望领导督促学校严格执行作业时间规定,真正减轻学生负担;并关注教师是否把主要精力放在课堂教学上,避免出现课上不讲课后讲的情况,让孩子能在校内学足学好。谢谢。"
EC6F040DF8A59AD5B56419CFCBAC2C6D21A38F21F36151C7B307BCEF5EA21670,关于课后服务与校外培训叠加增加学生负担的诉求,"尊敬的领导:我是一名中部地区公办初中学生的家长。这个月孩子的书面作业时间虽然控制在规定范围内,但孩子参加了学校课后服务,同时家里仍给孩子报了学科类校外培训。学校课后服务每天不少于两小时,孩子从早到晚在校内和校外学习,晚上回家后还要完成作业和培训任务,自由活动和休息时间被明显压缩。虽然校外培训收费比之前有所下降,但孩子的时间负担依然不轻。我们担心长期这样会影响孩子身心健康,也担心课后服务没有真正解决作业辅导和个性化学习需求,才不得不继续依赖校外培训。希望领导能督促学校提升课后服务质量,加强作业指导,同时进一步规范校外培训时间,避免与学校课后服务重复,切实减轻学生和家长负担。"
1DC4C666DB93CA32AB45F7F4D713FA8B2426EB42E6CE9B116933A35E4DEB1256,关于初中生暑假书面作业超时影响休息的诉求,"领导好。我家孩子是公办初中学生,暑假本来应该适当休整,但我们发现孩子的书面作业时间没有控制在初中生原则上不超过90分钟的要求内。孩子白天参加学校课后服务,晚上还要上校外学科培训,费用跟以前差不多,回家后还要赶作业,休息时间明显不够。长期这样,我们很担心孩子的睡眠和身体。希望领导能督促学校在暑假期间也严格执行作业时长规定,合理控制书面作业总量,不要让孩子在课后服务和校外培训之外再承受过重的作业负担,给孩子留出必要的休息和自主阅读时间。"
05918A53583D8B1673E36B118056C2070BD444DE9E836A640F82D16299FBC220,关于初中课后服务质量和作业负担的建议,"领导您好。我家孩子在公办初中就读,目前不是毕业年级。这个暑假学校提供了课后服务,孩子也参加了。我们家庭已经停止参加校外学科类培训,所以孩子的学业支持更依赖学校。但我们担心课后服务只是简单看管,缺乏有效的作业指导和个性化辅导,尤其到了初中,学科难度增加,如果课后服务流于形式,孩子只能回家自己摸索,反而可能又出现作业写到很晚、家长被迫签字打卡的情况。希望领导能督促学校把课后服务内容做实,利用这段时间做好作业辅导和答疑,严格控制书面作业总量不超时,并保证老师有足够精力投入校内教学,不要出现变相补课或把辅导责任转嫁给家长。谢谢。"
6E70666C934DF23DCE9D94592B3B23E8D4CD0D32959F554F05F7CE84536D2927,关于初中生暑假书面作业超时影响休息的诉求,"领导好。我家孩子是公办初中学生,暑假本来应该适当休整,但我们发现孩子的书面作业时间没有控制在初中生原则上不超过90分钟的要求内。孩子白天参加学校课后服务,晚上还要上校外学科培训,费用跟以前差不多,回家后还要赶作业,休息时间明显不够。长期这样,我们很担心孩子的睡眠和身体。希望领导能督促学校在暑假期间也严格执行作业时长规定,合理控制书面作业总量,不要让孩子在课后服务和校外培训之外再承受过重的作业负担,给孩子留出必要的休息和自主阅读时间。"
747A6B9DD426D8D7368609F788AEF10692927214393CBAF02AACEE9250490328,关于提升初中课后服务质量的诉求,"作为初中生家长,孩子这学期开始参加学校课后服务。我们家已经停止参加校外学科类培训,所以对课后服务的质量和内容非常关注。目前每月作业量虽然符合规定,但课后服务是否真正内容丰富、老师是否负责,我们心里没底。以前听说过有些学校老师精力分散在辅导班上,或者课后服务变成集体补课,导致孩子负担加重、兴趣下降。我们担心如果课后服务只是走形式,或者师资和经费保障不到位,孩子在学校的时间没有有效利用,反而影响正常休息和自主学习。希望领导能督促学校把课后服务做实,提供作业辅导、体育活动、兴趣拓展等多样内容,并加强对教师履职的监管,避免变相补课或敷衍了事。同时,希望学校加强作业设计质量,让孩子能在校内完成大部分作业,减轻家长焦虑。我们希望孩子能在校内获得足够支持,不再依赖校外培训,真正减轻负担。"
0D39D83D51423397DAC316057995066D646033D187CD2D229118962780DABA67,关于初中生暑假书面作业超时影响休息的诉求,"领导好。我家孩子是公办初中学生,暑假本来应该适当休整,但我们发现孩子的书面作业时间没有控制在初中生原则上不超过90分钟的要求内。孩子白天参加学校课后服务,晚上还要上校外学科培训,费用跟以前差不多,回家后还要赶作业,休息时间明显不够。长期这样,我们很担心孩子的睡眠和身体。希望领导能督促学校在暑假期间也严格执行作业时长规定,合理控制书面作业总量,不要让孩子在课后服务和校外培训之外再承受过重的作业负担,给孩子留出必要的休息和自主阅读时间。"
69EAB79CE737D0A5616E82CF9DFA69ED5AED6DE20A01DE6805071FE588CA3606,关于初中课后服务与作业负担的担忧,"领导您好,我是一名初中学生家长。孩子就读公办初中,今年暑假参加了学校课后服务。从现有要求看,课后服务时间不短,但我们更担心开学以后能不能真正落实。以前身边有过初中老师热衷办辅导班、学生晚上作业写到十一点的情况,虽然现在学科类校外培训少了,但个别老师可能会把负担转回校内,课后服务也可能变成上课或刷题。孩子每天在校时间已经不短,如果课后服务再安排不当,回家还要写作业到很晚,初中生身体和心理都吃不消。希望领导督促学校新学期严格按照规定控制书面作业总量,课后服务多安排体育、阅读、答疑等真正对孩子有益的内容,不要变成集体补课;同时关注个别教师违规补课或变相增加作业的问题,让家长安心,让孩子能有正常休息时间。"
8A49084EED4C26C4FA52542548ADABD3AB1FF400CFF2716D6AAF7449056075B0,关于小学生暑假作业负担的反映与减负请求,"领导您好,我是一名农村小学生的家长。最近发现孩子暑假期间的书面作业完成情况不符合现行规定的时长要求,虽然具体原因还不清楚,但作为家长很担忧。我们父母都在外工作,平时陪伴孩子的时间不多,孩子睡眠一直不错,不希望作业过量影响休息和成长。以前也听到同省其他家长反映过类似作业负担重的问题。希望教育部门能关注核实,督促学校严格落实减负规定,合理布置暑假作业,避免机械重复,让孩子有充足休息和自主活动时间,也能减轻我们家长的辅导压力。"
E49984B7B76ECED2C32E6D0B4725201E0BF6E1018375AE7A88BC3B0898A85B55,关于小学书面作业超时问题的反映与请求,"领导好,我是孩子家长,孩子现在上小学。这个暑假我们注意到孩子的书面作业完成时间明显超过了现行规定的小学生书面作业平均完成时间不超过60分钟的上限,孩子常常要花很长时间才能完成当天的书面任务。我们家长文化程度有限,辅导起来很吃力,父母又都要上班,时间也不宽裕。孩子长时间写作业,我们很担心影响休息和身体。以前也听说过类似作业负担重的情况,希望这次能真正把减负要求落到实处。恳请领导督促教育部门对学校书面作业总量和时长加强核查监管,同时建议学校利用课后服务时间给孩子多一些作业指导,尽量让孩子在校内完成大部分书面作业,减轻我们的负担。"
6E71B95A7599939CB6B05CD540E02259B4D133D6512B2E59C55D2FF315704AFC,关于小学生书面作业时长超标的问题反映,"领导您好,我是一名小学生家长,孩子目前不在毕业班。按照现行规定,小学阶段书面家庭作业平均完成时间不应超过60分钟,但我家孩子这个月的作业情况没有达到这个要求,作为家长比较担心。我们夫妻平时都在上班,晚上能辅导孩子的时间有限,孩子也参加了学校课后服务,但回家后作业用时仍然偏长。孩子还小,长期这样怕影响身体和学习兴趣。希望领导能关注一下农村学校作业布置的实际情况,督促学校严格按规范控制书面作业量,提高课后服务的作业辅导质量,真正把减负落到实处。"
DB04DF6EF7F96E44A91E65C0EBDBFAAEE8F2775856793C22305AE946C6104542,关于提升乡村小学课后服务辅导质量的建议,"领导您好,我是东部农村一名小学生家长。孩子今年上小学,我们夫妻都在上班,文化程度不高,辅导孩子功课比较吃力。这个月开学后,孩子参加了学校的课后服务,我们很感谢政府提供这样的便利。但心里也担心,课后服务这两小时到底是老师辅导作业、讲解知识,还是只是把孩子集中看管?我们自己没能力教,外面的学科培训班又少了很多,如果课后服务只是看护,孩子学习上遇到的困难还是没人帮。希望领导能督促学校把课后服务内容做实,安排老师有针对性地辅导作业、答疑,而不是流于形式。同时,也希望继续保持现在合理的作业量,不要增加孩子负担。谢谢。"
7E755EEBAB1FF2643CBD7385767C9E414DA53720CD71C73329AE06AAC277FCC5,希望督促学校控制暑假作业负担,"领导您好。我家孩子上小学,这个暑假参加了学校的课后服务。按照当前年级的规定,书面家庭作业平均完成时间不应超过60分钟,但最近孩子的书面作业情况没有达到这个要求。我们夫妻俩都在上班,文化程度也不高,辅导和督促很吃力。孩子平时睡眠还算充足,如果作业负担继续这样,我们担心会影响休息和身体发育。希望领导能关注学校暑假作业布置问题,督促学校真正按规范执行,也希望能加强日常检查,别让减负停留在口头上。"
1F37BD9486A16547328FE3423E1B76A34A79B3F4F423D7845C1B4F5C5BA9B5D7,关于提升农村小学课后服务作业辅导质量的建议,"领导好,我是一名小学生的家长。孩子上小学,家住农村,我们夫妻都要上班,文化程度不高,辅导孩子作业比较吃力。现在学校提供课后服务,孩子也参加了,我们很感激。但心里还是有些担心:课后服务会不会只是把孩子集中起来看管,写作业遇到不会的没人教?农村学校师资条件有限,我们怕效果打折扣。希望领导能关注农村学校课后服务的实际质量,加强师资保障和作业指导,让孩子在学校就能把作业完成、把问题弄懂,回家后不用再让家长发愁。这样也能真正减轻我们双职工家庭的负担。恳请政府督促学校把课后服务做实做细,切实发挥作用。"
92D1839871B25314BB1E02786581B852621AD4F4FBB3BF37B9FD0C2B59230FB9,希望督促学校控制暑假作业负担,"领导您好。我家孩子上小学,这个暑假参加了学校的课后服务。按照当前年级的规定,书面家庭作业平均完成时间不应超过60分钟,但最近孩子的书面作业情况没有达到这个要求。我们夫妻俩都在上班,文化程度也不高,辅导和督促很吃力。孩子平时睡眠还算充足,如果作业负担继续这样,我们担心会影响休息和身体发育。希望领导能关注学校暑假作业布置问题,督促学校真正按规范执行,也希望能加强日常检查,别让减负停留在口头上。"
D53D86340D85BA17EB5FE95EF1CAAA984E8C4222D33D64EFBC8DDCB223BC9B93,关于提升暑期学校课后服务质量的建议,"领导好。我家住在农村,孩子上小学,我们两口子都要上班,暑假家里没人看孩子,这个月孩子参加了学校的课后服务,确实解决了大问题。但是我们心里有些担忧,害怕服务内容比较单一,只是把孩子集中起来写作业或自由活动,活动不够丰富,时间长孩子也坐不住。我们文化水平不高,辅导不了功课,希望学校能利用课后服务加强作业辅导,再安排一些阅读、体育、手工之类的活动,让孩子过得充实。也希望领导督促学校保证服务质量,不要走形式,也不要借机补课或乱收费。谢谢。"
AB8B73878079E9C64B9174B278BBD0ECAB1E7358EEB05BFDF629ACE5EC2733CA,希望督促学校控制暑假作业负担,"领导您好。我家孩子上小学,这个暑假参加了学校的课后服务。按照当前年级的规定,书面家庭作业平均完成时间不应超过60分钟,但最近孩子的书面作业情况没有达到这个要求。我们夫妻俩都在上班,文化程度也不高,辅导和督促很吃力。孩子平时睡眠还算充足,如果作业负担继续这样,我们担心会影响休息和身体发育。希望领导能关注学校暑假作业布置问题,督促学校真正按规范执行,也希望能加强日常检查,别让减负停留在口头上。"
80A7F86E9A0FA89A59474F6205B572457D279553F475203AF57AF92B7FA12D6C,希望新学期持续规范作业管理并提升课后服务质量,"领导好。我家孩子在农村小学就读,今年暑假作业量比较合适,学校也提供了课后服务。但作为家长,我文化程度不高,辅导孩子学习有困难,很担心开学后作业量会不会又变多,孩子写不完,我们又不会教。以前听说过有学校作业过多、孩子写到很晚的情况,希望教育部门能持续督查学校作业总量,确保不超过规定。另外,孩子虽然参加课后服务,但乡村学校师资有限,担心课后服务只是看管,不能真正辅导作业或开展丰富活动。希望政府能保障课后服务经费和师资,让农村孩子也能享受到高质量的课后服务,真正把减负和课后服务落到实处。"
E0813D7655D5A2EABABC7E84177F7A5504AC70C7B3DA61486ABD0149D88D080C,恳请解决孩子升学后上学路途远的问题,"领导您好,我是学生家长。孩子今年暑假后要升入新的年级,但学校离家远,单程通学时间很长。家里经济条件一般,我和孩子妈妈文化程度也不高,家里人手有限,接送有困难。孩子还小,每天路上来回折腾,我们担心他休息不好,也影响学习。现在提倡就近入学,希望领导能帮我们协调一下,让孩子能到离家近的学校就读,或者安排校车,减轻我们负担。作为普通老百姓,孩子教育是我们最大的事,请领导理解我们做家长的难处。"
93C7E8623A668443C3AE76229254D1D8C9A7EC28FB5ACD19D6AAC046CDC9C4F2,关于落实学校课后服务减轻家庭负担的诉求,"尊敬的领导,您好。我家孩子正在初中阶段,面临升学衔接的关键期,就读的学校离家较远,单程通学时间长,我们两口子文化不高、收入也低,家里照看孩子的人手少,每天接送和辅导作业都很吃力。现在听说要求学校完善课后服务,我们特别期盼学校能真正把课后服务办起来,让孩子放学后有地方去、有人管,最好能提供作业辅导和兴趣活动,这样我们家长也能安心。但我们担心学校不是公办,资源和经费有限,课后服务可能办得简单或另外收费,增加我们的负担。希望领导能督促相关部门保障课后服务的师资和经费,对经济困难家庭减免费用,让像我们这样的普通家庭也能享受到公平的教育服务。另外,也希望课后服务时间能考虑我们通学远的实际,别让孩子太晚回家不安全。谢谢领导。"
CFF0B93DD551A9C05648C1C359B5256DE6938CDF7FB3ECAFF66837BBD0AE4F33,"孩子上学路途太远,盼解决就近入学问题","领导您好,我家在东北一个镇上,孩子现在上初中,正处在升学衔接的关键时候,可学校离家太远了,单程就得花很长时间。家里经济条件不好,大人也没个稳定工作,时间上顾不过来,孩子每天早早出门、很晚才到家,冬天更是遭罪。我们看着心疼,也怕影响孩子学习和身体。孩子作业量倒还符合规定,但路上时间太长,休息和自习都受影响。我们普通老百姓没啥门路,就盼着孩子能有个公平的上学机会,希望领导能帮我们解决就近入学的问题,让孩子少跑点路,安心读书。谢谢领导。"
8C72BBDCB5ABECA6A37AF99EEA909B79304FB6ACDCA9CE056FCA475D5199168D,关于初中生课后服务与长距离通勤叠加问题的求助,"我是咱们城镇一名初中生家长,孩子现在上初中,处在升学衔接年级。学校离家单程很远,平时上下学就挺费劲。现在政策要求学校课后服务每天至少两小时,孩子这学期也参加了,但寒假里安排和开学后不一样,我很担心开学后孩子放学再托管这么久,加上回家路程长,到家就晚了,作业还没时间写,第二天又得早起。我家经济条件不好,家里人手也少,课程辅导上帮不上太多,校外培训班现在能选的也少了,只能盼着学校课后服务真能把作业辅导管起来。希望领导能督促学校在安排课后服务时,照顾一下我们这种通勤远的家庭,别搞一刀切,允许路上远的孩子弹性离校,或者在校内把作业辅导做实,别让孩子白耗时间。我们没什么高要求,就想孩子别因为路远和课后安排累垮了。"
0AA3AFF060F79CBB08A58DDCCB09142B423D16160509137FDAC60965906804AA,关于缓解初中生上学路途远和课后照护困难的请求,"我是一名初中生家长,家住东北城镇,孩子今年刚升入初中衔接年级。家里经济条件不宽裕,我和家人文化水平有限,辅导孩子作业比较吃力。孩子所在学校离家较远,单程通学时间长,每天起早贪黑,我们接送也很不方便。现在放暑假还好,但开学后尤其到冬天,东北天冷路滑,孩子路上更遭罪,我们实在担心。这个月孩子没有参加学校课后服务,我们家里人手少,有时候照看不上,只能让孩子继续上校外学科培训,费用负担和之前差不多,对我们这样的家庭压力挺大。作业时间虽然符合规定,但路上花太多时间,孩子晚上休息和学习时间都紧。希望领导能重视我们这类普通家庭的实际困难,在就近入学、学校课后服务或交通保障上给予协调帮助,让孩子少在路上折腾,多点时间休息和学习,也减轻我们家长的经济和照护压力。"
D5D63F6B5E24262D893CACDDAAA2658F37E68D5B218359E2D745D461179FF3BB,"孩子上学路程太远,盼领导帮助解决就近入学","领导您好。我家住在东北小城镇,孩子现在上初中,正是升学的关键年级。家里经济条件不好,大人也不是两个都上班,人手和时间都紧。孩子现在就读的学校不是公办,离家比较远,单程通学时间长,每天来回要花不少时间。特别是冬天,东北天冷路滑,孩子起早贪黑,我们实在担心。我们听说现在有就近入学的政策,可孩子没能在家附近上学。这个暑假孩子还参加了学校的课后服务,学校是自愿参加,我们也参加了,但放学后路上时间长,回到家就更晚,孩子休息都受影响。我们普通老百姓没别的要求,就是希望领导能关注一下学校分布不均的问题,帮我们协调孩子就近上学,或者解决一下校车、交通补助的困难。教育是孩子唯一的希望,请领导理解我们做家长的心情。"
0BBCA8DF580ADD327450344846369C3BCC87397FEC29B4484DB51200CC14981B,关于缓解初中生上学路途远和课后照护困难的请求,"我是一名初中生家长,家住东北城镇,孩子今年刚升入初中衔接年级。家里经济条件不宽裕,我和家人文化水平有限,辅导孩子作业比较吃力。孩子所在学校离家较远,单程通学时间长,每天起早贪黑,我们接送也很不方便。现在放暑假还好,但开学后尤其到冬天,东北天冷路滑,孩子路上更遭罪,我们实在担心。这个月孩子没有参加学校课后服务,我们家里人手少,有时候照看不上,只能让孩子继续上校外学科培训,费用负担和之前差不多,对我们这样的家庭压力挺大。作业时间虽然符合规定,但路上花太多时间,孩子晚上休息和学习时间都紧。希望领导能重视我们这类普通家庭的实际困难,在就近入学、学校课后服务或交通保障上给予协调帮助,让孩子少在路上折腾,多点时间休息和学习,也减轻我们家长的经济和照护压力。"
46EBA78BFE0570AD85F6C3FA529B93120EC79719EDD74EBA47503278E97A66A3,关于保障升学衔接年级课后服务质量的求助,"领导好,我家住在东北城镇,孩子马上升入升学衔接年级,家里经济条件一般,我文化程度不高,辅导作业越来越吃力。现在学校作业时间是符合规定的,但孩子单程上学要很长时间,我和家人时间安排也不宽裕。这个暑假孩子参加了学校课后服务,虽然政策说每天不少于两小时,但我担心开学后课后服务能不能持续提供有效的作业辅导和升学指导,特别是我们这种低收入家庭,没有能力多报校外培训班。现在外面的学科培训少了很多,我们虽然还在上一家,但总怕它哪天不办了,孩子学习断档。希望政府能多关注我们这样的家庭,把学校课后服务抓实,内容更贴近升学衔接需要,让孩子在学校就能把该学的学好,少花冤枉钱,也少跑冤枉路。"
A1794E761BFB7A2DFC58C5AF4537A9ED85530227836EF8C1B28374F32A009A1A,关于缓解初中生上学路途远和课后照护困难的请求,"我是一名初中生家长,家住东北城镇,孩子今年刚升入初中衔接年级。家里经济条件不宽裕,我和家人文化水平有限,辅导孩子作业比较吃力。孩子所在学校离家较远,单程通学时间长,每天起早贪黑,我们接送也很不方便。现在放暑假还好,但开学后尤其到冬天,东北天冷路滑,孩子路上更遭罪,我们实在担心。这个月孩子没有参加学校课后服务,我们家里人手少,有时候照看不上,只能让孩子继续上校外学科培训,费用负担和之前差不多,对我们这样的家庭压力挺大。作业时间虽然符合规定,但路上花太多时间,孩子晚上休息和学习时间都紧。希望领导能重视我们这类普通家庭的实际困难,在就近入学、学校课后服务或交通保障上给予协调帮助,让孩子少在路上折腾,多点时间休息和学习,也减轻我们家长的经济和照护压力。"
E5FB796AE8420F64A7DE9151BC7624210376B8B5C0CAF01FEA8CEDBB2E9ED032,关于初中升学衔接阶段通学和课后服务困难的问题,"领导您好,我是东北城镇的一名初中生家长。孩子正处在升入初中的衔接阶段,秋季开学后就要到新学校上学。现在学校离家比较远,单程通学时间较长,家里人口少、父母就业情况不好,经济条件有限,接送和看护很吃力。这个暑假孩子参加了学校的课后服务,也还在上学科类培训班,虽然培训收费比原来降了一些,但对我们这种低收入家庭仍然是不小的负担。我们担心开学后课后服务时间短、内容单一,没法真正解决我们的困难,不得不继续花钱补课。希望政府能关注我们这类城镇困难家庭,督促学校把课后服务做实,在时间衔接和内容质量上多下功夫,同时统筹考虑学生就近入学或提供通学支持,让孩子少跑路、家长少花钱,安心完成初中学业。"
6DE70412309ECCAF679B1DD7D9EE330C5BEC34FB6894748B3FF070795C5451E8,关于初中生家庭作业超时影响身心健康的求助,"我是一名初中孩子的家长,我们夫妻都上班,家里经济条件一般,老人也帮不上忙,孩子作业我们实在辅导不了。最近发现孩子的书面作业时间经常超过教育部门规定的90分钟,有时要写到很晚,我们非常担心孩子的身体和睡眠。长期这样,孩子第二天上课没精神,学习效率反而下降,还可能影响发育。我们也听说周边一些学校师资不稳,只能靠多布置作业来弥补,这让我们更不踏实。希望领导能督促学校严格控制作业量,提高课堂质量,让孩子能睡够觉,健康成长,我们也能安心工作。"
93748A94111D56DA6D1919DDB58A9107C26D17BCC1761AD70E3EC70867843369,关于初中书面作业超时影响睡眠的求助,"领导您好,我是一名初中生家长。孩子目前读初中,不是毕业年级。这个月我们发现孩子的书面家庭作业完成情况没有达到规定的一个半小时上限,感觉作业量偏多,经常担心孩子写到太晚影响睡眠。我们家经济条件不好,父母都要上班,家里人多,我们文化程度不高,辅导作业很吃力。政策一直要求控制作业总量、提高设计质量,还要求学校加强课后服务。希望学校能真正落实作业管理规定,合理布置作业,尽量在校内或课后服务时间指导孩子完成大部分书面作业,减轻家长负担,保证孩子睡眠。另外,我们这里学校条件和师资一般,也担心作业问题长期得不到解决影响孩子学习。恳请领导督促学校规范作业管理,提升课后服务质量,让孩子健康学习。"
B82936E6F78B2833C2F896B148E13A14F8376ADE37963B88B3EDEF6A887F8FEF,关于控制初中书面作业时长并保障教学质量的请求,"领导您好,我是一名初中学生家长,家里经济条件一般,人口多,夫妻俩都在上班,每天能辅导孩子的时间很少。这个月我们发现孩子书面作业用时已经不符合规定的90分钟上限,心里很着急。我们没给孩子报任何学科补习班,全靠学校老师教。最近也听说周边学校有老师流动、教学不稳定的情况,更让我们担心。希望领导能督促学校严格执行作业管理规定,把书面作业控制在90分钟以内,提高课堂效率,稳定师资力量,让普通家庭的孩子不靠校外补课也能学得好。如果学校课后服务能覆盖到我们孩子,也请帮忙协调,减轻家长辅导压力。"
41CE65E507CE9F7FB180598CEA8C7E456C09F2A5418163669C3E86B32FBDC589,请关注非公办初中课后服务师资与实效,"领导好,我是中部一个县城初中孩子的家长。孩子没到毕业班,我和爱人都打工,家里人口多、经济紧,我文化不高,辅导不了功课。这学期开学后孩子参加了学校课后服务,目前看书面作业时间还符合规定,但我最担心的是课后服务能不能持续有老师认真答疑、辅导,而不是单纯看管。我们学校不是公办,以前听过一些非公办学校老师收入保障不稳定、人员流动大,教学质量让人不踏实,心里总是悬着。孩子一直没上过校外学科辅导班,家里也承担不起,政策收紧校外培训后,课后服务就成了我们唯一的指望。恳请领导重视这类非公办初中的课后服务落实,加强师资和经费保障,稳定教师队伍,让课后服务真正帮到我们这些家长文化不高、经济困难的家庭,别让孩子在成长关键阶段掉队。"
732E6AABE7611D88A0976349BD06E427852C33149A4F0305B9B564F0999FAA7F,关于初中生暑假书面作业负担过重的反映,"领导您好,我是一名初中学生的家长,家住城镇。孩子今年秋季继续读初中,不是毕业班。这个暑假,孩子的书面作业时间超过了当前年级的规定上限,每天要花大量时间写作业。我们家庭经济条件有限,父母都上班,家里人多但能辅导孩子功课的少,我和孩子妈妈文化水平也不高,实在没能力帮孩子补习。孩子也没参加任何学科培训班,学校暑期也没有课后服务,作业全靠孩子自己扛。暑假本该是休息调整的时间,现在却比上学还累。希望领导能重视这个问题,督促学校合理控制暑假书面作业量,让孩子能过一个正常的假期,同时也能保证睡眠和身心健康。谢谢领导。"
7925FCC6243BB7E3755DA64EACFA840C952751A167CC4EED157BE87D1B864A7E,关于提高初中课后服务作业辅导质量的建议,"领导好。我是一名初中生家长,家里经济条件一般,我和孩子妈妈都上班,文化水平不高,辅导孩子功课很吃力。孩子之前没参加过校外培训班,现在每天参加学校的课后服务。学校说课后服务有作业指导和多样活动,我们很支持。但我们心里没底,怕孩子在课后服务里遇到不会的题没人细讲,或者只完成作业就没事了。我们这样的家庭,没有能力另外花钱补课,就盼着学校课后服务能真正帮到孩子。希望领导能督促学校把课后服务里的作业辅导抓实,安排老师答疑,特别是对学习有困难的学生多关注。谢谢。"
02E7135EEA8967BA26E14F30CAB97D99947D99661537937B596802663B689C6D,关于初中生暑假书面作业负担过重的反映,"领导您好,我是一名初中学生的家长,家住城镇。孩子今年秋季继续读初中,不是毕业班。这个暑假,孩子的书面作业时间超过了当前年级的规定上限,每天要花大量时间写作业。我们家庭经济条件有限,父母都上班,家里人多但能辅导孩子功课的少,我和孩子妈妈文化水平也不高,实在没能力帮孩子补习。孩子也没参加任何学科培训班,学校暑期也没有课后服务,作业全靠孩子自己扛。暑假本该是休息调整的时间,现在却比上学还累。希望领导能重视这个问题,督促学校合理控制暑假书面作业量,让孩子能过一个正常的假期,同时也能保证睡眠和身心健康。谢谢领导。"
42C502C59C0E6D07889864EB63ECFE3232103B43353B5939628439ECAC2BB17E,"希望加强暑期课后服务保障,让普通家庭孩子不掉队","领导您好,我是一名初中生家长,家里条件不太好,我和孩子爸爸都在打工,暑假没人看孩子。现在外面学科培训班基本没有了,我们也负担不起其他兴趣班,只能让孩子参加学校的课后服务。可我们担心学校课后服务只是简单看管,老师也不稳定,孩子这段时间学不到东西,开学后跟不上。我们文化程度不高,辅导不了作业,就盼着学校能多指导孩子学习。希望政府能督促学校把暑期课后服务做实,保障好老师工资和经费,安排一些作业辅导和有益活动,让孩子安全、有意义地过暑假,别让经济困难家庭的孩子吃亏。"
8ADE16B752A7A13FEA06743C1BFF744E96DABA7263F283396719B9205E4085A3,关于初中生暑假书面作业负担过重的反映,"领导您好,我是一名初中学生的家长,家住城镇。孩子今年秋季继续读初中,不是毕业班。这个暑假,孩子的书面作业时间超过了当前年级的规定上限,每天要花大量时间写作业。我们家庭经济条件有限,父母都上班,家里人多但能辅导孩子功课的少,我和孩子妈妈文化水平也不高,实在没能力帮孩子补习。孩子也没参加任何学科培训班,学校暑期也没有课后服务,作业全靠孩子自己扛。暑假本该是休息调整的时间,现在却比上学还累。希望领导能重视这个问题,督促学校合理控制暑假书面作业量,让孩子能过一个正常的假期,同时也能保证睡眠和身心健康。谢谢领导。"
E0D9102B3123FBA0F2DB7110F15C5327B50E98CBD297F7B18E287B5FCC94E439,关于保障非公办学校课后服务师资与质量的请求,"孩子读初中,我们两口子都在上班,家庭经济条件一般,暑假里孩子参加了学校的课后服务。学校不是公办,我们心里一直不踏实,担心课后服务只是简单看护,师资不稳定、活动内容少,质量跟不上。我们也听说周边有学校因为拖欠老师工资,老师辞职,影响了孩子学习,这种情况让我们很担忧。眼下孩子虽然作业时间符合规定,但新学期开始后,希望领导能督促相关部门,对非公办学校的课后服务加强监管和经费保障,确保持续有稳定、合格的老师来带,辅导作业、开展有益活动,而不是把孩子圈在教室里。同时请继续关注作业总量,别让课后服务变成变相补课或增加负担,让我们这样的双职工家庭能真正安心。"
E40D5FD7F529A4E30D1B17637B2BE1A7C89F607E6286FB3730BE22AD372499AB,关于持续监督农村小学作业负担的请求,"领导好。我家孩子在农村一所公办小学就读,暑假期间书面作业量基本符合要求,孩子睡眠也比较充足。但作为家长,我们心里并不踏实。身边不少家长反映,有的学校一到开学或临近期末,作业就明显增多,低年级孩子写到很晚,甚至被点名批评;还有学校班级人数偏多,老师精力分散,个别老师在校外办班后对不参加的学生关注减少。我们担心新学期这些情况会反弹。希望教育部门能多下来暗访,不要只看学校汇报,真正了解农村孩子每天的实际作业和班级管理情况,督促学校长期落实减负要求,让孩子能睡够、学好。谢谢。"
06AF68B1B36EA051EC3B3A1C90520ADEA167F4284BFC2B5D2BD79B715A1B5F5A,关于落实小学低年级作业减负和课后服务的诉求,"我是中部某乡镇小学学生家长,孩子读小学低年级。暑假后即将开学,我们注意到现在对义务教育学校作业总量和课后服务有要求,要统筹书面作业总量、时长和设计质量,并完善课后服务。但根据往年同地区情况,有些学校低年级作业留得多,孩子写到很晚,也有老师在校外办班、对不参加的学生区别对待。我们担心开学后学校落实不到位,书面作业依然超量,课后服务变成变相补课或只是看管。希望教育部门在开学后加强暗访和日常监督,重点检查低年级书面作业是否真正符合规定,课后服务是否自愿、内容多样、时间衔接好,不要增加家长负担。我们家长文化程度不高,辅导能力有限,希望学校能在课后服务中提供作业指导和兴趣活动,让孩子在校内完成学习任务,回家能有充足睡眠。恳请领导重视农村孩子,确保好政策落地。"
61AC65352AAB62F3B6D0BB34373861C3241776A5F7974582DCE10338E071D40C,关于农村小学低年级作业负担的担忧与建议,"领导您好。我是村里一名小学生的家长,孩子现在低年级,按道理是不该布置书面家庭作业的。这个月看孩子作业情况还算正常,睡觉也够。但马上要开学了,我们家长心里还是没底。以前就听说周边有些学校低年级作业留得很多,孩子写到晚上十来点,写不完还要挨批,甚至提前让学生把辅导材料拿回家。我们担心开学后学校为了抓成绩,又变着法子给孩子布置书面作业,或者把作业压力转到课后服务里。孩子参加了学校课后服务,我们希望课后服务能真正用来辅导作业、开展活动,而不是变成补课或加作业。乡村家长文化程度不高,辅导不了多少,只能靠学校自觉。恳请教育部门在开学后多到农村学校暗访,看看有没有违规布置书面作业、课后服务走样的情况,也关注一下班级人数是否合理。我们不求别的,就希望孩子能睡够觉,学习有兴趣,别太累。"
7A8BBE157376DA45BA06B6B3BA3AB28AE77CBD6AF0AAAACAC4EEC12B9056B79A,关于乡村学校课后服务质量的担忧与建议,"领导好,我是农村小学家长。我们家长文化不高,辅导孩子有困难,孩子参加了学校课后服务,每天两个小时,我们本来觉得这是好事,能让孩子在学校把作业完成,还能参加点活动。但现在担心课后服务只是看孩子,老师不一定用心,甚至有的老师可能把精力放在自己办的补习班上。现在校外培训班少了,我们更怕学校课后服务走过场,孩子学不到东西。希望教育部门能多暗访监督,让课后服务真正落实内容,别变成变相补课或者简单看管。另外,以前低年级作业多,现在虽然暂时没那么多,还是担心以后又反弹,请领导一并关注。"
B5E2297976ECB9AB8ED683E001A2A1B6D86A9A212B6369C12B8346958B8AB9A2,关于农村小学课后服务和作业负担的担忧,"领导好,我是一名农村小学学生的家长。孩子读小学,不是毕业班。现在放暑假,孩子参加了学校的课后服务,这个月书面作业不多,符合要求,我们家长也比较轻松。但我担心开学以后,附近一些学校以前作业很多、老师办补习班的情况会在我们孩子学校出现;也担心课后服务变成变相补课,不参加的孩子被区别对待。我们家经济条件还可以,但我自己文化程度不高,辅导不了孩子,也不想让孩子太累,只希望他健健康康,将来能读个大专。希望教育部门在开学后多到学校暗访,监督作业量和课后服务内容,别让好政策走样,让孩子们真正减负。"
06C100629071E1A9F29C1BC18011CDD95D9C9D0FD4D93E6672B13E38172730BE,关于乡村学校课后服务内容单一和隐性作业的担忧,"领导好,我是一名乡村小学生的家长。孩子现在上小学,不是毕业衔接年级,按照规范这个年级不布置书面家庭作业,这个月作业情况也符合规定,我们支持减负。但孩子每天参加学校课后服务,我最担心的是服务内容流于形式,老师只是看着写作业或者讲题,没有开展文体、阅读等多样活动,孩子在校多待的两个小时并没有得到全面发展。另外,我们以前听说过有老师作业留到很晚、校外办班、对不去补习班的孩子另眼相看的情况。现在虽然校外培训少了,但怕有些老师把负担转到课后服务里,变相补课或者布置隐性作业。希望教育部门能多到乡村学校暗访,监督课后服务的实际内容,确保自愿参加、内容多样,真正减轻孩子和家长负担。"
0E188178F77A4331A121054BA9C731C43C318CE92728777DCCB1BE923BD2E8BB,关于农村小学课后服务和作业负担的担忧,"领导好,我是一名农村小学学生的家长。孩子读小学,不是毕业班。现在放暑假,孩子参加了学校的课后服务,这个月书面作业不多,符合要求,我们家长也比较轻松。但我担心开学以后,附近一些学校以前作业很多、老师办补习班的情况会在我们孩子学校出现;也担心课后服务变成变相补课,不参加的孩子被区别对待。我们家经济条件还可以,但我自己文化程度不高,辅导不了孩子,也不想让孩子太累,只希望他健健康康,将来能读个大专。希望教育部门在开学后多到学校暗访,监督作业量和课后服务内容,别让好政策走样,让孩子们真正减负。"
E45AAB7D524D2B89A2A96499452649E1DA09B88CCA994D1FE3D8DF33B6622C51,"课后服务内容单一,担心开学后作业反弹","领导好,我是一名乡村小学的学生家长。我家孩子今年暑假参加了学校课后服务,每周去五天,每天两个多小时。按理说这是好事,但一段时间下来,我感觉服务内容比较单一,主要是老师在教室看管,作业辅导和兴趣活动不多。我家大人文化程度不高,辅导孩子作业很吃力,本来指望课后服务能帮上忙,现在心里有些没底。 马上要开学了,我更担心书面作业的问题。现在孩子年级按规定不布置书面家庭作业,这个月作业情况也符合要求,但以前总听说有的学校低年级作业写到很晚,老师还在外办班,课堂不认真教。我就怕开学后作业负担反弹,课后服务又帮不上忙。希望领导能多到学校暗访监督,把课后服务和作业管理抓严抓实,让我们农村孩子也能真正减负。"
82C42F153EDA32A0089E6DD69DDFB8F9C1B1EF4DD56EAC21A73BA8A1D1D60ECC,关于农村小学课后服务和作业负担的担忧,"领导好,我是一名农村小学学生的家长。孩子读小学,不是毕业班。现在放暑假,孩子参加了学校的课后服务,这个月书面作业不多,符合要求,我们家长也比较轻松。但我担心开学以后,附近一些学校以前作业很多、老师办补习班的情况会在我们孩子学校出现;也担心课后服务变成变相补课,不参加的孩子被区别对待。我们家经济条件还可以,但我自己文化程度不高,辅导不了孩子,也不想让孩子太累,只希望他健健康康,将来能读个大专。希望教育部门在开学后多到学校暗访,监督作业量和课后服务内容,别让好政策走样,让孩子们真正减负。"
6F628B13CC7FA6FBB5606AD1D02D6374FA1B2BA60E649BAEDEEA0F3D80CB56CB,请督促农村学校课后服务真正辅导孩子学习,"领导好,我是中部农村一个小学生家长。孩子放暑假,学校课后服务我们让孩子参加了。我们家经济条件还行,但我和孩子父母文化程度不高,辅导不了作业。这几年孩子作业少了,睡眠也足了,我们很感激。就是有点担心课后服务只走走形式,老师只是看着孩子,没真正答疑辅导,也没组织点有意义的活动。以前听同省别的家长说,有的地方老师心思在外头办班,对不去的孩子不闻不问,现在虽然管得严了,我们心里还是不太踏实。希望领导能多组织暗访监督,督促学校把课后服务做扎实,让农村孩子也能享受到实实在在的帮助,别让好政策打折扣。"
DD431A287994CAC724450E7B79A559ECE661CF25BB1D23BD55D1A890ECA80272,关于暑假期间双职工家庭小学生看护与学习辅导的诉求,"领导好,我是一名小学生的家长。我们夫妻都在上班,家里老人不在身边,暑假孩子一个人在家,我们很不放心。学校布置的书面作业不多,也符合规定,但孩子白天没人管,光看电视玩手机,学习容易荒废。我们收入不高,外面的培训班上不起。希望政府能协调社区或学校在暑假提供一些公益性质的托管服务,最好能有老师或志愿者辅导一下作业、组织一些阅读和体育活动,解决我们双职工家庭的后顾之忧。"
3FB4213DF63E08ADB54F6C95C1346DF79E49E9182F9C6C0B51CC4676510E739C,关于农村小学课后服务落实和作业辅导的诉求,"领导您好,我是一名农村小学生的家长,孩子开学就读小学中年级。我们两口子都在外面上班,回家比较晚,老人年纪大也辅导不了功课。现在看到上面要求学校开展课后服务,我们很高兴,但心里也打鼓,不知道我们这种农村学校能不能真正落实。希望课后服务不要只是让孩子在教室干坐着,能安排老师辅导孩子把作业写完,再有点阅读、体育等安排,时间能衔接我们下班。我们家经济条件一般,以前也没怎么报过补习班,现在校外培训管得严,我们更指望学校了。孩子睡眠一直比较足,我们也不想让他熬夜写作业,希望作业量继续控制住。恳请领导关注农村学校的课后服务质量和经费保障,别让好政策到基层走样。"
33076428841A6CABB6AB8281C728215B053EC4FBFB7369C4DEF12080EE2A5A40,希望学校开学后提供课后服务解决双职工家庭看护难题,"领导好,我是乡村一名小学生家长。我们两口子都在上班,家里人手少,每天下午接孩子和辅导作业都很吃力。孩子现在作业量虽然不算多,但放学后没人管,我们只能花钱让孩子去校外培训班,收费不低,对我们这样的家庭压力不小。孩子这个月没有参加学校的课后服务,我们也不清楚具体情况。马上要春季开学了,恳请领导关注一下农村小学的课后服务问题,能不能让学校在放学后安排老师看护孩子写作业、适当辅导,哪怕收一点费用也比校外便宜。这样我们双职工家庭能安心工作,孩子也不用在外面耗时间。谢谢。"
FE2E06F3E162D44ACB4F4E3BAC5F4D2ECB3CDD47C3414FD23B4889F829661AAF,希望农村小学课后服务加强作业辅导,"领导您好,我是农村一名小学生的家长。我们夫妻都要上班,家里人手少,孩子放学后我们还没下班,只能参加学校的课后服务。现在孩子的书面作业量不算多,但我们文化不高,辅导不了。孩子虽然参加了课后服务,但我们不太清楚里面有没有老师辅导作业,担心只是看着孩子。我们给孩子报了校外辅导班,现在费用降了一些,但听说很多辅导班都关了,以后可能不好找。希望领导能关心农村学校的课后服务,让老师利用这段时间多辅导孩子作业,最好还能有些兴趣活动,这样我们家长能安心上班,孩子也能学到东西。"
3BDA8524CE3EA81D321E033728E60DE24214CFEA7E37B0877A92221FCCCDC54E,希望提供假期和课后托管服务,"领导好,我是一名农村小学生的家长。我们家条件一般,两口子都要上班,家里人手少,暑假孩子没人看。学校现在没有假期托管,我们只能给孩子报校外补习班,费用和以前差不多,但对我们来说还是负担不轻。平时放学也比较早,我们下班晚,接孩子也困难。希望政府能帮忙推动学校或村里在假期和放学后提供一些托管服务,哪怕适当收点成本费,也比校外班便宜,孩子有人管,我们也能安心工作。"
A21F7F60D31FA59F265F5F19553F8AF79CC783361C92543507196B05740A859A,关于提升农村学校暑期课后服务质量的建议,"我是一名农村小学生的家长,家里条件一般,我们夫妻都要上班,老人也不在身边,暑假孩子照看一直是个大难题。现在学校提供了课后服务,孩子也参加了,这确实帮了我们大忙,不然真不知道白天该把孩子放哪儿。但我和孩子妈妈文化水平都不高,辅导作业很吃力,有时候只能干着急。希望学校课后服务不要只是看孩子,能多安排老师指导孩子写作业、补一补薄弱的地方,最好让孩子在学校就把作业基本完成,回家能轻松一点。现在校外补课管得严了,费用是降了些,但我们还是给孩子报了班,每个月花销不小。如果学校课后服务能更实在,作业辅导和兴趣活动都能跟上,我们也许就不用额外花钱报班了。希望领导能关注一下农村学校课后服务的质量,督促学校把内容和师资保障好,真正解决我们双职工家庭的后顾之忧。"
9A98542C8C4F47CAF10B407490A7D6762D02F8B5194FBAC9229714FF4D3BF46B,希望提供假期和课后托管服务,"领导好,我是一名农村小学生的家长。我们家条件一般,两口子都要上班,家里人手少,暑假孩子没人看。学校现在没有假期托管,我们只能给孩子报校外补习班,费用和以前差不多,但对我们来说还是负担不轻。平时放学也比较早,我们下班晚,接孩子也困难。希望政府能帮忙推动学校或村里在假期和放学后提供一些托管服务,哪怕适当收点成本费,也比校外班便宜,孩子有人管,我们也能安心工作。"
B0B9A2FCEF193DC5E66B61B5BA36D005CDDDE1A2A9425762B688CF92D74D0B70,关于提高农村学校课后服务学业辅导质量的建议,"我们是农村双职工家庭,孩子上公办小学,这个暑假参加了学校课后服务。现在政策要求学校提供课后服务,每天两小时,确实帮我们解决了看护问题,很感谢。但我们发现课后服务内容比较单一,主要是看着孩子写作业、自由活动,老师很少进行讲解和辅导。我们两口子文化程度不高,辅导功课很吃力,家里经济条件也一般,虽然现在课外补习费用降了一些,但长期上还是吃不消,而且补习班也少了,心里不踏实。希望领导能多关注农村学校课后服务的质量,加强师资保障,让老师能在课后服务时间给孩子辅导作业、补补基础知识,再安排一些阅读、思维训练和体育活动。这样既能减轻家长负担,也能让孩子真正学到东西,不荒废假期。"
6693F2FC42169AB61512EB4C837F2BFD6E65B92C86F069DB324E75A1522C60AF,希望提供假期和课后托管服务,"领导好,我是一名农村小学生的家长。我们家条件一般,两口子都要上班,家里人手少,暑假孩子没人看。学校现在没有假期托管,我们只能给孩子报校外补习班,费用和以前差不多,但对我们来说还是负担不轻。平时放学也比较早,我们下班晚,接孩子也困难。希望政府能帮忙推动学校或村里在假期和放学后提供一些托管服务,哪怕适当收点成本费,也比校外班便宜,孩子有人管,我们也能安心工作。"
96B5706E663BEC5EBABECF73D120463D961FBD34D76D3C755415FC120D0A40F8,希望农村小学课后服务能真正帮家长减负,"领导您好。我家孩子在村里小学读书,我们夫妻白天都要上班,家里能照看孩子的人手少,时间上实在顾不过来。现在学校有课后服务,我们也让孩子参加了,但心里还是没底:课后服务里老师能不能认真辅导作业、带孩子活动?我们担心开学后作业负担会不会又变多,孩子回家还要写到很晚。外面学科培训班现在少了,我们虽然还在给孩子报,费用比以前降了一点,但对我们这种收入不高的家庭还是有压力。我们也不指望孩子考多高的分,就希望他在学校把作业完成、养成好习惯,将来能上个职高技校就很好。恳请领导督促学校把课后服务做扎实,特别是作业辅导和体育阅读这些内容,让我们家长能安心上班,少花钱报班。谢谢领导。"
68215A4BF3F7A8B4335C0D845629E12701F9C015802C638E69A8119B29F3A131,关于农村小学暑假作业负担过重的反映,"我是一名农村小学生的家长,孩子就读于村里的公办小学,不是毕业年级。这个暑假,学校布置的书面作业明显偏多,孩子每天要花不少时间才能完成,感觉已经超过了规定的60分钟。我们夫妻都在上班,工作时间比较长,很难天天盯着孩子写作业,孩子自己又容易拖拉,我们很担心长期这样会影响他的睡眠和身体。乡村学校条件有限,老师可能希望通过多布置作业来弥补课堂教学的不足,但这样做效果并不好,反而让孩子对学习产生厌烦。我们家里经济条件还行,以前也没给孩子报过什么培训班,主要依靠学校,所以特别希望学校能合理布置作业。恳请领导督促学校严格落实作业管理规定,控制书面作业总量,保证孩子每天有足够的休息和锻炼时间。同时,也请关注乡村学校的师资和教学条件,从根本上提高课堂教学质量,而不是靠大量作业来压孩子。"
6256402AC4DE3A63A809D07EA880CD3C27893DEC4E09E792B9ADDF824D289C1A,关于乡村小学暑假书面作业负担过重的反映,"领导您好,我是一名东部乡村小学生的家长。这个月孩子在家做学校布置的暑假书面作业,完成时间不符合规定的一小时上限。孩子平时睡眠时间比较长,但我很担心长期这样会影响他的睡眠和健康。我们夫妻都在上班,家里时间紧,辅导作业很吃力。现在上面要求学校统筹作业总量、加强校内作业指导,还要求完善课后服务,希望领导能督促我们这边的学校真正落实,不要只是停留在口头上。另外,乡村学校教师少、资源有限,希望不要用多布置作业的办法来抓成绩。谢谢。"
DDFB5B668DAD9C937559587191C19D462A0BC086CBBBB78F8FFBDC0C1E7C5E6A,关于农村小学生家庭作业时长超标影响休息的诉求,"领导您好。我是一名农村小学孩子的家长,孩子在本乡公办学校就读。我们夫妻都在上班,晚上时间比较紧,孩子参加了学校的课后服务。最近我发现孩子的书面作业时长没有完全控制在规定范围内,担心孩子回家后还要花不少时间写作业,影响睡眠和休息。听说周边一些农村学校以前出现过作业过多、孩子做到很晚的情况,我们担心新学期开学后作业量会反弹。孩子目前还在上校外培训,校内校外作业叠加,负担不轻。希望领导能督促学校严格落实作业时间规定,合理布置作业,尽量让孩子在课后服务期间完成大部分书面作业,保障孩子的睡眠和锻炼,也帮我们这样的双职工家庭减轻压力。谢谢。"
CC75E79AFCB9ABC98AEEB91D0CB7D8C850706486E6ACFA3375B4E41F53051F3C,"农村课后服务盼提质,缓解家长辅导焦虑","我是一名家在乡村的小学生家长,我们两口子都在上班,每天接送和辅导孩子的时间很紧。最近孩子参加了学校的课后服务,书面作业时间看起来也控制住了,但我们心里还是不踏实。农村学校的老师数量一直偏紧,一个老师要承担很多课,课后服务能不能真正辅导好孩子,我们有点担心。现在外面学科培训班少了很多,我们虽然还在上一个,费用也比以前低一些,但长期靠培训班不是办法,家长文化不高也教不了。希望领导能重视农村学校课后服务的质量,尤其在师资和内容上多支持,不要只是把孩子集中看管,最好能有老师答疑、兴趣活动,帮助孩子在学校就把作业弄懂。这样我们家长也能安心工作,减少对校外培训的依赖。"
197A1CA4271DD2CAFE42CB4DE7A252480265C393D0E8165AF971EA97C8F236A7,关于减轻农村小学生暑假作业负担的请求,"尊敬的领导:我是东部乡村一名小学生家长。孩子所在学校为公办非重点校,我们家庭父母双方均需工作,时间安排紧张。近期发现孩子本月书面作业情况不符合当前年级规定时长,作为家长非常担忧。暑假本是孩子休息调整的时间,但孩子仍要参加学科类校外培训,同时学校课后服务也在进行,多重负担可能影响孩子身心健康和睡眠。我们周边农村学校软硬件条件有限,师资紧张,担心作业管理和课后服务质量难以保障,甚至出现变相增加课业的情况。恳请领导督促相关部门加强对农村学校作业布置的监督检查,严格落实书面作业时长规定,规范校外培训,提升课后服务质量,让孩子真正减负,保障农村孩子健康成长。"
33D98E9163029C400C48D11E6E6B2C67BC23757D4E672D081C1DEBAE85F492D2,关于提高农村学校课后服务质量减轻家庭负担的建议,"尊敬的领导:我是东部乡村一名小学生家长。孩子目前就读公办小学,暑假期间参加了学校的课后服务。作为双职工家庭,我们很需要这项服务解决照管问题。但从我们农村学校的实际情况看,课后服务可能面临师资不足、内容单一等困难,孩子在校内得到的指导和活动有限。虽然政策要求丰富内容、保证时间,但乡村学校条件薄弱,落实难度大。同时,校外学科培训供给收缩后,我们仍然选择让孩子参加,但合规选择变少,心里不踏实。希望政府能加大对农村学校课后服务的投入,配备专业师资,丰富课程内容,提升服务质量,让孩子在校内就能获得有效学习和兴趣培养,真正减轻家长负担。"
75DC066B6308AE4A77541152BD85C54AB9F058D17BF7D33B50D749AED4BE6BCB,关于减轻农村小学生暑假作业负担的请求,"尊敬的领导:我是东部乡村一名小学生家长。孩子所在学校为公办非重点校,我们家庭父母双方均需工作,时间安排紧张。近期发现孩子本月书面作业情况不符合当前年级规定时长,作为家长非常担忧。暑假本是孩子休息调整的时间,但孩子仍要参加学科类校外培训,同时学校课后服务也在进行,多重负担可能影响孩子身心健康和睡眠。我们周边农村学校软硬件条件有限,师资紧张,担心作业管理和课后服务质量难以保障,甚至出现变相增加课业的情况。恳请领导督促相关部门加强对农村学校作业布置的监督检查,严格落实书面作业时长规定,规范校外培训,提升课后服务质量,让孩子真正减负,保障农村孩子健康成长。"
AF5F93A4980C3DC6B70122D1BC13D7B891D1D47DFA38D0F5DB49FA381F07209B,关于提升乡村学校课后服务质量减少家庭额外培训负担的建议,"各位领导好。我是一名小学生的家长,孩子在我们乡镇的公办小学读书。我们两口子都在上班,家里时间比较紧,所以特别看重学校课后服务能不能真正帮孩子把作业辅导好、安排一些有益的活动。现在学校每天都提供课后服务,孩子也参加了,这本来是好事。但从我们这里乡村学校的实际情况看,一直以来师资和资源都比较薄弱,很多老师课时重、身兼多职。我担心课后服务虽然时间有了,但内容可能不够丰富,老师精力有限,容易变成单纯看管,对孩子学业和成长帮助不大。正因为心里没底,我们家现在还是继续给孩子报外面的学科培训,虽然费用比原来降了一些,但毕竟多花钱也增加孩子奔波。希望领导能多关心乡村学校课后服务的实际质量,在师资、经费和课程资源上多倾斜,加强检查指导,让课后服务不只是“有人管”,而是真正能辅导作业、开展多样活动,减轻我们双职工家庭的负担,也让孩子不用再额外去外面补课。"
110CDB4AEC39AB80BA9356FB1594D90EE5F6AC5826FAF1E3EA447AE14018C3FF,关于减轻农村小学生暑假作业负担的请求,"尊敬的领导:我是东部乡村一名小学生家长。孩子所在学校为公办非重点校,我们家庭父母双方均需工作,时间安排紧张。近期发现孩子本月书面作业情况不符合当前年级规定时长,作为家长非常担忧。暑假本是孩子休息调整的时间,但孩子仍要参加学科类校外培训,同时学校课后服务也在进行,多重负担可能影响孩子身心健康和睡眠。我们周边农村学校软硬件条件有限,师资紧张,担心作业管理和课后服务质量难以保障,甚至出现变相增加课业的情况。恳请领导督促相关部门加强对农村学校作业布置的监督检查,严格落实书面作业时长规定,规范校外培训,提升课后服务质量,让孩子真正减负,保障农村孩子健康成长。"
23419333146DB37B0172C3CEF1B41CB207620F07757BEF4B9AB0FA8BFC4C5900,关于加强乡村学校课后服务质量和保障的诉求,"领导好。我是东部某乡镇的一名小学生家长,家里孩子现在上小学,我和孩子妈妈平时都要上班,家里时间安排很紧,学校课后服务对我们来说太重要了。这个月孩子参加了学校的课后服务,我们很支持。但我们这边是农村学校,不是重点校,以前就听说农村学校老师不够、课程开不齐,我们担心课后服务只是让孩子待在教室,没有真正多样化的活动,也没有老师能辅导作业。我们希望课后服务别变成上课和加作业,而是有体育、艺术、阅读这些内容。现在外面学科培训班少了很多,费用是降了些,但能选的机构也少,我们农村家长想让孩子多学点,心里很矛盾。希望领导能督促地方加大对农村学校课后服务的师资和经费保障,让课后服务内容更丰富、质量更好,真正解决我们双职工家庭的后顾之忧,也能让农村孩子享受到和城里孩子一样的课后教育。"
6071012F3C35CBE827C7546B0363A09EB0389BCEC349D990C1125F901D58FA97,关于规范初中生暑假书面作业时长的诉求,"我是一名初中生家长,孩子就读于乡镇公办初中。今年暑假,孩子的书面作业明显偏多,每天完成时间都超过了教育部门规定的时长,经常写到很晚。我们夫妻文化水平不高,又都忙于工作,没有太多时间辅导,孩子自己写得很吃力。长期这样下去,我们担心影响孩子的睡眠和身体,也怕孩子产生厌学情绪。周边还存在各种补课诱导,我们怕孩子负担进一步加重。希望领导能重视这个问题,督促学校合理控制暑假作业量,严格落实作业时长规定,并关注是否有教师借机变相增加负担的情况。"
92C299E8C9C54261A1A011C425DAAB133EA7996ABC975EB23147AE82FC4324D3,关于减轻初中生暑期书面作业负担并落实课后服务的诉求,"领导您好。我家孩子在乡镇公办初中就读,暑假这一个月,孩子的书面作业时间还是超出了规定的时长上限,我们夫妻文化水平不高,辅导不了,只能干着急。家里人多开销大,我们两个都要上班,时间很紧,以前主要靠校外学科辅导撑着。现在政策要求严管校外培训,我们支持,但也担心开学后校内作业指导和课后服务跟不上。学校不是重点校,课后服务能不能做到自愿参加、时间衔接好、内容多样,我们心里没底。以前有同省家长反映过老师暗示到家里补课、培训班退费推脱、学校假期补课等情况,我们怕这些老问题换个形式又出现。希望领导协调督促,把作业减负和课后服务真正落实到我们乡镇学校,别让我们家长只能继续花钱出去找辅导,也让孩子能在校内获得公平的辅导机会。"
A33ADF9058AA7B252F127C083F9ADC028F3C91926DA3A3EABD9DE35FE664A6CF,关于初中生书面作业超时与校外培训负担的诉求,"领导您好,我是东部乡村一名初中生的家长。我们夫妻都在上班,家里人多但时间紧,文化程度也不高,辅导孩子很吃力。这个月孩子的书面作业情况没有达到规定的时间要求,我们担心孩子负担过重。同时孩子还在外面参加学科类培训,收费不低,家里经济压力大,又怕不补跟不上。孩子本月也未参加学校课后服务,作业和培训都压在家里。恳请领导督促学校严格落实书面作业时间规定,并加强对校外培训收费和教学行为的监管,防止教师变相引导补课,真正给孩子减负。"
94164A5178DC9A8413854AC73EBF884A93411A7E3E33B1C0250AB061EDBC9536,关于课后服务作业负担与辅导需求的求助,"领导好,我是东部乡村一名初中生家长。孩子现在每天参加学校课后服务,我们原本以为作业能在校内基本完成,但近期观察,书面作业回家后仍要写很久,明显超过规定时间。我们夫妻文化程度不高,每天工作忙,家里人多事杂,实在没有能力辅导。以前也遇到过老师暗示补课、校外培训退费难的情况,现在不敢随便报班,心里很着急。孩子面临升学,我们期望他能读好书,可这样下去怕越落越远。希望政府能督促学校真正落实作业统筹,课后服务别只是看管,能有针对性地指导孩子完成作业、答疑解惑;同时继续规范校外培训,别让我们这些普通家庭被逼着找私教。谢谢。"
584BBC408328D9E7321B5B0E2F9266AF07A9BF5030154D3D08E482B6ECFE627D,关于暑假农村初中生学业负担重的反映,"领导好,我是一名农村初中生的家长。我们夫妻都在工作,每天时间很紧,很难顾上孩子。这个暑假,孩子还在上校外学科培训班,费用和以前差不多,家里压力不小。同时,我发现孩子这个月的书面作业用时不符合规定,经常写到很晚,我们文化程度不高,也没法辅导,只能干着急。孩子没参加学校课后服务,暑假没人管,我们担心培训班质量没保障,也怕遇到乱收费、退费难。希望相关部门能重视农村孩子的暑假学习问题,督促学校合理安排作业,加强对校外培训机构的收费和退费监管,最好能提供一些公益托管或课后服务,帮我们减轻负担。谢谢。"
B372CB89B09F55DD0861225BB23D06DC80E0F89FB2A7DD87D2518065D897FD46,"农村初中课后服务需提质,作业负担盼减轻","领导您好,我是农村一名初中生家长。我和孩子妈妈平时都要上班,文化程度不高,辅导功课很吃力。孩子以前靠校外学科培训,现在这类培训基本停了。学校课后服务孩子也参加了,但每天回家写书面作业还是经常超过规定时间,我们看着着急又帮不上忙。希望领导能督促学校真正落实作业管理和课后服务要求,别让课后服务只是看管,能在校把作业辅导好,切实减轻家长负担,让孩子能早点休息。我们支持规范校外培训,但校内服务一定要跟上,不然农村孩子更容易掉队。"
26C9218BE694C6CF3B4F3DD0CF61DBB3DEC61A6444FED52BA0FAE4A293CD805A,关于暑假农村初中生学业负担重的反映,"领导好,我是一名农村初中生的家长。我们夫妻都在工作,每天时间很紧,很难顾上孩子。这个暑假,孩子还在上校外学科培训班,费用和以前差不多,家里压力不小。同时,我发现孩子这个月的书面作业用时不符合规定,经常写到很晚,我们文化程度不高,也没法辅导,只能干着急。孩子没参加学校课后服务,暑假没人管,我们担心培训班质量没保障,也怕遇到乱收费、退费难。希望相关部门能重视农村孩子的暑假学习问题,督促学校合理安排作业,加强对校外培训机构的收费和退费监管,最好能提供一些公益托管或课后服务,帮我们减轻负担。谢谢。"
7CA804F644AE97A83D27794A9254A8EF24B3A8E8169D5ED1E6D2D7C27BDEBB66,关于规范初中作业管理和课后服务的求助,"领导好,我家孩子在东部农村一所公办初中上学,我们夫妻文化程度不高,平时工作忙,家里孩子多,时间很紧,辅导学习力不从心。现在校外学科培训停了,我们给孩子报了学校的课后服务,可最近发现孩子书面作业情况不符合规定的时长,心里很着急,怕长期这样影响身体和学习。孩子以前上过一些补习班,现在停了,我们更担心学业跟不上,自己又帮不上忙。希望领导能督促学校真正落实作业管理,合理控制作业量,同时把课后服务做得更实在,不要只是看管写作业,最好能针对孩子薄弱地方进行辅导,多开展一些文体活动,让孩子在校内就能学扎实、发展兴趣。我们农村家长没别的本事,只能依靠学校了,拜托领导关注一下我们孩子的课后学习问题。"
3DFDF07104B0440FF3CAD48D6AB5234AD774965B72E0FEB5C2F9378316106496,关于暑假农村初中生学业负担重的反映,"领导好,我是一名农村初中生的家长。我们夫妻都在工作,每天时间很紧,很难顾上孩子。这个暑假,孩子还在上校外学科培训班,费用和以前差不多,家里压力不小。同时,我发现孩子这个月的书面作业用时不符合规定,经常写到很晚,我们文化程度不高,也没法辅导,只能干着急。孩子没参加学校课后服务,暑假没人管,我们担心培训班质量没保障,也怕遇到乱收费、退费难。希望相关部门能重视农村孩子的暑假学习问题,督促学校合理安排作业,加强对校外培训机构的收费和退费监管,最好能提供一些公益托管或课后服务,帮我们减轻负担。谢谢。"
61472332CD20E39FC773A0B0BEAEA75749625AFCD35D77344AD967C44A6C7B82,关于督促农村初中落实作业减负和课后服务的诉求,"领导好,我是一名农村初中生家长。我们白天都要上班,家里人口多,晚上时间很紧,孩子学习主要靠学校。现在政策要求减轻学生作业负担,学校也开了课后服务,孩子这个月也参加了,但书面作业用时还是超过了规定时间,经常带回家写到很晚。我们文化不高,辅导不了,只能干着急。以前我们也给孩子报过补习班,现在外面学科培训少了,我们支持,但担心作业负担不降下来,有人又会变相补课,我们普通家庭扛不住。希望领导能督促学校真正把作业量控制住,提高课后服务质量,让孩子在学校尽量完成作业,保证睡眠,减轻家长负担。"
41465CBB9821526425497B096858D8A937F4CB3E3B5D06240D993F09CAB56BB6,关于持续减轻小学生家庭作业负担的诉求,"领导您好,我是西部地区一名小学生家长。孩子目前读小学,这个暑假书面作业情况符合规定,我们很认可。但结合周边家长以往反映,有的学校曾经存在作业量过大、要求家长批改、通过群布置额外练习等情况,家长辅导负担很重。我们家经济条件一般,父母都要上班,家里人口多,老人辅导能力有限,很担心开学后作业负担反弹。希望教育部门能持续监督学校严格落实作业管理要求,不要把批改作业转嫁给家长,切实保障孩子睡眠和休息。"
57299B75FB4CB01761AA8B112990AFD9235CE994624735C5C3C6CB65CECC6E19,"希望开学后别让孩子书面作业带回家,也别让家长批改作业","领导好,我家孩子开学后上小学低年级。按说这个年级原则上不该布置书面家庭作业,但过去我们这里也听说过有学校作业写到很晚、老师让家长在群里批改的情况。我们夫妻都要上班,文化程度也不高,家里人口多,晚上很难一直盯着孩子写作业。现在暑假还没开学,孩子倒是没什么书面作业,符合规定。我就想提前反映一下,希望开学后学校能真正把作业总量管住,课堂作业尽量在校内完成,别让孩子把书面作业带回家,更不要把批改责任转给家长。也希望学校课后服务能落实到位,让孩子在学校把该学的、该练的弄完,减轻我们双职工家庭的负担。谢谢领导关注。"
C728801043E8F5C2400FCEEE9115D970AD285FAF84BE0E46C8BBD82CF805B973,建议加强小学课后服务管理防止作业负担反弹,"领导您好,我是西部城镇一名小学生家长,孩子就读公办小学低年级,家里父母都要上班,经济条件一般。按照现在规定,低年级原则上不布置书面家庭作业,这个月孩子作业情况也基本符合要求,负担确实轻了一些。但马上春季开学,我们心里还是没底。周边一些家长以前反映过,学校会通过班级群发练习题、要求家长抄题辅导,甚至把作业发到群里让家长批改,孩子经常写到很晚。我们担心开学后这些做法又变相回来,或者把课后服务时间用来统一上课、布置隐性作业,孩子回家后还得继续赶任务。孩子参加了学校课后服务,我们希望课后服务能真正做好作业辅导和看护,而不是走形式,让我们双职工家庭能安心工作。请领导督促学校巩固减负成果,规范课后服务内容,别让书面作业和微信群任务重新压到孩子和家长身上。"
D7A2C8E67706E43698890ED866056127D6FB054691AB9B3719914EFC27CFFFFD,关于小学生作业管理与课后服务的建议,"领导您好,我是一名小学生家长。孩子目前上小学,按道理不应该有书面家庭作业,现在作业负担不重,睡眠也充足,我们家长很感激。但是看到周围一些家长以前反映过作业多、老师要求家长批改作业的情况,我们心里还是有点担心,怕以后作业负担又加重了。我们两口子文化程度不高,工作也比较忙,辅导孩子学习确实吃力。现在孩子参加了学校的课后服务,希望课后服务能真正发挥作用,比如指导孩子完成作业、开展一些文体活动,而不是让孩子干坐着或者变成变相上课。也请领导督促学校严格执行作业管理规定,不要通过手机布置作业或要求家长批改,让我们家长能安心工作,孩子也能健康成长。谢谢领导。"
E904970DFD30C49F56595AE993747A9DFF3497EB28CB5998913144142AA040AF,希望开学后继续落实小学低年级不布置书面家庭作业,"领导您好,我是西部城镇一名小学生家长。孩子现在读小学低年级,学校是公办非重点,离家近,平时睡眠时间比较充足。这个暑假孩子参加了学校课后服务,书面作业情况符合规定,我们比较放心。但作为家长,看到身边过去一些学校存在作业写到很晚、班级群里频繁发练习题、让家长批改作业的现象,心里还是担心开学后作业负担反弹。我们家庭经济条件一般,父母都要上班,家里人多,照看孩子精力有限,希望教育部门能持续监督学校严格执行低年级不布置书面家庭作业的规定,不要通过QQ群、微信群变相增加作业,也不要让家长承担批改任务。同时希望学校课后服务能真正用于作业辅导和有益活动,而不是变相补课,让孩子能保持充足睡眠,健康成长。"
D283F9794F429FBFFBC9310439BDC8113CF4F9166B01508E042A4AF364E80FE0,关于暑期课后服务和作业负担的几点担忧,"领导您好,我是一名小学生的家长。我们住在西部城镇,夫妻都要上班,家里人口多,经济上也不宽裕。今年暑假孩子参加了学校的课后服务,解决了我们白天没法看护的大问题,但我们也有些担心。一是希望课后服务不要只是把孩子集中看管,能真正安排一些阅读、文体或作业辅导,让孩子有收获;二是担心开学后书面作业总量反弹。我们身边前几年有家长反映过作业写到很晚、老师让家长在群里批改、课堂作业带回家做的情况,我们很怕这些问题又出现。现在虽然规定孩子这个年级原则上不布置书面家庭作业,但学校落实程度不一样,希望领导督促学校持续按总量和时长要求执行,别把批改和辅导压力都转给家长。我们收入一般,也没有参加校外培训,更希望学校课后服务能把基础看护和作业指导做实,减轻双职工家庭的负担。谢谢。"
6A678CBEEA9599F056AE18A4BD739F95795535029C1B50C48F852B5212447FBA,希望开学后继续落实小学低年级不布置书面家庭作业,"领导您好,我是西部城镇一名小学生家长。孩子现在读小学低年级,学校是公办非重点,离家近,平时睡眠时间比较充足。这个暑假孩子参加了学校课后服务,书面作业情况符合规定,我们比较放心。但作为家长,看到身边过去一些学校存在作业写到很晚、班级群里频繁发练习题、让家长批改作业的现象,心里还是担心开学后作业负担反弹。我们家庭经济条件一般,父母都要上班,家里人多,照看孩子精力有限,希望教育部门能持续监督学校严格执行低年级不布置书面家庭作业的规定,不要通过QQ群、微信群变相增加作业,也不要让家长承担批改任务。同时希望学校课后服务能真正用于作业辅导和有益活动,而不是变相补课,让孩子能保持充足睡眠,健康成长。"
9AE6D417175919027EEE4F55DB10B25E142F0100109115508282B3E7C9EF2683,关于暑期课后服务加强作业辅导与内容质量的诉求,"领导您好,我是西部城镇一名小学生的家长。我们夫妻俩都在上班,家里人口多,照顾孩子精力有限。这个暑假孩子参加了学校课后服务,每天时间不短,但我们担心课后服务主要是看管,缺乏有针对性的作业辅导和兴趣活动。我们自己文化水平有限,工作也忙,孩子作业如果带回家很难指导;听说有的地方还存在作业多、让家长批改的情况,我们很担心。希望领导督促学校把课后服务真正办好,多安排老师辅导孩子完成作业,开展一些合适的文体活动,让孩子在校内完成作业,减轻家庭负担,也让我们双职工家庭更安心。"
3D7FEA258F9D017EF9D3A3860B4B2539200CB6F4044241444CCC3E9B39FFB64A,希望开学后继续落实小学低年级不布置书面家庭作业,"领导您好,我是西部城镇一名小学生家长。孩子现在读小学低年级,学校是公办非重点,离家近,平时睡眠时间比较充足。这个暑假孩子参加了学校课后服务,书面作业情况符合规定,我们比较放心。但作为家长,看到身边过去一些学校存在作业写到很晚、班级群里频繁发练习题、让家长批改作业的现象,心里还是担心开学后作业负担反弹。我们家庭经济条件一般,父母都要上班,家里人多,照看孩子精力有限,希望教育部门能持续监督学校严格执行低年级不布置书面家庭作业的规定,不要通过QQ群、微信群变相增加作业,也不要让家长承担批改任务。同时希望学校课后服务能真正用于作业辅导和有益活动,而不是变相补课,让孩子能保持充足睡眠,健康成长。"
A602C29DE06F70E2126CB071B4F3C43115C67475AA5941B5E54CBE1961E3F851,关于学校课后服务别变相增加作业的请求,"领导好,我是一名小学生家长,孩子目前参加学校的课后服务。现在书面作业看起来是按规定控制的,但我们周边以前有家长反映过作业写到很晚、老师在群里要求家长批改的情况,所以心里一直不踏实。暑假期间学校提供课后服务,我们双职工家庭确实需要,但担心学校把这段时间用来补课或布置额外作业,反而增加孩子负担。希望领导督促学校严格落实作业总量和时长要求,课后服务多安排体育、阅读、手工、艺术等活动,别变成变相补课;同时保障师资和经费,让城镇普通学校的孩子也能真正受益。谢谢。"
2ADB2A4099DD40F95058B239365C7EBE2A26815B4601F3A855981ACC3750BA27,希望新学期农村孩子能公平享受减负政策,"领导您好,我是一名农村初中学生的家长。暑假里孩子作业不多,我们很满意。但马上要开学了,我心里有些担忧。听说有的地方学校老师会变相要求学生购买指定教辅资料,不买就批评;还有老师偷偷办家庭辅导班,不参加的学生问问题就说辅导班上讲过了。我们家经济条件不好,我和孩子爸爸都在打工,时间很紧,实在承担不起这些额外开销。现在外面培训班收费高,我们农村家庭很难承受。我担心新学期学校也会出现类似情况,加重我们负担,让农村孩子受委屈。另外,学校离家远,父母都上班,接送很困难,希望领导能关注农村孩子上重点学校的交通和课后服务问题。恳请领导协调教育部门,加强对学校办学行为的监管,让减负政策真正落实到农村孩子身上。"
2571FA00F9C2C421CF9DBE02758CE6F3BF80A8CF2706B1097EFD4DA3F04B59EE,关于农村初中课后服务与作业管理的期盼,"领导您好,我是一名农村初中学生的家长。我家经济条件一般,我和孩子妈妈都要上班,暑假里孩子没人照看,马上开学后下午接送和辅导作业也让我们很犯难。孩子学校是公办的重点学校,但我们农村这边教育资源还是紧张。听说现在要求学校统筹作业总量、提供课后服务,我们很希望新学期能真正落实,让孩子在学校把作业写完,有老师辅导,我们下班接也方便。同时,也担心个别老师把课后服务变成变相补课,或者要求学生到指定书店买资料,不买就另眼相看。恳请领导关注我们农村初中的实际困难,督促学校规范作业和课后服务,减轻家长负担。谢谢。"
18BC4A1DD4336C110B0FE827F2692A7D568D21F0E77D875F66C7EBEAA57CB397,关于乡村学校课后服务覆盖和减轻校外培训负担的请求,"领导好,我是东部乡村一名初中学生的家长。家里经济条件不好,我和孩子爸爸都在打工,时间很紧,文化也不高,辅导孩子作业很吃力。孩子现在还在上校外学科培训,每月费用对我们来说压力很大,但不补又怕孩子跟不上。这个月孩子没有参加学校的课后服务,我们很希望学校能在春季开学后提供或扩大课后服务,让孩子放学后能在校内完成作业、有老师辅导,这样我们就不用再花那么多钱去外面补课,也能减轻接送和经济负担。另外,也希望政府能继续关注校外培训收费问题,避免负担进一步加重。谢谢。"
F1EE548E2B0DCE05CC1D68C20C99E81982B91E2A444B03F4B6CEA0D29E2E848F,希望加强农村初中课后服务辅导实效,"领导您好,我是东部农村一名初中生家长。我们两口子都在外打工,家里经济条件一般,自己文化程度不高,辅导孩子学习很吃力。现在孩子参加了学校课后服务,作业量也符合规定,但我们心里还是不踏实。学校课后服务虽然每天有,但更多是看着孩子写作业,缺少针对薄弱学科的讲解。孩子数学英语底子差,我们只能继续给他报校外补习班,虽然费用比过去降了些,可对我们家来说还是一笔不小开支。我们担心开学后课后服务还是老样子,孩子校内学不透,回家我们又教不了,只能靠花钱补课。希望领导能督促学校把课后服务做实,多安排老师针对农村孩子基础薄弱的地方进行辅导,真正减轻我们家长的经济和时间负担。谢谢。"
043FF7E03F7E4DA0F8B152475C0E0E47103CBA6FCAEF4F27CDED3CC34232DD22,关于减轻农村初中生暑期校外培训负担的诉求,"各位领导好,我家孩子今年上初中,家在乡下,经济条件不好,我和孩子爸爸平时都要上班,暑假时间很紧。孩子这个月的书面作业量符合规定,也没有参加学校课后服务,但目前还在外面参加学科类辅导,收费跟以前差不多,对我们来说压力不小。我们担心辅导班会变相增加资料费或者其他收费,心里不踏实。孩子以后想读高中或者职高,我们不想因为经济和时间问题耽误他学习。希望政府能关注农村初中生暑期参加校外培训的负担,加强对培训收费的监管,同时能否协调学校或社区提供一些公益性的暑期学业辅导和看管,减轻我们这样的家庭压力。谢谢。"
996D63FDCA736E77F0A8D0B9461CB732E1EA1408D1EE0BA83DC0ED3653ADD3D1,农村初中课后服务别成变相补课,"领导您好,我家孩子在农村一所公办初中读书,家里条件不太好,我们两口子平时工作,时间比较紧,辅导孩子学习不多。现在学科培训班少了,我们孩子已经没上外面的补习班,就指望学校的课后服务能给孩子补补课、管管作业。但心里还是有点不踏实,听说有的地方老师会在课后服务里暗示学生参加自己私下的辅导班,不参加的就不怎么管,甚至变相让学生买指定资料。我们这些农村家长文化不高,经济也不宽裕,真怕孩子在学校得不到公平对待。希望领导能关注一下农村学校课后服务的实际质量,加强监管,别让课后服务变成变相收费或者补课的幌子,让农村孩子也能享受到实实在在的课后辅导。"
2A5B4513421B75096191C185A3DBD778AABA8C34CDC50FBE371742D342EEC10D,关于减轻农村初中生暑期校外培训负担的诉求,"各位领导好,我家孩子今年上初中,家在乡下,经济条件不好,我和孩子爸爸平时都要上班,暑假时间很紧。孩子这个月的书面作业量符合规定,也没有参加学校课后服务,但目前还在外面参加学科类辅导,收费跟以前差不多,对我们来说压力不小。我们担心辅导班会变相增加资料费或者其他收费,心里不踏实。孩子以后想读高中或者职高,我们不想因为经济和时间问题耽误他学习。希望政府能关注农村初中生暑期参加校外培训的负担,加强对培训收费的监管,同时能否协调学校或社区提供一些公益性的暑期学业辅导和看管,减轻我们这样的家庭压力。谢谢。"
F9910CDD4C4099EC489341BD67EDB9C3FB4FEC6BB0A3AAD35C7AE3376441667D,关于乡村初中课后服务质量的诉求,"我是东部乡村一名初中生家长。家里经济条件一般,我和孩子爸爸都要上班,暑假照看孩子、辅导学习都很吃力。现在孩子在学校参加课后服务,作业量也符合要求,这些我们很感激。但我心里一直不踏实:以前就听说过有老师借办辅导班、指定资料等名义变相增加负担,我们农村家长不太懂怎么监督。希望领导能多关注农村初中的课后服务,别让它只停留在“有人看管”,而是真正利用起来,给孩子补补基础、讲讲学习方法,安排一些阅读、体育和兴趣活动。现在学科培训班少了,孩子暑假更需要学校托得住、教得好。也请加强对变相收费、变相补课行为的日常监管,别让我们这些经济不宽裕、时间又紧的家庭既花了冤枉钱,又耽误了孩子。"
7E0BB5B72FBA4C5974BF2CC930E78E72BDBF3E5E62A630E847F2D42504C3F38D,关于减轻农村初中生暑期校外培训负担的诉求,"各位领导好,我家孩子今年上初中,家在乡下,经济条件不好,我和孩子爸爸平时都要上班,暑假时间很紧。孩子这个月的书面作业量符合规定,也没有参加学校课后服务,但目前还在外面参加学科类辅导,收费跟以前差不多,对我们来说压力不小。我们担心辅导班会变相增加资料费或者其他收费,心里不踏实。孩子以后想读高中或者职高,我们不想因为经济和时间问题耽误他学习。希望政府能关注农村初中生暑期参加校外培训的负担,加强对培训收费的监管,同时能否协调学校或社区提供一些公益性的暑期学业辅导和看管,减轻我们这样的家庭压力。谢谢。"
D3694461F7D68264A869618BC0A4A9E8E1B3DB0C5CC10809CC1077FFB63D4FE3,关于乡村学校课后服务质量和监管的诉求,"领导好,我是农村一名初中生的家长。我们两口子都在打工,家里经济条件一般,文化水平也不高,辅导孩子作业很吃力。现在孩子参加了学校的课后服务,暑假也在学校托管,我们确实省心不少,但心里还是有些担心。农村学校资源有限,课后服务会不会只是把孩子看管起来,作业辅导和兴趣活动跟不上?也怕有人借着课后服务的名义让孩子买资料、变相交费,或者变成变相补课。以前听说过有的老师私下办班、指定买书的事,我们不想这种现象换个形式再出现。希望领导能督促学校把课后服务做实,真正辅导作业、开展一些文体活动,收费公开透明,减轻我们打工家庭的压力。开学后也请继续关注作业量,别超过规定时间,让孩子能睡够觉。"
E6D4C656C1093F54F9479E2AEB5C12E4E6A6E791C7FAD7A8C3837EB33A93157E,请关注乡村初中教师校外办班并规范作业管理,"领导好,我是中部乡村的一名初中生家长。孩子现在放暑假,我留意到孩子这个月书面作业的情况和规定的时长不太一致,心里有些担忧。我们家庭条件一般,孩子也没上过校外的学科辅导班,就靠着学校老师好好教。以前听说过有些初中老师自己在外面办辅导班,精力分散,对班里的孩子不公平。我很担心我们这里也有类似情况,既影响课堂质量,又可能让孩子作业负担不合理。希望领导能督促学校加强管理,规范作业安排,同时查一查有没有老师在校外办班影响教学的问题,让乡村孩子也能得到公平、有质量的教育。"
F8BE02D765F8536DB59F493B3BB4F599037C946081335B37122BF39649CE4DBF,关于规范初中暑假作业和课后服务的诉求,"领导您好,我是农村一名初中生家长。暑假以来,孩子学校布置的书面作业量偏大,每天做作业经常超过规定的一个半小时。我们家经济条件一般,没有给孩子报校外辅导班,孩子只能自己在家写,有时候写到很晚,虽然睡眠时间还算够,但明显感觉孩子压力大,玩和休息的时间被挤占。我们担心开学后作业还会更多。听说现在要求学校控制作业总量,还要求开展课后服务,帮学生在校内完成部分作业。希望领导能督促学校在暑假期间也合理调整作业量,开学后真正把课后服务利用起来,让孩子在学校把作业问题解决了,回家能轻松一点。另外,也担心个别老师把精力放在校外办班上,影响正常教学。恳请领导关注我们乡村孩子的学习负担。"
B09B004E6AB27EFC880BB21759098F1E911DD2E630A49A55FE485AA7917B2A25,关于减轻初中生作业负担和规范课后服务的请求,"领导您好。我家孩子在读初中,不是毕业班。这个月孩子参加了学校课后服务,但我们发现书面作业情况已经不符合初中生每天作业平均完成时间不超过90分钟的规定。我们家里人口多,经济条件一般,家长文化水平不高,辅导作业很吃力。孩子平时睡眠时间不算少,但如果作业长期超标,我们担心开学后会睡得更晚,影响身体发育。课后服务本来应该用来完成作业或开展活动,现在孩子参加之后作业情况还是不符合规定,我们担心课后服务没有真正起到减负作用。我们更担心出现有些地方的情况,老师把精力放在校外补习班上,对不参加补习的孩子不闻不问,那样吃亏的还是我们农村普通家庭的孩子。希望领导能重视初中学校作业管理和课后服务监管,督促学校把作业量控制在90分钟以内,课后服务不要变成变相加课,让孩子能早点休息,健康长大。"
F5122D6D72E21D1F2333A32B2240F0C6574FE7B8BE30DCD3D08600FE0C6B6511,关于农村初中生作业超时和课后服务质量的诉求,"领导您好,我是中部乡村一名初中生的家长。孩子正上初中,家里条件一般,但很看重学习。这学期学校课后服务每天都开,孩子也参加了,可这一个月下来,书面作业还是经常超过规定时限,有时晚上要写到很晚,第二天起床都困难。我们担心学校虽然安排了课后服务,但老师没有真正利用好时间辅导作业,或者作业总量没有统筹好。乡村学校资源本来就不多,以前也听别的地方家长反映过个别老师精力分散、课后服务走形式的情况。希望领导能督促学校真正落实作业管理和课后服务要求,把作业量控制住,提高课后服务质量,让孩子能在校内完成大部分作业,回家能早点休息,保证睡眠。谢谢领导关心。"
1EBCF2E5053821D562EC62D01E73DA4185C11533626749864DB73077EBAEFF55,关于农村初中课后服务与作业管理的求助,"我是一名中部农村初中生家长。孩子这个月参加了学校课后服务,但我们了解到孩子本月书面作业情况不符合当前年级规定的时长要求。家里条件一般,孩子多,我们也没给他报过学科培训班,只盼课后服务能帮着辅导作业、答疑解惑。可从身边一些家长经历看,有的学校课后服务没利用好,甚至有个别老师把精力放在课外办班上,对不参加的学生不闻不问。我们很担心开学后作业负担加重,课后服务起不到减负作用。希望领导督促学校严格落实书面作业不超过90分钟的规定,管好课后服务质量,让老师把心思放在课堂教学和作业批改上,别让农村孩子越学越累。"
2DFCFB2DE197045344EC741A557ECC38345A3A87A0D23A498778318C41C1EAFB,关于初中生作业负担与课后服务落实的诉求,"领导好,我是中部乡村一名初中学生的家长。孩子目前读初中非毕业年级,这个月学校课后服务每天都参加,但书面作业仍然没有达到规定的90分钟以内,经常写到很晚。我们家庭经济一般,也没有给孩子报校外培训班,就指望学校课后服务能辅导作业、减轻负担。可是现在课后服务看起来只是把孩子留在学校,作业问题并没有解决,孩子回家还要继续赶作业,睡眠时间也受影响,我们做家长的心里很着急。以前就听说过有学校老师精力放在外面补习班、校内作业辅导不认真的情况,我们也担心孩子遇到类似问题。希望领导能督促学校真正落实作业管理要求,把课后服务时间用好,加强校内作业指导,别让政策停留在纸面上,让孩子能早点完成作业、睡个好觉。"
9E4532C55351B9B79023239B23F3F017A2A6FF927081E8D147261887502FB7E4,关于农村初中课后服务与作业管理的求助,"我是一名中部农村初中生家长。孩子这个月参加了学校课后服务,但我们了解到孩子本月书面作业情况不符合当前年级规定的时长要求。家里条件一般,孩子多,我们也没给他报过学科培训班,只盼课后服务能帮着辅导作业、答疑解惑。可从身边一些家长经历看,有的学校课后服务没利用好,甚至有个别老师把精力放在课外办班上,对不参加的学生不闻不问。我们很担心开学后作业负担加重,课后服务起不到减负作用。希望领导督促学校严格落实书面作业不超过90分钟的规定,管好课后服务质量,让老师把心思放在课堂教学和作业批改上,别让农村孩子越学越累。"
B62D5A757493E848C002E2F32F9BF60EE0DDCC97381C8E99B6F84E6F263F25FB,关于农村初中暑期作业超时与课后服务需改进的反映,"领导好。我是中部农村一名初中生的家长。这个暑假,孩子所在的学校布置的书面作业明显不符合规定的时长要求,每天要花很长时间才能完成,经常写到很晚。虽然孩子参加了学校的课后服务,但老师在校内并没有有效辅导孩子完成作业,回到家还是要继续写,课后服务没有起到减轻负担的作用。我们家庭经济条件一般,也没有给孩子报外面的培训班,就指望学校能抓好。很担心这样下去孩子负担太重,影响身体和学习兴趣。希望领导能督促学校严格落实作业总量控制,提高课后服务质量,让农村孩子也能有合理的学习负担和良好的成长环境。"
2C83DA298D0F93E275E80EFFAC6535F7E35775C22AFAA5EF0AB2F3A0D5E5B17E,关于农村初中课后服务与作业管理的求助,"我是一名中部农村初中生家长。孩子这个月参加了学校课后服务,但我们了解到孩子本月书面作业情况不符合当前年级规定的时长要求。家里条件一般,孩子多,我们也没给他报过学科培训班,只盼课后服务能帮着辅导作业、答疑解惑。可从身边一些家长经历看,有的学校课后服务没利用好,甚至有个别老师把精力放在课外办班上,对不参加的学生不闻不问。我们很担心开学后作业负担加重,课后服务起不到减负作用。希望领导督促学校严格落实书面作业不超过90分钟的规定,管好课后服务质量,让老师把心思放在课堂教学和作业批改上,别让农村孩子越学越累。"
41B6AEE088749611E2089B524D1378172B2EFB875DCD9CB8A22AE73A7ABB0D91,关于农村初中课后服务和作业负担问题的反映,"领导好。我家孩子上初中,住在农村,家庭条件一般。这个月孩子参加了学校课后服务,可书面作业情况还是不符合规定时长。作为家长,我们不是反对学习,实在是担心长期这样孩子身体吃不消。以前就听说有老师在外面办班,精力没全放在校内,作业布置得多,孩子写到很晚,说了也没太大改变。现在学科培训班少了,我们更希望学校能把课后服务利用好,实实在在辅导孩子完成作业,而不是只是看管。马上要开学了,恳请领导督促学校严格执行作业时间规定,提高课后服务质量,管好个别老师,别让校内该解决的问题又推到家里。我们盼着孩子能睡够觉,学习有老师用心教。"
CAD842A7E1606290EF984B21A1ABB82F5D36E4EABD76383125423A6E70EDD181,希望减轻小学生作业和补课负担保障休息,"领导您好,我是一名小学生的家长。暑假期间孩子作业安排比较合理,我们挺放心。但结合身边一些学校的情况和以往经验,我们很担心秋季开学后学校会增加作业或安排补课,让孩子压力变大,休息时间不足。我们家长文化程度不高,辅导作业已经很吃力,如果学校再要求家长每天检查作业、拍视频打卡,真的应付不过来。希望领导能督促学校严格落实作业时间规定,不强制补课,让孩子有充足睡眠和自主学习时间。"
EE9B9B51322169C5F9692CE5D2916BCBC869E764F5B9DDEFD652CFDBC0C00A84,"希望开学后课后服务别变相补课,真正减轻负担","领导您好,我家孩子现在上小学,暑假快结束了,看到现在对课后服务有新要求,我们家长很高兴,但也有些担心。我们两口子文化程度不高,平时工作也忙,辅导孩子作业很吃力。目前暑假作业量符合规定,希望开学后也能保持。最担心的是学校课后服务变成统一补课或上新课,孩子被迫参加,放学后还得赶作业,休息和自主学习时间反而更少。我们这边以前听说过有学校周末补课,孩子累,作业也完不成,压力很大。真心希望学校能严格坚持自愿原则,课后服务多安排作业辅导、阅读、体育活动这些,而不是变相增加负担。也请不要把辅导作业的任务都推给家长,我们确实能力有限。希望领导能关注学校落实,让孩子放学后能轻松一点,家长也能安心工作。"
0D0E9E55CA52B95927AD1FCDDD10CABFDABBA6350F7E3C2772AB9D846AF42C12,关于规范小学课后服务保障孩子休息的建议,"领导您好,我是小学生家长。孩子这学期参加学校课后服务,目前作业量符合规定,但寒假后马上开学,作为家长有些担心。希望课后服务能真正用在作业辅导和自主学习上,不要变成变相补课或增加负担。孩子睡眠一直比较充足,不想因在校时间延长影响休息。我们家长文化水平不高,辅导作业吃力,希望学校能承担更多辅导责任,不要额外要求家长检查作业、录制视频。新学期请领导关注课后服务质量,让孩子有充足睡眠和自主安排的时间。"
4598ED707188779701CA2569545641FD69CF0C6DE3C5A41459DB36335CCA69EE,关于课后服务避免变相补课保障自主学习的诉求,"领导好,我是孩子家长。孩子这学期参加学校课后服务,学校是重点校,但我们对课后服务具体怎么开展还有些担心。政策要求课后服务自愿参加、内容多样,可我们怕学校把这段时间变成变相补课或者布置额外作业,反而挤掉孩子回家后的自主学习和休息。我们家长文化程度不高,辅导作业比较吃力,原本希望课后服务能提供有效的作业指导,让孩子在学校把作业基本完成,回家能有点自由时间。以前也听说过有的学校课后服务效率不高,甚至变相强制,希望领导能督促学校严格落实自愿原则,公开课后服务安排,保证内容质量,别让课后服务变成新的负担。"
8CB26D910C01EF9B7DECB81DFD3E3AE97ABF2889B1A7A5BD19B210A48D3CD007,"关注暑假课后服务内容,避免变相补课加重孩子负担","领导您好,我是小学生家长。孩子目前暑假期间参加了学校的课后服务,本月书面作业时间符合规定,这点我们很认可。但我们心里还是不踏实,从身边一些家长过去的经历看,学校课后服务有时会变成变相补课,或者把辅导检查作业的任务压给家长,孩子休息和自主学习的时间反而被挤占。我们夫妻都上班,家庭时间安排本来就不宽裕,如果课后服务内容偏重学科、增加隐性负担,孩子睡眠和假期放松都会受影响。希望领导能关注暑假课后服务的具体安排,督促学校合理设计内容,多些阅读、体育、兴趣活动,少些变相上课和额外作业,真正减轻孩子和家长的负担,让孩子暑假能喘口气,也能培养自主学习能力。谢谢!"
9707DC9E9BCB3A0FA45BB1AC645A72779A4781FD3E535C0479E682487AB8C8EC,关于规范学校课后服务内容避免变相补课增加学生负担的请求,"领导好。我家孩子在公办重点小学就读,父母都上班,暑假孩子参加了学校课后服务。政策要求课后服务自愿参加、内容多样,并加强校内作业指导,我们原本希望孩子能在学校完成大部分作业,回家能早点休息。但我们担心如果学校课后服务内容监管不到位,可能会变成统一上课或变相补课,老师也可能把检查作业、录制视频等任务转嫁给家长,导致孩子回家后还要写到很晚,周末自主学习和休息时间被挤占。目前孩子书面作业量还算正常,但长期下去怕影响睡眠。希望领导督促学校严格落实课后服务规范,不要把课后服务变成统一补课,也不要给家长增加辅导检查负担,让孩子真正有充足睡眠和自主学习时间。谢谢。"
35F5CBBEC8ECFA96F4BBD7CF6E9CE48E2E61E08AF14BEB09799E99657155FB5E,"关注暑假课后服务内容,避免变相补课加重孩子负担","领导您好,我是小学生家长。孩子目前暑假期间参加了学校的课后服务,本月书面作业时间符合规定,这点我们很认可。但我们心里还是不踏实,从身边一些家长过去的经历看,学校课后服务有时会变成变相补课,或者把辅导检查作业的任务压给家长,孩子休息和自主学习的时间反而被挤占。我们夫妻都上班,家庭时间安排本来就不宽裕,如果课后服务内容偏重学科、增加隐性负担,孩子睡眠和假期放松都会受影响。希望领导能关注暑假课后服务的具体安排,督促学校合理设计内容,多些阅读、体育、兴趣活动,少些变相上课和额外作业,真正减轻孩子和家长的负担,让孩子暑假能喘口气,也能培养自主学习能力。谢谢!"
8AB2208662E2E9785F1093CB59A2E4DA2CC16CFCD4AF1D108B2E735FE431CBC4,关于暑期课后服务不要变成补课、保障孩子休息的请求,"领导您好。我们家在城镇,夫妻俩都上班,孩子上小学,暑假看护有困难,学校提供课后服务我们很感激,孩子这个月也参加了。但我们有些担心,怕课后服务会变成集体补课或讲新课,孩子暑假休息和自主学习时间不够。我们文化程度不高,辅导能力有限,也不希望孩子暑假被补课占满。孩子平时睡眠时间比较足,作业量也还在规定范围内,我们不想因为课后服务把节奏打乱。恳请领导督促学校严格落实自愿参加和内容多样的要求,不要强制或变相强制参加,不要把课后服务变成补课或上新课,同时继续控制好书面作业时间,让孩子暑假能有一些自由安排和休息。谢谢。"
A4A31A289AE79A016189FD82AFD870F374370D4A382A619374291AC7655519B5,"关注暑假课后服务内容,避免变相补课加重孩子负担","领导您好,我是小学生家长。孩子目前暑假期间参加了学校的课后服务,本月书面作业时间符合规定,这点我们很认可。但我们心里还是不踏实,从身边一些家长过去的经历看,学校课后服务有时会变成变相补课,或者把辅导检查作业的任务压给家长,孩子休息和自主学习的时间反而被挤占。我们夫妻都上班,家庭时间安排本来就不宽裕,如果课后服务内容偏重学科、增加隐性负担,孩子睡眠和假期放松都会受影响。希望领导能关注暑假课后服务的具体安排,督促学校合理设计内容,多些阅读、体育、兴趣活动,少些变相上课和额外作业,真正减轻孩子和家长的负担,让孩子暑假能喘口气,也能培养自主学习能力。谢谢!"
10F8E68BC94521A4735595F6E0FD22ABBF7836E416E638B388D63BBBA4B9E3B4,关于学校课后服务不要变相增加孩子负担的建议,"各位领导好。我家孩子现在上小学,暑假期间也参加了学校的课后服务。我们夫妻都在上班,家里老人年纪也大了,学校能提供看护和辅导确实解决了我们的实际困难。但我们担心课后服务在实际执行中会变相成为补课或统一刷题,孩子已经在校时间很长,如果课后服务再上新课、讲卷子,晚上回家还要写作业,休息和自主学习时间就更少了。我们家长文化程度不高,辅导作业很吃力,希望课后服务能把更多时间用于校内作业指导和阅读、体育、兴趣活动,而不是继续加压。也希望学校严格坚持自愿原则,不要因为考核或出勤率变相强制所有孩子参加。孩子还小,睡眠和身体很重要,我们希望课后服务能真正落实多样化、自愿参加,让孩子放学后能喘口气。"
0FEA9DDC7CE65BC68CBE284C4D30F32EB74F06EB2C965F4519818567E5F036F3,关于小学作业超时加重双职工家庭负担的求助,"领导您好。我是一名中部城镇的小学生家长,孩子读小学,不是毕业年级。我和孩子妈妈都在上班,家里人口多,我俩文化程度不高,每天下班回家已经很晚,辅导作业非常吃力。这个暑假,孩子的书面作业情况没有达到现行的小学生书面作业平均完成时间不超过60分钟的规定,我们担心作业量偏大,孩子睡眠不足。更让我们揪心的是,我们担心有老师把心思放在课外补习上,对不参加补习的孩子会另眼相看。像我们这样经济条件差的家庭,上不起补习班,只能指望课堂。希望领导能督促学校严格落实作业管理办法,控制书面作业总量,让老师把精力放在课堂上,别把教学责任转嫁给家长。"
9C53CA84D65095D35AD2300F2635FE3EF66BA545EAAF8CF031F0317775C7C932,关于小学生书面作业负担和课后服务落实的求助,"领导好。我是一名小学生家长,家里经济条件一般,人口多,我和孩子爸爸都要上班,晚上能陪孩子写作业的时间很有限。这个月我们注意到孩子的书面作业情况好像没有达到规定的时长要求,我们不清楚是学校布置多了还是孩子动作慢,但确实有些吃力。孩子以前睡眠一直不错,我们很怕这样下去身体吃不消。现在都说要统筹作业、加强校内指导,还要把课后服务做好,但我们不清楚学校具体怎么落实。我们担心作业总量减不下来,课后服务又变成变相上课或者自愿不彻底,反而加重家长负担。另外,身边有家长在传,个别老师对没上过校外补习班的孩子关注不够,我们家孩子以前没参加过学科类辅导,现在校外培训管得严,我们更希望学校能把校内学习和课后服务抓好。恳请领导关注我们这类普通家庭的情况,督促学校严格执行作业时长规定,提高课后服务质量,让孩子在校内就能学好,减轻家长辅导压力。"
C6DABA9C390E0ECEE5A0279BB127CF7BABE9798A1B6070D7A07558FB5014FFE2,关于规范小学生书面作业与课后服务的请求,"各位领导好,我是本地一名小学生家长。孩子现在上小学,家里条件一般,我和孩子爸爸都要上班,家里人口多,时间很紧,文化程度也不高,辅导作业很吃力。这个月孩子参加了学校课后服务,但我们发现孩子书面作业时长跟当前年级规定的原则上不超过60分钟不太相符。我们说不清具体是学校布置多了还是别的什么原因,但确实让我们很焦虑。孩子没上过学科类补习班,我们听说以前有老师在外开补习班,对不上补习班的孩子另眼相看,心里更不踏实。希望领导能帮忙核查一下学校作业布置情况,督促按规范执行,也请关注教师有偿补课问题,别让像我们这样的普通家庭孩子被落下。"
413AE227CA7632F1A65D4A2341FAE201495AF937E9ECCA5AC576A500E2CD2886,关于孩子书面作业负担和课后服务的求助,"领导您好。我是一名小学生家长,家在经济条件比较一般的家庭,我们夫妻都要上班,家里人口多,晚上辅导孩子的时间和精力很有限。近期孩子每天在家完成书面作业的时间经常超过一个小时,和规定的小学生作业时长不一致,孩子睡得很晚,我们文化不高也辅导不了,心里很着急。学校虽然有课后服务,孩子也参加了,但回家后作业还是不少,感觉课后服务没有真正帮到孩子完成作业。我们担心这样下去孩子学习负担重,也影响身体。希望领导能督促学校严格执行作业总量控制,把课后服务用好,尽量让孩子在学校完成书面作业,减轻我们这样的家庭压力。谢谢。"
18EC2962A41291A37525A0AC24A741E015E38E6BE7474B67EE3B9EB1D007E8ED,关于小学家庭作业超时和课后服务效果的诉求,"领导您好,我是一名小学生家长。孩子现在上小学,我们家庭经济条件一般,两口子都要上班,家里孩子多,晚上回来都很累。这个暑假孩子参加了学校的课后服务,但最近感觉孩子的书面作业时间偏长,超过了规定的一小时,我们文化程度不高,辅导作业很吃力,如果作业太多,不仅影响孩子睡眠,我们也实在熬不住。另外,我们担心有老师把精力放在校外辅导班上,对不参加的孩子另眼相看,我们家庭负担不起那些费用,只希望孩子在学校能被公平对待,课后服务能真正帮孩子完成作业,而不是增加负担。恳请领导关注学校作业管理和课后服务质量,督促学校按规定布置作业,别让课后服务走过场,也请对教师违规办班补课行为加强监管,让普通家庭的孩子也能安心上学。"
80A6057D04895BF8A09709C91175F8C67F9EEEB87D7F13B279E90AAC42CB3121,关于小学课后服务与作业负担的反映,"领导好。我家孩子在小学读书,我们夫妻都上班,家里经济条件一般,文化水平不高,辅导作业很吃力。这个假期学校提供课后服务,孩子也参加了,但我们发现书面作业时间有时超过规定的一个小时,虽然孩子睡眠还能保证,但玩和阅读的时间少了。我们担心课后服务里的作业指导没有真正控制总量、提高质量。现在校外学科培训少了,我们本来也没上过,更希望学校能把课后服务做好,让孩子在学校完成大部分作业,减轻家长负担。希望领导督促学校严格落实作业时长规定,提高课后服务质量,别让课后服务流于形式。我们家长很焦虑,怕孩子跟不上,又无力额外辅导。"
A56BBE3F580694DD7FDA94DCD22E98FEAA02B4D73C29E2B5A371897FF0FF689F,关于小学家庭作业超时和课后服务效果的诉求,"领导您好,我是一名小学生家长。孩子现在上小学,我们家庭经济条件一般,两口子都要上班,家里孩子多,晚上回来都很累。这个暑假孩子参加了学校的课后服务,但最近感觉孩子的书面作业时间偏长,超过了规定的一小时,我们文化程度不高,辅导作业很吃力,如果作业太多,不仅影响孩子睡眠,我们也实在熬不住。另外,我们担心有老师把精力放在校外辅导班上,对不参加的孩子另眼相看,我们家庭负担不起那些费用,只希望孩子在学校能被公平对待,课后服务能真正帮孩子完成作业,而不是增加负担。恳请领导关注学校作业管理和课后服务质量,督促学校按规定布置作业,别让课后服务走过场,也请对教师违规办班补课行为加强监管,让普通家庭的孩子也能安心上学。"
D70BE409468F3D1A602EA05AF137FF7771552D5D61EBF93873338C16915F4F58,关于小学课后服务和作业管理的求助,"领导好,我是一名小学生家长,孩子现在读小学,这个月参加了学校的课后服务。但是最近我们发现孩子的书面作业情况不符合规定里小学不超过60分钟的要求,我们家长很着急。家里经济条件一般,我们两口子都要上班,晚上没多少时间辅导作业,孩子还小,我们担心长期这样会影响他的学习兴趣和身体。希望领导能督促学校真正把作业统筹和课后服务抓好,让老师在校内指导孩子完成作业,别让孩子把大量作业带回家。也请关注课后服务的质量,防止老师敷衍了事或者变相补课,保证每个孩子都能得到公平对待。"
BF337006D7C240382F2E4C49BEC8D9F673F6FCD7CA6C5B5A845F442EF13C9AD9,关于小学家庭作业超时和课后服务效果的诉求,"领导您好,我是一名小学生家长。孩子现在上小学,我们家庭经济条件一般,两口子都要上班,家里孩子多,晚上回来都很累。这个暑假孩子参加了学校的课后服务,但最近感觉孩子的书面作业时间偏长,超过了规定的一小时,我们文化程度不高,辅导作业很吃力,如果作业太多,不仅影响孩子睡眠,我们也实在熬不住。另外,我们担心有老师把精力放在校外辅导班上,对不参加的孩子另眼相看,我们家庭负担不起那些费用,只希望孩子在学校能被公平对待,课后服务能真正帮孩子完成作业,而不是增加负担。恳请领导关注学校作业管理和课后服务质量,督促学校按规定布置作业,别让课后服务走过场,也请对教师违规办班补课行为加强监管,让普通家庭的孩子也能安心上学。"
7B22F2E6E9F3CBD26EF1F58B2568F9A8496B1B8E8FF4FA1C387F7B9761180DA4,关于孩子暑期课后服务作业负担的反映,"领导您好,我是一名小学生家长。家里经济条件一般,我们夫妻都在外务工,文化水平不高,晚上到家也比较晚,辅导孩子写作业很吃力。这个月孩子参加了学校的课后服务,原本想着能在学校把作业完成,可孩子的书面作业情况仍不符合规定,回家后还要写较长时间。我们担心课后服务没有真正起到作业指导作用,也怕个别老师精力放在校外补课上,对不参加补课的孩子不够上心。希望领导能督促学校把作业总量和课后服务抓实,让孩子尽量在学校完成作业,减轻我们这种家庭的实际困难。"
45E66DEF8D0EA49EABE26A6F30806C718113AD0E4B5DF8DBB8675A0B61F64F6C,"暑期作业超时影响孩子休息,请求督促学校减负","领导好,我是西部农村一名小学生的家长。孩子正处在升学衔接年级,今年暑假学校布置的书面作业明显偏多,孩子每天写作业都要超过一个小时,有时甚至更久,和这个年级规定的不超过60分钟完全对不上。我们两口子都在上班,时间本来就紧,晚上回来看到孩子还在赶作业,心里很着急。孩子还在长身体,长期这样下去睡眠和健康都受影响。我们这里离学校又远,开学后如果还是这样,孩子更吃不消。希望领导能帮忙督促学校严格执行作业时间规定,合理控制暑假和平时作业量,让孩子能有足够的睡眠和休息时间。"
2DC39F457894900614D34134E70FED46D3497205C73B8D42B9EDB1DB8528C335,关于乡村小学生书面作业超时影响睡眠的诉求,"领导好,我家孩子在乡镇公办小学读升学衔接年级,家里大人都在上班,晚上时间很紧。这个月孩子书面作业完成时间经常超过60分钟,比规定上限还长,导致睡眠时间被压缩。孩子每天单程上学路程较远,我们很担心开学后作业继续加码,长期睡眠不足影响身体和学习。希望学校能真正统筹作业总量和设计质量,尽量利用课后服务时间指导完成一部分,不要把压力都推给家长。孩子马上要进入新阶段,恳请主管部门关注乡村非重点学校作业管理落实情况,让孩子有合理的学习和休息节奏。"
53ACA836D589AC0D62C37BA8D8991F5810870754D11768F4D30E79FCC6F6CC51,希望严格规范小学生书面作业时间,"领导您好。我家孩子现在读小学,正处在升学衔接年级,在乡镇的公办学校上学。这个月孩子的书面作业时间经常超过现在规定的一小时。我们夫妻都要上班,晚上回家后时间很紧,看到孩子还在埋头写作业,心里很不是滋味。孩子平时上学单程就要花不少时间,要是开学后作业还这么多,睡眠肯定不够,第二天上课也没精神,长期下去身体和学习都会受影响。我们也不是不重视学习,但更希望孩子能健康地成长。学校课后服务是参加了,可回家后的作业负担并没有减轻。希望领导能关注一下我们乡村学校的情况,督促学校在开学后严格落实作业时间要求,合理安排课后服务内容,别再让书面作业挤占孩子的休息和睡眠时间。谢谢。"
AF4A61D60BDB0D38998228F0CE6033D2AF5F521BBD88969AB13617F41FC44C86,关于农村升学衔接年级课后服务实效与成长的诉求,"我家孩子读小学毕业班,在村里公办学校,单程上学要花不少时间,我们两口子都在上班,照看时间很紧。这学期学校提供课后服务,孩子也参加了,但我们最担心的是服务质量。作为毕业班家长,孩子马上要升初中,可学校不是重点,周围资源感觉和城里差很多,心里一直没底。现在学科培训市场收缩,我们以前也没让孩子上过补习班,更希望学校课后服务能真正提供有效的学业指导,而不是简单看管。这个月孩子作业和睡眠还算正常,但担心进入初中后负担突然加重,尤其通学时间长,如果课后服务时间安排不合理,会影响休息和安全。希望领导能关注农村学校课后服务的师资和内容保障,对毕业班孩子多一些衔接帮扶,让农村孩子也能有公平的成长环境。"
FBB515357158CBC8C52D2A0B827EB18A85EEEE2FE3844B9E0945D6B11E1A0B47,关于控制升学衔接年级暑假书面作业量的建议,"领导您好。我是一名家住西部农村的家长,孩子正在读小学,即将进入升学衔接年级。这个月孩子参加了学校的课后服务,但我注意到孩子的书面作业情况不太符合当前年级的时长规定,我们家长心里很着急。孩子每天通学时间比较长,我们夫妻都在上班,时间上很难兼顾辅导,如果家庭书面作业再压下来,担心孩子长期睡眠不足,影响身体和第二天的学习状态。以前也听说过周围一些学校作业太多、孩子写到很晚的情况,我们很怕自己孩子也陷入这种处境。希望领导能督促学校严格落实作业管理要求,把书面作业时间控制在规定范围内,同时发挥好课后服务的作用,尽量让孩子在学校完成大部分作业,回家后能有一些自主阅读和休息的时间。孩子正处在长身体的关键阶段,又是升学衔接期,我们只希望孩子能有一个健康、合理的成长环境,不要被过重的作业压垮。"
AA51215381E63A57FE92414C5EFA2E00C7003E08CA5DDA00AB5C47BBBF1D6CE8,关于乡村学校课后服务质量的担忧与请求,"领导您好。我是西部乡村一名小学生的家长,孩子马上要升入衔接年级。我们夫妻都在上班,家离学校比较远,单程通学时间长,每天时间都很紧。这个月孩子参加了学校的课后服务,我们很感激,但也有些心里没底。学校是普通公办学校,师资和条件不如城里,我们担心课后服务只是把孩子集中看管,缺少有效的作业辅导和兴趣拓展。现在校外学科类培训也少了,我们家长文化程度不高,确实辅导不了。目前孩子作业时间没超过规定,但到了高年级以后,压力可能更大。希望领导能督促有关部门,对乡村学校的课后服务给予更多经费和师资保障,让课后服务不只是凑够时间,而是真正有内容、有质量,让孩子在升学衔接阶段不掉队。"
58430972A05675A88182B44C13D19A5E8ADF3CF98C89D90BE388AE6B4DC82781,关于控制升学衔接年级暑假书面作业量的建议,"领导您好。我是一名家住西部农村的家长,孩子正在读小学,即将进入升学衔接年级。这个月孩子参加了学校的课后服务,但我注意到孩子的书面作业情况不太符合当前年级的时长规定,我们家长心里很着急。孩子每天通学时间比较长,我们夫妻都在上班,时间上很难兼顾辅导,如果家庭书面作业再压下来,担心孩子长期睡眠不足,影响身体和第二天的学习状态。以前也听说过周围一些学校作业太多、孩子写到很晚的情况,我们很怕自己孩子也陷入这种处境。希望领导能督促学校严格落实作业管理要求,把书面作业时间控制在规定范围内,同时发挥好课后服务的作用,尽量让孩子在学校完成大部分作业,回家后能有一些自主阅读和休息的时间。孩子正处在长身体的关键阶段,又是升学衔接期,我们只希望孩子能有一个健康、合理的成长环境,不要被过重的作业压垮。"
46C34D727A8FA09CFFFE9097F6CC59D54094D9B08C53D085E1568BE6B234F9A5,关于农村升学衔接孩子课后服务和作业负担的担忧与请求,"领导您好,我是西部农村的一名小学生家长,孩子即将升入初中。我们两口子都在工作,平时时间很紧,家离学校也较远。这个暑假孩子参加了学校课后服务,目前书面作业还能控制在规定时间内,我们稍微放心一些。但看到周围一些初中孩子以前经常作业写到很晚,有的学校还要晚自习到九点半,孩子睡眠不足,放学路上也不安全,我们很担心孩子升入初中后也会这样。现在虽然有政策要求学校控制作业总量、加强课后服务,但我们农村学校条件有限,师资和经费能不能跟上,课后服务能不能真正帮助孩子在校完成作业,我们心里没底。希望领导能够督促教育部门加强农村学校课后服务保障,严格监管初中作业量和晚自习时间,让孩子有足够睡眠,放学时间能考虑我们农村孩子通学距离,避免交通安全隐患。这样我们家长才能安心工作,孩子也能健康地适应初中生活。"
237292C570E7E50701AA214B494FD69EA322C4EC70E6D2B5202EFE7F206D5745,关于控制升学衔接年级暑假书面作业量的建议,"领导您好。我是一名家住西部农村的家长,孩子正在读小学,即将进入升学衔接年级。这个月孩子参加了学校的课后服务,但我注意到孩子的书面作业情况不太符合当前年级的时长规定,我们家长心里很着急。孩子每天通学时间比较长,我们夫妻都在上班,时间上很难兼顾辅导,如果家庭书面作业再压下来,担心孩子长期睡眠不足,影响身体和第二天的学习状态。以前也听说过周围一些学校作业太多、孩子写到很晚的情况,我们很怕自己孩子也陷入这种处境。希望领导能督促学校严格落实作业管理要求,把书面作业时间控制在规定范围内,同时发挥好课后服务的作用,尽量让孩子在学校完成大部分作业,回家后能有一些自主阅读和休息的时间。孩子正处在长身体的关键阶段,又是升学衔接期,我们只希望孩子能有一个健康、合理的成长环境,不要被过重的作业压垮。"
FF7C8D3DC7CCFF6869184960D54D088F7032874B49396CC94F441A2A54063F5B,关于乡村小学课后服务时间与孩子通学休息矛盾的反映,"我是一名西部乡村小学家长,孩子即将升入衔接年级。按现行制度,课后服务每天不少于120分钟,我家孩子本月也参加了。但学校离家较远,单程通学时间较长,我们夫妻都上班,家庭时间很紧。现在暑假还好,可临近开学,我们很担心课后服务如果仍然固定到每天两小时,加上通学时间,孩子到家会接近天黑,吃饭、休息和家庭交流都受影响。我们理解课后服务是为了解决接送难和辅导难,但乡村情况特殊,希望领导督促学校在落实时考虑实际,提供弹性离校或分段选择,真正自愿参加,内容上多些阅读、体育和兴趣活动,不要变成统一补课或加作业。也希望持续关注乡村学校作业总量,避免升入衔接年级后作业突然增加,影响孩子睡眠和身体。"
A17F90290452E7815B39EF3093CC42D6DC8DCC8BB8394A067503BA49E1322003,关于小学阶段书面作业问题的反映,"尊敬的领导,您好。我是城镇一名小学生家长。孩子当前年级按规定不应布置书面家庭作业,但本月我留意到孩子仍有书面作业需要完成,这与政策要求存在出入。我们家庭经济条件一般,父母双方都要上班,文化程度有限,辅导作业比较吃力,也无力承担课外辅导。孩子平时睡眠较充足,若课后还要完成书面作业,可能会挤占休息和活动时间,影响身心发展。希望教育部门能核实情况,督促学校严格落实减负要求,让孩子有更多时间保障睡眠和锻炼。谢谢。"
898143F6A17626FE22650C45F0ACA109A600243BDB1FD5AA2537D5C1C7E1E599,关于减轻小学生假期作业负担并完善课后服务的求助,"领导好,我是一名西部城镇小学生的家长。我和爱人都在打工,经济条件一般,文化程度不高,辅导孩子学习很吃力。按照孩子年级的规定,本来不应该有书面家庭作业,但这个月孩子的书面作业情况并没有达到这个要求,我们很担心会影响孩子睡眠和假期休息。现在政策要求学校统筹作业总量、提高作业质量,希望领导能督促学校真正落实,不要给低年级孩子布置超标书面作业。另外,我们双职工家庭假期和放学后看护困难,希望学校课后服务能覆盖假期或延长到家长下班,内容上多些阅读、体育和兴趣活动,让我们能安心工作。谢谢。"
42CA341B373ED8CCBAA88774BF98A22B0477CD7CB60DECEA5302FA181387989E,关于小学生书面作业规定落实和课后服务需求的反映,"领导您好,我是一名西部县城的小学生家长。孩子现在读小学,按年级规定原则上不布置书面家庭作业,但这个月孩子的书面作业情况还是不符合规定。我们两口子文化程度不高,白天都在上班,晚上很难辅导,孩子睡眠时间本来比较充足,担心继续这样会影响休息和第二天的学习。我们家一直没有让孩子参加校外学科培训,孩子目前也没有参加学校课后服务,马上要开学了,我们这种双职工家庭下班晚,很担心开学后孩子放学无人看护。以前看到过一些学校执行政策不到位的情况,我们普通家庭最怕规定到了学校打折扣。希望领导督促学校严格落实该年级不布置书面家庭作业的要求,合理安排在校活动和课后服务,让孩子放学后能有时间运动、阅读、早点休息,减轻我们双职工家庭的负担。"
477F43A7BB9D1763465EAC43747220A706F1693815CB2BE5CBCF337EB29ED807,关于丰富小学课后服务内容的建议,"领导您好。我是西部城镇一名小学生的家长,我们两口子都要上班,文化程度不高,家里经济条件也一般。孩子现在上小学,这个年级按规定不布置书面家庭作业,我们很支持,但也担心孩子基础打不牢。现在孩子参加了学校的课后服务,我们放心一点,但也担心课后服务只是简单看管,没有真正让孩子学到东西。因为我们自己辅导不了,也没钱报外面的班,如果课后服务能有阅读、体育、兴趣活动或者适当的学习指导,孩子就能在学校得到更好的发展。希望领导能督促学校丰富课后服务内容,保障好老师和经费,把这项好事办好,让我们这样的家庭真正受益。"
545E5A367908BA2EBE52907119452C0C210C010D9C6010503EC32EC9C2403526,关于小学低年级书面作业管理问题的反映,"尊敬的领导:您好。我家住西部城镇,孩子就读公办小学低年级,家庭经济条件一般,我和家人文化程度不高,平时都在上班,照看孩子时间有限。现在暑假期间,按照相关规定,小学低年级原则上不应布置书面家庭作业,但孩子这个月的书面作业情况不符合这一规范,我们家长辅导能力有限,孩子也感到有压力。同时,学校暑期没有提供课后服务,家庭经济困难也无力参加校外辅导。希望领导能督促学校严格执行作业管理规定,不布置书面作业,减轻家长和学生负担,让孩子假期能好好休息,多参加体育锻炼和兴趣活动。我们也希望学校能在校内提供更多优质教育,减少我们对校外培训的依赖。谢谢。"
C27DCF3D5454F2805C3439193481895FA3EA3D11E4161A2C4EBF398DC52ECA0E,关于提升学校课后服务质量的建议,"领导您好,我是一名小学生家长,孩子就读于公办小学。我们家庭经济条件一般,我们家长文化程度不高,平时工作也比较忙,辅导孩子学习很吃力。这个暑假,孩子参加了学校的课后服务,解决了我们双职工家庭的看护问题,我们很感激。但我担心课后服务目前更多是看管,内容不够丰富,老师精力也有限,孩子在学校可能学不到太多东西。我们家孩子之前没有参加校外培训班,现在外面培训班也少了,我们更希望学校课后服务能提供作业辅导、阅读和兴趣活动,让孩子在学校的时间更有价值。特别是新学期开学后,希望领导能督促学校把课后服务做实做细,真正帮助到我们这样辅导能力不足的家庭,让孩子不因为家庭条件差而掉队。"
1DA51A640B713779FC71BA056EF1C94869255AD9C497E581C5E630BF8F7A9B91,关于小学低年级书面作业管理问题的反映,"尊敬的领导:您好。我家住西部城镇,孩子就读公办小学低年级,家庭经济条件一般,我和家人文化程度不高,平时都在上班,照看孩子时间有限。现在暑假期间,按照相关规定,小学低年级原则上不应布置书面家庭作业,但孩子这个月的书面作业情况不符合这一规范,我们家长辅导能力有限,孩子也感到有压力。同时,学校暑期没有提供课后服务,家庭经济困难也无力参加校外辅导。希望领导能督促学校严格执行作业管理规定,不布置书面作业,减轻家长和学生负担,让孩子假期能好好休息,多参加体育锻炼和兴趣活动。我们也希望学校能在校内提供更多优质教育,减少我们对校外培训的依赖。谢谢。"
2425F2B85B632D56CD40B3E3B413312619AB8D63E11A2B017E6DAB7F16178B34,关于提升城镇小学课后服务内容的诉求,"领导您好,我是一名小学生的家长,家在西部城镇,家庭经济条件一般,我们夫妻都要上班,暑假里孩子主要参加学校的课后服务。以前没给孩子报过学科类辅导班,现在校外培训选择也少,我们文化程度不高,辅导不了孩子。学校不是重点校,资源有限,我们担心课后服务只是看管,老师顾不上指导作业,也没有兴趣活动。孩子睡眠一直比较充足,我们也希望他将来能考上大学,但光靠我们家庭很难给孩子更多支持。希望领导能关注我们这类普通城镇小学的课后服务实际质量,加强师资和经费保障,丰富服务内容,真正减轻双职工低收入家庭的负担,让孩子暑假过得充实、安全。"
427E1CF0F53F2DC3206AFF6EE0FF58AE455FEF7951E3F9ECEB721B47AD0C350F,关于小学低年级书面作业管理问题的反映,"尊敬的领导:您好。我家住西部城镇,孩子就读公办小学低年级,家庭经济条件一般,我和家人文化程度不高,平时都在上班,照看孩子时间有限。现在暑假期间,按照相关规定,小学低年级原则上不应布置书面家庭作业,但孩子这个月的书面作业情况不符合这一规范,我们家长辅导能力有限,孩子也感到有压力。同时,学校暑期没有提供课后服务,家庭经济困难也无力参加校外辅导。希望领导能督促学校严格执行作业管理规定,不布置书面作业,减轻家长和学生负担,让孩子假期能好好休息,多参加体育锻炼和兴趣活动。我们也希望学校能在校内提供更多优质教育,减少我们对校外培训的依赖。谢谢。"
9B9FB022EE9E199993A3F20F58735AB827F1D75538DD098E45C45D2637EB694D,"希望加强学校课后服务质量,缓解普通家庭焦虑","领导好,我是一名小学生家长,家在西部城镇,家庭经济条件一般,我和孩子妈妈都要上班,文化程度不高,辅导孩子学习比较吃力。孩子现在上小学,不是毕业年级,目前参加了学校的课后服务。我们很感谢有这个安排,解决了放学后没人接的难题。但快到新学期了,我们有些担心:课后服务每天两个多小时,学校能不能真正利用好,不只是让孩子坐在教室等家长?我们希望课后服务能多开展阅读、体育、科普或兴趣活动,也适当指导孩子学习习惯,因为家里真的没有条件再给孩子报外面的兴趣班或辅导班。另外,我们也听说附近有的小学班级人数多,老师忙不过来,担心中间会不会影响课后服务质量。希望领导能督促学校把课后服务做实,保障好老师和经费,让我们这样的普通家庭孩子也能在学校里得到比较好的照看和成长。"
E93737B39740D19509998F3B5B8A6FE51990416F4D5FE16675F31DE48F4956CA,关于减轻农村小学生书面作业负担的请求,"领导您好,我是一名小学生的家长。我们住在农村,家里条件一般,我和孩子妈妈都要打工,老人也帮不上太多。孩子现在这个年级按道理是不该有书面家庭作业的,可最近还是发现孩子有书面作业,我们很担心。以前也听别的家长说过,有的学校作业多,还要家长辅导、检查,我们文化不高,怕开学后更吃不消。希望领导能督促学校真正落实减负要求,不要布置书面家庭作业,也别让家长批改作业,让孩子能早点休息,健康长大。"
EFD9F8BB76A0F72447ECEFD554576CDA622E7A4D405F2CEA1699F88BB75D9245,"建议规范农村小学家庭作业,减轻家长负担","领导您好,我是西部农村一名小学生家长。孩子还没到升学年级,按理说现在不应该有书面家庭作业,可这个月孩子的作业情况已经不符合要求,我们很担心开学后作业负担更重。家里条件一般,我们两口子都在外打工,老人辅导不了,孩子自己写得很晚,怕影响身体。听说现在国家要求学校统筹作业总量、加强校内指导,还鼓励学校开展课后服务,可农村学校往往落实得慢。希望领导能关注乡村学校,督促老师按政策布置作业,别把作业转给家长,尽量让孩子在学校完成,让家长少些负担,孩子也能睡个好觉。谢谢。"
B01B93DF2BBD195882B539734B07CFD3B90905EDE46D3B5CF18C87788B9B3AE8,请求督促学校落实低年级不布置书面家庭作业的规定,"领导您好,我是西部地区一名农村小学生的家长。孩子现在就读小学低年级,按照要求这个年级原则上是不布置书面家庭作业的,但最近家里发现孩子还是经常带着书面作业回来写,我们家长文化程度不高,辅导起来非常吃力,家里人多事杂,实在顾不过来。以前也听说过有老师让家长在群里批改作业的情况,我们很担心自己做不到。希望领导能帮忙督促学校严格执行作业管理规定,少布置或不布置书面家庭作业,让孩子能在学校完成学习任务,不要把我们家长的负担也加上去。谢谢!"
C25070436C2D10D131A0E37A487DF63CD6A25FC99D846873EA88759830E08750,希望规范农村小学作业和课后服务,"领导好,我是西部农村的一名小学生家长。我家孩子正上小学低年级,按道理这个年级是不应该有书面家庭作业的,可这个月我们了解下来,孩子的书面作业情况还是不符合这个规定,我们家长心里很不踏实。我们两口子都在上班,家里人口多,经济条件也不宽裕,我们文化程度不高,辅导孩子作业确实很吃力。以前也听附近家长说起过作业写到很晚、老师在群里让家长批改的事,我们担心孩子也遇到类似的负担。现在孩子虽然参加了学校课后服务,但我们不清楚课后服务是不是真的在辅导孩子完成学习任务,还是只是简单看管。我们希望领导能督促学校严格落实作业规定,把课后服务的内容和质量抓起来,让孩子在学校就能把作业和复习做好,减轻我们农村家长的负担和焦虑。谢谢。"
3C4D6C415D1AD1D4A0D16115C5ACB1A880602B0850731EDA4B0F41BB364F4D46,关于减轻乡村小学生暑假书面作业负担的请求,"领导您好,我是西部乡村一名小学生的家长。现在放暑假,孩子这个年级按规定不应有书面家庭作业,但我们发现孩子本月仍有书面作业要完成,心里很着急。我们夫妻都在外打工,家里老人和孩子多,我本人文化不高,辅导作业实在吃力。以前也听说有的学校作业布置多,孩子写到深夜,老师还让家长在群里抄题、批改,我们担心自己孩子也会这样。恳请领导督促学校和有关部门严格执行作业管理规定,核查是否存在变相布置书面作业或把批改责任转给家长的情况,让孩子暑假能真正轻松一些、睡眠充足一些,也减轻我们家长的负担。谢谢。"
1FBD3AE5227B3E008537B79867AA4429455CF779D8E5781E779849CCC6E76A8D,关于乡村小学生书面作业减负的请求,"领导您好,我是一名西部乡村小学生的家长。我们夫妻都在工作,家里老人多,经济条件一般,我本人文化程度也不高,能辅导孩子学习的力量有限。孩子正在上小学,按照年级规定应该是原则上不布置书面家庭作业的,但最近一个月感觉孩子的书面作业情况还是没有达到应有的减负要求,让我们有些担忧。我们以前就常听说同省有家长反映孩子作业写到很晚、家长还要在群里批改作业的情况,现在心里也不踏实。孩子参加了学校的课后服务,我们原本以为这样能在学校把作业完成,回家轻松一点,但目前看来回到家还是有一些书写任务,我们辅导起来很吃力。希望领导能关注乡村学校作业减负的落实,督促学校严格控制书面作业量,真正把课后服务利用好,让孩子在校内完成学习任务,减轻我们这种文化程度不高、工作又忙的家长的负担。谢谢领导。"
DB1174F78E4470AD86C463F12F6135F7C822DDB6456E6DE9C6B75E2ECE3F573C,关于减轻乡村小学生暑假书面作业负担的请求,"领导您好,我是西部乡村一名小学生的家长。现在放暑假,孩子这个年级按规定不应有书面家庭作业,但我们发现孩子本月仍有书面作业要完成,心里很着急。我们夫妻都在外打工,家里老人和孩子多,我本人文化不高,辅导作业实在吃力。以前也听说有的学校作业布置多,孩子写到深夜,老师还让家长在群里抄题、批改,我们担心自己孩子也会这样。恳请领导督促学校和有关部门严格执行作业管理规定,核查是否存在变相布置书面作业或把批改责任转给家长的情况,让孩子暑假能真正轻松一些、睡眠充足一些,也减轻我们家长的负担。谢谢。"
861D2A0F09D76C3655996148790DEC818540EA812C27C92E172D5EB18A11B1E8,关于减轻农村小学生暑假作业负担和辅导困难的求助,"领导您好,我是一名农村小学生的家长。家里经济条件不好,我们夫妻文化程度都不高,平时还要上班,辅导孩子作业很吃力。这个暑假孩子书面作业情况不符合年级平时“原则上不布置书面家庭作业”的要求,我们担心开学后作业负担会更重,更没办法辅导。孩子虽然参加了学校的课后服务,但暑假期间的作业辅导还是跟不上。希望政府能督促学校真正落实作业减负要求,不要给家长布置批改任务,并利用课后服务或暑期托管提供作业辅导,减轻我们农村家长的负担。"
F33110A6D4D1FAC34437FF230563A7B8370C6D468EC3EB900E69A3F029D1F71D,关于减轻乡村小学生暑假书面作业负担的请求,"领导您好,我是西部乡村一名小学生的家长。现在放暑假,孩子这个年级按规定不应有书面家庭作业,但我们发现孩子本月仍有书面作业要完成,心里很着急。我们夫妻都在外打工,家里老人和孩子多,我本人文化不高,辅导作业实在吃力。以前也听说有的学校作业布置多,孩子写到深夜,老师还让家长在群里抄题、批改,我们担心自己孩子也会这样。恳请领导督促学校和有关部门严格执行作业管理规定,核查是否存在变相布置书面作业或把批改责任转给家长的情况,让孩子暑假能真正轻松一些、睡眠充足一些,也减轻我们家长的负担。谢谢。"
A30643B8E49B4915855915B694289FB1A2937717679AE5E6C5A08ACF06145387,希望加强农村小学课后服务与作业管理,"领导您好,我是西部农村一名小学生家长。家里经济条件一般,我们两口子都在打工,文化水平不高,辅导孩子很吃力。这个暑假孩子在学校参加课后服务,我们原以为能减轻照看压力,可最近发现孩子仍然有一些书面作业,和现在这个年级原则上不布置书面家庭作业的要求不太符合。我们担心课后服务时间被用来集中写作业、讲题,甚至变相增加书面任务,最后又把辅导、批改的担子压到我们这些文化不高的家长身上。希望领导关注农村小学课后服务和作业管理,督促学校丰富课后服务内容,多开展阅读、体育、兴趣活动,别让课后服务变成第二个课堂,真正让孩子轻松一点,让家长少一点负担。"
9A1663CE1C79876CB598AE03ECBA4D2EBF3A935C0D76836E69FE97E7466AF3D7,关于落实小学不布置书面家庭作业和加强课后服务的诉求,"领导好,我是一名普通小学生家长,孩子就读公办小学。我们夫妻都在上班,家庭经济条件一般,文化程度也不高。孩子马上要开学了,最近发现孩子有书面作业的情况,和这个年级原则上不布置书面家庭作业的规定不太一致,我们有些担心,怕开学后作业会更多,影响孩子睡眠和休息。我们自己辅导不了,也没条件报校外班。希望学校能严格落实规定,不布置书面家庭作业,同时利用课后时间安排老师辅导或看护,这样既能解决我们双职工接孩子的困难,也能让孩子在学校完成学习,回家能好好休息。谢谢领导关心。"
401BD8C39608C8AD5042EA6C6C33246A5101B59F5D66777C169066E2AFF57DF9,关于小学低年级书面作业与课后辅导的诉求,"领导您好,我是一名小学生家长。孩子现在上小学,我们夫妻都在上班,家里经济条件一般,我俩文化水平也不高,辅导功课很吃力。最近发现孩子在家写书面作业的时间经常超过规定,本来说这个年级原则上不布置书面家庭作业,可实际感觉并没有完全做到。孩子睡眠时间虽然还行,但作业一多,我们晚上回来还要盯着,实在力不从心。听说现在学校有课后服务,希望新学期开学后,学校能真正把课后服务利用起来,让孩子在校内完成作业、有老师指导,不要都带回家。也请领导督促学校严格控制书面作业总量,不要让我们家长被迫另找辅导班,我们原来也没有上过学科培训班,经济上也承受不起。"
CD44A931F349209C53820F59B4BA6DDF1DCBC26BD0104291BEB19E185FD12DDF,关于小学低年级书面家庭作业负担的反映,"领导您好,我是一名小学生家长。孩子现在读小学,按照现行规定,他所在的年级是不应该布置书面家庭作业的,但最近我了解到孩子还是有一些书面作业要完成,而且花费的时间并不符合这个年龄段的规范。我们夫妻两个都要上班,家里经济条件也一般,没有能力额外给孩子报辅导班,只能靠学校。孩子每天参加学校的课后服务,我们本来以为课后服务能把作业解决掉,让孩子回家能早点休息、多睡一会儿,可如果书面作业不控制,课后服务也可能变成写作业的时间,孩子回家还是累。我们希望领导能督促学校严格落实规定,真正减少书面家庭作业,把课后服务用在阅读、运动或者兴趣活动上,让孩子放学后能轻松一些。我们家长文化不高,但也很重视孩子学习,只是希望孩子别被作业压得太累。谢谢领导。"
AC306FF8B551EF39067F02AAC929D0B4FE3E07B407DC05477437F2AFC10FAC27,关于提升小学课后服务质量与安全保障的建议,"领导好。我是一名小学生家长,孩子就读于公办小学,我们夫妻两人都在工作,家里经济条件一般,文化水平也不高。孩子现在参加了学校的课后服务,每天放学后能在学校待到比较晚,解决了我们接孩子的困难,我们很感谢。但作为家长,我们有些担心:课后服务时间虽然延长了,但内容是不是只是把孩子放在一起看管?学校按年级规定原则上不布置书面家庭作业,我们也不要求增加作业负担,只是希望老师能在课后服务里多给孩子一些学习辅导、作业答疑或者兴趣活动,而不是让孩子白白浪费时间。另外,我们听说有些学校班级人数比较多,孩子课间活动时容易磕碰,现在课后服务让在校时间更长,我们担心安全上能不能管到位。希望领导能督促学校把课后服务做好,真正让我们这样的家庭安心。"
C4219B84C03EA8B2E10FC9BE29A0A604F7C293C9E1411072FE5B5733442AB9DA,关于暑期小学生书面作业负担过重的建议,"领导您好,我是一名小学生家长。孩子目前上小学,暑假期间参加了学校课后服务。最近发现孩子书面作业较多,常常要写到很晚,超过了这个年级原本不布置书面家庭作业的规定。我们夫妻两人都在工作,文化水平有限,辅导孩子作业很吃力,孩子睡眠也受到影响,以前孩子睡眠时间比较充足,现在明显不够。希望领导能重视暑期小学生的作业负担问题,督促学校严格落实相关规定,减少或不布置书面家庭作业,让孩子假期能多休息、多活动。如果学校课后服务能多安排老师辅导或者开展一些兴趣活动,也能帮助我们这样的双职工家庭解决后顾之忧。"
488CB0B36D559512314FB6AF5D029D267F323E5DBCB71FFC3527A08101626C8D,关于提升小学课后服务学习辅导质量的建议,"领导您好。我是一名普通小学生家长,孩子现在上小学,学校按规定不布置书面家庭作业。我们夫妻都在外上班,文化程度不高,家里经济条件一般,也没有给孩子报任何学科培训班。这个月孩子参加了学校提供的课后服务,我们很感激,但也有些担心:课后服务会不会更多只是看护,缺少对孩子的学习辅导?像我们这样的家庭,自己没能力辅导,最希望孩子在学校能多学一点、把基础打牢。恳请领导关注课后服务的实际内容,督促学校在课后服务时段增加作业辅导、阅读指导和习惯培养,配好老师,让孩子真正受益,也帮我们家长减轻压力。"
AEAA1BB03EECB4A0239E72C8A268FF177ECD06B1853933F22D342AC14E0E96CD,关于暑期小学生书面作业负担过重的建议,"领导您好,我是一名小学生家长。孩子目前上小学,暑假期间参加了学校课后服务。最近发现孩子书面作业较多,常常要写到很晚,超过了这个年级原本不布置书面家庭作业的规定。我们夫妻两人都在工作,文化水平有限,辅导孩子作业很吃力,孩子睡眠也受到影响,以前孩子睡眠时间比较充足,现在明显不够。希望领导能重视暑期小学生的作业负担问题,督促学校严格落实相关规定,减少或不布置书面家庭作业,让孩子假期能多休息、多活动。如果学校课后服务能多安排老师辅导或者开展一些兴趣活动,也能帮助我们这样的双职工家庭解决后顾之忧。"
B6CD93F4DB41F27803B5C456A1632B50EDD657E8329E92936F9FF6D1541B80DF,关于提升小学课后服务质量的建议,"领导您好。我是小学生家长,家里双职工、文化程度不高,孩子今年参加了学校课后服务,我们很感激,但也有些担心。现在虽然低年级书面作业不多,但课后服务这两小时到底有没有老师真正辅导学习、开展有益活动,还是单纯集中看护,我们心里没底。希望上级能督促学校把课后服务内容做实,安排老师答疑、培养学习习惯,同时考虑安全,别让班级人数过多。我们经济条件一般,没有上过学科培训班,就盼着学校课后服务能帮孩子打好基础,也解决我们接娃和辅导的实际困难。谢谢。"
232ADBAB22926C5B4E810BF391ECD83C50A2F74C1D5C5B454F0715B2815D59DF,关于暑期小学生书面作业负担过重的建议,"领导您好,我是一名小学生家长。孩子目前上小学,暑假期间参加了学校课后服务。最近发现孩子书面作业较多,常常要写到很晚,超过了这个年级原本不布置书面家庭作业的规定。我们夫妻两人都在工作,文化水平有限,辅导孩子作业很吃力,孩子睡眠也受到影响,以前孩子睡眠时间比较充足,现在明显不够。希望领导能重视暑期小学生的作业负担问题,督促学校严格落实相关规定,减少或不布置书面家庭作业,让孩子假期能多休息、多活动。如果学校课后服务能多安排老师辅导或者开展一些兴趣活动,也能帮助我们这样的双职工家庭解决后顾之忧。"
F92B61639E9E1E9A3A8A7D35EF465704439CA44ED99A70F14AF2ECEE4A7C08FE,关于提升小学课后服务学业辅导质量的诉求,"我是东部城镇一名小学生的家长。我们夫妻文化程度不高,平日上班也忙,辅导孩子功课很吃力。现在孩子书面作业不多,但我们总担心基础打不牢,将来学习跟不上。这个月孩子参加了学校提供的课后服务,每天时间不短,但具体内容我们不太清楚。我们希望课后服务不要只是看护,能真正安排老师给孩子进行作业指导、查漏补缺,特别是语文数学的巩固练习。我们家庭经济条件一般,校外学科培训又收紧,没法另外花钱补课。如果学校课后服务能加强学业辅导,我们就安心多了。另外,也请关注一下班级人数和活动安全,避免发生拥挤磕碰。恳请领导重视,谢谢。"
E110BF301E615ADAA158A1C91846B59012B775B663708E3FA5008637EF917A68,关于小学开学后均衡分班和杜绝变相补课的诉求,"领导好,我是一名小学生的家长。孩子目前在公办重点小学就读,暑假书面作业时间符合规定,我们感到欣慰。但开学临近,我们有些担心:以往有学校在开学后按成绩分重点班、给部分学生周末“培优”并收费,或要求购买指定教辅,这些做法给孩子和家长都带来很大压力。我们家庭经济条件尚可,但更看重孩子身心健康发展。希望教育部门能继续严格监督,确保开学后学校均衡分班,不搞特殊化,不违规补课,不强制购买教辅,真正把减负落到实处,也让家长安心工作。"
0500B4DB9A796A914DC06BFC2261A9DE8E0C77A09A78742F2D52C626BE7F716C,关于小学课后服务不要变相增加负担的诉求,"领导好,我是一名小学生家长。孩子在西部的城镇公办学校上学,学校是重点学校。现在暑假,孩子作业不多,但我们很担心开学后的情况。政策规定课后服务要自愿、多样,解决家长接送困难,我们很支持。但以往听说过有的学校把课后服务变成集体上课、补课,或者要求全员参加,还有指定教辅、分重点班培优的情况。我们夫妻都要上班,家里老人照看,时间不算宽裕,本来希望课后服务能让孩子安全地完成作业、参加一些兴趣活动,但真怕学校借机增加学业负担。同时,之前给孩子报的学科辅导班,现在虽然还在,但我们也担心以后隐形变异培训更隐蔽、收费更高,反而加重家庭负担。恳请领导督促学校严格落实课后服务自愿原则,内容真的多样,不搞变相补课;也请加大对隐形变异学科培训的查处,让孩子能真正减负,健康成长。"
2636CB1A4A2BEB81900E0423E5B4F88053F8B8FDC564C5463FCAFCF2FEC18C09,关于小学课后服务与校外培训减负的建议,"领导您好,我是一名小学生的家长。孩子就读公办重点小学,目前书面作业时间符合规定,睡眠也较充足,但我们仍有些担忧。孩子参加了学校课后服务,同时还在上校外学科培训,虽然培训市场供给总体稳定,但收费并没有明显下降,对我们双职工家庭来说经济压力不小。开学在即,担心课后服务如果内容不够丰富,孩子放学后仍要赶去培训机构,负担会叠加。希望相关部门能加强对学校课后服务的指导,丰富体育、艺术、科技等活动,减少对校外学科培训的依赖;同时进一步规范校外培训收费,防止变相涨价,真正把减负落到实处。谢谢。"
D6CB61E626EFACBA130D49723954F83C9C5A6362BA58028BF002543CD4F7A3CA,关于学校课后服务自愿性与质量的担忧与建议,"领导您好。我是一名小学生家长,孩子目前在公办学校就读。这个寒假和开学过渡期,我们注意到学校课后服务按要求开展,孩子也参加了。但作为家长,我们有些担忧:课后服务是否真正坚持自愿原则?内容是否足够多样,会不会变相补课或增加作业负担?我们了解到以往有些学校存在分重点班、指定购买教辅、强制参加特长班等情况,所以对这类问题比较敏感。现在学科类校外培训市场收缩,我们家庭虽然还在参加,但收费虽降,质量和服务能否持续规范也让人心里没底。我们希望学校课后服务能切实提供体育、艺术、科技等丰富内容,而不是变相上课;同时希望相关部门加强对课后服务和校外培训的监管,防止变相增加学生负担,真正让孩子有更多休息和自主发展时间。谢谢。"
39BC57B8A86781CADADA92A91A2CA7D86234947323B6616E33C66ECAFAFA5B37,关于规范小学课后服务与校外培训收费的建议,"领导您好,我是一名小学生家长。孩子就读公办重点小学,暑假期间仍在参加学科类校外培训,收费和以前差不多,家庭支出压力不小。同时孩子参加了学校课后服务,但听说有的学校课后服务变成变相补课或分班,我很担心孩子学校也出现类似情况。希望教育部门能严格监管学校课后服务内容,严禁利用课后服务或培优名义分重点班、变相补课,同时加强学科类校外培训收费监管,真正减轻学生和家长负担,让减负政策落到实处。"
033A75DA411C07F8CC50BAD8894847B130F9D74F3779FCF34BB7CC7699DAEF1D,"建议提升小学课后服务质量,减少家庭校外培训压力","领导您好。我家孩子在公办小学就读,我们夫妻平时都要上班,家里能帮忙接送的人手有限,所以学校提供课后服务对我们很重要。这个暑假和平时,孩子都参加了学校的课后服务,但作为家长,我们还是有些担心:课后服务的时间能不能真正衔接家长下班时间,内容上能不能不仅有看管,还能有老师指导完成作业、开展阅读、体育和科普活动,而不是简单把学生集中在一起。现在校外学科培训明显减少,费用虽然降了一些,但为了孩子不掉队,我们仍然在外报班,家庭时间和经济压力并没有完全减轻。我们希望学校能把课后服务做扎实,提升内容和质量,让校内服务真正满足孩子需求,减少家长对校外培训的依赖。也请地方在教师安排和经费保障上多支持,避免出现课后服务流于形式或变相补课、推销教辅等加重负担的情况。"
2FEA18B74FAD8E80D1D5C72030CC1BFE5EE71FE1340123AB11777EF404FC68A0,关于规范小学课后服务与校外培训收费的建议,"领导您好,我是一名小学生家长。孩子就读公办重点小学,暑假期间仍在参加学科类校外培训,收费和以前差不多,家庭支出压力不小。同时孩子参加了学校课后服务,但听说有的学校课后服务变成变相补课或分班,我很担心孩子学校也出现类似情况。希望教育部门能严格监管学校课后服务内容,严禁利用课后服务或培优名义分重点班、变相补课,同时加强学科类校外培训收费监管,真正减轻学生和家长负担,让减负政策落到实处。"
4A811C2CE89287025D8560EDE3000AD60120FBD9E7A22CE02ED8E37B8325BB9E,关于暑期课后服务提质增效的建议,"我是一名小学生家长,孩子目前在本地一所公办小学就读。这个暑假,孩子按照学校安排参加了课后服务,我们很感谢政府提供的便利,也缓解了双职工家庭的照护压力。但作为家长,我也有一些担心:课后服务虽然时间有保障,但如果只是简单看管,或者变成变相补课、统一讲授新课,就可能违背减负初衷,也容易让家长被动接受。过去我们身边出现过以“特长班”“培优”名义收费、增加孩子负担的情况,所以特别希望这次课后服务能真正内容丰富、坚持自愿,不强制、不收费或合理收费并公开透明。同时,希望主管部门加强对学校课后服务的过程监管,定期了解家长反馈,确保服务质量,让孩子在假期既能完成作业,又能发展兴趣、锻炼身体,而不是把校外的培训负担转移到校内。谢谢。"
4EFC1B8F7FFD0CBE82BE984BE5ED245AA7092482C1FDC209E57496C6426DEFB5,关于规范小学课后服务与校外培训收费的建议,"领导您好,我是一名小学生家长。孩子就读公办重点小学,暑假期间仍在参加学科类校外培训,收费和以前差不多,家庭支出压力不小。同时孩子参加了学校课后服务,但听说有的学校课后服务变成变相补课或分班,我很担心孩子学校也出现类似情况。希望教育部门能严格监管学校课后服务内容,严禁利用课后服务或培优名义分重点班、变相补课,同时加强学科类校外培训收费监管,真正减轻学生和家长负担,让减负政策落到实处。"
633DEEB7F3793145F1229CA2560738F798AF7EB56326DC7A1D728660A9EC43CD,关于规范小学暑期课后服务防止变相补课的建议,"领导您好,我是一名小学生的家长,孩子在西部城镇一所公办重点小学读书。我们夫妻双方都在上班,家里老人帮忙照看,孩子暑假参加了学校的课后服务,同时也在外面上一门学科培训。现在学校布置的书面作业时间基本符合规定,培训费用也比以前降了一些,但我们心里还是不踏实。因为我们家长之间常聊起,以前有的学校会用课后或托管时间分班培优,只给部分成绩好的孩子补课,还另外收费,这让其他孩子和家长很焦虑。我们很担心学校现在的课后服务会不会也慢慢变成变相补课,或者通过课后服务变相分重点班。孩子还小,我们希望课后服务能真正自愿、多样,让孩子有活动、阅读和兴趣拓展的时间,而不是把课堂延长。恳请领导督促学校严格落实课后服务要求,加强日常监管,防止借托管名义集体补课、分层次教学或变相强制参加,也请继续关注校外隐形变异培训,让减负真正落到孩子身上。"
B93FE4ED8A1ED6DF23E1172FAAA4F1900A0488CFB37905B0C75CEC95F9D6CADE,关于孩子暑假作业负担和课后辅导的请求,"领导好,我是一名小学生家长,孩子开学就升入衔接年级。我们家里经济条件不好,我和爱人文化水平都不高,辅导孩子功课很吃力。这个暑假孩子书面作业任务不轻,我们看着着急也帮不上忙。听说现在对小学生每天书面作业时间有要求,希望学校能合理安排暑假作业,别让孩子负担太重。另外,开学后下午放学比较早,能不能请学校安排老师多辅导一会儿功课,或者提供一些公益的课后辅导,帮帮我们这样的家庭。谢谢。"
533EC7EF5D436F8C4045E5B53517C8EB79311043705935FC3B97FF2542A44CFA,希望学校能减轻作业负担并提供课后辅导,"领导好,我是一名小学生的家长,孩子马上要升入新的年级。我们家条件一般,我和爱人文化程度不高,辅导孩子作业很吃力。最近放假在家,孩子的书面作业情况让我们担心,感觉超过了规定的时间,我们家长实在没办法。听说现在学校要统筹作业总量,还要开展课后服务,希望领导能督促学校真正落实,让孩子在学校把作业做完,老师能指导一下,也能减轻我们家长的负担。我们不想让孩子参加校外培训班,费用太高,家里承受不起,只盼着学校能多帮帮孩子。谢谢领导。"
56D72989F6BA5A75DD9B7CAB4C4207EFB6849E97CFFCC4204D71DA35ED6EBEA9,关于课后服务期间加强作业辅导的建议,"领导您好,我是一名小学高年级学生的家长,孩子正处在升学衔接阶段。我们家庭经济条件一般,我和家人文化水平有限,辅导作业很吃力。这个月孩子参加了学校的课后服务,但回家后书面作业还是经常要写很久,我们担心已经超过了规定的时长。孩子睡眠本来一直不错,如果每天作业拖到太晚,怕影响身体和第二天的学习。希望学校能在课后服务时间里真正安排老师指导孩子完成书面作业,或者合理控制作业总量,让我们这样的家庭不用天天为作业发愁。谢谢。"
950A7527BABD5B8024905BA61C34DF4609D82070B0F2076D5D0940957383A386,关于提升小学课后服务学业辅导质量的请求,"领导好,我是一名小学高年级学生家长。孩子现在正处于升学衔接阶段,我们家庭文化水平有限,辅导作业越来越吃力,经济上也没有能力给孩子报校外班。这学期孩子参加了学校的课后服务,每天放学后能在学校待一段时间,我们很感激。但我们担心课后服务主要是看管,老师辅导不够细致,孩子作业中的难题还是没人讲。现在校外学科培训也明显减少,像我们这样的家庭更依赖学校。希望领导能督促学校在课后服务里安排老师加强作业辅导和基础知识巩固,特别是对升学衔接年级的孩子,别让他们因为家庭条件跟不上。这样我们家长也安心。"
C0481CD03D223285C808D050A97A782043F97F22DEA97143A2E08DD48962039E,关于小学升学衔接年级作业负担和课后辅导的诉求,"领导好,我是一名小学生家长,孩子下学期要升入新的年级,这个暑假孩子参加了学校的课后服务。我们发现孩子这个月写书面作业的时间经常超过了规定的一个小时,我们不清楚是作业多还是孩子写得慢,但很担心开学后作业会更多,影响孩子休息。我们家经济条件不太好,我文化程度也不高,辅导孩子很吃力,也没钱给孩子报外面的辅导班,孩子之前也没上过学科培训班。希望领导能督促学校严格落实作业管理规定,把书面作业控制在规定时间内,同时希望课后服务能多安排老师辅导孩子写作业,让孩子在学校就能完成大部分作业,回家能早点休息,也减轻我们家长的负担。谢谢领导。"
83ADCC428D40D268F020ED8B4D65081183076C23AAEC6F31438E617F2F7F2C1D,希望学校课后服务加强作业辅导和学业帮助,"领导您好,我是一位小学生家长。孩子今年正处在升学衔接年级,我们家庭经济条件一般,我文化程度不高,辅导孩子学习越来越吃力。现在校外学科培训明显减少,我们也没有条件给孩子报班,心里很着急。这个暑假孩子参加了学校的课后服务,我们很感激,但感觉服务内容在学业辅导上还不够。希望新学期学校课后服务能多安排老师进行作业辅导和学科答疑,特别是像我们这样家长辅导不了、又无力报班的家庭,让孩子在学校就能把学习问题解决掉,减轻家长负担。另外也请保障课后服务的质量和时间,真正让孩子受益。谢谢。"
EAF2E6CA48701E10968DC09518D02A5A52C4794A85896EFC0AC263390E8FF019,关于小学升学衔接年级作业负担和课后辅导的诉求,"领导好,我是一名小学生家长,孩子下学期要升入新的年级,这个暑假孩子参加了学校的课后服务。我们发现孩子这个月写书面作业的时间经常超过了规定的一个小时,我们不清楚是作业多还是孩子写得慢,但很担心开学后作业会更多,影响孩子休息。我们家经济条件不太好,我文化程度也不高,辅导孩子很吃力,也没钱给孩子报外面的辅导班,孩子之前也没上过学科培训班。希望领导能督促学校严格落实作业管理规定,把书面作业控制在规定时间内,同时希望课后服务能多安排老师辅导孩子写作业,让孩子在学校就能完成大部分作业,回家能早点休息,也减轻我们家长的负担。谢谢领导。"
3AED9A57D9E2AA69584F20D7D6D6C6BFBE1C165F6CEB530D77EB2DEFB81E4B27,关于暑期课后服务增加升学衔接辅导的建议,"领导您好,我是一名普通学生家长,孩子马上要升入新的年级,家里条件一般,我和爱人文化水平都不高,辅导孩子学习很吃力。现在外面学科培训班不好找,费用我们也难以承受,只能靠学校。这个暑假孩子参加了学校的课后服务,我们很感激,但听说课后服务主要是看护和活动,对作业和升学衔接知识的辅导不多。孩子平时作业量不算多,但升入新年级后怕难度加大,我们担心孩子跟不上。希望领导能关注我们这类普通家庭,协调学校在课后服务中适当增加作业辅导和衔接课程,让孩子在校内就能得到更多学习支持,减轻家长负担,也避免孩子因为家庭条件落后。谢谢。"
50061CD92410827E6DE98F917C5945483D07D2C074BD2E9D77C2A56332624195,关于小学升学衔接年级作业负担和课后辅导的诉求,"领导好,我是一名小学生家长,孩子下学期要升入新的年级,这个暑假孩子参加了学校的课后服务。我们发现孩子这个月写书面作业的时间经常超过了规定的一个小时,我们不清楚是作业多还是孩子写得慢,但很担心开学后作业会更多,影响孩子休息。我们家经济条件不太好,我文化程度也不高,辅导孩子很吃力,也没钱给孩子报外面的辅导班,孩子之前也没上过学科培训班。希望领导能督促学校严格落实作业管理规定,把书面作业控制在规定时间内,同时希望课后服务能多安排老师辅导孩子写作业,让孩子在学校就能完成大部分作业,回家能早点休息,也减轻我们家长的负担。谢谢领导。"
84188EF31779CBD2ED75253F194E7ECB229C4C85441B734CB7BD31FDC50E2537,关于小学升初中衔接阶段课后学业辅导的求助,"我家孩子现在正处在小学升初中的衔接年级,家里经济条件比较困难,我们夫妻文化程度都不高,只有初中水平,很难辅导孩子的功课。孩子暑假期间参加了学校组织的课后服务,我们很感激,但心里还是很担忧:开学后课后服务会不会主要是看管孩子,缺少针对性的学习辅导?现在外面的学科培训班也收缩了,我们这样的家庭也负担不起额外费用。希望领导能关注一下像我们这样的家庭,让学校在课后服务里加强作业辅导和小升初衔接内容的帮助,让孩子放学后能真正得到学习上的支持,不要因为家里条件差就落在后面。"
DCCCA0DDFC165F54E615B18CB3A201B971A974D42800F9B2FB20C3AE751D220F,关于农村低年级学生书面作业负担的求助,"领导好,我是西部农村一名小学生家长。我和孩子妈妈都在外面打工,家里孩子多,老人也帮不上忙。我们文化程度不高,辅导不了作业。最近发现孩子在家写书面作业,有时写到很晚,我们既心疼又没办法。按说这个年级不应该有书面家庭作业,我们也不知道是不是学校布置的,还是孩子自己找的。希望领导能帮忙了解一下,督促学校别给低年级孩子布置书面作业,让孩子多睡一会儿,也减轻我们家长的负担。谢谢。"
AFCB44DF6C28F6B026B39D5015FEEBAAEDD93C0A90DB315AE8000B5B2C1E925A,乡村小学生作业负担重盼减负落实,"领导您好。我是西部农村的一名小学生家长,孩子读小学,不是毕业班。我们两口子都要打工养家,家里老人多,能帮上孩子学习的人少,我们文化程度也不高,辅导作业很吃力。现在听说学校要统筹作业总量、加强校内指导,课后服务也强调自愿参加和时间衔接,我们很欢迎。可这个暑假孩子还是有不少书面作业,按照现在的要求,孩子这个年级原则上是不该布置书面家庭作业的。我们担心开学后作业又压下来,孩子本来睡眠时间挺充足,怕被作业挤占,我们也实在没时间没能力辅导。希望领导能督促学校真正把这些好政策落实到位,让孩子在学校尽量完成作业,课后服务能真正帮到我们这样的农村家庭。谢谢。"
FA6AB2D331C6FEC3B347167DBEFAEDF5E14D3B95F4342A00B785EE8E72E0BF1B,请督促学校落实不布置书面家庭作业的规定,"领导您好,我是西部农村的一名小学生家长。孩子现在读小学,按道理这个年级不该有书面家庭作业,但最近感觉孩子的作业情况好像和规定不太一致。我们夫妻都在打工,家里人多,晚上回来已经很晚,确实没有太多时间和能力辅导孩子写作业。孩子还小,希望他在学校能把学习任务完成,回家能早点休息。之前也看到有家长反映孩子作业做到很晚,第二天早上还要赶,很心疼。能不能请领导帮忙了解一下,督促学校真正落实减负要求,不要让孩子和家长被额外作业压得喘不过气。农村家庭条件有限,家长文化也不高,孩子能健康快乐成长,是我们最大的心愿。"
DDC8785A5C4AA712264F076C9475F631BAF72FF5E0F4A2DD5DF62A5FDDE38CF3,关于持续做好乡村小学课后服务和作业管理的诉求,"领导您好,我是一名西部乡村小学学生的家长。孩子现在读小学,我们两口子都要务工,家里人多,照看孩子学习的时间很紧张。这个月学校课后服务我们让孩子参加了,书面作业也符合规定,确实减轻了我们的负担。但是马上要开学了,我有些担心:一是课后服务能不能一直保证每天两小时,内容和老师跟不跟得上;二是作业虽然现在不多,但怕以后又慢慢多起来,孩子回家还要做到很晚。我们农村家长文化不高,也没钱报外面的班,学校就是孩子最主要的学习地方。恳请领导督促学校继续把课后服务和作业管理抓好,让政策真正落到实处,让我们家长能安心工作,孩子也能健康成长。"
904CBAA146C0AE916021D06D6D3FD13C4A8C9D26CDC3BF30B692E5FE05D6D5F7,"希望督促学校落实作业规定,减轻农村家庭负担","领导您好,我是一名农村小学生的家长。我们家经济条件一般,我和孩子爸爸每天都要工作,家里还有老人和其他孩子需要照顾,时间特别紧张。孩子目前年级按照规定是不该布置书面家庭作业的,但这个月孩子仍有书面作业,我们文化程度不高,辅导起来很吃力,孩子也不轻松。马上要开学了,我们担心学校继续这样安排,影响孩子成长。希望领导能帮忙督促学校严格执行规定,不布置书面家庭作业,同时考虑我们双职工家庭的难处,看看开学后能否让孩子参加学校课后服务,这样孩子放学后有人管,我们也能安心上班。谢谢领导。"
F2124849F9BD74864EC974CD4330EA8ED8D3E02BDE454141DDA741C8FC42635D,关于乡村小学课后服务提质与时间衔接的诉求,"我是西部乡村一名小学生家长,家里孩子多,我们夫妻都在上班,日常照看和辅导作业压力很大。这个暑假孩子参加了学校课后服务,解决了部分看护难题,但我们更担心开学后的课后服务能否真正做好作业指导和兴趣活动,而不是简单看管。我们自身文化水平有限,很难辅导孩子功课,希望学校能利用课后服务时间加强作业辅导,开展阅读、体育等活动,并让结束时间与家长下班时间衔接好。同时恳请政府保障乡村学校课后服务经费,对低收入家庭适当减免费用,避免增加负担。"
6E487380605648A6EA2401B59C056DD285A4C6FF766217213A57F11FE87DF1A9,"希望督促学校落实作业规定,减轻农村家庭负担","领导您好,我是一名农村小学生的家长。我们家经济条件一般,我和孩子爸爸每天都要工作,家里还有老人和其他孩子需要照顾,时间特别紧张。孩子目前年级按照规定是不该布置书面家庭作业的,但这个月孩子仍有书面作业,我们文化程度不高,辅导起来很吃力,孩子也不轻松。马上要开学了,我们担心学校继续这样安排,影响孩子成长。希望领导能帮忙督促学校严格执行规定,不布置书面家庭作业,同时考虑我们双职工家庭的难处,看看开学后能否让孩子参加学校课后服务,这样孩子放学后有人管,我们也能安心上班。谢谢领导。"
46028A1140EE1D086B086D9046C5607CFC5149F02C23EA669EA3E0E8E4C5FA54,建议加强农村小学课后服务减轻家长负担,"我家是农村的,我们两口子都要上班,家里人多,能辅导孩子学习的人实在没有。孩子现在暑假在学校参加课后服务,我们觉得有人看管、有老师指导,心里踏实些。但我们担心开学后课后服务能不能一直保持,内容能不能更丰富一些,不要只是单纯看着孩子,最好能把作业在学校辅导完,别让作业带回家。我们文化程度不高,辅导不了,看到以前身边有些孩子作业做到很晚,家长跟着熬,我们很怕。希望领导能重视农村学校的课后服务,保障好老师和经费,让孩子放学后有个好去处,也请学校继续按要求控制作业量,别让作业成为我们家的难题。"
2BEA8FA0AF2BC78EA19ACF560F62BAE5C38E3C6831CC18A2B258F0DE3E63063C,"希望督促学校落实作业规定,减轻农村家庭负担","领导您好,我是一名农村小学生的家长。我们家经济条件一般,我和孩子爸爸每天都要工作,家里还有老人和其他孩子需要照顾,时间特别紧张。孩子目前年级按照规定是不该布置书面家庭作业的,但这个月孩子仍有书面作业,我们文化程度不高,辅导起来很吃力,孩子也不轻松。马上要开学了,我们担心学校继续这样安排,影响孩子成长。希望领导能帮忙督促学校严格执行规定,不布置书面家庭作业,同时考虑我们双职工家庭的难处,看看开学后能否让孩子参加学校课后服务,这样孩子放学后有人管,我们也能安心上班。谢谢领导。"
C62606B11775F369A2A89FA042F4F9C59E30C5D042C27CB1CA1A5DDC424211F6,关于农村小学课后服务质量的反映,"领导好,我是农村一名小学生的家长。我们两口子都要打工挣钱,家里孩子多,老人也帮不上太多,暑假孩子在家没人看管。这个月孩子参加了学校组织的课后服务,每天能待两个小时以上,确实解决了我们的大困难。但是我们也担心,农村学校条件有限,课后服务会不会只是把孩子关在教室里,没有老师认真管,也没有啥活动,孩子觉得没意思,我们也不放心。另外,现在规定低年级不布置书面家庭作业,孩子回家确实没有作业,睡眠也充足了,我们很支持。但我们文化不高,辅导不了孩子,希望课后服务里能有一些阅读、体育或者兴趣活动,让孩子既能有人管,也能学点东西。请领导多关注农村学校的课后服务,把好事办好,让我们这些打工的家长能安心上班。"
54F5297F20544F09100A6525763305E8748356D4FFC07E2164579788B6C60674,关于保障小学生课堂学习质量和正常作息的诉求,"领导好。孩子目前在公办学校读小学,暑假书面作业时间暂时符合规定,但我们家长对开学后的课堂教学和课业负担仍然很担心。身边同省一些家长反映过,个别学校存在课内不讲主要知识、课后让家长辅导或把孩子往辅导班推的情况,既增加家庭经济和时间压力,也影响孩子睡眠。我们家父母都在工作,时间并不宽裕,孩子睡眠一直比较充足,我们也不希望靠校外培训补课内漏洞。希望教育部门在新学期加强对学校课堂教学的监督管理,保证教材主要内容在校内讲清讲透,不要变相把辅导责任转给家长;同时关注作业总量和作息安排,防止通过重复作业、变相打卡挤占孩子休息时间。我们只是希望孩子能按正常进度学扎实,家长也能安心工作。"
B77743E36E419EDBCC96C7252B18B851104FE8D4E08B41A96395B3363BB06AF0,关于新学期课堂教学和校外培训管理的诉求,"领导您好,我是一名小学生家长。孩子暑假作业量不多,睡眠也还好,但我们担心开学后又会回到以前那样:老师上课重点不讲透,孩子课后要家长辅导或送辅导班。我们家长文化水平不高,辅导很吃力。最近看到外面学科培训宣传还是有些,真怕变相反弹。希望教育部门能加强对学校课堂教学的监督,让老师把该教的知识在课堂上教好,不要课后推给家长或培训机构。同时继续规范校外学科培训,防止加重孩子负担、挤占休息时间。我们双职工家庭,接送时间紧,也希望学校课后服务能真正落实,让孩子在校内完成作业、参加活动,家长也能安心工作。谢谢。"
2FEE2F83E6826A4676B8F6AD558706BBB31EB3A06FEB869CD19CB1E00446FA19,关于规范课后服务防止变相增加学生负担的诉求,"领导您好,我是一名小学生的家长。孩子现在参加学校课后服务,我们很支持这项安排,但心里也有一些担忧。以前听说有的地方老师上课不讲主要题目,课后让家长辅导,家长没办法只能送辅导班,既花钱又加重孩子负担。我们家孩子目前作业时间还算符合规定,但担心开学后课后服务变成变相补课或增加作业,影响孩子正常休息和睡眠。希望教育部门加强监管,明确课后服务内容,不得利用课后服务上新课或变相补课,保证孩子有正常的作息时间,减轻家长的精神和经济压力。"
686A32FC38EE0AB832552AF2CE48CD643FD49B4E4CB1CE70F577D42A76BCD19F,关于提升学校课后服务质量与课堂教学实效的建议,"我家孩子在公办小学就读,目前参加了学校的课后服务。作为双职工家长,我们很感谢课后服务解决了接孩子和看护问题。但我们也有些担心:现在校外学科培训大幅减少,孩子遇到学习困难时,家里辅导能力有限,如果学校课堂教学和课后服务不能及时补上,孩子可能会跟不上。我们希望学校课后服务不只是看管写作业,而是能安排老师进行针对性答疑和辅导,同时丰富体育、艺术、科技等活动内容,真正让孩子学有所获。也希望教育部门加强对学校教学质量的监管,确保老师课堂讲透重点,避免出现课堂不讲课后补的情况。谢谢。"
540B4D9463F7EF182791404AE458978BF3DE35B812E17E64A3FF48A0445B9CD9,关于规范学校课后服务、保障孩子正常作息的诉求,"领导您好,我是东部某地一名小学生的家长。孩子目前在公办重点小学就读,暑假期间参加了学校的课后服务,书面作业时间暂时符合规定,我们比较放心。但作为双职工家庭,我们很担心开学后课后服务会变成变相补课或增加作业,挤占孩子休息和睡眠时间。我们身边有过类似情况:有的学校把辅导内容放到课后,家长被迫多交费用、多花时间,孩子正常作息受影响;也有老师课堂不讲透,课后让家长辅导或送班,加重家庭负担。我们希望有关部门加强对学校课后服务的指导和监管,明确服务内容以看护、素质拓展为主,不讲授新课、不集中补课、不额外布置书面作业,确保孩子每天有足够的睡眠和自由活动时间。同时,希望督促学校提高课堂教学质量,把该讲的内容在课内讲清楚,减少家长不必要的辅导和培训焦虑。我们家长期望孩子能健康成长,将来有机会读到硕士,但这需要从小打好基础、养好习惯,而不是靠透支休息时间。恳请领导关注,谢谢。"
4DD466A5F74126DC5DDCC6EB319C73E469B6D9704BDE18F16E2D4819FBD9B9B0,关于课后服务内容与作业负担的几点担心,"领导您好。我是小学孩子的家长。孩子目前在公办重点小学就读,暑假里书面作业量看起来在合理范围内,孩子也参加了学校课后服务,每天时间比较长。作为双职工家庭,我们很需要课后服务帮忙看护和辅导作业,但也担心开学后课后服务会变成统一上课、补课或增加额外作业,反而拉长孩子在校时间和作业时间。以前常听到身边家长反映,老师上课不讲重点,课后让家长辅导或送辅导班,家长又花钱又花时间,孩子休息也受影响。现在校外学科培训明显收缩,我家孩子没有报学科班,希望学校课后服务能真正用于作业辅导、兴趣活动和适当休息,而不是变相补课。请相关部门加强监督,确保课后服务自愿、内容多样,并持续关注学校作业总量,防止开学后作业时长反弹,让孩子有正常作息。"
6E3C0A9EE8E90C2521023367026161EE2125DB52285AEC49E6631EA14AE668B7,关于规范学校课后服务、保障孩子正常作息的诉求,"领导您好,我是东部某地一名小学生的家长。孩子目前在公办重点小学就读,暑假期间参加了学校的课后服务,书面作业时间暂时符合规定,我们比较放心。但作为双职工家庭,我们很担心开学后课后服务会变成变相补课或增加作业,挤占孩子休息和睡眠时间。我们身边有过类似情况:有的学校把辅导内容放到课后,家长被迫多交费用、多花时间,孩子正常作息受影响;也有老师课堂不讲透,课后让家长辅导或送班,加重家庭负担。我们希望有关部门加强对学校课后服务的指导和监管,明确服务内容以看护、素质拓展为主,不讲授新课、不集中补课、不额外布置书面作业,确保孩子每天有足够的睡眠和自由活动时间。同时,希望督促学校提高课堂教学质量,把该讲的内容在课内讲清楚,减少家长不必要的辅导和培训焦虑。我们家长期望孩子能健康成长,将来有机会读到硕士,但这需要从小打好基础、养好习惯,而不是靠透支休息时间。恳请领导关注,谢谢。"
376FE3802DF58997F3E660C872D3119B21A66BAD1334B7B3AFE3877935CA7B1E,关于规范小学暑期课后服务避免变相补课的诉求,"领导您好,我是一名小学生家长。孩子目前在公办学校就读,暑假期间参加了学校提供的课后服务。我们双职工家庭接送有困难,这项服务确实解决了照看问题,但也有些担心。身边有家长反映,个别学校课后服务时段被用来上正课或集中辅导,孩子回家后还要完成额外任务,正常休息和睡眠反而受影响。我们家孩子平时作业时间虽然符合规定,睡眠也一直比较充足,不希望因为暑期课后服务把节奏打乱。希望相关部门加强对学校课后服务内容、时长和收费的日常监督,明确暑假期间应以自主作业、阅读、体育、兴趣活动为主,不讲授新课,不强制参加,不布置变相书面作业,也不让家长额外承担费用。同时请学校合理安排服务时间,与家长下班时间做好衔接,并保障孩子午休和活动时间。谢谢。"
9782235DBF08E141B26829B70C5C7877E48EAD55923235B2D71694131F7BF0F2,关于规范学校课后服务、保障孩子正常作息的诉求,"领导您好,我是东部某地一名小学生的家长。孩子目前在公办重点小学就读,暑假期间参加了学校的课后服务,书面作业时间暂时符合规定,我们比较放心。但作为双职工家庭,我们很担心开学后课后服务会变成变相补课或增加作业,挤占孩子休息和睡眠时间。我们身边有过类似情况:有的学校把辅导内容放到课后,家长被迫多交费用、多花时间,孩子正常作息受影响;也有老师课堂不讲透,课后让家长辅导或送班,加重家庭负担。我们希望有关部门加强对学校课后服务的指导和监管,明确服务内容以看护、素质拓展为主,不讲授新课、不集中补课、不额外布置书面作业,确保孩子每天有足够的睡眠和自由活动时间。同时,希望督促学校提高课堂教学质量,把该讲的内容在课内讲清楚,减少家长不必要的辅导和培训焦虑。我们家长期望孩子能健康成长,将来有机会读到硕士,但这需要从小打好基础、养好习惯,而不是靠透支休息时间。恳请领导关注,谢谢。"
30278B0D8A5A9F7786026DE50697EC9387C78DCAA25063EB7C146EB711E6584C,关于规范暑期学校课后服务避免变相补课的诉求,"领导您好,我是一名小学生家长。暑假期间,孩子所在学校提供了课后服务,我家孩子也参加了。目前孩子的书面作业时间在规定的范围内,睡眠也比较正常,我们还算放心。但结合身边家长和一些地方的反映,我担心学校课后服务在暑假期间会逐渐变成变相补课或增加书面作业,挤占孩子本该休息、锻炼和自由活动的时间。我们家庭经济条件尚可,但也不想让孩子被裹挟着多上课、多写作业。希望有关部门加强对暑期课后服务的监督检查,确保自愿参加、内容多样、不额外收费、不加重学业负担,真正让孩子在假期有合理的作息和成长空间。"
3E06039139F172B82DC726502E31F626113D82BFCFF0B24B3AF79B0E1790D14A,关于规范小学家庭作业、保障学生睡眠的建议,"领导您好,我是一名西部乡村小学生的家长。孩子就读公办学校,家庭经济条件一般。这个暑假孩子书面作业不多,基本符合规定,但开学后我很担心作业量反弹。往年同乡不少家长反映孩子作业写到很晚,还有老师要求购买指定资料,增加了负担。孩子睡眠时间一直比较长,如果作业太多会严重影响休息。希望领导能督促学校严格执行作业时间规定,不要布置超量、重复性作业,也不要强制购买指定教辅,把课后服务真正用于辅导而非变相上课。谢谢。"
FC58FFE1D207A3A5133013096B312005683C5EC9B9EB8A521507228978A44994,关于乡村小学生作业减负和课后服务规范的诉求,"领导您好,我是西部农村一名小学生的家长。孩子暑假作业量目前看着还合适,但开学后实在担心又回到以前那样,书面作业经常写到很晚,有的班级还指定到固定书店买复习资料。我们同省不少地方之前反映过类似问题,课后服务也有些学校变成了集体补课,孩子回家还要继续写作业。希望领导督促下面学校真正落实作业总量和时长要求,小学书面作业别超过规定时间,不要强制购买教辅,课后服务坚持自愿,内容多样点,别变相加重负担。我们就想让孩子晚上能早点睡,能有个正常的学习节奏。"
43B996EAEB3F2BD100AE0A87BFFD3B6AFF84E7587624A3206E3818D983E85D0A,"希望农村学校课后服务真正落实,减轻家长校外培训负担","领导您好,我是西部农村一名小学生家长,孩子目前不在毕业年级。家里收入不高,但孩子现在还在上校外的学科类培训班,每学期费用对我们来说不轻松。学校没有课后服务,我们也没有别的办法,只能花钱送去补习。听说附近有些地方课后服务办得不理想,有的变成上课,孩子回家还要写很多作业,我们很担心新学期学校如果开了课后服务,会不会也这样。希望领导关注农村学校课后服务能不能真正办起来,内容规范、收费合理,让孩子在学校就能解决学习问题,别让我们这些收入不高的家庭再额外花钱去外面补课。这样我们也能安心一些。"
F5A099238C31659EBF515CA54F090A4969F4410CFA288BC6FBB684CB5A5E87DD,"希望加强农村小学课后服务质量,避免变相补课和作业反弹","领导您好,我是一名西部乡村小学生的家长。孩子这学期开学以来参加了学校课后服务,目前每天的书面作业时间没有超过规定,我们暂时松了口气。但我们心里还是不踏实,因为以前听说过附近有学校课后服务变成集体上课、孩子很晚还要写作业,也听说过指定书店买教辅的事。现在学科类培训班明显减少,我们家庭条件一般,之前交的培训费虽然降了一些,但以后如果培训班没了,孩子学习上遇到困难就更需要学校帮忙。我们想请领导督促学校把课后服务真正用在作业辅导和阅读、体育这些活动上,不要变成变相补课或者单纯看管;同时继续统筹好各科作业量,防止开学后加码,让农村孩子也能在学校完成大部分作业,回家能早点休息。我们不是反对课后服务,是怕好政策到村里走了样。"
547864547A0AB7D2AC7FB6767C270DA00F739462EBD55F4138A4255499C114A0,关于减轻农村家庭校外培训负担和提升课后服务的诉求,"领导好,我是西部农村一名小学生的家长。孩子暑假还在上学科类校外培训班,费用跟以前差不多,对我们这种收入不高的家庭来说压力不小。我们也不想让孩子这么累,但怕开学后跟不上,又听说以前有的学校课后服务实际上是继续上课,回家作业还是很多,写到很晚。现在虽然孩子作业时间符合规定,但我们担心以后又回到老样子。希望领导能关注农村学校课后服务的质量,真正用于辅导作业、减轻家长负担,不要变成变相补课;同时加强对校外培训收费的监管,让农村孩子也能享受到公平、负担得起的教育。谢谢。"
DC91C8DCB22A1377F4F8E8682B45D25A488521BE436A77040ADFD2D8A50602AC,关于暑假课后服务质量和校外培训负担的留言,"领导您好,我们是西部农村的小学生家长。暑假孩子参加了学校课后服务,时间确实有了,但我们担心内容还是老样子。听说有些学校课后服务只是看班或者变相上课,孩子回家作业照样多,我们害怕以后也变成这样。家里条件一般,为了孩子不掉队,现在还是给他报了一门学科类校外培训,虽然费用比过去低了些,但能选的机构少了,总怕预收费打水漂或者机构突然关门。希望领导督促农村学校把课后服务做实,安排老师答疑、组织兴趣活动,别让课后服务成了摆设,减少家长对校外培训的依赖。同时也请管好校外培训的预收费和合同,保障我们这些还在参加的家长权益。"
C69F714F4086CAF668B97792C9671C6BAB61935BFCCEA7B09B4068A699E4A19B,关于减轻农村家庭校外培训负担和提升课后服务的诉求,"领导好,我是西部农村一名小学生的家长。孩子暑假还在上学科类校外培训班,费用跟以前差不多,对我们这种收入不高的家庭来说压力不小。我们也不想让孩子这么累,但怕开学后跟不上,又听说以前有的学校课后服务实际上是继续上课,回家作业还是很多,写到很晚。现在虽然孩子作业时间符合规定,但我们担心以后又回到老样子。希望领导能关注农村学校课后服务的质量,真正用于辅导作业、减轻家长负担,不要变成变相补课;同时加强对校外培训收费的监管,让农村孩子也能享受到公平、负担得起的教育。谢谢。"
F960117B2A3B211C86F65CC9CE53E8F856C1CAE02F1DCAAA6B53D14EBA1A78D4,希望开学后作业不反弹并提升农村课后服务质量,"领导您好,我是西部农村一名小学生的家长。孩子现在上小学,不是毕业班,学校离家近,家里经济条件一般。按照要求,学校课后服务每周五天,孩子这个月也参加了,但我们还是给孩子另外报了学科类培训班,虽然费用比前两年降了一些,对农村家庭来说仍然是不小的负担。暑假期间孩子书面作业不多,符合规定,我们担心开学后作业量又上来,课后服务如果只是看管或者变成集体上课,孩子回家还是得写到很晚,到时候又只能继续靠校外培训补。从周围听说以前有孩子作业写到十一二点、课堂作业带回家、课后服务变成补课的情况,我们很怕孩子也遇到。希望领导能持续督促学校把作业总量真正控制住,同时把课后服务的内容做实,优先辅导作业和开展一些农村孩子也能参与的素质活动,让孩子在学校就把学习问题解决掉,减轻我们收入不高家庭的经济和照护压力。也请继续关注校外培训收费,防止变相涨价,让自愿参加的课后服务成为家长放心的选择。"
38BF3CD07959A52383188207552C492944A3F0EA002570C1E943664C7E027041,关于减轻农村家庭校外培训负担和提升课后服务的诉求,"领导好,我是西部农村一名小学生的家长。孩子暑假还在上学科类校外培训班,费用跟以前差不多,对我们这种收入不高的家庭来说压力不小。我们也不想让孩子这么累,但怕开学后跟不上,又听说以前有的学校课后服务实际上是继续上课,回家作业还是很多,写到很晚。现在虽然孩子作业时间符合规定,但我们担心以后又回到老样子。希望领导能关注农村学校课后服务的质量,真正用于辅导作业、减轻家长负担,不要变成变相补课;同时加强对校外培训收费的监管,让农村孩子也能享受到公平、负担得起的教育。谢谢。"
F38009BAA3B9D1C6550C6237D510286CE829252B64C703E9AA4BA4D41E15F6D3,关于暑假课后服务变相增加负担的担忧与建议,"领导,您好。我是西部农村一名小学生家长。孩子目前在公办小学就读,家庭经济条件一般。这个暑假,学校按照要求提供了课后服务,孩子也报名参加了。但我从其他家长那里听到一些情况,也结合自己以往的经历,很担心课后服务在假期里会变成集体补课或变相布置作业。前几年就有家长反映过,孩子放学后参加学校辅导,回家还要写作业到很晚,作业量很大,还有指定书店购买复习资料的问题。现在我们虽然看到书面作业时间有规定,孩子本月作业也符合要求,但暑假期间课后服务每天那么长时间,如果内容只是看管或者变相上课,对孩子实际帮助不大,反而让我们家长不放心,只能继续花钱给孩子报校外学科培训。虽然现在培训收费比过去降了一些,但对我们这样的家庭还是有压力。希望领导能督促学校真正落实课后服务自愿参加、内容多样的要求,假期里不要借课后服务名义补课或增加作业,让校内服务更有质量,减轻家长额外负担和对校外培训的依赖。谢谢。"
6196638D1B539A5144B7A36785F7BAF05358EC26D516F750197B0349AC837B9B,关于农村小学生课后辅导和教育公平的诉求,"领导好,我是一名中部农村小学孩子的家长。家里条件一般,文化程度不高,孩子每天上学路又远,晚上回到家已经很晚。这个暑假孩子书面作业量按现在的规定是合适的,我们很支持。但听同省一些地方家长说,过去有老师在校外办补习班,对参加的孩子多照顾,对没参加的不闻不问,还让家长陪读、作业签字,负担很重。我们家经济低,没法报班,也辅导不了功课,很担心开学后遇到这种情况。孩子正是打基础的时候,希望领导能督促学校把课后辅导和作业指导承担起来,加强对老师校外办班的监管,别让课堂该教的内容转到补习班去。也希望能考虑农村孩子通学远的问题,适当安排校内课后服务,减轻家长负担。"
AE1A13EE4EE97EAD4C832566E44EABBFEAA07705A7364AB7D144610295EBBBFC,关于农村小学作业负担与课后服务的担忧,"领导您好,我是农村一名小学生家长。孩子暑假作业在要求范围内,但我们心里不踏实。我家经济条件一般,家长文化水平不高,孩子每天上下学路远,家里人多事多,实在没能力辅导太多。周围以前有过老师在校外办补习班、对不去的学生不关心,还有的班作业多到孩子写到半夜、家长被要求全天陪读。现在开学在即,我们担心作业负担反弹,课后服务落实不好。希望领导督促学校严格执行作业时长规定,老师把精力放在校内课堂,课后服务能真正辅导作业、照看孩子,别把辅导任务推给家长,也别让农村孩子吃亏。"
B8BFE0EA92F3E8AC351C53879C6EA2447C8CE9F4EFA98D854032E0D8B6B68890,关于农村小学课后服务辅导作业的诉求,"领导您好,我是一名农村小学生的家长。家里经济条件不太好,我们做家长的读书不多,家里人多,平时忙,辅导孩子作业很吃力。孩子学校离得远,每天来回时间不短。这个月孩子参加了学校课后服务,作业时间倒是没超过规定,但我们很担心课后服务只是看管,没有真正辅导作业。我们家长文化有限,如果作业带回家,实在帮不上忙。也听说以前有些地方出现过老师课后开班、作业过多的情况,我们害怕孩子被耽误。希望领导能重视农村学校课后服务的质量,督促学校利用课后服务时间把作业辅导好,别让课后服务走过场,让孩子能早点休息,保证睡眠。谢谢。"
0877D50FCD2E8319199E323151F8F5266E658BB414D4211197B076D6FE956F9B,请督促农村学校课后服务不变相增加负担,"领导好,我是一名农村小学生家长。家里条件一般,孩子每天上学路比较远。现在学校推行课后服务,孩子也参加了,每天放学很晚,我们担心时间虽然达到要求,但内容是不是真正多样、自愿参加?过去我们这里曾有老师校外开补习班,对不去的学生不关心;也有班级作业太多,家长签字负担重。现在校外培训管得严了,我们怕课后服务变成变相补课或布置更多作业,还可能要收费,这对我们农村家庭是压力。我们文化不高,辅导不了,只希望孩子在学校能轻松一点。请领导督促学校严格落实自愿原则,不搞变相强制,课后服务多安排体育、阅读、活动,少一点书面作业和补课,让孩子能早点回家休息,保证睡眠。谢谢。"
1F448E84A9F0ADAA2230E551C0DDCE972A3C13E967DD6CA09CCB2592A470F934,希望重视农村孩子课后服务和公平学习机会,"领导好,我是农村一名小学生的家长。家里条件不好,孩子没上过校外补习班,这个暑假参加了学校的课后服务,我们很感激。可眼看要开学了,我担心课后服务只是看孩子写作业,辅导跟不上,农村孩子和城里孩子差距越来越大。也听说有些地方老师在外面办班,不去补课的孩子被冷落,我们很怕这样的事发生在我们孩子身上。希望政府能督促学校把课后服务做扎实,让老师把精力都放在课堂上,别让穷孩子吃亏。"
2682DEE151CA74668C0B4219492D3648F6198951E196476F70308913EC93E6CB,农村学校课后服务不能只看着孩子,"领导好。我们是农村家庭,孩子上小学,家里文化不高,经济条件也一般,没钱送孩子去外面的辅导班。现在暑假学校有课后服务,孩子每天都参加,本来是好事,能帮我们解决看管和辅导困难。可我们担心,课后服务每天两个多小时,要是老师只是看着孩子写作业或者让孩子自己玩,不认真讲题、不辅导,那对我们这样的家庭就没什么用。孩子单程上学路远,如果在学校能把作业弄明白,回家就不用我们硬教了。以前听别的家长说,有的老师心思不在课堂上,对不去补习班的孩子不闻不问,现在虽然外面补习班少了,我们还是怕老师把该辅导的内容留着私下收费。希望领导能督促学校把课后服务抓好,让老师把精力用在辅导孩子上,内容多样一点,别流于形式,真正减轻我们农村家长的负担。"
05F84805A48AF2402AE32DEB23F047D9BA5A46515E3951C9D45C58D2F9FD53C7,希望重视农村孩子课后服务和公平学习机会,"领导好,我是农村一名小学生的家长。家里条件不好,孩子没上过校外补习班,这个暑假参加了学校的课后服务,我们很感激。可眼看要开学了,我担心课后服务只是看孩子写作业,辅导跟不上,农村孩子和城里孩子差距越来越大。也听说有些地方老师在外面办班,不去补课的孩子被冷落,我们很怕这样的事发生在我们孩子身上。希望政府能督促学校把课后服务做扎实,让老师把精力都放在课堂上,别让穷孩子吃亏。"
9E939D0CB4C3D77DE853688AAC9D2EF7F4B7223B9C1681D2ECF26069E4D2DB8B,"希望新学期课后服务别走形式,真正给农村孩子减负","领导好,我是中部农村的一名小学生家长,家里经济条件一般,我文化程度不高,辅导孩子作业很吃力。今年暑假孩子参加了学校的课后服务,作业量也符合规定,我们家长轻松了不少。眼看马上开学,我们心里有些没底:怕开学后课后服务就没了或者只做样子,也怕老师布置作业又反弹,孩子写到很晚,影响睡眠。以前就听说过有老师心思不在课堂上,开补习班挣外快,现在校外培训管得严,我们还是希望领导能多监督学校,把课后服务真正办实,让孩子在学校就能把作业基本完成,不要变相补课或者乱收费。我们农村家庭不容易,希望孩子能学得踏实,家长也能安心。谢谢领导。"
E6DE69A733214974C221C5373604C98A4F3B1069A8C504398C1AA2309FB5239D,希望重视农村孩子课后服务和公平学习机会,"领导好,我是农村一名小学生的家长。家里条件不好,孩子没上过校外补习班,这个暑假参加了学校的课后服务,我们很感激。可眼看要开学了,我担心课后服务只是看孩子写作业,辅导跟不上,农村孩子和城里孩子差距越来越大。也听说有些地方老师在外面办班,不去补课的孩子被冷落,我们很怕这样的事发生在我们孩子身上。希望政府能督促学校把课后服务做扎实,让老师把精力都放在课堂上,别让穷孩子吃亏。"
392C2A3FD5AD46C444A6589A06E894EDDD9991A54934FB3E1E26B6AFCC41DA9F,关于乡村小学课后服务质量的诉求,"领导好,我是一名乡村小学家长。孩子这个暑假参加了学校课后服务,每天时间上说是不少于两个小时。但我们这里学校条件一般,家离学校又远,我们文化不高、经济也不宽裕,最担心课后服务只是名义上把学生集中看管,没有真正辅导作业或安排有意义的活动。以前也听同省家长提过,有的地方老师精力不放在校内,作业辅导跟不上,家长被逼着签字陪读。希望领导能督促学校把课后服务做实,特别是把书面作业辅导尽量在校内解决,别让我们这样文化低、经济弱的家庭再增加额外负担。也请关注乡村学校的师资和经费保障,别让课后服务变成形式。谢谢!"
BB61B1C27B76CEC2593BF54FAD30267AE42F60E2062C05A80411D5C8DED5ADFC,关于持续监督小学低年级不布置书面家庭作业的请求,"领导好。我们是孩子即将升入小学低年级的家长。按照现行规定,这个年级原则上不布置书面家庭作业,孩子暑假作业也符合要求,我们感到欣慰。但作为文化程度不高的家长,我们很担心开学后学校实际执行会走样。身边一些学校过去存在老师通过微信布置书面作业、要求家长批改或拍照上传的情况,有的家里是老人带孩子,根本不会操作,家长怕得罪老师又不敢反映。我们夫妻都要上班,家里人口多,老人帮衬,时间和精力有限,确实难以承担辅导和批改任务。希望领导能督促学校严格落实规定,不要变相布置书面作业,也不要强制家长参与批改,让孩子有充足睡眠和休息,减轻普通家庭负担。谢谢。"
FEBE12C7787039FD4EA96F46A4E59CB158253798CE48ED6D9AF5EB90F0B55B91,希望开学后督促学校落实低年级不布置书面作业,"领导您好,孩子暑假快结束了,马上要回学校上课。我们孩子这个年级按规定原则上不布置书面家庭作业,但以前周围一些学校老师经常给孩子布置很多作业,还要家长在微信里看作业、签字打卡。我们夫妻都在上班,家里老人带孩子,不太会用微信,每次都很为难。孩子睡眠一直比较好,我们也不想让他因为作业搞到很晚。现在虽然还没开学,但很担心学校又按老一套来,老师态度也不好,家长不敢多说。希望领导能督促学校严格按规定执行,不要给低年级孩子布置书面家庭作业,也不要通过手机给家长布置任务,让老师专心教学,别把负担转给家长。"
6C812ACDECF61B2970880F72C181BA723D50CD8FC30A7ACE8CA3E16C833EFA3D,希望开学后继续不布置书面家庭作业并规范课后服务,"领导您好,我家孩子在公办小学上学。我们夫妻都在上班,文化程度也不高,家里同住人口多,晚上照看孩子精力有限。目前虽然作业量看起来符合规定,但我们很担心春季开学后老师又会布置很多书面家庭作业,还要求家长在微信里看作业、批改作业。我们身边有些学校过去就出现过这种情况,老师态度也不好,家长不敢提意见。孩子现在参加了学校课后服务,我们担心课后服务变成变相补课或写作业,孩子回家还是轻松不了。家里经济不宽裕,孩子也在上校外学科培训,收费负担不轻。希望政府能监督学校严格执行不布置书面家庭作业的规定,别把任务压给家长,也别让课后服务变成作业班,让孩子放学后能真正轻松一点。"
9A906D31892B3022772E1FE38E2696BC9C01B8B2FAAB14E9B716A31E40037B96,关于提升小学课后服务质量、减轻家庭校外培训负担的诉求,"领导好。我家孩子在公办小学就读,家庭经济条件一般,父母都要上班。这个学期学校提供了课后服务,孩子也参加了,每天差不多两个小时。但实际感受下来,课后服务内容比较单一,很多时候就是看着孩子待着,作业辅导和兴趣活动不够充实。孩子书面作业虽然不算多,但我们家长辅导能力有限,孩子学习上有些问题在学校没解决,回家我们又教不了,只好继续报学科类培训班。现在培训班收费虽然降了一些,但对我们来说还是一笔不小开支,而且机构数量少了,我们也担心不稳定。我们理解政策是想让学校课后服务衔接好家长下班时间,内容多样一些。能不能请领导督促学校把课后服务真正利用起来,加强作业指导和答疑,多安排一些阅读、体育、科技类活动,而不是简单看管或者做与教学无关的事情。这样孩子在学校就能完成巩固,我们也敢少报或者不报外面的班,真正减轻家庭负担。"
5C6E273F8706D9C5CD298B253CF36ACE93B6CD2D2B2FC57F1D87C0B47BC0CDB8,关于减轻小学生暑期校外培训负担的请求,"领导您好,我是一名小学生的家长。家里孩子现在上小学,我和孩子爸爸都在上班,家里老人也帮不上多少忙。暑假里学校有课后服务,孩子也去,但我们还是给孩子报了校外的学科培训班,因为怕孩子学习跟不上。我们家庭条件一般,培训费对我们来说压力不小,但为了孩子也没办法。我们文化程度不高,辅导不了孩子作业,听说有的地方老师会布置很多作业还要家长在微信上弄,我们很担心以后也遇到这种情况。希望政府能管一管校外培训的收费,或者让学校课后服务多教一些知识、辅导作业,减轻我们家长的负担,谢谢领导。"
0334E3C618AF4AA165109DBC093ECD3397EF887A42EC94722C4AE12DAFA7ECE4,关于暑期课后服务与家长辅导负担的诉求,"我是一名小学生家长,家在西部城镇,夫妻俩都上班,文化程度不高,家里老人帮着照看孩子。现在暑假,孩子每天参加学校的课后服务,我们很感谢。但我们担心课后服务只是看管,没有真正辅导学习。我们家庭经济条件一般,之前给孩子报的校外培训现在少了很多,收费虽然降了,但担心以后续不上。我们自己辅导不了孩子作业,老人更不会用微信看作业、打卡。以前就听说有的学校老师布置很多作业,还让家长在微信里看,老人根本不会,家长也不敢说。希望领导能督促学校把课后服务做实,多安排老师辅导作业、答疑,不要把这些任务推给家长,特别是不要要求家长在微信上操作。这样我们家长才能安心上班,孩子暑假也能有进步。"
06402912F6A9B5895678F9B18BF0034C59E496BECA68D1215A97AA92C45BE4DA,关于减轻小学生暑期校外培训负担的请求,"领导您好,我是一名小学生的家长。家里孩子现在上小学,我和孩子爸爸都在上班,家里老人也帮不上多少忙。暑假里学校有课后服务,孩子也去,但我们还是给孩子报了校外的学科培训班,因为怕孩子学习跟不上。我们家庭条件一般,培训费对我们来说压力不小,但为了孩子也没办法。我们文化程度不高,辅导不了孩子作业,听说有的地方老师会布置很多作业还要家长在微信上弄,我们很担心以后也遇到这种情况。希望政府能管一管校外培训的收费,或者让学校课后服务多教一些知识、辅导作业,减轻我们家长的负担,谢谢领导。"
48E4D5B34FA1F19F550EC9CB5AE626E7D63AD0F0397E1F1986FFDFCC3DD97E4C,"希望学校课后服务能真正辅导孩子学习,减轻家长负担","领导好,我是一名小学生的家长。我们两口子都在上班,家里老人帮忙照看孩子,经济条件一般,自己文化也不高,辅导孩子学习很吃力。现在政策要求学校提供课后服务,我们孩子也参加了暑假的课后服务,但感觉主要还是看管,老师很少针对孩子的学习问题进行辅导,作业也都是孩子自己做,不会的也没人管。所以我们只好继续给孩子报学科培训班,虽然现在价格降了一些,但对我们这样的家庭还是一笔不小的开支。我们希望学校课后服务能真正把作业辅导和知识巩固做扎实,让孩子在学校就能解决学习上的困难,这样我们就不用再额外花钱补课了。另外,也希望老师布置任务时能考虑到家里老人不会用手机微信,别把辅导压力都推给家长。谢谢领导。"
2254449AC149785FD611D77B1381FA2996B25071681D94780425A11A8266060D,关于减轻小学生暑期校外培训负担的请求,"领导您好,我是一名小学生的家长。家里孩子现在上小学,我和孩子爸爸都在上班,家里老人也帮不上多少忙。暑假里学校有课后服务,孩子也去,但我们还是给孩子报了校外的学科培训班,因为怕孩子学习跟不上。我们家庭条件一般,培训费对我们来说压力不小,但为了孩子也没办法。我们文化程度不高,辅导不了孩子作业,听说有的地方老师会布置很多作业还要家长在微信上弄,我们很担心以后也遇到这种情况。希望政府能管一管校外培训的收费,或者让学校课后服务多教一些知识、辅导作业,减轻我们家长的负担,谢谢领导。"
5FDE5FDD84385C2BDC249168E703DB407EFC2EBEEF7575FB4B3F51C47C9C9977,关于提升小学课后服务质量的建议,"领导您好,我是西部城镇一名小学生家长。我们家经济条件一般,我和孩子妈妈都要上班,家里老人帮忙照看孩子,但老人不太会用手机。孩子这学期参加了学校的课后服务,每天时间不短。我们原本以为课后服务能帮助孩子巩固学习、培养兴趣,但听说有些学校的课后服务就是简单看管,老师不太管,内容也单一,我们有点担心孩子在学校白白浪费时间。我们文化程度不高,辅导不了孩子太多,如果课后服务能真正提供作业辅导或者一些阅读、体育、手工等活动,我们就能少花点钱去外面报培训班,也能更放心。希望领导能督促学校把课后服务做实做细,不要走过场,也不要变相增加孩子和家长的负担。"
8837B6BC7A591440BC9FE5EC6EC7CE0B5E332C5FDD5755E51C37BB57C9E01A21,关于严查在职教师暑假违规补课减轻家长负担的请求,"领导您好,我是西部乡村的一名小学生家长。家里收入不高,孩子上的村小是重点学校,这个暑假书面作业符合规定,我们挺安心。可最近听同村家长说,附近有公办学校老师在暑假私下开班补课,不少家长怕不报名会得罪老师,只好硬着头皮交钱。我们家实在拿不出这笔钱,又担心开学后老师对孩子有看法。孩子平时睡眠充足,我们就想让他好好长大,将来能考上大学。请领导一定关注乡村学校在职教师违规补课的问题,严查这种变相收费,别让家长被裹挟。也请督促学校开学后继续执行不布置书面家庭作业的规定,让孩子有真正休息和玩耍的时间。谢谢。"
BE2778A4DD2CB525EFE0E7EAF9D66EF4CE868B6E9280A0F81F424829DFC2E7D5,关于新学期乡村小学课后服务落实与教学环境改善的诉求,"领导您好,我是西部农村一名小学生的家长。孩子马上要开学了,我们这里学校一个班学生很多,老师平时就顾不过来,我担心新学期教学质量还是上不去。我们家经济条件不好,也没钱给孩子报外面的辅导班。现在政策要求学校完善课后服务,强调自愿参加,还能提供多样内容,我们打心底里盼着能真正落到实处。希望上级能督促学校把课后服务的师资和经费保障好,让农村孩子放学后也能有老师辅导、参加有益活动,不要走过场,也不要变成变相补课增加我们负担。同时请关注乡村学校大班额和教师配备问题,给我们孩子一个更公平的学习环境。"
02187BD96C3B4BCA8AD50AE2E0CE7A13B03B7776CC0E4982AFE461704043BA51,"乡村小学班额大,课后服务能否真正帮到孩子?","马上要开学了,想反映一下我们这边乡村小学的情况。我家孩子在公办学校读书,家里经济条件一般,大人文化也不高,没能力给孩子报外面的辅导班,只能靠学校。这个月孩子在学校参加课后服务,作业时长也符合要求,但我们一直担心学校一个班人数太多,老师顾不过来,课后服务容易变成只看管不辅导。听说有些地方班级很拥挤,老师也反映应付不过来,甚至还有老师自己开班的情况。我们不想让孩子因为家里没钱补课就落后,希望教育部门在开学后督促学校控制班额、加强课后服务的辅导质量,多关注乡村家庭孩子的学习困难,不要让孩子在学校得不到应有的帮助。"
EAA0BE4B4DD31E49095C2CC2ECECDD375868153497F26B0A1CAB4FC93E5F1A3C,希望加强乡村小学课后服务质量监管,"我家孩子今年上小学,家庭条件一般,我和孩子妈妈文化程度都不高,辅导作业很吃力。现在学校有课后服务,孩子每天参加,但我们很担心服务质量。听说有的地方课后服务就是让学生坐在教室里,老师顾不过来,辅导和活动都很少。我们农村学校班级人数多,老师负担重,如果课后服务流于形式,孩子学习跟不上,我们又没有能力报校外班。希望领导能重视乡村学校课后服务的实际效果,加强检查和指导,保障师资和经费,让课后服务真正帮助孩子完成作业、开展活动,而不是简单看管。"
F15D5A2E3CADE11A53BC23D1CDA5EE24F44E11ED9EDA5CCD7EA3EB4ABC236DEA,关于改善乡村小学大班额提高教学质量的请求,"领导您好,我是一名西部乡村小学生的家长。我家经济条件不好,我和孩子妈妈文化程度都不高,辅导不了孩子学习,也没钱给孩子报培训班,孩子全靠学校老师教。暑假里孩子参加了学校的课后服务,但听说新学期班级人数可能会很多,我们很担心老师顾不过来,影响上课质量。在周边一些乡村学校,一个班五六十人甚至更多,老师累得管不过来,有的孩子听不懂也没人问。我们家孩子睡眠时间足,我们也希望他能考大学,但基础打不牢,将来更难。恳请教育部门能关注乡村学校大班额问题,核查并督促学校合理配置师资、改善教学条件,别让农村孩子输在起跑线上。"
A37D7FA6936F81D411FD501CA7404B5B011DBDC88DE71BF328337FBC0C41EC76,关于农村小学教学环境和课后服务的担忧,"我家孩子正在读小学,不是毕业班。这个暑假参加了学校的课后服务,每天时间不短,但我们家长文化程度不高,不知道里面具体怎么辅导,心里没底。听说周边学校班级人数比较多,老师有时候顾不过来,我们很担心新学期开学后也会这样,影响作业辅导和课后服务质量。家里条件一般,没能力在外面报班,只能依靠学校。希望领导能关注农村学校班额问题,督促改善教学环境,同时把课后服务真正办好,让我们农村孩子也能得到公平、有质量的教育。"
983FC489F84C6D0FB2FBD11514B54D87665D4BAD26D4C003E88A99C5DABF9E30,关于改善乡村小学大班额提高教学质量的请求,"领导您好,我是一名西部乡村小学生的家长。我家经济条件不好,我和孩子妈妈文化程度都不高,辅导不了孩子学习,也没钱给孩子报培训班,孩子全靠学校老师教。暑假里孩子参加了学校的课后服务,但听说新学期班级人数可能会很多,我们很担心老师顾不过来,影响上课质量。在周边一些乡村学校,一个班五六十人甚至更多,老师累得管不过来,有的孩子听不懂也没人问。我们家孩子睡眠时间足,我们也希望他能考大学,但基础打不牢,将来更难。恳请教育部门能关注乡村学校大班额问题,核查并督促学校合理配置师资、改善教学条件,别让农村孩子输在起跑线上。"
53C8D490063B2E8B524B95E6E5D34C6A1467D8DA79B7A1F8ED7840AFBAFAD179,关于提升乡村小学课后服务质量的请求,"领导好。我是西部乡村一名小学生家长。家里条件一般,我文化程度也不高,辅导孩子学习很吃力。今年暑假学校提供了课后服务,我们让孩子参加了,每天能在学校待一段时间,确实减轻了家里看护负担。但我们也有些担心。以前就听说有的学校班级人数多,老师忙不过来,课后服务如果只是把孩子集中看管,没有针对性的作业辅导和兴趣拓展,对孩子帮助很小。我们这里学校是重点学校,硬件可能还好,但课后服务老师是不是够、内容是不是丰富,我们心里没底。孩子这个年级按规定不布置书面家庭作业,我们也不清楚课后服务里有没有安排阅读、体育或其他活动,还是只让孩子自己玩。我们家长文化有限,假期也没钱送孩子上培训班,校外补课现在也少,就指望学校课后服务能真正管起来、教起来。希望领导督促学校把课后服务做实,增加适合小学生的活动内容,多安排老师进行学习习惯和阅读方面的指导,不要流于形式,也请关注农村学校师资配备是否足够,避免因为人太多顾不过来。谢谢。"
E848A6B131A3F5FAE9A2B2529D44EB11D03637A1D9A185D70CC291D3F01818B1,关于改善乡村小学大班额提高教学质量的请求,"领导您好,我是一名西部乡村小学生的家长。我家经济条件不好,我和孩子妈妈文化程度都不高,辅导不了孩子学习,也没钱给孩子报培训班,孩子全靠学校老师教。暑假里孩子参加了学校的课后服务,但听说新学期班级人数可能会很多,我们很担心老师顾不过来,影响上课质量。在周边一些乡村学校,一个班五六十人甚至更多,老师累得管不过来,有的孩子听不懂也没人问。我们家孩子睡眠时间足,我们也希望他能考大学,但基础打不牢,将来更难。恳请教育部门能关注乡村学校大班额问题,核查并督促学校合理配置师资、改善教学条件,别让农村孩子输在起跑线上。"
E7909833D1DA36BD04CFB1A07AB9C445A5263AE42173AA5745BB77A20B2B9FEA,关于农村学校课后服务质量和教师变相补课问题的反映,"尊敬的领导,我是一名农村小学生的家长。孩子这个月在学校参加课后服务,我们家里经济条件不好,我和孩子爸爸文化程度也不高,辅导不了孩子学习,所以很依赖学校。但我们这学校一个班学生多,老师平时就说忙不过来,我们担心课后服务只是把孩子集中在一起看管,没有真正辅导,时间长了孩子学习跟不上。另外,以前听说有老师暑假自己开班,让家长送孩子去,我们这样的家庭负担不起,又怕得罪老师,心里很为难。希望领导能督促学校真正办好课后服务,增加老师,提高质量,同时严格管理老师在校外办班的行为,让我们农村孩子也能公平地接受好教育,将来能考上大学。"
A52AE0EEDEE90AFF589BE3B9D09EC4B33D8E66C06F9DFF9A18AF8FA5DA385D9B,请帮助解决孩子上学路程和作业负担问题,"领导您好。我家孩子是小学升学衔接年级,就读的学校离家比较远,单程通学时间很长,家里人手少,父母也不是都在上班,每天接送压力大。暑假期间,孩子的书面作业时间感觉超过了规定的一个小时,我们家长文化程度不高,也不太会辅导,只能干着急。孩子睡眠时间虽然还算长,但开学以后加上路上的时间,真怕孩子身体吃不消。我们没有条件报校外的辅导班,只能依靠学校。希望领导能帮助我们协调就近入学,或者督促学校合理安排作业量,让孩子能轻松一点,也减轻我们家庭的接送负担。谢谢。"
901D2725AD28680D026410223E9B14F0FB8D3938EDBB9A78FF00D7093F997232,关于减轻作业负担和解决接送困难的求助,"领导您好。我家住在西部城镇,孩子今年升入小学高年级,就读的是一所公办重点小学,但单程通学时间较长。家里同住人少,父母只有一方有工作,日常接送压力大。现在暑假期间,孩子书面作业情况与规定的时长有出入,我们家长文化程度不高,辅导起来很吃力。听说学校要开展课后服务,希望能真正落实,让孩子在学校完成作业并得到老师指导,同时课后服务时间能衔接家长下班,解决接送难题。也请督促学校统筹各科作业总量,别让孩子把过多作业带回家。这些好政策如果落实,能减轻我们这样普通家庭很多负担。谢谢。"
135B553493B14461BF770F9A7BB7F2D0D52EA2CF51A5DBF5E679F649C732F703,盼解决小学高年级学生作业超时问题,"尊敬的领导,我是一名小学高年级学生的家长。我家孩子就读的学校离家比较远,单程通学时间较长,每天来回很辛苦。最近我发现孩子在家写作业经常超过一个小时,比规定的60分钟要多不少,有时候写到很晚,影响了睡眠。马上要开学了,我担心新学期作业更多,孩子更吃不消。我们夫妻文化水平不高,辅导不了作业,家里经济条件一般,也没法给孩子报补习班。孩子现在处于升学衔接年级,学习压力本来就大,我们很焦虑。希望领导能督促学校严格落实作业时间规定,合理布置书面作业,同时考虑我们家庭的实际困难,提供校内课后作业辅导或答疑,让孩子尽量在学校完成作业,保障休息时间。谢谢领导。"
CFC250FF8F24230FF6E726459C6D9B8D9A8D795C11E8D66BD487CA36FA9E1B56,关于课后服务与作业负担的求助,"领导您好,我家孩子正在上小学升学衔接年级,就读学校离家较远,我们家长文化水平有限,辅导作业比较吃力,家里人手少,接送也有困难。这个月孩子参加了学校课后服务,但我们发现孩子回家后书面作业还是偏多,完成时间经常超过规定的一小时,有时写到很晚,我们很担心影响孩子休息和身体,也怕升学阶段压力太大。希望学校能真正利用课后服务时间加强作业指导,让孩子尽量在校完成作业,减轻回家后的负担;同时考虑到学校离家远,希望课后服务结束时间能和我们家长下班时间合理衔接,或者提供更灵活的看护安排,解决我们实际困难。谢谢领导关心。"
B5276A55219DF5F994426A65AC16771D34D91E7343E9926920E3B75A87F6757C,"孩子上学单程远接送难,盼协调就近或校车","领导好,我家孩子今年处在升学衔接年级,就读的是公办重点小学,但单程通学时间很长。家里人手少,父母又不是都方便接送,每天在路上花很多时间,大人孩子都很疲惫。这个月孩子书面作业情况也不太符合规定时长,我们文化程度不高,辅导吃力。孩子没参加学校课后服务,开学后放学接送上更成问题。希望领导能帮忙考虑就近入学,或者协调校车、课后延时服务,同时请学校合理布置作业,减轻我们这种普通家庭的压力。"
B4DDA9A83D293BA5373C1C24D82071BCE97098DC649F30873EDA10D4EF9B0307,关于孩子上学路途远接送和作业负担的求助,"领导您好。我家孩子是小学升学衔接年级学生,就读公办重点学校,但单程通学时间较长。家里经济条件一般,大人文化程度不高,平时人手少,一个人接送确实吃力。现在暑假学校有课后服务,孩子也参加了,但每天回到家比较晚,这个月孩子的书面作业时间没有控制在规定的60分钟以内,孩子睡眠都受影响。我们期望孩子以后能考上本科,但长期这样孩子太累,我们也担心开学后通学和作业叠加更难。身边也有类似情况的家庭为接送发愁。希望领导能督促学校把作业量控制住,利用课后服务时间让孩子在校完成一部分作业,同时能否协调就近入学或安排校车、延时看护,减轻我们这类家庭的接送和作业负担。谢谢。"
98ACC38590F68D1205D23C8DBFBD75006DD9285C287DBC253B065AB4F4818D73,"孩子上学单程远接送难,盼协调就近或校车","领导好,我家孩子今年处在升学衔接年级,就读的是公办重点小学,但单程通学时间很长。家里人手少,父母又不是都方便接送,每天在路上花很多时间,大人孩子都很疲惫。这个月孩子书面作业情况也不太符合规定时长,我们文化程度不高,辅导吃力。孩子没参加学校课后服务,开学后放学接送上更成问题。希望领导能帮忙考虑就近入学,或者协调校车、课后延时服务,同时请学校合理布置作业,减轻我们这种普通家庭的压力。"
758B6610BC41AEF6A9C38D236E49A473BC9AD5E4026CE0F8291DC8CE901DDB27,关于解决孩子通学距离远和课后服务衔接困难的诉求,"领导好,我家孩子是小学升学衔接年级学生,就读的学校是公办重点学校,但单程通学时间比较长。家里同住成员少,父母也不是双方都在就业,日常接送人力很紧张。这个月孩子参加了学校课后服务,但放学后返家路程远,我们很担心放学后照料衔接和路上安全问题。同时,孩子本月的书面作业情况未符合当前年级的时长规范,虽然目前睡眠时间还比较充足,但升学衔接阶段作业压力如果继续加大,会影响孩子学习状态。希望领导能协调解决通学距离和接送问题,督促学校结合家庭实际优化课后服务时间安排,并严格执行作业时长规定,减轻家长负担。谢谢领导。"
704A3EAE535CD6E2261E9F92C2540D803A7236EB05DCD63959583A6F5177810B,"孩子上学单程远接送难,盼协调就近或校车","领导好,我家孩子今年处在升学衔接年级,就读的是公办重点小学,但单程通学时间很长。家里人手少,父母又不是都方便接送,每天在路上花很多时间,大人孩子都很疲惫。这个月孩子书面作业情况也不太符合规定时长,我们文化程度不高,辅导吃力。孩子没参加学校课后服务,开学后放学接送上更成问题。希望领导能帮忙考虑就近入学,或者协调校车、课后延时服务,同时请学校合理布置作业,减轻我们这种普通家庭的压力。"
EB2E7F0B829A513AF0A3EF867BD6379ABEEE8907FD0E19BE5B7F77738A89FA99,关于解决孩子上学远、接送难及作业超时问题的求助,"领导好。我家孩子在一所公办学校读小学,学校离家比较远,单程路上要花不少时间。家里能接送的人手不多,我一个人来回跑很吃力。孩子目前参加了学校的课后服务,本来想着情况能好一些,但课后服务结束后回到家还是比较晚,而且孩子本月的书面作业完成时间超过了规定的一小时,常常写得比较晚。我文化程度不高,辅导不了作业,看着孩子睡不够很着急。马上要开学了,我担心开学后作业更多,路上时间长加上作业超时,孩子身体吃不消。希望领导能帮忙督促学校严格按照规定控制书面作业总量和时间,让课后服务真正能在校指导孩子完成作业;同时能不能考虑我们这样住得远的家庭,提供校车或者协调就近入学,减轻接送负担。谢谢领导。"
7AD85535C117901DF6B6743E37BB3A1E4FFE8187B0CFE24D3AD472882C4541C0,关于乡村小学放学后课后照护与辅导的请求,"我家孩子在农村公办小学就读,马上要升入非毕业年级。按照当前年级的规定,原则上不布置书面家庭作业,我们理解这是为了减轻孩子负担,本月作业时长也符合要求。但我和爱人都是上班族,每天下班时间比孩子放学晚不少,家里同住人口多,但白天也都有各自的事,接孩子和放学后的照看一直是我们最头疼的问题。乡村学校课后服务资源比较有限,我们担心开学后孩子放学后只能被接回家自己待着,看电视或玩手机,既影响学习习惯,也存在安全隐患。我们不是要求增加书面作业,而是希望上级能协调学校在新学期提供更稳定的课后服务,比如由老师组织功课辅导、阅读、体育活动或临时看护,不额外布置书面作业,既解决照看空档,也能让孩子在老师带领下巩固知识、培养兴趣,让家长能安心工作。"
2D8C474E4C94F3B4FA53F8939049E219CAA300027055C66E064E28C1469EF66F,关于乡村小学课后服务和作业辅导的期盼,"领导您好,我是一名乡村小学孩子的家长。孩子开学后上小学非毕业年级,我们夫妻都在外面上班,家里虽然同住的人多,但能帮忙辅导功课的实在有限。学校是公办普通小学,离家近,但以前下午放学早,我们下班赶不上接,辅导作业也吃力,只能干着急。现在暑假快结束了,新学期马上开始,听说现在有政策要求学校统筹作业、加强课后服务,我们打心眼里高兴。希望领导能督促学校真正把课后服务做起来,放学后安排老师辅导孩子完成作业,再开展一些文体活动,别让我们家长天天为接送和辅导犯愁。我们孩子平时睡得足,学习习惯也还好,就是没人盯着不行。另外,也请政府多支持乡村学校,课后服务的师资和经费要保障到位,不能走过场。作为家长我们愿意配合,但时间确实紧张,请领导多关心我们这些普通家庭。"
A3726A2D6F1237DDE4C861E136E1B2CFB1FE5A13C474B17C30F26231658DDA30,关于提升农村小学课后服务学业辅导功能的建议,"领导好,我们夫妻都在工作,平时时间紧,辅导孩子学习有心无力。孩子现在虽然参加了学校课后服务,但我们担心课后服务主要是看护,缺少老师对功课的专门辅导。现在低年级按规范不布置书面家庭作业,我们理解政策初衷,但也担心孩子基础不牢,所以家里还是继续报了校外培训班,费用不低,负担比以前没减多少。希望领导能关注农村学校课后服务的实际质量,推动学校在课后服务时间里增加一些作业辅导、阅读写字等学习内容,让孩子在学校就能把学习巩固好,我们也能少花冤枉钱。谢谢。"
5BFDC5A0B2F34B6D48ED8CB2AA3BB9C58C955680890533C39ED7157F4644D689,关于提升小学课后服务辅导质量的建议,"领导您好,我是东部一个乡村小学孩子的家长。我们夫妻都在上班,家里照看孩子的时间很紧。孩子这学期参加了学校的课后服务,放学后能在学校多待一会儿,确实帮我们缓解了接送压力。但我们担心课后服务主要还是看护,辅导作业和培养兴趣方面不够深入,孩子遇到学习问题还是没人能及时指导,所以我们另外给孩子报了学科培训,虽然费用比原来低了些,但来回接送和挑选机构仍然很费心。孩子这个年级平时书面作业不多,我们希望课后服务不只是看着孩子,能真正安排老师有针对性地辅导功课、答疑解惑,再开展一些阅读、体育或兴趣活动,让孩子在校内就能学足学好。恳请领导督促学校把课后服务做实做细,加强作业辅导和个性化指导,让我们家长少一些后顾之忧。"
92E155BA4EE99058E0A4AEECA26225D9BDBCC4E58779131FEB14E325D5F09C6C,关于优化暑期校内课后服务的建议,"领导您好。我是东部乡村一名小学生的家长,孩子目前就读公办小学,暑假期间参加了学校的课后服务。我们夫妻双方都在上班,家里人口多,每天接送和照看孩子的时间比较紧张。虽然学校提供了课后服务,但希望能进一步丰富内容和形式,适当延长服务时间,增加学业辅导、阅读、体育和兴趣活动等安排,让我们这样的双职工家庭减少对校外学科培训的依赖,减轻接送和经济压力,孩子也能在校内得到更充实的看护和成长。"
53FF362B4717B81D1030CCF860C41A817A5EB2FF89FAAFA939E95AAB3685792E,关于暑假农村小学课后服务增加学业辅导的诉求,"领导您好。我是一名农村小学学生的家长,孩子今年暑假后升入非毕业年级,现在正是暑假。我们夫妻俩都在上班,家里老人年纪大了,能帮忙做饭,但辅导学习很吃力,家里时间安排特别紧。现在学校提供了课后服务,孩子这个月也参加了,这解决了我们看护的一大难题,非常感谢。不过,孩子这个阶段按规定基本不安排书面家庭作业,学校课后服务又更多是看护,我们担心孩子假期里学习习惯松散、知识巩固不够。校外学科培训现在管得严,我们原来参加的一个培训还在上,价钱确实降了,但明显感觉机构收缩,以后能不能一直稳定提供、质量怎么样,心里没底。我只有高中学历,白天上班累,晚上想给孩子讲题也力不从心,又不敢随便报不正规的班。想恳请领导关注农村学校课后服务的质量,能不能在暑假期间也把课后服务内容做得更丰富一些,比如安排老师进行作业辅导、阅读、兴趣活动,真正和双职工家庭下班时间衔接起来,让孩子假期有地方去、有人管、有收获,也让我们家长安心。"
DE4F1CE452382F8782CC64ACE2DCFA3A69643FFFC055418765003175F299AD35,关于优化暑期校内课后服务的建议,"领导您好。我是东部乡村一名小学生的家长,孩子目前就读公办小学,暑假期间参加了学校的课后服务。我们夫妻双方都在上班,家里人口多,每天接送和照看孩子的时间比较紧张。虽然学校提供了课后服务,但希望能进一步丰富内容和形式,适当延长服务时间,增加学业辅导、阅读、体育和兴趣活动等安排,让我们这样的双职工家庭减少对校外学科培训的依赖,减轻接送和经济压力,孩子也能在校内得到更充实的看护和成长。"
108DC07E2DEEE760F1BC826ABFDB5764302AB5EB63457AF28A57B114E425CD5C,关于农村小学课后服务加强作业辅导的建议,"领导您好。我是一名农村小学生的家长,家里孩子多,我们夫妻都在外忙工作,平时照看孩子的时间很紧。现在孩子参加了学校的课后服务,接送是方便了,但我担心课后服务更多是集中看管,老师没有时间给孩子讲作业、补短板。我们家长学历不高,晚上想辅导也力不从心。外面的学科培训班现在少了很多,虽然我们还在给孩子报,但总归希望学校能承担一些课业辅导。如果课后服务能安排老师轮流答疑、辅导作业,尤其是数学和语文,对我们这样的家庭帮助会很大,也能让孩子少依赖校外补课。希望领导关注农村学校课后服务的质量,而不仅仅是时间上的延长。"
4E8C79C49EB651711D03D76615DEC3C930AEC83D2551AE097E47148CD2536DDD,关于优化暑期校内课后服务的建议,"领导您好。我是东部乡村一名小学生的家长,孩子目前就读公办小学,暑假期间参加了学校的课后服务。我们夫妻双方都在上班,家里人口多,每天接送和照看孩子的时间比较紧张。虽然学校提供了课后服务,但希望能进一步丰富内容和形式,适当延长服务时间,增加学业辅导、阅读、体育和兴趣活动等安排,让我们这样的双职工家庭减少对校外学科培训的依赖,减轻接送和经济压力,孩子也能在校内得到更充实的看护和成长。"
D344C93713C353DCCACB765778126CF2080B43FA08CB1968999483BB2F1F195B,关于优化农村小学课后服务内容、加强学业辅导的诉求,"领导好。我家孩子在本地上小学,孩子父母都在上班,家里同住人口多,但每天能专门辅导孩子学习的时间很有限,家庭时间安排一直比较紧。现在学校课后服务按制度每天有两个多小时,孩子这个月也参加了,我们很感谢。但从家长角度看,最盼望的还是这段时间能真正用起来,由老师多给孩子讲讲当天的功课、答疑解惑、巩固基础。我们这边是农村学校,不是重点校,孩子通学虽然近,但放学后的学习支持仍然比较缺。听说小学阶段现在按规定不布置书面家庭作业,我们一方面支持减负,另一方面也担心孩子基础打不牢,将来想考本科会更吃力。现在校外学科培训明显少了,我们虽然还在参加,花费虽然降了,但接送和来回仍是负担。如果学校课后服务能更实在一些,多一些作业辅导、重点知识复习和个别答疑,家长就能更放心,也不一定非要往外面送。恳请相关部门督促学校把课后服务的内容和质量抓实,结合农村家庭实际,别让这两个多小时只是看护或简单活动。"
62B51F513645E5FA66819D40F6D6B7D2492817838492334263B8153A40CF74FF,关于乡村初中毕业班暑期学习与升学支持的诉求,"领导您好,我是东部乡村一名初中生家长,孩子秋季即将升入初三,面临中考升学。暑假期间,我们夫妻二人都要上班,白天无法陪伴孩子学习,学校也未组织暑期辅导或托管。孩子所在公办学校资源有限,周边也没有合适的公益性学习场所。虽然家庭经济尚可,但我们不希望依赖校外培训,希望孩子能获得系统、可靠的备考指导。目前孩子暑假作业量符合规定,但零散复习缺乏针对性,我们担心开学后跟不上初三节奏,影响升学。恳请政府协调教育部门或学校,为乡村初三学生提供暑期公益辅导、线上课程或学习资源,并关注乡村学校教学条件改善,让孩子能公平地迎接中考。谢谢!"
D0F27D5EC708C231E408214BCFC813733EACFAC8F326FECF3C611E88AEE88279,关于农村初中课后服务落实与升学衔接支持的诉求,"领导您好。我是一名农村初中学生的家长,孩子秋季将进入初中升学衔接年级。我和爱人都在上班,家里老人帮衬有限,暑假及开学后的课后照护一直是我们最担心的问题。我们这里学校是公办非重点,通学虽然不远,但办学条件一般。看了义务教育课后服务的要求,我们很期待学校能真正落实,提供自愿参加、内容多样的课后服务,解决双职工家庭的接送难题。同时孩子处在升学衔接阶段,希望学校能加强作业统筹和校内指导,避免机械刷题,多安排一些体育、阅读、科技等拓展活动。我们经济条件还可以,但周边学科类培训选择不多,也不想给孩子加压。恳请政府多关注农村学校的师资和经费保障,防止课后服务在乡村打折扣,让农村孩子也能获得公平的升学准备机会。"
011F8E0AFC3678FDF625873AEB7A5612A8102471A956746BCC77452500806BD6,请求关注农村初中升学衔接年级教学支持与课后服务,"领导好。我家孩子在乡镇一所公办初中就读,现在正处于初二升初三的衔接阶段。学校不是重点或示范校,硬件条件和师资力量相对薄弱,虽然孩子平时书面作业时间基本符合规定,但我们作为家长很担心:没有参加校外学科培训,本月学校课后服务也没有参加,进入初三后复习备考主要靠课堂,和城镇学校孩子相比会不会差距越来越大。孩子睡眠时间比较充足,我们也有能力支持他读本科,但农村普通初中的教学资源确实有限,尤其是数学、英语等关键学科的拓展辅导不足。希望政府能加大对农村非重点初中的教学支持,推动学校在课后服务、分层辅导和升学指导上提供更多实质帮助,让升学衔接年级的农村孩子也能得到公平的备考保障。"
007BCE078DDF40B9DA4348D3B00B727B10359D8D03D4C2747368DFC82A6BC1C2,关于乡村初中毕业班课后服务与升学指导的建议,"我家孩子正处在初中升学衔接年级,就读于本地乡村公办学校。学校虽然不是重点示范,但通学时间短,孩子睡眠充足。这学期孩子参加了学校课后服务,每天有2小时左右,但目前看内容还主要是看护和自主作业,针对毕业班的学科辅导、学习方法和心理疏导比较少。我们夫妻都在上班,家庭经济条件尚可,但晚上能辅导孩子的时间有限。我们担心学校资源一般,课后服务质量跟不上,影响孩子即将面临的升学考试。希望领导能督促教育部门指导学校优化课后服务内容,尤其对毕业班学生加强作业辅导和升学指导;同时加大对乡村学校的投入,改善办学条件,让农村孩子也能享受到有质量的课后服务和公平的升学机会。"
DF692E0002E84A6A94FC8123107B5D744C2376E593F2741DB120001105886350,关于随迁子女升学衔接阶段中考报名条件与备考环境的诉求,"我是本地一名初中生家长,孩子暑假后进入升学关键年级。我们夫妻都在本地稳定就业,家庭经济条件尚可,孩子目前书面作业量符合规范,睡眠也较充足。但想到未来中考,心里始终不踏实。身边一些相似家庭因户籍或积分条件限制,孩子无法在本地参加中考,只能回老家就读,这对孩子打击很大。我们担心自己孩子也会遇到同样问题。另外,孩子就读的乡村公办初中硬件条件仍不理想,非重点学校资源有限,担心影响备考质量。希望领导能提前明确升学衔接年级随迁子女的中考报名资格,避免政策不明确耽误孩子;同时加大对乡村公办初中的投入,改善办学条件,让孩子在公平环境中迎接升学。恳请协调教育部门做好政策宣传和衔接安排。"
8816244621157BA83015BA5AD1739E2E64BBA512661AF66D9A572E0304A12A4C,乡村初中升学衔接阶段课后服务需提质,"领导您好,我是东部一所乡村公办初中学生的家长。孩子今年暑假后就要升入初三,面临升学衔接的关键时期。学校离家近,但硬件和师资一直比较薄弱。现在孩子每天都参加学校课后服务,名义上时间不短,可内容多是看管和写作业,很少有针对中考的学科分层辅导,孩子校内学习轻松,作业量也符合规定,但我们担心这样下去,乡村孩子和城里孩子的差距会越拉越大。校外学科类培训班现在也很难找到,我们夫妻学历虽是大专,但都要上班,辅导精力有限。孩子睡眠充足,学习也自觉,一直想考上本科,可学校的课后服务质量和资源有限,怕耽误孩子。希望领导能关注乡村初中校内提质,督促学校丰富课后服务内容,增加升学指导和有针对性的学业辅导,让农村孩子也能公平竞争。"
2BC419FB486CFFE1E7F13C88E16CE8EAB1F5C26E98DDF9109BCB07C59921E0BD,关于随迁子女升学衔接阶段中考报名条件与备考环境的诉求,"我是本地一名初中生家长,孩子暑假后进入升学关键年级。我们夫妻都在本地稳定就业,家庭经济条件尚可,孩子目前书面作业量符合规范,睡眠也较充足。但想到未来中考,心里始终不踏实。身边一些相似家庭因户籍或积分条件限制,孩子无法在本地参加中考,只能回老家就读,这对孩子打击很大。我们担心自己孩子也会遇到同样问题。另外,孩子就读的乡村公办初中硬件条件仍不理想,非重点学校资源有限,担心影响备考质量。希望领导能提前明确升学衔接年级随迁子女的中考报名资格,避免政策不明确耽误孩子;同时加大对乡村公办初中的投入,改善办学条件,让孩子在公平环境中迎接升学。恳请协调教育部门做好政策宣传和衔接安排。"
6E755CAF2172DB44333CC88088CFD6795CCE2ECCF7BCC684164C3A7CB9977300,关于提升农村非重点初中课后服务学业支持的建议,"我家孩子现在正处于升学衔接年级,就读的是农村公办初中。学校条件一般,今年暑假孩子参加了学校课后服务,虽然按规定每天都开放,但据孩子反映,课后服务内容比较单一,多是看管和简单活动,缺少针对学业弱项的辅导和答疑。现在校外学科培训收缩得很厉害,我们家庭虽然有一定经济能力,但也很难找到合适的辅导渠道。孩子之前没上过学科培训班,主要靠学校。眼看着即将面临升学,我们很担心学校课后服务不能真正帮助孩子巩固基础、提升能力,尤其对农村非重点初中的孩子来说,差距可能越拉越大。希望领导能关注这类学校的课后服务质量,加强师资和课程资源保障,让课后服务不只是看护,还能提供有效的学科指导,缓解家长的焦虑。"
0552DDBD0B702B81778B45E7FF4E1EC9701ADE9C3DA3BC2C450020B7E33CE152,关于随迁子女升学衔接阶段中考报名条件与备考环境的诉求,"我是本地一名初中生家长,孩子暑假后进入升学关键年级。我们夫妻都在本地稳定就业,家庭经济条件尚可,孩子目前书面作业量符合规范,睡眠也较充足。但想到未来中考,心里始终不踏实。身边一些相似家庭因户籍或积分条件限制,孩子无法在本地参加中考,只能回老家就读,这对孩子打击很大。我们担心自己孩子也会遇到同样问题。另外,孩子就读的乡村公办初中硬件条件仍不理想,非重点学校资源有限,担心影响备考质量。希望领导能提前明确升学衔接年级随迁子女的中考报名资格,避免政策不明确耽误孩子;同时加大对乡村公办初中的投入,改善办学条件,让孩子在公平环境中迎接升学。恳请协调教育部门做好政策宣传和衔接安排。"
5C00E009A813BFD956F8DD2D068F5858F9F9E92E872455E370AE16B706158AEC,建议关注随迁子女升学衔接和本地中考报名资格问题,"领导好,我是本地一名初中生家长。孩子暑假后就要升入初三,正处于升学衔接的关键一年。我们家庭长期在本地工作和生活,但近来一直担心孩子能否顺利报名参加本地中考。听说有些随迁子女因为居住证、积分等条件限制,到了初三才发现不能在本市考试,只能回老家,家长和孩子都很焦虑。我们家孩子从小学就在本地就读,对老家环境已经很陌生,如果临时回去,学习和心理都难以适应。暑假里孩子参加了学校课后服务,日常作业负担也基本符合规定,但课后服务目前更多是看护和基础辅导,针对初三升学衔接的系统性指导还不够。现在校外学科培训供给又明显减少,我们也不希望孩子靠培训,只盼学校能在关键年级提供更有效的学业支持和升学政策讲解。恳请领导督促教育部门关注随迁子女在本地的中考报名资格问题,简化不必要的门槛,让长期在本地就读的孩子能平等参加考试,安心完成初中学业。"
311B76FC1F918B9E5CD923913B3B775C91EE5D584F4B6DB38A975B8231EFF789,关于农村小学生暑假作业负担和收费担忧的留言,"领导您好,我家在村里,孩子上公办小学,家里条件一般,我们两口子都在打工,老人帮忙看孩子,文化都不高。这个暑假孩子在家写书面作业,经常一坐就是很久,我们感觉比规定的一个小时还长,孩子累,我们也没法辅导。以前听说过有的学校变相多收费、补课费高,我们很担心开学后负担更重。希望领导能督促学校严格按作业时间规定布置作业,减轻农村孩子和家长的压力,也请关注农村家庭的校外培训费用问题,让我们能踏实过日子。"
2155793866892F2436890FAA854F946D39CE01465529361CFBC32F9A633F256E,希望督促学校落实作业减负和课后服务,"领导好,我家孩子在村里公办小学上学,我们两口子文化低,又都在打工,家里条件不好,管孩子作业很吃力。这个月孩子书面作业花的时间已经超过规定,我们担心开学后更重。听说现在要求学校控制作业总量、提高质量,还要有课后服务,我们希望上面能督促学校真正落实。我们不想再花钱去校外补课,也担心课后服务另外收费或者变成补课。请领导帮我们农村困难家庭减轻作业和补课负担,让孩子放学后能在学校得到辅导。"
A72DDDDF0D241236050398C1F137626EBECC958785192EFD81B3B8D1205CBB35,关于孩子书面作业时间不符合规定的反映,"领导您好。我家孩子在村里小学读书,我和爱人平时工作很忙,家里人口多,照看孩子的时间很紧张。最近了解到孩子这个月的书面作业完成时间不符合规定,我们很担心作业量偏大,可能影响孩子睡眠和第二天上学。孩子睡眠时间本来还可以,但如果作业长期超时,我们怕会耽误休息。我们经济条件一般,还在给孩子报学科类辅导班,负担不轻,希望学校能合理布置作业。请领导帮忙核实学校作业情况,督促学校按规定控制书面作业时间,让孩子有足够休息,减轻我们家长的压力。"
FD4EE869019EF086218F8AB5123F1E38E94EDD61443F7AECB87078792ED4437F,农村孩子课后服务盼提质 减轻校外培训负担,"领导好。我家在东部农村,夫妻俩都要务工,家里孩子多,老人帮衬有限,每天接送和辅导都很吃力。现在孩子上小学,学校有课后服务,我们也让孩子参加了,但心里还是不踏实:课后服务更多是看管,作业辅导和兴趣活动质量参差不齐,我们怕孩子落后,只能继续在外面报学科培训班。虽然这半年培训收费比原来降了些,但对我们低收入家庭还是一笔不小开支,而且总担心以后变相涨价或重复收费。我们最怕又出现那种说不清道不明的收费,比如以前见过有的学校让交补课费、兴趣班费,说不交不行,最后也没个明白账。希望领导能督促学校把课后服务做扎实,真正有老师答疑、有学习辅导,让农村孩子不靠校外培训也能跟上;同时加强对校外培训收费和预收费的监管,防止费用反弹,别让家长一边减负一边又添新负担。"
DD7186C7376D1A0218C64900B667ECA3526E881E2A579231D5E6C07CAD5C1D8E,希望规范作业和培训收费减轻农村家庭负担,"领导好,我是农村的一名小学生家长。家里条件不好,我和孩子妈妈都在打工,老人帮忙照看,我们文化程度不高。我了解到孩子这个月的书面作业情况可能不符合规定,我们很担心作业偏多,孩子休息受影响。这个月孩子没参加学校课后服务,但我们还让他上着学科培训班,收费和以前差不多,负担很重。我们自己辅导不了,只能花钱报班,希望领导能督促学校落实作业管理,同时管一管校外培训收费,让我们农村家庭能轻松一点。"
DAC846EED93F0B664D0C9E112629C87D899D7091082D690F53E8AA287ACE28F7,"希望课后服务内容更实在,减轻农村家庭负担","我家孩子在村里上小学,家里经济不宽裕,父母都在打工,时间也很紧。这个暑假孩子参加了学校提供的课后服务,我们也知道现在校外培训管得严,费用比以前降了一些,但为了不让孩子掉队,这个月还是花钱报了学科培训。我们最担心的就是学校课后服务只是把孩子看着,没有真正辅导作业、带着做点兴趣活动,这样放学后或者假期里我们还得再往外掏钱。以前听人说有的学校收费项目多,变相增加负担,我们也怕课后服务以后会收各种材料费、活动费。希望领导能督促学校把课后服务内容做扎实,老师多答疑,多开展阅读、体育这些活动,收费公开透明,不要让我们农村家长多花冤枉钱,让孩子在校内就能学好,少上点校外班。"
F3088C71498D1201A623B8A68AA836C894E6ACEFBFDFAF9182C7839E1D7542C2,希望规范作业和培训收费减轻农村家庭负担,"领导好,我是农村的一名小学生家长。家里条件不好,我和孩子妈妈都在打工,老人帮忙照看,我们文化程度不高。我了解到孩子这个月的书面作业情况可能不符合规定,我们很担心作业偏多,孩子休息受影响。这个月孩子没参加学校课后服务,但我们还让他上着学科培训班,收费和以前差不多,负担很重。我们自己辅导不了,只能花钱报班,希望领导能督促学校落实作业管理,同时管一管校外培训收费,让我们农村家庭能轻松一点。"
961DF2A6BA55CD4A4EB047E333411795D221887B17187BC53692788D3B0BAA6D,"盼暑期学校课后服务多辅导作业,减轻农村家庭补课负担","领导您好,我是农村的一名小学生家长,我们两口子都在外打工,家里老人看孩子,暑假最发愁的就是孩子没人管、学习没人辅导。现在孩子在学校参加课后服务,但我们不清楚内容能不能帮着看看作业、讲讲题。家里经济条件不好,虽然听说校外补课收费降了一些,可我们还是给孩子报了一门学科培训,这笔钱对我们来说仍是不小的压力。我们文化不高,也不懂辅导,只盼学校课后服务能更实在些,多安排作业辅导和阅读、运动等活动,让我们少花补课的钱。同时希望领导继续管住校外培训收费,别让机构换个名目多收钱。"
25FA0D977FF3228F212A030A63D4FFE6F73F0FD4282C4C95FC849E4D4632DCD8,希望规范作业和培训收费减轻农村家庭负担,"领导好,我是农村的一名小学生家长。家里条件不好,我和孩子妈妈都在打工,老人帮忙照看,我们文化程度不高。我了解到孩子这个月的书面作业情况可能不符合规定,我们很担心作业偏多,孩子休息受影响。这个月孩子没参加学校课后服务,但我们还让他上着学科培训班,收费和以前差不多,负担很重。我们自己辅导不了,只能花钱报班,希望领导能督促学校落实作业管理,同时管一管校外培训收费,让我们农村家庭能轻松一点。"
1B45CA41C10CEF765B7C54ACC82FC92AEDAA783C7BD00DC477F1E480A1E583A1,乡村小学孩子暑假仍补课负担重盼课后服务更实在,"领导好。我家在村里,孩子上小学,家里收入不高,我和爱人都在打工,平时照看孩子时间很紧。这几年学科培训班少了很多,收费也比以前降了点,但孩子现在暑假还在外面补课,每期费用对我们家来说还是很吃力。学校暑假有课后服务,孩子也参加了,可我们家长还是担心光靠学校服务不够,不补课怕孩子跟不上。政策说是自愿、内容丰富,但到我们这里能不能真正接得住,心里没底。希望领导多关注农村普通家庭的实际困难,继续管住学科培训的收费和宣传,别再让补课变成家长不得不选的路;同时也希望把学校课后服务在假期里做得更扎实、更有用,多些作业辅导和活动,让收入不高的家庭也能放心把孩子交给学校,少花冤枉钱。"
78E785528881339974A031AC11605C1A5B926EE72CEC0666A26DE5E3AEED3AA2,关于农村小学师资与管理问题的诉求,"我家孩子就读于乡镇公办小学,暑假期间在家。最近和同村家长交流,大家都比较担心学校软件建设跟不上:师资不稳定,常有非专业教师代课,老教师比例高,一些管理制度也不够合理。孩子目前作业量虽然不多,但我们听到周围学校有老师要求家长每天辅导检查作业、录制背书视频上传群,还要家长参与学校菜园劳动等,这些让我们很焦虑。家里人口多、经济条件一般,大人精力有限,怕开学后这些负担落到自己头上。希望领导能关注农村学校的师资保障和管理规范,督促学校真正为孩子减负,让农村孩子也能享受到稳定的、专业的教学。"
E8FFF7FDB69EFA8BD88F454196EDB27215B30E0F3F9EE379CE8837CAF065A443,"乡村小学课后服务与作业管理盼落实,减轻家长负担","领导您好。我是村里一名小学生的家长。家里人口多,经济条件一般,我文化程度不高,辅导孩子学习很吃力。现在暑假作业不多,是符合要求的,但我担心开学后一些做法又回到老路。我们这边学校条件一般,也听说过有的学校让家长天天检查作业、拍背书视频上传,甚至把劳动任务摊给家长。新学期要求学校统筹作业、加强校内指导,还要求课后服务自愿、多样,这对我们农村家庭本来是好事。可乡村学校师资和经费有限,课后服务能不能真正开展起来,会不会只是把孩子集中看管,作业还是带回家让家长批改,这些我们都心里没底。希望领导能督促相关部门核查我们这类农村小学的落实情况,优先补充师资和软件建设,别让作业管理和课后服务停留在纸面上,也别再把教学辅导责任转嫁给家长。谢谢。"
9675D3E5B793EDFC5F2CFD38FF786CD1CF1B9F88ED1C9707A28874D0D282368C,关于农村小学课后服务与家长负担问题的反映,"领导好。我家孩子在村里公办小学读书,这个月书面作业量符合规定,也在参加学校课后服务。可是我们家长文化不高,家里经济条件一般,最担心开学后学校管理跟不上,课后服务变成简单看管,甚至出现让家长辅导检查作业、参与校园劳动等情况。希望相关部门关注农村小学的师资和管理,稳定教师队伍,别把本该学校承担的教学和劳动任务摊派给家长。"
3F92768F034FF81A633CC7E9A0EEADC3C60AE36A8368C29C1A78044944555811,乡村小学课后服务需加强师资与内容保障,"尊敬的领导,我是东部乡村一名小学生家长。家庭收入一般,我们文化水平不高,辅导孩子功课很吃力。现在孩子参加了学校课后服务,每天两小时左右,但作为家长我们心里还是没底。我们这边学校师资本来就紧张,教师年龄偏大,年轻老师留不住,管理上也有不少需要改进的地方。课后服务开展以来,表面上时间延长了,可内容上比较单一,很多就是让孩子在教室坐着写写画画,或者老师看管,缺少阅读、体育、兴趣拓展这些真正对孩子有帮助的安排。我们担心新学期开学后,课后服务还是流于形式,没办法解决农村孩子课后无人辅导、活动匮乏的问题。同时我们也希望作业管理的要求能持续落实,不要因为开学就回到让家长批改、录制视频的老路上去,我们真的没有那个能力。恳请领导关注乡村学校课后服务的师资配备和经费保障,让好政策真正落地,让我们农村孩子也能享受到有质量的服务。"
7501A2597A54D291AA3AC81BE81790542614798E68C3A287272ADBD2F07E821A,关于提升农村小学课后服务质量与减轻家长负担的诉求,"领导好,我是东部农村一名小学生的家长。家里条件一般,我和家人文化程度不高,但一直希望孩子能好好读书。这个月孩子参加了学校的课后服务,书面作业方面也基本符合规定,我们没有太大压力,这一点很感谢。但我们心里还是担心,农村学校的课后服务能不能真正有质量。以前听过一些情况,有的学校师资不稳定,课后服务只是简单看管,没有辅导;还有的把检查作业、录视频这些任务都推给家长,我们本身文化有限、时间也紧,怕以后应付不了。希望政府能多关注农村小学课后服务的软件建设,稳定教师队伍,加强管理,让课后服务真正帮到孩子学习,而不是把负担转给家长。也希望开学后这方面能持续落实,让我们家长放心。"
D83CBDF5C3A693BBE2A083A6D676B31A8A162F6B64D574CDBEE803AA49534ECC,关于乡村小学课后服务质量与师资保障的诉求,"我家孩子在村里公办小学读书,家里经济条件一般,我们大人文化程度不高,辅导孩子学习很吃力。这个月孩子参加了学校的课后服务,但我们心里没底,不知道课后服务是不是只是把学生圈在教室里看管。乡村学校本来就缺老师,有的老师年纪偏大,我们担心课后服务内容不丰富,也怕老师精力跟不上。孩子现在书面作业不多,我们不会教,就希望学校能利用课后时间给孩子辅导一下作业、开展一些兴趣活动,让孩子学得扎实一点。也希望政府能核查一下学校课后服务的实际开展情况,在师资和经费上多支持乡村学校,不要走过场,也不要把辅导、打卡、劳动这些任务都推给家长。我们做家长的没有别的想法,就希望孩子在学校能好好学,将来能读个大专也好。"
8074D8EE13B1DDE1E6C610A361617D0F9D242A7E47A48DA7F422A62877CD7AA9,关于提升农村小学课后服务质量与减轻家长负担的诉求,"领导好,我是东部农村一名小学生的家长。家里条件一般,我和家人文化程度不高,但一直希望孩子能好好读书。这个月孩子参加了学校的课后服务,书面作业方面也基本符合规定,我们没有太大压力,这一点很感谢。但我们心里还是担心,农村学校的课后服务能不能真正有质量。以前听过一些情况,有的学校师资不稳定,课后服务只是简单看管,没有辅导;还有的把检查作业、录视频这些任务都推给家长,我们本身文化有限、时间也紧,怕以后应付不了。希望政府能多关注农村小学课后服务的软件建设,稳定教师队伍,加强管理,让课后服务真正帮到孩子学习,而不是把负担转给家长。也希望开学后这方面能持续落实,让我们家长放心。"
78AB87B4EE388A8F7392BB48F068AAF67772875D203EDB50DCF6CCAC71B55FA2,关于农村小学课后服务质量和家长负担的诉求,"领导好,我是一名农村小学生家长。家里人口多,经济不宽裕,我们家长文化都不高,辅导孩子学习很吃力。现在政策要求学校开展课后服务,暑假孩子也参加了,但我们担心开学以后课后服务只是看护,作业辅导和兴趣活动跟不上,最后还是把作业、打卡这些任务压给家长。希望上级能督促学校把课后服务做实,安排老师在校内指导孩子完成作业,减少带回家的书面任务,别让家长天天录视频、检查作业。另外农村学校老师不稳定,课后服务内容比较单一,也希望能加强师资保障,让孩子在学校真正学到东西、发展兴趣,而不是混时间。"
6A9E23148C6FAD6821658C892AE313055608367C2DB061F5F7E8932E4873F350,关于提升农村小学课后服务质量与减轻家长负担的诉求,"领导好,我是东部农村一名小学生的家长。家里条件一般,我和家人文化程度不高,但一直希望孩子能好好读书。这个月孩子参加了学校的课后服务,书面作业方面也基本符合规定,我们没有太大压力,这一点很感谢。但我们心里还是担心,农村学校的课后服务能不能真正有质量。以前听过一些情况,有的学校师资不稳定,课后服务只是简单看管,没有辅导;还有的把检查作业、录视频这些任务都推给家长,我们本身文化有限、时间也紧,怕以后应付不了。希望政府能多关注农村小学课后服务的软件建设,稳定教师队伍,加强管理,让课后服务真正帮到孩子学习,而不是把负担转给家长。也希望开学后这方面能持续落实,让我们家长放心。"
553E8729C99966E0C25BD47BFCC9257CFD2BE8C18958216F57F2FA9A1367D926,关于农村小学课后服务质量和家长负担的诉求,"领导您好。我家孩子在村里公办小学读书,家里经济条件一般,大人文化水平不高。这个月孩子参加了学校课后服务,我们本来觉得是好事,能让孩子放学后有人管、有活动。但我们也担心农村学校师资不稳定、管理跟不上,课后服务会不会变成单纯看管或者变相补课,甚至把辅导作业、拍视频这些任务又压给家长。身边一些家长以前也反映过类似问题,我们很怕最后还是要家长自己扛。希望领导能关注农村学校课后服务的实际开展情况,督促学校真正坚持自愿、内容丰富、时间衔接,保障好师资和经费,别让好政策在村里走了样,也别再增加我们这些普通家庭的负担。"
E9FF6EFF59AAD40A363B1E3BA0446A49F5FEFE320162A379597F5BD180E07ABF,关于新学期保障学生休息时间落实减负规定的求助,"尊敬的领导:您好!我家孩子是小学阶段学生,就读于公办学校。今年暑假期间,孩子的书面作业情况符合规定,我们感到比较安心。但开学在即,我们担心学校可能通过家长群布置打卡、电子作业等形式增加孩子负担。孩子一直睡眠充足、作息规律,我们不愿看到课业压力影响他的健康成长。恳请教育部门在新学期加强对学校作业管理的监督检查,确保不布置书面家庭作业的要求严格落实,同时指导学校丰富校内课后活动,多开展体育锻炼、阅读和兴趣拓展,让孩子在轻松愉快的氛围中全面发展。"
0B5F0727A5DBB152EEDCCBF47A978A47E48548C7A80CF8EA1252EF68EAE0E4B7,关于新学期课后服务落实的请求,"领导您好,我是一名小学生家长,家住本省城镇。孩子就读公办小学,假期快结束了,开学后放学时间与家庭日常安排可能衔接不上,我们很担心孩子放学后无人照护。今年有加强课后服务的要求,希望学校能真正落实自愿参加、时间衔接、内容多样的服务,而不是走形式。也希望政府保障经费和师资,让普通学校也能提供作业指导和兴趣活动。我们愿意配合并承担合理费用,但不希望被强制或变成补课。恳请领导督促学校尽快公布方案,让家长安心。"
787C180275B3D534C710A37902D6AEA63E268E28C15B95BAB35D3420E5F402DF,关于优化低年级课后服务内容的建议,"我的孩子目前在公办小学低年级就读,按照现行规定,学校不布置书面家庭作业,本月作业情况也符合要求,我们对此表示理解。但作为家长,我们也担心孩子在家缺乏必要的学习巩固,长此以往会影响基础。孩子目前没有参加学校课后服务,我们希望学校能进一步优化课后服务安排,在不增加书面家庭作业的前提下,提供阅读、书写、计算等校内巩固练习或兴趣课程,满足不同家庭需求,帮助孩子打牢学业基础,让家长更安心。"
4F7E3CEE8CCF48E644A9447713DAF8BF0E7B0DB2A22838E0E9EBE71E0303B72C,关于提升小学课后服务质量与内容的建议,"领导您好。我家孩子在公办小学就读,目前参加了学校提供的课后服务。政策要求课后服务内容多样、自愿参加,我们也很支持。但作为家长,我担心课后服务目前更多是看管写作业或自由活动,缺少体育、艺术、科技等素质拓展内容,孩子在校时间延长了,收获却有限。同时,我们希望学校能利用课后服务时间科学指导学习,而不是简单延长在校时长。也请领导关注课后服务与孩子睡眠时间的衔接,确保孩子回家后仍有充足的休息。恳请督促学校丰富课后服务内容,真正促进孩子全面发展。"
11E3062165A925F4CA4C547EBE6F34D9E5B4EFCED53371D04E329F65662C3895,关于暑期小学生学习引导与课后服务衔接的建议,"领导您好!我是一名小学生的家长。目前正值暑假,孩子本月没有参加学校课后服务,我们也没有安排学科类培训。按现行规定,这个年级原则上不布置书面家庭作业,我们理解减负的初衷,但同时也担心孩子假期缺少系统的学习引导,开学后难以快速进入学习状态。我们家庭虽然能提供基本生活和部分陪伴,但在学科辅导上方法有限。希望有关部门能协调学校或社区,在假期提供一些公益性的学习指导、阅读活动或课后服务,并加强对作业要求的统一指导,既保障孩子休息,也帮助孩子平稳适应新学期。谢谢!"
F72DA4656A080908E8A8F77C5F75045B58A6616D8C7CE8DF4395BBD454889327,关于提升小学课后服务质量的建议,"领导您好,我是一名小学生家长。这个暑假,孩子参加了学校组织的课后服务,解决了我们家庭的看护难题,我们非常感激。但作为家长,我也有些担忧:课后服务目前是否只是简单的看管?内容是否足够丰富?我们希望课后服务能在保障安全看护的基础上,增加一些体育、艺术、阅读等素质拓展活动,让孩子度过一个充实的假期。同时,也希望政府能加大师资和经费保障,让课后服务的质量能够持续稳定,真正成为家长放心、孩子受益的好政策。"
1EE5DB7AD2512620F6452A0175304882931A40F585B1415807687D15EFF9824C,关于暑期小学生学习引导与课后服务衔接的建议,"领导您好!我是一名小学生的家长。目前正值暑假,孩子本月没有参加学校课后服务,我们也没有安排学科类培训。按现行规定,这个年级原则上不布置书面家庭作业,我们理解减负的初衷,但同时也担心孩子假期缺少系统的学习引导,开学后难以快速进入学习状态。我们家庭虽然能提供基本生活和部分陪伴,但在学科辅导上方法有限。希望有关部门能协调学校或社区,在假期提供一些公益性的学习指导、阅读活动或课后服务,并加强对作业要求的统一指导,既保障孩子休息,也帮助孩子平稳适应新学期。谢谢!"
3CFE8922D97B43EF4F00D68741B584B2368DFFDE0412C7F643CB97BBB798A84F,关于提升学校课后服务质量的建议,"我是一名小学生家长,孩子就读于公办小学,暑假期间参加了学校课后服务。学校按政策每周提供五天、每天至少两小时的服务,我们很感谢。但作为家长,我们也有些担心:学校并非重点校,资源有限,课后服务目前更多是看护,内容不够丰富,作业辅导和兴趣拓展都比较欠缺。我们家长期望孩子将来能考上大学,平时参与教育时间有限,经济条件尚可但不敢乱报培训班,尤其校外学科培训规范后,更依赖学校课后服务质量。希望领导能督促学校提升课后服务内容,安排有经验的老师进行作业辅导、阅读、体育或艺术活动,真正实现自愿、多样、有质量。另外,也希望地方在师资和经费上给予保障,不要让课后服务流于形式。谢谢领导。"
C6BE77C95B6C2F0116882C2079FAA52F4AC1D39DC303EDB6B95BA521363A697A,关于暑期小学生学习引导与课后服务衔接的建议,"领导您好!我是一名小学生的家长。目前正值暑假,孩子本月没有参加学校课后服务,我们也没有安排学科类培训。按现行规定,这个年级原则上不布置书面家庭作业,我们理解减负的初衷,但同时也担心孩子假期缺少系统的学习引导,开学后难以快速进入学习状态。我们家庭虽然能提供基本生活和部分陪伴,但在学科辅导上方法有限。希望有关部门能协调学校或社区,在假期提供一些公益性的学习指导、阅读活动或课后服务,并加强对作业要求的统一指导,既保障孩子休息,也帮助孩子平稳适应新学期。谢谢!"
6C6B0B2658C766637EB8522C7968049CCA17DECFABAA89BF77B8CADB222927AF,关于丰富暑假学校课后服务内容的建议,"尊敬的教育部门领导: 我的孩子目前在东部城镇一所公办小学就读,非毕业年级,今年8月暑假期间参加了学校提供的课后服务。从政策要求看,学校每周提供5天、每天至少120分钟的服务,我们作为家长很感谢这一安排。但我担心,非重点学校在师资和经费有限的情况下,课后服务容易变成单纯看管,内容不够多样,难以满足孩子全面发展的需要。同时,当前校外学科类培训供给明显收缩,家庭对学校课后服务的依赖更高。希望领导能督促学校在暑假课后服务中增加体育、艺术、科技、阅读等非学科活动,加强作业指导和阅读习惯培养,并保障相应师资和经费。这样既能减轻家长照护压力,也能让孩子假期过得更有意义。谢谢。"
B5737F4AE006CFEEFD9116412FDE35787ECF98D0A529CC045E98F3A74EC493F9,"希望持续监督重点学校作业和补课问题,保障孩子休息","领导好,我家在西部农村,孩子上公办重点小学,离家远,家里经济条件一般,我和孩子爸爸都要工作,家里老人多但照看孩子精力有限。孩子以前听说同省有些学校作业特别多,还要考试排名,孩子经常熬夜,压力很大,我们很担心。现在暑假孩子作业量看起来符合规定,但我们怕开学后学校因为是重点学校又增加书面作业或者变相补课。孩子平时睡眠时间比较长,我们只希望他以后能读到高中或职高,不想让他过早被题海压垮。恳请领导帮忙督促学校严格落实不布置书面家庭作业的规定,尤其是开学后不要额外加作业、不要变相补课,保证孩子有足够睡眠和休息,也减轻我们家长辅导和接送负担。"
3085965FEC9FB0179A75628AF9027461AD6AA8A785D4214FECF075BCEB05F130,"希望开学后能落实作业管理和课后服务,减轻乡村家长负担","我们是西部乡村的家长,夫妻都要打工,家里孩子多,老人帮不上学习,每天接送孩子上下学路又远,时间很紧。孩子马上要开学了,这个月作业量是符合规定的,但我们很担心开学后书面作业又会多起来。我们文化不高,辅导不了,孩子如果带作业回家,我们实在没办法。现在要求学校统筹作业总量、加强校内指导,还要求课后服务自愿参加、时间衔接、内容多样。我们希望领导能督促学校真正落实,让孩子在学校把作业完成,课后服务不是走过场,能实实在在减轻我们农村家长的负担,也请关注学校不能变相增加作业和考试压力。谢谢领导。"
29EA66F0F90712D7DE68509E19096B172B33E3EF98BDA642597A6015E688875E,关于农村小学课后服务与接送难题的求助,"领导您好。我是西部农村一名小学生的家长。孩子在镇上公办学校读书,学校离家较远,单程通学时间长,我和孩子爸爸都在打工,家里人口多,时间安排很紧。寒假马上结束,孩子这个月没有参加学校课后服务,我很担心开学后放学早没人接、没人辅导。我们家长文化程度不高,辅导作业有困难。希望领导能帮忙协调学校,在春季开学后提供或完善课后服务,最好包含作业辅导和看护,让孩子放学后有个安全去处。另外,现在说低年级不布置书面家庭作业,但我们担心学校变相增加负担,也希望领导加强监督,让孩子能按时休息。谢谢。"
0FFA99C3393961D78682B890210E740AC64368CA228C8A0B6F81076CC2ADB0C5,关于乡村小学课后服务不要变相补课的请求,"领导好,我是西部农村一名小学生家长。孩子学校离家远,家里大人都在忙生计,平时辅导作业很吃力。学校有课后服务,孩子也参加了,但我们担心课后服务变成上课、做题,孩子晚上回家更累,第二天上课没精神。希望领导督促学校把课后服务真正用在作业辅导和兴趣活动上,不要变相补课。农村孩子放学天快黑了,路又远,也请学校考虑课后服务结束后的安全交接和交通问题,让我们能安心。"
C80B4422F90E170212CB13AEB0D17E495ED9A0C9C447639E107B35C2057CD84B,"希望严管小学作业负担,别让乡村孩子压力太大","领导好,我是西部农村的一名小学生家长。我们两口子都在打工,家里孩子多,经济条件一般,每天接送孩子上学路又远,时间很紧。现在暑假,孩子没参加补习班,作业也不多,我们本来挺放心。但我听说同省有些地方学校作业布置太多,孩子天天熬夜,压力很大,还经常考试排名,周末还要补课,我们很担心开学后自己孩子也会遇到。按政策,孩子这个年级是不该布置书面家庭作业的,可我们怕学校执行不到位。希望领导帮忙督促学校严格落实规定,别让作业和考试压垮孩子,也让我们打工家长能安心。"
B4CA159BD544D330A88F0DB38AF91971D09ED02527ED5A727E3F5568D2A9623C,请让农村小学课后服务别变成变相补课,"领导您好!我家在西部农村,孩子上小学,不是毕业班。我和孩子爸爸都打工,家里人口多,平时接送和辅导都很难。现在学校有课后服务,孩子这个月也参加了,每天两小时,这对我们家长是好事。但我们担心学校课后服务会像听一些同乡说的那样,变成老师上课、补课或者写作业,孩子本来学校单程就远,上完两小时回家天都黑了,路上不安全,到家吃饭睡觉都晚,长期影响身体。我们文化不高,只希望孩子平稳读完小学,别压力太大。希望领导能督促学校把课后服务真正用在兴趣活动、看护和答疑上,别增加作业和考试,也别强制所有人都参加,对像我们这样家庭困难的孩子减免费用。谢谢!"
BAE5ACD2A9275F3F8E6610BD66A93CB755A51AEDA070BD646BD118CB972DF4CA,"希望严管小学作业负担,别让乡村孩子压力太大","领导好,我是西部农村的一名小学生家长。我们两口子都在打工,家里孩子多,经济条件一般,每天接送孩子上学路又远,时间很紧。现在暑假,孩子没参加补习班,作业也不多,我们本来挺放心。但我听说同省有些地方学校作业布置太多,孩子天天熬夜,压力很大,还经常考试排名,周末还要补课,我们很担心开学后自己孩子也会遇到。按政策,孩子这个年级是不该布置书面家庭作业的,可我们怕学校执行不到位。希望领导帮忙督促学校严格落实规定,别让作业和考试压垮孩子,也让我们打工家长能安心。"
F03B60C90D8968F4A52587E08DAD75D0E72438E6A08A1B1F5F0793BF1C988AE5,希望领导关注农村孩子暑期课后服务别变相增加负担,"领导您好,我是西部农村一个打工家长,孩子上小学,在乡镇重点学校,离家远,单程要很久。我们两口子都要打工,家里老人多,经济条件也不好,孩子以前睡眠时间还算够。这个暑假学校有课后服务,孩子每天都去,我们虽然文化低辅导不了,但也支持学校管孩子。只是现在书面作业是少了,符合规定,可我们担心课后服务这两小时是不是真的让孩子活动休息,还是被老师用来讲新课、补课或者布置额外任务。孩子路上来回已经很累,如果课后服务再变相加压,减负就白减了。我们这里校外培训班也少了,孩子只能靠学校。希望领导帮忙核查一下学校课后服务到底在做什么,督促学校真正按减负要求来,不要利用课后服务增加孩子负担,也考虑一下我们农村家庭接送困难,能不能把时间安排得更合理些。谢谢领导。"
3D9A8BD8EF645C8D5BBDE052F7AF30D4A69C856CA85D890911A47FD627A40092,"希望严管小学作业负担,别让乡村孩子压力太大","领导好,我是西部农村的一名小学生家长。我们两口子都在打工,家里孩子多,经济条件一般,每天接送孩子上学路又远,时间很紧。现在暑假,孩子没参加补习班,作业也不多,我们本来挺放心。但我听说同省有些地方学校作业布置太多,孩子天天熬夜,压力很大,还经常考试排名,周末还要补课,我们很担心开学后自己孩子也会遇到。按政策,孩子这个年级是不该布置书面家庭作业的,可我们怕学校执行不到位。希望领导帮忙督促学校严格落实规定,别让作业和考试压垮孩子,也让我们打工家长能安心。"
442EB26662091279E52543BD072782A174B62E56664C41D6CC30DD38627A9C08,关于乡村学校课后服务质量和时间衔接的诉求,"领导好,我是西部农村一名小学生的家长。我们夫妻都在外打工,家里老人多,平时接送孩子和辅导学习都很吃力。现在孩子放暑假,参加了学校的课后服务,我们很感激。但心里还是有些担心:听同乡说以前有的学校课后服务就是集中补课,孩子压力很大,作业写到很晚。我们家庭条件一般,文化也不高,就希望孩子能健康长大,别把负担越减越重。想请领导关注农村学校课后服务的实际内容和质量,能不能多安排一些体育活动、阅读、手工这些,不要只是坐在教室里上课或写题;同时考虑到我们务工人员下班晚,服务时间能不能真正衔接上,别让孩子提前放学没人接。也请有关部门帮忙核查指导,让好政策真正帮到我们这样的家庭。"
55ED962AAB0ADFAC3CDBDEC349E33704F2AD16B4A6F33286BAD81E2E43C195C7,关于帮助孩子暑期学习和开学后课后服务的诉求,"领导好,我是西部地区一名小学生家长,孩子上小学,下学期不涉及升学。这个暑假孩子的书面作业符合要求,但我们文化程度不高,辅导不了太多。以前给孩子报过学科类辅导班,现在外面培训班收费不低,有的门槛也高,我们虽然家里条件还过得去,但也怕花了钱没效果。孩子睡眠充足,我们希望他以后能考上本科。眼瞅着快开学了,最担心的是学校按规定不布置书面作业,孩子基础打不牢,又得靠校外补课。请求领导关注公办小学的课后服务,开学后能否安排老师在校内进行作业辅导和学科巩固,适当布置一些阅读、计算等非书面任务也可以,别让孩子输在起跑线上。谢谢。"
ACC29D567D7E450233F0EDAEB9BBF27E4B7034A41E26EFF057E6955876356BAB,关于暑期学科培训规范后孩子学习辅导问题的求助,"领导您好,我是一名小学生的家长。我家孩子今年暑假后继续上小学,不是毕业班。我们家庭经济条件虽不算差,但我和爱人文化水平都不高,辅导孩子功课很吃力。之前孩子一直参加校外的学科类辅导班,费用很高,各种门槛也不少,但我们不敢停,怕孩子落后。最近听说对校外学科培训管理更严了,我们担心开学后原来培训班会减少、涨价或者不办了,而学校按规定通常不布置书面家庭作业,孩子放学后作业少,我们更不知道该怎么安排。希望领导能关注我们这类家庭的难处,督促学校把课后服务真正做起来,多提供作业辅导和兴趣活动,让我们不用只靠高价培训班也能让孩子跟上学习。谢谢。"
793EF1F58DF2AF062D7D9DF8AE1269DB3470BA0CCFFF267EE0103A037EACCCC3,希望课后服务加强学业辅导减轻校外培训压力,"领导您好,我是西部城镇一名小学生家长。孩子现在读小学非毕业年级,按照现在的规定,这个年级原则上不布置书面家庭作业,这个月作业情况也符合要求。但我和家里其他人文化程度不高,辅导不了功课,又希望孩子将来能考上大学,只能给他报了校外的学科培训。现在培训收费还是跟以前差不多,负担不轻。孩子也在参加学校课后服务,可我们觉得主要还是在照看,学业辅导不太够。想请领导关注一下,能不能让学校课后服务多安排一些作业辅导和知识巩固,让孩子在学校就能解决学习上的疑问,这样我们也不用花那么多钱去外面补课。谢谢。"
48E10F787887574913E29CDAE69ED26A780C2F165B532A4008F15B7CD4904CEC,希望加强课后服务质量缓解家长培训焦虑,"我是西部地区一名小学生家长。孩子目前上小学,学校是公办普通学校,离家近。政策要求低年级原则上不布置书面家庭作业,孩子睡眠和休息时间倒是充足,但我们做家长的心里一直担心学习会落下。以前孩子参加校外学科辅导比较多,现在学科培训市场明显收缩,我们虽然还在参加,费用也比以前低了一些,但总担心机构不稳定、内容质量没保障。孩子本学期开始参加学校课后服务,每天时间也不短,但作为家长,我们对课后服务内容是不是丰富、老师能不能真正辅导作业和开展兴趣活动,心里没底。我们家庭经济条件不算差,可也不希望孩子只能靠花钱补课才能不掉队,不想让孩子输在起跑线上。希望能请政府督促学校把课后服务做扎实,增加作业辅导、阅读、体育和科技类活动,配足老师,提高服务质量,同时继续规范校外培训收费和退费,防止隐形培训涨价。这样我们家长才能安心,孩子也能健康成长。"
776148B14BDFB6312929B2B0FDB527CEF46E57B302B69FBF52C623B7E2FEF21A,"希望减轻孩子校外培训负担,丰富学校课后服务","领导好,我是一名小学生的家长。孩子现在上小学,学校按规定不布置书面家庭作业,我们担心孩子基础不扎实,所以暑假还在外面给他报了学科培训班。培训费用不低,家里虽然能承受,但长期下来压力也不小。我们家长文化程度不高,辅导不了孩子,只能靠培训班。孩子也参加了学校的课后服务,但感觉内容比较单一,主要还是看护,学业辅导不够。希望政府能多关注我们这种情况,一方面加强对校外培训收费的监管,让价格更合理;另一方面丰富学校课后服务,增加一些作业辅导和学科拓展,让孩子在学校就能学好,我们也不用花那么多钱去外面补课。谢谢领导。"
A4ECDB1C86B1E0559112F5E9BAE964AA87824D9385CAEC1FC633075D32DF26AF,"希望加强学校课后服务辅导,减轻家长课外培训负担","领导好,我是一名小学生的家长,孩子不是毕业班。我们住在西部城镇,家庭条件中等,我和孩子妈妈文化程度不高,辅导作业很吃力。现在学校减少了书面家庭作业,孩子回家基本没有书面作业,我们担心他知识掌握不牢。这个暑假孩子参加了学校课后服务,但我觉得目前更多是看管,作业辅导和兴趣活动还不太够。我们孩子以前上过学科培训班,现在外面的培训班少了很多,剩下收费虽然降了,但家里还是有压力,也担心质量。我们怕开学后学校课后服务还是这样,只能继续花钱报班,不然孩子学习跟不上。希望领导能督促学校把课后服务真正办好,增加作业辅导和丰富的活动,让我们家长放心,也减少额外补课的负担。同时请加强监管,防止学校以课后服务名义变相收费或强制参加。"
A8555CDD9120836D05D5543751EE52449BA8C09703E59CA05155A8B92BFD80AB,"希望减轻孩子校外培训负担,丰富学校课后服务","领导好,我是一名小学生的家长。孩子现在上小学,学校按规定不布置书面家庭作业,我们担心孩子基础不扎实,所以暑假还在外面给他报了学科培训班。培训费用不低,家里虽然能承受,但长期下来压力也不小。我们家长文化程度不高,辅导不了孩子,只能靠培训班。孩子也参加了学校的课后服务,但感觉内容比较单一,主要还是看护,学业辅导不够。希望政府能多关注我们这种情况,一方面加强对校外培训收费的监管,让价格更合理;另一方面丰富学校课后服务,增加一些作业辅导和学科拓展,让孩子在学校就能学好,我们也不用花那么多钱去外面补课。谢谢领导。"
32AE8EDB1DACC1EB32FA9B2613791713516840E17C4712B1AC677D17285EF91D,希望学校课后服务能真正帮到孩子学业,"我是西部一个县城的学生家长,孩子读小学,不是毕业班。眼看暑假快结束,下学期怎么安排成了家里的难题。这两年多来,校外学科培训明显少了,我们之前也总怕孩子输在起跑线上,给孩子报过班;现在还在上的一个班收费确实降了些,但能选择的正规机构不多,也不知道下学期还能不能继续。孩子的学校有课后服务,我们上学期也参加了每周五天、每天两个小时,但作为家长,我们最关心的是这段时间有没有真正用在孩子的作业辅导和学科巩固上。我文化水平不高,辅导不了孩子,学校如果是非重点,平时教学压力大,如果课后服务只是看管写作业,孩子学习上的漏洞还是补不上,我们就只能继续找外面的培训,负担还是重。希望领导能督促学校把课后服务做实,增加有针对性的作业辅导和学科兴趣内容,让像我们这样经济条件不算差但也不是特别宽裕的家庭,能少依赖校外培训。同时,也希望在规范校外培训的同时,能保障合规机构的正常供给,防止那些隐形的高价小班又冒出来,变相增加家长负担。"
B72392294B0EB929AD25CFB7B126476516B1A55116D2ACD4050E48B94C74FB3D,"希望减轻孩子校外培训负担,丰富学校课后服务","领导好,我是一名小学生的家长。孩子现在上小学,学校按规定不布置书面家庭作业,我们担心孩子基础不扎实,所以暑假还在外面给他报了学科培训班。培训费用不低,家里虽然能承受,但长期下来压力也不小。我们家长文化程度不高,辅导不了孩子,只能靠培训班。孩子也参加了学校的课后服务,但感觉内容比较单一,主要还是看护,学业辅导不够。希望政府能多关注我们这种情况,一方面加强对校外培训收费的监管,让价格更合理;另一方面丰富学校课后服务,增加一些作业辅导和学科拓展,让孩子在学校就能学好,我们也不用花那么多钱去外面补课。谢谢领导。"
A173537B05DA08BE693B19CD8BDE6E35E1BB133F36CF4F50220AC884413A061A,关于提升小学课后服务学业辅导质量的建议,"领导您好,我是西部地区一名小学生的家长。孩子今年暑假参加了学校课后服务,但感觉课后服务更多是看护和兴趣活动,对学科学习的针对性指导不够。我们家长文化程度不高,辅导孩子作业很吃力。以前给孩子报过校外学科班,现在合规的培训班少了很多,虽然费用降了一点,但我们还是担心孩子基础打不牢,以后考不上好大学。希望政府能督促学校把课后服务做扎实,利用课后时间给孩子查漏补缺、巩固课堂知识,特别是对我们这样家长无力辅导的家庭,能多一些个别辅导。不要让孩子因为校外培训减少而输在起跑线上。"
6F6D6BC49B67574C8EF9A4580507BFE05BAD53234FD2FB76D22D9BA30173C70B,关于小学阶段作业负担与睡眠保障的诉求,"领导好,我是一名小学生家长。孩子学校离家较远,单程通学时间长,我们夫妻都要上班,家里人多,晚上时间很紧。暑假里孩子的书面作业时间没有超过规定,能正常休息。但我听说过同省一些家长反映以前孩子作业多,经常写到十点以后,孩子累家长也苦。我就担心开学后作业量又反弹,孩子睡眠不足影响身体和学习。希望学校在新学期能继续合理控制书面家庭作业总量,尽量让孩子在学校完成一部分,保证每天有充足睡眠。我们家长文化不高,辅导能力有限,也盼着学校能给一些具体指导。"
E0F6DAD19B5C917AAD7124658EFD2CCDDF077117C520C5EDA7A45545FAC9D437,关于新学期课后服务落实的请求,"领导您好,我是一名小学生家长。家里父母都要上班,老人帮不上忙,孩子上学单程时间较长,每天接送和辅导作业都很吃力。过去孩子作业经常写到很晚,家长辅导不了,心里很着急。现在听说学校要完善课后服务,我们非常期盼。希望新学期学校能真正提供自愿参加、时间能衔接我们下班时间的课后服务,内容上不要只是看管,最好能让孩子在学校完成大部分书面作业,有老师答疑指导。同时希望费用能考虑我们中低收入家庭,不要变成新的负担。另外也担心开学后作业量又反弹,希望课后服务能帮助巩固作业管理要求,让孩子回家能早点休息。请领导关注并督促学校落实,解决我们双职工家庭的现实困难。"
497C47A2CDBD41B3FF2A4B7D3EA6516EC71605F87CDAD415F776ED2D1F42EADF,关于开学后作业负担和课后服务的担忧,"领导好。我是西部一名普通小学生的家长,孩子就读公办小学,家里经济条件一般,我和孩子爸爸都要上班,老人年纪也大,平时辅导作业很吃力。孩子每天单程上学要花不少时间,我们最担心的就是开学后作业量反弹。身边有家长反映过以前作业多,孩子做到很晚,睡眠不足,家长也跟着熬。虽然目前孩子作业时间还算正常,但马上要开学了,心里很不踏实。现在孩子参加了学校课后服务,我们希望学校能利用好这个时间,让孩子尽量在校完成书面作业,严格控制作业总量不超过规定,不要让孩子把作业带回家。这样孩子能早点休息,我们家长也能安心工作。恳请领导关注基层学校作业管理情况,让好政策真正落地,减轻孩子和家长的负担。谢谢。"
11370C437F029C1BAF5958AFDB01E7D8292D22F57DA912D6B6F55D4339008127,关于做实课后服务减轻家长负担的请求,"领导好,我是一名小学生家长,孩子在公办学校就读。我们夫妻都上班,家里照顾孩子的人手有限,每天接送和辅导都很吃力。现在孩子参加了学校课后服务,作业量也控制在合理范围,我们确实松了口气。但我们文化程度不高,担心作业减少后孩子知识掌握不牢。课后服务每天两个多小时,我们希望不是简单看管,而是能真正辅导作业、答疑解惑,开展一些有益的文体活动。这样孩子在校就能完成学习任务,回家我们也能轻松些。另外,课后服务结束时间能否再延后一点或提供弹性选择,方便我们下班后接孩子。恳请领导关注。"
C9BCC1DF8BC247F726E06853DDEDE0FADF6A8060E50FA650097611553DEECF2E,关于恳请持续关注小学生作业负担和课后服务衔接的留言,"领导您好,我是一名小学生的家长,孩子在一所普通公办小学读书,离家较远,每天单程上学要花不少时间。我们夫妻两人都在上班,家里人口多,时间很紧,我文化程度也不高,辅导孩子作业很吃力。近期感觉孩子的书面作业控制得还可以,但作为家长还是很担心开学以后作业量反弹。以前就听其他家长反映过,有的孩子作业写到晚上十点、十一点,甚至早上还要赶作业,课堂作业也带回家做,孩子累,家长也苦。我们希望领导能继续督促学校严格落实作业时间规定,同时用好课后服务时间,让孩子尽量在学校把作业做完,老师能给予适当辅导,减轻家长负担。孩子睡眠一直比较充足,我们很怕因为作业和路上时间长把睡眠挤掉。恳请领导给予关注和帮助。"
4169D7C3C06C2F54799312DCF952D37060AA272B7A79A5D0F8AC4C338C97A616,关于秋季开学后小学生作业负担的担忧与请求,"领导好,我是一名小学生家长,孩子就读公办学校,家离学校较远,我和孩子爸爸都在上班,文化程度不高,平时辅导作业很吃力。这个暑假孩子参加了学校的课后服务,书面作业量还算能接受,但我们很担心开学后会反弹。同地区不少家长都反映过,有的学校作业写到晚上十点多,课堂作业也带回家做,家长在班级群提建议也很难解决。我们家经济条件一般,也没给孩子报过学科培训班,要是作业再压下来,大人孩子都吃不消。希望领导能督促学校严格落实作业管理要求,把每天书面作业控制在规定时间内,并利用好课后服务时间指导孩子尽量在校完成作业,别让作业全压到家里。孩子现在睡眠还算充足,我们不想看到因为作业负担又回到以前那种累了孩子、苦了家长的状态。"
B14F2025D19ACA60D82BADC4E96DB595019CE1928CEBA9A90EA6C6332DE03E2F,关于恳请持续关注小学生作业负担和课后服务衔接的留言,"领导您好,我是一名小学生的家长,孩子在一所普通公办小学读书,离家较远,每天单程上学要花不少时间。我们夫妻两人都在上班,家里人口多,时间很紧,我文化程度也不高,辅导孩子作业很吃力。近期感觉孩子的书面作业控制得还可以,但作为家长还是很担心开学以后作业量反弹。以前就听其他家长反映过,有的孩子作业写到晚上十点、十一点,甚至早上还要赶作业,课堂作业也带回家做,孩子累,家长也苦。我们希望领导能继续督促学校严格落实作业时间规定,同时用好课后服务时间,让孩子尽量在学校把作业做完,老师能给予适当辅导,减轻家长负担。孩子睡眠一直比较充足,我们很怕因为作业和路上时间长把睡眠挤掉。恳请领导给予关注和帮助。"
F4E77DA27346C30CA78F28C6FA7EACBB1AEB3FEDFFCE78FD1DF0837E319385BF,暑期学校托管时间能否延长并丰富内容,"领导好。我们家在西部,孩子在公办小学读书,学校离家比较远。我们夫妻两个都在上班,家里虽然人多,但能专门接送和照看的实际上很紧张。这个暑假孩子参加了学校的课后服务,书面作业方面我们感觉比以前轻松了,不再像以前那样天天担心写到半夜。但现在最发愁的是假期看护和辅导。学校课后服务每天原则上不少于两个小时,对我们这种双职工、通勤又远的家庭,两个小时本身加上接送路上时间,还是很难和下班时间衔接上。如果服务结束得早,孩子回来后的时间也没有合适的安排。校外学科培训现在收缩了,我们经济条件一般,以前也没报过班,更希望学校假期服务能多安排一些阅读、体育、手工、科普这类活动,不要只是让孩子坐着写作业或自由活动。恳请领导关注一下我们这类普通家庭的实际困难,在假期托管时间上能适当延长、灵活衔接,内容上加强指导,让孩子暑假过得安全、有收获。"
E234EAFDDF8AB1096A494087217852E7A53018E0436CF38F644D8E4B5A628B3A,关于恳请持续关注小学生作业负担和课后服务衔接的留言,"领导您好,我是一名小学生的家长,孩子在一所普通公办小学读书,离家较远,每天单程上学要花不少时间。我们夫妻两人都在上班,家里人口多,时间很紧,我文化程度也不高,辅导孩子作业很吃力。近期感觉孩子的书面作业控制得还可以,但作为家长还是很担心开学以后作业量反弹。以前就听其他家长反映过,有的孩子作业写到晚上十点、十一点,甚至早上还要赶作业,课堂作业也带回家做,孩子累,家长也苦。我们希望领导能继续督促学校严格落实作业时间规定,同时用好课后服务时间,让孩子尽量在学校把作业做完,老师能给予适当辅导,减轻家长负担。孩子睡眠一直比较充足,我们很怕因为作业和路上时间长把睡眠挤掉。恳请领导给予关注和帮助。"
1EEBB9F745531B57D3268AD3C8DDE2B9EB6DBF4F29A71D8691BB8F74CE6E2C81,关于小学课后服务和作业负担的建议,"领导好。我家孩子上小学,在学校参加课后服务,但我们住得远,单程上学要花不少时间,父母都上班,家里人手紧,晚上很难再抽出精力辅导功课。听说以往有孩子作业写到很晚,我们很担心开学后作业又变多。现在要求控制书面作业总量,希望学校能利用课后服务时间指导孩子在校完成大部分作业,少带书面作业回家,让孩子回家后能早点休息。也希望课后服务结束时间能尽量和家长下班时间衔接,减少双职工家庭的接送困难。请领导关注并督促落实。"
4F834363703115D19D4A69E96BC7F6A119AF0506077314CFF63B71B90A76EB27,"建议持续监管初中作业量,保障孩子睡眠和健康","领导好。我家孩子在镇上初中读初中,平时我们两口子都在上班,文化程度不高,只能尽量保障孩子生活。现在放暑假,孩子作业量还算合适,每天能睡够,我们挺欣慰。但看到以前同省一些学校初中生作业特别多,写到半夜,练习册、学案堆成山,我们担心开学后作业负担又反弹。孩子这个年级规定书面作业平均不超过90分钟,希望教育部门开学后能继续严格检查,别让学校为了成绩给孩子加量。我们也不想给孩子报校外补习班,就希望学校课堂质量高点,作业适量,孩子能睡好,将来能考上本科。麻烦领导关注一下,谢谢。"
8BE892CFE7E781AADB7B6725160F376471BAE8D66FDE305AD9520E00762F6609,关于新学期初中作业与课后服务监管的建议,"领导您好,我是初中学生家长。孩子暑假作业量目前比较合理,但看到周围学校以往存在作业超量、晚自习和频繁考试的问题,很担心开学后学校为了成绩又变相增加作业和考试,导致孩子每天写到很晚。新学期有作业统筹和课后服务要求,希望教育部门能真正督促学校落实,控制书面作业总量不超过规定时间,提高作业设计质量,课后服务多开展体育、艺术、阅读等活动,而不是集体上课或补习,并坚持自愿参加,切实减轻学生和家长负担。"
48B29F22260809D98D0ECAC37581D1BABD87B9B7CFE64FB397FFBACD12B1690F,关于初中生作业负担的担忧与建议,"领导您好,我家孩子在读初中,现在放寒假,作业量还算正常。但我很担心开学后作业又会多起来。以前经常听其他家长说,初中生作业写到很晚,有的甚至到十一二点,孩子累,家长也心疼。虽然规定说初中生书面作业平均完成时间不超过90分钟,但就怕学校老师执行不到位。希望教育部门在春季开学后能加强检查,督促学校严格控制作业量,别让孩子天天熬夜,保证睡眠和休息,让孩子健康成长。"
2FB2C29D7BA5399BF9563B44BE528949E67D3863CDDFE325EA069A60236F9640,关于持续巩固初中作业减负和课后服务效果的诉求,"领导您好。我家孩子在读初中,不是毕业班。这个月孩子作业时间能控制在90分钟以内,睡眠也长了一些,也参加了学校课后服务,我们做家长的确实轻松一点。但想起以前同省不少初中生作业经常写到晚上十点、十一点,考试也多,负担很重,现在虽然政策要求减负,可我们担心开学后学校又回到老样子,作业量反弹,课后服务变成统一上课或变相补课。我们夫妻都在上班,文化程度不高,辅导不了孩子,就盼着学校课后服务能真正给孩子一些作业指导和兴趣活动,而不是光坐着耗时间。希望领导开学后能安排检查,督促学校继续统筹好作业总量和课后服务内容,坚持自愿参加、内容多样,让孩子负担不反弹,我们也能安心工作。"
0A7D0F9414B52FA5CFEA1E48472B53E7CDB154E12729DAD9E81E8276C4777D15,关于初中生开学后作业负担与作息保障的担忧,"领导您好。我家孩子在读初中,暑假里书面作业量目前还能接受,作为家长也比较注意保证孩子睡眠。但我听同地区其他家长说,有些初中平时主科练习册很多,初一孩子写作业到深夜,初二初三更重,还有晚自习和频繁的考试。我担心开学后我们学校也会出现类似情况,特别是孩子马上进入更高年级,学校可能以提高成绩为由增加作业和考试。我们希望教育部门在开学前和开学后持续督查各初中,严格落实初中生书面作业平均完成时间不超过90分钟的规定,不要通过晚自习变相上课或组织高频考试,保障孩子每天睡眠和体育锻炼时间。我们家庭没有给孩子报学科类培训班,希望学校课堂教学能保质保量,不要让不补课的孩子跟不上。恳请领导重视,谢谢。"
BC3349AD7D2B788C0AC2C655D8088DFC40F94A24E33CA3E8D50ED6B7F7A875A5,希望课后服务能真正帮孩子解决作业和学业问题,"领导您好,我家孩子在初中上学,这个月书面作业基本符合90分钟的要求,也参加了学校课后服务。但作为家长我们学历不高,辅导孩子越来越吃力,心里很担心。现在校外学科培训少了,我们以前也没给孩子报过班,孩子想提高主要靠学校。希望领导能督促学校把课后服务做得更实在,不要只是看着孩子,而是能安排老师指导作业、解答问题,让孩子尽量在校内完成作业,回家能早点休息。同时也希望学校继续严格执行作业总量要求,不要随着年级升高又出现作业堆成山、做到半夜的情况。我们普通家庭就盼着孩子能顺利读上本科,请领导多关注初中生的实际负担和课后服务质量。"
2112195EC784582935B2DCB51CFC5797E097531821B3CF6B2C723EFF10679073,关于初中生开学后作业负担与作息保障的担忧,"领导您好。我家孩子在读初中,暑假里书面作业量目前还能接受,作为家长也比较注意保证孩子睡眠。但我听同地区其他家长说,有些初中平时主科练习册很多,初一孩子写作业到深夜,初二初三更重,还有晚自习和频繁的考试。我担心开学后我们学校也会出现类似情况,特别是孩子马上进入更高年级,学校可能以提高成绩为由增加作业和考试。我们希望教育部门在开学前和开学后持续督查各初中,严格落实初中生书面作业平均完成时间不超过90分钟的规定,不要通过晚自习变相上课或组织高频考试,保障孩子每天睡眠和体育锻炼时间。我们家庭没有给孩子报学科类培训班,希望学校课堂教学能保质保量,不要让不补课的孩子跟不上。恳请领导重视,谢谢。"
F49BE1B8F580719A7CB5DE78643F6DB0551354A6DEABD283E59953C0C862262F,关于初中作业总量与课后服务质量的担忧,"领导您好。我家孩子在本地一所初中就读,目前不是毕业年级。这个月书面作业时长暂时符合规定,但我们心里不踏实。同地区不少家长以前反映过,开学后各科练习册、学案加起来,孩子经常写到很晚,有的甚至到十一二点。我们两口子都在上班,文化程度也不高,晚上很难给孩子讲题。孩子现在参加了学校的课后服务,我们很希望这两个小时能真正用来指导写作业、答疑,而不是简单看管或者又布置新的任务,否则回家还得继续写到半夜。眼下学科类校外培训明显收缩,我们本来也没让孩子参加,更担心作业压力反弹后没有别的办法。恳请领导督促学校在开学后严格控制书面作业总量和时长,提高课后服务作业辅导质量,让孩子能把大部分作业在校内完成,保证睡眠,也减轻家长压力。"
55F34F51DB47D8D02694B46CB0BBD21E5BC2A08559224D12F37487785CC06426,关于初中生开学后作业负担与作息保障的担忧,"领导您好。我家孩子在读初中,暑假里书面作业量目前还能接受,作为家长也比较注意保证孩子睡眠。但我听同地区其他家长说,有些初中平时主科练习册很多,初一孩子写作业到深夜,初二初三更重,还有晚自习和频繁的考试。我担心开学后我们学校也会出现类似情况,特别是孩子马上进入更高年级,学校可能以提高成绩为由增加作业和考试。我们希望教育部门在开学前和开学后持续督查各初中,严格落实初中生书面作业平均完成时间不超过90分钟的规定,不要通过晚自习变相上课或组织高频考试,保障孩子每天睡眠和体育锻炼时间。我们家庭没有给孩子报学科类培训班,希望学校课堂教学能保质保量,不要让不补课的孩子跟不上。恳请领导重视,谢谢。"
21AE5FD43D962DBD52DC55FECCC4037026D0BCC300B3D8C8D1205B9C5A6031FB,初中作业负担和课后服务问题的担忧,"领导您好,我是本地一名初中生家长。孩子现在不是毕业班,这个暑假作业量还算正常,每天睡眠时间比较充足,也参加了学校组织的课后服务。但我听说同省有些初中学生作业还是很多,有的初一就做到很晚,考试也很频繁。我担心开学以后作业负担会反弹,课后服务变成变相补课或者强制参加,影响孩子休息。希望相关部门能加强监督,让学校严格执行初中生书面作业不超过90分钟的规定,课后服务坚持自愿原则,内容上多些体育、艺术和兴趣活动,不要增加学习压力。谢谢。"
DBDFC73DAB19E3AB62985BFD5A8C49FDE50773BDE4330082F901C080F4AD2F41,关于暑假期间小学生看护与活动的诉求,"领导您好,我是一名小学生的家长。我们夫妻都要上班,家里同住的人多,但白天各有各的事,暑假里孩子看护问题让我们很发愁。我们担心孩子独自在家不安全,也怕他长时间看电子产品。孩子学校不属于公办,假期没有托管安排,外面的暑期班费用高,我们又不想给他报一堆学科班。平时孩子作业量基本合适,睡眠也充足,我们希望假期也能保持这种状态。恳请政府协调社区、学校或公益机构,在暑假提供一些平价或免费的托管、阅读、体育锻炼和兴趣活动,让孩子有地方去、有人管,我们家长也能安心工作。"
86125F49111A25E09959355CE03C3CEF1AB04FDED40271AA39FDC5E8C29686D6,希望学校课后服务能解决接送和作业辅导难题,"领导好,我们夫妻都在上班,家里老人年纪大了,孩子上小学,每天放学时间早,我们下班晚,接送和辅导作业都很吃力。现在政策要求学校完善课后服务,希望开学后学校能真正落实,让孩子自愿参加,时间上能跟家长下班衔接好,内容上能安排老师指导孩子在校完成作业。我们家长文化水平不高,辅导不了,也担心孩子回家作业太多写到很晚。虽然目前作业时间符合要求,但以前听说有的学校作业负担重,希望领导持续监督学校控制作业量,让孩子能早点休息,我们也能安心工作。"
6CE6DE8EFC274B513E757611B809836E6A7E9172A7480BA2FCFE65BEBC6BFB56,关于小学课后看护和作业管理的诉求,"尊敬的领导,您好。我和爱人都要上班,家里老人多但精力有限,孩子现在上小学,学校不是公办学校,每天放学比较早,我们下班晚,接孩子和辅导作业都有困难。这个月孩子没有参加学校的课后服务,作业量虽然暂时符合规定,但我们很担心以后会像一些学校那样作业越来越多,或者变相让家长购买教辅材料。家里经济条件还算可以,但我们文化程度不高,辅导作业力不从心。希望领导能督促学校提供课后延时服务,让老师在校辅导孩子完成作业;同时请上级持续关注作业负担和收费问题,防止反弹,真正减轻家长和孩子的压力。谢谢。"
3A4A7B268500A0E516D51310DE609955759AF149D8C0BB09136A638CF49EDDFF,"希望课后服务能真正帮孩子完成作业,减轻双职工家庭负担","领导好。我们是双职工家庭,双方都在上班,家里老人只能照顾生活,辅导不了功课。这个寒假我们一直在关注开学后的安排。孩子现在参加学校课后服务,本月作业量看起来符合规定,我们没有意见。但我们担心开学后课后服务是不是能继续把作业辅导做实,而不是只把孩子看管起来。以前也听说过一些学校作业布置得很多,孩子回家写到很晚,或者课后服务只是做样子,作业还是带回家。我们家长文化水平不高,晚上时间也紧,真希望孩子能在学校把大部分书面作业完成,老师能多指导一下,回家后能早点休息,也减少我们的负担。请领导督促学校把课后服务和作业管理落实得更好。"
F4F60906DDD22C45AB647D0A4E1BB51CD5FAC2A95547A35BECDEC6D2BA6F7A50,希望解决双职工家庭暑期孩子看护与学习辅导问题,"领导好。我是小学生家长,我们夫妻都在上班,平时时间很紧。现在放暑假,孩子在家,我们白天很难照顾和辅导。这个月孩子没有参加学校课后服务,我们也不太清楚周边有没有合适的假期托管。孩子睡眠足,作业量也符合规定,我们支持减负,但暑假时间长,担心孩子在家没人管,学习习惯松懈。我们文化不高,辅导功课越来越吃力。希望领导能关注我们这样的双职工家庭,协调学校或社区在假期提供一些公益托管,安排老师适当辅导功课,作业量不要大,主要帮忙看护和培养学习习惯。请领导帮忙推动。"
50B3F938EAB464803EAD17A5DFFAFD27DD2DB316B30FB484A2D677F6A035BC2F,希望课后服务能加强作业辅导并持续落实,"我家孩子在小学读书,我们夫妻俩都上班,家里老人也帮不上太多,每天时间很紧,自己文化水平又不高,辅导孩子作业确实吃力。现在暑假孩子参加了学校的课后服务,有人看着写作业,我们踏实不少,但心里还是没底,担心开学后课后服务会不会缩水,作业辅导能不能跟上。以前总听说有些学校作业布置得多,孩子写到很晚,负担很重,我们也怕慢慢又回到老样子。希望领导能督促学校严格落实作业时间规定,把课后服务真正利用起来,让老师在校内多指导孩子完成作业,别光看管不辅导,也别让课后服务变成上课补课。我们家长没给孩子报校外学科辅导,只能指望学校把课后服务做好,帮我们这些双职工家庭解决后顾之忧。"
76C30BB21B95DF61E32C8590EA916BAA4EF7FF04A6FDBF4822E1FC26C29B9CE5,希望解决双职工家庭暑期孩子看护与学习辅导问题,"领导好。我是小学生家长,我们夫妻都在上班,平时时间很紧。现在放暑假,孩子在家,我们白天很难照顾和辅导。这个月孩子没有参加学校课后服务,我们也不太清楚周边有没有合适的假期托管。孩子睡眠足,作业量也符合规定,我们支持减负,但暑假时间长,担心孩子在家没人管,学习习惯松懈。我们文化不高,辅导功课越来越吃力。希望领导能关注我们这样的双职工家庭,协调学校或社区在假期提供一些公益托管,安排老师适当辅导功课,作业量不要大,主要帮忙看护和培养学习习惯。请领导帮忙推动。"
890DC4BC8A2DA31745508BFF734BEC23FD074044149FBA067AB128B32FF84EDE,关于课后服务加强作业辅导的请求,"领导好,我是一名小学生家长。我们夫妻俩都上班,工作忙,家里老人多但帮不上忙,自己文化程度不高,辅导孩子学习很吃力。目前孩子参加了学校的课后服务,暑假也在参加,我们很感激。希望秋季开学后,学校课后服务能进一步加强作业辅导,让孩子在学校基本完成书面作业,老师能多讲解不会的题,这样我们回家后不用再为辅导发愁,孩子也能早点休息。另外,课后服务能不能多安排一些阅读、体育、兴趣活动,让孩子全面发展。我们家孩子没参加过校外培训,就指望学校了。"
2E246A0CA633CA0A89984A785A1A4162EA8168BCDC0DCA37F5372D7FB0D0FF5B,希望解决双职工家庭暑期孩子看护与学习辅导问题,"领导好。我是小学生家长,我们夫妻都在上班,平时时间很紧。现在放暑假,孩子在家,我们白天很难照顾和辅导。这个月孩子没有参加学校课后服务,我们也不太清楚周边有没有合适的假期托管。孩子睡眠足,作业量也符合规定,我们支持减负,但暑假时间长,担心孩子在家没人管,学习习惯松懈。我们文化不高,辅导功课越来越吃力。希望领导能关注我们这样的双职工家庭,协调学校或社区在假期提供一些公益托管,安排老师适当辅导功课,作业量不要大,主要帮忙看护和培养学习习惯。请领导帮忙推动。"
550ED300120C7EBD10B63B21960BD28F5A0C0E5EC3AD6AEC475D29E5199489FA,关于暑期课后服务时间与作业辅导的建议,"领导好,我是小学生家长。现在放暑假,孩子参加了学校的课后服务,我们双职工下班比较晚,家里没人能辅导,家长本身文化水平有限,辅导作业很吃力。希望课后服务不要只是简单看管,能够真正安排老师辅导孩子完成作业,并且活动内容丰富一些。同时,目前课后服务结束时间和我们下班时间还有一段空档,接孩子很不方便,能不能协调学校适当延长服务时间,尽量和家长下班衔接上。这样孩子安全有保障,我们也能安心工作。"
00FF11E8BDC6CC54B7364CCF47E147332DAB13C2334D3B4B6DF8091F82B4112D,关于监督学校落实减负并防止变相增加负担的请求,"尊敬的教育部门领导,我们是城镇普通家庭,经济条件一般,家长文化程度不高,孩子就读公办小学低年级。暑假即将结束,新学期马上开始,我们有些担忧。按照现有规定,低年级原则上不布置书面家庭作业,这个月孩子的作业情况也基本符合,但我们担心开学后学校会通过其他方式变相增加孩子的课业负担,比如强制购买教辅材料、要求参加收费课后服务或兴趣班等。我们家庭收入不高,以前也给孩子报过学科辅导班,开销不小,现在校外培训价格不低,长期下去实在难以承受。希望领导能督促学校真正把减负政策落到实处,不要变相布置作业或乱收费,同时能在校内提供一些免费的学习辅导和课后看护,让我们这样的普通家庭能安心工作,孩子也能健康快乐地成长。"
30223305032C79DD478178910E93138BB5EDEF7E3FC3656FABD23BA678AD721B,关于学校课后服务和作业负担的担忧与建议,"领导好,我是一名小学生的家长。孩子现在上小学,我们在东部城镇,家庭条件一般,我和孩子妈妈文化程度不高,辅导作业比较吃力。以前孩子学科培训上的多,费用压力大。现在听说学校要开展课后服务,我们很期待,但也有些担心。希望学校课后服务能真正坚持自愿原则,不要变相强制参加,也不要变成集体补课或变相收费。同时希望课后服务能安排老师指导孩子在校完成作业,开展一些文体活动,这样既能减轻我们家长辅导负担,也能减少我们报校外培训的压力。另外,希望学校按照要求统筹作业总量,不要布置太多书面作业,特别是开学后。我们只希望孩子能健康快乐成长,不要因为经济条件跟不上就被落下。谢谢领导关心。"
C11254E0C5F7FFCE9D5581243427137F9026DE23FCB2523E5CB89952BDEB7CD6,关于减轻小学生校外学科培训负担的求助,"我是一名小学生的家长,孩子目前在公办小学就读,家庭经济条件一般。按照学校年级规定,孩子平时没有书面家庭作业,我们也知道这是为了减轻负担。但孩子现在仍然在参加校外的学科类培训,每个月的培训费用对我们来说压力不小,和以前比没有明显下降。学校虽然安排了课后服务,我们孩子也参加了,但感觉主要是看管或兴趣活动,不能替代学科辅导。我们文化水平不高,辅导不了孩子,又希望孩子以后能考上大学,只能咬牙花钱补课。听说以前有的地方学校乱收费、外来子女上学难,我们也担心以后遇到类似情况。希望领导能关注我们这类普通家庭的难处,一方面加强对校外培训收费的监管,让价格更合理;另一方面能不能让学校的课后服务增加一些免费的文化课辅导,让孩子在校内就能解决学习问题,减轻我们家长的负担。"
E7DBB45E64759B3CCEC30936946CFD4F55C61A479F4A3CD58F2C6AF2320812BE,希望加强课后服务质量减轻校外培训负担,"我家孩子正在上小学,学校离家比较近,这个月也参加了学校课后服务。按政策课后服务是自愿参加,时间上也有两个小时。但我们这样的家庭经济条件一般,孩子将来想考大学,目前还在外面参加学科培训。虽然培训费用比以前降了些,长期看还是有压力。我们有点担心学校课后服务内容不够丰富,作业辅导不到位,孩子在学校待了那么久,回家还是得另外花钱补课。希望领导督促学校把课后服务真正办好,多安排作业辅导和兴趣活动,让孩子在校内就能学足学好,减少我们额外报班的负担。也请关注课后服务有没有变相强制或收费,让普通家庭真正得到实惠。"
B036B06F8C5B0C49E24051CDAA85175E5BD32EB6FCE6411037DB827FB8C49E24,希望加强暑期课后服务减轻校外培训负担,"领导您好,我是一名小学生家长,家庭经济条件一般。孩子所在年级按规定不布置书面家庭作业,我们担心孩子学习基础不牢,暑假里除了参加学校课后服务,还给他报了校外学科培训。培训费用和以前差不多,没有明显下降,对我们这样的家庭压力不小。学校课后服务如果能提供更多学业辅导和兴趣活动,我们就不必额外花钱补课了。希望政府能督促学校提升课后服务质量,同时加强对校外培训收费的监管,让我们这样的普通家庭能减轻一些负担。"
A2BFFA87B7EF8D1D26F1EF0FF35C6086FEC3790956687865BFE38AF242FE5468,希望课后服务能更解决学习问题减轻培训负担,"领导好。我家孩子上小学,不是毕业班。这个暑假孩子参加了学校的课后服务,每天时间不短,但我们自己文化不高,辅导不了功课,又怕孩子以后考不上大学,所以还是继续给孩子报了校外学科班。现在外面培训班少了很多,收费也比以前低了点,但对我们这种收入不高的家庭来说,每个月还是一笔不小的开销,不报又不放心。希望领导能督促学校把课后服务做得更实在一些,多安排老师答疑、辅导作业、巩固当天知识,而不是简单看管。课后服务如果能真正解决学习问题,我们就能少花钱、少焦虑。另外,也请继续管住校外培训的收费和隐形涨价,让我们普通家庭能享受到政策的好处。"
F850104B71755FD5A3C545A9899ACD78102B5CDDDCE0B7ED61BF3F7F7CE32779,希望加强暑期课后服务减轻校外培训负担,"领导您好,我是一名小学生家长,家庭经济条件一般。孩子所在年级按规定不布置书面家庭作业,我们担心孩子学习基础不牢,暑假里除了参加学校课后服务,还给他报了校外学科培训。培训费用和以前差不多,没有明显下降,对我们这样的家庭压力不小。学校课后服务如果能提供更多学业辅导和兴趣活动,我们就不必额外花钱补课了。希望政府能督促学校提升课后服务质量,同时加强对校外培训收费的监管,让我们这样的普通家庭能减轻一些负担。"
37B2E3F0E509D705F76E125B375EB2C869385BD439B7C42A672E110E66098ACC,希望新学期课后服务能更好替代校外培训,"领导好。我家孩子上小学,不是毕业班。我们文化不高,家里收入一般,但一直盼着孩子能考上大学。以前孩子放学早、学校基本不留书面作业,我们只能花钱报学科班。现在外边正规培训班明显少了,我们暑假里还在上的班费用确实降了一些,可总怕它突然停掉或者转到地下,钱交了没保障,上课效果也没人管。学校暑假课后服务我们也让孩子参加了,可开学后能不能持续、内容实不实,心里还是没底。马上要开学了,想请政府继续加强对学科类培训收费和预收费的监管,别让我们这些普通家庭再吃亏。更希望学校课后服务能把孩子管好、教好,时间上接住家长下班,内容上多些作业辅导和兴趣活动,让我们不用再额外花钱补课。我们能力有限,学校要是把课后时间用好,我们就少花冤枉钱、少担惊受怕。"
F88F62E523CC36B84808B92CD30436D4C97E3B1C67A9AC4A299F6D91341598CC,希望加强暑期课后服务减轻校外培训负担,"领导您好,我是一名小学生家长,家庭经济条件一般。孩子所在年级按规定不布置书面家庭作业,我们担心孩子学习基础不牢,暑假里除了参加学校课后服务,还给他报了校外学科培训。培训费用和以前差不多,没有明显下降,对我们这样的家庭压力不小。学校课后服务如果能提供更多学业辅导和兴趣活动,我们就不必额外花钱补课了。希望政府能督促学校提升课后服务质量,同时加强对校外培训收费的监管,让我们这样的普通家庭能减轻一些负担。"
729BB26847D068D549FD5D18F676961191F3BDD35023E2006C7C0ADE6F0353DC,关于小学课后服务与校外培训负担的请求,"领导您好,我家孩子上小学,家里条件一般,我们两口子文化不高,辅导不了功课。孩子现在参加学校课后服务,但我们还是给他报了校外学科培训。虽然培训费用降了些,可每个月加起来仍是不小的负担,我们不敢停,怕孩子落后。我们感觉学校课后服务对孩子学习上的帮助有限,主要还是看管。希望领导能督促学校把课后服务办得更实用,加强课堂知识巩固和答疑,让孩子在学校就能解决学习问题,我们家长也能少花冤枉钱。同时请继续严格监管校外培训收费,防止变相涨价或额外收费,让我们普通家庭真正得到实惠。谢谢领导。"
5F18A340163717F40A291911C9EFB751A1CBF655D37FA824919A348DFB1282BE,关于升学衔接阶段孩子作业负担的求助,"领导您好,我家孩子正处在小学升学的衔接年级,我们做家长的心里很着急。最近注意到孩子这个月的书面作业情况没有符合规定的一个小时要求,我们文化水平不高,辅导不了,家庭条件也一般,没上过学科辅导班。孩子平时上下学路上时间长,我们担心作业负担过重会挤占他休息和适应的时间,影响升学。希望领导能督促学校严格落实作业管理规范,合理布置作业,对像我们这样的家庭多给一些升学衔接上的帮助,别让孩子在关键时候掉队。谢谢领导。"
12B442A9EF39175E8DFFC329F40AB0044AF07AE4F32B12F0EFD21F881E100958,关于孩子书面作业超时和课后辅导的诉求,"领导好,我是孩子家长。孩子马上要升初中了,学校是普通公办,离家远,路上花不少时间。我们两口子都在外面上班,文化程度不高,家里经济条件也一般。这个月学校布置的书面作业情况不符合规定,听说规定是每天不超过60分钟,但我们担心孩子写作业时间可能超过这个标准,长期下来影响睡眠和身体。现在政策要求学校统筹作业总量和时长,希望领导能督促学校真正落实,把作业控制在规定范围内,提高作业质量少布置机械重复的。另外我们希望学校课后服务能让孩子在学校完成作业,有老师指导,这样我们家长也不用发愁辅导不了,还能少花钱上外面的托管班。孩子是升学衔接阶段,我们怕基础打不牢,又没钱报辅导班,请领导多关心我们这样的普通家庭,让孩子能顺利过渡。"
E90644FE09AA6748A59DDB2B2F29CF43966C6EC9E69CD3396B4AB70ED2186307,关于小学生书面作业时长不符合规定的求助,"我是中部某城镇一名小学生的家长。孩子现在上小学升学衔接年级,就读于公办学校,家庭经济条件较差,我和配偶都在上班,平时时间很紧,孩子上学单程较远,也没有参加学校的课后服务。最近发现孩子本月的书面家庭作业完成情况不符合当前年级规定的平均不超过60分钟的要求。我们文化程度不高,辅导孩子作业很吃力,家里也无力承担课外辅导。孩子正处在升学衔接阶段,我们担心作业负担过重会影响他的休息和学习状态,也怕孩子跟不上进度。希望领导能督促学校合理布置作业,严格落实作业时间规定,或者协调提供课后服务,帮助我们这样的家庭解决实际困难。"
CE911C6A6859D574FCE1F37CAF5D289A5A3BFB1D31CBDDFA5A4D67ABD0297B6E,关于课后服务能否真正辅导孩子作业的求助,"领导好。我家孩子在公办小学读升学衔接年级,这个月每天参加学校课后服务,时间有两个小时。我和孩子爸爸都在打工,文化水平不高,晚上到家很晚,家里经济条件也不好,没法给孩子报外面的班。现在看着孩子每天在学校待到比较晚,但回家作业还是要我们盯着做,很多题我们也讲不明白,心里很着急。孩子马上要升初中,基础不牢以后更吃力。我担心课后服务只是把孩子集中看管,没有真正安排老师辅导作业、巩固知识。希望领导能督促学校把课后服务用好,特别是对高年级孩子,多安排老师答疑、指导完成作业,哪怕开展一些阅读、体育活动也行,别让这两个小时白白耗掉。我们家长能力有限,学校是孩子最指望得上的地方。"
E4789BFE32C1A056356440150FEE59D6D8BC440701463E9F82C6F36155C13766,关于小学生暑假作业超时及开学衔接的求助,"领导好,我家孩子马上要升入新年级,这个暑假书面作业完成时间超过了规定的一个小时。我们两口子文化程度不高,都在外打工,晚上回家很晚,辅导作业实在吃力。孩子上学单程要跑很远,睡眠时间一直比较长,作业一多晚上就睡不够。家里条件也不宽裕,没报过外面的辅导班。眼瞅着要开学了,心里很慌,怕开学后作业更多,孩子跟不上,我们也帮不上什么忙。希望领导能督促学校严格按照规范控制书面作业量,不要给家长布置变相任务,最好能把课后服务覆盖到我们这类双职工家庭,让孩子在学校就能完成大部分作业。我们不是不愿意配合,是真的没时间也没能力辅导。请领导帮帮我们这些普通家庭。"
0FB90F0BBA33FB5076A0F3A8123A0EE1DC9DEEB97D9CE30326C1D5535D68D4F7,关于请求加强小学升学衔接阶段课后服务质量的建议,"领导您好,我是本地一名小学生家长。孩子正处在升学衔接年级,我和爱人都要上班,家里条件一般,我们文化程度不高,辅导孩子学习越来越吃力。这个暑假学校有课后服务,孩子参加了,我们挺感激,但不太清楚具体安排了哪些内容,心里没底。孩子之前没上过校外补习班,现在外面学科类培训也不多,我们只能依靠学校。很担心孩子开学后跟不上,特别是数学和英语。希望领导能督促学校把课后服务做实做细,在暑假和开学后多安排一些衔接课程、作业辅导和学习方法指导,让孩子在学校就把问题解决掉,也减轻我们家长的负担。谢谢。"
E4E58E785B34A3665CC5CC87E9649451A247B7BB90B4A6B15AD4B2C463E7A1C1,关于小学生暑假作业超时及开学衔接的求助,"领导好,我家孩子马上要升入新年级,这个暑假书面作业完成时间超过了规定的一个小时。我们两口子文化程度不高,都在外打工,晚上回家很晚,辅导作业实在吃力。孩子上学单程要跑很远,睡眠时间一直比较长,作业一多晚上就睡不够。家里条件也不宽裕,没报过外面的辅导班。眼瞅着要开学了,心里很慌,怕开学后作业更多,孩子跟不上,我们也帮不上什么忙。希望领导能督促学校严格按照规范控制书面作业量,不要给家长布置变相任务,最好能把课后服务覆盖到我们这类双职工家庭,让孩子在学校就能完成大部分作业。我们不是不愿意配合,是真的没时间也没能力辅导。请领导帮帮我们这些普通家庭。"
0F85A6A58930BB1041457A87FB48FEF66B45B82A31AC7D5A93E448230EF8EA3A,希望加强学校课后服务学业辅导,"我家孩子正在读小学,下学期就是升学衔接年级了。我们两口子都在打工,文化程度低,家里经济紧张,没能力给孩子报任何补习班。现在孩子参加了学校课后服务,说是每天两小时以上,但作为家长我们心里没底,担心只是让孩子坐着写作业,没人真正辅导。孩子马上要升初中,基础本来就不扎实,这样下去怕跟不上。希望政府能督促学校把课后服务落实到学业辅导上,安排老师答疑解惑,教孩子学习方法,让我们这样的普通家庭也能安心。另外,我们下班时间晚,学校离家远,希望课后服务结束时间能和家长下班时间衔接,解决接送困难。恳请领导关注。"
BD2EBCC5DBBB0482A2C582B6E8A8D43F40580820614716F94A1E2148310C3772,关于小学生暑假作业超时及开学衔接的求助,"领导好,我家孩子马上要升入新年级,这个暑假书面作业完成时间超过了规定的一个小时。我们两口子文化程度不高,都在外打工,晚上回家很晚,辅导作业实在吃力。孩子上学单程要跑很远,睡眠时间一直比较长,作业一多晚上就睡不够。家里条件也不宽裕,没报过外面的辅导班。眼瞅着要开学了,心里很慌,怕开学后作业更多,孩子跟不上,我们也帮不上什么忙。希望领导能督促学校严格按照规范控制书面作业量,不要给家长布置变相任务,最好能把课后服务覆盖到我们这类双职工家庭,让孩子在学校就能完成大部分作业。我们不是不愿意配合,是真的没时间也没能力辅导。请领导帮帮我们这些普通家庭。"
660455F9C5871BD6B47D209A3F9DBBD385540445A946A30D43561A08268D0509,"请求加强学校课后服务学业辅导,帮助升学衔接孩子不掉队","领导好,我家孩子现在是小学升学衔接年级,在咱们这里一所普通公办小学读书,家里条件一般,我们两口子文化水平不高,平时工作也忙,辅导孩子学习很吃力。现在外面学科培训班少了很多,我们原来也没上过,想找合适的辅导也难,经济上不允许。这个暑假孩子参加了学校的课后服务,我们很感激,但心里也担心,课后服务会不会只是看着孩子写作业,没有真正帮助孩子巩固知识、做好升学衔接。我家孩子每天通学时间比较长,我们下班晚,全靠学校课后服务这段时间。孩子作业量我们不太懂,但听说是有规定的,我们担心练习不够,到了初中跟不上。希望领导能关心一下像我们这样的普通家庭,督促学校把课后服务做实做细,特别是对升学衔接年级的孩子,多安排一些针对性的学业辅导和学习习惯培养,别让孩子因为家里条件有限就落后了。谢谢领导。"
2EFC77A9EBD9ECF213A60EEC0B93CEABC6FF66FE15B68C8F1D91CAC88600E1A9,关于孩子暑假书面作业负担偏重的求助,"领导好,我是孩子家长。孩子正处在升学衔接阶段,这个暑假书面作业情况已经不符合当前年级的时长要求,我们做家长的心里很着急。我们两口子文化水平不高,辅导作业本来就很吃力,孩子作业一多,经常要上网查,孩子写到很晚,运动休息时间都没了。以前也听说过同省有的学校作业太多,有的题书本上都找不到答案,孩子负担很重。现在还没开学就这样,真担心开学后更严重。希望领导能重视小学作业减负问题,督促学校严格落实作业时长规定,别让书面作业挤占孩子的睡眠和锻炼时间,给孩子留一点自由活动的空间。"
1C68D60FF61CC8D16F845CA672CFFD6AE9D7E61A91229DC1EBF921C191E1D917,关于减轻升学衔接年级孩子作业负担的诉求,"领导您好。我家孩子正处在小学升学衔接年级,这个暑假孩子完成书面作业的时间已经超过规定的一个小时,有时要写到很晚,基本没有户外活动和休息时间。我们两口子文化程度不高,有些题目我们也不会辅导,只能干着急。快开学了,很担心开学后作业更多,孩子睡眠和运动更没法保证。希望教育部门能督促学校严格落实作业时间规定,控制作业总量,提高作业设计质量,并利用课后服务时间指导孩子在校完成大部分作业,让孩子回家能喘口气。孩子的童年不能只剩作业,请领导重视。"
113EA6B49AA653220F16A07099AA0918E3371901C5914F84C516FC80104A3E54,关于小学升学衔接年级作业减负的诉求,"领导您好,我家孩子在小学升学衔接年级,马上要开学了,寒假这段时间作业情况让人有些担心。按照要求,这个年级书面家庭作业平均完成时间不应超过60分钟,但孩子写作业时间偏长,家长文化水平不高,辅导起来很吃力,孩子晚上很少有活动和休息时间。我们家庭条件一般,父母都要上班,也没办法一直盯着。希望领导能重视一下,督促学校合理控制作业量,让孩子开学后别太累,能有一些运动、睡眠的时间。"
E14B5593FE2E32FFA22DF534720EC2252936A4CAFAC5B78577A3493E461BAA3D,关于学校课后服务作业辅导的担忧与请求,"领导您好,我是一名小学生的家长,孩子今年处在升初中的年级,我们两口子都在打工,文化水平不高,平时辅导作业很费劲。这学期开始学校提供课后服务,孩子也参加了,帮我们解决了接孩子的时间问题。但我们也担心,课后服务虽然每天都有,可孩子在服务时间里是不是真能把作业做完、把不会的题弄明白?我们家长本身学历低,现在有的题我们也看不懂,怕孩子回家后作业写到很晚,影响休息和运动。马上开学了,我们担心作业量会随着升学年级慢慢多起来,孩子本来就面临升学压力,如果作业太多,连玩的时间都没有,我们看着也心疼。希望领导能督促学校把课后服务的作业辅导抓实,让老师多指导孩子在校完成作业,真正减轻我们家长的辅导负担,也让孩子放学后能透透气、跑一跑。我们支持减负政策,希望政策能实实在在落到我们孩子身上。"
14E284B14EC9AF1FD07C78025F619448A0E06C316086BB453B789554B921AA81,希望减轻小学生暑假作业负担的反映,"领导您好,我是孩子家长,想反映一下暑假孩子书面作业的问题。这个月孩子在家写作业,我们感觉时间经常超过规定的一小时。孩子正处于升学衔接阶段,我们两口子文化程度不高,有些题还得上网查才能弄明白,下班后辅导实在吃力。孩子晚上基本没有活动休息的时间,我们担心这样下去身体和眼睛都受影响。国家一直要求给孩子减负,希望领导能重视一下,督促学校合理安排假期作业量,让孩子除了写作业也能有运动和玩耍的时间。"
573705C5BA56D7838E01B3490E58F46C332F7665B9155ADC154BAA14B8719B33,关于减轻小学生课业负担和提升课后服务的建议,"我家孩子马上要升入衔接年级,在公办小学读书。暑假里孩子参加了学校课后服务,目前看作业量还算正常,但我们双职工家庭,文化程度也不高,心里还是没底。之前就听说有的孩子作业写到很晚,家长辅导不了,得不停查资料。就怕开学后作业一下子多起来,课后服务又变成变相补课。希望领导能督促学校继续严格控制书面作业时间,让课后服务真正用来辅导作业和开展文体活动,给孩子留点运动和休息时间,也让我们家长能安心工作。"
E035338F535E739D1162CB5943137E94C75F2C3FCDA3B1E0D392F279F1F6EA6A,希望减轻小学生暑假作业负担的反映,"领导您好,我是孩子家长,想反映一下暑假孩子书面作业的问题。这个月孩子在家写作业,我们感觉时间经常超过规定的一小时。孩子正处于升学衔接阶段,我们两口子文化程度不高,有些题还得上网查才能弄明白,下班后辅导实在吃力。孩子晚上基本没有活动休息的时间,我们担心这样下去身体和眼睛都受影响。国家一直要求给孩子减负,希望领导能重视一下,督促学校合理安排假期作业量,让孩子除了写作业也能有运动和玩耍的时间。"
185172D161CCD80A3925FB5669013909700DD83EBB7BFBDF9CFE5EF804B85E93,关于新学期小学作业减负和课后服务质量的诉求,"领导好。我是小学高年级孩子家长,孩子正在升学衔接阶段,我们是双职工家庭,文化水平有限,辅导作业比较吃力。暑假里孩子参加了学校课后服务,目前作业量还算符合要求,但我们很担心开学后作业又会多起来。以前同地方有家长反映孩子作业写到很晚,有的题目书本上找不到答案,家长也不会,只能上网查,孩子晚上基本没有休息和运动时间。希望领导能重视,督促学校真正统筹作业总量,让课后服务里有老师指导完成作业,留出运动活动时间,别把作业压力都转给家长。我们也不求别的,就希望孩子能睡够、有点活动时间,我们下班后也能少些辅导负担。"
4B915544974261CEE41A006BD81DC280E76C7E983B9C3CDA03D3CE505A059AB6,希望减轻小学生暑假作业负担的反映,"领导您好,我是孩子家长,想反映一下暑假孩子书面作业的问题。这个月孩子在家写作业,我们感觉时间经常超过规定的一小时。孩子正处于升学衔接阶段,我们两口子文化程度不高,有些题还得上网查才能弄明白,下班后辅导实在吃力。孩子晚上基本没有活动休息的时间,我们担心这样下去身体和眼睛都受影响。国家一直要求给孩子减负,希望领导能重视一下,督促学校合理安排假期作业量,让孩子除了写作业也能有运动和玩耍的时间。"
88D96DBB86874AB0B4D0F096F340D671DF3BBB83BC9FCB12E2A0DBCBAB0706F1,"恳请加强课后服务作业辅导,减轻家长辅导负担","领导您好,我是一名小学生家长,家住东北城镇。孩子今年暑假后就要升入新学段,我们夫妻都上班,文化水平也不高,辅导作业很吃力。现在孩子参加了学校的课后服务,我们很感激,但听说以前有的学校作业多、题目难,家长看了都不会,得网上查,孩子写得很晚。虽然目前作业时长还符合要求,但我们担心开学后新年级作业量会增加,课后服务如果只是看孩子,作业还得带回家,我们实在辅导不了。家里经济条件一般,没有报课外班,只能依靠学校。恳请教育部门持续监督学校书面作业总量和时长,督促老师尽量在课后服务时间辅导孩子完成作业,让孩子回家能有休息和运动的时间。谢谢领导。"
316D7DEBD9206FA82883B7C4AB70A3315A436ECB9E7F041EE7AC109E0F406D4A,"孩子作业超时,家长担忧负担重","领导好,我是一名小学生的家长。我们家里条件一般,我和孩子妈文化水平不高,辅导作业很吃力。最近发现孩子每天书面作业经常超过一个小时,有时写到很晚,虽然孩子睡眠时间还算够,但明显白天没精神,学习劲头也差了。我们这里以前有些学校搞周末补课,孩子累得作业都做不完,现在学科班少了,可担心学校又用大量作业来压孩子。希望领导能管管小学生作业量,督促学校按规定控制时间,别让作业占掉孩子休息和自主学习的空,让孩子能健康点。"
FD934E1AE3E2FC405C06A4C94D6B041DB84D983D7E9A5BCD871E97725E108CB7,关于小学作业超时问题希望得到重视,"领导您好,我家孩子现在上小学,这个月我发现孩子书面作业经常超过规定的一个小时,有时候很晚才能做完,我们家长文化程度不高,也辅导不了。听说现在有政策要求学校控制作业总量和时长,加强校内作业指导,希望领导能督促学校真正落实,不要布置太多机械重复的作业,让孩子能在学校把作业写完一部分,回家轻松点。另外,我们家庭条件一般,外面培训班太贵我们负担不起,希望学校课后服务能真正帮助孩子完成作业,而不是变相补课增加孩子压力。孩子作业一多情绪就不好,我们也着急。请领导帮忙管一管,谢谢。"
CB04546E7ADB5E2265104D10121C7884A92B00887552333520639EA9E0B13EAE,关于规范小学作业时间保障孩子休息的诉求,"领导您好,我家孩子上小学,家庭条件一般,我们家长文化程度不高,辅导作业比较吃力。最近了解到小学书面家庭作业平均完成时间原则上不超过60分钟,但孩子这个月的作业情况好像没有符合这个规定,我们心里很担心。孩子参加了学校课后服务,希望课后服务能真正帮孩子在学校完成作业,而不是变成上课或补课,导致回家还要写很久,影响睡眠和休息。我们家同住成员多,经济上中低水平,家长也有一方没有就业,时间上虽不算特别紧张,但确实难以给孩子提供很好的学习辅导。孩子睡眠一直比较充足,我们也不想因为作业负担打破这个状态。希望领导能督促学校规范作业布置,严格控制书面作业时间,让课后服务发挥应有作用,减轻孩子压力,保障他们有足够的休息和自主学习时间。"
B90C4E85397E109ECAA11685EAEC93795BC998A527ED49710DE611C7A9072CEC,"孩子作业超过规定时间,课后服务未减负,盼领导督促解决","领导您好,我是这边一名小学生家长。我们家里条件一般,大人文化不高,辅导孩子作业很吃力。这个月孩子书面作业经常超过规定的一小时,有时写到很晚,我们看着心疼又没办法。学校有课后服务,孩子也参加了,但感觉课后服务时间没有真正用来指导完成作业,回家后作业还是不少。孩子才小学,我们希望他能健康成长,将来读个高中或职高,但现在作业压力这么大,我们很焦虑。希望领导能督促学校真正落实作业减负要求,提高课后服务质量,让孩子在学校就能完成大部分作业,回家能早点休息,也能有点自己的时间。谢谢领导。"
84DAA8E0B3723FBA9816B511F810D53AE0C1D3FB3DEB2441ADD3DD76F1B39A83,建议合理控制小学生暑假作业量保障休息,"我家孩子上小学,暑假参加了学校的课后服务。原本以为在学校能完成部分作业,但这段时间发现孩子的书面作业量还是偏多,完成时间超出了小学生应有的范围。我们家庭条件一般,家长文化程度不高,辅导作业比较吃力。孩子平时睡眠时间比较长,现在担心作业太多会影响休息。以前也听说过有的学校利用课后服务或补课增加负担,最后孩子作业完不成,周末也没法自主学习,我们很担心这种情况。希望领导能关注一下,督促学校合理安排暑假作业和课后服务内容,不要给孩子太大压力,让孩子有足够的睡眠和自主学习时间。"
84421DDFDCCAF9B252FCB16DF977EE7D6CFEADBB1C694ED699EF1CC36C179342,关于课后服务期间作业负担过重的诉求,"领导您好,我家在城镇,孩子上小学,家庭经济条件一般。这个暑假孩子参加了学校提供的课后服务,每天时间不短,但回家后书面作业时间仍不符合年级规定,感觉孩子负担比较重。我们家长文化程度不高,辅导作业吃力,家里人多,很难给孩子一个安静的学习环境。以前就听说有些学校课后服务变成集体补课,效率低还占时间,很担心现在也出现这种情况。希望领导能督促学校严格落实作业总量控制,课后服务多安排老师指导作业、开展文体活动,不要强制参加或变相补课,让孩子能早点完成作业,有足够的休息和自主学习时间。"
2DB8CCBC0FD1081D155442282EC76936B9AE1F7A42995A84F35B0999CBCBD332,建议合理控制小学生暑假作业量保障休息,"我家孩子上小学,暑假参加了学校的课后服务。原本以为在学校能完成部分作业,但这段时间发现孩子的书面作业量还是偏多,完成时间超出了小学生应有的范围。我们家庭条件一般,家长文化程度不高,辅导作业比较吃力。孩子平时睡眠时间比较长,现在担心作业太多会影响休息。以前也听说过有的学校利用课后服务或补课增加负担,最后孩子作业完不成,周末也没法自主学习,我们很担心这种情况。希望领导能关注一下,督促学校合理安排暑假作业和课后服务内容,不要给孩子太大压力,让孩子有足够的睡眠和自主学习时间。"
71A98C7C2CAD032743A8F87833F3DBB6BD12F4763847AFDCCB7C1C435239C2B5,关于减轻小学生课后书面作业负担和规范课后服务的诉求,"领导您好,我是一名小学生的家长。我家住在东部城镇,孩子就读一所非公办小学,家庭经济条件一般,我和家人文化程度不高,辅导孩子作业比较吃力。这个暑假孩子参加了学校提供的课后服务,本来我们以为孩子在校能把作业完成得差不多,但回家后书面作业还是经常要写很久,感觉已经超出了小学阶段每天不超过60分钟的要求。孩子以前睡眠时间比较充足,最近因为作业睡得晚了,我们很担心影响身体。我们以前听说过一些学校把课后服务变成统一补课或讲新课,效率不高,孩子回家还要补作业,自主休息时间被挤占。我们家虽然有人能照看孩子,但确实辅导不了功课,所以特别希望课后服务能真正用来指导孩子完成书面作业,而不是增加新的负担。请领导督促学校严格落实作业总量和时长要求,课后服务多安排作业指导和文体活动,不要变相加重学生压力,保障孩子的睡眠和休息时间。"
D60DE40FAAC1551A95BF4AE2B5DCFA4817C832BD756BB8E3D12F54A24AC15443,建议合理控制小学生暑假作业量保障休息,"我家孩子上小学,暑假参加了学校的课后服务。原本以为在学校能完成部分作业,但这段时间发现孩子的书面作业量还是偏多,完成时间超出了小学生应有的范围。我们家庭条件一般,家长文化程度不高,辅导作业比较吃力。孩子平时睡眠时间比较长,现在担心作业太多会影响休息。以前也听说过有的学校利用课后服务或补课增加负担,最后孩子作业完不成,周末也没法自主学习,我们很担心这种情况。希望领导能关注一下,督促学校合理安排暑假作业和课后服务内容,不要给孩子太大压力,让孩子有足够的睡眠和自主学习时间。"
0D8E336D84BFDF12EEF3C3A4FC4EE9E7919ED3C3524A0CCF692D47C6C9E408A8,"小学生作业时间超规定影响休息,盼协调减轻负担","领导好,我是小学生家长。孩子正在上小学,家里经济条件一般,我们文化程度不高,辅导作业很吃力。这个月孩子虽然参加了学校课后服务,但书面作业时间仍然不符合规定要求,我们担心回家后还要继续写,休息时间被明显挤占。孩子平时睡眠一直比较充足,现在很怕因为作业晚睡,影响长身体。希望有关部门能督促学校严格执行作业时间规定,统筹各科作业总量,让课后服务真正用来指导孩子完成作业,而不是变相加课或补课。也请关注一下课后服务的实际质量,让我们这样的普通家庭能减轻负担,让孩子有足够的睡眠和自主活动时间。谢谢。"
B428534A4127983D58BD4CD5B354192C5EAE421D4E92E3FF4E843B2CBEC57710,请关注小学生作业负担问题,"领导您好,我是一名小学生家长。孩子现在放暑假,作业量看起来还算正常,但我注意到一些学校存在作业布置过多、孩子写到很晚的情况,心里有些担心。我们夫妻两人都上班,晚上能辅导孩子的时间有限,如果开学后作业负担加重,孩子睡眠不足,会影响学习和健康。希望教育部门在新学期加强对学校作业总量的监督检查,确保不超过规定时间,同时也能关注班级人数是否合理,避免因学生过多而影响教学质量和作业负担。谢谢。"
91F2F6CD2D260A41CBF1926AF4358C1A063C0DF0FF906951ECF31D775512B654,关于开学后严控书面作业总量并加强监督的诉求,"领导好,我是本地一名小学生家长。这个暑假孩子书面作业时间基本没有超过规定,晚上能正常睡觉,我们比较满意。但以前附近一些学校开学后作业经常多到孩子写到很晚,有的低年级孩子也要写到九、十点,写不完还会被点名批评,这些情况让家长很担心。现在快开学了,怕老师为了抓成绩又开始布置大量书面作业,暑假这段时间达标不代表开学后就能保持。希望教育部门开学后加强对学校作业总量和时长的日常监督,多搞不打招呼的检查;要求学校真正统筹各科作业,不能各科都留一点加起来就超时;课后服务也要真正利用起来,让孩子在学校完成大部分书面作业,老师能现场指导,而不是简单看管。另外,听说有的学校班级人数偏多,老师顾不上每个孩子,容易靠多布置抄写和卷子来管学生,这也容易造成作业负担反弹,希望一并关注。请领导们帮忙督促落实,让孩子能睡够觉,别让作业减负停留在纸面上。"
3D07EEA8EC6A421766B6C3E746F05103F6A5A3A5A7CBC79F543949EDDF31C8D4,关于春季开学后防止小学生作业负担反弹的建议,"领导您好。我家孩子上小学,目前学校布置的书面作业量符合规定,我们比较放心。但根据我以往听说的和身边家长反映的情况,每到开学后特别是临近考试,个别学校作业量容易反弹,孩子写到很晚,影响睡眠和第二天上课。希望教育部门在春季开学后加大日常巡查和暗访力度,督促学校严格落实作业总量要求,不要布置机械重复或超量作业。孩子平时还参加学校课后服务和校外学科培训,本来时间就比较紧张,如果作业再一多,孩子连休息和锻炼的时间都没有。请领导关注一下孩子课后负担的整体统筹,让孩子们能健康学习。"
25EE6B1F676A0996368C05778F2386900D991612205BFE030EF5520CADD941CF,关于课后服务与校外培训叠加影响孩子休息的诉求,"领导您好。我家孩子正在上小学,目前书面作业确实能在规定时间内完成,但每天参加学校课后服务,放学后还要接着参加学科类校外培训,虽然培训费用降了一些,可孩子从早到晚基本都被安排满了。我们两口子都在上班,时间也不宽裕,但更担心孩子长期这样睡眠和自由活动不足。以前附近有过孩子作业写到很晚、压力大的情况,就怕又回到那种状态。希望领导关注课后服务和校外培训叠加带来的负担,督促学校提供更灵活的自愿选择,也请加强对学科培训的日常监管,别让价格低了但质量或安全出问题。"
964ACD13DD9AE7F1A78F9A72445C9A160F16DBC11FFA974172909C122E344242,"关于持续监督小学作业量,防止课后服务变相增加负担的建议","领导好,我家孩子在公办小学读书,这个暑假作业量还算合适,基本能保证孩子睡眠。但我看到同省有的地方家长反映作业多到写不完,心里一直担心。孩子现在参加学校课后服务,希望课后服务真正用来辅导、活动,而不是变成补课或布置额外作业。恳请教育部门加强日常暗访和监督,确保书面作业不超过规定时长,别让学校慢慢加码,给孩子留出休息和锻炼的时间。我们家长文化不高,但希望孩子不要那么累。"
511D077C840EBF754EA19B9F93F918C831CA0A289D2A8AE5E5B13F9B2EAAD7B5,关于课后服务作业辅导和作业总量的担忧,"想反映孩子学校课后服务和作业的问题。我家孩子上小学,暑假在参加学校的课后服务,目前书面作业量还符合规定,我们挺知足。但我和我爱人文化程度都不高,白天都上班,以前还能找学科培训,现在少了,更指望学校课后服务能真正帮孩子把作业弄明白。以前看到同省有家长反映,有的学校低年级作业写到晚上十点,写不完还点名,我们很担心开学或升年级以后作业负担反弹,课后服务如果只是看管、不辅导,我们回家还是抓瞎。希望教育部门多暗访监督,督促学校把课后服务时间用于作业指导和答疑,继续严控书面作业总量,别让以前那种写到睡觉都写不完的情况重来。"
0CFEEF7352D5724823826656A9D1324374D78A3A17A4F2A1B37930C59AED3B70,"关于持续监督小学作业量,防止课后服务变相增加负担的建议","领导好,我家孩子在公办小学读书,这个暑假作业量还算合适,基本能保证孩子睡眠。但我看到同省有的地方家长反映作业多到写不完,心里一直担心。孩子现在参加学校课后服务,希望课后服务真正用来辅导、活动,而不是变成补课或布置额外作业。恳请教育部门加强日常暗访和监督,确保书面作业不超过规定时长,别让学校慢慢加码,给孩子留出休息和锻炼的时间。我们家长文化不高,但希望孩子不要那么累。"
CE804430257E164E011BEE361A55713B00067E4A5260C690716A0E68D6900B67,关于小学作业负担和课后服务质量的担忧与建议,"领导好。我家孩子上小学,不是毕业班。这个暑假孩子参加了学校课后服务,目前作业量是符合规定的,但我一直很担心开学后的情况。身边以前有不少家长反映,有的学校作业留得特别多,一年级孩子写到晚上十点,写不完还要被点名批评;还有的班级人数太多,老师管不过来,只好靠多留作业压学生。现在政策虽然规定了作业时长,但学校能不能一直做到,我们心里没底。我们希望教育部门能多暗访、多监督,别让作业负担反弹。另外,课后服务既然要求自愿参加、内容丰富,能不能真正用来辅导作业和开展文体活动,而不是变相补课或增加新的压力?孩子睡眠一直不错,我们也不想因为作业和课后服务把孩子的休息时间挤掉。请领导重视这个问题。"
2E4D659D1582145AE2F591DE02EE437700F2D770A28AA065EB6F69A48110DE10,"关于持续监督小学作业量,防止课后服务变相增加负担的建议","领导好,我家孩子在公办小学读书,这个暑假作业量还算合适,基本能保证孩子睡眠。但我看到同省有的地方家长反映作业多到写不完,心里一直担心。孩子现在参加学校课后服务,希望课后服务真正用来辅导、活动,而不是变成补课或布置额外作业。恳请教育部门加强日常暗访和监督,确保书面作业不超过规定时长,别让学校慢慢加码,给孩子留出休息和锻炼的时间。我们家长文化不高,但希望孩子不要那么累。"
2468CC79B2DA090E44B9A2F7AB6F3E76986743DCD402387706249DC4EFD07B9C,关于小学开学后作业与课后服务负担的担忧建议,"领导您好,我是一名小学生家长,孩子暑假作业量目前还算合理,但想到开学后可能作业又会多起来,心里很不安。以前听说过有些学校一年级作业写到晚上十来点,三年级几张卷子写不完,虽然现在政策要求作业不超过60分钟,还是担心个别学校执行不到位。我家孩子现在参加了学校课后服务,每天时间不短,如果课后服务只是看着写作业或者变相补课,孩子回家还是累,睡眠就没法保证。我们家长文化程度不高,辅导作业很吃力,希望课后服务能真正提供多样活动,不要把压力又转到孩子身上。恳请领导多关注开学后的作业总量和课后服务质量,加强监督,让孩子能有充足睡眠,健康学习。"
78D7B8A9D1B00350B1E923E62C253B71DBD2542AB8E58B2F5950C79817C7461B,关于保障初中课后服务公平公开的诉求,"我是一名公办重点初中学生家长,孩子目前不在毕业年级。我们夫妻双方都在上班,平时接送和辅导时间很紧张。暑假期间孩子书面作业量符合规定,我们也比较放心。但临近开学,我比较担心学校在课后服务或拓展课程安排上存在不公开选拔的情况。身边有家长反映过类似问题,比如培优班只让部分孩子参加,四点半课堂内部操作,没有给每个孩子公平选择机会。希望领导能关注公办学校资源分配公平问题,督促学校在开学后公开课后服务报名条件、选拔标准和课程安排,让所有孩子都能平等参与,不要因为家庭条件或信息差造成新的不公平。这样也能缓解双职工家庭的实际困难,让孩子在课后有安全、有益的去处。"
E1B31FB5D9355068B608678554D1DA0BF45FDF39C221B4E05D9233D7BC351BDF,希望初中课后服务能公平覆盖双职工家庭,"领导您好,我是一名初中学生家长。马上要开学了,我们夫妻都在上班,家里没有老人帮忙,孩子放学后没人接、没人管,特别需要学校的课后服务。但听说有的学校课后服务名额并不是公开公平分配,有内部操作,一些孩子想参加参加不了。我们很担心自己孩子也遇到这种情况。希望区里能督促学校把课后服务真正做成自愿、普惠、公开的服务,不要设置选拔或限制,让所有有需要的孩子都能参加,尤其要保障我们这样双职工家庭。同时希望课后服务时间能跟家长下班衔接,内容别只是写作业,让学生真的受益。"
460E7B3778A98FC3D48B0B663D3B608B2A0534EF55284D0509738EE90F08BFE7,关于课后服务公平性和透明度的诉求,"我是一名初中生家长。我们夫妻俩都在上班,家里同住的人少,每天孩子放学后的照看和辅导压力很大。这个月孩子没有参加学校的课后服务,我们不清楚具体是什么原因,但此前也听说过一些学校在课后服务报名和选拔上存在不公开、不透明的做法,心里一直不踏实,担心自己孩子是不是因此被排除在外。孩子目前的书面作业时间虽然符合规定,但课后缺乏有效管理,我们家长文化水平有限,辅导起来很吃力。希望相关部门能督促学校把课后服务真正面向所有有需要的学生,公开报名条件和流程,不要人为筛选,让教育资源公平惠及每个家庭。谢谢。"
FC0B99C5431336F8DF91093A7A2F31DBAE749B73C161F2D33EA1826E6128BF9C,关于学校课后服务公平开放与内容质量的诉求,"我家孩子在公办初中就读,我们夫妻都是上班族,家里人手少,时间安排很紧。这学期学校课后服务按理每天提供,但孩子本月没有参加。我们担心课后服务名额分配不够公开,或者内容比较单一,让孩子想参加却参加不了,或者参加了收获不大。现在校外学科培训收缩,校内课后服务更应承担起照护和作业指导的作用。希望领导督促学校公开课后服务的报名办法、活动安排和经费使用,确保所有有需要的学生都能自愿参加,不要搞内部选择,并丰富服务内容,切实解决双职工家庭的接送和辅导困难。"
3F7F36660A33C52F32292E4278C1270319E497030E985AC14CF698621C6F40F3,希望学校公平对待每个学生,"我是东部某城镇一名初中生家长。孩子就读于公办重点初中,家庭经济条件尚可,但我和爱人工作较忙,平时辅导孩子的时间有限。孩子一直未参加校外学科培训,暑假期间也未参加学校的课后服务。目前孩子的作业量在规范范围内,我们比较放心。但我们了解到一些学校在课后服务、培优班等资源分配上存在不公平现象,担心开学后孩子因未参加校外培训或家庭无法配合某些要求而被区别对待。我们希望学校能够做到教育公平,对所有学生一视同仁,在课后服务、分层辅导等安排上公开透明,确保每个孩子都有平等的发展机会。恳请领导关注并督促学校落实公平教育。"
8A3003A0F9089FEDE4D24561EC1508E7E8326FC40AA05C0C0F4AC19F6B8BAB9C,关于学校课后服务公平参与和作业辅导的诉求,"领导您好,我是本地一名初中学生家长。我们夫妻双方都在上班,家里同住人少,放学后照看孩子时间很紧张。现在学校有课后服务,原则上每周五天、每天至少两小时,但我们孩子这个月没有参加。我们了解到课后服务强调自愿参加,也听说以前有些学校在类似服务中内部选拔、没有给每个孩子公平机会,我们担心学校课后服务可能存在名额限制或信息不透明,导致我们这样的双职工家庭无法享受。另外,校外学科培训收缩后,孩子学业辅导更依赖学校,希望课后服务能加强作业指导。恳请领导督促学校公开课后服务报名和参与规则,确保所有有需要的学生都能公平参加,并认真落实作业统筹要求,减轻家长负担。"
192C1A549C65E59A35F48232A72548594F53C4E6EF9F5D23A3BEA5DCD0CA6CEA,希望学校公平对待每个学生,"我是东部某城镇一名初中生家长。孩子就读于公办重点初中,家庭经济条件尚可,但我和爱人工作较忙,平时辅导孩子的时间有限。孩子一直未参加校外学科培训,暑假期间也未参加学校的课后服务。目前孩子的作业量在规范范围内,我们比较放心。但我们了解到一些学校在课后服务、培优班等资源分配上存在不公平现象,担心开学后孩子因未参加校外培训或家庭无法配合某些要求而被区别对待。我们希望学校能够做到教育公平,对所有学生一视同仁,在课后服务、分层辅导等安排上公开透明,确保每个孩子都有平等的发展机会。恳请领导关注并督促学校落实公平教育。"
58E7954EBB1E59168287BD10427CBC024C2137AE77B6C2812D993758F1B727EA,希望学校课后服务能公平开放不搞选拔,"领导好,我是一名初中生家长,孩子就读公办重点学校。我们两口子都在上班,家里同住人少,平时放学后照看确实吃力。现在看到政策要求学校提供课后服务,自愿参加、时间要衔接,我们很希望能让孩子开学后平等参加。但我们也有些担心,过去听说过一些学校课后服务名额内部操作,或者按成绩、家庭条件筛选,没有给每个孩子公平选择机会。我们孩子目前没有参加学校课后服务,作业时间在规定的范围内,也没上过校外学科培训班,就怕开学后课后服务变成变相补课或培优,不参加反而跟不上。希望有关部门能督促学校把课后服务真正开放给所有有需要的学生,做到自愿报名、内容多样,不搞选拔、不歧视、不加重负担,让我们上班的家庭也能安心。"
D8C6EBE4BD8FA6F7A15C0859B5B8DDD836361AFF3BBDED961DE11A49786CE7EA,希望学校公平对待每个学生,"我是东部某城镇一名初中生家长。孩子就读于公办重点初中,家庭经济条件尚可,但我和爱人工作较忙,平时辅导孩子的时间有限。孩子一直未参加校外学科培训,暑假期间也未参加学校的课后服务。目前孩子的作业量在规范范围内,我们比较放心。但我们了解到一些学校在课后服务、培优班等资源分配上存在不公平现象,担心开学后孩子因未参加校外培训或家庭无法配合某些要求而被区别对待。我们希望学校能够做到教育公平,对所有学生一视同仁,在课后服务、分层辅导等安排上公开透明,确保每个孩子都有平等的发展机会。恳请领导关注并督促学校落实公平教育。"
670C3FE83018B7E726786337D02936795909404C80CF6729A09B275C9CC0C7A0,关于保障双职工家庭初中生暑期托管和课后服务公平的建议,"作为初中学生家长,我们夫妻双方都在工作,暑假期间孩子在家无人照护,家庭时间安排很紧张。学校虽然按制度提供课后服务,但孩子本月未参加,我们也担心开学后课后服务名额有限、选拔标准不透明,出现类似过去只让部分孩子参加的不公平现象。现在学科类培训大幅收缩,我们也不希望孩子再去上培训班,但更希望学校能够提供公平、有质量的课后和假期托管,让所有有需要的孩子都能参加,而不是按家庭条件或成绩选拔。请领导关注双职工家庭的实际困难,督促学校落实课后服务自愿、公平、全覆盖,并考虑在寒暑假提供公益托管,减轻家长负担,促进教育公平。"
AB78DAEC3DDC61DC6B66E982049EE7E8F1C594C33DC4AEB6123DC5398F53F9B0,关于初中生书面作业时长规范落实的建议,"领导您好,我是东部某城镇一名初中生家长。我们两口子都在上班,家里人口多,平时时间安排很紧张,但对孩子学习一直很上心。孩子所在的是公办普通学校,通学时间中等,之前没有参加学科类课外辅导,睡眠一直比较充足。按照现行规定,初中生书面家庭作业平均完成时间原则上不应超过90分钟。但近期我留意到,孩子这个月的书面作业情况似乎不符合这个时长要求。具体每天做了多久、是不是学校统一布置,我们家长也很难准确判断。暑假本是孩子休整的时间,如果作业负担过重,不仅挤占睡眠和休息,也会让我们这样双职工且时间紧张的家庭更加吃力。我们理解学校有教学安排,但希望相关部门能关注一下普通公办初中在假期和平时作业量上的执行情况,督促学校合理控制书面作业总量,保障孩子的睡眠和身心健康。谢谢。"
9E12BAB80171FBF9C01AF2DD9AABAD73A2B70C92BC8017A380195813064B5D4C,关于初中生作业负担过重及课后服务衔接的诉求,"领导您好。我是本地一名初中生家长。孩子就读公办初中,非毕业年级。我们家双职工,平时工作忙,家庭时间安排紧张。最近一个月,我们发现孩子的书面作业完成时间常常超出规定时长,有时甚至做到很晚,担心影响孩子睡眠和休息。虽然现在有政策要求学校统筹作业总量、加强校内指导,但我们感觉落实还不到位。另外,了解到学校会提供课后服务,希望能真正解决作业辅导和看护问题,让孩子在学校基本完成书面作业,减轻家长负担。希望教育部门能督促学校严格执行作业管理规范,提升课后服务质量,让我们这样的家庭能够安心工作。谢谢。"
B343C617E1DE6FB8C22A0662CE6A53AED81F4B700B9F36559E57FAE5E49A9AA4,关于规范初中生书面作业时长保障学生睡眠的建议,"我家孩子在公办初中就读,本月书面作业情况不符合当前年级的时长规定,经常超过上限。我们夫妻都在上班,家中人口多,晚上辅导时间有限,孩子参加学校课后服务后回家仍需长时间写作业,睡眠明显不足。我们理解学习重要,但作业应适量高效。希望教育部门督促学校严格执行作业管理规定,合理利用课后服务时间辅导作业,减少机械重复任务,提高作业设计质量,分层布置。作为家长我们愿意配合,但更希望制度落实,让孩子健康成长。"
C3FFF5D891C7C776FE0563747BDAFD201C2EFC0F5C17E82264A769AFD1A099B6,关于新学期课后服务与作业负担的几点建议,"尊敬的领导:我是一名初中生家长,孩子就读公办非重点学校。我们夫妻都上班,家庭时间安排紧张,但对孩子教育期望较高。目前孩子书面作业时间符合规定,睡眠也还可以。马上开学,我们担心课后服务会变成集中刷题或变相补课,孩子回家还要继续赶作业,导致负担反弹、影响睡眠。另外校外学科培训收缩明显,我们原本也未参加,更希望学校课后服务能提升质量,提供体育、艺术、科技等多样活动,真正解决我们双职工家庭的接送和辅导难题,而不是简单延长在校时间。恳请相关部门加强监管和指导,让课后服务实实在在减轻学生负担,促进全面发展,也让家长能安心工作。"
8ED2F551ACE480F0F11FB98E47B581DCFA4384CFE86EACCF75F3ED1ECDDD17A4,关于规范初中生书面作业时长和课后服务管理的建议,"领导您好。我家孩子在本地一所公办初中就读,暑假期间参加了学校的课后服务。最近我们留意到,孩子本月书面作业情况没有符合该年级规定的时长要求,虽然具体情况我们还不完全掌握,但作为家长有些担忧。我们夫妻双方平时都要上班,家里孩子多,照看时间比较紧张,孩子平时睡眠还算充足,如果作业负担过重,担心影响休息和开学后的学习状态。希望教育部门能够核查学校暑期课后服务和作业布置情况,督促学校严格落实书面作业平均完成时间不超过90分钟的规定,不要让课后服务变成额外的学习负担,保障孩子的身心健康。谢谢。"
EF2FDB680B7C1A3DC044E7E19E0EF5A346A0255D9AE89DB35B24E0381E82A0F3,"希望加强学校课后服务内容质量,解决双职工家庭后顾之忧","领导好,我是初中学生家长。我们夫妻都在上班,家庭时间安排很紧张,暑假孩子参加了学校的课后服务。虽然每天时间有保障,但作为家长,我们更关心这两个小时到底能不能让孩子有收获。孩子之前没有参加校外学科培训,我们也不希望靠补课,现在学科培训市场收缩是好事,但学校课后服务如果不能提质,只是简单看管,我们心里不踏实。孩子所在学校不是重点,资源一般,我们担心课后服务变成“熬时间”。希望政府能督促学校丰富课后服务内容,加强作业指导,多提供一些科技、体育、阅读等活动,并保障师资和经费,让课后服务真正解决我们双职工家庭的现实困难,也让孩子获得更全面的发展。"
4CD3F1C6565694194C303126395D52AD48F8F5C59E0988030071F35F1BA4AC5E,关于规范初中生书面作业时长和课后服务管理的建议,"领导您好。我家孩子在本地一所公办初中就读,暑假期间参加了学校的课后服务。最近我们留意到,孩子本月书面作业情况没有符合该年级规定的时长要求,虽然具体情况我们还不完全掌握,但作为家长有些担忧。我们夫妻双方平时都要上班,家里孩子多,照看时间比较紧张,孩子平时睡眠还算充足,如果作业负担过重,担心影响休息和开学后的学习状态。希望教育部门能够核查学校暑期课后服务和作业布置情况,督促学校严格落实书面作业平均完成时间不超过90分钟的规定,不要让课后服务变成额外的学习负担,保障孩子的身心健康。谢谢。"
92205BBA3F6F74DD20D73EFB8A2A9EAAC91124E774577669C64CD593EDFE2052,关于优化暑期学校课后服务内容与师资保障的建议,"我们是双职工家庭,孩子就读初中。暑假期间学校提供了课后服务,孩子也一直在参加,解决了我们上班期间的照护难题。但作为家长,我们更关心这段时间是不是真正用在孩子身上。希望领导关注课后服务的实际质量:一是内容不要只是集中看管,能否增加作业指导、阅读、体育和兴趣活动;二是时间上能否与家长下班更好衔接,避免出现服务结束早、孩子无人接的空白;三是师资和经费保障要跟上,不能因为缺乏支持就让服务打折扣。另外,希望学校继续落实作业统筹,让孩子能在校完成大部分书面作业,减轻家长晚间辅导压力。我们家长期望孩子能升入本科,平时也愿意参与教育,但工作忙、时间约束大,只能依靠学校提供稳定、有质量的课后服务。恳请相关部门核查并协调,让好政策真正落地。"
6648C547A7C575032005F1C77C452F845D1B7680DD8A1E1B154F8B3D867246BC,关于规范初中生书面作业时长和课后服务管理的建议,"领导您好。我家孩子在本地一所公办初中就读,暑假期间参加了学校的课后服务。最近我们留意到,孩子本月书面作业情况没有符合该年级规定的时长要求,虽然具体情况我们还不完全掌握,但作为家长有些担忧。我们夫妻双方平时都要上班,家里孩子多,照看时间比较紧张,孩子平时睡眠还算充足,如果作业负担过重,担心影响休息和开学后的学习状态。希望教育部门能够核查学校暑期课后服务和作业布置情况,督促学校严格落实书面作业平均完成时间不超过90分钟的规定,不要让课后服务变成额外的学习负担,保障孩子的身心健康。谢谢。"
50BF1318990F396486039E50B19E2DBEC68743053C8FD2F8AA06F4448AC63B28,关于暑假学校课后服务质量和保障的诉求,"领导好,我是一名初中生家长,孩子目前在公办学校就读。我们夫妻都要上班,家庭时间安排比较紧张,暑假里孩子参加学校课后服务对我们帮助很大。学校也按照要求每周提供5天、每天至少120分钟的服务。但作为家长,我担心暑假期间课后服务容易变成“看管”甚至变相补课,内容单一,或者因为师资、经费不到位而流于形式。希望相关部门能督促学校在暑假课后服务中真正落实自愿原则,丰富体育、艺术、阅读、劳动等内容,控制书面作业量,让孩子既能得到安全照护,又能有所收获。同时请保障好参与服务的教师待遇和经费,让这项政策长期稳定运行。谢谢。"
0FA387835BCCC1B299F586E64954FFF5D1AF9CC531F01C847B1FA9B9E0442619,希望学校提供课后辅导和托管服务,"领导您好,我是一名小学生的家长。我们夫妻都上班,文化水平不高,家庭经济条件一般,孩子放学早,我们接送和辅导都很吃力。现在孩子年级按规定不布置书面家庭作业,我们担心孩子回家后学习松懈,基础打不牢,又没钱报课外班。希望领导能协调学校在放学后提供一些公益性的课后辅导或托管服务,让孩子在学校完成学习任务,减轻家长负担。"
30669B2C8ED27F82123AEAA6335184AF54B3D41B044207A59B761309AC7AA5DB,希望新学期学校课后服务能解决双职工家庭看护和作业辅导难题,"领导您好,我是一名小学生家长,孩子在我们当地一所普通公办小学读书,离家比较近。我们夫妻都要上班,文化水平不高,家里经济条件也一般,没给孩子报过学科培训班。马上要开学了,我们最担心下午放学早、孩子没人管、作业不会辅导。以前就听说同省有学校放学早,家长很为难,还有孩子作业写到很晚,压力很大。现在政策要求学校开展课后服务、统筹作业总量,我们希望新学期学校能真正把课后服务办好,让孩子自愿参加,放学后能在学校里有老师看着写作业、参加一些文体活动,时间能和我们下班衔接上。同时希望学校控制好书面作业量,别让孩子回家还要写到很晚,保证睡眠和身体。我们文化程度不高,辅导起来很吃力,也没钱请人,只能靠学校。恳请领导关注我们这类普通双职工家庭的实际困难,督促学校把课后服务和作业管理做到位。"
54ED2BF6AEE3F7C286814CD18CD7C38DB1D145D8704D47A57E14566AE3C1DA3C,关于协调小学课后托管服务的诉求,"领导好,我是一名小学生家长。孩子就读本地一所公办小学,我和孩子爸爸都在上班,家里经济条件有限,我们文化程度也不高,辅导孩子功课比较吃力。现在孩子这个年级按规定原则上不布置书面家庭作业,下午放学也比较早。这个月孩子没有参加学校的课后服务,我们担心春季开学后,放学后孩子没人管、作业没人辅导,容易闲散或看手机,影响学习。我们也不像条件好的家庭那样能花钱报课外班。希望领导能帮忙协调学校,为有需要的家庭提供课后服务或延时看护,让孩子在学校有老师指导完成学习任务,哪怕只是看管也好。这样我们家长也能安心工作,孩子学习也有保障。谢谢领导。"
7B7E194424F269FFD802BEF2E4AB38910059232BF1BAE1F038B9E7242FE0B521,关于提升小学课后服务质量、减轻家长辅导负担的建议,"领导您好,我是一名小学生家长。孩子目前上小学,我们夫妻都在上班,平时工作忙,自己文化程度也不高,辅导孩子学习确实力不从心。现在学校提供课后服务,孩子这个月也参加了,我们很感激。但作为家长还是担心课后服务会不会只是简单看管,没有真正帮助孩子。以前常听说有的学校课后服务内容比较单一,孩子放学后的时间没有用好,学习问题和素质发展都没得到解决。我们家经济条件一般,上不起外面的辅导班,现在校外培训也少了,更希望学校课后服务能真正发挥作用。希望领导能关注学校课后服务的实际安排,督促学校在课后服务时间里加强学习辅导和答疑,同时多开展阅读、体育、兴趣小组等活动,让孩子既能巩固知识,又能全面发展,减轻我们家长的压力。马上要春季开学了,希望这些措施能落实到位,谢谢。"
6D3EA26D271F8EDA7C71009760401529E095249FD379BC8BE5E87619E5044CDC,关于暑期低年级小学生学习照护问题的求助,"领导您好。我们是双职工家庭,文化程度不高,孩子在公办小学读低年级。现在放暑假,按照政策低年级不布置书面家庭作业,我们担心孩子在家没有系统的学习安排。我们白天都要上班,家里老人也管不了学习,经济条件有限,报不起外面的辅导班。孩子在家没人管,我们担心他整天看电视、玩手机,开学后跟不上,也怕养成坏习惯。希望政府能协调学校或社区,在暑假期间提供一些公益性的托管和学习辅导服务,哪怕只是组织孩子看看书、写写字、做做运动也好。这样我们家长能安心上班,孩子也能过一个有意义的暑假。谢谢。"
EB7E50F6BC81D6CE778897EC0228287581C1382FA07CD61747CAD69051C361DF,请关注暑期课后服务的实际内容和质量,"领导您好。我家孩子在公办小学读书,家里经济不宽裕,我们两个大人都要上班,暑假里主要靠学校课后服务。这个月孩子参加了,但我们心里没底。我们文化程度不高,辅导不了功课,外面的学科班又少又贵,只能盼着学校课后服务能真正帮上忙。希望不是简单把孩子放在教室里看管,而是能多安排体育锻炼、阅读、手工、科普这类活动,老师也能针对作业进行辅导。也担心开学后作业负担反弹,或者课后服务时间被用来赶课,让孩子更累。恳请领导督促学校把课后服务做扎实,保障师资和活动经费,让低收入家庭的孩子也能在校内得到公平、丰富的照看。"
344FC1C56908881CDB834F1D0C1925680A5CB19851F2DDF468D266645843A611,关于暑期低年级小学生学习照护问题的求助,"领导您好。我们是双职工家庭,文化程度不高,孩子在公办小学读低年级。现在放暑假,按照政策低年级不布置书面家庭作业,我们担心孩子在家没有系统的学习安排。我们白天都要上班,家里老人也管不了学习,经济条件有限,报不起外面的辅导班。孩子在家没人管,我们担心他整天看电视、玩手机,开学后跟不上,也怕养成坏习惯。希望政府能协调学校或社区,在暑假期间提供一些公益性的托管和学习辅导服务,哪怕只是组织孩子看看书、写写字、做做运动也好。这样我们家长能安心上班,孩子也能过一个有意义的暑假。谢谢。"
D819E071237C6EDE97F56D2845232C827CFA224CF36928D35A727A24EF46511C,"希望课后服务能提供作业辅导,减轻双职工家庭负担","领导您好,我是一名小学生家长,家里经济条件一般,我和孩子爸爸都在上班,文化程度也不高,辅导孩子功课很吃力。孩子现在暑假参加了学校的课后服务,我们很感激,但心里有点没底,担心课后服务只是看管,没有老师真正辅导作业、答疑解惑。我们收入有限,没办法给孩子报外面的班,学校的课后服务成了孩子学习上最大的依靠。希望学校能在课后服务时间里安排老师指导孩子写作业、复习预习,适当开展一些兴趣活动,别让孩子干坐着。也希望开学后学校能继续控制好作业总量,别让作业写到很晚,让孩子能睡够觉。谢谢领导关心。"
30E772613355B0CBD9CF43A8CDD21AFA2597205320A25EA1FE083224B8881E7A,关于暑期低年级小学生学习照护问题的求助,"领导您好。我们是双职工家庭,文化程度不高,孩子在公办小学读低年级。现在放暑假,按照政策低年级不布置书面家庭作业,我们担心孩子在家没有系统的学习安排。我们白天都要上班,家里老人也管不了学习,经济条件有限,报不起外面的辅导班。孩子在家没人管,我们担心他整天看电视、玩手机,开学后跟不上,也怕养成坏习惯。希望政府能协调学校或社区,在暑假期间提供一些公益性的托管和学习辅导服务,哪怕只是组织孩子看看书、写写字、做做运动也好。这样我们家长能安心上班,孩子也能过一个有意义的暑假。谢谢。"
802B79C3D9D2068B8223ED35FD9A03293D1BE10865151B028AFE41B0FFD5E60C,关于暑期学校课后服务内容单一辅导不足的诉求,"领导好,我是小学家长。我们夫妻俩都在上班,文化程度不高,家里经济条件也一般。暑假孩子参加了学校的课后服务,但心里一直没底,不知道学校每天这两个多小时到底安排了什么内容。我们最担心的是课后服务只是把孩子集中起来看管,作业辅导和兴趣活动跟不上。我们自己辅导不了作业,外面培训班又贵,现在也不好找。希望领导能关注一下学校课后服务的质量,督促学校把作业辅导做扎实,多开展一些适合孩子的体育、阅读、科普等活动,让孩子暑假过得有意义。同时,也请考虑我们低收入家庭的实际,课后服务不要额外收费或者变相要求买材料,别让好事变成负担。"
BB40E4FCA83DAC7C674462C44983ABFA46C3EC26A849336B47AC9EF8F7CA7CFA,关于小学规范办学防止变相增加课业负担的建议,"领导您好。我是一名小学生家长,孩子就读于本地一所公办重点小学,暑假后即将升入非毕业年级。按现行规定,孩子这个年级原则上不应布置书面家庭作业,目前暑假期间情况也基本符合规范,但我们仍很担心开学后学校变相增加课业负担。从身边和网上了解到,同省一些学校存在分重点班、只给部分学生周末补课并收费、指定书店购买教辅等情况,虽然不能确定我们学校是否也会这样做,但作为家长心里很不踏实。我们家庭经济条件尚可,以前也给孩子报过学科类辅导,但政策调整后希望孩子能真正减负,而不是被迫继续在校外找补。恳请领导关注小学阶段规范办学问题,督促学校严格落实不布置书面作业的要求,不要分重点班或变相培优,不要强制或变相指定购买教辅,切实保障教育公平和孩子身心健康,让家长安心。"
8232D7ECDB9FB7CA425F576A23E4CDD1DA383C95B64A4E5AB5176C1292D23338,"希望新学期课后服务不变成变相补课,真正为双职工家庭减负","领导您好,我是一名小学生家长。孩子就读于公办重点小学,正处在按政策原则上不布置书面家庭作业的年级。我们夫妻双方都要上班,工作地点离家较远,下午接孩子一直比较困难,所以特别关心开学后学校的课后服务。最近看到关于统筹作业、规范学科培训和推行课后服务的新要求,我们很拥护,也感到有了盼头。但目前孩子作业虽然暂时符合规定,我们仍然担心新学期学校执行走样。我们也听说过周边学校曾经出现分重点班补课收费、指定书店购买高价教辅、要求通过App报名特长班等情况,所以害怕课后服务会变成校内变相补课、强制报名或者另立名目收费。希望上级部门能督促学校把课后服务办成真正自愿、内容丰富、时间上能衔接家长下班的便民措施;同时继续严格监管校外学科培训,防止培训转入地下,加重家庭经济和孩子身心负担。这样我们双职工家庭才能安心工作,孩子也能有充足睡眠和全面发展的时间。"
00DB7B4EE4ABD4775F00E9DA3C73B7DB2D5FC46A8D236E1367117F7BEBEE67EA,关于减轻小学生校外培训负担和规范收费的建议,"领导好,我是一名小学生家长。现在学校贯彻减负要求,孩子平时书面作业不多,睡眠也充足,我们很感谢。但开学后,孩子除了校内学习,还要继续参加校外学科类培训,收费和以前差不多,一学期下来家庭支出不小。我们这片区以前有学校出现过只给部分孩子补课培优、指定书店买教辅的情况,我们担心新学期学校或外面机构又会变相增加负担。孩子目前没有参加学校课后服务,我们希望学校课后服务能真正提供体育、艺术、科技等丰富活动,而不是变成变相补课或收费项目,这样我们也能少依赖校外培训,孩子也能更全面发展。恳请领导关注义务教育阶段校外培训收费和校内课后服务质量,让减负真正落到实处。"
19A35556208C2ED787EE32DC1AD260BAE067FBCB6ADE8A6854314BECCB6DB569,关于优化课后服务与规范校外培训衔接的建议,"领导您好。我是西部城镇一名小学生的家长,孩子就读公办学校,目前不在毕业年级。上学期学校提供了每周五天的课后服务,我们也让孩子参加了,同时由于原先有校外学科辅导的习惯,目前仍在参加少量学科培训。现在临近春季开学,我们既希望孩子能充分利用课后服务时间巩固知识、发展兴趣,又担心课后服务内容偏向看管,不能真正替代校外培训,反而让孩子在校时间变长、回家后还要补课,导致家庭时间更紧张。我们也从身边了解到,个别地方曾出现课后服务变相分层教学、推荐购买教辅或特长班报名等情况,虽然不清楚我们学校是否会这样,但希望领导能督促学校严格落实自愿参加、内容多样、不组织集体补课的要求,并继续整治隐形变异学科培训,让课后服务真正成为减轻学生和家长负担的举措,而不是增加新的负担。"
54B227A9C5FE06F8BC26589AF5B1779840E55D10B57DD2E4BEB2D70757A4A352,关于减轻小学生校外培训负担和优化课后服务的建议,"领导您好。我是西部城镇一名小学生家长,孩子就读公办重点小学,暑假里仍在参加校外学科培训,费用不低,给家庭带来不小压力。我们感受到学科培训供给和收费都没有明显下降,家长担心不补课就会落后。马上要开学了,希望政府能进一步规范校外培训收费和内容,同时督促学校把课后服务做实做好,让孩子在学校就能得到老师答疑和兴趣活动,减少家庭对校外培训的依赖。另外,也担心学校变相分重点班或组织有偿培优,人为制造焦虑,希望每个孩子都能公平接受教育。"
0E8BB56D3084568E150C91838A069781A9B2358E976217D342DF1624FC754664,关于防止学校课后服务变相补课分层的一视同仁建议,"我是一名小学生家长,孩子就读于本地一所公办重点小学,目前暑假也参加了学校课后服务。书面作业基本符合规定,睡眠也较充足,这点我们认可。但作为家长,心里始终有个担忧:以往常听说有学校利用课后服务或培优名义,只给部分尖子生补课,甚至分重点班。我们不想孩子被区别对待,也不希望课后服务变成另一种负担。希望领导督促学校严格落实课后服务自愿、内容多样、不讲授新课的要求,不搞变相分层、不强制参加,真正用来培养兴趣、辅导作业、减轻家庭负担。同时,也希望继续规范校外学科培训,防止隐形变异培训反弹,让我们不用因为担心掉队而被迫报班。孩子还在小学,承受力有限,请领导帮忙把好关,让减负要求真正落到每个普通孩子身上。"
EB2D4E9F305FCDBA7158362CC71E4A20B0FB99AAC9711AB871506F4B2DE93C56,关于减轻小学生校外培训负担和优化课后服务的建议,"领导您好。我是西部城镇一名小学生家长,孩子就读公办重点小学,暑假里仍在参加校外学科培训,费用不低,给家庭带来不小压力。我们感受到学科培训供给和收费都没有明显下降,家长担心不补课就会落后。马上要开学了,希望政府能进一步规范校外培训收费和内容,同时督促学校把课后服务做实做好,让孩子在学校就能得到老师答疑和兴趣活动,减少家庭对校外培训的依赖。另外,也担心学校变相分重点班或组织有偿培优,人为制造焦虑,希望每个孩子都能公平接受教育。"
96CA4980B657D0C1184782B06CB21E7CC6251C3805E2D0B02C0E5052EDA95BD7,关于提升学校课后服务质量并防止变相分层补课的诉求,"领导您好。我家孩子在公办重点小学读书,这个月参加了学校课后服务,作业负担目前也符合规定。但作为双职工家长,我们一直担心课后服务只解决“有人看管”,内容质量跟不上,尤其现在校外学科培训选择变少,家庭虽然还在参加,却怕合法渠道收缩后优质辅导更不好找。从以往同省一些学校的情况看,有过只给部分学生培优、变相分重点班、指定购买教辅的做法,所以我们特别怕课后服务在落实中也走样,变成简单看管或变相集体补课,甚至继续分层。希望教育部门督促学校把课后服务真正办成自愿、普惠、内容多样的校内服务,加强作业指导和个性化辅导,让家长不必因为校内支持不足而被迫寻找校外培训,也避免增加孩子负担和家长经济压力。"
1F8B61790ABDA251F3A077CAC5196163233025F783212856A06A0988F0CE0128,关于减轻小学生校外培训负担和优化课后服务的建议,"领导您好。我是西部城镇一名小学生家长,孩子就读公办重点小学,暑假里仍在参加校外学科培训,费用不低,给家庭带来不小压力。我们感受到学科培训供给和收费都没有明显下降,家长担心不补课就会落后。马上要开学了,希望政府能进一步规范校外培训收费和内容,同时督促学校把课后服务做实做好,让孩子在学校就能得到老师答疑和兴趣活动,减少家庭对校外培训的依赖。另外,也担心学校变相分重点班或组织有偿培优,人为制造焦虑,希望每个孩子都能公平接受教育。"
41A9F6644B2F246141B70F437414A5AB5C35300B9B313D4D482EC8EE1D4B8F8C,"希望课后服务提质,减少家长对校外培训的依赖","领导您好,我是一名小学生的家长。现在关于作业和校外培训的要求越来越严,我们也能感受到学科类培训市场收缩,家里报的班费用降了,孩子暑假也参加了学校课后服务。可我还是很担心:学校课后服务虽然时间有保障,但内容是否真的能帮孩子巩固基础、培养兴趣?尤其是我们孩子年级按规定不布置书面家庭作业,但作为家长总怕孩子落后,所以只能继续花钱报学科培训。过去听说过有的学校会利用周末给少数学生补课、指定购买教辅、在APP上报名各种特长班,这些做法让我们普通家长很焦虑。希望领导能督促学校把课后服务做实,不要只是看护,也不要变相分层选拔;同时继续规范校外培训,让我们家长能放心减少额外培训,把钱和精力花在刀刃上。"
D1D9C612DC16B2519B68044F247D8588EE1CA6698F99C8DE81C680A6A8911960,关于乡村小学暑期书面作业时长规范的关切,"领导您好。我是中部地区一名乡村小学生的家长。最近关注到孩子的暑期书面作业完成时间可能超出了规定,作为家长心里很着急。我们夫妻平时工作都很忙,时间安排很紧,很难抽出足够时间辅导孩子。孩子睡眠一直不错,我们也希望他能保持充足休息,但作业用时如果过长,难免影响他的作息和身心健康。我们这边乡村学校师资力量一直比较让人担心,也听说过附近有学校存在老师配比不足、甚至个别老师只顾自己补课的情况,我们很担心自己孩子学校也会出现作业布置不够科学、教学质量跟不上的问题。希望领导能督促相关部门核查一下学校暑期作业布置情况,同时加大对乡村学校师资的均衡支持,让孩子们在家门口也能享受到规范、优质的教育。谢谢。"
CF63B462E659B43DEA0F67EA29383B88BB4BA8EE84080019AC939EBEDB63AAFD,关于农村小学暑假书面作业负担过重影响孩子休息的反映,"我是一名中部地区农村小学生的家长。孩子上小学,我和孩子爸爸都在上班,平时工作忙,很少有时间辅导作业。这个暑假,孩子每天花在书面作业上的时间明显偏长,已经不符合小学阶段每天书面作业平均不超过一小时的规定。孩子睡眠本来一直不错,但这段时间经常因为写作业晚睡,我们很心疼也很着急。了解到现在有要求学校统筹作业的总量、时长和设计质量,还要加强校内指导,但我们这里乡村学校师资力量本来就薄弱,作业布置可能比较机械重复,孩子写得慢也写得累。我们希望领导能重视农村学校的作业管理问题,安排核查并协调学校真正落实要求,减少不必要的书面作业,保证孩子有充足睡眠和锻炼时间。也希望以后课后服务能尽快完善起来,帮我们这些双职工家庭减轻辅导压力。"
BB9295FAAD3B9ED1208CD58F1FC4E09D23E9A2D7E3606AC7752D2AD77C045EC5,关于农村小学家庭作业时长问题的反映,"领导好。我家孩子在本乡镇公办小学就读,不属于毕业班。这个月虽然还在寒假和开学过渡期,但孩子参加了学校课后服务,书面作业时间仍然不符合当前年级规定的60分钟上限。作为家长,我们两口子白天都要上班,晚上时间很紧,孩子作业一拖长,休息和睡眠就受影响。我们这里农村学校师资本来就不算强,班级学生也不少,老师精力有限,作业管理容易不够科学。希望相关部门能督促学校严格执行作业管理要求,把课后服务真正利用起来,尽量让孩子在校完成或基本完成书面作业,回家能早点休息。谢谢。"
0144A7CEA6683E8A16177BC990556DB510A34351788B9864B4F3CE907117BAAE,关于乡村小学课后服务师资与质量的诉求,"我是中部地区一名乡村小学生的家长,孩子目前读小学,我们夫妻都在工作,家庭时间安排比较紧张。这个月孩子参加了学校课后服务,每天原则上不少于两小时,这解决了我们接孩子和辅导作业的难题。但我一直担心,我们这里乡村学校师资比较薄弱,有时一个老师要承担多个班级或科目,课后服务虽然时间有了,但师资跟不上,容易变成简单看管,作业辅导质量也不高,孩子在学校没能真正得到有效指导。孩子书面作业时间目前符合规定,我们很欣慰,但希望课后服务不只是完成作业,还能有阅读、体育、兴趣等方面的内容。希望政府能核查我们这类乡村学校课后服务的实际开展情况,协调师资和经费,避免资源一味向城里倾斜,让农村孩子也能享受到有质量的课后服务,不要搞变相补课或增加负担。"
82959D3CFE49CB9F07A361FDBFB754F4AB4CCE20ADB141D0AFBA64AA5E3E0D69,乡村小学暑假书面作业负担问题反映,"领导好。我家在乡村,孩子读公办小学,父母双方都在上班,家庭时间比较紧张。这个暑假孩子参加了学校课后服务,我们本来觉得有人照看、有老师辅导是好事。但我了解到,孩子本月书面作业情况没有达到当前年级对应的时长要求,具体我们不清楚是学校布置的暑期作业过多,还是课后服务时段安排了额外书面任务。我们最担心的是乡村学校师资力量有限,班级人数也不少,老师如果只靠加大书面作业量来管孩子,效果不一定好,反而挤占休息和睡眠。孩子平时睡眠时间比较长,我们希望假期也能保持。恳请相关部门核查学校暑期作业和课后服务安排,督促学校按相关规定控制书面作业时间,把课后服务重点放在阅读、体育、兴趣活动上,不要变成变相补课或刷题。我们支持学校工作,只希望孩子负担合理、健康成长。"
823919AB9EBCF1D3266A1BDCFD2E549025B2DBD12E4A25006B8C85E81FED180A,乡村小学师资与课后服务亟待加强,"领导您好,我是一名乡村小学生的家长。暑假期间孩子参加了学校的课后服务,我们很感激有地方照看,但心里一直不踏实。我们住在乡村,周边一些学校师资比较紧张,有的班级主课老师少,还缺少专职英语老师。我们担心自己孩子学校也存在类似情况,小学阶段正是打基础的时候,英语启蒙跟不上,以后学习会很吃力。现在课后服务虽然每天都开,但如果师资不足,可能只是把孩子集中看管,内容不丰富,达不到辅导作业和拓展兴趣的效果。希望相关部门能核查乡村学校师资配备情况,统筹调配教师资源,特别是补充专职英语老师,同时保障课后服务有足够的师资和经费,让孩子真正受益。"
AEB2D5BFBF943F7FDB98936F7431E309E43A2FCBFC44BB678128505C72AF8291,乡村小学暑假书面作业负担问题反映,"领导好。我家在乡村,孩子读公办小学,父母双方都在上班,家庭时间比较紧张。这个暑假孩子参加了学校课后服务,我们本来觉得有人照看、有老师辅导是好事。但我了解到,孩子本月书面作业情况没有达到当前年级对应的时长要求,具体我们不清楚是学校布置的暑期作业过多,还是课后服务时段安排了额外书面任务。我们最担心的是乡村学校师资力量有限,班级人数也不少,老师如果只靠加大书面作业量来管孩子,效果不一定好,反而挤占休息和睡眠。孩子平时睡眠时间比较长,我们希望假期也能保持。恳请相关部门核查学校暑期作业和课后服务安排,督促学校按相关规定控制书面作业时间,把课后服务重点放在阅读、体育、兴趣活动上,不要变成变相补课或刷题。我们支持学校工作,只希望孩子负担合理、健康成长。"
3296F17BBB5C0BD73EFDC127B0DF8CB67669BC05B98C32855FE2794F96189F03,关于农村学校课后服务师资和内容保障的建议,"领导您好,我是一名农村小学生的家长。我们夫妻俩平时都要上班,家里时间比较紧,所以学校课后服务对我们帮助很大。这个暑假孩子也参加了学校组织的课后服务,我们很感激。不过我们心里也有些担心:我们学校不是重点学校,资源本来就不算强,同省一些地方家长反映过学校师资薄弱、班级人数多,课后服务会不会只是把孩子看住,内容不够丰富?我们希望政府能多关注农村学校的课后服务,在师资配备、活动设计上多给支持,不要让孩子的时间只是耗在教室里。我们家虽然经济条件还可以,但更希望政府能兜底,让农村孩子也能享受到有质量的课后服务,缩小和城里学校的差距。谢谢领导。"
A81411E42C4EDDB2BEFDAB9840FC8CE8AEF967E551A06CBCD7D4DAA239E08190,乡村小学暑假书面作业负担问题反映,"领导好。我家在乡村,孩子读公办小学,父母双方都在上班,家庭时间比较紧张。这个暑假孩子参加了学校课后服务,我们本来觉得有人照看、有老师辅导是好事。但我了解到,孩子本月书面作业情况没有达到当前年级对应的时长要求,具体我们不清楚是学校布置的暑期作业过多,还是课后服务时段安排了额外书面任务。我们最担心的是乡村学校师资力量有限,班级人数也不少,老师如果只靠加大书面作业量来管孩子,效果不一定好,反而挤占休息和睡眠。孩子平时睡眠时间比较长,我们希望假期也能保持。恳请相关部门核查学校暑期作业和课后服务安排,督促学校按相关规定控制书面作业时间,把课后服务重点放在阅读、体育、兴趣活动上,不要变成变相补课或刷题。我们支持学校工作,只希望孩子负担合理、健康成长。"
F08976C136FBEF9F67F38E9EFFEC08FC0621E6A4D8C0E6ACD6AC2D54CD71C83D,关于农村小学课后服务师资薄弱的诉求,"尊敬的领导,您好。我是本省一名农村小学生的家长,孩子在村里公办小学就读。我们夫妻平时都要上班,家里照看孩子的时间很紧,学校课后服务对我们来说非常关键。孩子目前参加学校的课后服务,时间上确实方便了不少。但我们村小师资一直比较薄弱,班级多、老师少,很多老师一人带好几门课,尤其是英语等科目缺少专职老师。我们担心课后服务只是把学生集中起来看管,没有足够的专业老师进行作业辅导和兴趣培养,质量难以保证。我们希望相关部门能重视农村小学的师资均衡问题,在教师编制、交流轮岗等方面向农村学校倾斜,充实课后服务力量,让孩子们真正能利用课后时间完成作业、发展兴趣,也让我们在外上班的家长放心。谢谢。"
A11E0A141DA64FDC490816953D6474B77B537BBB14657602453AFE50412E6F4D,关于小升初衔接期学业辅导与校外培训负担的诉求,"领导您好,我是一名小学生家长,孩子暑假后就要升入初中。我文化程度不高,辅导孩子学习一直比较吃力,以前主要靠给孩子报学科类课外班。这个暑假孩子书面作业量是符合规定的,但我们心里还是没底,担心孩子升入初中后课程难度加大,自己辅导不了;又听说有老师上课不讲重点、课后让家长辅导或暗示上培训班,怕孩子跟不上。现在校外培训管理严格了,但补习班还有不少,我们不想再额外花太多钱去外面补课。希望教育部门能督促学校做好小升初衔接,开学后加强课堂质量和课后服务,让孩子在学校就能学明白,减轻我们家长的经济和辅导压力。谢谢。"
22322ACEA6DABD87E30F606227C19DAED2E15AF32CC69EEAE19E6F5A6DAFA770,关于完善学校课后服务、减轻家长辅导压力的请求,"孩子马上升入初中,我们家长文化程度不高,以前主要靠校外辅导班来帮忙辅导作业和补课。现在国家规范学科培训,我们支持,但心里很没底。这个月暑假作业虽然还在规定时间内,可开学后课程难度加大,如果学校课后服务只是看管、不辅导,作业指导跟不上,我们根本教不了,孩子很容易掉队。希望领导督促学校把课后服务做实,增加作业答疑和学科辅导,别让课后服务变成变相补课或流于形式;同时加强培训机构收费监管,防止退费难、跑路。让我们普通家庭能安心。"
FF0C2E006A853B8008B1152189F08757FB849FC25154C70EBECCEA2C3668E67B,关于升学衔接年级课后服务与课堂教学支持的建议,"领导您好,我是孩子就读公办小学升学衔接年级的家长。寒假快结束了,春季开学在即,想反映一个让我们比较着急的问题。孩子目前作业时间符合规定,睡眠也够,这些我们认可。但家里大人文化程度不高,孩子年级越往上,辅导起来越吃力,特别是升学衔接的学科内容。这个月孩子还在参加校外学科培训,收费跟以前差不多,负担不轻,而且孩子没参加学校课后服务,放学后作业辅导主要靠家里,我们有些力不从心。我们担心开学后如果课堂主要知识讲不透,课后服务又跟不上,只能继续依赖校外班。希望教育部门能督促学校把课后服务做扎实,对升学衔接年级增加作业辅导和学科答疑,同时加强课堂教学质量管理,让孩子在校内就能学明白,减轻家庭负担。另外,孩子很快要升初中,我们看到周围有类似家庭反映对口初中距离较远、路上车多,也担心到时候接送和安全问题,恳请一并研究,为孩子们入学提供方便。谢谢领导。"
D03F41FEB07EABA5F3FA76AD3277EC930D155A54AF62D8F1F24E67632D4038E1,关于提升小学毕业班课后服务学业辅导质量的建议,"领导您好,我是一名小学毕业班学生家长。孩子即将升入初中,学习压力明显增加,但我和家人文化程度有限,辅导功课越来越吃力。现在校外学科培训管理很严,虽然孩子还在上,费用也降了一些,但总担心少了系统补课会影响升学。学校课后服务孩子这个月也参加了,可目前主要就是看着写作业,老师针对性的答疑和升学衔接辅导不够。希望领导能督促学校把课后服务做实,增加毕业班的学科巩固和拓展内容,让老师多在课堂上把重点讲透、在课后服务中帮孩子答疑,减轻家长辅导负担。谢谢。"
3D71502265787A5A86050A69095B6F71F84C99BC39E69DD620D7E452EA9C3CA9,关于减轻升学衔接阶段校外培训负担和保障通学便利的建议,"领导您好,我是一名即将升入初中的学生家长。孩子目前就读重点小学,暑假还在参加学科类校外培训,费用不低,家里虽有条件承担但长期压力很大。我和爱人文化程度不高,辅导孩子学习比较吃力,只能依赖培训班。我们也担心孩子进入初中后,如果学校课堂教学质量上不去,还是离不开课外班,希望教育部门能加强课堂教学管理,让老师尽职尽责,减少家庭对校外培训的依赖。另外,孩子即将升入初中,担心对口初中离家较远,孩子自己上下学不安全,我们接送也有困难,希望有关部门在学区划分和交通保障上多考虑实际情况,让孩子能就近安全入学。谢谢。"
AD87F0CE5816856DE3F17E201711BF3AE2296AC8C0E73251048E9BAF8A7CA628,希望学校课后服务能加强作业辅导和答疑,"领导好,我是一名小学生的家长,孩子现在是升学衔接年级。我们家长文化程度不高,辅导孩子学习越来越吃力,但一直希望孩子能考上大学,所以很重视学习。这个暑假孩子参加了学校的课后服务,我们也还在外面报着学科班。虽然现在培训班费用比以前低了,但听说以后培训班会越来越少,我们心里很没底。学校课后服务时间不短,可我们担心只是看管孩子,没有真正辅导作业和讲解难题。我们家长辅导不了,学校老师课堂上又不可能一个个盯着。希望领导能督促学校把课后服务的内容抓起来,增加作业辅导和答疑,别让课后服务变成单纯看护。这样我们也能少花冤枉钱,孩子学习也不落下。"
CBD4250A208058857C7E6337E9D9AA2506FB02EF34999D5349AAE4FB009DC195,关于减轻升学衔接阶段校外培训负担和保障通学便利的建议,"领导您好,我是一名即将升入初中的学生家长。孩子目前就读重点小学,暑假还在参加学科类校外培训,费用不低,家里虽有条件承担但长期压力很大。我和爱人文化程度不高,辅导孩子学习比较吃力,只能依赖培训班。我们也担心孩子进入初中后,如果学校课堂教学质量上不去,还是离不开课外班,希望教育部门能加强课堂教学管理,让老师尽职尽责,减少家庭对校外培训的依赖。另外,孩子即将升入初中,担心对口初中离家较远,孩子自己上下学不安全,我们接送也有困难,希望有关部门在学区划分和交通保障上多考虑实际情况,让孩子能就近安全入学。谢谢。"
4AB17F04CFDB4AE38031DD0ADFBB76EB6A00D0D7DA22C4F57A37B24C4E2C05F5,关于小学升学衔接阶段课后服务与学科辅导的建议,"领导您好,我是一名小学高年级学生的家长。孩子马上要面临升初中,我们家长文化程度不高,辅导功课越来越吃力,只能一边让孩子参加学校课后服务,一边继续报着学科辅导班。现在校外培训管得严,机构少了,收费也比以前低了些,但我们还是不敢停。这个月孩子也参加了学校课后服务,每天两个多小时,可我们心里没底,不知道这两个小时是不是真的用在辅导作业、讲解难题上。作业量倒是没超时,但升学衔接阶段的学习压力摆在那里,我们担心如果课后服务内容不够实在,孩子学习会掉队,家里又没能力补上。希望领导能关注学校课后服务的实际内容,督促学校利用好这两个小时,加强对孩子的作业指导和答疑,别让课后服务变成单纯看管。同时也希望考虑到我们这样的家庭,减少对校外培训的依赖,让孩子在学校就能把该学的学扎实。谢谢。"
44F2A52E706B30E2525B656F5525427E684D27110DFDB6978ADED7E1AEB92775,关于减轻升学衔接阶段校外培训负担和保障通学便利的建议,"领导您好,我是一名即将升入初中的学生家长。孩子目前就读重点小学,暑假还在参加学科类校外培训,费用不低,家里虽有条件承担但长期压力很大。我和爱人文化程度不高,辅导孩子学习比较吃力,只能依赖培训班。我们也担心孩子进入初中后,如果学校课堂教学质量上不去,还是离不开课外班,希望教育部门能加强课堂教学管理,让老师尽职尽责,减少家庭对校外培训的依赖。另外,孩子即将升入初中,担心对口初中离家较远,孩子自己上下学不安全,我们接送也有困难,希望有关部门在学区划分和交通保障上多考虑实际情况,让孩子能就近安全入学。谢谢。"
E8C67B417AB9586F2EE0103E17DC77540A1AA4161E531175247E37129F6323FC,关于孩子升初中后课后服务和通勤问题的求助,"领导您好,我是一名即将升入初中的学生家长。孩子现在在小学读书,平时作业时间还算规范,学校也有课后服务,我们孩子也参加了。但孩子很快要升初中,我们很担心两件事:一是听说对口初中可能离家比较远,孩子自己骑车上下学不安全,我们家长上班时间也不固定,接送很困难;二是现在虽然学校有课后服务,但内容和质量还是不够,孩子学习上遇到问题我们文化不高辅导不了,只能继续花钱上校外培训班,好在现在费用降了一些,可心里还是没底。希望领导能重视一下,能不能让初中也把课后服务落实好,最好能延长到家长下班后,另外在入学划片上考虑就近原则,或者提供校车,让我们家长能放心。"
6DEF26DA88567094C54DEA6AD896F600BA4558721C107FB9ABDED8C83D6E78C7,关于小学生暑假书面作业超时问题的反映,"领导您好,我是一名小学生家长。近期发现孩子本月书面作业完成情况明显超过同年级规定的不超过60分钟标准,虽然家里时间相对宽裕,也有大人照顾,但孩子正处于长身体阶段,睡眠一直不错,我们很担心过重作业会挤占休息和运动时间。结合以往看到的一些现象,如主课挤占副课、个别老师暗示补课等情况,我们更希望教育部门能加强对学校作业管理的督查,确保暑假书面作业科学合理,不把校内减负转成隐形负担。恳请相关部门核实并协调处理。"
AFB11E5B46E661B3A301610C88ADB6F46D4E2457107CA0D48519815BF75A69B9,关于小学作业负担过重和减少校外培训依赖的诉求,"尊敬的领导:我是一名小学生家长,孩子就读公办非重点小学。按规范,孩子这个年龄段书面家庭作业平均完成时间不应超过60分钟,但本月实际作业情况明显超时。虽然当前制度要求学校统筹作业总量、加强校内指导,但学校执行似乎不到位。长期作业超时影响孩子睡眠和身心健康,也会让家长不得不依赖校外学科培训来弥补进度或提高成绩。我家经济条件尚可,但更希望孩子在校内就能学足学好,而不是把时间耗在重复作业和课外补习上。恳请领导关注学校作业管理落实情况,督促学校切实控制作业时长、提高作业设计质量,并完善课后服务,让孩子能在校内完成大部分学习任务,减少对校外培训的依赖。谢谢。"
121ED5840CC3A7A3773F43B13F2AEC8FE61F7B777667D9DAAC195173996F3E7E,关于小学生书面作业时长与校外培训负担的诉求,"领导您好,我是一名小学生家长,孩子在公办小学就读,不是毕业班。最近我们注意到孩子每天花在书面作业上的时间有些偏长,担心超过了规定的一小时上限。同时,为了不让孩子掉队,家里还在给他报学科类校外培训,收费没有明显下降,孩子晚上和周末都比较累。我们家庭经济条件尚可,但担心长期这样会影响他的休息和睡眠,我们自己也感到焦虑。希望相关部门能加强对学校作业管理的日常监督,确保书面作业总量控制在合理范围;也盼望学校能丰富课后服务的内容和形式,增加吸引力,让孩子愿意参加,这样我们也能减少对校外培训的依赖,减轻孩子的负担。"
6D786D99DD0473D2E9DEFEB4644A6C8E979D55FBEFFF74CF17F473A1D7279096,关于课后服务与校外培训衔接的担忧与建议,"领导您好。我是小学学生家长。孩子所在学校已提供每周五天的课后服务,我们本学期也让孩子参加。但我担心开学后课后服务更多是集中看管或变相补课,内容不够多样,反而挤压了孩子休息和兴趣时间;同时,虽然现在学科类培训收费有所下降,但合规机构明显减少,我们为了孩子不掉队仍在校外参加培训,心里并不踏实。希望政府能督促学校提升课后服务质量,真正提供作业辅导、体育艺术和科技活动,减少家庭对校外培训的依赖;同时继续规范培训市场,保障合规供给,让家长有放心选择,避免转向地下或高价培训。谢谢。"
FA629346CF292D08004153077E4D407A0EA051B44505885CF658279B6C77505B,关于控制暑假书面作业量和规范校外培训的诉求,"我是一名小学生家长。暑假期间,孩子虽然没有到校上课,但我们发现孩子本月的书面作业完成情况与规定的平均完成时间不超过60分钟的要求不符,这让我们担心学校可能布置了过多的书面作业。孩子平时睡眠时间比较充足,我们也很重视他的全面发展,但过量的书面作业会挤占休息、运动和阅读时间,影响身心健康。同时,孩子目前仍在参加校外学科类培训,培训收费没有明显下降,家庭经济和精神压力较大。希望教育部门能核查学校暑期作业布置情况,督促学校严格落实作业管理规定,控制书面作业总量;也希望进一步规范校外学科培训的收费和内容,避免校内减负、校外增负,让孩子能有一个健康合理的暑假。谢谢。"
E8F4265ACA0C19CBC665FCDD0CB9E106758F2EBEA8DA2B9088B795B72AE4D8EC,关于暑假孩子学科培训和学校课后服务衔接的诉求,"领导您好,我是一名小学生家长。孩子今年暑假还在参加学科类校外培训,虽然收费比过去低了一些,但明显感觉现在能选的合规机构很少,我们只能按现有名额上课,心里不踏实。孩子处在小学中段,不是毕业年级,但家里对学业比较重视,希望孩子能保持稳定学习节奏。现在学校课后服务在学期内每天能提供两小时,孩子也参加了,但暑假期间学校这方面的安排感觉没有跟上,家长只能继续依赖校外培训。希望区里能统筹一下,在假期提供更多自愿参加的校内学习辅导或素质拓展,并且继续严查地下补课和教师私下拉学生补课的情况,让家长有正规、安全的渠道可以选择,不用为了孩子成绩提心吊胆。谢谢。"
7479486F359905AA41571D9D75FBF5613AF1A64E2F0E4B7B0BA9A0AD23565C94,关于控制暑假书面作业量和规范校外培训的诉求,"我是一名小学生家长。暑假期间,孩子虽然没有到校上课,但我们发现孩子本月的书面作业完成情况与规定的平均完成时间不超过60分钟的要求不符,这让我们担心学校可能布置了过多的书面作业。孩子平时睡眠时间比较充足,我们也很重视他的全面发展,但过量的书面作业会挤占休息、运动和阅读时间,影响身心健康。同时,孩子目前仍在参加校外学科类培训,培训收费没有明显下降,家庭经济和精神压力较大。希望教育部门能核查学校暑期作业布置情况,督促学校严格落实作业管理规定,控制书面作业总量;也希望进一步规范校外学科培训的收费和内容,避免校内减负、校外增负,让孩子能有一个健康合理的暑假。谢谢。"
00A840423A8142B1CE96F50F876D76CB8C787DBF2CCFA529E066E441DE925940,关于暑期课后服务与校外培训衔接的建议,"领导您好。我是本区一名小学生家长,孩子目前在公办小学就读,暑假期间参加了学校课后服务,同时也在外面上学科类培训班。我们家里时间比较宽裕,也愿意为教育投入,但最近很纠结。一方面,学校课后服务虽然每天时间充足,但内容是否多样、孩子是否真正自愿,我们心里没底;以前常听说有老师占用副科或暗示补课,怕课后服务又变成变相刷题或看管。另一方面,校外学科培训市场收缩后,正规机构少了,费用降了一些,但剩下的培训质量和合同规范更让人担心,有的可能转入线上或地下,交费安全和教学资质都没保障。我们希望教育部门能加强对学校课后服务课程设置的指导和监督,丰富体育、艺术、科技类内容,真正吸引孩子;同时继续严格规范校外培训机构的审批、收费和预收费管理,防止隐形变异,减轻家长选择焦虑。孩子书面作业时间目前还在规定范围内,但长期课后服务加培训班,我们怕挤占自主阅读和户外活动时间。恳请领导重视,让课后服务更优质、培训市场更规范。"
651F840EA230C2ECA72914E53BC7FDEF1D5B6033BF6DEFD5BFED3DA5F4AC03D5,关于控制暑假书面作业量和规范校外培训的诉求,"我是一名小学生家长。暑假期间,孩子虽然没有到校上课,但我们发现孩子本月的书面作业完成情况与规定的平均完成时间不超过60分钟的要求不符,这让我们担心学校可能布置了过多的书面作业。孩子平时睡眠时间比较充足,我们也很重视他的全面发展,但过量的书面作业会挤占休息、运动和阅读时间,影响身心健康。同时,孩子目前仍在参加校外学科类培训,培训收费没有明显下降,家庭经济和精神压力较大。希望教育部门能核查学校暑期作业布置情况,督促学校严格落实作业管理规定,控制书面作业总量;也希望进一步规范校外学科培训的收费和内容,避免校内减负、校外增负,让孩子能有一个健康合理的暑假。谢谢。"
9C50D32F5789DB6BAE899FCD8043E07CFC446FF5F908DE35077A1B0DE478EBF8,关于校外培训规范与课后服务质量的担忧,"领导您好,我是一名小学生家长。孩子现在公办小学就读,家庭对学业期望较高,政策前也一直重视学科辅导。现在学科培训市场收缩,合规机构变少,我们虽然还在参加培训,收费确实降了,但心里更不踏实,总怕机构突然跑路或退费无门。同时学校课后服务每天提供,孩子也参加了,但感觉内容偏素质活动,对学科巩固帮助有限。我们担心这样下去,孩子基础不牢,将来升学压力更大。希望领导能督促学校丰富课后服务中的作业辅导和学科答疑,同时加强对现存培训机构的资金监管,让我们家长能放心选择。"
F47861E0C3E91B641330364477A5AFCAB3308E9A71E04FDB7222C3FFCDB41E25,关于初中生暑假作业超时及心理辅导需求的反映,"我是一名本地初中学生的家长。暑假期间,孩子每天完成书面作业的时间经常超过国家规定的初中生每天90分钟标准,有时写到很晚,孩子很疲惫。我们担心长期这样影响睡眠和身心健康,开学后压力更大。希望教育部门核查学校作业布置情况,督促学校严格执行作业总量控制,确保书面家庭作业平均完成时间不超过90分钟。另外,初中阶段孩子心理波动大,容易受不良风气影响,我们家长文化水平有限,不知道怎么疏导。希望学校能配备专业的心理老师,最好能一对一辅导,而不是走过场。谢谢领导关心。"
4B3F30A394E19FD55090C2C550CF72025B9D0D2399965EF39333C6EFE78A3874,关于初中生暑假书面作业负担的诉求,"领导好,我家孩子在公办初中读书,我们在西部小县城,双职工家庭收入不高,白天都要上班,晚上才能看孩子学习。这个暑假孩子的书面作业经常超过规定时间,有时写到很晚,我们很担心他的身体和心理健康。现在不是要求初中书面家庭作业平均不超过90分钟吗?希望教育部门能核查学校作业布置情况,督促学校统筹作业总量、提高作业设计质量,不要只靠大量刷题。同时,希望学校的课后服务能真正安排老师进行作业辅导,减轻我们家长的负担。孩子现在学习压力大,我们也希望学校能配备专业的心理老师,帮助孩子疏导情绪。恳请领导关注,谢谢。"
5EAE63ED192AA94885BAA7564A23EE4A53E360A59721F4665DC972DDEB346E13,关于落实初中生家庭作业时长规范的诉求,"领导您好。我是一名西部城镇的初中生家长,孩子目前就读非毕业年级。按照现行规定,初中生书面家庭作业平均完成时间原则上不超过90分钟。但这个月,我家孩子的书面作业情况未能符合这一时长规范,作为家长我非常担忧。 我和孩子爸爸都在上班,家里人口较多,晚上能辅导孩子作业的时间和精力有限。孩子虽然参加了学校的课后服务,但学校课后服务对作业完成的支持效果我们还不清楚,希望学校能切实利用好课后服务时间,控制书面作业总量,让孩子回家后能有时间休息、锻炼和保证睡眠。我们家庭经济条件一般,没有能力给孩子报额外的辅导班,所以更依赖学校合理安排作业。 同时,初中阶段的孩子心理比较敏感,作业负担如果长期偏重,容易影响学习状态和心理健康,也希望学校能关注学生的心理压力,必要时提供心理辅导支持。 恳请领导督促相关部门核查并协调学校,严格落实作业时长规范,减轻学生和家长负担。"
D7B763560255B4D5745B280E8579CD8020746466FEEE8C37B6FA7343735D70B2,关于初中课后服务与作业负担问题的反映,"领导好。我是一名西部城镇初中生的家长,家里经济条件一般,父母都在上班,孩子多,晚上照看时间紧。学校现在有课后服务,孩子也参加了。可是孩子这个月书面作业时间还是超过了规定,回家后经常还要写很久,我们家长文化程度不高,辅导不了,只能干着急。课后服务好像没有把作业辅导和负担减下来,孩子睡眠和情绪都让人担心。初中生正处在青春期,我们这边孩子见识少,容易跟风学一些不好的习惯,如果作业压力再大,心理上出问题就麻烦了。希望领导能督促学校把课后服务真正用起来,加强作业指导,统筹控制作业量,最好课后服务里也能有专业心理老师或心理辅导,帮孩子稳稳度过初中阶段。"
6B0F49FEC4F74DF4582FDF1857BDE142427FD59F6959D64A7701577121929735,关于初中生暑期书面作业时长控制的诉求,"领导您好,我是西部城镇一名初中生家长。孩子就读公办初中非毕业年级,家庭经济条件一般,我和配偶都在上班,家里同住人口较多,日常辅导精力有限。这个月了解到孩子书面作业完成时间未达到现行时长规范要求,很担心开学后负担更重,影响睡眠和正常成长。孩子参加了学校课后服务,但作业问题仍未解决。希望有关部门能督促学校严格落实作业管理要求,合理控制书面作业总量,避免把学习压力转嫁到家庭,切实保障孩子身心健康。谢谢。"
FF6208163EAC95BA1F869831E1DA8952671CB7B8BE60C4ECDD55646CDE3925AA,关于初中生作业负担与课后服务的呼吁,"领导您好,我是一名初中生家长。孩子就读公办初中,这个暑假参加了学校提供的课后服务。按现行规定,初中书面家庭作业平均完成时间不应超过90分钟,但这个月孩子的书面作业时间超过了规定。我们家庭经济条件一般,父母白天都要上班,晚上辅导能力和时间有限,孩子回家后还要继续完成作业,我们很担心长期这样会影响睡眠和身体健康,也增加心理压力。学校课后服务既然要求提供作业指导,希望有关部门能督促学校真正利用好课后服务时间,统筹控制书面作业总量和时长,让孩子能尽量在校内完成大部分作业,减轻家庭负担。谢谢。"
747891C9F8B925DC89852C81BC0F824F995B8B0EA244A499EA0CCBD5F9328DF1,关于初中生暑期书面作业时长控制的诉求,"领导您好,我是西部城镇一名初中生家长。孩子就读公办初中非毕业年级,家庭经济条件一般,我和配偶都在上班,家里同住人口较多,日常辅导精力有限。这个月了解到孩子书面作业完成时间未达到现行时长规范要求,很担心开学后负担更重,影响睡眠和正常成长。孩子参加了学校课后服务,但作业问题仍未解决。希望有关部门能督促学校严格落实作业管理要求,合理控制书面作业总量,避免把学习压力转嫁到家庭,切实保障孩子身心健康。谢谢。"
CA177C6DEC98CB7496A2BF3F8D75AFFD2D18E4DD00148822D4519CD19FBC8513,关于课后服务与作业负担的诉求,"孩子放暑假了,回想上学期,学校课后服务虽然每天参加,但书面作业还是经常超过规定时间,做到很晚,影响睡眠。我们家庭条件一般,父母都在上班,文化也不高,本指望课后服务能让孩子在学校完成大部分作业,但效果不明显。希望领导能督促学校真正统筹作业总量,加强校内指导,别让课后服务变成单纯看管。另外,初中孩子心理波动大,周边有些不学好的风气,我们家长很难引导,希望学校能在课后服务中安排专业心理老师,一对一疏导,不要只是集体活动。"
33943CE1341152ADA670169B3F32C538629EDB2F1CA8B940EB5A3E2F17FCD65F,关于初中生暑期书面作业时长控制的诉求,"领导您好,我是西部城镇一名初中生家长。孩子就读公办初中非毕业年级,家庭经济条件一般,我和配偶都在上班,家里同住人口较多,日常辅导精力有限。这个月了解到孩子书面作业完成时间未达到现行时长规范要求,很担心开学后负担更重,影响睡眠和正常成长。孩子参加了学校课后服务,但作业问题仍未解决。希望有关部门能督促学校严格落实作业管理要求,合理控制书面作业总量,避免把学习压力转嫁到家庭,切实保障孩子身心健康。谢谢。"
F8F592E41F6AAF6951B6C76C0F62471A8AA308E9F3597F65C978D4D32A125D75,关于学校暑假书面作业超时和课后服务作业指导不足的诉求,"领导您好。我们是初中学生家长,这个月孩子参加了学校课后服务,但书面作业还是明显超过规定时长,经常写到很晚。我们文化程度不高,下班后时间也紧,辅导很吃力。希望教育局能督促学校严格执行初中书面作业平均不超过90分钟的要求,控制暑假作业总量,提高作业设计质量,并让课后服务真正用于作业指导和答疑,而不是简单看管。孩子因为作业压力大,情绪也有些烦躁,希望学校能同步加强心理疏导。"
F1F2B870AEA4B7B4BA0D60832D00D303E0E17DD2E7392BCFBB18F45A737DB9D2,关于低年级学生家庭作业与学业巩固的担忧,"尊敬的领导:您好。我是一名小学低年级学生的家长,孩子就读本区一所公办小学。我们家庭条件还可以,但我和孩子妈妈文化程度不高,只有初中水平,辅导功课比较吃力。这个暑假,孩子基本没有书面家庭作业,我们理解减负政策,但也担心基础不扎实。我们家从没给孩子报过校外辅导班,现在校外培训情况也差不多。孩子睡眠充足,我们很重视,只是我们文化低,不知道怎么在家帮他巩固知识。眼看快开学了,我们担心开学后如果继续没有书面作业,孩子在校内练习不够,回家我们也没能力辅导,时间长了会落后。希望领导能关注我们这类家长文化程度不高的家庭,能否请学校在放学后提供一些校内作业辅导或分层指导,或者允许老师布置一些可选择的、量不大的书面练习,让有需要的孩子巩固基础。谢谢。"
3951C7EAE420CF092FEBE6675EDFBF4168565A647A572F4205E9537A9F11C25B,关于新学期小学作业与课后服务的期盼,"领导您好,我是一名小学生家长,孩子就读公办小学,现在暑假,9月开学后将升入新的年级。孩子之前所在年级按规定不布置书面家庭作业,平时睡眠时间也比较充足,我们感觉孩子负担不重。但我和家人文化程度不高,辅导孩子学习比较吃力。新学期学校要统筹作业管理、完善课后服务,我们一方面担心书面作业会变多,或者要求家长批改、打卡;另一方面希望课后服务能真正自愿参加,内容多样,不要变成集体补课或变相收费,能帮我们解决放学后托管和作业指导困难。孩子没上过学科培训班,更希望校内把作业指导和课后服务做好,让孩子在学校完成大部分学习任务,回家有足够休息和活动时间。盼望领导关注公办普通小学的落实情况,别让好政策到下面走样。"
07B3126BB4EECD53673589B85C774AD7D9E9BCAA18E23B61DA01DAFC47238FF7,关于课后服务加强学业辅导的建议,"我是一名小学生家长,孩子目前在公办学校就读,家庭文化水平有限,辅导孩子学习比较吃力。现在低年级按规定不布置书面家庭作业,我们担心孩子仅靠课堂掌握不牢,回家又缺少巩固。这个月孩子参加了学校课后服务,我们希望课后服务不只是看护,能在老师指导下适当安排一些校内巩固练习或答疑,帮孩子当天消化知识,同时不要变成变相的家庭作业带回家。孩子平时睡眠比较充足,我们也不想增加晚上负担。开学在即,希望课后服务能更注重学习习惯和基础巩固,让我们这样文化程度不高的家庭少一些焦虑。"
A627602A96F9D767127E11A442DD2565CDF5DEE6BF8C1779F80D3E2EF12AF199,希望课后服务能真正帮助孩子学习,"领导您好,我是一名小学生的家长,文化程度不高。现在学校不布置书面家庭作业,校外学科培训也少了很多,我们家长辅导不了孩子,心里很着急。孩子参加了学校的课后服务,每天有两个多小时,但我们不清楚这段时间老师有没有给孩子进行学习指导、巩固知识,还是只是看管。希望领导能督促学校把课后服务做实,特别是对我们这样家长辅导能力不足的家庭,能在校内多给孩子一些学习上的帮助,让孩子在学校就能学好,我们也能安心工作。"
93C4301FAAE890369631F1E4616272F3B304085A092606D457BDECA759410E36,关于小学生暑假课后服务与家庭作业的建议,"领导您好。我家孩子在公办小学读书,这个暑假参加了学校的课后服务。按照现在的规定,孩子这个年级原则上不布置书面家庭作业,我们很支持减负,但我和孩子妈妈文化水平都不高,只有初中毕业,确实没有能力在家里辅导孩子学习。我们家庭收入还可以,但外面学科培训情况也不稳定,孩子之前也没参加过补习班。我们担心孩子基础打不牢,以后上初中、高中会吃亏。希望政府能督促学校把课后服务做得更扎实,多安排一些作业辅导、阅读、基础巩固的内容,或者提供一些免费的学习资源,让我们这些文化程度不高的家庭也能安心。"
D08ACFA2F173A076DCAC030FDA6E886D8439339930F441D1BC2E8C3A729EC5AB,关于课后服务内容与孩子学习指导的建议,"领导您好,我是一名小学生的家长,孩子就读于公办小学,暑假后升入的年级按现有规定不布置书面家庭作业。我们家庭里老人多,我和孩子妈妈文化程度不高,平时辅导孩子学习确实吃力。现在学校课后服务每天大约两个小时,孩子也参加了,但我们不太清楚具体安排,心里没底,担心只是单纯看管,孩子基础打不牢。眼下校外培训班变少了,我们更希望学校能利用好课后服务时间,安排老师带着孩子巩固知识、读读书、练练字,或者开展一些动手动脑的活动。我们愿意配合学校,只求政府能督促学校把课后服务做得更实在,让孩子在校内学有所得,家长也能安心工作。谢谢领导。"
683D6BC08E1B22D20168FB20B5D4E186EDBC5AC983646D05B4B9F11C58A56612,关于小学生暑假课后服务与家庭作业的建议,"领导您好。我家孩子在公办小学读书,这个暑假参加了学校的课后服务。按照现在的规定,孩子这个年级原则上不布置书面家庭作业,我们很支持减负,但我和孩子妈妈文化水平都不高,只有初中毕业,确实没有能力在家里辅导孩子学习。我们家庭收入还可以,但外面学科培训情况也不稳定,孩子之前也没参加过补习班。我们担心孩子基础打不牢,以后上初中、高中会吃亏。希望政府能督促学校把课后服务做得更扎实,多安排一些作业辅导、阅读、基础巩固的内容,或者提供一些免费的学习资源,让我们这些文化程度不高的家庭也能安心。"
DF54F29436778A9FD86334414915B1019BA6B507CCB796F864AF1EEFF78DC209,"希望课后服务加强学业辅导,帮助文化程度不高的家庭","领导您好,我是一名小学生家长。孩子就读公办小学,我们家庭经济条件不算差,但我和家人文化水平有限,只有初中程度,平时辅导孩子学习非常吃力。孩子这个年级按规定不布置书面家庭作业,我们想帮孩子巩固知识也不知道从何下手。最近孩子参加了学校提供的课后服务,每天有两个小时,但我们担心这两个小时只是集中看管,没有真正针对孩子的学习困难进行辅导。现在校外学科培训班也很少,我们想在外面找辅导也不容易。所以想请领导关注学校课后服务的质量,督促学校在课后服务中加强作业指导和基础学业辅导,让像我们这样家长文化程度不高的家庭,孩子也能在学校得到足够的学业支持,不因为家庭辅导能力弱而落后。谢谢。"
218B6CA22A43FB6735B62F09760DCFE1C0ECEABDF04279BDB83CFD0CDCDF64CA,关于小学生暑假课后服务与家庭作业的建议,"领导您好。我家孩子在公办小学读书,这个暑假参加了学校的课后服务。按照现在的规定,孩子这个年级原则上不布置书面家庭作业,我们很支持减负,但我和孩子妈妈文化水平都不高,只有初中毕业,确实没有能力在家里辅导孩子学习。我们家庭收入还可以,但外面学科培训情况也不稳定,孩子之前也没参加过补习班。我们担心孩子基础打不牢,以后上初中、高中会吃亏。希望政府能督促学校把课后服务做得更扎实,多安排一些作业辅导、阅读、基础巩固的内容,或者提供一些免费的学习资源,让我们这些文化程度不高的家庭也能安心。"
34171FA2482FCC33FBF3C3287DA5BB584DFE474451997AFECBDA382D9D531886,关于提升小学课后服务学业辅导质量的诉求,"领导您好,我是一名小学生家长,家庭经济条件还可以,但我和家人文化程度不高,辅导孩子学习很吃力。现在孩子年级原则上不布置书面家庭作业,我们理解这是为了减负,但也担心孩子基础打不牢。这个暑假孩子参加了学校的课后服务,我们很感激,但希望课后服务不只是看管,能增加一些学习辅导和巩固练习,帮助我们这样的家庭解决辅导难题。现在校外学科培训选择也少了,我们更依赖学校的教育。恳请领导关注小学课后服务的质量,督促学校丰富内容,加强作业指导和个性化辅导,让孩子在校内就能学好,减轻家长负担。"
8E30A9EB970621CD9B4E355497133E7A758FF43839ED671C77CE87661E2A9E66,关于减轻小学生家长非书面作业负担的建议,"领导您好。我是本地一名小学生家长。孩子目前在公办学校就读,暑假期间书面作业量基本符合要求,我们也支持学校合理教学。但从身边情况看,有些学校存在让家长每天检查作业、录制背书视频上传微信群等要求,甚至组织需要家长参与劳动的任务。我们担心开学后这类非书面任务继续出现,看似作业时长合规,实际把大量教学辅导责任转给家庭,挤占孩子休息和家长时间。孩子睡眠一直比较充足,我们也不希望因为额外打卡和检查影响正常生活。希望相关部门能督促学校严格落实减负要求,明确教师不得要求家长批改作业或强制上传视频,合理界定家校责任,让家长更多关注孩子身心健康。谢谢。"
5D169F68C6DC997C0F3EC86804C6AD2BAF327943C3A2ADEB5BA2F3915C248112,"担心课后服务变相增加负担,盼真正自愿多样","孩子上小学,暑假这段时间作业量基本正常,睡眠也一直不错,但马上要开学,我最担心的是学校课后服务落实走样。以前听说过一些学校要求家长天天辅导检查作业、拍背书视频上传,甚至让家长参与学校劳动,家长负担很重;也有学校利用课后时间集体补课,孩子休息不够。现在强调课后服务自愿参加、时间衔接和内容多样,这是好事,但希望不要搞成变相强制,不要用课后服务时间整班上课或继续布置大量书面作业,不要收费不透明。希望地方能保障师资和经费,真正提供体育、阅读、艺术、科普等活动,让孩子能自愿选择。家里照看孩子的时间本来就不宽裕,孩子能在校内完成一部分作业、参加有意义的活动,我们才能安心。请领导关注学校落实情况,别让好政策到基层又变成新的负担。"
3D7F0014E84BB9455266378A4EB5174AF1347830226D3EFAE3F01F779F5D0084,关于规范小学课后服务减轻学生和家长负担的建议,"领导您好。我是本地一名小学生的家长,孩子就读公办学校,目前寒假即将结束。这个月孩子参加了学校课后服务,作业时间符合规定,睡眠也充足,我们比较放心。但开学后,我们很担心课后服务会不会变成变相补课或延长学习时间,也担心老师要求家长每天辅导检查作业、录制视频打卡,增加我们的负担。我们家长文化程度有限,家里时间精力也比较紧,怕应付不了这些任务。希望学校能真正把课后服务用在辅导作业、培养兴趣上,不要额外增加学业压力,同时保障孩子每天有足够的睡眠和休息。也请教育部门监督学校,不要强制家长参与非必要的劳动或打卡任务。我们支持孩子全面发展,也理解学校管理,但希望不要走样。谢谢。"
5FC873BDBEF94267FBECF056AAA69E69E8C5601E00BDEDCCA28D56B3857153B3,关于规范小学课后服务内容切实减轻家长负担的诉求,"我家孩子就读公办重点小学,这个月正常参加了学校课后服务。目前书面作业时长看起来符合规定,但作为家长,我们对新学期课后服务的实际安排比较担心。每天课后服务有两个小时,如果只是让孩子坐在教室或变相集体上课,既不能真正指导作业,还可能带来新的负担。之前也听说过一些学校把批改辅导作业的任务转给家长,要求打卡、录视频,我们很怕这些做法借着课后服务又回来。希望领导能督促学校把课后服务办实在,坚持自愿参加,内容上多些作业指导和有益活动,而不是增加孩子和家长的压力。孩子睡眠一直充足,不想因为课后服务安排不当影响休息,谢谢领导关心。"
813AB25072625F7EDD963002132B0A144894377C09B02B7F830268F43DABDEA3,关于课后服务减负和避免家长额外负担的建议,"领导好。我是小学家长,孩子就读公办重点小学,暑假期间参加学校课后服务,目前作业量控制在规定范围内,睡眠也充足,我们比较放心。但身边有家长反映,个别学校课后服务逐渐变成集体补课,效率不高,还出现要求家长每天检查作业、录制背书视频甚至参与学校劳动的情况。我们担心开学后自己孩子也会遇到类似问题。我们家长文化程度有限,辅导检查和录视频压力较大,也怕占用孩子休息和自主学习时间。希望领导能督促学校严格落实作业时长规定,课后服务不要变相补课或向家长摊派额外任务,保证孩子有足够睡眠和自主安排的时间。我们支持课后服务,但希望它真正有利于孩子成长,而不是变成新的负担。"
90E496E39F164DA7EFCF79C6A2DAD56B814EB43D45047756039D34F8D7B5F14D,关于提升小学课后服务质量的建议,"领导您好。我是本市一名公办小学学生的家长。这个暑假,孩子参加了学校提供的课后服务,我们很感谢学校解决了部分看护问题。但作为家长,我们也有一些担忧:目前学校课后服务主要以看护和作业管理为主,担心内容不够多样,孩子长时间待在教室,缺少体育、艺术、劳动实践等拓展活动,不利于全面发展;同时担心课后服务会逐步变成变相补课或集体教学,增加孩子负担。另外,希望学校坚持自愿原则,不要因为管理方便而变相强制参加;也希望政府加强指导,保障师资和经费,明确课后服务的内容和质量标准,避免把辅导、组织活动的责任转嫁给家长,让课后服务真正成为家长放心、孩子受益的民生实事。"
F7B609B20C142A593843B7D796B67079592575B4598B5DFEDB39869C35855524,关于课后服务减负和避免家长额外负担的建议,"领导好。我是小学家长,孩子就读公办重点小学,暑假期间参加学校课后服务,目前作业量控制在规定范围内,睡眠也充足,我们比较放心。但身边有家长反映,个别学校课后服务逐渐变成集体补课,效率不高,还出现要求家长每天检查作业、录制背书视频甚至参与学校劳动的情况。我们担心开学后自己孩子也会遇到类似问题。我们家长文化程度有限,辅导检查和录视频压力较大,也怕占用孩子休息和自主学习时间。希望领导能督促学校严格落实作业时长规定,课后服务不要变相补课或向家长摊派额外任务,保证孩子有足够睡眠和自主安排的时间。我们支持课后服务,但希望它真正有利于孩子成长,而不是变成新的负担。"
9624005A15C1D3D5104147C4A04B71DD1DB7164298D37762B80E15C2FF283649,关于小学课后服务减负增效的诉求,"领导您好。我家孩子在公办小学就读,暑假期间也参加了学校提供的课后服务。我们支持学校开展课后服务,但担心服务会不会变成变相补课或强制参加,反而增加孩子压力和家长负担。作为家长,我们文化程度有限,平时辅导作业已经很吃力,希望课后服务能重点指导孩子在校内完成作业、开展多样活动,而不是简单看管或上课。同时,希望相关部门加强督查,确保课后服务自愿、时间衔接合理,让孩子有充足的休息和自主安排时间,真正把减负落到实处。"
327D083E5B1A2DB0FA7B76CA02F188A4EBA5F69D0B49555163F4F792035713E9,关于课后服务减负和避免家长额外负担的建议,"领导好。我是小学家长,孩子就读公办重点小学,暑假期间参加学校课后服务,目前作业量控制在规定范围内,睡眠也充足,我们比较放心。但身边有家长反映,个别学校课后服务逐渐变成集体补课,效率不高,还出现要求家长每天检查作业、录制背书视频甚至参与学校劳动的情况。我们担心开学后自己孩子也会遇到类似问题。我们家长文化程度有限,辅导检查和录视频压力较大,也怕占用孩子休息和自主学习时间。希望领导能督促学校严格落实作业时长规定,课后服务不要变相补课或向家长摊派额外任务,保证孩子有足够睡眠和自主安排的时间。我们支持课后服务,但希望它真正有利于孩子成长,而不是变成新的负担。"
26812DFE1016B3DDC6BEA6615B1AC46B893A6AF7145CBCE25BBE65942A10E5EB,关于暑假课后服务不要变相补课的诉求,"领导好。我家孩子是小学中年级学生,今年暑假报名参加了学校的课后服务。学校课后服务按政策每天提供至少120分钟,我们感谢学校提供看护,但也担心暑假期间长时间在校安排会变成变相集体补课或刷题,挤占孩子休息和自主活动。孩子平时睡眠比较充足,如果假期里每天在校时间过长,容易感到疲劳,影响休息和自主发展。我们恳请相关部门核查学校课后服务的实际开展情况,督促学校严格落实自愿参加和内容多样,不组织统一补课,多安排体育、艺术、阅读等活动,让孩子暑假能真正放松身心。"
DFC95A4F47F282544B1665C17803B6A8BB1BF9226C36450D5D55EDDA3CBE790D,关于小学生书面作业超时影响休息的诉求,"领导您好,我是一名小学生家长,孩子就读公办小学,单程通学时间较长,我们夫妻都在上班,家庭时间很紧张。这个月孩子的书面家庭作业用时明显超过规定要求,我们很担心这样会影响孩子睡眠和第二天学习状态。我们也担心个别老师把精力过多放在校外补习上,对不参加补习的孩子关注不够,课堂效率下降,反而加重作业负担。希望领导能督促学校严格执行作业时长规范,加强教师教学行为管理,让孩子能在校内学好,减轻家长和学生的压力。"
F5692A35E4228264807FCFAE8F977ED633FB7DEB10FE685BE04C31141CE675B4,请督促学校严格管控小学生书面作业总量并提升课后服务质量,"领导好,我是本地一名普通小学生的家长。我们夫妻都在上班,家里时间紧,孩子每天通学也比较远,很希望孩子能在学校把该学的学好。这个暑假孩子在家完成书面作业时,我们明显感觉到每天花的时间没有稳定控制在规定时限内,有时候要忙到很晚,作为家长既心疼又担心开学后负担更重。现在政策明确要求学校统筹作业总量、时长和设计质量,也要求完善课后服务,但我们周围一些家长聊天时还是会担心老师把精力放在校外补课上,对不去补课的孩子不够上心,课后服务也怕流于形式。我们家经济条件一般,没有给孩子报学科类培训班,更指望学校课堂和课后服务能兜住底。希望领导能督促学校和老师严格落实作业管理要求,把作业控制在规定时间内,提升课堂和课后服务质量,别让双职工家庭又累又焦虑。"
D0B5B01D9112193A27F782CB825193E3571971D27492FEA0A7225905EE3B75B2,关于规范小学生作业时长和课后服务的诉求,"我是一名小学生家长,孩子就读城镇公办学校,目前不在升学衔接年级。我们夫妻二人都在上班,家里时间安排比较紧张,孩子每天上下学路程也比较长。这个月正逢寒假结束和春季开学,我注意到孩子书面作业的完成情况没有达到当前年级应有的时长规范。虽然不了解具体原因,但作为家长很担心长期下去会影响孩子的睡眠和第二天在校状态。我们家庭经济不宽裕,没有给孩子报名校外学科培训,孩子参加了学校课后服务。希望领导能关注作业负担问题,督促学校严格执行作业时间规定,并让课后服务真正起到辅导和看护作用,不要变成额外负担。也请关注老师在课后服务和日常教学中的精力分配,确保每个孩子都能得到公平对待,减少家长对校外补习的焦虑。谢谢。"
A5D2E0EDBBE82518A20E9C6A39B19C7F641A802473B1C5FE7F40BF498CD58887,关于提升小学课后服务质量与教师责任心的建议,"领导好,我是一名小学生家长。我们夫妻双方都在职,家里时间紧,学校离家又远,孩子这学期参加了课后服务,确实帮我们解决了接送的难题。但开学在即,我们有些担心:课后服务会不会只是把孩子集中看管,缺少作业辅导和兴趣拓展?老师精力是否真正放在校内?过去听说有老师热衷于校外补课,对不参加的孩子区别对待,现在校外培训管得严,我们更希望校内老师能把心思都放在课堂教学和课后服务上。恳请政府加强对学校课后服务的督导和经费保障,丰富服务内容,提升教师积极性,别让课后服务流于形式,也别让孩子因为家庭条件一般、没上过补习班而在学校里受冷落。谢谢。"
79745583CB016974AFFFE8D3BC518898E6B0476C7CC42A4AB51F4D5FC9FEAA74,关于小学生书面作业时长规范落实的诉求,"我是中部地区一名小学生家长,孩子在公办小学就读,学校离家较远,我们夫妻均上班,家庭时间很紧。这个暑假孩子参加了学校课后服务,但本月书面作业完成情况未符合当前年级对应的时长规范,我们很担心长期如此会影响孩子休息和自主学习,也加重双职工家庭负担。希望领导督促学校严格落实书面作业时长规定,优化课后服务内容,让孩子在校尽量完成书面任务。同时也希望加强对学校教学常规的监管,避免个别教师对校内学生关注不足。恳请协调解决,谢谢。"
4AA038FC8BA33A1E76FD0AF1D0B308B3FB4C52BC69DB7D1ACDD0CCECB239CBA4,关于提高学校课后服务质量的诉求,"领导您好。我们是普通双职工家庭,孩子读小学,每天通学时间较长,家里经济条件一般,平时下班接孩子、辅导作业都比较吃力。现在孩子参加了学校的课后服务,学校也规定每周五天、每天至少两小时。我们很感激有这个安排,但心里还是不踏实。身边有家长反映,个别老师以前把精力放在校外补习班上,对不去补课的孩子不闻不问;现在校外培训管得严了,我们担心有的老师会把这种差别对待带到课后服务里,课后服务变成看管、写作业走过场,不认真批改、不耐心辅导,对没额外花钱的孩子另眼相看。我们希望领导能督促学校真正把课后服务管起来,保证老师在校内把作业辅导、答疑和兴趣活动做好,公平对待每一个孩子,别让课后服务只是凑时间。我们家长时间紧、能力也有限,就盼着学校能把孩子在校内的学习负责起来。"
C78306A17DC58A9B5B6B2F60976D7DC9E42C00B29E1F52CC7EE22E9E6A378810,关于小学生书面作业时长规范落实的诉求,"我是中部地区一名小学生家长,孩子在公办小学就读,学校离家较远,我们夫妻均上班,家庭时间很紧。这个暑假孩子参加了学校课后服务,但本月书面作业完成情况未符合当前年级对应的时长规范,我们很担心长期如此会影响孩子休息和自主学习,也加重双职工家庭负担。希望领导督促学校严格落实书面作业时长规定,优化课后服务内容,让孩子在校尽量完成书面任务。同时也希望加强对学校教学常规的监管,避免个别教师对校内学生关注不足。恳请协调解决,谢谢。"
B09BCAEADAFF27BC0B55CB3806E4E6D0251D859135A483FC9C54CC28C9484C7A,关于新学期课后服务与教师责任落实的诉求,"领导您好。我家孩子在公办小学就读,下学期不是毕业班。我和爱人都要上班,家里照顾孩子时间很紧,学校离家又远,暑假期间孩子参加了学校课后服务。我们最怕的是课后服务只是个形式,老师把精力放在别的地方,对孩子校内学习不上心。以前听过有学校老师在外办班,对没参加补习的孩子不闻不问,我们心里一直不踏实。希望政府能督促学校把课后服务真正办好,有作业辅导、答疑和兴趣活动,老师能认真批改作业,不要只管时长不管质量。我们家庭收入一般,没有给孩子报学科培训班,学校课后服务就是我们最大的依靠,请领导关注。"
803299A89C2FC5C5C3194EF61EA72A4CF7DC898D329D7BC6881BF4B6F84B42DC,关于小学生书面作业时长规范落实的诉求,"我是中部地区一名小学生家长,孩子在公办小学就读,学校离家较远,我们夫妻均上班,家庭时间很紧。这个暑假孩子参加了学校课后服务,但本月书面作业完成情况未符合当前年级对应的时长规范,我们很担心长期如此会影响孩子休息和自主学习,也加重双职工家庭负担。希望领导督促学校严格落实书面作业时长规定,优化课后服务内容,让孩子在校尽量完成书面任务。同时也希望加强对学校教学常规的监管,避免个别教师对校内学生关注不足。恳请协调解决,谢谢。"
FE69D98E640185D56AA4DBF9A05DDF8FBD5797BAE01B26AAB8A03AABF42FEE00,"希望关注学校课后服务质量,别让不补课的孩子被忽视","领导好,我家孩子在公办小学读书,家里条件一般,父母都要上班,接送时间紧,孩子一直在学校参加课后服务。孩子没上过校外学科培训班,我们就指望学校课后服务能管住孩子、辅导作业、开展点活动。可我们家长间也常聊起,以前有老师心思在外开补习班,对没参加的孩子不闻不问,我们不希望这种事又发生在课后服务里。希望领导督促学校把课后服务抓实,老师真把精力放在校内,别变相推销资料或引导到校外,让不补课的孩子也能得到平等关注。另外孩子通学路程远,课后服务时间衔接上能不能再灵活些,让我们下班赶得上接。谢谢。"
847809AC2F38B99B08D2110DA60D35FCC96CA4685C19FEABBDBB7EE926427C17,关于规范初中生暑假书面作业时长的诉求,"我是一名初中生家长,孩子学校不属于公办学校。这个暑假发现孩子的书面作业情况不符合不超过90分钟的规定要求,我们很担心是不是作业量偏大,孩子每天写得很晚,休息和自主学习的时间都受影响。以前我们也给孩子报过学科类辅导班,收费不低,要是学校作业不减,孩子跟不上,只能又去外面补课,经济压力实在不小。希望领导能关注一下,督促学校严格按照规定布置暑假作业,别让孩子假期负担太重。"
B407265B9159E0D8F27AC16055A62B9758E44C2CD6016DFB8264597A761C5495,关于农村初中生暑假作业超时及课后支持的诉求,"领导好,我是一名农村初中生的家长。孩子暑假在家,学校布置的书面作业每天要写一个半小时以上,超过了规定时长。我们家长文化程度不高,辅导不了,只能干着急。现在政策要求学校统筹作业总量和时长,希望学校能真正落实,把作业控制在合理范围内,少一些机械刷题,多一些阅读或实践任务。另外,以前我们给孩子报过校外辅导班,现在培训规范了,但我们也担心孩子成绩掉队,希望开学后学校能提供高质量的课后服务,特别是作业辅导和答疑,减轻家长负担,避免孩子再去高价补课。谢谢。"
DA4830CD8ED99DDE86E854E7A362FD832B7445D7E671DB9D38D5349153D86837,关于减轻初中生作业负担和规范校外培训收费的诉求,"领导好,我是一名初中生家长。孩子这学期开学后参加了学校课后服务,但书面作业完成时间还是经常超出规定要求,我们很担心孩子休息不够。家里虽然条件还可以,但孩子还在外面参加学科辅导,收费一直不低,再加上课后服务和作业,孩子每天都很累。我们文化程度不高,辅导不了作业,只能花钱报班,经济压力也不小。希望领导能督促学校真正把作业量控制住,落实减负要求,同时对校外培训收费加强监管,让农村孩子也能轻松一点。"
E9AC805C8AEBAE61272F19622C61336F12014915CACE42BC6C957D4B12772641,"希望加强农村学校课后服务辅导功能,减少家长对校外培训依赖","领导您好,我是一名农村初中生家长。孩子现在上初中,不是毕业年级。我和孩子妈妈文化程度都不高,辅导不了作业,只能靠学校和孩子自己。这学期孩子参加了学校的课后服务,作业量看着是符合规定的,但回到家我们还是不太放心,担心课后服务更多是看管,没有针对孩子学习薄弱点的指导。因为这样,家里还是给孩子报了校外学科培训,虽然现在费用比以前低了一些,但培训市场收缩后,正规选择少了,我们更担心培训质量没保障,也担心村里其他负担不起的家庭孩子差距越拉越大。希望领导能关注一下像我们这样农村地区的学校课后服务,能不能在课后服务时间里真正加强作业辅导和学科巩固,安排老师答疑,让课后服务能解决我们家长辅导不了的问题,减少我们对校外培训的依赖。另外,也希望对那种隐形补课、课上不讲课后讲的情况加强监管,别让不补课的孩子吃了亏。这样农村孩子学习机会也能更公平一些。"
AC5463C978DB5230403368790DF46DAB5B8C49D2705FAF7258BBA9064F6AB80B,关于规范暑期学科类培训收费的请求,"领导您好,我是一名初中生家长。孩子放暑假,但我们不敢放松,因为周围很多孩子都在上学科类辅导班,我们孩子也参加了。现在的辅导班收费比较高,对我们这样的家庭来说压力不小,虽然收入还行,但家里人口多,各种开销大。听说以前有的地方民办辅导班收费很高,很多家庭被“榨干”。我们担心这样下去,不上的孩子会被拉开差距,上的又负担沉重。希望领导能关注一下暑假学科类培训的收费问题,能否出台一些限价或监管措施,让收费有个合理的限度,减轻我们家长的负担。另外,孩子学校布置的作业时间好像有点长,我们也担心作业和培训叠加,孩子太累。谢谢领导。"
2CF9D78D1CFA9A02E2211848F25FAE744453CE360A8F6EE658793221E4642094,"建议提升农村学校课后服务辅导质量,减少家庭校外培训压力","领导您好,我是一名初中生家长,家住东部农村。家里大人都在上班,文化程度不高,孩子学习上的问题我们辅导不了。现在国家规范校外培训,收费确实比过去合理了,但正规补习班少了,我们心里没底。孩子暑假参加了学校课后服务,可我们担心课后服务更多是看管,老师很少针对孩子薄弱科目进行辅导,孩子不会的题还是不会。以前听说有的学校只给成绩好的孩子开小灶,我们怕自己孩子被落下。希望领导能督促学校把课后服务做扎实,特别是农村学校,让老师利用课后服务时间真正辅导作业、答疑解惑,而不是只让孩子自己写作业。同时也希望继续加强校外培训监管,让有需要的家庭能找到安全、质量有保障的辅导渠道。我们支持政策,只希望孩子能公平地学习,谢谢。"
A082A9A3C5CC21BD2A1F628744BD3FF3D481B672DC163993D036248C79A627AC,关于规范暑期学科类培训收费的请求,"领导您好,我是一名初中生家长。孩子放暑假,但我们不敢放松,因为周围很多孩子都在上学科类辅导班,我们孩子也参加了。现在的辅导班收费比较高,对我们这样的家庭来说压力不小,虽然收入还行,但家里人口多,各种开销大。听说以前有的地方民办辅导班收费很高,很多家庭被“榨干”。我们担心这样下去,不上的孩子会被拉开差距,上的又负担沉重。希望领导能关注一下暑假学科类培训的收费问题,能否出台一些限价或监管措施,让收费有个合理的限度,减轻我们家长的负担。另外,孩子学校布置的作业时间好像有点长,我们也担心作业和培训叠加,孩子太累。谢谢领导。"
7F4E2B93B9D135838F95B25D8CFF05087C7E0F72CA29FBD7847E3749705DCCE6,关于提升课后服务质量减少校外培训依赖的建议,"领导好。我是一名农村初中生家长,孩子不是毕业班。以前我们给孩子报了不少校外辅导,现在外面学科培训班少了,但我们还是给孩子报了一个能上的,费用比以前降了一些。我们也不想让孩子这么累,可又怕不补就被别的孩子落下。学校课后服务我们让孩子参加了,每天时间不短,但感觉更多是看管,作业辅导和学习方法指导不够,所以还是得靠校外班。我担心有的地方管得不严,有老师私下补课或变相培训,这样对其他孩子不公平。希望领导能督促学校把课后服务做得更实在,加强作业辅导和答疑,让孩子在学校就能解决学习问题,减少我们家长对校外培训的依赖。同时继续管好校外培训,防止隐形变相培训,让家长和孩子能真正减负。"
3D776F618EB982B6AAC2E4C2DC84C06ABAD00C39F8CCAB569621EC346F0D5AA4,关于规范暑期学科类培训收费的请求,"领导您好,我是一名初中生家长。孩子放暑假,但我们不敢放松,因为周围很多孩子都在上学科类辅导班,我们孩子也参加了。现在的辅导班收费比较高,对我们这样的家庭来说压力不小,虽然收入还行,但家里人口多,各种开销大。听说以前有的地方民办辅导班收费很高,很多家庭被“榨干”。我们担心这样下去,不上的孩子会被拉开差距,上的又负担沉重。希望领导能关注一下暑假学科类培训的收费问题,能否出台一些限价或监管措施,让收费有个合理的限度,减轻我们家长的负担。另外,孩子学校布置的作业时间好像有点长,我们也担心作业和培训叠加,孩子太累。谢谢领导。"
7A25F6CA067370C2242B51FEF8347A5CB8AFD900B88E22C12C156023D712C8F1,关于乡村初中课后服务提质与减轻校外培训负担的求助,"领导您好,我是一名乡村初中生的家长。家里经济条件在村里算中等偏上,但我们做家长的都只有初中文化,平时还要上班,辅导孩子功课很吃力。现在校外学科类培训班少了,费用也比以前降了一些,可我们还是给孩子报着,就怕不补课被别的孩子落下。这个月学校课后服务孩子也参加了,每天两个小时,但我们心里不踏实,担心开学以后课后服务只是让孩子写作业,老师指导不够,尤其我们学校不是公办学校,师资和经费能不能跟上。如果课后服务不能真正帮孩子解决学习上的困难,我们文化不高的家长只能继续找外面的培训,负担还是重。希望领导能关注乡村学校的课后服务质量,加强老师配备和内容安排,让孩子在学校就能学扎实,减少我们对校外培训的依赖。"
5A42750053155533EAFFE48686BCBD00C46C0EB6DDC063100231FAEFAA92D953,关于巩固小学减负成效、防止暑期补课焦虑的诉求,"领导好。我家孩子正在读小学,这个暑假书面作业量确实符合规定,我们作为家长感到一些轻松。但每天在小区和街上还是能看到不少背着书包去补课的孩子,身边也有家长议论说初中补课费一个假期要花大几千。我们夫妻都上班,家里老人帮不上太多,经济上虽然暂时能承受,但很怕这种风气越来越重。最担心的是开学后学校老师若暗示或要求孩子参加校外补习,不补就跟不上,那减负就落空了。希望教育部门能持续加强对学校的监督,让课堂真正承担起教学责任,别把压力转嫁给家长,也让我们普通家庭不用为未来的补课费用提前焦虑。"
643450C1FE488A4ABC73C6CE6EB878DBB1513AC00CF3DF13874DF585CCD8A6B5,关于减轻小学生家庭作业和校外培训负担的诉求,"领导您好。我是东北一个城镇的小学生家长,孩子现在上小学,不是毕业班。我们夫妻俩都在上班,家里人手少,老人也帮不上太多。暑假里孩子作业没有超标,但马上要开学了,我们最担心的是放学后这段时间。听说现在要求学校控制作业量、加强校内辅导,还要开课后服务,我们特别希望学校能真正做好。我们家长文化程度不高,辅导作业越来越吃力,以前也听说过有学校老师鼓动学生去校外补课,一年补课费好几千甚至上万,负担太重。我们不想让孩子输在起跑线上,但也不想被培训班绑架。请求领导督促学校把课后服务做实,让老师能在学校帮孩子把作业弄明白,别只看着不辅导;同时规范校外培训,别让机构乱涨价、贩卖焦虑。这样我们才能安心工作,孩子也能健康成长。"
1123F4628B8C35CA5460A440009FEB3466E3B28FF6F88678E5BF87C3A79C4E30,关于开学后小学生作业和课后辅导的担忧,"领导您好,我是一名小学生家长。我们两口子都在上班,老人不在身边,文化程度也不高,辅导孩子学习比较吃力。现在寒假快结束了,看到身边一些孩子假期还在补课,我家虽然没参加,但心里很焦虑。马上开学了,我最担心的是学校作业量控制不好,晚上写太久影响休息,或者老师暗示去校外补课。希望教育部门能继续加强对校外培训的监管,同时督促学校把作业时间规定落实到位,最好能提供真正有用的课后服务,让孩子在学校就能完成作业、得到辅导,这样我们家长也能安心工作。谢谢!"
A19106A118E46FBC9A4346DFE84268AC0D4E01798139E789F6AAC61180836904,关于提高学校课后服务质量的建议,"领导好,我家小孩上小学,我和爱人文化程度不高,辅导作业很吃力。现在校外学科培训少了,我们很支持,但更担心孩子学习跟不上。这学期学校有课后服务,孩子也参加了,可是我们对具体内容不太清楚,不知道是不是只是看管写作业,还是能有老师给讲讲不会的题、组织些活动。我们希望课后服务能真正帮孩子解决学习困难,而不是走过场,也别变成变相补课或和校外机构挂钩,加重家长负担。请有关部门关注一下,让课后服务更实在,让我们这样的家庭能放心。"
69C0EA96B0DE688A72F98AFF1C836F8B2E9AC19E9CB820E294AA5181E89D47BF,关于暑假孩子照护和防范补课反弹的诉求,"我家孩子在读小学,马上要升入新年级。我们夫妻双方都要上班,家里人手少,暑假里孩子基本没人专门看管,只能自己在家。我们没给孩子报学科补习班,目前孩子也没参加学校课后服务,作业量倒还符合规定。但我们很担心,等开学后,学校会不会像以前听说的那样变相发培训广告、暗示孩子不补课就跟不上,高年级作业会不会悄悄变多。我们家长文化水平不高,辅导不了太多,又不希望孩子被校外补课裹挟,更不想看到补课费越来越高。希望领导能持续关注小学阶段作业减负和课后服务,假期也能有公益性托管,让家长安心上班,孩子有地方去、有人管,别让补课风再刮回来。"
833F2698C356D04CD09593C36E970B0E73DFCB517300CA06D438E1876FB3392A,关于提升小学课后服务质量的建议与担忧,"我是一名小学生家长,孩子今年暑假参加了学校课后服务。目前孩子作业量在合理范围,课后服务也帮助我们双职工家庭解决了看护难题,对此我们很感谢。但我心里还是有些担忧:我和爱人文化水平不高,辅导孩子功课很吃力,希望课后服务能不只是集中看管,而是真正加强作业指导和兴趣活动,让孩子在学校就能解决学习问题,回家轻松一些。另外,虽然现在明面上的学科培训班少了,但我担心一些机构转入地下,收费更高,以后孩子到高年级可能又得靠补课,我们普通家庭压力很大。希望政府能继续督促学校提升课后服务质量,同时严查隐形变异的学科培训,让家长真正放心。"
5EA43A67AFE0FB6BC15FDEFD25D442CD38C7B6268E3CE9E838288FB0CA78E40D,关于暑假孩子照护和防范补课反弹的诉求,"我家孩子在读小学,马上要升入新年级。我们夫妻双方都要上班,家里人手少,暑假里孩子基本没人专门看管,只能自己在家。我们没给孩子报学科补习班,目前孩子也没参加学校课后服务,作业量倒还符合规定。但我们很担心,等开学后,学校会不会像以前听说的那样变相发培训广告、暗示孩子不补课就跟不上,高年级作业会不会悄悄变多。我们家长文化水平不高,辅导不了太多,又不希望孩子被校外补课裹挟,更不想看到补课费越来越高。希望领导能持续关注小学阶段作业减负和课后服务,假期也能有公益性托管,让家长安心上班,孩子有地方去、有人管,别让补课风再刮回来。"
62C3A385401B4C582478114E585C8A9B8D2823D181FEBCB3BEE54F424B68871B,关于提升暑期课后服务质量的建议,"领导您好,我是一名小学生家长。今年暑假孩子参加学校课后服务,我们双职工家庭确实方便了,但服务内容还比较单一,基本就是老师看着写作业、自由活动,缺少系统的作业答疑和兴趣活动。我们家长文化程度不高,辅导孩子很吃力,孩子作业虽然不多,但遇到不会的题我们也帮不上。现在校外培训少了,我们担心孩子学习差距会拉大。希望政府能督促学校把课后服务做得更扎实,增加作业辅导和文体活动,真正解决家长后顾之忧。"
5F876B27DF1CF8E5C3F1F24312EC20AB02B72B117EA15645ECF9A1D2FD3412F2,关于暑假孩子照护和防范补课反弹的诉求,"我家孩子在读小学,马上要升入新年级。我们夫妻双方都要上班,家里人手少,暑假里孩子基本没人专门看管,只能自己在家。我们没给孩子报学科补习班,目前孩子也没参加学校课后服务,作业量倒还符合规定。但我们很担心,等开学后,学校会不会像以前听说的那样变相发培训广告、暗示孩子不补课就跟不上,高年级作业会不会悄悄变多。我们家长文化水平不高,辅导不了太多,又不希望孩子被校外补课裹挟,更不想看到补课费越来越高。希望领导能持续关注小学阶段作业减负和课后服务,假期也能有公益性托管,让家长安心上班,孩子有地方去、有人管,别让补课风再刮回来。"
D268B6DE109072313A5CA4B27860604FFBD658AE8DDB0607D2FB991769049004,关于提升小学课后服务质量、防止培训负担回潮的建议,"领导好。我家孩子上小学,我和对象都上班,家里老人也帮不上太多,这个暑假孩子参加了学校的课后服务,我们确实省心不少。现在校外学科培训少了很多,本来是好事,可我们家长文化不高,有些学习上的问题辅导不了,总担心孩子跟不上。希望政府能督促学校把课后服务做得更实在,不只是看管,能真有老师答疑、带着阅读或开展文体活动,时间上也尽量和下班时间衔接好。另外,以前常听说有学校门口发培训传单、鼓动孩子去外面补课,一个假期补课费就大几千,我们普通家庭压力很大。现在虽然管严了,但担心换个形式又冒出来,希望继续严格规范隐形培训,别让课后服务流于形式,也别让补课负担再回来。"
8A3A8475D42CC71D9D23044453DB6E254246ED43F6A60413A69CE0FC3DA127A7,关于减轻初中生作业负担和规范教师批改作业的建议,"我家孩子在乡镇初中读书,暑假期间每天写书面作业的时间比较长,我们家长文化程度不高,辅导起来很吃力。按照现行规定,初中生书面家庭作业平均完成时间不应超过90分钟,但我们担心学校布置的作业量可能超过了这个标准。此外,过去周边学校出现过老师通过微信群让家长批改作业、作业批改不及时的情况,我们很担心自己孩子也会遇到类似问题。希望教育部门能核查学校的作业布置情况,督促老师合理控制作业量,亲自批改作业并做好讲评,不要将批改责任转嫁给家长。孩子睡眠时间一直比较充足,我们不想因为作业负担影响他的身心健康。"
CDB8F1CBBA29829D57664AE7403C001A14EB92CE94E8EF1A24393D91DA29F081,关于规范初中生暑假作业管理的请求,"领导您好。我家孩子在农村公办初中就读,非毕业年级。这个暑假,孩子书面作业完成时间明显超出了规定的90分钟上限,经常要写到很晚,影响正常休息。作为家长,我们文化程度不高,但很重视孩子学习,希望他能考上大学。听说有些学校存在老师把批改作业的任务推给家长或学生的情况,我们担心自己孩子学校也有类似问题。新学期马上开始,希望有关部门能督促学校严格落实作业管理规定,控制作业总量和时长,让老师认真批改作业,不要给家长增加负担,同时加强课后服务,让孩子在学校就能完成大部分作业,真正减轻孩子压力。"
C8F7F545D484DEF2D656E8957038ABA57159BD31A5E17E976DE814C3BFD5D907,关于减轻初中生家庭作业负担并落实教师批改责任的诉求,"领导好,我是西部农村一名初中生家长。孩子就读公办学校,非毕业年级,我们一直很重视教育,希望他将来能考上大学。但这个月我们看到孩子的书面家庭作业时间经常超过规定的一个半小时,有时写到很晚,虽然目前睡眠还算充足,但长期这样我们担心影响第二天听课和身体发育。我们家长文化程度不高,辅导作业越来越吃力。更让我们担心的是,有些作业似乎需要家长批改或学生自己批改,老师没有及时讲解和纠错,导致孩子做了很多题但错误得不到纠正,我们害怕这样下去会像一些地方反映的那样,孩子对学习失去兴趣。我们没有给孩子报学科培训班,学校课后服务也没有参加,家里经济条件还可以,但缺的不是钱,是老师负责任的指导。希望领导能督促学校严格落实作业时长规定,真正让老师批改作业、讲评作业,不要把批改任务转嫁给家长或学生,让孩子能学得扎实,也让家长安心工作。"
36F172B42D378A6FE7D8E95E96F89FBA1F90C984B4E49F47BAD1FEA4CC491230,关于农村初中课后服务与作业批改责任的诉求,"领导好!我是西部乡村一名初中生的家长。孩子现在读初中,不是毕业班。我们家经济条件还可以,但大人文化程度不高,对孩子能考上大学抱有很大期望。这个学期孩子参加了学校课后服务,每天时间不短,但我们很担心课后服务只是把学生聚在教室里看管,没有真正辅导作业、答疑解惑。以前也听说过有老师把批改作业推给家长或学生,孩子上了初中我们辅导不了,校外学科培训又减少,学校就更应该扛起责任。希望县里和教育局能加强对农村初中课后服务内容和作业批改的督查,督促老师认真批改作业、做好个别辅导,不要让课后服务流于形式,也不要给家长变相布置任务。我们家长愿意配合,但批改和教学的专业责任还请学校落实到位。"
0D3FD718FCFBB5DD822BF133E55DAEA9D70ABB431AC5E5229F746610B682F0ED,关于规范初中生暑假作业量及教师批改责任的建议,"领导好,我的孩子正在读初中,暑假期间学校布置的书面作业常常超过规定的90分钟时限,孩子经常写到很晚,影响了正常休息。我们家长文化水平不高,辅导能力有限,但一直很重视孩子的学习,也愿意配合学校。只是担心开学后老师是否会把批改作业的任务推给家长或学生,增加家庭负担,影响教学效果。希望相关部门能关注乡村学校的作业管理,督促学校合理布置作业,落实教师批改责任,让孩子能有更多时间阅读和锻炼,健康成长。"
ABF037654C98B22AC7EF7F6C7BA546614555B180E4B476F103746D24367BD20C,关于农村初中课后服务质量与作业指导的关切,"我是西部农村一名初中生家长,孩子就读公办非重点学校,平时通学时间短,但我和孩子妈妈都在工作,文化程度不高,辅导作业有些吃力。从目前情况看,孩子书面作业时长基本符合规定,本月也参加了学校课后服务,每周五天、每天两小时以上。我们原本希望课后服务能真正辅导孩子作业、提高学习兴趣,减轻家长负担。但根据我们周边类似家庭以往反映,有的学校课后服务只是集中看管,老师不认真答疑,作业批改不到位,甚至把批改任务推给家长或学生,导致孩子学习积极性下降。因此我们担心孩子所在学校课后服务也可能存在类似情况:老师是否真正利用这段时间指导作业、答疑解惑?服务质量有没有保障?作业批改是否由教师承担?希望领导督促教育部门加强对农村学校课后服务的过程监管和质量考核,明确教师指导责任,丰富服务内容,避免课后服务流于形式,让我们家长放心,也让孩子真正受益。"
9B1EEB46E2A1D4047E40C0145E5EF12AC220DA1F1478B7598A217581937E0DE6,关于规范初中生暑假作业量及教师批改责任的建议,"领导好,我的孩子正在读初中,暑假期间学校布置的书面作业常常超过规定的90分钟时限,孩子经常写到很晚,影响了正常休息。我们家长文化水平不高,辅导能力有限,但一直很重视孩子的学习,也愿意配合学校。只是担心开学后老师是否会把批改作业的任务推给家长或学生,增加家庭负担,影响教学效果。希望相关部门能关注乡村学校的作业管理,督促学校合理布置作业,落实教师批改责任,让孩子能有更多时间阅读和锻炼,健康成长。"
B1C338D3D6BA96C32367C9BF2FE84125966086259040D5CC8962ED8910EA39E9,关于农村初中课后服务与作业批改质量问题的反映,"我家孩子在农村公办初中读非毕业年级,这个暑假学校安排了课后服务,孩子也参加了。作为家长,我们文化不高但很重视教育,希望课后服务能真正帮助孩子,而不是简单看管或变成变相补课。以前就听说有学校让家长或学生批改作业、作文长期不批,搞到孩子厌学。现在虽然还没发现我们学校这样,但很担心课后服务时间没用好,老师仍把批改责任推给家长。孩子睡眠还可以,但初中作业不少,我们辅导不了,就盼老师多指导。希望领导督促学校落实课后服务的多样内容,加强作业校内指导,让老师认真批改作业,别让课后服务空转。农村孩子也想考上大学,拜托领导关注。"
37D6663B1377692D4CF68AE4707E791CAC670207BDBE0D990202EF13DA29C28B,关于规范初中生暑假作业量及教师批改责任的建议,"领导好,我的孩子正在读初中,暑假期间学校布置的书面作业常常超过规定的90分钟时限,孩子经常写到很晚,影响了正常休息。我们家长文化水平不高,辅导能力有限,但一直很重视孩子的学习,也愿意配合学校。只是担心开学后老师是否会把批改作业的任务推给家长或学生,增加家庭负担,影响教学效果。希望相关部门能关注乡村学校的作业管理,督促学校合理布置作业,落实教师批改责任,让孩子能有更多时间阅读和锻炼,健康成长。"
6A4056E143A44AEDC04266633FCF1928442ABEA111766D4795B9E80FBEBC7E12,关于乡村初中课后服务与作业批改质量的诉求,"我家孩子就读于西部乡村一所公办初中,这个暑假学校提供了每天至少两小时的课后服务,孩子也参加了。作为家长,我们很高兴学校能提供课后服务,解决了我们双职工家庭的照护困难。但我们也担心,课后服务是不是只是简单看管,没有真正起到辅导和提升的作用。我们家长文化程度不高,但很重视孩子学习,希望他能考上大学。现在校外学科培训少了,我们更依赖学校。以前听说有老师不认真批改作业,甚至让学生互批,孩子语文学习积极性受到很大影响。现在虽然作业时间符合规定,但作业质量、老师是否认真批改,我们心里没底。希望领导能督促学校把课后服务做实,老师认真批改作业、加强指导,别让乡村孩子因为学校质量跟不上而失去机会。"
9C5DC210DF7B22EA43688A4F54697FD6A671C509B948716A08E34A7FC24EEDB0,关于初中生作息与睡眠保障的诉求,"领导好,我是初中学生家长。孩子就读公办初中,非毕业班,家住城镇但学校离家较远,单程通学时间较长。我们夫妻都要上班,早晚接送和照看时间很紧。现在暑假作业量符合规定,但看到同省有初中家长反映孩子晚自习到很晚、早上到校太早,导致睡眠严重不足,早餐也吃不好。作为家长非常担心开学后学校也这样安排。孩子正在长身体,每天睡眠不足,学习效率也会下降。希望相关部门能在开学前对初中学校作息时间进行统一指导,不要强制或变相延长晚自习,早上到校时间不要过早,保障学生充足睡眠和正常吃早餐的时间。特别是通学距离远的学生,更应考虑他们的实际困难。谢谢。"
943E73C1A39CCE8F88D6078FBB41BAF24D59283F01F428A1B051E1619698D2F9,关于新学期初中课后服务与作业负担的担忧和建议,"您好。我家孩子即将升入初中非毕业年级,就读的是公办学校,家离学校比较远,单程通学时间不短。我们夫妻俩都要上班,时间上很难接送和盯作业。现在马上要开学了,看到要求学校统筹作业总量、开展课后服务的政策,我们很赞成,但也怕学校执行时走样。我们最担心的是课后服务被用来延长上课或集体讲题,孩子在校时间拉长,回家还要完成不少书面作业。我们也听说过一些初中学校存在晚自习结束很晚、早上到校过早的情况,孩子早饭吃不下、中午饿得难受,长期睡眠不足。我们不希望自己的孩子也陷入这种状态。希望领导在开学后能重点督促学校:课后服务坚持自愿,内容多样,时间上考虑通学距离;书面家庭作业严格落实不超过90分钟;同时关注学生在校就餐和课间安排,别让孩子饿着肚子学习。谢谢。"
25496A2238937D1E7644AA961BA86D0170503B8638259AEBD0403345F45BA5C6,关于规范初中课后服务保障学生休息与接送的建议,"领导好,我是一名初中学生家长。孩子就读公办初中,学校离家较远,我们夫妻都要上班,每天接送时间很紧张。目前孩子没有参加学校课后服务,寒假后马上开学,我们很担心开学后学校课后服务的具体安排。之前听说同地区有些初中晚自习到很晚,孩子睡眠不足,早餐到午餐间隔长也影响身体。我们孩子现在作业量还在规定范围内,但希望学校开学后若开展课后服务,能够真正自愿参加,不搞变相补课或统一晚自习,控制结束时间,考虑远途学生回家安全,并允许孩子带点课间餐。恳请领导协调学校合理安排,既解决我们双职工家庭的实际困难,又保证孩子有足够的休息和就餐时间。"
5D3B54CFE4F62C115B238EFC71089A310D28AACE99F2E216B2E40BB90E173178,关于课后服务时间过长影响孩子休息的诉求,"我家孩子上初中,学校是公办非重点,离家较远,单程通学时间长。这个月孩子参加了学校课后服务,按政策每天至少120分钟。虽然目前书面作业时间符合规定,但我很担心课后服务加上通学时间,孩子每天在校和路上时间过长,回家很晚,影响吃晚饭和睡眠。我们双职工家庭,时间本来紧张,孩子如果每天很晚到家,全家作息都受影响。政策说课后服务要自愿、内容多样,但我听说有的地方课后服务变成了集体补课或看管写作业,变相延长在校时间。我孩子没有参加校外学科培训,也不希望课后服务变成另一种负担。希望领导能关注学校课后服务的实际安排,督促学校真正落实自愿原则,不要强制或变相强制参加,内容上多些体育、兴趣活动,少些变相补习;同时考虑通学距离远的学生,合理调整时间,别让孩子太晚回家,保证基本休息和家庭生活。"
453B8368996E1443C849E45A5CF7F20BE81B19BB3CF69E0C7C64F84AAB4368C2,关于保障初中生作息和就餐的请求,"我是初中学生的家长。我们夫妻双方都在职,工作较忙,孩子每天上学单程通学时间较长,家庭时间安排比较紧张。这个暑假孩子的书面作业量符合规定,我们感到比较安心。但了解到一些地方初中存在晚自习到很晚、孩子睡眠不足、吃饭不规律的情况,我们很担心新学期学校也会这样安排。希望领导关注初中生的作息和负担问题,督促学校严格执行作业和在校时间规定,不要组织过长的晚自习或变相补课,保障孩子每天有足够睡眠和正常就餐时间。同时,考虑到双职工家庭接送困难,希望学校能提供规范的课后服务,但不要变成变相上课,让我们家长能安心工作,孩子也能得到适当照顾。"
2AEE560C628654091B694E3AD6268C60B6B3800820E72C5EC68FD889D0843E92,恳请关注初中课后服务时长对孩子作息的影响,"领导好。我家孩子现在读初中,不是毕业年级。我们夫妻都在上班,家里时间很紧,孩子的学校离家也比较远。这个暑假他参加了学校课后服务,目前作业量看起来还在规定范围内,但我们很担心秋季开学后情况会变。身边同省一些初中过去出现过晚自习拖到很晚、孩子早上起床困难、来不及吃早饭或中午饿肚子、考试作业叠加导致睡眠严重不足的情况。虽然现在政策要求学校统筹作业和课后服务,也要求规范培训,但作为家长,还是怕学校把课后服务简单当成延长在校时间,尤其是我们这种通学时间长的孩子,如果课后服务结束晚,回家再写作业,睡觉时间根本不够。希望领导能督促学校在安排课后服务时,把结束时间与家长下班时间科学衔接,同时考虑远距离学生的实际困难,避免变相增加负担;如果课后服务时间较长,也请关注孩子的晚餐或课间餐问题。我们不是反对课后服务,只是希望孩子能睡够、吃好,学习效率才有保障。谢谢。"
DA4AC6528D6A9EE7FE4C6481F4172DF7AAE416F14EEFB55200065B61C361F5B8,关于保障初中生作息和就餐的请求,"我是初中学生的家长。我们夫妻双方都在职,工作较忙,孩子每天上学单程通学时间较长,家庭时间安排比较紧张。这个暑假孩子的书面作业量符合规定,我们感到比较安心。但了解到一些地方初中存在晚自习到很晚、孩子睡眠不足、吃饭不规律的情况,我们很担心新学期学校也会这样安排。希望领导关注初中生的作息和负担问题,督促学校严格执行作业和在校时间规定,不要组织过长的晚自习或变相补课,保障孩子每天有足够睡眠和正常就餐时间。同时,考虑到双职工家庭接送困难,希望学校能提供规范的课后服务,但不要变成变相上课,让我们家长能安心工作,孩子也能得到适当照顾。"
8BB48FA27E45B7238CB02F3445462E7491E4A46F020269B82153D5366A479AAB,关于课后服务与长距离通学衔接问题的反映,"我家孩子上初中,非毕业年级,就读的是公办学校,学校离家比较远,单程路上耗时较长。这个月学校按要求提供课后服务,孩子也参加了,每天至少两个小时。我们夫妻都在上班,时间安排比较紧,很难每天及时接送和照顾。课后服务结束再算上回家路程,孩子到家时间恐怕会比较晚,我担心长期下来影响他吃晚饭和晚上休息。以前也看到过一些地方的孩子因为在校时间过长、放学太晚,出现睡眠不足、吃饭不规律的问题,我们很怕孩子也变成这样。希望领导能关注一下这类情况,协调学校在课后服务时间上考虑通学距离远的家庭,比如允许弹性离校、提供交通保障或安排校内晚餐,让孩子能早点到家,正常吃上晚饭、睡够觉。"
3117FD7189354BCD5854B21E95A729126D9D5626CA927B61A087F19852A8AF27,关于保障初中生作息和就餐的请求,"我是初中学生的家长。我们夫妻双方都在职,工作较忙,孩子每天上学单程通学时间较长,家庭时间安排比较紧张。这个暑假孩子的书面作业量符合规定,我们感到比较安心。但了解到一些地方初中存在晚自习到很晚、孩子睡眠不足、吃饭不规律的情况,我们很担心新学期学校也会这样安排。希望领导关注初中生的作息和负担问题,督促学校严格执行作业和在校时间规定,不要组织过长的晚自习或变相补课,保障孩子每天有足够睡眠和正常就餐时间。同时,考虑到双职工家庭接送困难,希望学校能提供规范的课后服务,但不要变成变相上课,让我们家长能安心工作,孩子也能得到适当照顾。"
438DD16897FB733E0B8724551BBCB1AE0BF5ED5B2962FE84A6F4C120E9BC4279,关于课后服务时间衔接与孩子休息保障的诉求,"领导您好,我是初中生家长。我们夫妻都在上班,家里时间很紧,孩子学校离家也比较远,单程通学时间长。孩子目前参加了学校课后服务,我们很感谢有这项安排,但接送和晚间休息仍然吃力。孩子参加完课后服务再坐车回家,到家已经很晚,吃饭、洗漱后剩余休息时间很少。目前孩子的书面作业虽然还在规定时间内,但我们担心秋季开学后课程增多,课后服务如果变成集中上课或额外布置任务,加上通学时间长,孩子睡眠会严重不足。身边也有家长反映过类似学校安排过紧、孩子睡不够的情况,我们很焦虑。希望领导能督促学校把课后服务真正用于作业辅导和自主活动,不要变相加课,同时考虑我们这类通学时间长、双职工家庭的实际困难,提供更灵活的离校时间或延长看护,让孩子能早点回家或在校完成大部分作业,保障基本睡眠。"
3895B593DB64515014B9A17CBC6F426AAC71D435738192157DE4B16D3D026D39,关于减轻初中生暑假作业负担的求助,"领导好,我是农村一名初中生家长。孩子现在暑假在家,本月书面作业情况不符合规定的时长要求,我们心里很着急。家里条件一般,我和孩子爸爸都在打工,文化程度也不高,辅导作业很吃力。孩子同住家人多,但能帮上学习的人少。我们担心作业太多会影响孩子睡眠,第二天没精神,也怕孩子对学习产生抵触。以前就听说过有学校布置作业过多,孩子写到很晚,家长还得签字,负担很重。希望领导能重视农村学校作业管理问题,督促学校严格执行作业时间规定,不要把所有辅导任务都推给家长,让孩子暑假能得到适当休息,开学后也能保持学习兴趣。"
20E884DF8351829F29EE7F3FF35BC2C813E41035D97E7EE8DFBDFDB0A7FF9D82,关于减轻初中生暑假作业负担的请求,"领导您好,我是中部农村一名初中生的家长。我们夫妻白天都要上班,文化程度不高。最近孩子放暑假在家,学校布置的作业量比较大,每天要写很长时间,明显超过了规定的90分钟。孩子经常写到很晚,我们担心长期这样影响孩子休息和身体,也怕孩子对学习产生抵触。我们晚上下班回来也很累,辅导作业很吃力,只能干着急。希望领导能督促学校落实作业管理要求,合理控制暑假作业总量,减少重复性抄写,多布置一些有质量的作业,并加强课后服务指导,让孩子能在校内完成部分作业,减轻我们农村家长的负担。"
4910F6823876A7FEBD573A9D200F29A0AB2E0B190C0F34DA1E8A1D9004AC84A6,关于减轻初中学生家庭作业负担的请求,"我是中部农村一名初中学生的家长。家里经济条件一般,我和孩子爸爸都在工作,家里人多,晚上能辅导孩子的时间有限。孩子这个月参加学校课后服务,但书面作业完成情况仍没有达到规定的时间要求,经常要到很晚。我担心开学后作业量还会增加,影响孩子睡眠和第二天听课,也加重我们家长的辅导负担。以前也听说过周边学校有作业太多、家长要签字被批评的情况,心里很不踏实。希望领导能督促学校合理布置作业,减少机械抄写和重复练习,不要把所有辅导任务都推给家长,让孩子有基本的休息和自主学习时间。"
334F7AD52DBE67A7BD1832A989D592A2FE4DC462FAE766C9F3B966F3DAF100BA,"希望减轻农村初中生作业负担,提高课后服务质量","领导好,我是中部农村一名初中生的家长。孩子现在参加学校课后服务,可这个月的书面作业还是不符合规定,经常写到很晚。我们夫妻都要打工,家里还有老人小孩要照顾,我本身文化程度也不高,实在没法辅导太多。感觉课后服务没有真正减轻孩子的作业负担,回家后还有不少作业要写。我们经济条件有限,外面学科培训也少了,更指望学校能把学习抓好。希望领导能督促学校真正落实作业统筹要求,把作业量控制在规定时间内,利用课后服务时间加强校内作业指导,少布置需要家长签字批改的任务,也不要因为作业没做好就公开批评家长。孩子正是长身体的时候,睡眠不足影响第二天上课。谢谢领导。"
26DA9FF3BEA76B8E1A904FB99031279EF3BC64D5CA89142FD8F8A3DCC610F9E2,关于初中生家庭作业负担过重的反映,"领导您好,我是一名初中学生的家长,家在农村,家庭条件一般,我们两口子文化程度不高,平时工作也忙。按照有关规定,初中生书面家庭作业平均完成时间不应超过90分钟,但我家孩子这个月的作业情况明显不符合这个规范,常常写到很晚才能休息。孩子还参加了学校的课后服务,但作业负担似乎并没有减轻,有时课后服务结束后仍要完成大量书面作业。老师还要求家长对每项作业签字,漏签了就在群里公开批评,我们压力很大。希望领导能督促学校严格按规范控制作业量,真正用好课后服务时间,减少机械重复性作业,让孩子能睡够觉,别把所有辅导任务都推给家长。"
3A554921A6B842F56ED00B247FB4CF5D6BC7E62EC1E432ECB0928B4D60FD6194,"农村初中生暑假作业负担重,盼领导督促落实减负","领导您好,我是农村的一名初中生家长。孩子暑假参加学校课后服务托管,每天在学校时间不短,但回家后还是有大量书面作业,经常写到很晚,明显超过规定时间。我们两口子文化不高,白天都要干活,晚上实在没精力辅导,只能眼睁睁看着孩子熬夜。现在不是要求初中生作业总量控制在90分钟内吗?可我们感觉没落实。希望领导能督促学校真正减少作业量,课后服务多让孩子在学校完成作业或者进行体育锻炼,别变成变相补课。孩子正是长身体的时候,长期睡眠不足影响健康和成绩。谢谢领导关心。"
4A79B1D26E2133828A72A00D7003AB330CEF000F1DBCDF8BB5009D101D8287CE,关于初中生家庭作业负担过重的反映,"领导您好,我是一名初中学生的家长,家在农村,家庭条件一般,我们两口子文化程度不高,平时工作也忙。按照有关规定,初中生书面家庭作业平均完成时间不应超过90分钟,但我家孩子这个月的作业情况明显不符合这个规范,常常写到很晚才能休息。孩子还参加了学校的课后服务,但作业负担似乎并没有减轻,有时课后服务结束后仍要完成大量书面作业。老师还要求家长对每项作业签字,漏签了就在群里公开批评,我们压力很大。希望领导能督促学校严格按规范控制作业量,真正用好课后服务时间,减少机械重复性作业,让孩子能睡够觉,别把所有辅导任务都推给家长。"
545FE7C86B145E2F3034CF48F970BA545D8E5102B20C4F085442652D451B75DB,关于减轻孩子暑假课后服务期间作业负担的诉求,"我家孩子在初中就读,我们住在乡村,家庭经济条件有限,我和孩子妈妈都只有初中文化,平时要打工,辅导作业很吃力。这个月孩子参加了学校课后服务,但书面作业情况仍然不符合当前年级规定的不超过90分钟的要求。我们担心课后服务可能变成集中写作业或加课,孩子回家后还要继续写很久,负担没有真正减轻。我们没有能力给孩子报校外班,学校课后服务和校内作业指导是我们最重要的依靠。希望领导能督促学校统筹好作业总量和时长,减少机械重复的书面作业,课后服务多安排一些阅读、体育、兴趣活动,不要把辅导和检查作业的任务都推给家长。谢谢领导关注。"
9E367CDB2165728A9C760DA75AF886EF3EE638BA50B3A1313F8140A11A207E9A,关于初中生家庭作业负担过重的反映,"领导您好,我是一名初中学生的家长,家在农村,家庭条件一般,我们两口子文化程度不高,平时工作也忙。按照有关规定,初中生书面家庭作业平均完成时间不应超过90分钟,但我家孩子这个月的作业情况明显不符合这个规范,常常写到很晚才能休息。孩子还参加了学校的课后服务,但作业负担似乎并没有减轻,有时课后服务结束后仍要完成大量书面作业。老师还要求家长对每项作业签字,漏签了就在群里公开批评,我们压力很大。希望领导能督促学校严格按规范控制作业量,真正用好课后服务时间,减少机械重复性作业,让孩子能睡够觉,别把所有辅导任务都推给家长。"
B9BBCFEAACEA95C1DD8537452D12411CC57774F22F51A502C89220720A1541CF,关于减轻农村初中生作业负担的请求,"领导您好,我是中部农村一名初中生的家长。孩子今年上初中,不是毕业班,家里经济条件一般,我和孩子妈妈都要打工,文化水平不高,辅导作业很吃力。这个暑假学校安排了课后服务,孩子也参加了,我们原本以为能减轻点负担,但这个月孩子的书面作业还是超过规定时间,晚上经常写到很晚,我们看着着急又帮不上。附近也有家长反映过类似情况,有的学校作业多到孩子十点还写不完,还要家长签字,不签就在群里批评。我们担心这样下去孩子身体吃不消,也会失去学习兴趣。希望领导能督促学校真正落实作业管理,把书面作业平均完成时间控制在90分钟以内,少布置一些重复抄写的作业,多利用课后服务时间在学校完成作业、开展活动,不要把所有辅导任务都推给家长。我们理解学习重要,但孩子的身心健康同样重要。请领导帮忙解决。"
E53381D9F6D174311BC938B2A7107BFC633C013B9D0588182B9A7B9A8FAA4335,关于小学暑假书面作业超时影响孩子休息的反映,"领导好,我是西部农村一名小学生家长。孩子就读的是公办重点小学,平时睡眠时间还算充足。但最近暑假期间,发现孩子每天要花不少时间写书面作业,有时候超过一个小时,已经超出了当前年级规定的作业时长。我们夫妻文化程度不高,辅导起来很吃力,家里经济条件也一般,看到孩子整天趴在桌上写作业,心里很着急。学校是重点学校,我们信任学校,但作业量似乎没有控制好,农村孩子假期本应多休息、多活动,现在这样担心影响身体和视力。希望教育部门能关注农村小学暑假作业管理,督促学校合理布置作业,落实作业时长规定,让孩子过个轻松一点的假期,开学后也能保持合理负担。谢谢领导。"
FF6166A5A8F92551A4C1558D68B1EF9A17258A30C188D283FE1B3D3A885DF7EB,关于乡村小学生暑期作业负担过重的反映,"领导您好,我是一名西部乡村小学生的家长,孩子就读于本地一所公办重点小学。我文化程度不高,家庭经济条件一般,平时也尽力配合学校教育。这个暑假发现孩子的书面作业量比较大,完成时间经常超过规定的一个小时,作为家长很担心长期这样会影响孩子的睡眠和身体,也怕孩子对学习产生厌烦情绪。我们这边学校班级人数可能不少,老师平时已经很辛苦,我们担心作业布置上难免不够精细,有些重复抄写的内容对孩子帮助不大。希望领导能督促学校真正落实作业总量和质量的统筹管理,让作业更有针对性,同时利用好课后服务时间给孩子一些校内指导,减轻我们家长的负担。另外也盼望继续改善乡村学校的师资和班额条件,让每个孩子都能得到关注。"
23CFA9B687E4E8D38608A41737ACD700B016E106B9F26E7790D13E2A7B36DF2D,关于农村小学生书面作业时长问题的反映,"领导您好,我是一名小学生的家长,家住西部农村。最近发现孩子的书面作业完成时间不符合规定时长,虽然不清楚具体是哪些科目、多了多少,但看着孩子晚上还在写作业,睡眠时间都受到影响,心里很着急。孩子平时睡眠一直比较充足,现在这样让我们担心长期下去影响身体和学习兴趣。我们这里学校是公办重点学校,但班级人数可能不少,老师顾不过来,作业布置可能不够精当。孩子没有参加课后服务,作业全带回家,我们家长文化水平有限,辅导越来越吃力。周边也有家长反映班额较大、老师负担重,担心作业量不好控制。希望领导能督促学校严格落实作业时长管理要求,合理布置书面作业,尽量让孩子在校内完成大部分作业;同时加强教师作业设计指导,别用大量重复作业代替质量。谢谢。"
F0F9C6FFA5246DD114514F485458DE4B6FFB4AB933ECEE2EF2DA486A74463EBC,关于乡村小学课后服务质量和师资保障的诉求,"我家孩子在村里的一所公办小学读书,最近参加了学校提供的课后服务。作为家长,看到孩子在校时间延长了,书面作业也能按时完成,心里是欢迎的。但我们担心课后服务只是把孩子集中看管,一个班学生不少,老师数量有限,很难照顾到每个孩子。尤其乡村学校本来师资就紧张,老师日常教学任务已经比较重,再增加课后服务时间,如果经费和人员跟不上,最后可能变成学生自己写作业、老师守着,活动内容单一。希望领导能重视乡村学校课后服务的实际效果,在师资配备、经费保障和活动设计上多支持,让老师有精力开展阅读、体育、兴趣活动,而不是简单延长在校时间。同时希望学校继续把书面作业控制在合理时间内,多利用课后服务进行校内辅导,减轻家长的压力。孩子是自愿参加的,但我们盼望这每天两小时真正有价值,而不是凑时长。"
DCE5E3AB2B2E18CCDFB3A5E7F3E0F439922873622A61263E92DCD8C51839E47F,关于乡村小学生暑假书面作业超时影响身心健康的反映,"领导好,我是西部农村一名小学生的家长。孩子就读的是公办重点小学,单程上学要花不少时间。这个暑假孩子的书面作业明显偏多,每天写作业时间经常超过一个小时,不符合当前年级规定的书面作业平均完成时间原则上不超过60分钟的要求。孩子还小,长时间伏案写作业,睡眠虽然还算充足,但户外活动时间被挤占。我们家长文化程度有限,辅导起来也很吃力。学校是重点示范学校,但班上孩子多,我们担心老师精力有限,难以兼顾每个孩子。孩子本月没有参加学校课后服务,作业都在家完成,我们更难监督。希望上级能督促学校科学安排作业量,真正落实减负要求,让孩子暑假有休息和锻炼的时间,不要被机械书面作业压得喘不过气。"
D358F42061877CDD65934EAE78D3B896B9FBD35AA364F346EF2463B838DBB6F5,关于乡村小学课后服务质量的担忧和建议,"领导您好。我家孩子在西部农村一所公办重点小学就读,目前还没有到升学年级。相关要求实施一年多,学校课后服务说是一周五天、每天不少于两小时,这个月我们也让孩子参加了。我们家长文化水平不高,经济上也没条件报外面的班,对校内课后服务寄望很大,希望孩子在学校能把作业完成好,还能参加一些活动。但我们担心农村学校班额不小、老师本身教学任务重,课后服务如果师资和经费保障不到位,容易变成单纯看管或者集中上课,作业辅导和兴趣活动质量打折扣。希望领导关注农村重点学校课后服务的实际运行,督促配足师资、用好经费,把作业指导做扎实,也减轻家长辅导压力。"
C3B2CA16B6E2F4B64BF35A02C6F58842FB3AE5865CF8052C99E26B08F788AA28,关于乡村小学生暑假书面作业超时影响身心健康的反映,"领导好,我是西部农村一名小学生的家长。孩子就读的是公办重点小学,单程上学要花不少时间。这个暑假孩子的书面作业明显偏多,每天写作业时间经常超过一个小时,不符合当前年级规定的书面作业平均完成时间原则上不超过60分钟的要求。孩子还小,长时间伏案写作业,睡眠虽然还算充足,但户外活动时间被挤占。我们家长文化程度有限,辅导起来也很吃力。学校是重点示范学校,但班上孩子多,我们担心老师精力有限,难以兼顾每个孩子。孩子本月没有参加学校课后服务,作业都在家完成,我们更难监督。希望上级能督促学校科学安排作业量,真正落实减负要求,让孩子暑假有休息和锻炼的时间,不要被机械书面作业压得喘不过气。"
FA515A14F45C8339F73ED2A5E7CB106850928BA240B8D4370646CB0A49A4FBEF,关于农村小学课后服务质量和师资保障的诉求,"我家孩子在本地一所农村重点小学就读,这个月参加了学校课后服务。学校说每天提供不少于两小时服务,但我们家长心里不太踏实。农村学校一个班学生不少,老师平时上课已经很吃力,课后服务如果再增加老师负担,担心变成单纯的集中看管,作业辅导和兴趣活动顾不上。我们家经济条件一般,也没有给孩子报外面的学科培训班,课后服务成了孩子放学后最重要的学习和活动时间。虽然现在孩子书面作业时间还能符合规定,但课后服务里的作业指导质量怎么样,老师能不能照顾到每个孩子,我们不清楚。希望领导能督促教育部门重视农村学校课后服务的实际困难,在师资安排和经费保障上多想办法,合理控制班级人数,不要让好政策在基层走样。同时加强对课后服务内容和质量的检查,让孩子真正能在学校里完成作业、参加活动,我们家长也能安心。"
010ED3FCB2E2ADD689EFD50B5AD49A6A2E80D9302B6FA01F3C2D73749E615BF5,关于乡村小学生暑假书面作业超时影响身心健康的反映,"领导好,我是西部农村一名小学生的家长。孩子就读的是公办重点小学,单程上学要花不少时间。这个暑假孩子的书面作业明显偏多,每天写作业时间经常超过一个小时,不符合当前年级规定的书面作业平均完成时间原则上不超过60分钟的要求。孩子还小,长时间伏案写作业,睡眠虽然还算充足,但户外活动时间被挤占。我们家长文化程度有限,辅导起来也很吃力。学校是重点示范学校,但班上孩子多,我们担心老师精力有限,难以兼顾每个孩子。孩子本月没有参加学校课后服务,作业都在家完成,我们更难监督。希望上级能督促学校科学安排作业量,真正落实减负要求,让孩子暑假有休息和锻炼的时间,不要被机械书面作业压得喘不过气。"
F6FD0E5605C3515E8DB3391E9FC00F19F47A06A596E723323145A3A07CFCC433,希望加强农村学校课后服务师资与内容保障,"领导好,我们是西部农村的一个小学生家庭,家里条件一般,假期照看孩子压力比较大。这个月孩子参加了学校的课后服务,每天时间不短,我们很感激学校提供了地方,但也有些担心。现在外面学科培训班不好找,我们也负担不起,学校课后服务成了孩子假期学习和成长的重要依靠。可我们怕课后服务只是把孩子集中起来看管,老师人数有限,顾不过来,内容也不够丰富,孩子坐在那里时间长了收获不大。我们希望地方能重视农村学校课后服务的实际质量,在师资和经费上多支持,增加一些学业辅导、阅读、体育和兴趣活动,让孩子假期里不只是有人看,更能真正学到东西。我们家长期望孩子能考上大学,但自己文化程度不高,辅导不了太多,学校课后服务如果再扎实一些,对我们这样的家庭就是很大的帮助。恳请领导督促落实,谢谢。"
4AA5B1DEEF13B5D0238D22431F9B9FC4EB1EAF8B70D98F14C560120FBE6475EF,关于小学书面作业超时和罚抄现象的担忧,"领导您好,我是本地一名小学生的家长。这个月孩子的书面作业情况已经不符合规定的时间要求,虽然现在是暑假,但我们很担心开学后作业负担会更加失控。我们周边学校过去有过老师罚抄错题、搞题海战术、期末赶教辅的情况,孩子经常做到很晚,第二天没精神。我们希望有关部门能在开学前督促学校严格落实作业时间要求,合理布置作业,不要机械罚抄,保障孩子的睡眠和休息时间。我们家长时间也紧,实在应付不过来。谢谢领导关心。"
960BE73B9B3E815083EDBD996B3261EB6140CA8BCD72245B9ACA513592967813,关于小学暑假书面作业负担过重请求协调处理的留言,"领导好。我家孩子在读小学,这个暑假的书面作业明显超过了规定的一个小时,孩子每天写得吃力,我们双职工家庭下班晚,也没法一直陪着辅导。孩子平时睡眠时间本来比较充足,现在为了赶作业经常要拖到很晚,我们很担心长期这样影响身体和开学后的状态。我们听其他家长说起过,有的班还存在罚抄错题、重复抄写的情况,虽然不能确定自己孩子班上一定这样,但确实害怕机械重复的作业挤占了正常休息。希望领导能督促学校落实作业管理要求,统筹好书面作业总量和时长,减少惩罚性、重复性作业,让孩子能在合理时间内完成,保障睡眠和假期休息。我们也希望学校能加强校内作业指导,课后服务能真正帮孩子消化一部分任务,减轻我们这种双职工家庭的负担。谢谢领导。"
A7889C32168D3BB270F55C9BF62E57D0293E1EB7AC7BB1E7B8A90E7C6259EAE8,小学生书面作业超时且校外培训费用压力大,"领导您好,我是西部城镇一名小学生的家长,我们夫妻都在上班,家里经济条件一般。这个月孩子书面作业完成情况没有达到规定时间要求,我们很担心作业量偏重,影响孩子睡眠和正常休息。孩子最近没有参加校内课后服务,我们下班晚,只能让孩子继续上校外学科辅导班,但收费和以前差不多,对我们这样的家庭是不小的负担。希望相关部门能督促学校严格落实作业管理规定,合理布置作业,同时推动学校提供课后服务,减轻我们双职工家庭的照护和经济压力,让孩子能健康成长。"
23B740CCA69808FB285C14F597BBB03C8D7C98224A64B234681CBE494D7BA62B,关于提升小学课后服务质量与作业指导的建议,"领导您好,我家孩子在读小学,我们夫妻都要上班,家庭经济不宽裕,现在也停了校外学科培训。学校这学期开始提供课后服务,孩子也参加了,每天到下午五点半左右,听说原则上每天至少两小时。我们很支持这项政策,但心里有些担忧。以前我们这边有学校老师布置作业太多,还罚抄错题,孩子经常做到很晚,现在虽然作业时间按规定减下来了,但我们担心课后服务只是把孩子集中看管,老师辅导不到位,或者变相布置额外任务,反而增加负担。希望领导能关注学校课后服务的落实情况,督促学校丰富内容,比如安排作业辅导、阅读、体育和兴趣活动,确保孩子在校内把作业完成,回家能早点休息,也缓解我们接送困难。同时请加强监管,防止个别老师把课后服务变成补课或变相增加作业。谢谢!"
6ADF9C75332326BECD1C02BDAB3762F870AAB342038FEF0D47CE7864CF4C858B,关于孩子暑假作业和校外培训负担的反映,"我是一名小学生的家长,孩子目前正在读小学,家里经济条件一般,我和配偶都要上班,平时时间很紧张。暑假里孩子除了完成学校布置的书面作业,还在参加校外的学科类培训。我们注意到,本月孩子的书面作业情况和相关时长要求存在出入,虽然没法精确统计每天做多久,但结合身边一些家长反映的情况,我担心作业量偏大、机械重复的抄写类任务会挤占孩子休息和活动的时间。孩子以前睡眠比较充足,我们不想看到开学后因为校内作业和校外培训叠加,觉不够睡、影响身体。家里并不宽裕,校外培训收费对我们来说压力不小,但为了不落后还是勉强坚持,如果学校作业再控制不好,确实很难安排。希望领导能督促学校合理安排暑假及开学后的书面作业,严格落实时长要求,减少机械性、重复性任务;同时请相关部门关注校外学科培训的收费和教学安排,避免给普通家庭增加过多负担。"
77D7562EF080E54BE99989541BB8C4B4A10B244810B22075A74291820FB785E0,关于学校课后服务与作业管理的担忧,"领导您好,我是西部一个县里的小学生家长。孩子正在上小学,我们夫妻两个都要上班,家里经济条件一般,时间也很紧,以前没条件让孩子上校外补习班。现在孩子参加了学校的课后服务,我们本来指望能在学校把作业完成,减轻我们下班后的负担。但心里一直不踏实。以前我们这边有过老师让孩子罚抄错题、一抄就是几十遍,还有期末突击买教辅赶作业的事,我们很怕学校课后服务只是让孩子干坐着,或者把作业压力换个方式压下来,并没有真正提质减负。目前孩子说作业量还行,但暑假结束后、开学以后能不能继续保持?希望领导能帮忙督促学校把课后服务的内容安排实在一些,加强作业设计,别让罚抄、突击买资料这类事情再发生,让我们家长能安心工作。"
AAAC0783A71F084CFCFA98CF6D9AA63B6C9435686946805BB2A75111A3A8F979,关于孩子暑假作业和校外培训负担的反映,"我是一名小学生的家长,孩子目前正在读小学,家里经济条件一般,我和配偶都要上班,平时时间很紧张。暑假里孩子除了完成学校布置的书面作业,还在参加校外的学科类培训。我们注意到,本月孩子的书面作业情况和相关时长要求存在出入,虽然没法精确统计每天做多久,但结合身边一些家长反映的情况,我担心作业量偏大、机械重复的抄写类任务会挤占孩子休息和活动的时间。孩子以前睡眠比较充足,我们不想看到开学后因为校内作业和校外培训叠加,觉不够睡、影响身体。家里并不宽裕,校外培训收费对我们来说压力不小,但为了不落后还是勉强坚持,如果学校作业再控制不好,确实很难安排。希望领导能督促学校合理安排暑假及开学后的书面作业,严格落实时长要求,减少机械性、重复性任务;同时请相关部门关注校外学科培训的收费和教学安排,避免给普通家庭增加过多负担。"
E07A9FCC122B2D227B58DEC8EE9D2765735DD89E26FAE818871CF388DE22389A,希望课后服务能真正减轻双职工家庭负担,"领导您好,我是一名小学生的家长,我们夫妻都在上班,家庭经济条件一般,暑假孩子参加了学校的课后服务,我们确实很需要这段时间有人照看。不过我们有些担心,怕课后服务只是让孩子自己写作业,或者变成变相补课,质量没有保障。以前听同省其他家长反映过,有的学校作业多、罚抄严重,孩子回家写到很晚,我们很怕类似情况再出现。现在孩子书面作业量基本符合规定,但希望领导能督促学校把课后服务内容安排得更丰富一些,加强作业辅导,避免机械重复作业,真正减轻我们双职工家庭的负担。"
6857C7FFDA94348AB7A8788B57C58131E73D91EE4ABB9E44F693A142B81254A1,关于孩子暑假作业和校外培训负担的反映,"我是一名小学生的家长,孩子目前正在读小学,家里经济条件一般,我和配偶都要上班,平时时间很紧张。暑假里孩子除了完成学校布置的书面作业,还在参加校外的学科类培训。我们注意到,本月孩子的书面作业情况和相关时长要求存在出入,虽然没法精确统计每天做多久,但结合身边一些家长反映的情况,我担心作业量偏大、机械重复的抄写类任务会挤占孩子休息和活动的时间。孩子以前睡眠比较充足,我们不想看到开学后因为校内作业和校外培训叠加,觉不够睡、影响身体。家里并不宽裕,校外培训收费对我们来说压力不小,但为了不落后还是勉强坚持,如果学校作业再控制不好,确实很难安排。希望领导能督促学校合理安排暑假及开学后的书面作业,严格落实时长要求,减少机械性、重复性任务;同时请相关部门关注校外学科培训的收费和教学安排,避免给普通家庭增加过多负担。"
DAFEEE70B2307DBCDCE33B50D2E2EBBDD1092A79F21B62B48F2D7EC1F653EC1A,关于提升学校课后服务质量的建议,"领导您好,我是西部城镇一名小学生的家长。我们夫妻双方都在工作,家庭经济条件一般,时间也比较紧张。孩子这学期参加了学校的课后服务,目前书面作业量符合规定,没有超时,但我们很担心课后服务的实际质量。听说政策要求课后服务内容多样、自愿参加,但不知道学校是否真正落实到位。我们希望课后服务不要只是简单看管,而是能提供有效的作业辅导和兴趣活动,帮助孩子巩固知识、发展兴趣,也减轻我们晚上辅导的压力。由于家庭经济有限,我们已经停止了外面的学科培训,更加依赖学校的课后服务。如果课后服务质量不高,孩子学习可能跟不上,我们也没有能力额外补课。所以恳请领导关注学校课后服务的开展情况,加强监督和经费保障,提高师资水平,让课后服务真正起到作用。另外,也希望关注学校是否存在变相增加作业或要求购买教辅资料的情况,避免加重家长和学生负担。谢谢!"
D84E0CB645D3E110746146D5A0C5DECD95FB224EA42BE987AFC94CD8557D5DBB,关于乡村小学通学不便及师资保障问题的反映,"我家孩子在乡镇公办小学就读,单程通学时间较长,家庭经济条件一般,父母双方并非都在工作,接送和照顾精力有限。马上要开学了,每天往返路程远,沿途路况复杂,我们很担心孩子的安全和身体健康。周边不少家庭由老人帮忙接送,遇到刮风下雨更是不便,希望上级能考虑优化学校划片、增加校车或改善道路设施,减轻乡村家庭负担。另外,乡村学校师资相对薄弱,我们担心教师流动性大、对孩子缺乏耐心,影响学习积极性,希望加强师德和教学管理。"
F26099331E70DE12812CC451CD4EEDAA27B80F9F004803D7A3FBF0EC588B2F2B,乡村小学课后服务落实与接送难题盼关注,"领导您好,我是东部乡镇一名小学生家长。家里经济条件一般,我们文化程度不高,辅导孩子作业比较吃力。孩子在公办小学读书,学校离家远,单程通学时间长,日常接送已经很困难。听说现在要求学校开展课后服务,我们非常期待,但担心乡村学校师资和经费不足,课后服务变成走形式,不能真正解决作业辅导和看护问题。孩子本身反应慢、专注力不够,我们怕在集体活动中被忽视甚至受委屈。希望领导督促学校把课后服务做实,加强乡村学校师资和经费保障,统筹好作业指导,同时考虑改善农村学生上下学交通条件,让我们这样的家庭能安心工作、孩子能安心学习。"
642016D459DC35FFA9B0410B876F57DBDA28EBA42C695F7E9131957B866B2054,关于解决乡村小学生上下学交通困难的请求,"领导您好。我是一名乡村小学生的家长,孩子就读的是附近的公办小学,但学校离家较远,单程通学时间比较长。家里经济条件一般,我和家人没办法都专门接送,很多时候只能靠老人帮忙。老人腿脚不便,遇到刮风下雨天,路上时间长,安全隐患大。2月份就要开学了,孩子还要参加学校课后服务,放学时间更晚,回家路上更让人不放心。希望领导能关注乡村孩子上下学交通问题,协调优化校车或公交线路,或者结合实际情况重新考虑入学区域划分,让孩子能就近入学,减轻我们普通家庭的接送负担。谢谢。"
E046658CA043AE48895B2B03E7C5F3D9311539BE9140242F8C91675CF99C50EA,关于农村小学课后服务质量与交通衔接的诉求,"领导好,我是一名农村小学生的家长。孩子现在参加学校课后服务,每天到傍晚才结束,但学校不是重点校,资源有限,我们心里不踏实。我们文化程度不高,辅导不了孩子学习,原本指望课后服务能让孩子在学校完成作业、有点兴趣活动,可又担心只是单纯看管,老师精力不够,内容单一。孩子单程上学路远,课后服务结束后天都快黑了,乡村交通不便,接送和安全让人揪心。希望政府能督促学校真正落实课后服务要求,加强师资和经费保障,丰富服务内容,别让好政策停在纸面上,也请考虑农村孩子放学后的交通衔接问题。"
B48B53F74A83659803F91D06EAD630355A9AEED8603E96B1EBD187F4B401B735,关于农村小学课后服务师资和接送困难的反映,"领导您好,我是村里一名小学生的家长。孩子暑假参加学校课后服务,我们很支持,但有些担忧。我家住得远,单程到学校时间比较长,老人接送很不方便,夏天天气热,老人腿脚也不好,路上太辛苦。希望领导能考虑农村家庭实际困难,协调学校优化课后服务时间或者提供交通帮助。另外,我们担心课后服务里老师素质参差不齐,孩子本身基础一般,怕老师因为孩子学得慢就不耐心甚至推责任,希望加强对课后服务师资和管理的监督。还有,按规定这个年级不布置书面家庭作业,希望学校在课后服务中也能真正落实,别让孩子增加负担。谢谢领导。"
96F6539490F77F74DC69789C0F284E8DC295B85B5468176E8317A85A7E051DB5,关于乡村小学课后服务质量和针对性的诉求,"领导您好,我是一名乡村小学生的家长。孩子这个月在学校参加课后服务,但我们了解下来,课后服务基本就是看管,老师很少针对孩子学习上的困难进行辅导。我们家长文化程度不高,家里经济条件一般,校外培训不好找,孩子基础偏弱、学东西慢,我们很担心这样下去跟不上。希望领导能督促学校加强课后服务的师资和内容安排,多安排有耐心的老师或志愿者,给孩子一些个别辅导和习惯培养,不要流于形式。另外,学校离家远,课后服务结束后回家比较晚,我们接送和照看压力不小,希望统筹考虑农村实际,让服务时间或交通安排更合理。谢谢。"
8D2821A58C4B559639CF88CE1F627DCB00DC765013232C63851820571349CC83,关于农村小学课后服务师资和接送困难的反映,"领导您好,我是村里一名小学生的家长。孩子暑假参加学校课后服务,我们很支持,但有些担忧。我家住得远,单程到学校时间比较长,老人接送很不方便,夏天天气热,老人腿脚也不好,路上太辛苦。希望领导能考虑农村家庭实际困难,协调学校优化课后服务时间或者提供交通帮助。另外,我们担心课后服务里老师素质参差不齐,孩子本身基础一般,怕老师因为孩子学得慢就不耐心甚至推责任,希望加强对课后服务师资和管理的监督。还有,按规定这个年级不布置书面家庭作业,希望学校在课后服务中也能真正落实,别让孩子增加负担。谢谢领导。"
FBA82ECCEDDD040CAA11A37FE2E2F89C1810D8E7C54B2904F0CDA802DF9E51A0,关于乡村小学课后服务师资态度与接送安全的诉求,"领导好。我家孩子在村小读书,平时反应慢、专注力不够,老师教学确实辛苦,我们一直很理解。现在孩子参加了学校课后服务,每天时间不短,可我们最担心的是课后服务里老师能不能耐心对待这样的孩子。以前就听过有老师因孩子学得慢说些带歧视的话,出了事先怪家长,甚至不愿好好沟通,我们很怕孩子再受委屈。另外,我们住在村里,到学校路远,很多家都是老人接送,课后服务结束晚,路上安全也是大问题。希望领导能督促学校加强课后服务教师的师德管理,配备有耐心、能关注学困孩子的老师,同时考虑乡村实际,协调好课后服务后的接送或安全保障,别让好事变成家长的负担。"
C60A66A9B325E4D5F9F7CC3A341539A79DD4186EECB8769982D643C8E182CA71,关于农村小学课后服务师资和接送困难的反映,"领导您好,我是村里一名小学生的家长。孩子暑假参加学校课后服务,我们很支持,但有些担忧。我家住得远,单程到学校时间比较长,老人接送很不方便,夏天天气热,老人腿脚也不好,路上太辛苦。希望领导能考虑农村家庭实际困难,协调学校优化课后服务时间或者提供交通帮助。另外,我们担心课后服务里老师素质参差不齐,孩子本身基础一般,怕老师因为孩子学得慢就不耐心甚至推责任,希望加强对课后服务师资和管理的监督。还有,按规定这个年级不布置书面家庭作业,希望学校在课后服务中也能真正落实,别让孩子增加负担。谢谢领导。"
5A0C32032E57B8CE7DDEF64270D96B34ECE3FA813EF7DB4BE1F635F570AB0094,关于乡村小学课后服务质量的建议,"领导您好,我是一名乡村小学生的家长。孩子就读公办小学,学校不是重点,每天上学路程也比较远。我们家庭经济条件一般,家长文化程度不高,辅导孩子学习很吃力,心里希望孩子将来能考上大学。现在学校每天提供课后服务,孩子这个月也参加了。但我们有些担心:学校师资和条件有限,课后服务会不会只是把孩子集中起来看管,没有真正辅导作业、开展有益活动?家里没有能力给孩子报课外班,课后服务是我们很重要的指望。另外,现在低年级原则上不布置书面家庭作业,我们怕孩子基础不牢,更希望课后服务能帮孩子巩固知识、培养习惯。恳请领导关注乡村学校课后服务的实际内容、师资配备和经费保障,别让政策落实不到位,也帮帮我们这样的家庭。"
76479A5F4E50F9EF3AFADAF723339A5A6A4CCDCCBB21D8CBE071CD34C98BA4BF,关于解决乡村学生上学路途远安全隐患的建议,"领导好。我家孩子在村里,上的学校离家比较远,每天单程在路上要花很长时间。马上要开学了,想到孩子每天上下学要经过车多人多的路段,心里很不踏实。家里经济条件有限,也没法天天接送,更负担不起额外交通费用。希望政府能帮忙协调一下校车或者公交线路,让孩子上学放学路上安全些。孩子睡眠一直比较充足,我们也不希望因为路途远把时间耗在路上,影响学习和休息。恳请领导重视乡村孩子上学出行难的问题,谢谢。"
6772D6E6E24FDBAE3C9C88EBE2A72FACB529F4C09DA372442D79454B5ADB40B4,关于农村小学生上学远及课后服务的诉求,"领导好,我是农村一名小学生家长。孩子就读的公办学校离家比较远,单程路上要花不少时间,乡村道路车多,我们每天接送都很担心安全。现在马上要开学了,听说上级要求学校开展课后服务,我们非常希望能落实到位。我们家庭经济条件一般,平时要忙生计,没法按时接孩子。如果学校能开展课后服务,让孩子自愿参加,时间上能方便我们接送,有老师辅导作业、开展一些活动,既解决了接送难题,也能让孩子不落后。希望领导重视农村学校课后服务的实际开展情况,在经费和师资上给予保障,不要让收费成为我们负担,也别让服务流于形式。谢谢。"
C09A382562F2EECC1FB0D0F0B6D5A985EE9FBDB7AC1720886862AA1FA2059CE5,关于农村小学生上学路远存在安全隐患的求助,"领导您好,我是中部地区一名农村小学生的家长。孩子就读的公办学校离家比较远,单程通学时间很长,每天上下学在路上耗费大量时间。这个月孩子参加了学校课后服务,放学时间更晚,我担心天黑路远、车多人多,路上不安全。虽然现在孩子作业不算重,睡眠也还能保证,但长期这样奔波,既影响休息也让人揪心。周边也有家长反映过类似上学远、交通不安全的问题,一直没得到很好解决。希望领导能重视农村孩子上学远的问题,看看能否优化学校布局,或者协调开通正规校车,整治学校周边交通秩序,让孩子能安全、方便地上学。我们家庭经济条件不好,没有能力每天接送,只能让孩子自己走或搭车,实在放心不下。"
B6225635D84FCDCC583BCFDF48D56B5EB814AB6FC8167C01CE56F5E974D91D38,乡村孩子课后服务后的通学安全和作息问题,"领导好,我是一名农村小学生的家长。孩子现在上小学,不是毕业班。我们住在中部农村,家里条件一般。孩子每天上学路比较远,单程要花不少时间。这个月孩子也参加了学校的课后服务,放学比原来晚了一些。我们很担心孩子回家路上的安全,特别是天快黑的时候,路上车多,农村有些路段也没有路灯。同时,孩子回家晚了,睡觉时间也往后推,怕影响身体和第二天的学习。虽然现在作业量基本符合规定,但课后服务到底能不能帮孩子把作业辅导好,我们心里没底。我们家庭收入低,也没法给孩子报外面的辅导班,就希望学校的课后服务能真正有老师指导,而不是单纯看管。希望领导能重视农村学校课后服务的时间安排和交通安全,也加强对课后服务质量的监督,让孩子能安全到家、睡够觉,还能学到东西。"
B3289E1FAC3A50DB5748D73AE542D4325E145B384272800A3CD6F1E2E45991D5,请求解决农村小学生上学交通不便和安全隐患,"领导您好,我是中部农村一名小学生家长。孩子就读的公办学校是重点示范校,但离我们村较远,单程通学时间长。家里经济条件不好,每天接送有困难,孩子只能自己往返。暑假快结束了,一想到开学后孩子每天早出晚归、路上车辆多,我们就很担心安全问题。特别是这学期孩子还参加了学校课后服务,放学时间更晚了,回家路上的风险更大。希望领导能重视农村孩子上学交通难题,帮助协调校车或增加公交班次,让孩子能安全上下学。谢谢。"
2325B84A0853E7A82403695F150E5C7AE8325E4C3069D2A654EB6FA4A87F0271,"乡村孩子上学路远,暑期课后服务接送难","领导好,我是中部农村一名小学生的家长。孩子要到镇上的公办小学读书,单程路很远,路上大车多,我们一直很担心安全。这个暑假学校开展了课后服务,孩子每天都在参加,但来回路上时间更长,家里经济条件不好,接送也有困难,天气又热,孩子到家已经很累。我们支持学校办课后服务,但能不能请领导帮我们解决一下交通问题,比如安排校车或者调整服务时间,让家长更好接送,也尽量不要增加收费。我们不想让孩子因为路远、费用高就放弃参加学校组织的活动,请领导重视农村孩子上学路上的安全。"
AF2FD38675D62CBEE713F77F5FA7D80913D07D7B14FFE8E6C26AF556D35D7468,请求解决农村小学生上学交通不便和安全隐患,"领导您好,我是中部农村一名小学生家长。孩子就读的公办学校是重点示范校,但离我们村较远,单程通学时间长。家里经济条件不好,每天接送有困难,孩子只能自己往返。暑假快结束了,一想到开学后孩子每天早出晚归、路上车辆多,我们就很担心安全问题。特别是这学期孩子还参加了学校课后服务,放学时间更晚了,回家路上的风险更大。希望领导能重视农村孩子上学交通难题,帮助协调校车或增加公交班次,让孩子能安全上下学。谢谢。"
6EDE2A50180E745A92917B547D8F69A32BA3D8E7927BF0BFF694FE2BF197BC5D,关于农村学生课后服务通学安全的求助,"领导好,我是一名农村小学生的家长。孩子学校离家远,单程要花不少时间,路上车多,我们一直很担心。这个假期学校提供了课后服务,孩子也参加了,解决了我们白天看护的难题,我们很支持。但课后服务结束后,孩子回家时天色已经晚了,农村道路照明差,大货车、电动车混行,家里经济条件有限,没有专门车辆接送,大人有时也抽不开身,实在放心不下。希望领导能重视农村学校课后服务结束后的交通衔接问题,比如协调校车或公交车延伸线路,或者错峰安排放学时间,加强重点路段巡逻,让孩子能平平安安到家。另外,我们家收入不高,希望课后服务费用能对低收入家庭有所减免,让孩子能长期参加,不增加负担。谢谢领导。"
2B41C671B6DE65B4AD14C8F725003D519BF2A53FDDA6E12D25BC8C638F2E5581,请求解决农村小学生上学交通不便和安全隐患,"领导您好,我是中部农村一名小学生家长。孩子就读的公办学校是重点示范校,但离我们村较远,单程通学时间长。家里经济条件不好,每天接送有困难,孩子只能自己往返。暑假快结束了,一想到开学后孩子每天早出晚归、路上车辆多,我们就很担心安全问题。特别是这学期孩子还参加了学校课后服务,放学时间更晚了,回家路上的风险更大。希望领导能重视农村孩子上学交通难题,帮助协调校车或增加公交班次,让孩子能安全上下学。谢谢。"
AA0D2F450ED76E2A45147BC1E1B63B44F51D6808A90C500A7BC1A454746FE24B,关于农村小学课后服务质量和孩子通学安全的诉求,"领导好,我是中部农村一名小学生家长。家里经济条件不宽裕,孩子在镇上的公办重点小学读书,单程上学路很远,路上车多,我们一直很担心安全。现在政策要求学校提供课后服务,孩子也参加了,每天在学校多待两个多小时。可是我们不清楚课后服务到底教了什么,会不会只是让孩子坐着等家长?我们农村家长文化不高,也没钱报外面的班,以前听说有孩子因为没上补习班成绩就落后,心里很着急。希望领导能督促学校把课后服务用好,真正辅导作业、开展一些兴趣活动,别让农村孩子和城里孩子差距越来越大。另外,课后服务结束时间比较晚,孩子回家路远,天黑不安全,能不能考虑农村学校的交通衔接或者校车安排?请领导重视。"
32711794B70F0A333EC7F3FD66398B16955E16EA245648DF5C921FC26CF4672B,关于低年级暑假书面作业负担的反映,"领导您好,我是孩子家长。孩子目前是小学低年级,现在正值暑假。按照减负要求,低年级原则上不应布置书面家庭作业,但我发现孩子这个月仍有一些书面作业任务,这与规定不符。作为家长,我们平时工作忙,辅导能力也有限,看到孩子因为作业不能好好休息和玩耍,心里很着急。之前的经验也让我担心,如果现在就有书面作业,开学后作业负担可能更重。希望领导能帮忙核实学校是否存在违规布置书面作业的情况,督促学校严格落实减负要求,让孩子们假期能真正放松,有更多运动和休息时间。谢谢。"
920116359922D52B11FF0EFF9D0A70FB2BE886FE7B3E9A86A5682ED343A7972B,关于小学生暑假作业负担和减负政策落实的诉求,"领导您好,我是一名小学生家长。暑假期间,我注意到孩子这个月的书面作业情况和我们了解到的当前年级“原则上不布置书面家庭作业”的规定不太一致,虽然不清楚具体是学校安排还是家庭原因,但心里很不安。孩子年纪还小,我们希望他能有充足睡眠和休息,平时也能有一些运动时间。身边也有家长反映孩子作业太多、写作业时间长,有些题目家长都不会,需要上网查,孩子晚上基本没有活动时间。现在政策已经要求学校统筹书面作业总量、时长和设计质量,加强校内指导,我们希望这些要求能真正落到学校,开学后不要又回到作业堆里。同时,课后服务如果能自愿参加、内容多样,也能帮我们在放学后照看孩子、做好作业辅导,减轻家庭压力。请领导重视,督促学校严格落实减负规定,让孩子们童年里除了作业还能有运动和玩耍的时间。"
D024575D7F509F9696D97088BC5CDC713998EEF923FC6DAC67D9F8E0262675D1,关于切实落实小学低年级不布置书面家庭作业政策的反映,"我家孩子现在读小学低年级,按现行规定这个阶段原则上不应布置书面家庭作业。可这个月孩子在家仍有书面作业,实际用时不短,和年级规范对不上。我们家庭经济条件一般,家里能帮忙照看的人少,辅导作业确实吃力。孩子睡眠时间一直比较充足,我们不想因为作业挤占休息和运动。眼看春季开学,我们担心作业负担继续,孩子放学后连活动时间都没有。希望领导能督促相关学校严格按减负要求执行,加强日常检查,别让低年级孩子过早陷入书面作业压力,给孩子保留一些运动和放松的空间。"
33F5370AD354BEED0B557108CEEC477B7FAA65844FB56F2FE9640459DD4635FA,关于持续监督小学低年级作业减负的留言,"尊敬的领导,您好。我是小学低年级学生家长。孩子目前书面作业情况符合要求,但寒假即将结束,春季开学在即,心里还是不踏实。周边有家长反映过同地区其他学校低年级作业写到很晚、题目超出课本的情况,我们担心孩子就读的学校不属于公办类别,对减负要求落实不到位,开学后作业量会反弹。孩子参加了学校课后服务,希望这段时间能真正用于校内作业指导和兴趣活动,而不是简单看管或让孩子继续写大量作业,这样孩子回家才能有休息和运动时间。家庭经济条件一般,课后服务对我们是重要支持,但更希望服务内容有质量、有监管。恳请领导持续关注小学低年级书面作业总量和课后服务质量,督促学校严格落实年级规范,让孩子真正减负。谢谢。"
409A860365D1494AC84EDC038AC92F56D8032282329309CCBE2ABE9B084109E3,关于小学生假期书面作业负担重盼督促减负,"领导好,我是一名小学生家长,家住东北城镇,家庭经济条件一般。孩子目前在非公办学校就读,尚未到升学衔接年级。按现有规定,这个年级原则上是不能布置书面家庭作业的,但我孩子的书面作业情况没有达到这个规范要求。孩子从未参加过校外学科培训,假期本应是休息和活动的时间,现在却担心书面作业挤占了睡眠和运动。同地区也有家长反映过类似孩子作业写到很晚、没有活动时间的情况。希望领导能够重视,督促学校严格落实减负要求,保障孩子暑假有足够的休息和户外活动时间,谢谢。"
79A7EC8178DA28025E94CAF0C5D6F3283EAD49DECD02167DA7B205C33623FDB5,希望课后服务能真正让孩子放松而不是变相补课,"领导您好,我是一名小学生家长。这个月孩子的书面作业确实不多,符合要求,我们比较放心。但孩子参加了学校课后服务,每天在校时间延长了不少,我们担心课后服务变成只是做题或老师讲课,孩子回家后说累,没有精力运动、阅读。我们家庭条件一般,没给孩子报外面的班,就指望学校课后服务能丰富一点。以前也看到同地区有家长反映孩子作业多、晚上没有休息活动时间,我们怕这种情况落到自己孩子头上。希望领导能督促学校把课后服务安排好,多开展体育、阅读、兴趣小组,别让课后服务变相增加学习负担,让孩子放学后还能有休息和玩耍的时间。"
C03E41C19BD4955DE643E055CC8265550FBDC9F96015620E6A6434DA3D9D1EBE,关于小学生假期书面作业负担重盼督促减负,"领导好,我是一名小学生家长,家住东北城镇,家庭经济条件一般。孩子目前在非公办学校就读,尚未到升学衔接年级。按现有规定,这个年级原则上是不能布置书面家庭作业的,但我孩子的书面作业情况没有达到这个规范要求。孩子从未参加过校外学科培训,假期本应是休息和活动的时间,现在却担心书面作业挤占了睡眠和运动。同地区也有家长反映过类似孩子作业写到很晚、没有活动时间的情况。希望领导能够重视,督促学校严格落实减负要求,保障孩子暑假有足够的休息和户外活动时间,谢谢。"
C86E56D4A0CBF329890F12388D844353E8DA0D3345B965ECADC45C1504712DA1,关于小学课后服务和作业减负的建议,"领导您好,我家孩子在本地城镇上小学,今年不是毕业年级。暑假期间孩子参加了学校课后服务,这个月书面作业量看着不算多,睡眠也一直比较好,但我们家长心里还是不踏实。家里经济条件一般,家长辅导能力也有限,没有给孩子报学科培训班,主要靠学校课后服务帮忙。看到有家长反映孩子作业写到很晚、中午没时间休息、作业量超出规定,担心开学后作业负担又反弹。希望领导能督促学校严格落实书面作业时长规定,特别是低年级原则上不布置书面家庭作业;同时规范课后服务内容,课后服务时间应该真正用来辅导作业和开展文体活动,不要变相上课或额外增加作业,保障孩子每天有足够的睡眠和运动时间,减轻我们家长的负担。"
10E87E2EA97909A36AD40D24506BE1A6EF8AD0D1F77B1708EC8C4C185423C95D,关于小学生假期书面作业负担重盼督促减负,"领导好,我是一名小学生家长,家住东北城镇,家庭经济条件一般。孩子目前在非公办学校就读,尚未到升学衔接年级。按现有规定,这个年级原则上是不能布置书面家庭作业的,但我孩子的书面作业情况没有达到这个规范要求。孩子从未参加过校外学科培训,假期本应是休息和活动的时间,现在却担心书面作业挤占了睡眠和运动。同地区也有家长反映过类似孩子作业写到很晚、没有活动时间的情况。希望领导能够重视,督促学校严格落实减负要求,保障孩子暑假有足够的休息和户外活动时间,谢谢。"
5FCC2ED7A4BBCD2F6731811CD6F7F9FEB47267B3293A76096D1E7BA2DE57BF27,请关注课后服务别变相增加孩子作业负担,"孩子上小学,家在东北城镇,家里条件一般。这个暑假孩子参加了学校的课后服务,每天时间不短。本月孩子书面作业是符合规定的,这点我们认可。但看到同省一些家长以前反映过孩子作业太多、写到很晚、没有休息和运动时间,我们一直担心减负在实际中走样。现在虽然回家没有书面作业,可孩子每天在学校课后服务待的时间较长,我们不清楚这段时间具体在做什么,担心学校会不会把课后服务变成补课或变相布置书写任务,让孩子换个地方继续耗。孩子睡眠时间一直比较长,我们不想因为课后服务内容安排不当,又回到以前那种晚上没精神的状态。希望领导能督促学校把课后服务真正用在文体活动、阅读和休息上,别增加孩子负担,让孩子暑假能喘口气。家里条件有限,也请关注课后服务是否坚持自愿,别让家长因为怕孩子被区别对待而不得不参加。"
33FCEDB846A758F1EF93815997DD9EBA1B575B02A2AF99D4D967F7D5756DE3C1,关于小学升学衔接年级教师有偿补课影响公平的诉求,"各位领导好,我家孩子今年暑假后就要升入关键年级了,我们两口子都在上班,家里经济条件一般,之前也为孩子报过学科辅导班。最近听说周围一些学校老师自己在外开补习班,上课不好好讲,重点都留到补习班,谁上就多照顾,不上的孩子容易被晾在一边。我们孩子马上要进入升学衔接阶段,学习压力本来就大,我们很担心开学后遇到这种老师,孩子得不到公平对待。我们希望领导能重视这个问题,加强对学校教师有偿补课的监督检查,别让课堂变成补习班的广告,别让经济困难家庭的孩子吃亏。另外也请关注一下作业负担,希望老师们把精力放在课堂上,让孩子能睡够觉。谢谢领导。"
78664E83624583A1207C4654C30E7DE247394EF9E0A17A1B6D70305C9328EB7E,关于小学升学衔接阶段课后服务与作业管理的诉求,"领导您好,我是中部城镇一名小学生家长,孩子即将进入升学衔接年级。我们家庭经济条件一般,之前孩子主要靠校外学科培训补差。现在校外培训管理严格,我们举双手赞成,但也担心原来负担得起的培训减少后,孩子学习没人管。学校是重点公办,通学时间短,但目前课后服务还在起步,不知道能不能真正自愿参加、时间衔接好、内容多样,特别是作业辅导能不能跟上。我们特别担心像以前听说的那样,老师精力放在校外补习班,对不参加的孩子不闻不问,或者作业表面上少了,实际上质量不高。希望领导能督促学校用好课后服务时间,加强校内作业指导,同时严查在职教师有偿补课,别让好政策落在纸面上。作为家长我们也会配合学校,但确实需要政府帮我们把把关。"
511632B54F4728A1D85C8AE3651A7434BF0E2D3CD1960BD24539414D432AC01B,关于孩子升学衔接年级课业与培训负担的担忧,"领导好,我是一名小学高年级学生的家长。孩子目前在升学衔接年级,就读于公办重点学校,我们夫妻都要上班,家庭收入不高,但为了孩子不掉队,仍坚持参加学科类校外培训,费用对我们来说并不轻松。这个月孩子的书面作业时间虽然在规定范围内,但随着春季开学,我特别担心作业量会反弹,课后服务如果安排过长,孩子回家还要完成剩余任务和培训,休息时间会被明显压缩。之前也听说过一些学校存在教师精力分散、课后服务变相延长时间的情况,心里更不踏实。孩子睡眠一直不错,我们也不想因为课业负担影响他长身体。希望领导能督促学校在新学期继续严格控制作业总量,合理安排课后服务时间,同时关注学科类培训收费问题,尽量减轻我们这样普通家庭的经济和接送压力。谢谢。"
3283AA8B154F36D3EF98CBD9CA62C9449EC4E693A91ACB9FD6E5A755BCF56B13,"请加强课后服务质量和校外培训监管,缓解升学衔接家庭压力","领导您好,我是一名小学生家长,孩子正处在小学升初中的衔接年级。我们家在中部城镇,经济条件一般,我和孩子爸爸都在上班,平时接送时间不算紧张,但辅导孩子学习精力有限。孩子目前每天参加学校课后服务,同时还在外面报着学科类培训。最近以来,我们报的培训班费用确实比原来降了一些,但心里反而更不踏实:一是担心学校课后服务只是看管写作业,作业辅导和学习方法指导不够,尤其对毕业班孩子针对性不强;二是担心校外培训收缩后,一些隐形变异的补课方式出现,还是会让家长不得不花钱、孩子更累。我们身边以前就有老师在校外办班、对不同孩子区别对待的情况,现在很怕类似问题换个形式存在。请领导督促学校把课后服务做实做细,对升学衔接年级加强作业指导和专题辅导,同时继续严格监管校外学科培训,让孩子们能公平地靠学校学好,减轻我们普通家庭的经济和精力负担。"
860846C51ABD97413BB7078B23596395EF8802B7C3CB137615AFFA2F8CAB1B07,关于升学衔接年级学生校外培训负担与教育公平的担忧,"我家孩子即将升入新的年级,现在暑假孩子继续参加学校课后服务和学科类校外培训。我们夫妻都上班,家里经济不宽裕,培训费用和之前差不多,但对我们压力不小。孩子睡眠还算充足,可我们总担心升入高年级后作业突然增多,或者有老师把精力放在校外补课上,对不参加的孩子不闻不问,那像我们这样负担不起更多补习的,孩子就可能被耽误了。我们以前也听说过类似情况,心里很不安。希望领导能关注升学衔接阶段的教育公平问题,加强对学校和教师的监督,规范校外培训,切实提高校内课后服务质量,让孩子不用额外花太多钱也能跟上进度,家长也能安心工作。"
94E1B0A6A764D10B744C6CEAB2572F45D4A5D0FB1BE11EA4B53F38000F9D4D70,关于提升课后服务质量减轻家长培训负担的诉求,"领导您好。我是一名小学家长,孩子在公办小学就读,这个暑假孩子参加了学校课后服务,同时也在外面参加学科培训。政策实施后培训费用是降了一些,但我们家庭经济条件一般,父母都要上班,时间也紧,还是觉得压力不小。现在外面培训选择少了,我们更希望学校课后服务能真正把作业辅导和兴趣活动做好,让孩子在学校就能完成大部分学习任务,少依赖校外培训。也希望加强对学校课后服务的监督,别让课后服务变成单纯看管,内容要多样化,老师要用心。这样我们家长才放心,也才能真正减轻负担。"
2AF3818178DBBB7AA3E64290AFDF058FD2E52FBBBD0BB56E4DE215716C1C3F1D,关于升学衔接年级学生校外培训负担与教育公平的担忧,"我家孩子即将升入新的年级,现在暑假孩子继续参加学校课后服务和学科类校外培训。我们夫妻都上班,家里经济不宽裕,培训费用和之前差不多,但对我们压力不小。孩子睡眠还算充足,可我们总担心升入高年级后作业突然增多,或者有老师把精力放在校外补课上,对不参加的孩子不闻不问,那像我们这样负担不起更多补习的,孩子就可能被耽误了。我们以前也听说过类似情况,心里很不安。希望领导能关注升学衔接阶段的教育公平问题,加强对学校和教师的监督,规范校外培训,切实提高校内课后服务质量,让孩子不用额外花太多钱也能跟上进度,家长也能安心工作。"
2D82E6C298153B83302B5B50C8B3A9669FA5D18C179CD578AFB1A9216DEAE2A5,关于课后服务与校外培训衔接问题的反映,"我是中部某城镇一名小学高年级家长,孩子正处于升学衔接年级。我们夫妻都在上班,家庭收入不高,照顾孩子的时间有限。现在暑假孩子参加了学校课后服务,确实缓解了双职工家庭的看护压力。但学校课后服务内容更多是看护和兴趣活动,学科巩固和衔接安排不明确,我们担心孩子开学后跟不上,只好继续报名学科类校外培训。虽然培训收费比原来降了一些,但对中低收入家庭来说仍然是不小的负担。更让我们顾虑的是,如果课后服务不能提供扎实的学业支持,家长就只能花钱买安心,也担心个别老师对不补习的孩子关注不够。希望领导能督促学校提升课后服务质量,特别是针对升学衔接年级,在暑假和开学后提供更系统的作业辅导和衔接课程,让普通家庭少一些补课负担和焦虑。"
A8F3BFF1DDD12F7FFE14234F9055FC11A35BD34DACE95ADAD9145EB65AC74CFC,关于升学衔接年级学生校外培训负担与教育公平的担忧,"我家孩子即将升入新的年级,现在暑假孩子继续参加学校课后服务和学科类校外培训。我们夫妻都上班,家里经济不宽裕,培训费用和之前差不多,但对我们压力不小。孩子睡眠还算充足,可我们总担心升入高年级后作业突然增多,或者有老师把精力放在校外补课上,对不参加的孩子不闻不问,那像我们这样负担不起更多补习的,孩子就可能被耽误了。我们以前也听说过类似情况,心里很不安。希望领导能关注升学衔接阶段的教育公平问题,加强对学校和教师的监督,规范校外培训,切实提高校内课后服务质量,让孩子不用额外花太多钱也能跟上进度,家长也能安心工作。"
F7AB9726614436E24A275358EAAA4865EB7DABE1357128C9A4782E0FFA7D920D,关于提升课后服务质量减轻升学衔接家庭负担的诉求,"领导您好,我是中部地区一名小学生的家长,孩子秋季就要升入关键年级。我们家庭收入不高,夫妻俩都要上班,接送和辅导精力有限。现在学校有课后服务,孩子也参加了,但我们心里还是没底。听说有些地方存在老师课上不讲透、课后开班的现象,我们担心孩子在学校学不扎实,最后还是要靠外面补。现在外面学科培训少了很多,收费也降了点,但我们家庭负担仍然不轻。希望领导能督促学校把课后服务真正利用好,增加学业辅导和答疑,而不是单纯看护,让我们家长少一些焦虑,也让孩子少花冤枉钱。"
BAF6EF1C6BB7405DCE0DF496FDFAC700B639F9121141F587318481F852B0C1A7,关于小学暑假书面作业与规定不符的反映,"领导好。我家在村里,孩子上公办小学,不是毕业班。按现在规定,孩子这个年级原则上不布置书面家庭作业。但这个暑假,孩子在家还有一些书面作业任务。我们家长文化不高,两口子都要干活,家里人多,实在没多少时间辅导。孩子平时睡觉时间比较足,我们担心这些作业会影响他休息和假期安排。我们不清楚作业是学校布置的还是怎么回事,希望领导能帮忙查一下,督促学校把规定落实到位,别让书面作业占掉孩子太多假期。农村孩子教育资源本来就少,我们只盼孩子能轻松成长,以后也有机会上大学。殷切期盼领导重视解决。"
650EB9B66B6B4D6FCAA8309F240A823ADB1F99469C4A43B9CCC52D648CB7DAF2,关于农村小学作业与课后服务情况的反映,"领导您好,我是一名农村小学生的家长。孩子现在读小学,按说这个年级不应该布置书面家庭作业。可这个月我感觉孩子在家还是有些书面任务,跟规定对不上。我们两个都要上班,文化程度不高,晚上回来没多少时间辅导,家里经济也不宽裕。希望学校能严格执行不布置书面作业的规定,把时间还给孩子。另外听说现在学校要开展课后服务,我们很希望孩子能自愿参加,在学校完成学习任务,既减轻家长负担,也能让孩子得到老师指导。恳请领导督促学校核查一下作业情况,把课后服务办起来,让我们农村家长安心。谢谢。"
3F62143A7BC75BCA7F1E25CF3AF6CDC69E5BBAF62F1AC325637307A489F80033,关于农村小学低年级书面作业负担的反映,"领导好,我是村里一个普通家长,孩子上小学低年级。家里条件不好,我和孩子爸都在外面干活,文化程度也不高,辅导作业很费劲。最近孩子有时回家还要写书面作业,我们听说现在这个年级按规定是不布置书面家庭作业的,不知道学校是不是没落实。我们村学校不是重点,班级孩子不少,老师可能也顾不过来,但作业带回家我们真不会教,孩子也累。我们家从没报过补习班,经济上负担不起。希望领导能督促学校把规定执行好,别让低年级孩子回家写书面作业,尽量在学校完成学习,有条件的话把课后服务也开起来,帮我们这样的家庭减轻负担。谢谢领导。"
255302AD5F6D2454204913E0D84388060A42666968E260E6839E1DAC055B9497,恳请领导关注乡村小学课后服务质量,"领导您好,我是中部农村一名小学生家长。家里条件一般,我和孩子爸爸平时都要上班,文化程度不高,辅导作业很吃力。现在学校有课后服务,孩子每天都参加,我们很感激。可我们担心课后服务就是让孩子干坐着,老师不辅导,毕竟农村学校老师少,班级学生多。现在外面补习班又贵又少,我们上不起,就盼着学校课后服务能真正帮孩子把功课学好,也能有点兴趣活动。希望领导能督促学校把课后服务办好,让孩子在学校把知识学扎实,我们也放心。谢谢。"
C04B4E7BF9567DEC68B00525DC9AA4BC85FFCCD17BEF530994F9607769602FC5,关于乡村小学暑假书面作业问题的诉求,"领导好,我是村里一名小学生家长。孩子就读乡村公办小学,家庭条件一般,我们两口子文化不高,平时忙着打工,辅导孩子学习很吃力。按现在规定,孩子这个年级暑假不应该有书面家庭作业,可最近发现孩子还在写作业,我们不清楚是学校统一布置还是老师个人要求,但确实占用了不少休息时间。孩子平时睡眠挺足,现在白天要写作业,晚上也睡得晚了,我们看着心疼。我们也没钱给孩子报补习班,本来指望假期让孩子放松一下,现在担心作业负担影响身体和下学期学习兴趣。希望领导能督促学校核查一下,严格执行减负要求,别让书面作业占用孩子假期,让孩子真正有时间休息和活动。谢谢领导。"
B5651C0E1A6D9355C4605C0814410AE7CE205D45BE2A5ED264DAD91CD51DE76F,关于农村小学课后服务质量的担忧,"我家孩子读小学,不是毕业班。我们住在农村,家里条件一般,大人文化不高,但希望孩子能考上大学。这个月孩子参加了学校的课后服务,每天也有两个小时。按说应该有老师辅导作业或者带些活动,但我们听孩子说,有时就是自己坐着,老师也不怎么管。我们很担心,这样下去孩子学习跟不上,我们又没钱报外面的班,现在外面补课的也少了,只能靠学校。希望领导能重视农村学校的课后服务,多派些好老师,真正把时间用好,让孩子在校内就把学习弄扎实。"
8A78594AC5926BF69BA90E3CD7D2C83F3F67D570D7ADF9089AAE413E315E3CA4,关于乡村小学暑假书面作业问题的诉求,"领导好,我是村里一名小学生家长。孩子就读乡村公办小学,家庭条件一般,我们两口子文化不高,平时忙着打工,辅导孩子学习很吃力。按现在规定,孩子这个年级暑假不应该有书面家庭作业,可最近发现孩子还在写作业,我们不清楚是学校统一布置还是老师个人要求,但确实占用了不少休息时间。孩子平时睡眠挺足,现在白天要写作业,晚上也睡得晚了,我们看着心疼。我们也没钱给孩子报补习班,本来指望假期让孩子放松一下,现在担心作业负担影响身体和下学期学习兴趣。希望领导能督促学校核查一下,严格执行减负要求,别让书面作业占用孩子假期,让孩子真正有时间休息和活动。谢谢领导。"
206481D2E1FF021682E1D9935BC74836467105B11BCDC19172C0E8F072DC5A55,关于农村小学课后服务质量的请求,"领导好,我是我们村一名小学生的家长。孩子现在读小学,不是毕业班。家里经济条件不好,我和孩子妈妈文化程度都不高,平时都要出去打工,时间紧,辅导孩子学习很吃力。现在孩子所在年级原则上不布置书面家庭作业,我们理解是为了减负,但孩子回家后没有作业,我们也没能力教,心里着急。这个暑假孩子参加了学校的课后服务,我们很感激,但担心开学后课后服务能不能持续,内容能不能真正帮到孩子,比如有老师辅导功课、开展一些兴趣活动,而不是只把孩子看住。我们也担心农村学校老师少,课后服务质量不高,孩子多老师顾不过来。希望领导能重视农村小学课后服务,督促学校把政策落实好,让课后服务真正解决我们这样家庭的后顾之忧,让孩子在学校把知识学扎实。"
728B2B9BC5925AE90A26F7BB37C4DA1ABB938599839689585246C8C260C98AC7,关于乡村小学暑假书面作业问题的诉求,"领导好,我是村里一名小学生家长。孩子就读乡村公办小学,家庭条件一般,我们两口子文化不高,平时忙着打工,辅导孩子学习很吃力。按现在规定,孩子这个年级暑假不应该有书面家庭作业,可最近发现孩子还在写作业,我们不清楚是学校统一布置还是老师个人要求,但确实占用了不少休息时间。孩子平时睡眠挺足,现在白天要写作业,晚上也睡得晚了,我们看着心疼。我们也没钱给孩子报补习班,本来指望假期让孩子放松一下,现在担心作业负担影响身体和下学期学习兴趣。希望领导能督促学校核查一下,严格执行减负要求,别让书面作业占用孩子假期,让孩子真正有时间休息和活动。谢谢领导。"
EE99046DD4BD7B2A854F9EBC37F530B86A4766693AD0FF230DB8898F01C6BD8E,关于乡村小学暑期课后服务内容与师资的诉求,"领导好,我是村里一名小学生的家长。孩子现在放暑假,我们两口子都要打工,家里老人也帮不上太多忙,多亏学校开了课后服务,孩子每天能去学校,我们也能安心干活。可是孩子回来说,课后服务很多时候就是坐在教室里自己玩或者看电视,老师只是看着不让学生乱跑,很少组织阅读、体育或者兴趣活动。我们农村家庭条件一般,镇上也没什么兴趣班,孩子以前也没上过补习班,就指望学校课后服务能让孩子多学点东西、长点见识。我们文化程度不高,辅导不了功课,如果课后服务只是单纯看管,对孩子成长帮助不大。希望领导能督促学校把课后服务的内容丰富起来,多安排一些适合小学生的阅读、写字、运动、科学小实验等活动,也希望能有稳定的老师来带,别让课后服务变成单纯的“看孩子”。我们相信政策是好的,但落实的时候能不能多考虑农村学校的情况,让我们的孩子也能享受到有质量的课后服务。"
FA92731F1A46F3E065694C7D2EEA6B8B29DC1F38DD1C9CB987BB6CF0F56509A0,关于规范农村小学暑假作业时长的求助,"领导您好,我是西部农村一名小学生的家长。孩子现在读小学,这个暑假我们发现孩子的书面作业情况不符合规定的时长要求,我们家长文化水平不高,辅导作业很吃力,家里经济条件也有限,父母都在外打工,孩子主要由老人照看。希望领导能帮忙核查学校暑假作业布置情况,督促学校严格执行作业时间规定,减轻孩子的作业负担,让孩子有充足的睡眠和活动时间。谢谢领导。"
AA5F0F5AA957FD2E2FBAFACE8D483CDCC344DC851E294473B173E7BBC450B974,关于控制小学书面作业时长和落实课后服务的请求,"领导好,我是西部农村一名小学生的家长。这个月孩子的书面作业时长没有达到规定的60分钟以内,我们文化程度低、白天都在外忙,晚上辅导孩子很吃力。我们担心长期这样影响孩子睡眠和身体。希望领导督促学校严格落实作业管理要求,控制书面作业总量和时长,加强校内作业指导。同时希望学校课后服务能真正自愿参加、内容多样,让孩子在学校把作业完成,减轻我们农村家长的负担。谢谢领导关心。"
91F49601BC2D872063E4215D1738872F50C69E104DE28AF4C1976788982ECDA3,关于乡村小学生家庭作业负担的反映,"领导您好,我是本地一名小学生的家长。我们家在村里,条件一般,我和孩子爸爸都上班,文化程度也不高,辅导作业比较吃力。孩子现在上小学,这个月参加了学校的课后服务,本以为作业能在学校完成,但最近感觉孩子回家后还是要花不少时间写书面作业,担心超过了规定的一个小时。孩子睡眠一直不错,我们怕长期这样会影响休息和身体。希望领导能帮忙核查一下,督促学校合理安排作业量,真正减轻孩子负担,让孩子能早点睡觉。谢谢领导。"
EF40C7D7A185A1FB0CAAE299F2F9E7F04AB580B785692C19CE2753A6CE35D3FF,关于乡村小学课后服务内容单一盼丰富,"领导好,我家孩子在村里公办小学读书,我们两口子都上班,家里老人多,经济条件一般,自己学历也不高,辅导孩子学习很吃力。这学期开学后孩子参加了学校课后服务,学校说每天不少于两小时,我们很支持。但心里也担心,乡村学校师资和经费有限,课后服务如果只是把孩子集中起来写作业或者自由活动,对孩子帮助不大,还占用了本可以回家玩耍休息的时间。孩子现在作业量是符合规定的,睡眠也够,我们不想因为课后服务反而增加负担。希望领导能督促学校把课后服务真正办好,多安排一些阅读、体育、手工、兴趣活动,有老师认真指导作业,别让课后服务变成变相补课或者看管。我们也希望上面能给乡村学校多配些资源和经费,让农村孩子也能享受到和城里差不多的课后服务。谢谢领导。"
91E2887E35625ED82011026D489AF6126ED009A468A2A19C06860FD3BD96F186,关于农村小学生暑假书面作业超时问题的求助,"领导您好!我家孩子在农村公办小学上学,家里经济条件一般,大人文化程度不高,辅导孩子作业很吃力。这个暑假,孩子的书面作业情况没有达到规定的时间要求,我们担心作业量可能偏重,孩子睡眠时间虽然一直比较充足,但最近有时会为作业发愁。我们请求相关部门帮忙核查学校暑假作业布置情况,督促学校严格按照规定控制书面作业时间,减轻孩子负担,让孩子暑假能好好休息,健康成长。另外,孩子参加了学校课后服务,能否也一并规范课后服务中的作业管理,避免变相增加书面作业。谢谢!"
B3EF14A21FAB1F06CB5D94F6A730082A779AAA72B608A288890E9CD19317F2E1,关于提升农村小学课后服务质量的诉求,"领导您好。我家在西部农村,家庭经济条件一般,大人文化程度不高,平时都在打工,家里人口多。这个暑假孩子参加了学校的课后服务,我们很感谢有地方照看孩子。但是心里一直不踏实:我们这样的家庭没有多余的钱给孩子报任何校外班,现在外面学科培训也少了,学校课后服务几乎成了孩子获得学习帮助的唯一依靠。政策说课后服务要自愿参加、内容多样、有作业指导,可我们担心农村学校老师和经费有限,课后服务会不会只是简单看管,没有真正辅导作业、开展活动。孩子平时睡眠充足,我们对他的期望很高,希望他将来能读博士。恳请领导关注农村学校课后服务实际运行情况,加强师资和经费保障,督促学校把课后服务做实,让孩子下午这两个小时真正有收获,而不是混时间。谢谢领导。"
1B4EB2A02D4BCAADB9E6DB09DA74CDEC540C858963CC4CC0FE554378E89D6E28,关于农村小学生暑假书面作业超时问题的求助,"领导您好!我家孩子在农村公办小学上学,家里经济条件一般,大人文化程度不高,辅导孩子作业很吃力。这个暑假,孩子的书面作业情况没有达到规定的时间要求,我们担心作业量可能偏重,孩子睡眠时间虽然一直比较充足,但最近有时会为作业发愁。我们请求相关部门帮忙核查学校暑假作业布置情况,督促学校严格按照规定控制书面作业时间,减轻孩子负担,让孩子暑假能好好休息,健康成长。另外,孩子参加了学校课后服务,能否也一并规范课后服务中的作业管理,避免变相增加书面作业。谢谢!"
9092D0E893DD58F6E5AAE5DDB7F4742CA50EABE0926C5598FCCA7598F4B20A23,关于保障农村小学课后服务质量的求助,"我家孩子现在读小学,我们住在西部农村,家庭条件一般,我和孩子爸爸都在外面打工,文化水平不高,辅导孩子学习很吃力。现在学校有课后服务,孩子也参加了,我们觉得是好事。但我们很担心农村学校课后服务只是看管孩子,没有真正辅导作业和开展兴趣活动。我们希望领导能关注农村小学课后服务,加强老师和经费保障,让课后服务内容丰富些,比如辅导作业、阅读、体育、科普等,不要变成变相补课。另外,外面学科培训班少了,我们也没钱上,课后服务就成了孩子很重要的学习途径,希望能真正办得好,让我们农村孩子也能享受到好的教育资源,不要因为家庭条件差就落后。也希望学校在课后服务中指导孩子完成作业,减轻我们家长的负担。恳请领导核查协调,谢谢。"
4F00740C78D75250B5258225A651F5389BB7EBBC3987E22A4AFD78F0113F57CB,关于农村小学生暑假书面作业超时问题的求助,"领导您好!我家孩子在农村公办小学上学,家里经济条件一般,大人文化程度不高,辅导孩子作业很吃力。这个暑假,孩子的书面作业情况没有达到规定的时间要求,我们担心作业量可能偏重,孩子睡眠时间虽然一直比较充足,但最近有时会为作业发愁。我们请求相关部门帮忙核查学校暑假作业布置情况,督促学校严格按照规定控制书面作业时间,减轻孩子负担,让孩子暑假能好好休息,健康成长。另外,孩子参加了学校课后服务,能否也一并规范课后服务中的作业管理,避免变相增加书面作业。谢谢!"
EFE9F015EFFD913844C6C1BEE19113235AC99A21EF3CF856295B9F6539DA61C5,关于农村小学暑假课后服务落实情况的诉求,"领导您好,我是西部农村的一名学生家长。家里孩子多,大人都有工作要忙,经济条件不算好,暑假看护确实困难。这个月孩子参加了学校的课后服务,我们心里还是不太踏实。现在要求学校课后服务要自愿参加、时间衔接、内容多样,还要有师资和经费保障。我们担心农村学校条件有限,课后服务会不会只是把孩子圈在教室里写作业或看电视,没有真正丰富的内容;也担心师资不够、经费不到位,最后变成变相收费或者走形式。我们文化不高,但盼着孩子能多读书,将来有出息。希望领导能关心我们农村小学的课后服务落实,督促学校把服务办好,真正解决我们这些家庭暑假看护难,也请不要让课后服务变成补课,增加孩子负担。谢谢领导。"
142C1FF1BD9874F931709B00D0B69CAD6E663839B23B1D67908A1A8A4B174FCC,关于小学生暑假书面作业时长超标问题的反映,"尊敬的领导,您好。我家孩子就读于本地公办小学,目前是非升学衔接年级。根据规定,这个年级书面家庭作业平均完成时间不应超过60分钟,但本月孩子的作业情况已经不符合这个时长要求。作为双职工家庭,我们平时工作较忙,家庭时间安排很紧张,孩子基本靠自己完成作业,作业超时不仅影响休息和睡眠,也让我们担心孩子的学习压力和身心健康。我们理解学校可能出于教学考虑,但希望教育部门能核查学校作业布置情况,督促学校严格落实作业管理规范,合理控制作业量,特别是暑假期间更应注重劳逸结合。同时,也请关注公办学校在作业管理、家校沟通等方面的规范执行,避免类似问题反复出现。谢谢。"
9F26645CE949077F0B73A57ED1B19833D33E5AB42B88C8A292B325E341165DAF,关于小学生暑假书面作业时长控制的诉求,"我是一名小学生家长,孩子就读公办小学。这个暑假,孩子在学校布置的书面作业上花费的时间没有符合规定时长,作为双职工家庭,我们平时工作忙,辅导作业时间有限,很担心作业负担影响孩子的休息和成长。希望相关部门能督促学校落实作业管理要求,统筹好书面作业的总量和时长,提高作业设计质量,加强校内作业指导,并利用好课后服务时间,让孩子尽量在校内完成书面作业,保障充足的睡眠和自主活动时间。"
D5B3FA517467D6AAD9A9701156C37303FE0B42A9DEFEDE1BEDE8AB9395C750FC,关于规范小学书面作业时长、保障学生休息的诉求,"作为家长,我孩子在东部城镇一所公办小学读非毕业年级。本月正逢寒假与春季开学衔接,我们注意到孩子的书面作业情况似乎没有稳定符合该年级规定的平均完成时间不超过60分钟的要求。我们夫妻都在上班,家庭时间安排很紧,陪孩子写作业的时间有限。如果开学后作业量继续偏大,会直接影响孩子睡眠(孩子平时睡眠一直比较充足),也可能让我们焦虑。我们支持学校课后服务,但课后服务之后若还要带较多书面作业回家,负担会明显加重。我们担心普通公办小学在作业管理和教学资源上存在薄弱环节。希望相关部门核查该校作业布置情况,督促学校在春季开学后严格落实时长规范,保障孩子休息和锻炼时间。谢谢。"
042A6D007E7537A67973CA62AE0486D835D47B40C1847328EE9FAB446636B3C0,希望加强学校课后服务的作业指导和内容质量,"我家孩子上小学,我们夫妻都在上班,家里时间安排很紧。这个学期孩子参加了学校的课后服务,解决了接孩子的难题,但我们担心课后服务的内容和作业指导能不能真正跟上。政策要求学校统筹作业总量、加强校内作业指导,但我们担心非重点学校资源有限,课后服务会不会只是简单看管,老师能不能认真辅导孩子完成作业。我们家长学历不高,辅导作业有困难,特别希望孩子能在学校里把作业完成好,回家可以有充足睡眠。希望领导督促学校把课后服务做实,增加一些阅读、体育等活动,让双职工家庭真正安心。"
A2FD194EFF3BEC973F1402442DB647B9B0BFD9E9762F6FB0B0BF061087D5C839,关于小学生暑假书面作业时长合规问题的反映,"领导您好。孩子就读公办小学,平时我们双职工下班晚,家庭时间很紧。这个月孩子参加学校课后服务,但我们注意到孩子在家完成学校布置的书面作业时,经常超过规定的一小时,有时要写到很晚。孩子睡眠本来比较充足,可一超时我们就担心长期影响休息和身体。我们不清楚是学校统一布置的作业量偏大,还是课后服务里的作业辅导没有真正减轻负担。希望相关部门能核查学校作业管理情况,督促学校严格按照规定控制书面家庭作业平均完成时间,让孩子暑假也能有合理的休息和自主活动。"
EE6C279C4CB099EE15FB965EAFDF360E0EB5205A710A76D76A41DDFB8589AE74,关于提升小学课后服务质量与作业辅导的建议,"我是一名小学生家长,孩子目前就读公办小学,非毕业班。我们夫妻双方都在上班,家庭时间安排比较紧张,所以这学期孩子参加了学校课后服务。根据政策,课后服务每天至少两小时,我们原本希望通过这段时间孩子能在学校得到作业辅导和兴趣培养。但从日常观察和其他家长交流看,课后服务内容还比较单一,有时只是集中看管,未能充分利用时间进行有针对性的作业指导或开展多样的文体活动。同时,我们很关心新学期书面作业的统筹安排,虽然目前作业时长符合规定,但希望学校能继续优化作业设计质量,避免机械重复,并在课后服务中加强校内作业辅导,这样既能巩固学习效果,也能减轻我们家长晚上辅导的压力。我们家长自身学历有限,辅导能力不足,但期望孩子将来能考上大学。希望领导能督促学校进一步丰富课后服务内容,保障师资和经费,真正实现自愿参加、时间衔接和内容多样,让孩子在校期间得到更高质量的看护和教育。"
5B4109285D00DCD1B70F747C03BBD30717D9122D2DE6641D511194522B2302DB,关于小学生暑假书面作业时长合规问题的反映,"领导您好。孩子就读公办小学,平时我们双职工下班晚,家庭时间很紧。这个月孩子参加学校课后服务,但我们注意到孩子在家完成学校布置的书面作业时,经常超过规定的一小时,有时要写到很晚。孩子睡眠本来比较充足,可一超时我们就担心长期影响休息和身体。我们不清楚是学校统一布置的作业量偏大,还是课后服务里的作业辅导没有真正减轻负担。希望相关部门能核查学校作业管理情况,督促学校严格按照规定控制书面家庭作业平均完成时间,让孩子暑假也能有合理的休息和自主活动。"
C8916E1AF92F81731F6639D58370C1E9C093979E5A396E366FAFBD284087476A,关于提升小学课后服务质量、缓解双职工家庭照护压力的建议,"我们夫妻都在上班,家庭时间安排比较紧张,孩子目前就读公办小学,学校离家不远。这个学期孩子参加了学校课后服务,解决了我们放学接送的难题,我们很感激。但作为家长,我们也有些担忧:课后服务目前每天时间有了,可内容上是不是还比较单一?我们最希望的是课后服务不只是看孩子、保证安全,而是能真正加强作业指导,让孩子在学校里基本完成书面作业,回家后能有更多休息和自主阅读的时间。毕竟我们文化程度有限,下班又晚,辅导作业确实吃力。现在校外学科培训规范得严,我们也不想给孩子额外报班,更依赖学校能把课后服务做实做好。希望相关部门能督促学校丰富课后服务内容,配备足够的老师进行作业辅导和兴趣拓展,同时落实经费保障,别让课后服务因为师资或资金不足而流于形式。这样我们双职工家庭才能真正安心工作,孩子也能在学校获得更高质量的陪伴和指导。"
6E8E5EB8B638B85499C9FD0382F3650BB3DACE12683CD50927F4280EE0D0DF92,关于小学生暑假书面作业时长合规问题的反映,"领导您好。孩子就读公办小学,平时我们双职工下班晚,家庭时间很紧。这个月孩子参加学校课后服务,但我们注意到孩子在家完成学校布置的书面作业时,经常超过规定的一小时,有时要写到很晚。孩子睡眠本来比较充足,可一超时我们就担心长期影响休息和身体。我们不清楚是学校统一布置的作业量偏大,还是课后服务里的作业辅导没有真正减轻负担。希望相关部门能核查学校作业管理情况,督促学校严格按照规定控制书面家庭作业平均完成时间,让孩子暑假也能有合理的休息和自主活动。"
27741A181F0FF98518094E5DB4D97B3030AC96FB7C0A8AF4A86D7CD1FD255A96,关于提升小学课后服务质量的建议,"我是一名小学生家长,孩子目前在公办小学读书,我们夫妻都在上班,每天接送和辅导时间都比较紧张。这个月孩子参加了学校的课后服务,按规定每天应该不少于两小时,但作为家长我们很关心这两小时里孩子到底能得到什么。我们家庭经济条件还可以,但我和孩子爸爸学历不高,辅导作业越来越吃力。现在书面作业时间控制得比较好,孩子睡眠也充足,这是好事,但我们也担心孩子在学校课后服务时间里如果只是坐着等,没有老师指导作业或者开展一些兴趣活动,那回家后我们还是要花很多时间,而且孩子也得不到全面发展。我们希望领导能督促学校把课后服务真正做扎实,比如安排老师答疑、组织阅读、体育、艺术等活动,让双职工家庭能安心工作,孩子也能安全、有意义地度过放学后的时间。另外,我们这边以前有家长反映过学校资源不足、转学难等问题,我们虽然没遇到,但也担心一般公办学校的课后服务质量跟不上,希望政府能加强保障和监管。"
C8320CE90437E80E062DE10395F6B3601FC4B93B3695EBF14C3261218C467B7F,"关于持续规范初中学校作息和作业管理,保障孩子身心健康的诉求","尊敬的领导:您好!我是一名初中生家长。我们家孩子就读于公办初中,暑假期间作业量符合规定,睡眠也比较充足,我们感到比较安心。但作为家长,我们也很关注开学后的情况。孩子正处于初中阶段,学习任务逐渐加重,身边也有家长反映一些学校为了抓成绩,出现早上到校过早、晚上放学太晚、作业写到很晚的现象,导致孩子睡眠不足、压力过大。我们担心开学后自己孩子也会面临类似问题。希望教育部门能持续督促学校严格执行关于初中生作息和书面作业时长的相关规定,不要变相加课或布置超量作业,保障孩子每天有足够的睡眠和休息时间。我们重视孩子的学习,也支持学校提高质量,但更希望孩子能健康成长。恳请领导关注并协调落实,谢谢。"
158C067FE139F84029AC4D21DBBC1734DD5658A6E7466A7F3A768BA8D1653505,关于新学期初中生作业与课后服务落实的建议,"孩子即将升入初二,我们家长一直关注初中生的学习负担。目前孩子在家作业量还算正常,睡眠也能保证,但过去同地区一些学校为升学率拼命加课,学生早出晚归、作业写到深夜的情况让我们很担心。新学期马上开始,希望教育部门能切实监督学校统筹作业总量,严格执行初中书面作业不超过90分钟的规定,不要把压力转嫁到家庭。同时希望课后服务真正自愿、内容多样,而不是变相补课或强制参加,让孩子有足够的休息和自主发展空间。我们愿意配合学校,但更盼望制度能落在实处,避免走回老路。"
93BA2394601CDFE6CE36CC20445CC1580F811511DD91554C67047BD4479F7C67,关于规范初中开学后作息与作业管理的请求,"尊敬的领导,我是一名初中生家长。孩子目前在公办初中就读,平时书面作业时间基本符合规定,也参加了学校课后服务。寒假快结束了,我们作为家长既希望孩子学业进步,又特别担心开学后学校为提高成绩而出现早晨到校过早、晚上放学太晚、作业量加大的情况。我们从周边一些家长的反映中了解到,初中阶段容易出现学习时间过长、休息不足的问题,心里很不安。恳请教育部门在春季开学前加强对学校作息时间、作业总量和课后服务内容的规范,避免课后服务变成变相补课,切实保障孩子每天有足够的睡眠和休息,让孩子身心健康地成长。谢谢。"
D9B29D00DF9AD936073A9020C36B206930217E20FDE642207095C47BED5CABA1,希望加强初中课后服务内容质量防止变相增加学业负担,"领导好,我家孩子现在上初中,这个月已经参加了学校的课后服务。从目前看,书面作业时间基本能控制在规定范围内,孩子睡眠也还算充足,我们家长比较认可。但作为家长也有些担心。过去周边一些初中为了升学率,早上很早到校、晚上很晚放学,作业写到深夜,孩子压力很大。现在虽然政策要求学校统筹作业总量、规范课后服务,但我们怕开学后学校把课后服务时间用来补课或变相增加学习任务。希望政府能持续监督学校课后服务的落实情况,确保自愿参加,内容多样,真正用于拓展兴趣、体育锻炼或作业辅导,而不是变成另一种形式的加课。同时请关注学校课后服务的师资和经费保障,避免因为条件不足导致服务质量下降。"
12FF6D9B5743FBC9A2495D38002A3BF168A5BA60C60F2E193F99CC9FD5790EDF,关于规范初中课后服务保障孩子假期休息的建议,"领导您好,我是一名初中学生的家长。孩子目前暑假期间参加学校课后服务,我们理解这项安排的初衷,但心里也有些担忧。过去我们这边一些学校为了提高成绩,课后服务容易变成集体上课或变相补课,孩子从早到晚待在学校十几个小时,晚上还有不少作业,睡眠严重不足,家长也跟着身心俱疲。现在我家孩子作业量看起来还在规定范围内,睡眠也还算充足,但我们很怕开学后学校又慢慢加码,课后服务变成补课,书面作业突破90分钟的上限,孩子又回到起早贪黑的状态。希望教育部门能加强对学校课后服务内容以及开学后教学安排的日常监管,明确课后服务以学生自主作业、阅读和答疑为主,不得集体讲授新课,作业时长严格按规范执行,切实保障初中孩子的睡眠和休息,让我们家长能够安心工作。谢谢领导。"
C31C6619482711D89B693E398FF09CAB1700CD67EB797408D48774AFC94F3BEF,关于提升初中课后服务质量并巩固作业减负的诉求,"我家孩子今年秋季继续读初中,暑假期间参加了学校提供的课后服务,但我们家长心里并不踏实。我们家庭经济条件尚可,孩子以前没有参加过学科类补课,睡眠也还算充足,目前书面作业时长也在规定范围内。但作为家长,我们担心开学后课后服务只是简单看管或集体自习,缺少体育锻炼、阅读、兴趣活动等多样安排,难以真正减轻家庭负担和促进学生全面发展。以前总听说同省一些初中学生早上五点多起床、晚上作业写到很晚,压力很大,我们很怕新学期又慢慢回到那种状态。希望相关部门能督促学校把课后服务做实做细,用好每天这两个小时,同时继续严格执行初中书面作业总量上限,保障孩子有足够的睡眠和自主安排时间,让好政策长期见效。"
D6C443AC9A27850DE627818AA27C5D20089A43B383209B2D5D12978DC2EF795D,关于规范初中课后服务保障孩子假期休息的建议,"领导您好,我是一名初中学生的家长。孩子目前暑假期间参加学校课后服务,我们理解这项安排的初衷,但心里也有些担忧。过去我们这边一些学校为了提高成绩,课后服务容易变成集体上课或变相补课,孩子从早到晚待在学校十几个小时,晚上还有不少作业,睡眠严重不足,家长也跟着身心俱疲。现在我家孩子作业量看起来还在规定范围内,睡眠也还算充足,但我们很怕开学后学校又慢慢加码,课后服务变成补课,书面作业突破90分钟的上限,孩子又回到起早贪黑的状态。希望教育部门能加强对学校课后服务内容以及开学后教学安排的日常监管,明确课后服务以学生自主作业、阅读和答疑为主,不得集体讲授新课,作业时长严格按规范执行,切实保障初中孩子的睡眠和休息,让我们家长能够安心工作。谢谢领导。"
DE21D51D1A78877A08D322E31298D4BD91D30499665869A2AC9F946F06FB6B48,关于持续巩固初中课后服务和作业管理成效的诉求,"领导您好,我是一名初中生家长。孩子就读公办初中,目前不是毕业年级。暑假期间学校提供课后服务,孩子参加了,目前看作业量在合理范围,我们比较认可。但作为家长,心里还是不踏实。以前听说过一些学校为了升学率,早上很早到校、晚上很晚放学,孩子睡眠严重不足,课后服务也可能变成集体补课。现在校外学科培训少了,校内课后服务就更加关键。希望领导能督促我们这里教育部门和学校,新学期继续把作业总量和课后服务时长管住,课后服务多安排体育、阅读、兴趣活动,不要变相上课,让孩子有足够睡眠和休息时间。我们也愿意配合学校,但希望孩子能健康成长,不要回到以前那种从早到晚连轴转的状态。"
07A8E2DF42989A09A2B36BC385E89EBD36688442687AA56177C08BCDB3E93BE8,关于规范初中课后服务保障孩子假期休息的建议,"领导您好,我是一名初中学生的家长。孩子目前暑假期间参加学校课后服务,我们理解这项安排的初衷,但心里也有些担忧。过去我们这边一些学校为了提高成绩,课后服务容易变成集体上课或变相补课,孩子从早到晚待在学校十几个小时,晚上还有不少作业,睡眠严重不足,家长也跟着身心俱疲。现在我家孩子作业量看起来还在规定范围内,睡眠也还算充足,但我们很怕开学后学校又慢慢加码,课后服务变成补课,书面作业突破90分钟的上限,孩子又回到起早贪黑的状态。希望教育部门能加强对学校课后服务内容以及开学后教学安排的日常监管,明确课后服务以学生自主作业、阅读和答疑为主,不得集体讲授新课,作业时长严格按规范执行,切实保障初中孩子的睡眠和休息,让我们家长能够安心工作。谢谢领导。"
1389FD6EAEF36BC66DFDAA53E4F5D3E63AF978CC3B75A8E04E2F7D3019255484,关于新学期初中课后服务与作业管理的担心,"孩子现在上初中,暑假里书面作业时长是符合规定的,也参加了学校课后服务。但想到开学后的情况还是有些不踏实。我们周边以前有学校为了升学率拼命加课,孩子早上五点多起床,晚上快十点才睡,在校十几个小时,作业还要写到深夜,压力很大。现在虽然要求学校统筹作业总量、规范课后服务,但不知道学校会不会把课后服务变成变相上课或集中刷题,或者把作业挪到课后服务之后再布置,导致孩子睡眠不足。我们希望领导能督促学校严格执行作业不超过90分钟和课后服务自愿参加、内容多样的规定,不要以课后服务名义延长在校学习时间,保证孩子的休息和身心健康。我们对孩子期望高,但不希望用健康换分数。"
22D91B8BC6FCF46BFD43DEF66BEB884E1C6993BA6422EFACCE83F120F014FB6C,开学后低年级书面作业负担隐患需引起重视,"领导您好,我是小学低年级孩子的家长。暑假期间孩子书面作业情况符合规定,但我们注意到以往同地区一些学校存在作业超量、班额过大等问题,有低年级孩子写作业到很晚,严重影响睡眠。我们夫妻双方都要上班,家庭经济条件一般,如果开学后学校不严格执行“低年级原则上不布置书面家庭作业”的规定,我们担心孩子负担过重,我们也难以辅导。希望教育部门开学后加强暗访和监督,重点关注非公办学校和班额较大班级,让低年级孩子真正减轻作业压力,保障睡眠和身心健康。谢谢。"
847B6146F0E06071E2E7D01C95E700FE3C24F5DBD5E6746501B61163B0D1402F,希望新学期严控低年级书面作业并丰富课后服务,"领导您好,我的孩子现在上小学低年级。按照有关规定,这个阶段原则上不应该布置书面家庭作业。目前是暑假,但我很担心开学后学校会像有些地方一样,变相布置大量书面作业,让孩子写到很晚。我们夫妻都要上班,家里老人精力有限,如果作业太多,不仅孩子睡不好,我们辅导也很吃力。希望教育部门在新学期加强对学校作业管理的监督检查,特别是不定期暗访,确保低年级不布置书面家庭作业,或严格控制总量和时长。同时,希望学校能利用好课后服务时间,让孩子在校完成学习任务,开展一些文体活动,不要变成补课或变相增加负担。这样我们家长也能安心工作。谢谢。"
3E97E15A81A17C9F4CFD77A2C6552D9E6A6CD18C5CB4D443A668040FBDFD0A18,关于低年级开学后作业负担的担忧,"我是一名小学低年级学生的家长。寒假期间孩子作业量比较合适,睡眠充足。但马上要开学了,我很担心学校开学后恢复布置书面家庭作业,让孩子重新陷入作业负担。根据规定,低年级原则上不布置书面家庭作业,但身边有同省家长反映以前学校布置作业多,孩子写到很晚,影响休息。希望教育部门能加强日常监督,确保学校严格执行低年级不布置书面家庭作业的要求,让孩子有更多休息和阅读时间。同时,也希望能关注课后服务安排,避免变相增加负担。"
E148FD19AE105C0E23C9C96A3BE3FD017A44A7871346F6FA3703EF074ABBBB73,关于低年级作业减负与课后服务质量的建议,"领导好,我是一名小学生家长,孩子正处在低年级,按既有规定是不布置书面家庭作业的。孩子本月的作业情况符合要求,我们比较放心。但我和爱人都要上班,家里经济条件一般,平时辅导时间有限,担心开学后作业负担反弹。以前也常看到同地区家长反映一年级孩子作业写到很晚、背诵任务重,所以想请教育部门在新学期继续严格监督学校落实作业管理要求,不要布置书面家庭作业或变相增加背诵、打卡任务。孩子这个月参加了学校课后服务,希望学校能利用这段时间指导孩子在校完成学习任务、开展阅读和兴趣活动,别变成集体补课或放任不管,让孩子能早点休息,我们也能安心工作。谢谢。"
DAC20CA2F780367D73931BCBD89BF280DAC1E54DB6E0A94EB135FFDA25DA396F,希望加强小学低年级作业监督防止负担反弹,"领导您好,我是一名小学生家长,孩子目前处于小学阶段,不属于升学衔接年级。按照相关规定,这个年级原则上不布置书面家庭作业。现在正值暑假,孩子本月书面作业量看起来是符合要求的,但我心里仍不踏实。同省有家长反映,有的学校平时尤其临近期末会突然加大作业量,一年级孩子每天写到晚上十来点,还要提前购买辅导教材,背诵任务也很重。我们家经济条件一般,夫妻俩都上班,晚上没有太多精力辅导,孩子睡眠一直比较充足,很怕开学后作业负担反弹,影响休息和第二天状态。希望教育部门能在暑假和开学前后多开展不打招呼的检查,重点监督学校是否变相布置书面作业、是否强制购买教辅、是否安排过多死记硬背任务,确保低年级不布置书面家庭作业的规定真正落实到每个班级,给孩子一个轻松一点的起步。"
43DF3AF491F48475C5AC186FF73B17A0894BCB69E1689249F97BB3630D8AB78A,关于监督学校课后服务防止增加低年级学生负担的留言,"领导您好。我是小学低年级学生家长,双职工家庭,暑假孩子参加了学校的课后服务。我们很高兴学校能提供看护,但也有些担心:孩子这个年级按政策原则上不布置书面家庭作业,我们身边以前有低年级孩子作业多写到很晚的情况,所以特别怕课后服务变成变相补课或者让孩子继续写书面作业。孩子睡眠一直比较充足,我们希望他能保持。能不能请教育部门多暗访、检查学校的课后服务,确保时间衔接、内容多样、学生自愿,不要增加作业负担;也请持续关注开学后低年级的作业量,防止反弹。谢谢。"
D79EB1E19C3CA1FFAAC20E85A31A4FD5F135452B83F69FEF4CC6899FA897004D,希望加强小学低年级作业监督防止负担反弹,"领导您好,我是一名小学生家长,孩子目前处于小学阶段,不属于升学衔接年级。按照相关规定,这个年级原则上不布置书面家庭作业。现在正值暑假,孩子本月书面作业量看起来是符合要求的,但我心里仍不踏实。同省有家长反映,有的学校平时尤其临近期末会突然加大作业量,一年级孩子每天写到晚上十来点,还要提前购买辅导教材,背诵任务也很重。我们家经济条件一般,夫妻俩都上班,晚上没有太多精力辅导,孩子睡眠一直比较充足,很怕开学后作业负担反弹,影响休息和第二天状态。希望教育部门能在暑假和开学前后多开展不打招呼的检查,重点监督学校是否变相布置书面作业、是否强制购买教辅、是否安排过多死记硬背任务,确保低年级不布置书面家庭作业的规定真正落实到每个班级,给孩子一个轻松一点的起步。"
0F902EF4F828F33FD8901E61EACD80DCF87EA309BE4F20962AE54D63FC43F364,关于规范小学课后服务和作业管理、切实减轻学生负担的诉求,"我家孩子在小学低年级,这个暑假参加了学校的课后服务。作为双职工家庭,课后服务确实解决了我们接送和照看上的困难,但也担心开学后课后服务变成单纯看管,作业负担又回到孩子身上。以前就常听说同省一些学校一年级孩子作业写到很晚,还有大量背诵任务,孩子睡不够。现在政策要求统筹作业总量、加强校内指导,但我们担心学校落实不到位。希望领导督促教育部门加大对学校课后服务和作业管理的暗访检查,真正让低年级不布置书面家庭作业,课后服务能安排体育锻炼、阅读、兴趣活动等内容,而不是变相补课或放任不管,让孩子和家长都能轻松一些。"
E82A43FF04649A1CF482B8568DF7DA27ACD2315B7D836C6EA7C494167DDE9835,希望加强小学低年级作业监督防止负担反弹,"领导您好,我是一名小学生家长,孩子目前处于小学阶段,不属于升学衔接年级。按照相关规定,这个年级原则上不布置书面家庭作业。现在正值暑假,孩子本月书面作业量看起来是符合要求的,但我心里仍不踏实。同省有家长反映,有的学校平时尤其临近期末会突然加大作业量,一年级孩子每天写到晚上十来点,还要提前购买辅导教材,背诵任务也很重。我们家经济条件一般,夫妻俩都上班,晚上没有太多精力辅导,孩子睡眠一直比较充足,很怕开学后作业负担反弹,影响休息和第二天状态。希望教育部门能在暑假和开学前后多开展不打招呼的检查,重点监督学校是否变相布置书面作业、是否强制购买教辅、是否安排过多死记硬背任务,确保低年级不布置书面家庭作业的规定真正落实到每个班级,给孩子一个轻松一点的起步。"
0BCC9F746573B52A6172C9B5CC080E8BF17EC7C7BE8BF7E0998298DC20DBEA27,关于减轻低年级学生作业负担和提升课后服务质量的诉求,"我家孩子在上小学低年级,我们两口子都要上班,家庭经济条件一般。这个暑假孩子参加了学校课后服务,解决了照看问题,但心里还是不踏实。身边有家长反映以前临近期末作业多得写不完,一年级孩子写到十来点还被点名批评,我们很担心开学后书面作业负担又会反弹。孩子现在睡眠比较充足,我们希望他能保持。恳请领导督促学校严格执行低年级不布置书面家庭作业的规定,把课后服务真正用起来,指导孩子在校完成学习任务,不要变成变相补课或加重负担,也请教育部门多暗访监督,发现问题及时纠正。"
28E41563770DB14DB65D8FCCEB46800B2132C5C781F6AC478426E98B9EAD2F5D,关于小学生暑假书面作业超时的求助,"我是一名小学升学衔接年级孩子的家长,孩子就读公办重点学校。这个月我发现孩子的书面作业情况不符合规定的一小时要求,作为家长非常着急。我们夫妻都在上班,家里人多但能辅导作业的人手和时间有限,我们文化程度也不高,很多内容教不了。孩子书面作业负担如果过重,我们担心影响休息和新学期状态。希望领导能关注一下,核查学校假期作业布置情况,督促学校把作业量控制在合理范围,别让孩子负担过重。另外,孩子马上要升入新年级,我们也担心假期提前讲新课、开学后不讲,造成学习不公平,希望能明确规范,保障孩子正常学习进度。"
F662A6A837B786CC1A58DEFD5C207DB830E11365EC00FCCD13CD749BE40F6511,关于孩子暑期作业负担重及新学期课后辅导的求助,"领导好。我家孩子现在处在小学升初中的衔接阶段,这个月完成书面作业的时间超过了规定要求,我们两口子都上班,文化程度不高,家里经济条件一般,没有太多时间陪孩子一道题一道题地磨。现在学科类补习班还是能找到,我们很担心:不补,怕开学跟不上;补,家里实在负担重。听说学校要落实作业总量控制和课后服务,希望领导能督促学校新学期真正把作业量压下来,课后服务别只看着孩子,能安排老师有针对性地辅导功课,尤其帮孩子把基础补一补。也希望对暑假里提前讲新课、变相补课的行为加强监管,别让普通家庭的孩子还没上初中就先被落下。"
4EB3F1494A3CABA79432570C990B2EC99A78D0193839359C03A5A829841CB895,关于规范小学高年级书面作业时长并完善课后服务的诉求,"领导好,我是一名小学高年级学生家长。孩子正处于升学衔接阶段,学校是公办重点,但近期书面作业时长没有严格落实规范,经常需要较长时间才能完成,而我们家长因工作原因时间紧张,难以辅导。同时孩子未参加学校课后服务,我们只能继续选择校外学科培训,收费不低,家庭经济负担较重。长期下去担心影响孩子睡眠和健康,也不利于全面发展。希望督促学校严格执行作业时长规定,合理控制作业量,并完善课后服务内容,提供作业辅导和看护,让我们家长安心工作,也减少对校外培训的依赖,减轻家庭压力。"
1BE7D1BFA6464C6F062FB23E16336D40D13FFCAFAF934085938CFD9819D51F5C,"希望学校课后服务能加强作业辅导,帮助孩子衔接升学","我们夫妻都在外工作,家里老人多,确实很难每天盯孩子写作业。孩子现在正是升学的关键年级,我们文化程度不高,辅导不了,之前报的校外培训班也停了,心里很着急。这个月看孩子作业情况不太对,担心基础打不牢。虽然学校有课后服务,但我们因为时间安排没参加,听说课后服务主要是看管,作业辅导不一定跟得上。希望领导能帮忙协调学校,在课后服务里多安排老师指导学生写作业,把当天功课弄懂,尤其是数学和语文,别让孩子回家还要磨到很晚。这样我们家长也能安心工作,孩子也能平稳过渡。"
9FF14E109518162DDFD5DAD0D65C6281816603EBFBFD00B53062F087108041FA,关于暑假期间小学生书面作业负担过重的反映,"我是一名学生家长,孩子目前处于升学衔接年级。这个暑假,孩子的书面作业完成时间已经超过了当前年级规定的一小时上限。我们夫妻双方都要上班,文化程度也不高,辅导作业很吃力。家里经济条件一般,孩子还在参加校外学科培训,收费也不低。这样一来,孩子每天学习时间很长,压力不小。希望相关部门能够关注暑假作业量,督促学校合理布置作业,同时考虑在假期提供一些课后服务或托管,帮助我们这样的家庭减轻负担。"
A8F0E17762113EE51FC9F772F6F4DBEDB8612143EAC38CD0C60656C6EA76A61B,关于孩子升学前作业和课后辅导的求助,"我家孩子马上要升初中,我和孩子爸爸都在上班,家里老人也帮不上学习,经济条件一般。以前还能在外面报个班,现在学科类培训基本停了,我们也不打算再报。可是孩子这个月的书面作业时间不太符合规定,我们很担心开学后作业更多,我们自己文化不高,辅导不了。听说学校有课后服务,但这个月我们没有参加,也不知道能不能有老师带着写作业、补补薄弱的地方。希望领导能督促学校把作业量控制好,课后服务多安排一些作业辅导和衔接内容,让孩子在学校就把作业完成,我们也能安心工作。另外担心外面还会有一些变相补课,希望继续管一管,别让我们这样的家庭又被迫花冤枉钱。"
952C2CE1DD2C07B30B98B765D2606B36B6469044D42BF1533F55380009F09EF8,关于暑假期间小学生书面作业负担过重的反映,"我是一名学生家长,孩子目前处于升学衔接年级。这个暑假,孩子的书面作业完成时间已经超过了当前年级规定的一小时上限。我们夫妻双方都要上班,文化程度也不高,辅导作业很吃力。家里经济条件一般,孩子还在参加校外学科培训,收费也不低。这样一来,孩子每天学习时间很长,压力不小。希望相关部门能够关注暑假作业量,督促学校合理布置作业,同时考虑在假期提供一些课后服务或托管,帮助我们这样的家庭减轻负担。"
F93CB79B84A14D5997848D8AE6E6057A6FD21D5E948DC9B481021CF328C4BFCA,关于小学升初中衔接期作业与课后服务的诉求,"我家孩子正处在小学升初中的衔接年级,这个月书面作业完成情况与规定时长有差距,我们家长很焦虑。我们夫妻都在工作,学历不高,家里虽然人多,但能辅导孩子学习的人有限。孩子以前参加过学科类校外辅导,现在已停止,外面的培训也少了很多。这个月孩子没有参加学校课后服务,遇到不会的题、学习上的困难没人帮,担心开学后跟不上初中节奏。希望教育部门能帮忙核查学校在暑假和日常作业布置上是否严格执行总量和时长规定,同时协调学校在暑期或开学后提供自愿参加的课后服务,安排老师辅导作业、做些衔接适应内容,减轻像我们这样双职工、文化程度不高家庭的负担。"
BF1AEA3979D785DFCEE466BA2445B0F937A0EB18A8200FBEE5817F80E1BEFC80,关于暑假期间小学生书面作业负担过重的反映,"我是一名学生家长,孩子目前处于升学衔接年级。这个暑假,孩子的书面作业完成时间已经超过了当前年级规定的一小时上限。我们夫妻双方都要上班,文化程度也不高,辅导作业很吃力。家里经济条件一般,孩子还在参加校外学科培训,收费也不低。这样一来,孩子每天学习时间很长,压力不小。希望相关部门能够关注暑假作业量,督促学校合理布置作业,同时考虑在假期提供一些课后服务或托管,帮助我们这样的家庭减轻负担。"
D4DDE50281A62D62503A953F7C9966396FCDCDE98CC1E7F45B91567A3CC270A7,关于暑假作业负担与暑期看护辅导的求助,"领导好。我家孩子上小学,今年9月升入新的年级。我们夫妻都在外工作,家里人口多,但能辅导孩子学习的精力有限。以前还能让孩子去校外辅导班,现在外面学科培训基本没有了,我们也负担不起。这个暑假,孩子在家做书面作业,我们观察到每天实际用时经常超过规定的一小时,不清楚是作业设计还是孩子效率问题,但家长确实感到压力很大。学校离家近,是公办重点校,但暑假期间没有课后服务,孩子这个月没有参加任何学校组织的活动。我们文化程度不高,经济条件一般,孩子虽然睡眠一直还行,但作业时间太长,担心开学后更难适应。希望政府能协调学校核查假期作业安排,避免简单增加作业量;也希望能有公益性的暑期托管或学习辅导,哪怕只是老师轮流答疑,帮帮我们这样的家庭。开学后也希望能真正落实课后服务,让孩子在学校把作业完成一部分,回家能早点休息。谢谢。"
18E76D91E6A99D40848FDE3A28546A5C65C9E8E387D35C5CFF6C143853CB0C06,关于小学书面家庭作业违规问题的反映,"我是一名小学生家长,孩子就读于本地一所公办小学。根据现行规定,孩子所在年级原则上不布置书面家庭作业,但最近了解到孩子本月仍有书面作业,这不符合规定。我家经济条件一般,家长文化程度不高,平时孩子睡眠时间较长,如果学校继续布置书面作业,很可能打乱孩子作息,影响休息和健康。我们担心学校虽然口头上减负,实际却变相布置作业,也担心作业过多挤占孩子课余时间,导致睡眠不足、学习压力过大。以前也听说过一些学校作业量大、考试频繁的情况,希望领导能重视此类问题,督促学校严格落实规定,不要布置书面家庭作业,减少不必要的考试和排名,让孩子有更多时间休息和参与其他活动。我们支持减负政策,希望孩子能健康成长、全面发展。"
9B8E2EC948D7BE660F5103FE6AC954126EA21FC17975B46AFC3908CA8101DDFC,关于切实减轻小学生书面作业负担的诉求,"领导您好,我是本地一名小学生家长。孩子所在年级按规范原则上不应布置书面家庭作业,但本月暑假期间,孩子仍有书面作业,这已不符合相应要求。我们家庭经济条件一般,家长也没有能力辅导过多作业,更不希望靠校外学科培训来补。从周边地区了解到,有些学校作业超量,孩子经常写到很晚,考试频繁,课间和副科时间被挤占,我们非常担心开学后作业负担会明显加重。希望教育部门督促学校严格执行作业总量控制和设计质量要求,加强校内作业指导,保障孩子有充足的睡眠和休息时间,切实落实自愿参加的课后服务,不要增加普通家庭负担。谢谢。"
FC2F09261BD3458295DFAA48A72E22A724D28F4D9BE78A6359888932BBCF7964,关于小学低年级书面家庭作业规范的反映,"领导您好。我家孩子在本地一所公办小学就读,目前是低年级学生。按照孩子这个年级的规范,学校原则上不应布置书面家庭作业,但我最近发现孩子这个月的书面作业情况并没有符合这个时长规范。作为家长,我很担心长期这样下去会影响孩子的睡眠和身体发育,也怕孩子对学习产生抵触。身边也有一些家长反映过类似情况,有的孩子作业写到很晚,课间和副科时间被挤占。虽然我们家庭经济条件一般,但也希望孩子能在学校课后服务时间里完成一些巩固活动,而不是回家还要面对书面作业。希望相关部门能核查学校作业布置情况,督促学校严格落实低年级不布置书面家庭作业的规定,合理安排课后服务内容,让孩子们有充足睡眠和自由活动时间。谢谢。"
FA474086EB0E03F1914600151815B8451CA517213DB93342FD17F0F117EC6599,关于确保小学课后服务真正减负的诉求,"我家孩子在公办重点小学就读,这个月书面作业情况符合规定,我们也让孩子参加了学校课后服务。作为家长,我们支持课后服务,但担心学校利用课后服务时间变相补课或布置额外作业,导致孩子回家后仍然负担很重。以往有些学校确实存在作业过多、挤占课间和副科时间的现象,我们不希望这些问题换个形式又出现。希望领导关注学校课后服务的实际开展情况,确保内容多样、自愿参加,不要变成变相课堂,同时持续监督作业总量,让孩子们真正有休息、锻炼和发展兴趣的时间。"
92FC8C6ACF3E5E19B54A33CCB4F12755356276DF70FEA632B6A9213FA39AE7B5,请督促学校落实小学作业减负规定,"我是一名小学生家长,孩子就读公办学校,目前参加学校课后服务。按照该年级现行规范,原则上不布置书面家庭作业,但本月孩子的书面作业情况明显不符合规定,所花时间超出应有范围。我们家庭经济条件一般,家长文化程度有限,家中同住人口较多,很难持续辅导和盯作业。孩子平时睡眠时间较长,我们只希望他健康成长,未来能读到本科。现在最担心的是学校为追求成绩或应对检查,把书面作业转嫁到课后服务或假期里,让孩子晚上熬夜、害怕上学。希望有关部门核查课后服务期间的作业安排,督促学校严格落实年级作业规范,控制作业总量,保障孩子休息和锻炼时间,别让减负停在口头上。"
B652A67B8AFDD7CC25C8E1F3A44340BA5A80785E017F3D821BECA7DD66332EFE,关于学校课后服务内容与质量的建议和担忧,"领导好,我是一名小学生家长。现在孩子每天参加学校的课后服务,时间确实按要求保证了,但作为家长还是有些担心。身边一些学校过去出现过把课后服务变成集体补课、讲卷子或者布置额外作业的情况,孩子回家反而更累。我们希望学校能真正把课后服务做成自愿、多样的活动,多安排体育、艺术、劳动、阅读等内容,让孩子能放松和发展兴趣,不要变成第二个课堂。另外,我们家经济条件一般,希望课后服务不要搞变相收费,增加我们负担。还有,虽然目前孩子书面作业量还算正常,但开学后也希望学校不要反弹,别再出现题海战术和频繁考试,让孩子有足够睡眠和休息时间。谢谢领导关心。"
E3BEF6056C9FC18593731ADA6F83EC2B2971BA1A6670364461A59C7951D25678,请督促学校落实小学作业减负规定,"我是一名小学生家长,孩子就读公办学校,目前参加学校课后服务。按照该年级现行规范,原则上不布置书面家庭作业,但本月孩子的书面作业情况明显不符合规定,所花时间超出应有范围。我们家庭经济条件一般,家长文化程度有限,家中同住人口较多,很难持续辅导和盯作业。孩子平时睡眠时间较长,我们只希望他健康成长,未来能读到本科。现在最担心的是学校为追求成绩或应对检查,把书面作业转嫁到课后服务或假期里,让孩子晚上熬夜、害怕上学。希望有关部门核查课后服务期间的作业安排,督促学校严格落实年级作业规范,控制作业总量,保障孩子休息和锻炼时间,别让减负停在口头上。"
E56469373459EDC95F91FE9668FB7CDD241A53739400AE1ED42A9279EE64558E,关于开学后作业减负和课后服务质量的诉求,"我家孩子在本区一所公办小学就读,暑假期间参加了学校提供的课后服务。目前看,孩子的书面作业负担不大,基本符合年级规定,睡眠时间也较充足。但我注意到,过去周边学校曾有过作业写到深夜、考试频繁、挤占副科的情况,现在虽然作业量有所控制,还是担心开学后学校为了抓成绩又层层加码。希望领导能持续关注学校作业总量和时长管理,不要只看表面数字,同时指导学校把课后服务做好,多安排体育锻炼、阅读、兴趣活动,别让孩子在校时间变成变相刷题。我们家庭经济条件一般,也没有给孩子报校外培训班,学校就是最主要的依靠,恳请领导督促落实,让孩子真正减负。"
5739BCEA0F51EF1571397C2ECF6A94602F212C47C2BFBFB1C52E4CE7C843EBA3,请督促学校落实小学作业减负规定,"我是一名小学生家长,孩子就读公办学校,目前参加学校课后服务。按照该年级现行规范,原则上不布置书面家庭作业,但本月孩子的书面作业情况明显不符合规定,所花时间超出应有范围。我们家庭经济条件一般,家长文化程度有限,家中同住人口较多,很难持续辅导和盯作业。孩子平时睡眠时间较长,我们只希望他健康成长,未来能读到本科。现在最担心的是学校为追求成绩或应对检查,把书面作业转嫁到课后服务或假期里,让孩子晚上熬夜、害怕上学。希望有关部门核查课后服务期间的作业安排,督促学校严格落实年级作业规范,控制作业总量,保障孩子休息和锻炼时间,别让减负停在口头上。"
BC9B2CBA1F2ABEACEDDE338D156A14D6B5276E640B7EF4CD693FA877D9E8004C,关于学校课后服务内容与孩子减负的诉求,"领导您好,我是一名城镇小学生家长,孩子就读公办重点小学。家里经济条件一般,没有给孩子报校外学科培训,很依赖学校课后服务。这个暑假孩子参加了学校课后服务,每天时间有120分钟以上,但具体内容质量我们不太清楚。我担心学校会不会利用课后服务时间变相补课或布置额外作业,也担心开学后书面作业又会多起来。以前就听说过有的地方学校作业写到半夜、课间被主科挤占、副科背诵过多等问题。希望领导督促教育部门加强对学校课后服务和作业管理的日常监管,确保课后服务自愿、内容丰富、不增加学业负担,同时严格落实作业总量控制,别让减负政策在基层走样,让孩子能真正全面发展。"
A9CA3F3349320FF50F6AC5ED19E817675F4AE4ADF5EE59ECE112A63E6EE2F527,关于监督学校落实低年级不布置书面家庭作业规定的请求,"我是本地一名低年级小学生的家长。孩子这个月书面作业符合规定,我们比较放心。但过去周边常有开学后作业量增加、老师要求家长批改检查、甚至指定书店买资料的情况。我文化程度不高,辅导孩子很吃力,担心新学期作业又变多,影响孩子休息,也怕学校把批改任务推给家长。希望有关部门能督促学校严格落实低年级不布置书面家庭作业的规定,老师亲自批改作业,不要要求家长检查或打卡,也不要变相指定购买教辅资料。"
508E6B121021AB4123346DCC200B0366CE79A3AAFD2E28E3A81265813DB58F82,关于开学后落实作业减负、不让家长批改作业的诉求,"领导好。我是一名小学生的家长,孩子马上要开学了。我文化程度不高,辅导孩子作业很吃力。最近听说学校要统筹作业总量、加强作业指导,不让家长批改作业,我们很高兴。但我担心有些老师还是像以前一样,把作业发到群里让家长检查、批改,或者布置很多书面作业,孩子写到很晚,影响睡眠。我孩子现在睡眠时间还算充足,但开学后如果作业负担加重,可能就保证不了。希望领导能督促学校严格落实作业管理规定,老师布置的作业难度和数量要合理,尽量在学校课后服务时间指导完成,不要增加家长负担。我们愿意配合学校,但不应该承担批改作业的任务。谢谢。"
30AF1786D1B281F7E435A365016A0A2F78F6E5ABE8A66F76BB2BA6E8FE74DCA3,关于规范小学低年级作业和课后服务的诉求,"领导好,我是一名小学生家长,孩子读公办小学。目前学校按照规范没有布置书面家庭作业,这个月作业情况也符合要求,孩子参加了学校课后服务。但我很担心开学后老师会像周边一些学校那样,让家长在微信群批改作业、要求家长购买教辅并辅导完成,每天弄到很晚。我们家长文化程度不高,实在辅导不了,也怕耽误孩子学习。希望教育部门督促学校严格执行不布置书面家庭作业的规定,课后服务时间由老师认真辅导学生,不要把批改作业和辅导任务转嫁给家长。"
DF42B683907A6A25800EEB9D8049BEC1D9CADC5F2FC77F30D335218F0B0BFC8A,希望课后服务真正解决作业辅导难,"领导您好,我是西部地区一名小学生的家长,文化程度不高,辅导孩子作业很吃力。孩子这学期参加了学校课后服务,但我们担心课后服务只是看管,没有真正指导作业,孩子回家后可能还有书面作业,最后又变成家长检查、批改。以前周边学校出现过老师让家长在群里发作业、批改作业的情况,我们很怕这学期也这样。希望有关部门督促学校用好课后服务时间,让孩子在校内完成大部分作业,老师能当面辅导和批改,不要给家长增加负担,让孩子能早点休息。"
DFB8A1AFD6AC82586D02019C24B1CFBCEECDE1250D3C4734D6597D7E21647814,关于规范低年级课后服务和作业管理的诉求,"领导好,我家孩子在西部城镇一所公办小学读低年级,这个暑假参加了学校的课后服务。按说这个年级是不应该布置书面家庭作业的,目前看孩子作业量也还符合规定,但我们两口子文化程度不高,辅导学习很吃力。周边有家长反映过,一些学校老师要求家长批改作业、在群里发作业,我们很担心开学后又变成那样。我们没有给孩子报外面的培训班,就是希望学校能严格执行规定,不要给低年级孩子布置书面家庭作业,不要变相把批改任务推给家长,让课后服务真正起到看护作用,不要变成补课或增加负担。恳请领导督促学校落实到位。"
00BC9E927641251850450614DB507D45179936EF4110837C0472831B3D976FC0,关于学校课后服务内容与作业管理的诉求,"领导您好。我是一名小学生家长,孩子暑假在学校参加课后服务。我们很支持学校提供课后服务,但按孩子现在的年级规定,原则上不应布置书面家庭作业。我们最担心的是,暑假课后服务会不会变成老师让孩子写作业、补课,最后又把批改作业的任务推给家长。我们家长文化程度不高,很多题自己也不会,以前就听说有学校让家长在群里改作业、买资料,孩子累家长也累。现在政策要求学校统筹作业、课后服务要内容丰富,请领导督促学校真正落实:课后服务多安排体育、阅读、兴趣活动,不变成变相补课;如果布置作业,老师要自己批改,不能要求家长检查改正。开学后也要严格执行当前年级不布置书面家庭作业的规定,别让好政策落空。"
55D303D8BB0DE2EB5C1CA0EDE55CEF81F43824D83F9C61538584DC32CEABB274,关于规范低年级课后服务和作业管理的诉求,"领导好,我家孩子在西部城镇一所公办小学读低年级,这个暑假参加了学校的课后服务。按说这个年级是不应该布置书面家庭作业的,目前看孩子作业量也还符合规定,但我们两口子文化程度不高,辅导学习很吃力。周边有家长反映过,一些学校老师要求家长批改作业、在群里发作业,我们很担心开学后又变成那样。我们没有给孩子报外面的培训班,就是希望学校能严格执行规定,不要给低年级孩子布置书面家庭作业,不要变相把批改任务推给家长,让课后服务真正起到看护作用,不要变成补课或增加负担。恳请领导督促学校落实到位。"
A8443155B9517135E042826CBD6750DCFA934014050FD5B4B34EB91630220E7E,关于新学期作业管理与课后服务落实的建议,"领导好,我是一名小学生家长,孩子目前不在升学年级。现在还在暑假,但我很担心开学后学校在作业和课后服务上又回到老样子。我们身边有些家长反映过,老师把批改作业推给家长,不检查辅导资料,孩子作业多到影响休息。我们家长文化程度不高,经济条件虽还行但确实不会辅导,又不敢随便报外面的培训班。孩子现在参加学校课后服务,我们希望课后服务不要只是看管,能真正有老师指导作业、答疑,同时学校严格按分学段要求控制作业总量,提高作业质量,不要指定购买过多资料,也不要让家长批改作业。请领导督促学校把这些要求落实到位,让孩子睡眠充足,减轻家长负担。"
8BA1FFC8E619E749BB0BDA92A4119E12923966C8FF32E3A59095B1184A52A39B,关于规范低年级课后服务和作业管理的诉求,"领导好,我家孩子在西部城镇一所公办小学读低年级,这个暑假参加了学校的课后服务。按说这个年级是不应该布置书面家庭作业的,目前看孩子作业量也还符合规定,但我们两口子文化程度不高,辅导学习很吃力。周边有家长反映过,一些学校老师要求家长批改作业、在群里发作业,我们很担心开学后又变成那样。我们没有给孩子报外面的培训班,就是希望学校能严格执行规定,不要给低年级孩子布置书面家庭作业,不要变相把批改任务推给家长,让课后服务真正起到看护作用,不要变成补课或增加负担。恳请领导督促学校落实到位。"
C30C15CDE87209C2884452680B2F790C98B9D49C1AF486388F1092E62CAA8BBE,关于课后服务期间加强作业指导减轻家长辅导压力的诉求,"我是一个西部城镇小学生的家长,孩子现在参加学校的课后服务,这个月的书面作业量看起来符合要求,但我们心里还是不踏实。我们家长文化水平不高,有的家长还不太识字,过去周边学校出现过低年级布置大量书面作业、老师让家长用手机发作业检查批改、课堂配套练习基本不做的情况。现在学科类培训班少了,我们本来很高兴,可又担心学校课后服务只是简单看管,作业指导和质量跟不上,回家后老师仍然把检查、批改任务推给家长。我们希望领导能督促学校把课后服务真正利用好,优先安排老师辅导孩子在校完成作业、及时批改讲解,不要变相给家长布置作业。也请持续关注课后服务的师资和内容,确保自愿参加的孩子每天有实实在在的收获,让我们文化不高的家长能安心,不因为辅导不了而焦虑。"
E69986F8B1A3A84B3F55D4ABF79199FB592C67178B368041909279EF6877BA06,希望为初中学校配备专业心理辅导老师,"领导您好,我是一名初中学生的家长。我们两口子文化程度不高,平时都在上班,对孩子青春期的一些想法和变化不知道怎么引导。孩子开学继续上初中,我们最担心的是他在学校受到不良风气影响,比如看到高年级学生抽烟喝酒觉得有面子,跟着学坏。听说有些学校虽然开了心理课,但多是老师兼职,学生放不开,效果不好。希望学校能配备专业的心理老师,最好不是任课老师,能一对一跟孩子谈心,及时发现问题。我们家条件一般,就指望孩子能好好读书,将来考上大学,请领导重视初中的心理健康教育。"
8A0A3517900C3461618B2F51C71AF417794686F66B50CF33FD929A22E8EDC7A0,关于完善初中课后服务并加强心理辅导的请求,"领导好,我是一名西部城镇初中生的家长。我们两口子都要上班,家庭收入不高,暑假马上结束,最担心开学后孩子放学没人管。现在要求学校开展课后服务,说是自愿参加,我们很需要,但又怕学校只是把孩子集中看管,没有真正辅导和活动;也担心收费高,我们负担不起。孩子上的不是重点学校,资源有限,希望政府能保障课后服务经费,做到免费或低收费,不要变相强制。另外,我们这边初中生容易受不良风气影响,抽烟喝酒、跟风学样,孩子青春期特别需要引导。希望课后服务里能安排专业的心理辅导或健康活动,不是老师兼着随便讲讲,而是真正能跟孩子谈心。这样我们家长也能安心工作。"
701FFDA61D7B2D28232B92A2335B5296B05DAB0FDBE1929206021032EC576AA1,关于为初中学生配备专业心理辅导老师的建议,"我是一名初中学生家长,孩子目前在公办初中就读,家庭经济条件一般,父母都要上班,陪伴孩子的时间有限。这个月孩子书面作业量基本符合规定,也参加了学校课后服务。但我们更担心孩子的心理成长,家长文化程度不高,很多青春期问题不知道怎么引导。听说有些初中生容易受不良风气影响,比如觉得抽烟喝酒是成熟的表现,我们很怕孩子在学校跟着学。希望学校能配备专业的心理老师,最好不要由任课老师兼任,能一对一跟孩子聊聊,而不是走形式。也请上级部门督促学校把心理健康教育做扎实,让像我们这样的家长能放心。"
47C45CB8DAC435F4382A8E072EF43B7482832F0C62256CDD924AF4C63367EEA5,希望初中课后服务能加强作业辅导和心理关怀,"我是西部城镇一名初中生家长,我们夫妻工作忙,文化水平不高,家里经济条件有限。现在校外学科培训管理严格,我们也没能力请家教,孩子放学后参加学校课后服务,但觉得课后服务更多是看管,作业辅导和兴趣活动不够。孩子上了初中,课程难了,我们辅导不了,也担心他青春期心理方面没人引导。希望新学期学校课后服务能加强作业答疑和心理健康辅导,安排专业老师或人员,不要只让学生自己写作业。谢谢。"
20BEA5B576427DFB7EB8BE08A857E0A1E0D62365A655C1694D4DCFC4921CAEA5,希望初中课后服务增加专业心理辅导,"领导您好,我家孩子在读初中,家庭条件一般,我们两口子都要上班,文化程度也不高,暑假孩子参加了学校的课后服务。我们这边有些初中生会学抽烟喝酒、跟社会青年学,我们很担心孩子在这个年纪走偏。希望政府能重视初中生的心理健康,在学校课后服务里安排专业的心理老师,最好能一对一和孩子聊聊,不要只是上大课。这样我们家长也放心,孩子能健康成长。"
F417F6C9E979867FB761DC51E50EB49DD9D64DCA29C4873664A1EB809EC86121,希望加强初中课后服务心理辅导和成长指导,"我孩子是初中生,在西部城镇一所普通公办学校就读。我们家庭经济条件一般,夫妻俩都要打工,文化水平也不高,辅导孩子学习很吃力。这个暑假学校提供了课后服务,孩子每天都在参加,我们很感谢。但据我们观察,课后服务主要还是看管和写作业,缺乏针对初中生的心理辅导、学习方法指导和兴趣拓展。孩子进入初中后,我们特别担心他因为家庭条件有限、见识少,遇到心理困扰或行为偏差时没人引导。我们家长自己不懂,也请不起外面的辅导。希望政府能督促学校在课后服务中增加专业的心理老师和成长指导活动,哪怕每周一两次,让孩子在学校不仅能完成作业,也能有人关心他们的心理和成长。这样我们打工也放心一些,孩子也有机会更好地发展。"
117652B279683FFB1B9F8A344B3AE6583457B35769B5A1D8C613E757FCD5DCD7,希望初中课后服务增加专业心理辅导,"领导您好,我家孩子在读初中,家庭条件一般,我们两口子都要上班,文化程度也不高,暑假孩子参加了学校的课后服务。我们这边有些初中生会学抽烟喝酒、跟社会青年学,我们很担心孩子在这个年纪走偏。希望政府能重视初中生的心理健康,在学校课后服务里安排专业的心理老师,最好能一对一和孩子聊聊,不要只是上大课。这样我们家长也放心,孩子能健康成长。"
6E2A36BE7F9A4AC6CEAD28E2874B4351B958FE6CDAA294C441B57C6C1C788E56,关于改善初中课后服务与心理辅导的诉求,"我是一名初中生家长,文化程度不高,两口子都在上班,家里条件一般。现在暑假孩子也参加学校的课后服务,我们很感激,但心里还是有点没底。孩子在学校时间不短,课后服务到底做些什么、有没有老师真正辅导学习、遇到心理波动有没有人开导,我们家长没有能力了解清楚。特别是现在校外学科培训基本没有了,我们更指望学校能把孩子管好、教好。听身边人说初中生容易受不良风气影响,希望政府能督促学校把课后服务做实,增加专业的心理辅导,别只是看管写作业。帮帮我们这些普通家庭,让孩子在学校能安心成长。"
CC5BC77FD7668D31E26C3EEF462A5DF332CA70598A98B0F6393B4DC5FF3BCE31,希望初中课后服务增加专业心理辅导,"领导您好,我家孩子在读初中,家庭条件一般,我们两口子都要上班,文化程度也不高,暑假孩子参加了学校的课后服务。我们这边有些初中生会学抽烟喝酒、跟社会青年学,我们很担心孩子在这个年纪走偏。希望政府能重视初中生的心理健康,在学校课后服务里安排专业的心理老师,最好能一对一和孩子聊聊,不要只是上大课。这样我们家长也放心,孩子能健康成长。"
BAA38B2690249B8DA7B2BCABA684D5F584FCC62EEBDDEAD6053F3A29E8CF314F,关于初中课后服务与心理健康支持的建议,"我是西部城镇一名初中生家长,文化程度不高,夫妻俩平时工作忙,家庭条件一般。孩子以前没上过补习班,现在校外学科培训少了,我们更指望学校。这个暑假作业量还能接受,但开学后最担心孩子学业跟不上,也怕初中阶段心理上出问题。孩子参加了学校课后服务,可不知道里面是不是真的有老师辅导、关心孩子心理。我们能力有限,时间也紧,实在辅导不了。希望领导重视城镇普通初中的课后服务和心理辅导,安排专业的心理老师,最好一对一或小组交流,不要只是上大课走形式;课后服务里也能有答疑和习惯引导,而不是让孩子自己熬时间。拜托领导多帮帮我们这样的普通家庭。"
4597C210768BBF219E2FCB1DDC35ABE30CF6520D255495F0D8F388E130C9111F,关于小学生书面作业时长超标的反映,"领导好,我是一名小学生的家长。孩子上公办小学,学校离家近,我们家长文化程度不高,但很重视孩子的健康和睡眠。近期发现孩子这个月的书面作业情况不符合规定时长,我们担心作业太多会影响孩子休息和身体,也怕我们没能力辅导,孩子压力大。希望领导能督促学校严格执行作业时长规定,合理布置作业,让孩子有足够睡眠,健康成长。谢谢。"
2339A75ED74FF7C4315294E6FE2A630BB741A7DDBB55C900370160B664B32287,"暑假书面作业超时影响孩子休息,请求督促学校统筹减负","领导好,我家孩子读小学,公办学校,离家不远。这个暑假,孩子书面作业完成情况不符合规定时长,我们家长文化程度不高,辅导不了太多,孩子自己完成得慢,经常要写很久。孩子平时睡眠时间比较长,现在为了赶作业,作息都打乱了,我们很担心影响健康和视力。现在都要求学校统筹书面作业总量、时长和设计质量,加强校内指导,希望领导重视,督促学校把暑假作业量降下来,别让书面作业占用孩子太多休息和锻炼时间。开学后也请落实课后服务,让孩子能在学校完成一部分作业,减轻家庭负担。谢谢。"
95BA1184814161FD379DCBDA662A401CDE4E76A10685A62EDB2E65A3640726D9,小学生书面作业超时影响休息盼解决,"领导好,我是一名小学生家长。孩子就读的是公办小学,我们家庭条件还可以,但我和家人文化程度不高,只希望孩子健康长大。最近这个月,我发现孩子每天写书面作业的时间明显偏长,经常要写到很晚,超过一个小时。孩子本来睡眠时间是比较长的,但现在为了完成作业经常熬夜,我们很担心他的身体。我们家人口多,时间上还能照看,但看着孩子这么累,心里难受。听说学校有课后服务,可作业还是那么多,不知道是不是课后服务没有用来写作业。希望领导能重视这个问题,督促学校严格执行作业时间规定,不要布置过量书面作业,让孩子有足够的休息和锻炼时间。谢谢。"
63DB41FBF1DE48A30D1428D5B4562E9CE60B2135C7C603760471DBA7154A82B1,希望加强学校课后服务的辅导质量,"领导您好,我是一位小学生的家长。我家孩子现在读小学,不是毕业班。我们夫妻文化程度都不高,辅导孩子作业很吃力。现在校外培训不好找,我们也不敢随便报。学校有课后服务,孩子每天参加,我们很支持,但不知道是不是真正有人辅导作业,还是只是让孩子自己玩或者看管。我们孩子学校不是重点学校,老师平时也忙,担心课后服务流于形式,达不到效果。我们要求不高,就希望孩子在学校能把作业写好,有老师能答疑,最好能有些兴趣活动。希望领导能督促学校把课后服务做实,多配些老师,别让家长花了时间却得不到实惠。谢谢!"
F5FFD7AE2E22ACF886E4F3DE3B64154F75F9C117D40BBAF7BF0A0651322D2426,关于规范小学暑假书面作业管理的请求,"尊敬的领导:您好!我家孩子是一名小学生,目前正值暑假。按照相关规定,小学生书面家庭作业平均完成时间不应超过60分钟。但近期孩子的书面作业情况未符合这一规范,作为家长非常担忧。孩子年龄尚小,正处于身体发育关键期,充足的睡眠和户外活动很重要,作业负担过重会影响孩子身心健康。虽然家庭条件还可以,但我们更希望孩子能全面发展,而不是被作业压得喘不过气。孩子这个月参加了学校课后服务,我们原本希望课后服务能帮助孩子高效完成作业,但目前作业时长问题仍未解决。恳请领导重视,督促学校严格执行作业管理规定,合理布置暑假作业,加强监督,让孩子度过一个健康快乐的假期。谢谢!"
D99E241BEE47C817DB517640D547A02E2E39C3160F6B4077F35760A539D61DF9,关于保障小学课后服务质量并加强作业辅导的建议,"领导您好。我家孩子在公办小学读书,这个月参加了学校的课后服务。我们家长文化程度不高,辅导孩子作业很吃力,现在外面的学科培训班也少了,孩子学习上遇到问题只能靠学校。我们担心学校的课后服务如果只是把孩子们集中看管,没有老师认真辅导作业、开展一些兴趣活动,那对我们这样的家庭帮助不大。希望领导能重视普通学校的课后服务保障,调配好师资、落实好经费,让课后服务真正有人教、有内容,而不是走过场。孩子还小,睡眠和身体也很重要,我们也不求拔高,只希望基础能跟上,在学校把作业弄懂,回家能安心休息。"
4117B309226FC0C53DF1CB061B29780FF5BB25C201D3773CEB815792D706F12F,关于规范小学暑假书面作业管理的请求,"尊敬的领导:您好!我家孩子是一名小学生,目前正值暑假。按照相关规定,小学生书面家庭作业平均完成时间不应超过60分钟。但近期孩子的书面作业情况未符合这一规范,作为家长非常担忧。孩子年龄尚小,正处于身体发育关键期,充足的睡眠和户外活动很重要,作业负担过重会影响孩子身心健康。虽然家庭条件还可以,但我们更希望孩子能全面发展,而不是被作业压得喘不过气。孩子这个月参加了学校课后服务,我们原本希望课后服务能帮助孩子高效完成作业,但目前作业时长问题仍未解决。恳请领导重视,督促学校严格执行作业管理规定,合理布置暑假作业,加强监督,让孩子度过一个健康快乐的假期。谢谢!"
4E09C7BAD7CD68E4ECC77A1EFED7694A533E42BD9E64D20A7B2A81C22C1D718E,关于课后服务质量和班级规模的担忧,"领导好,我孩子所在公办小学暑假期间提供了课后服务,我们家长文化程度不高,辅导作业有困难,就让孩子参加了。但孩子反映课后服务基本就是坐在教室里,老师管得不细,做完作业就没事干,内容很单一。孩子每天在学校时间不短,回家后很疲惫,睡眠也不如以前,我们很担心长期这样影响身体。另外,听其他家长说有些学校班级人数过多,老师根本顾不过来,我们担心自己孩子班级也会这样,教学质量得不到保障。希望领导能重视这些问题,督促学校丰富课后服务内容,真正提供有益的指导活动,同时合理控制班级规模,让孩子能健康成长。"
9906F5D580557615C7E4162D3F08A29B5129BDC7CF440542F763EF383E9D0068,关于规范小学暑假书面作业管理的请求,"尊敬的领导:您好!我家孩子是一名小学生,目前正值暑假。按照相关规定,小学生书面家庭作业平均完成时间不应超过60分钟。但近期孩子的书面作业情况未符合这一规范,作为家长非常担忧。孩子年龄尚小,正处于身体发育关键期,充足的睡眠和户外活动很重要,作业负担过重会影响孩子身心健康。虽然家庭条件还可以,但我们更希望孩子能全面发展,而不是被作业压得喘不过气。孩子这个月参加了学校课后服务,我们原本希望课后服务能帮助孩子高效完成作业,但目前作业时长问题仍未解决。恳请领导重视,督促学校严格执行作业管理规定,合理布置暑假作业,加强监督,让孩子度过一个健康快乐的假期。谢谢!"
33D354A297BA6B9BA313E009AFC17C868296C2080D80AE85F2C3DC5CD6D29735,关于提升学校课后服务质量的诉求,"领导您好。我家孩子正在读小学,不是毕业年级,就读的是公办学校,这个暑假参加了学校的课后服务。现在制度要求学校每周提供5天、每天至少120分钟的课后服务,我家孩子也按要求参加了,但作为家长,我们更关心的是服务质量。我们家庭经济条件虽然不差,但我们两口子文化程度不高,辅导孩子作业很吃力,原本希望课后服务能真正帮助孩子完成作业、开展一些有益的活动。可学校不是重点校,资源有限,我们担心课后服务只是简单看管,没有实质内容,也担心老师人手不够、班级人数多,孩子得不到关注。我们也听说过一些地方学校资源紧张、课后服务流于形式的情况,虽然不一定发生在我们这里,但心里很不安。希望领导能重视课后服务的实际效果,加强督导检查,确保师资和经费保障到位,让课后服务内容更丰富、作业指导更到位,真正解决我们这样的家庭的后顾之忧。"
548009FD116C9C56F1EC1B99F53A3F17F8A9C732279B1869340DE718C9C6B842,关注低年级学生暑假书面作业负担问题,"领导好,我是西部乡村一名小学生的家长。孩子现在上小学,按国家规定这个年级不应该布置书面家庭作业。但今年暑假以来,孩子每天都要做不少书面作业,有时要写很久,我们家长文化不高,辅导起来也很吃力。孩子还小,本来应该多休息、多活动,现在却天天趴在桌上写作业,我们看着心疼。学校是重点学校,我们相信学校是为了孩子好,但还是希望领导能帮忙督促学校严格按照规定来,暑假期间少布置或不布置书面作业,让孩子能真正放松一下,多参加一些户外活动。我们家长也会配合学校做好孩子的教育。谢谢领导。"
A895C5D394ACC0BFF2322B434BF9FE3E9F9E2BE7B1916EE76FCA882FEF10CD30,"请督促学校落实暑假减负要求,别让书面作业挤占孩子休息","领导好,我是西部农村一名小学生家长。我们学校是重点学校,条件比周边学校好,但孩子平时能参加体育和兴趣活动的机会不多。现在放暑假了,孩子本月的书面作业情况却不符合他这个年级原则上不布置书面家庭作业的要求。我们夫妻都在工作,文化程度不高,辅导不了太多,家里经济也紧张,没有报校外班。孩子睡眠一直很好,我们也不希望假期被作业压得没精神。学校既然有好条件,能不能把假期安排得更合理些?不要只让孩子埋头写作业,多组织一些体育、阅读、兴趣活动,让孩子真正用上学校的资源。请领导督促学校严格执行减负规定,别让书面作业超过孩子能承受的限度,也让好资源别闲置。"
FFE2B66235F148AA85361046D340BD8A0C09D2A1B6095ECE4E4D7F51D6CE6A49,建议规范小学低年级家庭作业减轻家长负担,"领导您好。我是一名西部农村地区小学生的家长,孩子就读于当地一所公办重点小学。按照教育部门规定,孩子这个年级原则上不应该布置书面家庭作业,但最近这个月,孩子还是有书面家庭作业带回家,不符合规定。我们家庭经济条件不太好,我跟孩子妈妈都在外面打工,文化程度不高,辅导作业很困难,家里经常因为作业弄得不愉快。我们担心这样下去孩子睡眠不够,影响身体。孩子这个月也没有参加学校课后服务,如果学校能在课后服务时间辅导孩子完成作业,那就太好了。希望领导能督促学校落实政策,减轻孩子和家长的负担。谢谢。"
A39AB9298C41940A4535465A98A68E4EF87CEBBE778B8BE84948F210E16596B4,关于农村小学课后服务内容单一、缺乏学习指导的诉求,"各位领导好。我是一名小学生的家长,家住农村。孩子现在上小学,我们平时都要上班,文化水平不高,辅导孩子学习很吃力。这个学期孩子参加了学校的课后服务,我们很感激,解决了接送和看管问题。但我们发现,课后服务大多就是让孩子自己写作业或者自由活动,老师很少进行辅导,也没有开展阅读、科学、英语等兴趣活动。现在孩子书面作业很少,我们担心孩子基础打不牢,以后上初中跟不上。家里经济条件有限,外面的培训班也少了,我们更希望学校能把课后服务做扎实。恳请领导督促学校丰富课后服务内容,安排老师答疑解惑,多开展一些有益的学习活动,让农村孩子也能享受到优质的教育资源。谢谢。"
10B4C7437FA69CF1E37EA637F3AF7EE34EC12C7CA1DCD64D3C5899FEE9626CB5,关于乡村小学暑假书面作业管理的请求,"领导您好,我是西部乡村一名小学生的家长。孩子就读公办重点示范小学,离家近,我们很感激。最近发现孩子这个月的书面作业情况不符合低年级原则上不布置书面家庭作业的要求,我们很困惑。我们夫妻俩都要上班,文化程度不高,辅导作业有困难,家里经济条件也有限,没法给孩子报班。孩子平时睡眠充足,我们担心假期作业负担影响孩子休息和身体。希望教育部门能督促学校严格落实作业管理规定,假期不要变相布置书面作业,多引导孩子阅读、锻炼和参与劳动实践。另外,孩子本月没有参加学校课后服务,我们双职工家庭假期照看压力大,也盼望能有公益性的暑期托管或活动,解决后顾之忧。恳请领导关注乡村孩子的假期学习生活。"
600505363D0994B8115F6421772CF541A45F83E94FC4B757C378917E87B4EA32,"农村课后服务别只凑时间,盼孩子真能用上好资源","领导好,我是西部农村一名小学生家长。家里收入不高,两口子都要干活,暑假孩子能参加学校课后服务,我们很感激。可我也担心,每天两小时的课后服务会不会只是集中看管,户外活动和兴趣内容比较少?我们村学校操场、图书室条件都不差,就怕孩子实际用不上。希望领导能督促学校把课后服务做扎实,多安排体育锻炼、阅读、手工等,别只图时间凑够。另外,农村家庭经济压力大,盼望费用上能多考虑减免,不要增加负担。谢谢。"
DBC9358D994D2BEC492DD3FF1155FAFACF01AEC9D5F385C230FC5A4DE08578D8,关于乡村小学暑假书面作业管理的请求,"领导您好,我是西部乡村一名小学生的家长。孩子就读公办重点示范小学,离家近,我们很感激。最近发现孩子这个月的书面作业情况不符合低年级原则上不布置书面家庭作业的要求,我们很困惑。我们夫妻俩都要上班,文化程度不高,辅导作业有困难,家里经济条件也有限,没法给孩子报班。孩子平时睡眠充足,我们担心假期作业负担影响孩子休息和身体。希望教育部门能督促学校严格落实作业管理规定,假期不要变相布置书面作业,多引导孩子阅读、锻炼和参与劳动实践。另外,孩子本月没有参加学校课后服务,我们双职工家庭假期照看压力大,也盼望能有公益性的暑期托管或活动,解决后顾之忧。恳请领导关注乡村孩子的假期学习生活。"
0019C2CB4481F4BA46404E506D21CA547D8E567B183A6A585407C6DB0EB5D75A,"关于课后服务别只看着孩子,用好学校资源","领导好,我是一名小学生的家长,家在西部农村,经济条件一般,两口子都在打工,文化也不高。孩子暑假后继续上小学,这个月一直在参加学校课后服务,每天两小时。学校是重点学校,条件好,离家也近,我们本来很放心。但我们不清楚这两小时到底在做什么,孩子回家说很多时候就是坐在教室里自己玩,老师也没怎么组织活动。我们没条件报外面的兴趣班,只能指望学校。这么好的操场、图书室,要是课后服务就是单纯看管,太可惜了。希望领导能督促学校把课后服务内容做实,多安排体育活动、阅读和兴趣小组,别让孩子干坐着,也定期给家长说说安排,让我们心里有底。"
33D822FE2079512B7ACDD818123AC94B947849FCDD0A9CBDD2557FF9BB5A97D9,关于乡村小学暑假书面作业管理的请求,"领导您好,我是西部乡村一名小学生的家长。孩子就读公办重点示范小学,离家近,我们很感激。最近发现孩子这个月的书面作业情况不符合低年级原则上不布置书面家庭作业的要求,我们很困惑。我们夫妻俩都要上班,文化程度不高,辅导作业有困难,家里经济条件也有限,没法给孩子报班。孩子平时睡眠充足,我们担心假期作业负担影响孩子休息和身体。希望教育部门能督促学校严格落实作业管理规定,假期不要变相布置书面作业,多引导孩子阅读、锻炼和参与劳动实践。另外,孩子本月没有参加学校课后服务,我们双职工家庭假期照看压力大,也盼望能有公益性的暑期托管或活动,解决后顾之忧。恳请领导关注乡村孩子的假期学习生活。"
73F8C0A93272F39722ACEE1A6D854974A60B04D4E3FE0E030347728A0B6F2600,关于乡村学校课后服务内容与负担的诉求,"领导您好。我是西部农村一名小学生的家长,夫妻都在外打工,家里经济条件一般,文化程度也不高。孩子目前在乡镇公办学校就读,学校条件不错,离家近,这个月每天都在参加学校课后服务,确实解决了我们接孩子的难题。但我担心,课后服务每天两个多小时,如果只是把孩子集中看管,没有作业辅导和真正能参与的活动,农村孩子就白白错过了课后成长的时间。现在低年级按规定不布置书面家庭作业,孩子回家后空闲多,我们辅导不了,也承担不起校外培训。希望课后服务能把学校的图书室、操场等资源真正用起来,多安排阅读、体育、科学、艺术等免费活动,不要变相开展学科培训,也不要另外收费或推销材料。我们家长愿意配合学校,但更希望农村孩子能得到和城里孩子一样有质量的课后服务。"
5782DFE4C356DC4D40EA2A008554DB9BDC3E00D96F8FCAD57D52D86BB6060A85,关于初中生暑假书面作业负担过重的反映,"领导您好,我是一名西部乡村初中学生的家长。孩子今年暑假的书面作业量偏大,每天完成时间明显超过了规定的90分钟,孩子为了赶作业经常晚睡,睡眠时间比平时缩短不少。我们家庭经济条件一般,没有给孩子报任何课外辅导班,主要负担就是学校布置的作业。长期这样担心影响孩子身体发育和学习兴趣。希望领导能关注乡村学校暑假作业管理问题,督促学校合理控制作业总量,保障孩子有足够的休息和锻炼时间,谢谢。"
14E720AE88509C657C46F9688736C90F2EF8F15750066EF724C1512B618D4B42,关于初中生暑假书面作业超时问题的反映,"我家孩子在西部农村一所公办初中读非毕业年级,家庭条件一般。这个暑假孩子每天完成学校布置的书面作业都超过一个半小时,明显超出规定的90分钟上限。我们家长文化水平有限,也没法额外辅导,看着孩子长时间趴在桌上写作业,既担心视力下降,又怕影响正常休息。虽然现在政策要求学校统筹作业总量和时长,但我们感觉作业负担并没有减轻,反而暑假作业量很大,担心开学后会更重。希望领导能督促学校认真核查作业布置情况,合理控制书面作业量,加强作业设计和校内指导,不要把学习压力都转嫁到家庭。同时希望开学后学校能提供自愿参加的课后服务,让孩子尽量在校内完成部分作业,减轻我们农村家长的负担。"
F4C98361D0890433977534A7C8C9CECDE31B254F87D0CF9C03D9C7F20836E8B0,关于乡村初中生作业时间偏长影响睡眠的反映,"领导您好,我是西部乡村一名初中学生的家长。孩子目前在非毕业班,平时睡眠时间比较充足,我们也希望他能保持好身体,将来能考上本科。最近发现学校布置的书面作业情况和规定的初中生作业时间要求不太一致,担心作业量偏多,孩子晚上要花很长时间才能完成,睡眠和休息会受到影响。孩子参加了学校课后服务,但回家后作业负担好像并没有明显减轻。我们家庭条件一般,也没给孩子报外面的补习班,就盼着学校能合理安排学习任务。恳请领导关注乡村初中学校的作业管理问题,督促学校严格落实作业总量控制,提高课后服务辅导质量,让孩子能把大部分作业在学校完成,回家能有时间休息和锻炼,不要因为作业压力拖垮身体,也减轻我们家长陪写作业的负担。"
23324021F7713C0036C70680C2D9598F469A3622DECBF7E34A11ACA4B286A1B0,关于农村初中课后服务保障的诉求,"领导您好。我家在西部农村,孩子在乡镇公办初中就读,家庭经济条件一般,孩子没有参加过校外学科培训,主要依靠学校学习。目前学校开展了课后服务,孩子也参加了,每天的书面作业时间基本能控制在规定范围内,这一点我们比较认可。但农村学校师资和条件有限,我们担心课后服务流于形式,变成单纯看管或变相补课,内容不够丰富,孩子得不到兴趣拓展和个性化辅导。同时课后服务时间较长,孩子回家后还要帮忙做家务,担心影响休息和睡眠;家庭收入不高,也怕课后服务收费增加负担。希望领导能关注农村学校课后服务的实际困难,在师资和经费上给予保障,加强监督,让课后服务真正自愿、多样、不加重学生和家长负担。谢谢。"
457E8EC45B38E973DD121C29BF9CBBDA0A93CC95A7CA775D91A6A614F0BF2CD4,关于暑期课后服务作业负担的反映,"领导您好,我是西部农村一名初中生的家长。孩子这个暑假参加了学校的课后服务,最近我对照了教育部门对初中生书面作业时长的规定,发现我家孩子的情况好像不太符合,心里很着急。我们家条件一般,也没给孩子报校外补习班,就希望孩子能正常作息,晚上睡足觉。暑假本该是孩子放松调整的时候,如果课后服务又布置很多书面作业,那假期就失去意义了。恳请领导帮忙核实一下情况,督促学校合理安排暑假作业,严格按照规定控制书面作业时间,不要让孩子负担过重。谢谢。"
E19C12F7B1BE8462F4DCEE27F8DBA9A608E44BFFEC20AF978E466B0ECA6631E7,关于农村初中课后服务提质与保障的诉求,"我是一名西部农村初中学生的家长。孩子就读公办非重点学校,家庭经济条件一般,没有参加校外学科培训。今年暑假孩子参加了学校组织的课后服务,解决了我们白天看护的难题,我们很感激。但作为家长,我们也有些担心:农村学校课后服务受师资和经费限制,内容容易停留在看管写作业层面,难以提供真正有效的学习辅导和兴趣拓展。孩子后面还要面临中考,我们期望他能考上本科,但学校资源本来就有限,如果课后服务只是简单看护,城乡孩子的差距可能会越来越大。恳请政府加大对农村学校课后服务的经费和师资保障,丰富课程内容,比如增加学科答疑、阅读、体育艺术等活动,同时做好安全管理,防止课后服务变成变相补课加重负担。希望孩子暑假能过得安全、充实、有收获。"
18CB00270680FD76C0EA0366D136F6AB1E8AABE868F62046D4FB2B67E493F8DA,关于暑期课后服务作业负担的反映,"领导您好,我是西部农村一名初中生的家长。孩子这个暑假参加了学校的课后服务,最近我对照了教育部门对初中生书面作业时长的规定,发现我家孩子的情况好像不太符合,心里很着急。我们家条件一般,也没给孩子报校外补习班,就希望孩子能正常作息,晚上睡足觉。暑假本该是孩子放松调整的时候,如果课后服务又布置很多书面作业,那假期就失去意义了。恳请领导帮忙核实一下情况,督促学校合理安排暑假作业,严格按照规定控制书面作业时间,不要让孩子负担过重。谢谢。"
F5459FED87A9E40E443871500D8FDE2981C966A95830FA5FCCBBF7D6F636F634,关于农村初中暑期课后服务内容单一希望加强保障的建议,"我是一名西部农村初中生的家长。孩子这个月参加了学校的课后服务,每天两个多小时,我们很感谢政府有这样的安排,解决了我们农忙时看管孩子的难题。但作为家长,我们观察到课后服务的内容比较单一,基本上就是让学生在教室里写作业或自由活动,老师指导不够,孩子兴趣也不高。我们家经济条件一般,以前也没上过外面的补习班,现在校外学科培训少了,我们更希望学校的课后服务能实实在在帮助孩子巩固基础、培养学习兴趣,而不是单纯耗时间。担心长期这样,农村孩子和城里孩子的差距会越拉越大。希望领导能督促学校丰富课后服务内容,加强师资保障,落实相关经费,让课后服务真正惠及农村家庭,让孩子在暑假也能有收获。"
30DF28FB5A6298629F18754C85B7851F99F477F1B23B62A88D5B006265F28A6F,关于暑期课后服务作业负担的反映,"领导您好,我是西部农村一名初中生的家长。孩子这个暑假参加了学校的课后服务,最近我对照了教育部门对初中生书面作业时长的规定,发现我家孩子的情况好像不太符合,心里很着急。我们家条件一般,也没给孩子报校外补习班,就希望孩子能正常作息,晚上睡足觉。暑假本该是孩子放松调整的时候,如果课后服务又布置很多书面作业,那假期就失去意义了。恳请领导帮忙核实一下情况,督促学校合理安排暑假作业,严格按照规定控制书面作业时间,不要让孩子负担过重。谢谢。"
6104F866B9EE0F407B857043B7D33950820418B368CF3154C931C624BE165E4A,希望加强农村学校课后服务内容与质量,"领导好,我是西部农村的一名初中生家长。家里经济条件一般,孩子以前没上过校外补习班。现在校外学科培训管得严,我们更指望学校能把孩子教好。这个暑假孩子参加了学校课后服务,作业量符合规定,睡眠也够,但我担心课后服务只是把孩子集中起来看管,没有真正的作业辅导和兴趣拓展。我们在家能辅导的有限,又盼着孩子将来能考上大学,所以特别需要学校课后服务能给孩子实实在在的帮助。希望政府能督促学校把课后服务内容做实,多一些作业辅导、阅读和文体活动,同时收费上考虑农村家庭的实际承受能力,不要增加负担。也希望时间安排合理,别让孩子太累。谢谢。"
4D207CC35ED16CA4F391B26ED1E78FD28CAF7D3E1DD32BACF7D24D60D1F13B93,关于初中生暑假书面作业超时问题的求助,"领导您好,我是东部城镇一名初中学生的家长。现在放暑假,我们了解到按照当前年级的规定,孩子每天书面家庭作业平均完成时间不应该超过90分钟,可是我们家孩子这个月的书面作业情况不符合这个要求,这让我们很着急。我们夫妻文化程度不高,不太懂怎么和学校沟通,也担心反映了情况会影响孩子。我们不是要完全反对作业,只是希望孩子能按规定来,能有足够睡眠和休息。另外,我们也很担心有些老师会不会利用作业多、孩子跟不上为理由,暗示家长去参加补课,不去的孩子就被另眼相看。希望领导能督促学校切实落实作业管理要求,也请关注教师有没有变相违规补课的情况,让我们普通家庭能安心。"
27E666AA903621AB1E82E482A7303B8B102654A34507B78FAC7AA50E4B1453CD,"初中暑假书面作业过多,请求督促学校落实减负","领导好,我家孩子上初中,放暑假这个月书面作业明显超过了规定的90分钟,孩子每天要花很长时间在作业上,有时候写到晚上很晚,睡眠都受影响。孩子平时睡眠时间挺长的,现在为了赶作业,经常要熬夜,我们很担心身体。学校是公办非重点,我们家长文化程度不高,辅导不了,孩子自己写又慢,压力特别大。我们也不敢直接跟老师提,怕老师对孩子有看法,只能来反映。希望领导能督促学校严格落实作业管理要求,统筹好暑假作业总量,合理设计作业内容,不要搞题海战术,让孩子有适当休息和锻炼的时间。"
BA80482B2CDB7C4CF36553401AC98F8246A9D5716F9F084F3D58788CEDFB26CB,初中生作业超时影响睡眠盼关注,"领导您好,我是一名初中生家长。孩子就读公办学校,非毕业年级。最近发现孩子每天书面家庭作业时间明显超过相关规定的一个半小时,经常做到很晚,影响了正常休息。我们家虽然经济条件还可以,但家长文化程度不高,辅导作业很吃力;孩子也没参加学校课后服务,遇到难题只能自己硬撑。我们担心长期这样孩子身体吃不消,更担心老师因为成绩压力变相要求补课。希望领导重视,督促学校严格落实作业管理要求,真正减轻学生负担,让孩子有充足睡眠。"
06D54F72F539E1BC4C6AEFF85B85B53B9A322A0C4300DF13314F012DA429FAD6,希望课后服务能真正帮助孩子,"领导您好,我是一名初中生家长。孩子就读公办初中,不是重点学校,但我们家经济条件还可以。我本人文化程度不高,辅导孩子学习有些吃力。现在校外培训班少了很多,我们之前也没给孩子报过学科班,主要靠学校。这个月孩子作业时间不长,晚上能保证睡眠,我们觉得还可以。孩子也参加了学校的课后服务,每天两小时,但我不太清楚具体做什么。我担心课后服务只是让孩子坐在教室写作业,缺少老师有针对性的指导,也没有丰富的活动。我们这样的家庭,没法像有些家长那样自己教或者请家教,特别希望学校课后服务能真正帮到孩子,比如老师能辅导作业中的难题,或者组织一些兴趣小组、体育活动。同时也希望领导能关注,不要让课后服务变成变相补课或者只是看管,要让孩子们在这两小时里真正有收获。另外,我也担心有些老师会不会利用课后服务暗示学生去自己家里补课,以前听说过类似情况。希望领导重视课后服务的质量和监管,让我们家长放心。"
C834031FA9F585AAE3C12FFC775F74A088688681C642C098C423B0E67F53E1CA,关于规范初中生家庭作业时长保障孩子休息的建议,"领导您好,我是东部城镇一名初中生家长。根据规定,初中生每天书面家庭作业平均完成时间不应超过90分钟,但近期了解到孩子本月书面作业情况未能符合这一时长规范。作为家长,我们担心作业负担过重会影响孩子睡眠和身心健康,特别是孩子正处于生长发育关键期,平时睡眠时间较长,若作业占用过多晚间时间,不利于成长。同时,孩子本月未参加学校课后服务,希望学校能丰富课后服务内容,让学生在校内完成大部分作业,减轻家庭辅导压力。恳请相关部门督促学校严格落实作业管理要求,科学布置作业,保障学生充足睡眠和全面发展。谢谢。"
F6025E42EB65B776BE5CF42BF48FBA370A97C55E0BF2F5EC0C02A585CA6C9594,希望提高暑期学校课后服务学业指导质量,"领导好。我们家孩子上初中,不是毕业班。家里条件不差,但我跟孩子妈妈文化不高,辅导不了功课。政策以前我们也没让孩子上过校外补习班。现在外面学科培训少了,我们很支持。这个暑假学校有课后服务,孩子每天都参加,我们上班也放心。但我们担心,课后服务如果只是把孩子聚在一起写作业、维持纪律,可能没法真正帮到孩子。像我们这样的家庭,家长辅导不了,最需要学校在课后服务里多安排一些作业答疑和学习方法指导,而不是简单看管。希望领导能督促学校把课后服务的质量提上去,让自愿参加的孩子真正受益。谢谢。"
161C04D3538F7CF402B1A6B6F2032A41E9EB810D308CB6E647A117396F5BDCD7,关于规范初中生家庭作业时长保障孩子休息的建议,"领导您好,我是东部城镇一名初中生家长。根据规定,初中生每天书面家庭作业平均完成时间不应超过90分钟,但近期了解到孩子本月书面作业情况未能符合这一时长规范。作为家长,我们担心作业负担过重会影响孩子睡眠和身心健康,特别是孩子正处于生长发育关键期,平时睡眠时间较长,若作业占用过多晚间时间,不利于成长。同时,孩子本月未参加学校课后服务,希望学校能丰富课后服务内容,让学生在校内完成大部分作业,减轻家庭辅导压力。恳请相关部门督促学校严格落实作业管理要求,科学布置作业,保障学生充足睡眠和全面发展。谢谢。"
0103C2BA10FC0D78677555714F0051A5DF7845192882D4315BD4E04ACEF7F2E0,关于提升非重点公办初中课后服务质量的建议,"领导您好。我家孩子在东部城镇一所公办初中上学,学校不是重点,但我们一直支持学校工作。现在暑假快结束了,孩子平时参加学校的课后服务,书面作业时间也基本在规定范围内,睡眠比以前充足,这些变化我们家长是认可的。不过我文化程度不高,辅导初中功课越来越吃力,家里经济条件还可以,但外面学科类培训现在很难找到合规又靠谱的。我担心开学后,学校课后服务如果只停留在看护和一般活动,缺少针对性的学业辅导和学法指导,孩子遇到学习困难时我们根本帮不上,时间长了成绩可能跟不上。希望领导能督促有关部门和学校把课后服务做实,尤其对非重点公办初中加大师资和经费保障,增加作业答疑、分层辅导、兴趣拓展等内容,同时规范校外培训市场,让我们这些文化不高但愿意为孩子投入的家庭,能有安心、合规的补充渠道。谢谢。"
2656B2AB0A3F38663C096A42993046407E12BC2E0CE932946CD499BBFD51F922,关于规范初中生家庭作业时长保障孩子休息的建议,"领导您好,我是东部城镇一名初中生家长。根据规定,初中生每天书面家庭作业平均完成时间不应超过90分钟,但近期了解到孩子本月书面作业情况未能符合这一时长规范。作为家长,我们担心作业负担过重会影响孩子睡眠和身心健康,特别是孩子正处于生长发育关键期,平时睡眠时间较长,若作业占用过多晚间时间,不利于成长。同时,孩子本月未参加学校课后服务,希望学校能丰富课后服务内容,让学生在校内完成大部分作业,减轻家庭辅导压力。恳请相关部门督促学校严格落实作业管理要求,科学布置作业,保障学生充足睡眠和全面发展。谢谢。"
1D5EB4691CAE8FF5CC40761898CC552893709C255B1A91296ABE99B8AF2C63D3,关于提升初中课后服务质量和落实作业规范的诉求,"领导您好。我是东部城镇一名初中生家长,孩子就读公办初中。我们家庭经济条件尚可,但我和家人文化程度不高,辅导孩子学习比较吃力。这个月孩子参加了学校课后服务,我们对此有期待也有担忧。我们担心课后服务时间如果只是让学生自己做作业或变相补课,就无法真正减轻负担、拓展素质。我们政策前就没有给孩子报学科类校外辅导,现在校外培训市场收缩,我们更希望学校课后服务能提供丰富多样的体育、艺术、科技等活动,并且老师能加强作业指导,而不是把课后服务变成课堂的延续。另外,希望领导能督促学校严格落实作业总量和时长要求,避免初中生书面作业超时,保证孩子的睡眠和身心健康。我们理解政策初衷,就是希望学校统筹好作业和课后服务,让家长放心。希望有关部门加强对学校的指导和监督,让课后服务真正惠及学生。"
BCBDBD62454D2DB84382B82420BAD0C0E0789CE3EAE38C9DC5B93018585DB676,关于规范暑假书面作业时长保障学生休息的请求,"领导您好。我是一名乡村小学生的家长,孩子就读公办小学,暑假期间在家。从孩子本月情况看,书面作业的用时与现行规定的小学生书面作业时长要求有出入,让我们有些担忧。我们家庭经济条件一般,家长文化程度也不高,没法给孩子更多辅导,孩子也没有参加过校外学科培训。假期本该是孩子放松和查漏补缺的时间,但如果作业量控制不好,反而会加重负担,影响睡眠和休息。希望领导能关注乡村小学生的暑假作业问题,督促学校严格按照规定控制书面作业总量,确保每天平均作业时间不超过一个小时,并适当提供学习指导,帮助孩子合理安排假期学习。谢谢领导。"
653761E09ACBBF63E39CA408D39A56C96E7BE6F50C0CB2B0CA1332B034726CCD,关于小学书面作业超时问题的反映,"领导好,我是东部乡村一名小学生的家长。孩子这个月的书面作业情况没有达到规定的时间要求,我们很担心开学后作业负担会更重。我们夫妻文化程度不高,辅导孩子作业很吃力,家里经济条件也一般,没有能力给孩子报补习班。现在上面要求学校统筹作业总量、加强校内指导,还要求规范校外培训、完善课后服务。希望学校能严格落实这些要求,把书面作业控制在规定时间内,尽量让孩子在学校或课后服务时间完成作业,老师能多辅导一下,这样我们家长也能安心。"
0399D53D3721E88BDA90AFD38FB09BD1CE0E4EE681AF477035DD99311B1AD2DE,关于规范农村小学书面作业时长并加强课后服务的请求,"领导好,我是一位农村小学生的家长。家里条件一般,我文化程度不高,辅导孩子学习比较吃力。最近发现孩子的书面作业情况不符合规定的时长要求,这让我们很担心。孩子现在正处在寒假和春季开学过渡阶段,我们害怕开学后作业负担会更重。孩子这个月没有参加学校的课后服务,所有作业都得带回家完成,我们既担心作业量过多影响孩子休息,也担心自己辅导不了。希望领导能关注农村小学的作业管理问题,督促学校严格执行作业时长规定,科学合理布置作业,避免机械重复;同时建议为农村孩子提供课后服务,让孩子在学校完成作业,减轻家长负担。谢谢。"
38CDF284855BE418F0EBE76CCBD8B4C5E080A084C1A7654B5B3D7F6EB3CD9251,关于农村小学课后服务与作业管理的诉求,"我是一名农村小学生的家长,孩子目前没参加校外学科培训,家里经济条件一般,我们文化水平也不高,辅导孩子作业很吃力。现在学校课后服务孩子虽然参加了,但我心里还是不踏实:春季开学后书面作业会不会又多起来?课后服务到底是真辅导还是只是把孩子看着?我们农村学校资源有限,担心课后服务流于形式,变成单纯的看管。希望领导能督促学校把课后服务做扎实,安排老师辅导作业、开展一些素质拓展活动,同时继续控制好每天的书面作业总量,别把压力都推给家长。这样我们家长才能安心,孩子也能真正受益。"
0B2E0B61C0424AE589A680CBD23A134FFCC7FDBC12EFA0697DFCB479D749CB23,希望关注乡村小学生作业负担与课后辅导问题,"领导您好。我是一名乡村小学生的家长,家里条件一般,我们做家长的文化程度不高,辅导孩子功课确实吃力。最近发现孩子这个月的书面作业时间跟规定的要求有些对不上,虽然现在是暑假,没有课后服务,但心里很担心开学后作业量又上来。之前也听说过同省有家长反映孩子作业写到很晚、放学早没人辅导的情况。我们不想给孩子太大压力,只希望他每天能睡够,学得扎实。恳请领导关注我们这类普通乡村小学的作业管理,督促学校严格落实作业时间规定,并在新学期能安排一些课后辅导或托管服务,帮我们这样的家庭减轻负担。谢谢。"
C30093AF16BB5E783E35769519518196242E1A1184147184F68DD8869494B193,关于提升农村小学课后服务质量的建议,"领导您好,我是一名农村小学生的家长。孩子现在放暑假,参加了学校的课后服务。我们家庭条件一般,我和家人文化程度不高,辅导孩子作业很吃力,也没钱报外面的辅导班。现在学校课后服务虽然每天都有,但有时候感觉就是让孩子在学校待着,作业辅导和兴趣活动都不够扎实。我们家长白天要忙生计,最希望孩子在学校这段时间能真正有人管作业、带着阅读或者开展一些体育活动,而不是干坐着。希望领导能关注农村学校课后服务的实际质量,在师资和经费上多支持,让课后服务不仅有人看护,更能帮助孩子养成学习习惯、拓宽眼界,减轻我们这样的家庭负担。谢谢!"
7E9EEFBD178A9FB3F2AAF15865B66F671621E6EEF180B3E43ADB34E2E6F628F3,希望关注乡村小学生作业负担与课后辅导问题,"领导您好。我是一名乡村小学生的家长,家里条件一般,我们做家长的文化程度不高,辅导孩子功课确实吃力。最近发现孩子这个月的书面作业时间跟规定的要求有些对不上,虽然现在是暑假,没有课后服务,但心里很担心开学后作业量又上来。之前也听说过同省有家长反映孩子作业写到很晚、放学早没人辅导的情况。我们不想给孩子太大压力,只希望他每天能睡够,学得扎实。恳请领导关注我们这类普通乡村小学的作业管理,督促学校严格落实作业时间规定,并在新学期能安排一些课后辅导或托管服务,帮我们这样的家庭减轻负担。谢谢。"
2CA46BED5DA019610D88A79EA3272B9F4AEA0D6BD5201228E00897C250C00CBF,关于提升农村小学课后服务质量的建议,"暑假期间学校提供了课后服务,孩子也参加了,我们很感激。但作为农村家长,我们文化程度不高,辅导作业很吃力,担心课后服务只是简单看管,孩子作业上的困难得不到解决。以前听同乡说过有学校放学早、作业多,家长辅导不了很着急。希望课后服务能多安排作业辅导和学业查漏补缺,而不是单纯看护。同时希望坚持自愿原则,时间安排更贴合农村家庭实际。开学后也盼着课后服务能继续这样办,真正帮到我们这样的家庭。"
24FE94DBFED0EF8B4548FA0678E856224A9CEAD82295BEA082D77711D1AF43F1,希望关注乡村小学生作业负担与课后辅导问题,"领导您好。我是一名乡村小学生的家长,家里条件一般,我们做家长的文化程度不高,辅导孩子功课确实吃力。最近发现孩子这个月的书面作业时间跟规定的要求有些对不上,虽然现在是暑假,没有课后服务,但心里很担心开学后作业量又上来。之前也听说过同省有家长反映孩子作业写到很晚、放学早没人辅导的情况。我们不想给孩子太大压力,只希望他每天能睡够,学得扎实。恳请领导关注我们这类普通乡村小学的作业管理,督促学校严格落实作业时间规定,并在新学期能安排一些课后辅导或托管服务,帮我们这样的家庭减轻负担。谢谢。"
B1A65291BA17D3E42F1AAF659F0F8191ED99A6A15089EE996FB8F7F804C4F4A0,关于乡村小学课后服务质量的建议,"领导好,我是农村小学孩子的家长。孩子现在参加了学校的课后服务,每天有两个小时,这确实解决了我们接孩子和辅导作业的难题。但作为文化程度不高的家长,还是有些担心:课后服务这两个小时是不是主要让孩子自己写作业、老师看着不出事就行?我们知道规定要求作业不超过一小时,可孩子回家后我们也没能力辅导,如果课后服务能真正安排老师指导作业、再开展一些读书或兴趣活动,对孩子帮助会更大。农村学校老师少、条件有限,希望领导能关注乡村学校的课后服务质量,别让这两个小时变成单纯看管,真正让孩子在学校就把作业弄明白,也减轻我们家长的负担。"
539FFAD519E43BC91956DA070B73C50BCB5BE2EE00DC54E0AC08574C5440A2D3,关于小学生暑假书面作业负担的诉求,"我是一名小学生家长,孩子目前不是毕业年级。按照现行规定,孩子这个年级原则上不布置书面家庭作业,但最近我了解到孩子本月书面作业情况并不符合这一规范,心里很担忧。我们家庭经济条件一般,家长文化程度也有限,既怕学校或老师布置书面作业增加孩子负担,又担心自己辅导不了。孩子平时睡眠时间还算充足,可暑假如果还要写书面作业,休息和锻炼都会受影响。希望领导能关注一下,核实学校是否存在布置书面作业的情况,如果存在请督促纠正,让孩子能真正轻松过暑假。同时也请关注老师是否把精力放在校内教学上,避免孩子被迫去上校外补习班。"
4895E1A0168ED28CD13B469670CB9064CAB66C4368B05EC2A72247C5B37053CB,呼吁关注孩子暑假书面作业负担并规范校外培训,"领导好,我是中部省份一名小学生家长。孩子现在上小学非毕业年级,家庭经济条件一般,我和家人文化程度有限,但对孩子期望较高。这个暑假,孩子本月仍有书面作业,而且从每天的情况看,不符合我们孩子这个年级本应遵守的作业时长规范。本来假期应该让孩子多休息、多活动,现在却要花不少时间在书面作业上,我们既心疼又困惑。同时,周边也有家长私下议论过个别老师在外办补习班、对不去的学生不闻不问的情况,我们担心开学后作业和补习压力叠加,家里经济也不宽裕,实在难以承受。希望领导能督促学校严格执行分学段作业管理规定,尤其是在暑假期间不要额外增加书面负担;同时进一步规范校外学科类培训,让普通家庭的孩子也能安心成长。"
5B8EECE451BF473C5DE8181E5C3D9168BF5EFC3CAE32A39F1B457ECF5BDE2105,关于低年级书面作业与课后服务的诉求,"我家孩子在公办普通小学读低年级,学校离家近,家里时间上能照应,但经济条件一般。这个月孩子参加了学校课后服务,可我们注意到低年级原则上不布置书面家庭作业的要求并没有完全落实,孩子仍有书面作业,我们担心长期这样会影响孩子的睡眠和活动。同时,课后服务暂时没有完全满足学习巩固的需要,我们只能继续报校外学科培训,收费没有明显下降,经济压力不小。希望领导督促学校严格落实低年级作业管理规定,丰富课后服务内容,让孩子在校内完成必要巩固,回家后有更多时间阅读、运动和休息;也请关注我们这类普通家庭的校外培训费用负担,加强监管。"
8070E54F538818AB323960851766003C00D275E4ED0B485AD55706634F5CC55F,"希望加强学校课后服务,减轻家庭校外培训负担","我家孩子在本县城镇一所公办小学读书,家庭经济条件一般,大人学历不高,辅导孩子作业有些吃力。以前孩子上不少学科辅导班,花钱不少,现在市面上培训班少了,我们还在上,虽然收费降了,但长期下来负担还是不轻。现在学校有课后服务,我们也让孩子参加了,但担心课后服务主要是看管孩子,学业辅导不够,孩子学得不扎实。孩子这个年级按规定不布置书面家庭作业,实际作业也不多,但我们家长希望孩子能打牢基础,将来能考个好大学。所以想请领导关注一下小学课后服务的质量,能不能让老师在校内多指导学生完成练习、巩固知识,而不是简单看着孩子。同时也希望继续管好校外培训和教师私自开班,让老师把精力放在课堂上。这样我们家长也能少花钱、少操心。"
82D74C78490A1E1C59BB607D1646FA5BEF648180B272A6C7F30CFD16B25828AB,"暑假孩子作业和培训负担重,盼减负","领导您好,我是一名小学生家长。现在8月还在暑假,学校课后服务也开着,孩子这个月还有书面作业,按这个年级的规定本来是不该有书面家庭作业的,现在却还要写,我们看着孩子挺累。家里经济条件一般,人口多,为了不让孩子掉队,还给他报了学科培训班,费用跟以前差不多,负担不轻。我们理解学习重要,但暑假本是孩子休息调整的时间,现在作业、课后服务、培训班叠在一起,孩子睡眠和玩耍时间都受影响。听别的家长说过,以前就有学校老师把精力放在外面补习班上,对不补课的孩子不关心,我们很担心这种情况。希望领导能过问一下,督促学校严格执行作业规定,管好课后服务和校外培训,别让孩子暑假比上学还累,也帮我们减轻点经济压力。"
55F5F99BA12B6F51D1FA3E6B4F1DCCD03DDC2DEC7A3F97A6A7E8B709537ABA48,希望学校课后服务内容更丰富,"领导好,我是一名小学生家长。我们家经济条件一般,以前给孩子报过校外学科辅导,现在外面培训班少了,我们也已经停了。这个暑假孩子参加了学校的课后服务,我们觉得这是好事,解决了孩子放假没人管的问题。但我们家长文化不高,辅导孩子学习越来越吃力,又希望孩子以后能考上大学。我担心学校课后服务就是看着孩子,老师不怎么辅导作业,活动也比较单调,孩子学习上的问题还是没人帮。希望领导能督促学校把课后服务内容搞丰富一些,多安排老师指导作业,开展阅读、体育等兴趣活动,让孩子在学校就能学好,不增加我们家长负担。谢谢。"
653875FFA2AF27643CB79461A9CCDA66A5A6030FD885A52AA9BFB7C111D2C71C,"暑假孩子作业和培训负担重,盼减负","领导您好,我是一名小学生家长。现在8月还在暑假,学校课后服务也开着,孩子这个月还有书面作业,按这个年级的规定本来是不该有书面家庭作业的,现在却还要写,我们看着孩子挺累。家里经济条件一般,人口多,为了不让孩子掉队,还给他报了学科培训班,费用跟以前差不多,负担不轻。我们理解学习重要,但暑假本是孩子休息调整的时间,现在作业、课后服务、培训班叠在一起,孩子睡眠和玩耍时间都受影响。听别的家长说过,以前就有学校老师把精力放在外面补习班上,对不补课的孩子不关心,我们很担心这种情况。希望领导能过问一下,督促学校严格执行作业规定,管好课后服务和校外培训,别让孩子暑假比上学还累,也帮我们减轻点经济压力。"
00B4A45703774389CAC7310389B2889D36C4F4E303BEDF9A5002CB0AF4E8F909,关于提升学校课后服务质量的诉求,"领导好,我家孩子在公办小学上学,家里经济条件一般,大人文化程度不高。前几年孩子参加过一些学科辅导班,现在校外培训减少了,我们已经停了。这个暑假和放学后,孩子都参加了学校的课后服务,时间上确实有保障,但我很担心课后服务内容单一,主要是看管或写作业,缺少针对性的辅导和兴趣培养。像我们这样的家庭,请不起一对一老师,辅导孩子很吃力,担心孩子学习跟不上。希望领导督促学校把课后服务做实,安排老师进行作业答疑、薄弱学科辅导,多开展体育、阅读、科技等活动,让孩子在学校就能解决大部分学习问题。也希望老师能公平对待不参加校外培训的孩子,不要区别对待。"
FF773598F9646A22EE210E7B2578489F6BA26E836AC664854543AFACBB41623F,"暑假孩子作业和培训负担重,盼减负","领导您好,我是一名小学生家长。现在8月还在暑假,学校课后服务也开着,孩子这个月还有书面作业,按这个年级的规定本来是不该有书面家庭作业的,现在却还要写,我们看着孩子挺累。家里经济条件一般,人口多,为了不让孩子掉队,还给他报了学科培训班,费用跟以前差不多,负担不轻。我们理解学习重要,但暑假本是孩子休息调整的时间,现在作业、课后服务、培训班叠在一起,孩子睡眠和玩耍时间都受影响。听别的家长说过,以前就有学校老师把精力放在外面补习班上,对不补课的孩子不关心,我们很担心这种情况。希望领导能过问一下,督促学校严格执行作业规定,管好课后服务和校外培训,别让孩子暑假比上学还累,也帮我们减轻点经济压力。"
D078BF844B5C6786E49CD5A201B60CE7383C6842C374589AF303DF05E1081A30,关于完善小学课后服务、巩固校外培训治理成果的建议,"我家孩子是公办小学学生,原来上过校外学科班,现在按照要求已经不参加了,家里经济条件一般,也供不起长期补课。孩子参加了学校课后服务,每天时间上有保障,但我们家长文化水平不高,担心课后服务只是看管写作业,缺少老师系统辅导和答疑,孩子学习上的漏洞得不到弥补。希望领导督促学校把课后服务内容做实,增加作业指导、基础巩固和阅读体育等安排,让孩子在校内就能学足学好。同时继续严管隐形变异学科培训,防止一些机构换个形式又拉家长报班,让我们这样普通家庭不再为补课焦虑。"
9A6D82536C7E4E8EB3ACAED0ACEE9E8A88CA61F1D32B08F3A7A25CB8F03E2AC5,关于改善城镇小学办学条件和大班额问题的请求,"领导您好,我是一名小学生的家长。孩子就读于我们镇上的一所公办小学,虽然不是重点学校,但离家近,我们也没条件去别的学校。马上要开学了,我很担心孩子的学习环境。我听说同地区有些学校一个班有八九十甚至上百个学生,孩子挤得没地方坐,有的坐在黑板旁边,这样怎么能安心学习?还有的学校因为缺老师,经常换代课老师,甚至让年纪很大的老师任教,教学质量很难保证。我们家庭条件一般,家长文化也不高,就盼着孩子在学校能有个好环境,将来能考上大学。希望领导能关注城镇普通小学的办学条件,督促学校控制班级人数,保证教师队伍稳定,让孩子能坐在宽敞的教室里,有稳定的老师教。谢谢。"
803E8EABD82A72519E8AF256220BE98A702C7A26034079AF6C3A6FDF126CF1C2,关于保障学校课后服务质量的求助,"我家孩子在公办小学就读,家里经济条件一般,我和家人文化程度不高,辅导作业很吃力。马上要开学了,听说现在要求学校提供课后服务,我们非常希望能让孩子参加,既解决接送和照护问题,也能在校内完成作业、得到老师指导。但我最担心的是学校课后服务落实不到位,比如班级人数太多、老师不稳定,或者课后服务只是看管、没有实际辅导。周边一些学校出现过班级人数过多、频繁换老师的情况,我们担心自己学校也有类似问题。另外,我们也不希望课后服务变成变相补课或增加负担。希望领导能督促学校在新学期把课后服务做实,优先保障我们这样没有能力送校外培训的家庭,合理控制班级规模,稳定教师队伍,让孩子能在校内得到有质量的学习和照看。"
2FE5BA717BF62E7BAD49F30F6962536945C56E078995ACE938C7400E4445F699,关于提升公办小学课后服务保障低资源家庭子女学业的诉求,"领导您好,我是一名居住在中部城镇的小学生家长。家里经济条件有限,我本人文化程度也不高,辅导孩子学习很吃力。孩子没有上校外培训班,主要依靠学校教育和课后服务。现在春季开学在即,我知道低年级原则上不布置书面家庭作业,这减轻了负担,但我也担心孩子知识掌握不牢。另外,平时也听说有些公办学校班级人数偏多、老师更换频繁,怕影响教学质量。希望政府能重视普通公办小学的师资和班额问题,稳定教师队伍,同时把课后服务做得更实,在课后服务中安排老师更有针对性地辅导作业、巩固当天所学,让像我们这样没有条件补课的家庭也能得到支持。谢谢领导。"
FE3219A966699862D1F885A6FA2F9C19410C2167294DE7EFD3738701926B7E21,关于学校课后服务质量和师资保障的诉求,"领导您好,我是小学孩子的家长。家里经济条件不好,我和孩子妈妈文化程度都不高,辅导孩子学习很吃力。现在学校开展课后服务,孩子这个月也参加了,对我们这样的家庭确实是好事。但我们心里很没底,担心课后服务只是把孩子集中看管,没有真正辅导作业、开展有益活动。以前就听说有的学校班级人数太多,老师不够用,还请代课老师,一年换一个,甚至让年纪很大的老师教低年级。我们就怕自己孩子也遇到这种情况,课后服务师资跟不上,最后变成混时间。希望领导能重视城镇普通公办小学的课后服务落实,保障师资和经费,让课后服务真正有人教、有内容,帮我们解决实际困难。"
BA1E42F70F9E391CE7F8337CCBE1BEF3B40515502F8D1F16A6088CA42C5DAC9B,关于改善小学大班额和师资不稳定问题的诉求,"领导好,我是城镇一名小学生的家长。家里经济条件一般,自己文化水平不高,没办法辅导孩子,也没钱报课外班,孩子只能靠学校。听说有的地方小学班级人数多到有学生坐黑板旁,老师还经常换,甚至请年纪很大的代课老师,这让我们很担心。孩子马上要开学升年级了,如果学校也是大班额、老师不稳定,孩子的学习和安全都得不到保障。希望领导能在开学前排查一下我们这类公办小学的班额和师资情况,督促学校稳定教师队伍,控制班级人数,把课后服务真正办好,让普通家庭的孩子也能安心上学。"
AA1C8C89C7554FCEA2B00D47E866F1C011EB872C53CC144BB6E3F5B4B22A6B41,关于课后服务质量和师资保障的诉求,"领导好,我是一名中部城镇的小学生家长,家里条件一般,自己文化程度也不高,辅导孩子学习很吃力。这个暑假孩子参加了学校的课后服务,学校说每天不少于两小时,但我们很担心实际效果。听说有些地方学校存在班级人数多、老师不够、经常换老师的情况,我们怕自己学校也有类似问题,课后服务变成单纯看管,孩子学不到东西。现在校外学科培训班少了,我们也负担不起,更希望学校课后服务能真正做好,有稳定的老师辅导作业、开展活动。恳请领导重视普通学校课后服务的师资和内容保障,加强监督检查,让我们这样的家庭也能放心。"
11B96A3F35B67E1551C2D95741BE5B230897F98E520A71EF6C5115016BCD2908,关于改善小学大班额和师资不稳定问题的诉求,"领导好,我是城镇一名小学生的家长。家里经济条件一般,自己文化水平不高,没办法辅导孩子,也没钱报课外班,孩子只能靠学校。听说有的地方小学班级人数多到有学生坐黑板旁,老师还经常换,甚至请年纪很大的代课老师,这让我们很担心。孩子马上要开学升年级了,如果学校也是大班额、老师不稳定,孩子的学习和安全都得不到保障。希望领导能在开学前排查一下我们这类公办小学的班额和师资情况,督促学校稳定教师队伍,控制班级人数,把课后服务真正办好,让普通家庭的孩子也能安心上学。"
616867D2D423D399E916179CD6DEC2883E92B597954E88457D8C39BE0F4FE03E,关于保障课后服务师资与辅导质量的请求,"领导您好。我家孩子正在上小学,家里经济条件比较紧张,没有能力给孩子报校外的辅导班。这个暑假孩子参加了学校的课后服务,我们非常需要这项服务。但我们也担心,学校课后服务如果缺少稳定的老师、一个班孩子太多,可能只是把孩子聚在一起看管,没法真正辅导作业、开展活动。孩子现在低年级,按规定没有书面家庭作业,我们就怕课后这两个小时学不到东西,以后学习跟不上。希望领导能督促学校加强课后服务的师资配备和内容安排,确保孩子自愿参加、真正受益,不要流于形式,也减轻我们这样的家庭负担。"
697C4C85D9E1AE9020986E479F8E1B9B5B3FCB20DFE112F3308605709A66C8F0,关于改善小学大班额和师资不稳定问题的诉求,"领导好,我是城镇一名小学生的家长。家里经济条件一般,自己文化水平不高,没办法辅导孩子,也没钱报课外班,孩子只能靠学校。听说有的地方小学班级人数多到有学生坐黑板旁,老师还经常换,甚至请年纪很大的代课老师,这让我们很担心。孩子马上要开学升年级了,如果学校也是大班额、老师不稳定,孩子的学习和安全都得不到保障。希望领导能在开学前排查一下我们这类公办小学的班额和师资情况,督促学校稳定教师队伍,控制班级人数,把课后服务真正办好,让普通家庭的孩子也能安心上学。"
12243ADA0017E37FEF3163BFBD2A23444D70E9881E086B063090503683FD2E30,关于保障小学课后服务质量和班级师资稳定的诉求,"领导好,我是中部地区一名小学生的家长。家里经济条件一般,我们文化水平也不高,辅导孩子学习比较吃力。孩子目前小学阶段,暑假后马上要开学。看到同地区有些学校存在班级人数多、老师更换频繁的情况,我们很担心自己孩子学校也会出现类似问题。现在学校虽然提供课后服务,孩子也参加了,但我们担心课后服务只是看着孩子,没有真正辅导作业和巩固知识。家里没有条件报培训班,希望学校能利用课后服务时间加强作业辅导,稳定教师队伍,控制班级人数,让孩子在校内就能学好。请领导重视,加强监督和资源保障。"
2BD2E2227B7229AE6A8DC979532B87A84EE0F1A36DE18C852145755497F2DB31,关于小学阶段书面作业减负的请求,"孩子目前上小学,还未到升学衔接年级。按照当前年级的规定,原则上不应该布置书面家庭作业,但最近发现孩子这个月的书面作业情况并不符合这一规定。作为家长,我们担心长期这样下去,孩子睡眠和运动时间会被挤占,童年只剩下作业。我们理解学校可能为了抓学习,但孩子还小,身心健康更重要。希望领导能关注这类现象,督促学校严格落实减负要求,让孩子的课后时间能够真正用于休息、锻炼和兴趣发展。"
09640354920BA4F53CD6039DF9DF6939DCE52D6649DAEB63672AA5AF4B489892,关于小学生暑假书面作业负担过重盼督促减负的建议,"领导您好。我家孩子在本地一所公办重点小学就读,暑假期间书面作业明显偏多,每天要写很久,有些题目家长也不会,需要到处查资料,孩子晚上基本没时间运动和玩耍,睡眠也受到影响。按现行要求,孩子这个年级原则上不布置书面家庭作业,作业总量和时长也应有上限,但本月孩子的书面作业情况没有达到相应规范。我们家庭条件还可以,平时也能辅导,但孩子还小,长期这样怕影响身体和学习兴趣。希望领导重视学校减负政策落实,督促学校统筹作业总量、提高作业设计质量,少一些机械重复的书面任务,给孩子留出运动、休息和课外阅读的时间,让暑假真正成为孩子的假期。"
A5F293C6DD01D45798240BD0056DBAC554386BC071E9DD8886FC4032F6C90210,请求督促落实小学作业减负规定,"领导您好,我家孩子在本市一所公办小学就读,不是毕业年级。按照年级作业管理规定,这个年级原则上不应该布置书面家庭作业,但这个月孩子仍然有书面作业,这与规定不符。现在马上要春季开学了,孩子还参加了学校课后服务,我担心开学后书面作业继续布置,放学回家还要写很久,晚上就没有时间运动和休息了。孩子平时睡眠比较充足,可长期这样肯定受影响。我们家长学历有限,有些作业题自己也不会,辅导起来很吃力。家里经济条件还可以,但我们不想靠多报班解决,更希望学校能把作业量控制好。恳请领导关注一下,督促学校严格执行作业管理要求,真正给孩子减负,让孩子放学后能有活动、阅读和睡眠的时间。"
5DAB713D1E777BC32D5796E05964FC230CEB5385029B693A717228E64FF4FB22,关于小学生书面作业负担与课后服务衔接的反映,"我家孩子就读于本地一所公办小学,目前不是毕业年级。按现行规定,这个年级的孩子原则上不应布置书面家庭作业,可最近这段时间,孩子回家后仍有不少书面作业,有时要写较长时间,运动和放松的时间都被挤占,我们看着着急。孩子这个月每天都参加了学校课后服务,按理说在校时间已经不短,如果能利用课后服务完成作业或进行辅导,回家不该再背这么重的书面任务。但实际感受是课后作业指导没有完全解决问题,不少作业仍要带回家,有的题目我们家长辅导起来也吃力,孩子压力不小。希望领导关注学校对作业总量和难度的统筹,督促严格执行分学段作业时长规定,减少机械重复和超纲难题,让课后服务真正起到减负作用,让孩子放学后能有一点休息和锻炼的时间。"
58562FEE3BD547087A5B817EAF15344B82E24E927397168D7D7E43B3EACB300A,关于小学低年级暑假书面作业减负的请求,"领导您好,我家孩子在公办小学低年级就读,暑假期间学校正常开展课后服务,孩子也一直在参加。按照当前年级的规定,原则上不应该布置书面家庭作业,但最近一个月孩子的书面作业情况并不符合这个要求,虽然具体作业量和来源我们不好判断,但作为家长很担心。政策前就听说过周边学校有低年级作业太多、孩子写到很晚、家长还要上网查答案的情况,我们不想让孩子也陷入这种状态。孩子平时睡眠时间比较充足,我们希望保证他每天有足够的休息和户外运动时间,而不是被书面作业占满。恳请领导关注小学低年级暑假课后服务期间的作业管理,督促学校严格落实减负要求,让孩子过一个轻松、健康的假期。"
3CC355D274833BDBBAFF651B1B361A1D6DBD2F68F21FC2E95E2DBF7E998295E7,请督促学校落实小学生书面作业减负要求,"领导您好,我是本地一名小学生家长。孩子目前在小学阶段,暑假里仍然有书面作业,和现在年级原则上不布置书面家庭作业的要求不太一致。作为家长,我们不是反对学习,但担心减负要求落实不到位,孩子作业一多,晚上和假期就没有多少休息活动时间,长期下去睡眠和运动也受影响。我们了解政策要求学校统筹作业总量、加强校内指导,学校课后服务也提供每天至少两小时,孩子这个月也参加了。希望领导能督促学校在新学期严格落实作业管理,尽量让孩子在校内或课后服务时间完成书面任务,别把作业带回家,真正给孩子留出运动和睡眠的时间。谢谢。"
387BFC50AEF73A2F8C994493D4B5D9097B4AFB68F9942FC4496B37E22BD1D34D,关于小学低年级暑假书面作业减负的请求,"领导您好,我家孩子在公办小学低年级就读,暑假期间学校正常开展课后服务,孩子也一直在参加。按照当前年级的规定,原则上不应该布置书面家庭作业,但最近一个月孩子的书面作业情况并不符合这个要求,虽然具体作业量和来源我们不好判断,但作为家长很担心。政策前就听说过周边学校有低年级作业太多、孩子写到很晚、家长还要上网查答案的情况,我们不想让孩子也陷入这种状态。孩子平时睡眠时间比较充足,我们希望保证他每天有足够的休息和户外运动时间,而不是被书面作业占满。恳请领导关注小学低年级暑假课后服务期间的作业管理,督促学校严格落实减负要求,让孩子过一个轻松、健康的假期。"
46212B3B5929D826F86FD0430FC3D7D69DD52D02267EFB19936B84749F3F1274,关于小学低年级书面作业减负的请求,"领导您好,我是本地一名小学生家长。孩子就读公办重点小学,所在年级按规定原则上不布置书面家庭作业。但最近发现孩子的书面作业情况没有完全符合规范要求,这让我们有些担心。家里经济条件尚可,时间也相对宽裕,但看到孩子可能因作业问题减少运动和休息,心里很着急。身边也有家长反映低年级作业偏多,孩子写起来费劲,影响睡眠和活动。目前学校课后服务每天开展,孩子也参加,希望课后服务能真正起到作业辅导和丰富活动的作用,而不是简单延长在校时间。恳请领导关注小学低年级作业管理,督促学校严格落实减负要求,控制书面作业总量,保证孩子有足够睡眠和户外活动时间,让政策真正惠及孩子。"
387D4D4B4660EE50C9744158453667608A1DEFCEEF5BAFAAABAA96C50302A738,关于小学低年级暑假书面作业减负的请求,"领导您好,我家孩子在公办小学低年级就读,暑假期间学校正常开展课后服务,孩子也一直在参加。按照当前年级的规定,原则上不应该布置书面家庭作业,但最近一个月孩子的书面作业情况并不符合这个要求,虽然具体作业量和来源我们不好判断,但作为家长很担心。政策前就听说过周边学校有低年级作业太多、孩子写到很晚、家长还要上网查答案的情况,我们不想让孩子也陷入这种状态。孩子平时睡眠时间比较充足,我们希望保证他每天有足够的休息和户外运动时间,而不是被书面作业占满。恳请领导关注小学低年级暑假课后服务期间的作业管理,督促学校严格落实减负要求,让孩子过一个轻松、健康的假期。"
B2FB335835A5423287C90BF451BFDC4C68991E6D29E7C06BD23E1967FB550848,关于小学暑期课后服务作业负担的反映,"我家孩子是公办小学学生,暑假期间参加了学校课后服务。这个月我们发现孩子的书面作业情况和我了解到的现行规范不太符合,时间上可能超过了规定。作为家长,我们很担心这样下去孩子负担过重,得不到充分休息。以前也听说同省有的学校给孩子布置的作业量大、题目偏难,家长都要上网查,孩子放学后几乎没有运动时间。现在政策要求统筹作业总量、提高作业质量,还要求课后服务内容多样、自愿参加,但实际感受是可能还有差距。希望领导能关注一下,督促学校核查暑期课后服务期间的作业安排,严格控制书面作业时长,课后服务多安排一些文体、阅读、兴趣活动,别把托管变成补课。孩子睡眠一直比较充足,我们不想开学后也变成熬夜写作业。恳请有关部门重视,让孩子真正减负,过一个有意义的暑假。"
4D2C931CB59815AA61732103BBFE1E057CD4DD8A0007EF91800FD5EAD1517675,关于暑假书面作业超时影响学生休息的反映,"领导您好,我是本地一名小学生家长。孩子就读于公办小学,暑假期间我们发现孩子的书面作业完成时间经常超过规定(原则上不超过60分钟)。作为家长,我们一直重视孩子的睡眠和健康,孩子平时睡眠时间较长,但现在我们担心过多的书面作业会挤占休息和锻炼时间,影响身体发育。希望教育部门能核查学校暑假作业布置情况,督促学校严格落实作业管理规范,合理控制作业总量,避免机械重复性作业,让孩子在假期有充足睡眠和自主活动时间。也希望开学后能持续关注作业负担问题,不要让减负政策落空。"
D1119C7A6C5A056FBFC4834A0905E59643867BC800A2B3E95B20795B30D373D4,关于规范小学暑假作业与校外培训的诉求,"我是一名小学生家长,孩子就读公办小学非毕业年级。现在暑假期间,孩子本月书面作业情况已不符合既有的作业时长规范,我们担心作业量可能过大,影响孩子休息和运动,也容易让孩子产生厌学情绪。我们支持适当作业,但希望学校能切实统筹作业总量和时长,加强校内指导,而不是把学习压力转给家庭。同时,我们注意到身边仍有学科类校外培训供给,虽然我家孩子从未参加过学科辅导,但过去有学校向低年级学生发放培训传单、鼓动补课的情况,我们担心暑假期间学校会变相引导或默认学生参加校外培训,加重家庭负担。希望相关部门核查学校作业布置是否合理,督促学校严格遵守作业时长规定,并加大对违规学科培训的监管力度,推动学校课后服务开学后能真正落实、自愿参加、内容多样,让家长少一些焦虑。"
637F267E103973EC15E81A590075E1AE8682696025FD9E00A789C9F3023D203D,关于小学生书面作业时长规范落实的诉求,"领导您好。我家孩子在公办小学就读,目前不是毕业年级。近期我注意到孩子的书面作业情况与当前年级规定的时长不一致,我担心可能超出了规定时间,这会直接影响孩子的睡眠和休息。我们家一直重视孩子睡眠,孩子平时睡得够,但作业时间如果失控,睡眠就难以保证。孩子也没有参加学校课后服务,如果课后时间被作业占满,我们既没有精力陪读,也担心孩子身体素质下降。之前也听说过一些学校变相引导补课的情况,作为家长我们很忧心。希望教育部门能核查学校作业布置情况,督促学校严格落实作业时长规定,真正减轻学生负担,保障孩子健康成长。谢谢。"
09F7C8578154BC55103ED0829514172FD0D6E422A14856501C074D3ED0BE7336,关于提升学校课后服务质量的诉求,"领导您好,我是学生家长。我的孩子在公办小学就读,本学期开始参加学校课后服务。从实际感受看,课后服务时间虽然有保障,但内容还比较单一,孩子写完作业后基本就是自己待着,缺少老师针对性的作业辅导和有趣的文体科技活动。由于孩子作业量不算大,放学后也没安排校外学科培训,我们很担心这样下去学习效果难以保证。以前就听说有学校把学习责任推给校外补课,现在校外培训又在规范收缩,如果校内课后服务只是简单看管,家长会更加焦虑。希望领导督促学校把课后服务真正做实,提供作业答疑、兴趣拓展和体育锻炼,并保障自愿参与、师资配置和经费支持,让课后服务成为学校教育的有益补充,而不是流于形式。"
D3E88BC79765D5C08B9DCF92623A00B8C18BB91447A19BAB315F54C7B031888A,关于小学家庭作业时间超标的反映,"领导您好。我家孩子就读于公办小学,非毕业年级。近期暑假在家完成学校布置的书面作业时,我发现每天平均耗时经常超过规定的一个小时上限,孩子睡眠时间虽然还算充足,但长期这样下去担心影响身心健康。我们家庭经济条件尚可,但从未给孩子报过学科类培训班,也不希望学校通过超量作业变相增加负担。此前有家长反映过学校发校外培训传单、鼓动补课的情况,希望领导能一并核查我校是否存在类似问题。请督促学校严格执行作业管理规范,把假期还给孩子,让孩子有更多时间锻炼和阅读。谢谢。"
27A22397092CCDF6D5FEE9CF7B008B9B893B777B334E1623746622F1B24FD9F6,关于提升学校课后服务质量的建议,"领导您好!我家孩子是小学阶段,这个暑假参加了学校组织的课后服务,按安排每天不少于2小时,解决了我们双职工家庭的看护问题,非常感谢。但我也有点担心:课后服务会不会只是把孩子集中起来写作业或看管,内容不够丰富?孩子睡眠足、平时书面作业也不多,我们更希望课后服务能开展体育、艺术、科技、阅读等多样活动,真正促进孩子全面发展。现在校外学科培训大规模压减,我们担心一些家长可能转向隐形补课渠道,心里也焦虑。希望政府部门在规范校外培训的同时,加强对学校课后服务的指导和投入,监督学校不要和校外培训有利益关联,让课后服务有稳定师资和丰富内容,让家长放心,让孩子受益。谢谢领导。"
AEE10DF2AA97573BDB4FD60E52141174DFE6BE82E000D42436B7A3E0431E957F,关于小学家庭作业时间超标的反映,"领导您好。我家孩子就读于公办小学,非毕业年级。近期暑假在家完成学校布置的书面作业时,我发现每天平均耗时经常超过规定的一个小时上限,孩子睡眠时间虽然还算充足,但长期这样下去担心影响身心健康。我们家庭经济条件尚可,但从未给孩子报过学科类培训班,也不希望学校通过超量作业变相增加负担。此前有家长反映过学校发校外培训传单、鼓动补课的情况,希望领导能一并核查我校是否存在类似问题。请督促学校严格执行作业管理规范,把假期还给孩子,让孩子有更多时间锻炼和阅读。谢谢。"
FDA8795BD4CABB8821C0D762F82A5EED8AD796199A679DF5D6A0A63E062F334C,关于提升暑假期间小学课后服务质量的建议,"领导您好。我家孩子就读公办小学,目前暑假期间参加了学校组织的课后服务。根据了解,学校课后服务原则上每周五天、每天至少两小时,孩子虽然参加,但我们比较担心实际内容是否足够丰富、老师能否认真指导。以前听同省家长反映过个别学校向低年级学生发校外培训传单、鼓动去补课,现在学科类培训供给明显收缩,我们家庭本来也没有参加学科培训,更希望学校课后服务能真正承担起素质拓展和看护功能,而不是简单看管或变相补课。孩子目前书面作业时间在制度范围内,睡眠也较充足,我们不愿课后服务挤占休息和活动时间。希望相关部门加强对学校课后服务的督导,保障师资和经费,丰富体育、艺术、阅读等活动,坚持自愿原则,让孩子假期过得有意义,家长也能放心。"
74617CC33C355BF84ED1F805D0FA8D31E595AE4ED83DE28F17CD33D124D2E314,关于小学家庭作业时间超标的反映,"领导您好。我家孩子就读于公办小学,非毕业年级。近期暑假在家完成学校布置的书面作业时,我发现每天平均耗时经常超过规定的一个小时上限,孩子睡眠时间虽然还算充足,但长期这样下去担心影响身心健康。我们家庭经济条件尚可,但从未给孩子报过学科类培训班,也不希望学校通过超量作业变相增加负担。此前有家长反映过学校发校外培训传单、鼓动补课的情况,希望领导能一并核查我校是否存在类似问题。请督促学校严格执行作业管理规范,把假期还给孩子,让孩子有更多时间锻炼和阅读。谢谢。"
8EE810A48436EE72E2F1680474D3E359CE54DBAEBE4F19459B04D61EC92597EA,关于提升小学课后服务质量的建议,"领导您好,我是小学低年级学生的家长。孩子目前参加学校的课后服务,书面作业时长控制得比较合理,我们基本放心。但作为家长,我们期望孩子能全面发展,现在校外学科培训大幅收缩,课后服务就更加重要了。我们担心课后服务如果只是看管写作业,内容单一,难以满足孩子兴趣和成长需要。希望相关部门能指导学校丰富课后服务内容,增加阅读、科学、体育、艺术等活动,并加强师资和经费保障,同时规范管理,防止课后服务变相补课或推介校外培训。让孩子真正受益,也减轻家长负担。"
F853EC0956BB5F947B2C65FFA8BD5BB972837A459FBBB6F166A23FE8F5DA4BEA,关于小学暑假书面作业及师德问题的反映,"领导好,我是中部地区一名小学生家长。孩子目前不在升学衔接年级,按现行规定不应该布置书面家庭作业,但这个暑假我发现孩子有书面作业,完成起来占用不少休息时间,我们担心影响孩子身心健康。另外,结合以前附近家长反映的情况,个别老师在校外办补习班,对没参加的孩子可能会区别对待,我们家庭条件一般,孩子也没有报学科类辅导班,心里很不安。希望领导能督促学校严格落实作业管理规定,核查是否存在违规补课和师德问题,让孩子过一个轻松的暑假,公平接受教育。"
9F2E3D78F02F8DA0432167BE4184909229D5E3C6D5D0D4D3EB19C103B744196D,关于小学作业管理和教师违规补课的担忧,"领导您好,我是孩子正在上小学的家长。按现在的规定,孩子这个年级是不布置书面家庭作业的,可我发现这个月孩子的作业情况并没有完全达到要求,具体原因我不清楚,心里很着急。以前也常听说有老师在外面办补习班,谁去上就对谁好,不去的孩子容易被冷落。现在校外培训管得严,我担心有的老师可能把精力转去私下补课,校内作业和辅导反而没人上心。我家经济条件一般,供不起高价补习班,只希望孩子在学校能学得公平、学得扎实。恳请领导督促学校好好落实作业管理规定,查一查是否存在老师违规参与校外补课的情况,把课后服务安排好,让孩子自愿参加、真正受益,别让家长再为“不补课就吃亏”而焦虑。"
778D679D6F3CBDF294B53C80411D82106A0D1F37E02D411A0B90963AD0DC0C9E,小学书面作业违规加重学生负担盼整改,"领导您好,我是孩子家长。按现在规定,我家孩子这个年级是不该有书面家庭作业的,但这个月孩子还是带回了书面作业,有时候吃完晚饭还要接着写。孩子每天在学校参加课后服务,回家再写作业,我们看着心疼,也怕影响休息。家里条件一般,我俩文化程度也不高,辅导作业很费劲。以前也听说过有的老师在校外办辅导班,不去上的孩子会被另眼相待,我们心里一直不踏实,怕孩子因为没上辅导班而在学校受委屈。希望领导能督促学校严格执行作业管理规定,别让书面作业变相增加,也帮我们了解一下课后服务内容,看看有没有把本该课堂完成的变成课后任务。谢谢。"
84D2FA83FC8EA3D150A363644B4AA913BAC7060C1B3C12573713EF1C2E7DFDD7,请规范课后服务防止变相有偿补课,"领导您好,我是城镇一名小学生的家长,家里经济条件一般。孩子现在参加了学校课后服务,本来听说自愿参加、内容多样,我们挺高兴。但心里一直不踏实,担心课后服务时间里,有的老师会暗示或要求学生参加自己校外办的辅导班,不去的孩子被冷落、区别对待。我们家庭收入不高,额外报班压力大,也怕孩子因为不报班在班里受委屈。希望领导能督促学校严格落实自愿原则和课后服务内容要求,严查老师利用课后服务变相介绍有偿补课的行为,让孩子们在校内得到公平对待和有效指导。"
BDA4BAC69B5465B088B00D7D246CA6EB7853D38686AB371617C457171B791272,"请规范小学教师假期补课行为,公平对待每个孩子","领导好,我是一名小学生家长。暑假期间孩子参加学校课后服务,最近和其他家长交流时,听说有些老师在校外办补习班,对没去补习的孩子另眼相看,甚至把精力放在补课上,影响正常教学。我们家庭经济条件一般,没有给孩子报学科类补习班,很担心孩子在学校被老师忽视或歧视。另外,按现在年级规定,不应该有书面家庭作业,但我孩子这个月的书面作业情况与规定不符,我们担心是不是变相增加负担。希望领导能核查学校课后服务期间教师是否存在违规补课、对不参加补课学生不公平的情况,督促学校严格执行作业管理规定,让孩子们过一个轻松的暑假。"
086C8B3D9447A51AFBD42D50AC2C6F7758281CFFEBAA9C594E83BD4503C389F1,关于学校课后服务质量和教师精力分配的担忧,"领导您好,我家孩子上小学,不是毕业班,学校不属于公办,家里经济条件一般,大人也只有高中文化。今年暑假学校课后服务要求每周五天、每天至少两小时,孩子也报名参加了,我们本来挺高兴。但我心里一直不踏实:课后服务时间里,老师到底是在认真辅导、答疑、批改作业,还是只是把孩子看住?我们这种家庭以前没让孩子上补习班,现在外面培训少了,更盼着学校课后服务能把孩子的基础教扎实。平时家长间也常聊到,有些地方存在老师课上不用心、课后开小班的现象,不参加的孩子容易被冷落。我们不想冤枉老师,但担心孩子因为家里没额外花钱补课,就在学校里得不到公平对待。希望领导能关注学校课后服务的实际内容和师资管理,督促学校落实作业统筹和课后服务要求,加强对教师校外有偿补课的监管,让课后服务真正帮到每个孩子,特别是我们这样条件一般的家庭。"
7396A0401E982874EFD0D370F777524BAF11631402BBFDC1B38C3281073014BB,"请规范小学教师假期补课行为,公平对待每个孩子","领导好,我是一名小学生家长。暑假期间孩子参加学校课后服务,最近和其他家长交流时,听说有些老师在校外办补习班,对没去补习的孩子另眼相看,甚至把精力放在补课上,影响正常教学。我们家庭经济条件一般,没有给孩子报学科类补习班,很担心孩子在学校被老师忽视或歧视。另外,按现在年级规定,不应该有书面家庭作业,但我孩子这个月的书面作业情况与规定不符,我们担心是不是变相增加负担。希望领导能核查学校课后服务期间教师是否存在违规补课、对不参加补课学生不公平的情况,督促学校严格执行作业管理规定,让孩子们过一个轻松的暑假。"
DB8BDFEF630040FBE92381FE904F297C2ECF8F995FC3EC5837AAAD4C6D08B6E9,"希望加强课后服务公平性监管,避免教师差别对待孩子","我是一名小学生家长,家庭条件一般,文化水平也不高,孩子目前在学校参加课后服务。以前听说过一些老师把精力放在自己办的补习班上,对没去的孩子不闻不问,甚至冷落。现在虽然校外培训管得严了,但我还是担心老师在课后服务里区别对待,或者变相要求参加收费项目。我们没给孩子报过外面的补习班,只希望学校课后服务能真正辅导孩子作业、开展活动,而不是变成另一种负担。孩子现在书面作业不多,我们支持,但也怕老师因为孩子没额外补课就忽视他。希望领导督促学校规范课后服务,加强教师行为监管,让每个孩子都能得到公平对待,减轻我们普通家庭的焦虑。"
B05C8EA0D3438D347A59EC2E41D062CC4CBEE9ABC3BA108232B90AB12D3FA2A2,"请规范小学教师假期补课行为,公平对待每个孩子","领导好,我是一名小学生家长。暑假期间孩子参加学校课后服务,最近和其他家长交流时,听说有些老师在校外办补习班,对没去补习的孩子另眼相看,甚至把精力放在补课上,影响正常教学。我们家庭经济条件一般,没有给孩子报学科类补习班,很担心孩子在学校被老师忽视或歧视。另外,按现在年级规定,不应该有书面家庭作业,但我孩子这个月的书面作业情况与规定不符,我们担心是不是变相增加负担。希望领导能核查学校课后服务期间教师是否存在违规补课、对不参加补课学生不公平的情况,督促学校严格执行作业管理规定,让孩子们过一个轻松的暑假。"
89B22E13F54D8620BA8E7B8E6136D3441403940F466011B619CCE758FABED9CF,关于假期课后服务质量与公平性的担忧,"领导好。我家孩子上小学,家庭条件一般,家长学历也不高,辅导功课比较吃力。这个暑假孩子在学校参加课后服务,我们很支持,但心里不踏实。以前听说有老师在校外办补习班,对不去的学生另眼看待,现在学科类培训管得严了,学校课后服务如果只是看管、不认真指导,或者老师心思仍不在校内,我们这种普通家庭又没条件找别的辅导,孩子学习就会被耽误。希望领导督促学校把课后服务真正办好,老师能公平对待每个孩子,不要变相引导家长额外花钱,也别对没额外参加的学生有偏见。"
E2FAE4020D4DA4B04F45E303C61284A5A8BBA5C6358272F00AC61574DC1C734D,关于暑假期间初中生学科辅导与学习安排的建议,"领导好,我是一名初中生家长。孩子暑假书面作业量符合规定,这我们理解,但作为家长心里有些焦虑。孩子以前一直有学科类辅导,现在马上升入更高年级,课程难度增加,如果暑假只是完成不多的作业,担心开学后跟不上。目前学科培训市场虽然供给还算稳定,但真正适合孩子的优质机构不好找,线上课程效果又不如线下,我们家长愿意投入,但缺乏可靠渠道。希望有关部门能在暑假期间加强对合规培训机构的监管和信息公开,或者指导学校、社区提供一些公益性的学习辅导或答疑,帮助孩子合理利用假期,既减负又不荒废学业。谢谢。"
B1D4014926A4B9C6D089DAACAA8D5DDD2DB6517133F8B83041B035D726E62782,关于初中生暑期培训与课后服务衔接的诉求,"孩子升入初中后,课业难度明显增加,过去一直依靠校外学科辅导来巩固。现在正值暑假,原来熟悉的辅导班在政策调整下变得不确定,我们不敢贸然续费,心里很着急。我们家经济条件还可以,但也不想被逼着去找价格更高、更不透明的私下补课。身边有的家庭一个假期补课费就大几千,普通工薪家庭根本吃不消。我们理解规范校外培训是为了减轻负担,但也担心初中阶段如果课后服务跟不上,孩子学习会掉队。希望领导能督促学校在秋季开学后真正把课后服务做起来,提供有效的作业辅导和学科答疑,而不是只是看管。同时,作业总量虽然目前符合规定,但随着年级升高,老师会不会变相增加负担,我们也心里没底。请有关部门在整治校外培训的同时,多听听初中家长的实际困难,让课后服务提质扩面,让家长不用再偷偷摸摸找补课。"
E8582C7A0DD34AD46958631EBC1E269BE6FB4643C8040FA1E84C65EED9F37EFB,关于规范初中校外培训收费并提升课后服务实效的建议,"领导您好。我家孩子在公办初中上学,不是毕业班。现在正值寒假结束、春季开学前后,学校布置的书面作业时长基本符合要求,孩子也正常参加学校课后服务。但我们仍然给孩子报了学科类校外培训,主要担心校内教学无法完全满足以后升学需要。目前看培训市场供给和收费和原来差不多,但每个月培训费还是一笔固定支出,加上以后初三如果补课强度加大,费用可能更高,家庭压力不小。希望有关部门能加强对初中阶段学科类培训收费的日常监管,防止变相涨价、超期收费。同时也希望学校课后服务能进一步丰富内容,特别是数学、英语等学科能安排老师进行针对性辅导和答疑,让孩子在学校就能解决大部分问题,减少家长不得不额外花钱补课的焦虑。谢谢。"
2D1E25775D507F2F1DD653E722B6FB3F3E80346AA6A7E3402BB9C4288E61EE0C,关于初中生课后服务与校外培训衔接的担忧和建议,"领导好,我家孩子是初中生,非毕业班。眼下寒假结束准备开学,我们心里不太踏实。以前补课贵、乱,现在校外学科培训少了很多,我们虽然还在上,费用也降了,但总怕课停掉或换老师,效果没个准。学校课后服务我们也参加了,每天时间能有保障,可孩子数学英语基础弱,课后服务里针对性的辅导不太够,基本靠自觉写作业。我们家里人手少、下班晚,时间紧,实在辅导不了。孩子以后想读到硕士,现在基础不能落。希望开学后学校能把课后服务的内容再充实些,特别是对学科薄弱的孩子有分层指导,同时继续规范培训市场,防止机构利用家长焦虑乱涨价或跑路,让我们这些普通家庭能有个稳定的环境。谢谢。"
1A4F27484A6CE29F8B78839B1A47892B62F3D27EDB6667CB6C53D555CCDE6D9F,关于减轻初中生校外培训负担、提升学校课后服务实效的诉求,"领导您好,我是一名初中学生家长。孩子暑假仍在参加学科类校外培训,收费和以前相比没有明显下降,家里经济条件虽然还过得去,但长期下来负担不轻。学校开展了课后服务,我们也让孩子参加了,但感觉课后服务更多是看护,对孩子学科上的针对性辅导还不够,所以只能继续花钱补课。希望政府部门能加大对学科类培训收费的监管,防止高收费加重家庭负担;同时指导学校把课后服务做得更实一些,增加作业辅导、答疑和分层指导,让孩子在校内就能解决大部分学习问题,减少对校外培训的依赖。谢谢。"
AAA18030BB347B4D66BA9D7221AFC931C8670B2E837E4E0036AA336521CCF5B0,关于完善初中课后服务减轻校外培训依赖的建议,"领导您好。我家孩子正在读初中,暑假期间学校按新要求提供了课后服务,孩子也参加了。同时因为学业压力,家里还是给孩子报了学科类校外培训。现在培训市场收缩,能选的班明显少了,但孩子的学习需求还在。以前身边有孩子假期补课费很高,现在虽然费用降了一些,可培训供给不稳定,我们心里很没底。课后服务虽然每天有较长时间,但内容上感觉更多是看管,学科辅导的针对性不强。希望领导能督促学校把课后服务做扎实,加强作业指导和学习巩固,让孩子在校内就能获得足够的学业支持,减少对校外培训的依赖,也让我们家长少些焦虑。"
EEB0C8C03ED11D0F42A53788190216C90434C9CEAD6418867ADC400D349933A0,关于减轻初中生校外培训负担、提升学校课后服务实效的诉求,"领导您好,我是一名初中学生家长。孩子暑假仍在参加学科类校外培训,收费和以前相比没有明显下降,家里经济条件虽然还过得去,但长期下来负担不轻。学校开展了课后服务,我们也让孩子参加了,但感觉课后服务更多是看护,对孩子学科上的针对性辅导还不够,所以只能继续花钱补课。希望政府部门能加大对学科类培训收费的监管,防止高收费加重家庭负担;同时指导学校把课后服务做得更实一些,增加作业辅导、答疑和分层指导,让孩子在校内就能解决大部分学习问题,减少对校外培训的依赖。谢谢。"
3A9854A10BAE9BB40B45A95654D68BFED5CF14EEC577C11BFE158050ED50CC6E,关于优化初中课后服务与学业支持的诉求,"我是东北某城镇一名初中生的家长。近年来,有关部门规范校外培训,确实减轻了家庭经济负担,这是好事。但暑假期间,合规的学科类培训明显减少,我们虽然仍给孩子报了班,但选择有限,心里不踏实。孩子即将升入更高的年级,面临中考压力,作为家长,希望孩子能获得充分的学业指导。学校课后服务已经开展,孩子也参加了,但我们不清楚服务内容是否足够丰富,能否针对初中生提供有效的作业辅导和学科拓展。希望领导能关注这一情况,督促学校进一步优化课后服务,增加学业辅导资源,加强师资保障,让课后服务真正成为校外培训的有益补充,缓解家长焦虑,让孩子在校内就能得到高质量的学习支持。"
97E10089885E7286DFD7A67A603138BD9957982022726E414F65699895A6D1A8,关于减轻初中生校外培训负担、提升学校课后服务实效的诉求,"领导您好,我是一名初中学生家长。孩子暑假仍在参加学科类校外培训,收费和以前相比没有明显下降,家里经济条件虽然还过得去,但长期下来负担不轻。学校开展了课后服务,我们也让孩子参加了,但感觉课后服务更多是看护,对孩子学科上的针对性辅导还不够,所以只能继续花钱补课。希望政府部门能加大对学科类培训收费的监管,防止高收费加重家庭负担;同时指导学校把课后服务做得更实一些,增加作业辅导、答疑和分层指导,让孩子在校内就能解决大部分学习问题,减少对校外培训的依赖。谢谢。"
3C233C677DC8D28F8355ACE19AA47186447395BF58E6A4794E9C6734316D86A4,关于加强课后服务减轻校外培训依赖的建议,"领导您好,我是一名初中生家长。孩子目前在暑假参加学校课后服务和校外学科培训,能感受到学科类培训市场供给明显收缩,收费有所下降,但担心开学后合规培训的选择会减少,质量难以保证。我们家庭时间安排比较紧张,平时辅导孩子作业精力有限,希望学校的课后服务能更加充实、更有针对性,比如加强作业辅导和学科拓展,这样就能减少对校外培训的依赖。同时,恳请领导继续规范学科类校外培训,防止收费反弹和隐形变异培训,并督促学校统筹好作业总量,确保不超规定。感谢您对教育工作的关心。"
731DE931D3CC628376BD77730680A86AC1910EB72F1474332F96E9CE22F43DE1,关于暑期小学生书面作业负担的反映,"领导您好,我是一名小学生家长。暑假期间,孩子在家完成学校布置的书面作业,我们感觉用时偏长,可能已经超过了规定的一小时上限。我们夫妻双方都在上班,下班后辅导孩子的时间有限,担心长期这样会影响孩子的睡眠和身体发育。孩子正处在小学阶段,学习固然重要,但充足的休息和锻炼同样不可少。希望领导能督促学校严格落实作业管理规定,控制假期书面作业总量,开学后也不要增加不必要的课业负担。谢谢。"
6C87589C5C66B450EE9A4DB2479E2284BCE07B3618FE5241B5E6A8015584A712,关于小学暑假书面作业负担和课后服务的建议,"领导您好,我是小学家长。孩子目前读小学,不是毕业班。暑假里检查作业时,我们感觉书面任务的负担不轻,孩子写作业的时间不太稳定,我们担心可能超过小学阶段书面作业原则上不超过60分钟的要求。虽然孩子平时睡眠还可以,但怕临近开学补作业会打乱作息。我们理解学校有教学安排,但希望开学后学校能真正统筹各科作业总量,提高作业质量,加强校内指导,尽量让孩子在学校完成大部分书面任务。同时,希望课后服务能坚持自愿、内容多样,时间衔接好双职工家庭下班,不要变成刷题或变相补课。我们不是要求完全不留作业,只是希望回家后孩子能有阅读、锻炼和休息的时间。也恳请上级加强日常检查,让减负真正落实。谢谢。"
78BD26546E7D5D848B14E2E7ED245F8E009AE0DEE4230616FBF21AE8CB1B0D7D,关于小学作业时长和课后服务的诉求,"领导您好。我是一名小学生家长,孩子就读公办小学,学校是重点示范校,离家较近。按现行规范,孩子所在年级的书面家庭作业平均完成时间原则上不超过60分钟,但近期我们发现孩子在作业时长方面存在不符合规范的情况,感到有些担忧。我们夫妻双方都在职,家庭时间安排有一定约束,孩子没有参加校外学科类培训,也没有参加学校课后服务。身边有家长反映过学校作业量大、孩子写到很晚的情况,希望上级能够重视。新学期即将开始,恳请领导督促学校严格落实作业管理规定,切实控制书面作业总量,避免开学后负担反弹;同时建议进一步优化课后服务,让孩子在校内能完成大部分作业,减轻家庭辅导压力,保障孩子充足睡眠和身心健康。谢谢。"
F6603112A8E7920680EF18DC6F8FA3C0BD03E47F268C69E57876294C881D39F9,关于小学生作业时长和课后服务衔接的诉求,"领导您好,我家孩子在城镇一所公办小学就读,目前不在毕业年级。作为双职工家庭,我们下班较晚,辅导孩子作业的时间和精力都比较有限。最近发现孩子每天书面作业完成情况不太符合规定的一小时时长要求,经常拖到很晚,孩子睡眠也受影响。学校虽然按要求提供课后服务,但我们孩子这个月没有参加,放学后作业都带回家,我们很难兼顾。希望有关部门能督促学校真正统筹好作业总量,利用课后服务时间加强对孩子的作业指导,让孩子尽量在校内完成一部分,减轻家长负担,也保障孩子的休息和健康。"
215C14459359F51543A38520F0B329E9407CFB25D526D4D87497D9FCD086B1D5,关于规范小学生暑假书面作业量、保障孩子休息的建议,"领导您好。我家孩子目前在公办小学就读,暑假期间书面作业情况不符合当前年级的规定要求。我们夫妻都要上班,下班后辅导孩子的时间有限,孩子做作业有时要花很长时间,我们担心这样会影响孩子的正常睡眠。按照相关规定,这个年级书面家庭作业平均完成时间不应超过60分钟,但目前实际不是这样。我们理解学校布置作业是为了巩固学习,但作业量过大容易让孩子产生厌学情绪,也不利于身心健康。希望有关部门能督促学校科学安排暑假作业,严格控制总量和难度,保证孩子有足够的休息、锻炼和阅读时间。如果学校能结合课后服务提供一些作业辅导,对我们这样的双职工家庭会是很大的帮助。"
0CAF6D7003ECACF1C100F400B291002C5DC4783D93B0B3966F78EFD900A52787,关于小学生书面作业负担和课后服务的诉求,"领导您好,我是一名小学生家长。最近暑假期间,我发现孩子的书面作业完成时间有时会超出规定时长,虽然具体量我也说不准,但确实感到孩子负担不轻。我们双职工家庭,平时工作忙,没有太多时间辅导,孩子目前也没有参加学校的课后服务。开学后我们很希望能让孩子参加课后服务,在老师指导下完成作业,既能保证作业时间不超,也能解决我们接送辅导的难题。希望领导能督促学校严格落实作业管理规定,切实控制书面作业总量,同时把课后服务的作业辅导做实做细,真正减轻家长和孩子的负担。谢谢。"
1F801320A0F1C0AAAD28BF8EDCE2EFC6FF0562175297D0D25EE22BD85A593BD3,关于规范小学生暑假书面作业量、保障孩子休息的建议,"领导您好。我家孩子目前在公办小学就读,暑假期间书面作业情况不符合当前年级的规定要求。我们夫妻都要上班,下班后辅导孩子的时间有限,孩子做作业有时要花很长时间,我们担心这样会影响孩子的正常睡眠。按照相关规定,这个年级书面家庭作业平均完成时间不应超过60分钟,但目前实际不是这样。我们理解学校布置作业是为了巩固学习,但作业量过大容易让孩子产生厌学情绪,也不利于身心健康。希望有关部门能督促学校科学安排暑假作业,严格控制总量和难度,保证孩子有足够的休息、锻炼和阅读时间。如果学校能结合课后服务提供一些作业辅导,对我们这样的双职工家庭会是很大的帮助。"
F11D04240FCFCC574CB585BC1F8EFB2D7C6E8EB1B62EB2F5C8E4A95431D5F89F,关于控制小学书面作业时长并强化课后服务作业指导的建议,"我家孩子就读公办小学,这个假期里我们发现孩子的书面作业时间偏长,未达到规定的一小时以内要求。作为双职工家庭,我们辅导时间和能力都有限,担心开学后负担更重。希望学校能严格落实作业统筹管理,控制书面作业总量,并充分利用课后服务时间加强作业指导,让孩子尽量在校内完成大部分作业,减轻家长压力。同时请相关部门加强督促检查,确保政策真正落地。我们没有参加学科类校外培训,希望课后服务内容更丰富,帮助孩子全面发展。"
61C9C1F562B774D42A8F39A556086A5A30A022D6DE534760EF9E9ED89593DD46,关于规范小学生暑假书面作业量、保障孩子休息的建议,"领导您好。我家孩子目前在公办小学就读,暑假期间书面作业情况不符合当前年级的规定要求。我们夫妻都要上班,下班后辅导孩子的时间有限,孩子做作业有时要花很长时间,我们担心这样会影响孩子的正常睡眠。按照相关规定,这个年级书面家庭作业平均完成时间不应超过60分钟,但目前实际不是这样。我们理解学校布置作业是为了巩固学习,但作业量过大容易让孩子产生厌学情绪,也不利于身心健康。希望有关部门能督促学校科学安排暑假作业,严格控制总量和难度,保证孩子有足够的休息、锻炼和阅读时间。如果学校能结合课后服务提供一些作业辅导,对我们这样的双职工家庭会是很大的帮助。"
66BD807442B7FCFF3FF4540052C661E6200F621C5A3F082663B09DC08761DBB8,关于小学暑假书面作业负担过重盼加强监管的诉求,"领导您好,我是一名小学生家长。现在正值暑假,孩子这个月的书面作业情况没有符合当前年级应有的时长规范,作为家长比较担心。家里父母双方都在上班,白天难以全程督促,孩子原本睡眠比较充足,不希望假期被过多书面作业挤占。过去也常听到同省一些家长反映学校作业多、卷子多,减负落实不到位。希望上级能督促学校统筹暑假书面作业总量和时长,真正把不超过60分钟的要求落到实处,并合理利用开学后的课后服务时间加强作业指导,避免把负担转给家长。"
755E5DC6742C01FC86418F64932B2FE905A619B854CE3B1F8F6791441A940F21,关于初中生暑假作业负担的反映,"尊敬的领导,您好。我是一名初中生家长,孩子正处在升学衔接年级。这个暑假,孩子的书面作业情况未达到规定要求,我们家长比较担心。家里大人都在上班,同住成员虽多但能专门辅导的时间有限。作业量如果偏大,孩子只能赶时间,休息和锻炼都难保证。希望学校能合理安排书面作业,让孩子假期也能有张有弛。另外,我们也担心个别老师把精力放到校外辅导上,影响正常教学,希望相关部门加强教师队伍管理,让老师的心思真正用在课堂上。"
BAE4B3D6E28CD108493140EB5D34CCB8D9E297A1047B8F04AF2B84E5EEDA94B2,关于初中阶段作业负担与课后服务的反映,"领导好,我是一名初中学生家长。孩子正处在升学衔接年级,8月暑假期间我们已经在关注新学期的学习安排。我注意到本月孩子的书面作业情况没有达到当前年级规定的时长要求,虽然具体原因还不清楚,但作为家长确实感到焦虑,担心开学后作业负担会继续加重,影响孩子休息和成长。 我和孩子妈妈都要上班,陪孩子的时间有限,我们文化程度也不高,辅导功课比较吃力。现在政策要求学校统筹作业总量、优化作业设计,还要完善课后服务、自愿参加、内容多样,我们非常支持。希望领导能督促学校真正把这些要求落实到位,特别是作业量要严格把关,不要只停留在表面,别把辅导压力都推给家长。 另外,我们家长之间常有议论,担心个别初中老师把精力放在校外培训上,影响对班里孩子的关注。现在学科培训市场供给并没有明显减少,我们更希望主管部门加强监管,让老师把心思集中在课堂教学上。孩子没有参加过学科类校外辅导班,我们也不打算报,只希望学校能教好、课后服务能跟上,让孩子在升学路上有个公平减负的环境。请领导关注。"
6D01622B44BB7EBD5CA2FBA69A91DCBEDA817FC6E9B0116E2E69765BB0C1D40C,关于初中生书面作业时间超标的反映与建议,"我家孩子上初中,正处于升学衔接阶段。我们夫妻都要上班,家里人口多,晚上很难一直盯着孩子写作业。这个月发现孩子书面作业完成时间经常超过规定,有时候写到很晚,第二天起床困难,上课也没精神。孩子参加了学校课后服务,但作业还是带回家不少,我们文化程度不高,辅导不了,心里特别着急。希望领导能重视初中生的作业负担问题,督促学校严格执行作业时间要求,把课后服务真正用在作业辅导和知识消化上,减少回家后的书面作业。同时也希望关注个别教师是否存在课堂外精力分散的情况,确保老师把心思放在校内教学和孩子身上,让孩子能轻松一点、健康一点。"
C58D6F66F4C650C75C4D6F518C46A929D715B77CE10AE2FB33E06A84D94BF753,希望课后服务能真正帮到孩子,"领导您好,我是一名初中生家长。孩子正处在升学衔接年级,我们夫妻平时都在上班,家里人口虽多但各忙各的,接送和辅导确实有些吃力。这个月孩子参加了学校课后服务,书面作业时间看着是在规定范围内,但心里还是没底。以前听说有的老师精力放在校外办班,现在学科培训管严了,我们也没给孩子报过班,就指望着学校课后服务能实打实帮孩子巩固知识、提高学习效率。希望政府能多关注课后服务的实际质量,保障师资和经费,别让课后服务变成简单的看管或集体做作业,最好能有些针对性辅导和有益活动。也请体谅老师负担,别因为课后服务影响了正常备课和教学。新学期马上开始,盼着课后服务能更规范、更有效,让我们家长安心工作,孩子在学校也能学足学好。"
E8C61A8D9C1AB68687318640EF9AC9C53B2C512F68AA21796DC2C001ED25CA5C,关于初中学生书面家庭作业超时的反映,"我家孩子今年升入初中衔接年级,就读于公办重点学校。按照现有规定,这个阶段书面家庭作业平均完成时间不应超过90分钟,但本月孩子每天回家后写作业的时间明显超过这一上限,常常很晚才能休息。我们夫妻都在上班,家里同住的人虽然多,但能辅导孩子学习的成员有限,我们自身文化程度也不高,面对作业只能干着急。孩子已经参加了学校课后服务,但作业还是带回家做,没能有效减轻负担。我们家没有给孩子报校外学科培训,全靠学校教学和课后服务,作业超时对孩子影响更大。希望领导能关注初中生作业负担问题,督促学校严格控制书面作业总量,提高课后服务利用率,让孩子尽量在校完成作业,保证充足睡眠。同时,也担心个别教师精力分散影响作业布置的合理性,希望学校加强教师队伍管理,确保减负措施落到实处。"
8003B25A08A86CEC62ACC2218CF147E6C712BE26B50C1EA16146DB15B43AD1CA,关于严查初中教师校外兼职、保障课后服务质量的意见,"各位领导好,我是一名初中生家长,孩子所在学校是公办重点初中,现在正值升学衔接年级,我们全家都很重视。家里经济条件还可以,但我和孩子妈妈都要上班,家里老人小孩多,平时辅导孩子精力有限。这个暑假孩子参加了学校课后服务,我们很感激,但也担心一些老问题。以前听不少家长说过,有的初中老师自己办辅导班,课堂上不好好教,课后服务也不上心,家长敢怒不敢言。现在校外培训管得严了,我们怕有些老师转入地下,更隐蔽。希望上级能加强对在职教师校外兼职的督查,尤其是利用课后服务时间私自补课或变相收费的行为,让老师把心思放在校内教学和课后服务上。孩子马上要面临升学,我们文化不高,只能靠学校和老师,请领导多关心。谢谢。"
6E4F6135DAE35752F04B93C3E370018846DDA00A383806CB8051D7ED48EE7184,关于初中学生书面家庭作业超时的反映,"我家孩子今年升入初中衔接年级,就读于公办重点学校。按照现有规定,这个阶段书面家庭作业平均完成时间不应超过90分钟,但本月孩子每天回家后写作业的时间明显超过这一上限,常常很晚才能休息。我们夫妻都在上班,家里同住的人虽然多,但能辅导孩子学习的成员有限,我们自身文化程度也不高,面对作业只能干着急。孩子已经参加了学校课后服务,但作业还是带回家做,没能有效减轻负担。我们家没有给孩子报校外学科培训,全靠学校教学和课后服务,作业超时对孩子影响更大。希望领导能关注初中生作业负担问题,督促学校严格控制书面作业总量,提高课后服务利用率,让孩子尽量在校完成作业,保证充足睡眠。同时,也担心个别教师精力分散影响作业布置的合理性,希望学校加强教师队伍管理,确保减负措施落到实处。"
8C097E06D4B9E93FE0DDEF4F8C27349772AAFF5BAEFE59558809C91EB2A565E4,关于暑假课后服务衔接质量的诉求,"孩子秋季就要升入初中衔接年级,我们夫妻都上班,家里老人多但辅导不了学习。孩子这个月参加了学校课后服务,我们文化程度不高,外面学科培训也少了,只能靠学校。但目前课后服务更多是看管,缺少针对小升初的学业衔接、学习习惯培养和心理适应指导。我们担心开学后跟不上,又无力辅导。希望领导督促学校丰富课后服务内容,安排老师进行作业辅导和过渡课程,提高服务质量,别让孩子只是干坐着。另外,也希望能公开课后服务的具体安排和师资保障,让我们家长心里有数。"
23C439151D7669366F35B9A6D57B6E5C46DCC5BAFB3BC97A77F78157BE449CC3,关于初中学生书面家庭作业超时的反映,"我家孩子今年升入初中衔接年级,就读于公办重点学校。按照现有规定,这个阶段书面家庭作业平均完成时间不应超过90分钟,但本月孩子每天回家后写作业的时间明显超过这一上限,常常很晚才能休息。我们夫妻都在上班,家里同住的人虽然多,但能辅导孩子学习的成员有限,我们自身文化程度也不高,面对作业只能干着急。孩子已经参加了学校课后服务,但作业还是带回家做,没能有效减轻负担。我们家没有给孩子报校外学科培训,全靠学校教学和课后服务,作业超时对孩子影响更大。希望领导能关注初中生作业负担问题,督促学校严格控制书面作业总量,提高课后服务利用率,让孩子尽量在校完成作业,保证充足睡眠。同时,也担心个别教师精力分散影响作业布置的合理性,希望学校加强教师队伍管理,确保减负措施落到实处。"
87AF0E1195CA0FABB2CB356B55879ACC0FE5B6C5586C95463782EFC7AA7C9606,关于初中课后服务和作业负担的诉求,"领导好。我家孩子处于升学衔接年级,在公办重点学校就读。我们夫妻都在上班,家里能辅导功课的人少,我文化程度也有限。现在暑假孩子参加了学校课后服务,书面作业时间暂时符合规定,但我们很担心开学后课程难度上来、作业量增加,课后服务能不能真正帮着把作业在学校里弄明白,而不是简单看管。我们家长群里也常议论,过去有些初中个别老师心思放在校外办班上,影响课堂精力,我们怕孩子遇到这种情况。希望领导能督促学校把课后服务做实,安排老师在校内辅导作业、答疑,别让家长下班后还要为作业发愁;同时加强师德和教学管理,让老师把精力集中到课堂上。这样我们才能放心把孩子交给学校。"
6095819D9E01198191D92D5BCBC27CEA74528B1412BDE53D5A9C3263F27DCE8E,关于乡村小学作业辅导负担的求助,"领导好,我们是西部农村的家长,孩子上小学,家里大人白天都要干活,晚上时间很紧,文化也不高。这个月孩子暑假作业看着还算正常,没有超过规定的一小时,但我们最担心的是开学以后。以前就常听说有的学校老师把批改作业、辅导功课都推给家长,家长不懂方法,讲不明白,爷爷奶奶带就更没办法。我们不想孩子学习变成家长天天熬夜批作业,希望领导能重视农村小学,督促老师认真批改作业、关注孩子课堂掌握情况,别把责任都压给家长,也别让班级太挤老师顾不过来。谢谢领导。"
70964E00A1E56EF56A960E27DED75A78F78AF2DED6B7D1056B9D11681C301D9B,关于农村小学课后服务和作业辅导的期盼,"领导好,我是一名小学生的家长。我们两口子都要工作,家里主要靠老人照看孩子,老人文化程度不高。马上要开学了,最愁的就是晚上辅导作业。我们担心像有的地方那样,作业留得多,还让家长批改讲解,我们实在辅导不了。现在听说学校要完善课后服务,可以让老师在学校辅导作业,我们特别希望能真正落实。请领导帮忙督促我们这里的学校,开学后把课后服务搞好,作业能在学校完成,老师能多指导,别再把负担都推给家长。我们家庭条件不好,也上不起补习班,就指望学校老师多管一管。希望领导重视农村学校,让孩子们也能得到好的教育。"
3076EC0A7A8CB8CAEADC065226854C82CC32C56E8A4B42A3B22D14BAC3C0E394,关于农村小学开学后作业与课后服务的担忧,"领导您好,我是西部农村一名小学生的家长。孩子马上要开学了,我们家长心里很没底。家里经济条件不好,我和孩子爸爸都要打工,老人文化程度也不高,辅导孩子作业确实吃力。这个月孩子的作业虽然看着不算多,但我们担心开学后又回到老样子:作业堆成山,还要家长批改讲解,老师只画个符号。我们农村学校课后服务没有参加,家里也没钱报辅导班。希望领导能重视农村小学的课后服务和作业管理,开学后多到下面暗访,督促老师合理布置作业,别把教学任务都推给家长,让农村孩子也能学得踏实。"
1CD376DAFE50EEA2AC299AFE3D2248BD6314B111F23B1F79FC3C9955AA77A3B8,希望乡村小学课后服务能真正减轻家长负担,"领导好,我们是西部农村的一名小学生家长。家里条件一般,我们两口子都要干活,时间很紧,自己文化也不高,辅导孩子作业经常力不从心。孩子这个月参加了学校的课后服务,我们确实很感激,也盼着开学后能继续把作业辅导和兴趣活动都放在学校解决。但心里还是有些不踏实:农村学校老师本就不多,能不能保证每天两个小时的课后服务质量?会不会只是把孩子留在教室,没有真正指导作业和开展活动?我们也听说过以前有些地方作业都让家长批改讲解,家里老人根本弄不了。希望领导重视乡村学校的课后服务,加强督促检查,让老师在校内把作业辅导到位,不要把负担又压回家长身上。我们不想给孩子报校外班,也上不起,就盼着学校课后服务能实实在在。"
5F13E04D583AEBD3006193699D243ACB3390AB6C44388CFDEB150AB79DCC91F9,"农村小学生暑假作业辅导难,盼学校课后服务能跟上","领导好。我家孩子在村里小学读书,家里条件一般,我和爱人都要上班,暑假孩子在家,作业虽然不算多,但我们文化程度不高,有些题只能看着答案,不知道怎么给孩子讲明白。家里人虽然多,但能辅导孩子写作业的人少,经济上也没法送孩子去外面辅导。听说有些地方学校课后服务可以让孩子在学校完成作业,还有老师辅导,可我们这边孩子这个月没参加上。快开学了,我担心开学后作业变多,又出现让家长批改讲解的情况,那我们更吃不消。希望领导能关注农村小学课后服务,让学校把作业辅导这块做实,别把担子都压给家长。谢谢。"
E5BC53255B604B8E63E596B0874C628B4811BE366B24A01A799FD4611792239A,关于农村小学课后服务与作业辅导的诉求,"我是西部农村的一名小学生家长,家里经济条件一般,我们两口子都在打工,文化程度不高,平时时间也紧。孩子现在上小学,这个暑假参加了学校的课后服务,感觉有地方去是好事,但我们担心新学期开学后作业又会多起来,我们辅导不了。以前常听同乡家长说,有的学校作业要家长批改讲解,老师只看符号,家长不在家爷爷奶奶根本管不了。现在校外补课班少了,我们也没钱报班,孩子学习上遇到困难就更没人帮。希望领导能督促学校把课后服务真正用好,每天课后时间能安排老师辅导孩子写作业、答疑,不要变成看管或者又让家长批改。同时希望继续严格管住作业总量,不要超过规定时间,让我们农村孩子也能跟上。谢谢。"
BFE18CFCE1DD986D1001A830FC35D6F75B887936BB72B7D65242A8C4A5586729,"农村小学生暑假作业辅导难,盼学校课后服务能跟上","领导好。我家孩子在村里小学读书,家里条件一般,我和爱人都要上班,暑假孩子在家,作业虽然不算多,但我们文化程度不高,有些题只能看着答案,不知道怎么给孩子讲明白。家里人虽然多,但能辅导孩子写作业的人少,经济上也没法送孩子去外面辅导。听说有些地方学校课后服务可以让孩子在学校完成作业,还有老师辅导,可我们这边孩子这个月没参加上。快开学了,我担心开学后作业变多,又出现让家长批改讲解的情况,那我们更吃不消。希望领导能关注农村小学课后服务,让学校把作业辅导这块做实,别把担子都压给家长。谢谢。"
32FD8747EDC70BABCDE8C20441B684864D6CEA3F944DE172986D1B70D455A028,关于农村小学课后服务质量的诉求,"领导好。我们是西部农村的小学生家长,家里条件一般,我们夫妻俩都在上班,平时很忙,孩子主要由老人照看,我们文化程度不高,辅导作业很吃力。这个暑假学校有课后服务,我们也让孩子参加了。虽然现在书面作业时间看起来不长,但我们最担心的是课后服务能不能真正帮孩子把作业弄明白、把知识巩固好。农村学校条件有限,害怕课后服务只是简单看管,或者又变成老师在上面讲、孩子听不明白,回家还是得我们辅导。我们没能力送孩子去校外补课,如果课后服务不抓实,孩子成绩就会掉队。希望领导能关注农村小学课后服务的实际质量,督促学校合理安排时间,让老师真正给孩子答疑、辅导作业,不要流于形式。也请重视作业设计,少一些机械重复,让孩子学得扎实一些。谢谢领导。"
F2C9E7A0D98789969F1CC6C935C8B675CF71FAC4405752B421A673182A00432E,"农村小学生暑假作业辅导难,盼学校课后服务能跟上","领导好。我家孩子在村里小学读书,家里条件一般,我和爱人都要上班,暑假孩子在家,作业虽然不算多,但我们文化程度不高,有些题只能看着答案,不知道怎么给孩子讲明白。家里人虽然多,但能辅导孩子写作业的人少,经济上也没法送孩子去外面辅导。听说有些地方学校课后服务可以让孩子在学校完成作业,还有老师辅导,可我们这边孩子这个月没参加上。快开学了,我担心开学后作业变多,又出现让家长批改讲解的情况,那我们更吃不消。希望领导能关注农村小学课后服务,让学校把作业辅导这块做实,别把担子都压给家长。谢谢。"
EA15E03C18586AED6CAF1793F0C9C4317E7EAA79496B937AFF56EBA7D87600F4,关于农村小学课后服务质量的担忧与建议,"领导你好,我们两口子白天都要上班,家里能辅导孩子功课的人不多。这个暑假孩子在学校参加课后服务,我们本来觉得是好事,能减轻照看和作业辅导的压力。但心里还是担心,课后服务会不会只是把孩子圈在教室,老师不认真管作业,甚至又让家长回来批改讲解。我们这边以前就常听人说,作业都推给家长,老师只在上面划个符号。我们希望领导能关注农村学校课后服务的实际质量,加强检查,让课后服务真正用来指导孩子完成作业、开展一些活动,而不是走过场。这样我们家长也能安心上班。"
8DE4B12190B930CFE8386DEAEEF450A52E4E065F9794A9E6C67C24F20767F21C,关于暑假初中生书面作业超过规定时间的反映,"尊敬的领导,我是乡村一名初中学生的家长。孩子目前在公办学校就读,暑假在家完成学校布置的书面作业时,我发现每天花的时间经常超过一个半小时,有时甚至更久。按现行规定,初中生每天书面家庭作业平均完成时间不应超过90分钟。虽然暑假作业不是每天布置,但总量如果偏大,孩子集中完成时很容易突破时限。我们家庭经济条件一般,父母都要上班,没有太多时间监督,孩子自己在家写作业,负担确实不轻。原来孩子睡眠时间比较充足,现在为了赶作业偶尔睡得晚了,我们很担心影响身体和假期休息。我们这边农村学校师资一直紧张,以前也听说过作业多、挤占副课的情况,希望领导能重视一下,督促学校合理控制暑假作业量,真正落实减负要求,让孩子假期能有一点放松和社会实践的时间,而不是整天埋头赶作业。恳请相关部门核查并协调处理。"
77625BEF86AEA8AD8927643E151E7C4C78D4BE7A6AAD00F79633BC287FA1217C,关于初中生暑假书面作业超时影响休息的反映与请求,"领导您好,我是东部乡村一名初中生家长。孩子就读于本地一所公办重点学校,单程上学较远。这个暑假学校布置的书面作业明显偏多,孩子每天都要花很长时间去写,经常超过规定的一个半小时上限,有时甚至要写到很晚。虽然假期睡眠时间还算充足,但长期这样下去,担心开学后作业更多,孩子的睡眠和休息会被严重挤占。我们也知道现在要求学校统筹作业总量、提高设计质量,但感觉学校落实还不到位,书面作业还是老样子,机械重复的题目多。孩子没有报学科培训班,家里老人帮忙照看,我们夫妻平时都要上班,辅导作业很吃力,作业一多只能硬扛。希望领导能督促学校真正把作业管理规定落到实处,结合乡村孩子实际,合理控制书面作业量,增加一些实践性、阅读性的任务,让孩子有更多时间锻炼身体和睡眠。谢谢。"
4D03E24C569284AFAEBF2A6813A3056CDB6AA6777EE676D7FD782099C0741180,关于规范农村初中生书面作业和课后服务的请求,"领导好。我家孩子在乡镇一所公办初中就读,目前不在毕业年级。这个月孩子的书面作业时长没有控制在规定的90分钟以内,我们家长很焦虑。我们住在农村,孩子单程上学要花不少时间,到家已经比较晚;我们夫妻两个都在上班,家里人口多,时间安排很紧,确实很难一直陪着写作业。孩子以前睡眠还算充足,现在很担心作业负担继续下去会挤掉休息时间。为了让孩子完成作业,我们目前还在参加校外学科培训,费用和以前差不多,家庭经济压力不小,但作业问题并没有明显改善。孩子这个月没有参加学校课后服务,我们不知道具体原因,但希望学校能把课后服务充分利用起来,让孩子尽量在校完成作业、得到辅导,这样我们也能少依赖校外培训。也请党政领导督促学校严格执行作业管理规定,不要只盯着成绩,给孩子留出锻炼和休息时间。"
D396A31568907376E62E40C915824B6D7A65A4D44D29949DBC6572D4755E5F2F,提升乡村学校课后服务质量减轻培训负担,"领导好!我是东部乡村一名初中生的家长。我们夫妻都在上班,家里人多,每天接送孩子上下学时间紧。孩子学校是重点学校,单程通学时间长,好在现在作业量符合规定,晚上能睡够。但是,孩子目前还在参加校外学科培训,虽然收费比以前降了,但对我们这种经济条件一般的家庭来说仍是不小的负担,而且每天放学后参加学校课后服务,再赶去培训,时间很紧。我们很希望学校的课后服务能真正发挥作用,有老师辅导作业、巩固学习,让我们能省下校外培训的钱和时间。可目前课后服务具体内容我们不太清楚,担心只是看管,没有针对性。政府要求学校完善课后服务,请领导督促学校把这件事办好,特别是像我们乡村学校,师资有限,更要保障课后服务的质量,让孩子在校内就能学好,减轻家长负担。谢谢!"
664A3ECED1510EB45918A09A2F40FE0D7B1DABA62A8D0888DD6E1B1A510727D6,关于农村初中生暑假作业负担过重的求助,"领导您好,我是东部乡村一名初中生家长。孩子就读公办学校,通学时间较长,父母都要上班,家庭经济条件一般。这个暑假,孩子书面作业情况未达到规定时长,我们观察到孩子每天做作业时间较长,担心超过90分钟的规定。孩子还参加了校外学科培训,负担更重。我们家长文化水平不高,工作忙,很难辅导,担心长期下去影响孩子睡眠和身体健康,甚至出现厌学情绪。希望相关部门能关注农村初中生作业负担问题,督促学校合理布置暑假作业,严格落实作业时间规定,保证孩子有足够休息和活动时间。"
A71638999F558B4D17CA0E291A1D3913AE5ADE56154FF67CB224B02824F6A18B,"课后服务内容需加强,减少农村家庭校外培训负担","领导好,孩子在乡镇公办初中就读,我和爱人都要上班,家里时间紧张,单程通学又不方便。这学期学校课后服务孩子参加了,书面作业时间也比以前规范了,但孩子反馈课后服务大多是自己写作业,老师缺少针对性的辅导答疑。我们乡村学校师资比较薄弱,主科老师任务重,孩子在校内解决不了的学习问题,回家我们也没能力辅导,只能继续花钱上校外学科培训。虽然现在培训收费降了一些,但对我们中低收入家庭还是不小负担。希望领导能督促学校把课后服务做实,安排老师轮流辅导,结合乡村实际补充师资,让孩子尽量在校内完成作业、解决学习困难,减少对校外培训的依赖。"
B694A34C0AA42AD06C28EAF8375B03D65DDD9A0CD0BEFA368C45E170D453FCBF,关于农村初中生暑假作业负担过重的求助,"领导您好,我是东部乡村一名初中生家长。孩子就读公办学校,通学时间较长,父母都要上班,家庭经济条件一般。这个暑假,孩子书面作业情况未达到规定时长,我们观察到孩子每天做作业时间较长,担心超过90分钟的规定。孩子还参加了校外学科培训,负担更重。我们家长文化水平不高,工作忙,很难辅导,担心长期下去影响孩子睡眠和身体健康,甚至出现厌学情绪。希望相关部门能关注农村初中生作业负担问题,督促学校合理布置暑假作业,严格落实作业时间规定,保证孩子有足够休息和活动时间。"
B2D2B96A49F749AD75B35A0DE4C2345D9314A3BD0E1E87120CA7B18757BF51E7,关于提升农村学校课后服务质量减轻家庭负担的建议,"我是农村初中生家长,家里经济条件一般,父母都在上班,平时照看孩子时间很紧,学校离家也比较远。这个月孩子参加了学校课后服务,书面作业时间也符合规定,我们暂时松了口气。不过我们这一带农村学校以前师资紧张、作业负担重的情况让人记忆犹新,现在虽然校外培训收费降了一些,但我们家还在参加,每月仍是一笔不小开销。我们担心课后服务如果只是看管、不能真正辅导作业,孩子还是离不开校外培训,经济和时间压力都很难真正减轻。希望领导能督促学校把课后服务做扎实,增加有效辅导和兴趣活动,让农村孩子在校内就能完成作业、得到帮助,同时继续严格规范学科培训,防止费用反弹,让我们这样的普通家庭能真正减负。"
25FD806090BF586613D56E00447C9B74D2B09586A6D92F2640F9757E61FAC4FD,关于农村初中生暑假作业负担过重的求助,"领导您好,我是东部乡村一名初中生家长。孩子就读公办学校,通学时间较长,父母都要上班,家庭经济条件一般。这个暑假,孩子书面作业情况未达到规定时长,我们观察到孩子每天做作业时间较长,担心超过90分钟的规定。孩子还参加了校外学科培训,负担更重。我们家长文化水平不高,工作忙,很难辅导,担心长期下去影响孩子睡眠和身体健康,甚至出现厌学情绪。希望相关部门能关注农村初中生作业负担问题,督促学校合理布置暑假作业,严格落实作业时间规定,保证孩子有足够休息和活动时间。"
FB52995CFD90EAEA964129F8E053A73B9721621DCA9F7C72BE835B0449D58489,农村学校课后服务盼加强师资和内容保障,"我家孩子在东部乡村一所公办初中读书,暑假也参加了学校课后服务。目前孩子书面作业时间看着符合规定,我们稍微放心,但还是很担心课后服务的实际质量。我们这边农村学校虽然挂着重点示范的牌子,可老师数量一直比较紧,以前就听说有老师一个人要上很多课,语文数学都兼着,根本忙不过来。课后服务每天要求两个小时,如果只是把学生聚在教室里看管,或者变成变相上课、补作业,对孩子帮助不大,反而增加了在校时间和来回奔波。我们大人白天都要上班,家里时间安排紧,孩子单程去学校路又远,每天花在路上不少时间。家里经济条件一般,我们还给孩子报了一门校外学科培训,虽然现在费用比原来低了一些,但对我们仍是一笔负担。要是学校课后服务能真正内容丰富、有老师指导,我们就不必这么纠结。希望领导能督促学校把课后服务做实,配足师资,安排好体育、阅读、兴趣活动等内容,不要只看时间达标,也不要让课后服务变相加重孩子负担。农村孩子也需要实实在在的课后成长环境。"
29A43F5652AE4F3F4AFC72671FEE636753F3A93C829D81A6D2C9AE1B32126B22,乡村小学作业时间需规范,"领导好,我是中部农村的一名家长。我孩子今年秋季要升入新的年级。这个暑假我注意到孩子写书面作业的时间有时候比较长,我们听说按照规定小学书面作业平均完成时间不应超过60分钟,但孩子现在的情况好像不符合这个要求。我们这里是乡村学校,老师本来就不多,师资一直比较薄弱,我们文化水平也不高,孩子作业多了我们辅导不了,心里很着急。孩子睡眠时间一直比较足,但如果作业长期超时,怕会影响休息和身体。我们希望上级能关注乡村小学的作业管理,督促学校科学布置作业,真正把减负落实到位。同时也请领导多关心我们乡村学校的师资问题,让老师数量和质量能跟上,这样孩子学习才更有保障。谢谢。"
856DF132AD5E1672999A53B59CAD3152831A87AE11D4B5BF9CB030442E4E0E94,关于农村小学作业负担和课后服务的诉求,"领导好,我是一名农村小学生的家长。孩子今年是升学衔接年级,这个暑假在家做书面作业,经常要超过一个小时,已经不符合规定的时长要求。我们夫妻文化程度都不高,家里只有一个人在外面打工,一个人在家照看,辅导不了作业,心里很着急。我们这边农村学校普遍老师少,一个老师教好几门课,班级学生也多,缺少专职的英语老师。我很担心开学以后作业更多,老师也没时间一个个辅导。现在政策要求学校统筹作业总量,加强课后服务,我们希望上级能督促学校真正落实,把作业量控制在规定时间内,同时把课后服务办起来,让孩子在学校就能把作业做完,有老师指导,减轻我们农村家长的负担。恳请领导关注我们乡村学校的师资和课后服务问题。"
9A5C699A240448E5EEE4A7EED4471446347A04BCBCC38D5A973868B1E85FABDE,关于农村小学高年级书面作业超时的反映,"领导您好,我是中部地区一名农村学生家长,孩子正处于升学衔接年级,就读于公办小学。近期了解到孩子本月书面作业完成时间不符合当前年级的时长规范(原则上不超过60分钟)。虽然我不清楚具体超了多少,但作为家长非常担心长期这样会影响孩子休息和睡眠,也削弱学习兴趣。我们家经济条件一般,没有参加校外学科培训,主要依靠学校课后服务和家庭辅导。希望相关部门能够核查学校作业布置情况,督促学校严格执行作业时长规定,特别是课后服务时间能否优先用于完成书面作业,减少孩子回家后的负担。同时,我也担心农村学校如果师资力量不足、班级人数较多,老师可能难以科学设计作业,导致机械重复、耗时过长。恳请领导关注农村小学作业管理和课后服务质量,帮助孩子们有更合理的学习节奏。"
021C56DDD09F33CFFF6D69FA48B406AADBD1CE8F43040E24F44121F4B54054D2,乡村学校课后服务盼加强师资辅导,"领导您好,我是中部乡村的一名小学生家长。孩子正处在升学衔接关键阶段,我们家庭经济条件一般,文化水平有限,辅导孩子很吃力。现在孩子每天参加学校课后服务,我们很感激,但乡村学校师资比较薄弱,以前就听说有的学校缺少专职英语老师,一个老师教好几科,我们担心课后服务只是看管写作业,没有真正辅导功课。孩子将来想考大学,现在基础不牢,上了初中会更吃力。现在校外学科培训也少了,我们只能依靠学校。希望领导关注乡村学校的师资配备和课后服务质量,协调增加教师力量,让课后服务真正起到学业辅导作用,让孩子在家门口也能得到好的教育。"
425EF475A53174785238603C676A3910F363B18C97FD689495FFF8349CCC55A8,关于规范乡村小学暑假书面作业时长的请求,"领导您好,我是中部乡村的一名小学生家长。孩子正处于升学衔接年级,暑假期间仍参加学校课后服务。近期我发现孩子的书面作业情况不符合当前年级规定的时长要求,作为家长很担心作业过量会影响孩子的睡眠和休息。我们家经济条件一般,家长文化水平有限,辅导作业也比较吃力。乡村学校师资相对薄弱,有时布置作业不够科学合理。孩子平时睡眠时间还算充足,希望这个假期也能保持。恳请相关部门核查学校课后服务中的作业布置情况,督促学校严格落实书面作业平均完成时间不超过60分钟的规定,合理控制暑假作业量,让孩子有更多时间休息和自主活动,健康成长。"
F8F4EF8A0BE9592EE283454E56E0C4214B0854289D162D4AEB8DCAED43F298EE,关于乡村学校师资薄弱影响课后服务质量的诉求,"领导您好,我是中部地区一名乡村小学生的家长。孩子正处在升学的关键阶段,我们家庭条件一般,之前也没有给孩子报过学科类培训班,现在校外培训减少了,孩子学习主要靠学校。现在孩子参加了学校的课后服务,作业量也控制在规定时间内,我们很感谢政策减轻了家长负担。但是,我们乡里学校的师资力量一直比较薄弱,一个老师要承担多个班的教学,有些科目比如英语缺少专职老师,我们担心课后服务可能主要停留在看管写作业,很难给孩子提供有针对性的辅导和拓展。我们文化程度不高,辅导不了孩子,只能依靠学校。孩子睡眠时间虽然够了,但我们担心这样下去基础打不牢,将来考大学更没有希望。希望政府能重视乡村学校的师资配置,增加主科教师和专职英语教师,同时加强对课后服务质量的监管和投入,让课后服务不只是“有人看”,而是真正能帮助孩子学习和成长,让农村孩子也能公平地接受优质教育。"
0D8364D164EEB6EA22A0DA3C0EC0E3B5AEB5BA0C0BA57194849DA1587FE5FC90,关于规范乡村小学暑假书面作业时长的请求,"领导您好,我是中部乡村的一名小学生家长。孩子正处于升学衔接年级,暑假期间仍参加学校课后服务。近期我发现孩子的书面作业情况不符合当前年级规定的时长要求,作为家长很担心作业过量会影响孩子的睡眠和休息。我们家经济条件一般,家长文化水平有限,辅导作业也比较吃力。乡村学校师资相对薄弱,有时布置作业不够科学合理。孩子平时睡眠时间还算充足,希望这个假期也能保持。恳请相关部门核查学校课后服务中的作业布置情况,督促学校严格落实书面作业平均完成时间不超过60分钟的规定,合理控制暑假作业量,让孩子有更多时间休息和自主活动,健康成长。"
82D6713D1B72F629B430D6F38A591F4A841118D2C9334E08AD0801DFBF474D46,"盼加强乡村学校专职教师配备,助升学衔接孩子不掉队","各位领导好,我是中部农村的一名学生家长,孩子开学就要升入衔接年级,这个暑假也参加了学校的课后服务。我们家庭条件一般,自己文化不高,辅导不了孩子,只能靠学校。现在虽然课后服务时间有了,作业负担也轻了,但我们这里乡村学校的师资一直比较薄弱,听说附近有些学校班级只有两名主课老师,连专职英语老师都没有,班额也大。我们很担心自己的孩子到了衔接年级,英语和主科跟不上,课后服务也只是凑时间,没有真正补上短板。希望政府能统筹协调,为我们乡村学校补充专职教师,特别是英语和衔接年级的主科老师,尽量降低班额,同时让课后服务有实实在在的内容,不要流于形式。孩子是家庭的希望,农村孩子也想有公平的学习机会,请领导多关心。"
EEF6F8151F787F7F78102A18F971D824470C6ED306A48515C183A4F46AD508C6,关于规范乡村小学暑假书面作业时长的请求,"领导您好,我是中部乡村的一名小学生家长。孩子正处于升学衔接年级,暑假期间仍参加学校课后服务。近期我发现孩子的书面作业情况不符合当前年级规定的时长要求,作为家长很担心作业过量会影响孩子的睡眠和休息。我们家经济条件一般,家长文化水平有限,辅导作业也比较吃力。乡村学校师资相对薄弱,有时布置作业不够科学合理。孩子平时睡眠时间还算充足,希望这个假期也能保持。恳请相关部门核查学校课后服务中的作业布置情况,督促学校严格落实书面作业平均完成时间不超过60分钟的规定,合理控制暑假作业量,让孩子有更多时间休息和自主活动,健康成长。"
11C5B8B09BFEDDC7FBBDF4D64BEBF5573E51D35BC75CE9DE01B15682B7D77100,关于改善农村小学课后服务师资配备的建议,"领导好,我是中部农村一名小学生家长,孩子今年处在升学衔接年级。暑假期间学校组织了课后服务,孩子也参加了。我们家庭条件一般,两口子文化不高,平时孩子作业时间基本能符合规定,但课后服务更让我们牵挂。听说同省其他农村学校存在班级人数多、缺少专职英语老师的情况,我们心里也没底,担心自己学校课后服务只是把孩子们集中起来看管,没有专业老师辅导,对学习和成长帮助有限。希望领导能关注农村学校课后服务的实际师资力量,协调资源,给孩子们配齐专业老师,让课后服务真正有质量,让孩子在暑假也能得到有效指导。"
6C99EA25E2D78B6BB2FFA79813C0FDCDC98CD7F1CDAEB4A7D012165DB6A4B8E7,关于农村小学暑假书面作业规范的诉求,"领导好,我是西部农村的一名家长。我家孩子上小学,家庭条件一般,我和孩子妈妈都要打工,平时陪孩子时间不多,文化水平也有限。政策上不是说低年级原则上不布置书面家庭作业吗?可这个暑假我们发现孩子书面作业情况不太对劲,不符合规定时长。我们担心学校或老师可能布置了过多书面作业,尤其像我们这种家长辅导能力不足的家庭,爷爷奶奶也帮不上忙,孩子做作业做到很晚,影响休息和身体。以前也听说过同省份有类似情况,老师作业布置多,还让家长批改讲解,我们农村家长实在力不从心。希望领导能关注一下,督促学校严格落实政策,别再让书面作业挤占孩子假期休息时间,也考虑一下农村家庭的实际困难,让教育更公平合理。谢谢。"
9311651EF74597BB92322B512EA9F63BFD76A9E49F8ED13F8D4550C0B03BB87B,关于小学低年级书面家庭作业问题的反映,"领导您好。我是一名小学生的家长,家住农村,家里经济条件不太好,我们两口子都在打工,文化水平也不高,每天能辅导孩子的时间很有限。孩子现在读小学低年级,按照学校应该遵守的规定,这个年级原则上是不布置书面家庭作业的,可是这个月我发现孩子的书面作业情况不符合这个要求,出现了不符合规范的情况。我们很担心这样下去,孩子的睡眠和休息会受影响,而且作业如果只是追求数量,我们家长又不会教,孩子也学不好。现在听说上面要求学校统筹作业总量、提高作业质量、加强校内指导,还要求学校提供课后服务,我们非常希望领导能督促学校把这些规定落实到位,特别是低年级不要布置书面家庭作业,如果确实需要巩固知识,也请老师在学校里指导完成,不要让我们家长批改讲解,我们确实力不从心。同时,希望课后服务能真正帮我们这样的家庭解决孩子放学后没人辅导的困难,提供作业辅导和有益的活动。谢谢领导。"
F34E3EE8A05E32D3CEAEABC89CD108BF52E4B0B449539F8D7A65CED43B726B1C,关于低年级书面作业负担和家庭辅导困难的求助,"领导您好,我是西部农村一名小学生家长。孩子现在上小学低年级,按政策这个年级原则上不布置书面家庭作业,但我们了解到孩子本月书面作业情况跟规定不一致,我们家长很担心。家里人口多,我和孩子父母都要打工,时间长,文化程度不高,老人也辅导不了。家里条件差,没给孩子报过任何补习班,也没参加学校课后服务,如果学校布置了书面作业,我们实在没有能力和精力辅导孩子,也怕孩子睡不够、负担重。我们听过同省一些家长说,有的学校作业多,还让家长批改讲解,农村家长更难,所以特别怕自己孩子也遇到。恳请领导督促学校严格落实低年级不布置书面作业的规定,如果已经布置了请及时纠正,也请关注农村学校作业负担和家长批改作业的问题,别让老师把责任推给家长。谢谢领导。"
B4F0470BDDE9F4ABAA0E24C045A0DA3547970366F82C7B4841B7B666CD671706,关于农村小学生作业负担和课后服务实效的请求,"领导好,我是农村小学孩子的家长。我们两口子都在外打工,家里老人文化低,辅导不了作业。按政策,孩子这个年级不应该有书面家庭作业,可这个月孩子回来还是有作业,我们担心这样下去孩子睡不够,我们也没法辅导。学校课后服务孩子也在上,但我们不知道老师是不是真的在辅导作业,还是光看着孩子。我们家庭条件差,外面培训班也少了,更指望学校能把孩子管好。希望领导督促学校把作业管理落到实处,课后服务真正帮孩子完成作业,别再把批改讲解都推给家长。谢谢。"
38465F74ADD370DBDF2DAC4D9144E124B37088988C2D9DA0693B26ADDE42CFE2,关于暑期小学生书面作业负担的反映,"领导您好,我是西部农村的一名小学生家长。孩子目前读小学,按政策这个年级暑假是不应该布置书面家庭作业的,但最近孩子还是有书面作业,有时做得比较晚,我看着很着急。我们家长文化程度不高,辅导作业很吃力,而且平时也要干活,时间实在安排不过来。以前就听说过有学校老师布置作业太多,还让家长批改讲解,我们很担心这样下去孩子身体吃不消,学习兴趣也没了。希望领导能关心一下农村学校,督促老师严格执行减负规定,暑假就让孩子好好休息,多锻炼、多读点课外书,不要布置一堆书面作业了,给孩子一个轻松的假期。谢谢领导。"
14635E17275DCAEF1E76CE2E87BE101F8CC51A856F890D1CF28CF88B8BEEF475,希望督促农村小学规范作业管理减轻家长负担,"领导好,我是西部乡村一名小学生家长。家里条件一般,我和孩子妈都要打工,平时老人帮衬,我们自己文化不高,辅导作业很吃力。现在孩子年级按规定原则上不应有书面家庭作业,但这个月孩子的书面作业情况还是不符合要求,我们担心后面开学后还是老样子。孩子参加了学校课后服务,但感觉课后服务没有真正把作业辅导做到位,回家可能还要家长耗时间。我们担心这样下去孩子休息不好,家长也撑不住。希望领导督促学校严格执行作业总量和时长规定,利用课后服务时间加强作业指导,尽量让孩子在学校完成学习任务,切实减轻我们农村家长的负担。"
F004ABE5D61F74C33B8B2BC83A8440B2C8218C7851C4740F4CFD0665522D6661,关于暑期小学生书面作业负担的反映,"领导您好,我是西部农村的一名小学生家长。孩子目前读小学,按政策这个年级暑假是不应该布置书面家庭作业的,但最近孩子还是有书面作业,有时做得比较晚,我看着很着急。我们家长文化程度不高,辅导作业很吃力,而且平时也要干活,时间实在安排不过来。以前就听说过有学校老师布置作业太多,还让家长批改讲解,我们很担心这样下去孩子身体吃不消,学习兴趣也没了。希望领导能关心一下农村学校,督促老师严格执行减负规定,暑假就让孩子好好休息,多锻炼、多读点课外书,不要布置一堆书面作业了,给孩子一个轻松的假期。谢谢领导。"
8312665FACB2B7FBF8B728F5C2D6700EC0C612118A49AFD3DB589639CAEE42CA,关于乡村小学低年级作业负担和课后辅导的请求,"领导好,我是咱们西部农村的一名小学生家长。孩子现在上小学,不是毕业班。我们两口子都要干活,家里人口多,但学习上帮不上。最近放暑假,孩子也参加了学校的课后服务。可是我发现孩子假期书面作业不少,按理说低年级不应该布置书面家庭作业,现在这样我们很担心开学后作业更多。我们文化不高,辅导不了,以前也听说过有老师让家长批改作业的事,我们实在怕这样。希望领导能督促学校严格落实作业管理,别让书面作业超量,课后服务能真正辅导孩子写作业、讲题,而不是光看着。我们农村孩子就指望学校了,请领导帮忙解决一下,谢谢!"
1C9916AB825F2F141FADDE79EE3A61C96658EB3069120042DDB70D3DA4DD36A1,关于暑期小学生书面作业负担的反映,"领导您好,我是西部农村的一名小学生家长。孩子目前读小学,按政策这个年级暑假是不应该布置书面家庭作业的,但最近孩子还是有书面作业,有时做得比较晚,我看着很着急。我们家长文化程度不高,辅导作业很吃力,而且平时也要干活,时间实在安排不过来。以前就听说过有学校老师布置作业太多,还让家长批改讲解,我们很担心这样下去孩子身体吃不消,学习兴趣也没了。希望领导能关心一下农村学校,督促老师严格执行减负规定,暑假就让孩子好好休息,多锻炼、多读点课外书,不要布置一堆书面作业了,给孩子一个轻松的假期。谢谢领导。"
9F21B65861F2BF1E095506914D7F5392423A015FCDC3050CB8C4F35BD7F6CB41,关于乡村小学低年级作业管理和课后服务的诉求,"领导您好。我是西部农村一名小学生家长,家里条件不宽裕,我和孩子妈妈每天都要忙生计,文化程度也低,辅导孩子学习确实困难。我家孩子还在小学低年级,按说这个年级原则上是不布置书面家庭作业的,可这个月孩子的书面作业情况并不符合这个要求,家里常常为辅导作业着急上火。我们不是不愿意管孩子,主要怕最后又变成家长批改讲解,我们只会看答案,不会讲方法,怕耽误孩子。现在学校有课后服务,孩子这个月也参加了,我们就盼着学校能把课后服务真正用起来,让孩子在学校完成必要的巩固和指导,减少带回家的书面任务。希望领导能督促学校严格落实作业管理规定,提高乡村学校课后服务质量,让孩子能有正常的休息和阅读时间,也让我们这样的农村家长少一点无力感。谢谢。"
5202BA03C8C2CB083B4B5F5B62FEAD653BA62C6B155FB4E5055479410FB8184E,关于规范暑假书面作业时长、保障学生身心健康的诉求,"领导您好。我是一名小学生家长,孩子就读于公办小学。暑假期间,我注意到孩子的书面作业完成时间偏长,对照现行作业时长规范,我们担心存在不符合要求的情况。作为家长,我们一直重视孩子的休息、运动和全面发展,过重的书面作业可能挤占睡眠和兴趣活动时间,也可能变相增加家庭对学科类校外辅导的依赖,这与当前减轻学生负担、促进学生健康成长的方向不相符。结合以往听闻的一些学校通过作业或调课等方式增加主科压力的现象,我们更加担忧。希望教育部门能核实学校暑假作业布置情况,督促合理控制书面作业总量,确保孩子有充足的休息和自主发展空间,开学后也能持续规范作业管理。谢谢。"
270E36071CF35EA65B543C8970DCB8CE3E7FAD5031980C62C59D2785FE1A9D22,关于小学暑假书面作业超时的反映与请求,"领导您好。我是本地一名小学生家长,孩子就读公办小学,目前正处暑假。近期发现孩子本月书面作业情况明显不符合国家关于小学阶段书面作业平均完成时间不超过60分钟的规定,假期作业量偏大、要求偏机械,孩子需要长时间伏案完成,已经影响到正常睡眠和假期户外活动。我们理解学校有巩固学习的要求,但更希望作业布置能统筹总量、优化设计,真正落实校内指导,而不是把压力转嫁到家庭。同时,我们注意到当前对学科类校外培训管理趋严,周边培训供给基本稳定,但担心个别教师可能通过增加作业难度或量,变相向家长传递补课焦虑。请领导关注公办小学作业规范落实情况,督促学校在开学后严格执行作业管理要求,合理安排暑期任务,保障孩子休息和身心健康。谢谢。"
620A520052CFBBDD66A63A37541A803F20DD0A34F362B4BFDDD7E4EB78221CF8,关于小学家庭作业超时影响孩子休息的反映,"领导您好,我是一名小学生家长。孩子就读公办小学,目前不属于毕业年级。按照现行规定,这个年级书面家庭作业平均完成时间不应超过60分钟,但近期发现孩子每天在家写作业明显超过这个时间,经常写到很晚。虽然孩子平时睡眠时间较长,但作业占用了本该休息的时间,我们很担心长期下去影响身体发育和第二天学习状态。我们家庭经济条件不算差,但更希望孩子健康成长,不想让他过早承受过重学业压力。希望教育部门能核查学校作业布置情况,督促学校严格落实作业管理要求,确保书面作业控制在规定时间内,让孩子有充足睡眠和适当课外活动。"
2E75E220EA2EBFAFCD94619357B2CC4B5CB1DF5D628B1B181DF4F90DED334187,关于春季开学后课后服务与校外培训衔接的担忧,"领导好。我是一名小学生家长,孩子目前读小学,这个寒假也一直参加学校课后服务和合规的学科类培训。书面作业时间方面我们感觉基本能控制在规定范围内,校外培训费用确实也比以前降了一些,这些是好的变化。但临近开学,作为家长心里并不踏实:课后服务虽然时间有保障,可我们担心开学后实际内容会不会变成主科补课或者单纯看管,孩子的体育、兴趣活动时间被挤占;校外培训市场收缩后,合规机构少了,我们虽然还能找到,但很担心机构的资金稳定性和中途停课风险,到时候孩子没地方去,退费又难。希望领导能督促学校真正落实课后服务的内容多样和自愿原则,同时在开学前后加强对留存培训机构的预收费和办学稳定性监管,别让政策过渡期的焦虑都压在家长身上。"
9C80B1606E917ECC64B014E1C08CCFB64D020284F80CB9DB87D92DC31527E62F,关于暑假书面作业超时和培训负担的反映,"领导好,我是一名小学生家长。孩子暑假期间每天书面作业时间明显超过规定的一小时,作为家长很担忧。家里条件虽然还行,但孩子睡眠和户外活动时间被压缩。我自己孩子也还在上学科类培训班,培训班的作业和学校作业叠加,负担更重。以前也听说过有老师课上不讲课后补课、挤占副课的情况,我们担心暑假作业超时背后也有类似问题。希望教育部门能核查学校作业布置是否规范,同时加强对校外培训机构的监管,真正减轻孩子课业负担。"
E5EC815945928441372D32469F06A050E883055859950FCD29ACAE3A2B8014E3,关于保障课后服务质量和防止隐形学科培训的诉求,"领导好。孩子目前在小学阶段,今年暑假参加了学校课后服务。作为双职工家庭,我们非常需要学校把这段时间安排好。现在显性学科培训已经停了,孩子书面作业量也符合规范,我们支持减负。但开学后我最担心两件事:一是学校课后服务虽然时间有保障,但内容是否真能做到自愿、多样,会不会变成集体看管或变相补课;二是校外学科培训转入地下,价格更高,反而加重家长焦虑。我们不希望再回到拼补习的路上,只希望学校能提供真正有质量的作业指导和文体活动。请领导督促学校把课后服务做实做好,同时严查隐形变异培训,让孩子和家长都能安心。"
7AA1BD5BB52F33704038EFCD129FB30C49916F67A30BEE9EDE45C0EAA658F43D,关于暑假书面作业超时和培训负担的反映,"领导好,我是一名小学生家长。孩子暑假期间每天书面作业时间明显超过规定的一小时,作为家长很担忧。家里条件虽然还行,但孩子睡眠和户外活动时间被压缩。我自己孩子也还在上学科类培训班,培训班的作业和学校作业叠加,负担更重。以前也听说过有老师课上不讲课后补课、挤占副课的情况,我们担心暑假作业超时背后也有类似问题。希望教育部门能核查学校作业布置是否规范,同时加强对校外培训机构的监管,真正减轻孩子课业负担。"
2D5A2C99E0964E9227525ED0F4F880E304610EC5B8A884F4579FA95947F82B4E,关于提升暑期学校课后服务质量并防止变相补课的建议,"我是一名小学生家长,孩子就读公办小学。以前孩子参加过校外学科培训,政策后我们已经停止了显性学科培训。这个暑假孩子参加了学校提供的课后服务,时间上确实能衔接,但我感觉目前学校课后服务主要是看护和写作业,内容比较单一,缺少体育、艺术、阅读等多样活动。我们担心长期这样孩子假期生活贫乏,也怕有的老师把课后服务变成变相补课,或者私下暗示家长给孩子补课。希望领导能督促学校丰富暑期课后服务内容,落实自愿和多样要求,同时严格规范教师行为,防止学科培训从校外转到校内或地下,减轻家长焦虑。"
AE58602B2DA73A3D666032856365CC1427CD60A887DF5213A16814628B030C27,关于暑假书面作业超时和培训负担的反映,"领导好,我是一名小学生家长。孩子暑假期间每天书面作业时间明显超过规定的一小时,作为家长很担忧。家里条件虽然还行,但孩子睡眠和户外活动时间被压缩。我自己孩子也还在上学科类培训班,培训班的作业和学校作业叠加,负担更重。以前也听说过有老师课上不讲课后补课、挤占副课的情况,我们担心暑假作业超时背后也有类似问题。希望教育部门能核查学校作业布置是否规范,同时加强对校外培训机构的监管,真正减轻孩子课业负担。"
A6CB4230837713424053CCD2816A5A7936572092CAF572E8B66BB144A3A88B60,关于学校课后服务内容与孩子身心健康的诉求,"领导好,我是一名小学生家长,孩子就读公办小学,家离学校近,平时睡眠也较充足。响应政策,我们已经停止了校外的学科类培训,这个暑假让孩子参加了学校课后服务。孩子目前书面作业时间符合规定,我们比较放心。但作为家长,心里还是有些不踏实:课后服务每天有两个小时,我们最担心的是它变成变相补课或刷题。以前也听到过有家长反映副课被调换成主课、老师暗示补课的情况,所以很怕课后服务时间被学科教学占用,失去了让孩子拓展兴趣、锻炼身体的机会。我们家庭经济条件尚可,但也不想再走回盲目补习的老路,希望孩子能在校内获得多样、有质量的活动,比如体育、艺术、阅读等。恳请领导关注学校课后服务的实际内容,督促学校严格执行自愿原则和多样化要求,保障师资和经费,别让课后服务流于形式,真正减轻家长和孩子的负担。谢谢。"
3DE6E443A5B013BA0756C312D368E898AF015E5C91E3F636C28FDA7094F6F12C,关于开学后作业负担和课程安排的担忧,"领导您好,我家孩子在本地一所公办小学就读,家庭条件一般,没有额外上补习班,所以特别希望学校能抓好课堂质量。现在暑假作业目前看还算适量,符合规定。但根据我们周边家长以往的经验,开学后一些普通学校为了追成绩,容易出现书面作业超量、主科挤占副科甚至课间休息的情况,孩子经常做到很晚,睡眠和课外活动都受影响。我们家孩子睡眠本来比较充足,但担心开学后作业一多,又变成熬夜写作业。希望教育部门开学后能加强对学校作业量和课程开设的日常监督,特别是非重点学校,别让老师为了考试排名给孩子加码。我们家期望孩子能上大学本科,但不是靠牺牲身体和兴趣换来的。恳请领导重视,谢谢。"
ED730C26EF678A25C5D1DB4D9F92A6B4B305E959F8155B6CBAD64CEC7B2A4D4F,希望开学后加强作业和课后服务管理,"领导您好,我是一名小学生家长。现在放暑假,孩子书面作业不多,符合规定,我暂时放心。但开学后我担心学校作业负担反弹。我听说过一些学校作业只讲数量不讲质量,孩子做到很晚,课间和副科也被挤占,甚至为了检查让孩子把作业资料收起来,这对孩子诚实教育不好。我家孩子睡眠时间一直比较充足,我们也不报学科培训班,就希望学校把作业设计得精一些,保证孩子睡眠和锻炼。新学期课后服务也开始了,希望领导督促学校坚持自愿原则,内容多样,不要变相补课或强制参加。恳请相关部门开学后加强督查,让政策真正落地。"
100B5491023A0D1204B990039C7465C01E268620E85DCF082C2131E25E43909B,建议加强春季开学后小学作业和课后服务管理,"领导您好,我是一名小学生家长,孩子目前就读公办小学,寒假期间书面作业量基本符合要求,睡眠也比较充足,我们感到放心。但考虑到开学后学习节奏加快,我担心部分学校可能出现作业量反弹、主科挤占课间和副科时间、课后服务变相补课等情况。我们家经济条件一般,家里人口较多,辅导孩子精力有限,很希望学校课后服务能真正用来指导孩子完成书面作业、开展阅读和体育锻炼,而不是继续增加课业负担。恳请教育部门在开学后加强常态化督查,巩固作业管理成效,督促学校控制作业总量和时长,保障孩子睡眠和休息,让孩子身心健康地成长。谢谢。"
71EC85FAFB5A09FBC39D8035E2B639350E26BC805A568A93047552472D93CBB2,"希望开学后作业负担不反弹,课后服务更有质量","领导您好。我是一名小学生家长,孩子目前在公办小学就读,家庭条件一般但一直希望他能读到大学。这个寒假和刚开学这段时间,孩子的书面作业量暂时符合规定,也参加了学校课后服务,我们挺感激的。但想到以前身边有学校平时作业很多,孩子经常写到很晚,还有学校为了应付检查让孩子把作业收起来,心里就有些担心。马上春季开学,课程进度和考试压力一来,老师会不会又布置大量作业,课后服务会不会变成集体补课或只看管不活动?希望领导能关注开学后学校的作业管理和课后服务质量,别让减负只在检查时做样子。我们家长不是要完全没作业,而是希望作业少而精,课后服务能让孩子在学校完成大部分作业,还能有一些阅读、体育、兴趣活动,孩子能早点回家睡觉,不用再熬夜赶作业。谢谢领导。"
D676B421EC478B0D9C9B26297F6FDDC06417B72A32370D8416908F66B3C6B5DC,关于持续监督小学作业总量保障孩子休息的建议,"我家孩子在公办小学就读,家庭经济条件一般,没有参加校外学科培训,这个月书面作业完成时间还在规定范围内,也参加了学校课后服务。但作为家长心里不踏实,听说同地区有家长反映,有的学校老师布置作业只看数量不看质量,孩子经常做到很晚,主科挤占课间和副课时间,副科背诵量很大,考试也比较频繁。我们担心开学后,虽然有作业时长要求,但实际执行可能走样。希望领导能持续督促学校严格控制书面作业总量,不要用课后服务时间变相补课或增加作业,把课间、体育、劳动和社会实践时间还给孩子,让孩子能睡够觉。我们就一个普通家庭,没条件额外补课,只能依靠学校合理安排,请领导多关注公办普通小学的实际执行情况。"
8DA0365B6F372D92B30B99097E3BB6B5AAB9A5564F5852DDEA3E2B560AA79FB2,关于提升小学课后服务质量防止变相增加负担的建议,"领导您好,我是本市一名小学生的家长。孩子目前就读公办小学,本学期参加了学校课后服务,但我们心里并不踏实。以前从身边家长交流中了解到,一些学校曾出现作业量过大、主科挤占副科、考试频繁等情况。现在书面作业时间虽然控制住了,可我们担心课后服务会变成变相补课或集体看管,内容单一,缺乏真正有益身心的活动。我们家经济条件一般,也没法给孩子报太多校外兴趣班,更希望学校课后服务能提供作业辅导、阅读、体育、艺术等多样内容,真正落实自愿和高质量。恳请相关部门加强对学校课后服务的指导和监督,特别是对非重点学校给予师资和经费保障,别让好政策在落实中走样,让孩子们放学后能健康成长。谢谢。"
AC96817B9BA6DC9DC974421E7A9AAFEC3BFC591D9ABC4FED191FE8EEF6BF068B,关于持续监督小学作业总量保障孩子休息的建议,"我家孩子在公办小学就读,家庭经济条件一般,没有参加校外学科培训,这个月书面作业完成时间还在规定范围内,也参加了学校课后服务。但作为家长心里不踏实,听说同地区有家长反映,有的学校老师布置作业只看数量不看质量,孩子经常做到很晚,主科挤占课间和副课时间,副科背诵量很大,考试也比较频繁。我们担心开学后,虽然有作业时长要求,但实际执行可能走样。希望领导能持续督促学校严格控制书面作业总量,不要用课后服务时间变相补课或增加作业,把课间、体育、劳动和社会实践时间还给孩子,让孩子能睡够觉。我们就一个普通家庭,没条件额外补课,只能依靠学校合理安排,请领导多关注公办普通小学的实际执行情况。"
F894C114F0A3DC9D25DBB91F41CFC51E148A70CA2CE18C5108387DF3314CA661,关于课后服务内容多样性和作业负担的诉求,"尊敬的领导,您好。我是一名小学生家长。孩子目前在公办小学就读,暑假期间参加了学校提供的课后服务,书面作业量目前符合规定,我们感到比较安心。但我担心课后服务的内容和质量:孩子每天在校时间较长,如果只是看管写作业或简单重复,缺乏体育、艺术、劳动等多样化活动,既不利于全面发展,也会压缩家庭自主安排的时间。同时,我了解到一些学校过去存在作业超量、主科挤占副科、频繁考试等问题,虽然我家孩子目前没有遇到,但担心开学后作业负担反弹、课后服务走样。希望有关部门能持续加强对学校作业管理和课后服务的指导监督,确保自愿参加、内容多样,真正减轻孩子和家庭的负担。谢谢。"
78527D5AF9E77704326EBA2E9A9D6088679D6022621F8EBCBCFB726750B40AD4,关于持续监督小学作业总量保障孩子休息的建议,"我家孩子在公办小学就读,家庭经济条件一般,没有参加校外学科培训,这个月书面作业完成时间还在规定范围内,也参加了学校课后服务。但作为家长心里不踏实,听说同地区有家长反映,有的学校老师布置作业只看数量不看质量,孩子经常做到很晚,主科挤占课间和副课时间,副科背诵量很大,考试也比较频繁。我们担心开学后,虽然有作业时长要求,但实际执行可能走样。希望领导能持续督促学校严格控制书面作业总量,不要用课后服务时间变相补课或增加作业,把课间、体育、劳动和社会实践时间还给孩子,让孩子能睡够觉。我们就一个普通家庭,没条件额外补课,只能依靠学校合理安排,请领导多关注公办普通小学的实际执行情况。"
E3C8699EDE1686F0A04CEA18E22A14C647BCCE03421C045FA91DCA3BC15036D3,关于保障开学后作业与课后服务质量的诉求,"领导,我是一名小学生家长。孩子就读公办学校,家里人口多、经济一般,暑假参加了学校课后服务。目前孩子作业量还符合规定,但身边常有家长说以前学校作业多到晚上十点多,主科挤占副科和课间,考试频繁,还让孩子应付检查,我们很担心开学后又会反弹。现在学科辅导班少了,像我们这样的家庭也没条件另外补课,更指望学校课后服务能把时间用好,让孩子在校内把作业消化掉,还能有一些阅读、体育或兴趣内容,而不是只看管或变相上课。希望领导督促学校严格执行作业总量和时长要求,提升课后服务质量,真正减轻家庭负担,让孩子健康成长。"
C71F2A71E3344C338984AD66A9DA956BDAB8A01E1A30B6CFBCC61673929DD3FC,关于小学暑假书面作业负担的反映,"领导好。我是孩子家长,孩子目前在公办小学就读,不是毕业年级。这个月是暑假,本来该让孩子多休息、多参与实践,但最近发现孩子本月的书面作业情况与现在这个年级应该执行的“原则上不布置书面家庭作业”的规范并不相符。我们夫妻都在上班,家里人手少,时间本来就很紧,如果确有必要因为学校布置了书面作业或变相增加学业任务,我们家长还要额外辅导和督促,确实感到压力很大。我们不反对合理的假期学习安排,但希望学校能真正按规范控制书面作业,别把压力转嫁给家长。也请相关部门关注一下,督促学校核查是否存在布置书面作业或变相增加书面作业的情况,让孩子假期能轻松一些。谢谢。"
A75C343EDD2AC2DAD8CF0A138541BDB30CB0ED3F7EEE0E47E0CAABCCB957550F,关于减轻小学生暑期书面作业负担的请求,"领导您好,我是一名小学生家长,孩子就读公办小学。现在放暑假,但学校布置的书面作业明显偏多,孩子每天要花大量时间才能完成,已经超过规定的时长。我们夫妻都在上班,文化程度不高,下班后已经很晚,实在没有能力和时间辅导孩子,孩子睡眠也被挤占,全家都很焦虑。希望教育部门能加强对学校作业管理的监督检查,真正落实书面作业减负要求,不要把压力转嫁给家长。同时希望学校能利用课后服务或暑期托管时间,帮助孩子在校完成作业,减轻家庭负担。"
D6770EACFD53D388F33E7DDCBEC66BF519D67BDAE81A909462DEF0634316F5CB,关于小学低年级书面家庭作业超时问题的反映,"我是小学低年级学生家长。按照现行规定,低年级原则上不应布置书面家庭作业,但本月我家孩子的书面作业时长已经不符合这一规范。我们夫妻双方都在上班,家里人手少,时间很紧张,实在难以辅导孩子完成作业。为了不让孩子掉队,我们只能让孩子参加校外学科培训,增加了不小的经济和照护负担。孩子也没有参加学校课后服务,放学后无人看管。眼看着春季开学在即,我担心这种情况会继续甚至加重。希望领导关注,督促学校严格落实作业规范,不要布置书面家庭作业;同时建议学校提供课后服务或在校辅导,帮助双职工家庭解决后顾之忧。"
5A3427C14B88DA9696FCBA4F0BA127D5DAF8B8D4B0FEB564ED10E94125FEB2DD,"希望开学后课后服务更充实,减少双职工家庭校外培训压力","我是小学生家长,家里大人都在上班,平时接送和照看时间很紧。孩子现在参加学校的课后服务,放学时间能衔接上一些,但感觉课后服务内容还比较单一,学习辅导和兴趣活动不够丰富。因为担心孩子学习,我们家虽然看到校外学科培训费用降了一些,还是继续报了班,每天下班还要赶着接送,压力很大。马上要开学了,想请领导督促学校把课后服务真正用好,增加老师辅导、阅读、体育和兴趣活动,提高服务质量,让孩子在校内能有收获,少依赖校外培训,也让我们双职工家庭时间上更宽裕一些。谢谢。"
8BB5BEADA0CBE6B49DFD9A6E457D00AFFD5E938F4C6F88A352ED811167F65FFF,关于规范小学暑假书面作业和假期托管的诉求,"我是一名小学生的家长,孩子目前在公办小学就读,暑假期间孩子这个月的书面作业情况似乎不符合相应规范,我们担心作业负担偏重,影响他的睡眠和全面发展。我们夫妻都要上班,家里人手少,文化水平也有限,辅导作业很吃力,只能继续让孩子参加校外学科培训,经济压力不小。希望领导关注小学阶段作业管理,督促学校严格落实相关规范,并考虑在假期或课后提供更多学校组织的托管和辅导服务,减轻双职工家庭的照护和辅导压力,让孩子有更合理的成长节奏。"
C7DD5D5F2AD1F44B620E6AE78074D4F3F53FBE1AA041209B9438D9152F708A0F,关于暑期课后服务与作业管理的建议,"作为家长,我们孩子就读公办小学,平时我们夫妻都在上班,家里人手少,时间很紧。现在暑假学校提供了课后服务,我们孩子也参加了,确实解决了照看问题。但我们一直担心课后服务的内容和质量,希望不要只是看管,能真正辅导作业、组织一些有益活动。另外,现在校外培训收缩,我们虽然还在给孩子报班,但收费降了,可我们更希望学校能在课后服务中加强作业指导和兴趣培养,减轻我们家长辅导不了的压力。之前总听说有的学校作业多到写不完,我们孩子目前作业量还算正常,但怕以后又增加。希望领导能督促学校把课后服务做实,统筹好作业量,让孩子既能学好,又有时间休息和锻炼。"
7346B07695D52E610EC8F51D79A4C70B1D8C40AA7E30DCE473F278FF93770515,关于规范小学暑假书面作业和假期托管的诉求,"我是一名小学生的家长,孩子目前在公办小学就读,暑假期间孩子这个月的书面作业情况似乎不符合相应规范,我们担心作业负担偏重,影响他的睡眠和全面发展。我们夫妻都要上班,家里人手少,文化水平也有限,辅导作业很吃力,只能继续让孩子参加校外学科培训,经济压力不小。希望领导关注小学阶段作业管理,督促学校严格落实相关规范,并考虑在假期或课后提供更多学校组织的托管和辅导服务,减轻双职工家庭的照护和辅导压力,让孩子有更合理的成长节奏。"
8DA49CEB1A211F84E1551446E7D8FEB30D639C7B6F0E83A5B286B13DBC94D6F9,关于提升小学课后服务实效减轻双职工家庭负担的建议,"领导好,我们是双职工家庭,孩子在上小学,家里没有老人帮忙,我和爱人下班时间都比较紧,文化程度也有限,辅导孩子功课很吃力。现在孩子参加学校的课后服务,但我们担心开学后课后服务只是简单看护,作业指导不细致,兴趣活动也不丰富,孩子放学后的时间还是不能有效利用。我们家庭经济条件尚可,但也不想让孩子一直依赖校外培训班,而且每天接送和盯作业的时间压力确实很大。希望相关部门能督促学校把课后服务真正做实,既能指导孩子在校完成学习任务、巩固知识,也能安排一些体育活动、阅读和兴趣拓展,让我们家长下班接孩子时不用再为辅导和看管发愁。这样我们也能少给孩子报校外培训班,减轻家庭的时间和经济负担。"
ED5148AE79D06F8742B6F2F31F620E73677FC0A70FED8BE71E8477B3FC5B3F9F,关于规范小学暑假书面作业和假期托管的诉求,"我是一名小学生的家长,孩子目前在公办小学就读,暑假期间孩子这个月的书面作业情况似乎不符合相应规范,我们担心作业负担偏重,影响他的睡眠和全面发展。我们夫妻都要上班,家里人手少,文化水平也有限,辅导作业很吃力,只能继续让孩子参加校外学科培训,经济压力不小。希望领导关注小学阶段作业管理,督促学校严格落实相关规范,并考虑在假期或课后提供更多学校组织的托管和辅导服务,减轻双职工家庭的照护和辅导压力,让孩子有更合理的成长节奏。"
6C4D1183932EC731CD4C4CC6D5613EF2B2B5D75DBD4F36EB1BC5B7CD2EF1A9A5,关于提升暑期学校课后服务质量的建议,"领导您好,我是一名小学生家长,夫妻双方都要上班,家里老人也不在身边,暑假看护和辅导压力很大。孩子现在参加了学校课后服务,但我们还是给他报了学科类校外培训,因为自己文化水平有限,怕孩子学习跟不上。现在培训市场收缩,收费虽然降了,但我们觉得光靠培训不是长久办法,心里也不踏实。希望领导能关注学校课后服务的内容和质量,特别是在暑假期间,能否让老师多做一些知识巩固、作业辅导和兴趣拓展,而不是简单看管。这样我们双职工家庭能安心工作,也能减少对校外培训的依赖,让孩子过一个充实有意义的假期。"
9E429E0BB52A86B9C94B74F8EA010C8449BDF07E4E4B9AF998ACF130ADACB6D4,关于农村小学作业负担和课后辅导的诉求,"领导您好,我是农村一名小学生的家长。孩子暑假快结束了,我们两口子都要上班,家里人口多,经济条件有限,文化程度也不高,辅导孩子挺吃力。孩子现在这个年级按规定原则上不布置书面家庭作业,我们很支持,但担心开学后学校又会布置一些书面作业,或者让买各种辅导资料,增加孩子负担和家里开销。我们这边学校放学早,我们下班赶不回来,也希望学校能安排老师在校内多辅导一会儿,或者提供放学后的课后服务,别让孩子回家没人管。希望领导督促学校严格落实减负规定,多替农村家长和孩子想想。"
CCBA990E1F0938151C93F13C768F1025A9766542C2B0AA368313B58CE1CBAE6D,希望农村小学课后服务能真正解决作业辅导和看护难题,"领导您好,我是一名农村小学生的家长。我们夫妻平时都要打工,家里老人多,但能帮孩子看作业的人少。孩子马上要开学了,听说现在国家要求学校完善课后服务,自愿参加,时间要衔接家长下班,内容也多样。我们很盼望学校能真正落实好,让孩子在学校把作业写完,有老师指导一下,这样我们文化不高也不怕辅导不了,更不用花钱去外面找托管。希望上级能保障好农村学校的经费和老师,别因为收费高我们参加不起。另外也请继续关注作业量,别像以前有些地方那样作业写到很晚,孩子连觉都睡不够。谢谢领导。"
68D7B6E7F59EB2B271F467AD5B24811EA80166D4605E1E84CF8BAE2FD3B8272E,关于农村小学课后看护与辅导的诉求,"领导您好,我是农村一名小学生的家长。我们夫妻白天都要上班,家里照看孩子的精力有限。马上要开学了,孩子下午放学早,我们担心他回家后没人辅导功课、也没人管,容易看电视玩手机,我们文化不高也教不了。听说现在低年级不布置书面家庭作业,但孩子在学校的时间还是短。希望领导能关注农村孩子的课后看护问题,协调学校在放学后提供一些免费或低收费的课后辅导和活动,让孩子在学校把该学的弄懂,也让我们家长安心上班。"
ED10504573D59222C239B8CFF9AD936D0EA8119D753C0BEB81189CE2CB226109,关于乡村小学课后服务和作业管理的诉求,"领导您好,我们是东部乡村的一名小学生家长。家里经济条件一般,孩子父母都要上班,我们文化程度不高,辅导孩子学习很吃力。孩子之前没上过校外辅导班,现在参加了学校课后服务,我们很感激。但眼看就要开学了,我们心里有些担心:一是希望学校课后服务能真正有老师辅导孩子写作业、答疑,而不是只看着孩子;二是希望学校能按现在的规定控制好书面作业量,不要让孩子放学后还要写到很晚,我们看着心疼又帮不上忙。我们家庭条件有限,请不起家教,就指望学校能多帮帮孩子,让他能跟上学习,将来能考上大学。希望领导能关注农村孩子的课后学习和作业问题,督促学校把好政策落实到位。"
2F6B25070566F74EA7A1D56E0227101357F66060C77D325D0B940CD20D96A25A,关于乡村小学课后辅导和看护的请求,"领导好,我是村里一名小学生的家长。马上要开学了,我们家长白天都要上班,家里人多但能辅导孩子学习的人少,经济条件也不好,外面的辅导班报不起。现在学校按规定不布置书面家庭作业,孩子放学早,我们下班晚,接孩子和辅导功课都成问题。希望领导能关注一下农村学校,开学后能不能安排老师下午多留一会儿,给孩子辅导一下功课,或者开展一些兴趣活动,让孩子在学校有老师看着,我们家长也放心。孩子睡眠一直挺足,但我们不想让他光玩,还是希望他能考上大学。请领导帮忙协调学校做好课后服务,别让孩子没人管。"
84F51F07528B1932EB88E74EF4CF519BFA258B65A7A42813F1932C02406C6D01,关于提升农村学校课后服务质量的建议,"领导您好,我是农村小学孩子的家长。我们夫妻都在打工,家里经济条件一般,孩子这个月参加了学校的课后服务。政策要求课后服务每天至少两个小时,但我们担心课后服务只是让孩子在教室坐着,老师没有真正辅导作业或教点东西。我们文化不高,辅导不了孩子,外面培训班又贵又少,孩子想考大学,我们怕这样下去学习跟不上。希望领导能督促学校把课后服务做实,让老师多辅导功课,开展一些兴趣活动,别让农村孩子因为家庭条件落后。"
A5020E2125BFC7C3219BFC4E25E324D00A2A0489E43F7304B15640034D52E4F7,关于乡村小学课后辅导和看护的请求,"领导好,我是村里一名小学生的家长。马上要开学了,我们家长白天都要上班,家里人多但能辅导孩子学习的人少,经济条件也不好,外面的辅导班报不起。现在学校按规定不布置书面家庭作业,孩子放学早,我们下班晚,接孩子和辅导功课都成问题。希望领导能关注一下农村学校,开学后能不能安排老师下午多留一会儿,给孩子辅导一下功课,或者开展一些兴趣活动,让孩子在学校有老师看着,我们家长也放心。孩子睡眠一直挺足,但我们不想让他光玩,还是希望他能考上大学。请领导帮忙协调学校做好课后服务,别让孩子没人管。"
9A214B030FB70B55844D52D4E5CFB8B54BE1B51459A2AC71F3DDDAA0F8BFA4DD,希望农村课后服务能真正帮到双职工家庭,"领导您好,我是村里一名小学生的家长。我们两口子都上班,时间安排紧,以前最愁放学早没人接、作业没人辅导。这个月孩子参加了学校课后服务,放学时间能衔接上,我们确实很需要。但心里还是没底:农村学校条件有限,老师也辛苦,怕课后服务只是集中看管,作业辅导和活动开展跟不上。我们收入不高,也担心课后服务变相收费或让买资料,增加负担。希望领导督促学校把课后服务做实,安排老师解答作业问题,多开展阅读、体育、兴趣小组,不要统一讲新课,也不要乱收费。同时请关注农村学校的师资和经费保障,让像我们这样的家庭真正放心。"
6FE0E8183B832AD6547ECD4A776B4EF88958D0F84F361A45FD185E13D6226A19,关于乡村小学课后辅导和看护的请求,"领导好,我是村里一名小学生的家长。马上要开学了,我们家长白天都要上班,家里人多但能辅导孩子学习的人少,经济条件也不好,外面的辅导班报不起。现在学校按规定不布置书面家庭作业,孩子放学早,我们下班晚,接孩子和辅导功课都成问题。希望领导能关注一下农村学校,开学后能不能安排老师下午多留一会儿,给孩子辅导一下功课,或者开展一些兴趣活动,让孩子在学校有老师看着,我们家长也放心。孩子睡眠一直挺足,但我们不想让他光玩,还是希望他能考上大学。请领导帮忙协调学校做好课后服务,别让孩子没人管。"
70C1354814E3F9E5B3C8F0D7D7F3C4622848DB8365AED9BFBEA0B9CC9582BF2D,希望乡村学校课后服务加强学习辅导,"领导您好,我是东部乡村一名小学生的家长。我家孩子现在上小学,我和孩子爸爸平时都要上班,文化程度不高,辅导孩子学习很吃力。最近孩子参加了学校组织的课后服务,说是每天有两个小时,但我们不清楚这两个小时里有没有老师给孩子讲题、辅导功课,还是只是让孩子坐在那里自己玩。我们家庭条件不好,没钱报外面的辅导班,之前也听说过有的学校课后服务就是看孩子,没有真正教东西,我们心里很着急。我们希望领导能关注一下乡村学校的课后服务质量,让老师在课后服务里多给孩子讲讲题、辅导一下当天的功课,特别是像我们这样父母没时间、没能力辅导的家庭,让孩子在学校就能把学习问题解决,回家能早点休息。另外,也请领导监督学校不要以任何名义向家长收材料费或者变相推销,我们真的承受不起。谢谢领导。"
61FF0C48EA82B2172F683335DD39EA1B16BE7640E6D69F2370166596836A0141,关于规范假期校外培训收费和防止变相补课的建议,"领导您好,我是一名初中生家长。孩子暑假期间书面作业量符合规定,我们本来没打算报学科辅导班。但最近看到周围一些民办培训机构假期辅导收费偏高,有的家长担心孩子不去就会被落下,只能咬牙报名。我们家条件虽然还过得去,可看着普通家庭被高收费压得难受,心里也不是滋味。另外,以往也听说过有老师私下办班或变相让学生买指定资料,不参加的学生问问题就被敷衍。孩子马上要开学,我们很担心这类现象在新学期重演。希望领导能关注假期和开学后校外培训收费问题,对民办机构收费加强引导和监管,同时督促学校加强师德管理,防止变相补课和强制购买资料,让普通家庭孩子也能安心公平上学。"
E280F7A2FAFD537825C5E93D3297EF4C95762DE4976394B63DC232753D665332,关于暑期学科类培训隐形收费问题的反映,"领导好,我是一名初中生家长。暑假里明显感觉学科类培训市场供给还算稳定,但心里始终不踏实。以前身边有过民办辅导班收费很高、甚至老师私下办班变相收费的情况,一般家庭压力很大。我家孩子学科辅导原本不多,可担心开学后隐形培训又冒出来,别的孩子参加了我们没参加,差距被拉大。希望领导能持续关注学科类培训的收费和隐形变异问题,加强常态化监管,让收费有合理限度,别让家长被“不补就落后”逼着掏钱。另外,也期盼开学后学校课后服务能真正落实,让孩子在校内就能得到指导,减少对校外培训的依赖。谢谢。"
DAFE8FA3331D8D2F34520DC5ADD67C1E5849863C94FA240214C2870378A65437,关于提升学校课后服务质量的建议,"您好。孩子目前上初中,我们家庭虽然经济条件尚可,但父母都要上班,时间和精力有限。孩子这学期没有参加学校的课后服务,而是继续在校外参加学科类培训,收费虽没有明显上涨,但长期来看仍然是一笔不小的负担。我们了解到学校课后服务是有的,但可能内容上不能满足部分家庭对学科巩固的需求,所以我们才不得不选择校外培训。希望领导能关注学校课后服务的实际效果,推动学校在课后服务中增加更有效的学科辅导,让孩子在校内就能得到足够的学习支持,这样我们也能少依赖校外培训,减轻经济压力和时间焦虑。"
BFE4736AD1DD68B80701C586BAC4621650635758B7BB2D7674823BDC88A8870A,关于提升学校课后服务质量缓解家长校外培训负担的诉求,"领导您好,我是一名初中生家长。孩子目前在公办学校就读,通学不远。这个月学校按新要求提供课后服务,孩子也参加了,每天时间能衔接上,书面作业完成情况也符合规定。但我们心里还是不踏实:课后服务的内容是否足够有针对性,能不能真正帮孩子巩固知识、解决学习困难?现在校外学科类培训收缩了,我们虽然还能找到培训,费用也比以前低了一些,但总担心培训供给不稳定、质量参差,孩子学习上遇到问题不能及时解决,怕和其他孩子拉开差距。希望领导能督促学校把课后服务做扎实,增加作业辅导和学科答疑,让我们家长不用再额外花钱报班,也能安心上班。"
72A7BE5F560406E3C549A48BB8514D9E532506974FE94C901150E8B2032341B6,关于降低暑期校外学科培训收费的呼吁,"领导好,我是东部城镇一名初中生家长。暑假孩子在家,学校布置的书面作业量符合规定,我们比较放心。但我和孩子爸爸都要上班,没时间全程辅导,又怕孩子假期掉队,所以继续报了学科类校外培训。现在参加培训的收费跟以前差不多,没有明显下降,对我们这样的双职工家庭来说压力还是不小。周围一些家长也有类似感受,担心如果收费一直维持在高位,普通家庭会越来越吃力,不补又怕孩子跟不上。恳请领导关注暑期学科类培训的收费问题,推动出台更明确的收费指导或监管措施,让价格更合理。同时也希望学校能提供更多假期托管或课后服务,减少我们对高价校外培训的依赖。"
E01864633A9ACB10FF10CAB66F4728B3003D71DF27CCA569F0FE196EFB9F1905,希望加强暑假校内托管质量并严查隐形培训,"领导您好,我家孩子在公办初中就读,我们夫妻都要上班,暑假照护压力不小。目前孩子没有参加校外学科培训,报名参加了学校的暑期课后服务,作业量也在规定范围内,我们本来觉得能松口气。但身边有些家长说现在培训少了,反而担心不补会被别人落下,也有打听隐形补课的,收费并不低。我们最担心的是学校课后服务只是把学生看住,内容单一,初中生自律不够,时间一长差距可能更大。希望领导重视暑期课后服务的课程质量,多安排作业辅导、阅读、体育和兴趣活动,同时对改换形式的学科培训加强监管,让我们普通家庭不用靠高额补课也能安心。"
08F8AFDF6E4FA117805ADD60D7A037B0EF3483C0A0802A1D49293600D433ADED,关于降低暑期校外学科培训收费的呼吁,"领导好,我是东部城镇一名初中生家长。暑假孩子在家,学校布置的书面作业量符合规定,我们比较放心。但我和孩子爸爸都要上班,没时间全程辅导,又怕孩子假期掉队,所以继续报了学科类校外培训。现在参加培训的收费跟以前差不多,没有明显下降,对我们这样的双职工家庭来说压力还是不小。周围一些家长也有类似感受,担心如果收费一直维持在高位,普通家庭会越来越吃力,不补又怕孩子跟不上。恳请领导关注暑期学科类培训的收费问题,推动出台更明确的收费指导或监管措施,让价格更合理。同时也希望学校能提供更多假期托管或课后服务,减少我们对高价校外培训的依赖。"
24D4755EAE0402235EA65EC40D9946D4E7D6EBA891C329428A03E269D664CE6B,关于暑假校内课后服务质量与隐形培训收费的诉求,"领导您好,我是一名东部城镇的初中生家长。这个暑假孩子参加了学校提供的课后服务,我们家庭已经停止参加校外的学科类培训。书面作业方面目前符合规定,但作为家长心里并不踏实。现在校外显性学科培训收缩了,可身边有家长在担心孩子开学后被拉大差距,开始打听高价私教或隐蔽的小范围辅导,这类收费往往没有明确标准,一般家庭很难承受。我们更希望学校暑假课后服务不只是看护,而是能提供更有针对性的学习指导、作业答疑和素质拓展,让孩子在校内就能获得比较充实的假期安排。也请领导关注假期隐形学科培训的收费和规范问题,避免表面上收缩、实际上换个形式加重家庭负担,造成新的不公平。希望有关部门能督促学校提升暑期课后服务的质量,同时加大对隐形培训乱象的监管力度。"
95BE02E9FD6AE575391B52BDE358BC1637B20F51CBACEE9AB8AF8311FE063E28,关于降低暑期校外学科培训收费的呼吁,"领导好,我是东部城镇一名初中生家长。暑假孩子在家,学校布置的书面作业量符合规定,我们比较放心。但我和孩子爸爸都要上班,没时间全程辅导,又怕孩子假期掉队,所以继续报了学科类校外培训。现在参加培训的收费跟以前差不多,没有明显下降,对我们这样的双职工家庭来说压力还是不小。周围一些家长也有类似感受,担心如果收费一直维持在高位,普通家庭会越来越吃力,不补又怕孩子跟不上。恳请领导关注暑期学科类培训的收费问题,推动出台更明确的收费指导或监管措施,让价格更合理。同时也希望学校能提供更多假期托管或课后服务,减少我们对高价校外培训的依赖。"
39555FDE5208DEDB9C47E20E801F7634F289459A061FA14DEA21C68EC2F933E2,关于优化课后服务并严查隐形培训的诉求,"领导您好,我是一名初中生家长。孩子目前就读公办初中,我们已经按照要求停止了学科类校外培训,孩子平时也参加学校课后服务。但作为家长,心里仍不踏实。过去见过一些老师私下补课、指定买资料,也见过高价培训让普通家庭压力很大。现在外面明面上的学科培训少了,但担心有些培训转入地下,或者变相收费,继续拉开孩子之间的差距。学校课后服务虽然有时间要求,但内容质量和针对性如何、师资能否保障、暑假期间能否有效衔接,我们心里没底。希望政府能加强对隐形变异学科培训的监管,同时进一步优化课后服务,丰富内容,强化指导和经费保障,让家长真正放心,让孩子不用额外补课也能学得扎实。"
ACEA4D96D783A56F6446C1265E0C0DED9CF2CBF2E62FEF15006663774226B276,关于农村初中升学衔接阶段教育资源的求助,"领导好,我是一名农村初中学生的家长。孩子今年秋季就要升入关键的升学衔接年级,我们做父母的心里很着急。家里条件一般,我和孩子爸爸都在打工,文化程度也不高,根本辅导不了孩子。村里学校条件有限,不是重点学校,老师数量和质量我们不太放心,孩子平时作业时间虽然不长,但我们担心光靠学校课堂,孩子在升学竞争里吃亏。以前也听说过附近有孩子因为学校资源不够,最后高考不理想,我们害怕孩子也这样。希望政府能关注农村初中学生的升学衔接问题,给学校增加好老师,提供一些课后辅导或升学指导,让孩子也能有公平的机会。谢谢领导。"
210D22748BB3701D18EA7DC6F5290CAF8D309F626276A6E80F7F134BA8F529AB,希望农村初中课后服务能真正帮到孩子,"领导您好,我是东北农村的一名初中生家长,孩子马上要升入新的年级,我们两口子都在外面打工,文化程度不高,晚上回家也顾不上辅导。家里条件一般,外面补课费用实在承受不起。最近听说学校要提供课后服务,我们非常期盼能真正落实,让孩子在学校把作业写完,老师能多指导指导。暑假作业目前看量还算合适,但担心开学后作业又变得又多又难,孩子回家不会做,我们也没办法。希望领导能关注农村学校的课后服务师资和经费保障,别让这项好政策只挂在墙上,也请老师课堂上讲透,少留些重复机械的作业,让农村普通家庭的孩子也能有一个公平的学习机会。"
0607E655A18A1406F0FC31058F81A2DE20FAE499BE429440E774B15963E64505,关于乡村初中毕业班课后辅导和升学支持的诉求,"领导您好,我是农村一名初中生的家长。孩子现在正是升学的关键年级,我们家里条件一般,我和孩子爸爸都得上班,文化也不高,辅导不了功课。孩子学校是普通公办学校,虽然作业时间符合规定,也参加了学校课后服务,但我们担心光靠课堂和现在的课后服务不够,孩子基础弱,考高中会吃亏。我们也没有能力让孩子去外面补课,孩子从来没上过学科培训班。看着孩子学习吃力,我们心里着急。希望政府能多关心乡村初中毕业班的孩子,让课后服务多一些针对升学考试的学业辅导,或者提供免费的网络课程,让孩子在家也能学。我们老百姓没别的指望,就盼着孩子能通过读书有个好出路。"
268EB23F698D848DC457E471FD0D862B2F8FA85B458ACD663F3252366D3A5377,"农村初中课后服务盼更实,帮帮升学衔接的孩子","领导好,我是咱们这边农村初中的学生家长。家里条件一般,我和孩子他爸都在外面打工,文化也不高,辅导孩子学习很吃力。孩子现在每天参加学校课后服务,作业基本能在学校写完,这个我们很知足。可孩子马上就上初三了,是升学的关键年级,我们担心课后服务光管写作业不够,能不能多安排一些针对薄弱学科的辅导和升学指导?以前补课盛行时,我们这种家庭补不起,现在培训管严了,我们更指望学校能帮孩子一把。农村学校资源本来就有限,希望领导关注一下,让课后服务真正能帮孩子提升成绩,别让农村孩子在升学竞争里吃亏。"
485008CBFC85B88DD59A21A6F6040725A9BDEE3105F8DF00D2AEF09A4F0C583C,关于减轻农村初中生假期补课负担的诉求,"领导您好,我是东北农村一名初中生家长,孩子今年是升学衔接年级。我们家里条件一般,我和爱人都要上班,文化不高,平时能辅导孩子的时间有限。暑假孩子参加学校课后服务,作业量目前还符合规定,这让我们稍微放心。但孩子马上要升入新年级,看到同村和亲戚家孩子有的假期还在补课,我们心里很着急。我们以前没给孩子报过学科辅导班,不是不想,是费用实在高,而且听人说有的老师课堂不讲课后补,恶性循环。我们担心开学后孩子跟不上,又怕加重负担。希望政府能严查假期和日常的违规补课,落实作业管理,让农村孩子也能轻松学习,公平竞争。我们老百姓就盼着孩子能有个好前途。谢谢领导。"
0BE60AAB24BB352F7CB372DDC08F9D99FCD04AD5CB1D1B465A53CD9E5ED492E8,关于农村初中课后服务与作业辅导的诉求,"领导好,我是农村的一名初中生家长。孩子马上要升入新的年级,放暑假这段时间参加了学校的课后服务,我们家长都上班,文化也不高,确实省了不少心。现在校外补课少了,像我们家条件一般,本来也没上过补习班,就只能指望学校。我最担心的是开学后农村学校的课后服务能不能真正有老师辅导作业、答疑,而不是光坐在教室里没人管;也担心作业表面上少了,实际上还是带回家写到很晚。我孩子现在作业时间倒是在规定范围内,但开学后能不能保持,我们心里没底。希望领导能多关注农村普通初中的课后服务保障,给学校配足老师、给老师合理报酬,别让自愿参加变成走过场;同时也请继续督促学校把作业量控制在90分钟以内,尽量让孩子在学校完成,减轻我们家长辅导不了、花钱补不起的负担。谢谢。"
8454C11FF30C639C5F0DEB8601F879A052C0023454DB1A55483D94A7C6F1A27C,关于减轻农村初中生假期补课负担的诉求,"领导您好,我是东北农村一名初中生家长,孩子今年是升学衔接年级。我们家里条件一般,我和爱人都要上班,文化不高,平时能辅导孩子的时间有限。暑假孩子参加学校课后服务,作业量目前还符合规定,这让我们稍微放心。但孩子马上要升入新年级,看到同村和亲戚家孩子有的假期还在补课,我们心里很着急。我们以前没给孩子报过学科辅导班,不是不想,是费用实在高,而且听人说有的老师课堂不讲课后补,恶性循环。我们担心开学后孩子跟不上,又怕加重负担。希望政府能严查假期和日常的违规补课,落实作业管理,让农村孩子也能轻松学习,公平竞争。我们老百姓就盼着孩子能有个好前途。谢谢领导。"
6D56A5EC25EEE926128E6DC74782277075FD8433473B26DBDFE01E6569388723,关于农村初中课后服务与升学衔接的诉求,"领导您好,我是农村初中孩子的家长。孩子今年升入衔接年级,暑假也参加了学校课后服务。家里条件一般,我们两口子都打工,以前没让孩子上过补习班,现在校外培训班少了,更指望学校了。但农村学校条件有限,我担心课后服务只是看孩子写作业,缺少针对升学衔接的辅导和指导。孩子作业时间虽然没超过规定,但学习上有些吃力,我们文化低也帮不上。听说有些地方课后服务内容比较丰富,有老师答疑和拓展,我们很羡慕。恳请领导关注农村学校课后服务,在师资和课程上多支持,让孩子也能得到有效的学业帮助,顺利通过升学衔接,别因为家里条件差耽误了前程。"
27EC22C4806A6B3C80B6A29C12D2D6D40F0C1A3930EFF2F6DD46944E02726542,关于减轻农村初中生假期补课负担的诉求,"领导您好,我是东北农村一名初中生家长,孩子今年是升学衔接年级。我们家里条件一般,我和爱人都要上班,文化不高,平时能辅导孩子的时间有限。暑假孩子参加学校课后服务,作业量目前还符合规定,这让我们稍微放心。但孩子马上要升入新年级,看到同村和亲戚家孩子有的假期还在补课,我们心里很着急。我们以前没给孩子报过学科辅导班,不是不想,是费用实在高,而且听人说有的老师课堂不讲课后补,恶性循环。我们担心开学后孩子跟不上,又怕加重负担。希望政府能严查假期和日常的违规补课,落实作业管理,让农村孩子也能轻松学习,公平竞争。我们老百姓就盼着孩子能有个好前途。谢谢领导。"
137243BCCD929E91B0A74B27418D470AE808D94F239D83526C1EBF43871A5678,关于农村初中升学衔接年级课后服务增加学业辅导的求助,"领导您好,我是乡村一名初中生家长。孩子正处在升学衔接年级,家里经济条件一般,我们两口子文化程度都不高,辅导不了功课。现在暑假孩子参加了学校的课后服务,但我们不清楚具体内容,担心只是看管,没有针对性的学习辅导。现在外面学科类补课也少了,我们这样的家庭更依赖学校。希望政府能督促农村学校把课后服务做实,特别是对升学衔接年级,加强作业指导和知识巩固,让孩子在课后服务里能完成作业、跟上进度。我们家长实在使不上劲,就盼着学校能多帮帮孩子,别让农村孩子因为家庭条件落后。谢谢领导。"
71539E097A95859ACEBA286DD25FCB8C6AFD99E9618EBE66811DEF064E047E3B,关于孩子暑期书面作业超时影响休息的反映,"领导您好,我是一名小学升学衔接年级学生的家长。孩子目前放暑假,但我们发现他本月的书面作业完成情况不符合规定的时长要求,感觉负担比较重。我们夫妻都要上班,家里时间很紧,文化程度也不高,辅导起来很吃力。孩子还小,正处在长身体和适应新阶段的时期,作业太多会影响睡眠和锻炼,也容易让他对学习产生畏难情绪。希望相关部门能了解一下学校暑期作业的布置情况,督促学校合理控制作业量,让孩子在假期有适当休息和自主活动的时间,也为新学期做好准备。谢谢。"
16345B40F50033AC123BBB37EF6E01A43A99804415B7B89FA671C869BEB77A18,请求督促学校控制作业总量并落实课后服务,"领导好,我是一名小学高年级学生的家长,孩子秋季开学就上六年级,面临小升初。我们两口子文化程度不高,白天都要上班,晚上回家晚,平时很少能辅导孩子功课。这个暑假孩子在家做书面作业,经常要超过规定的一小时,我们很着急,怕孩子休息不好,也怕他跟不上。现在对学校作业管理有明确要求,还要完善课后服务,希望领导能督促学校真正落实:开学后严格控制书面作业时间,提高作业质量,别布置重复抄写;课后服务能让孩子在学校完成大部分作业,有老师辅导,这样我们家长也能安心工作。谢谢领导关心。"
922307ED2C959AF314852AE1A9145B0ADA78074E3265855034C82221639B8747,关于小学衔接年级书面作业超时影响孩子休息的反映,"领导好。我家孩子在读小学升学衔接年级。这个月我们发现孩子书面作业完成时间超过了规定的一个小时。我们夫妻文化程度不高,辅导作业很吃力,平时下班晚,孩子参加学校课后服务后回家还要继续写作业,觉得负担比较重。另外,孩子还在外面参加学科类辅导,收费和以前差不多,家里经济压力不小。希望相关部门能督促学校严格控制书面作业量,落实作业时长管理规定,让孩子能有足够睡眠和休息,也减轻我们家长的辅导压力。谢谢。"
AA7C72F48BDA5129CD2BAE608E278C64E4EF05DC021B76FAF41CF5B577CBD3BC,建议提升小学升学衔接年级课后服务质量,"我是一名小学毕业班学生家长,孩子就读公办学校,我们夫妻双方都在上班,家庭经济条件一般,平时工作忙,辅导孩子功课的时间很紧张,文化程度也有限。现在学校课后服务每天有两个小时,孩子也参加了,但我们感觉这两个小时更多是看护,对孩子学业上的帮助还不够。孩子马上面临升学,我们心里很着急,既担心校内作业少了基础不牢,又担心校外培训规范后找不到合适的辅导。政策要求学校丰富课后服务内容、加强作业指导,我们希望领导能督促学校把课后服务真正做细做实,针对毕业班孩子增加作业辅导、学习方法指导和心理疏导,而不是简单集中写作业或自由活动。同时希望课后服务的时间安排能更灵活一些,真正解决我们双职工家庭接送难的问题,让孩子在学校能学有所获,家长也能安心工作。"
80A3860696F9541A99C8A9B6F463D71BEC8310D16A527BD47C7FA5FA3A65970C,关于小学升学衔接阶段暑假作业负担的反映,"我是一名小学毕业班学生的家长,孩子今年正处于升学的衔接阶段。这个暑假,孩子参加了学校的课后服务,但我们发现孩子的书面作业情况不太符合现行规定。按说这个年级的书面家庭作业平均完成时间不应超过60分钟,但孩子每天花在作业上的时间明显比这个长,有时要写到很晚才能休息。我们两口子白天都要上班,家里经济条件一般,看到孩子这么累,心里很着急。为了不让孩子掉队,我们还坚持让他参加校外的学科类培训,培训费用和原来相比基本没降,这对我们这样的家庭来说负担不轻。学校课后服务虽然参加了,但作业压力好像并没有减轻多少。我们希望领导能督促学校严格按照规定控制作业量,合理安排暑假学习任务,特别是对升学衔接阶段的孩子,别让作业和培训叠加把孩子压垮。同时也希望有关部门关注一下校外培训收费问题,减轻我们普通家庭的经济压力。还有,希望学校能提高课后服务的质量,真正帮助孩子在校内完成大部分作业,让我们家长能安心工作。"
8D2D1F0249681FD36F6FF10F4EF9E2B765437B2655FB0CE8C864E4958F502A08,关于暑假课后服务与校外培训负担的诉求,"领导您好,我是东部一个城镇的小学家长,孩子今年处于升学衔接年级。我们夫妻都要上班,暑假看孩子时间很紧。这个月孩子虽然参加了学校的课后服务,每天也有时间,但感觉内容比较单一,主要就是看管,对升学衔接帮助不大。现在外面的学科培训不好找,我们打听下来还报了一个,虽然收费比以前降了,但对我们这样的普通家庭还是压力不小。我们真心希望学校课后服务能在暑假期间增加一些衔接课程和兴趣活动,延长到我们能下班接孩子,这样我们就不用再额外花钱报班,孩子也能少些负担。另外我们也担心课后服务的饮食安全和老师是否稳定,希望领导能督促学校把服务做实做细,真正解决我们双职工家庭的难处。"
F63689D8EC403273929783007DF6E30D694F0BDAF6D4EF9DCE379E8F76E96E90,关于小学升学衔接阶段暑假作业负担的反映,"我是一名小学毕业班学生的家长,孩子今年正处于升学的衔接阶段。这个暑假,孩子参加了学校的课后服务,但我们发现孩子的书面作业情况不太符合现行规定。按说这个年级的书面家庭作业平均完成时间不应超过60分钟,但孩子每天花在作业上的时间明显比这个长,有时要写到很晚才能休息。我们两口子白天都要上班,家里经济条件一般,看到孩子这么累,心里很着急。为了不让孩子掉队,我们还坚持让他参加校外的学科类培训,培训费用和原来相比基本没降,这对我们这样的家庭来说负担不轻。学校课后服务虽然参加了,但作业压力好像并没有减轻多少。我们希望领导能督促学校严格按照规定控制作业量,合理安排暑假学习任务,特别是对升学衔接阶段的孩子,别让作业和培训叠加把孩子压垮。同时也希望有关部门关注一下校外培训收费问题,减轻我们普通家庭的经济压力。还有,希望学校能提高课后服务的质量,真正帮助孩子在校内完成大部分作业,让我们家长能安心工作。"
1E8D66556435225B108706E7C66F301D17DE0D64887F6C2951DA8F3DFB35347A,关于提升小学升学衔接阶段课后服务质量的请求,"领导您好,我家孩子在读小学升学衔接年级,我们夫妻都在上班,家里时间很紧,经济条件也一般。暑假里学校有课后服务,孩子也参加了,但我们还是给孩子报了学科类校外培训,虽然现在费用比原来降了一些,但心里总不踏实。现在对校外培训管得严,我们担心机构不稳定,也怕培训内容跟学校重复,浪费钱。我们更希望学校的课后服务能真正帮孩子做好衔接,既能辅导学习,又能照看好孩子,让我们安心工作。可我们听说学校不是重点,资源可能有限,课后服务到底能不能保证质量,我们没底。希望领导能督促学校把课后服务做扎实,特别是针对升学衔接的孩子增加学业辅导和多样活动,保障好老师和经费,让我们这些双职工家庭能少依赖校外培训,减轻负担。"
2D8A39EDB7BE7DCEFF5084A380A599C5171B0623B4E34F03B2D67BD42AE32117,关于小学升学衔接阶段暑假作业负担的反映,"我是一名小学毕业班学生的家长,孩子今年正处于升学的衔接阶段。这个暑假,孩子参加了学校的课后服务,但我们发现孩子的书面作业情况不太符合现行规定。按说这个年级的书面家庭作业平均完成时间不应超过60分钟,但孩子每天花在作业上的时间明显比这个长,有时要写到很晚才能休息。我们两口子白天都要上班,家里经济条件一般,看到孩子这么累,心里很着急。为了不让孩子掉队,我们还坚持让他参加校外的学科类培训,培训费用和原来相比基本没降,这对我们这样的家庭来说负担不轻。学校课后服务虽然参加了,但作业压力好像并没有减轻多少。我们希望领导能督促学校严格按照规定控制作业量,合理安排暑假学习任务,特别是对升学衔接阶段的孩子,别让作业和培训叠加把孩子压垮。同时也希望有关部门关注一下校外培训收费问题,减轻我们普通家庭的经济压力。还有,希望学校能提高课后服务的质量,真正帮助孩子在校内完成大部分作业,让我们家长能安心工作。"
C0E8D01AE302091AF91A6F0623022A9AB8D00534D1F6D7A37D64B32C77226684,关于小升初衔接阶段课后服务与校外培训负担的诉求,"领导您好,我是一名小学生的家长,孩子今年9月就要升入初中了。我们两口子都在上班,平时工作忙,家里经济条件也一般,暑假只能让孩子参加学校课后服务和校外培训。现在校外培训管得严,能选的合规机构少了,虽然收费降了一些,但我们担心现有的培训说不准哪天就停了,孩子进入初中后学习跟不上。我们自己文化不高,辅导孩子功课很吃力。希望政府能帮我们这样的家庭解决后顾之忧,把学校课后服务做得更实一些,特别是针对小升初衔接的孩子,多安排一些学业指导和看护,让我们能安心工作。也请关注一下课后服务的师资稳不稳定,内容丰不丰富,别只是看着孩子写作业。谢谢。"
B2F9292900D79139A9E8AAAA792CE443F2064D06A0202E6510516A575EE0F7E4,农村小学低年级家庭作业负担方面的担忧与请求,"领导您好,我是一名农村小学低年级学生的家长。孩子暑假期间书面作业情况符合规定,我们家长比较放心。但我和孩子妈妈平时都要上班,时间很紧,文化水平也不高,虽然很重视孩子的学习,辅导能力却有限。我们听同省一些地方反映,以前低年级作业曾多到孩子写到夜里十点多,还要家长每天签字,漏签就在群里被批评。我们很担心开学后这样的情况再次出现,让孩子失去学习兴趣,也让我们这样的农村家庭难以承受。希望领导能督促学校严格落实低年级不布置书面家庭作业的规定,不要给家长增加过多辅导和签字任务,让孩子能睡够觉,保持学习兴趣。谢谢!"
2681F1C7ECC433DEED341AB7F72F05D2A4F5C747B07A5191F0E40977258784DB,关于开学后作业减负和课后服务的期盼,"尊敬的领导:我是农村的一名小学生家长。我们夫妻俩都在上班,家里老人文化不高,辅导孩子作业很吃力。这几年听说附近有的学校作业太多,低年级孩子也要写到很晚,家长还要天天签字。现在暑假快结束,我们很担心开学后学校又布置很多抄写背诵的作业。最近了解到国家要求学校统筹作业总量,低年级不布置书面家庭作业,高年级也要控制时长,还要求开展课后服务。我们非常支持,希望领导能督促我们这里的学校开学后真正落实,不要给低年级孩子布置书面家庭作业,其他年级作业量也要合理,多开展课后托管和兴趣活动,解决我们双职工家庭放学后没人看管的问题。我们家经济条件不好,也没钱给孩子报外面的补习班,就盼着学校能把孩子教好管好。谢谢领导。"
D7990D9E89735E06580CF697F4924B554745DC7485DC406B512804D68A36149F,关于落实低年级不布置书面家庭作业的建议,"我家孩子在村里小学读低年级,目前作业情况还算符合规定,孩子晚上能早点睡,我们很欣慰。但我们家长文化不高,白天都要干活,时间紧,很怕以后学校或课后服务又慢慢加上书面作业或者变相的学习任务。之前就听说有些学校低年级作业多,孩子写到很晚,负担太重。希望领导能持续关注乡村学校,监督学校和课后服务严格落实低年级不布置书面家庭作业,课后服务多开展一些阅读、体育、兴趣活动,不要变成补课或写作业。让孩子能保持充足睡眠,健康成长,也减轻我们家长的辅导压力。"
82ADF05268BEB4FDBC5FF15AF4C76F9354798B4E88455D8ED772F0CF15A32F3B,关于农村小学课后服务和作业负担的担忧,"领导您好,我是农村的一名小学生家长。我们两口子都在外打工,家里老人带孩子,时间很紧。孩子现在上小学低年级,学校有课后服务,我们给孩子报了名,每天放学后在学校待两个多小时,我们很支持。但是我们也有些担心:课后服务能不能真正辅导孩子完成作业、开展一些有益活动,而不是只是看管?我们文化程度不高,辅导作业困难,希望课后服务能帮孩子把学校的事在学校解决,回家能早点休息。另外,虽然现在低年级说不布置书面家庭作业,我家孩子这学期作业也还不多,但我们怕以后年级高了或者政策执行松了,又会像过去一些家长反映的那样,作业写到晚上十点,还要家长签字、群里挨批评。希望领导能持续关注农村学校的作业负担和课后服务质量,让好政策真正落到我们这样的家庭。"
C6A67E317E297CDBF82B65D2DEF0449F0A6490D21DE28DFBB8A86B1821D70395,关于低年级开学后书面作业负担的担忧,"我是一名小学生家长,家在乡村,孩子读小学低年级,在公办学校上学。现在放暑假,孩子也参加了学校课后服务,作业量看着还正常。但我在同省看到过有的学校低年级孩子每天作业写到十点,家长要签字,漏签就在群里被点名,孩子中午都没法休息,这让我很担心开学后我们这边也会这样。家里条件一般,我们两口子都在打工,文化不高,时间也紧,但一直很上心孩子学习。我们不是不想配合,是怕学校又把这些辅导、检查的任务都压给家长,孩子也累,慢慢就不爱学了。希望领导能提前督促学校,开学后严格落实低年级不布置书面家庭作业的要求,课后服务也别变成变相补课或加作业,让孩子晚上能早点睡,家长负担也能轻一些。"
3D5A95E64AA3BF5C976A0DF777A81C20AE79F18B2B9D67C05FC7FDC354C32545,关于农村小学课后服务内容与作业辅导的诉求,"领导好,我家孩子在村里公办小学读低年级,我和孩子妈妈都在上班,家里时间紧,我们文化程度也不高,辅导作业很吃力。这个月学校作业量符合规定,我们很感谢。孩子参加了学校课后服务,每天两小时,但我们担心课后服务只是把学生集中看管,没有实际内容,也怕学校利用这个时间变相上课、增加作业,孩子回家后还要写,影响休息。孩子以前睡眠一直挺好,我们不想因为课后服务打乱节奏。希望领导督促学校把课后服务真正做好,多安排作业指导和文体活动,别把辅导任务都推给家长。我们之前也听说过有的学校作业多到孩子晚上十点还做不完,很担心以后高年级也这样。希望能从低年级开始抓好作业管理和课后服务,让孩子回家后能轻松一点。"
9D97363A39483D597DBDBDF38B3BF9EB9CEE2B18051DAF79BEBCEC132BBBE2FF,关于低年级开学后书面作业负担的担忧,"我是一名小学生家长,家在乡村,孩子读小学低年级,在公办学校上学。现在放暑假,孩子也参加了学校课后服务,作业量看着还正常。但我在同省看到过有的学校低年级孩子每天作业写到十点,家长要签字,漏签就在群里被点名,孩子中午都没法休息,这让我很担心开学后我们这边也会这样。家里条件一般,我们两口子都在打工,文化不高,时间也紧,但一直很上心孩子学习。我们不是不想配合,是怕学校又把这些辅导、检查的任务都压给家长,孩子也累,慢慢就不爱学了。希望领导能提前督促学校,开学后严格落实低年级不布置书面家庭作业的要求,课后服务也别变成变相补课或加作业,让孩子晚上能早点睡,家长负担也能轻一些。"
2923350592EBF649C4629D548EAC45C7AFB478035AD6FBDE735181D3081E6A64,关于规范农村小学低年级课后服务和作业管理的请求,"领导您好,我是本地一名小学生的家长。孩子上公办小学低年级,我们两口子都在打工,文化不高,家里条件一般,辅导孩子学习比较吃力。暑假孩子参加了学校课后服务,每天两个多小时,我们本想能有人帮着看管,好安心干活。可又听说同地区有的学校课后服务变成老师讲题、布置背诵打卡,家长还得签字,漏了就在群里点名。虽然现在书面作业不多,但各种读背、手工、打卡任务还是让我们晚上时间很紧,孩子也累。我们担心开学后这种情况会更严重。希望领导能重视农村小学低年级的课后服务和作业管理,让课后服务真正用来培养兴趣、看护孩子,别变相增加书面或隐形作业,也别给家长布置太多签字打卡任务,让孩子能早点休息,家长也能踏实工作。"
25EC25BF3719EFC6FC8E16B2D8603FF65EB2F3DF467DFEE33A4E04C23BD4C693,关于低年级开学后书面作业负担的担忧,"我是一名小学生家长,家在乡村,孩子读小学低年级,在公办学校上学。现在放暑假,孩子也参加了学校课后服务,作业量看着还正常。但我在同省看到过有的学校低年级孩子每天作业写到十点,家长要签字,漏签就在群里被点名,孩子中午都没法休息,这让我很担心开学后我们这边也会这样。家里条件一般,我们两口子都在打工,文化不高,时间也紧,但一直很上心孩子学习。我们不是不想配合,是怕学校又把这些辅导、检查的任务都压给家长,孩子也累,慢慢就不爱学了。希望领导能提前督促学校,开学后严格落实低年级不布置书面家庭作业的要求,课后服务也别变成变相补课或加作业,让孩子晚上能早点睡,家长负担也能轻一些。"
E72ECA68037E3ED5E489A209649FE5432349CE9C1A786E03455BB43D1D19908A,关于农村小学作业负担和课后服务的求助,"暑假快结束了,我是一名农村小学生家长。我们夫妻平时都要上班,家里经济条件一般,文化程度也不高,辅导孩子作业很吃力。听说有的学校低年级孩子作业写到很晚,还要家长逐项签字,漏签就在群里批评,孩子累,家长也紧张。我们孩子这个暑假作业量还算合适,但我担心开学后学校又布置过多书面作业。现在孩子参加了学校课后服务,希望领导能督促学校在新学期继续严格控制作业总量,最好能让孩子在校内课后服务时间完成学习任务,不要把辅导压力都推给家长。我们只希望孩子能睡够,不厌学。"
CE6E3EF943F4E89D7319BE499275FD2ADB79475B68A97613CCD0C702EC661CBD,关于小学生暑假书面作业时长的反映,"领导好,我是城镇一名小学生家长。孩子目前在公办小学就读,非毕业年级。这个暑假,我们注意到孩子的书面家庭作业情况不符合当前年级规定的时长,存在超出规定时长的可能。作为家长,我们理解学习的重要性,但也担心过重的作业负担会损害孩子的身心健康。希望教育部门能核查该校作业布置情况,督促学校严格执行作业管理规范,合理安排假期作业,保障孩子有充足的睡眠和自由活动时间。我们家庭经济条件尚可,从未给孩子报过学科类培训班,就是希望孩子能快乐成长。麻烦领导关注,谢谢。"
15659F30F47CB12AC15758ABCE6BA9932BEC0ADEEE1D3171AA797AC47A55D5CE,关于小学暑假作业与新学期课后服务落实的诉求,"领导您好,我家孩子在公办小学就读,不是毕业班。今年暑假,学校布置的书面作业情况让我们有些担心,按照现行规定,小学生书面家庭作业平均完成时间不应超过60分钟,但这个月孩子的作业情况并没有很好地符合这个要求。我们理解学校可能有教学安排,但作为家长,我们希望孩子能有充足睡眠和休息。另外,听说新学期学校会进一步统筹作业总量、加强课后服务,我们非常期待,但也担心落实不到位。我们家庭经济条件尚可,但也不想让孩子依赖校外培训,希望学校能真正提高作业设计质量,利用课后服务时间指导孩子完成大部分作业,让孩子回家后能轻松一些。同时,也希望相关部门对校外学科培训加强监管,避免变相增加孩子负担。我们恳请领导关注学校作业管理和课后服务的实际执行情况,让政策真正惠及孩子。"
08EFC6421C2B690B6CCA9E63FAED8E83096A388E103876EE719268812473791B,关于规范小学家庭书面作业时长保障孩子身心健康的反映,"领导您好。我是本地一名小学生家长。我家孩子就读公办小学,目前不在毕业年级。最近我们留意到孩子家庭书面作业的完成时间与现行规定不符,有时晚上要花较长时间在作业上,我们担心这样下去会影响孩子的睡眠和休息,也不利于学习兴趣。孩子没有参加学校课后服务,作业主要在家完成,家长辅导能力有限,感觉压力较大。希望有关部门能关注这一情况,核清学校作业布置是否合理,督促学校严格执行作业时长相关规定,科学设计作业,让孩子有足够睡眠。同时建议完善课后服务,让孩子能在校内完成部分作业,减轻家庭负担。谢谢。"
E0A210E556B52301026E4C1BACAE12BD9E844EBAAD2D61ACA55E579A384AFE38,关于提升小学课后服务质量的建议,"孩子就读公办小学,本学期参加了学校课后服务。作为家长,我们支持这项安排,但也担心课后服务内容单一,主要是看管写作业,缺少阅读、体育、艺术等拓展活动。我们家庭辅导能力有限,校外培训选择又明显减少,更希望学校能在课后服务中提供有效的作业指导和兴趣培养。恳请相关部门加强监督和投入,保证师资稳定、内容多样、时间衔接合理,真正让孩子学有所获,而不是简单延长在校时间。"
7E082487669F1A4DFD51DBC0EC5C89FB1AF99B3DD5684F7E5B9354FFC001E27F,关于规范小学暑假书面作业量保障学生休息的建议,"领导您好,我家孩子在本地一所公办小学就读,今年暑假学校布置的书面作业明显偏多,孩子每天完成书面作业的时间已经超出了规定的一小时上限。我们理解学习需要巩固,但暑假本是孩子休息调整、发展兴趣的时间,过多的书面作业挤压了睡眠和户外活动,长此以往不利于身心健康。我们家庭没有给孩子报学科培训班,就是希望孩子能有一个宽松的假期,可现在每天写作业到很晚,我们很担心。孩子平时睡眠比较充足,最近因为作业明显睡晚了。希望教育部门能核查学校暑假作业布置是否合理,督促学校严格落实作业管理要求,把书面作业控制在规定时间内,让孩子真正减负。同时也希望关注普通公办学校的作业管理,别让作业成为变相加压的手段。谢谢。"
276B3045C6EDB732D0BC22FF1B4AC73F7B18019588E2E1652C936D56F202C0FB,关于提升公办小学课后服务质量的诉求,"领导您好,我是一名小学生家长,孩子就读于我们这里一所公办小学,学校不是重点,资源一般。这个暑假我一直想着孩子开学后的安排。现在学校有课后服务,孩子也参加了,但我有点担心课后服务只是把孩子集中看管,内容不够丰富,作业指导也流于形式。我们家庭时间不算特别宽裕,还是希望课后服务能真正让孩子受益,而不是变相增加在校时间。现在对作业时长有要求,孩子目前作业量还好,但担心随着年级升高书面作业会多起来,希望学校能继续统筹好作业总量,提高作业设计质量,尽量在学校完成作业,回家能有更多时间休息和阅读。我们家经济条件还可以,但也不想让孩子再去外面补课,现在外面学科培训也少了,更希望学校能提供多样化的课后活动,比如体育、艺术、科技等,让孩子全面发展。希望领导能督促教育部门加强对学校课后服务的指导和保障,让老师有精力、有资源把课后服务做好,我们家长也就放心了。"
CDF53A09CBD45A4965097EE4C9D335FEED57D6453BC28E7EEAE8C082EDC26212,关于规范小学暑假书面作业量保障学生休息的建议,"领导您好,我家孩子在本地一所公办小学就读,今年暑假学校布置的书面作业明显偏多,孩子每天完成书面作业的时间已经超出了规定的一小时上限。我们理解学习需要巩固,但暑假本是孩子休息调整、发展兴趣的时间,过多的书面作业挤压了睡眠和户外活动,长此以往不利于身心健康。我们家庭没有给孩子报学科培训班,就是希望孩子能有一个宽松的假期,可现在每天写作业到很晚,我们很担心。孩子平时睡眠比较充足,最近因为作业明显睡晚了。希望教育部门能核查学校暑假作业布置是否合理,督促学校严格落实作业管理要求,把书面作业控制在规定时间内,让孩子真正减负。同时也希望关注普通公办学校的作业管理,别让作业成为变相加压的手段。谢谢。"
048E24EE026DFD52260330C9811748E60EE0DFE1FCC73EF8E37300E7EE7F2C76,关于暑期学校课后服务内容与安全管理的建议,"我们家孩子在读小学,这个暑假参加了学校组织的课后服务。孩子回家后很少提到课后服务中有阅读、体育、艺术等方面的安排,我们担心服务可能偏重看护,内容比较单一。我们家庭之前没有让孩子参加学科类校外培训,暑期更希望孩子能在课后服务中获得一些素质拓展和兴趣培养。希望有关部门能加强指导,推动学校丰富暑期课后服务内容,增加阅读、体育、艺术和劳动实践等活动,并保障相应的师资和场地。暑期天气炎热,课后服务期间的安全管理和防暑降温也希望得到重视。另外,课后服务时间能否更贴近家长接送实际,避免出现孩子无人看管的空档。我们更在意服务质量和孩子的成长体验,希望政府统筹资源,让课后服务真正成为家长放心、孩子受益的安排。"
9E08DE0418AB4C383100991352FB7568F63DE4F4DAECA42FD5C3AEABE120529B,关于规范小学暑假书面作业量保障学生休息的建议,"领导您好,我家孩子在本地一所公办小学就读,今年暑假学校布置的书面作业明显偏多,孩子每天完成书面作业的时间已经超出了规定的一小时上限。我们理解学习需要巩固,但暑假本是孩子休息调整、发展兴趣的时间,过多的书面作业挤压了睡眠和户外活动,长此以往不利于身心健康。我们家庭没有给孩子报学科培训班,就是希望孩子能有一个宽松的假期,可现在每天写作业到很晚,我们很担心。孩子平时睡眠比较充足,最近因为作业明显睡晚了。希望教育部门能核查学校暑假作业布置是否合理,督促学校严格落实作业管理要求,把书面作业控制在规定时间内,让孩子真正减负。同时也希望关注普通公办学校的作业管理,别让作业成为变相加压的手段。谢谢。"
7F52AC1606917E4845312356F61B05D0864E6F5D39324733812A83499C87E06E,关于提升小学课后服务质量的建议,"领导好,我是一名小学生家长。孩子暑假在学校参加课后服务,我们很支持这项安排,确实解决了家里照看孩子的难题。但我们也有担忧,孩子所在的学校不是重点校,课后服务会不会只是简单看管,内容比较单一?现在学科类培训少了,我们更希望孩子在校内就能参加一些体育、艺术、科技类的活动,而不是只做作业或自由活动。希望政府能加大对普通公办小学课后服务的师资和经费保障,丰富课程内容,加强质量监督,让孩子们真正受益。"
4CDC0D7D4131466233674C4855DA9DD368279DB3923F491DD30761CD9FD0E6EE,关于小学课后辅导和作业负担的建议,"领导您好,我是一名小学生家长,孩子就读公办小学,家庭条件一般,我们两口子文化程度不高,辅导孩子功课很吃力。这个暑假孩子书面作业不多,符合规定,我们挺高兴。但马上要开学了,我们担心学校下午放学早,家里没人接也没法辅导,孩子回家后可能又会出现作业写到很晚的情况。希望领导能重视小学课后服务,让学校在下午多安排老师辅导功课,或者提供校内托管,同时严格控制书面家庭作业,不要额外增加收费负担,真正减轻孩子和家长的负担。"
D3C8670AD440AC10558B03230DFAAC505523B44D22BAF6BE99B8A18B2FBF554F,关于新学期作业和课后服务的担忧与请求,"领导您好,我是一名小学生家长,孩子在公办学校读书,家里条件一般,我们文化程度不高,辅导作业很吃力。现在暑假孩子作业不多,符合规定,我们很欣慰。但马上要开学了,我担心学校作业又会多起来,孩子写到很晚,影响睡眠;也担心课后服务只是走形式,放学早没人接,我们只能花钱找托管或培训,增加负担。听说现在要求学校统筹作业总量、提高课后服务质量,希望领导能督促学校真正落实,让老师在校内指导孩子完成作业,别把压力都推给家长。孩子睡眠一直挺好,不想因为作业被破坏。我们只希望孩子能健康长大,将来考上大学。谢谢。"
73D124F0E5AA6E7511993346DC2DAE0CEAAB27A5E060B0D92E3BFBF37E83D5D4,关于减轻小学生家庭校外培训负担的请求,"领导您好,我是东部城镇一名小学生的家长。我家孩子就读于普通公办小学,目前没有参加学校的课后服务。因为家庭条件一般,孩子又在参加校外学科类培训,收费和以前差不多,没有感到明显减轻,对我们这样的中低收入家庭来说压力不小。我们文化程度不高,辅导孩子学习有困难,只能依靠培训班。希望政府能多关注这方面:一方面加强对校外培训收费的监管,让费用更合理;另一方面希望学校能提供更丰富、可及的课后辅导或延时服务,让孩子在学校就能得到老师的帮助,减少我们额外报班的负担。谢谢。"
0F35B33F39D9E084FA378928198939A30B08844B54D2276A2E1DD13BCD1FC558,希望课后服务能多辅导孩子功课,"领导好,我是小学生家长。孩子现在参加学校的课后服务,每天时间也不短,但感觉老师主要是看着孩子,辅导功课不多。现在书面作业很少,孩子回家基本没事做,我们文化水平不高,辅导不了,心里很着急。外面培训班虽然比以前便宜了,但长期上还是一笔不小的开销,家里经济条件一般,实在有点吃力。希望领导能关注一下课后服务的质量,让老师利用这个时间给孩子讲讲作业、巩固一下当天学的知识,这样我们就不用额外花钱报班了,孩子也能学得更扎实。谢谢。"
E8F88E4717533B76B3887460DBE2A4A05D8F53670C7B199C4F4F0E99443CA27A,关于减轻假期学科培训负担、加强校内课后辅导的建议,"领导您好,我是东部城镇一名小学生家长。孩子放暑假,我们文化程度不高,担心开学跟不上,只能继续给他报学科类校外培训班。费用和以前差不多,家里只有一方有稳定收入,经济压力挺大。听说现在学校原则上不布置书面家庭作业,我们又怕孩子基础不牢,心里很矛盾。希望领导能关注我们这类家庭,推动学校在假期或开学后提供一些公益性的课后辅导或托管服务,让孩子少上点收费培训班,减轻家长负担。谢谢。"
AFC3A320AFD5807319290105669FF11F88A5924C41B848409E2E622DE6110C67,希望暑期课后服务加强学业辅导减轻家庭报班压力,"领导您好。我家在东部城镇,孩子上公办小学,暑假参加了学校的课后服务。我们夫妻文化程度不高,家里收入一般,孩子离学校近,接送倒不是大问题。现在学校平时书面作业很少,我们担心孩子基础不牢,毕竟还是希望他以后能考上大学。孩子睡眠一直挺足,我们也不想给他加太多负担。这个暑假校外学科培训班少了很多,我们目前还让孩子上着一个,虽然费用比以前降了些,但对我们这样的家庭还是笔不小的开销。我们心里没底,不知道学校课后服务在学业辅导上能帮多少,也怕停了班孩子开学跟不上。希望领导能督促学校把课后服务做扎实,尤其是暑假期间,多安排一些作业辅导、阅读和兴趣活动,让孩子在校内就能得到有效帮助,减少我们额外报班的压力。谢谢。"
6DEED080CFCB32EA90CA91FA4113B4947D148F4F86B1D8965A0869AD0A85BECE,关于减轻假期学科培训负担、加强校内课后辅导的建议,"领导您好,我是东部城镇一名小学生家长。孩子放暑假,我们文化程度不高,担心开学跟不上,只能继续给他报学科类校外培训班。费用和以前差不多,家里只有一方有稳定收入,经济压力挺大。听说现在学校原则上不布置书面家庭作业,我们又怕孩子基础不牢,心里很矛盾。希望领导能关注我们这类家庭,推动学校在假期或开学后提供一些公益性的课后辅导或托管服务,让孩子少上点收费培训班,减轻家长负担。谢谢。"
646CACA995860AF2177FAB2B32081AD10B631B03DEAEEF340E7192B7176967E9,"关于课后服务能真正辅导孩子,减轻我们补课负担的请求","领导您好,我是小学孩子的家长。我们家经济条件一般,我文化不高。现在暑假孩子在学校参加课后服务,每天时间不短,但我们心里不踏实,担心老师只是看着孩子,没有真正辅导学习。因为现在低年级原则上不布置书面作业,孩子回家没事干,我们也不会教,只好继续花钱让孩子在外面补课。虽然补课费比以前降了些,但对我们这样的家庭还是负担。希望领导能重视学校课后服务的质量,特别是暑假期间,让老师能真正给孩子辅导功课、组织一些学习活动,让我们家长能放心不补课或少补课,减轻经济压力。"
8721A56EAA8E23887D2CF636DFF7B4988143CF922227FBAC4FAA18C3C5835AF1,关于减轻假期学科培训负担、加强校内课后辅导的建议,"领导您好,我是东部城镇一名小学生家长。孩子放暑假,我们文化程度不高,担心开学跟不上,只能继续给他报学科类校外培训班。费用和以前差不多,家里只有一方有稳定收入,经济压力挺大。听说现在学校原则上不布置书面家庭作业,我们又怕孩子基础不牢,心里很矛盾。希望领导能关注我们这类家庭,推动学校在假期或开学后提供一些公益性的课后辅导或托管服务,让孩子少上点收费培训班,减轻家长负担。谢谢。"
C36B9003DA58EEDFFDF2A1C23AAC80974331663E384943C08032A1B275C32E13,"建议加强小学课后服务学业辅导,减轻家长负担","领导您好,我是一名小学生家长,家住县城,家里条件一般,我们两口子文化不高,辅导孩子功课很吃力。现在学校课后服务孩子也参加,但感觉更多是看管,老师很少针对作业或学习难点进行辅导。我们没办法,只能继续给孩子报校外的学科辅导班,虽说现在费用比以前降了,但对我们家来说还是不小的一笔钱。孩子睡眠还可以,但长期看我们担心他学习跟不上。希望领导能关注一下学校课后服务的质量,督促学校多安排老师答疑、辅导作业,或者开展一些阅读、数学思维之类的活动,真正解决我们这样家庭辅导难的问题,也能让我们少花冤枉钱。谢谢。"
54771CFE96AB9CCB265D8036388A41816EBC2BCE308676D5331F96AFA1A336BA,关于防止开学后小学生作业和补课负担反弹的建议,"我是一名小学生家长,家住东部城镇。孩子目前读小学,不是毕业班。这个暑假孩子的书面作业情况基本符合规定的时长要求,晚上睡眠也比较充足,作为家长暂时比较安心。但我们也有担心:身边有家长提到,以往开学后部分学校会利用课后、周末时间变相补课或布置超量书面作业,孩子要写到很晚,自主学习和休息时间被大量挤占。我们家对孩子的学业期望是将来能读高中或职业学校,但更希望他保持健康的学习节奏。如果开学后作业和补课负担反弹,孩子可能又陷入疲劳。希望领导能持续关注小学生作业减负和睡眠保障,加强对学校变相补课、超量作业的监督检查,尤其是开学后不要出现集中加码的情况,让孩子每天有足够时间自主安排和休息。"
F9F54D349CF9B47E89C135AA05D3F507FB527D90DA61C007778C0BC50052E653,"请督促学校落实课后服务自愿原则,保障孩子休息和自主学习时间","领导您好。我们家孩子读小学,不是毕业年级。暑假快结束了,我很关注开学后学校课后服务怎么开展。我们支持减少作业负担、规范校外培训,也看到有要求说课后服务要自愿参加、内容多样。但我担心有的学校会把课后服务变成变相补课,或者布置超量作业,让孩子回家后还得赶作业,影响睡眠和自主安排。孩子平时睡眠还算充足,我希望这种状态能保持下去。身边也有一些家长说以前遇到过强制补课、效率低、周末没时间自主学习的苦,不希望这种情况再出现。恳请领导督促学校严格执行自愿原则,不强制参加,课后服务不要上新课或补课,作业总量继续控制在规定时间内,让孩子放学后能喘口气,有时间阅读、锻炼或做自己喜欢的事。谢谢。"
E43CB9D24A3A0A3A3B42CA7364B850DE4D70F4668B3AE32C11A35FCAB7D21843,"希望规范小学课后服务,别让它变成变相补课","领导您好,我是一名小学生家长,孩子目前在读小学中年级。这个寒假里孩子作业量控制得还可以,睡眠也比较充足。快开学了,我们有点担心,因为孩子一直参加学校课后服务,怕开学后课后服务被用来集中讲课、补课,或者布置额外书面作业,那样孩子回家后还要忙作业,休息和自主阅读、运动的时间又没了。孩子这个年龄正是需要睡眠和自由活动的时候,家里也不希望他被过度安排。恳请有关部门能对小学课后服务加强指导,明确以看护、兴趣活动为主,不要组织集体补课或变相增加作业量,让孩子放学后能轻松一点,保证基本的休息。谢谢。"
F74FCE22873D9F3DDE41EF3E8E6745ACF76BA87E4DF3C60F5AA6E9E3F183C553,关于课后服务不要变相增加学生负担的建议,"领导您好,我是一名小学生家长。孩子这个学期参加了学校的课后服务,每天时间比较长,虽然目前书面作业量符合规定,但我心里还是有些担忧。身边有家长以前反映过,有的学校把课后时间变成集体补课,效率不高,孩子作业完不成,周末也没法休息。我希望课后服务能真正落实自愿和多样化的要求,多一些作业指导和兴趣活动,而不是简单看管或者变相上课,让孩子能保留一点自主学习和休息的时间。"
8703900181C7B142DF62E5142A17F8F4053FF783D46CA4AE7E40B096ACE3A78D,"希望规范学校课后服务,保障孩子休息与自主学习时间","领导您好。我家孩子在读小学,这个暑假参加了学校的课后服务。目前孩子的书面作业时间符合规定,睡眠也比较充足,我们很感激。但我们了解到有些地方的课后服务会安排大量集体授课或变相补课,导致孩子回家后还要赶作业,休息和自主学习时间被挤占。作为家长,我们担心开学后课后服务会加重孩子负担,影响睡眠和自主发展。我们期望学校课后服务能真正以看护和兴趣活动为主,不强制参加,不增加书面作业,严格落实作业时间规定。希望相关部门加强指导监督,让课后服务成为家长放心的惠民措施,而不是新的压力来源。"
548DBE26D31F26AB56ED95B459D0D36F330CF27FF0B9E50CE505F00BC5C6B7AC,关于暑期课后服务避免变相补课并保障孩子休息的建议,"领导您好,我是一名小学生家长。孩子现在放暑假,这个月参加了学校的课后服务。学校课后服务原则上每天至少120分钟、每周五天,时间不短。孩子平时睡眠不错,我们也不希望假期被安排得太满。看到之前有些学校课后服务、补课安排存在效率低、占满时间、孩子没有自主学习空间的情况,我们很担心暑假课后服务也变成变相补课,孩子刚放假又天天耗在学校,回家后疲累,没有精力阅读、运动或和家人相处。恳请相关部门对学校暑期课后服务的内容、时长和自愿性加强指导和监督,多安排体育、阅读、艺术、劳动实践等孩子愿意参加的活动,不要统一上新课或刷题,也不要强制所有孩子每天必须待满两个小时。希望能给孩子留出充足的休息和自主安排时间,把假期还给孩子,谢谢。"
2EB9F5B83B5E23EB7C514888BA19371599FE342F8C9BE72DB56B61F43097E24F,"希望规范学校课后服务,保障孩子休息与自主学习时间","领导您好。我家孩子在读小学,这个暑假参加了学校的课后服务。目前孩子的书面作业时间符合规定,睡眠也比较充足,我们很感激。但我们了解到有些地方的课后服务会安排大量集体授课或变相补课,导致孩子回家后还要赶作业,休息和自主学习时间被挤占。作为家长,我们担心开学后课后服务会加重孩子负担,影响睡眠和自主发展。我们期望学校课后服务能真正以看护和兴趣活动为主,不强制参加,不增加书面作业,严格落实作业时间规定。希望相关部门加强指导监督,让课后服务成为家长放心的惠民措施,而不是新的压力来源。"
79CFAE01B9D34E729C28ADC1642F33FE4529122537E46593F5B6E63961B15E56,关于课后服务勿变相补课的诉求,"领导好,我是小学生家长。孩子目前就读小学,这个月参加了学校课后服务。根据相关要求,课后服务应坚持自愿、内容多样、时间衔接,主要是解决接送和看护问题。但我们家长很担心,有的学校课后服务会变成全班集体上课、讲题或变相补课,导致孩子在校时间拉长,回家后还要完成作业,睡眠和自主活动时间反而减少。我们家孩子平时睡眠一直比较充足,作业也基本能在规定时间内完成,可如果课后服务被用来加课,这些好习惯可能被打乱。希望领导能关注小学课后服务的实际开展情况,督促学校严格落实自愿参加,丰富体育、阅读、兴趣活动,不要把课后服务变成刷题和补课,真正减轻学生和家长负担,保障孩子每天有充足睡眠和自主安排的时间。谢谢。"
1DE95BC617A67CF02752493218187E5370597F48B813B832ED8167C919169E83,"希望规范学校课后服务,保障孩子休息与自主学习时间","领导您好。我家孩子在读小学,这个暑假参加了学校的课后服务。目前孩子的书面作业时间符合规定,睡眠也比较充足,我们很感激。但我们了解到有些地方的课后服务会安排大量集体授课或变相补课,导致孩子回家后还要赶作业,休息和自主学习时间被挤占。作为家长,我们担心开学后课后服务会加重孩子负担,影响睡眠和自主发展。我们期望学校课后服务能真正以看护和兴趣活动为主,不强制参加,不增加书面作业,严格落实作业时间规定。希望相关部门加强指导监督,让课后服务成为家长放心的惠民措施,而不是新的压力来源。"
AFCB85266AF464363EB4011DEA9155647A54F06AE96A0ED50A43A8432E1893EF,"希望课后服务避免变相补课,保障孩子休息和自主学习","领导好,我是本地一名小学生家长。孩子这个月在学校参加课后服务,我们很感谢有这项安排。但作为家长,我有些担心:课后服务时间如果变成集体上课、讲题或低效看管,孩子回家后还要继续写作业,休息和自主阅读时间就会被挤压。政策规定小学书面作业平均不超过60分钟,现在孩子作业量看着还正常,睡眠也还可以,我们就怕开学后课后服务内容走样。过去听说过有的地方课后服务变成变相补课,孩子很累,效率不高,周末也缓不过来。我们不想让孩子这么小就陷入疲劳战。希望领导能督促学校丰富课后服务内容,多安排体育、艺术、劳动、阅读等活动,不要把课后服务变成上课或补课,真正让孩子在校内完成大部分作业,回家能有充足的睡眠和自主学习时间。谢谢。"
41E4005C938ACE74A24C3581BBA834AE3914C54B6BCC43286DAD7318E7422F2B,关于小学生书面作业问题的反映,"领导好,我是孩子家长。孩子现在上小学,按教育部门规定这个年级不应该布置书面家庭作业,可这个月我发现孩子仍然在写书面作业,具体是学校布置的还是其他原因我不清楚,但确实不符合规范。我们就是普通家庭,我和孩子爸爸都在上班,家里老人多,经济条件一般,我们文化程度也不高,辅导孩子写作业真的很吃力。孩子回家还要写书面作业,晚上弄得很晚,我们也心疼。希望领导能帮忙查一下,到底是学校在布置还是别的原因,如果是学校违规,请督促学校改正,让孩子真正能减负,把时间留出来休息和锻炼。谢谢领导。"
0E3F33D875869091B98DBF1C0A174AD51B142C3733D981381492244953982772,请督促学校严格落实小学低年级书面作业减负规定,"领导好,孩子上小学,按年级规定本来是不该布置书面家庭作业的,可这个月孩子书面作业情况还是不符合减负要求。我们夫妻都要上班,家里老人多但能辅导的少,经济条件也一般,实在没能力再额外报班或请人教。马上要开学了,希望政府能督促学校严格执行作业管理规定,别让书面作业变相回来,同时把课后服务落实好,让孩子放学后能在学校安全活动,解决我们双职工家庭的接送和看管困难。谢谢。"
2C9BDF18A2CE0E2F13D7D3734A3AF32F466410FB0BEE41D1BCE35F6CBD98BB80,关于小学非毕业年级书面家庭作业问题的反映,"领导您好,我家孩子现在上小学,不是毕业班。按照现行规定,这个年级原则上不布置书面家庭作业,但最近我发现孩子每天回家还是要写书面作业,这明显不符合要求。我们家长文化程度不高,两口子都上班,家里人口多,实在没法天天辅导,孩子也累,晚上睡得晚,第二天上课没精神。孩子参加了学校课后服务,可作业还是带回家,课后服务没真正解决作业问题。希望领导能关注一下,督促学校严格落实规定,别把书面作业压给家长,让孩子能在学校完成作业,减轻我们这种普通家庭的负担。谢谢。"
E24A634AA2D59C745A4008300C28E87CC7393AC24BCFC13A6089C40292E0D06B,关于提高小学课后服务质量的诉求,"领导好,我家孩子在读小学,我们夫妻都上班,家里老人也帮不上太多,我们自己文化程度不高,辅导孩子学习很吃力。现在学校有课后服务,孩子每天都参加,但我们不太清楚具体在做什么,担心只是集中看管。孩子这个年级按规定基本不留书面家庭作业,回家后我们也不会教,怕学习跟不上。希望政府能督促学校把课后服务真正利用好,安排老师辅导作业、答疑,再开展些兴趣活动,让孩子在学校就把学习问题解决了,减轻我们这样的家庭负担。谢谢。"
5A4976CDDE4A18E0C2C6441BC2C27C44B3FD38E8E90F82FBAB994E0E457D24BD,关于小学低年级书面作业与课后服务情况的反映,"领导好,我家孩子上小学,现在正是暑假,学校有课后服务,孩子也参加了。按照学校年级的规定,低年级是不布置书面家庭作业的,可我们最近发现孩子的书面作业情况不太符合这个要求,家里大人文化程度不高,辅导不了,孩子也有压力。我们家经济条件一般,没给孩子报外面的培训班,就希望学校能按规定来,让孩子暑假能轻松些。我们担心课后服务里会不会安排了书面作业,或者学校有别的安排。希望领导能帮忙核实一下,督促学校严格落实低年级不布置书面家庭作业的要求,减轻孩子负担,让我们家长放心。"
A5CAB1A348E2426FAF9471F0E7692D00613578830D2D46D8F178FDBF39F11CED,关于小学课后服务衔接与作业辅导的诉求,"领导您好,我家孩子上小学,我们夫妻都在外面上班,家里老人年纪大,管不住孩子学习。孩子现在参加了学校的课后服务,每天有老师看着,我们放心不少。可是我们担心开学以后学校课后服务能不能坚持,老师够不够,会不会只是把孩子集中起来看管,没有实际辅导。我们文化水平不高,辅导不了孩子,校外培训班现在又少又贵,我们也不打算上。希望政府能督促学校把课后服务做实,安排老师指导孩子完成作业、阅读和活动,时间能和我们下班衔接好,别让自愿参加变成变相要求。我们家庭条件一般,也怕以后额外收费。谢谢。"
11B05F17BCA8C1B843C0E9611E622AEE4638AB0A76D71636A07C8312BB0BF136,关于小学低年级书面作业与课后服务情况的反映,"领导好,我家孩子上小学,现在正是暑假,学校有课后服务,孩子也参加了。按照学校年级的规定,低年级是不布置书面家庭作业的,可我们最近发现孩子的书面作业情况不太符合这个要求,家里大人文化程度不高,辅导不了,孩子也有压力。我们家经济条件一般,没给孩子报外面的培训班,就希望学校能按规定来,让孩子暑假能轻松些。我们担心课后服务里会不会安排了书面作业,或者学校有别的安排。希望领导能帮忙核实一下,督促学校严格落实低年级不布置书面家庭作业的要求,减轻孩子负担,让我们家长放心。"
A84B7B9D2815BB45E2831F627318C1119B541DE37CB83E865B4AFC9A5AB1AA71,"请求加强课后服务学习辅导,缓解家长无力辅导难题","领导您好。我家孩子在上小学,家里经济条件一般,我和爱人都在外打工,文化程度也不高,晚上没有能力辅导孩子学习。最近学校已经按规定不布置书面家庭作业了,孩子放学回家基本没有作业,我们也不知道该让他学什么。这个月孩子参加了学校的课后服务,但是我们不清楚课后服务到底开展了哪些内容,是不是只是看着孩子写作业或者玩。我们很担心这样下去孩子基础打不牢,新学期开学跟不上。现在外面补课班也少了,我们也上不起,只能指望学校。希望领导能关注一下我们这样的家庭,督促学校把课后服务做得更扎实一些,安排老师多辅导孩子学习,哪怕带着复习、预习或者讲些学习方法也好。另外,能不能让孩子在学校把该学的学扎实,回家没有书面作业我们也能接受,但请给我们家长一个明确的指引,告诉我们课后可以怎么配合。谢谢。"
509183BD686AD02AD9F1018A3A35B54E01C9D9BF0E156FCBE0FFAEA29512123D,关于小学低年级书面作业与课后服务情况的反映,"领导好,我家孩子上小学,现在正是暑假,学校有课后服务,孩子也参加了。按照学校年级的规定,低年级是不布置书面家庭作业的,可我们最近发现孩子的书面作业情况不太符合这个要求,家里大人文化程度不高,辅导不了,孩子也有压力。我们家经济条件一般,没给孩子报外面的培训班,就希望学校能按规定来,让孩子暑假能轻松些。我们担心课后服务里会不会安排了书面作业,或者学校有别的安排。希望领导能帮忙核实一下,督促学校严格落实低年级不布置书面家庭作业的要求,减轻孩子负担,让我们家长放心。"
BB43ACAEFBAD35C8CB39ACF9A02A9023079F76CC8F5F5F2DE1A985C11E22917A,关于暑假学校课后服务时间太短无法照看孩子的求助,"领导好。我们家里孩子上小学,我和孩子爸爸都在打工,家里老人也帮不上太多,经济上并不宽裕。现在暑假,学校有课后服务,孩子也参加了,但每天只有大概两个小时,我们下班时间根本接不上,中间这段时间孩子没人管,我们很不放心。校外培训班现在很少又贵,我们上不起。孩子在家也没书面作业,光靠这两个小时,学习上也怕荒废。希望领导能协调学校在暑假把课后服务时间延长一些,最好能覆盖我们上班的时间,内容也丰富一点,比如带孩子们看看书、写写作业、做些活动,这样我们才能安心上班。谢谢。"
A2A1FB2197092D3C5477E90B9BFFCC07D36A34D860D8FC5F7D20E82D36F05971,关于保障小学生作业减负并加强普惠课后服务的建议,"领导好,我是西部城镇一名小学生家长。孩子就读公办小学,这个暑假孩子书面作业量符合规定,我们比较放心。但作为家长,仍担心开学后各科作业又增加,超过每天60分钟,影响孩子睡眠和休息。同时,我也担心孩子仅靠校内学习不够,可能不得不考虑校外学科培训,可目前了解到培训收费门槛较高,对我们家庭压力不小。我们家庭虽然经济尚可,但也不希望把大量开支花在课外补习上。希望政府能督促学校严格执行作业管理规定,确保开学后作业不反弹;同时在学校增加普惠性的课后服务或兴趣课程,让孩子在校内就能获得拓展机会,减轻家庭对高收费培训的依赖。也希望相关部门继续规范校外培训收费,让家长有更多平价选择。谢谢。"
854A6C2869600FCEB458B46159CC6675ED2D1AEA18B6482C8F7BE483D530CA27,关于新学期课后服务落实与质量的诉求,"领导您好。我家孩子是一名小学生,不是毕业年级,快开学了,想反映一下对课后服务的担心。现在要求义务教育学校完善课后服务、自愿参加、时间衔接、内容多样,我们非常赞成,但也怕学校因为不是重点校,资源跟不上,最后只是把孩子留在教室写作业,没有真正丰富的活动。家里同住的人少,接送时间紧,如果课后服务时间不衔接或者质量低,我们只能另想办法。校外培训管理严格后,我们原本没让孩子参加学科培训,但也不想让孩子落后,如果校内服务不够好,可能被迫去找高价培训,负担更重。希望领导能督促学校真正落实课后服务,保障师资和经费,增加体育、艺术、科技等内容,让我们家长放心。"
9199A1332AE819797B1E64096992681ABE5D935778865D632FBAA03EB8B18F44,关于提升公办小学课后服务质量的建议,"我家孩子就读城镇一所公办小学,不是重点学校。这个寒假作业符合规定,睡眠时间充足,孩子也参加了学校课后服务,我们感受到了减负带来的变化。但马上要开学了,心里还是有点担心:毕竟学校不是重点,课后服务的内容和质量能不能跟得上?我们家庭条件虽然不算差,但周边好的素质拓展课程收费高,有的机构门槛也不低,长期下来负担不轻。我们不想让孩子在学业上掉队,也不希望回到过去那种靠大量作业和校外培训堆出来的模式。希望领导能关注公办小学课后服务的实际效果,推动更多公益优质资源进校园,丰富课后服务的内容,同时对课后服务和校外培训的收费加强监管,防止变相补课和乱收费。这样既能让家长安心,也能让孩子在学校获得更好的成长。"
D2651B24906556DC9BCB2E814C7896948EC79209A6600237C029E5CD630BBDC7,希望加强小学课后服务内容与质量保障,"领导您好,我是一名小学生的家长。孩子目前在公办小学就读,现在参加了学校的课后服务,每周五天,每天两个多小时,解决了我们上班族接送的难题,我们很感激。但作为家长,我们也有些担心:课后服务的时间是否都能有效利用?据我们了解,有些学校只是安排学生做作业或自由活动,缺乏系统的兴趣培养和素质拓展。现在校外学科培训减少了,我们家庭之前也没有让孩子参加学科培训,更希望学校能在课后提供丰富的体育、艺术、科技等活动,让孩子全面发展。同时,作业虽然现在符合时长要求,但我们担心学校为了减负而降低教学质量,希望老师能加强作业设计和课堂指导。我们家庭经济条件中等,也不希望额外花钱报校外兴趣班。希望政府能加大对学校课后服务的经费和师资保障,引入优质社会资源,加强监管,确保每个孩子都能享受到公平而有质量的课后服务。谢谢!"
BAE51C614EB49D83A5A0584792034396A77C14D409B385D8359773CA2E1CDFD3,希望加强公办小学课后服务与资源均衡,"领导您好。我家孩子在西部城镇一所公办小学就读,学校不是重点,我们家庭经济条件还可以,但一直没给孩子报校外学科培训班。孩子目前书面作业时间符合规定,睡眠也充足,我们对此很满意。但看到身边有些家长通过校外培训给孩子加码,我们担心孩子会落后,不希望输在起跑线上。孩子参加了学校课后服务,我们很支持,但希望课后服务能不只是看护,而是提供更多学业辅导和素质拓展,让不参加校外培训的孩子也能得到充分发展。同时,希望政府加大对普通公办小学的投入,均衡师资和硬件,缩小校际差距,避免因家庭条件不同造成教育机会不均。谢谢。"
E358520F76791CD02A90A4E4C17AE57379DF25F4811FB085ACBCDC7AAA47E8D9,关于提升学校课后服务质量的建议,"领导好,我是一名小学生的家长。孩子现在参加学校的课后服务,作为家长我们很支持学校提供这样的服务,也减轻了我们照看孩子的压力。但一段时间以来,我们也有些担忧:课后服务的内容是否足够丰富,老师是否能针对孩子的学习情况进行有效指导,而不只是看管。我们家庭以前没有给孩子报学科类培训班,现在校外培训也少了,更希望学校课后服务能承担起一部分学业辅导和兴趣培养的功能。孩子睡眠一直比较充足,我们也希望保持,所以不希望课后服务占用太多休息时间,但希望这两个小时能真正有质量。恳请领导重视课后服务的师资配备和内容设计,让这项好政策落到实处,让家长放心。"
33A029A28C170C3000FE51997FDE15EC8DAB70AADD7C55228547D2C5643C1D0D,希望加强公办小学课后服务与资源均衡,"领导您好。我家孩子在西部城镇一所公办小学就读,学校不是重点,我们家庭经济条件还可以,但一直没给孩子报校外学科培训班。孩子目前书面作业时间符合规定,睡眠也充足,我们对此很满意。但看到身边有些家长通过校外培训给孩子加码,我们担心孩子会落后,不希望输在起跑线上。孩子参加了学校课后服务,我们很支持,但希望课后服务能不只是看护,而是提供更多学业辅导和素质拓展,让不参加校外培训的孩子也能得到充分发展。同时,希望政府加大对普通公办小学的投入,均衡师资和硬件,缩小校际差距,避免因家庭条件不同造成教育机会不均。谢谢。"
0A423BFA00C9FE28AEDA2EC005024F15D63A08B9E0D27FFC752BA6537665C27B,关于提升小学课后服务内容与质量的建议,"领导好,我是西部一个城镇小学生的家长。孩子目前在公办小学就读,这个暑假后要升入新年级。我们家人口少,大人平时也要忙工作,孩子一直参加学校课后服务,每天两小时确实帮我们解决了接娃和看管问题。但我们也担心,这两个小时如果只是让孩子坐着写作业或自由活动,长期下来意义不大。现在学科类校外培训减少了,我们本来也没给孩子报过班,更希望学校课后服务能真正丰富起来,增加体育、阅读、科学兴趣等内容,而不是简单看管。希望领导能督促学校把课后服务做实,保障好师资和活动条件,让我们西部城镇的孩子也能在校内获得更全面的发展。"
C080BF53A19A41514A8CD4A5650F6A7DBAFD13938756ED739D8F79111CED25BB,希望加强公办小学课后服务与资源均衡,"领导您好。我家孩子在西部城镇一所公办小学就读,学校不是重点,我们家庭经济条件还可以,但一直没给孩子报校外学科培训班。孩子目前书面作业时间符合规定,睡眠也充足,我们对此很满意。但看到身边有些家长通过校外培训给孩子加码,我们担心孩子会落后,不希望输在起跑线上。孩子参加了学校课后服务,我们很支持,但希望课后服务能不只是看护,而是提供更多学业辅导和素质拓展,让不参加校外培训的孩子也能得到充分发展。同时,希望政府加大对普通公办小学的投入,均衡师资和硬件,缩小校际差距,避免因家庭条件不同造成教育机会不均。谢谢。"
533444F08FC22EBB1E4F47AA07749A794D4CBEA484DED710E5EF0D5BDEEAA760,关于提升学校课后服务质量的诉求,"我家孩子上小学,暑假也参加了学校课后服务,每天两个多小时。校外学科培训现在收缩了,家里也没给孩子报过这类班,所以更希望学校课后服务能真正有质量,不是简单看管。我们住在西部城镇,学校不是重点,资源有限,担心课后服务内容单一、师资跟不上,孩子作业辅导和兴趣拓展都不到位,时间长了和条件好的孩子差距会更大。希望领导督促学校落实课后服务的师资和经费,丰富阅读、体育、科技等活动,别让课后服务流于形式,也请关注我们这类非重点学校的实际困难,让孩子在校内就能获得公平有质量的教育。"
2254EB0C1EC31BD0980F19B163640E048D2F69ED7904A6A9F250D90F8E60CEFD,关于小学作业安排能兼顾困难家庭的建议,"领导好,我是一名小学生的家长,孩子上小学,不是毕业班。现在放暑假,孩子书面作业很少,符合减负要求,我们心里既高兴又发愁。我们两口子文化不高,家里人多,经济条件不好,没能力辅导孩子,也上不起培训班。以前听同乡说,有的学校作业多到半夜,有的学校不布置作业,孩子学不到东西,家长只能花钱找机构。我们就怕孩子暑假光玩,开学跟不上。希望领导能督促学校在减负的同时,给像我们这样的家庭提供一些自愿的免费练习材料或学习指导,教教家长怎么辅导,别让没条件的孩子掉队。"
3EDD408853CBAFC7469EA029A78DBF08898874B1B6303BB4F58D12ED4A7600F0,关于小学课后服务和作业管理的几点担忧,"领导您好。我家孩子读小学,家庭经济条件一般,我自己文化程度不高,辅导作业很吃力。马上要开学了,我最担心的就是作业和课后服务。以前常听说有的学校作业多,还要家长打印、批改,做不完只能花钱去外面补课。现在有要求让学校统筹作业数量,把课后服务办好,我们家长心里很高兴,但也怕落实不到位。希望开学后学校能把课后服务时间衔接好,让孩子在学校就把作业完成,老师能多指导,别再让家长当“助教”。我们家住得近,接送方便,但家里虽然有人照看,学习上确实帮不上忙。我们也不愿意额外花钱报班。请领导帮忙督促学校,让好政策真正落到我们这种普通家庭头上。"
9C4A6FCD3D4A9EE3DBA12881A4B9FBB6403488FB84436389A1DB3969948683EC,希望加强课后服务减轻低收入家庭培训负担,"我家孩子就读公办小学,家里经济条件一般,家长文化水平不高,辅导作业很吃力。现在年级规定原则上不布置书面家庭作业,孩子这个月的作业时长也符合规定,但我们担心开学后知识掌握不牢固,只能继续让孩子参加学科类校外培训。培训费用和以前差不多,对我们这种收入不高的家庭来说压力不小。孩子这个月没有参加学校课后服务,希望开学后学校能提供更实在的课后服务,比如作业辅导、答疑和看护,让孩子在校内巩固知识,减少对校外培训的依赖。也恳请关注低收入家庭在课后看护和辅导上的实际困难,让课后服务能覆盖到更多需要的孩子。"
4D17F75FA2B5123474579898B79CAB387FD3DD95BF8B5789D37C652BBEA8158A,关于课后服务中加强学习辅导的请求,"我家孩子上小学,这学期参加了学校课后服务,每天有2小时。家里经济条件一般,已经不再参加校外学科培训了,家长文化水平不高,辅导孩子学习很吃力。现在低年级原则上不布置书面家庭作业,我们担心孩子在学校学得不扎实,回家又没有作业巩固,时间长了容易掉队。希望课后服务不要只做看管,能由老师针对孩子的薄弱地方进行辅导,适当安排一些课内巩固练习和答疑,让孩子在学校就把知识消化好。也请相关部门保障课后服务质量,让家长放心。"
3930695139587F483DBF47586791AAFAB3A46C96191B4AB89B8AA3FB51D2F444,关于减轻小学作业减少后家长辅导和经济负担的建议,"领导好,我是城镇一名小学生的家长。我家经济条件一般,我和孩子爸爸文化程度都不高,家里人口多,平时辅导孩子学习很吃力。现在学校按照要求基本不布置书面家庭作业了,孩子作业是少了,可我们也担心他学不到东西,只能继续花钱给他报校外培训班,每个月的费用对我们这样的家庭压力不小。暑假这段时间孩子没去学校课后服务,培训班也一直没停。我们理解减负是为了孩子好,但能不能请学校开学后多提供一些校内辅导或课后服务,比如老师带着孩子巩固知识、答疑解惑,而不是完全靠家长辅导或者花钱上培训班?另外也希望有关部门能关注一下校外培训收费,别让减负变成增加我们家长的经济负担。我们文化有限,教不了孩子,真心希望孩子能在学校里把知识学好,不用非得花钱出去补课。"
AB7D4FD3F2C705E4B1C1A147B831B1404316BDE717245E29FB0C69CB51B18B41,关于学校课后服务加强作业辅导的请求,"领导您好,我是一名小学生的家长。家里条件一般,我们文化程度不高,辅导孩子学习很吃力。现在学校书面作业按规矩减少了,孩子这个月作业量也符合要求,但心里还是不踏实。外面学科培训班基本都停了,我们经济上也不好再花钱找补习,孩子又盼着以后能考上大学。暑假孩子参加了学校课后服务,每天两个小时,我们很感激。可我们担心课后服务只是看孩子、管纪律,没有真正帮孩子把知识巩固牢、把不会的作业讲明白。以前就常听别的家长说,老师把电子作业发群里让家长打印,家长不会弄,孩子学不好。希望领导能督促学校把课后服务内容抓实,多安排老师给孩子辅导作业、解答问题,别把学习压力又推给家长。我们愿意配合学校,但能力有限,真怕孩子基础打不牢。谢谢领导。"
4057024735E0CC99FB28BCA86FB16924A8792F4BD41D168DAB9226584CCCD209,关于减轻小学作业减少后家长辅导和经济负担的建议,"领导好,我是城镇一名小学生的家长。我家经济条件一般,我和孩子爸爸文化程度都不高,家里人口多,平时辅导孩子学习很吃力。现在学校按照要求基本不布置书面家庭作业了,孩子作业是少了,可我们也担心他学不到东西,只能继续花钱给他报校外培训班,每个月的费用对我们这样的家庭压力不小。暑假这段时间孩子没去学校课后服务,培训班也一直没停。我们理解减负是为了孩子好,但能不能请学校开学后多提供一些校内辅导或课后服务,比如老师带着孩子巩固知识、答疑解惑,而不是完全靠家长辅导或者花钱上培训班?另外也希望有关部门能关注一下校外培训收费,别让减负变成增加我们家长的经济负担。我们文化有限,教不了孩子,真心希望孩子能在学校里把知识学好,不用非得花钱出去补课。"
F9D9E83B4E4F42211C990AED7D1CAAD7828C436201893DBB677C6AD5397D037E,关于完善学校课后服务、减轻家庭辅导负担的建议,"我是中部城镇一名小学生的家长,家庭经济条件一般,我和家人文化程度不高,辅导孩子学习比较吃力。这个暑假孩子参加了学校课后服务,我们很感激,但心里也有一些担忧。现在对小学作业有规定,孩子书面作业不多,可我们担心孩子知识巩固不够,以后跟不上。现在校外学科培训少了,我们也已经停止参加,经济上也不允许再找别的补习。所以特别希望学校课后服务不只是看着孩子,而是能真正安排一些作业辅导、学习方法指导和阅读、兴趣活动,让孩子在校内就能解决学习上的问题,减轻家长辅导压力。以前也看到同省一些地方家长反映作业多、放学早、家长下班晚还要检查作业,负担很重。我们很怕这些问题又出现。恳请领导督促学校把课后服务做实做细,加强师资保障和内容设计,多关注我们这样文化程度不高、经济条件有限的家庭,让孩子在学校就能学得扎实,家长也能安心。"
E6DD9939490CC8AA2D5E5CDCA9F3102F076CCA3F553D4895C825524D46089EBF,关于减轻小学作业减少后家长辅导和经济负担的建议,"领导好,我是城镇一名小学生的家长。我家经济条件一般,我和孩子爸爸文化程度都不高,家里人口多,平时辅导孩子学习很吃力。现在学校按照要求基本不布置书面家庭作业了,孩子作业是少了,可我们也担心他学不到东西,只能继续花钱给他报校外培训班,每个月的费用对我们这样的家庭压力不小。暑假这段时间孩子没去学校课后服务,培训班也一直没停。我们理解减负是为了孩子好,但能不能请学校开学后多提供一些校内辅导或课后服务,比如老师带着孩子巩固知识、答疑解惑,而不是完全靠家长辅导或者花钱上培训班?另外也希望有关部门能关注一下校外培训收费,别让减负变成增加我们家长的经济负担。我们文化有限,教不了孩子,真心希望孩子能在学校里把知识学好,不用非得花钱出去补课。"
A30AC253CA9E14444F1700B841FF75A7558B39C69CA7D017929FCD1B7BA626A8,希望小学课后服务能加强学习辅导,"领导您好。我家孩子正在上小学,按照现在的减负要求,回家基本没有书面作业了,我们文化程度不高,家里经济条件也一般,辅导不了孩子,以前还能靠报班补一补,现在学科类培训班也基本找不到了。孩子参加了学校的课后服务,每天两个多小时,但我们不清楚这两个多小时具体做了什么,担心就是单纯看孩子,学习上的问题还是没人管。我们家长最大的愿望就是孩子能考上大学,可如果基础阶段不打好底子,以后学习会更吃力。希望学校和有关部门能重视课后服务的实际质量,在课后服务时间里安排老师有针对性地辅导孩子完成校内任务、答疑解惑,或者带着孩子们读读书、练练字,把当天学的东西巩固好。这样孩子不用带作业回家,家长也能放心。我们支持减负,但更希望减负不减质量。"
7A9B492D0313EDE38FBEF24E350B9922258FD707146A4954500292F4943E23B4,农村家长担心开学后作业批改负担重盼减负,"领导您好,我是西部地区一名农村小学生的家长。孩子上小学,不是毕业班,现在放暑假,学校没布置多少书面作业,我们暂时能应付。但眼看着快开学了,我心里很发愁。我们两口子文化程度都不高,家里老人也帮不上,平时还要打工,晚上回家已经很晚,实在没有能力辅导孩子作业。听说周边有些学校老师把作业发到微信群,让家长批改、签字,错了也不讲解。我们农村很多家长不识字或只会写自己名字,如果让我们以正确答案为准教孩子,很容易教错,孩子越学越乱。我们孩子现在睡眠还算充足,也盼着能保持。希望领导能督促学校严格落实低年级不布置书面家庭作业的规定,不要变相让家长打卡、批改,作业尽量在学校完成并由老师讲解。我们不是不想管孩子,是真的力不从心,请多体谅农村家长。"
F0DC39831080E6DEB711CCAE268E2DEB300BF438E2760F29DD18DB8C23049A2F,关于农村小学作业减负和课后服务的请求,"领导好,我是一名西部乡村小学生的家长。我们两口子都在打工,家里老人照看孩子,文化程度都不高。孩子学校在镇上,单程要一个多小时,每天来回很累。现在放暑假,作业量还算合适,我们松了口气。但马上要开学,想起附近有家长说过以前老师让家长批改作业,我们文化不高,很怕自己孩子也遇到。听说现在有规定要求学校不布置书面家庭作业、开展课后服务,我们特别希望真正落实。希望开学后学校严格按照规定,不要给低年级孩子留书面家庭作业,不要要求家长批改签字。最好课后服务能让孩子在学校完成作业、参加活动,老师能辅导一下,这样我们打工也安心些,孩子也不用那么晚睡。我们经济不宽裕,希望课后服务收费能考虑农村家庭,或者有补贴。请领导多关心我们农村孩子的上学负担。"
7E839FCE7F3D3629166F5E182C5D4A589836C05278C957A58815748F08B687B3,关于农村小学课后服务与作业辅导的担忧,"领导您好,我是西部农村一名小学生家长。家里条件不宽裕,我们夫妻都要打工,自己文化程度只有初中,辅导孩子学习很吃力。孩子现在参加学校课后服务,按年级规定平时没有书面家庭作业,这让我们轻松了一些,但心里还是不踏实。以前听说过有的地方老师要求家长批改作业、在群里发答案,家长不识字只能照抄,孩子错了也没人讲解,越学越糊涂。我们担心学校课后服务只是把孩子集中看管,老师不真正辅导,或者以后慢慢又让家长负责检查作业。像我们这样的家庭,既没时间也没能力教孩子,最怕学校把教学任务转给家长。另外,孩子上学路远,课后服务结束后到家可能比较晚,我们希望学校不要额外布置任务,保证孩子睡眠时间。恳请领导督促学校把课后服务做实,让老师在校内解决学习问题,减轻农村家长负担。我们文化不高,但希望孩子能好好读书,请领导多关心农村小学。"
03A0668ADC3DE4F12A13DC77B12960D8F80BF2E35C5280CCE0925B73AF6A2170,"农村小学课后服务盼老师辅导作业,别让家长批改","领导您好,我是西部农村一名小学生家长。我们夫妻两个都要上班,时间很紧,家里人多,能辅导孩子学习的人少,我们文化程度低,辅导不了功课。孩子现在参加了学校课后服务,我们本来指望老师能在课后服务里辅导作业、答疑,可又担心课后服务只是让孩子干坐着,没有真正辅导。我们怕开学后又会像以前听说过的附近村小那样,作业发到微信群让家长批改,我们不会教,担心教错。现在外面补课班少了,我们也报不起,只能靠学校。希望领导能督促学校把课后服务真正用好,安排老师对农村孩子进行作业辅导和课业答疑,不要又把批改任务推给家长。另外孩子上学路远,课后服务结束再回家,天都黑了,怕睡眠不足,能不能在时间上更灵活,或者安排校车。谢谢。"
F94528144DF11E7660805B67372AB742641DF50B92FE30CED2F5C3F86F27CC3C,关于农村小学生作业负担和家长辅导压力的诉求,"领导您好,我是一名农村小学生的家长。我们夫妻都要上班,文化水平不高,家里能辅导孩子的人少。孩子现在上小学,按照现在的规定,这个年级不布置书面家庭作业,暑假也参加了学校课后服务,我们很感激。但我们担心开学后,老师会不会又像一些地方那样,把作业发到微信群里让家长批改、签字。我们文化低,怕教错孩子,也实在没有那么多时间。希望学校能真正落实不布置书面家庭作业的要求,如果布置了,也请老师自己批改讲解,不要都推给家长。也希望课后服务能实实在在帮孩子完成学习任务,而不是变相补课,让孩子能有充足的睡眠。谢谢。"
069EBBC9C4F1AC24AAEA00569F0293E8DAAC03765F9DAF00D372BBF998249A56,请督促乡村学校课后服务真正辅导孩子作业,"领导好,我是西部农村的一名小学生家长。这个暑假学校办了课后服务,孩子每天都去,时间挺长,我们家长文化不高,家里老人也帮不上学习的事。以前经常听说附近学校老师要求家长批改作业、发微信群里,家长不会的只能干着急。现在有了课后服务,我们很希望老师能利用这个时间辅导孩子写作业、讲解难题,真正把作业指导放在学校,而不是开学后又把批改任务推给家长。我们白天要打工,晚上回来实在没有能力辅导。恳请领导关注一下乡村学校的课后服务质量,督促老师认真辅导,别让课后服务只是看管,也别再把家长变成批改作业的人,让孩子能学明白,我们家长也能安心。"
CBC3AEB121476921C75A4DAAB2C61A596AC4819B638C33FA0E921F761B512F81,关于农村小学生作业负担和家长辅导压力的诉求,"领导您好,我是一名农村小学生的家长。我们夫妻都要上班,文化水平不高,家里能辅导孩子的人少。孩子现在上小学,按照现在的规定,这个年级不布置书面家庭作业,暑假也参加了学校课后服务,我们很感激。但我们担心开学后,老师会不会又像一些地方那样,把作业发到微信群里让家长批改、签字。我们文化低,怕教错孩子,也实在没有那么多时间。希望学校能真正落实不布置书面家庭作业的要求,如果布置了,也请老师自己批改讲解,不要都推给家长。也希望课后服务能实实在在帮孩子完成学习任务,而不是变相补课,让孩子能有充足的睡眠。谢谢。"
B048A3D68AA1A231C1BA9BB2365D932364ABA5E500ACBF3FF3D8EADDF560CCCE,"希望课后服务能辅导作业,减轻农村家长负担","领导您好,我是西部农村的一名小学生家长。我们夫妻都在外务工,家里老人文化程度不高,辅导孩子作业很吃力。现在孩子参加了学校课后服务,每天有两个小时,但我们不清楚具体内容,老师也没有跟我们沟通过。我们担心课后服务只是把孩子集中起来看管,作业还是需要回家由家长批改。我们文化有限,实在辅导不了,也怕教错。希望领导能督促学校把课后服务落到实处,让老师多给孩子辅导作业、答疑解惑,别把批改责任推给家长。最好能定期告知我们孩子在课后服务里学了什么、作业完成得怎么样。这样我们家长才能安心工作,孩子也能早点休息。"
98294E43599E7091FE4FA701E495E95FA9DC2FE1ED839FF21397938FFCFD6A37,关于农村小学生作业负担和家长辅导压力的诉求,"领导您好,我是一名农村小学生的家长。我们夫妻都要上班,文化水平不高,家里能辅导孩子的人少。孩子现在上小学,按照现在的规定,这个年级不布置书面家庭作业,暑假也参加了学校课后服务,我们很感激。但我们担心开学后,老师会不会又像一些地方那样,把作业发到微信群里让家长批改、签字。我们文化低,怕教错孩子,也实在没有那么多时间。希望学校能真正落实不布置书面家庭作业的要求,如果布置了,也请老师自己批改讲解,不要都推给家长。也希望课后服务能实实在在帮孩子完成学习任务,而不是变相补课,让孩子能有充足的睡眠。谢谢。"
5927660CBFB6D433E2EF15A55EDFF1605F13DAB5239F1131E2A0E85A3761D514,关于乡村小学课后服务加强学习辅导的诉求,"领导您好,我是西部乡村一名小学生的家长。我和爱人都在打工,家里老人不认识字,没法辅导孩子。现在孩子书面作业不多,暑假参加学校课后服务,但我们担心老师只是看孩子,不真正辅导学习。以前听别的家长说过,有的学校让家长批改作业发微信,我们文化低实在做不了。希望领导督促学校把课后服务用好,让老师在学校辅导孩子做作业、讲题,不要又把任务推给家长。我们乡村家庭能力有限,孩子学习全靠学校,请领导多关心。"
8E6279A4C026AB4690B85BF6F7D6EAB72E66DF206F77541F87C493DE26DBC43B,关于初中新生师资配备与作业负担的诉求,"我是一名初中学生家长,孩子正处于升学衔接阶段,家庭经济条件一般,没有参加校外学科辅导,学习主要依靠学校。马上要开学了,我对学校的师资配备有些担忧。从一些家长那里了解到,个别学校存在老师教非本专业科目的情况,比如生物老师教体育、化学老师教英语,这样不利于保证教学质量。初中阶段孩子面临升学压力,希望教育部门能督促学校在开学前合理调配教师,尽量安排专业对口的老师,特别是中考科目。另外,孩子以前书面作业有时偏多,虽然这个暑假作业量符合规定,但担心开学后加重,希望学校继续严格执行作业时间规定,多布置一些实践类、动手动脑的作业,保证孩子有充足睡眠和锻炼时间。恳请领导关注并帮忙协调,让我们家长能放心。"
6258684A5DBCA5534556ECD2C8C5DEB7E4FCA27D283E29230B61B83CA1EB5762,关于升学衔接年级课后服务与师资配备的建议,"领导好,我是一名初中新生的家长,孩子秋季升入衔接年级。我们家在西部城镇,经济条件一般,之前没有上过校外学科培训班,学习主要靠学校。现在政策要求学校提高作业设计质量、完善课后服务,我们很期待。但我也有些担心,我们片区学校不是重点,有家长反映过个别老师教的不是自己专业,影响教学效果。孩子正处在升学关键期,如果课后服务只是看管写作业,师资又跟不上,我们家长没有能力辅导,孩子差距可能会拉大。恳请领导关注普通学校的课后服务落实和师资配备,真正让孩子在学校就能得到有质量的作业指导和巩固,减轻家庭负担。"
4E30B345C4D79EC17E676445A1766A4416078895BC9135A1465A64AD6F92DEBC,关于请核查初中教师任教学科与专业匹配的诉求,"领导您好,我是一名初中学生家长,孩子今年处在升学衔接的关键年级。临近开学,我们家长普遍担心学校可能存在教师跨专业教学的情况,比如非相关专业老师兼任主科或考试科目,会影响教学深度和学习效果。我们家经济条件一般,孩子没有参加校外学科培训,主要依靠学校课堂和课后服务,所以对校内师资质量特别在意。希望相关部门在开学前对学校任课安排进行核查,尽量让教师专业对口,保障课堂教学和课后服务质量,让孩子能公平接受优质教育。谢谢。"
715D57D62A332D2DF055FAE26567B8CA841B1469197DFF1B6C0C5F01B5413D3B,希望提高初中课后服务针对性并加强质量监管,"领导您好,我是西部城镇一名初中升学衔接年级学生的家长。孩子就读公办非重点学校,家庭经济条件一般,没有参加校外学科培训,比较依赖学校课后服务。这学期孩子参加了学校课后服务,目前书面作业量基本在规范范围内,这一点我们是认可的。但作为升学衔接年级家长,心里还是不踏实:一方面担心课后服务内容比较单一,更多是看管或集体自习,缺乏针对不同孩子的学业辅导、实践体验和心理疏导;另一方面,以往也听说过一些学校在课后服务中存在师资安排不够专业、内容质量不高甚至变相收费的情况,虽然不是我们孩子学校一定这样,但还是希望上级能统一要求、加强监督。孩子平时睡眠比较充足,我们也不希望课后服务随意延长或额外加量,而是把时间真正用于作业指导、能力拓展和情绪支持。恳请相关部门督促学校优化课后服务内容,配足配好师资,对升学衔接年级适当增加学业规划和心理支持,并畅通家长反馈渠道,让课后服务的各项要求真正落地。"
98A497306D24A28D0C6A380E8622AE18F79CB2D8F7356394973BF26A53C354B9,恳请加强普通初中师资配备和课后服务监管,"领导您好,我是一名初中新生家长,家住西部城镇,家庭经济条件一般。孩子即将升入一所普通公办初中,离家不远。暑假里学校课后服务正常开展,孩子书面作业量目前看也符合规定。但临近开学我们很担心:周边有家长反映一些学校存在老师跨专业上课、作业布置偏多、课后服务或补课收费等情况。我们这样的家庭没有条件给孩子报校外辅导,只能指望学校教育。孩子睡眠一直比较充足,我们希望升入初中后也能保持。恳请教育部门在开学前对学校的师资配备、作业总量和课后服务收费加强核查监管,尤其对普通公办学校不能降低要求,让孩子能遇到专业对口的老师,不额外增加家长经济负担。"
D44D341B16AEBAB46147CF306FBBEAF541E07897AEB9F89EDDEF7DF589FE8CDA,关于暑期学校课后服务质量和衔接辅导的诉求,"领导好,我是西部一个城镇公办初中升学衔接年级学生的家长。家里经济条件一般,孩子之前没有参加过校外学科培训,现在学科培训减少后,我们更指望学校的课后服务能帮孩子打好基础。这个暑假孩子参加了学校课后服务,每天时间能保障,但我们担心课后服务内容是否真的适合刚升入新年级的孩子,能否针对衔接阶段的知识薄弱点进行辅导,而不是单纯看管或重复做题。此前也听说过有些学校师资紧张,存在老师跨学科代课的情况,担心课后服务时值班老师难以提供有效指导。希望相关部门能督促学校优化课后服务安排,统筹好师资和内容,增加作业辅导和动手实践类活动,同时监督收费,避免家长因学校服务不到位而被迫承担校外补课负担。谢谢。"
BDFA340EC7E448380CD9235C12477408C6FC534EA84B941657434FBD534F4A00,恳请加强普通初中师资配备和课后服务监管,"领导您好,我是一名初中新生家长,家住西部城镇,家庭经济条件一般。孩子即将升入一所普通公办初中,离家不远。暑假里学校课后服务正常开展,孩子书面作业量目前看也符合规定。但临近开学我们很担心:周边有家长反映一些学校存在老师跨专业上课、作业布置偏多、课后服务或补课收费等情况。我们这样的家庭没有条件给孩子报校外辅导,只能指望学校教育。孩子睡眠一直比较充足,我们希望升入初中后也能保持。恳请教育部门在开学前对学校的师资配备、作业总量和课后服务收费加强核查监管,尤其对普通公办学校不能降低要求,让孩子能遇到专业对口的老师,不额外增加家长经济负担。"
45BEE77E28CC1F901B5C027497AF1A11727504D247FF0995ED0CB28A724F98F2,关于开学后课后服务质量和作业统筹的期望,"领导好,我是一名初中生家长,孩子秋季就要进入升学衔接年级了。家里经济条件一般,没有能力给孩子报校外培训班,只能依靠学校。现在孩子虽然参加了学校课后服务,但我们心里还是没底,担心开学后课后服务只是简单看管写作业,老师辅导不到位;也怕升学后作业量又上来了,超过规定时间。希望政府能督促学校继续统筹好书面作业总量,不要超过90分钟上限,多安排一些实践类、拓展类任务;课后服务能够配备专业对口的老师,加强学业指导,别因为师资搭配不当影响孩子学习。我们对孩子期望挺高,希望他以后能考上本科。请领导关注一下我们普通家庭的需求,谢谢。"
C535902266486D330A801B3A1E3442BFF12F11E8483B9BC80C45D8400BD1B1A0,恳请加强普通初中师资配备和课后服务监管,"领导您好,我是一名初中新生家长,家住西部城镇,家庭经济条件一般。孩子即将升入一所普通公办初中,离家不远。暑假里学校课后服务正常开展,孩子书面作业量目前看也符合规定。但临近开学我们很担心:周边有家长反映一些学校存在老师跨专业上课、作业布置偏多、课后服务或补课收费等情况。我们这样的家庭没有条件给孩子报校外辅导,只能指望学校教育。孩子睡眠一直比较充足,我们希望升入初中后也能保持。恳请教育部门在开学前对学校的师资配备、作业总量和课后服务收费加强核查监管,尤其对普通公办学校不能降低要求,让孩子能遇到专业对口的老师,不额外增加家长经济负担。"
E6B2EF88BAE2E17E2AB819E2F1F086C4D9BB11A9B11BBF56FC5538956261627D,关于抓实初中课后服务和作业设计的建议,"我是一位初中生家长,孩子这个暑假过后就要进入升学衔接年级。暑假作业时间基本控制在规定范围内,这一点我们感受较好。但说实话,作为经济条件一般的家庭,我们没法靠校外培训给孩子“加餐”,现在学科类培训也在大幅收缩,孩子适应新阶段、巩固知识,主要得靠学校。这个月孩子参加了学校的课后服务,我们很关心它到底能提供什么。希望学校不要把课后服务变成单纯看管,而是真正用足每天两小时左右的时间,安排作业辅导、体育活动、兴趣小组,尤其对升学衔接的孩子多一些学习方法和心理适应指导。同时,我们也希望新学期作业布置能继续在时长合规的基础上提升设计质量,减少机械抄写和重复刷题,多布置一些实践探究类任务,并尽量让孩子在校内完成大部分书面作业,回家能早点休息,保证睡眠。恳请相关部门督促学校把课后服务和作业统筹做细做实,减轻我们这些家庭的负担。"
34D67CE96D28B00A913F83FA93F88D976A920A8F701E69FDB02CBBBBFE934B49,关于农村小学生暑假作业减负和免费网课资源的诉求,"领导您好,我是村里一名小学生的家长。孩子现在读小学,还没到毕业班。我们了解到这个年龄段按规定应该不布置书面家庭作业,可这个月孩子在家还是会有一些书面作业要写,有时一坐就是挺长时间。我们两口子白天都要上班,文化程度也不高,回家已经挺晚,没太多时间和能力辅导。孩子遇到不会的题只能干着急。我们这儿农村学校条件一般,也没有像城里那样的免费网课可以看。我听说有的地方把优秀老师讲课录成视频放在网上,孩子回家能反复看。真心希望领导能关注农村孩子的减负问题,督促学校把不布置书面作业的要求落实到位,同时也帮我们农村孩子建一个免费的学习平台,把课堂内容放上去,让孩子在家也能学懂,减轻我们家长的负担。农民供孩子上学不容易,谢谢领导。"
B3CBC65B5AFDFFAA56D232E16D4CA0890003874E4E20E0A44B1EF25BB0C9352E,关于农村小学书面作业负担的诉求,"领导您好,我是农村小学孩子的家长。我们两口子都在打工,家里经济条件一般,平时晚上回家已经很晚,实在没有太多时间辅导孩子。这个暑假孩子书面作业明显偏多,和学校之前说不布置书面作业的要求对不上,我们很担心孩子休息不够,也怕开学后作业继续这样压下来。我们农村家长自己文化不高,想帮也帮不上,只希望孩子能踏踏实实把基础学好,将来考个好大学。恳请领导督促学校真正落实减负要求,别让孩子每天被作业压得喘不过气,也希望能把课后服务弄好,让孩子在学校就能把作业做完,老师能给讲讲不会的地方。我们农村孩子上学不容易,谢谢领导关心。"
42FF2FE8AD30C04A786EAFC4CFC317B5BFD39C4BEA3D0EEB3C337BA0F22D7D27,农村低年级书面作业负担重盼规范,"领导好,我是农村的一名小学生家长,孩子现在读低年级,按说这个年级原则上不该布置书面家庭作业,可这个月孩子还是有书面作业,我们两口子白天都在外面上班,晚上回家已经很累,实在没精力辅导,孩子自己做也费劲,晚上写作业写到挺晚,觉都不够睡。家里条件一般,也上不起辅导班,村里学校资源也有限,想让孩子多学点也没啥办法。希望领导能督促学校严格落实低年级不布置书面家庭作业的规定,或者给农村孩子提供一些课后服务、免费网课,让家长能喘口气,孩子也能学得轻松点。农民孩子上学不容易,盼着领导多关心。"
751A90A5E091F97C98953332CA5A9E2F242873A5ED2EE3A4A64D7DF3A590B020,希望加强农村小学课后服务与优质学习资源保障,"领导您好,我是农村小学生的家长。现在孩子作业不多,校外学科培训也少了,我们家长文化不高、时间有限,很担心孩子学习掉队。孩子参加了学校课后服务,但担心服务内容不够丰富、针对性不强,尤其我们农村学校资源有限。身边有家长曾希望建设统一的教学视频网站,让孩子课上学不会回家能看。马上要开学了,恳请政府推动优质教育资源下沉,加强农村课后服务师资和内容建设,提供免费在线学习资源,让孩子在校内学足学好,减轻农村家庭负担。"
BCC1F5D734AF92B698A20633D54BD00074FC288CB2150E22AF7F3BC45F59C385,希望建设免费线上学习平台帮助农村孩子课后学习,"领导好,我是咱们东北农村的一名小学生家长。我们两口子都在上班,工作时间长,文化程度也不高,家里经济条件有限,孩子从来没上过课外班,学校课后服务我们也没参加。孩子现在年级按照规定原则上不留书面家庭作业,我们白天顾不了孩子,晚上回来也辅导不了,孩子睡眠倒是挺充足,可学习上没人管。我们担心这样下去基础打不牢,以后想考大学就更难了。听说有的地方把每节课的内容放到网上,孩子课堂上没学会,回家还能再看。我们特别希望咱们这也能有一个免费的学习网站,把小学各科教学视频都放上去,让农村孩子在家也能学。另外,能不能请领导关注一下农村学校的课后服务,放学后或者假期提供一些公益辅导。我们不是想给孩子加负担,就是怕没人管学习,耽误了孩子。谢谢领导。"
D49A63D23931327D1836D8C33CAA982191D554D8132DB8CC76E1146D38623790,乡村双职工家庭盼学校课后服务更实在,"领导好,我是东北农村一名小学生的家长。我们两口子都在上班,家里经济条件一般,孩子上的是公办小学。这个暑假孩子参加了学校的课后服务,每天两个小时,解决了我们双职工家庭没人看孩子的难处,很感谢。但我们感觉服务内容还比较单一,多数时候可能只是看护,辅导和兴趣活动不多。我们家以前没上过校外补习班,现在外面培训也少了,更盼着学校课后服务能帮着把基础打牢。希望领导能重视乡村学校的课后服务,特别是假期托管,多安排一些阅读、体育、科学小实验或者趣味数学这类内容,最好能有老师针对孩子学习上不会的地方给讲讲。我们文化程度不高,孩子遇到不会的,我们也辅导不了。另外能不能把一些课程讲解放到网上,让孩子回家能再看一遍,我们农村家庭也方便。暑假时间长,我们实在没时间管,担心孩子荒废了,开学跟不上。请领导多关心农村孩子的课后学习和看护问题,谢谢。"
AAFC47CC1D5DDB712E8A836AFB0882805D7517C0EAA36AA24CE80C0004CD852A,希望建设免费线上学习平台帮助农村孩子课后学习,"领导好,我是咱们东北农村的一名小学生家长。我们两口子都在上班,工作时间长,文化程度也不高,家里经济条件有限,孩子从来没上过课外班,学校课后服务我们也没参加。孩子现在年级按照规定原则上不留书面家庭作业,我们白天顾不了孩子,晚上回来也辅导不了,孩子睡眠倒是挺充足,可学习上没人管。我们担心这样下去基础打不牢,以后想考大学就更难了。听说有的地方把每节课的内容放到网上,孩子课堂上没学会,回家还能再看。我们特别希望咱们这也能有一个免费的学习网站,把小学各科教学视频都放上去,让农村孩子在家也能学。另外,能不能请领导关注一下农村学校的课后服务,放学后或者假期提供一些公益辅导。我们不是想给孩子加负担,就是怕没人管学习,耽误了孩子。谢谢领导。"
083A3C2B0C3EB8DC2CA054D2480292A47CA11B6363146EFCF8B503F8F2CB3863,关于农村小学课后服务质量和内容的关切,"领导您好,我是农村一名小学生的家长。我们夫妻平时工作忙,家里条件一般,辅导孩子学习比较吃力。孩子现在参加学校的课后服务,我们听说每天有两个多小时,但心里没底:这段时间到底有没有老师认真辅导?还是只是把孩子集中看管?孩子这个年级按规定不布置书面家庭作业,我们也不要求学校加作业,只希望课后服务能安排一些阅读、兴趣活动,或者帮助孩子巩固当天学的知识。另外,我们农村学校资源有限,能不能请政府协调,在课后服务中增加一些线上学习资源,让孩子回家也能反复看?这样家长也能安心上班。谢谢。"
0218C7A7A9842B1F255DCD3B16E4F2B8C9232AAB15BC593744538872DFB088BD,希望建设免费线上学习平台帮助农村孩子课后学习,"领导好,我是咱们东北农村的一名小学生家长。我们两口子都在上班,工作时间长,文化程度也不高,家里经济条件有限,孩子从来没上过课外班,学校课后服务我们也没参加。孩子现在年级按照规定原则上不留书面家庭作业,我们白天顾不了孩子,晚上回来也辅导不了,孩子睡眠倒是挺充足,可学习上没人管。我们担心这样下去基础打不牢,以后想考大学就更难了。听说有的地方把每节课的内容放到网上,孩子课堂上没学会,回家还能再看。我们特别希望咱们这也能有一个免费的学习网站,把小学各科教学视频都放上去,让农村孩子在家也能学。另外,能不能请领导关注一下农村学校的课后服务,放学后或者假期提供一些公益辅导。我们不是想给孩子加负担,就是怕没人管学习,耽误了孩子。谢谢领导。"
01A2AFD65E84F63F8C03DF01F0D608700D8F3BC9DA3485A634E514E4246940CB,希望加强农村学校课后服务辅导和视频课程,"领导您好,我是村里一名小学生家长。我们两口子白天都在外面上班,暑假家里没人看孩子,好在学校假期也提供课后服务,孩子每天都去,我们心里踏实不少。可我们这儿是农村学校,条件一般,我担心课后服务主要是把孩子集中看护,真正辅导学习、讲题答疑的时间少。我们两口子都是高中文化,现在的小学内容辅导起来越来越吃力,家里经济也不宽裕,没给孩子报过学科补习班。孩子数学基础弱,课堂上没听明白的,回家我们也不会讲。希望县里能统筹安排,把课后服务的两个小时真正用起来,让老师多给孩子答疑、指导作业;同时能不能把每节课的重点内容录成视频,放到统一的网上平台,孩子在校或回家能反复看,弄懂为止。这样我们家长安心工作,孩子也能学扎实。谢谢领导。"
C170CD221E1E11063A217F1CC0F6321FA299DB6A48DD0375198AA0A79B74F7CA,关于低年级开学后作业负担的担忧,"领导您好,我是本地一名小学生的家长。孩子暑假后不是升入毕业班,目前所在的学校性质不是公办。这个暑假里孩子的书面作业量看起来是符合规定的,我们家长也比较安心。但因为我们家庭经济条件一般,家里人口多,家长文化水平也不高,辅导孩子学习比较吃力,所以特别担心开学后学校又会像以前听说的那样给孩子布置很多书面家庭作业,写到很晚都写不完。按照要求,孩子现在这个年级是不应该布置书面家庭作业的,希望领导能关注一下我们这边学校开学后的作业情况,督促学校严格按照规定执行,不要给低年级孩子增加不必要的书面负担,让孩子能早点睡觉,保持充足的睡眠,健康快乐地学习。"
7F6FA2ABD39472E73607F24EF98F2B5A4ACB57AF6512B4F68115D624054CF3CD,恳请持续关注小学低年级作业负担问题,"领导好,我是本地一名小学生家长。孩子现在上小学低年级,按规定原则上不布置书面家庭作业。目前暑假期间作业量还好,但我担心开学后作业又会多起来。我们家庭经济条件一般,家长文化水平有限,辅导孩子作业很吃力。以前听说过周边有孩子作业写到晚上十点还写不完,压力很大,很怕这种情况再出现。希望领导能督促学校严格落实作业减负要求,控制书面作业总量和时长,同时把课后服务做好,让孩子在学校就能完成作业或参加兴趣活动,减轻我们家长的负担。谢谢。"
678579309E593C6D04257D7B76E3D8A320709EE303B213DF2E4F5D78D01D1F76,关于减轻低收入家庭孩子校外培训负担的请求,"领导好,我是一名小学生家长,家里经济条件比较紧张,但孩子目前还在参加校外的学科类培训,收费和以前差不多,对我们这样的家庭压力很大。孩子虽然也参加了学校的课后服务,但感觉课后服务更多是看护,对课业辅导的帮助有限,所以我们才不得不继续花钱报班。希望政府能进一步加强对校外培训收费的监管,或者提升学校课后服务的辅导质量,让孩子在学校就能解决学习问题,减少家庭在校外培训上的额外支出。另外也担心随着年级升高,作业会慢慢多起来,希望学校能继续落实好作业管理,别让孩子负担太重。"
D06B1276DBE8FA40C50C2D76BD42E4BE6F60617E4FF53631682A65ECE3E183AC,关于课后服务质量和校外培训负担的反映,"领导好。我家孩子上小学,学校不是公办。现在说是低年级原则上不留书面家庭作业,孩子这个月作业情况也符合规定,作为家长稍微放心些。可是孩子参加了学校的课后服务,每天也有两个多小时,但我们还是报了学科类的校外培训,虽然费用比以前降了,但对我们这样收入不高的家庭还是一笔开销。我就想,课后服务能不能把内容再丰富一些,真正让孩子在学校里把学习问题解决了,比如作业辅导、兴趣活动,而不是只是看着孩子。这样我们家长也不用非得花钱去外面补课。另外也担心开学后作业会不会又变多,希望领导能持续关注学校落实减负的情况,让我们心里踏实。"
1EF98F52A168A13B0DE9781C589C4389E697BEF251F1109E77FBEAFC3881A515,"希望加强学校课后服务,减轻家庭校外培训负担","领导好,我是一名小学生的家长。我们家在镇上,经济条件不太好,家里人口多,只有一个人有工作,供孩子上学压力已经很大。孩子现在上小学,学校不是公办的,暑假也参加了学校的课后服务。我们一直坚持给孩子报学科类校外培训,虽然费用没有涨太多,但对我们这样的家庭来说还是一笔不小的开销,不报又怕孩子跟不上。我们听说低年级原则上不布置书面家庭作业,但以前也见过有的学校作业多得孩子写到很晚,心里很担心开学后又变成那样。我们觉得学校课后服务时间其实可以利用起来,加强作业辅导和学习巩固,这样我们就不一定非要去外面补课了。希望领导能督促学校把课后服务做实,或者对校外培训收费加强监管,帮我们减轻一些负担,让孩子能安心上学。"
B6A7F8EB2A83455EC57BA4C76218F17F933DB9EA7D2FC696177F99EE59550704,"希望课后服务能多帮孩子巩固学习,减轻我们报校外培训的压力","领导您好。我家孩子上小学,我们是普通城镇家庭,收入不高,大人文化程度也有限。暑假里学校有课后服务,我们让孩子参加了,但为了孩子学习不掉队,目前还在外面报了一门学科培训。虽然现在培训费用比以前降了一些,但对我们来说长期还是一笔不小的开销。听说现在校外学科培训管得比较严,一些机构也少了,我们有点担心以后想补课都不好找,或者价格又会上来。孩子平时作业量现在还算合适,睡眠也充足,我们很知足,就怕升入高年级后学习难度增加,家里人手虽多但能辅导功课的人少。希望学校课后服务能把作业辅导和学科基础巩固做得更实在一些,时间上也能真正衔接好,这样我们这样的家庭就能少依赖校外培训,孩子也能学得更踏实。谢谢。"
B12946D20FC06494A0BAB8B8C710664433C1CA88745838467A6762E568F640A9,"希望加强学校课后服务,减轻家庭校外培训负担","领导好,我是一名小学生的家长。我们家在镇上,经济条件不太好,家里人口多,只有一个人有工作,供孩子上学压力已经很大。孩子现在上小学,学校不是公办的,暑假也参加了学校的课后服务。我们一直坚持给孩子报学科类校外培训,虽然费用没有涨太多,但对我们这样的家庭来说还是一笔不小的开销,不报又怕孩子跟不上。我们听说低年级原则上不布置书面家庭作业,但以前也见过有的学校作业多得孩子写到很晚,心里很担心开学后又变成那样。我们觉得学校课后服务时间其实可以利用起来,加强作业辅导和学习巩固,这样我们就不一定非要去外面补课了。希望领导能督促学校把课后服务做实,或者对校外培训收费加强监管,帮我们减轻一些负担,让孩子能安心上学。"
687D9CC5E6018A019CB530AC0A4958D20346D8D466A13D2EB53FDCD7DC3F9FCE,"希望持续巩固作业减负成果,提升课后服务替代校外培训","领导您好,我是本地一名小学生家长。家里经济条件不宽裕,孩子目前书面作业基本符合规定,但我们一直担心开学后作业会反弹。以前周围就有孩子作业写到晚上十点还做不完,家长只能到处反映。现在暑假孩子参加了学校课后服务,但我们还是给孩子报了学科培训班,虽然费用比原来降了一些,对我们这样收入不高的家庭仍然是一笔不小开支。希望领导能继续督促学校严格落实作业总量要求,不要布置过多书面作业;同时把课后服务真正办好,内容更丰富、辅导更到位,让孩子在校内就能完成学习和巩固,减少家长对校外培训的依赖,这样我们心里才踏实。谢谢领导。"
95DEE2B65F13FEF3C065152AEDFD58833353D928083849DDB6FF38F4FB55F632,"希望加强学校课后服务,减轻家庭校外培训负担","领导好,我是一名小学生的家长。我们家在镇上,经济条件不太好,家里人口多,只有一个人有工作,供孩子上学压力已经很大。孩子现在上小学,学校不是公办的,暑假也参加了学校的课后服务。我们一直坚持给孩子报学科类校外培训,虽然费用没有涨太多,但对我们这样的家庭来说还是一笔不小的开销,不报又怕孩子跟不上。我们听说低年级原则上不布置书面家庭作业,但以前也见过有的学校作业多得孩子写到很晚,心里很担心开学后又变成那样。我们觉得学校课后服务时间其实可以利用起来,加强作业辅导和学习巩固,这样我们就不一定非要去外面补课了。希望领导能督促学校把课后服务做实,或者对校外培训收费加强监管,帮我们减轻一些负担,让孩子能安心上学。"
2564EFCCD0F10F6AC2084AA99CA15F2C06AF5AE8437B056B2757D59408EBF76A,关于课后服务质量和减轻家庭培训负担的建议,"领导您好,我家孩子上小学,目前作业不多,晚上睡得也早,这一点我们比较满意。孩子这学期参加了学校课后服务,我们也希望课后服务能真正内容丰富,有老师辅导作业或开展一些兴趣活动,而不是简单看管。我们家经济条件一般,虽然现在校外培训费用降了,但孩子还在上学科培训,每月仍是一笔开销。如果能用好课后服务,让孩子在学校就把学习任务完成,我们也能少报些班,减轻负担。另外,现在低年级虽然作业少,但怕以后年级高了作业又变多,希望持续监督学校作业量,别让政策落实打折扣。"
1A22CEEE6AE3009B1D39D9CDE920A23E61A3E0C8D01D25A98CA722D21B5F7B1B,关于小学低年级书面作业负担的反映,"领导您好,我是孩子家长,孩子正在读小学低年级。按照这个年级的规定,原则上是不布置书面家庭作业的,但最近我发现孩子暑假里还在写一些书面作业,这让我挺担心。我和家人文化程度不高,辅导起来很吃力,家里经济条件也一般,没有多余的钱给孩子报辅导班。孩子本来睡眠时间还算充足,现在为了写作业有时要晚睡,我们看着也心疼。希望有关部门能核实一下情况,是不是有学校或老师布置了额外书面作业,督促学校真正落实减负要求,让孩子假期能有更多休息和自主学习的时间,别让作业都压到我们家长身上。"
7F52681DE2FE914EC4887098B51DCC9DEC95E2D215E241645450B095EA0B68E1,"希望加强小学作业管理,减轻孩子负担","领导您好,我是东部城镇的一名小学生家长,家里条件一般,文化水平也不高。这个月孩子在家还是有书面作业要写,按说这个年级是不该布置书面家庭作业的,我们担心开学以后作业会更多,孩子负担重。新的作业管理规定已经要求学校统筹作业总量和时长,希望领导能督促学校严格落实,尤其是低年级不要布置书面家庭作业,高年级也控制好时间,别把作业压力都推给家长。另外学校不是公办,我们更希望课后服务能真正自愿参加、内容丰富,让孩子在学校完成作业或者参加活动,这样我们家长也能安心。谢谢领导。"
4BA263E6E049F74F93F1C49E60ABEA3422B4D101262067F3EBC3E8BB72C3507A,关于低年级书面家庭作业情况的反映,"领导您好,我是一名小学生家长,家住城镇。我的孩子现在读小学低年级,不属于毕业班。按照有关规定,这个年级是不应该布置书面家庭作业的,可最近我发现孩子的书面作业情况与规定不符。我们家长文化水平不高,辅导作业很吃力,孩子还小,每天写完作业后剩下的休息和运动时间就少了。我们希望学校能严格落实不布置书面家庭作业的要求,让孩子多一些睡眠和户外活动的时间。另外,孩子目前没有参加学校的课后服务,如果学校课后服务能提供一些作业辅导或看护,对我们这样的家庭会很有帮助。恳请领导关注此事,督促学校减轻低年级孩子的作业负担。"
A5A2323B59F4C53FB087891969059670A2EB4E0635DCB6BE1017908151F45501,希望学校课后服务能真正自愿、不额外收费,"领导您好,我是小学孩子的家长。我们家经济条件一般,我文化程度不高,辅导孩子学习有些吃力。这学期学校开展课后服务,孩子也参加了,每天时间不算短。我们心里有些担心:课后服务会不会变成变相补课,或者只是让孩子干坐着,反而增加孩子的负担?过去听说过强制补课让孩子作业完不成、没有自主学习时间的事,我们不想孩子也这样。希望领导能督促学校把课后服务办得实在些,坚持自愿参加,内容能丰富一点,最好能辅导孩子学习,不要额外收费,给像我们这样的家庭减轻负担。同时,也请关注孩子的休息和自由活动时间,别让课后服务影响了正常睡眠。"
0776C44407E1CE882B0868DA2102EE1FD815C3F54D46928B1486C35B3476CAF7,关于请求督促学校落实减负政策不要布置书面家庭作业的建议,"领导您好,我是一名小学生的家长。我家住在城镇,家庭经济条件一般,我和孩子妈妈文化程度不高,辅导孩子功课比较吃力。按照政策规定,我家孩子这个年级原则上不应该布置书面家庭作业,可最近我发现孩子这个月的书面作业情况与规定不太相符,孩子有时要花不少时间写作业,我们看着心疼,也帮不上忙。我们家人口多,平时事情也多,作业一多全家都跟着着急。孩子本来睡眠时间挺充足的,我们担心作业多了会影响他休息和身体。我们希望领导能帮忙督促学校严格执行减负规定,不要给这个年级的孩子布置书面家庭作业,让孩子放学后能有更多时间休息、锻炼和看看课外书,也减轻我们家长的负担。谢谢领导关心。"
216437E9822A35798DBBC9D5F049C17075F9C91E19BE3D5B86F195527DE53322,"课后服务要真自愿多样,别让孩子低效耗时间","领导好,我家孩子上小学低年级,最近学校提供课后服务,我们让孩子参加了。每天在学校多待两个多小时,孩子小,回家后明显疲惫,我们感觉服务内容还不够丰富,有时就是坐在教室里,老师也不怎么组织活动。我们文化不高,本来希望课后服务能帮孩子辅导一下,现在担心效率不高,反而占用了孩子在家休息和自主阅读的时间。听说课后服务要自愿、内容多样,可我们怕有的学校会变相强制或只是看管。希望领导督促学校真正落实自愿原则,丰富活动内容,别让课后服务变成变相补课或低效看管,也考虑一下我们普通家庭的经济负担。"
8872FA1846D9F9F5A4F7670A3C3EEDF6B02E3677820F24971A573DC72DD6F67F,关于请求督促学校落实减负政策不要布置书面家庭作业的建议,"领导您好,我是一名小学生的家长。我家住在城镇,家庭经济条件一般,我和孩子妈妈文化程度不高,辅导孩子功课比较吃力。按照政策规定,我家孩子这个年级原则上不应该布置书面家庭作业,可最近我发现孩子这个月的书面作业情况与规定不太相符,孩子有时要花不少时间写作业,我们看着心疼,也帮不上忙。我们家人口多,平时事情也多,作业一多全家都跟着着急。孩子本来睡眠时间挺充足的,我们担心作业多了会影响他休息和身体。我们希望领导能帮忙督促学校严格执行减负规定,不要给这个年级的孩子布置书面家庭作业,让孩子放学后能有更多时间休息、锻炼和看看课外书,也减轻我们家长的负担。谢谢领导关心。"
21D1D688EB18EA5DC4885D608E941261CF23A321413AA46564FCCFDB3C31354F,关于假期学校课后服务可能加重负担的担忧,"领导您好。我家孩子正在上小学,这个暑假参加了学校组织的课后服务。孩子平时睡眠比较足,家里人多也能搭把手,但我们经济条件一般,文化水平也不高,对政策了解不多。现在都说要给学生减负,可暑假本来就是让孩子休息调整的,我怕学校课后服务变成变相的集体补课,或者安排太多内容,把假期又占满了。以前就听人说有的地方补课效率低,孩子作业完不成,连自主学习和休息的时间都没有,我们很担心自己孩子也遇到这种情况。我们希望上级能对假期课后服务加强监管,明确服务内容以看护、兴趣活动为主,不要讲新课、赶进度,也不要布置额外书面作业,真正让孩子在假期里喘口气。另外也希望学校能多听听家长和孩子的想法,自愿参加就是自愿,不要变相强制。我们家长文化不高,只能靠领导多督促学校把好事办好。"
DCC082B5740BD83A66C5CB190F4D237CD600F4FF5C09A87247FB4EEF17A2FAE4,关于请求督促学校落实减负政策不要布置书面家庭作业的建议,"领导您好,我是一名小学生的家长。我家住在城镇,家庭经济条件一般,我和孩子妈妈文化程度不高,辅导孩子功课比较吃力。按照政策规定,我家孩子这个年级原则上不应该布置书面家庭作业,可最近我发现孩子这个月的书面作业情况与规定不太相符,孩子有时要花不少时间写作业,我们看着心疼,也帮不上忙。我们家人口多,平时事情也多,作业一多全家都跟着着急。孩子本来睡眠时间挺充足的,我们担心作业多了会影响他休息和身体。我们希望领导能帮忙督促学校严格执行减负规定,不要给这个年级的孩子布置书面家庭作业,让孩子放学后能有更多时间休息、锻炼和看看课外书,也减轻我们家长的负担。谢谢领导关心。"
CE63A1DC3CF4A5C5F2E0B67A1C2BF268E6612C9D55F638440AB59CD4483E3389,关于规范学校课后服务、减轻家长负担的诉求,"领导您好,我是小学孩子的家长。我们家里条件一般,大人文化水平不高,辅导作业很吃力。孩子这个月参加了学校的课后服务,我们很感谢有这个安排。但心里也有些担心,怕课后服务变成变相补课或者额外收费,加重家里负担。希望领导能督促学校把课后服务真正办好,坚持自愿参加,内容多样一点,不要强制,也不要变相收费,让孩子有真正的休息和活动时间,也能减轻我们家长的辅导压力。另外孩子作业目前符合规定,我们很支持,希望以后也能一直这样。"
CE165DC4AC40BA6A28566AD9117CC6FD5EBF73B3D5542FD701BB20E02BCCA14B,希望加强普通公办初中师资和管理,"我家孩子在公办普通初中上学,暑假里作业量符合规定,睡眠时间也充足,我们比较满意。但我心里一直有个担忧:学校不是重点,师资力量可能不够强,好老师留不住,管理上也不如一些好学校。我和爱人文化程度不高,辅导不了孩子功课,家里经济条件还可以,但也不想只靠校外补课。我们最大的愿望是孩子能考上大学,接受好的教育。希望领导能重视普通公办初中的建设,在教师配备、教学管理上多给支持,让普通学校的孩子也能享受公平有质量的教育。"
CEB443DAF2FBFE37978959C05EDB443CD205303C7F4FFBA8A398F732B85011AB,关于新学期课后服务落实的几点期盼,"领导您好,我是一名初中学生家长。孩子就读公办初中,学校不算重点,离家近,平时作业时间基本符合规定。但我和家人文化程度不高,辅导初中功课越来越吃力。听说现在要求学校完善课后服务,强调自愿参加、时间衔接和内容多样,我们很期待,但也担心执行走样。怕学校只是把学生圈在教室写作业,或者变相补课,师资跟不上,活动单一。我们不希望孩子去外面报培训班,既增加负担又不放心,更希望校内能解决作业指导和兴趣拓展。恳请领导督促学校在新学期真正落实自愿原则,不强制参加;课后服务能提供有效作业辅导和多样活动,缓解我们辅导压力;同时保障师资和经费,让老师有精力做好服务,而不是疲于应付。谢谢领导关注。"
9F1F7A0C7E2800989F90111038E3314C0C1B4392B9475C0AA1CB512DD12EF4C5,关于初中学校课后服务与作业辅导的请求,"我家孩子就读公办初中,学校不是重点,但我们一直重视教育,希望孩子能考上大学本科。我本人文化程度只有初中,孩子现在的功课我已经辅导不了。寒假期间孩子书面作业还符合规定,但马上开学了,担心作业难度和量增加,孩子在家遇到问题没人指导。目前孩子没有参加学校课后服务,我们不清楚具体原因。希望政府能督促学校在春季开学后提供课后服务,特别是作业辅导和答疑,让孩子在学校基本完成作业,减轻家长负担,也减少孩子晚上写作业的压力,保证睡眠。另外,也担心普通学校师资不稳定,希望教育部门加强对这类学校的教学管理,让孩子得到更稳定的教育质量。"
5A25631D4048E43990C3761100800F99A023E896C719C7464884129DDB1DA735,关于进一步提升初中课后服务质量的建议,"领导您好。我是东部地区一名初中生家长,孩子就读公办初中非毕业年级,目前参加了学校课后服务。我们非常支持课后服务安排,但也担心课后服务内容是否足够多样、师资能否稳定。作为文化程度不高的家长,我们辅导初中功课比较吃力,希望课后服务在作业指导上更细致,帮助孩子在校内消化知识,回家后能有更多休息和自主阅读时间。同时,现在校外学科培训选择减少,学校课后服务对孩子全面发展的作用更加重要,希望上级能统筹保障课后服务师资和经费,增加体育、科技、艺术类活动,避免课后服务变成单纯看管或集体刷题。谢谢领导关心。"
E40ABF41DF9D84E2357EE2BC2122C2646284FF4EFE9878EE3283688D7841BA53,关于初中生暑假学习安排及新学期课后服务保障的诉求,"领导您好,我是初中学生家长。孩子就读公办非重点学校,通学方便,本月书面作业量符合规定,睡眠也比较充足,这让我们放心。但作为家长,我学历不高,辅导孩子功课吃力,家里经济条件尚可但孩子从未参加过校外学科辅导,这个暑假也未参加学校课后服务。暑假期间孩子学习主要靠自己,我们担心开学后跟不上,特别是非重点学校师资和资源相对薄弱。希望政府能重视这类学校的课后服务供给,新学期能提供更丰富的校内辅导和拓展活动,同时加强师资配备和管理优化,让孩子在校内就能获得足够支持,减轻家长负担,避免教育差距拉大。恳请相关部门核查并协调落实。"
A928C8F84A1639D6BF016D89A6F6C95C67BF125D74782263BA11884C3446C908,关于提升初中课后服务质量与师资配备的诉求,"我是一名初中生家长,孩子就读公办初中,离家较近,目前暑假期间也在参加学校课后服务。孩子书面作业量符合规定,睡眠也比较充足,我们很认可现在的导向。但作为文化程度不高的家长,家里经济条件虽能支持,却一直没给孩子报过学科类培训班。现在校外学科培训明显减少,我们更依赖学校课后服务来帮助孩子巩固学业。从周边家长交流中常听到对课后服务师资不稳定、管理跟不上的担心,怕两个多小时的课后时间变成单纯看管,孩子做作业遇到问题得不到有效讲解,尤其初中课程我们家长已经辅导不了。希望领导重视初中课后服务的师资配备和管理考核,让课后服务不只是延长时间,而是真正有老师指导、有质量保障,帮助我们这样的家庭减轻焦虑,也让孩子在校内学得更扎实。"
F23F50ECDB5D3867A1BB1B088E768CCAFA282614012566CBDE7D6CF8D88C0B7A,关于初中生暑假学习安排及新学期课后服务保障的诉求,"领导您好,我是初中学生家长。孩子就读公办非重点学校,通学方便,本月书面作业量符合规定,睡眠也比较充足,这让我们放心。但作为家长,我学历不高,辅导孩子功课吃力,家里经济条件尚可但孩子从未参加过校外学科辅导,这个暑假也未参加学校课后服务。暑假期间孩子学习主要靠自己,我们担心开学后跟不上,特别是非重点学校师资和资源相对薄弱。希望政府能重视这类学校的课后服务供给,新学期能提供更丰富的校内辅导和拓展活动,同时加强师资配备和管理优化,让孩子在校内就能获得足够支持,减轻家长负担,避免教育差距拉大。恳请相关部门核查并协调落实。"
E3F7659A24A9C7C9DB8B8755BD222F7D44DF79066152CBDCDE551A10CFC4C55D,关于提升初中课后服务质量的建议,"我是初中学生家长,孩子就读公办学校。我们夫妻文化程度不高,孩子上初中后功课越来越难,辅导起来很吃力。以前没给孩子报过学科类培训班,现在校外培训也少了,我们对学校课后服务寄予很大希望。这个暑假孩子参加了学校课后服务,但我们担心课后服务只是集中看管,缺少作业辅导和多样活动。政策要求课后服务自愿参加、时间衔接、内容多样,希望领导能督促学校落实到位,加强师资配备,特别是对初中生提供针对性作业指导和素质拓展。孩子平时书面作业时间符合规定,我们不是要求增加作业,而是希望在校内能高效完成作业、得到讲解。请相关部门核查协调,让课后服务真正帮助孩子成长,减轻家长负担。"
AA76E5B9455E88CC60B00118417D41267C40A2EA85EA381E38816D7B5855F07F,关于初中生暑假学习安排及新学期课后服务保障的诉求,"领导您好,我是初中学生家长。孩子就读公办非重点学校,通学方便,本月书面作业量符合规定,睡眠也比较充足,这让我们放心。但作为家长,我学历不高,辅导孩子功课吃力,家里经济条件尚可但孩子从未参加过校外学科辅导,这个暑假也未参加学校课后服务。暑假期间孩子学习主要靠自己,我们担心开学后跟不上,特别是非重点学校师资和资源相对薄弱。希望政府能重视这类学校的课后服务供给,新学期能提供更丰富的校内辅导和拓展活动,同时加强师资配备和管理优化,让孩子在校内就能获得足够支持,减轻家长负担,避免教育差距拉大。恳请相关部门核查并协调落实。"
4706BA2369BE451640BFC38C421943C082E98F40AE8542B3535941932EB9113C,关于提升公办初中课后服务学业指导实效的建议,"作为初中学生家长,孩子目前参加学校的课后服务,这给我们双职工家庭解决了放学后看管问题,我们很感激。但孩子进入初中后学业难度加大,我们自身学历有限,辅导孩子功课越来越吃力。现在校外学科培训选择大幅减少,我们更希望学校课后服务能提供扎实的作业辅导和答疑,帮助孩子跟上学习进度。我们了解到学校不是重点学校,资源相对普通,担心课后服务以看管为主,作业指导和学业提升作用有限;也担心师资力量能否满足课后服务的内容要求。希望政府能加强对学校课后服务的督导和保障,确保课后服务时间不被低效占用,切实提升作业指导和学科辅导质量,让我们家长安心,也让孩子在校内就能获得应有的学业支持。"
E35F9A4E00A7180BAC72AADDF3E1C241BC066A04090FB3A42E6D9A2BD9CF506B,关于暑假合理安排小学生学习活动减少线上屏幕时间的建议,"尊敬的领导:我是一名小学生的家长,孩子就读公办小学,目前暑假书面作业量符合规定,我们很认可。但也看到一些学校假期会通过网课、打卡等方式布置学习任务,孩子长时间盯着屏幕,家长很担心眼睛健康。我们家庭父母都在上班,陪伴时间有限,更希望孩子假期能多读经典、参与家务、写写日记,培养自主学习和生活能力,而不是被线上课程填满。恳请领导关注此类现象,指导学校在假期减少不必要的线上学习任务,多布置阅读、实践类活动,让孩子身心得到全面发展。谢谢!"
655102162E4C9D1374AFF6B1FFD4A6025F9297FD495628176773A96BB7171C4F,关于新学期课后服务和作业安排的期盼,"领导您好,我是一名小学生家长。孩子秋季开学后不在毕业班,我们夫妻都在上班,下午接孩子时间比较紧张。听说学校要完善课后服务,我们很期待,但也担心课后服务会不会只是把孩子留在教室里写作业或看屏幕,反而增加负担。孩子现在睡眠和作业时间还算正常,希望新学期学校能统筹好书面作业总量,把课后服务时间真正用来开展体育锻炼、阅读、劳动实践或兴趣活动,不要变成变相补课。也希望学校加强作业指导,让孩子在学校尽量完成大部分书面作业,回家后有时间自主阅读、做点家务或者写写日记。孩子还小,保护视力和身体很重要,学习不能只盯着书本和屏幕。恳请领导督促学校把课后服务办好,让我们家长安心工作。"
6EC5084317B8483BEF02A35E51E5AAF09B1D30BD2DD6B2E7067F20B95DEDFC4E,"希望加强小学课后体育与自主学习指导,减少电子屏幕依赖","领导您好,我是一名小学生家长,孩子就读公办小学,目前不是毕业年级。我们家在城镇,父母都要上班,家里照看孩子的人手少,对孩子放学后的安排比较发愁。寒假这段时间孩子睡眠时间比较充足,学校布置的书面作业也符合规定,我们很认可。但马上要春季开学,我们担心开学后孩子在家过多接触手机、电脑,影响视力和身体。我们身边也有一些家长反映网课太多、长时间看屏幕眼睛受不了,希望学校能多指导孩子自主学习、阅读经典、做家务,而不是把时间排满。另外,我们希望学校能利用课后服务时间多安排户外活动和体育锻炼,也请相关部门关注一下小学的体育场地和设施条件,有些学校连基本的足球场都没有,孩子想跑跑跳跳都没地方。我们家庭经济条件还可以,也愿意配合学校,但更希望学校能在校内提供高质量的课后服务,让孩子少用电子产品,多运动、多阅读,真正全面发展。谢谢。"
7E3174B67ECCFF3D5C8F7F19A69337CD8307CE5061E238307CCA230F348432DD,关于丰富小学课后服务内容、保障孩子视力与体质的建议,"我家孩子上小学,目前不是毕业年级。我们是双职工家庭,工作日确实需要学校课后服务,这个月孩子也参加了。课后服务时间较长,我们有些担心内容安排不够均衡,如果长时间待在室内、接触屏幕,或者户外活动和体育锻炼不足,可能影响孩子视力和体质。孩子平时睡眠还可以,作业时间基本符合要求,但放学后这两个小时如果只是看管或看屏幕,对身心帮助有限。希望领导在春季开学后督促学校进一步优化课后服务,多安排户外运动、自主阅读、作业指导和力所能及的劳动实践,减少不必要的电子屏幕使用,让孩子放学后的时间真正有益身心。谢谢。"
D336EC24B2B672B95FDCBA4E2ECF82F18C651370C8D7E19956D0799D65DACC3F,关于暑假期间减少小学生线上学习时长、保护视力的建议,"领导您好。我家孩子正在上小学,暑假期间我们家长白天上班,孩子在家。目前孩子的书面作业量符合规定,我们很感谢。但我们了解到一些地方和学校在假期过多依赖网课、线上打卡和电子作业,孩子长时间盯着屏幕,眼睛负担很重。我们很担心孩子也会遇到类似安排。希望教育部门能指导学校合理安排假期学习,不要排满网课,多引导孩子阅读经典、做力所能及的家务、写日记,培养自主学习和生活能力。这样既能保护视力,也能让孩子过一个充实的暑假。谢谢。"
E7E4E2F10064095B0947C57E0A8DF886BB810B84C3E0EA571D8A4A983ED21364,关于优化小学课后服务内容的建议,"领导您好。我是一名小学生家长,孩子就读公办小学,这个暑假参加了学校提供的课后服务。我们家庭经济条件尚可,之前没有给孩子报过学科类培训班,平时孩子睡眠也比较充足。我们支持学校办课后服务,但很关心服务内容是否多样、质量是否有保障。身边有相似处境的家长反映,一些课后服务主要是看管写作业或让孩子长时间看电子屏幕,户外活动、经典阅读和劳动实践偏少,孩子眼睛负担重,也谈不上全面发展。我们期望孩子将来能考上本科,但不希望只盯着分数,更希望孩子学会自主学习、做点家务、写写日记,养成好习惯。希望领导能督促教育部门指导学校丰富课后服务内容,落实自愿、多样的要求,减少不必要的屏幕时间,增加体育锻炼和阅读指导,让孩子在校内把时间用好,而不是简单延长在校时间。"
A765254BEBB8E10C21F162FD65187B6A48B01081983F2C2F1CE23F66DF9CF2E1,关于暑假期间减少小学生线上学习时长、保护视力的建议,"领导您好。我家孩子正在上小学,暑假期间我们家长白天上班,孩子在家。目前孩子的书面作业量符合规定,我们很感谢。但我们了解到一些地方和学校在假期过多依赖网课、线上打卡和电子作业,孩子长时间盯着屏幕,眼睛负担很重。我们很担心孩子也会遇到类似安排。希望教育部门能指导学校合理安排假期学习,不要排满网课,多引导孩子阅读经典、做力所能及的家务、写日记,培养自主学习和生活能力。这样既能保护视力,也能让孩子过一个充实的暑假。谢谢。"
1A201150F4E33105F5179FC571DBF7C3B8E23709DDD5A0D95B63E0F93A6C5656,关于提升课后服务内容质量的建议,"领导您好,我是东部城镇一名小学生的家长。孩子目前在公办小学就读,这个月参加了学校的课后服务。作为双职工家庭,课后服务解决了我们接孩子和辅导作业的难题,我们非常感谢。但同时也有些担心:课后服务会不会只是简单看管,或者变成变相补课,而没有真正提供体育、艺术、科技等多样化的活动?现在学科类校外培训收缩,我们更希望学校能在课后服务中提供丰富的素质拓展和自主学习指导,帮助孩子全面发展,而不是把这段时间变成另一种负担。希望教育部门加强对学校课后服务的指导和监督,确保内容多样、时间衔接合理,真正让家长放心、孩子受益。"
F105EB183B2A3596504B91460F54020DB17453E9FD17FFC0E6AEE5A623AF3C5B,关于暑假期间减少小学生线上学习时长、保护视力的建议,"领导您好。我家孩子正在上小学,暑假期间我们家长白天上班,孩子在家。目前孩子的书面作业量符合规定,我们很感谢。但我们了解到一些地方和学校在假期过多依赖网课、线上打卡和电子作业,孩子长时间盯着屏幕,眼睛负担很重。我们很担心孩子也会遇到类似安排。希望教育部门能指导学校合理安排假期学习,不要排满网课,多引导孩子阅读经典、做力所能及的家务、写日记,培养自主学习和生活能力。这样既能保护视力,也能让孩子过一个充实的暑假。谢谢。"
6BBFDE36298E7FDA27D6D291F5D78585466986C07C3FBC7C7D4DF45373E159FB,关于学校课后服务内容安排的建议,"领导您好,我是一名小学生家长。我们夫妻都在上班,暑假期间孩子按照学校安排参加了课后服务,这确实缓解了我们的看护压力。但我们比较担心课后服务内容单一,孩子长时间待在教室或使用电子屏幕,影响视力和身体发育。希望学校在落实课后服务时,能多安排经典阅读、体育锻炼、适当家务体验、写日记等,引导孩子学会自主安排学习,而不是变成变相的补课或刷题。也希望相关部门能加强指导和日常了解,让课后服务真正起到衔接家庭照护、促进全面发展的作用,不增加孩子的负担。谢谢。"
937E7F6310CFDC2F9931D313AE641AE139D1A8D77D144A86DC81E2F3C2BC021D,担心重点小学开学后作业加码影响孩子作息,"领导您好。我家住在乡村,孩子就读的是公办重点小学,单程上学要花较长时间。目前暑假里孩子作业量还算正常,睡眠也比较充足。但想到开学后,我有些担心:同省一些地方有家长反映,有的学校为了抓成绩,早上很早就要学生到校早自习,放学又晚,作业常常做到深夜。我家经济条件有限,没法给孩子额外报班,只能依靠学校合理教学。孩子还小,长期这样早起赶路、熬夜写作业,身体会垮,也会厌学。希望领导能督促学校严格落实作业和作息要求,不要因为是重点学校就额外加码,保障乡村孩子也有充足睡眠和课间运动。谢谢。"
EDE0E23D948968E8D18CD6051C53C3AE0CB7240881B339C4D5D06FCA8E963D5A,关于减轻农村小学生作业负担和保障课后服务的建议,"领导您好,我是一名农村小学生家长。孩子现在读小学,不在毕业班。这个暑假孩子的书面作业不多,基本能在一小时内完成,我们比较放心。但孩子学校离家较远,每天路上单程就要花不少时间,开学后如果作业量增加,再加上路上奔波,很担心孩子睡眠不足,影响身体和学习兴趣。我们家庭条件一般,也没有给孩子报过校外补习班,就指望学校能把作业和课后服务安排好。听说现在要求学校统筹作业总量、加强校内指导,课后服务也强调自愿、内容多样。希望我们这里的学校能真正落实,让孩子在学校就能把作业完成大部分,回家后能早点休息。参考其他家长的情况,有的孩子以前作业写到深夜,家长很心疼,我们也怕这样。请领导督促学校关注农村孩子的实际困难,合理安排作业,提升课后服务质量。谢谢。"
E42AED18B7E19825F691B3AA9C497F325DB215E1CFE2EB1072FDD6A2E4D68C43,关于保障乡村小学生睡眠与学习质量的建议,"我家孩子就读公办小学,学校离家较远,单程通学时间长,孩子每天参加课后服务。目前孩子书面作业时间虽然符合规定,但开学后如果课后服务结束较晚,加上回家路上时间长,担心孩子在家完成剩余作业会睡得很晚,影响身体和学习状态。孩子睡眠时间目前还算充足,但长期这样下去怕他疲劳厌学。我们家庭经济条件一般,也没法在校外补课,只能依靠学校。希望上级能协调学校合理安排课后服务内容,尽量让孩子在校完成作业,减少回家后的书面任务,保证孩子每天有足够睡眠。另外,作为乡村家长,我们也希望加强乡村学校教师配备,避免频繁更换老师,让孩子能接受稳定、优质的教育。"
4AEB0BA3A9BFDA5D1A83A0E770C81963D6B31B7CC84E0D850F08C5442F76C26F,关于课后服务与农村孩子作息的担忧,"我家孩子在乡下一所公办重点小学读书,每天单程通学时间较长,本月参加了学校课后服务。目前书面作业时间虽然还在规定范围内,但周围家长曾说起有些学校过去让孩子赶早自习、作业做到深夜,我们很担心开学后课后服务会变成变相补课或简单看管,导致孩子回家还得赶作业,加上路远,睡眠和运动时间被挤占。我家经济条件一般,孩子没上过校外学科培训,更指望学校把课堂和课后服务安排好。希望上级部门开学后到校核查课后服务内容,督促学校把课后时间用于作业指导、兴趣活动和体育锻炼,别变相加课;同时结合农村孩子通学距离,统筹作业总量,保障孩子睡眠和运动。谢谢。"
9242C9CE644356FF27D808E9ADE8BDCA0C40653C17B798518884ABD825708C8C,关于乡村孩子通学时间长影响休息的诉求,"我家在乡村,孩子上的是公办重点小学,单程通学时间比较长。暑假学校有课后服务,孩子每天去,虽然目前睡眠时长还可以,但我担心开学后如果还要早起赶路,再加上作业时间,孩子会太累。以前听说有些孩子因为通勤远,早上五六点就要起床,晚上很晚才睡,身体搞垮。我希望领导能关注乡村学生通勤问题,协调学校或交通,优化课后服务时间,别让课后服务变成变相补课,最好能安排一些体育活动,让孩子有休息和锻炼的时间。孩子还小,身体健康最重要。"
D82FC62C3F6BDDD804AA672B323798B2C2B08F895ACD8FF9A26619FB073DE6B3,关于农村小学生课后服务质量和作业负担的诉求,"尊敬的领导:您好!我是中部农村一名小学生家长,孩子就读于乡镇的重点小学,离家比较远,每天上下学路上时间不短。家里经济条件一般,没有给孩子报过校外培训班。这个月学校提供了课后服务,孩子也参加了,每天两个多小时。目前看孩子的书面作业量还在规定范围内,睡眠也还算充足,这让我们稍微放心一些。但身边一些大孩子家长反映以前作业经常写到深夜,早上很早就要赶车上学,孩子很疲惫。我们担心开学后作业负担会反弹,也担心课后服务变成只是把学生聚在一起自习或者变相上课,不能真正解决我们辅导不了的问题。因为我们自己文化程度有限,辅导作业很吃力,非常希望通过学校的课后服务让孩子在校内把作业基本完成,有老师指导一下,再参加一些有益的活动。所以想请求领导重视农村学校的课后服务质量,督促学校合理安排课后服务内容,加强作业辅导,不要额外增加孩子负担,同时考虑到农村孩子上学路途远,课后服务结束时间不要太晚,保证孩子回家有足够休息。另外,希望课后服务收费要透明合理,不要给农村家庭增加经济压力。谢谢!"
45D8B2C7FB27338D9CD8D227DD7A6580AAEA8140396737C4F4A42F9935F9D747,关于乡村孩子通学时间长影响休息的诉求,"我家在乡村,孩子上的是公办重点小学,单程通学时间比较长。暑假学校有课后服务,孩子每天去,虽然目前睡眠时长还可以,但我担心开学后如果还要早起赶路,再加上作业时间,孩子会太累。以前听说有些孩子因为通勤远,早上五六点就要起床,晚上很晚才睡,身体搞垮。我希望领导能关注乡村学生通勤问题,协调学校或交通,优化课后服务时间,别让课后服务变成变相补课,最好能安排一些体育活动,让孩子有休息和锻炼的时间。孩子还小,身体健康最重要。"
B5F6C4020B79BDAB7B1804E170B57700A35999F95580ACE4D815757643F507E7,农村孩子通学远盼协调课后服务安排,"领导您好,我是中部地区一名农村小学生的家长。孩子就读的是公办重点学校,离家较远,单程通学时间长。这个月学校开展课后服务,孩子每天都在参加。虽然目前书面作业不多,孩子睡眠也还算充足,但我很担心开学后课业增加,孩子在校时间加上通勤时间过长,长期下来会影响身体和休息。我们家庭条件一般,以前也没有给孩子报过校外培训班,主要靠学校。希望领导能关注农村孩子通学远、课后服务时间衔接的问题,协调学校合理安排课后服务内容和时长,或者提供校车等交通保障,让孩子既能参加课后服务,又不会因为路途远而过度疲劳。"
C01ADED97886E98220FA09C623D042738D15F669AEDF84F48A35499C59AF04BF,关于乡村孩子通学时间长影响休息的诉求,"我家在乡村,孩子上的是公办重点小学,单程通学时间比较长。暑假学校有课后服务,孩子每天去,虽然目前睡眠时长还可以,但我担心开学后如果还要早起赶路,再加上作业时间,孩子会太累。以前听说有些孩子因为通勤远,早上五六点就要起床,晚上很晚才睡,身体搞垮。我希望领导能关注乡村学生通勤问题,协调学校或交通,优化课后服务时间,别让课后服务变成变相补课,最好能安排一些体育活动,让孩子有休息和锻炼的时间。孩子还小,身体健康最重要。"
2FA73CE23EDD96B93B7A8AC6A5F634BC292ED8492C2A91E005CD749A689F5D3B,关于农村学校课后服务质量和学生减负的建议,"您好,我是一名农村小学生的家长。孩子就读的学校离家较远,单程通学时间长。这个暑假学校开展了课后服务,孩子也参加了,我们家长很支持,但有一些担忧。我们家经济条件比较困难,没有能力在校外报班,就希望学校的课后服务能真正起到辅导作业、培养兴趣的作用。不过,我们听说一些农村学校存在师资不足、代课老师更换频繁的情况,担心课后服务会变成变相补课或单纯看管,质量难以保证。孩子每天路上花的时间已经很多,如果课后服务再增加压力,睡眠和运动时间就会更少,我们都希望孩子能健康成长。恳请政府能关注农村学校的课后服务,加大投入,保障师资和经费,丰富活动内容,真正把好事办好,让孩子既能完成作业,也有时间锻炼和休息。谢谢。"
12F9F28BD09AE5BD1BD672FCBE22B5367E03E320183F72D4DCBB52E49AB99664,"希望学校严格落实低年级作业减负,减轻家长负担","领导好,我是一名农村小学低年级学生的家长。我们两口子都在外打工,文化程度不高,家庭经济条件也一般。按政策,孩子这个年级不应该布置书面家庭作业,这个假期孩子也确实没什么书面作业,我们很欣慰。但快开学了,我们担心开学后学校和老师会通过微信群、手机APP等方式变相布置作业,要求家长辅导、检查、录视频,甚至让家长参与学校劳动。我们白天要上班,晚上回家时间有限,而且自己也不太会教,这些任务对我们来说压力很大。孩子现在睡眠时间比较足,我们希望他能健康长大,以后有机会上大学。希望领导能督促学校真正落实减负规定,不要给家长增加额外负担,让孩子能轻松学习,我们也能安心工作。"
9EE9356D689E410627E58C999F9350749F8916D8E3FF6A7C3416BC5311A6C127,关于减轻乡村小学生家长负担、落实课后服务的建议,"领导您好,我是一名东部地区乡村小学的学生家长。我们夫妻二人都在外打工,家里老人照看孩子,经济条件一般,文化程度也不高。孩子现在上小学,按政策低年级不布置书面家庭作业,我们很支持。但暑假里听其他家长说,有的学校会要求家长每天录视频、检查作业,甚至让家长参与学校菜地劳动,我们很担心下学期开学后也会遇到这样的情况。我们不是不愿意配合学校,实在是因为工作忙、文化低,怕辅导不了孩子,更怕老师因此责怪孩子。最近也听说现在要求学校统筹作业总量、加强课后服务,我们特别希望这些政策能真正落到我们乡村学校。请领导关注一下,督促学校不要把教学任务转嫁给家长,真正把课后服务办起来,解决我们双职工家庭的后顾之忧。谢谢!"
445C5305A96840F7AF1D719E8D20D5F214951792201D4F0C2196FB31283454BB,关于减轻农村低收入家庭课后服务与校外培训双重负担的建议,"领导您好,我是东部农村一名小学生的家长。家里经济条件不好,我和孩子妈妈平时都要上班,时间很紧,孩子放学后参加了学校的课后服务,但我们担心服务内容不能完全满足学习需要,为了孩子不掉队,还是咬着牙报了校外的学科辅导班,费用和以前差不多,每个月都是一笔不小的开销。马上要开学了,心里实在发愁。希望政府能关注农村低收入家庭的教育负担,推动学校课后服务提质,增加作业辅导和答疑,让孩子在学校就能学好,这样我们就不用再额外花钱报班了。同时也希望能加强对校外培训收费的监管,减轻我们这样的家庭压力。"
AF95564B1D5536219C2B4D0D6045E9145876B614787DA8549E2E20BC67C3745F,关于提升农村小学课后服务实效的建议,"我是东部乡村的一名小学生家长,家里经济条件一般,我们夫妻俩都要上班,每天时间很紧,文化程度也不高。孩子现在参加了学校课后服务,政策要求每周五天、每天两小时,确实解决了接孩子和看管的问题。但课后服务目前主要是看管和自由活动,内容比较单一,缺乏有针对性的学业辅导和兴趣活动。我们回家后也没能力辅导孩子,只能继续花钱报学科培训班。虽然现在培训费用比原来少了一些,但对我们这样的家庭仍然是笔不小的开支。希望领导能关注农村学校课后服务的实际质量,督促学校丰富内容,增加作业指导和阅读、体育锻炼,让孩子在学校就能学好,真正减轻家长负担,也减少对校外培训的依赖。"
12F4891ADB3F1D73E514D96E25DCBC404A9040D631FB42E186D9EC500E714160,"农村小学生家长负担重,课后服务和作业要求盼规范","我是一名农村小学生的家长,孩子读小学,不是毕业班。我们夫妻都在打工,文化程度不高,家里经济也不宽裕。这个暑假孩子书面作业看着不多,但家里还是咬着牙让孩子参加学科类补习,收费和以前差不多,负担不小。孩子虽然参加了学校课后服务,可我担心开学后老师又把辅导检查作业、拍视频上传这些任务压给家长。我们农村家长很多不会弄手机,老人更帮不上,下班又晚,实在应付不了。希望领导能督促学校把课后服务做扎实,少布置必须家长完成的隐性作业,不要让我们这些文化低、时间紧的农村家庭再被各种打卡和辅导任务压得喘不过气。"
583708DFF6E91FAF843EDEF2E252080A6C7ED5AA65BA61C5DDD65666D0814C1A,希望农村小学课后服务能真正帮家长减负,"领导您好,我是农村一名小学生的家长。我们两口子都在外上班,家里经济不宽裕,自己文化也不高,辅导孩子功课很吃力。现在孩子每天参加学校课后服务,我们很感激,但总感觉课后服务更多是看管,作业辅导和学习指导还不够扎实。孩子目前虽然作业不多,但我们担心以后老师会把检查作业、录视频这些任务压给家长。另外,虽然校外培训收费降了,我们为了孩子不落后,还是咬着牙给他报了一门学科培训,这钱对我们来说还是不小。希望领导能督促学校把课后服务内容再丰富一些,真正把作业辅导和兴趣活动做起来,让孩子在学校就能学好,我们就不用额外花钱补课了。也请关注一下农村家长负担重的问题,别让家长成了老师的助教。谢谢。"
A439D41B25C0C2FC80616C89323872D93D0612333401B1C3192EB0C372B99BD8,"农村小学生家长负担重,课后服务和作业要求盼规范","我是一名农村小学生的家长,孩子读小学,不是毕业班。我们夫妻都在打工,文化程度不高,家里经济也不宽裕。这个暑假孩子书面作业看着不多,但家里还是咬着牙让孩子参加学科类补习,收费和以前差不多,负担不小。孩子虽然参加了学校课后服务,可我担心开学后老师又把辅导检查作业、拍视频上传这些任务压给家长。我们农村家长很多不会弄手机,老人更帮不上,下班又晚,实在应付不了。希望领导能督促学校把课后服务做扎实,少布置必须家长完成的隐性作业,不要让我们这些文化低、时间紧的农村家庭再被各种打卡和辅导任务压得喘不过气。"
E549AC5F644F3D13E617C869EAB9C73983F938EC1E47DF11F30176A97B1722F3,建议加强课后服务辅导减轻农村家长负担,"领导您好,我是东部乡村的一名小学生家长。我们夫妻文化程度不高,都要上班,时间很紧。孩子这个暑假参加了学校课后服务,虽然听说原则上不布置书面家庭作业,但我们担心开学后作业辅导和课后服务质量跟不上。我们收入不高,看到学科培训收费降了些,但还是咬牙给孩子报了,就盼着孩子能跟上。我们更希望学校的课后服务能真正把作业指导、答疑辅导做扎实,而不是简单看管;也希望不要再出现让家长辅导检查作业、录视频这类情况。农村家长很多辅导不了,请教育部门督促学校把课后服务内容安排好,减少家长不得不花钱补课的压力。"
7024FEF3F51070065B3F5035552C6616517714A2DA2A163A94BFE998551F62D2,"农村小学生家长负担重,课后服务和作业要求盼规范","我是一名农村小学生的家长,孩子读小学,不是毕业班。我们夫妻都在打工,文化程度不高,家里经济也不宽裕。这个暑假孩子书面作业看着不多,但家里还是咬着牙让孩子参加学科类补习,收费和以前差不多,负担不小。孩子虽然参加了学校课后服务,可我担心开学后老师又把辅导检查作业、拍视频上传这些任务压给家长。我们农村家长很多不会弄手机,老人更帮不上,下班又晚,实在应付不了。希望领导能督促学校把课后服务做扎实,少布置必须家长完成的隐性作业,不要让我们这些文化低、时间紧的农村家庭再被各种打卡和辅导任务压得喘不过气。"
0AA13263EC1296D2318E5AC416451EF138BE87BA1EE1E58CA16E64D1F0EC0802,关于提高乡村小学课后服务质量的建议,"我是农村的一名小学生家长。家里条件不太好,我和孩子爸爸都要上班,时间紧,文化程度也不高,辅导孩子作业很吃力。孩子现在参加了学校的课后服务,按规定每天至少两个小时,但我们不清楚具体是怎么安排的,很担心只是让孩子干坐着,没有老师真正辅导学习、带着阅读或开展活动。同时,孩子还在外面参加学科培训,虽然收费降了一些,但对我们家来说仍然是不小的负担。真心希望领导能督促学校把课后服务做扎实:让老师利用这段时间指导孩子完成作业,开展阅读、体育、劳动实践等,不要又把辅导作业、拍视频打卡的任务推给家长。这样孩子在学校就能学好,我们也能少花冤枉钱上培训班。"
5A0557A5E5A4A40FBF6002A46EF96062C5308CCD08B6D8B71F57498977121A35,关于低年级书面家庭作业规定的落实诉求,"领导好,我是本地一名小学生家长。孩子现在上小学,按照这个年级的规定,原则上不应该布置书面家庭作业,但这个月发现孩子还是有书面作业任务,跟规定对不上。家里经济条件一般,我们平时工作忙,参与孩子学习的时间少,辅导书面作业比较吃力,也担心这类作业最后会变成让家长批改、打卡,增加家庭负担。孩子以前睡眠时间比较充足,我们希望假期和平时都能真正落实规定,让孩子多一点休息和课外阅读的时间。请教育部门督促学校严格执行作业管理要求,不要给低年级孩子布置书面家庭作业,也不要给家长布置额外任务。"
35E67831BECABFA0CE5F603E8AD53A19B478D24521DFF8F0ABACCE443CB3B1B4,"希望加强小学作业管理,减轻家长负担","我家孩子上小学,按规定这个年级原则上不布置书面家庭作业,但我们家长还是担心学校会变相给家长留任务,或者作业量控制不好。身边也有类似声音。孩子睡眠一直比较充足,我们也不想因为作业问题牺牲休息。希望教育局能对学校作业管理加强监督,特别是不要给家长布置批改、打印等任务,同时把课后服务利用起来,让孩子在校完成作业。我们家长文化程度有限,参与辅导时间少,实在需要学校多承担一些。"
F67F0CA5BE53D14C994FB8CFF8ABB97FED9B9BBA823780E0956ACFFE871816FE,关于小学生书面家庭作业负担的诉求,"领导您好,我是一名小学生家长。孩子这个年级按规定是不该布置书面家庭作业的,但近期发现孩子的书面作业情况明显不符合要求,放学后和周末都要花不少时间写,我们家长文化水平有限,家里人多但都忙,辅导起来很吃力。孩子还参加了学校课后服务,可回家仍要写书面作业,我们担心长期这样影响孩子休息。也希望学校不要给家长增加批改作业、打印材料等额外负担。请领导关注,督促学校严格落实规定,让孩子轻松一点。"
5808961F8C54C045058AF4B7A7BCDEDAD2D5DD9B4241EDBEDB0577A0F1B2AAA0,关注小学课后服务质量与家长隐性负担,"领导好,我家孩子在上小学,学校是公办非重点,离家近,家里经济条件一般,我们文化程度虽有大专但平时工作忙,参与孩子学习的时间不多。孩子现在参加了学校课后服务,书面作业时间也符合要求,这一点我们认可。但我们担心课后服务只是看管,内容不够丰富,孩子回家后虽然没有书面作业,却可能被要求家长配合打卡、打印材料或批改部分练习,这也会变成家长的隐性负担。希望教育部门能督促学校真正用好课后服务时间,提供作业辅导和多样活动,别把教学责任转嫁给家长,让孩子在校内完成该完成的,回家能安心休息。"
DE7002DECC0A8B7F773DAFDC6CC07558E2709586B452384770B1CFD147B32995,关于小学阶段暑假书面作业与规定不符的反映,"我是一名小学生家长,孩子就读于本地公办小学,不属于毕业衔接年级。今年暑假以来,我注意到孩子的书面作业情况似乎与当前年级“原则上不布置书面家庭作业”的要求不一致。我无法确认具体作业量和原因,但心理上很不安。以往周边也有反映学校让家长批改作业、打印材料等情况,加重了家庭负担。我们家经济条件一般,照护人手多但精力有限,希望学校能真正落实规定,不要变相给家长增加任务。孩子本月参加了学校课后服务,也担心服务时段被用来辅导作业,反而延长学习时间。请领导关注核实,督促教育部门对学校加强引导,保障孩子假期休息和睡眠,避免书面作业反弹。"
D5324DBA91BBF9C846948783D35ECF790E0182F01189EC48483ACBE5268E4B18,关于小学课后服务切实减轻家长负担的诉求,"领导好,我是一名中部城镇小学生的家长。家里人口多,经济条件一般,大人文化程度有限,平时工作也比较忙,教育孩子精力跟不上。学校从去年开始提供课后服务,孩子每天都参加,我们原本以为孩子在学校能把学习任务完成,回家我们也能轻松一点。可从身边家长交流和自己感受来看,课后服务内容还不够丰富,有时主要就是看管,孩子回家后还有些任务需要家长配合,比如打印材料、填表、打卡上传等,我们晚上回来还要忙这些,负担并没有真正减轻。希望领导能重视课后服务的实际质量,让学校真正把作业指导和多样活动做到位,不要变成变相给家长布置任务,也请教育部门加强引导和监督,让我们这样的普通家庭能真正享受到政策带来的好处。"
43758F6C9EA35F86A21C1F5C00A8A709239615D7E2B86EB6F923BA0A2029279F,关于小学阶段暑假书面作业与规定不符的反映,"我是一名小学生家长,孩子就读于本地公办小学,不属于毕业衔接年级。今年暑假以来,我注意到孩子的书面作业情况似乎与当前年级“原则上不布置书面家庭作业”的要求不一致。我无法确认具体作业量和原因,但心理上很不安。以往周边也有反映学校让家长批改作业、打印材料等情况,加重了家庭负担。我们家经济条件一般,照护人手多但精力有限,希望学校能真正落实规定,不要变相给家长增加任务。孩子本月参加了学校课后服务,也担心服务时段被用来辅导作业,反而延长学习时间。请领导关注核实,督促教育部门对学校加强引导,保障孩子假期休息和睡眠,避免书面作业反弹。"
65F1A45A1013B1127081033676539120CE3976BC623BE5E2F99EAA3C8D4CDFF4,"请重视小学课后服务实效,别让作业辅导压力转回家长","领导好,我是小学生家长,孩子在公办小学读书。暑假快结束了,想到开学后的安排,想反映课后服务问题。孩子这学期参加了学校课后服务,每天时间不短,但我们担心服务内容不够实在。家里经济条件一般,大人平时精力有限,孩子睡眠也比较重要,希望课后服务能真正用来指导作业、开展阅读和兴趣活动,而不是简单看管或变相上课。过去听说过有的学校经常让家长填表、复印、打印甚至批改作业,我们很担心这种情况。目前孩子作业量看起来符合要求,希望开学后能保持,尽量在学校完成巩固练习,回家不要给家长增加额外辅导任务。恳请领导督促学校把课后服务做扎实,加强作业指导,丰富活动内容,真正自愿参加,别让学校的责任又转回家长身上。"
05972573E2612C67570EE84F96A00BFDC3CBB663D865948DAF89B33D9664724C,关于小学阶段暑假书面作业与规定不符的反映,"我是一名小学生家长,孩子就读于本地公办小学,不属于毕业衔接年级。今年暑假以来,我注意到孩子的书面作业情况似乎与当前年级“原则上不布置书面家庭作业”的要求不一致。我无法确认具体作业量和原因,但心理上很不安。以往周边也有反映学校让家长批改作业、打印材料等情况,加重了家庭负担。我们家经济条件一般,照护人手多但精力有限,希望学校能真正落实规定,不要变相给家长增加任务。孩子本月参加了学校课后服务,也担心服务时段被用来辅导作业,反而延长学习时间。请领导关注核实,督促教育部门对学校加强引导,保障孩子假期休息和睡眠,避免书面作业反弹。"
F2239D9B26B9E829A231231FBBB45A1692D009119F0BB1BBE0CE311228EF03AA,关于减轻小学生作业负担和家长负担的留言,"领导您好。我是一名小学生家长,孩子就读公办小学,目前不在毕业年级。这些年关于学生作业和课后服务的政策方向我们是支持的,但作为家长仍有些担忧。暑假期间孩子参加了学校组织的课后服务,我们不清楚内容是否真的能提供作业辅导和素质拓展,而不是简单看管。开学后,我们最怕的是书面作业虽然表面少了,但一些任务又变成家长作业,比如要求家长批改作业、打印资料、完成各种表格评比。希望教育部门能加强日常督查,督促学校严格落实年级作业时长规定,提高作业设计质量,不要给家长布置作业,也不要让家长批改作业。课后服务应当真正解决孩子在校完成学习任务的问题,减轻家庭负担,而不是增加新的负担。恳请领导重视并推动落实。"
DBF9804622A44114866EB071B7950681C0A6C91461C208F7D9D4C5E218DB2D13,关于规范初中暑假书面作业时长的请求,"领导您好,我是本地一名初中学生的家长。孩子暑假在家写书面作业,时间经常超过规定,我们夫妻都要上班,文化水平也有限,晚上辅导很吃力。孩子平时睡眠本来不错,但最近总担心作业写不完。我们理解学习需要巩固,但希望学校能严格执行初中生书面作业平均完成时间不超过90分钟的规定,暑假作业也不要加码。请领导帮忙督促学校合理布置作业,让孩子有足够休息时间,谢谢。"
F804557A3D6308332B28AC7CFFB5F8154E6ACAE8AF60008CD9437F46590046BB,关于初中生暑假作业过重及课后辅导需求的反映,"领导您好,我是西部城镇一名初中学生的家长。孩子就读公办学校,家庭经济条件一般,我和爱人文化水平不高,都在上班,家里人口多,平时辅导孩子学习很吃力。现在正值暑假,孩子本月书面作业时间经常超过规定的90分钟,我们看着心疼又帮不上忙。新政策要求学校统筹作业总量和时长,加强校内指导,但据我观察,孩子的作业负担还没有明显减下来。我们家庭收入有限,也请不起外面的辅导班,校外培训现在管得严,我们更希望学校能真正负起责任。请求领导督促学校严格落实作业管理规定,合理安排暑期作业,开学后用好课后服务时间,让孩子在学校就能完成大部分作业,老师多指导,少把作业压力转给家长。孩子睡眠时间本来挺长,现在被作业挤占了,我们很担心影响身体。谢谢领导。"
8E5A706C20FED8731B0708AB6FA114E627EDA5D13B6618BCAC70CC6E9BBCCC5D,关于初中学校书面家庭作业时间超标的反映,"领导您好,我想反映一个关于初中学校作业的问题。我家孩子在本地一所公办初中就读,目前不是毕业年级。按照现行规定,这个年级的书面家庭作业平均完成时间不应超过90分钟,但我们了解到学校本月的书面作业情况没有符合这个时长要求。作为家长,我们心里很着急。我们家经济条件一般,夫妻两个都在上班,家里同住的人多,晚上能专门陪孩子写作业的时间不多;我们自己文化程度也不高,初中功课辅导起来很吃力。孩子这个月没有参加学校课后服务,如果学校布置的书面作业不加控制,回家后的压力就更大了。孩子现在的睡眠时间本来还算比较充足,我们很担心作业负担过重会挤占休息时间,影响第二天上课,也影响身体发育。希望领导能督促学校认真落实作业管理,把书面家庭作业控制在规定时间内,让孩子们有合理的休息和自主学习空间。谢谢。"
9530FEDF4EC4460DB3D998504CC1A3D09B97A481EA0232DEF2B4FF76E70D38CB,请督促学校落实作业减负和课后服务要求,"领导您好!我是一名初中生家长,孩子就读公办重点学校非毕业年级。根据教育部门规定,初中生书面家庭作业平均完成时间不应超过90分钟,但近期孩子参加学校课后服务回家后,作业仍写到很晚,明显超出上限。我们家经济条件一般,父母都上班,文化程度不高,没能力额外辅导,也没参加校外学科培训。我们支持课后服务,但希望课后服务能真正用于作业指导和有益活动,而不是变相增加负担。孩子正在长身体,长期缺觉影响学习和健康。恳请领导督促学校落实作业统筹和课后服务提质要求,严格控制书面作业总量,让孩子有足够休息时间。"
BB6502416CE78C2FA9AF968D9B2D9691A32EC242C050A286FF8F4EB527806AD2,关于孩子暑假书面作业时间偏长的反映,"领导您好,我是一名初中学生的家长。这个暑假,我发现孩子在家完成书面作业的时间经常超过规定,心里很着急。我们家经济条件一般,父母都要上班,孩子也没有参加学科类辅导班,基本是自己在家写作业。孩子平时睡眠时间比较充足,我们很担心作业太多会挤占休息时间,影响他长身体。希望领导能关注学校暑假作业布置情况,督促学校严格按照规范控制书面作业量,让孩子能过一个有意义的假期。谢谢。"
5D5469718CA091227965ABCF65EF7A69750001A6B8BAA5B08C3222D170E85AC8,关于初中生作业负担和课后服务落实的诉求,"领导您好,我是西部城镇一名初中生家长,孩子就读公办学校,目前不是毕业班。这个月孩子参加了学校的课后服务,我们原以为作业能在校内完成,但孩子的书面作业时间还是经常超过规定要求,回家后仍要花不少时间。我们夫妻文化程度不高,白天都要上班,家里人口多,晚上实在没有精力辅导,经济条件也一般,以前没报过学科培训班,现在外面的培训也少了,学习上更依赖学校。希望领导能督促学校切实统筹作业总量,提高课后服务里的作业指导质量,让孩子尽量在校内完成大部分作业,减轻我们家长的负担和焦虑。谢谢。"
D43438C0A2C081DBD6ABE0E8A55A64C4F135AEF4604EE9DAA217561C5AAF157C,关于孩子暑假书面作业时间偏长的反映,"领导您好,我是一名初中学生的家长。这个暑假,我发现孩子在家完成书面作业的时间经常超过规定,心里很着急。我们家经济条件一般,父母都要上班,孩子也没有参加学科类辅导班,基本是自己在家写作业。孩子平时睡眠时间比较充足,我们很担心作业太多会挤占休息时间,影响他长身体。希望领导能关注学校暑假作业布置情况,督促学校严格按照规范控制书面作业量,让孩子能过一个有意义的假期。谢谢。"
6C004B485A321EE9EA3EFD23BCD6127518E80E0C50F62A2F811CF8ACA79D298C,初中生暑假作业超时盼督促学校落实减负,"领导好,我家在西部县城,孩子读初中非毕业年级,是公办学校。我们夫妻都要上班,文化不高,家里条件一般,之前没给孩子报过学科类补习。这个暑假学校有课后服务,孩子也参加了,但最近发现书面作业经常要写超过一个半小时,晚上睡得很晚,我们辅导不了,心里很着急。现在政策要求学校统筹作业总量和时长,课后服务也应该提供作业指导。希望领导能督促学校真正控制作业量,提高课后服务效率,别让孩子在学校待了一下午回家还要长时间赶作业,减轻我们普通家庭的压力。"
266AA35408BC426FB55EA064E01E08B55F2982EFCBF2351243EF9E9F7D6E9A96,关于孩子暑假书面作业时间偏长的反映,"领导您好,我是一名初中学生的家长。这个暑假,我发现孩子在家完成书面作业的时间经常超过规定,心里很着急。我们家经济条件一般,父母都要上班,孩子也没有参加学科类辅导班,基本是自己在家写作业。孩子平时睡眠时间比较充足,我们很担心作业太多会挤占休息时间,影响他长身体。希望领导能关注学校暑假作业布置情况,督促学校严格按照规范控制书面作业量,让孩子能过一个有意义的假期。谢谢。"
9E8D8E703F5BA02F4D1BA8A90B2FA68786CB5139BA7CE927AE597CDB3BFAEFE9,关于初中生暑期作业负担和课后服务质量的反映,"领导您好。我家孩子就读本地一所公办初中,家庭经济一般,我和爱人文化程度不高,平时辅导作业吃力。这个暑假孩子参加了学校课后服务,但我对照义务教育作业时长要求,发现书面作业有时还是超过90分钟,心里很焦虑。我们也没条件给孩子报校外班,只能依靠学校。希望领导能督促学校严格落实作业统筹,控制好每天的书面作业总量,同时提高课后服务中作业辅导的质量,让孩子尽量在学校完成大部分作业,回家能有点休息和自主阅读的时间。也担心开学后作业继续偏多、班级人数多老师照顾不过来,孩子会越学越累。恳请关注西部城镇普通家庭孩子的减负和课后服务质量问题。"
127AA0B070D87402DA39F392283594923A6F487A7EAC340D5D438326ABE61F22,恳请关注农村初中教师校外补课区别对待问题,"领导好,我是农村的一名初中生家长。家里经济条件差,孩子一直靠学校老师教。马上要开学了,我们家长心里很不安。以前常听说有老师在校外办补习班,不参加的学生会被冷落、说难听话,家庭困难的更怕孩子在学校受委屈。我们这里重点学校,家长都盼着孩子能靠读书走出去,可我们交不起补课费,又怕老师把精力放在补习班上,课堂上不好好教。希望领导能提前关注这类情况,督促学校管好老师,让老师把心思都用在班级教学上,公平对待每一个孩子,别让我们这些困难家庭的孩子输在起跑线上。"
7C7CB403B6D1D4C93114BA39FBB42580BD629C729E65734F7E1A3FD50836D444,农村初中生家长恳请规范教师补课并落实课后服务,"我是本省中部农村一名初中生的家长。家里条件不好,孩子学习成绩目前还可以,我们文化不高,但很希望孩子将来能考上好大学。现在暑假,学校布置的作业不多,符合规定,我们很感激。但是听说一些地方有老师课外办补习班,不上补习班的孩子在班里被冷落甚至挨批评,我们心里很害怕。我们家庭收入低,实在拿不出钱让孩子上补习班。现在政策要求严管校外培训、学校做好课后服务,我们特别支持,但担心农村学校落实不到位,老师精力还是放在自己办的班上,课堂教学应付,课后服务变成形式或者变相收费。希望领导能督促我们这里的学校,真正把课后服务办起来,让所有孩子都能自愿参加、不额外增加负担,也请严查教师有偿补课,别让没钱上辅导班的孩子受委屈。我们家长会配合学校,只求孩子有一个公平的学习环境。"
CEAED6C47C7C0C6D557B43EB3C574AC6BC9F915E85A0F70DAA16E0ED447D7785,关于规范初中教师校外补课行为的诉求,"领导您好,我是中部农村一名初中学生的家长。孩子现在不是毕业年级,家庭经济条件一般,我和家人文化水平不高,但对孩子期望很高。孩子一直没参加校外学科补习,也没参加学校课后服务。现在放寒假,春节后马上要开学了。我们最担心的是,开学后个别老师会不会把精力放在自己办的补习班上,对不参加的学生另眼相看,甚至在课堂上不认真教,逼着学生去上补习班。我们村里上初中的孩子多,不少家长都有类似担心。希望教育部门在开学前后加强对公办学校教师校外有偿补课的监督检查,特别是重点学校,也要畅通家长反映渠道,保护没参加补习的孩子不受歧视,让每个孩子都能在学校课堂上得到公平对待。我们家长文化有限,不知道怎么和学校沟通,只能靠政府多管一管。"
B2AF1107EA0D9D69CC1E62CB9791AE9749D000CA3D1A7B403AF722C7CCC37DBB,"乡村初中课后服务盼实效,莫让老师分心校外班","领导您好。我是中部地区一名农村初中学生的家长,家里条件不太好,我本人读书不多,辅导不了孩子功课。孩子现在参加学校的课后服务,我们很支持,但心里也打鼓。以前听过身边有老师在外面办班,不上他的班就被冷落,孩子自尊心受伤,我们经济上耗不起。现在校外培训少了很多,我们更指望学校课后服务能真正帮孩子补上学习,而不是光看管、做样子。老师应该把精力放在课堂教学和课后服务上,别把心思用在挣外快上。希望上面能督促学校提高课后服务质量,多辅导作业、答疑解惑,同时严格管住在职教师有偿补课。农村孩子本来资源就少,课堂和课后服务再抓不紧,差距只会越来越大。请领导为我们这些没能力送孩子上辅导班的家庭着想,管一管。谢谢。"
85BF4D2369778EE8FF83766358A3A3C2535EBC21E5919FCE4D1E99B81F5AEEB0,关于农村初中教师校外补课问题的担忧与建议,"我是一名初中生家长,家在乡村,家庭条件一般。孩子暑假作业量符合规定,睡眠也充足,我们没有意见。但看到有些地方老师在校外办补习班,不参加的孩子可能被另眼相看,我们心里很担忧。孩子正处在初中关键时期,我和家人文化不高,但希望他能一直读到博士,只能靠学校老师好好教。希望领导能关注农村学校教师办班问题,加强管理,让老师把精力放在课堂上,对每个孩子都一样关心,别让家庭条件差的孩子吃亏。谢谢。"
8AC362F9BA41D47CB371711AEC0301A43896B4B65F6785B08EE6BB698C165963,希望学校课后服务能真正帮助农村困难家庭孩子,"领导好,我是农村一名初中生家长。家里条件不好,我文化也低,辅导不了孩子功课。现在外面学科类培训班少了,我们更指望学校。这个月孩子参加了学校的课后服务,可我们心里不踏实。以前周边有些老师在校外办班,不去他那里补课的孩子就被冷落,我们吃过这种亏。现在初中课程越来越难,我们怕课后服务只是把孩子看管起来,作业写完了也没人认真讲,更怕老师把精力还是放在私下挣钱上,对像我们这样没交钱上外面班的孩子另眼相看。希望领导能督促学校,开学后把课后服务真正用起来,多给孩子一些学习上的辅导,别让课后服务走过场,也别让农村困难家庭的孩子因为上不起补习班就被落下。"
BEA752E8359A862906B6569107C8B67B6AA6A180C7541CBE2D1B619FE64125DD,关于农村初中教师校外补课问题的担忧与建议,"我是一名初中生家长,家在乡村,家庭条件一般。孩子暑假作业量符合规定,睡眠也充足,我们没有意见。但看到有些地方老师在校外办补习班,不参加的孩子可能被另眼相看,我们心里很担忧。孩子正处在初中关键时期,我和家人文化不高,但希望他能一直读到博士,只能靠学校老师好好教。希望领导能关注农村学校教师办班问题,加强管理,让老师把精力放在课堂上,对每个孩子都一样关心,别让家庭条件差的孩子吃亏。谢谢。"
C20F280C0324E5F51B59E37180B73E1B9B415D06B90A71B98231E3D295B82881,"关注农村初中课后服务质量,别让好政策变形式","领导好,我是农村一名初中生的家长。家里条件一般,自己文化也不高,就盼着孩子能在学校多学点东西。现在学校有课后服务,孩子也参加了,每天两个小时,我们心里是高兴的,但也有些担心。以前听说过有些老师上课不认真,课后开班赚钱,对没参加的学生不闻不问。现在管得严了,校外培训班少了,可课后服务到底能不能真正帮到孩子?希望领导能关注一下农村学校的课后服务,看看老师是不是在认真辅导,内容是不是真丰富,别让学生只是坐着写作业没人管。我们不想让孩子因为家里条件差就落下,希望好政策到了村里别变了味。"
420E93487051FF0EE92BBFC15F52169E42738399761B6F75229399D841696B23,关于农村初中教师校外补课问题的担忧与建议,"我是一名初中生家长,家在乡村,家庭条件一般。孩子暑假作业量符合规定,睡眠也充足,我们没有意见。但看到有些地方老师在校外办补习班,不参加的孩子可能被另眼相看,我们心里很担忧。孩子正处在初中关键时期,我和家人文化不高,但希望他能一直读到博士,只能靠学校老师好好教。希望领导能关注农村学校教师办班问题,加强管理,让老师把精力放在课堂上,对每个孩子都一样关心,别让家庭条件差的孩子吃亏。谢谢。"
975224F58A52F053C3DC7D9E64C6D4F76617D651E46B8B7767ACA75C2B9782DA,关于农村初中课后服务质量的诉求,"领导好。我家孩子在乡里公办初中读书,家里经济条件一般,孩子以前也没上过校外补习班。现在暑假孩子参加了学校的课后服务,我们也指望学校能把课后服务抓好,让孩子多学点。可是我们听说有的老师以前在校外办班,参加了的孩子就被照顾,不参加的就被冷落。现在虽然校外学科培训管得严,但我们还是担心老师把心思放在别处,课后服务只是看管写作业,不认真辅导。孩子在家没人能辅导,我们也没钱给他报班,如果课后服务再不扎实,孩子学习就会越来越吃力。我们家长文化不高,只希望学校课后服务能真正帮孩子补上学习短板,老师能平等对待每一个孩子。恳请领导督促学校加强课后服务管理,提高辅导质量,严查在职教师变相补课、区别对待学生的行为,让农村低收入家庭的孩子也能得到公平的教育机会。"
0EC79136668588332E09B6D067AC801C1EEE9DC5A7D46756588D4C19B01C8E63,"担心开学后作业激增,请求持续监督减负","领导好,我是本地一名小学生的家长。孩子现在暑假期间书面作业在规范范围内,睡眠和活动时间都比较充足,我们很欣慰。但是马上要开学,孩子将升入新的年级,我们一直担心学校会开始布置较多书面家庭作业。身边也有家长反映过,有些班级作业量大、题目难,孩子写到很晚,家长学历不高很难辅导。我们家大人文化程度有限,同住家人也少,怕到时候孩子作业写不完、睡不好,白天没精神,更没时间运动。希望能请相关部门在新学期持续关注学校作业管理,督促学校严格落实减负要求,控制作业总量和难度,让孩子放学后还能有休息和户外活动的时间,有一个健康的童年。谢谢。"
388DCB0DD3755981E723101B33FC5683EB424D80183B7F3F331D7AC2D2FB8A53,关于小学开学后作业减负和课后活动的诉求,"领导您好,我是一名小学生家长。暑假快结束了,孩子马上要开学。之前看到过我们省有家长反映小学中低年级作业太多,孩子写到很晚,没有休息和运动时间,我们一直很担心。现在学校在作业方面是遵守规定的,我们暂时放心一些,但怕开学后作业又变多。我家孩子上的公办重点小学,家离学校近,我们没给孩子报学科辅导,就希望孩子在学校学好,回家能早点睡,多运动。孩子本来睡眠时间比较长,我们不想因为作业挤压睡眠。希望领导能督促学校真正落实作业减负,作业量要合适,难度别太高,别让家长查资料都辅导不了。也希望课后服务能安排运动、兴趣活动,别让孩子继续坐着写作业。谢谢。"
C4976C26AEC8FF25489E489EA72431E122E8E632F0ECC1AF2D97BCB6FC9AD292,"希望持续监督小学作业减负,给孩子留出运动和休息时间","领导您好,我是一名小学生家长。孩子目前在咱们区一所公办重点小学读书,学校离家近,平时接送方便。这个月看孩子书面作业情况还算正常,能早点睡,我们挺欣慰。但开学后,我还是很担心作业负担反弹。身边有同省其他学校家长提过,有的中低年级作业特别多,题目在书上找不到答案,我们家长文化不高,自己不一定会,还要上网查,孩子刚开学就写到很晚,基本没有活动和休息时间。国家一直要求给小学生减负,孩子所在年级按规定原则上不该布置书面家庭作业。希望领导能持续关注和督促学校,不要因为抓成绩就变相增加书面任务,也请规范课后服务的安排,别把课后时间又变成作业辅导。让孩子下午放学后能有时间跑跑跳跳,童年除了作业还能有点运动。"
7CEC7484AD0A764E725D4681539BF8335C60D4B5C0632F46A1C96A15380301CF,关于保障小学生课后服务质量防止作业负担反弹的诉求,"领导好,我是城镇一名小学生家长。孩子就读公办重点小学,现在参加了学校课后服务,每天时间比较长。我们家长文化程度不高,最担心课后服务只是把孩子留在教室写作业或变相上课,孩子回家后没有喘息时间。这个月作业量看起来还符合规定,但以前听说过同省有低年级孩子作业特别多,写到很晚,家长不会辅导还要上网查,孩子没有活动时间。现在马上春季开学,我们害怕学校慢慢加码,课后服务变成补课,作业又反弹。希望领导能督促学校严格落实减负要求,课后服务真正自愿、内容丰富,保证孩子有运动和休息时间,别让减负变成空话。"
B4711DADCAEA049C2EA88FA71ABB43A753C536A8B8D278426377312E3CB90576,"希望开学后学校能真正落实减负,别让作业挤掉孩子运动和睡眠","领导好。我家孩子在咱们区一所公办重点小学,现在放暑假,看孩子这个月没有多少书面作业,本来挺安心。可一想到开学,心里就不踏实。我们当家长的学历不高,辅导作业很吃力,以前就总听说同省有的学校三年级作业太多,有的题书本上找不到答案,家长都不会,得上网查,孩子写到很晚,放学基本没时间活动。我担心我们学校开学以后也会这样。孩子现在睡眠时间挺长,我们希望他至少能读到高中或职高,身体健康不能从小就垮了。按现在的年级规定,原则上是不布置书面家庭作业的,但重点学校会不会变相加码,我们心里没底。恳请领导开学后能专门盯一盯学校作业管理,别让书面作业超量,把体育活动和睡觉时间还给孩子。谢谢。"
FA8B5C2E77F9BBC3959440AC49FDE5DB0C06DF592B084263FBA1980BFCE28334,关于落实小学生减负并提升课后服务质量的建议,"我是一名小学生家长。孩子就读于本地公办重点小学,这个月参加学校课后服务。目前看孩子书面作业情况基本符合年级规范,我们比较放心。但家长文化程度不高,辅导作业有困难,也注意到一些家长反映过有的学校作业偏多、孩子写到很晚、缺少活动时间,担心开学后作业负担反弹。希望领导督促学校继续严格控制作业总量和难度,利用好课后服务时间加强作业指导和体育活动,让减负真正落地,保证孩子有足够睡眠和运动,减轻家长辅导压力。"
7E5F8190F9B6A04F7CE46D3D9106C6C96857E4E0BAD427FFAB17F6AAF6699AF5,"希望开学后学校能真正落实减负,别让作业挤掉孩子运动和睡眠","领导好。我家孩子在咱们区一所公办重点小学,现在放暑假,看孩子这个月没有多少书面作业,本来挺安心。可一想到开学,心里就不踏实。我们当家长的学历不高,辅导作业很吃力,以前就总听说同省有的学校三年级作业太多,有的题书本上找不到答案,家长都不会,得上网查,孩子写到很晚,放学基本没时间活动。我担心我们学校开学以后也会这样。孩子现在睡眠时间挺长,我们希望他至少能读到高中或职高,身体健康不能从小就垮了。按现在的年级规定,原则上是不布置书面家庭作业的,但重点学校会不会变相加码,我们心里没底。恳请领导开学后能专门盯一盯学校作业管理,别让书面作业超量,把体育活动和睡觉时间还给孩子。谢谢。"
58FDB20ACDD012E379B27EE720CDB874E6FBD916915A1726D477D27695080064,"请继续给孩子减负,别让课后服务变成负担","我是一名小学生家长,孩子暑假参加了学校课后服务。现在书面作业不多,符合要求,我们挺认可。但看到身边和同省其他学校以前出现过作业太多、孩子写到很晚的情况,有的家长都不会教,还得上网查。马上要开学了,我们很担心年级升高后作业又反弹,课后服务也被拿来补课或布置更多书面任务。孩子睡眠一直比较足,也爱运动,不想让他晚上只剩写作业。希望领导能督促学校把作业减负抓好,课后服务多安排一些运动、阅读和兴趣活动,真正让孩子在学校把学习安排好,回家能有休息和玩耍的时间。"
D037E743F5243C3AC728C427AD00A94F4563FFEDE0362B36852B7A15666AD0DB,"希望开学后学校能真正落实减负,别让作业挤掉孩子运动和睡眠","领导好。我家孩子在咱们区一所公办重点小学,现在放暑假,看孩子这个月没有多少书面作业,本来挺安心。可一想到开学,心里就不踏实。我们当家长的学历不高,辅导作业很吃力,以前就总听说同省有的学校三年级作业太多,有的题书本上找不到答案,家长都不会,得上网查,孩子写到很晚,放学基本没时间活动。我担心我们学校开学以后也会这样。孩子现在睡眠时间挺长,我们希望他至少能读到高中或职高,身体健康不能从小就垮了。按现在的年级规定,原则上是不布置书面家庭作业的,但重点学校会不会变相加码,我们心里没底。恳请领导开学后能专门盯一盯学校作业管理,别让书面作业超量,把体育活动和睡觉时间还给孩子。谢谢。"
6F75B6D1633F63EC0E49AA16B03BF129EEADBAF72ABAF2A52891B9888B193BFF,希望开学后继续巩固小学减负成效,"领导您好,我家孩子现在上小学,这个月参加了学校课后服务,但作为家长还是有些担心。以前听说过有的班级作业特别多,孩子写到很晚,一点休息运动时间都没有。现在孩子这个年级原则上不布置书面家庭作业,这个月书面作业情况也符合要求,但我怕开学后又会反弹。孩子平时睡眠时间挺长,我们也希望他除了学习还能多运动。我们家长文化程度有限,辅导作业比较吃力。希望领导能督促学校开学后继续严格按要求控制作业量,把课后服务利用好,让孩子尽量在校内完成学习任务,回家能有点活动时间,真正减轻孩子负担。"
561BD7FA35966AD366B8639298F30934D5CA37CE2371462ED9018C4809C25434,关于农村小学升学衔接年级暑假作业超时问题的反映,"领导您好,我是一名农村小学生的家长,孩子正处在升学衔接年级,家里经济条件一般,我们文化程度也不高,平时最关心的就是孩子能健康上学。最近了解到,按孩子这个年级的规范,书面家庭作业平均完成时间原则上不应该超过60分钟,但据我观察,这个月孩子的书面作业情况好像和规定有差距,心里很担心。我们农村家长信息不灵,也不清楚学校具体怎么布置,但孩子睡眠时间本来比较长,如果作业太多,肯定会影响休息。以前也听说过附近有学校老师在校外私租场地要求补课、师资分配不太均衡的情况,所以我们更怕学校在作业量上把握不好,让孩子负担过重。希望相关部门能帮忙核实一下,督促学校合理安排暑假书面作业,确保符合规范,让孩子能过一个正常的假期,新学期也能顺利衔接。"
D1DCA25E5E620F400C8F83305275711710583042B7E51E1DF7A71651594ADCB0,关于乡村小学作业负担和课后服务落实的诉求,"领导您好,我是一名乡村小学生的家长,孩子正处在升学衔接年级。现在国家对作业和课后服务都有明确要求,但我们这里孩子这个月的书面作业情况还是不太符合规定时长,我们文化程度不高,辅导起来很吃力,也担心开学后负担更重。希望有关部门能督促学校真正统筹作业总量,提高作业质量,同时把课后服务落实好,让孩子在学校就能得到作业指导,减轻我们家长压力。另外,乡村学校师资薄弱,也希望在课后服务和教学资源上多向农村倾斜,别让农村孩子掉队。"
470ACE8D87E30B34ECC29FCC3675615410F48F004764179BCC0B356B3FC4DBBA,关于农村小学升学衔接年级作业时长的诉求,"领导你好!我是一名小学生家长,孩子在农村公办学校读升学衔接年级。这个月孩子的书面家庭作业情况让我有些担心,感觉完成时间不太符合现在的要求,有时候晚上要花不少时间。虽然孩子睡眠时间还算充足,但长期这样怕影响身体和第二天的学习。我们家经济条件一般,家长文化水平不高,辅导作业很吃力,孩子还在参加校外学科培训,收费负担和以前差不多,并不轻松。希望领导能关注农村学校作业管理问题,督促学校严格执行作业时长规定,合理安排课后服务内容,真正减轻学生和家长负担。谢谢!"
6B5EF1F1444A18782950E9521891092FAA71E2FF46C2335582C38AB9EF4F9E4B,关于农村孩子升学衔接年级课后服务的诉求,"领导您好,我是中部农村一名小学生家长。孩子今年面临升初中,我们文化程度不高,辅导不了功课。现在学校课后服务每天都有,孩子也参加了,但我们担心课后服务大多只是看管,缺少针对性的学习辅导。我们家庭收入有限,校外培训虽然价格降了些,但长期上仍有压力,而且周围培训机构关了不少,心里不踏实。以前也听说过有老师在校外租房补课,我们希望老师能把精力放在学校课后服务上,真正帮孩子把知识补扎实。请领导重视农村学校师资和课后服务质量,让像我们这样的家庭不用为升学发愁。"
27C79D785361492FC621AA502ECDA3CD908810788F470FB7C2B4FB2E3808CECF,关于孩子作业时长规范的诉求,"领导您好,我是一名农村小学生的家长,孩子正处于升学衔接年级。按照教育部门规定,这个年级书面家庭作业平均完成时间不应超过60分钟,但本月发现孩子作业完成情况不符合这一要求。作为家长,我们担心开学后作业量进一步增加,影响孩子睡眠和身心健康。孩子也参加了学校课后服务,希望课后服务能真正用于作业辅导和巩固,而不是变相延长学习时间。同时,我家经济条件一般,每月还要承担校外学科培训费用,负担不轻,希望相关部门关注农村学校办学规范和教师行为,避免出现个别教师诱导学生参加校外补课的情况。恳请核实并督促学校切实落实减负规定,谢谢。"
28B4D607EE39A2DA8C02494BD0294D0A488193BB5328790F59C09B71FEA28EC4,关于农村小学升学衔接阶段课后服务与培训负担的诉求,"领导您好!我是一名农村小学生的家长,孩子正处在小学升初中的衔接阶段。家里经济不宽裕,我们两口子文化程度不高,辅导孩子很吃力,一直希望他能考上本科。这个暑假孩子参加了学校的课后服务,但说实话,我们担心农村学校师资比较薄弱,课后服务可能更多是看管,不能真正帮孩子巩固知识、做好升学衔接。现在校外学科培训班少了很多,我们还在给孩子报,虽然收费比以前低了些,但对我们家来说仍是一笔不小开支。希望上级能多关注农村学校课后服务的实际质量,推动师资均衡,让孩子在学校里就能得到有效指导,减少对校外培训的依赖,减轻我们农村家庭的负担。谢谢!"
DBD82919667FA7B27AA9BBAD68D7B1469DF20A825C935E52381238EEF8D21AE9,关于孩子作业时长规范的诉求,"领导您好,我是一名农村小学生的家长,孩子正处于升学衔接年级。按照教育部门规定,这个年级书面家庭作业平均完成时间不应超过60分钟,但本月发现孩子作业完成情况不符合这一要求。作为家长,我们担心开学后作业量进一步增加,影响孩子睡眠和身心健康。孩子也参加了学校课后服务,希望课后服务能真正用于作业辅导和巩固,而不是变相延长学习时间。同时,我家经济条件一般,每月还要承担校外学科培训费用,负担不轻,希望相关部门关注农村学校办学规范和教师行为,避免出现个别教师诱导学生参加校外补课的情况。恳请核实并督促学校切实落实减负规定,谢谢。"
BAEA8E423285C73B439C3C535E62910955F7CCD9E1E0B2FED9F5AD58D629CC66,关于减轻农村家庭校外培训负担和做实课后服务的诉求,"领导好,我是一名乡村小学生的家长,家里经济条件一般,孩子现在正处于升学衔接年级。这个暑假孩子还在参加学科类校外培训,虽然收费比以前降了一些,但对我们这样的家庭仍是不小的负担。现在政策要求严管培训机构收费和预收费,也要求学校课后服务每天不少于两小时。孩子这个月参加了学校课后服务,但我们心里没底,担心开学后课后服务质量跟不上,作业辅导和兴趣活动不够,孩子还是只能靠校外补课。过去也听同省家长反映过有老师私自组织校外补课、学校师资不均衡的情况,我们很怕自己孩子会遇到类似问题。希望政府能继续加强校外培训收费和资金监管,公布合规机构名单,防止涨价或跑路;同时督促学校把课后服务做实,安排足够老师辅导作业,提升薄弱学科师资,让孩子在校内就能学得扎实,真正减轻我们农村家庭的负担。"
2ABB375DF1C17E74B116E0D412792B994AD5E4EFAA23A9EB90E839E3F55C27E9,关于孩子作业时长规范的诉求,"领导您好,我是一名农村小学生的家长,孩子正处于升学衔接年级。按照教育部门规定,这个年级书面家庭作业平均完成时间不应超过60分钟,但本月发现孩子作业完成情况不符合这一要求。作为家长,我们担心开学后作业量进一步增加,影响孩子睡眠和身心健康。孩子也参加了学校课后服务,希望课后服务能真正用于作业辅导和巩固,而不是变相延长学习时间。同时,我家经济条件一般,每月还要承担校外学科培训费用,负担不轻,希望相关部门关注农村学校办学规范和教师行为,避免出现个别教师诱导学生参加校外补课的情况。恳请核实并督促学校切实落实减负规定,谢谢。"
8AB48D4B11F0C77493A3C9E2346DAB6B0187F32AB98A5495A8ABD0C05C16416A,关于农村小学升学衔接年级课后服务与学科培训衔接的诉求,"领导您好,我是一名来自农村的小学生家长,孩子正处在升学衔接的关键年级。这个暑假孩子还在参加校外学科培训,因为家里经济不宽裕,现在培训费用降了一些,我们还能勉强承担,但明显感觉周围的培训班少了,心里很不安,怕以后孩子没地方补课。学校虽然也有课后服务,孩子每天都参加,每天两个小时,但我们担心农村学校师资有限,课后服务可能只是简单看管,不能真正针对孩子的薄弱环节进行辅导,尤其是数学和英语。我们希望政府能多关注农村学校课后服务的质量,特别是对升学衔接年级的孩子,统筹作业辅导和知识巩固,让我们这些经济条件一般的家庭可以少依赖校外培训,减轻负担。同时,也希望继续规范校外培训收费和退费,保障我们的合法权益。"
6ABEA1D2B7C8F98CE38BA84154A322DA2B6ED5C2B3AEC6D32E8F25064C3DECCA,关于开学后小学生作业负担和考试压力的担忧,"领导好,我是一名小学生的家长。孩子现在上小学,暑假作业量还算正常,但我很担心开学后作业又会多起来。我们这里不是重点学校,但听说以前有学校作业超多,孩子经常写到晚上十点多甚至更晚,早上不敢上学,课间和副科也被占用,考试不断,遇到检查还让孩子藏作业、撒谎。我们家庭条件一般,文化也不高,只希望孩子能正常上学,有足够睡眠,作业别超过规定的一小时。请领导督促学校真正落实减负,不要只做表面文章,关注老师评价机制,别让成绩压垮孩子。谢谢。"
93F89D87EDB57CE18A1A05163AA392B4C4A15B528EE1DA64BFACCF5AEDD1E16D,关于新学期落实作业减负和课后服务的请求,"领导您好,我是一名小学生家长,孩子就读公办小学,家里条件一般,我和孩子妈文化水平不高,辅导作业很吃力。马上要开学了,我最担心作业问题。以前常听说有的学校作业布置得很多,孩子写到晚上十点十一点,主科老师还挤占课间和副课,副科背诵量也很大,孩子压力大。现在有规定要求作业总量不超过60分钟,还要加强课后服务,但不知道学校能不能真正落实。我们家长文化水平不高,经济条件也一般,没法给孩子报课外班,就希望学校能把该做的做好。恳请领导督促学校开学后严格按照规定控制书面作业总量,提高作业质量,不要用重复抄写和死记硬背来压孩子;课后服务要真正开展起来,内容多样,别变成补课或加作业,让孩子能在学校完成大部分作业,回家有休息和睡眠时间。另外,也希望继续规范校外学科培训,防止变相增加孩子负担。谢谢。"
45DA992F2A5019A504E2DB6A70B1CA3388D19360CB20D70E8FC44DE12C4C926E,关于小学开学后作业负担与全面发展的担忧,"领导您好,我是一名小学生家长。我家孩子目前作业量还在规定范围内,也没有参加校外学科培训,但这段时间我一直有些担心。我了解到周边一些学校存在作业过多、主科挤占课间和副科时间、频繁考试等现象,甚至为了应付检查让孩子收起作业复习资料,这些做法对孩子的身心健康和诚实品格很不好。我家孩子睡眠一直比较充足,我很怕开学后学校为了追求成绩,也开始增加作业、占用休息和活动时间,让孩子的睡眠和学习兴趣都受到影响。我文化程度不高,只希望孩子能健健康康成长,将来读个高中或职校也行。恳请领导督促学校严格落实作业管理要求,别让老师只盯着分数,保障孩子们的课间、体育和劳动实践时间,让他们能全面发展。谢谢领导。"
F06A68A02255EF6C11D7CD0A4ACA8B7F410AB8945B7843B6E01D63038726E8FC,关于开学后防止作业反弹、提高课后服务质量的意见,"尊敬的领导:我们家孩子上小学,家庭条件一般,我们做家长的文化程度不高,辅导作业一直很吃力。现在校外学科培训少了,我们更指望学校能把孩子教好、管好。眼下快开学了,孩子已经参加学校的课后服务,每天两小时。我们担心开学后学校为了赶进度或提高成绩,作业量又反弹,超过规定的一小时,让孩子每天写到很晚,影响睡眠。也怕课后服务只是把孩子集中起来写作业甚至讲新课,没有针对性的辅导,孩子学习上的困难还是解决不了。希望领导能督促学校严格落实作业总量控制,提高作业设计质量,少一些机械重复的抄写和刷题,多一些有针对性的指导;同时让课后服务真正用于作业辅导、答疑和兴趣活动,别变成新的负担。另外,希望学校对老师的评价不要只看考试成绩,让老师敢减负、会减负,这样我们这些辅导能力弱的家庭才能真正放心。谢谢。"
7D552BF208E730711608E6D08E1889439C9600EC9179ADCE0BA86AF4DF614DBD,关于新学期防止小学作业超时影响孩子休息的诉求,"领导您好,我是一名小学生的家长,孩子现在上小学,不是毕业班。这个暑假作业量还算正常,但马上要开学了,我很担心学校作业又会多起来。我自己文化程度不高,辅导不了孩子太多,只盼着孩子能睡够觉、身体好。以前听同省其他地方家长说,有的学校作业多到孩子晚上十一二点还写不完,课间和副科也被占用,孩子压力很大。我们不希望自家孩子也变成那样。恳请领导在新学期督促学校严格落实作业时长要求,少布置重复机械的作业,别让作业挤占孩子休息和活动时间。"
B32AD16ECBCCEB44F47ECF3C8AFD74D7AA43FBB912DC742DDEAA736ABCD4A2E6,希望新学期继续严控小学作业量并丰富课后服务,"我家孩子在咱们这的一所普通公办小学读书,暑假在学校课后服务,这段时间作业不多,孩子睡眠也足,我们家长挺放心。但最近听同省其他地方的家长说,有的学校以前书面作业特别多,孩子经常写到晚上十点甚至更晚,考试频繁,还挤占副课和课间,孩子压力很大。我担心九月开学后,课程一多,我们学校也会出现作业反弹。我们家庭条件一般,没给孩子报过学科培训班,主要靠学校。希望领导能督促学校继续落实作业时长规定,开学后也把总量控制住;课后服务不要只用来讲题或补课,多安排体育锻炼、阅读、兴趣活动,真正减轻家长负担。孩子能睡够、学得轻松,比什么都强。"
7F6FD3588B97CF950F8FC582C3FF28A19AD0ED528171817A9984C47DF502E410,关于新学期防止小学作业超时影响孩子休息的诉求,"领导您好,我是一名小学生的家长,孩子现在上小学,不是毕业班。这个暑假作业量还算正常,但马上要开学了,我很担心学校作业又会多起来。我自己文化程度不高,辅导不了孩子太多,只盼着孩子能睡够觉、身体好。以前听同省其他地方家长说,有的学校作业多到孩子晚上十一二点还写不完,课间和副科也被占用,孩子压力很大。我们不希望自家孩子也变成那样。恳请领导在新学期督促学校严格落实作业时长要求,少布置重复机械的作业,别让作业挤占孩子休息和活动时间。"
53C832560E6647BD19293551A7EEAFE44FD0E834D0DFABCBCCEF88AC342EE5A6,希望加强小学作业和课后服务监管,"我孩子在上小学,暑假期间参加了学校课后服务,目前作业量看起来还在规定范围内。但我很担心开学后作业又会多起来,像以前一些学校那样,孩子作业做到很晚,课间和副科被占用,考试频繁。我们家里经济条件一般,我也没什么文化,只希望孩子能健康长大,将来上个职高或技校就行,不想让他被作业压垮。希望教育部门能加强对学校作业和课后服务的管理,开学后不要让作业负担反弹,课后服务能真正用来辅导作业和开展兴趣活动,而不是变相补课。请领导关注协调。"
A029900D71E638F59692D9D1D98BD8EB753E146C929226ADF422B629EF723CFA,关于新学期防止小学作业超时影响孩子休息的诉求,"领导您好,我是一名小学生的家长,孩子现在上小学,不是毕业班。这个暑假作业量还算正常,但马上要开学了,我很担心学校作业又会多起来。我自己文化程度不高,辅导不了孩子太多,只盼着孩子能睡够觉、身体好。以前听同省其他地方家长说,有的学校作业多到孩子晚上十一二点还写不完,课间和副科也被占用,孩子压力很大。我们不希望自家孩子也变成那样。恳请领导在新学期督促学校严格落实作业时长要求,少布置重复机械的作业,别让作业挤占孩子休息和活动时间。"
3ABAD9F7B6C2E0C4AFFA77895CB8B502F1E966B4D06F5FF4FE28EE8F4E23FC34,希望新学期作业负担不反弹并加强课后服务管理,"孩子今年小学非毕业年级,暑假这段时间参加了学校的课后服务,目前书面作业量基本在合理范围内。作为家长,我们家庭经济条件一般,自己文化程度不高,辅导作业有困难。看到过去有的学校出现作业过多、孩子写到很晚的情况,心里一直担忧开学后作业负担会反弹。希望学校能认真落实作业统筹要求,控制好每天书面作业总量,多利用课后服务时间辅导孩子在校完成作业,开展一些体育、阅读、兴趣活动,不要把课后服务变成变相补课或增加孩子负担。同时,也希望地方能保障课后服务的师资和经费,让孩子真正受益,让我们家长放心。"
FAD336D8EA72843334BAD65ADC9828346880666BF863BFCBF0515462E2F95E85,关于乡村小学生暑假学习与照护支持的建议,"领导您好,我是西部乡村一名小学生的家长。孩子现在上小学,家里条件有限,我和家人文化程度不高,暑假这段时间孩子在家基本没有多少书面作业,我们也不知道该怎么辅导。村里像我们这样的家庭不少,很多孩子父母外出打工,老人照看,暑假容易沉迷手机或到处跑,学习积极性不高。我们一直希望孩子将来能考上大学,但现在学校不是重点,我们又请不起外面的辅导班,心里很着急。想请领导帮忙协调学校或村委会,在暑假剩下的时间以及开学后,多组织一些免费的学习辅导、兴趣活动或托管照看,最好能根据孩子的特长和兴趣引导一下,不要让孩子假期荒废。也希望学校和老师能多关注乡村留守儿童,帮他们提高学习积极性。谢谢。"
8B87F02BDCA9C9934D51B72C8444B310A9236D1A98598604496ACE7A6AD93461,希望农村小学课后服务能真正帮到孩子,"领导好,我是西部农村一名小学生的家长。孩子暑假在家,我们文化不高,辅导不了作业,心里着急。现在听说上面要求学校加强作业管理、开展课后服务,我们很期盼。希望开学后学校能落实课后服务,让孩子在学校把作业做完,老师能指导,减轻我们家长负担。我们家条件一般,孩子也没上过什么培训班,更依赖学校。也请关注农村学校师资和经费不足的问题,让课后服务不是简单看管,而是有老师辅导作业、开展一些兴趣活动,提高孩子学习积极性。谢谢。"
8CBC71A8DA09F7A7C76A2BCF215FDB59DB8F6EC2CB337A5977D980CC94738AC7,关于乡村低年级学生课后学习指导的诉求,"我是西部某村的一名小学生家长,孩子现在读小学低年级。按照现在的规定,低年级原则上不布置书面家庭作业,我们理解这是为了减轻孩子负担,但作为文化程度不高的家长,心里很着急:孩子在家没有作业,我们也不知道该怎么辅导,怕基础打不牢,以后跟不上。孩子目前也没有参加学校的课后服务,放学后就在家里,缺少集体学习氛围和老师指导。村里条件有限,我们也没钱给孩子报外面的班,只能靠学校。希望学校在不布置书面作业的同时,能多布置一些阅读、动手实践或者劳动类的任务,让孩子在家有事做、有收获;也希望能开放或优化课后服务,让更多像我们这样家庭辅导能力弱的孩子能在学校得到老师的关注和指导,提高学习积极性,发展兴趣特长。孩子睡眠时间比较充足,但学习上我们实在使不上劲。恳请领导关注乡村低年级孩子的课后学习支持问题,协调学校或相关部门给予帮助。盼回复。"
7741C92B8934202BBE7F0F70265942D06B7D5C4CF37E3110FB51342CB3905E31,希望加强乡村小学课后服务的质量和内容,"我是西部农村的一名小学生家长。孩子最近参加了学校的课后服务,每天放学后有两个小时,确实帮我们解决了接孩子和辅导作业的难题。我们文化程度不高,家里经济也紧,以前没给孩子报过校外班,现在外面的培训班少了,更盼着学校课后服务能真正教点东西,别只是看管。孩子才上小学低年级,本来就没有书面家庭作业,这两个小时如果能安排阅读、写字、兴趣活动,或者老师指导一下学习习惯,那就太好了。农村学校条件有限,老师也很辛苦,但还是想请上级多支持,给学校配一些音体美老师或活动经费,让课后服务内容丰富一点,能多关注每个孩子的特点,提高孩子的学习积极性。马上要开学了,希望这个学期课后服务能坚持办好,内容更实在,我们家长也能安心。"
F431570C1CB46C1E55B0F32ADBEAA961B64D2390389F81F2CF11504217C150A7,乡村小学生暑假学习引导和积极性问题求助,"我是西部乡村一名小学生的家长。孩子上小学,不在升学衔接年级。家里经济条件不好,我和家人文化水平都不高,暑假孩子在家,我们不知道该怎么辅导学习。学校这个月没有课后服务,孩子也没参加校外培训。我们担心孩子假期玩散了心,开学后学习积极性不高。我们村学校是普通公办学校,老师也尽力,但班额不小,可能没法对每个孩子都细致引导。我们希望领导能关心一下乡村孩子的学习,协调学校新学期多开展一些课后兴趣活动或学习辅导,帮助孩子找到学习的乐趣,提高积极性。孩子睡眠充足,也喜欢上学,我们期望他将来能考上大学,但怕现在基础打不牢。请领导考虑我们的难处,谢谢。"
782C1FE4273C011A2814F4707F7DD3FCD387C3A3AE738CE379B17E14AA22FE46,关于乡村学校课后服务内容与质量的建议,"我是一名乡村公办小学低年级学生的家长。孩子本学期参加了学校课后服务,每周五天、每天两小时。但据我观察,课后服务主要是老师看管,内容比较单一,缺乏有针对性的学习辅导和兴趣培养。由于低年级按规定不布置书面家庭作业,孩子回家后没有巩固练习,我们文化水平有限,家里经济条件也不好,没法给孩子报外面的辅导班。我们担心孩子基础打不牢,学习积极性也提不起来。希望领导能重视乡村学校课后服务的实际质量,指导学校在课后服务中增加基础学科巩固、阅读书写练习和文体活动,让课后服务真正帮助到我们这样的家庭。"
F7585154C91CCD6D482ABD7CA5121E77703B7A36673A35F5FF0A69C6DD755247,乡村小学生暑假学习引导和积极性问题求助,"我是西部乡村一名小学生的家长。孩子上小学,不在升学衔接年级。家里经济条件不好,我和家人文化水平都不高,暑假孩子在家,我们不知道该怎么辅导学习。学校这个月没有课后服务,孩子也没参加校外培训。我们担心孩子假期玩散了心,开学后学习积极性不高。我们村学校是普通公办学校,老师也尽力,但班额不小,可能没法对每个孩子都细致引导。我们希望领导能关心一下乡村孩子的学习,协调学校新学期多开展一些课后兴趣活动或学习辅导,帮助孩子找到学习的乐趣,提高积极性。孩子睡眠充足,也喜欢上学,我们期望他将来能考上大学,但怕现在基础打不牢。请领导考虑我们的难处,谢谢。"
FCBF5E248D4E27DA4CB776B842C2EECB88CB7408DD3D659474F8ADCEF685C92C,关于丰富农村小学暑期课后服务内容的建议,"领导您好。我家在西部农村,孩子上小学,家里经济条件一般,大人文化程度不高,暑假孩子参加了学校课后服务,我们很感谢有这个安排。作为家长,我们担心课后服务内容比较单一,主要是看管和写作业,孩子学习积极性不高。希望相关部门能督促学校在课后服务中多安排一些适合农村孩子的兴趣活动,比如阅读、体育、手工、科学小实验等,同时多关注农村孩子的心理和学习状态,尤其是一些父母在外务工、由老人照看的孩子。这样既能减轻家长负担,也能让孩子暑假过得充实。"
CE4DC7FAB365451A0BB583C8E9EE71FE5E8A47534C64AF0897BFCD8622F3F64F,乡村小学生暑假学习引导和积极性问题求助,"我是西部乡村一名小学生的家长。孩子上小学,不在升学衔接年级。家里经济条件不好,我和家人文化水平都不高,暑假孩子在家,我们不知道该怎么辅导学习。学校这个月没有课后服务,孩子也没参加校外培训。我们担心孩子假期玩散了心,开学后学习积极性不高。我们村学校是普通公办学校,老师也尽力,但班额不小,可能没法对每个孩子都细致引导。我们希望领导能关心一下乡村孩子的学习,协调学校新学期多开展一些课后兴趣活动或学习辅导,帮助孩子找到学习的乐趣,提高积极性。孩子睡眠充足,也喜欢上学,我们期望他将来能考上大学,但怕现在基础打不牢。请领导考虑我们的难处,谢谢。"
281D955B977B587BDDFF9DA1A4B4D080EB135C5CAB4D51BA2E6F44D4864782D4,请求加强乡村小学课后服务中对农村孩子的学业辅导,"领导您好,我是一名农村小学生的家长。我们这里条件有限,家里孩子多,经济上不宽裕,我和孩子爸爸文化程度也不高,没有能力给孩子报外面的辅导班。现在学校有课后服务,孩子每天都参加,这本来是好事,但我们担心课后服务只是看着孩子写作业或者自由活动,不能真正帮助孩子提高学习积极性。现在学校又不布置书面家庭作业,我们回家也不知道怎么辅导孩子。希望领导能督促学校在课后服务里增加一些有针对性的学习辅导和兴趣活动,特别是像我们这样的农村孩子和留守儿童,更需要老师的引导。也希望能多关注孩子的心理和学习习惯培养,让我们家长放心。盼回复。"
BF071650E04BCF8956874434BC51AE3E23D09C5860D7E383A46D922CAEF722FF,关于减轻乡村初中生暑期书面作业负担的请求,"领导您好,我是西部一名乡村初中生的家长。这个月发现孩子的书面作业完成时间超过了现行规定的上限,虽不清楚具体布置了多少,但每天花在作业上的时间偏长,我们很担心。我和孩子爸爸都在上班,文化水平不高,回家时间紧张,很难辅导。孩子以前睡眠不错,但如果作业一直这样,怕影响休息和身体。另外,我们这里以前有老师让家长批改作业的情况,我们文化有限,真怕也被要求这么做。希望领导能协调学校合理安排作业量,别把负担转给家长。谢谢。"
D4D551E21B3760FCF5CFB0A08F7762A81CC9D12F5593D59A6E73209E7804B287,农村初中生暑假作业负担重盼统筹减负,"我们住在西部乡村,孩子上公办初中,这个暑假书面作业每天都做很久,明显超过规定的一个半小时,经常晚上还在赶,我们看着心疼。我们夫妻都要上班,文化程度不高,没法辅导,也没条件报补习班。担心开学后作业负担更重,老师如果把辅导任务压给家长,我们更应付不了。希望领导关注农村初中生作业负担,督促学校真正落实统筹作业总量和时长、加强校内指导的要求,开学后把课后服务做实,让家长能安心务工,孩子也能睡够觉。恳请给予了解和帮助。"
235DE3A6152E39CD9F58C73F54CA1DB60C90BA6FC46955756A5B22A3F45E3C95,农村初中书面作业时长规范落实难,"领导您好。我们家孩子在乡镇初中就读,这个月正赶上寒假和开学过渡,书面作业情况没有达到规定时长要求。我们夫妻都要上班,文化程度不高,晚上回家时间也紧,很担心开学后作业再增多,我们既辅导不了,又怕孩子长期睡眠不足。周边以前就有家长反映过作业做到很晚、甚至要求家长批改的情况,农村家庭实在吃不消。希望领导督促学校严格按规范控制书面作业总量,别把批改压力转给家长,同时考虑未参加课后服务孩子的实际困难,适当提供校内作业辅导。"
13E8D09DF2B5C3F5EA975ABA572C52FD488DA2C84AEE238E46E0AAE90B48505D,关于农村学校课后服务质量和作业管理的求助,"领导好,我是西部农村一名初中生家长。我们夫妻都在打工,文化程度不高,平时很难辅导孩子学习。孩子这学期参加了学校课后服务,每天两个小时,我们很感激。但目前作业时间虽然符合规定,我们担心开学后作业又会多起来,我们不会教也教不了。课后服务这两个小时,不知道老师是认真辅导作业还是只看着孩子,农村学校老师也有限,怕流于形式。希望政府能加强对农村学校课后服务的监管,让课后服务真正帮助孩子完成作业、开展一些活动,同时继续严控作业总量,别让家长批改作业。我们这样的家庭,只能靠学校了。"
B41DC8AAC2225C4622FFEA42848E4204466FD37CD741FD4FE148EF738FAF5D99,关于乡村初中生暑假作业负担过重的求助,"领导好。我家在西部农村,孩子上初中,不是毕业班。我和孩子妈妈都在上班,文化程度不高,每天回家比较晚。这个暑假,孩子书面作业平均完成时间明显超过了教育部门对初中生每天不超过一个半小时的规定,我们下班回来孩子常常还在写。我们想辅导,但很多题自己也不会,村里又没有方便孩子去的托管辅导资源,孩子也没参加学校的课后服务。我们很担心长期这样影响孩子休息和身体,也怕开学后作业还是这么多。听说以前有家长反映过作业做到深夜、老师让家长批改的情况,我们文化低更做不了。希望领导督促学校合理安排作业量,尽量利用课后服务时间在校辅导,减轻家长负担。"
954B187016D0CA6F2CC91EF33629FCD1BD7730671D6F35A4879C8C7958EABEBD,关于乡村初中课后服务质量的忧虑,"各位领导好,我是西部农村一名初中生的家长。我们两口子都在打工,平时时间很紧,孩子现在放暑假,参加了学校的课后服务,每天说是有两个小时以上。我们很感激有这个安排,能帮我们照看孩子。但我们这里学校条件一般,老师也少,担心课后服务只是把学生集中起来看管,没有真正辅导作业、开展活动。以前就听说附近有学校老师教学水平有限,孩子听不懂,家长又没能力教,只好找补习班。现在学科培训班少了,我们经济上也负担不起,更指望学校课后服务能实实在在帮孩子提高。希望领导能督促学校把课后服务办好,安排有能力的老师,内容丰富些,别让好政策到农村变了样。谢谢。"
BCD5FEC83944D1A296FC0DCFB08F93E6459757F8AFF0FF3A44D7281918F317A8,关于乡村初中生暑假作业负担过重的求助,"领导好。我家在西部农村,孩子上初中,不是毕业班。我和孩子妈妈都在上班,文化程度不高,每天回家比较晚。这个暑假,孩子书面作业平均完成时间明显超过了教育部门对初中生每天不超过一个半小时的规定,我们下班回来孩子常常还在写。我们想辅导,但很多题自己也不会,村里又没有方便孩子去的托管辅导资源,孩子也没参加学校的课后服务。我们很担心长期这样影响孩子休息和身体,也怕开学后作业还是这么多。听说以前有家长反映过作业做到深夜、老师让家长批改的情况,我们文化低更做不了。希望领导督促学校合理安排作业量,尽量利用课后服务时间在校辅导,减轻家长负担。"
9F381E33F1EB759F8A91118FA15D2862973ECA69FAFBD6958232972BB1F52CF4,关于农村学校课后服务和作业辅导的担忧与请求,"各位领导好。我是西部农村一名初中生的家长。我们两口子都在外打工,文化程度不高,晚上回家晚,辅导孩子学习很吃力。目前孩子参加了学校的课后服务,暑假作业量也正常,但我们心里不踏实。以前听说有的地方作业多得孩子做到深夜,还有老师要求家长在群里批改作业,我们很怕开学后这种情况又出现。现在校外补课班少了,我们更希望学校课后服务能够真正把作业辅导和答疑抓好,别让孩子把不会的题带回家,也别把辅导责任都压到家长身上。请领导们多关注农村学校课后服务的实际质量和资源保障,让像我们这样的家庭能安心。"
19B72262E93AF37C29A7CB70463C8CA9FE363B2A7DC932470947BD092DABF1C4,关于乡村初中生暑假作业负担过重的求助,"领导好。我家在西部农村,孩子上初中,不是毕业班。我和孩子妈妈都在上班,文化程度不高,每天回家比较晚。这个暑假,孩子书面作业平均完成时间明显超过了教育部门对初中生每天不超过一个半小时的规定,我们下班回来孩子常常还在写。我们想辅导,但很多题自己也不会,村里又没有方便孩子去的托管辅导资源,孩子也没参加学校的课后服务。我们很担心长期这样影响孩子休息和身体,也怕开学后作业还是这么多。听说以前有家长反映过作业做到深夜、老师让家长批改的情况,我们文化低更做不了。希望领导督促学校合理安排作业量,尽量利用课后服务时间在校辅导,减轻家长负担。"
411608C70EBBCA4F2D263F21DAEDC8FDF6A00A4A03654F931E240B2E6F60A8EC,关于农村初中课后服务质量与家长辅导难处的诉求,"我是一名西部农村初中学生的家长,孩子目前不在毕业年级。我们夫妻都要打工,文化程度不高,家里经济条件一般,实在没法给孩子辅导功课。暑假里孩子参加了学校的课后服务,但我们心里没底:农村学校本来师资和经费就有限,很担心课后服务只是把孩子聚在一起看管,或者变成集体写作业,没有真正针对孩子的薄弱学科进行辅导。现在校外学科培训又少了很多,我们更不敢指望花钱补课。以前也听说过有孩子作业写到很晚、家长不会教只能干着急的情况,所以特别希望上级能重视农村学校课后服务的实际质量,在教师安排和经费保障上多支持,让孩子在学校就能得到有效指导,不要把作业和辅导压力都推给家长。我们理解政策在控制作业量,也希望能继续落实,不要布置需要家长批改或讲解的作业。"
2E35EE62769F9EC3A6B3BADE76426428B1EF79725143C086F0EB4755760EA696,关于新学期小学生作业负担和教学质量的担忧与请求,"领导好。我是西部一个城镇小学生的家长。家里经济条件一般,我们两口子文化不高,都要上班,辅导孩子作业很吃力。现在放暑假,孩子作业量还算正常,睡眠也够。但一想到开学,心里就不踏实。我们这里学校不是重点,以前就听说有老师布置作业太多,孩子做到半夜,成绩还上不去,反映了还不被当回事。现在我们最怕新学期作业又变相多起来,把孩子的睡眠和身体搞垮。我们也没钱报校外班,就指望学校老师能教好。希望领导能督促学校严格执行作业时间规定,同时关注班级人数和老师教学水平,别让减负成了空话,让孩子能睡够、学扎实。谢谢。"
2215C7575C48267709C718367EDCBBF308B11CA996C2C66F870FB3763437C6EF,关于开学后课后服务和作业管理的担忧与请求,"各位领导好,我们是西部一个普通城镇的家庭,孩子上小学,不是毕业年级。家里经济条件一般,我们两口子都在打工,文化程度不高,辅导孩子作业很吃力。暑假看到现在有政策要求学校统筹作业总量、规范校外培训、完善课后服务,心里挺高兴,但还是有些担心。以前听说过有的学校老师布置作业太多,孩子写到很晚,成绩反而不好。我们家孩子这个月作业时间看起来还算正常,可那是暑假,就怕开学后学校执行不到位。我们最盼的是学校课后服务能真正办好,让孩子在学校把作业写完,老师能辅导一下,而不是简单看管。如果课后服务搞不好,我们文化低教不了,经济上也上不起外面的辅导班,只能干着急。希望领导们能督促学校把书面作业时间和课后服务都抓严实,别让作业超时,把课后服务内容安排丰富些,让孩子有问题能问老师,回家能早点睡觉。这样我们家长也能踏实工作。谢谢领导。"
FF832811F0282497873AD0A9DA3A8D4D04F38081DED6B97E0BD90A8885D5F104,关于提升学校课后服务质量以减轻低收入家庭校外培训负担的请求,"我们夫妻都在上班,家里人口多,经济条件一般,我文化水平低,辅导不了孩子作业。孩子现在上小学,参加了学校课后服务,但我们还是给孩子在校外报了学科培训班,费用和以前差不多,负担很重。目前孩子作业时间倒是符合规定,睡眠也充足,但我们担心开学后学习难度增加,课后服务如果只是看管写作业,起不到辅导作用,我们还得继续花钱,实在困难。希望领导督促学校把课后服务内容做实,安排老师认真辅导作业、答疑,让我们这些没能力辅导又没钱的家长能少花冤枉钱。同时也请关注学校教学质量和班级管理,别让老师忙不过来影响孩子。"
D5F1C2375EF060E7FF705693A11AFAA17E5092FCE86EC339376C4E1FCAAB38CA,关于提升课后服务质量、巩固作业减负成效的诉求,"领导好。我们是小学家长,家里经济条件一般,两口子都要上班,文化程度也不高,辅导孩子功课很吃力。现在孩子参加了学校的课后服务,我们本来觉得能缓解接送和辅导压力,但心里还是不踏实。从以往身边情况看,有的班级老师布置作业过多,孩子经常写到很晚,第二天没精神,成绩反而下滑。现在虽然作业量暂时符合要求,但我们担心开学后作业又会多起来,课后服务如果只是看着孩子,不真正指导作业,我们回家还是没办法。希望领导能督促学校把课后服务做扎实,老师利用这个时间帮孩子把作业完成、把不懂的讲明白,同时继续严控书面作业总量,别让作业负担反弹。另外,我们虽然还在上校外培训,费用降了一些,但对我们家来说还是不小开支,更希望学校课后服务能提供有效的学习支持,减少对校外培训的依赖。谢谢领导。"
6DFA595B636C7139A13AE03176FD244276DD397E9C89F08007B913002E13CB8E,关于提升学校课后服务质量减轻家长补课负担的诉求,"领导好!我家孩子上小学,我们两口子都打工,家里还有老人,经济条件一般。孩子暑假在学校课后服务和外面补课,补课费对我们是不小的压力。我们文化不高,辅导不了孩子,就盼他将来能考上大学。可我们这学校不是重点,资源有限,我们担心老师精力不够,孩子在学校学不扎实,才不得不花钱补课。希望领导能重视我们这样的普通学校,增加好老师,把课后服务搞得更实在,让孩子在学校就能学好,我们也能少花冤枉钱。谢谢!"
83CBFDFE445B35AEACEF02BD608982D6DEC8AF6CE282E251BC11AE005899EAC1,"希望加强课后服务实效,减轻家庭负担","领导您好,我是西部城镇一名小学生的家长。家里经济条件一般,我和孩子妈妈都要上班,平时带孩子学习很吃力。现在孩子在学校参加课后服务,但我们不知道老师有没有认真辅导作业,心里没底。孩子现在还在外面补课,虽然费用降了一些,但对我们家来说还是不小的负担。我们想如果课后服务能把作业辅导好,让孩子在学校做完作业,回来不用我们教,我们也就不用再花这个钱了。另外,我们听说有的学校以前老师作业布置太多,孩子做到很晚,家长反映也不管,我们担心新学期作业又变多。希望领导能督促学校把作业管好,把课后服务质量提高,真正帮我们这样的家庭减轻压力。"
98FB7FB5BC7EBE2C4A58E8CE8A477EE0F68FF8545C8B7CCA4408B53D5972562A,关于提升学校课后服务质量减轻家长补课负担的诉求,"领导好!我家孩子上小学,我们两口子都打工,家里还有老人,经济条件一般。孩子暑假在学校课后服务和外面补课,补课费对我们是不小的压力。我们文化不高,辅导不了孩子,就盼他将来能考上大学。可我们这学校不是重点,资源有限,我们担心老师精力不够,孩子在学校学不扎实,才不得不花钱补课。希望领导能重视我们这样的普通学校,增加好老师,把课后服务搞得更实在,让孩子在学校就能学好,我们也能少花冤枉钱。谢谢!"
315BA908F9468B4F2E587DCF5C22E53EDED7D009854C276DF6E14E094A04C35E,希望提升学校课后服务质量减轻家庭补课负担,"领导您好。我家在西部城镇,家庭经济条件不太好,我和孩子爸爸都要上班,家里人口多,每天能辅导孩子作业的时间和精力有限。孩子现在上小学,这学期书面作业时间基本符合规定,我们稍微松了一口气。但孩子目前还在外面补课,虽然费用比以前降了一些,对我们这样的家庭来说仍然是一笔不小的开支。孩子这个月也参加了学校课后服务,每天有两个小时左右,但我们很担心课后服务只是在看管,没有真正帮孩子把作业弄懂、把基础补上。过去我们这里有的学校出现过作业很多、老师教学跟不上、全班成绩不理想的情况,我们害怕如果课后服务质量上不去,孩子最后还是只能靠花钱补课。希望领导能督促学校把课后服务做扎实,加强作业辅导和学习帮助,让孩子在学校就能解决大部分学习问题,减轻我们低收入家庭的经济压力和照护压力。非常感谢。"
DD0E3B2A3F936F35DC0E4938CB8F04665B85298F41611432644DF0E7063F4DFE,关于提升学校课后服务质量减轻家长补课负担的诉求,"领导好!我家孩子上小学,我们两口子都打工,家里还有老人,经济条件一般。孩子暑假在学校课后服务和外面补课,补课费对我们是不小的压力。我们文化不高,辅导不了孩子,就盼他将来能考上大学。可我们这学校不是重点,资源有限,我们担心老师精力不够,孩子在学校学不扎实,才不得不花钱补课。希望领导能重视我们这样的普通学校,增加好老师,把课后服务搞得更实在,让孩子在学校就能学好,我们也能少花冤枉钱。谢谢!"
8A661F1B7D0B7EDC752202977AE8E8D9BADEAE548EC52CF85B1CF628DB5177AB,"希望把学校课后服务做实,减轻困难家庭补课负担","领导好,我是一名小学生的家长。我们家经济条件不太好,我和爱人都在打工,文化程度不高,晚上能陪孩子学习的时间也不多。孩子现在学校课后服务也参加,校外也还在补课,虽然补课费比以前降了一点,但对我们来说仍然是一笔不小的开销。现在学科类培训班明显少了,我们心里很矛盾:不上怕孩子跟不上,上了又怕哪天机构没了或者费用再涨。我们最希望的是学校课后服务能真正帮孩子把作业完成好,再安排一些阅读、体育、兴趣活动,而不是简单看着孩子。也担心以后年级升高作业突然变多,孩子又要熬夜。请领导多关注一下我们这种普通家庭,督促学校把课后服务的内容和质量抓上去,让家长少一点后顾之忧。"
454A4DC3DEF052B89D2EEA2B14C03F18198FE647A0C0360C0A056C315BD3C154,关于农村小学暑假书面作业超时影响孩子休息的反映,"领导好。我家孩子在乡村公办小学读书,现在放暑假。按照减负要求,这个年级的书面家庭作业平均完成时间不应超过60分钟,可这个月孩子每天写作业都要花更长时间,常常到晚上很晚。我们农村家长文化水平有限,辅导起来很吃力。孩子平时睡眠还算充足,但最近为了赶作业经常晚睡,我们很心疼。听说个别老师在外面办补习班,我们担心作业量过多是不是和这有关系,也不敢乱猜。希望领导能督促学校落实作业管理规定,合理控制暑假作业总量,让孩子有时间休息、锻炼,也能帮家里做点事。恳请关注。"
D67A3D8E25D68D70AD88DAA0F8BC69513A105E98AB1FFC8D8EB4EA527CFF2E32,关于乡村小学严格落实作业管理规定的诉求,"我家孩子在本地一所公办乡村小学就读。暑假期间,从孩子完成书面作业的情况看,可能超过了规定的每天60分钟,孩子睡眠时间一直比较长,但写作业经常要花不少时间,我们担心开学后负担会更重。现在上级要求学校统筹作业总量和时长、加强校内指导,还要完善课后服务,但这些政策能不能真正落实到我们乡村学校,心里没底。希望领导能督促学校严格执行作业时间上限,提高作业设计质量,不要布置重复性惩罚性作业;同时利用好课后服务时间,让孩子在学校尽量完成作业,老师能给予辅导,而不是把作业压力推给家长。另外也担心个别老师精力不在课堂上,对不参加校外培训的孩子不公平,希望加强师德和教学管理。请领导关注乡村孩子的学习负担和公平问题。"
CE4D798329E513DC6635E14542E98BFB9AD7803D9F947A2556993503FBA0EEFF,关于农村小学生家庭作业负担过重希望加强管理的诉求,"我家孩子在村里小学读书,这学期开学后,感觉书面作业明显偏多,孩子经常要写到很晚,虽然教育部门规定小学生每天书面作业平均不超过一小时,但实际经常超出。我们农村家长文化水平有限,辅导不了作业,孩子也没上过校外补习班,全靠学校。孩子参加了课后服务,可作业还是带回家做到很晚,长期这样我们担心影响孩子睡眠和身体,也怕孩子对学习产生抵触。另外,听说周边有些老师在校外办补习班,我们担心老师精力分散,课堂上不好好教,把重点留到补习班,这对我们农村孩子更不公平。希望领导能督促相关部门加强作业管理,让课后服务真正起到辅导作用,让孩子能在校内完成大部分作业,保证睡眠时间。也请关注乡村小学师资和班级资源,别让农村孩子输在起跑线上。"
6040317613B86C62CD6A4F11FA6392AB996025FA7366020188C4B699FE7F5DCB,关于农村小学课后服务质量的担忧与建议,"我是中部地区一名乡村小学生的家长。孩子就读公办小学,本学期开学后参加了学校课后服务,学校安排为每周五天、每天至少两小时。作为家长,我们支持课后服务政策,也希望孩子在校时间能得到有效利用。但我们担心,农村学校师资和经费有限,课后服务可能只是简单看管,缺乏作业辅导、兴趣培养等实质性内容;也担心老师精力不足,无法关注到每个孩子,尤其像我们这样班级规模可能较大的学校。我们家长期望孩子未来能考上本科,孩子此前没有参加学科类校外培训,现在市场上培训供给也明显收缩,课后服务几乎成了孩子课后拓展的主要依托。希望领导能督促相关部门对农村学校课后服务的实际运行加强指导和监督,保障师资和经费,丰富服务内容,真正落实自愿原则,避免流于形式,让孩子受益。"
3CE0BA4894B16725D72C946EA83CA638332C410DC549DF83C6C909ACD21FAA42,关于乡村小学生暑假课后服务作业负担的反映,"领导好,我是一名乡村公办小学的学生家长。孩子现在上小学,暑假期间参加了学校的课后服务。近期发现,孩子每天完成书面作业的时间经常超过规定的一小时,有时要写很久,我们很担心。孩子平时睡眠时间比较长,如果作业太多,睡眠就会受影响,第二天也没精神。我们家没有给孩子报校外学科培训,就指望着学校能教好,但作业太多对这么小的孩子来说压力太大了。希望领导能关注一下乡村学校课后服务的作业管理,督促学校严格按照规定控制书面作业时间,让孩子能过个轻松的暑假,健康成长。"
D72841BA0ED39B6E75E4A3F991273C7079C419A1C562EB9BF9BB5AC793714655,关于农村小学课后服务质量和师资保障的诉求,"领导好,我是农村一名小学生家长。孩子今年参加了学校课后服务,我们很感激有这项安排,但心里也有担忧。我们家在村里,以前没条件让孩子上校外辅导班,现在外面学科培训也少了,学校课后服务成了孩子课后学习的主要依靠。孩子每天作业不多,睡眠也够,但我希望他将来能考上大学,光靠现在的作业量怕不够。我担心农村学校课后服务师资不足,内容只是看管,缺少有针对性的学业辅导和兴趣活动。希望政府能加大农村学校课后服务的师资和经费支持,真正把这两个小时用好,别让农村孩子和城里孩子差距越来越大。"
5D128F8F16E0B31E57738C77A4B61D15E275CD64E5D2ABFDB0F7B1392318D20B,关于乡村小学生暑假课后服务作业负担的反映,"领导好,我是一名乡村公办小学的学生家长。孩子现在上小学,暑假期间参加了学校的课后服务。近期发现,孩子每天完成书面作业的时间经常超过规定的一小时,有时要写很久,我们很担心。孩子平时睡眠时间比较长,如果作业太多,睡眠就会受影响,第二天也没精神。我们家没有给孩子报校外学科培训,就指望着学校能教好,但作业太多对这么小的孩子来说压力太大了。希望领导能关注一下乡村学校课后服务的作业管理,督促学校严格按照规定控制书面作业时间,让孩子能过个轻松的暑假,健康成长。"
B7C7D6680D92BF3F8FA0C4999A63171FA95EAA9A30D8DBBF96F538974CD75E0E,关于农村小学课后服务实效的诉求,"领导好。我是中部农村一名小学生的家长。孩子目前上小学,暑假期间参加了学校的课后服务,我们很支持这项安排。但结合身边一些家长的反映和我们以往看到的情况,我们有些担心:农村学校条件有限,课后服务会不会只是把孩子集中看管起来,内容就是写作业或自由活动,老师精力不够,班里孩子多,没法关注到每个孩子的需要;特别是我们农村家庭,孩子学习主要依靠学校,课后服务如果能真正辅导一下作业、开展一些阅读或兴趣活动,我们非常感激。以前就听说过有的老师心思不在课堂上,对不参加补习的孩子不闻不问,现在校外培训少了,学校课后服务就更重要了。希望领导能督促学校把课后服务做细做实,丰富服务内容,加强教师责任心,别让课后服务有名无实。同时希望上级能多支持农村学校,保障师资和经费,让孩子在学校真正受益。"
0391CAA8CC39F7211F596D25F0E1CAA200AD22FA867E6553A6A381AD483CA5D1,关于乡村小学生暑假课后服务作业负担的反映,"领导好,我是一名乡村公办小学的学生家长。孩子现在上小学,暑假期间参加了学校的课后服务。近期发现,孩子每天完成书面作业的时间经常超过规定的一小时,有时要写很久,我们很担心。孩子平时睡眠时间比较长,如果作业太多,睡眠就会受影响,第二天也没精神。我们家没有给孩子报校外学科培训,就指望着学校能教好,但作业太多对这么小的孩子来说压力太大了。希望领导能关注一下乡村学校课后服务的作业管理,督促学校严格按照规定控制书面作业时间,让孩子能过个轻松的暑假,健康成长。"
504223986931BD1385C6B08D8BAB7EBD9043509357C0E60FF76088CBE0277FA6,关于提升农村小学课后服务质量的诉求,"领导您好,我是一名农村小学学生的家长。孩子目前在公办小学就读,暑假期间学校提供了课后服务,孩子也参加了。我们家长文化程度有限,农忙或外出务工时确实需要学校帮孩子辅导作业、开展一些活动。现在校外学科培训少了,我们更希望学校的课后服务能真正管用。但农村学校条件有限,担心老师人手不足、内容单一,只是把孩子看着写作业,缺乏针对性指导。孩子睡眠时间比较充足,作业量目前也符合规定,但我们更担心学习质量和将来的升学。希望领导能督促相关部门保障农村学校课后服务的师资和经费,丰富服务内容,让孩子在校内就能得到有效辅导和素质拓展,不因家庭条件或地域差异被落下。谢谢。"
E6601DF8C22B42FE58E5C0AD60F147334481426E7D4DA09D27D683F7B3C8A75D,关于巩固减负成果防止开学后作业负担反弹的请求,"我是西部某县一名小学生家长,孩子就读公办重点小学。暑假以来,孩子的书面作业量控制得不错,每天能睡足觉,我们家长也比较放心。但身边有朋友和以往见闻中,一些学校到了开学后容易出现书面作业超时、周末留校学习等现象,孩子睡眠不足,家长也跟着焦虑。我们家经济条件一般,没法给孩子报很多辅导班,更希望学校能科学安排。现在临近开学,我担心原来减负的成果不能持续,书面作业又超过一小时,或者变相补课挤占休息时间。恳请教育部门在新学期加强对学校的日常督查,严格控制小学书面作业总量,禁止违规利用周末和节假日集体补课,多布置些实践类、动手动脑的任务,让孩子能有充足睡眠和锻炼时间,健康成长。"
73BA72313347419F9AF89054FDB51E255E28AEAF75C7D3F58820B29E6367414B,"希望新学期课后服务真减负,别成变相补课","我家孩子上小学,学校是公办重点。暑假里看到新要求说要统筹作业总量、完善课后服务,我们很期盼。但我们家经济条件不算好,家里人多,主要靠一个人挣钱,最怕课后服务另收费或变成集体补课,反而增加负担。之前周边也有学校周六周日留校学习、孩子睡不够的情况,我们很担心政策到了学校走样。孩子平时睡眠比较足,我们不想他开学后因为课后服务或作业拖到很晚。希望领导督促学校把课后服务做成自愿、多样、时间衔接,真正用于作业指导和兴趣活动,不要强制参加或变相讲新课,同时关注收费和补助,让我们这种低收入家庭也能踏实参加。"
08278E13AF7E52DEA48C417DDCF8322D50E46A11CEDCE29E981757A745EA49A5,关于小学新学期作业负担与睡眠保障的诉求,"领导好,我是一名小学生家长。孩子目前在公办小学读非毕业年级,这个寒假作业量还比较合适,睡眠也充足。但我看到周边一些学校存在周末补课、作业偏多的现象,心里很担心开学后孩子学校也会增加书面作业,或者利用课后时间变相补课,影响孩子休息。我们家经济条件一般,没有给孩子报校外学科班,平时我也尽量参与辅导,但能力有限。希望教育部门能督促学校在新学期严格落实小学生书面作业不超过60分钟的规定,不要占用周末和课后服务时间补课,多布置一些动手实践类任务,让孩子能有充足睡眠和休息,身心健康地成长。"
7329DC03C71B1050557EF1209A59778BD88942E4E6D15FFDD13857C84E65E386,关于课后服务避免变相补课、保障孩子休息的建议,"我家孩子上小学,不是毕业年级,这个月已经参加学校的课后服务。学校课后服务原则上每天不少于两小时,孩子在校时间变长。我们家庭经济条件一般,但一直很重视孩子的学习和休息。目前书面作业量看起来比较规范,我们最担心的是课后服务这两小时到底怎么用。以前总听说减负但补课不断、孩子睡眠不足,所以很怕课后服务变成变相上课或集体补课,让孩子在学校多熬两个小时。希望有关部门能加强对学校课后服务的监督指导,真正落实自愿参加和内容多样,多安排体育、阅读、动手实践,不要把课后服务变成补课和加作业。让孩子在学校把作业基本完成,回家能有点自由活动时间,保证充足睡眠。这样我们家长也放心。"
32E4BCBF22741F70632306652CA35F0610B7EEFE13C57BBFAF28E1E555CBEB00,关于落实小学生减负及完善课后服务的建议,"领导您好,我是一名小学生的家长。孩子就读公办小学,暑假期间书面作业量符合要求,睡眠也充足,我们很欣慰。但想到开学后,担心作业负担又加重,或者出现变相补课、周末留校等情况。我们家庭经济条件一般,无力承担校外学科培训,只希望孩子能在学校学好、休息好。恳请相关部门持续监督学校严格执行作业时间规定,多布置实践类、体育类任务,少一些机械抄写;同时建议学校丰富课后服务内容,让孩子在校内完成作业、参加兴趣活动,既减轻家长负担,也避免孩子被校外培训裹挟。谢谢。"
7692EB4122C73B5EC1FBECAD310C87EEF5BF3998B86B03E7B928FBE7C3BF54DE,关于暑期学校课后服务增加实践内容的建议,"领导您好。我家在西部城镇,家庭经济条件一般,孩子就读公办小学,这个暑假参加了学校的课后服务。作为家长,我们很感谢学校提供照护和活动,但心里也有些担心:政策要求课后服务内容多样,可我们怕暑期服务变成集中写作业或变相补课,孩子负担反而加重。孩子平时睡眠不错,我们也不指望他超前学,只希望暑假能多些动手实践、体育锻炼、阅读和兴趣活动,少一些书面任务。我们家长文化水平有限,经济上也没法给孩子报外面的班,学校课后服务是孩子假期里最重要的去处。恳请相关部门督促学校把暑期课后服务安排好,真正落实自愿、多样、不补课的要求,让孩子假期得到休息和成长。谢谢。"
6E4DFDAC18E68BB87720F8FB81FA557504D9E737B8E5E27F715D89B66BBC4596,关于落实小学生减负及完善课后服务的建议,"领导您好,我是一名小学生的家长。孩子就读公办小学,暑假期间书面作业量符合要求,睡眠也充足,我们很欣慰。但想到开学后,担心作业负担又加重,或者出现变相补课、周末留校等情况。我们家庭经济条件一般,无力承担校外学科培训,只希望孩子能在学校学好、休息好。恳请相关部门持续监督学校严格执行作业时间规定,多布置实践类、体育类任务,少一些机械抄写;同时建议学校丰富课后服务内容,让孩子在校内完成作业、参加兴趣活动,既减轻家长负担,也避免孩子被校外培训裹挟。谢谢。"
57B7176AB629144D919F45C8FD0C923C36A39903A138E42C19622D8DD8ED2FB1,关于课后服务不要变相增加学生负担的诉求,"领导您好。我家在西部小城镇,孩子读小学,家里经济条件比较紧张。这个暑假孩子参加了学校组织的课后服务,我们本来觉得是好事,能让孩子有个去处。但我们担心课后服务会变成老师集体补课或者只是看着孩子写作业,回家后还有一堆书写任务,影响孩子休息和锻炼。目前孩子作业时间基本符合规定,睡眠也还好,但我们怕课后服务开展后负担反弹。希望领导能督促学校丰富课后服务内容,多安排阅读、体育、兴趣活动,不要变相补课,同时保障经费,不要向家长额外收费。谢谢。"
2DEEBC50FE90763D18378D1469A47EF61C29C97CA6DFD22DE982FD6B4723C907,关于落实小学生减负及完善课后服务的建议,"领导您好,我是一名小学生的家长。孩子就读公办小学,暑假期间书面作业量符合要求,睡眠也充足,我们很欣慰。但想到开学后,担心作业负担又加重,或者出现变相补课、周末留校等情况。我们家庭经济条件一般,无力承担校外学科培训,只希望孩子能在学校学好、休息好。恳请相关部门持续监督学校严格执行作业时间规定,多布置实践类、体育类任务,少一些机械抄写;同时建议学校丰富课后服务内容,让孩子在校内完成作业、参加兴趣活动,既减轻家长负担,也避免孩子被校外培训裹挟。谢谢。"
CE9BDBD47032E5BCA3CDACDFC77FCA9DC67E3CCA26F29D3B01C587F64C29CFB3,关于假期课后服务不要变相增加负担的建议,"领导您好,我是一名小学生家长。孩子就读公办小学,暑假期间参加了学校课后服务。减负和课后服务的政策一直强调自愿、多元,我们也很支持。但我担心假期课后服务如果偏向看管和作业辅导,活动不够丰富,反而违背减负初衷。孩子平时睡眠充足,我们很重视休息和身心健康。希望有关部门加强指导监督,确保假期课后服务多安排体育、艺术、实践等活动,少一些变相补课和书面任务。同时继续关注作业总量,避免隐形加码。谢谢。"
79BA5D206D96484290B5987A267401A7F6F903DC0CB3B5E93800DB485B1BC69E,关于小学生暑期书面作业负担的反映,"领导您好,我是一名小学生家长,家在东部农村。孩子暑假在家,我们发现他每天做书面作业的时间经常超过规定的一个小时,有时甚至写到很晚。我们夫妻都上班,白天没人辅导,孩子自己写效率不高,担心长期这样影响睡眠和身体。孩子原来睡眠时间还可以,最近明显睡晚了。我们不清楚是学校布置的作业多还是其他原因,但确实感觉负担偏重。希望领导能督促学校在假期布置作业时控制总量,多安排阅读、实践和锻炼,别让书面作业占用太多时间。另外农村孩子假期缺少看管和辅导,能否考虑提供一些线上答疑或假期指导,帮助我们减轻压力。谢谢。"
731B69438307222102B208461D5C7C6E2555E5D20AA541FAAD5F9F307FBE131C,关于小学生家庭作业时间和课后服务问题的反映,"领导好,我是东部乡村的一名小学生家长。孩子父母都在上班,家里时间紧,平时辅导和接送压力很大。这个月看孩子书面作业的情况,感觉和规定的在校平均完成时间不超过六十分钟还有差距,心里很着急。马上要开学了,很担心学校在作业管理上还是老样子,作业量控制不住,又没人辅导,孩子睡眠和身心健康都会受影响。我们家庭经济条件一般但支持教育,也给孩子报过学科辅导班,现在校外培训规范了,更盼着学校能承担起责任。希望领导能督促学校严格按政策控制书面作业总量和时长,加强校内作业指导;同时把课后服务真正做起来,自愿参加、时间衔接好,让孩子在校内完成大部分作业,减轻双职工家庭的负担。也希望相关部门对乡村非公办小学多加监管,别让好政策到基层走了样。"
A0A1E4B9758FB86109CE3A3A7124F142259C5D529BAB26830AE3212A88896808,关于乡村小学课后服务和作业负担的诉求,"领导您好,我是一名东部乡村小学生的家长。我们夫妻俩平时都要上班,家里时间安排很紧张。目前孩子没有参加学校课后服务,放学后无人照看,只能送到校外学科培训班,每月费用不低,负担较重。孩子书面作业完成时间常常超过规定的一个小时,我们文化程度有限,辅导起来很吃力。眼看春季开学,希望领导能协调学校完善课后服务,让孩子放学后能在校完成作业,老师适当辅导,同时控制作业量,切实减轻双职工家庭负担。"
97EF793F77D835A9F40F4DF5D498BE3FAD5D462F9324345D14F623F3701AC65B,关于提升农村小学课后服务学科辅导质量的诉求,"领导您好,我是一名乡村小学生的家长。我和爱人都要上班,家里时间很紧,孩子放学早一直让我们发愁。现在学校有了课后服务,孩子也参加了,确实解决了接送的难题,但我们更希望课后服务不只是看管,能多一些老师辅导作业、讲解难题的时间。我们文化程度不高,下班后辅导孩子很吃力。自从校外培训管理严格以后,外面补习班少了,我们也不敢随便报,但孩子学习上的问题需要有人帮一把。恳请领导关注农村学校课后服务的质量,让老师能在课后服务里加强作业辅导和学业指导,让孩子在学校把问题解决掉,也减轻我们双职工家庭的负担。另外,希望课后服务的收费和内容能更透明规范,让我们家长放心。马上要开学了,盼着新学期能有改善。"
5181037D9EC3DF4354B98626EBF328F85C07E04363025A626461A1A96980EEA8,关于暑假小学生作业负担与假期托管问题的建议,"领导您好,我是东部乡村一名小学生的家长。我们夫妻双方都在上班,暑假期间孩子照看和辅导压力很大。最近注意到孩子书面作业占用时间较长,我们担心超过了当前年级规定的不超过60分钟的要求。孩子写得累,我们下班后也没有足够精力辅导。同时,孩子这个月没有参加学校的课后服务,目前仍在校外参加学科类培训,收费和之前差不多,但对我们这样的家庭来说,经济和时间负担都不小。希望有关部门能督促学校在假期合理控制书面作业总量,减轻学生负担,并考虑为双职工家庭提供一些公益性的假期托管或辅导服务,帮助我们解决实际困难。"
D68F42B5ED180FAC3A3598CD326BE5633F6DE9FE373EBDB62007DC60A69929EB,关于暑期课后服务与校外培训衔接问题的反映,"领导您好。我家在东部乡镇,孩子读小学,我们夫妻双方都在上班,每天接送和照看时间很紧。这个暑假孩子在学校参加课后服务,按制度每天不少于120分钟,但对我们双职工家庭来说,下班时间仍可能衔接不上,孩子也还在参加校外学科类培训。虽然现在培训收费比以前降了一些,但长期下来负担和心理压力都不小。我们最担心的是秋季开学后,学校课后服务如果只是看管,作业辅导和兴趣活动跟不上,孩子还是得往培训机构送。以前周边也有家长反映过放学早、希望老师多辅导一会儿的情况,还有机构收费不规范的问题。希望领导能督促学校把课后服务真正做扎实,特别是加强作业指导和内容安排,同时继续规范校外培训机构的收费和预收费管理,让家长少一些后顾之忧。"
9658B8842B6040856EB890BD9ADFC9947EBDD26E9ECB07FA798B34292BC720E0,关于暑假小学生作业负担与假期托管问题的建议,"领导您好,我是东部乡村一名小学生的家长。我们夫妻双方都在上班,暑假期间孩子照看和辅导压力很大。最近注意到孩子书面作业占用时间较长,我们担心超过了当前年级规定的不超过60分钟的要求。孩子写得累,我们下班后也没有足够精力辅导。同时,孩子这个月没有参加学校的课后服务,目前仍在校外参加学科类培训,收费和之前差不多,但对我们这样的家庭来说,经济和时间负担都不小。希望有关部门能督促学校在假期合理控制书面作业总量,减轻学生负担,并考虑为双职工家庭提供一些公益性的假期托管或辅导服务,帮助我们解决实际困难。"
80F283D7AE0DBBD100E2AD85AC638652863A1B828F7C7E9E0131AA381BFD94BE,关于农村小学课后服务内容与时间衔接的诉求,"我是一名农村小学生的家长,我们夫妻都在上班,家里老人照看精力有限,暑假孩子看护和学习辅导一直是个难题。现在学校提供了课后服务,孩子这个月也参加了,我们知道按规定每天至少两个小时,但实际内容是否丰富、老师是否认真指导,我们心里没底。以前下午放学早,我们只能花钱送校外辅导班,现在学科类培训班少了,我们虽然还在参加,费用也降了一些,但很担心以后选择更少,孩子学习跟不上。希望领导关注农村小学课后服务的实际质量,别只凑时间,能安排作业辅导、阅读和体育活动,最好能和家长下班时间衔接得更紧一些。我们愿意配合学校,也希望孩子能有个安全、有收获的课后时间。"
C07AF2B62102AE05B09DA98D0090F63C456365197AE5ADE546601956D3D2EF9D,关于暑假小学生作业负担与假期托管问题的建议,"领导您好,我是东部乡村一名小学生的家长。我们夫妻双方都在上班,暑假期间孩子照看和辅导压力很大。最近注意到孩子书面作业占用时间较长,我们担心超过了当前年级规定的不超过60分钟的要求。孩子写得累,我们下班后也没有足够精力辅导。同时,孩子这个月没有参加学校的课后服务,目前仍在校外参加学科类培训,收费和之前差不多,但对我们这样的家庭来说,经济和时间负担都不小。希望有关部门能督促学校在假期合理控制书面作业总量,减轻学生负担,并考虑为双职工家庭提供一些公益性的假期托管或辅导服务,帮助我们解决实际困难。"
5620DF833BF97A07F007F40BF4636DBADC87C82733184CD5136A7E60E1109952,"希望提升学校课后服务辅导质量,减少校外培训依赖","领导好,我是东部农村的一名小学生家长。家里父母都在上班,平时陪伴和辅导孩子的时间很有限。现在孩子参加了学校的课后服务,但我们还是在校外给孩子报了学科培训班。虽然培训费用比以前降了一些,但每天学校、培训班来回跑,孩子累,家长接送也吃力。我们希望学校能在课后服务时间里多安排一些作业辅导和知识巩固,让孩子尽量在学校就把学习任务完成,减少对校外培训的依赖。农村学校资源有限,也盼着上级能多支持师资和经费,把课后服务真正办成家长放心的好事。"
B268BAC8BE6AA4B703A5CAB431E8DB2ECCF2B94DAC5D2CE0DAC8E11167D7EAD2,请保障升学衔接年级孩子顺利入学和课后学习支持,"领导好,我家孩子正处在升学衔接年级,家里经济条件一般,我们夫妻都要上班,老人帮忙照顾但精力有限。孩子这个暑假作业量符合规定,我们也没报外面的学科培训班,怕花钱也怕增加负担。眼看快开学了,最担心的是孩子升学衔接阶段能不能顺利进入划片学校,会不会因为学位紧张或手续问题被推来推去。身边有家长以前就遇到过转学插班难,孩子差点耽误上课。希望政府能提前统筹好学位,让每个孩子按时入学,也请学校开学后能提供一些课后辅导或托管,帮我们这样的双职工家庭解决接送和辅导困难。谢谢!"
CB91D4C5DA544F4EB0106F3B621604263F2BC2C3A55982067C61A6C4C1D6C331,关于解决双职工家庭小学生课后看护与辅导困难的请求,"领导您好,我是中部城镇的一名小学生家长,孩子秋季就要升入新的衔接年级。我们夫妻都在上班,家里同住人口多,日常时间很紧,经济条件也一般,没有给孩子报过校外学科班。这个暑假我们一直关注学校课后服务的安排,听说现在要求学校完善课后服务、加强作业指导,但我们不知道开学后学校能否真正落实,能不能把放学时间和我们下班时间衔接上。孩子正处在升学衔接阶段,我们很担心放学后没人管、作业没人辅导,时间一长跟不上。希望领导能督促学校在新学期把课后服务做扎实,真正自愿参加、内容丰富一点,而不是走过场,同时继续控制好书面作业量,让孩子在学校就能完成大部分作业,减轻我们双职工家庭的负担。谢谢。"
14EF73D072E031926520C459D32234098006B3E0437341C526532AD10AA349EB,关于解决双职工家庭小学生课后看护和作业辅导问题的诉求,"领导您好,我是一名小学高年级学生家长,孩子正处在升初中的关键阶段。我们夫妻都要上班,家里照护和辅导孩子的时间很紧张,经济条件也有限,给孩子报不了外面的辅导班。孩子目前没有参加学校课后服务,寒假快结束了,开学后下午放学早,我们担心接不上,作业虽然现在还能在规定时间内完成,但回家后没人辅导,怕孩子学习跟不上,影响升学。希望领导能协调学校,在春季开学后让我们孩子也能参加课后服务,安排老师看护和辅导作业,同时继续控制好书面作业量,保证孩子有充足睡眠,让我们这样的普通家庭孩子也能安心上学、公平成长。"
0C1098790273F1285099804546AB13D1574FF1FEAFC3BE1E0CEC1B758FE70981,关于请求加强小学升学衔接年级课后学业辅导的留言,"领导好,我是中部某县一名小学生的家长。孩子今年在升学衔接年级,马上要上初中了,我们两口子都在打工,家里老人孩子多,平时实在顾不上辅导功课。现在学校作业时间控制得比较好,但我们也担心练习量不够,基础打不牢。外面学科培训班少了,我们以前也没上过,现在想找合适的辅导更难。学校虽然有课后服务,但我们家孩子还没有参加,可能是时间安排或内容不合适。我们家庭条件一般,最怕孩子在升学上掉队。恳请领导帮忙协调学校,把课后服务做得更实在些,特别是针对我们这种升学衔接的孩子,增加一些作业辅导和初中衔接内容,让我们家长能安心工作,孩子也能顺利过渡。谢谢。"
162050DABC9D2BDEE5E319B61A19AA06CB4077AE1BC296C5FCE40E63ED5970CD,恳请关注双职工家庭小升初孩子暑期看护与入学衔接,"领导好。我们是普通双职工家庭,孩子今年暑假后从小学升入初中。夫妻俩都要上班,家里人口多但能帮忙照看的精力有限,暑假孩子基本在家,没有参加校外培训,时间上我们确实很难兼顾。经济条件一般,上不起辅导班,只盼着学校能提供更多支持。看到身边有家长为了孩子转学、入学的事反复奔波,我们心里也担心孩子初中入学环节会不会顺利。希望政府能督促学校在开学前做好入学安排,确保就近入学不拖延、不推诿;开学后能提供课后服务,解决我们接送难和辅导难的问题。我们也希望教育部门能多关注城镇普通家庭孩子的发展,别让家庭条件影响孩子的学习机会。谢谢。"
ABC577576E5C66A0EAA382D624E039A18A78AAAF5A7CACAB7488048974F076AF,双职工家庭孩子暑期照护和开学后课后服务求助,"领导好,我是一名小学生的家长,家里经济条件一般,夫妻俩都要上班,老人只能管孩子吃喝,学习辅导实在顾不上。孩子马上要升入衔接年级,我们很担心他跟不上。这个暑假孩子基本待在家里,学校课后服务我们没有参加,外面的培训班要么少要么贵,我们负担不起。眼看快开学了,心里很焦虑。希望政府能关注我们这样的城镇双职工家庭,督促学校把课后服务落实好,让孩子放学后能在学校写作业、有老师指导,最好暑假也能提供一些公益托管,解决我们的后顾之忧。我们文化程度不高,只盼孩子能顺利升学,将来考上大学。"
F7B22726517AD4E6C405C70B394D74536F8C291B7529C3C47DC4F100D508D232,恳请关注双职工家庭小升初孩子暑期看护与入学衔接,"领导好。我们是普通双职工家庭,孩子今年暑假后从小学升入初中。夫妻俩都要上班,家里人口多但能帮忙照看的精力有限,暑假孩子基本在家,没有参加校外培训,时间上我们确实很难兼顾。经济条件一般,上不起辅导班,只盼着学校能提供更多支持。看到身边有家长为了孩子转学、入学的事反复奔波,我们心里也担心孩子初中入学环节会不会顺利。希望政府能督促学校在开学前做好入学安排,确保就近入学不拖延、不推诿;开学后能提供课后服务,解决我们接送难和辅导难的问题。我们也希望教育部门能多关注城镇普通家庭孩子的发展,别让家庭条件影响孩子的学习机会。谢谢。"
3F78A88BC879A957B7AA6434F2634BE8F4BFC3ED27CE9426CE99BFD6C70FB8BC,关于暑假期间为升学衔接孩子提供公益辅导的请求,"领导好,我家孩子正处在升学衔接的关键阶段,我们夫妻都在打工,家里老人多但辅导不了学习,经济条件也一般,以前没上过外面的辅导班。现在暑假孩子在家,我们上班时间长,没法盯着学习,外面的培训班也少了很多,我们文化不高,很担心孩子开学后跟不上。学校虽然有课后服务,但孩子这个月没有参加,我们也不清楚开学后能不能顺利参加。希望政府能协调学校或社区,在暑假期间为像我们这样父母都上班、经济条件有限的家庭提供一些公益性的学习辅导或托管服务,特别是针对升学衔接的孩子,帮他们平稳过渡,开学后也能让孩子参加课后服务,在校完成作业,有老师指导。"
7B137BB885EF90C84B1FA07C664EA6D5AF70F3039047AAAD501B4700C9066BB1,恳请关注双职工家庭小升初孩子暑期看护与入学衔接,"领导好。我们是普通双职工家庭,孩子今年暑假后从小学升入初中。夫妻俩都要上班,家里人口多但能帮忙照看的精力有限,暑假孩子基本在家,没有参加校外培训,时间上我们确实很难兼顾。经济条件一般,上不起辅导班,只盼着学校能提供更多支持。看到身边有家长为了孩子转学、入学的事反复奔波,我们心里也担心孩子初中入学环节会不会顺利。希望政府能督促学校在开学前做好入学安排,确保就近入学不拖延、不推诿;开学后能提供课后服务,解决我们接送难和辅导难的问题。我们也希望教育部门能多关注城镇普通家庭孩子的发展,别让家庭条件影响孩子的学习机会。谢谢。"
5EDE88D10F79FF9580FAAF0920147998545386491E5A57644606739EF6EE0031,关于升学衔接阶段孩子课后学习支持的求助,"领导您好,我家孩子正处在小学升初中的衔接阶段,眼看就要开学了,我们心里很着急。家里经济条件一般,我和孩子爸爸都要上班,文化程度不高,晚上回来也顾不上辅导。以前也没上过补习班,现在外面的学科培训班少了,我们想给孩子补补课也没地方去。学校说可以提供课后服务,但这个暑假我们没有参加,心里没底。希望领导能关注我们这类普通家庭,督促学校把课后服务真正做起来,特别是对升学衔接的孩子,课后能安排老师辅导作业、讲讲学习方法,让孩子能顺利跟上初中课程,不要只是把孩子集中起来看管就完事了。我们家长实在辅导不了,只能靠学校了,恳请领导帮帮忙。"
E97A73AB9C989DD9186A727A0EB7CA0301BC67D196FE9E9D40BC5C1E2E2F625B,关于小学升学衔接年级作业负担的担忧与请求,"我家孩子即将升入衔接年级,平时我虽然文化程度不高,但一直很重视孩子的学习,也尽量多陪他。这个暑假学校布置的作业不多,孩子完成得比较轻松,符合规定,我们挺满意。可是我现在很担心开学后作业会突然变多。我听说过一些地方的小学生作业写到很晚,家长还要签字、批改,做不好还要在群里被点名,孩子累,家长也累。希望领导能提前督促学校,在新学期严格执行作业管理要求,书面作业不要超过规定时间,不要布置重复性、惩罚性作业,也不要让家长承担过多辅导任务。孩子正处于衔接阶段,需要调整适应,请帮忙把好关,让孩子能睡够觉,保持学习兴趣。"
B62B6690936D1EC56D924BF25407232CFBE9A98E93C63D683E4BF372ED83F1D2,关于衔接年级小学生作业负担和课后服务的求助,"孩子暑假作业量目前看着还正常,符合规定,但我心里一直不踏实。暑假前总听说有的小学低年级孩子作业多到晚上10点还写不完,中午都没法休息,家长每天要签字打卡。我家孩子开学就要升入新年级,正是需要适应的时候,我文化程度不高,但愿意配合学校,只是怕作业又泛滥。希望领导能督促学校在新学期继续严格执行作业时长要求,少布置机械重复的抄写,多些有质量的练习;同时希望学校课后服务能落实,让孩子尽量在校内完成书面作业,老师能当面指导,这样孩子回家能早点休息,我们家长也不至于因为辅导不了而干着急。另外,现在校外学科培训管得严,我们也没打算给孩子报班,所以更希望学校课堂和课后服务能撑起来,别让家长只能自己硬扛。"
ADE2657CD6C4CF985DB3A9679F0B802B3EF00C0DE341F5D3ABFB591E49ABF237,关于升学年级作业量可能反弹的担忧与建议,"领导好,我家孩子在公办小学读升学衔接年级。目前放假期间作业量还符合规定,但我们家长心里不踏实。以前看到附近学校有孩子作业做到很晚,负担太重。开学后孩子面临升学,担心学校为了提高成绩突然加大作业量。我们家长文化程度不高,辅导能力有限,希望学校能严格执行书面作业不超过60分钟的规定,不要布置机械重复的作业,把重点放在课堂效率上。也请不要把过多辅导任务转嫁给家长。请领导帮忙督促学校保持合理作业量,让孩子有足够睡眠和休息。"
F00ED5F4D0C6A41DD3BC030FC958FA89CB7661A63D63A80778946E7A62683573,请持续关注孩子作业总量和课后服务内容,"领导好,我是一名小学高年级学生家长。孩子现在正处于升学衔接阶段,我们家庭文化程度不高,辅导作业比较吃力,但一直尽量配合学校。最近孩子书面作业时间还能控制在规定范围内,也自愿参加了学校课后服务。可我们心里还是不踏实,因为以前听说过一些学校到了开学或临近考试时,作业量会明显增加,有的还要求家长每天签字打卡,甚至把课后服务变成集中上课、讲题和布置更多家庭作业。我们担心这学期开学后也会慢慢出现这种情况,孩子睡眠不足,学习兴趣受影响,家长负担也更重。希望领导能督促学校继续严格落实作业总量和时长要求,课后服务多安排自主作业、阅读、体育和兴趣活动,不要变相增加书面任务,也不要过度要求家长批改、签字。孩子能睡够、能有点自由时间,我们才放心。"
0AD49B1DFCAE82E4004BCA1535668D0A241770694D83409254E790F3F40159BD,关于升学衔接期防止作业负担反弹的诉求,"孩子马上要升入新的年级,暑假这段时间作业量基本符合规定,但我心里还是不踏实。我文化程度不高,辅导作业本来就吃力,家里人口多,虽然我有时间陪孩子,但精力也有限。以前听说过同省有些学校作业布置过多,孩子写到晚上十点,还要家长签字、群里催办,把教学任务都推给家里。现在孩子睡眠一直挺足,不想因为作业牺牲健康。开学后是衔接年级,担心学校为了抓成绩又增加书面作业,突破规定的60分钟上限,或者搞很多形式化的打卡和签字。希望领导能督促学校严格执行作业规范,合理布置作业,别把辅导任务全压给家长,让孩子和家长都能轻松一点。另外我们没参加课后服务,如果学校有相关安排,也希望能让孩子在校内完成一部分作业。"
7A62854212954D1FAEB387A2E5C454ABCF48A0D706EACEB64E3915960B568873,关于小学高年级课后服务质量和作业管理的诉求,"孩子正处在升学衔接年级,这个月书面作业时间虽然符合规定,但作为家长心里并不踏实。我们家长文化程度不高,辅导能力有限,家庭里照看孩子的人手虽然多,但能辅导学业的少。现在孩子每天参加学校课后服务,时间不短,可我们最担心的是课后服务只负责看管,没有针对性的作业指导和学习巩固。以前周边有孩子作业写到很晚、家长被要求签字监督,负担都压在家庭身上,我们很怕自己家也遇到类似情况。希望领导能督促学校把课后服务真正用起来,在作业辅导、学习习惯培养上多下功夫,同时对高年级作业总量持续把关,不要因为升学衔接就层层加码,让政策真正减轻孩子和家长的负担。"
502BFEE056C36365618BED8DE1FC0DD65FD877ECC2BE875AAA8932E187E1B16F,关于升学衔接期防止作业负担反弹的诉求,"孩子马上要升入新的年级,暑假这段时间作业量基本符合规定,但我心里还是不踏实。我文化程度不高,辅导作业本来就吃力,家里人口多,虽然我有时间陪孩子,但精力也有限。以前听说过同省有些学校作业布置过多,孩子写到晚上十点,还要家长签字、群里催办,把教学任务都推给家里。现在孩子睡眠一直挺足,不想因为作业牺牲健康。开学后是衔接年级,担心学校为了抓成绩又增加书面作业,突破规定的60分钟上限,或者搞很多形式化的打卡和签字。希望领导能督促学校严格执行作业规范,合理布置作业,别把辅导任务全压给家长,让孩子和家长都能轻松一点。另外我们没参加课后服务,如果学校有相关安排,也希望能让孩子在校内完成一部分作业。"
1D805CD41246EA89333A1D3E5EE2FBD5FB514C799617041E95EE8486FE20BC13,关于衔接年级作业负担和课后服务落实的求助,"领导您好。我家孩子暑假参加了学校课后服务,我们很支持。孩子马上要升衔接年级,目前书面作业量还能接受,但我们家长学历不高,辅导越来越吃力。以前也看到有家长反映孩子作业写到很晚、老师把任务都交给家长签字的情况,心里一直不踏实。希望领导能督促学校在开学后继续把课后服务做扎实,特别是作业指导环节,让孩子尽量在学校完成书面作业,回家能有时间运动和睡觉。课后服务也不要变成变相补课,最好有阅读、体育等多样内容。我们不是不愿意配合,而是怕负担反弹后又回到老样子。谢谢。"
4D757DD513846391C2A715173118C3EAA1B2E4F883DE29B0277765FCD25AADA7,关于升学衔接期防止作业负担反弹的诉求,"孩子马上要升入新的年级,暑假这段时间作业量基本符合规定,但我心里还是不踏实。我文化程度不高,辅导作业本来就吃力,家里人口多,虽然我有时间陪孩子,但精力也有限。以前听说过同省有些学校作业布置过多,孩子写到晚上十点,还要家长签字、群里催办,把教学任务都推给家里。现在孩子睡眠一直挺足,不想因为作业牺牲健康。开学后是衔接年级,担心学校为了抓成绩又增加书面作业,突破规定的60分钟上限,或者搞很多形式化的打卡和签字。希望领导能督促学校严格执行作业规范,合理布置作业,别把辅导任务全压给家长,让孩子和家长都能轻松一点。另外我们没参加课后服务,如果学校有相关安排,也希望能让孩子在校内完成一部分作业。"
52FA9E18FBC1EAB34230B09CA8BBFDA49504DC3A1B123532398F27194D7A899C,关于持续巩固小学减负和课后服务效果的建议,"领导好,我是中部地区一名小学生家长。孩子今年处于升学衔接年级,暑假参加了学校课后服务。目前看作业量还在规定范围内,但作为家长心里不踏实,担心开学后作业又堆起来。我们同省以前就有孩子作业写到晚上十点、家长反映后才减少的情况。希望领导督促学校继续严控书面作业总量,提高课后服务质量,让孩子在校内完成大部分作业并得到老师指导,不要把课后服务变成上课或额外布置任务。我们家长文化水平不高,辅导作业很吃力,家里孩子多,也顾不上。孩子睡眠一直不错,不想因为负担反弹影响身体。恳请相关部门定期核查,别让减负开倒车。"
308BBD0E2B7551EFB515A23254088CF4172ABA8A5A9B035DAC9396E55AEEED91,关于规范非公办小学教辅与收费管理的请求,"领导您好,我是一名小学生的家长,家在西部地区,家庭经济条件一般。孩子就读于一所非公办小学。过去家里为了孩子的学科培训花了不少钱,负担很重。现在暑假快结束了,我们很担心新学期学校或老师又会要求到指定地点购买高价教辅材料,或者变相收取其他费用。这样既增加家庭经济压力,也让孩子睡不好、压力大。希望有关部门能加强对非公办学校收费和教辅购买行为的监督检查,防止乱收费和变相推销,让普通家庭的孩子也能安心上学。谢谢。"
FDD9EB875F3CDF0FD5911C15623DCB70B597C804C8E602257E4604731C7B032C,希望加强校外培训收费监管和学校课后服务保障,"领导您好,我是西部城镇一名小学生家长。家里收入不高,我本人只读到高中,辅导孩子功课很吃力。以前为了不让孩子落后,我们咬牙报了学科辅导班,花费很大。现在放暑假,马上要开学了,看到有政策要求规范校外培训、完善学校课后服务,心里很期盼。可目前周边的学科培训宣传和收费变化不大,我们既担心预交学费后机构出问题,又怕停了孩子跟不上。希望有关部门能盯紧培训机构的收费和预收费管理,让我们缴费有保障。同时希望学校开学后能把课后服务真正办起来,自愿参加、时间能衔接家长下班,内容能辅导作业、开展一些兴趣活动,这样我们普通家庭就不用额外花大钱报班,孩子也能少点压力。另外也希望学校继续控制好书面作业时间,不要变相增加教辅负担。谢谢领导关心。"
0E783D0F06A01F3EAECC538DA05E43B51454DBF3CCA34364020EF0C63B04670B,"校外培训费用负担重,盼学校课后服务解困","孩子读小学,家庭经济条件一般,目前还在参加学科类校外培训,收费和以前差不多,对我们来说压力不小。这个月孩子没有参加学校的课后服务,听说有些地方的学校课后服务能辅导作业、开展兴趣活动,希望我们这里也能把课后服务真正做起来,让孩子在校内完成作业、发展兴趣,减少对校外培训的依赖,缓解家长经济和精神压力。另外,虽然孩子目前作业量符合规定,但我们担心以后会增加,希望有关部门持续监督,真正给孩子减负。"
67E758218BF7B1786DA0AAAF51BFA5E607FC4FEB72B43505E4EF297FB4484861,关于提升课后服务实效减少家庭课外培训负担的诉求,"领导您好,我是一名小学生的家长,家在西部城镇,家庭条件一般。这学期开学后,学校课后服务按规定每天有两小时,孩子也参加了,我们很感谢。但说实话,孩子目前还在外面上一门学科类培训,虽然费用比之前降了一些,对我们这种普通家庭来说还是不小的压力。我们不是不想让孩子轻松,主要是担心课后服务内容比较单一,作业辅导和兴趣活动不够扎实,孩子学习上的薄弱点得不到针对性帮助,不补又怕落后。希望领导能督促学校把课后服务真正做实,比如加强作业指导、安排老师答疑,多开展一些孩子喜欢的活动,让家长能放心不额外报班。另外也请继续关注校外培训的收费和规范,防止变相涨价或制造焦虑。谢谢领导。"
564FBDE89C05CE6FEEB103D2A23A7D67CEA5094CA1E89036EE95A9349FB3CFF8,关于减轻小学生暑期校外培训负担的请求,"领导您好。我家孩子在读小学,家里经济条件一般。暑假里孩子还在参加学科类校外培训,收费和以前差不多,对我们压力不小。孩子睡眠时间虽然较长,但每天要赶培训,我们担心开学后培训费用和教辅材料等叠加,负担更重。孩子这个月没有参加学校课后服务,希望新学期学校能提供更普惠的课后服务或假期托管,也请相关部门加强对培训收费的监管,让普通家庭的孩子不用靠高价培训班也能跟上学习。谢谢。"
81F6D89E2A043A94E9D556FE0FEBB2783C2DBC63E4A5DFC1317004C01C9F6C83,"盼课后服务更实,减轻我们补习负担","领导您好,我是西部一个县城的小学生家长,家里收入不高,孩子现在上小学,不在毕业班。这个月孩子参加了学校课后服务,同时也在外面补学科类培训。虽然现在培训收费比之前降了一些,但长期下来我们这样的家庭还是感到吃力。我们原本希望学校课后服务能帮着辅导作业、培养点兴趣,让孩子不用再另外花钱补课,可目前心里没底,不知道开学后课后服务能不能真正满足需要。另外,我们也担心学校会不会让家长到指定书店购买教辅材料,质次价高,既花钱又给孩子增加压力。恳请领导督促相关部门把课后服务质量抓起来,对教辅购买加强监管,让我们普通家庭能少一些经济负担。"
4DEB7E36D4CF1E2076ECA67E08A5F7DE31FC917FE4A9AD27DF00AE6FE2F32817,关于减轻小学生暑期校外培训负担的请求,"领导您好。我家孩子在读小学,家里经济条件一般。暑假里孩子还在参加学科类校外培训,收费和以前差不多,对我们压力不小。孩子睡眠时间虽然较长,但每天要赶培训,我们担心开学后培训费用和教辅材料等叠加,负担更重。孩子这个月没有参加学校课后服务,希望新学期学校能提供更普惠的课后服务或假期托管,也请相关部门加强对培训收费的监管,让普通家庭的孩子不用靠高价培训班也能跟上学习。谢谢。"
3C1B7A53A5B67004C27B97C9E4BFE80606B516064E784527134B7076DFEE2F52,"希望提升课后服务质量,减轻家长校外培训负担","领导您好,我是一名小学生的家长。孩子目前在学校参加课后服务,每天时间较长,但我们心里还是不踏实,因为孩子同时还在上校外的学科类培训。虽然现在培训费用比以前降了一些,但对我们这样的家庭来说,每月仍然是一笔不小的开销。我们不是不想靠学校,而是担心课后服务能不能真正把孩子的作业辅导好、把学习基础打牢。如果课后服务能够更有针对性地进行作业指导和学习巩固,内容再丰富一些,我们就不必再额外花钱去外面补课了。希望领导重视课后服务的实际质量,加强师资和课程安排,让家长真正放心地把孩子留在学校。同时,也请继续关注校外培训收费和办学行为,防止费用反弹或者隐形变相涨价。谢谢。"
7D76E1C06C79A50F385597214FD59D909BBBECF6126F173A2B0B0E8EAC3D3F87,关于减轻小学生暑期校外培训负担的请求,"领导您好。我家孩子在读小学,家里经济条件一般。暑假里孩子还在参加学科类校外培训,收费和以前差不多,对我们压力不小。孩子睡眠时间虽然较长,但每天要赶培训,我们担心开学后培训费用和教辅材料等叠加,负担更重。孩子这个月没有参加学校课后服务,希望新学期学校能提供更普惠的课后服务或假期托管,也请相关部门加强对培训收费的监管,让普通家庭的孩子不用靠高价培训班也能跟上学习。谢谢。"
4C0E9320A0AF1E4FF28B40608FA9E543887AB8A800CBE594C754BD33B65026C3,"希望课后服务加强作业辅导,减轻普通家庭负担","我家孩子在小学阶段,我们在西部县城,家庭收入一般,我只有高中学历,辅导作业越来越吃力。这几年校外学科培训收费确实降了一些,孩子也还在参加,但能选的机构少了,我们担心以后不稳定。现在学校课后服务我们参加了,暑假也参加了,但心里没底,担心开学后课后服务只是看着孩子写作业,没有针对性地辅导。我们普通家庭既怕孩子学习掉队,又负担不起高价补习。希望领导能督促学校把课后服务内容做实,特别是作业辅导和薄弱科目巩固,让孩子在学校尽量完成作业、解决问题,减少家庭对校外培训的依赖。另外也希望继续规范校外培训收费,防止有些机构换个名目又涨价。我们不是不想配合,实在能力有限,盼着课后服务真正帮到孩子。"
F039F5F401CE2D297EAAF95808CFFE8597A1395A8E2AE42185A1E4CF83318146,关于规范小学暑假及日常书面作业时间的诉求,"领导您好。我是一名城镇小学生的家长,孩子目前不在升学衔接年级。这个暑假我发现孩子的书面作业情况不太符合当前年级应当执行的时长规范,虽然具体原因还不清楚,但心里比较担心。孩子平时睡眠一直较充足,我们也不希望因为作业安排不合理而影响正常休息。希望教育部门能在开学前后加强对学校作业管理的督促,特别是对小学阶段书面家庭作业的总量和完成时间进行核查,确保平均每天不超过规定时长。同时关注暑假作业是否存在超量或重复训练问题,避免开学后出现集中补作业的情况。我们愿意配合学校,但需要制度真正落地,让孩子有更稳定的作息和课外活动时间。"
1F2F718052948991451BB276109B5C841653AC56FE9BE893996200DC58910112,"请督促学校落实作业管理,减轻小学生暑假书面作业负担","领导您好,我是一名小学生家长。放暑假以来,孩子每天花在书面家庭作业上的时间明显超过了现行规定的一个小时上限,这与当前义务教育学校统筹作业总量、时长和设计质量的要求不相符。作为家长,我们不是反对必要的巩固练习,而是担心作业机械重复、缺乏分层,孩子为了赶量而牺牲睡眠和户外活动,反而影响学习兴趣和身体健康。我们注意到现在强调校内作业指导和课后服务,希望教育部门能结合暑假和开学后的情况,督促学校真正负起责任,严格控制书面作业总量,提高作业设计质量,加强针对性指导,不要把过多作业压力转嫁给家庭。另外,也希望持续规范校外学科培训,避免出现校内减负、校外增负,让孩子的假期和放学后时间得到合理利用。谢谢。"
7E4FD46A0F520C21A15828C724F342F916CF68458CE45D2481AA364370DBCF03,关于小学书面作业负担和睡眠保障的诉求,"领导您好,我是一名小学生家长。眼下正是寒假和春季开学过渡期,最近感觉孩子每天用在书面作业上的时间偏长,对照现行规定,似乎已经超出了应当控制的范围。虽然具体情况我不便细说,但作为家长确实有些担心,怕开学后作业量进一步增加,影响孩子睡眠和正常休息。我们家一直比较注意让孩子睡够觉,但作业一多就很难保证。另外,我们没给孩子报学科类辅导班,也担心学校课堂教学不到位,把学习压力转给家长,或者变相逼着去校外补课。希望教育部门能督促学校严格落实作业管理要求,尤其开学后要控制书面作业总量,保证孩子有足够睡眠和运动时间,同时加强课堂教学质量监管,让家长少一些焦虑。谢谢。"
1F14290FED6CC6C19DDD0E97CC804D1C0DA99F9DB2F29DF19E44358F75CC3967,"建议加强小学课后服务内容与作业设计指导,减少家长教育焦虑","领导您好,我是一名本地小学生的家长。孩子现在就读公办小学,不在升学衔接年级。这段时间学校按要求提供了课后服务,时间上也有保障,但孩子目前还没有参加,我们也在关注开学后的实际安排。作为家长,我们最担心的是课堂和课后能不能真正把孩子教好、管好。身边一些家长以前常抱怨老师上课不讲透,课后靠家长辅导或校外班补课,家庭压力很大。现在校外学科培训明显减少,我们更希望学校能把课后服务做出内容,不要只是看管或变相补课,而是有阅读、体育、兴趣活动等选择,让孩子自愿参加也能有收获。同时,作业方面虽然目前时间还符合规定,但希望学校继续加强作业设计,避免机械重复,老师能在校内做好指导答疑,不要简单把任务推给家长。我们家经济条件还可以,但家长文化程度有限,辅导高年级内容会吃力,所以特别需要学校承担起主体责任。希望教育部门能对学校课后服务和作业管理加强督促检查,让政策真正落到孩子身上。"
F9EDB9038CDDDC45F47EC30FDE2BFFDC71FCE6EB7673F5F066D9CC91EDCDD3CF,关于小学暑假书面作业时长规范的担忧和建议,"领导您好。我是小学阶段孩子的家长,家住东部城镇,孩子就读公办学校。暑假里孩子在家时间多,最近留意到孩子这个月的书面作业情况不符合当前年级的作业时长规范,心里比较着急。学校平时书面作业完成时间原则上应不超过60分钟,假期作业更应合理适度。孩子睡眠一直比较足,我们也不希望作业负担影响休息和成长。另外,以前总听说有学校课堂讲不透、靠家长辅导和校外班补的情况,我们担心作业问题会加重这种负担。家里虽然经济条件尚可,但不想让孩子重复刷题、重复上课。希望教育部门利用开学前后的检查,督促学校严格落实作业管理,提升课堂效率,合理布置暑假作业,保障孩子睡眠和活动时间。谢谢。"
74F01C0D9EF92EAE89B93260783F0411028BD49B57E2C1E3CDA065CF54057CFA,关于让孩子放学后真正有好去处、避免培训反弹的几点期盼,"领导好。我是一名小学生家长,孩子正在读小学。这几年看到校外学科培训规范了很多,我们家里孩子以前也没怎么上过学科补习班,对政策是支持的。但暑假快结束了,我有点担心开学后身边的家长会转向更隐蔽的一对一或住家辅导,我们家庭虽然经济条件不算差,但也不希望被裹挟着花高价补课。我更希望学校能把课堂教学抓好,课后服务真正有内容、有质量,不要只是把孩子聚在教室写作业或看视频。我们家长学历有限,辅导高年级作业越来越吃力,如果学校能在课后服务里安排老师答疑、开展一些体育艺术科技活动,我们就能放心让孩子参加,不用再纠结要不要额外花钱。请领导关注一下学校课后服务的师资和经费保障,别让好政策停在纸面上。"
57660299F1BF7558FD3803E73B43D6C050F43B4356258A16F3549C2F7FA5D986,关于小学暑假书面作业时长规范的担忧和建议,"领导您好。我是小学阶段孩子的家长,家住东部城镇,孩子就读公办学校。暑假里孩子在家时间多,最近留意到孩子这个月的书面作业情况不符合当前年级的作业时长规范,心里比较着急。学校平时书面作业完成时间原则上应不超过60分钟,假期作业更应合理适度。孩子睡眠一直比较足,我们也不希望作业负担影响休息和成长。另外,以前总听说有学校课堂讲不透、靠家长辅导和校外班补的情况,我们担心作业问题会加重这种负担。家里虽然经济条件尚可,但不想让孩子重复刷题、重复上课。希望教育部门利用开学前后的检查,督促学校严格落实作业管理,提升课堂效率,合理布置暑假作业,保障孩子睡眠和活动时间。谢谢。"
E56D723B97D0A57F79E263F84534E73B8F41432EA79CB156EDBCEBAB4B56573D,希望新学期课后服务能真正帮到孩子,"领导您好,我是本地一所公办小学学生的家长。孩子暑假在家,作业量目前还比较合适,睡眠也一直挺充足。但马上要开学了,我最担心的是学校课后服务能不能真正起到作用。现在校外学科培训少了,我们也不想再给孩子报那些班。可我们家长文化程度只有高中,等孩子年级再高一点,作业辅导会很吃力。希望学校课后服务不要只是把孩子集中看管,也不要变成变相上课、赶进度,而是能有老师真正指导孩子完成书面作业,再安排一些阅读、体育、兴趣活动。也请领导督促学校抓好课堂效率,别出现课上不教重点、课后才补的情况。作业总量请继续控制在60分钟以内,让我们家长少一些焦虑。谢谢。"
F7CD3E21FD942644AD1D2C938E8CF85107A868D8EC53ADDF81960ADEED3427E0,关于小学暑假书面作业时长规范的担忧和建议,"领导您好。我是小学阶段孩子的家长,家住东部城镇,孩子就读公办学校。暑假里孩子在家时间多,最近留意到孩子这个月的书面作业情况不符合当前年级的作业时长规范,心里比较着急。学校平时书面作业完成时间原则上应不超过60分钟,假期作业更应合理适度。孩子睡眠一直比较足,我们也不希望作业负担影响休息和成长。另外,以前总听说有学校课堂讲不透、靠家长辅导和校外班补的情况,我们担心作业问题会加重这种负担。家里虽然经济条件尚可,但不想让孩子重复刷题、重复上课。希望教育部门利用开学前后的检查,督促学校严格落实作业管理,提升课堂效率,合理布置暑假作业,保障孩子睡眠和活动时间。谢谢。"
BE935987A15861738C0FD208BA8FC129C4FBA95DF02F8544DB3A971B485409A6,关于新学期课后服务自愿性与作业负担的担忧,"领导好,我是一名小学生家长。孩子暑假作业量符合规定,睡眠还算充足,但马上要开学了,心里不踏实。我们家庭条件尚可,孩子之前没上过学科类培训班,主要靠学校。现在学校课后服务说每天提供两个多小时,但孩子目前没有参加。我担心开学后学校为了完成课后服务任务,变相要求孩子都参加,或者把课后服务变成集体讲题、补课,又增加作业负担。我们希望课后服务真正做到自愿,不参加的孩子不要被区别对待;参加的孩子能有一些体育、阅读、兴趣类内容,而不是坐在教室里写作业到很晚。同时希望学校继续严格控制书面家庭作业总量,最好能在课后服务时间里把作业完成,回家后让孩子有休息和活动时间。孩子睡眠一直比较充足,不想因为课后服务和作业反弹又回到以前那样睡不够的状态。谢谢。"
23B4BB5CE4A5B2E2CE6C459C6B84C284048BB166541736C5C0F33579FCD9399E,希望整治小学教师有偿补课问题,"我家孩子上小学,家里条件一般,我和爱人都要打工,平时没多少时间管学习,我们文化也不高,辅导不了孩子。以前也给孩子报过外面的学科辅导班,花了不少钱,负担挺重。现在放暑假,孩子书面作业看着不多,但马上要开学了,我们最担心的是老师又在外面办补习班,课堂上该讲的不讲,留到补习班才讲;不去的孩子被冷落,去了的孩子才被照顾。我们这边以前就听说过有老师这样干,家长都怕孩子吃亏。孩子正处在打基础的年级,我们只盼着学校课堂能把该教的教好,别让补课费压得普通家庭喘不过气。希望领导能重视这个问题,开学前对学校老师加强管理,严禁在职教师有偿补课,保证每个孩子都能在课堂上公平地学到东西,别让没上补习班的孩子受委屈。"
589A23257EA41817F2D228504330649995194346D1CC65AAA754A8A9CA03327E,关于严查教师校外违规补课、保障孩子校内学习质量的诉求,"尊敬的领导,我是本地一名小学生的家长。家里经济条件一般,我和孩子爸爸都在外打工,平时没时间辅导孩子学习,以前只能咬牙给孩子报学科辅导班。现在听说上面出了新规定,要治理校外学科培训,还要学校统筹作业、做好课后服务,我们心里挺高兴。但眼下最担心的是,开学后如果学校课后服务跟不上,或者个别老师课上不讲重点、留在自己校外辅导班才讲,那我们这种没条件上高价私人辅导的孩子就会吃亏。孩子过一两年就要进入高年级,学习上马虎不得。希望领导能督促学校把作业和课后服务抓好,同时严查教师违规补课、课上不教课后讲的行为,别让好政策落到我们这儿就变了样。我们只想让孩子在学校就能学到该学的,家长也能安心工作。"
8699ADA10E24C17FE9C5155A7B9D98730B78AA97C00C3FD01FE7D2053E694C5C,"盼严查教师有偿补课,减轻家庭校外培训负担","领导好。我是城镇普通家庭家长,两口子都在上班,家里人口多,经济上不宽裕。孩子上小学,这个月作业量符合规定,不算多。孩子没参加学校课后服务,我们工作忙,顾不上辅导,所以尽管钱紧,还是让他继续上校外学科补习班,收费跟以前差不多,但对我们来说还是很大压力。我们最担心的是,以前就听周围家长讲,有些老师上课不好好教,把内容留到自己办的补习班讲,谁不去就对孩子另眼相看。我们怕开学后孩子也遇到这样的事,所以不得不提前报班求个安心。希望领导能重视起来,严查在职教师有偿补课,让老师把心思放在课堂上,同时把学校课后服务做扎实,帮我们这样的双职工家庭解决后顾之忧,减少校外培训负担。谢谢。"
727C47A9D08AD785AA30FB683BF337F76B0FD0E5A7F91638412AC99AF098A792,关于学校课后服务质量和教师履职的担忧,"领导好,我是小学生家长。我们夫妻都上班,家里人多但辅导孩子学习时间紧,经济条件一般。这学期开始学校有课后服务,我们让孩子参加了,每天时间不短。孩子作业现在不多,符合规定,我们支持,但心里没底。以前就听说过有的老师上课不好好讲,课后或者补习班才讲重点,我们孩子以前也上过补习班,现在虽然外面班少了、费用降了点,但我们还在上,负担不轻。马上开学了,希望领导能关注学校课后服务的实际质量和老师责任心,别让课后服务只是看管孩子,更别让有的老师变着法子让学生去补课。这样我们家长才能少花钱、少操心,孩子也能学扎实。"
B49EC62717A70371E23A11E4E14EC48B5BB5EC44D53B5564FB8C775FA9187E31,关于严查在职教师校外办班、保障课堂质量的诉求,"领导您好,我是本地一名小学生家长,家里经济条件一般,我和孩子爸爸平时都要上班,照看孩子时间很紧。孩子现在暑假还在外面上学科补习班,每月费用不低,对我们这样的家庭压力不小。听身边一些家长提起,以前有老师在校外办班、把精力放在补习上,课堂不讲重点,不参加的孩子还容易被冷落。虽然孩子目前作业时间还算符合规定,但我很担心开学后老师也这样,逼着我们不得不继续花钱补课。希望领导能重视这个问题,对在职教师参与校外培训加强监管,让老师把心思放回课堂,真正减轻家长负担,保证每个孩子都能公平接受教育。"
298EC12FAC482212FF7A093ECF747F6C471B03C89293ED1DA98ECE35BEB05F72,关于课后服务质量与教师违规补课的担忧,"领导好。我是中部某城镇一名小学生家长,家里条件一般,夫妻都上班,照看孩子很吃力。孩子目前上小学,不是毕业年级。作业和校外培训管理规定实施一年多,我们感觉书面作业确实控制在规定时间内了,校外培训费用也比以前降了一些,这个月孩子还参加了学校课后服务。但我们心里还是不踏实。过去周围有家长反映过,个别老师心思不在课堂上,在外面办班,谁上就多照顾,不上就对孩子不耐烦,课堂上该讲的留到补习班讲。现在虽然查得严,可我们担心这类情况变成更隐蔽的形式,老师不把精力放在校内。我们因为双职工没时间接孩子,才继续报了学科培训,但收入不高,即使费用降了还是有压力。希望领导关注两件事:一是把学校课后服务真正做实,内容更丰富,老师也能辅导,让我们家长安心;二是继续严查在职教师违规补课,别让家长被迫花钱。这样才能不依赖校外培训,孩子也能在学校学好。"
88312F2DFF990535F2B252200A8A8932C6AB08947F2B2CFD9AB0A277903F4AE9,关于严查在职教师校外办班、保障课堂质量的诉求,"领导您好,我是本地一名小学生家长,家里经济条件一般,我和孩子爸爸平时都要上班,照看孩子时间很紧。孩子现在暑假还在外面上学科补习班,每月费用不低,对我们这样的家庭压力不小。听身边一些家长提起,以前有老师在校外办班、把精力放在补习上,课堂不讲重点,不参加的孩子还容易被冷落。虽然孩子目前作业时间还算符合规定,但我很担心开学后老师也这样,逼着我们不得不继续花钱补课。希望领导能重视这个问题,对在职教师参与校外培训加强监管,让老师把心思放回课堂,真正减轻家长负担,保证每个孩子都能公平接受教育。"
5467CD88387A6F1B90ED319DD50393E00D44062BE4027E50CCB4D0BED9C00025,希望加强学校课后服务减轻家庭补课负担,"领导好,我是一名小学生家长,家在县城,夫妻俩都上班,家里孩子多,经济条件一般。这个暑假孩子参加了学校课后服务,每天有两个小时,我们很感激。但现在校外学科培训虽然收费比过去降了一些,对我们家还是不小开销,孩子也仍然在上。我们最担心的是,学校里老师课上不好好教,课后又不管,最后还得靠家长花钱补课。以前就听说过有老师课内不讲课外讲的事,现在管得严了,可我们还是不踏实。希望领导能督促学校把课后服务办得更实在,多安排老师答疑、辅导作业,别只是看孩子。也请继续盯紧课堂质量,让老师把心思用在正课上,这样我们这样的家庭就不用硬撑着给孩子报班了。"
0CAB42AC09D555488EE38F982A850EB0038DBC91045CA4D642257D61A83F4192,关于严查在职教师校外办班、保障课堂质量的诉求,"领导您好,我是本地一名小学生家长,家里经济条件一般,我和孩子爸爸平时都要上班,照看孩子时间很紧。孩子现在暑假还在外面上学科补习班,每月费用不低,对我们这样的家庭压力不小。听身边一些家长提起,以前有老师在校外办班、把精力放在补习上,课堂不讲重点,不参加的孩子还容易被冷落。虽然孩子目前作业时间还算符合规定,但我很担心开学后老师也这样,逼着我们不得不继续花钱补课。希望领导能重视这个问题,对在职教师参与校外培训加强监管,让老师把心思放回课堂,真正减轻家长负担,保证每个孩子都能公平接受教育。"
741E298E7BE4DC6F11B620122DF5AE6C24515E5C107433AF61B55B0499A0CD89,关于提升课后服务质量减轻家庭校外培训负担的诉求,"领导好。我们是中部地区一个城镇家庭,家长文化程度不高,两口子都上班,家里人多,每天时间很紧。孩子上小学,放学后参加了学校课后服务,同时还在外面上一门学科培训。虽然现在培训收费比以前少了些,但每个月还是有一定负担,而且我们心里不踏实。以前家长中间常听说有老师课上不讲课后讲、办班收费的事,现在管得严了,但我们还是担心校内教学和课后服务质量跟不上,特别是作业指导和答疑。目前孩子书面作业时间基本符合规定,但我们更希望学校能在课后服务里真正把作业辅导好、把学习质量提上去,别让我们这种没时间、没能力辅导的家庭只能继续花钱上培训。恳请领导督促学校把课后服务做实做细,加强校内作业指导,让我们家长少花钱、少操心。"
0FF831A8C78D04979DFD8AC3D93AFE79E5E2018A6420FA10B1EA61AE61BE39D9,关于改善普通公办小学教育资源配置的诉求,"领导好,我是一名小学生的家长。孩子即将在秋季开学升入新的年级,我们家庭条件一般,我和家人文化水平不高,辅导孩子学习很吃力,所以特别希望能靠学校老师教好。孩子所在学校是普通公办小学,不是重点学校。从身边和网上了解到,有些地方小学一个班人数过多,老师教的还不是自己专业,影响教学效果。我们很担心孩子开学后也会碰到这样的情况。孩子现在还小,睡眠时间比较充足,我们也不希望他学习压力太大,但基本的教学质量应该有保证。希望领导能关注我们这类城镇普通公办小学,核查班额和教师配备情况,协调改善教育资源,让孩子能快乐学习,也让我们家长放心。谢谢。"
3142F2C4BFA5618431FDDD016E4DF3B0AD67C5027BEEC5103542EFC522EC4640,关于学校课后服务师资与减负的诉求,"领导好,我是西部城镇一名小学生的家长。孩子就读公办学校,家里经济条件一般,文化程度也不高,但很希望孩子能健康成长。暑假里看到有政策要求学校完善课后服务,我们很期待。可我们又担心学校落实不好,因为以前听说本地有些学校老师教非自己专业的科目,影响教学效果。希望领导能督促学校在秋季开学后,把课后服务真正办起来,多安排专业对口的老师,内容多样一点,不要变成变相补课或加重负担。孩子平时作业时间还好,但我们也怕课后服务后作业反而多了。请领导帮忙把关,让孩子能轻松学习、快乐成长。"
50342AF4173C2EDFA4E14285290A88093EEE43058B8A241E658685D3341F7EEC,关于改善普通小学教学质量和师资配置的诉求,"领导好,我是西部城镇一名小学生的家长。孩子就读的是公办非重点小学,家庭经济条件一般,没有能力给孩子报校外培训班,所以对学校的教学质量非常依赖。马上要开学了,我担心学校可能存在班额过大、老师跨专业教学的情况,影响孩子的学习效果。虽然目前孩子的作业时间符合规定,但我们更希望孩子在学校能真正学懂、学透,而不是只应付作业。希望相关部门能核查并加强普通小学的师资配备,合理控制班额,让老师能教自己的专业,提高课堂教学效果。同时,也建议学校多开展实践性、寓教于乐的活动,不要让孩子学习太紧张,能快乐轻松地学到知识。谢谢。"
C6FF560560743EABC80766025E7C608F9E7B8D51F9C82DBEFFC54FC0C32E87CD,"希望加强学校课后服务质量监管,别让好政策变味","我家孩子上小学,家里条件一般,大人文化不高,同住人多,每天最愁的就是放学后孩子没人辅导、没人管。现在学校有课后服务,我们也参加了,确实帮了大忙。但作为家长,心里还是不踏实:学校课后服务能不能保证内容多样,别只是看着孩子写作业或者变相上课?我听说有的地方老师不够,课后服务就是让学生自己待着,或者让不教这科的老师临时看班,这样对孩子帮助不大。我们小时候就吃过学习太紧张、只盯着课本的亏,希望孩子能多动手、多实践,轻松一点。另外,我们这边学校条件一般,我担心班里孩子多,课后服务老师顾不过来,服务质量打折扣。希望领导能关注一下这类普通公办小学的课后服务,核查师资和内容安排,别让好政策在我们这儿变成有人管但没质量。孩子作业现在看着还行,但开学后如果课后服务不辅导、回家又没人教,我怕又回到以前那样。"
6ED2DCD87BCB3ECFE8B512341FD1D3B564CFF3C481B6B6496CF38549868B6411,关于小学新学期班级规模和师资配备的担忧与请求,"领导您好,我家孩子在城镇一所公办小学就读,不是重点学校,家里经济条件一般,人口较多,也没给孩子报过学科类辅导班。马上要开学了,我们家长有些担心。以前听说有的地方小学一个班人数过多,教室拥挤,老师负担重,教学效果受影响;还有的学校老师教的不是自己专业,比如其他科目老师兼教主科,怕影响教学质量。我们这边目前书面作业时间符合规定,孩子睡眠也足,但作为家长,总希望孩子在学校能接受更扎实、轻松的教育,将来能读好书。希望相关部门提前核查协调,开学后能控制班级人数,合理配备各科教师,让老师能专心教好本专业,多开展实践类、轻松有趣的教学活动,不要让孩子学习太紧张。我们也会配合学校,共同把孩子教育好。"
9EE5DF1641F3A9E4912CB4AAAFB0CF1D54422C27828BDBF3A80D3F6203C733FC,关于提高小学课后服务质量减轻家长负担的建议,"领导您好,我是一名小学生的家长。我家孩子现在上小学,这个月参加了学校的课后服务。孩子回来常说课后服务基本是写作业或坐着,活动比较单一,我们有点担心这样是不是又变成了变相补课,孩子压力没减轻。我们家庭条件一般,也希望课后服务收费能合理透明,不要增加负担。听说现在要求学校提供内容多样的课后服务,希望领导能督促学校真正落实,多安排一些实践、体育、艺术、阅读等活动,让孩子快乐轻松地学习,我们家长也能放心。"
CEDD2A2B0D03E5BD44F073BEDACB9B9F282DE54C0700C5DAE6A6248627461219,关于小学新学期班级规模和师资配备的担忧与请求,"领导您好,我家孩子在城镇一所公办小学就读,不是重点学校,家里经济条件一般,人口较多,也没给孩子报过学科类辅导班。马上要开学了,我们家长有些担心。以前听说有的地方小学一个班人数过多,教室拥挤,老师负担重,教学效果受影响;还有的学校老师教的不是自己专业,比如其他科目老师兼教主科,怕影响教学质量。我们这边目前书面作业时间符合规定,孩子睡眠也足,但作为家长,总希望孩子在学校能接受更扎实、轻松的教育,将来能读好书。希望相关部门提前核查协调,开学后能控制班级人数,合理配备各科教师,让老师能专心教好本专业,多开展实践类、轻松有趣的教学活动,不要让孩子学习太紧张。我们也会配合学校,共同把孩子教育好。"
A648876A4EA1C54FB9EF6DB28E2B9895646AD9E535B11B1FB2641377BD6E2288,关于提升学校课后服务质量的请求,"领导好,我是一名小学生家长。家里条件一般,我们家长文化程度不高,辅导孩子学习很吃力。这个暑假孩子参加了学校的课后服务,我们本来挺高兴,可心里还是不踏实。现在都要求学校把课后服务办好,但我们就怕学校只是把孩子集中看管,作业辅导跟不上,开展的活动也不实用。也担心老师配备不够专业,有的不是教自己专业的科目,影响孩子。我们希望孩子学习别太紧张,能多些实践、快乐轻松地学。恳请领导督促学校加强课后服务的师资和内容安排,真正帮我们这样的家庭解决困难,让孩子在课后服务里既能完成作业,又能发展点兴趣。"
9FA31F33DCE345FDE05DC63CC8B40D71512B229C672FFDC70A75A7A21A37E878,关于小学新学期班级规模和师资配备的担忧与请求,"领导您好,我家孩子在城镇一所公办小学就读,不是重点学校,家里经济条件一般,人口较多,也没给孩子报过学科类辅导班。马上要开学了,我们家长有些担心。以前听说有的地方小学一个班人数过多,教室拥挤,老师负担重,教学效果受影响;还有的学校老师教的不是自己专业,比如其他科目老师兼教主科,怕影响教学质量。我们这边目前书面作业时间符合规定,孩子睡眠也足,但作为家长,总希望孩子在学校能接受更扎实、轻松的教育,将来能读好书。希望相关部门提前核查协调,开学后能控制班级人数,合理配备各科教师,让老师能专心教好本专业,多开展实践类、轻松有趣的教学活动,不要让孩子学习太紧张。我们也会配合学校,共同把孩子教育好。"
2748F75B2E55671E8FDDCE2BCD489C682C3E3D185DD64B0C61BBBE0A099F1BB9,"希望提升小学课后服务质量,减轻家长辅导压力","我家在西部城镇,孩子上小学,家里孩子多,经济条件一般,我们文化程度不高,辅导作业很吃力。这个暑假孩子参加了学校课后服务,政策说每天不少于两小时,但我们很担心课后服务只是看管或变成变相补课,老师也不一定对得上专业。希望领导能督促学校丰富课后服务内容,多些实践和兴趣活动,让作业辅导真正落实,减轻我们家长的负担,让孩子学得轻松一些。"
31FF6F34EA89F1DA3699CCB218A6CDC48EDF4D281DFFA302152227B346B0F619,关于初中学校开学后课业负担及作息管理的担忧,"领导好,我是孩子家长,孩子正上初中,暑假快结束了。孩子平时睡眠比较充足,我们也很重视他的休息和长远发展。现在暑假作业量还在制度规定范围内,但我们很担心开学后学校为了提高成绩,会像周边一些地方那样延长在校时间、增加作业量,导致孩子早出晚归、晚上睡不够,影响身体和第二天学习。家长文化水平不高,但愿意配合学校,只希望孩子能健康、有质量地学习。恳请相关部门在开学季加强对学校作息和作业管理的监督检查,督促学校严格落实作业时限,合理控制学生在校时间,别让拼时间变成常态。"
B2E1DF0A04C856F6DBBF405CD2B46A0443E79E576396507E93ACD2D19E5B4D63,"希望新学期学校能真正落实作业统筹,保障孩子睡眠","领导好,我家孩子上初中,现在暑假书面作业量还算符合规定,这让我们家长稍微放心。但看到同省一些学校过去为了升学率拼命加课,孩子早上五点多起床、晚上十点才睡,作业写到十一点多,我很担心开学后我们学校也会回到老样子。虽然听说现在有统筹作业总量和课后服务的新要求,但学校还没开学,具体怎么执行心里没底。孩子现在睡眠还算充足,可如果开学后在校时间过长、作业又超量,很容易又陷入长期缺觉,影响身体和学习效率。希望领导能督促学校在新学期真正控制好在校时间和作业总量,丰富课后服务内容,让孩子自愿参加,同时规范校外学科培训,避免我们家长被迫花高价补课。我们家庭条件虽不算差,但也不想让孩子靠透支睡眠换分数。谢谢。"
62200477C2C513D62E6E2B16BBE3A6FDA76CF6C601E6B0BC2F2B6D21955A20F8,关于减轻初中生学业负担和校外培训压力的诉求,"我家孩子读初中,非毕业年级,目前书面作业时间还能控制在规定范围内,睡眠也还可以,我们家长稍感安心。但身边有学校为了升学率,学生早出晚归、作业写到深夜,我很担心开学后学校也会逐渐加重负担。希望政府能督促学校严格落实作息和作业管理规定,保障孩子休息时间。另外,我们家长文化水平不高,辅导不了功课,只能给孩子报了校外学科培训,费用不低,而且感觉收费水平没有明显下降,家庭压力不小。孩子目前没参加学校课后服务,如果学校课后服务能加强作业答疑和学习方法指导,我们就不用花这么多钱去外面补课了。恳请领导关注,帮助协调解决。"
943EB4E3695E25DA8A8689FB5149317FC92F740C468F9503FD629027924430AA,关于开学后作业负担与课后服务衔接的诉求,"我家孩子上初中,目前书面作业量基本符合规定,但作为家长仍很担心开学后作业会反弹。我们了解到有些学校曾出现加课、作业写到深夜的情况,孩子太累,压力很大。现在学校开展了课后服务,孩子也参加了,但服务质量还不清楚。希望领导督促学校严格落实作业总量控制,利用课后服务时间加强作业指导,让孩子尽量在校完成作业,回家能保证睡眠。同时,孩子仍在外面上学科培训,虽然费用降了些,但负担还是重,希望课后服务能提供更多学业支持和兴趣活动,减少我们对校外培训的依赖。"
8D4A81A60268CBDC7D9D03D9B5CC32E28D08449F0293B49E3A67FD31AB11B09D,关于初中生作息与作业负担的担忧,"领导好。我家孩子读初中,暑假里书面作业并不算多,我们给他报了学科类校外培训,主要想让他保持学习状态。我们做家长的学历不高,但希望孩子将来能读硕士。不过看到不少学校为了升学率,初中生早上五六点起床,晚上十点多才能睡,吃饭时间都很短,孩子压力大、休息不好,我们很担心孩子开学后也遇到这种情况。现在孩子每天睡眠还算充足,希望新学期学校能继续遵守作业不超过90分钟的规定,不要随意加课或布置超量作业,保证孩子的睡眠和运动时间。希望教育部门开学前能对学校进行督查,特别是我们这种非公办学校,更要加强监管。谢谢。"
8C2B050E2819360B4A83914E90147D977B27162D999B7A9C23838A9125C7A0CE,关于初中生课后服务变相加课与作业负担的担忧,"我家孩子正在读初中,不属于毕业年级。这个暑假孩子参加了学校的课后服务,每天时间不算短。虽然目前书面作业量还算符合规定,但看到同省有些学校过去为了提高升学率,早晚加课、作业写到很晚,孩子睡眠严重不足,我们一直很担心。现在课后服务要求每周五天、每天至少两小时,我们怕开学后学校把这段时间变成变相补课,或者继续加码作业,孩子在校时间过长,回家还要写到很晚。我们希望领导能督促学校真正落实课后服务自愿原则,内容多样一点,不要占用时间统一上新课或考试,同时严格控制书面作业总量,让孩子能睡够、有精力。家里虽然条件还可以,但更希望孩子健康,不要被过度消耗。请相关部门核查并协调处理。"
DBC319D63B892B5727D851C12485620CA823AD131BE1207669E6BE5B6A465B1B,关于初中生作息与作业负担的担忧,"领导好。我家孩子读初中,暑假里书面作业并不算多,我们给他报了学科类校外培训,主要想让他保持学习状态。我们做家长的学历不高,但希望孩子将来能读硕士。不过看到不少学校为了升学率,初中生早上五六点起床,晚上十点多才能睡,吃饭时间都很短,孩子压力大、休息不好,我们很担心孩子开学后也遇到这种情况。现在孩子每天睡眠还算充足,希望新学期学校能继续遵守作业不超过90分钟的规定,不要随意加课或布置超量作业,保证孩子的睡眠和运动时间。希望教育部门开学前能对学校进行督查,特别是我们这种非公办学校,更要加强监管。谢谢。"
09EE9D5F9F252A124B6629B362CCCC1D9AB3F740217836FA8862070866D7EA60,关于初中课后服务不要变相补课并保障孩子休息的诉求,"领导您好,我家孩子正在读初中,暑假参加了学校的课后服务,同时也在上有资质的学科培训。作为家长,我们文化程度不高,但一直很重视孩子学习,也明白孩子需要充足睡眠和自主消化时间。目前孩子作业和睡眠还算正常,但我们心里不踏实,因为以前见过一些学校为了提高成绩不断加课,孩子早上五六点起床、晚上作业写到很晚,压力很大。我们担心开学后学校把课后服务变成变相集体补课,或者用课后服务时间赶进度,导致孩子在校时间过长、回家还要应付过多作业。希望教育部门能重点关注初中学校课后服务的落实情况,督促学校坚持自愿原则、丰富服务内容,真正用于作业指导和兴趣拓展,不要变相延长上课时间;同时继续统筹作业总量,保障孩子休息和锻炼。另外,现在校外培训选择少了,我们更希望学校课后服务能提供有效的学业帮助,减轻家长对校外培训的依赖,让孩子健康成长。"
F5AA2FA36780111F0610A3AED2B057AE7CE75F9935AA81A63099B58CEF066FAB,关于初中生作息与作业负担的担忧,"领导好。我家孩子读初中,暑假里书面作业并不算多,我们给他报了学科类校外培训,主要想让他保持学习状态。我们做家长的学历不高,但希望孩子将来能读硕士。不过看到不少学校为了升学率,初中生早上五六点起床,晚上十点多才能睡,吃饭时间都很短,孩子压力大、休息不好,我们很担心孩子开学后也遇到这种情况。现在孩子每天睡眠还算充足,希望新学期学校能继续遵守作业不超过90分钟的规定,不要随意加课或布置超量作业,保证孩子的睡眠和运动时间。希望教育部门开学前能对学校进行督查,特别是我们这种非公办学校,更要加强监管。谢谢。"
61191D8CA9E0A262409D06C79502F3269D0AF536E3BEF889923FE0F7B288708E,关于初中生课业负担与课后服务内容的诉求,"领导好,我是中部某城镇的一名初中生家长。孩子现在上初中,不是毕业班。这个暑假学校提供了课后服务,孩子也自愿参加,同时家里还给孩子报了校外学科培训。目前孩子的书面作业量是符合规定的,但我们一直很担心,这几年看到同省不少学校为了升学率给学生拼命加课,早上很早到校,晚上很晚放学,作业写到半夜,孩子休息不好。我们孩子睡眠时间还算够,但想到开学后学校可能又会加码,心里就不踏实。希望教育部门能持续监督学校严格执行作业和作息规定,不要布置过量作业,不要随意延长在校时间,真正保障孩子每天休息和锻炼。另外,课后服务我们很支持,但希望内容能更丰富一些,多些体育、艺术、科技活动,不要变成变相补课或增加负担。校外培训现在规范了,收费也降了一些,但我们还是希望培训质量有保障,不要因为机构减少导致孩子没地方学或者教学质量下降。我们家长文化程度不高,但很重视孩子教育,希望孩子将来能读硕士,所以特别怕孩子被压垮,希望领导能帮忙督促落实,让孩子身心健康地成长。"
75F36DA8D694AAD4120A45FB28FC5831C871BB72B85D606F61AE51A5CE8190FB,请帮帮我们农村孩子顺利上初中,"领导您好,我是一名农村家长,孩子今年小学毕业,马上要上初中了。我们住在乡下,到初中学校单程要花很长时间,家里经济条件有限,我文化也不高,对报名手续和需要的材料心里没底。暑假快结束了,眼看就要开学报名,我们很担心孩子会不会因为材料不对或者条件不够被学校拒之门外。孩子一直很努力,我们只希望他能顺利入学,将来能读个高中或技校。恳请领导帮我们协调,让孩子按时报名上学,如果能安排住宿或者校车,我们负担会轻很多。谢谢领导。"
5AA05AB465FF2F0DB9AE3E55EAA74ED5132F7BC2890EE5530C59EE538CF6F178,乡村家庭期盼课后服务真正落地解决接送辅导难,"领导好。我是西部农村一名小学生家长,孩子暑假后就要进入升学衔接年级。家里经济条件不好,我们两口子文化程度都不高,辅导作业很吃力。学校离家较远,每天接送是个大负担。听说现在要求学校完善课后服务,自愿参加、时间衔接、内容多样,我们很期盼。但心里没底,担心新学期学校课后服务因为师资和经费不足开展不起来,或者只是看管不辅导作业。我们希望政府能保障好农村学校的课后服务经费和师资,让孩子放学后能在学校完成作业、有人指导,也解决我们接送难的问题。另外,现在书面作业时间虽然符合规定,但希望学校在课后服务中加强作业指导,不要让我们家长再为作业发愁。谢谢领导。"
3EB6CFDD8C5B48364AB0BA94929E4702E6ED99C3CDA5EA3D34840AB68A82C123,关于农村孩子小升初公平入学的请求,"领导您好,我是西部农村的一名家长,孩子现在在乡镇重点小学读六年级,马上要升初中了。家里经济条件不好,我文化程度也不高,只盼着孩子能顺利读完初中,将来上高中或职校。现在最担心的就是初中入学,听说有的地方因为户籍、房产等条件把孩子挡在门外,我们真怕孩子到时候没学上,或者被分到很远很远的学校。孩子现在每天上学单程就要花很长时间,如果初中更远,家里实在负担不起。希望政府能多关注农村孩子小升初,让每个孩子都能公平就近入学,不要额外设门槛,也帮忙想想办法解决偏远学生上学交通难的问题。谢谢领导。"
3CB0EE2C65947A92F2E70B62D6EC8C349146A500AC17161857B4CE7581DB3B80,乡村升学衔接孩子课后服务需要更多学业支持,"领导您好,我是西部农村的一名家长,孩子现在读小学六年级,马上要升初中了。家里经济条件不好,我和孩子妈妈文化程度也不高,没法辅导孩子功课。现在学校课后服务我们参加了,孩子作业时间也符合规定,但我们还是担心,农村孩子没有校外培训,课后服务能不能针对六年级孩子多安排一些基础巩固和衔接辅导?孩子每天上学单程要花很长时间,希望课后服务结束时间能和农村交通情况接得上,别让孩子太晚回家,也保证睡眠。恳请领导关注我们这样的家庭,让学校课后服务真正帮孩子顺利过渡到初中。"
3A43E18F814CA93ABC6A4468154BDDE4827F2CDC8E6A17A5DC1303B9F6D5F5CF,关于农村家庭孩子小升初入学困难的求助,"我家住在西部农村,孩子今年小学毕业,马上就要升入初中。孩子原来上的小学是公办重点学校,但离家很远,每天单程就要很长时间,我们家里经济条件不好,大人文化也不高,只能靠打零工维持。现在最发愁的是孩子初中报名的事,听说今年初中招生有些新要求,我们担心因为户口、居住地这些条件孩子被拒之门外,或者只能去很远很差的学校。家里同住人口多,开销大,实在没有能力在城里租房或交其他费用。孩子暑假作业不多,也参加了学校课后服务,我们很感激,但就怕开学后连学都没得上。希望领导能帮我们协调一下,保障农村孩子小升初的入学机会,别让孩子没书读,也别让通学时间再拉长,影响孩子休息和安全。恳请领导关注。"
17316B8B53F1C5570E874E4D9C95BAF36B0BAE317CAA81366C585618F7AEAC92,关于农村孩子升学衔接入学及课后服务保障的求助,"我家孩子是小学升初中的年级,今年秋季就要开学。我们住在西部农村,家庭条件不好,我和孩子妈妈文化程度都不高,家里孩子多,负担重。孩子原来读的是公办重点小学,但学校离家很远,单程要花很长时间。现在放暑假,眼看就要报名了,我们心里很着急,担心升入初中后会遇到入学难、被推来推去的问题。以前就听说有些地方农村孩子被学校拒之门外,我们很怕落到自己头上。现在校外学科补习班越来越少,我们本来也没钱让孩子上,所以更希望学校能认真把课后服务做好。孩子这个月参加学校的课后服务,但我们不清楚开学后初中学校是否也有同样的服务,能不能给孩子提供作业辅导和兴趣活动。孩子现在睡眠时间还比较充足,但初中学习内容多了,我们担心作业量控制不住,如果课后服务结束得晚,回家还要写作业,会影响孩子身体。恳请领导帮忙督促教育部门和学校,保障我们农村孩子顺利升入初中,入学报名不设卡,同时落实课后服务和作业管理,让农村孩子也能得到公平的教育机会。"
CFB4EA43007B58DF56B67D189292666B66EA36F8C0D6B417F3B0839BAE69143E,关于农村家庭孩子小升初入学困难的求助,"我家住在西部农村,孩子今年小学毕业,马上就要升入初中。孩子原来上的小学是公办重点学校,但离家很远,每天单程就要很长时间,我们家里经济条件不好,大人文化也不高,只能靠打零工维持。现在最发愁的是孩子初中报名的事,听说今年初中招生有些新要求,我们担心因为户口、居住地这些条件孩子被拒之门外,或者只能去很远很差的学校。家里同住人口多,开销大,实在没有能力在城里租房或交其他费用。孩子暑假作业不多,也参加了学校课后服务,我们很感激,但就怕开学后连学都没得上。希望领导能帮我们协调一下,保障农村孩子小升初的入学机会,别让孩子没书读,也别让通学时间再拉长,影响孩子休息和安全。恳请领导关注。"
2E62E58BCFDAE41EE21D9276771F27D7AE32B5A78AC3CDF06A2D8871FD89669C,乡村升学衔接孩子课后服务盼加强,"领导您好,我是西部农村一名六年级孩子的家长,孩子马上要升初中。家里经济条件不好,大人文化程度不高,孩子平时上学单程就要很长时间,我们辅导不了功课。这个暑假孩子虽然参加了学校的课后服务,但我们担心只是看管,没有针对初中衔接的学习指导和作业辅导。现在校外学科培训也少了,我们以前就没上过补习班,怕开学后跟不上。恳请领导在新学期前督促学校把课后服务做实,对农村低收入家庭孩子增加一些适应性辅导,别让偏远地方的孩子一开始就掉队。"
DDED334477AC67849C5391001AE5E72BEFB36B0A777FE636D980DB9F27FF8752,关于农村家庭孩子小升初入学困难的求助,"我家住在西部农村,孩子今年小学毕业,马上就要升入初中。孩子原来上的小学是公办重点学校,但离家很远,每天单程就要很长时间,我们家里经济条件不好,大人文化也不高,只能靠打零工维持。现在最发愁的是孩子初中报名的事,听说今年初中招生有些新要求,我们担心因为户口、居住地这些条件孩子被拒之门外,或者只能去很远很差的学校。家里同住人口多,开销大,实在没有能力在城里租房或交其他费用。孩子暑假作业不多,也参加了学校课后服务,我们很感激,但就怕开学后连学都没得上。希望领导能帮我们协调一下,保障农村孩子小升初的入学机会,别让孩子没书读,也别让通学时间再拉长,影响孩子休息和安全。恳请领导关注。"
215E8AB1F809A71884D661A375C1E80C3AA3260A27FC6B170844280A43CD9B5E,请求解决农村孩子小升初入学难问题,"领导您好,我是一名乡村学生的家长。孩子今年小学毕业,马上要升初中了。我们家在西部农村,家庭经济条件不好,我文化程度不高,家里人口也多,负担重。孩子原来在县里的重点小学读书,学校离家很远,每天来回要花不少时间,但教学质量好,我们一直坚持。现在眼看初中报名时间快到了,心里特别慌。最近听说有一些类似家庭的孩子因为户籍、房产等原因被好学校拒收,或者被调剂到很远的学校。我们没门路、没关系,就怕孩子在这个节骨眼上被卡住,上不了学或上不了好学校。希望领导能重视农村孩子小升初的入学保障,督促教育部门公平执行招生政策,确保孩子能就近入学或直升原校,不要因为家庭条件差就吃亏。谢谢!"
6E08547DF02AB15C4EAF79C3BDE3338079F5EB7986A7449D9ED124855C864DE6,关于暑假期间孩子书面作业负担的反映,"领导好。我家孩子在东部乡村一所公办小学就读,目前是小学阶段,今年暑假没有升学衔接。按照这个年级的相关规定,原则上不应布置书面家庭作业,但我们注意到孩子这个月仍有书面作业,与减负要求不一致。作为家长,我们很担心假期书面任务会影响孩子的睡眠和休息,也担心学校在日常管理中是否真正落实了作业管理规范。乡村学校资源相对薄弱,我们希望教育部门关注农村孩子假期课业负担问题,对学校的作业布置和管理情况进行核查,督促严格执行规定,把假期还给孩子。同时也希望在师资和教学管理上多给予乡村学校支持,避免政策落实不到位。谢谢。"
6C938E058F958164EFE1A59FA161670E8E616BFD78B6E04C56DDEEDE423EEBD0,农村小学低年级书面作业问题反映,"领导您好,我是一名东部乡村小学低年级学生的家长。按现行规定,这个年级原则上不应布置书面家庭作业,但最近发现孩子本月的书面作业情况不太符合要求,心里很担忧。孩子睡眠一直比较充足,我们也希望他健康快乐成长,将来能考上大学。家里经济条件一般,从没给孩子报过校外学科辅导班,主要依靠学校。希望相关部门能核查一下学校作业布置情况,督促学校严格执行作业管理要求,控制好书面作业总量和时长,别让假期负担过重。也希望学校开学后能把课后服务安排好,加强作业指导和文体活动,让孩子在校内就能完成适当学习任务,减轻我们农村家长的负担。乡村学校硬件条件有限,软件建设更关键,恳请领导多关心乡村小学,让好政策真正落到实处。"
079F9F5E6172E5D9B68F4E043C6009542B0538A6A3A99D5EF63A618786DB3E82,关于乡村小学书面家庭作业规范的反馈与请求,"领导好。我家孩子在村里公办小学就读,按年级规定本不应有书面家庭作业,但最近一个月孩子的书面作业情况没有达到这个要求。孩子每天睡眠时间本来比较充足,我们担心书面作业多起来后,会影响休息和白天上课。家里经济条件一般,也没给孩子报校外辅导,只能靠学校。希望相关部门核查一下学校是不是落实了作业规范,督促学校按年级要求来,别让书面作业占掉孩子太多时间。谢谢。"
012B8E492AA1C404DAE180D24A93B88EA1FDE947783E68D8AC75471E0850A3AC,农村小学课后服务质量亟需提升,"我家孩子在村里的小学读书,这学期参加了学校提供的课后服务。我们家庭条件一般,以前也没让孩子上过校外培训班,现在校外培训管得严,我们更指望学校把课后服务做好,让孩子在校内多学一点、多锻炼一点。可是据我了解,我们这边农村学校师资本来就不太稳定,年轻老师留不住,有些老师年龄偏大,课后服务内容比较单一,很多时候就是看着孩子写作业或者自由活动,缺少有针对性的辅导和兴趣活动。孩子现在书面作业少了,睡眠是够的,但我们希望他将来能考上大学,光靠目前这样的课后服务,心里实在没底。希望领导重视农村学校课后服务质量,加强师资配备和经费保障,让课后服务真正有老师辅导、有内容可学,而不是简单看管。"
5C83BEE5A428CF937B78A57C24AD751B9B6BD7286A7BE72A18E4B5E70FD184FC,关于农村小学暑期不应布置书面作业的建议,"领导您好,我是东部乡村一名小学生家长。孩子目前读小学,不属于升学衔接年级。按照年级规定,原则上不应布置书面家庭作业。但这个月暑假,孩子仍有书面作业,和规定不太相符。我家经济条件一般,没有给孩子报任何校外培训班,孩子以前睡眠时间比较充足,我们只希望他健康成长,以后能考上本科。现在担心学校或老师没有严格执行减负要求,如果书面作业经常出现,农村家长辅导能力有限,孩子压力大,也影响休息和户外活动。我们这里学校不是重点学校,师资和管理上我们也有些担心,希望领导能帮忙核查一下,督促学校落实相关规定,暑假期间不要布置不符合要求的书面作业,让孩子能好好休息。谢谢。"
0F0DDE1F838B2D5EDA654F60925AD3ECBAFA9994509C4B046C724A2C3A751909,农村小学课后服务需加强师资和内容,"我家孩子在村里公办小学就读,家庭经济条件一般,就盼着孩子能读好书、考上大学。这个暑假后要升高一个年级,孩子目前参加了学校课后服务,每天时间也不短。但我们很担心课后服务只是集中看护,缺少作业辅导和兴趣活动。我们这边是乡村学校,本身师资力量就比较薄弱,老师流动性大,软件建设跟不上,如果课后服务只是“有人看”,对孩子帮助有限。希望领导能关注乡村学校课后服务的实际质量,督促学校配足辅导老师,丰富服务内容,别让好政策在农村走了样。"
E63703CD5422BE06C051CAB86E05BDD8107489D3ADCE0AEA4ED1069AD3B8D945,关于农村小学暑期不应布置书面作业的建议,"领导您好,我是东部乡村一名小学生家长。孩子目前读小学,不属于升学衔接年级。按照年级规定,原则上不应布置书面家庭作业。但这个月暑假,孩子仍有书面作业,和规定不太相符。我家经济条件一般,没有给孩子报任何校外培训班,孩子以前睡眠时间比较充足,我们只希望他健康成长,以后能考上本科。现在担心学校或老师没有严格执行减负要求,如果书面作业经常出现,农村家长辅导能力有限,孩子压力大,也影响休息和户外活动。我们这里学校不是重点学校,师资和管理上我们也有些担心,希望领导能帮忙核查一下,督促学校落实相关规定,暑假期间不要布置不符合要求的书面作业,让孩子能好好休息。谢谢。"
E7027DFEE76DC94750C74CDB4A7ABCA99AA500A1A8335EBD558D821322D09233,乡村学校课后服务质量亟需关注,"我是一名乡村小学学生的家长,孩子就读公办学校,家庭经济条件一般。这个月孩子一直在参加学校的课后服务,学校也按规定每天提供较长时间的服务。但作为家长,我比较担心乡村学校在师资、场地和活动内容上能不能跟上。课后服务时间较长,如果只是简单看管,孩子得不到有质量的活动和指导,反而浪费了时间。我们家庭没有条件另外给孩子报兴趣班或补习,学校课后服务对我们就特别重要。希望相关部门能核查一下学校课后服务的实际开展情况,协调解决乡村学校师资不足、内容单一等问题,让课后服务真正丰富起来,让孩子在校内就能获得多样化的学习和锻炼机会,减轻我们家长的负担。"
E40000F9EB8DFD495E56B4FBAE4C1E5B70942E58B17A5ED9004905723771F031,关于农村小学暑期不应布置书面作业的建议,"领导您好,我是东部乡村一名小学生家长。孩子目前读小学,不属于升学衔接年级。按照年级规定,原则上不应布置书面家庭作业。但这个月暑假,孩子仍有书面作业,和规定不太相符。我家经济条件一般,没有给孩子报任何校外培训班,孩子以前睡眠时间比较充足,我们只希望他健康成长,以后能考上本科。现在担心学校或老师没有严格执行减负要求,如果书面作业经常出现,农村家长辅导能力有限,孩子压力大,也影响休息和户外活动。我们这里学校不是重点学校,师资和管理上我们也有些担心,希望领导能帮忙核查一下,督促学校落实相关规定,暑假期间不要布置不符合要求的书面作业,让孩子能好好休息。谢谢。"
A582187E31ABA263196F8BCBEA3B6819F827ADAED7963DBFE93907F3E11EAF06,关于乡村学校课后服务质量和师资保障的诉求,"领导您好,我是东部乡村一名小学生的家长。孩子暑假参加了学校课后服务,时间上看着是安排了,但我们最担心的是服务内容空、老师配备跟不上。我们这里学校资源一般,师资一直不太稳定,有的课程由不专业的老师代管,专业老师少。家里经济条件一般,以前也没让孩子上过学科培训班,现在外面培训选择少了,更盼着学校课后服务能真正补上素质教育的短板。希望政府能在经费和师资上多向乡村学校倾斜,安排体育、艺术、阅读等多样化活动,加强作业指导,别让课后服务变成单纯看孩子。也请相关部门核查学校课后服务实际开展情况,督促把自愿参加、内容多样的要求落实到位。"
8ADAA5876BA142C2955EC5306C3913FBD1FF44297DD9F348C8D6A3F0A8541000,关于农村初中生暑假作业负担过重的反映,"领导好,我是西部农村一名初中生家长。孩子正处于升学衔接年级,平时我们夫妻都在外打工,家里老人照顾孩子很吃力。这个暑假,学校布置了不少书面作业,孩子每天要花很长时间,明显超过规定的一个半小时,有时写到很晚,睡眠都受影响。我们文化程度不高,辅导不了,只能干着急。村里不少家长也有同样反映。以前就听说一些学校因为班额大、老师忙不过来,作业全靠家长教和检查,我们很担心孩子在这样的环境下学习跟不上,影响将来升学。希望领导能关注我们农村学校的作业管理问题,督促学校合理安排暑假作业,真正减轻孩子和家长的负担,让孩子能有一个健康一点的学习环境。"
51184EC5943D0451F87CCCDCE587011DF95C09998F078169893577199156C5E6,乡村初中生作业时间超限盼统筹和课后服务,"领导您好,我是西部乡村一名初中生的家长。我们夫妻都在外打工,家里老人照看孩子,平时很难辅导功课。最近发现孩子每天书面作业时间没能控制在规定范围内,常常写到很晚。暑假还没结束,已经担心开学后作业更多。我们文化程度不高,经济条件也一般,没能力给孩子报辅导班,只能靠学校。希望领导督促学校真正落实作业统筹,控制书面作业总量,利用好课后服务时间,让孩子在校完成大部分作业,老师能当面指导。也盼着乡村学校课后服务能真正开展起来,内容多样,不要走过场,减轻我们这样的家庭负担。孩子是家庭的希望,也是国家的未来,恳请领导关注乡村孩子的学习环境。"
6DEB620076A282AD03F579FDEC1D128B4647B823CA9BE8B9EA58473EA84E0DDA,关于农村初中生作业负担与课后服务的求助,"领导您好。我是西部农村一名初中学生的家长,孩子正处于升学衔接年级。我们夫妻都在务工,家里人口多,时间紧,文化程度也不高,辅导孩子学习很吃力。这个月发现孩子的书面作业情况不符合规定的时长要求,我们很担心开学后负担更重。孩子目前没有参加学校课后服务,我们只能继续花钱报学科类校外培训,收费压力接近以前,经济上很难承受。希望领导能关注农村学校作业管理和课后服务问题,督促学校严格落实作业时长规范,扩大课后服务覆盖面,让孩子在学校就能完成作业、得到辅导,减轻我们家长的压力,也减少对校外培训的依赖。"
2D327F39B7B3D23D8D1B84AB4BCF650B33F1BE2B30FF0B01B5DE54C7C01FC782,乡村初中课后服务与作业负担问题反映,"我家在西部乡村,孩子读初中升学衔接年级,我们夫妻都要打工,家里老人年纪大,孩子多,晚上没精力辅导。这个月孩子作业还是经常超过90分钟,学校课后服务虽然参加了,但感觉老师主要是看管,没有认真辅导作业,孩子回家还要写很久。我们经济条件一般,以前也没怎么补课,现在外面学科培训班少了,钱是省了点,但孩子学习全靠学校,如果学校课后服务不能把作业辅导好,我们真不知道怎么办。希望领导能关注乡村学校课后服务质量,督促老师真正负起责任,把作业量控制在规定时间内,让孩子能在学校完成大部分作业,减轻我们家长的负担,也让农村孩子能有个公平的学习机会。"
C98BEC047ABBC018028BE01DE4191333919323B250AF6245E044933544F203EB,乡村初中生暑假作业负担和校外培训压力的反映,"领导您好,我是一名西部乡村地区初中生的家长。今年暑假,我注意到孩子的书面作业情况没有达到当前年级规定的时长要求,这让我们很担心孩子的学习负担。同时,孩子仍在参加校外的学科类培训,收费没有明显减轻,对我们这种收入不高的多子女家庭来说压力不小。我们家长文化程度不高,平时又忙于工作,时间很紧,很难辅导孩子。乡村学校条件有限,我们也很担心孩子的学习环境。希望领导能关注乡村初中学生的作业管理和校外培训负担,督促学校合理布置作业,规范培训收费,同时改善乡村学校的教学质量,让孩子能有一个更好的成长环境。"
A7CB40DC11803339C6F8AD8E47BBFC98404F94A970E39B986D507A3342D122A7,关于农村初中生课后服务与作业负担的诉求,"我是西部农村一名初中生的家长,孩子处在升学衔接年级。我们家经济条件一般,夫妻两人都要工作,时间很紧,文化程度也不高,辅导初中功课很吃力。孩子现在已停止参加校外学科培训,只能靠学校课后服务。这个暑假孩子也参加了学校开展的课后服务,但本月孩子的书面作业情况仍不符合规定的时长要求,我们很担心课后服务没有真正起到作业辅导和答疑的作用。我们这里学校不是重点,过去就常有家长反映班级人数多、老师批改作业不及时、把学习任务推给家长的情况。我们希望领导能督促学校把课后服务做实,加强作业统筹和校内指导,控制书面作业总量,让孩子尽量在学校完成作业,减轻家长辅导负担,也保障孩子睡眠和身心健康。"
0575B18F36981D5F33C6D7C76C1AD850ECFF04FCAC7C5120A0ED3DC590067F08,乡村初中生暑假作业负担和校外培训压力的反映,"领导您好,我是一名西部乡村地区初中生的家长。今年暑假,我注意到孩子的书面作业情况没有达到当前年级规定的时长要求,这让我们很担心孩子的学习负担。同时,孩子仍在参加校外的学科类培训,收费没有明显减轻,对我们这种收入不高的多子女家庭来说压力不小。我们家长文化程度不高,平时又忙于工作,时间很紧,很难辅导孩子。乡村学校条件有限,我们也很担心孩子的学习环境。希望领导能关注乡村初中学生的作业管理和校外培训负担,督促学校合理布置作业,规范培训收费,同时改善乡村学校的教学质量,让孩子能有一个更好的成长环境。"
A924D99388CE3B75225BB9274635A94A865A4BDC79BF02CB2786621089B951D2,乡村初中生作业超时盼课后服务真正减负,"领导好,我是西部乡村一名初中生的家长。我们家里人口多,我和孩子爸爸工作都很忙,文化程度不高,辅导孩子学习实在困难。这个月孩子虽然参加了学校的课后服务,但回家后书面作业还是超过了规定时长,我们看着着急又帮不上忙。以前听说有的地方老师把作业推给家长,我们最怕这样,因为自己确实不会教。现在政策要求学校管好作业、课后服务也要有质量,希望领导能督促学校真正落实,让孩子在学校就能完成大部分作业,减轻我们家长的负担。"
F97811D9CB91A3DE8FA955B8811F26C80129DBA1CED1789229E6F311749DBC51,乡村初中生暑假作业负担和校外培训压力的反映,"领导您好,我是一名西部乡村地区初中生的家长。今年暑假,我注意到孩子的书面作业情况没有达到当前年级规定的时长要求,这让我们很担心孩子的学习负担。同时,孩子仍在参加校外的学科类培训,收费没有明显减轻,对我们这种收入不高的多子女家庭来说压力不小。我们家长文化程度不高,平时又忙于工作,时间很紧,很难辅导孩子。乡村学校条件有限,我们也很担心孩子的学习环境。希望领导能关注乡村初中学生的作业管理和校外培训负担,督促学校合理布置作业,规范培训收费,同时改善乡村学校的教学质量,让孩子能有一个更好的成长环境。"
6E4DEF116EBF6C1C1AA1B645ABDDE8F128EA447DF100B801D6C5BA7E170CBE5D,关于农村初中课后服务和作业管理的求助,"领导您好,我是西部地区一名农村初中孩子的家长。孩子今年正处在升学衔接年级,我们两口子都在上班,家里人口多,平时时间很紧,文化程度也不高,辅导学习越来越吃力。这个月孩子参加了学校课后服务,我们原本以为作业能在学校完成一部分,但孩子回家后还是经常要写书面作业,我们感觉时间明显超过了国家规定的初中每天90分钟。我们不知道是不是学校布置太多,也不敢让孩子不写,心里很焦虑。以前就听说过有些学校老师忙不过来,把批改和辅导任务转给家长,我们很担心这样下去孩子基础打不牢,我们也实在没能力一直盯着。希望领导能关注一下农村学校课后服务的实际效果,督促学校真正统筹好作业总量和时长,别让书面负担都压到孩子和家长身上。孩子是家里的希望,我们只盼他能有一个安心学习的环境。"
B5F8E8D325F6AFAD1BDFFB24F15C3C238B2344AF01E67E1C07F618F7EEA3C656,关于小学暑假作业负担过重问题的反映,"领导你好,我是一名小学生家长,孩子目前在公办小学就读。这个暑假,孩子的书面作业情况没有达到规定要求,我们做家长的心里很着急。我们家庭经济条件一般,大人文化程度不高,辅导作业越来越吃力。听身边人说,有的地方老师上课不讲主要题目,课后让家长辅导,辅导不了就得送辅导班,我们实在没有这个经济能力。希望教育部门能督促学校合理安排暑假作业,保证课堂质量,不要把压力都转给家长,让孩子能健康学习。谢谢。"
D3BFE6F90C5458F0A3179001929498BFED64DA1F185BEC39B041546C277C8B92,希望督促学校控制作业量并落实课后服务,"领导您好,我是小学孩子的家长。家里经济条件一般,我们两口子文化程度不高,辅导孩子作业很吃力。最近发现孩子书面作业明显偏多,每天写很久,有时超过一个小时,我们担心长期这样孩子太累,也影响休息。听说现在有规定要求学校统筹作业总量,控制时间,可我们感觉没落实到位。我们这样的家庭没有多余钱送孩子上辅导班,希望学校能真正把课后服务做好,让孩子在学校就能完成大部分作业,有老师指导,减轻家长负担。请领导帮忙督促学校按规定办事,谢谢。"
5AD444E146235A92890B9CE872E4990C72C04EB0997D8572F1DAACF4E41CDCF1,关于减轻小学生作业负担和家长辅导压力的建议,"领导您好,我是孩子家长。最近留意到孩子的书面作业用时似乎偏长,我们家长文化程度不高,辅导起来非常吃力。家里经济条件有限,也没法送孩子去课外辅导班。我们理解学校抓学习,但希望教育部门能督促学校严格落实作业时间规定,提高课堂教学质量,让孩子在学校把知识学透,减少回家书面作业量。同时,希望学校能提供更丰富的课后服务,让孩子在校完成作业或参加兴趣活动,减轻家长辅导压力和经济负担。谢谢。"
7FC81F194CFC4B1FE33EA95AB5E62E2B97629BD3A959CA6EAAC24F650DD667B3,关于课后服务质量和作业负担的诉求,"领导您好,我是一名小学生家长,孩子在一所公办重点小学读书。现在学校课后服务每周都开展,孩子也参加了,听说要求每天至少两小时,提供作业指导和多样活动。我们家经济条件一般,我文化不高,辅导作业很吃力,以前也没给孩子报过辅导班。现在校外培训班很多关停或转型,我们更指望学校课后服务能真正帮孩子把作业在学校完成,有老师答疑,而不是变成集体看管或变相上课。寒假快结束了,春季开学在即,我很担心学校课后服务落实不到位,老师不够,内容单一,或者变相收费,最后孩子回家还是要家长辅导到很晚。希望领导督促学校把课后服务做实,保证自愿参加,不强制、不额外收费,真正安排老师答疑和多样化活动,同时控制好书面作业总量,不超过规定时间,让家长和孩子都能有正常作息。"
BB5E36A58F8B2334DED8ACA0F3C7848D7275FBFF9A97562A66D16A3DCE616390,关于小学暑假书面作业负担和课后辅导压力的反映,"领导您好,我是一名小学生的家长。家里经济条件一般,我文化程度不高,平时辅导孩子作业就比较吃力。这个月是暑假,孩子虽然在家,但书面作业情况已经不符合小学阶段规定的时长要求,我担心学校布置的假期书面作业负担过重。我们以前也听说过,有的地方老师上课不讲重点,课后让家长辅导,辅导不过来就得送辅导班,这对我们这样的家庭来说压力实在太大。希望领导能重视,督促教育部门和学校严格执行书面作业时长规定,合理安排暑假书面作业,不要变相增加家长辅导和经济负担,让孩子能正常休息,过一个健康的暑假。"
51B82855AC57EE5024A439D29BF3358E8843E93009D5D813342F12DBA575556B,关于学校课后服务内容与质量的诉求,"领导您好,我是一名小学生家长,孩子就读公办重点小学,家庭经济条件一般,大人文化水平不高,辅导孩子学习有些吃力。这个暑假孩子参加了学校提供的课后服务,每天时间不短,我们很感激。但心里有些担心:课后服务时间会不会被用来变相补课或布置额外作业?我们听说过有的学校把课后时间用来上正课,家长还要额外付费,加重负担。希望课后服务真正内容丰富、自愿参加,不增加孩子和家长压力。也希望老师课堂把该讲的知识讲清楚,不要课堂不讲、课后才讲。请领导督促学校严格落实相关规定,让我们家长放心。"
DA80C6D2799A6B83F201B94A8E4206B28B25B5FE4CD1C268786A8C2E4E8381BF,关于小学暑假书面作业负担和课后辅导压力的反映,"领导您好,我是一名小学生的家长。家里经济条件一般,我文化程度不高,平时辅导孩子作业就比较吃力。这个月是暑假,孩子虽然在家,但书面作业情况已经不符合小学阶段规定的时长要求,我担心学校布置的假期书面作业负担过重。我们以前也听说过,有的地方老师上课不讲重点,课后让家长辅导,辅导不过来就得送辅导班,这对我们这样的家庭来说压力实在太大。希望领导能重视,督促教育部门和学校严格执行书面作业时长规定,合理安排暑假书面作业,不要变相增加家长辅导和经济负担,让孩子能正常休息,过一个健康的暑假。"
9A39113FA6CA9BDE7F5D34304E6238E9222F94FCECD9609B635B59A402412005,关于规范暑期学校课后服务内容与收费的诉求,"领导好,我是一名小学生家长,孩子目前在公办学校读书,不是毕业班。这个暑假学校有课后服务,孩子也参加了。我们夫妻文化水平不高,家里经济条件一般,孩子能有个地方写作业、有人辅导本来是减轻负担的事,但现在最担心的是课后服务能不能真正按规定用来指导作业、开展活动,而不是变成变相补课、讲新课或者另外收取补课费、资料费。以前听说过有老师上课不讲透,课后让家长自己辅导,辅导不了就送培训班,现在培训班少了,像我们这样的家庭更承担不起。希望有关部门加强对学校课后服务内容和收费的监督检查,落实自愿参加和合理收费,让孩子在课后服务时间真正把作业完成、有活动可参加,不增加家长辅导和经济压力。谢谢。"
A3F0E5852230F7FCF978766A01AAB21CE4E3DB0253BE84E9685E774E87754991,关于小学暑假书面作业负担和课后辅导压力的反映,"领导您好,我是一名小学生的家长。家里经济条件一般,我文化程度不高,平时辅导孩子作业就比较吃力。这个月是暑假,孩子虽然在家,但书面作业情况已经不符合小学阶段规定的时长要求,我担心学校布置的假期书面作业负担过重。我们以前也听说过,有的地方老师上课不讲重点,课后让家长辅导,辅导不过来就得送辅导班,这对我们这样的家庭来说压力实在太大。希望领导能重视,督促教育部门和学校严格执行书面作业时长规定,合理安排暑假书面作业,不要变相增加家长辅导和经济负担,让孩子能正常休息,过一个健康的暑假。"
9FFADA0860EAE5EDFD2FA0706F8AB9FF375BFBC6F804232D2AB3C0F15B9F3A7B,关于提升小学课后服务质量、切实减轻家长辅导负担的建议,"领导您好,我是一名小学生家长。孩子就读公办重点小学,家里经济条件一般,我和家人文化程度不高,辅导孩子功课很吃力。现在暑假孩子参加了学校课后服务,但我不清楚具体安排,担心开学后课后服务只是简单看管,不能真正帮助孩子解决学习上的困难。以前常听说有些老师上课不讲透重点,课后让家长辅导,家长辅导不了就送辅导班,现在校外学科培训少了,我们这样的家庭更担心孩子跟不上。希望政府能督促学校把课后服务做实做细,提供作业辅导和学习指导,让老师在学校就把孩子教好,而不是把压力推给家长。这样我们家长也能安心。"
22399369E792AEDF69AEA082CE22FA94F77076EF4DE8485982CD7F25DFF8EBA1,关于孩子暑假书面作业超时的求助,"我们家在西部城镇,家庭条件一般,孩子就读公办普通小学。近期发现孩子的书面作业完成时间没有达到规定要求,经常超过一小时,作为家长很担心。家里大人文化程度有限,辅导起来也吃力,孩子睡得晚,第二天精神不好。希望领导能重视这个问题,督促学校合理布置作业,真正执行减负要求,让孩子在假期有适当的休息和锻炼时间,不要因为作业量影响身体健康和学习兴趣。"
7895E1AECBD97194747371FE2A4B1CC18360212FE561700C144EF222CE8A742B,关于小学暑假书面作业超时影响孩子休息的反映,"领导您好,我是西部某城镇一名小学生的家长。孩子现在读小学,非毕业年级。家里经济条件一般,同住人口多,家长文化程度不高,辅导孩子作业很吃力。这个暑假,孩子的书面作业用时明显超过了教育部门规定的小学书面家庭作业平均完成时间原则上不超过60分钟的要求。我们感觉学校布置的暑假作业可能偏多,孩子每天要花较长时间才能完成,长时间伏案写作业,我们担心会影响视力和学习兴趣。而且假期里我们家长辅导能力有限,孩子遇到难题没人及时指导,作业质量也难保证。听说现在有政策要求学校统筹作业总量、时长和设计质量,加强校内作业指导,并完善课后服务。希望领导能督促学校在开学后严格按照规定控制书面作业量,提高作业设计质量,并利用课后服务时间帮助孩子完成部分作业、进行答疑,真正减轻家长和学生的负担。恳请相关部门核查并协调处理,谢谢!"
D4033B1B956948FC6FFBA455E234D3BB210986AD4500774AFA72287DA1CA7266,关于小学生家庭作业超时影响睡眠的诉求,"我家孩子正在上小学,最近寒假结束准备开学,但这个月作业情况让我们很担心。按照现在的要求,小学这个年级书面家庭作业平均完成时间不应该超过60分钟,可孩子实际每天写作业经常要花更长时间,有时候晚上很晚才能睡。我们家里经济条件一般,我只有高中学历,辅导能力有限,家里人多也顾不上。孩子本来睡眠时间比较充足,现在因为作业拖到很晚,我担心长期这样影响身体和第二天的学习。我们也没给孩子报学科类补习班,这个月也没参加学校课后服务,作业全靠孩子自己完成。孩子不是毕业班,没必要这么紧张。希望领导能重视,督促学校切实控制作业量,让孩子有足够休息时间,也请相关部门核查一下学校作业布置情况,让规定真正落实。"
4481A6B7A5D94EC22A66C6DD99AEEFA364C85DB90B3E0B10FA91ED486838EC8D,"建议加强小学课后服务质量管理,减轻普通家庭负担","我家孩子是一名小学生,目前就读于本地一所普通公办学校。学校提供课后服务以来,我们也给孩子报名参加了。作为家长,我们很支持这项安排,解决了家里接送和辅导作业的困难。但我们心里也有不少顾虑。学校不是重点学校,师资力量本就有限,我们担心课后服务只是简单看管,不能真正提供作业辅导和兴趣活动,孩子在学校多待两小时却收获不大。我们家庭经济条件一般,同住人口多,开销大,很怕课后服务以后会以材料费、活动费等名义收费,加重负担。另外,现在外面学科类培训班减少,我们家以前也没上过,更希望学校课后服务能把作业指导、体育锻炼、阅读等活动做扎实,让孩子在校内就能得到全面发展。希望领导能重视普通学校课后服务的实际质量,加强师资和经费保障,丰富服务内容,严格监督收费行为,让我们家长真正放心。"
A58530E2EC9ABE0DCA560DDB991B87B66DB8009D99A644EC370B2C927FC8B7C6,关于合理控制小学生书面作业量、保障孩子身心健康的请求,"领导您好,我是西部城镇一名小学生家长。家里孩子就读公办小学,家庭经济条件一般,同住人口较多,我们文化程度不高,辅导孩子学习有些吃力。这个暑假孩子没有参加课后服务和校外学科培训,作息比较规律,睡眠也能保证。但我们注意到孩子本月的书面作业情况已经不符合现行小学每天不超过60分钟的要求,虽然不清楚具体是学校布置的还是我们督促学习造成,但明显感觉作业负担偏重,担心开学后作业会更多,影响孩子睡眠和锻炼,也让我们家长辅导压力很大。我们理解减负政策,希望孩子将来能考上大学。恳请领导关注公办小学特别是非示范学校的作业管理,督促学校合理统筹作业量,减少重复性书面任务,留出时间给孩子阅读、运动和休息,也希望能通过校内课后服务或辅导帮助像我们这样没条件报培训班的孩子补齐学业。谢谢。"
2F0AC341A0DDAFF3A77AF94E3BDC1EC65939AC1BAF26692A280FBF44F4FECA80,关于加强小学课后服务内容与作业指导的诉求,"我是西部城镇一名小学生家长,孩子就读公办小学,家庭经济条件一般,我和家人文化程度不高,辅导作业越来越吃力。孩子这个月参加了学校课后服务,按政策要求学校每周应提供5天、每天至少120分钟,内容应多样,但我们担心实际服务偏向看护,作业指导针对性不足,素质拓展有限。以前周边学位比较紧张,我们也担心学校师资和经费跟不上,课后服务流于形式。现在校外学科培训收缩,我们家庭以前也没上过培训班,更希望学校课后服务能真正帮孩子打好基础、提高学习兴趣。恳请相关部门核查并加强对学校课后服务的指导与保障,丰富内容,提升作业辅导质量,让我们家长放心。"
C3ABBBE6BAB620D3F3F534A67D39310D3251AA4E320579D232C878426977518D,关于合理控制小学生书面作业量、保障孩子身心健康的请求,"领导您好,我是西部城镇一名小学生家长。家里孩子就读公办小学,家庭经济条件一般,同住人口较多,我们文化程度不高,辅导孩子学习有些吃力。这个暑假孩子没有参加课后服务和校外学科培训,作息比较规律,睡眠也能保证。但我们注意到孩子本月的书面作业情况已经不符合现行小学每天不超过60分钟的要求,虽然不清楚具体是学校布置的还是我们督促学习造成,但明显感觉作业负担偏重,担心开学后作业会更多,影响孩子睡眠和锻炼,也让我们家长辅导压力很大。我们理解减负政策,希望孩子将来能考上大学。恳请领导关注公办小学特别是非示范学校的作业管理,督促学校合理统筹作业量,减少重复性书面任务,留出时间给孩子阅读、运动和休息,也希望能通过校内课后服务或辅导帮助像我们这样没条件报培训班的孩子补齐学业。谢谢。"
866099F3B0F68276702FA6EB4D661D7477391E0D865B9297EB63F90CD66A81F3,关于提升学校课后服务质量、丰富内容的建议,"我家孩子目前上小学,家庭经济条件一般,我们家长文化程度也不高,辅导作业有些吃力。这个暑假孩子参加了学校的课后服务,我们很感激学校提供了这个便利。但从我们家长的角度看,希望课后服务不只是看管孩子,而是能真正提供多样化的内容,比如作业辅导、兴趣活动等,让孩子在学校就把作业完成,回家能早点休息。我们了解到现在政策要求学校统筹作业总量、加强校内指导,也要求课后服务内容多样,但实际效果还要看学校落实情况。我们担心学校资源有限,课后服务可能比较单一,尤其是像我们这样的普通公办小学,师资和经费不一定跟得上。希望领导能关注一下课后服务的质量,督促学校真正落实政策,保障师资和经费,让我们这些经济条件一般的家庭也能享受到实实在在的课后服务,不让孩子因为家庭条件而落后。"
C197814EE7541128411ABFE9BD4F164AD3CEB8C7DD6659B804D4DB8888DCA4C7,关于合理控制小学生书面作业量、保障孩子身心健康的请求,"领导您好,我是西部城镇一名小学生家长。家里孩子就读公办小学,家庭经济条件一般,同住人口较多,我们文化程度不高,辅导孩子学习有些吃力。这个暑假孩子没有参加课后服务和校外学科培训,作息比较规律,睡眠也能保证。但我们注意到孩子本月的书面作业情况已经不符合现行小学每天不超过60分钟的要求,虽然不清楚具体是学校布置的还是我们督促学习造成,但明显感觉作业负担偏重,担心开学后作业会更多,影响孩子睡眠和锻炼,也让我们家长辅导压力很大。我们理解减负政策,希望孩子将来能考上大学。恳请领导关注公办小学特别是非示范学校的作业管理,督促学校合理统筹作业量,减少重复性书面任务,留出时间给孩子阅读、运动和休息,也希望能通过校内课后服务或辅导帮助像我们这样没条件报培训班的孩子补齐学业。谢谢。"
C25BAAD081EB619458C0A85E1A4B76240C4EB13D6C6E3872ACFDE98B018FBA27,关于提升学校课后服务质量与作业指导的诉求,"领导好,我是西部某城镇一名小学生的家长。孩子上小学,不是毕业班,家里经济条件一般,我和家人文化程度不高,辅导孩子学习比较吃力。这个暑假孩子参加了学校课后服务,我们很感激,但也担心开学后学校课后服务能不能持续、内容实不实用。我们这边以前就出现过学位紧张、入学难的问题,学校资源一直比较紧,课后服务如果只是看管写作业,没有老师指导,孩子回家我们还是不会教。现在书面作业时间虽然符合规定,但我们担心学校只是控制时长,没有真正指导孩子。希望政府能督促学校把课后服务做好,增加作业辅导和兴趣活动,同时继续规范校外培训,别让我们这样的家庭只能花大钱找补习。谢谢!"
4F566B64708335EDAD75E250BFABB4CCC27CFE2BEA732CA03177D08E5A206FDE,关于规范小学衔接年级书面作业时长的请求,"我家孩子在市区一所公办重点小学就读,即将升入衔接年级。最近暑假期间,我注意到孩子书面作业方面出现了一些不符合现行规定的迹象,虽然具体原因还不清楚,但作为家长非常焦虑。孩子每天单程通学时间较长,睡眠一直比较充足,如果开学后作业量控制不好,很可能挤占休息时间。身边有朋友反映,有的学校一年级开学就布置大量抄写任务,孩子根本跟不上。希望教育部门能对重点学校的作业管理加强监督,确保每天书面作业平均完成时间不超过60分钟,不要因为是重点学校就额外加码,让孩子有合理的过渡和充足的休息。"
B9D45495D446A41645E64ECEE1D519AE91E8F131E5D2AE78AAC8BA8EB3F7ECE5,关于小学升学衔接年级作业超时及课后服务的诉求,"领导好。我是中部城镇一名小学生家长,孩子就读公办重点小学,正处在升学衔接年级。这个暑假,学校布置的书面作业明显偏多,孩子每天要花很长时间才能完成,已经超过了规定的一个小时,我们有点担心开学后作业会更重。最近看到国家出台了作业管理、课后服务和校外培训规范的新要求,我们很支持。希望领导能督促学校在新学期严格落实作业时长规定,统筹作业设计,提高作业质量,并利用课后服务时间让孩子在校完成大部分书面作业。孩子学校离家较远,单程上学时间长,如果回家还要写太久作业,确实影响休息和自主阅读。谢谢。"
F70942C191218E2ED527568F15B0E569A5D4DE20FC71E3177FF2640DC76FF793,关于规范小学升学衔接年级书面作业时长的诉求,"领导您好!我是中部某城镇一名小学升学衔接年级学生的家长。孩子就读于公办重点小学,单程通学时间较长。本月寒假结束开学后,我们发现孩子的书面作业完成情况未能符合当前年级规定的时长要求。作为家长,我们担心过重的作业负担会影响孩子的睡眠和休息,尤其孩子处于升学衔接阶段,学习压力本就较大,作业过多可能削弱学习兴趣,甚至导致跟不上。我们理解学校对教学质量的重视,但也希望教育部门能督促学校严格落实作业管理相关规定,科学合理布置书面作业,充分利用课后服务时间提供作业辅导,切实减轻学生回家后的作业压力,保障孩子有充足的睡眠和自主发展空间。恳请领导关注,谢谢!"
D3C95FD1E5C03D90698F22174379A3E264E516AD84C6FDFEC73FC984AF77BDD5,盼加强升学衔接年级课后服务学业指导,"领导您好:孩子现就读于一所公办学校,处于升学衔接年级,每天通学时间较长。目前孩子作业时间能控制在规定范围内,这个月也参加了学校课后服务。作为家长,我们对孩子的学业有较高期望,但之前没有给孩子报学科培训班,现在校外学科培训选择减少,更加依赖学校的教育教学。马上要春季开学了,我们担心课后服务能否真正帮助孩子巩固知识、做好衔接准备,而不是简单看护。希望教育部门能指导学校在课后服务中加强学业辅导和素养拓展,尤其针对升学衔接年级提供有效支持;同时继续统筹好书面作业总量,合理安排课后服务结束时间,避免通学时间长、回家晚影响孩子睡眠和休息。谢谢。"
321D001C18892413DA1A6BD4E8B43B33818A2BAC88D6F9F9097DEFADA4A61737,关于规范小学衔接年级暑假及开学后作业管理的诉求,"领导好,我家孩子即将升入衔接年级,暑假期间参加了学校课后服务。这段时间作为家长发现孩子的书面作业情况与现行规定时长不太相符,虽然不清楚具体原因,但心里有些担忧。之前也听说过周边学校低年级作业量偏多、让孩子抄写过多的情况,怕孩子刚进入新阶段就压力过大,影响睡眠和适应。孩子每天通学时间较长,如果课后服务或假期托管中书面作业超标,回家后更加疲惫。希望教育部门能督促学校严格落实作业管理要求,开学后也合理控制书面作业量,让孩子平稳度过衔接期。"
90929EF127623E9720948E77E21A94EC48F13556D29E11DD27A66C5062F70DA9,关于优化小学课后服务与作业管理的诉求,"我是一名小学生家长,孩子在我区一所公办重点小学即将升入衔接年级。学校离家较远,单程通学时间长,我们非常依赖学校课后服务。目前暑假期间孩子参加了学校课后服务,但开学后能否持续提供、内容是否充实,我们心里没底。身边有类似家庭反映过低年级孩子开学后作业抄写负担重、学习跟不上,我们也很担心。希望区里和学校把课后服务真正做实,不仅保证时间,更要丰富内容、加强作业指导,让孩子在校内完成大部分书面作业,减少回家后的负担。同时,希望老师在布置作业时注重质量,避免机械抄写,适应低年级孩子的年龄特点。恳请领导关注,督促学校落实相关要求,让家长安心工作,孩子顺利适应新年级。"
D200223D8F29CE65AC3948936916BFCCAECF4F0838F625865D48549FF31932DB,关于规范小学衔接年级暑假及开学后作业管理的诉求,"领导好,我家孩子即将升入衔接年级,暑假期间参加了学校课后服务。这段时间作为家长发现孩子的书面作业情况与现行规定时长不太相符,虽然不清楚具体原因,但心里有些担忧。之前也听说过周边学校低年级作业量偏多、让孩子抄写过多的情况,怕孩子刚进入新阶段就压力过大,影响睡眠和适应。孩子每天通学时间较长,如果课后服务或假期托管中书面作业超标,回家后更加疲惫。希望教育部门能督促学校严格落实作业管理要求,开学后也合理控制书面作业量,让孩子平稳度过衔接期。"
2682F3F6B50DFFD2C6D33FC332618CE97EEC3CEC96234E3419293C85A6C538FA,关于提升小学课后服务质量与作业指导的建议,"领导您好。孩子正在读小学升学衔接年级,学校是重点公办,但单程通学时间较长,每天路上花不少时间。这个月孩子参加了学校的课后服务,学校也按规定每天提供至少两小时。不过作为家长,我们比较担心课后服务的内容和质量,尤其是作业指导这一块。孩子马上面临新的学习阶段,如果课后服务只是简单看护,没有针对性的作业辅导和兴趣拓展,孩子回家后可能还要花额外时间补作业,加上通勤时间长,睡眠时间就会受影响。周边也有家长反映过类似顾虑,担心课后服务流于形式,资源没有真正用起来。希望领导能督促学校优化课后服务安排,加强校内作业指导,丰富活动内容,让孩子在校内高效完成作业,减轻家庭负担,也保证孩子有充足休息。谢谢。"
B4957AD02ED88004BCFBEC23D72506CCADFF6FA9DBABB3012FA945E90680835D,关于规范小学衔接年级暑假及开学后作业管理的诉求,"领导好,我家孩子即将升入衔接年级,暑假期间参加了学校课后服务。这段时间作为家长发现孩子的书面作业情况与现行规定时长不太相符,虽然不清楚具体原因,但心里有些担忧。之前也听说过周边学校低年级作业量偏多、让孩子抄写过多的情况,怕孩子刚进入新阶段就压力过大,影响睡眠和适应。孩子每天通学时间较长,如果课后服务或假期托管中书面作业超标,回家后更加疲惫。希望教育部门能督促学校严格落实作业管理要求,开学后也合理控制书面作业量,让孩子平稳度过衔接期。"
2032CE7D428FAFBAFFCB67D1430D0B6B978AC960D28D53D27A4B56A46E27442D,关于新学期课后服务与作业衔接的求助,"领导您好,我们是城镇一名小学家长,孩子今年处于升学衔接年级,就读的是公办学校,但单程通学时间比较长。暑假即将结束,我们最担心的是开学后课后服务和作业安排能不能真正衔接好。孩子目前参加了学校课后服务,学校也按规定提供每周五天、每天至少两小时的服务,但作为家长心里还是没底:课后服务时间到底有没有老师认真辅导作业、帮助孩子适应新年级,还是只是看管?孩子之前书面作业时间虽然符合规定,但升入衔接年级后,我们担心作业量和难度突然增加,尤其希望学校能统筹设计作业,少一些机械抄写,多一些针对性指导。我们之前没有给孩子报过学科类培训班,更依赖学校课后服务。希望领导能督促学校在新学期把课后服务做实,特别是对升学衔接年级的孩子,能在作业辅导、学习习惯衔接和接送时间衔接上多想办法,让我们家长少一些焦虑,孩子也能平稳过渡。"
AD1522384A91D86A98BC0D192F5623430313D253EA6428449E6207FD2FA63FE8,关于小学低年级暑假书面作业负担的反映,"领导好,我家孩子就读公办小学低年级。按当前规定,这个年级不应该布置书面家庭作业,但暑假里我们了解到孩子仍有书面作业任务,需要占用不少时间。我们家庭经济条件一般,外面学科培训班依然不少,我们负担不起,也担心老师把精力放在课外补习上,不参加的孩子会被区别对待。孩子睡眠本来比较充足,现在写作业有时会拖晚。希望领导能督促学校严格执行规定,暑假不布置书面作业,让孩子真正减负,也请关注教师是否存在变相引导补课的情况。谢谢。"
9BEECD592303132050A8175EA943C33ABD17A0CADDF79C7F126587800E5FA8DF,希望开学后能真正减轻作业负担并管好教师补课,"领导您好,我家孩子在我们县一所公办小学上学,家里经济条件一般。暑假里就听说了作业方面的新要求,但孩子这个月的书面作业时间还是让我心里不踏实,担心开学后又回到老样子。以前我们身边也有家长反映,个别老师把心思放在校外补习班上,谁交钱去上就多照顾,不去的孩子容易被晾在一边,作业布置也把握不好,孩子写到很晚,睡眠都顾不上。我们收入不高,没法一直花钱补课,就盼着学校能把政策落实好。眼下快开学了,想请领导帮忙督促学校真正统筹好书面作业总量,别让孩子天天写超时,同时严格管住在职教师办班补课、变相推销校外培训这些事。也希望能把课后服务做扎实,让我们这些家庭少些焦虑,孩子能公平学习,睡眠足一些。谢谢。"
1C0555DA8BA81C914BE7E9137FA13CF68120ED0FE32D9AE43B9D31948E2725B4,关于小学低年级书面作业负担与规范落实的诉求,"我家孩子在上小学,按年级规定原则上不布置书面家庭作业,但这个月孩子的书面作业情况没有符合规定,作为家长很担心孩子负担过重。家里经济条件一般,孩子还在参加校外学科培训,收费不低,压力不小。过去也听说过一些学校低年级作业很多、背诵量大,甚至个别老师把心思放在校外补课上,对没参加的孩子不够上心。希望领导能督促学校严格落实作业规范,真正减轻孩子和家长的负担,也请关注校外培训收费和教师精力问题,让孩子在学校能得到足够关注和辅导。"
B1D101D490BACFFEE08A5CBD684D2C9B5DAB93A7A45469BB52A609D81B840195,关于提升学校课后服务质量减轻家庭校外培训负担的诉求,"领导您好。我是中部城镇的一名小学生家长,家庭经济条件一般,文化程度不高,辅导孩子学习比较吃力。现在孩子上小学,按年级规定原则上不布置书面家庭作业,这个月孩子的书面作业情况也符合规范。但学校课后服务虽然参加了,每天时间不短,我们却担心内容不够扎实,老师指导不细,孩子回家后我们也不会辅导,怕耽误学习。现在校外学科培训少了很多,价格也降了一些,但我们还是不得不给孩子报班,每月支出对家里来说仍是负担。我们听说过以前有老师心思不在课堂、忙着办补习班的情况,现在虽然管得严了,还是怕课后服务只是看管,不能真正解决孩子的学习困难。希望领导能督促学校把课后服务做实,增加作业辅导和学业答疑,提高内容质量,让我们这样的家庭少花钱、少操心,孩子也能在学校得到有效帮助。谢谢。"
F4BAFC63D5743E66A1FCE0F38CE6A0B925CFD1ACABF2CA5500DF471480682FA0,请关注暑假低年级作业和课后服务培训负担,"我是一名小学生的家长,家在县城,孩子不是毕业班。按照现在的要求,孩子这个年级是不布置书面家庭作业的,但这个暑假孩子这边还是出现了书面作业的情况,我们不清楚是学校统一布置的还是课后服务里带来的。这个月孩子在学校参加课后服务,同时我们还在外面给他报了学科补习班,收费跟以前差不多,可对我们这样收入不高的家庭来说压力还是很大。我们文化不高,只希望孩子以后能上个高中或职高,学点本事。现在作业和补习加在一起,晚上还要忙一阵,我们也心疼。听说有的地方老师课上不用心,变相让学生去补课,我们担心孩子也遇到这种情况。恳请领导在暑假期间也关心一下低年级的作业负担和课后服务、校外培训情况,督促学校把规定落实到位,别让书面作业变相回来,也给普通家庭减减负。"
95E5BEFE4055BEAC8AC1F1F02CACEFED2E7D7FF0E9E2B9E0CFB6A13DD67964DF,关于加强课后服务实效减少补课负担的诉求,"领导好,我们是城镇一个普通小学生的家长,孩子上小学,不是毕业班。按照现在规定,这个年级原则上不布置书面家庭作业,这个月孩子作业时间倒也在要求内,我们没有意见。但现在是暑假,孩子还在上学科类补习班,虽然收费比原来降了一些,对我们这样收入不高的家庭还是负担。孩子也参加了学校课后服务,但我们担心课后服务只是看写作业,内容不丰富,辅导不到位。我们文化程度低,教不了孩子,以前也听说过有老师上课不好好讲、课后开班的情况,怕现在课后服务走过场,或者变相让家长送外面补。希望领导督促学校把课后服务真正办好,多安排兴趣活动和作业辅导,让家长不用再额外花钱补课;同时严查老师暗示或要求学生参加校外培训。别让没钱补课的孩子吃亏。"
037948CA10F25CD2CA07EFE9AE424E4B3DF01ACBBB1BCBF8590E00264846DCF7,请关注暑假低年级作业和课后服务培训负担,"我是一名小学生的家长,家在县城,孩子不是毕业班。按照现在的要求,孩子这个年级是不布置书面家庭作业的,但这个暑假孩子这边还是出现了书面作业的情况,我们不清楚是学校统一布置的还是课后服务里带来的。这个月孩子在学校参加课后服务,同时我们还在外面给他报了学科补习班,收费跟以前差不多,可对我们这样收入不高的家庭来说压力还是很大。我们文化不高,只希望孩子以后能上个高中或职高,学点本事。现在作业和补习加在一起,晚上还要忙一阵,我们也心疼。听说有的地方老师课上不用心,变相让学生去补课,我们担心孩子也遇到这种情况。恳请领导在暑假期间也关心一下低年级的作业负担和课后服务、校外培训情况,督促学校把规定落实到位,别让书面作业变相回来,也给普通家庭减减负。"
E7924910315C7CCB8DEC21C2AAD7A3BD57FC20DFCA443DA312921062C1BCA254,关于课后服务提质和减轻校外培训负担的诉求,"领导好,我是小学低年级孩子的家长。家里条件一般,我们也没什么文化,就盼着孩子能好好在学校学点东西。现在学校按规定不留书面作业,我们理解是为了孩子减负,但放学后孩子没事干,只能花钱上补习班。虽说现在培训费降了点,但对我们低收入家庭还是不小负担。学校有课后服务,孩子也参加了,但感觉课后服务更多是看管,没怎么辅导功课,孩子学习上不会的还是不会,所以我们才继续在外面补课。恳请领导能督促学校把课后服务办得实在一些,增加作业辅导和答疑,让孩子在学校就能把学习问题解决,我们就不用额外花钱补课。也请加强对在职教师的管理,别让课堂讲不透,课后才补,避免不补课的孩子受冷落。孩子是我们全家的希望,谢谢领导!"
C5B67BCE8A7903C512C6B4E39F950BEE374A3FD8C914928D1DE4DD90F50BE5CC,请关注暑假低年级作业和课后服务培训负担,"我是一名小学生的家长,家在县城,孩子不是毕业班。按照现在的要求,孩子这个年级是不布置书面家庭作业的,但这个暑假孩子这边还是出现了书面作业的情况,我们不清楚是学校统一布置的还是课后服务里带来的。这个月孩子在学校参加课后服务,同时我们还在外面给他报了学科补习班,收费跟以前差不多,可对我们这样收入不高的家庭来说压力还是很大。我们文化不高,只希望孩子以后能上个高中或职高,学点本事。现在作业和补习加在一起,晚上还要忙一阵,我们也心疼。听说有的地方老师课上不用心,变相让学生去补课,我们担心孩子也遇到这种情况。恳请领导在暑假期间也关心一下低年级的作业负担和课后服务、校外培训情况,督促学校把规定落实到位,别让书面作业变相回来,也给普通家庭减减负。"
197E28787DD7309C1E7697C49644ADE20D6627F7BCEB06B892ABA4991509CA0C,盼学校课后服务能真正辅导孩子功课,"我家孩子上小学,现在年级按规定不布置书面家庭作业,我们理解减负,但家里大人文化不高,辅导不了功课。以前都是省吃俭用给孩子报校外补习班,现在外面培训班少多了,费用虽然降了些,但对我们这样的家庭还是不小负担。这个暑假孩子参加了学校课后服务,我们很感激,可更盼着开学后课后服务能真正把作业辅导和答疑做好,而不是只把孩子看着。希望领导督促学校保证课后服务时间,安排负责任的老师帮孩子把当天功课弄明白,别让课后服务走形式。我们最怕老师课上不好好教,课后又让家长自己想办法。如果学校课后服务能抓好,我们就不用再额外花钱补课,孩子也能早点回家,不用折腾。"
1727BF823FE04E60A05F50FE09FE5FD0AA0F870BD8395FA4C1C8FC0323FD98C7,关于规范乡村小学暑假书面作业管理的请求,"领导您好,我是西部乡村一名小学生的家长。孩子所在学校是公办学校,家庭经济条件一般,我和家人文化程度不高,辅导作业比较吃力。这个暑假,孩子带回来的书面作业明显偏多,有时候一写就超过一个小时,不符合小学生书面作业原则上不超过60分钟的要求。孩子平时睡眠时间比较充足,但假期作业一多,晚上也得赶,我们看着着急又帮不上太多。我们担心开学后老师还会要求家长批改讲解,把教学责任推给家长。乡村家庭很多老人带孩子,更没法辅导。希望领导能督促学校严格执行作业管理规定,控制书面作业总量,别让假期变成第三学期,让孩子能真正休息好,也减轻我们家长的负担。"
E3A17B8BD1A92996BF06E43E8AE23D14E7C774EA1464621A64D77477571CE756,反映农村小学暑假作业负担过重问题,"尊敬的领导,我是西部农村一名小学生的家长。这个暑假,孩子的书面作业明显偏多,每天要写很长时间,超过了规定的一个小时。我们家里人多,经济条件一般,我和家人文化水平有限,辅导孩子很吃力。现在最担心的是学校把批改和讲解任务推给家长,我们根本胜任不了。孩子睡眠时间还算充足,但白天基本被作业占满,没有多少活动时间。希望领导能关注农村学校作业管理,督促合理布置作业,加强老师指导,别让家长变成“助教”,让孩子能正常休息和成长。"
D5030113C19471E61E827E0734106E667A6E87A649097919F9C9A9BB1BC7DE64,"乡村小学作业辅导难,盼减轻家长负担","我是一名西部乡村的小学生家长。家里孩子多,我们两口子文化水平不高,辅导作业很吃力。这个月孩子的书面作业时间没有达到规定要求,我们看着着急又帮不上忙。以前常听身边人说,有的学校老师让家长批改讲解作业,我们文化低根本胜任不了。家里经济不宽裕,为了孩子不掉队,只能继续给他报学科培训班,费用和以前差不多,负担还是重。孩子这学期没参加学校课后服务,课后没人管学习。马上要开学了,心里很发愁。希望领导能重视乡村学校的作业管理和课后辅导问题,让老师真正负起教学责任,别把压力都转给我们家长。也希望能有更实惠、更有效的校内课后辅导,减轻我们农村家庭的负担。"
26240F214F4396FA3A9C21E1D014851FDC94888D98618111037A9F16D1595D88,关于农村孩子课后作业辅导与课后服务的求助,"领导好,我是一名农村小学生的家长。马上春季开学了,我家孩子目前没有参加学校课后服务,我们大人文化程度不高,家里能辅导学习的人少,很担心开学后作业辅导跟不上。过去常听说作业批改讲解都推给家长,我们实在没能力辅导,现在学科培训也不参加了。希望领导重视农村学校课后服务的落实和覆盖,督促学校利用课后服务时间给孩子提供作业辅导和看护,真正减轻我们农村家长的负担,让孩子能安心学习。"
5325547A0E2898EC4BCEE4F37990FB24B35F7FC2E7AB96624182C962A7918DC0,"农村孩子暑假作业负担重,家长辅导难盼关注","领导好,我是西部农村的一名小学生家长。我们文化程度不高,家里人口多,收入也紧,但一直盼着孩子能考上大学。这个暑假,孩子书面作业明显偏多,经常一写就是大半天,我们看着心疼又使不上劲。我们做家长的很多题只会看答案,不会给孩子讲方法,孩子越写越急,我们越教越乱。为了不让孩子落下,我们还给他报了学科辅导班,费用对我们来说不轻松。我听说有的地方老师还把批改作业的事交给家长,农村学校师资也紧张,像英语这样的科目有时都没人教。我们怕开学后作业还是这样,家长被迫当“助教”,孩子学习负担减不下来。希望领导能重视农村孩子的作业量和家长辅导难问题,督促学校合理布置作业,真正把教学责任担起来,也帮我们减轻课外培训的经济压力。"
8AB07F523502B4BDA22057AC4CAE745EEBE84DBBDE4E316391AA18FD926FF594,关于农村小学课后服务与作业辅导的期盼,"我家孩子在农村小学读书,家里条件一般,我们两口子文化水平都不高,辅导作业经常力不从心。现在校外学科培训班少了,我们也没给孩子报,更担心开学后作业没人辅导。孩子之前没参加过学校课后服务,我们不清楚具体能提供什么,也不知道能不能真正辅导作业、开展一些活动。马上要开学了,希望领导能督促农村学校把课后服务办好,安排老师在校内多指导孩子完成作业、答疑解惑,不要又把批改讲解都推给家长;同时也让孩子有一些阅读、体育、兴趣活动。农村学校老师数量不多,也请领导保障好师资,不然课后服务容易只是看孩子,起不到作用。我们做家长的没什么文化,只盼孩子能学得明白,请求领导重视。"
9B916B6A67553C5EA1824A6531F67AAAAD6CA1FC11329A17655FD7E674F387BE,"农村孩子暑假作业负担重,家长辅导难盼关注","领导好,我是西部农村的一名小学生家长。我们文化程度不高,家里人口多,收入也紧,但一直盼着孩子能考上大学。这个暑假,孩子书面作业明显偏多,经常一写就是大半天,我们看着心疼又使不上劲。我们做家长的很多题只会看答案,不会给孩子讲方法,孩子越写越急,我们越教越乱。为了不让孩子落下,我们还给他报了学科辅导班,费用对我们来说不轻松。我听说有的地方老师还把批改作业的事交给家长,农村学校师资也紧张,像英语这样的科目有时都没人教。我们怕开学后作业还是这样,家长被迫当“助教”,孩子学习负担减不下来。希望领导能重视农村孩子的作业量和家长辅导难问题,督促学校合理布置作业,真正把教学责任担起来,也帮我们减轻课外培训的经济压力。"
A1DCC19FF2D09C602D595C6A9AB4730E12121A0898CF1BC9753973A67279734E,关于农村小学课后服务与作业辅导负担的诉求,"我是西部农村一名小学生的家长,家里孩子多,经济条件一般,我本人只读到初中。现在暑假快结束了,孩子本月作业虽然不多,但我心里很发愁。我们身边以前就有老师让家长批改讲解作业的情况,很多外出打工或文化不高的家庭根本做不到。现在学科类培训班也基本停了,我们更指望学校能真正把孩子教好、辅导好。学校说课后服务每天两小时,可我们没参加,也不清楚是只看着孩子还是真有老师答疑。希望领导关注农村小学课后服务的实际质量,督促学校利用课后时间做好作业指导和答疑,别再把批改讲解推给家长,让我们这些文化不高的农村家庭也能安心。"
8F9B7F1A1FB3D1CD9FA864FD0D90E5BCA8461AB00E15C85AD179F6D93E4A3E22,"农村孩子暑假作业负担重,家长辅导难盼关注","领导好,我是西部农村的一名小学生家长。我们文化程度不高,家里人口多,收入也紧,但一直盼着孩子能考上大学。这个暑假,孩子书面作业明显偏多,经常一写就是大半天,我们看着心疼又使不上劲。我们做家长的很多题只会看答案,不会给孩子讲方法,孩子越写越急,我们越教越乱。为了不让孩子落下,我们还给他报了学科辅导班,费用对我们来说不轻松。我听说有的地方老师还把批改作业的事交给家长,农村学校师资也紧张,像英语这样的科目有时都没人教。我们怕开学后作业还是这样,家长被迫当“助教”,孩子学习负担减不下来。希望领导能重视农村孩子的作业量和家长辅导难问题,督促学校合理布置作业,真正把教学责任担起来,也帮我们减轻课外培训的经济压力。"
E078D6183DCBD786DAF76043B81C60E4909761A055865BAEF7D604A52202127C,关于农村小学课后服务辅导质量的诉求,"领导好,我是西部农村的一名小学生家长。我家孩子读小学,家里条件一般,我们大人文化都是初中水平,辅导作业很吃力。以前常听周边家长说,老师让家长批改讲解作业,我们只会答案不会方法,孩子还是不懂。现在虽然政策要求作业不超过60分钟,孩子这个月作业时间看起来也合规,但我们很担心开学后作业压力又回来,或者作业少了但老师还是把辅导任务推给家长。学校有课后服务,但我们没有参加,因为不清楚里面是不是真的有人辅导作业、开展活动,还是只把孩子关在教室里。孩子已经不上学科培训班了,外面培训班也少了很多,农村孩子想补课没地方去。希望领导能督促学校把课后服务真正办好,让老师在校内指导孩子完成作业,不要让我们这些文化不高的家长再被逼着当老师,让孩子能跟上学习。谢谢。"
E3E8FC0892FBFED44349EF12DEB8520C89B7A18379D173B9C22B447DCE8A11F4,关于非重点初中课后服务与减负的诉求,"领导您好,我是东北城镇一名初中生家长。孩子就读公办非重点初中,学校离家远,单程通学时间长,我们夫妻都在上班,接送和辅导都很吃力。以往听身边家长说,初三孩子假期补课花费很高,一到初中补课更普遍,我很担心开学后孩子不补会掉队,可我们文化不高、下班也晚,实在没能力辅导。希望政府能推动学校加强课后服务,比如提供晚自习或有老师答疑的托管,让孩子在校内完成作业、解决疑难,减少对校外培训的依赖,也减轻我们这样的双职工家庭压力。同时请继续规范隐形学科培训,别让普通家庭被裹挟着花钱。谢谢领导。"
E0CE6C91F41D3C60BC5DB07836AFB2DE4FFC66A896FC5F63BBBC12BE84E99046,关于课后服务与作业指导落实的诉求,"我家孩子正在读初中,不是毕业班,但我们双职工家庭,平时工作忙,家离学校又远,孩子单程通学时间长。以前孩子参加过校外学科辅导,现在看到新政策在规范培训,我们很支持,但也担心开学后孩子放学早、我们接不了,作业辅导我们也力不从心。希望政府能督促学校把课后服务真正做起来,时间上能衔接家长下班,内容上不只是看管,能有作业指导和答疑,让孩子在校内尽量完成作业。同时,对于学科培训的规范,请继续加强监管,防止隐形涨价和变异培训,让我们普通家庭不因政策调整而增加新的负担。"
78B3644768461A7A8F7ABE7B2B968BD88C320AE66A52BC0531BE2949C97531B6,关于初中课后服务与作业时间安排的建议,"领导您好。我家孩子在城镇一所公办初中读非毕业年级,学校离家较远,单程通学时间长。我们夫妻都在上班,家里人手少,时间很紧。孩子这个月书面作业时间符合规定,也参加了学校课后服务,但作为家长很担心春季开学后,课后服务结束时间偏晚,加上通学和校外补课,孩子回家后几乎没有自由休息时间,可能影响睡眠和第二天状态。我们支持课后服务,但希望学校能尽量让孩子在校完成书面作业,课后服务多安排答疑辅导,别把作业带回家;同时合理控制课后服务结束时间,给远途孩子留出回家吃晚饭和休息的余地。另外,孩子还在上校外学科培训,费用没降多少,家庭时间压力很大,也希望有关部门能继续规范校外培训收费和时长,别让课后服务成了“加时赛”。请领导关注我们这类普通双职工家庭的负担,让政策真正减轻孩子和家长的压力。"
35E5F98F0BBDA7B020FB7D38C7A6DB1BF1C915E41681E47C8CC3DAA22204A9E8,关于提升课后服务质量减轻家庭负担的建议,"领导您好。我家孩子正在读初中,学校离家较远,我们两口子都上班,接送和辅导时间很紧张。这个学期孩子参加了学校课后服务,书面作业量也控制在规定时间内,家庭负担有所减轻。但我们也发现,现在校外学科培训虽然少了,价格也降了,可孩子成绩中等,我们担心光靠学校课后服务不够。孩子学校不是重点,老师精力有限,课后服务内容如果只是看管写作业,难以针对孩子的薄弱科目进行辅导。我们以前看到身边不少家庭花高价补课,现在政策好了,但我们更希望学校课后服务能真正提质增效,增加个性化辅导和兴趣活动,让孩子在校内就能学足学好,减少我们对校外培训的依赖。恳请领导关注学校课后服务的实际质量,加强师资保障和内容监管,别让政策好经被念歪了。谢谢。"
98B694E53CD9F9F8E56A4267C50F2671D799BD12079E40B350AC5E212FEAE9F0,关于暑假课后服务与校外培训负担的建议,"领导好,我是一名初中生家长,家住东北城镇,夫妻俩都要上班,家里没有其他大人能帮忙照看,暑假里孩子一个人在家实在不放心。这个假期孩子参加了学校的课后服务,我们很感激,但服务内容比较单一,时间也短,下午早早就回家了,我们只能继续让他参加校外学科培训班,不然没人看管也没人辅导。现在校外培训收费不低,我们虽然收入还可以,但也是一笔不小的开支,加上每天接送和单程通学时间长,我们实在有些吃力。希望领导能关注双职工家庭假期看护难题,能否让学校课后服务在暑假适当延长一点时间,增加些体育锻炼、阅读和兴趣活动,让孩子能在学校待得久一些,我们也不必非得花高价去外面补课。这样既能减轻家庭经济和时间压力,也能让孩子假期过得更充实、更安全。谢谢领导!"
71D4D00CBDF57E9CEA6B597D986CE15C5FB5EB7B94D890D98673DF4893078882,请加强初中课后服务的作业辅导和学业指导,"领导您好。我家孩子读初中,学校离家较远,单程时间长。我们夫妻都上班,家里老人不在身边,每天能陪孩子的时间很有限。以前孩子一直上校外补习班,现在按政策要求停了,我们支持规范,但心里确实没底,怕孩子学业跟不上。这个假期孩子参加了学校的课后服务,每天两个小时,我们很感激,但担心课后服务能不能真正帮孩子把作业弄懂、把基础打牢。希望领导能关注我们这样双职工家庭的难处,督促学校在课后服务里加强作业辅导和答疑,最好能针对孩子薄弱科目给些指导,让课后服务不只是看管,而是真正有质量。谢谢。"
40A84A889364A73944F28CC986E7172973AEE3D209DFFC7DD904F873B73ED4C6,关于暑假课后服务与校外培训负担的建议,"领导好,我是一名初中生家长,家住东北城镇,夫妻俩都要上班,家里没有其他大人能帮忙照看,暑假里孩子一个人在家实在不放心。这个假期孩子参加了学校的课后服务,我们很感激,但服务内容比较单一,时间也短,下午早早就回家了,我们只能继续让他参加校外学科培训班,不然没人看管也没人辅导。现在校外培训收费不低,我们虽然收入还可以,但也是一笔不小的开支,加上每天接送和单程通学时间长,我们实在有些吃力。希望领导能关注双职工家庭假期看护难题,能否让学校课后服务在暑假适当延长一点时间,增加些体育锻炼、阅读和兴趣活动,让孩子能在学校待得久一些,我们也不必非得花高价去外面补课。这样既能减轻家庭经济和时间压力,也能让孩子假期过得更充实、更安全。谢谢领导!"
9EDF98BDD8FCE542B0E729472D48B75AE5322C6D8C4FDB99A6C82842322A4D82,希望加强初中课后服务作业辅导与接送衔接,"领导您好。我家孩子在公办初中读书,学校不是重点,每天上下学路上时间比较长。我们夫妻俩都上班,家里能搭把手的人少,下班后很难再辅导孩子作业。以前孩子上过校外补习班,现在我们已经停了,支持规范校外培训,但心里确实焦虑:孩子学习上遇到不会的,家里没人能讲,学校课后服务虽然每天都参加,可感觉更多是照看,老师很少能针对薄弱学科答疑。希望政府能督促学校把课后服务内容做得更实,加强作业辅导和学科答疑,不要流于看管。同时恳请考虑我们双职工家庭的实际困难,课后服务结束时间尽量和下班时间衔接,减轻接送负担。我们这样普通学校师资和经费有限,希望上面能多支持,让孩子在学校里尽量解决学习问题。"
FE2DEF370FB4089B88981DCC3CC789A4BAB927D5941CF21D78C97372CB1F5063,关于暑假课后服务与校外培训负担的建议,"领导好,我是一名初中生家长,家住东北城镇,夫妻俩都要上班,家里没有其他大人能帮忙照看,暑假里孩子一个人在家实在不放心。这个假期孩子参加了学校的课后服务,我们很感激,但服务内容比较单一,时间也短,下午早早就回家了,我们只能继续让他参加校外学科培训班,不然没人看管也没人辅导。现在校外培训收费不低,我们虽然收入还可以,但也是一笔不小的开支,加上每天接送和单程通学时间长,我们实在有些吃力。希望领导能关注双职工家庭假期看护难题,能否让学校课后服务在暑假适当延长一点时间,增加些体育锻炼、阅读和兴趣活动,让孩子能在学校待得久一些,我们也不必非得花高价去外面补课。这样既能减轻家庭经济和时间压力,也能让孩子假期过得更充实、更安全。谢谢领导!"
0B7F8EB0390EA5F15E2E0584B9833B6CB99F21BD9A86E5331801491866CCDABA,关于暑期课后服务内容与质量的建议,"领导您好,我是本地一名初中生家长,孩子开学上初二,这个暑假参加了学校课后服务。我们两口子都在上班,家里没人照看,学校能提供课后服务确实解决了大问题。但实际参加下来,感觉服务内容还比较单一,主要就是看着孩子写作业,老师辅导不够细致。孩子以前在校外补课,现在停了,我们家长文化不高,初中数学、英语已经辅导不了,心里很着急。孩子每天通学时间长,路上折腾,回家再想补也累。希望学校课后服务能真正加强作业指导,老师能针对孩子不会的题目讲一讲,而不是只维持纪律。也希望作业设计能更用心,虽然现在书面作业时间符合规定,但质量更重要。我们愿意配合学校,但确实能力有限。恳请领导关注初中课后服务质量,让像我们这样的双职工家庭安心工作,孩子也能学有所获。"
A8EA99D81A9F0F15EDB52AE4499E566F5B3B9DF3C5B2A6ED377F77AC15D13B27,关于开学后小学作业负担与教师有偿补课的担忧,"领导您好,我是一名小学生家长,孩子就读于公办小学,家庭条件一般,我们两口子都在打工,平时能辅导孩子的时间有限。现在暑假期间,孩子作业量还符合规定,但看到同省其他家长反映,有的学校到了期末作业特别多,一年级孩子都要写到晚上十来点,写不完还要被点名批评;还有老师在校外办补习班,不去的学生就得不到关注,我们很担心开学后自己孩子也会遇到类似情况。孩子正处在打基础的关键阶段,老师如果把精力过多放到补习班上,课堂教学质量就会打折扣。希望教育部门能在开学前后加强暗访和监督,督促学校真正落实不给低年级学生布置书面家庭作业的要求,同时严查在职教师有偿补课,让老师把心思放回课堂。我们家长文化程度不高,就盼着孩子能在学校学好,请领导多费心。"
F5FB082F203417E745F24D8C236B4C37A371D1CC54C31BF91FBC20BF6CFCC997,关于开学后落实作业减负和课后服务的请求,"领导好,我是一名小学生家长,孩子在我家附近的公办小学读低年级。按政策低年级原则上不布置书面家庭作业,可我们心里没底。以前经常听说本地有些学校低年级作业特别多,孩子写到晚上十来点,写不完还挨批评,有的老师还在外办补习班,对去的孩子才上心。现在马上要开学,新的作业管理和课后服务要求刚出来,我们最怕学校还是老样子。我们夫妻都上班,家里老人帮不上太多,经济条件一般,就指望学校课后服务能真正把孩子管好,辅导完作业,开展点兴趣活动,自愿参加,别变成变相补课或乱收费。希望教育部门开学后多到学校暗访、抽查,尤其看看低年级作业量和课后服务质量,发现违规及时纠正,别让好政策停在纸上。孩子睡眠一直还行,我们不想因为作业和课后没人管,又回到每天焦虑的日子。谢谢领导。"
50DAD631299ED1F714759CE89271CF1D26EEBE9B15091FB14EA2994EFA2EAF6D,建议加强对低年级作业负担和教师行为的监督,"我家孩子是公办小学低年级学生,按现行规定这个年级原则上不布置书面家庭作业。这个月我们感受到的情况还算平稳,但心里还是不踏实。身边不少家长有过类似经历,临近期末或者开学后,老师布置的作业会突然变多,孩子写到很晚,写不完还要被点名批评。还有家长反映一些老师在外面开补习班,对不去补习的孩子不闻不问,把精力放在课外。我们家经济条件一般,父母都要上班,没有太多时间盯作业,如果开学后作业负担反弹或老师变相要求,我们很难应对。孩子参加了学校课后服务,希望课后服务能真正用于完成校内任务或开展有益活动,而不是变成加课。恳请教育部门在开学前后加强对学校的暗访和监督,确保低年级不布置书面家庭作业的规定落实到日常,关注教师是否存在变相增加作业或违规补课问题,让孩子们能安心上学。"
55A89625DF8E651467070CAADD6D6544A42A3D2B10CFBD93BC4BC843AD642EC4,关于小学课后服务和作业管理的建议,"领导您好,我是中部地区一名小学生家长。孩子现在读的年级,按照规定原则上不布置书面家庭作业,我们家孩子目前作业量符合要求。但作为家长还是有些担心,因为身边有家长反映过以前作业多的情况,怕学校变相布置作业或者用其他方式增加孩子负担。现在学校有课后服务,孩子也参加了,但我们不知道课后服务里到底有没有老师辅导作业、开展活动,还是只是简单看管。我和孩子爸爸都在上班,文化水平不高,辅导孩子学习比较吃力,很希望孩子能在学校把作业完成、得到老师指导,减轻我们家庭的压力。希望教育部门能多到学校暗访,检查作业和课后服务的实际落实情况,让好政策真正落地,让我们家长放心。"
939105BDF02C2BCE62850AC7B5D4C5B5476C1B4F2F6E9B548390C42D7D922146,关于监督小学低年级作业和课后服务的请求,"领导好,我是中部城镇一名小学生家长。孩子今年暑假的书面作业符合规定,我们暂时松了一口气。但以往同省一些学校低年级作业量过大,一年级孩子写到晚上十来点,写不完还要被点名批评,我们一直很担心。我和孩子爸爸都在上班,文化程度不高,辅导作业确实吃力。孩子平时参加了学校课后服务,希望这项服务能切实解决双职工家庭的照看困难,不要变成变相加课或布置额外作业。马上要开学了,恳请教育部门开学后多到学校暗访检查,督促学校严格落实低年级不布置书面家庭作业的规定,规范课后服务,让孩子们能睡够、学踏实。"
19FF54B3CBB029AC6CB0506E594B092BC250EA6DEFEBECDCEB73A6785FA4E271,"开学在即,请加强学校作业和课后服务监督","我家孩子在县城一所公办小学上学,不是毕业班。我们两口子都在打工,文化不高,家里条件一般,孩子没上过外面学科补习班,就指望学校老师把课上好。现在暑假快结束了,马上要开学,我心里很发愁。身边有不少家长反映,低年级以前有作业写到很晚的情况,还有老师上课不认真、暗示学生去自己办的班。虽然这个月孩子作业量看着正常,也参加了学校课后服务,但我担心开学以后学校又加码,课后服务只是把孩子圈在教室里,不辅导、不答疑,甚至变相收费或讲新课。我们家长也没多少时间辅导,经济上也不允许报班,如果学校不抓好课堂和课后服务,孩子学业就跟不上。希望领导在开学后多安排暗访,重点看看低年级有没有违规布置书面家庭作业,课后服务有没有真正用来辅导作业和开展活动,也查查老师有没有在校外办班、课上不讲课后讲。请帮我们普通家庭守住学校这个主阵地,让孩子能在校内学足学好。"
93A75DFA82F4EAB92627F0B8FAF27349D1C8EE61074B26FC7392720EA32AD18E,关于监督小学低年级作业和课后服务的请求,"领导好,我是中部城镇一名小学生家长。孩子今年暑假的书面作业符合规定,我们暂时松了一口气。但以往同省一些学校低年级作业量过大,一年级孩子写到晚上十来点,写不完还要被点名批评,我们一直很担心。我和孩子爸爸都在上班,文化程度不高,辅导作业确实吃力。孩子平时参加了学校课后服务,希望这项服务能切实解决双职工家庭的照看困难,不要变成变相加课或布置额外作业。马上要开学了,恳请教育部门开学后多到学校暗访检查,督促学校严格落实低年级不布置书面家庭作业的规定,规范课后服务,让孩子们能睡够、学踏实。"
F41D97011E880CB6EB61111374AF2B74CE1406E6CBA5C55BFC282B02F66FDDE7,关于学校课后服务质量和作业负担的担忧与建议,"领导您好,我是中部一个城镇的小学生家长,孩子开学后继续上公办小学。我们夫妻都上班,家里条件一般,自己文化程度不高,辅导孩子作业很吃力。孩子现在参加学校课后服务,最近作业量也符合规定,我们感到欣慰。但我们也担心:以前听说同省有学校作业多到孩子写到很晚,还有老师在外办补习班、对不去的学生不关心。现在校外学科培训少了,我们更指望学校。希望教育部门多暗访、多监督,别让课后服务变成集体补课或单纯看管,真正做好作业辅导和兴趣活动,公平对待每个孩子,让孩子回家能早点休息。"
2DB8028D20F8D262ED569DA01E75736F964348AD396AA43E056630235586A097,关于监督小学低年级作业和课后服务的请求,"领导好,我是中部城镇一名小学生家长。孩子今年暑假的书面作业符合规定,我们暂时松了一口气。但以往同省一些学校低年级作业量过大,一年级孩子写到晚上十来点,写不完还要被点名批评,我们一直很担心。我和孩子爸爸都在上班,文化程度不高,辅导作业确实吃力。孩子平时参加了学校课后服务,希望这项服务能切实解决双职工家庭的照看困难,不要变成变相加课或布置额外作业。马上要开学了,恳请教育部门开学后多到学校暗访检查,督促学校严格落实低年级不布置书面家庭作业的规定,规范课后服务,让孩子们能睡够、学踏实。"
DE0C53EE526699014DB0012A101F88B3DF73C4AB25AFE0B7E9285315DB3FA863,关于加强学校课后服务监管防止变相补课的诉求,"领导好,我是一名小学生家长,孩子这个暑假在学校参加课后服务。我们双职工家庭,平时没时间辅导,学校提供托管本来很高兴。但心里总不踏实,以前听说过有学校作业留得多、老师在外办班,现在虽然管得严了,可我们担心课后服务变成变相上课或补课,孩子回家还要写一堆作业,反而更累。希望教育部门能多暗访抽查,看看课后服务到底在干什么,定期向家长公开安排,保证自愿参加、内容多样,不要讲授新课,多些阅读、体育和兴趣活动。我们文化不高,只盼孩子能公平学习,别因为家里条件差就被落下。"
1CE39ED4B6C66C81C73D2B1E5A8EB47B6DCB3C261C074BC52EDA91D7446D749D,关于减轻小学生暑假书面作业负担的诉求,"领导您好,我是一名小学生的家长。孩子这个月书面作业完成情况不符合规定的时长,我们感觉作业负担偏重,孩子经常要花很长时间写,担心这样下去影响睡眠和身体。我们家庭条件一般,家长文化水平也不高,辅导作业很吃力。希望相关部门能督促学校合理控制书面作业总量,多布置一些阅读、运动、家务劳动等实践类任务,让孩子假期能劳逸结合,健康成长。"
341192A38A33FBA6414CA5591144E8FEE1362DB1E0F79FB2866642ED5435ACFF,关于减轻小学生暑假及开学后书面作业负担的诉求,"领导好,我是西部城镇一名小学生的家长。孩子就读公办小学,家庭条件一般,我们文化水平不高,辅导作业很吃力。这个暑假,孩子每天写书面作业的时间明显超过规定的一个小时,有时要花很长时间才能完成,我们看着心疼,也担心开学后作业更多。我们了解到现在有要求学校统筹作业总量、加强校内指导,但不知道学校是否已经落实。我们希望领导能督促学校真正把作业减下来,减少机械抄写,多布置一些阅读、实践、动手类的任务,让孩子有时间锻炼、休息和发展兴趣。同时,我们也希望学校能利用好课后服务时间,让孩子尽量在学校完成作业,老师能给予指导,这样我们家长也能安心。孩子将来能上个高中或职校就行,我们不求他成为尖子生,只希望他健康快乐地成长。请领导关注我们普通家庭的难处,谢谢。"
55DF596560D8C31F369D0D462F0B66DE7FD9DAEF72E4496F87F3EAC98D06AE5A,关于小学生书面作业时长规范的诉求,"我是一名西部城镇的小学生家长。孩子目前参加学校课后服务,但我们了解到本月书面作业情况没有达到小学阶段规定的不超过60分钟的要求。我们家庭经济条件一般,我文化程度不高,晚上辅导孩子作业很吃力,担心作业时长可能偏长,影响孩子睡眠和第二天的学习。希望相关部门能核查学校作业布置情况,督促学校把书面作业平均完成时间控制在规定范围内,适当增加实践类、动手动脑的任务,让孩子有充足的休息时间,健康成长。"
FCBC3D253B61A745A0D8F5FC9897E23F9BB1B8071278FA211FB3CB6C74EC793D,关于提升课后服务质量和作业指导的诉求,"领导好。我是西部一个普通家庭的小学生家长,孩子目前在公办学校上学,这个月也参加了学校的课后服务。我们家里经济条件一般,我文化程度不高,辅导作业很吃力。现在学科类校外培训收缩,我们也没有给孩子报过班,所以特别希望学校的课后服务能真正帮到孩子。新学期马上要开学了,我们担心课后服务只是把孩子集中看管,或者变成变相补课。之前在省内听说过有的学校班额大、老师教非所学,影响教学效果,我们担心这些情况也会影响课后服务的质量。希望相关部门能督促学校把课后服务做实,安排足够的、对口的老师,优先把书面作业指导好,再安排一些体育、动手实践、阅读等活动,不要让孩子把大量作业带回家。这样我们家长也能安心,孩子睡眠和锻炼也能保证。谢谢领导关心。"
4AA062B216B0C48BC26CB9B42951CC9EF8C6102701E0BA67C5EA0428506E8F9B,关于小学生暑假作业负担及课后服务实效的反映,"领导您好,我是一名小学生的家长。孩子就读公办小学,我们家庭条件一般,文化程度不高,辅导作业很吃力。这个暑假孩子参加了学校课后服务,但每天书面作业还是不少,常常写很久,我们担心可能超过了小学阶段规定的作业时间。虽然孩子睡眠时间还算充足,但作业占用了太多本应休息和锻炼的时间。希望相关部门能督促学校严格落实作业管理要求,减少机械重复的书面作业,多布置一些实践类任务。同时,能否让课后服务更有针对性,帮助孩子在校内完成大部分作业,减轻家长负担。谢谢。"
6EDA5D647C7EF00E69FA4399614CC52CF6AE2FA8CCFD4C09A7A58DAF308FD2D2,关于暑期课后服务内容单一与师资保障的请求,"领导好,我是孩子家长。今年暑假学校提供了课后服务,孩子也报名参加了,我们很感谢政府为家长解决看护难题。但孩子反映,每天在学校主要是写作业或者自己玩,内容比较单调,缺少体育、艺术、科普这类活动。我们家庭条件一般,家长文化也不高,很希望学校能把课后服务做得更丰富些,让孩子能多接触一些兴趣活动。同时也担心学校老师本身工作已经很忙,暑期课后服务会不会只是简单看管,或者安排非专业老师临时带活动,那样效果就大打折扣了。如果课后服务涉及收费,也请领导关注一下,对我们这种低收入家庭能否给予减免或补助。希望相关部门能督促学校把课后服务的内容和质量抓起来,真正让孩子受益。"
77B36161CD70B406E892CCA45ECEB7C98F9E2513057A557B31EF531C0A0802B4,关于小学生暑假作业负担及课后服务实效的反映,"领导您好,我是一名小学生的家长。孩子就读公办小学,我们家庭条件一般,文化程度不高,辅导作业很吃力。这个暑假孩子参加了学校课后服务,但每天书面作业还是不少,常常写很久,我们担心可能超过了小学阶段规定的作业时间。虽然孩子睡眠时间还算充足,但作业占用了太多本应休息和锻炼的时间。希望相关部门能督促学校严格落实作业管理要求,减少机械重复的书面作业,多布置一些实践类任务。同时,能否让课后服务更有针对性,帮助孩子在校内完成大部分作业,减轻家长负担。谢谢。"
C109BC0C8DEB92083D52E7C7ACEFD9FF08CD4795208CA3919A0D377FA9C46370,关于提升学校课后服务质量的期盼,"我是西部城镇一名小学生的家长,家里经济条件一般,我们文化程度不高,辅导孩子作业很吃力。孩子目前在学校参加课后服务,作业量也符合规定,这一点我们很感激。但我们最担心的是课后服务停留在看管和写作业,缺少实践、阅读、体育和兴趣活动;也担心学校资源有限,让不是对应专业的老师临时应付,孩子得不到有效指导。我们以前没给孩子报过学科类培训班,现在外面的培训也少了,学校课后服务就成了我们最主要的依靠。孩子平时睡眠比较充足,希望不要因为课后服务或作业安排被挤占。恳请领导督促学校把课后服务做扎实,在假期和开学后都能保证内容多样、老师相对专业,多安排动手动脑的实践类活动,真正减轻我们这种低学历、低收入家庭的压力。"
8777E58E91A42D84A70E81E0B794D36461646331A82DCA9E0E3F5BAE80676916,关于小学生暑假作业负担及课后服务实效的反映,"领导您好,我是一名小学生的家长。孩子就读公办小学,我们家庭条件一般,文化程度不高,辅导作业很吃力。这个暑假孩子参加了学校课后服务,但每天书面作业还是不少,常常写很久,我们担心可能超过了小学阶段规定的作业时间。虽然孩子睡眠时间还算充足,但作业占用了太多本应休息和锻炼的时间。希望相关部门能督促学校严格落实作业管理要求,减少机械重复的书面作业,多布置一些实践类任务。同时,能否让课后服务更有针对性,帮助孩子在校内完成大部分作业,减轻家长负担。谢谢。"
CA61BA018609200D8BF6734A265415E891A4A7B8E77B1705F3DEACD5ECBF2757,关于提升学校课后服务质量的请求,"我是西部城镇一名小学生家长,家里条件一般,自己文化不高,孩子暑假在学校参加课后服务,确实解决了我们白天看护和辅导的难题。但我也担心,如果课后服务只是老师看着写作业或放视频,孩子得不到真正有益的锻炼。我们这里学校资源不算好,老师数量可能有限,更怕课后服务流于形式。希望领导能督促学校把课后服务内容安排好,多开展阅读、体育、动手实践等活动,配备合适的老师,不要变相补课或增加作业负担,让孩子在假期既能安全看护,又能开阔眼界。"
2511C435775D7E0F17B8DB197A5EE78BCF1E4E20E56AB6563550A1650B7F14D0,关于农村升学衔接孩子暑期学习和学校资源保障的请求,"领导您好,我是西部农村一名初中升学衔接阶段学生的家长。家里经济条件不好,我和孩子妈妈文化程度也不高,暑假里孩子基本只能完成学校布置的作业,没有能力报辅导班。虽然作业量看起来不算多,但我们农村学校不是重点,好老师、好学生往外流的情况让人担心。听说同省有些学校之前承诺的奖励后来没有兑现,我们心里更没底。孩子马上要进入关键衔接期,可学校师资和条件有限,我们怕开学后跟不上,以后升学更难。希望领导能多关注农村非重点学校的办学质量,增加优质师资,最好能提供免费或公益的暑期衔接辅导和心理疏导,让孩子能公平竞争,顺利升学。"
A20E89E661E427D11F0896F2F4C3FB828FE11BE715D9BEDEFE3F43971E926B43,关于恳请加强乡村初中课后服务保障的诉求,"我是西部乡村一名初中生家长,孩子秋季进入升学衔接年级。家里经济条件有限,我和家人文化程度不高,辅导不了功课。现在要求学校统筹作业总量、加强课后服务,我们很期盼。但担心乡村学校师资和经费不足,课后服务难以真正开展,孩子放学后无人管理,作业问题依然存在。我们这里优秀教师外流多,教育质量本来就弱,孩子想考大学,只能靠学校。希望政府能督促学校把课后服务做实,配足专业教师,尤其增加作业辅导和心理疏导,让孩子在校内得到有效指导,减轻我们农村家庭的负担。另外,校外培训我们上不起,学校课后服务就是最大的依靠,希望不要流于形式。"
13E8CC99C12D1D0B23AE509F6D92A2852A6C484E9F8C7C5B1E3DB4C802EA42C8,"恳请加强乡村学校课后服务,减轻我们补课负担","领导您好,我是西部农村一个初中生的家长。孩子正处在升学衔接年级,家里经济条件不好,人口多,负担重。为了孩子能考上高中,我们只能省吃俭用报校外学科培训班,收费跟以前差不多,实在吃力。孩子这个月的作业时间倒是在规定范围内,但学校课后服务我们没参加,听说主要是看着做作业,对升学帮助不大。我们这里好老师留不住,学校升学率也不高,心里很着急。希望领导能督促学校把课后服务真正办起来,安排老师给升学衔接的孩子补差培优,或者提供免费辅导,让我们这些困难家庭不用额外花钱。另外,以前有学校承诺的奖励和减免学费,希望能落实到位,别让家长和孩子失望。"
A47D5DEA6AFE17A67B4034F0CAE9C2AB935BCD90C8958A26FAC5DBE30CFD47DD,关于提升乡村初中课后服务质量的求助,"领导好,我是西部农村的一名初中学生家长,孩子正处在升学衔接的关键年级。我们村上的公办学校条件一般,不是重点学校,师资也比较紧张。这学期开始,学校按照要求每天提供课后服务,我们也让孩子参加了,作业量基本在规定范围内,校外培训的收费也比以前低了些,这些我们是认可的。但作为家长,心里还是着急。感觉目前课后服务还是以看管为主,真正有针对性的学习辅导和心理疏导比较少,孩子到了这个阶段,学习压力大,我们家长文化不高,辅导不了,家里人多,经济上也不宽裕,只能勉强维持一个校外培训班。现在外面的培训班少了,选择面窄,我们担心孩子光靠学校课后服务不够,又怕培训班不正规。希望能加大对乡村非重点学校课后服务的指导和支持,多派一些有经验的老师或者专业心理老师下来,让课后服务真正变成有用的辅导,帮孩子平稳度过升学关。谢谢。"
9BBC0F2DB6C3AD3B30B0F2D676FB2D223F4497B0969BFB31C8433E5CACC3F603,乡村初中生升学衔接阶段校外培训负担重盼支持,"领导您好。我是西部乡村一名初中学生的家长,家里经济条件不好,孩子今年处在升学衔接年级,暑假还在上学科类校外培训,收费和以前相比没降,家里负担很重。孩子学校是普通公办初中,我们一直担心本地优秀教师和学生外流的情况会影响孩子学校,害怕开学后校内教学跟不上,只能咬牙花钱补课。孩子本月没有参加学校课后服务,假期也没有校内托管或公益辅导,我们农村家长文化不高,辅导不了。希望领导关注乡村初中教育,加大对普通学校的投入,留住好老师,落实课后服务和假期公益学习支持,让孩子在校内就能学好,减轻我们这样的家庭在校外培训上的压力。谢谢。"
470C81C03FCCD4030F03786A6E19534BD9B691A3ECA62B69A34A89CF1778525F,关于减轻农村升学衔接年级学生校外培训负担的建议,"各位领导,我是西部农村一名初中生家长。孩子秋季就要升入关键年级,我们心里很着急。家里收入不高,但为了孩子不掉队,这个暑假还是报了学科培训。现在培训费比以前降了些,可对我们这样人口多、负担重的农村家庭来说,还是不小的压力。孩子这个月既参加学校课后服务,又参加校外培训,我们担心他身体和心理都吃不消。更发愁的是,我们这边乡村学校好老师留不住,教学质量和城里差距大,课后服务如果只是看护写作业,对升学帮助有限,家长只能继续花钱补课。我们也不了解孩子心里想什么,村里孩子眼界窄,到了青春期容易受不良风气影响,特别需要专业的心理辅导。希望政府能多给农村学校派一些好老师,把暑假课后服务做得更实在,增加学业辅导和心理关怀,同时继续管好校外培训,让我们这样的家庭能少一点补课依赖,孩子也能安心升学。"
8270AE46D358E106CBB85F64B1B502A773E96647F417F529607721A76A0AFEFD,乡村初中生升学衔接阶段校外培训负担重盼支持,"领导您好。我是西部乡村一名初中学生的家长,家里经济条件不好,孩子今年处在升学衔接年级,暑假还在上学科类校外培训,收费和以前相比没降,家里负担很重。孩子学校是普通公办初中,我们一直担心本地优秀教师和学生外流的情况会影响孩子学校,害怕开学后校内教学跟不上,只能咬牙花钱补课。孩子本月没有参加学校课后服务,假期也没有校内托管或公益辅导,我们农村家长文化不高,辅导不了。希望领导关注乡村初中教育,加大对普通学校的投入,留住好老师,落实课后服务和假期公益学习支持,让孩子在校内就能学好,减轻我们这样的家庭在校外培训上的压力。谢谢。"
4823C54BFDAA6C81ED59A1647270FEB896BE14B75CDF4F71E84D4A38735DD3AE,关于提升乡村初中课后服务质量减轻校外培训负担的诉求,"我是西部乡村一名初中生的家长,孩子正处在升学衔接年级。家里经济条件不好,尽管现在学科类培训收费降了一些,但孩子暑假还在参加,对我们来说负担仍然不轻。学校课后服务我们也让孩子参加了,可担心乡村学校师资有限,内容比较单一,缺少针对性的学业衔接和心理辅导。我们这里不少初中生有心理压力,家长文化不高,不知道怎么引导。希望政府能督促学校利用暑假和课后时间,增加专业老师特别是心理老师,提供有针对性的辅导,减少我们对校外培训的依赖,减轻家庭负担。"
E64F39A3B2565A282C0AB384DC7175C9760E38FEA7BCB3CD1362797B6E3E03DD,乡村初中生升学衔接阶段校外培训负担重盼支持,"领导您好。我是西部乡村一名初中学生的家长,家里经济条件不好,孩子今年处在升学衔接年级,暑假还在上学科类校外培训,收费和以前相比没降,家里负担很重。孩子学校是普通公办初中,我们一直担心本地优秀教师和学生外流的情况会影响孩子学校,害怕开学后校内教学跟不上,只能咬牙花钱补课。孩子本月没有参加学校课后服务,假期也没有校内托管或公益辅导,我们农村家长文化不高,辅导不了。希望领导关注乡村初中教育,加大对普通学校的投入,留住好老师,落实课后服务和假期公益学习支持,让孩子在校内就能学好,减轻我们这样的家庭在校外培训上的压力。谢谢。"
9B45EDCAE0BF016DBF759892DC14078C40B52BA6F1C385B2048D51EAD45CF3C2,"农村初中生课后服务盼提质,减轻升学家庭负担","我是一名农村初中生的家长,孩子马上要升入关键年级,我们家庭条件不好,我文化也不高,辅导不了学习。现在学校有课后服务,孩子也参加了,每天时间也够,但我们就怕农村学校老师少、质量跟不上,课后服务只是看着写作业,起不到补差培优的作用。所以我们虽然心疼钱,还是给孩子报了校外培训,好在现在收费比以前规范些,负担轻了点,但对我们这样的家庭还是吃力。希望领导能重视农村初中的课后服务,特别在升学衔接阶段,多配一些好老师,能在课后给孩子真正辅导功课,最好也能有心理老师关注孩子压力,这样我们就不用额外花钱补课,孩子也能安心在学校学。另外也盼着农村学校能留住好老师、好学生,别让升学越来越难。"
2D665BD4226D490970DAC0076AA4A074A95FBFE3F55AAF2A84818BD71AB91585,农村小升初学生暑假作业负担问题求助,"领导您好,我是一名农村小学生的家长,孩子九月份就要升入初中了。这个暑假我发现孩子的书面作业情况不太符合现在年级规定的时长,心里很着急,担心作业量偏多,孩子每天要花很长时间,影响休息和身体。我们家经济条件一般,我文化程度也不高,辅导不了孩子,只能看着他着急。孩子平时上学路就远,现在暑假本应适当放松,如果作业负担太重,孩子压力太大,怕他开学后没精神。希望领导能关注一下,督促学校按照教育部门的规定合理布置作业,让孩子负担轻一点,保证充足睡眠,健健康康地进入初中。"
0AFBDB3ABE502EAF9F2E155F4BEF85D03AE5364B169AB80047839B92F4157CA0,"请求督促学校落实作业减负和课后服务,减轻农村家长负担","领导您好,我是一名东部农村小学生的家长,孩子正处在升学衔接年级,就读的是一所公办学校,家离学校比较远,单程要花不少时间。我文化程度不高,初中没毕业,辅导孩子作业很吃力。我们家经济条件一般,也没法给孩子报辅导班,只能靠学校。最近我发现孩子这个月的书面作业完成时间好像超过了规定的一个小时,孩子每天睡眠时间虽然不短,但为了写作业还是经常要写到很晚,我们看着心疼又没办法。我知道现在上面要求学校统筹作业总量、加强校内指导,还要求完善课后服务,自愿参加、时间衔接,但我们这里感觉落实得还不够,课后服务的内容和时间也不确定,孩子回来还是带一堆作业。我们非常希望学校能真正把作业量控制住,提高作业质量,少一些重复抄写,让孩子在校内课后服务时间就能把作业完成,回家能轻松一点。这样我们家长也能少些焦虑,孩子也能有更多时间休息和锻炼。我们家长期望孩子将来能考上大学,改变命运,但如果从小就被作业压垮了,哪还有后劲?恳请领导关注农村孩子的实际困难,督促学校把好政策落到实处,减轻我们家长的负担,谢谢。"
29FA14BFBE6A17CE9C65D0375F54C8119CC3C7439A64CFF1A6FFC1381B9CCEBE,关于减轻小学生作业负担和提供课后服务的请求,"领导您好,我是东部某乡村小学一名六年级学生的家长。孩子正处在升初中的关键阶段,最近感觉孩子书面作业时间不太稳定,有时明显超过规定的一小时,完成起来比较吃力,影响休息。我们家庭条件一般,我和孩子妈妈文化水平不高,辅导作业很吃力。孩子学校离家远,单程要很长时间,放学回家已经很晚,再写作业压力很大。孩子这学期没有参加学校课后服务,如果能让孩子在学校课后服务时间完成大部分作业,回家就能轻松些。恳请领导关注乡村学校作业管理和课后服务覆盖问题,督促学校严格落实作业时间规定,并为有需要的家庭提供课后服务,减轻家长负担,让孩子健康成长。"
36A3719B8A4D050D53CD3C7AD62FF02B21EFD204D40B900B8DD805C047FE5B28,关于农村小学高年级作业负担与课后服务的建议,"领导您好,我是东部乡村一名小学高年级孩子的家长。孩子马上要升初中,我们文化水平不高,辅导功课很吃力。寒假期间看到孩子书面作业时间似乎超过了规定,我们很着急。虽然孩子参加了学校的课后服务,但感觉作业并没有减少,有时还要带回家继续写。我们担心这样下去孩子身体吃不消,也会影响学习兴趣。政策一直要求控制作业总量、加强校内指导,希望领导能督促学校真正落实,提高课后服务质量,让孩子尽量在学校完成作业,给我们农村家庭减轻一些负担。"
81747959D50E7FB3087A629B59A4E5520148D1E626922D3257673DBF75857E31,乡村升学衔接家庭作业负担与课后服务求助,"领导好,我是东部乡村一名普通学生的家长。孩子正在公办小学读升学衔接年级,马上要面对新的学习阶段。我们家经济条件一般,我和家人文化程度不高,辅导孩子作业很吃力。这个暑假里,孩子的书面作业情况出现了不符合规定时长的现象,我们既着急又无奈。孩子单程上学要花不少时间,放学回家后还要长时间写作业,我们担心影响他休息和身体,也怕他跟不上新阶段。我们家庭此前没有给孩子报过学科辅导班,主要靠学校。现在孩子没有参加学校课后服务,我们希望在开学后学校能提供课后服务,帮助孩子在校完成作业,减轻家庭辅导压力。也请领导督促学校严格落实书面作业时长规定,不要让乡村孩子因为家庭条件限制而掉队。如果课后服务涉及收费,恳请考虑对经济困难家庭给予减免或补助。谢谢领导关心。"
2694011A74CB0AEC6197D2B19DA1B5E7B4D493A1359D82C723F35AED133D6A05,农村孩子作业负担和课后服务问题,"领导好,我是东部农村一名小学生家长,孩子马上要升初中了。家里经济条件一般,我们文化也不高,辅导不了作业。学校离得远,孩子每天路上花不少时间。这个暑假学校有课后服务,孩子也参加了,但最近发现书面作业明显超过规定的一个小时,经常写到很晚,影响睡眠。我们担心长期这样孩子身体吃不消,也影响学习兴趣。课后服务时间虽然长,但作业还是带回家,家长又不会教,心里很着急。希望领导能关注农村学校作业管理和课后服务质量,真正减轻孩子负担,让我们家长少些焦虑。"
302593226D42831A7256633599EC0D8CF12F5836F611B82F5335E4721D18C9FC,乡村升学衔接家庭作业负担与课后服务求助,"领导好,我是东部乡村一名普通学生的家长。孩子正在公办小学读升学衔接年级,马上要面对新的学习阶段。我们家经济条件一般,我和家人文化程度不高,辅导孩子作业很吃力。这个暑假里,孩子的书面作业情况出现了不符合规定时长的现象,我们既着急又无奈。孩子单程上学要花不少时间,放学回家后还要长时间写作业,我们担心影响他休息和身体,也怕他跟不上新阶段。我们家庭此前没有给孩子报过学科辅导班,主要靠学校。现在孩子没有参加学校课后服务,我们希望在开学后学校能提供课后服务,帮助孩子在校完成作业,减轻家庭辅导压力。也请领导督促学校严格落实书面作业时长规定,不要让乡村孩子因为家庭条件限制而掉队。如果课后服务涉及收费,恳请考虑对经济困难家庭给予减免或补助。谢谢领导关心。"
C1B4BD4C6852BB97ABFF718A707E77EFBF96FC7FDE2074DC11997979C7669F97,乡村孩子参加课后服务后书面作业仍超时盼统筹,"领导好。我家在东部大区农村,孩子读小学,秋季就要升入衔接年级。我们夫妻文化不高,家庭经济也一般。这个暑假孩子按照学校安排参加了课后服务,每天在学校要待不短的时间,村里到学校单程又远,接送挺吃力。可这个月孩子的书面作业情况还是不符合小学不超过60分钟的要求。我们担心课后服务的时间没有真正用来辅导和统筹作业,孩子回家还要写到很晚。以前孩子睡眠时间还算充足,就怕开学后作业继续这样,休息都保证不了。我们支持课后服务,也支持规范校外培训,但希望领导能督促学校把课后服务时间用好,老师在校内指导孩子完成大部分书面作业,别让课后服务成了摆设;对农村学校多给些师资和经费支持,别让像我们这样不会辅导的家长只能干着急。请领导多关心农村孩子的实际负担。"
3E8B0F599533D722BAE5B2D2A23B8027BFE3EAC5D1DD0172E80D3609788C03FC,乡村升学衔接家庭作业负担与课后服务求助,"领导好,我是东部乡村一名普通学生的家长。孩子正在公办小学读升学衔接年级,马上要面对新的学习阶段。我们家经济条件一般,我和家人文化程度不高,辅导孩子作业很吃力。这个暑假里,孩子的书面作业情况出现了不符合规定时长的现象,我们既着急又无奈。孩子单程上学要花不少时间,放学回家后还要长时间写作业,我们担心影响他休息和身体,也怕他跟不上新阶段。我们家庭此前没有给孩子报过学科辅导班,主要靠学校。现在孩子没有参加学校课后服务,我们希望在开学后学校能提供课后服务,帮助孩子在校完成作业,减轻家庭辅导压力。也请领导督促学校严格落实书面作业时长规定,不要让乡村孩子因为家庭条件限制而掉队。如果课后服务涉及收费,恳请考虑对经济困难家庭给予减免或补助。谢谢领导关心。"
D571E876774FC6F00558BBC64579D3B4142091252A9EC00CD9DFE5DEC5871B37,关于农村小学高年级作业负担与课后服务的诉求,"领导您好,我是东部农村一名小学生的家长,孩子今年秋季面临小升初,就读的是公办普通小学,上学单程时间比较长。暑假里孩子参加了学校组织的课后服务,但我们感觉书面作业的压力仍然不轻,本月孩子在家的书面作业时间没有控制在规定范围内,我们感到负担比较重。我们两口子文化水平有限,辅导起来很费劲。课后服务虽然每天都开,但更多是看护,没有真正帮孩子把作业写完或者答疑,孩子回家后还要在作业上花不少精力。我们担心这样下去会压缩孩子的户外活动和休息时间。希望领导能督促学校严格落实作业统筹要求,把书面作业控制在规定时长内,同时提升课后服务质量,安排老师进行作业辅导和答疑,减轻我们农村家庭的经济和辅导压力,让孩子能健康过渡到初中。"
DE78797462AA8D1D11548286535038F2ADE9D61870849F4B35E187205CADE1D4,关于控制暑假作业量并就近入学减轻接送负担的建议,"领导您好。我们是西部城镇的普通家庭,孩子马上要升入高年级,父母都在上班,每天接送已经比较吃力,单程要花不少时间。这个暑假,学校布置的书面作业明显偏多,孩子完成作业的时间超过了规定的一个小时,我们文化程度不高,辅导不了,只能干着急。孩子平时睡眠时间比较长,现在作业超时,我们很担心影响他长身体和休息。希望领导能督促学校按规范控制作业量,让孩子假期能喘口气。另外,孩子升学在即,我们家庭照护时间紧,希望就近入学政策能真正落实,让孩子能在家附近的学校就读,我们接送也方便些。孩子是我们的希望,家里条件一般,就盼着他能平平安安读书,将来有个一技之长。望领导给予考虑为谢。"
1B4E2DDBE415DE3CE3187C09B7938FA6F46E3EA2FC1881BE0E9B91BEEC406C94,"孩子暑假作业过多,希望领导督促学校减负并办好课后服务","领导您好,我是一名学生家长,孩子马上要升入衔接年级。这个假期孩子的书面作业明显偏多,经常要写一个多小时甚至更久,超过了规定的一小时。我们两口子文化程度不高,辅导不了,每天上班时间又紧,学校离家远,接送很不方便。听说现在要求学校统筹作业总量、提高设计质量,还要完善课后服务,自愿参加、时间衔接。希望领导能关注我们这类普通家庭,督促学校严格落实作业时长规定,把课后服务办好,让孩子在学校完成大部分作业,减轻家长负担。孩子是我们的希望,我们不想他被作业压垮,望领导给予考虑为谢!"
E4B94C4DD93E220EBAD68FBECF037D0B5A13475C52874CFFCAC7281794D79038,关于小学升学衔接年级作业负担与课后服务的求助,"领导好。我家孩子在公办小学读升学衔接年级,学校离家较远,我们夫妻都要上班,时间很紧,孩子这学期没有参加课后服务。最近感觉孩子回家写作业时间偏长,担心开学后书面作业可能超过规定时长,影响休息和升学准备。我们文化程度不高,辅导作业吃力。希望领导能督促学校严格落实作业管理要求,同时完善课后服务,让孩子在校完成作业,减轻家庭负担。"
C19E7F0131D959EAE3B08817E00A3C48BBF752F4409162C1DC308C65290C619C,关于小升初阶段课后服务与就近入学衔接的诉求,"领导您好,我是西部城镇一名六年级学生家长。我们夫妻双方都在上班,家庭时间很紧,接送孩子一直比较吃力。孩子学校离家较远,单程通学时间长,这个月参加了学校课后服务,但我们担心课后服务的内容和质量还跟不上,放学时间衔接仍有困难。家里经济条件一般,没有能力给孩子报校外培训,现在外面学科培训也少了,孩子马上面临小升初,我们更担心他进入初中后学习吃力。听说往年有些地方还存在选拔考试和划片调整,家长孩子都很焦虑。希望领导关注我们这样的双职工、经济条件一般的家庭,在小升初划片时尽量考虑就近入学,减少通勤负担;同时督促学校把课后服务做实,延长有效服务时间,增加作业辅导和阅读、体育等内容,真正帮我们解决后顾之忧。谢谢。"
2D2E24BB148D375CE86DA6076062CD924E3006DA3699CC12E3F766F0A9E7FE7C,关于孩子升学衔接阶段作业负担的反映,"我是一名普通家长,孩子正处在小升初衔接阶段。我们两口子都在外打工,家里条件一般,文化程度也不高,晚上回家晚,能辅导孩子学习的时间很少。这个暑假,我们发现孩子在家做书面作业的时间明显超过了规定的一小时,经常写到很晚。孩子平时睡觉时间长,现在觉不够睡,白天没精神。我们也没钱给孩子报辅导班,孩子遇到不会的题,我们干着急使不上劲。孩子马上要上初中,我们担心作业一直这么多,他身体吃不消,也怕他产生厌学情绪。我们不指望孩子将来考多好,能顺利升学、健康长大就行。希望领导能关注一下,让学校按作业时间要求布置作业,别把压力都压在孩子和家长身上。如果可能,也请考虑我们双职工、没人帮忙接送的实际困难,在孩子升学划片时尽量安排就近入学,减少路上的折腾。"
D9836D5F703D1208C9C867015B66F0D4C636F8CA9B4C927B8A15CE615BF7FCD7,小升初划片就近入学与接送困难求助,"孩子今年小升初,马上要升初中了。我们夫妻都在上班,家里没有老人帮忙,现在每天接送已经比较吃力,单程在路上要花不少时间。孩子目前在学校参加课后服务,帮我们解决了下午接送的很大难题。但是马上要升初中,我们很担心如果被划到离家远的学校,接送会更困难,孩子自己上下学又要转车,安全也不放心。希望领导在初中入学划片时能考虑我们这类双职工家庭的实际情况,尽量安排就近入学,或者让初中也能有和小学一样方便的课后服务,放学时间和家长下班时间衔接上。我们经济条件一般,没上过校外培训班,就盼着孩子能安稳上学,将来有个高中或职高读。孩子睡眠一直比较足,也希望初中别因为路远天天早起,影响身体和学习。请领导关心一下我们这样的普通家庭,谢谢。"
4E9CF8E03014B8549AB64DB59ED07B831FAF26FBA3F9EAA11BD9178B7E5943B4,关于孩子升学衔接阶段作业负担的反映,"我是一名普通家长,孩子正处在小升初衔接阶段。我们两口子都在外打工,家里条件一般,文化程度也不高,晚上回家晚,能辅导孩子学习的时间很少。这个暑假,我们发现孩子在家做书面作业的时间明显超过了规定的一小时,经常写到很晚。孩子平时睡觉时间长,现在觉不够睡,白天没精神。我们也没钱给孩子报辅导班,孩子遇到不会的题,我们干着急使不上劲。孩子马上要上初中,我们担心作业一直这么多,他身体吃不消,也怕他产生厌学情绪。我们不指望孩子将来考多好,能顺利升学、健康长大就行。希望领导能关注一下,让学校按作业时间要求布置作业,别把压力都压在孩子和家长身上。如果可能,也请考虑我们双职工、没人帮忙接送的实际困难,在孩子升学划片时尽量安排就近入学,减少路上的折腾。"
799B75F6D9603BD0902C5EE86112BD9788BEFAD451905FE4BE8A3C9FB676DEC3,关于升学衔接阶段就学和课后服务保障的求助,"我的孩子正处于升学衔接年级,暑假后就要升入初中。我们家住城镇,经济条件一般,我和孩子爸爸都在上班,下班较晚,家里没有老人能长期帮忙,接送孩子一直很困难。现在孩子的小学离家就比较远,单程通学时间长,升入初中后我们担心学校划片更远,孩子自己上下学不安全,我们接送也更吃力。目前学校课后服务要求每周五天、每天至少两小时,暑假里孩子也参加了学校的课后服务,但开学后初中能不能继续落实、内容是否丰富、老师能不能认真辅导,我们心里没底。另外,我们家收入不高,之前也没给孩子报过学科类补习班,现在校外培训管得严,我们更希望学校能把作业辅导和课后活动做好,让孩子在学校就能完成作业、得到指导,这样我们也能安心工作。孩子成绩一般,但我们希望他至少能读到高中,将来有个出路。恳请领导在初中划片和课后服务安排上多为我们这样的普通家庭考虑,尽量让孩子就近入学,把课后服务真正落实到位,减轻我们接送和辅导的压力。"
B478833B37658E2A42CEB43AE730B4773968D34D095A624546BEFF3585C0DAD9,关于孩子升学衔接阶段作业负担的反映,"我是一名普通家长,孩子正处在小升初衔接阶段。我们两口子都在外打工,家里条件一般,文化程度也不高,晚上回家晚,能辅导孩子学习的时间很少。这个暑假,我们发现孩子在家做书面作业的时间明显超过了规定的一小时,经常写到很晚。孩子平时睡觉时间长,现在觉不够睡,白天没精神。我们也没钱给孩子报辅导班,孩子遇到不会的题,我们干着急使不上劲。孩子马上要上初中,我们担心作业一直这么多,他身体吃不消,也怕他产生厌学情绪。我们不指望孩子将来考多好,能顺利升学、健康长大就行。希望领导能关注一下,让学校按作业时间要求布置作业,别把压力都压在孩子和家长身上。如果可能,也请考虑我们双职工、没人帮忙接送的实际困难,在孩子升学划片时尽量安排就近入学,减少路上的折腾。"
DAD13C0DEAF5EF827A2E8C0120391D169CBD8D7CBDAB0359FFCAC12123E9E418,关于小升初就近入学和课后看护衔接的诉求,"领导您好,我是西部城镇一名普通家长,孩子正处在小学升初中的衔接阶段。我们夫妻都在上班,家里老人帮不上忙,每天接送已经很吃力。孩子现在的学校离家远,单程要花不少时间,早上出门早,晚上回家也晚,我们一直担心孩子睡眠不够、路上不安全。这个暑假学校提供了课后服务,孩子也参加了,能让我们稍微安心一点。可马上要升初中,我们最怕的是划片结果又不就近。如果初中也离家远,课后服务时间再衔接不上,我们双职工家庭实在没办法天天按时接。我们收入不高,也没给孩子报过什么校外培训班,只盼着孩子能在家门口上学,放学后能在学校写作业、参加一些活动,等我们下班再接。希望领导在制定入学划片和课后服务安排时,能多考虑我们这种经济条件有限、接送困难的家庭,让孩子真正就近入学,课后服务时间能跟我们下班时间衔接上。"
60EA7451F15A2B1A3ABCD7E560753734FFA5EC6F8543C71634181686B1E00E21,关于减轻小学生家长非教学负担的请求,"领导好,我是一名小学生家长。孩子就读公办学校,离家近,平时作业时间基本符合规定。但我们家庭经济条件一般,我自己文化程度也不高,辅导孩子已经很吃力。快开学了,心里很担心学校又把大量填表、复印、打印、评比等任务布置给家长。我们不是不配合,实在是有心无力。希望教育部门能引导学校尽到教书育人的责任,不要把非教学负担转嫁给家长,让孩子在学校完成主要学习任务。恳请领导重视,加强监管,真正给家长减负。"
8BAFC95776931CDCBEB4D7EB83780C86180353652A83D84514E701A4076A0529,"希望学校课后服务真自愿,别给家长增加负担","领导好,我是一名小学生家长,家里条件不好,我们家长文化都不高,辅导孩子学习很吃力。马上要开学了,听说学校要开展课后服务,我们很需要,但最担心的是嘴上说自愿,到班上又变成统一参加,或者另外收钱。希望上级能盯着学校,课后服务一定坚持自愿,不能强制,也不能变相收费,我们这样的家庭真的承受不起。另外,孩子在课后服务时间里,希望老师能多辅导一下作业,不要又把打印、填表、做手工这些事推给家长,我们实在不会弄,也怕耽误孩子。学校作业虽然现在控制得还行,但新学期也请继续统筹好,别给家长布置作业。"
EBB1615F3429B4B36D469800101AB59D0B8E0BC8FE825AB5502827BE012E4098,关于请求加强学校课后服务普惠性、减轻低收入家庭教育负担的建议,"领导好,我是一名小学生家长,家庭经济条件不好,我和孩子妈妈文化程度也低,辅导孩子作业很吃力。孩子现在上小学,这个月没有参加学校课后服务,我们担心开学后孩子放学没人管,作业不会做也没人教。我们听说学校有课后服务,但可能收费不低,我们这样的家庭负担不起。希望政府能督促学校提供免费或低收费的课后服务,让孩子放学后能在学校把作业写完,老师能帮忙辅导,这样我们家长也放心,不用天天为作业发愁。另外也希望老师不要给家长布置太多打印、打卡之类的任务,我们实在应付不来。请领导关心一下我们这些低收入家庭的孩子,让他们也能享受到好的课后照顾。谢谢!"
50D29CB8DC6AF221BB494D7978336C793F84DBD366E941E2754F47B93388096D,关于进一步提升小学课后服务质量并减轻家长负担的诉求,"领导您好,我是本地一名小学生家长。孩子目前在公办小学就读,家庭经济条件一般,我们两口子文化程度不高,辅导作业比较吃力。这个月孩子参加了学校的课后服务,我们很支持这项安排,但也有些担心:一是课后服务会不会只是简单看管,老师能不能真正指导孩子完成作业,内容是否丰富;二是学校会不会以课后服务名义收取费用或者让家长购买材料,增加我们的负担;三是时间衔接能不能贴合家长下班,别让我们接孩子还是困难。希望政府能督促学校落实自愿原则,保障师资和经费,把课后服务做实做好,真正帮我们解决后顾之忧,不要变成变相补课或给家长派任务。"
4BE6C1FBD8858A7904B35673D2892ABDE88C3019D341B3AD6A0C5D15B4A74962,"希望新学期减轻家长负担,加强学校课后服务","领导好,我是一名普通公办小学的学生家长。暑假期间孩子的作业没有出现过多的情况,但我们担心开学后作业量会增加,而且老师可能让家长承担批改、打印等任务。我们家庭条件一般,家长文化水平不高,辅导孩子很吃力。孩子目前没有参加学校课后服务,希望新学期学校能提供课后服务,加强校内辅导,减少家长额外负担。希望学校合理安排作业,保证孩子有足够睡眠。恳请领导关心普通学校家长的困难。"
6738B2847AAA7A41BCF81D43D79708DC7F35011DEECE945921855269B85FDF00,希望学校课后服务能真正辅导作业减轻家长负担,"领导好,我家孩子上小学,家里条件一般,我和孩子妈妈文化程度也不高,辅导作业很吃力。现在暑假快结束了,新学期孩子会继续参加学校课后服务。希望学校能在课后服务时间里,真正安排老师指导孩子写作业、答疑解难,不要让我们家长回家还要一遍遍辅导或批改。我们也不希望课后服务另外收太多费用,家里确实困难。恳请领导督促学校把课后服务抓好,让孩子在学校尽量把作业弄明白,我们也安心。"
DA1150F44AE62FFD2635267C7645A66E1242201149DD2C10A158A8AFE031CCEA,"希望新学期减轻家长负担,加强学校课后服务","领导好,我是一名普通公办小学的学生家长。暑假期间孩子的作业没有出现过多的情况,但我们担心开学后作业量会增加,而且老师可能让家长承担批改、打印等任务。我们家庭条件一般,家长文化水平不高,辅导孩子很吃力。孩子目前没有参加学校课后服务,希望新学期学校能提供课后服务,加强校内辅导,减少家长额外负担。希望学校合理安排作业,保证孩子有足够睡眠。恳请领导关心普通学校家长的困难。"
5427278EC37149C40011682EF87BC4FA5241355BF38D8C7626B5D3BFDE7DF4C8,"请加强学校课后服务作业辅导,减轻低学历家长负担","领导好。我家孩子上小学,我们家长文化水平不高,家里经济条件一般,辅导孩子作业确实很吃力。现在学校有课后服务,孩子也参加了,我们很感激。但我们担心课后服务只是让孩子在教室里待着,没有真正辅导作业,作业还是带回家,我们还是不会教。希望教育部门能督促学校把课后服务的作业辅导落到实处,尤其是对我们这种家长辅导不了的家庭,让孩子在学校能把作业基本完成,别把压力都推给家长。孩子学习上有些吃力,我们也不求多高,将来能读个职高学门技术就行,希望老师能多关注一下学习有困难的孩子,别让他们越来越跟不上。谢谢领导。"
4802428EA875A42F1D4ED7261D5740965979E6E1A9DDA93316A1C112FCA8A5DA,"希望新学期减轻家长负担,加强学校课后服务","领导好,我是一名普通公办小学的学生家长。暑假期间孩子的作业没有出现过多的情况,但我们担心开学后作业量会增加,而且老师可能让家长承担批改、打印等任务。我们家庭条件一般,家长文化水平不高,辅导孩子很吃力。孩子目前没有参加学校课后服务,希望新学期学校能提供课后服务,加强校内辅导,减少家长额外负担。希望学校合理安排作业,保证孩子有足够睡眠。恳请领导关心普通学校家长的困难。"
32C54255BB26BBC4CEA84F9CAD0082BFB4B258A7BC8560DE613281AD2957571E,"希望加强课后服务监管,减轻家长辅导负担","领导好,我是一名小学生的家长,家里经济条件一般,我们家长文化程度不高,辅导孩子作业很吃力。孩子现在参加了学校的课后服务,政策上说课后服务每天至少两小时,但不知道实际质量怎么样。我们最担心的是课后服务变成只是看管孩子,没有老师辅导作业,或者变相收费。希望教育部门能加强对学校课后服务的监督,确保老师在校内指导孩子完成作业,控制书面作业总量不超过规定时间,避免给家长布置打印、填表等额外任务。孩子是普通公办学校,我们也没钱报课外班,只能靠学校。请领导重视我们这些家庭的实际困难,让孩子在学校就能把学习任务完成,家长也能安心打工。"
F314A34D39B5C5E1D02083A19D970F461BAFBC78F4995E5881946FF718C984CB,关于小学生暑假书面作业超时的反映与请求,"领导您好!我是西部一个城镇的家长,孩子上公办小学。这个暑假,孩子做书面作业的时间经常超过规定的一小时,我们夫妻白天都要上班,晚上回家已经很累,文化程度也不高,辅导起来很吃力。孩子睡眠也受影响,我们很担心。希望领导能督促学校落实作业管理要求,合理控制暑假作业量,让孩子有足够休息时间,也减轻家长负担。谢谢!"
5548778F953DAB532A00858B67139028F58284F1E791CCFD3440CECEEC00813D,孩子暑假作业超时盼学校落实作业统筹和课后服务,"领导您好,我家孩子上小学,这个暑假每天写书面作业的时间明显超过规定的一个小时,孩子原本睡眠比较充足,最近也总喊累,我们很担心。我们两口子都在上班,家里人手少,晚上辅导时间很紧张,文化程度也不高,就怕孩子跟不上。孩子是我生活的动力,总盼着他能考上大学。学校不是重点,我们担心老师精力有限,作业布置不够科学,只能靠增加量来补。马上要开学了,我们怕开学后每天作业还是超时,家里更顾不过来。希望领导能督促学校严格落实作业统筹要求,控制书面作业总量和时长,提高作业设计质量,并且把课后服务真正利用起来,让孩子能在学校得到作业指导,自愿参加,减轻我们家长的负担。望领导给予考虑,谢谢!"
79C05AA207C935154063C6FBDBBD113B55D4EA5C973E33EFD71FFE5AEB0FE07F,关于小学生家庭作业时长和课后服务的请求,"领导您好,我是小学孩子的家长。我和爱人都在上班,家里照看人手少,孩子放学后我们经常还没下班,这学期孩子没有参加学校课后服务,只能自己在家写作业。最近发现孩子书面作业有时要超过一个小时,我们文化程度不高,辅导也吃力,担心长期这样影响孩子休息和学习兴趣。孩子是我们的希望,盼着他能读大学。希望领导能督促学校严格落实作业时间规定,不要超量布置,同时完善学校课后服务,让孩子能在学校完成作业,减轻双职工家庭负担。谢谢领导。"
96EF13025BE3762D4853A4A0ED10F83BAB3F4E1F059BE60E368F66531D0B07B6,希望加强小学课后服务内容质量,"尊敬的领导,我家孩子上小学,我们夫妻都要上班,家里没人帮忙,每天接送和辅导都很吃力。这学期学校提供了课后服务,孩子也参加了,放学后能在学校待两个小时,确实解决了我们接孩子的大难题。但我们担心课后服务就是单纯看管,孩子写完作业后没有有意义的活动,我们文化不高,辅导不了,怕孩子时间浪费了。我们希望课后服务不只是看护,能真正有老师指导作业,再安排些体育、阅读、手工这些活动,让孩子发展兴趣。现在外面学科培训少了,我们更指望学校能提供好的课后内容。希望领导能重视课后服务的质量,让像我们这样的双职工家庭安心工作,孩子也能成长得更好。"
722AD5C9DBC59FCA7D1AAE3F05ED0BCEC851634052D676B4C28B3854DE217BAD,关于小学生暑假作业负担过重的反映,"各位领导好。我是一名小学生的家长,孩子目前上小学,暑假在家。我们夫妻俩都要上班,家里人手少,孩子白天基本自己待着,晚上我们下班回来已经很累,实在没有太多精力辅导作业。最近发现孩子的暑假书面作业量明显偏大,每天写作业的时间经常超出规定的一个小时,有时候写到很晚,孩子睡眠都受了影响。孩子虽然才小学,但已经对作业有些抵触,我们看着也心疼。我们文化程度不高,辅导起来很吃力,但希望孩子能学好,将来有出息。现在暑假没有参加学校课后服务,也没有校外培训,作业全靠孩子自己磨,效果很差。恳请领导关注一下小学生的暑假作业负担问题,督促学校合理安排假期作业,别让孩子把假期都耗在题海里。最好能提供一些假期托管或作业辅导支持,帮帮我们这样双职工、没人看孩子的家庭。谢谢领导。"
47B12713BDF4CFB75FD22DB0DC5BC81D35712E670804FD85BFA65BB63514250B,希望加强学校暑假课后服务质量和内容,"领导好,我是一名小学生的家长。家里大人都要上班,时间很紧,孩子这个暑假参加了学校的课后服务,确实解决了我们看护的难题。但我们心里有些担心,学校条件有限,课后服务内容可能比较单一,老师也忙,能不能请领导重视一下,加强课后服务的师资和活动安排,多开展一些阅读、体育、兴趣活动,同时辅导好暑假作业,让孩子既能安全过暑假,又能学到东西。我们家长文化不高,辅导功课力不从心,希望学校能多承担一些责任,让孩子全面发展。谢谢。"
6AB46B31E6096E6E6B337CA573634DEFAA5383333D862ED354911B173A7BAC0C,关于小学生暑假作业负担过重的反映,"各位领导好。我是一名小学生的家长,孩子目前上小学,暑假在家。我们夫妻俩都要上班,家里人手少,孩子白天基本自己待着,晚上我们下班回来已经很累,实在没有太多精力辅导作业。最近发现孩子的暑假书面作业量明显偏大,每天写作业的时间经常超出规定的一个小时,有时候写到很晚,孩子睡眠都受了影响。孩子虽然才小学,但已经对作业有些抵触,我们看着也心疼。我们文化程度不高,辅导起来很吃力,但希望孩子能学好,将来有出息。现在暑假没有参加学校课后服务,也没有校外培训,作业全靠孩子自己磨,效果很差。恳请领导关注一下小学生的暑假作业负担问题,督促学校合理安排假期作业,别让孩子把假期都耗在题海里。最好能提供一些假期托管或作业辅导支持,帮帮我们这样双职工、没人看孩子的家庭。谢谢领导。"
7C0965425A219669078976C3269E01F59D3807E2FF77FA16B2E6DE9BD97C61EB,关于完善小学暑期课后服务内容与照护的请求,"领导您好,我是一个小学生的家长。我们两口子都要上班,家里老人也没法一直帮忙,暑假孩子没人带,只能靠学校课后服务。这个月孩子参加了学校课后服务,我们上班时稍微安心一些,很感激。但我们也担心,学校不是重点学校,场地和老师有限,课后服务可能主要是看着写作业,户外活动和兴趣活动少,孩子坐一天也不利于身体。听说政策要求课后服务要内容多样、时间衔接,希望领导能督促学校把课后服务做扎实一些,尤其暑假期间,能不能多安排一些体育、阅读、手工等活动。如果学校人手不够,可以像有的地方那样组织家长志愿者轮流帮忙照看户外活动。我们家长文化不高,就盼着孩子在学校课后服务里能安全、健康、有所收获,将来能考上大学。谢谢领导。"
7D7D44D0B80F63D5B46E7476C76B190F255C36A3E6D4BF9A7A2F24D56997EA47,关于小学生暑假作业负担过重的反映,"各位领导好。我是一名小学生的家长,孩子目前上小学,暑假在家。我们夫妻俩都要上班,家里人手少,孩子白天基本自己待着,晚上我们下班回来已经很累,实在没有太多精力辅导作业。最近发现孩子的暑假书面作业量明显偏大,每天写作业的时间经常超出规定的一个小时,有时候写到很晚,孩子睡眠都受了影响。孩子虽然才小学,但已经对作业有些抵触,我们看着也心疼。我们文化程度不高,辅导起来很吃力,但希望孩子能学好,将来有出息。现在暑假没有参加学校课后服务,也没有校外培训,作业全靠孩子自己磨,效果很差。恳请领导关注一下小学生的暑假作业负担问题,督促学校合理安排假期作业,别让孩子把假期都耗在题海里。最好能提供一些假期托管或作业辅导支持,帮帮我们这样双职工、没人看孩子的家庭。谢谢领导。"
67702B538A3DA64278843CDB8EA0EF063107456827AEBFF80F7C380051A9FB1F,关于强化小学课后服务作业辅导与活动质量的建议,"领导好!我家孩子在公办小学读书,我们两口子都在上班,家里老人也帮不上太多,每天下班晚,文化水平又有限,辅导孩子作业很吃力。这个月孩子参加了学校课后服务,我们很感激,但也担心课后服务只是看护,作业辅导和兴趣活动不够丰富。希望领导能督促学校把课后服务做实,安排老师认真指导孩子完成作业,多开展一些文体、阅读活动,最好能有志愿者或专业人员参与,保障孩子安全。孩子是我们全家的希望,我们盼着学校能帮孩子在校内学足学好,减轻我们双职工家庭的负担,谢谢领导!"
F3A96FCB6B4378D5DF8E58DD9DC745B24D48E94F4CDC75F4ADA09AF94F8BE4BE,"希望规范小学书面作业时长,减轻家长和学生负担","领导好,我是一名小学生家长,家里条件一般,我和孩子妈妈都在上班,文化程度也不高,辅导作业很吃力。孩子就读的是公办重点学校,最近发现孩子本月的书面作业情况好像和规定的时长不太相符,虽然具体原因不清楚,但心里很着急。我们一直希望孩子能保证充足睡眠,健康成长。担心开学后作业更多,我们辅导不了,又没钱报补习班,孩子压力大,我们也焦虑。恳请教育部门关注一下,督促学校严格落实作业管理要求,合理安排书面作业,别让作业变成家庭负担,让孩子能有更多时间休息和锻炼。"
1F1280C3E5F6F6D47FE6D5080FEA7AA54B7E3A8099741E3C011D4F8077082B4E,关于落实小学生作业时长规定和课后服务的诉求,"领导您好,我是一名小学生的家长,孩子就读公办重点小学,不是毕业班。我们两口子都在打工,经济条件一般,文化程度也不高,辅导作业很吃力。现在放暑假,我了解到孩子这个月的书面作业情况没有达到规定的不超过60分钟的要求,心里很着急。虽然具体原因我不清楚,但担心开学后作业负担还是降不下来。我们没时间也没能力辅导,校外培训也报不起,如果学校作业不减负,课后服务又跟不上,我们的压力会非常大。希望领导能督促学校严格落实作业时长规定,提高作业设计质量,加强校内作业指导,同时把课后服务做实做好,让我们这样的双职工家庭能放心让孩子在学校完成作业、参加一些有益活动,减轻家庭负担。"
61E2DD607C24E8A9AED4BEAFB5A9152C707E2D01B10C20ADE7DA8462866C3F70,关于小学生作业超时和课后服务缺失的诉求,"领导您好,我是西部城镇一名小学生的家长。孩子就读公办重点小学,我和孩子爸爸都在上班,家里人手少,辅导作业比较吃力。这个月发现孩子的书面作业时间好像超过了当前年级规定的一小时,我们不太清楚具体原因,但担心长期这样会影响孩子休息和身体。孩子目前没有参加学校课后服务,放学后无人照看,我们只能继续花钱让他参加学科类培训班,费用和以前差不多,对我们这样的中低收入家庭来说负担不轻。希望相关部门能督促学校核实作业布置情况,合理控制书面作业时间,同时考虑提供或优化课后服务,让孩子能在学校完成作业,减轻家长的经济和辅导压力。谢谢领导。"
438C4CE44106D724F0FA14C3AD6BD96F57572CF46B4E41927E347019316057BE,关于提升课后服务质量减轻家庭校外培训负担的建议,"我是一名小学生的家长,我们家庭经济条件一般,夫妻双方都要上班,孩子目前在公办重点小学就读。现在国家要求学校提供课后服务,我们孩子也参加了,但作为家长,我们仍然担心课后服务的内容和质量是否足够,因为孩子学习上有些薄弱环节,我们又辅导不了,只能继续给孩子报名校外学科培训。虽然现在培训费用比以前有所下降,但对我们这样的家庭来说仍然是负担。另外,我们周边有些学校班级人数较多,我们担心老师精力有限,影响教学质量。希望领导能关注城镇普通家庭孩子的教育问题,加大对学校课后服务的投入和监管,丰富服务内容,加强作业辅导和兴趣培养,让课后服务真正能替代校外培训,减轻家长负担,也让我们安心工作。"
A16DC1940AC0C6CA307A9502825645E1BDF5D7D831AC983BE4C481BCB3283FED,关于小学生家庭作业时间与培训负担的诉求,"尊敬的领导,我是西部城镇一名小学生的家长。孩子目前读小学,不是毕业班。最近了解到,孩子这个月的书面家庭作业情况没有达到规定的时长要求,可能超过了一小时。我们家长文化程度有限,辅导作业比较吃力。家里经济条件一般,夫妻俩都要上班,为了不让孩子掉队,还给孩子报了学科类辅导班,费用和以前差不多,负担不轻。孩子也没有参加学校的课后服务,放学后的时间主要靠我们自己安排。我们担心作业过多会挤占孩子休息和睡眠时间,也加重家庭压力。希望相关部门能核查学校作业布置情况,督促落实作业时间规定,同时关注我们这类普通家庭在校外培训上的经济负担,让孩子能健康成长。"
1AE58297DA6C32373F8CC9CECA48974D6225062978837FD12F9EB339C415068E,关于减轻小学生校外培训负担提升课后服务质量的诉求,"我家孩子上小学,我们两口子都在打工,经济条件一般。这个暑假学校提供了课后服务,孩子也参加了,但我们还是给他报了校外学科培训,因为觉得光靠学校课后服务不够扎实,怕开学跟不上。现在外面培训收费虽然比过去降了些,对我们家来说仍是额外开销。我们听说现在要求学校统筹作业、加强课后服务,希望领导能督促学校把课后服务真正做实,特别是作业辅导和基础巩固,让像我们这样的家庭不必再花钱去外面补课。另外也希望继续严格管理校外培训收费,防止变相涨价,减轻家长负担。孩子睡眠还算充足,作业也不多,但培训占用了不少时间,我们也很矛盾。恳请关注。"
21931D35E18707F728F431AB5146C3337468E604ABE8BE9A7BFC700EC3F8A52A,关于小学生家庭作业时间与培训负担的诉求,"尊敬的领导,我是西部城镇一名小学生的家长。孩子目前读小学,不是毕业班。最近了解到,孩子这个月的书面家庭作业情况没有达到规定的时长要求,可能超过了一小时。我们家长文化程度有限,辅导作业比较吃力。家里经济条件一般,夫妻俩都要上班,为了不让孩子掉队,还给孩子报了学科类辅导班,费用和以前差不多,负担不轻。孩子也没有参加学校的课后服务,放学后的时间主要靠我们自己安排。我们担心作业过多会挤占孩子休息和睡眠时间,也加重家庭压力。希望相关部门能核查学校作业布置情况,督促落实作业时间规定,同时关注我们这类普通家庭在校外培训上的经济负担,让孩子能健康成长。"
3A954DB3350E907239671FE741E2B4957F0C4B3A6C1DF2F19F9A457DCFC40126,"希望加强学校课后服务实效,减轻打工家庭校外培训压力","领导您好,我是一名普通的小学生家长。我们夫妻平时都要上班,文化程度不高,家里经济条件一般。孩子现在读小学,学校是公办的重点学校,我们一直很珍惜。这个暑假孩子参加了学校的课后服务,我们很感谢,但心里还是有点担忧。平时我们没时间也没能力辅导孩子作业,以前也很少给孩子报补习班。现在国家规范校外培训,我们很支持,外面的学科培训班少了,收费也降了,但我们还是希望学校课后服务能真正发挥作用,不是简单看管。孩子现在的作业量是符合规定的,但我们担心作业太少,孩子基础不牢,课后服务如果没有老师认真辅导,我们只能自己硬着头皮教,效果不好。希望领导能督促学校把课后服务做扎实,多安排老师指导作业、带孩子阅读和运动,让我们这样的打工家庭少花钱也能让孩子跟上学习。另外,现在外面还有一些隐蔽的高价培训班,我们怕上当,也请政府继续严管。谢谢。"
9851D5E3B8B5E4ECB75F5A8385D9E309B48B0C74A2AB539D4EB28581C863A00F,关于小学生家庭作业时间与培训负担的诉求,"尊敬的领导,我是西部城镇一名小学生的家长。孩子目前读小学,不是毕业班。最近了解到,孩子这个月的书面家庭作业情况没有达到规定的时长要求,可能超过了一小时。我们家长文化程度有限,辅导作业比较吃力。家里经济条件一般,夫妻俩都要上班,为了不让孩子掉队,还给孩子报了学科类辅导班,费用和以前差不多,负担不轻。孩子也没有参加学校的课后服务,放学后的时间主要靠我们自己安排。我们担心作业过多会挤占孩子休息和睡眠时间,也加重家庭压力。希望相关部门能核查学校作业布置情况,督促落实作业时间规定,同时关注我们这类普通家庭在校外培训上的经济负担,让孩子能健康成长。"
87695C23FEBDB458D00EBC233148698D8589198E9FE8846544A438D4048A7F3C,关于提升课后服务作业辅导质量减轻家庭培训负担的诉求,"领导好,我是一名小学生的家长,家在西部城镇,家庭条件一般,夫妻俩都上班,孩子目前上小学。学校有课后服务,我们也在参加,另外孩子还在上一门学科培训。现在学科培训市场收缩明显,收费是降了一些,但我们还是很担心:一是怕以后培训不稳定,二是怕学校课后服务只是看管,作业辅导和学习帮助不够。我们家经济不宽裕,又希望孩子能上好大学,只能靠学校和课后服务多出力。希望政府能加强对学校课后服务内容和师资的保障,做好作业指导和学习巩固,别让课后服务变成摆设,也让我们少花钱补课。谢谢。"
ED7846247BABD9CAD3C114BFF32F65318DD15E0D786DAEE1C6C2DA9F8B01FFB7,小学生暑假书面作业时长需规范,"领导您好,我是西部一个城镇小学生的家长。孩子读公办小学,我们夫妻都在上班,家里时间很紧,孩子单程上学比较远。这个月放暑假,我发现孩子书面作业用时情况不太符合小学阶段不超过60分钟的规定。我们没给孩子报什么学科班,就希望学校能把作业量控制好,不要挤占孩子的休息和自主活动时间。孩子平时睡眠比较足,我们很担心作业一多,晚上睡不够,影响身体发育。也希望学校不要用手机布置作业、要求家长批改上传,我们上班回来再弄这些压力很大。恳请领导督促学校严格落实作业管理要求,优化作业设计,真正减轻孩子和家长的负担,让孩子暑假能休息好,开学也有精神。谢谢。"
716219F0A6EFB1D9096D4C28E986F7ADA388BB91FD39FDF02A46057F40C1CA62,请督促普通小学落实作业减负和课后服务,"领导好,我家孩子读小学,我们在西部城镇,家里经济条件一般,夫妻都要上班,每天接送路上时间长,回家辅导作业的时间很紧。这个月孩子的书面作业情况没有符合当前年级规定的时长要求,我们心里很着急。我们文化程度不高,担心老师把批改作业的任务转给家长,也担心以后只能靠校外培训补差,可外面学科培训管得严,我们也没钱上。听说现在要求学校统筹作业总量、加强课后服务,希望领导能督促我们这里的普通公办小学真正落实,少布置重复机械的作业,多安排在校辅导和课后服务,让孩子在学校就能完成大部分任务,减轻我们这样的家庭负担。"
B1BAD58A6A3AF3D69281D91C282AFD6279BBA252DE0051BE35F1B0D46176A2B2,关于减轻小学生家庭作业负担和提供课后服务的请求,"尊敬的领导:您好。我家在西部城镇,孩子上小学,我们夫妻都在上班,家庭经济条件一般,每天接送孩子单程要花不少时间。这个月孩子的书面作业完成时间超过了规定的一小时,我们下班后已经很疲惫,还要辅导作业,实在力不从心。孩子没参加学校课后服务,校外培训班费用也不低,家里压力较大。希望学校能规范作业量,真正开展课后服务,让孩子在校内完成作业,减轻家长负担。谢谢。"
7FFFA76A3BD1775F5870F63435A5EF9420586872204571EE44B14D487ACFA582,关于提升学校课后服务作业辅导质量减轻家庭负担的请求,"领导您好。我们是西部城镇一个普通小学家庭,夫妻双方都在上班,每天接孩子放学已经很晚,家里经济条件也一般。孩子目前参加了学校的课后服务,按规定每周有5天、每天至少120分钟。但我们担心这段时间如果只是简单看管,孩子在作业上遇到问题还是得不到指导。我们家长文化程度不高,辅导作业很吃力,孩子又处在小学阶段,学习习惯需要老师引导。虽然现在书面作业时间基本控制在一小时以内,可如果不能在学校把作业弄懂,回家后我们更难辅导,只能继续花钱报课外班。现在培训费用虽然降了一些,对我们仍然是压力。希望领导能督促学校把课后服务真正用好,增加作业辅导和阅读、兴趣活动,让老师能多给孩子一些指导,减少家长的后顾之忧,也让孩子不用再依赖校外培训。谢谢。"
190216D9E5947B85EA4E1916FE9F4636A86E94369A7319877E21DEF8BA227D69,关于小学生暑假书面作业时长不符合规范的反映,"我家孩子在西部城镇一所公办小学就读,目前不是毕业年级。这个暑假,孩子的书面作业情况不符合规定的时长规范,我们家长很担心作业量偏多。我们夫妻双方都在上班,每天工作忙、时间紧,晚上回家还要辅导孩子作业,实在力不从心。孩子睡眠时间原本比较充足,但最近为了赶作业经常晚睡。我们经济条件一般,孩子还在参加学科类校外培训,费用负担没有减轻,校内的作业如果再超时,孩子压力更大。希望领导能督促学校合理安排暑假作业,严格落实作业时长规定,让孩子有足够的休息和活动时间,也减轻我们家长的辅导负担。"
EBF91ACDEDB3C80D91238FABF83D3E116F8D7D8FB0D88B2720D287B9106AA189,关于请加强学校课后服务作业指导和活动质量的请求,"领导您好。我们是西部城镇一个普通家庭,孩子上小学,不是毕业班。家里经济条件一般,我们两个大人都要上班,平时时间很紧,接孩子和辅导作业都吃力。孩子学校离家较远,单程通学时间长,放学后家里很难再安排学习和活动。这个月孩子参加了学校的课后服务,我们很需要这项服务,但也担心开学后课后服务能不能真正帮到孩子。现在校外学科培训减少,我们已经停止参加,家庭收入也不允许再报高价兴趣班。如果学校课后服务只是把孩子集中看管,作业指导不细、内容单一,我们这样的家庭没有别的办法。我们文化程度有限,辅导能力不足,特别希望课后服务能安排老师指导孩子在校完成书面作业,不要又把批改和讲解任务推到家长身上。也希望课后服务多提供一些体育、阅读、艺术等活动,不要让孩子长时间干坐着。恳请领导关注城镇普通小学课后服务的实际质量,督促学校配足老师、保障经费,把作业辅导和多样活动落实到位,让我们这样的双职工家庭安心一些。"
39212AE9BF667FC95FC2B56A34866B0E98A5C8CAD23C1327044EBE0745FC0334,关于小学生暑假书面作业时长不符合规范的反映,"我家孩子在西部城镇一所公办小学就读,目前不是毕业年级。这个暑假,孩子的书面作业情况不符合规定的时长规范,我们家长很担心作业量偏多。我们夫妻双方都在上班,每天工作忙、时间紧,晚上回家还要辅导孩子作业,实在力不从心。孩子睡眠时间原本比较充足,但最近为了赶作业经常晚睡。我们经济条件一般,孩子还在参加学科类校外培训,费用负担没有减轻,校内的作业如果再超时,孩子压力更大。希望领导能督促学校合理安排暑假作业,严格落实作业时长规定,让孩子有足够的休息和活动时间,也减轻我们家长的辅导负担。"
2C7FEB4C9E482894D5C78536F421D8EC548546D5B232D4198E89EA01FDEE1AF1,关于提升城镇公办小学课后服务质量的请求,"我是西部城镇一名小学生家长,孩子就读普通公办小学,我们夫妻都在上班,家里经济条件一般,每天接送路程也远。现在孩子参加了学校课后服务,我们很珍惜这个机会,但心里还是不踏实。我们文化程度不高,辅导作业吃力,最担心课后服务只是把孩子看管起来,没有真正指导作业、开展活动。以前也听说过有的学校让家长在群里批改作业,我们很怕自己孩子遇到这种情况。希望领导能督促学校把课后服务做实,安排老师指导学生完成书面作业,多开展阅读、体育、兴趣活动,时间上尽量衔接家长下班,费用上也照顾困难家庭。这样我们才能安心工作,孩子也能有个好的成长环境。"
3B7E061D443186FE100B833A8F7E6A517B090E78674F3B41E942F1E9378A46B9,关于小学生暑假书面作业时长不符合规范的反映,"我家孩子在西部城镇一所公办小学就读,目前不是毕业年级。这个暑假,孩子的书面作业情况不符合规定的时长规范,我们家长很担心作业量偏多。我们夫妻双方都在上班,每天工作忙、时间紧,晚上回家还要辅导孩子作业,实在力不从心。孩子睡眠时间原本比较充足,但最近为了赶作业经常晚睡。我们经济条件一般,孩子还在参加学科类校外培训,费用负担没有减轻,校内的作业如果再超时,孩子压力更大。希望领导能督促学校合理安排暑假作业,严格落实作业时长规定,让孩子有足够的休息和活动时间,也减轻我们家长的辅导负担。"
78FB6C859785EDCC5967BC7952D28F721CCDFFB047BE99C39508164389C1AC6E,"担心课后服务变看管,盼加强作业辅导实效","我是西部城镇一名小学生的家长,孩子下学期仍是小学非毕业年级。我们夫妻都在打工,经济条件一般,也没报过学科培训班,现在外面学科培训少了,孩子学习主要靠学校。学校是普通公办小学,离家远,单程时间长。这个暑假孩子参加了学校课后服务,但开学后的课后服务能不能真正辅导作业,我们心里没底。我们最担心的是课后服务变成单纯看管,老师不指导、不批改,作业订正又回到家长身上。我们文化程度只有高中,很多题辅导不了,晚上下班又晚。身边有家长说过以前老师要求家长在群里按正确答案订正作业,我们很怕再这样。孩子目前睡眠还算充足,作业时间也在规定范围内,但到了高年级学习难度上来,如果课后服务不解决作业辅导,孩子差距会越来越大。我们希望孩子以后能读硕士,以我们家的条件,学校课后服务是最重要的支持。恳请领导督促教育部门加强普通公办小学课后服务的师资和内容保障,真正把作业辅导、答疑讲解放进去,减轻双职工、低学历家庭的负担。"
285F0AD8D5A10D4DD0E9C3C29A1D79607B14F4597CEFFF7670A824B5B36EB38F,小学生暑假书面作业负担问题亟待解决,"领导您好。我是村里一名小学生的家长,孩子不是毕业班。按照现在这个年级的规定,学校是不该布置书面家庭作业的,平时孩子负担应该不重。可这个暑假我发现,孩子这个月的书面作业情况跟规定不太相符,好像有额外的书面任务。我文化程度不高,辅导不了多少,孩子也还小,我们做家长的希望他能多睡会儿、多玩玩,健健康康的。要是学校在假期还布置书面作业,那孩子哪还有时间休息、发展兴趣?我们农村孩子,本来课外资源不多,更盼着学校能按规矩来。恳请领导重视,让教育部门去核查一下,督促学校严格执行规定,别让书面作业占了孩子的假期。孩子需要的是全面成长,不是被作业压着。希望领导能帮我们解决这个实际问题,给我们一个明确的答复。"
79B74971E14F128565D6F3AC2ECA1EA89F3448FA131F4858E457B2BF15A9119F,关于暑假期间学校布置书面家庭作业的反映,"领导您好,我是中部农村地区一名小学生家长。孩子就读公办小学,今年暑假学校给孩子布置了书面家庭作业,这与小学阶段相关作业管理规定不符。孩子每天要花不少时间写作业,我们家长文化水平不高,很多题看不懂,辅导不了,孩子自己写也吃力。看着孩子假期不能好好休息,我们心里着急。我们家庭经济条件虽然还行,但希望孩子能全面发展,而不是被书面作业压着。希望领导督促学校严格落实作业管理要求,暑假期间不要布置书面家庭作业,多引导孩子阅读、运动、做家务。开学后也希望学校利用课后服务时间,让孩子在学校完成作业,老师能多关注像我们这样家长辅导能力弱的家庭。谢谢领导。"
7F4BB361A90054E5F8B3D850AD873FE720C1E64131143D2875669E806EEB7268,乡村小学低年级书面作业负担请关注,"领导好,我家孩子在村里公办小学读低年级,这个年级按规定是不该布置书面家庭作业的,可这个月孩子回家还是经常要写书面作业,我们家长看着心疼。孩子本来睡眠时间挺足,现在因为写作业有时要晚睡,我们担心影响身体。我们两口子文化程度不高,辅导作业也吃力,更怕孩子从小就对学习有压力,以后厌学。孩子参加了学校课后服务,我们以为课后服务能让孩子在学校把该做的事做完,可回家还是有不少书面任务,我们弄不清课后服务到底有没有起到作用。我们村里学校不是重点学校,平时管理可能没那么严,我们担心上面好的规定到了基层就走样。希望领导能派人到我们这里核查一下,督促学校真正落实低年级不布置书面家庭作业的要求,让课后服务内容更合理,别变相增加孩子负担。我们期盼孩子能健健康康、快快乐乐地学习。"
9AB84C1ED1078AB22E310B0BF51AB51947691649FD66A03757D52FC2350B68D6,关于提升乡村小学课后服务质量的建议,"领导好,我是一名中部农村小学生的家长,孩子读低年级。这学期开学后,孩子继续参加学校课后服务,每天下午都有两个多小时。可我们担心,农村学校老师少,课后服务可能只是把孩子集中在教室写写画画,辅导不了什么。我们两口子都是初中文化,教不了孩子,外面学科培训班也基本关了,孩子学习只能靠学校。我们最大的心愿是孩子以后能考上本科,不想让他在小学就比别人差。恳请政府督促学校把课后服务真正办好,安排老师指导作业、带着读书、开展些文体活动,别光看管。也希望关注班级人数,别让一个班挤太多孩子,老师顾不过来,出现周边有的孩子被长期忽视的情况。农村家长不缺钱,缺的是教育资源,希望领导多向农村倾斜。"
B25874928245B894485F4B692E2C836C75E8D8F2E218659C1E1E1C0BAE3D6EED,希望规范暑假课后服务与作业管理,"领导您好,我家在农村,孩子上小学。这个暑假孩子参加了学校课后服务,我们想着有人照看也能学点东西。但最近发现孩子这个月的书面作业情况跟当前年级的规定不一样,按理说这个年级是不该布置书面家庭作业的。我们家长文化程度不高,不太懂具体政策,但担心这样下去孩子休息不好,课后服务变成变相补课。农村学校条件有限,班级人数多,老师也忙,可孩子成长耽误不起。希望有关部门能帮忙核实一下,督促学校把课后服务和作业管理规范起来,让孩子假期能轻松一点,真正得到休息。"
A6B512867BB048BCC16748CCB329C60A6E55D24534D0EA649EEB56FB3B56B6F0,关于农村小学暑期课后服务质量的担忧与请求,"领导好,我家在村里,孩子上小学,这个暑假孩子在学校参加课后服务,每次说是有两个多小时。我们家长文化程度不高,辅导不了孩子,只能指望学校。可我们也担心农村学校师资有限,课后服务会不会只是把孩子看着,没有真正的作业指导和兴趣活动。孩子平时书面作业不多,符合规定,我们不想额外加压,但更希望这两个多小时能让孩子有阅读、体育、科学小活动或者老师答疑,而不是坐在教室里耗时间。现在外面的学科培训选择也少了很多,农村孩子能接触的资源更少。恳请领导关注农村小学课后服务的实际质量,督促学校配足老师、丰富内容、落实经费,别让课后服务流于形式,让我们这些文化不高的农村家长能安心,孩子也能真正受益。"
E088A80AE9F7BDA21805802D64CBAB8FE6B29D205A1ECB3C27D963E09999F026,希望规范暑假课后服务与作业管理,"领导您好,我家在农村,孩子上小学。这个暑假孩子参加了学校课后服务,我们想着有人照看也能学点东西。但最近发现孩子这个月的书面作业情况跟当前年级的规定不一样,按理说这个年级是不该布置书面家庭作业的。我们家长文化程度不高,不太懂具体政策,但担心这样下去孩子休息不好,课后服务变成变相补课。农村学校条件有限,班级人数多,老师也忙,可孩子成长耽误不起。希望有关部门能帮忙核实一下,督促学校把课后服务和作业管理规范起来,让孩子假期能轻松一点,真正得到休息。"
30097156F9D45625AB4A9675D5F9E561B87FCDD1555C4C941822A28626C3A3C4,"乡村学校课后服务盼真正落实,别让看管代替辅导","领导好,我是村里一名小学生家长。我家孩子上小学,我们家里大人文化程度不高,辅导孩子学习越来越吃力。这两年学校作业少了,校外培训班也少了,我们原本也没给孩子报过学科班,可心里还是着急,怕孩子学习掉队。这个暑假,孩子参加了学校的课后服务,每天也去学校,但我们担心只是把孩子看管起来,不一定有老师真正辅导学习、教点东西。我们农村学校不是重点校,老师也少,一个老师要管很多孩子,我们怕孩子在课后服务里得不到关注。课后服务如果只是让学生自己写写画画,我们家长文化低,回家也帮不上,长期下去怕孩子跟城里孩子差距更大。我们恳请领导重视乡村学校的课后服务,督促学校把服务内容做实,多安排老师答疑辅导,适当开展一些兴趣活动,别让课后服务变成单纯的看孩子。我们不是不愿意管,实在是能力有限,希望学校能多承担一些教育责任,让孩子在学校把该学的学好。谢谢领导。"
B6708F29DFF0FE5C3CC4ECEB2C384723D49870E154B7325121F709600431F142,希望规范暑假课后服务与作业管理,"领导您好,我家在农村,孩子上小学。这个暑假孩子参加了学校课后服务,我们想着有人照看也能学点东西。但最近发现孩子这个月的书面作业情况跟当前年级的规定不一样,按理说这个年级是不该布置书面家庭作业的。我们家长文化程度不高,不太懂具体政策,但担心这样下去孩子休息不好,课后服务变成变相补课。农村学校条件有限,班级人数多,老师也忙,可孩子成长耽误不起。希望有关部门能帮忙核实一下,督促学校把课后服务和作业管理规范起来,让孩子假期能轻松一点,真正得到休息。"
6AA114BBCC22698F766D0DA27EC03132379AEE4F1EB426087CEA1C4AC049013D,农村小学课后服务盼真正管好孩子,"领导好,我是农村的一名小学生家长。我家孩子暑假参加了学校的课后服务,学校说每天至少两个小时,但我们做家长的文化不高,家里人也多,孩子在学校到底有没有老师认真带着活动、辅导,还是只是坐在教室里混时间,我们看不到也问不出。以前听说过有的学校对个别孩子不管不问,班级人数多,老师顾不过来。现在政策要求课后服务内容多样、有老师指导,可我们农村学校条件有限,真担心落实不到位。孩子还小,我们希望课后服务不只是看住孩子,还能真正帮助孩子培养兴趣、完成一些学习任务。恳请领导督促学校把课后服务的师资和经费保障到位,让农村孩子也能享受到有质量的课后服务,让我们家长放心。"
AB5FA330506C689CCEF46BA938B11B725995F38551DEAE4A5395B9F73A6845FA,关于初中生书面作业时长落实情况的反映,"领导您好,我家孩子在读初中,今年暑假期间我们发现孩子书面作业完成情况没有达到规定时长要求,心里很着急。我们夫妻俩平时都要上班,家里人多但能辅导孩子学习的人少,经济条件也一般,没有能力给孩子报额外的补习班。作为家长,我们文化程度不高,只能干着急。我们担心学校在作业布置上不够科学,没有按照规范控制书面作业量,导致孩子要么作业过多负担重,要么作业安排不合理孩子不会做。希望领导能督促学校严格落实作业管理要求,合理安排书面作业,特别是假期作业,让孩子有足够的休息和锻炼时间,也减轻我们家长的辅导压力。同时期盼学校老师能把更多精力放在课堂教学和作业设计上,别让我们家长因为作业问题整天发愁。谢谢领导。"
E94EEFA7B21D765E051BFE4C8A1C329D01D08774750B4FAC27DB7C908FB9DA10,"初中生作业超时,双职工家庭盼望课后服务减负","我们夫妻都要上班,家里人多,晚上能管孩子学习的时间很有限,我们文化也不高,辅导不了。这个月孩子的书面作业已经超过规定时间,经常写到很晚,我们很担心开学以后会更重。现在要求学校控制作业总量、提高作业质量,还要提供课后服务,让孩子自愿参加。我们希望学校能真正落实这些要求,在课后服务时间让孩子把作业完成一部分,老师能指导一下,不要全推给家长。我们家庭条件一般,外面补课也补不起,只盼着学校能把孩子教好。请关注我们这类普通家庭的实际困难,督促学校把作业和课后服务抓好。"
EE35945193FC8FAEE0D357D0CA3B686FC27EDAFE3543723F14ADBCDC4FE7F05C,关于初中生作业负担和课后服务质量的求助,"我家孩子现在上初中,这个月孩子的书面作业情况不符合规定的时长要求。我们了解到初中书面家庭作业平均完成时间不应超过90分钟,我们担心作业量可能过多。我们夫妻双方都要上班,家里人口多,时间很紧张,晚上很难一直陪着孩子写作业。孩子参加了学校的课后服务,我们原本希望课后服务能帮助孩子在校完成大部分作业,但作业问题依然突出,我们担心课后服务在作业辅导方面可能不够到位。为了让孩子不掉队,我们还给孩子报了校外的学科培训,经济压力不小。希望相关部门能督促学校严格落实作业管理,提高课后服务质量,真正减轻学生和家长的负担。"
82985BA1548EC5614F032A15D0B38E59AFF520D8B9B444BB4CEBEB4BEA07C9A6,关于提升初中课后服务学业辅导质量的建议,"领导好,我家孩子读初中,我们夫妻俩都要上班,老人帮不上忙,时间很紧。现在学校每天有课后服务,孩子也参加了,但不知道课后服务里老师到底是在辅导作业还是只负责看管。政策说课后服务要内容多样、自愿参加,可我们更希望课后服务能真正帮孩子把当天的作业弄懂,尤其是数学和英语,因为我们文化不高,辅导不了。校外培训现在管得严,能选的班少了,我们虽然还在上,但接送和费用还是压力大。听说有的地方课后服务就是让学生自己写作业,老师不管,我们心里没底。希望政府能督促学校把课后服务做实,安排老师有针对性地答疑辅导,而不是光让学生自己写作业。同时加强课后服务的经费和师资保障,让家长放心。谢谢。"
3337B16427EF2F2290231FC33302DCE6F8901031F2094503A35DE8ACE0115FA5,"暑期作业负担过重,盼督促学校落实减负规定","领导好。我家孩子上初中,我们夫妻都在上班,家里经济条件一般。这个暑假孩子除了参加学校课后服务,还在外面上学科培训班,收费负担不轻。最近一个月,我感觉孩子的书面作业明显偏多,每天完成时间超过了初中生书面作业不超过90分钟的规定,晚上写作业到很晚,我担心会影响孩子的睡眠和身体发育。我们文化程度不高,辅导不了多少,只能干着急。孩子既要应付学校作业,又要完成培训班任务,压力很大。希望相关部门能核实学校布置作业的情况,督促学校合理控制暑假书面作业量,真正落实减负要求,让孩子有喘息时间,也减轻我们家长的经济和精神负担。"
A4A00E818CC93E085E4D507DC8FB31C17E876288B92AA807D41141A0B5034128,关于提高初中课后服务质量减轻家庭校外培训负担的请求,"我是一名初中生家长,家里经济条件一般,我们两口子都要上班,家里人口多,平时照看孩子的时间很紧。这个暑假孩子参加了学校的课后服务,我们本想着能在学校把作业做完、有老师辅导一下,也能安心工作。但实际感受是,课后服务更多是看管孩子,对孩子学习上的具体困难帮助不大,作业虽然时间上符合要求,但有些题目孩子不会做,我们文化水平不高,也辅导不了。现在校外学科培训班少了,但孩子学习上的需求还在,我们只能继续报班,虽然费用比以前降了一点,但对我们这样的家庭来说还是不小的负担。希望领导能督促学校把课后服务做得更实在一些,加强作业辅导和学科指导,让孩子在校内就能解决大部分学习问题,这样我们家长也能减少校外培训的支出和压力。"
73FD43BA64632994A9B6D90AE39B1D452329F34E97735BE012BC3EF5C9AFD09E,"暑期作业负担过重,盼督促学校落实减负规定","领导好。我家孩子上初中,我们夫妻都在上班,家里经济条件一般。这个暑假孩子除了参加学校课后服务,还在外面上学科培训班,收费负担不轻。最近一个月,我感觉孩子的书面作业明显偏多,每天完成时间超过了初中生书面作业不超过90分钟的规定,晚上写作业到很晚,我担心会影响孩子的睡眠和身体发育。我们文化程度不高,辅导不了多少,只能干着急。孩子既要应付学校作业,又要完成培训班任务,压力很大。希望相关部门能核实学校布置作业的情况,督促学校合理控制暑假书面作业量,真正落实减负要求,让孩子有喘息时间,也减轻我们家长的经济和精神负担。"
CFBEC460C86302FE884D2D20258E9EEB2375BFB82B5DF2DE10413AC6B9D704E6,关于提升初中课后服务质量减轻家长负担的留言,"我是一名初中生家长。孩子现在参加了学校课后服务,时间也不算短,可我们担心课后服务主要是看管,作业辅导和学业指导不够,所以另外给孩子报了学科培训班。我们夫妻都要上班,家里老人孩子多,实在顾不上辅导作业,我自己文化程度也不高,辅导不了初中的功课。虽然现在培训收费降了些,但长期下来对我们这样的家庭压力还是很大。希望领导能督促学校把课后服务真正利用起来,加强作业辅导和针对性答疑,让孩子在学校就能完成作业、解决学习问题,这样我们就不用再额外花钱报班,也能减轻家庭的时间和精力负担。另外,也盼着能加强对课后服务内容的监管,避免变成变相补课或推荐校外培训。谢谢领导。"
BB9CD826E3D9A1C9375FFB6143C4F7C11250915644D95D6450A80D17E8C4C927,"暑期作业负担过重,盼督促学校落实减负规定","领导好。我家孩子上初中,我们夫妻都在上班,家里经济条件一般。这个暑假孩子除了参加学校课后服务,还在外面上学科培训班,收费负担不轻。最近一个月,我感觉孩子的书面作业明显偏多,每天完成时间超过了初中生书面作业不超过90分钟的规定,晚上写作业到很晚,我担心会影响孩子的睡眠和身体发育。我们文化程度不高,辅导不了多少,只能干着急。孩子既要应付学校作业,又要完成培训班任务,压力很大。希望相关部门能核实学校布置作业的情况,督促学校合理控制暑假书面作业量,真正落实减负要求,让孩子有喘息时间,也减轻我们家长的经济和精神负担。"
6877B70BC5C704104038A0204F06921A592AB16CA0C29ED0E106AC258FB90355,关于暑期后初中课后服务学业辅导的诉求,"领导好,我家住在城镇,孩子上初中,不是毕业班。我们两口子文化程度不高,两人都要上班,家里人口多,平时实在腾不出时间辅导孩子学习。现在校外学科类培训班比以前少了,我们虽然还上着一个,学费确实降了点,但总担心以后没得选或者质量跟不上。学校课后服务我们孩子每天都参加,时间也有两个小时,但感觉主要是看管,作业辅导和答疑不够扎实。孩子暑假作业时间虽然没超过规定,可我们帮不上忙,怕开学后成绩掉队。希望政府能督促学校把课后服务做实,多安排老师辅导作业、答疑,让我们这样经济和时间都紧张的家庭少依赖校外培训,孩子也能在学校把该学的学会。"
BB5F478A1E3C01A9CBE01BAC04A7DFBADD61AEF9CB199DAFADD1DE7181B737CC,关于减轻乡村小学生暑假书面作业负担的建议,"领导好,我是东部乡村一名小学生家长。暑假里我们发现孩子书面作业完成时间好像超过了规定,每天要花不少时间,我们担心影响孩子视力健康和休息。我们农村学校条件比较简陋,连个像样的操场都没有,孩子想活动都没地方。希望教育部门能督促学校在假期合理布置作业,减少机械抄写,让孩子有时间阅读、锻炼、做点家务,别总是盯着书本和屏幕。也恳请关注乡村学校硬件改善,让孩子德智体全面发展。"
4B2901F20EC94E136949C9BE9F0461BB113B80C52F21847700F1F82D8990B3D4,关于减轻乡村小学生书面作业负担的建议,"领导好,我是本地一名小学生家长。孩子今年上小学,不是毕业年级。这个月我发现孩子的书面作业完成情况没有达到规定要求,常常要写很久,有时候晚上也不能按时休息。我们两口子都在上班,家里老人也需要照顾,精力实在有限,看到孩子这么累,心里很着急。我们家条件一般,没有给孩子报外面的学科培训班,就希望孩子能健康成长。可是现在作业偏多、偏机械,孩子没时间运动、阅读和做点家务。我了解到现在有要求小学生书面作业平均完成时间不超过60分钟,学校要统筹作业总量和设计质量,加强校内指导。所以我想请领导帮忙督促学校把作业管理落到实处,优化作业设计,少一些机械抄写,多一些阅读和实践。也希望开学后课后服务能真正帮孩子在学校完成作业,减轻家长负担,让孩子有更多时间睡觉和自主活动。孩子还小,身体最重要,希望教育部门能重视我们乡村孩子的减负问题。谢谢领导。"
65BD1DC5CEBD57E63A53DE67568500C1F7E5586B902A1F2DC6D44A3A881A326B,关于严控小学书面家庭作业时长、保障孩子睡眠与自主发展的请求,"领导您好。我家孩子在东部乡镇一所普通公办小学就读,目前不在毕业年级。家里经济条件一般,父母白天都要上班,同住家人多,晚上辅导和看护时间比较紧。这个月正处寒假和春季开学过渡,我们注意到孩子书面作业情况没有符合当前年级规定的时长要求。虽然不清楚具体原因和实际每天用时,但很担心开学后作业负担会加重,挤占孩子本就不多的自主阅读、劳动和睡眠时间。孩子目前睡眠还比较充足,我们希望这个状态能保持下去。也看到有些地方曾出现孩子长期盯屏幕、机械抄写,眼睛和身体都受不了的情况,我们不想走到那一步。学校有课后服务,希望教育部门督促学校用好课后服务时段,尽量让孩子在学校完成或大部分完成书面作业,老师少布置重复性、机械性抄写,多指导孩子阅读、写日记、做力所能及的家务,真正实现全面发展。恳请领导关注乡镇学校作业管理和课后服务质量,让制度要求落到实处。谢谢。"
834C7195F8C75566B3C9707C9DFCDF22465417F607098DA9CA85A12D8C4630B1,乡村学校课后服务盼真正促进孩子全面发展,"领导好,我是一名乡村小学生的家长。这学期学校安排了课后服务,孩子每天都参加,我们也很支持。但作为家长,心里有些担忧:咱们乡村学校条件有限,课后服务会不会只是把孩子集中起来看管,而缺少像样的体育活动、兴趣拓展?孩子正处在长身体、开眼界的年纪,如果课后时间只是坐在教室里写作业或者干等,对全面发展帮助不大。我记得以前有家长反映过学校连个像样的足球场都没有,硬件设施跟不上。现在课后服务要求内容多样,可如果场地、器材、师资保障不到位,质量就很难保证。我们希望领导能关注一下乡村学校课后服务的实际落实情况,在资金和资源上多向基层倾斜,让课后服务不只是“有人看”,而是真正能让孩子动起来、学起来,促进德智体美劳全面发展。"
19D4C7A46A11D1B0D709A423C1D2300D62CC080D3024BBD04891257A7F7DF0BE,关于规范乡村小学家庭作业时长与形式的诉求,"领导您好。我家孩子在东部一所乡村公办小学就读,家庭经济条件一般,我们夫妻都在上班,平时能辅导的时间有限。最近我注意到孩子本月的书面作业情况没有完全达到学校对应年级的时长规范,这让我们很担心。孩子睡眠时间本来还算充足,但如果作业负担持续加重,很可能挤占休息和户外活动时间。学校资源条件有限,我们理解,但作业布置应当更科学。希望教育部门能督促学校严格执行作业时长规定,严控书面作业总量,提高作业质量,减少机械抄写,多引导孩子阅读、做家务和体育锻炼。孩子目前参加学校课后服务,能否利用课后服务时间完成大部分书面作业,让孩子回家后有更多自主安排和休息的时间。恳请相关部门核查协调,谢谢。"
A345C09423F7BDC2AE683EC64334B2E25FA6F71F6DC7EF5022E1C526AF2D8B22,建议加强农村小学暑期课后服务内容建设,"领导好,我是东部乡村一名小学生的家长。孩子今年暑假参加了学校的课后服务,我们很感谢有地方看管孩子,减轻了双职工家庭的负担。但我们也有些担心:我们这边学校条件比较一般,平时连像样的运动场地都很缺,课后服务会不会只是让孩子坐在教室里写作业或看视频?我们希望课后服务能真正落实国家要求的多样化内容,多安排一些体育活动、阅读、劳动实践等,不要变成变相补课或长时间用电子屏幕,保护孩子视力,也让孩子得到全面发展。另外,我们家庭经济条件一般,外面培训班也少了,更希望学校课后服务能提供优质资源,让孩子在暑假过得充实。恳请领导关注农村学校课后服务的实际开展情况,给予师资和场地支持,加强监督,别让好政策到了基层打折扣。"
DC72824B7A76C1BAFD552539D72F886BA83AD20C7EDFFDFBB43356B2B040C1E5,关于规范乡村小学家庭作业时长与形式的诉求,"领导您好。我家孩子在东部一所乡村公办小学就读,家庭经济条件一般,我们夫妻都在上班,平时能辅导的时间有限。最近我注意到孩子本月的书面作业情况没有完全达到学校对应年级的时长规范,这让我们很担心。孩子睡眠时间本来还算充足,但如果作业负担持续加重,很可能挤占休息和户外活动时间。学校资源条件有限,我们理解,但作业布置应当更科学。希望教育部门能督促学校严格执行作业时长规定,严控书面作业总量,提高作业质量,减少机械抄写,多引导孩子阅读、做家务和体育锻炼。孩子目前参加学校课后服务,能否利用课后服务时间完成大部分书面作业,让孩子回家后有更多自主安排和休息的时间。恳请相关部门核查协调,谢谢。"
241406D2C912FF8DE865AA367952872370BE2D0BB71C307DA9702A2E977751A4,关于改善乡村小学课后服务条件与活动内容的请求,"领导好。我是一名乡村小学生的家长。孩子这个月在学校参加课后服务,但学校条件比较有限,我们家长心里有些着急。我和孩子妈妈都要上班,暑假里能让孩子在学校托管,本来是好事,但我们担心课后服务更多是看管,缺少适合孩子的体育活动、阅读指导和其他兴趣内容。像我们这样的乡村学校,场地和设施本来就薄弱,孩子想跑跑跳跳、参加一些球类活动都不一定有地方。孩子正处在长身体、开眼界的阶段,我们希望课后服务不只是坐在教室里写作业或看屏幕,而是能让孩子真正动起来、学一些课堂之外的东西。我们家庭经济条件一般,自己也没法给孩子报很多兴趣班,所以特别希望学校课后服务能把内容做得更丰富一些,上级能帮助改善一下乡村学校的基本活动条件,比如活动场地和器材。也请领导关注一下乡村学校课后服务的师资和经费保障,别让这项好政策在基层变成简单的看管。谢谢。"
237CC665F2E0D37FE05F996D18DECAE8AD8F8D136B78DB9C3CEF6EB38BC85EC7,关于规范乡村小学家庭作业时长与形式的诉求,"领导您好。我家孩子在东部一所乡村公办小学就读,家庭经济条件一般,我们夫妻都在上班,平时能辅导的时间有限。最近我注意到孩子本月的书面作业情况没有完全达到学校对应年级的时长规范,这让我们很担心。孩子睡眠时间本来还算充足,但如果作业负担持续加重,很可能挤占休息和户外活动时间。学校资源条件有限,我们理解,但作业布置应当更科学。希望教育部门能督促学校严格执行作业时长规定,严控书面作业总量,提高作业质量,减少机械抄写,多引导孩子阅读、做家务和体育锻炼。孩子目前参加学校课后服务,能否利用课后服务时间完成大部分书面作业,让孩子回家后有更多自主安排和休息的时间。恳请相关部门核查协调,谢谢。"
E474AAE18124B5C86C5AB56A0EE6BB025223B6B29886AA58B8BDD2002047A143,关于农村小学暑期课后服务内容单一和设施不足的诉求,"领导好。我是一名农村小学生的家长,孩子现在上小学,暑假期间参加了学校的课后服务。我们很感谢有这样的安排,帮我们解决了照看问题。但跟同省一些家长的交流中,我也有些担心:像我们这样的乡村学校,硬件条件比较薄弱,连基本的足球场都没有,课后服务到底有没有条件让孩子开展体育活动、发展兴趣?会不会只是把孩子集中起来看管,甚至变相上课?我家孩子目前书面作业量倒是符合规定,我并不是反映作业负担问题。我担心的是,如果课后服务只是消耗时间,没有丰富的体育、阅读、劳动等内容,孩子德智体全面发展就是一句空话。希望领导能关注农村学校课后服务的实际条件,协调改善体育场地和设施,丰富服务内容,让农村孩子也能真正受益。"
9577D442A164C12D23BDD6C443ED2D7B0D3199545EAEEE3ED811D29569652D5C,关于初中生家庭作业超时的反映,"领导你好,我是一个初中生的家长。这个月孩子的书面家庭作业情况不符合国家规定的时长要求,我们很担心长期这样会影响孩子的睡眠和身体发育,也怕孩子因为赶作业失去学习兴趣。我们家庭条件一般,住在农村,自己辅导能力有限,更希望学校能科学合理布置作业。恳请领导督促学校严格执行作业管理规定,控制好每天的家庭作业量,保证孩子有足够的休息和自由活动时间。"
8F9401A49314E38E51DC4A65B4208B368944BBA62A52DDAAA8FF7A705DADF6BA,"孩子暑假书面作业超过规定时长,盼领导督促学校整改","领导,您好!我是中部某乡村的一名初中生家长。家里经济条件不太好,孩子上学靠的是公办学校,我们只希望孩子能安安稳稳读完初中,以后能上高中或职高。这个暑假,孩子有不少书面作业。我对照了一下现在对初中生的规定,书面家庭作业平均完成时间原则上不超过90分钟。可我家孩子这个月的作业情况没有达到这个要求,经常要写很长时间。我们家长文化不高,辅导不了,只能干着急。孩子本来睡眠一直还可以,现在也担心长期这样影响身体和第二天的精神。我们听说现在有要求学校统筹作业总量,还有课后服务要完善,自愿参加、内容多样。希望领导能关注一下我们乡村孩子的情况,督促学校把书面作业控制在规定时间内,别让假期变成第三个学期。如果开学后学校有课后服务,我们也希望是真正能让孩子在学校写完作业、得到老师指导,而不是变相补课或增加新的负担。我们家庭条件有限,上不起外面的培训班,只能指望学校能教好、管好。孩子现在是初中非毕业年级,不想因为作业问题对学习产生厌烦。恳请领导帮助协调解决,让政策真正落到我们这样的农村孩子身上。谢谢!"
E2D3887D5478E0AFF163227C81886483B04201BD1411AC06719E06310228CBC2,关于农村初中生家庭作业超时希望加强管理的请求,"领导您好。我是中部农村一名初中生家长,家里条件一般,孩子没报任何学科补习班,就指望在学校学好。最近发现孩子的书面作业经常超过规定时间,有时晚上要写很久,虽然孩子睡眠时间还算能保证,但长期这样下去我们很担心身体和学习的兴趣。孩子才上初中低年级,作业就这么重,以后年级高了更不敢想。我们又没能力辅导,也不会上网课,只能靠老师在学校教。希望领导能关注农村普通初中的作业负担问题,督促学校严格控制每天书面作业时间,不要超过规定,让老师提高课堂效率,少布置重复机械的作业,多给孩子一些自主复习和休息的时间。如果学校有课后服务能帮助辅导作业,我们也愿意参加,只要收费合理。谢谢。"
7BA85284D529249756273C3E76FE422BE0D7CB7970317CB2E53E0BAD92AB55EF,关于乡村初中课后服务质量和作业减负的建议,"领导您好,我是乡村一名初中学生的家长。孩子这学期参加了学校的课后服务,我们很需要这样的安排,但也担心课后服务会变成集体补课或者变相增加作业负担。我们家庭经济条件一般,希望课后服务能真正用于作业辅导和兴趣活动,坚持自愿原则,不要让孩子回来还要写很久作业。同时希望开学后继续抓好作业统筹,保证书面作业不超过90分钟,让孩子能睡够觉。也请关注乡村学校课后服务的师资和内容保障,避免老师在校外私租场地补课的情况在课后服务里换个形式出现,切实减轻我们家长的负担。"
861BE68352B1B5332F08AC82FA87E85416F1176C33FC5658CCAB13B39D9B9292,关于孩子暑假书面作业时间过长影响休息的反映,"领导您好,我是乡镇一名初中学生的家长。孩子就读的是公办学校,家庭经济条件一般。这个月孩子在家完成书面作业时,我们发现时间上有些天明显超过了规定的时长,孩子经常写到比较晚,影响了正常睡眠。作为家长,我们很担心长期这样对孩子身体不好。孩子平时睡眠时间本来比较充足,现在因为作业有些焦虑。我们理解学习需要巩固,但希望学校能严格执行作业管理规定,老师在布置作业时能控制总量,少一些重复抄写,多一些针对性练习。暑假期间也希望学校能科学安排作业,不要集中布置。希望领导能过问一下,让乡镇学校也能落实好减负要求,谢谢。"
18680A527645859DB5E8DCF60B68D86D71730AB8F3206B2CC646F0FE67DD6258,关于农村初中课后服务和作业辅导的诉求与担忧,"领导您好!我是农村初中生的家长,家里经济条件有限,自己文化水平不高,辅导孩子功课很吃力。现在学科类校外培训少了,我们更希望学校能把课后服务真正做好。这个月孩子参加了学校的课后服务,作业时间也符合规定,但马上秋季开学,我们很担心课后服务能不能持续、能不能真正帮孩子辅导作业,而不是变成变相补课或另外收费。以前听说有老师在校外租房补课收费,让我们农村家长很不安。希望领导督促学校在新学期把课后服务落实到位,多给孩子作业指导和答疑,让我们少操心,也请加强对乱补课乱收费的监管,别让家长增加负担。谢谢!"
25C7BA6E397E9296427D626DED7DEC30B80A091EF180955B682B82DC0DCFFCD5,关于孩子暑假书面作业时间过长影响休息的反映,"领导您好,我是乡镇一名初中学生的家长。孩子就读的是公办学校,家庭经济条件一般。这个月孩子在家完成书面作业时,我们发现时间上有些天明显超过了规定的时长,孩子经常写到比较晚,影响了正常睡眠。作为家长,我们很担心长期这样对孩子身体不好。孩子平时睡眠时间本来比较充足,现在因为作业有些焦虑。我们理解学习需要巩固,但希望学校能严格执行作业管理规定,老师在布置作业时能控制总量,少一些重复抄写,多一些针对性练习。暑假期间也希望学校能科学安排作业,不要集中布置。希望领导能过问一下,让乡镇学校也能落实好减负要求,谢谢。"
A2103BC38504D867C33A46F7C2FD5ABAFF845E868D5B2A90CA65015EEDBD4ECC,关于加强农村初中课后服务保障与内容多样化的请求,"领导您好,我是中部农村一名初中生家长。孩子这个暑假参加了学校课后服务,我们很感激学校提供看护和作业指导。但作为经济条件一般的农村家庭,我担心农村学校课后服务在师资和经费上比较薄弱,内容可能偏向看管和写作业,缺乏体育、艺术、劳动实践等多样活动。孩子目前作业时间在规范内,睡眠也充足,但我们希望课后服务不只是完成作业,更能帮助孩子拓宽视野、发展兴趣。我们家长期望孩子将来能升入高中或职业学校,希望课后服务能适当融入职业体验或学习方法指导,让农村孩子也有更多成长出路。恳请政府继续加大对农村学校课后服务的经费保障和师资支持,督促学校丰富服务内容,真正让家长安心、孩子受益。谢谢。"
FC6C450A35CA3B7DC65B7768707D004118921A3519229812DD13BE326D24DFE5,关于孩子暑假书面作业时间过长影响休息的反映,"领导您好,我是乡镇一名初中学生的家长。孩子就读的是公办学校,家庭经济条件一般。这个月孩子在家完成书面作业时,我们发现时间上有些天明显超过了规定的时长,孩子经常写到比较晚,影响了正常睡眠。作为家长,我们很担心长期这样对孩子身体不好。孩子平时睡眠时间本来比较充足,现在因为作业有些焦虑。我们理解学习需要巩固,但希望学校能严格执行作业管理规定,老师在布置作业时能控制总量,少一些重复抄写,多一些针对性练习。暑假期间也希望学校能科学安排作业,不要集中布置。希望领导能过问一下,让乡镇学校也能落实好减负要求,谢谢。"
033042391088DD355A648D7941982414D0BD3313DABF24CC4C307C5749D00C0E,关于乡村初中课后服务质量和作业负担的建议,"领导您好,我是一名乡村初中学生的家长。孩子现在每天参加学校课后服务,书面作业时间目前控制得还可以,但我们家庭经济条件有限,也没有能力在外面报班。现在校外学科培训少了,我们更希望学校课后服务能真正帮孩子把作业弄懂、有一些拓展活动,而不是单纯看管或者变相补课收费。暑假快结束了,担心开学后课后服务落实不到位,作业又增多,孩子睡眠受影响。希望领导督促学校保障课后服务师资和内容,减轻我们农村家庭负担。"
39796C215319FE17F92CA19E79286A09A5519E80FFE50EC4D18C354DF73A0C20,关于小学生暑假书面作业负担的反映,"领导您好,我是一名小学生的家长。孩子所在年级按规定不应布置书面家庭作业,但目前孩子的书面作业情况仍不符合这一规范。暑假本来是孩子休息调整、锻炼身体的时间,现在却还有书面作业,我们担心孩子的睡眠和户外活动会受到影响。我们家长文化程度不高,白天都要上班,晚上还要陪着孩子写作业,实在力不从心。过去也听说过有学校通过变相增加作业来应对检查,或者频繁更换老师,家长们担心反映后会给孩子带来不利影响,常常敢怒不敢言。希望有关部门能重视这个问题,督促学校严格落实作业管理要求,真正减轻孩子的课业负担,让孩子有充足的睡眠和活动时间,过一个健康的假期,也让我们家长能安心工作。"
D5574B7BD7CEDCE04243362FD7A6226DE8385D28C5C56D2BE08B1751D722CD81,关于小学暑假书面作业负担未符合减负要求的反映,"领导您好。我家孩子在城镇一所公办小学就读,目前是小学非毕业年级。最近看到有关作业管理的政策要求,明确小学阶段原则上不布置书面家庭作业,并且要统筹作业总量和设计质量。但这个暑假,孩子实际书面作业负担并未符合这一规定,虽然具体作业量不大,但书面任务确实存在,且我们不清楚学校是否经过统筹设计。我们家长白天都要上班,家庭时间有限,孩子虽然目前睡眠还算充足,但担心开学后作业负担会加重,影响休息和健康成长。以前也听说过有学校在被反映后变相增加作业或频繁更换老师,所以家长们往往不敢轻易反映。但作为家长,还是诚恳希望领导能督促学校严格落实作业管理要求,把减负工作做细做实,同时完善课后服务,让孩子能在校内得到有效的作业指导,而不是把压力全部带回家中。谢谢。"
DDC28C5D70754B3439AD7273404D752C1A4B553614F4210B5935BD4191724C0D,关于小学书面作业负担与睡眠保障的反映,"我家孩子在公办小学就读,目前尚未到升学衔接年级。按现行规定,该年级原则上不应布置书面家庭作业。但本月我观察到孩子的书面作业情况并不符合这一规范,虽然没有具体统计过作业量,但作为家长很担心作业负担挤占孩子的休息时间。孩子原本睡眠时间比较充足,如果作业增多,长期晚睡会影响身体发育和第二天的学习状态。我们家庭经济条件一般,父母都在工作,晚上陪伴和辅导的时间有限,孩子参加学校课后服务,也希望课后服务能真正用于拓展和休息,而不是变相成为书面作业的延伸。过去也听说过有学校因为作业多被反映后出现频繁换老师等情况,家长敢怒不敢言,但为了孩子健康成长,还是希望领导能督促学校严格落实作业管理要求,切实减轻学生负担,保障孩子的睡眠和身心健康。"
65B841C1F02B9F349DA015E1A03C1244845D160DA71D2FF2CFE984352F633206,关于提升小学课后服务质量并保障自愿参加的诉求,"领导您好。我是本地一名小学生的家长。我和爱人平时都要上班,家里经济条件一般,孩子放学后没人照看,所以这学期开学后我们让孩子参加了学校的课后服务。目前看,孩子书面作业情况符合年级规范,但作为家长,我比较担心课后服务能不能真正达到自愿、多样、有效的目标。据我了解,部分家长有类似顾虑:课后服务内容主要是看管写作业或自由活动,活动形式比较单一;也有家长担心不参加会被老师区别对待,所以不敢不报。我们孩子所在学校不是重点校,硬件和师资有限,我担心课后服务时间没有真正用好操场、图书室等资源,而是把学生圈在教室里。另外,我们家庭负担不起校外培训,如果课后服务不能提供有质量的学习辅导和素质拓展,就容易被一些隐蔽的学科培训钻空子,加重我们的焦虑。希望上级部门能加强对学校课后服务落实情况的监督检查,确保自愿原则落实到位,丰富课后服务内容,让有需要的家庭真正受益,而不是流于形式或变相增加孩子在校负担。"
574BCEF32F30DD7DF0DCF83FC907A6C4B92117A279EB2686C68A1F185F5E2D22,关于暑期课后服务书面作业影响孩子休息的反映,"领导好,我是一名西部城镇小学生的家长。孩子就读公办学校,现在不是毕业年级,按现行规定,这个年级原则上不布置书面家庭作业。可最近孩子参加学校暑期课后服务,回家后还要完成一些书面练习,有时写到比较晚,睡眠时间比之前明显缩短。我们家长都在上班,经济条件一般,没法给孩子额外辅导,只希望学校能合理安排在校时间。暑假本来是孩子休息调整的时候,如果课后服务期间还变相增加书面任务,我们担心孩子身体吃不消,也影响开学状态。恳请有关部门督促学校严格落实作业管理要求,暑期托管不要额外布置书面家庭作业,让孩子能有充足的睡眠和户外活动。谢谢。"
D5286143FB42F22DC110CF5121EAA62A9357D974D19F562D19CCF7681655946C,关于学校课后服务应真正减负并丰富内容的请求,"领导您好,我是一名小学生的家长。孩子目前在公办小学就读,这个暑假参加了学校提供的课后服务。按照政策要求,课后服务应该内容多样,自愿参加,并衔接好时间。但作为家长,我有些担忧。以前我们看到过身边有学校在减负政策后,表面上不布置书面作业,实际上通过其他方式增加孩子负担,甚至频繁更换老师让家长不敢反映。现在孩子虽然暂时作业负担不重,但我担心开学后学校会把课后服务时间变成变相的作业辅导或补课,而不是真正组织体育、艺术、阅读等活动。孩子所在的学校资源一般,但我们希望学校的操场、图书室等设施能在课后服务中真正用起来,而不是摆设。希望领导能督促学校严格落实课后服务要求,保证服务内容多样,不利用服务时间讲新课或布置额外书面作业,真正减轻孩子负担,让我们家长放心。"
1DBBEC2F1E1E7F07F5B7804FAD6EB47E0340C8CD9153773A79D4BC64A24ACA5A,关于暑期课后服务书面作业影响孩子休息的反映,"领导好,我是一名西部城镇小学生的家长。孩子就读公办学校,现在不是毕业年级,按现行规定,这个年级原则上不布置书面家庭作业。可最近孩子参加学校暑期课后服务,回家后还要完成一些书面练习,有时写到比较晚,睡眠时间比之前明显缩短。我们家长都在上班,经济条件一般,没法给孩子额外辅导,只希望学校能合理安排在校时间。暑假本来是孩子休息调整的时候,如果课后服务期间还变相增加书面任务,我们担心孩子身体吃不消,也影响开学状态。恳请有关部门督促学校严格落实作业管理要求,暑期托管不要额外布置书面家庭作业,让孩子能有充足的睡眠和户外活动。谢谢。"
476DEC4ADA714C8E1DFA94ECE86B30D48590B343F109585148FD317F69545FF2,关于暑假课后服务内容与作业负担的诉求,"领导您好,我是西部地区一名小学生的家长。我们两口子都在上班,暑假孩子参加了学校的课后服务,每天时间不短。现在政策要求减轻作业负担、丰富课后活动,我们很拥护。但作为家长,心里总有些不踏实:一是担心课后服务变成变相补课或布置书面作业,孩子回家还要忙到很晚;二是听说有的学校因为家长提意见后,孩子被频繁换老师或作业突然变多,我们也怕反映问题后孩子被区别对待。希望领导能督促学校真正落实课后服务的内容多样,多安排体育、阅读、艺术等活动,不布置书面家庭作业,保护孩子的休息和视力,也让我们双职工家庭安心。"
ED2C0933899778D616F6E2A00F54708273866D3122506C929437E4C2DF163443,关于暑期课后服务书面作业影响孩子休息的反映,"领导好,我是一名西部城镇小学生的家长。孩子就读公办学校,现在不是毕业年级,按现行规定,这个年级原则上不布置书面家庭作业。可最近孩子参加学校暑期课后服务,回家后还要完成一些书面练习,有时写到比较晚,睡眠时间比之前明显缩短。我们家长都在上班,经济条件一般,没法给孩子额外辅导,只希望学校能合理安排在校时间。暑假本来是孩子休息调整的时候,如果课后服务期间还变相增加书面任务,我们担心孩子身体吃不消,也影响开学状态。恳请有关部门督促学校严格落实作业管理要求,暑期托管不要额外布置书面家庭作业,让孩子能有充足的睡眠和户外活动。谢谢。"
1FE4C0A1C92D54E53554D225D4CB14B7E40E160A454894D43F06D0EA55194D29,关于学校课后服务提质减负的建议,"领导好,我是一名小学生的家长。我们夫妻都要上班,家里经济条件一般,孩子放学后无人照看,所以学校开展的课后服务对我们帮助很大,这个月孩子也在参加。但我从周围家长那里听说,有些学校的课后服务只是简单看管,有的甚至用来赶进度、布置额外作业,学生负担并没有减轻。我家孩子现在这个年级按规定是不布置书面家庭作业的,这个月作业情况也符合要求,但我担心开学后学校可能通过课后服务变相增加负担。希望相关部门能督促学校严格落实减负要求,课后服务多安排阅读、体育、艺术、科技等活动,不要变成补课或作业辅导;同时保证课后服务师资稳定,避免频繁更换。也希望能定期向家长公开课后服务内容和效果,让我们放心。"
BAB0E1AAA82496135D113D6ECDED57A9AAC814BA4FEC87D10DD87EFCC19DFFAA,"农村初中生暑假学习监管难,盼提供公益性托管","领导好,我是西部农村的一名初中生家长。我们夫妻俩都要上班,家里人多但白天都各忙各的,孩子放暑假基本自己在家。我们文化不高,辅导不了作业,家里条件也供不起补习班。孩子做完作业后,我们担心他整天看电视玩手机,学习会掉队,也怕他一个人在家或外出不安全。盼着政府能在暑假组织一些公益性的托管班、兴趣活动,或者让学校老师定期线上问一问、指导一下,帮我们农村孩子把假期管起来。谢谢。"
72D31B4EF575A62AF9882BDA55425D45B24ED8763D27576371A2351CA4F8AC49,关于农村初中课后服务保障的诉求,"领导好,我家孩子在乡镇初中读书,不是毕业班。我们两口子都在打工,家里老人多但辅导不了功课。听说现在学校要开展课后服务,我们很期待,但担心我们这里学校条件差、老师不够,课后服务会不会变成单纯看管,或者另外收费。希望政府能重点保障农村学校的课后服务经费和师资,让孩子在学校把作业完成,有老师指导,我们家长也能安心干活。另外也希望学校严格控制作业量,不要都推给家长。"
418A4A1D094B4EDBDCD882E6367859B9BC67DA0E5F2005B02BBC4FC4BBB773DB,关于农村初中生课后照管问题的求助,"领导您好,我是西部农村一名初中生的家长。我们两口子平时都要上班,家庭经济条件有限,没能力给孩子报校外辅导班。这个月孩子的作业时间虽然符合要求,但一直没参加学校课后服务。眼看就要开学了,我们最发愁的是孩子放学后和周末的照管。村里不像城里,没有图书馆、少年宫这些去处,孩子自己在家我们也不放心作业辅导和日常安全。希望政府能帮助解决农村初中生课后照管问题,推动学校把课后服务真正办起来,哪怕先有老师看着写作业、组织些体育活动也好,这样孩子安全有保障,我们家长也能安心工作。"
604C25933B3FD42E4F0ABC035CCAFC8ED97E0E89B1D34D7580E271D028BE72CC,乡村初中生课后服务请别变成“只托不管”,"领导好。我家孩子在乡镇初中读书,家里条件一般,我们两口子都要打工,孩子多,精力实在有限。现在孩子每天参加学校课后服务,作业时间看着是合规了,但我们最担心的是课后服务到底有没有人实实在在辅导、内容丰不丰富。农村学校师资本来就紧,课后服务如果只是把学生集中看管,对孩子帮助不大,还耽误回家。每天课后服务结束,天都快黑了,乡村路远,我们来不及接,孩子自己走夜路实在不放心。听说有的地方课后服务后学生安全出过问题,我们心里更没底。希望领导能督促学校把课后服务管好,真正安排老师答疑、开展一些有益活动,同时把课后服务结束后的安全交接管起来,别让好事变成家长的负担。我们没别的本事,就盼孩子能平平安安、好好读书,以后能考上大学。"
06893C380DAD9283E06F35ED011693405D59527E7FD9F1BE6BFC4D421EBA0259,农村初中生暑假无人看管学习辅导盼帮助,"领导您好,我是西部农村一名初中生的家长。家里经济条件一般,我和孩子爸爸都要上班,家里人口多,暑假孩子白天基本没人照看。孩子作业时间虽然没超过规定,但我们文化程度不高,辅导不了,也没有能力报课外班。现在假期过了一半,孩子在家要么睡觉要么玩手机,我们既担心学习跟不上,又怕他一个人出门不安全。这个月孩子没有参加学校课后服务,我们也不知道假期学校或乡镇有没有公益托管安排。希望领导能帮忙协调一下,让农村学校或社区在暑假提供一些托管、作业辅导或文体活动,哪怕适当收点费用我们也愿意,总比让孩子一个人在家强。"
D876E13554E67610D136149CA93DD3CA04359059589502AFC2D531610EC691A5,希望农村学校课后服务能真正辅导孩子学习,"领导好,我家孩子在农村初中读书,这个暑假学校有课后服务,孩子也参加了。我们两口子都要干活,文化不高,晚上回来也没精力辅导,家里经济不宽裕,外面补课又少,我们实在没有别的办法。希望领导关注一下农村学校的课后服务,能不能让老师多给孩子讲讲作业、补补基础,不要只是集中看管。开学以后也希望课后服务继续有老师辅导作业,因为作业虽然不超过规定时间,但孩子有不会的我们教不了。我们相信学校,希望每天两个小时的课后服务能用扎实,真正帮到我们这样的家庭。"
934203C9FE4E36F86089BBD15A5806977D49F32D900B01363DD7174E1D0109D3,农村初中生暑假无人看管学习辅导盼帮助,"领导您好,我是西部农村一名初中生的家长。家里经济条件一般,我和孩子爸爸都要上班,家里人口多,暑假孩子白天基本没人照看。孩子作业时间虽然没超过规定,但我们文化程度不高,辅导不了,也没有能力报课外班。现在假期过了一半,孩子在家要么睡觉要么玩手机,我们既担心学习跟不上,又怕他一个人出门不安全。这个月孩子没有参加学校课后服务,我们也不知道假期学校或乡镇有没有公益托管安排。希望领导能帮忙协调一下,让农村学校或社区在暑假提供一些托管、作业辅导或文体活动,哪怕适当收点费用我们也愿意,总比让孩子一个人在家强。"
061FDF2B039AA475A50DDEB3B5C1A4CA30C34CC66BB37632E65ACFB399BAB310,关于农村初中生暑假课后服务内容与照护保障的求助,"想反映一下暑假学校课后服务的事。我们家在西部农村,经济条件一般,大人白天都要上班或做工,孩子上初中,不是毕业班。这个暑假孩子参加了学校的课后服务,我们本来以为能减轻一些看护负担,但实际感觉服务内容还是以看管为主,活动比较单一,孩子待久了积极性不高。家里孩子多,我们文化水平也不高,辅导不了作业,也担心他假期荒废。现在校外学科培训收缩了,我们也没条件报其他班,学校课后服务几乎成了唯一指望。希望领导能督促学校把暑期课后服务做得更实在一些,增加一些体育、阅读、兴趣方面的内容,时间上也能和大人下班、农忙时间更好地衔接。同时暑假快结束,也想请领导关注秋季开学后课后服务能不能继续保障好,不要只停留在有人看管,真正让孩子在校园里过得安全、有益,我们家长也能安心做事。"
CBB452F70D9668743EEDA895B45647FB835FED4E9E316EDF1E281AF24A8D3993,农村初中生暑假无人看管学习辅导盼帮助,"领导您好,我是西部农村一名初中生的家长。家里经济条件一般,我和孩子爸爸都要上班,家里人口多,暑假孩子白天基本没人照看。孩子作业时间虽然没超过规定,但我们文化程度不高,辅导不了,也没有能力报课外班。现在假期过了一半,孩子在家要么睡觉要么玩手机,我们既担心学习跟不上,又怕他一个人出门不安全。这个月孩子没有参加学校课后服务,我们也不知道假期学校或乡镇有没有公益托管安排。希望领导能帮忙协调一下,让农村学校或社区在暑假提供一些托管、作业辅导或文体活动,哪怕适当收点费用我们也愿意,总比让孩子一个人在家强。"
ACD4654279C162BF20F6BDB32F31E99F32F349893B8DCAE56C0DE26681C57FFF,"恳请加强农村学校课后服务,别让农村娃暑期虚度","领导您好:我是西部农村一名初中生家长,文化不高,家里条件不好,我们两口子平时都要忙生计,陪伴和辅导孩子的时间不多。这个暑假学校开了课后服务,孩子也去参加了,我们很感激,至少孩子有地方去、有人管。但我听说城里学校课后服务有老师辅导作业、带着开展活动,我们这边可能更多是看着孩子写作业,内容比较单一。我们农村孩子本来就没条件到外面补课,现在外面学科班也少了,想提高只能靠学校。孩子睡眠时间是足的,可学习上没人帮一把,以后想考大学更难。希望领导多关心农村学校的课后服务,安排老师真正辅导作业、讲讲知识,或者组织一些体育、安全教育,别让孩子一暑假荒废了。同时请加强管理,确保孩子在校安全。谢谢领导。"
789815737B45E4F8574A377E9132212A46F8019AA896FD1E89AA9891835E4155,关于解决双职工家庭学生接送和课后照护困难的建议,"领导好,我是一名公办小学学生的家长。我们夫妻都在上班,工作时间固定,孩子学校离家较远,单程通学时间长。暑假快结束了,我们很担心开学后的接送和课后照护问题。很多像我们这样的双职工家庭,要么只能靠家里老人接送,但老人年纪大、腿脚不便,遇到刮风下雨过天桥非常危险;要么只能找校外午托晚托,费用高且安全让人不放心。我们家庭经济条件一般,实在承受不起太高的托管费用。希望政府能协调学校提供普惠性的课后延时服务、午托服务,或者开通校车,切实减轻我们双职工家庭的负担,让孩子能安全、安心地学习,我们也能放心工作。"
8A889FF19E62495FA69714D794965810C37E51CDAD8FB8032F81810393477B9B,关于新学期学校课后服务落实的诉求,"我们是孩子就读公办小学的家长,孩子学校离家较远,单程通学时间长,我们夫妻双方都要上班,家庭收入不高。暑假后新学期开始,孩子放学时间与我们的下班时间难以衔接,家里也缺乏稳定的照看人手,接送和辅导作业都让我们发愁。现在了解到学校要完善课后服务,我们非常期盼。希望学校能真正提供自愿参加的课后服务,时间上尽量衔接家长下班,内容上能辅导作业、开展文体活动,这样我们就不必花高价找校外托管,孩子也能安全度过放学后的时间。另外,我们家长文化程度不高,辅导作业吃力,希望老师在课后服务中加强作业指导,减轻家庭负担。谢谢领导。"
D87B1C64E0F2AB4B1A3410A67D3ED40AF9009996DB81466B00EBC7A41DAE8985,关于延长小学课后服务时间解决双职工接送难题的建议,"我们家是双职工家庭,孩子就读公办小学,学校离家比较远,单程通学时间较长。孩子目前参加了学校的课后服务,但我们下班时间比较晚,担心课后服务结束后孩子没人接管,自己回家路上也不安全。我们经济条件有限,长期靠老人或校外托管都不现实。希望政府能协调学校适当延长课后服务时间,或者提供延时托管,让服务时间跟家长下班时间更好衔接,同时考虑一下通学不便的问题,保障孩子安全。谢谢。"
30399C7B21A516D4152F7B447627A566A6191F42C8C1F2AA48458BE44CAFB463,关于优化小学课后服务解决双职工接送难题的建议,"我是一名小学生家长,孩子就读公办小学,我们夫妻双方都在上班,下班时间较晚,家里经济条件一般,孩子通学路程又比较长。现在学校有课后服务,孩子也参加了,但课后服务结束时间和我们下班时间还是衔接不上,接孩子成了大难题。如果让孩子自己回家,路途远又不安全。希望领导能多考虑双职工家庭的实际困难,督促学校进一步完善课后服务,适当延长服务时间,或者提供校车等交通保障,也可以借鉴一些地方弹性离校的做法,让孩子能在学校安全待到家长下班。这样既能解决接送问题,也能减轻我们找校外托管的经济负担,恳请领导关注。"
719B0E32106B8C452D392CE60BD3ACC3C62E968812C69575A2840FF2DC0FC84B,关于解决小学生课后服务与通学交通困难的建议,"我是一名小学生家长,孩子就读公办重点小学,学校离家较远,单程通学时间较长。我们夫妻均为上班族,家庭经济条件一般,无法长期依靠老人接送或选择校外托管。目前孩子参加学校课后服务,我们很感激,但新学期开始后,担心课后服务结束时间与下班时间衔接不上,孩子放学后无人照看。另外,通学路途较远,老人接送不便,也存在安全担忧。恳请领导关注双职工家庭的实际困难,协调学校适当延长课后服务时间,或提供校车等交通保障,让孩子安全、家长安心。"
F95AD113A9D7DE957A1A6256C667D806845396A3E26DC20C14165C2BD0C74FFA,希望课后服务能解决双职工家庭接送难题,"我家孩子在公办小学就读,离家较远,我们夫妻俩都在上班,下班时间较晚,家庭收入也不高,校外托管费用难以承受。这个月孩子参加了学校课后服务,我们很感谢,但新学期临近,我们担心课后服务结束时间与我们的下班时间衔接不上,孩子独自回家路上不安全。我们也担心课后服务只是简单看管,缺乏作业辅导和兴趣活动,对孩子帮助有限。希望领导能督促学校进一步优化课后服务,适当延长服务时间,丰富服务内容,并协调解决孩子回家交通问题,让我们这样的普通双职工家庭能安心工作。"
A4B5579C9BA8C267B2753F0C546E8D4C13906A69D114BEBC66286E6F4E1F17A5,关于解决小学生课后服务与通学交通困难的建议,"我是一名小学生家长,孩子就读公办重点小学,学校离家较远,单程通学时间较长。我们夫妻均为上班族,家庭经济条件一般,无法长期依靠老人接送或选择校外托管。目前孩子参加学校课后服务,我们很感激,但新学期开始后,担心课后服务结束时间与下班时间衔接不上,孩子放学后无人照看。另外,通学路途较远,老人接送不便,也存在安全担忧。恳请领导关注双职工家庭的实际困难,协调学校适当延长课后服务时间,或提供校车等交通保障,让孩子安全、家长安心。"
FE79AE33812E955D3A73607602AA9ADE957D15AFE4A04369B5FD843029304E25,关于优化小学课后服务与解决双职工接送难题的请求,"领导您好,我家孩子在重点小学读书,学校离家远,我们两口子都在上班,家里老人腿脚不好,接送孩子实在吃力。现在学校有课后服务,孩子也参加了,但结束时间还是比我们下班早,接孩子依然是个大难题,尤其刮风下雨天,老人孩子都受罪。我们经济条件一般,也没法额外报班。希望政府能协调学校适当延长课后服务时间,或者安排校车,让孩子能安全到家。另外,课后服务能不能多些作业辅导和兴趣活动,让我们双职工家庭更安心。"
FC8F76F47C79137AC4460ED46D01B1C4C1535C80E104AD2A0EF91DDDB3CA854E,关于解决小学生课后服务与通学交通困难的建议,"我是一名小学生家长,孩子就读公办重点小学,学校离家较远,单程通学时间较长。我们夫妻均为上班族,家庭经济条件一般,无法长期依靠老人接送或选择校外托管。目前孩子参加学校课后服务,我们很感激,但新学期开始后,担心课后服务结束时间与下班时间衔接不上,孩子放学后无人照看。另外,通学路途较远,老人接送不便,也存在安全担忧。恳请领导关注双职工家庭的实际困难,协调学校适当延长课后服务时间,或提供校车等交通保障,让孩子安全、家长安心。"
D5F1F3B1C4B733503EE32A345C4612295AD0A7FB546F719D628B7D9169C0CFB9,关于优化小学课后服务时间衔接与内容质量的建议,"我是一名小学生家长,孩子就读公办重点学校,但单程通学时间较长,我们夫妻都在上班,家庭时间安排很紧。目前孩子虽然参加了学校课后服务,但临近开学,我们最担心的是课后服务结束时间与家长下班时间衔接不足,以及活动内容是否充实、安全是否有保障。希望领导能督促学校进一步优化课后服务,明确最晚看护时间,丰富体育、阅读、兴趣活动,并保障师资和经费;如果条件允许,协调开通校车或提供延时照护,缓解双职工家庭的接送压力,避免我们被迫寻找无资质托管。"
