request_row_id,profile_sim_id,architecture_id,simulation_month,analysis_weight,embedding_row
4C80578741511A52BC29469925A9D1C8F61CBE169288AAC6ECA0D7FA6632FA42,028ab16eb89ab5d75be10d5ac779fe151a996ce27b2bf8c7c1e46393f5272146,M0,2021-08,27.67590270650354,0
D6A57DA6A6411AF80237A5091CF85317EF43419A3AAB9B04537E0AD29CE78DF0,028ab16eb89ab5d75be10d5ac779fe151a996ce27b2bf8c7c1e46393f5272146,M1,2021-08,27.67590270650354,1
6B79C6B6DBD5E4B7799B478BC602261171C19F5F025533BBDDF67E8C64DA8890,028ab16eb89ab5d75be10d5ac779fe151a996ce27b2bf8c7c1e46393f5272146,M2,2021-08,27.67590270650354,2
5A00DEE4BAA54BD0EC9AE8CB82C93A81821A68081CCACE05BD66FB2F239387F5,028ab16eb89ab5d75be10d5ac779fe151a996ce27b2bf8c7c1e46393f5272146,M3,2021-08,27.67590270650354,3
BFB13EB6C27A7C1CB400466F7BED0F0290346C431A12A8692E4868865AAE5192,028ab16eb89ab5d75be10d5ac779fe151a996ce27b2bf8c7c1e46393f5272146,M0,2022-02,27.67590270650354,4
C1F30D7AAE3942F7C5B7488AC04EB462A2442F0AEE0214130857DEBCB1CEAA65,028ab16eb89ab5d75be10d5ac779fe151a996ce27b2bf8c7c1e46393f5272146,M1,2022-02,27.67590270650354,5
10D0277A00B610EED44F881E1E9B096914E55587C05044D8C7A10D32AAF51B42,028ab16eb89ab5d75be10d5ac779fe151a996ce27b2bf8c7c1e46393f5272146,M2,2022-02,27.67590270650354,6
55E80A9863BCDCB835F715A0D6E50D0E8EEC7BD4DFBA8BF6B37DAB9108DAAB00,028ab16eb89ab5d75be10d5ac779fe151a996ce27b2bf8c7c1e46393f5272146,M3,2022-02,27.67590270650354,7
42B3E923E86D37AD0280D65D7EBE4A39B533AF507A16A2E0AB4DEAB25BE6DF51,028ab16eb89ab5d75be10d5ac779fe151a996ce27b2bf8c7c1e46393f5272146,M0,2022-08,27.67590270650354,8
AB531BE71421A2A71A631B7508886BEFE2EE9100A2F8308EEDBDFD22220CA4AB,028ab16eb89ab5d75be10d5ac779fe151a996ce27b2bf8c7c1e46393f5272146,M1,2022-08,27.67590270650354,9
E3E12B97F52C38806E61594C0F63AF6737817333D56F2B6EBA53DA94F72FAE69,028ab16eb89ab5d75be10d5ac779fe151a996ce27b2bf8c7c1e46393f5272146,M2,2022-08,27.67590270650354,10
89E610F8E5A4300FE12B094621DF2A3C05C26BD33ADBF9E85A26B176BBE0A3CA,028ab16eb89ab5d75be10d5ac779fe151a996ce27b2bf8c7c1e46393f5272146,M3,2022-08,27.67590270650354,11
DF76669B6D039EEB5CA32E6AD658A271FC66BB2E3E467D6F8727A71DF8F489A2,028ab16eb89ab5d75be10d5ac779fe151a996ce27b2bf8c7c1e46393f5272146,M0,2023-08,27.67590270650354,12
42AEABC116DFA8D2FFA86EE539A8934E38E89289003A2243863ED376A769DA79,028ab16eb89ab5d75be10d5ac779fe151a996ce27b2bf8c7c1e46393f5272146,M1,2023-08,27.67590270650354,13
FA5F6343CA476C03A664014B801190C6A5AFEE0F27FB509E44582B34D3368FCF,028ab16eb89ab5d75be10d5ac779fe151a996ce27b2bf8c7c1e46393f5272146,M2,2023-08,27.67590270650354,14
786CC4751B0308123D5858265F510BC3BE2DC3D8B752DFA7F345FDF0073220D0,028ab16eb89ab5d75be10d5ac779fe151a996ce27b2bf8c7c1e46393f5272146,M3,2023-08,27.67590270650354,15
0C68988B17D46C2EEA17E43BC34BEC96DFB924F9447BA8419D6C979E2EA18A32,028ab16eb89ab5d75be10d5ac779fe151a996ce27b2bf8c7c1e46393f5272146,M0,2024-08,27.67590270650354,16
358C4B47F13AF082C9487A41AC0F2D85CE0031078F1CDE5E803C2E6453646B6B,028ab16eb89ab5d75be10d5ac779fe151a996ce27b2bf8c7c1e46393f5272146,M1,2024-08,27.67590270650354,17
30CCE1EB5DF35E33D9396D5FF687D3D86E1E17DAC3ABD9941C7D1A3FBDD06F0F,028ab16eb89ab5d75be10d5ac779fe151a996ce27b2bf8c7c1e46393f5272146,M2,2024-08,27.67590270650354,18
A513FF2A16BA9E3420F3BCDE28811237B2C2EBE926991E4AE3E5A9FF98FD3EFB,028ab16eb89ab5d75be10d5ac779fe151a996ce27b2bf8c7c1e46393f5272146,M3,2024-08,27.67590270650354,19
FA7ADE879BC67D77C3984A24D7F96826FDC1DD84820C775E06833E82942F807D,1531987208c0260f9c3aa61863be53305410b5c152f70de8f96959d86255a462,M0,2021-08,45.65569928834763,20
D8FFD39B195A6C5F27CF2980BE0B2574BC3FE2747F1FB5164457C08EAC57ABD3,1531987208c0260f9c3aa61863be53305410b5c152f70de8f96959d86255a462,M1,2021-08,45.65569928834763,21
76CE30E71492DD2C5BB909F65B996FC3FC3F3D28F6E00C60E6D619DD630577A4,1531987208c0260f9c3aa61863be53305410b5c152f70de8f96959d86255a462,M2,2021-08,45.65569928834763,22
10F07B5E9021DEC8641BE614FF13808379C69469F4133D3DDFAC26CED0723DD4,1531987208c0260f9c3aa61863be53305410b5c152f70de8f96959d86255a462,M3,2021-08,45.65569928834763,23
639C85EEA2DBA47A73C122CC6C3030C591A24B26A3A81DE02330CD5A427DB7B7,1531987208c0260f9c3aa61863be53305410b5c152f70de8f96959d86255a462,M0,2022-02,45.65569928834763,24
C0307EAF39CF899C1E3C00D8117C2104506AEACDE84672E13673C6474FF3AE68,1531987208c0260f9c3aa61863be53305410b5c152f70de8f96959d86255a462,M1,2022-02,45.65569928834763,25
D3B00FBA6BB6EAD0938DF825FF6DC5B821272AB2F0F1B81D2A8BDE56B42629C1,1531987208c0260f9c3aa61863be53305410b5c152f70de8f96959d86255a462,M2,2022-02,45.65569928834763,26
3520528963021A8D91AF76CFB355CF21EC37E7FC8EC569684AAAA61D60CA15D0,1531987208c0260f9c3aa61863be53305410b5c152f70de8f96959d86255a462,M3,2022-02,45.65569928834763,27
4DB71D45EF361316D1067D62A9B05866A0597F7716AE49A14E1D85B2C773C1CD,1531987208c0260f9c3aa61863be53305410b5c152f70de8f96959d86255a462,M0,2022-08,45.65569928834763,28
5BC229DBBBA4138A8137617E21E5134C71C65EA42A57A94C7CC40AD972574246,1531987208c0260f9c3aa61863be53305410b5c152f70de8f96959d86255a462,M1,2022-08,45.65569928834763,29
4203BFB5195FB9F36AD108503FF31BEE847522C24559989BA666D2DB02A23D05,1531987208c0260f9c3aa61863be53305410b5c152f70de8f96959d86255a462,M2,2022-08,45.65569928834763,30
34EE50F5FD846DF799FF4BE71F4DF98B3F27C296E61177D34178E11FAFEDD5B4,1531987208c0260f9c3aa61863be53305410b5c152f70de8f96959d86255a462,M3,2022-08,45.65569928834763,31
3915A1EC29432EAE154574D31A0A77B9584635913756863B65B4BC7C7B87ECC2,1531987208c0260f9c3aa61863be53305410b5c152f70de8f96959d86255a462,M0,2023-08,45.65569928834763,32
6F65BD1B5117746F02B014459C29CBE00FC116E5814FAC54040973C47EFB2B8E,1531987208c0260f9c3aa61863be53305410b5c152f70de8f96959d86255a462,M1,2023-08,45.65569928834763,33
001878608DD68CFCE90C4783C0608C2231BDA45E16BB56EDCC1C0014843BF674,1531987208c0260f9c3aa61863be53305410b5c152f70de8f96959d86255a462,M2,2023-08,45.65569928834763,34
79D977468E6559BE3F597F7415DD1809D89AB6CDC0C7547C0892F23A570537E8,1531987208c0260f9c3aa61863be53305410b5c152f70de8f96959d86255a462,M3,2023-08,45.65569928834763,35
D3960D135298E3B020DE2DAECBA80DF801F8C47093186A97715BBB1291F213E2,1531987208c0260f9c3aa61863be53305410b5c152f70de8f96959d86255a462,M0,2024-08,45.65569928834763,36
FE6BAE654C4DCD0DB7AE0723924B176EFD377CA6D9FB2FB2A5188266B0B86AD8,1531987208c0260f9c3aa61863be53305410b5c152f70de8f96959d86255a462,M1,2024-08,45.65569928834763,37
67C32D55D2E8799694FA91967B61B92CFA6FB49D12F86E4BD3273D0A809AB41A,1531987208c0260f9c3aa61863be53305410b5c152f70de8f96959d86255a462,M2,2024-08,45.65569928834763,38
52A3645864DDA7525C8411EBF6C94F2691413B265BAE86052E96738F813C638E,1531987208c0260f9c3aa61863be53305410b5c152f70de8f96959d86255a462,M3,2024-08,45.65569928834763,39
DFCB9FD4A410BE1AB7A04EC09E3CD59782DC513F237D1645DA7A4EC662130E33,199b64ee4a204f420933a33fc99b0024578ca4935c24082ce06b37c3176b44ed,M0,2021-08,17.18396905091832,40
7AA2CADD64B9B8864C8220D978BE9B1FEE55D896D41A17F6D9A68ACF5D0E8CFF,199b64ee4a204f420933a33fc99b0024578ca4935c24082ce06b37c3176b44ed,M1,2021-08,17.18396905091832,41
B94C86BC70E86C0BFE5C389564E6F6B15F45C89286A3DA436DAD16A343CC39F7,199b64ee4a204f420933a33fc99b0024578ca4935c24082ce06b37c3176b44ed,M2,2021-08,17.18396905091832,42
8C72BD0F38721C61750AC262AD1221D5D321399AFBA6335172DAFEE1C0238AEF,199b64ee4a204f420933a33fc99b0024578ca4935c24082ce06b37c3176b44ed,M3,2021-08,17.18396905091832,43
5B600E5FBE5CEFD4811616A669A711012103BA6F2F2E142FE9BF37C34607E656,199b64ee4a204f420933a33fc99b0024578ca4935c24082ce06b37c3176b44ed,M0,2022-02,17.18396905091832,44
DD43F14D4B252FCDBC3C9342E12B15B8D0CAFD274D9DA3D5D3BEA89DB74E8C14,199b64ee4a204f420933a33fc99b0024578ca4935c24082ce06b37c3176b44ed,M1,2022-02,17.18396905091832,45
D12B083D6BE1A86BCEEE9D76847BD9BE699566F6205E0E37FBD78B4B72B44204,199b64ee4a204f420933a33fc99b0024578ca4935c24082ce06b37c3176b44ed,M2,2022-02,17.18396905091832,46
ADD71D078E4ACD34FDB29D11205AD8170B9D5F00D21EDAA7AD55B5448FFC9570,199b64ee4a204f420933a33fc99b0024578ca4935c24082ce06b37c3176b44ed,M3,2022-02,17.18396905091832,47
E9EAAE13AD7DCA94BEC044AED899917B607714AA17F8E137C0BCD0D10B1D4FBD,199b64ee4a204f420933a33fc99b0024578ca4935c24082ce06b37c3176b44ed,M0,2022-08,17.18396905091832,48
A8AC128E52CA147261D61890C26A3DD46C8E8EAA4EE06C6ACB443A6A19A5CD1F,199b64ee4a204f420933a33fc99b0024578ca4935c24082ce06b37c3176b44ed,M1,2022-08,17.18396905091832,49
9360643639D8957C8064CA64A4CE416E0287D23F402B535BF2F83DAF8DEE82D2,199b64ee4a204f420933a33fc99b0024578ca4935c24082ce06b37c3176b44ed,M2,2022-08,17.18396905091832,50
BB222BC4A408A19E6E5F1173EF4799D9442A6E0EF557914DA793482F6AC0DB77,199b64ee4a204f420933a33fc99b0024578ca4935c24082ce06b37c3176b44ed,M3,2022-08,17.18396905091832,51
4BA698EFE6554C3858EA9CC84A9A56FA13A62AD46F87668CB0741DFB2AC10BB5,199b64ee4a204f420933a33fc99b0024578ca4935c24082ce06b37c3176b44ed,M0,2023-08,17.18396905091832,52
3DC6A5B5879B177E4344F936E84F9707D3CFE6069E9078EC307EE27D8C93A5B1,199b64ee4a204f420933a33fc99b0024578ca4935c24082ce06b37c3176b44ed,M1,2023-08,17.18396905091832,53
AB00B75A6F95E2D1729C074EA78FC6D6E42944EDCBFDC1A9A6BE9B777926BA58,199b64ee4a204f420933a33fc99b0024578ca4935c24082ce06b37c3176b44ed,M2,2023-08,17.18396905091832,54
882D21D1512947D79E9B431660C46CFD0EA7154A03937972B62C0108EAFCDCDE,199b64ee4a204f420933a33fc99b0024578ca4935c24082ce06b37c3176b44ed,M3,2023-08,17.18396905091832,55
E067CE84C076849B4F17C7E0437AF5F1FE44FF70DB7514A414F2C07C50B9D0B9,199b64ee4a204f420933a33fc99b0024578ca4935c24082ce06b37c3176b44ed,M0,2024-08,17.18396905091832,56
6841E7DD6226D7A31622433ED0C579F798E33F48C0819AB972F4E05A3EFC1AA1,199b64ee4a204f420933a33fc99b0024578ca4935c24082ce06b37c3176b44ed,M1,2024-08,17.18396905091832,57
F7F2C25B6180A7D81A9D5B86DCFDD6237163865497FFF1923D30DAB494FD1A07,199b64ee4a204f420933a33fc99b0024578ca4935c24082ce06b37c3176b44ed,M2,2024-08,17.18396905091832,58
5A8BE28F73C517A953C3ED3847A7CF9D91731EE11D26041AA4585B01A93C5BF3,199b64ee4a204f420933a33fc99b0024578ca4935c24082ce06b37c3176b44ed,M3,2024-08,17.18396905091832,59
277E1466CE8B4A2A7EA0A150A770018C6741FF17B619B8BF6440486575670796,19cec14432b0b722044b897eae42224f52673890133dcb3b99da8564035c66c2,M0,2021-08,37.56681029598302,60
DBE437BBE45DE68910562A1D01C95754095ABD8733805DC1EEE5FA72061E08E6,19cec14432b0b722044b897eae42224f52673890133dcb3b99da8564035c66c2,M1,2021-08,37.56681029598302,61
7127043C491C4B56DAA58DB9A6F8BAB5A0AC13D6512A16FF572A0202E4F87A47,19cec14432b0b722044b897eae42224f52673890133dcb3b99da8564035c66c2,M2,2021-08,37.56681029598302,62
9501D36381B3D843782D400864444CA4152C03338C9545494ACD04D5260AE351,19cec14432b0b722044b897eae42224f52673890133dcb3b99da8564035c66c2,M3,2021-08,37.56681029598302,63
851EEA463B4BA9ABB0E75EE0EB539A4DB8A57EEEA561D3D14A6556D9D693DD00,19cec14432b0b722044b897eae42224f52673890133dcb3b99da8564035c66c2,M0,2022-02,37.56681029598302,64
E0392D7DEF9377F4A5B6FAF4040C12271D660C6BFE05E98EA90F7392D212A6D2,19cec14432b0b722044b897eae42224f52673890133dcb3b99da8564035c66c2,M1,2022-02,37.56681029598302,65
FAE55F330AD0B923D6A566EE09AD0BB1532748AA5A454B970FA9C82A2783C99D,19cec14432b0b722044b897eae42224f52673890133dcb3b99da8564035c66c2,M2,2022-02,37.56681029598302,66
F2F4835F5B7CB73968C10F0BC9A3D7AA4525C4790D791D58A7BF1B226735E109,19cec14432b0b722044b897eae42224f52673890133dcb3b99da8564035c66c2,M3,2022-02,37.56681029598302,67
15A26751CBEB94DA4AF08050625DC8BC7D61340F22E447296818730C1B9CC68A,19cec14432b0b722044b897eae42224f52673890133dcb3b99da8564035c66c2,M0,2022-08,37.56681029598302,68
BDB3309138656757B618DDCD4B02E130B528012E0C5257C6604207B472019F79,19cec14432b0b722044b897eae42224f52673890133dcb3b99da8564035c66c2,M1,2022-08,37.56681029598302,69
ADB649B89928818DF1D65EB046C545EB1C07CBE8C7DB3C974F29AC46C2516F45,19cec14432b0b722044b897eae42224f52673890133dcb3b99da8564035c66c2,M2,2022-08,37.56681029598302,70
7CAC1B8119078E2166B00D6EF987ED02ACFB28E49EE1B31FD3716089CBCE837D,19cec14432b0b722044b897eae42224f52673890133dcb3b99da8564035c66c2,M3,2022-08,37.56681029598302,71
F29BF3487E106093C43008FBA62D34B75DE77FA836C88959873A0D69CBB7F5F2,19cec14432b0b722044b897eae42224f52673890133dcb3b99da8564035c66c2,M0,2023-08,37.56681029598302,72
C9E00A4FCA738819448E36FBF90D24CE8F2FC2788A042C00233CCB13A9A74D60,19cec14432b0b722044b897eae42224f52673890133dcb3b99da8564035c66c2,M1,2023-08,37.56681029598302,73
443C316F234F74F2FA3A6F509EBBAC0458DFF935A67DD11427A63AF4BC0DC70A,19cec14432b0b722044b897eae42224f52673890133dcb3b99da8564035c66c2,M2,2023-08,37.56681029598302,74
32C0ECCCEB921A5E4724A1ABD67A0AE2902C7BDA86AD0BDE55BBBBFFF79D5582,19cec14432b0b722044b897eae42224f52673890133dcb3b99da8564035c66c2,M3,2023-08,37.56681029598302,75
340456FAF21DAC26EF39AB2486C2CACB81E70A87F7557C6729C38CF409E6BFE5,19cec14432b0b722044b897eae42224f52673890133dcb3b99da8564035c66c2,M0,2024-08,37.56681029598302,76
CD729F061FC27A991D0F639AF3F5B316F32D683062A224DD9A74D25A63A8BBB1,19cec14432b0b722044b897eae42224f52673890133dcb3b99da8564035c66c2,M1,2024-08,37.56681029598302,77
DC2152E038E7DA3B38562CDC0488704CDB7A4958259FFC542099AB79668E960A,19cec14432b0b722044b897eae42224f52673890133dcb3b99da8564035c66c2,M2,2024-08,37.56681029598302,78
E6F84358B5C9AB80B69215F32D551C3F24F57BAF3087D0D3E703DC62F6C2EEE5,19cec14432b0b722044b897eae42224f52673890133dcb3b99da8564035c66c2,M3,2024-08,37.56681029598302,79
C14093E4CAA1DE45FEA9345DE97CC6616C7B8ED4291CEB5631AC18E6F40BD87E,1d49b458999ec8af6b45f7af9d2dcf4b6b7cfe806e482b19aac83888cdd7d6aa,M0,2021-08,13.506041560785636,80
6B133F441DB56BDE6CBD5B55D04006F6AEE4A3D1663EBEA3D92C0A7066F279B2,1d49b458999ec8af6b45f7af9d2dcf4b6b7cfe806e482b19aac83888cdd7d6aa,M1,2021-08,13.506041560785636,81
340C58AD7EE576C84FD2D916D4ADFDF828ACD15ABE1FDAAB3E0039F7296A3D68,1d49b458999ec8af6b45f7af9d2dcf4b6b7cfe806e482b19aac83888cdd7d6aa,M2,2021-08,13.506041560785636,82
14B0D539B7750B03E7D4204450F5C4901711260F03CB8DA3EEFCC3DE07BE5110,1d49b458999ec8af6b45f7af9d2dcf4b6b7cfe806e482b19aac83888cdd7d6aa,M3,2021-08,13.506041560785636,83
91C64330A3A9FED731E2807C7AAF3DAD33EB4DD002F88916F31EC20D08408C0E,1d49b458999ec8af6b45f7af9d2dcf4b6b7cfe806e482b19aac83888cdd7d6aa,M0,2022-02,13.506041560785636,84
2DF3B607147D91B2E3A0F6F925C17D76FCFFEC0FDBBD32930B6DC6C23A75C293,1d49b458999ec8af6b45f7af9d2dcf4b6b7cfe806e482b19aac83888cdd7d6aa,M1,2022-02,13.506041560785636,85
955B1083E9E61484DDF9B007C33B98BA50DA85C7F3DB4D93E7DC41ABB128EC31,1d49b458999ec8af6b45f7af9d2dcf4b6b7cfe806e482b19aac83888cdd7d6aa,M2,2022-02,13.506041560785636,86
4B22BA8DC0654B82920243AF8E3A8CED01AD35DF66B91AC91DAA2FFB6AF7EF25,1d49b458999ec8af6b45f7af9d2dcf4b6b7cfe806e482b19aac83888cdd7d6aa,M3,2022-02,13.506041560785636,87
FC03517200C4FB4AF9F4F52E63EE41BE1CBDA44F4EB0AB3B67F4293BEBF49C62,1d49b458999ec8af6b45f7af9d2dcf4b6b7cfe806e482b19aac83888cdd7d6aa,M0,2022-08,13.506041560785636,88
554C9699D41A837017D0C25488C9010314F247F640E8E06E0A6EB9DF27E2E19D,1d49b458999ec8af6b45f7af9d2dcf4b6b7cfe806e482b19aac83888cdd7d6aa,M1,2022-08,13.506041560785636,89
59ECEC5D869F4C5A2E2F7EA75C946CBAD41FB0692019418FE4910A3234A7F76B,1d49b458999ec8af6b45f7af9d2dcf4b6b7cfe806e482b19aac83888cdd7d6aa,M2,2022-08,13.506041560785636,90
A6AE14F1D0EF989F8BBCBDD952B841E691B18615B733680897623932080C2354,1d49b458999ec8af6b45f7af9d2dcf4b6b7cfe806e482b19aac83888cdd7d6aa,M3,2022-08,13.506041560785636,91
160B7313661AF33D8B8EB05CBD70D13040EB511841B087C1DE111AB5D3A75F3C,1d49b458999ec8af6b45f7af9d2dcf4b6b7cfe806e482b19aac83888cdd7d6aa,M0,2023-08,13.506041560785636,92
E1C17F51184BFEAF0A3C195D2444234F5709FCCC65A297FDDC25A10A720F8C99,1d49b458999ec8af6b45f7af9d2dcf4b6b7cfe806e482b19aac83888cdd7d6aa,M1,2023-08,13.506041560785636,93
5CA2561F2CFD659ACC551BEF33FDC55A25B5B4D34A7ADD913E840CFFA6C3C2FA,1d49b458999ec8af6b45f7af9d2dcf4b6b7cfe806e482b19aac83888cdd7d6aa,M2,2023-08,13.506041560785636,94
51A2E414F1C93B6CB625337BBA7A047390CBBC6BEE6B83AF50E540A0885418D2,1d49b458999ec8af6b45f7af9d2dcf4b6b7cfe806e482b19aac83888cdd7d6aa,M3,2023-08,13.506041560785636,95
1BDA143EBE03779A6C6426E9A4DC935CE5BA870766BDC5E8976CC7A8D7C94F80,1d49b458999ec8af6b45f7af9d2dcf4b6b7cfe806e482b19aac83888cdd7d6aa,M0,2024-08,13.506041560785636,96
8EFCA3096854469A013B6B2FCE76A463898E084189B3CE239D7077CF247E2960,1d49b458999ec8af6b45f7af9d2dcf4b6b7cfe806e482b19aac83888cdd7d6aa,M1,2024-08,13.506041560785636,97
41CB0C4427371D5D0E18FDE8FF9F806CE10BD332B250CC51233702B2447C9C54,1d49b458999ec8af6b45f7af9d2dcf4b6b7cfe806e482b19aac83888cdd7d6aa,M2,2024-08,13.506041560785636,98
FA65D2314291CC86BAE0024272EED21F4145E8781A363F771B1419F9A8C84D85,1d49b458999ec8af6b45f7af9d2dcf4b6b7cfe806e482b19aac83888cdd7d6aa,M3,2024-08,13.506041560785636,99
952BD4855FC5D745890826E6A7BE5210277B488A3B8C66C9082A91DFDDAE36AB,1ff5ea6c96f3b2971df26cdcc316c1606fb5c27ca3d7496198a282d4ce4795ac,M0,2021-08,54.46721447786925,100
8209AA7007A157BE52F7A2D2D7470A2B81BEC6FA13DE384DD72324DA6E26F3A7,1ff5ea6c96f3b2971df26cdcc316c1606fb5c27ca3d7496198a282d4ce4795ac,M1,2021-08,54.46721447786925,101
5F526727A24D8B30AC52E7BDA8C0B7782CED178A1B8F24834E99BC98BD031EC8,1ff5ea6c96f3b2971df26cdcc316c1606fb5c27ca3d7496198a282d4ce4795ac,M2,2021-08,54.46721447786925,102
EAEE0015AC5A34C892C642ABA6C439E35B79FE45BBB66CEAC35E091AAF91DFEC,1ff5ea6c96f3b2971df26cdcc316c1606fb5c27ca3d7496198a282d4ce4795ac,M3,2021-08,54.46721447786925,103
58FBA3C33227336A0E150BFA277D3993ED89EB56F586BAD3798424B6309704A6,1ff5ea6c96f3b2971df26cdcc316c1606fb5c27ca3d7496198a282d4ce4795ac,M0,2022-02,54.46721447786925,104
FA41CDD4E2E4CFAEB21BB579C7833F644D1A24773C7A3CBED35F50A1F0CBE60B,1ff5ea6c96f3b2971df26cdcc316c1606fb5c27ca3d7496198a282d4ce4795ac,M1,2022-02,54.46721447786925,105
0A33AC3BF7E4CD25855CB93FAC7D80002D2563B4C92A3FAC8859669BC6251274,1ff5ea6c96f3b2971df26cdcc316c1606fb5c27ca3d7496198a282d4ce4795ac,M2,2022-02,54.46721447786925,106
7C677C06373F420642CAE33A4C0A66F9DBD0E56261A6549352AF26428CD4DE39,1ff5ea6c96f3b2971df26cdcc316c1606fb5c27ca3d7496198a282d4ce4795ac,M3,2022-02,54.46721447786925,107
38B3453C4465DCC17F15059E6233BF598E77F0A1AACB458F18373DDC7DE750DE,1ff5ea6c96f3b2971df26cdcc316c1606fb5c27ca3d7496198a282d4ce4795ac,M0,2022-08,54.46721447786925,108
54C837A7B77A8EEC873CA59D8BF6398CF62C200E91B5BAECB656D2C8F08872A8,1ff5ea6c96f3b2971df26cdcc316c1606fb5c27ca3d7496198a282d4ce4795ac,M1,2022-08,54.46721447786925,109
49127708A4129971DD42E7EA4755E7611D692A4B3B6C06583E9221FDC1F31D0C,1ff5ea6c96f3b2971df26cdcc316c1606fb5c27ca3d7496198a282d4ce4795ac,M2,2022-08,54.46721447786925,110
968992CCB98E3F6A3E2956AE78A0897AF2BFA481BA8EDB72970027B8F4C9BDA0,1ff5ea6c96f3b2971df26cdcc316c1606fb5c27ca3d7496198a282d4ce4795ac,M3,2022-08,54.46721447786925,111
E257DC7FB4C84B101397819641293A751A92B90FD2BECFB2B6916DC7BA1CF7E8,1ff5ea6c96f3b2971df26cdcc316c1606fb5c27ca3d7496198a282d4ce4795ac,M0,2023-08,54.46721447786925,112
9DC3C949CF47D6B1B262329ADF8DBF345E7E9E3FA7FF8DEAF8C6FB7745EE7BB5,1ff5ea6c96f3b2971df26cdcc316c1606fb5c27ca3d7496198a282d4ce4795ac,M1,2023-08,54.46721447786925,113
6171C3B725CB77D534877A7CBF95D877E86A2ACD0CBE887A3673AE5A4728E3AA,1ff5ea6c96f3b2971df26cdcc316c1606fb5c27ca3d7496198a282d4ce4795ac,M2,2023-08,54.46721447786925,114
25722696FA2D714E546B46F0C9CB2EA798CFB4BF8B895B20C021FD28D92204A1,1ff5ea6c96f3b2971df26cdcc316c1606fb5c27ca3d7496198a282d4ce4795ac,M3,2023-08,54.46721447786925,115
629F5DEBDFE65B5A9A35ED72A5AA5977E721E7653B919747FC4A2784433B75C4,1ff5ea6c96f3b2971df26cdcc316c1606fb5c27ca3d7496198a282d4ce4795ac,M0,2024-08,54.46721447786925,116
57590E7B306D25D5C8C5DF5D979F09511FC319A775900E144C5F1092AC5EB930,1ff5ea6c96f3b2971df26cdcc316c1606fb5c27ca3d7496198a282d4ce4795ac,M1,2024-08,54.46721447786925,117
4A76B96F66223832E7DF447ABD8163185EEC457D788DB95ACDC1B6664A3396BF,1ff5ea6c96f3b2971df26cdcc316c1606fb5c27ca3d7496198a282d4ce4795ac,M2,2024-08,54.46721447786925,118
5B16D3B65B1DDE32C5A566856AE65ABF1861E88A87FD9827495B673F9EB59B28,1ff5ea6c96f3b2971df26cdcc316c1606fb5c27ca3d7496198a282d4ce4795ac,M3,2024-08,54.46721447786925,119
423A8C2FC6482AFD3146DBA97CDEF392BCCDE5D4888E2F5032413F8F90064483,23a81afc8aa509549c160461f8c9bcefce11bc4159abace838f3020615a7df5d,M0,2021-08,39.04598603219561,120
4AF0CD3E916FAE3F9198BCEB666906380C68C298CA4C2AC0F2650AD1C6577448,23a81afc8aa509549c160461f8c9bcefce11bc4159abace838f3020615a7df5d,M1,2021-08,39.04598603219561,121
BD49D3A636363B4FD727A7524D4D5B9862A91D8012B1C852873C67D4E0E02CDA,23a81afc8aa509549c160461f8c9bcefce11bc4159abace838f3020615a7df5d,M2,2021-08,39.04598603219561,122
F6AB3364DB978535891407DD105E2DE91402ED7C89B42AED71A889BFBD7A3606,23a81afc8aa509549c160461f8c9bcefce11bc4159abace838f3020615a7df5d,M3,2021-08,39.04598603219561,123
24240414874AF8200AEF4E84C51CDECAFC204D087079DDC9D838153DA65D5A5F,23a81afc8aa509549c160461f8c9bcefce11bc4159abace838f3020615a7df5d,M0,2022-02,39.04598603219561,124
03F4052CF7B98F704B4A09F783A307A64243FC14A924EEE6D9B7D9D745B27D62,23a81afc8aa509549c160461f8c9bcefce11bc4159abace838f3020615a7df5d,M1,2022-02,39.04598603219561,125
E004AEE591AB2AF724CC54198C9940DDA7C4E15F0DD025E789AAB3CF2EA9966B,23a81afc8aa509549c160461f8c9bcefce11bc4159abace838f3020615a7df5d,M2,2022-02,39.04598603219561,126
C444875853E7FED2040C2B4D43B011D4596D156B84D8C662ECB54740947E726D,23a81afc8aa509549c160461f8c9bcefce11bc4159abace838f3020615a7df5d,M3,2022-02,39.04598603219561,127
C9F6ABB8E086F7926FF7A9B4555DC51F46D81AF2E6495B72A8E2CAF9D719DE30,23a81afc8aa509549c160461f8c9bcefce11bc4159abace838f3020615a7df5d,M0,2022-08,39.04598603219561,128
8E60E2AAF4CFD5501A644F2DDC6938D8FC4EBE3AA49B09FC3DB7398384268D5B,23a81afc8aa509549c160461f8c9bcefce11bc4159abace838f3020615a7df5d,M1,2022-08,39.04598603219561,129
2C15092841C790AFD97D6B52E4AFD1F0C3CB9C220E35ACB9A4D221201F5907BD,23a81afc8aa509549c160461f8c9bcefce11bc4159abace838f3020615a7df5d,M2,2022-08,39.04598603219561,130
FA7010157EF3DD5B14E77E5A00BD9072E18056B8473347ADFDE750D59B5EEF4D,23a81afc8aa509549c160461f8c9bcefce11bc4159abace838f3020615a7df5d,M3,2022-08,39.04598603219561,131
A3B1A2DC20FFA87ACB66F5156F4389EE0D8D24A3EE305B1137EC9FACC79391B8,23a81afc8aa509549c160461f8c9bcefce11bc4159abace838f3020615a7df5d,M0,2023-08,39.04598603219561,132
9BF16FBBE2A6B670CBFBE559506AB6806CCFFC04F565AB5BF62E3E610FCFA093,23a81afc8aa509549c160461f8c9bcefce11bc4159abace838f3020615a7df5d,M1,2023-08,39.04598603219561,133
A8A013B2FBDBC133F6491258FECCEBBCB054732B6A85C5D236F3B78DC4476378,23a81afc8aa509549c160461f8c9bcefce11bc4159abace838f3020615a7df5d,M2,2023-08,39.04598603219561,134
37B5B82DD7C70D6A7941AFC68E7D69ABE89608322D330765C2FB201CFAD2DBB8,23a81afc8aa509549c160461f8c9bcefce11bc4159abace838f3020615a7df5d,M3,2023-08,39.04598603219561,135
29FC7B9F3CFFFB790410170424429DDAC4747455D9F600305D34CFE7DBE17C98,23a81afc8aa509549c160461f8c9bcefce11bc4159abace838f3020615a7df5d,M0,2024-08,39.04598603219561,136
3E9E70DFF47A68FD95DE6F759059D123EDFC9350E7519417E16CFC3A9DF72578,23a81afc8aa509549c160461f8c9bcefce11bc4159abace838f3020615a7df5d,M1,2024-08,39.04598603219561,137
232271589C5CAD69003575B6A3B686747A67E377D9A92DA650930E70F0F7939F,23a81afc8aa509549c160461f8c9bcefce11bc4159abace838f3020615a7df5d,M2,2024-08,39.04598603219561,138
FC1BD670DEDEE4C76E8BD363572EAB3FC78A75CD88CE9C077B2E122A95BCC1C0,23a81afc8aa509549c160461f8c9bcefce11bc4159abace838f3020615a7df5d,M3,2024-08,39.04598603219561,139
97CD5BF76914923CA5BEED471E6B0856AE0DE76541FDBC0FF328C163A0051E3F,24daa047f9e9b13e72c21fb862f93ca3dbd1397739629054bad9be56380f1f68,M0,2021-08,7.599125978013922,140
450DBC58B30182569D0965905E4D608D3124D66E3DB20534F64B58860957432D,24daa047f9e9b13e72c21fb862f93ca3dbd1397739629054bad9be56380f1f68,M1,2021-08,7.599125978013922,141
5F546F0A8B346210D25DCAB9D44B2FA72B648ED2D994BC0F3898CBA08BAC339D,24daa047f9e9b13e72c21fb862f93ca3dbd1397739629054bad9be56380f1f68,M2,2021-08,7.599125978013922,142
6639ACF09F7AB8E4924E36AF0B1E06E085AA4712D53E87917F67F69F47BCD540,24daa047f9e9b13e72c21fb862f93ca3dbd1397739629054bad9be56380f1f68,M3,2021-08,7.599125978013922,143
313C9CC55F8BF87C8D50268F1B3A1D6EEA5CDB27E13ACDEB9BCB9D5C2ACAA1C6,24daa047f9e9b13e72c21fb862f93ca3dbd1397739629054bad9be56380f1f68,M0,2022-02,7.599125978013922,144
14542A2D00846FACB8F24983C40AF95B621D29E93A7135B5F38C0BC2F5AF8EBE,24daa047f9e9b13e72c21fb862f93ca3dbd1397739629054bad9be56380f1f68,M1,2022-02,7.599125978013922,145
28A22C6D32A1AFC565A7027CE717A8635D3C5CE2E117C76349F69188022B4645,24daa047f9e9b13e72c21fb862f93ca3dbd1397739629054bad9be56380f1f68,M2,2022-02,7.599125978013922,146
A4CBD29711F7D1494E624BA0A04BEC4BD15A3E31DD1F44248330F6D8240733E3,24daa047f9e9b13e72c21fb862f93ca3dbd1397739629054bad9be56380f1f68,M3,2022-02,7.599125978013922,147
1C3DE2926453DAEA85DAB516B82EFA01B53DBD34707EFFB7F2D67622376E5BB9,24daa047f9e9b13e72c21fb862f93ca3dbd1397739629054bad9be56380f1f68,M0,2022-08,7.599125978013922,148
668D3C4B84F9196B28F2ADDCF4F1CBB089CC805131CF42214615624F76AF5DBA,24daa047f9e9b13e72c21fb862f93ca3dbd1397739629054bad9be56380f1f68,M1,2022-08,7.599125978013922,149
CB478C948ABC696147343C4C08C79A367738B88CC381257E368F3E81657E9FFB,24daa047f9e9b13e72c21fb862f93ca3dbd1397739629054bad9be56380f1f68,M2,2022-08,7.599125978013922,150
A3041722957813C56AC49DAB3726CF40789C7138E182BA09CC087A3594F0F5E1,24daa047f9e9b13e72c21fb862f93ca3dbd1397739629054bad9be56380f1f68,M3,2022-08,7.599125978013922,151
424B20D777AB0E5CB20F5CB87A0A87FB0422A7F973A0D121E6A49F23A972534D,24daa047f9e9b13e72c21fb862f93ca3dbd1397739629054bad9be56380f1f68,M0,2023-08,7.599125978013922,152
2559E8FE028A3636D302F1A64F8177E810DD492AB0916F368A72411B65B191F3,24daa047f9e9b13e72c21fb862f93ca3dbd1397739629054bad9be56380f1f68,M1,2023-08,7.599125978013922,153
84DB172B843ABF27961E5F5753827A9B82765FF1A2D6D9333B400294C3A98D83,24daa047f9e9b13e72c21fb862f93ca3dbd1397739629054bad9be56380f1f68,M2,2023-08,7.599125978013922,154
18B469C7E02DAB29DD5D224EF5D0EEED43B239A1027F509A6D627F6D0A2561EF,24daa047f9e9b13e72c21fb862f93ca3dbd1397739629054bad9be56380f1f68,M3,2023-08,7.599125978013922,155
25E60BE5614888E8AF4B80C36F04E293A6D01A84109F308E97EB5FAA15E55C00,24daa047f9e9b13e72c21fb862f93ca3dbd1397739629054bad9be56380f1f68,M0,2024-08,7.599125978013922,156
0E08B0E040F2836020E247B9AF9A6B87B8081927A750A3BAF99106583586333B,24daa047f9e9b13e72c21fb862f93ca3dbd1397739629054bad9be56380f1f68,M1,2024-08,7.599125978013922,157
5D675B92043A3E10854F850949CB964C13EE437A7CC1713986228C55B80671ED,24daa047f9e9b13e72c21fb862f93ca3dbd1397739629054bad9be56380f1f68,M2,2024-08,7.599125978013922,158
519A98D7D39CA4EA3E2080915FC1AA81D8579843BA119E38A1817B2756BB7777,24daa047f9e9b13e72c21fb862f93ca3dbd1397739629054bad9be56380f1f68,M3,2024-08,7.599125978013922,159
C039414CCBBADF74692670E877E1E7C1F992E1680BD3D6DBB8B55C01CD0E39A6,24dd3a1d22e3dfb94494d7b0a094dd432b97981b59dbbaa1310ae85a54957e28,M0,2021-08,13.097255643562308,160
78B997181AFC69D5DBEEED0A64AAE5B6304F3895FB251A44761667A75E8D66D5,24dd3a1d22e3dfb94494d7b0a094dd432b97981b59dbbaa1310ae85a54957e28,M1,2021-08,13.097255643562308,161
42735864A06455C12F62A3DA1E55FC3EB749EE55555100D32B81189719AB05B1,24dd3a1d22e3dfb94494d7b0a094dd432b97981b59dbbaa1310ae85a54957e28,M2,2021-08,13.097255643562308,162
AF3BE8E60BD9960DF149B4EF0BAAD5665781355DA8E67B83BA0DC796BE871099,24dd3a1d22e3dfb94494d7b0a094dd432b97981b59dbbaa1310ae85a54957e28,M3,2021-08,13.097255643562308,163
632797C4385DD7CE29FED01C8FECCEC5C5F952E9CD2C6FE46AE9A442355621E9,24dd3a1d22e3dfb94494d7b0a094dd432b97981b59dbbaa1310ae85a54957e28,M0,2022-02,13.097255643562308,164
ABDD04E8A0C81FBE5B7F836EB57CA56F1648E5D30C4EB76D6051738C3B774B7F,24dd3a1d22e3dfb94494d7b0a094dd432b97981b59dbbaa1310ae85a54957e28,M1,2022-02,13.097255643562308,165
3B1EB1CC4A8C8CB58DB7C9EB9D4F28CC33FD824C990E8B70AC206DB78E65BD03,24dd3a1d22e3dfb94494d7b0a094dd432b97981b59dbbaa1310ae85a54957e28,M2,2022-02,13.097255643562308,166
DF2B5A2DBC9502AB0050635533C0E71D29C8AA650901C96BD0C34AB4A0D184B5,24dd3a1d22e3dfb94494d7b0a094dd432b97981b59dbbaa1310ae85a54957e28,M3,2022-02,13.097255643562308,167
7859677B24CE00FCBF500338E4E010988F3ED0284B5533A2659654217E38FEA4,24dd3a1d22e3dfb94494d7b0a094dd432b97981b59dbbaa1310ae85a54957e28,M0,2022-08,13.097255643562308,168
B10CA40F0C817DAFC13FF01C1F08C8DB26B71E33BFBAB88C0C8EE42064080AE4,24dd3a1d22e3dfb94494d7b0a094dd432b97981b59dbbaa1310ae85a54957e28,M1,2022-08,13.097255643562308,169
5DCE3079333A3CDD4B891A798FA641671B63EB5A5B6D4A5B56C7328AD070A829,24dd3a1d22e3dfb94494d7b0a094dd432b97981b59dbbaa1310ae85a54957e28,M2,2022-08,13.097255643562308,170
93CD960658E0F9CFADA1BAE1D45B7CCC22E52437529D74BEF1A19AF412ACB727,24dd3a1d22e3dfb94494d7b0a094dd432b97981b59dbbaa1310ae85a54957e28,M3,2022-08,13.097255643562308,171
2950A13219F2BDCA2873D9DB86EA82D43B0195097F2840829A03564165CE4961,24dd3a1d22e3dfb94494d7b0a094dd432b97981b59dbbaa1310ae85a54957e28,M0,2023-08,13.097255643562308,172
21F6EA29927951796FAD505F7F39BDFA1B5757883E38E7DA4AA36AD1B9C0EA00,24dd3a1d22e3dfb94494d7b0a094dd432b97981b59dbbaa1310ae85a54957e28,M1,2023-08,13.097255643562308,173
0481F23E6B06364F5CD19B7DCBBC19593303EEDB7BB4F51B2C5803C9D2AF5167,24dd3a1d22e3dfb94494d7b0a094dd432b97981b59dbbaa1310ae85a54957e28,M2,2023-08,13.097255643562308,174
4E410F9EC1CCE0C454410D4FD7D492C3BB538845DB2E93398E75EC00A8284EFD,24dd3a1d22e3dfb94494d7b0a094dd432b97981b59dbbaa1310ae85a54957e28,M3,2023-08,13.097255643562308,175
CD3195BAD3167CEFF85AE0B36448503C48A0AAFA87D54732D07B1325EF1032FF,24dd3a1d22e3dfb94494d7b0a094dd432b97981b59dbbaa1310ae85a54957e28,M0,2024-08,13.097255643562308,176
B8C0F3597F3552CDBEDFD12A0A5C6B14DACE7B39463C43065B96E2CA9FF287C4,24dd3a1d22e3dfb94494d7b0a094dd432b97981b59dbbaa1310ae85a54957e28,M1,2024-08,13.097255643562308,177
D7CD38D58BC526477F574FD0357D09B7AEF690700B98E5ACAA2E8FFDFC431BBA,24dd3a1d22e3dfb94494d7b0a094dd432b97981b59dbbaa1310ae85a54957e28,M2,2024-08,13.097255643562308,178
179A08DB444DC9BCB451F3C3C5A97E992D23E329603485AA5C08E68402D11E62,24dd3a1d22e3dfb94494d7b0a094dd432b97981b59dbbaa1310ae85a54957e28,M3,2024-08,13.097255643562308,179
83EA56D47B7E1A82368D4F34BAF8E55906AD0878AB9D1E3921A498891E229A3A,2f70325c287da329bc6afb270ffb3b55cca7bb5de1ac2de32ac163460fee9ffc,M0,2021-08,1.0227306127001496,180
3CAE5FE4AC2D4E88CC740ACCFFC32271B1966A05698AA127A131079D8142FEFA,2f70325c287da329bc6afb270ffb3b55cca7bb5de1ac2de32ac163460fee9ffc,M1,2021-08,1.0227306127001496,181
B0AB1A631EDF3D75E68F8BBA68D17752338578EF5B6B89AE5747A65BA7B3A955,2f70325c287da329bc6afb270ffb3b55cca7bb5de1ac2de32ac163460fee9ffc,M2,2021-08,1.0227306127001496,182
88ED0624183310E097E8F9301A1F0F99C3A5C9E93257162448365B05FF7BA84C,2f70325c287da329bc6afb270ffb3b55cca7bb5de1ac2de32ac163460fee9ffc,M3,2021-08,1.0227306127001496,183
349BFC4EFBC93F881FCC2CF60B141C0B68F277CE7EE00313CBF729C642CFC8AD,2f70325c287da329bc6afb270ffb3b55cca7bb5de1ac2de32ac163460fee9ffc,M0,2022-02,1.0227306127001496,184
9B1B764D3B13AA969FD46F39CE73FD4823655BF43116B164411501DC5873CD61,2f70325c287da329bc6afb270ffb3b55cca7bb5de1ac2de32ac163460fee9ffc,M1,2022-02,1.0227306127001496,185
320B89952121F93BFA240D9FAF5CE9EA11DB3EAB8C74D255CE813FB3860D2A9A,2f70325c287da329bc6afb270ffb3b55cca7bb5de1ac2de32ac163460fee9ffc,M2,2022-02,1.0227306127001496,186
2A7703E38389B944C82246B449722B4A7221FC47593E45083F750A8C7A3618A7,2f70325c287da329bc6afb270ffb3b55cca7bb5de1ac2de32ac163460fee9ffc,M3,2022-02,1.0227306127001496,187
976F314A40C3D19A9999D0966D58C5F8529168E0FEDD7BB0A1117E2D3DD79FE0,2f70325c287da329bc6afb270ffb3b55cca7bb5de1ac2de32ac163460fee9ffc,M0,2022-08,1.0227306127001496,188
217CF9492CF2C9DB11A6FFFE35AF9FB09EBE533C9D9051F31BF69C7E82E0D733,2f70325c287da329bc6afb270ffb3b55cca7bb5de1ac2de32ac163460fee9ffc,M1,2022-08,1.0227306127001496,189
143EA0F03F64E4009766B608E1490EAB8577ED52B0EC7ED229AB45CB9EB85AE8,2f70325c287da329bc6afb270ffb3b55cca7bb5de1ac2de32ac163460fee9ffc,M2,2022-08,1.0227306127001496,190
17F90B7DAEF1D807CCB01236E926DB00812055179788EDF1C045EBF78D99A97B,2f70325c287da329bc6afb270ffb3b55cca7bb5de1ac2de32ac163460fee9ffc,M3,2022-08,1.0227306127001496,191
A78227A1FB267B6B6BDF5F5A7115068A98D2AC4E87D785742FB8AB496D42EFFF,2f70325c287da329bc6afb270ffb3b55cca7bb5de1ac2de32ac163460fee9ffc,M0,2023-08,1.0227306127001496,192
D4CACEF536D43AF9D48FCC23C5C966AC39D4EDFCE1802BBD2EFDD3EC2F4226D5,2f70325c287da329bc6afb270ffb3b55cca7bb5de1ac2de32ac163460fee9ffc,M1,2023-08,1.0227306127001496,193
1E09DAF8F3331CCB036ACCFD2512601FF6650D599D5DDEEAB7FC73F06A03E095,2f70325c287da329bc6afb270ffb3b55cca7bb5de1ac2de32ac163460fee9ffc,M2,2023-08,1.0227306127001496,194
D14A520CF597552EB254C4C2056A55C6217191C6F74A8AF8E9652AA25ACE5001,2f70325c287da329bc6afb270ffb3b55cca7bb5de1ac2de32ac163460fee9ffc,M3,2023-08,1.0227306127001496,195
D0EC5D1872665E0D73EB9C39422D71F565D054A36E6E28AA2DD2E9ACC9F851CF,2f70325c287da329bc6afb270ffb3b55cca7bb5de1ac2de32ac163460fee9ffc,M0,2024-08,1.0227306127001496,196
D2666C20524C08CEE0E6236BFD6C590F216AE90DE02A39FFA0EA7F38E6C0CEA4,2f70325c287da329bc6afb270ffb3b55cca7bb5de1ac2de32ac163460fee9ffc,M1,2024-08,1.0227306127001496,197
9C5DD7E547578B9D6E1B867B2C09C2AEC3C3EE61EB99D002BCA2BE064D7A9A9D,2f70325c287da329bc6afb270ffb3b55cca7bb5de1ac2de32ac163460fee9ffc,M2,2024-08,1.0227306127001496,198
491FB72143A6A39A4A5B2964D9B32756A66F94ADF2E71C561FFA001FB33F4991,2f70325c287da329bc6afb270ffb3b55cca7bb5de1ac2de32ac163460fee9ffc,M3,2024-08,1.0227306127001496,199
F545F52F0E89225E72B8743B5DCA1DBCFEE6CB4D6A44D39758023B68B3BD15B6,318e40f5e7d15b8d7dd553489858ab720327f1f7d909cf24555c97fb6461efc4,M0,2021-08,3.712478118682621,200
3CFB668BAF75001CD5786E2914219EF30A31AB05FFD969F62366BD13EDEA40E4,318e40f5e7d15b8d7dd553489858ab720327f1f7d909cf24555c97fb6461efc4,M1,2021-08,3.712478118682621,201
4B7EBB89C817D14E40EA90BB3BD3A8723741FCCC9B83B63AAAA96FE8DD7B971A,318e40f5e7d15b8d7dd553489858ab720327f1f7d909cf24555c97fb6461efc4,M2,2021-08,3.712478118682621,202
B1EA315C886239CAA07EC4E553B1BC8DDE2FF0435C9DF6FF96ED7B666937FFC4,318e40f5e7d15b8d7dd553489858ab720327f1f7d909cf24555c97fb6461efc4,M3,2021-08,3.712478118682621,203
3904382EA6071DFC3B56AC2BA8A50B85F3A71423C58B2BAE07381C9FD87BCB3F,318e40f5e7d15b8d7dd553489858ab720327f1f7d909cf24555c97fb6461efc4,M0,2022-02,3.712478118682621,204
38146DECC8862604E273275BBC1208D83EC23ABDF5262CF7562DEF31FCECE0DA,318e40f5e7d15b8d7dd553489858ab720327f1f7d909cf24555c97fb6461efc4,M1,2022-02,3.712478118682621,205
D63091FA1DFAA344DC88D61C72FF6FE80C1C2AFCA129124EDF18E9DB23BC3869,318e40f5e7d15b8d7dd553489858ab720327f1f7d909cf24555c97fb6461efc4,M2,2022-02,3.712478118682621,206
7393D23A187E3C2CA1926EA50B0207447A3A6AA6D24E6ADE94F5FC33D2D8AB4B,318e40f5e7d15b8d7dd553489858ab720327f1f7d909cf24555c97fb6461efc4,M3,2022-02,3.712478118682621,207
098276467ACB77E982F0ADD3E060026D26DF25D0D95F214C817BA860C9886136,318e40f5e7d15b8d7dd553489858ab720327f1f7d909cf24555c97fb6461efc4,M0,2022-08,3.712478118682621,208
3A92E3A6B9EF857445352CF43DCF4CC2EFAD4FA82930B57C3D1DAAD991BA8404,318e40f5e7d15b8d7dd553489858ab720327f1f7d909cf24555c97fb6461efc4,M1,2022-08,3.712478118682621,209
95257800770CD65F4B77DC69A2211FCADEF71709AF5787E7601ABE004A4234CC,318e40f5e7d15b8d7dd553489858ab720327f1f7d909cf24555c97fb6461efc4,M2,2022-08,3.712478118682621,210
F2AC0AA8E7331B3679169386E9C75C0135DC0B18BC43022B0B29FD5F712FF572,318e40f5e7d15b8d7dd553489858ab720327f1f7d909cf24555c97fb6461efc4,M3,2022-08,3.712478118682621,211
7BAD6922E11E78920EE50CC1E353074AE50B78AE9B4DA3E20CED257C9B4E2D32,318e40f5e7d15b8d7dd553489858ab720327f1f7d909cf24555c97fb6461efc4,M0,2023-08,3.712478118682621,212
EAFF6319B295666892864090B3E944ADF2C608A67384664DDA344EF49D349AFC,318e40f5e7d15b8d7dd553489858ab720327f1f7d909cf24555c97fb6461efc4,M1,2023-08,3.712478118682621,213
EC0DA799C5F126DB9994D5934A804D8CFB793612B9C650DECFD13AACB6B89CDC,318e40f5e7d15b8d7dd553489858ab720327f1f7d909cf24555c97fb6461efc4,M2,2023-08,3.712478118682621,214
1ABE0FB0E21603108A791FE0F696C77A69801FAF6B10852C4D13A12EF9FBE79A,318e40f5e7d15b8d7dd553489858ab720327f1f7d909cf24555c97fb6461efc4,M3,2023-08,3.712478118682621,215
C637FDD817D8C2CA5FD23DE0BDAAE6CBFAA996164B074808E82DF967BE4EF61D,318e40f5e7d15b8d7dd553489858ab720327f1f7d909cf24555c97fb6461efc4,M0,2024-08,3.712478118682621,216
9F23B1B2CE05DB7076CC8D0272738DE3BC26A167B21AF7B78BBA67376BB3FA75,318e40f5e7d15b8d7dd553489858ab720327f1f7d909cf24555c97fb6461efc4,M1,2024-08,3.712478118682621,217
D62E518F721A079526069CC0BD21378116CACF91968C16F9F47EB78C8F26284C,318e40f5e7d15b8d7dd553489858ab720327f1f7d909cf24555c97fb6461efc4,M2,2024-08,3.712478118682621,218
357063ECD0D0885C7E3355BD6D1FFB7AF121A8C1E4FB353B589058788F56710C,318e40f5e7d15b8d7dd553489858ab720327f1f7d909cf24555c97fb6461efc4,M3,2024-08,3.712478118682621,219
09C97F07EFDD3BDE1D3ED42E2C3E082A41B4A5C5CDB4BAD50ABFFDF795E73378,33fff66cd333bd10d506fc044875ce447c109697334ed4bd5bcf2c9a5a70c3dc,M0,2021-08,32.161385505716645,220
EFBAEBF7BFC5175F22C8E5C4EC30A0BC0DE4ECB8BC8E3A1E84AEB50030D573F8,33fff66cd333bd10d506fc044875ce447c109697334ed4bd5bcf2c9a5a70c3dc,M1,2021-08,32.161385505716645,221
73DF8255EBCE48120693E4CA1984B7FC7CE164493482C69BAFF7ED3C92244EE8,33fff66cd333bd10d506fc044875ce447c109697334ed4bd5bcf2c9a5a70c3dc,M2,2021-08,32.161385505716645,222
3004FB36B70538CFEDFCE996F67DAB73333F0FD15792CFFC66BB89D86581BD97,33fff66cd333bd10d506fc044875ce447c109697334ed4bd5bcf2c9a5a70c3dc,M3,2021-08,32.161385505716645,223
C5540541318097844B28E3AA07D2ABFAADB9BC9424C56D965B0A6361B8B44824,33fff66cd333bd10d506fc044875ce447c109697334ed4bd5bcf2c9a5a70c3dc,M0,2022-02,32.161385505716645,224
B9C13BE947F6FF8CAC3E55E2AB6BC0259097ED3F19BDC6C02C6EAE3238A4219F,33fff66cd333bd10d506fc044875ce447c109697334ed4bd5bcf2c9a5a70c3dc,M1,2022-02,32.161385505716645,225
0D1205FD6A7B65CAD65BA44072CAA9FA64B141AC9309CDDC9AC4401B94BBBAC4,33fff66cd333bd10d506fc044875ce447c109697334ed4bd5bcf2c9a5a70c3dc,M2,2022-02,32.161385505716645,226
7D29A95D02E2A7618C162E4A8F880515CDA244C7936FD53C402B4FF59DA8819C,33fff66cd333bd10d506fc044875ce447c109697334ed4bd5bcf2c9a5a70c3dc,M3,2022-02,32.161385505716645,227
687DCA4CC81E56318388D1B392668495C04EF0BA918E5C520E0B1410CE298A70,33fff66cd333bd10d506fc044875ce447c109697334ed4bd5bcf2c9a5a70c3dc,M0,2022-08,32.161385505716645,228
B7A96B4CC0ED979C0187D0AF0B1DC7E872DFF9D2052991F6BCFC000FA8124811,33fff66cd333bd10d506fc044875ce447c109697334ed4bd5bcf2c9a5a70c3dc,M1,2022-08,32.161385505716645,229
CF20648D0319A238E7786228174EF0D7F30D4876B3E8B3A2772CBE8C5BF7B5F4,33fff66cd333bd10d506fc044875ce447c109697334ed4bd5bcf2c9a5a70c3dc,M2,2022-08,32.161385505716645,230
F33A37CD7A5DFB3CF60DBA95F4580BE681D6950CFDCC2D152F88B80BCA4760BC,33fff66cd333bd10d506fc044875ce447c109697334ed4bd5bcf2c9a5a70c3dc,M3,2022-08,32.161385505716645,231
7CF63D1A3EFE590190397A05152532B8F2AB8BF88F5303E5468906DDC1AE42F9,33fff66cd333bd10d506fc044875ce447c109697334ed4bd5bcf2c9a5a70c3dc,M0,2023-08,32.161385505716645,232
8BC22B915EE6F700215BD4E013B56264888F586B5210604B9D97FC955C4A30EE,33fff66cd333bd10d506fc044875ce447c109697334ed4bd5bcf2c9a5a70c3dc,M1,2023-08,32.161385505716645,233
05EC99B811BA3CBA54C931D656BA4DAF3B981A59F33B1C689B15606C7CCDA853,33fff66cd333bd10d506fc044875ce447c109697334ed4bd5bcf2c9a5a70c3dc,M2,2023-08,32.161385505716645,234
CCD396CC449CDBBE8A373674B38D89A1683483CC57EDFFCA9D61A4DCDE70F7D9,33fff66cd333bd10d506fc044875ce447c109697334ed4bd5bcf2c9a5a70c3dc,M3,2023-08,32.161385505716645,235
6E62770A7BE23D81800132FD5F50CDBD59CCDF43325A28B6412280101AF962CD,33fff66cd333bd10d506fc044875ce447c109697334ed4bd5bcf2c9a5a70c3dc,M0,2024-08,32.161385505716645,236
3FF9D712B6C211079A95883294CC43BC3206CF3AAE06D3A554E94B8957D8A955,33fff66cd333bd10d506fc044875ce447c109697334ed4bd5bcf2c9a5a70c3dc,M1,2024-08,32.161385505716645,237
2A674D45DFD24D86C0A7B09A62F0C5503E66871444E22CCA8DEECB319FEE1322,33fff66cd333bd10d506fc044875ce447c109697334ed4bd5bcf2c9a5a70c3dc,M2,2024-08,32.161385505716645,238
1F34F97CEFBBD0427D14ED9F744B1E6800CDA90CD4E506CF1B1865BD5949AAE2,33fff66cd333bd10d506fc044875ce447c109697334ed4bd5bcf2c9a5a70c3dc,M3,2024-08,32.161385505716645,239
ADBEFDA93F0706BAF763A957A5749E1ACA512508FE357E25930EE7A18F473A1E,342a07825c312a77c8aac28b35636fefc20beec3f275283dd8f1b4072f018114,M0,2021-08,17.783355886084788,240
F27E68970A2C4C4CF262A8914B4F199EA4F36CF7AC1FEF5D63BFE9EB326DD8B1,342a07825c312a77c8aac28b35636fefc20beec3f275283dd8f1b4072f018114,M1,2021-08,17.783355886084788,241
6253ADE6DAF67A1BE0AA93BB2ED184F296B0D1F046E2E415614E98AA0C323163,342a07825c312a77c8aac28b35636fefc20beec3f275283dd8f1b4072f018114,M2,2021-08,17.783355886084788,242
D8DD346B7D62211524C7287754510172A3548B657576F1760923CDBA8E9ECEE5,342a07825c312a77c8aac28b35636fefc20beec3f275283dd8f1b4072f018114,M3,2021-08,17.783355886084788,243
486F01A91C8D40DB562289F93D7AB58848376287C086097F519F11341020EB2F,342a07825c312a77c8aac28b35636fefc20beec3f275283dd8f1b4072f018114,M0,2022-02,17.783355886084788,244
DCFDE3ACBFC300DEEBC7358CB8399FF668E5C5337261024659137CFCA5DC4787,342a07825c312a77c8aac28b35636fefc20beec3f275283dd8f1b4072f018114,M1,2022-02,17.783355886084788,245
FBC15F2E59D207F9E009EEEC40A11D2CB96F0FF2DEA21BD9E78FF0794B743791,342a07825c312a77c8aac28b35636fefc20beec3f275283dd8f1b4072f018114,M2,2022-02,17.783355886084788,246
511F4305361DED250E8A92C961C3E55800ACD94CD831AF2D1CE6D547D677C21E,342a07825c312a77c8aac28b35636fefc20beec3f275283dd8f1b4072f018114,M3,2022-02,17.783355886084788,247
81422C222BC47020F763DE92D2F56EE851F8D03BA2145F8E156AC58F578183D6,342a07825c312a77c8aac28b35636fefc20beec3f275283dd8f1b4072f018114,M0,2022-08,17.783355886084788,248
2124D8DD43B31EAA4D48DDB6F7C8EC447B71C7C6E5AB1BB404EEE310D66460B1,342a07825c312a77c8aac28b35636fefc20beec3f275283dd8f1b4072f018114,M1,2022-08,17.783355886084788,249
68C881C300396AE398B5BD301BD8011565DE46917EED27452E76B43C47880F6A,342a07825c312a77c8aac28b35636fefc20beec3f275283dd8f1b4072f018114,M2,2022-08,17.783355886084788,250
D4DEA85212E8F288992C9495B4090F91D5B71209D4351DD39BDF76FDCA2F5306,342a07825c312a77c8aac28b35636fefc20beec3f275283dd8f1b4072f018114,M3,2022-08,17.783355886084788,251
213E084765145011A6F1FA4CF6A5A2858A9DF5C5B9DC1642D977A522C2B95B47,342a07825c312a77c8aac28b35636fefc20beec3f275283dd8f1b4072f018114,M0,2023-08,17.783355886084788,252
386CBE72BC4C1F24F4D6101E26443C5A2EB633EC65A79FC5153C621E55CE98F9,342a07825c312a77c8aac28b35636fefc20beec3f275283dd8f1b4072f018114,M1,2023-08,17.783355886084788,253
8C6BA55A2CA262552283136B019FE1164343D6395DD29EF6D171D3D0A52AD3A9,342a07825c312a77c8aac28b35636fefc20beec3f275283dd8f1b4072f018114,M2,2023-08,17.783355886084788,254
16C8D3516EC480970A479E72C42D3E359D19D3FDFAFBBDF2D137300F456A680E,342a07825c312a77c8aac28b35636fefc20beec3f275283dd8f1b4072f018114,M3,2023-08,17.783355886084788,255
16703E3C2DDEB4A6685DF83BDAC9FC24AEE0FFBE13314845E2E6F2F08A22665B,342a07825c312a77c8aac28b35636fefc20beec3f275283dd8f1b4072f018114,M0,2024-08,17.783355886084788,256
F6808440C2F3C76ACC24DCFFEF113F7D4F748C0D351E97037C9656237542FAD3,342a07825c312a77c8aac28b35636fefc20beec3f275283dd8f1b4072f018114,M1,2024-08,17.783355886084788,257
2D757ACD17EC4FAD775080A605F7A70FA36AA298D8393DA80E4C0997BD641432,342a07825c312a77c8aac28b35636fefc20beec3f275283dd8f1b4072f018114,M2,2024-08,17.783355886084788,258
DD007D7FD51CFD72A9DDE923570BD5EAFEB6F3E38F6696FA9D1F501FD50644E8,342a07825c312a77c8aac28b35636fefc20beec3f275283dd8f1b4072f018114,M3,2024-08,17.783355886084788,259
3E05ABE03B614A9D972DD90BAA0BFD6D5E53C1E1217434AF08F3758B0BD11F5B,34c16e804c61a2e8c37946667530a666320f03331e216d0e4afad7fe027247c6,M0,2021-08,47.59412801596456,260
91045C42E07047FE1547A4C7EC28BC3C30B8854B1A4CF17FADC5260E66CA9EFC,34c16e804c61a2e8c37946667530a666320f03331e216d0e4afad7fe027247c6,M1,2021-08,47.59412801596456,261
C486A677D3B4A46FB1DD2F0AF103E42866C43915E7D5E93B24431831C6865AE5,34c16e804c61a2e8c37946667530a666320f03331e216d0e4afad7fe027247c6,M2,2021-08,47.59412801596456,262
8F145FCB5E046B202658BBF0922DA213DAC60828F7EF2341CC924C264EE9C926,34c16e804c61a2e8c37946667530a666320f03331e216d0e4afad7fe027247c6,M3,2021-08,47.59412801596456,263
5E105AE9E62201C3A16CBB547A405B49C940A3D28F4C0A3C8FC2BBFCD616A36B,34c16e804c61a2e8c37946667530a666320f03331e216d0e4afad7fe027247c6,M0,2022-02,47.59412801596456,264
326AECB601D0DEF6EA238F8BD11781A771D47143B6874D7459D9CBF4FB412B50,34c16e804c61a2e8c37946667530a666320f03331e216d0e4afad7fe027247c6,M1,2022-02,47.59412801596456,265
90D0480B06790A347B8E2B827F348D3DA93588DAFD231BF35CC27E3DE1829F69,34c16e804c61a2e8c37946667530a666320f03331e216d0e4afad7fe027247c6,M2,2022-02,47.59412801596456,266
5432BE81C77DDBFD30B923F9EB36FCC49225240430E27072687365C7429E3022,34c16e804c61a2e8c37946667530a666320f03331e216d0e4afad7fe027247c6,M3,2022-02,47.59412801596456,267
054712ABF50274DE25E2CC72F0EF2330FA06605F687917F0ED5CE81D4E177989,34c16e804c61a2e8c37946667530a666320f03331e216d0e4afad7fe027247c6,M0,2022-08,47.59412801596456,268
F8DD9B1EC4DF1FE8D92A06178ADC92F765A6BB627FAA616D9E820304CAEDC6E6,34c16e804c61a2e8c37946667530a666320f03331e216d0e4afad7fe027247c6,M1,2022-08,47.59412801596456,269
3EB21D59CA4C830A2AB8746CC41037FB036F294A07959A0041C3D5B9A217F51A,34c16e804c61a2e8c37946667530a666320f03331e216d0e4afad7fe027247c6,M2,2022-08,47.59412801596456,270
E095C76E471D2D6D764818BEAA41CCAFD88B97F66221CE789CEDFBB3ED74BD05,34c16e804c61a2e8c37946667530a666320f03331e216d0e4afad7fe027247c6,M3,2022-08,47.59412801596456,271
2B4C766E4C95D2C8138A4C09D60AF91BB417D2FE1FAFBF6DF725102D77C6CAF3,34c16e804c61a2e8c37946667530a666320f03331e216d0e4afad7fe027247c6,M0,2023-08,47.59412801596456,272
7D3669A3341B0901767E9940E222DD18476082DAA92AC900868E7682B9FE371B,34c16e804c61a2e8c37946667530a666320f03331e216d0e4afad7fe027247c6,M1,2023-08,47.59412801596456,273
3F89ECB98BC18EC5372C08E9F9FD7D5BB1E918720185ABBA7566CBAF832FD531,34c16e804c61a2e8c37946667530a666320f03331e216d0e4afad7fe027247c6,M2,2023-08,47.59412801596456,274
87B9D73DBAD8E5E0EB67F331374D9AC6C7B70102C88B8195C27F041FB54C1BD5,34c16e804c61a2e8c37946667530a666320f03331e216d0e4afad7fe027247c6,M3,2023-08,47.59412801596456,275
B25F7F259BB180522F0B0CB30AB34BF7D07D18D6D1879362037F4C7903D05EBA,34c16e804c61a2e8c37946667530a666320f03331e216d0e4afad7fe027247c6,M0,2024-08,47.59412801596456,276
3A6F9A2594C24B7AFBF5522B18398B772D531ABA9949C4A9E054ACF88D92574B,34c16e804c61a2e8c37946667530a666320f03331e216d0e4afad7fe027247c6,M1,2024-08,47.59412801596456,277
3D813288F3E95B7B3E37A3F7E2D37378BA5BFA95232419C217E55656FCC12F8E,34c16e804c61a2e8c37946667530a666320f03331e216d0e4afad7fe027247c6,M2,2024-08,47.59412801596456,278
9FFEBC86563E2D1A9F61C51D42E574FF7AAB8D6695984EE1D77532C621ACF7FD,34c16e804c61a2e8c37946667530a666320f03331e216d0e4afad7fe027247c6,M3,2024-08,47.59412801596456,279
C9AA03F0D8D40761862AA788B60FAF8888B15AD937BAC6E4636A5547F5F1546E,354dcf3a83bea1c2c68e7daa3c5a22cd7409d92b12c0090a52bc6acdbf27f132,M0,2021-08,32.78626102105426,280
C1EEDF428D02372A10233E936C7C2D48AEAFE5B4A35C48EB7F69BC3B12580902,354dcf3a83bea1c2c68e7daa3c5a22cd7409d92b12c0090a52bc6acdbf27f132,M1,2021-08,32.78626102105426,281
74D38367F19BD7343C9E7B53845D156686F3F1BC4CC51A3C4C31DA62BC488ECB,354dcf3a83bea1c2c68e7daa3c5a22cd7409d92b12c0090a52bc6acdbf27f132,M2,2021-08,32.78626102105426,282
563FA94BF85ABDB8C3D2B6D79E335DF905DDCF7A2A32C3A9733F921861CADE90,354dcf3a83bea1c2c68e7daa3c5a22cd7409d92b12c0090a52bc6acdbf27f132,M3,2021-08,32.78626102105426,283
CF108B5C929208FA161CC8FD918EE01B9F056F247BD00B3042D82457A26EA96D,354dcf3a83bea1c2c68e7daa3c5a22cd7409d92b12c0090a52bc6acdbf27f132,M0,2022-02,32.78626102105426,284
D54E70BA4F012EFE8E692EC4453DF16DB28CFBB7028DC9E5BEACE2B84524B568,354dcf3a83bea1c2c68e7daa3c5a22cd7409d92b12c0090a52bc6acdbf27f132,M1,2022-02,32.78626102105426,285
D1932E3EE3C13BE97B3C7E699EDBEADBFCE16C4A91DAD03EAB9BD39002B9D9A5,354dcf3a83bea1c2c68e7daa3c5a22cd7409d92b12c0090a52bc6acdbf27f132,M2,2022-02,32.78626102105426,286
B0D30E213A72F0F9C15D7243AB4B08D145B0CD65CD17B25CAC3F5D67DD942DAC,354dcf3a83bea1c2c68e7daa3c5a22cd7409d92b12c0090a52bc6acdbf27f132,M3,2022-02,32.78626102105426,287
439ED71A2C47D415C0152A9C7B28AF3E317730EA48FCB6D12302A3416A0490D9,354dcf3a83bea1c2c68e7daa3c5a22cd7409d92b12c0090a52bc6acdbf27f132,M0,2022-08,32.78626102105426,288
AEB77AA95590773741D4AA636D821450D21B9FB3007E6032D3289DDF553F329E,354dcf3a83bea1c2c68e7daa3c5a22cd7409d92b12c0090a52bc6acdbf27f132,M1,2022-08,32.78626102105426,289
007BD93AB587946F0550800499CFC672132D380A00A54DD0E683405DA51631EF,354dcf3a83bea1c2c68e7daa3c5a22cd7409d92b12c0090a52bc6acdbf27f132,M2,2022-08,32.78626102105426,290
9BB5FE2F9C18C0DB502AFA91CCDC72E4A9F1ABEEC85376DB34A97626440C0A6F,354dcf3a83bea1c2c68e7daa3c5a22cd7409d92b12c0090a52bc6acdbf27f132,M3,2022-08,32.78626102105426,291
279CEA5A8B532AA0A76C57A9F73424666F736E19CC1CCBB12BE77582F1FB6776,354dcf3a83bea1c2c68e7daa3c5a22cd7409d92b12c0090a52bc6acdbf27f132,M0,2023-08,32.78626102105426,292
BEC64A9B8E7D222343F8F36F5885A383C202F17D64B6EDB19CFA08A698716EE9,354dcf3a83bea1c2c68e7daa3c5a22cd7409d92b12c0090a52bc6acdbf27f132,M1,2023-08,32.78626102105426,293
DCEBE83A805FC796AF8940EA742D7591BBB74CD07DB894987ACF31DB59CB4C1B,354dcf3a83bea1c2c68e7daa3c5a22cd7409d92b12c0090a52bc6acdbf27f132,M2,2023-08,32.78626102105426,294
744F5FBF16E5D70CF0D30B9A71D2EADE9F980B4BAF5F6BD6F949EEE77920CC87,354dcf3a83bea1c2c68e7daa3c5a22cd7409d92b12c0090a52bc6acdbf27f132,M3,2023-08,32.78626102105426,295
8FFC83DE27FBD7CE0223567606C61CFA2FFB48CB89543D252DB0D6FC1A29855E,354dcf3a83bea1c2c68e7daa3c5a22cd7409d92b12c0090a52bc6acdbf27f132,M0,2024-08,32.78626102105426,296
0B528DEE140C7E5011B60A91141E22AB10AAB4C34A76E4AA1A98FE90290F4F69,354dcf3a83bea1c2c68e7daa3c5a22cd7409d92b12c0090a52bc6acdbf27f132,M1,2024-08,32.78626102105426,297
25C66A96D3B59682DD8CF13587164044C68A799333517B501AA4EE7D494B1F78,354dcf3a83bea1c2c68e7daa3c5a22cd7409d92b12c0090a52bc6acdbf27f132,M2,2024-08,32.78626102105426,298
001489D07A420763FDE6BD98930C0415F8B1E2234FB55A5D4796944D9F9E4DDD,354dcf3a83bea1c2c68e7daa3c5a22cd7409d92b12c0090a52bc6acdbf27f132,M3,2024-08,32.78626102105426,299
8059B9C9F37D53CB326B56DA7C678AEB907206C81C30D582798F291F6EE133D4,35c8067e2e5b4ee860f43573c21f0f3092aeac361ed4dcc7936939793a76b821,M0,2021-08,1.8936877416882052,300
B75F194F8906EABCD213ACD3B978126FBC2A3C0C43A22DAA139B756D187889CC,35c8067e2e5b4ee860f43573c21f0f3092aeac361ed4dcc7936939793a76b821,M1,2021-08,1.8936877416882052,301
2B583C1C10BD69642DB384A013D059E2C9DC83B7874160D5F5BC7D650D8A8378,35c8067e2e5b4ee860f43573c21f0f3092aeac361ed4dcc7936939793a76b821,M2,2021-08,1.8936877416882052,302
70D47EC83751B11D545389B63314F5D23715AC3EB8C4D085F6DB3FAE524223C1,35c8067e2e5b4ee860f43573c21f0f3092aeac361ed4dcc7936939793a76b821,M3,2021-08,1.8936877416882052,303
2B2E1F3657A001BC05E00143C970D0C66766D96A31633775F7711664ABB291C4,35c8067e2e5b4ee860f43573c21f0f3092aeac361ed4dcc7936939793a76b821,M0,2022-02,1.8936877416882052,304
03ADEFB78177A1FDCBC4496830CB06FCBB4C3961D238059BCB4DE1EAF8CA6C20,35c8067e2e5b4ee860f43573c21f0f3092aeac361ed4dcc7936939793a76b821,M1,2022-02,1.8936877416882052,305
4CDAF6FEB1365C8C5C4F3E3FDC8B5BF8CED94A27BC35D88A03638F9AFEBB9318,35c8067e2e5b4ee860f43573c21f0f3092aeac361ed4dcc7936939793a76b821,M2,2022-02,1.8936877416882052,306
1FB9454E32A891B4977781996B9CA7FC2D16BA4A0BB7F922A4F574127C14BC87,35c8067e2e5b4ee860f43573c21f0f3092aeac361ed4dcc7936939793a76b821,M3,2022-02,1.8936877416882052,307
50C205A877A403B96CA1E314048ACCBFA561F168F40A22C89F8931325DF44909,35c8067e2e5b4ee860f43573c21f0f3092aeac361ed4dcc7936939793a76b821,M0,2022-08,1.8936877416882052,308
5F531C0340FCC05197A584FCE0F76990306580A58B0F501AD837233467E6750D,35c8067e2e5b4ee860f43573c21f0f3092aeac361ed4dcc7936939793a76b821,M1,2022-08,1.8936877416882052,309
6B8616D53D13237596150A2FC7E7100D0FB030122AE0AA18676C00EC61A9C693,35c8067e2e5b4ee860f43573c21f0f3092aeac361ed4dcc7936939793a76b821,M2,2022-08,1.8936877416882052,310
EB109787B6C5A7D91547525908C8D5AC4A40398D57F6CB602B5814E6175C60BC,35c8067e2e5b4ee860f43573c21f0f3092aeac361ed4dcc7936939793a76b821,M3,2022-08,1.8936877416882052,311
6023EDBA5630173B7AB9CF09EA96846859E2F5C0AA5A1839C201D2D9D70C8D6E,35c8067e2e5b4ee860f43573c21f0f3092aeac361ed4dcc7936939793a76b821,M0,2023-08,1.8936877416882052,312
6C6B8C874DD7AA7E7BD3A1AEE39BCE1E264FCF8C8473A81480D053B0FB5F54A6,35c8067e2e5b4ee860f43573c21f0f3092aeac361ed4dcc7936939793a76b821,M1,2023-08,1.8936877416882052,313
AEB08E3038608486D23C86DF24E3495603E701FB4F728B01A245497DE238547A,35c8067e2e5b4ee860f43573c21f0f3092aeac361ed4dcc7936939793a76b821,M2,2023-08,1.8936877416882052,314
0CFE4B298161E9F148C524128AE58ECC036C53FBA28018AACA934551A4B39585,35c8067e2e5b4ee860f43573c21f0f3092aeac361ed4dcc7936939793a76b821,M3,2023-08,1.8936877416882052,315
DFBBDAF2E62D42FF2CB47D27A1DCAEA511F6312633D4D531BAEED00F56847BEF,35c8067e2e5b4ee860f43573c21f0f3092aeac361ed4dcc7936939793a76b821,M0,2024-08,1.8936877416882052,316
F535018EA07BB3C34429E04599A33370BBC8D6DABFE62775CF31DEA9F5A06DF7,35c8067e2e5b4ee860f43573c21f0f3092aeac361ed4dcc7936939793a76b821,M1,2024-08,1.8936877416882052,317
5E6716864B423A5913DC745B546E2EB31CCBB2719576C37802634F535EEF6D5D,35c8067e2e5b4ee860f43573c21f0f3092aeac361ed4dcc7936939793a76b821,M2,2024-08,1.8936877416882052,318
F3FD79F31BB8DCCD0B392E7BAC875CD9150ECAD15B725B1590FCA3B513840F03,35c8067e2e5b4ee860f43573c21f0f3092aeac361ed4dcc7936939793a76b821,M3,2024-08,1.8936877416882052,319
EA2ED7AC57EF601C0D4D2CB1046B0296BB72A01606C19072A9099C35D9CF475A,3741bb855cd283342f92a1407eee91383e13b9b794052eeb8a6035d7eab14fcf,M0,2021-08,37.68060314308868,320
8042874410BF3F492CAD7515EDE9811C1E71973872B311729C396BE32C395A33,3741bb855cd283342f92a1407eee91383e13b9b794052eeb8a6035d7eab14fcf,M1,2021-08,37.68060314308868,321
12198E1162A4C554714D345D16CB0EA865C55570643EEF7E5087E157D03892ED,3741bb855cd283342f92a1407eee91383e13b9b794052eeb8a6035d7eab14fcf,M2,2021-08,37.68060314308868,322
6BA44319E5F8FF4B5ECAED841873FC4E0A0511C36F9F8C421F2E4F2F2A2ADFFB,3741bb855cd283342f92a1407eee91383e13b9b794052eeb8a6035d7eab14fcf,M3,2021-08,37.68060314308868,323
FCF457CE487F2AA7807965B5633B5B5C2FF6C066530C90BA2C0CF50E55DEA183,3741bb855cd283342f92a1407eee91383e13b9b794052eeb8a6035d7eab14fcf,M0,2022-02,37.68060314308868,324
6B449959E304B72D3FB3DD18190445540889C0CF415EE34F357746C01D0C7C75,3741bb855cd283342f92a1407eee91383e13b9b794052eeb8a6035d7eab14fcf,M1,2022-02,37.68060314308868,325
E256807F58A36713011256AF5C72B740DBF3D210758CC210649D985600C5C148,3741bb855cd283342f92a1407eee91383e13b9b794052eeb8a6035d7eab14fcf,M2,2022-02,37.68060314308868,326
4765BC0858F70D61B5B61CBE9B8DDFA8FD6307E7E3C9B29C760BC564CE3B932D,3741bb855cd283342f92a1407eee91383e13b9b794052eeb8a6035d7eab14fcf,M3,2022-02,37.68060314308868,327
E84D477D3D4C72821F714B973A91C201C32DC5A386C1511CA582D4DBAD498248,3741bb855cd283342f92a1407eee91383e13b9b794052eeb8a6035d7eab14fcf,M0,2022-08,37.68060314308868,328
49CB9F23682F9A4D23F8A3E805D95BDECD84BD3D9CF67BA0C68799B78485219B,3741bb855cd283342f92a1407eee91383e13b9b794052eeb8a6035d7eab14fcf,M1,2022-08,37.68060314308868,329
484FA2108C0E689AF591C301CB94E50A45C36A33971879622C7D5AEFA45A59E5,3741bb855cd283342f92a1407eee91383e13b9b794052eeb8a6035d7eab14fcf,M2,2022-08,37.68060314308868,330
9C1AF288F120845F50024FCE9A42B571F647934F96E0DFD24D9F605CC4D04A5E,3741bb855cd283342f92a1407eee91383e13b9b794052eeb8a6035d7eab14fcf,M3,2022-08,37.68060314308868,331
507DECE65AE2E05E9DCEF8BC71C95B26B9D1E445BEDC38620B109AB6D6E2C12D,3741bb855cd283342f92a1407eee91383e13b9b794052eeb8a6035d7eab14fcf,M0,2023-08,37.68060314308868,332
021243C50E252CFEA4FF22A7EAE470BE16282E5B0509E83C20A17596A5F7F058,3741bb855cd283342f92a1407eee91383e13b9b794052eeb8a6035d7eab14fcf,M1,2023-08,37.68060314308868,333
3068314B8B893939705CA243251CFF8ABC9D4D58FE903BEF30002F77ABBF9C69,3741bb855cd283342f92a1407eee91383e13b9b794052eeb8a6035d7eab14fcf,M2,2023-08,37.68060314308868,334
CFF12265BCCBCA3467664833ECC8DC7FAA1D0B2E1261B151B2F2D982421DA460,3741bb855cd283342f92a1407eee91383e13b9b794052eeb8a6035d7eab14fcf,M3,2023-08,37.68060314308868,335
5B85585A199E1E63524B948BAAA11665D87E3764058422800C5BE09C5FC8F0F9,3741bb855cd283342f92a1407eee91383e13b9b794052eeb8a6035d7eab14fcf,M0,2024-08,37.68060314308868,336
9E74A314E00E25A27806D091B34A16A753BC7ECF9CC7BCEB636CA5EE71611225,3741bb855cd283342f92a1407eee91383e13b9b794052eeb8a6035d7eab14fcf,M1,2024-08,37.68060314308868,337
181017095D36E45C6A69A75E2441A0CBE6138D2F6ED35704F5ED6111614FAC3D,3741bb855cd283342f92a1407eee91383e13b9b794052eeb8a6035d7eab14fcf,M2,2024-08,37.68060314308868,338
ECF2A9E72575EE0D86823A19ABE976FB7F02FD33DAC7B4A52AEB958AE4579559,3741bb855cd283342f92a1407eee91383e13b9b794052eeb8a6035d7eab14fcf,M3,2024-08,37.68060314308868,339
B1DF9FBD0F6E9C0AC738250F6E92D8D88455E0C503A35538D994928F7A96899C,395096220f8ffec1753df2f7b1dffb27a4adea84b3f8513d601ee5ce98c85ba3,M0,2021-08,9.33749088662035,340
F39D7AF52714C805D9A31FE7D20CC894A43C36A43A4E5A8212445E4A6EDF03D5,395096220f8ffec1753df2f7b1dffb27a4adea84b3f8513d601ee5ce98c85ba3,M1,2021-08,9.33749088662035,341
FBA6ECDB5008B46DB05E5FBECE4BB85385CF2297338A1085525CA228C0F0139F,395096220f8ffec1753df2f7b1dffb27a4adea84b3f8513d601ee5ce98c85ba3,M2,2021-08,9.33749088662035,342
DAFE76BB1B334656D37F834CE46EE86C6EE5589DBED2C99D1D29AB44E6401F15,395096220f8ffec1753df2f7b1dffb27a4adea84b3f8513d601ee5ce98c85ba3,M3,2021-08,9.33749088662035,343
A9E317C7A2FDB7E4D6FFFB609B277881C2F2A430DFCC704EEBE24BB1AE425035,395096220f8ffec1753df2f7b1dffb27a4adea84b3f8513d601ee5ce98c85ba3,M0,2022-02,9.33749088662035,344
F12EEF8ECB0E02EF74733A61CEE73F3815C9F05539D5B7425619E05590E8F5A4,395096220f8ffec1753df2f7b1dffb27a4adea84b3f8513d601ee5ce98c85ba3,M1,2022-02,9.33749088662035,345
05ED20A3ACCFE9E5114F6C4F7EBA6FCCFCC8CD6CA469136842D43BCBA96DC3DC,395096220f8ffec1753df2f7b1dffb27a4adea84b3f8513d601ee5ce98c85ba3,M2,2022-02,9.33749088662035,346
E26FD0F3E9A75281A710575195BFEAB3DE7BB99E4F8F18EF54787D6E69695F5C,395096220f8ffec1753df2f7b1dffb27a4adea84b3f8513d601ee5ce98c85ba3,M3,2022-02,9.33749088662035,347
B6E8EC8BB95E511F1F07A72EA5B9D5CB3335D9E132896B0373691890F9F4C69E,395096220f8ffec1753df2f7b1dffb27a4adea84b3f8513d601ee5ce98c85ba3,M0,2022-08,9.33749088662035,348
2A3926F02E136EB259BBB581493F3E011A3170F2DED88DE938137D8BFDEBDCBB,395096220f8ffec1753df2f7b1dffb27a4adea84b3f8513d601ee5ce98c85ba3,M1,2022-08,9.33749088662035,349
76CF633D49D39D60E4F4E34864D57A70738C608520627C90263C529D7EA508D6,395096220f8ffec1753df2f7b1dffb27a4adea84b3f8513d601ee5ce98c85ba3,M2,2022-08,9.33749088662035,350
652855F230C87553FBC8629F36243BFB10F018390FACA33F53A489308C0E5DDF,395096220f8ffec1753df2f7b1dffb27a4adea84b3f8513d601ee5ce98c85ba3,M3,2022-08,9.33749088662035,351
52AC45A4FAABECBEBDBF3351486A1B21247643A0DCCB6DD376F7BE2D87FFAC85,395096220f8ffec1753df2f7b1dffb27a4adea84b3f8513d601ee5ce98c85ba3,M0,2023-08,9.33749088662035,352
E1B5A1F1C02A2B493380FD41396D9C5E76F24F6BCA64A5A3BDB1D6E01CD8B0D8,395096220f8ffec1753df2f7b1dffb27a4adea84b3f8513d601ee5ce98c85ba3,M1,2023-08,9.33749088662035,353
6FF8C6DB988426CA6BA72BC9D1EE31BC0FAE56197F9AB9516AE56FF247453473,395096220f8ffec1753df2f7b1dffb27a4adea84b3f8513d601ee5ce98c85ba3,M2,2023-08,9.33749088662035,354
54B4FD8098B8B546FB01BC73842489C695F4C9DD011B363AF2D5C0FC82488A65,395096220f8ffec1753df2f7b1dffb27a4adea84b3f8513d601ee5ce98c85ba3,M3,2023-08,9.33749088662035,355
AA0C5E5ED1B95DB3529319002C5DA583B187C5BFF1C40560C7B6DC8B94E6D72B,395096220f8ffec1753df2f7b1dffb27a4adea84b3f8513d601ee5ce98c85ba3,M0,2024-08,9.33749088662035,356
248AF3E52B6312E80859555FB32E73E6F743D0644323B23681873EBFEE71BE9F,395096220f8ffec1753df2f7b1dffb27a4adea84b3f8513d601ee5ce98c85ba3,M1,2024-08,9.33749088662035,357
B84B06B6B60B0679C743606A60811C1D7A239AD8FB4AD328F2C9D61A8248A49B,395096220f8ffec1753df2f7b1dffb27a4adea84b3f8513d601ee5ce98c85ba3,M2,2024-08,9.33749088662035,358
7FB9A43D7730EFF01057BFB4318F1D4EAE5231D5BE60FC803BCC01349541D418,395096220f8ffec1753df2f7b1dffb27a4adea84b3f8513d601ee5ce98c85ba3,M3,2024-08,9.33749088662035,359
3CD4B0840F59E680E513E268F7B3AC86C0A793131E03C173142E00E3BF7A6794,3db9ba0d77ec71926972ce5be4a38b3f157995b1dd7d20e3d5c24ba40ef6cf16,M0,2021-08,59.383907165288775,360
748C6ABE8679184151886BDAD5BF498830B4CFE0066DC8885EBCF15BDEB661F3,3db9ba0d77ec71926972ce5be4a38b3f157995b1dd7d20e3d5c24ba40ef6cf16,M1,2021-08,59.383907165288775,361
791E4F68D16D53CA25DE7A0FFE6C850436CEEF1EC2252C0BE4F101EA4D7280F0,3db9ba0d77ec71926972ce5be4a38b3f157995b1dd7d20e3d5c24ba40ef6cf16,M2,2021-08,59.383907165288775,362
EF2CE0CCA36E95AB73F4C3A68F38ADC33AFBFD2CDCC185014E69AC866257DA8B,3db9ba0d77ec71926972ce5be4a38b3f157995b1dd7d20e3d5c24ba40ef6cf16,M3,2021-08,59.383907165288775,363
D7077BB99E5335D22D2571F45950565B7FC7A7BF97CB06C72C7C6FBF83D49D86,3db9ba0d77ec71926972ce5be4a38b3f157995b1dd7d20e3d5c24ba40ef6cf16,M0,2022-02,59.383907165288775,364
7813B5D7BD32B4442E1DD818203F5CCB4A172C45D184B0D93E70AEB83EFC649E,3db9ba0d77ec71926972ce5be4a38b3f157995b1dd7d20e3d5c24ba40ef6cf16,M1,2022-02,59.383907165288775,365
2F721380DCDD102C18BFA881331D3334928F08C76075BFE63F9E77C487CD0CF0,3db9ba0d77ec71926972ce5be4a38b3f157995b1dd7d20e3d5c24ba40ef6cf16,M2,2022-02,59.383907165288775,366
065AB7AA401BF059A82B394AE9B343962A884DCB3B5AB5834DE4E0A1FB143FFA,3db9ba0d77ec71926972ce5be4a38b3f157995b1dd7d20e3d5c24ba40ef6cf16,M3,2022-02,59.383907165288775,367
BF3E3128DC368CF5A92377403196FBACA822350A7507C228D20987D9056850E9,3db9ba0d77ec71926972ce5be4a38b3f157995b1dd7d20e3d5c24ba40ef6cf16,M0,2022-08,59.383907165288775,368
6C83D29A85C1FFDDF618E37C0EAB310446B5770577BE4907532730E21CC6D819,3db9ba0d77ec71926972ce5be4a38b3f157995b1dd7d20e3d5c24ba40ef6cf16,M1,2022-08,59.383907165288775,369
154129431EB379BD5F8FBA932096CFCCB01418408DDBC003E589EF419F786AE7,3db9ba0d77ec71926972ce5be4a38b3f157995b1dd7d20e3d5c24ba40ef6cf16,M2,2022-08,59.383907165288775,370
DD2EB30B54F4EB7F0AD053961C515703BA3CA9DC87432CA4E7A69437129DA846,3db9ba0d77ec71926972ce5be4a38b3f157995b1dd7d20e3d5c24ba40ef6cf16,M3,2022-08,59.383907165288775,371
EAA5CEC87B72BB66E33E9F22026D43E6618CE80B57E5C1BDBBC116443FAE446B,3db9ba0d77ec71926972ce5be4a38b3f157995b1dd7d20e3d5c24ba40ef6cf16,M0,2023-08,59.383907165288775,372
7867C38CA81A844EB5BD9A19C50A0345B981ABDB3FE60694A74C55A9A7DC8B84,3db9ba0d77ec71926972ce5be4a38b3f157995b1dd7d20e3d5c24ba40ef6cf16,M1,2023-08,59.383907165288775,373
F9ED3908C070DD975B4399CD8B75BCC75F327B7625BA587D748616E9666E06F7,3db9ba0d77ec71926972ce5be4a38b3f157995b1dd7d20e3d5c24ba40ef6cf16,M2,2023-08,59.383907165288775,374
93A8134A447A8DF596F8679AB203A2C3E6DED788E706702F782D5DBE171B1E7E,3db9ba0d77ec71926972ce5be4a38b3f157995b1dd7d20e3d5c24ba40ef6cf16,M3,2023-08,59.383907165288775,375
5DEDE8C9E1DF43F63C72C2AE3C08F928F0B54FC76719072C29F27710BFC0E8AF,3db9ba0d77ec71926972ce5be4a38b3f157995b1dd7d20e3d5c24ba40ef6cf16,M0,2024-08,59.383907165288775,376
042B337DFFE807AE299AD29F32BF8BD1C3C071776812A4D81CC229DAE4088897,3db9ba0d77ec71926972ce5be4a38b3f157995b1dd7d20e3d5c24ba40ef6cf16,M1,2024-08,59.383907165288775,377
96923DF582B049D39061C5696F37423F64529E1C9ACDDD150F91C8BA0CAB4951,3db9ba0d77ec71926972ce5be4a38b3f157995b1dd7d20e3d5c24ba40ef6cf16,M2,2024-08,59.383907165288775,378
1EF5858A0835F901B86309DB113016D52A611344AD2C59B20598F93BBFE77EF5,3db9ba0d77ec71926972ce5be4a38b3f157995b1dd7d20e3d5c24ba40ef6cf16,M3,2024-08,59.383907165288775,379
5FD0A707BB198D3415EA29C49B1487350231B13E75621CCB41327241B39309FB,40061bec79bfb119725a97d825a408db7f6e00feadd9e4577cd753dfe9de5e42,M0,2021-08,3.090302600681977,380
4A266DB5D194F384E85743B359DA264C67916F9304EFED6F70508BCC244B6F8C,40061bec79bfb119725a97d825a408db7f6e00feadd9e4577cd753dfe9de5e42,M1,2021-08,3.090302600681977,381
540E00EC04390F2E97020911109A9EA221022ADB203C823EE8D7661CB8EAFF77,40061bec79bfb119725a97d825a408db7f6e00feadd9e4577cd753dfe9de5e42,M2,2021-08,3.090302600681977,382
1AB809ABA98C937FBA9A95B5586FF67DDDAAD57E590093BAB3E84EA4884CF26E,40061bec79bfb119725a97d825a408db7f6e00feadd9e4577cd753dfe9de5e42,M3,2021-08,3.090302600681977,383
910F2804AD295004E720CD79A3453887DB213935A2062E46BCFBAA67CA1165A6,40061bec79bfb119725a97d825a408db7f6e00feadd9e4577cd753dfe9de5e42,M0,2022-02,3.090302600681977,384
9D1B763BF11D1A1F4B0CF79AE0C961C180255CE58DF063982CD43C57948A7BBD,40061bec79bfb119725a97d825a408db7f6e00feadd9e4577cd753dfe9de5e42,M1,2022-02,3.090302600681977,385
AFD1209042D584CF373870C1FA43144008C3E361C2595CF8323F4198EC49E260,40061bec79bfb119725a97d825a408db7f6e00feadd9e4577cd753dfe9de5e42,M2,2022-02,3.090302600681977,386
F6A670E5E368802C88C02786C0093C6A1268CDE09AFAE638D3CA3B317B7BD2A2,40061bec79bfb119725a97d825a408db7f6e00feadd9e4577cd753dfe9de5e42,M3,2022-02,3.090302600681977,387
DE0DA023D8C5875D95D83A8D5952356BB2DE101128E4B5DEFD3C6F5FB8511BFB,40061bec79bfb119725a97d825a408db7f6e00feadd9e4577cd753dfe9de5e42,M0,2022-08,3.090302600681977,388
36970EF1BE934D46C729086C971987BEEA6525970237913F61E00FC2D65C6601,40061bec79bfb119725a97d825a408db7f6e00feadd9e4577cd753dfe9de5e42,M1,2022-08,3.090302600681977,389
CE7CC34DDE88108B155C7FDDA6035E275198DD34D90CF567085BAC4539BD4949,40061bec79bfb119725a97d825a408db7f6e00feadd9e4577cd753dfe9de5e42,M2,2022-08,3.090302600681977,390
EC88EC4E0D402F6A403842C1ADD84ED0225DFC7015C0FE13A3A669A4AECF62CB,40061bec79bfb119725a97d825a408db7f6e00feadd9e4577cd753dfe9de5e42,M3,2022-08,3.090302600681977,391
BCCC5D49E49510B44DA3670C6BBDF4F50EF77482E9774D5F72CAA7D3FB1565A0,40061bec79bfb119725a97d825a408db7f6e00feadd9e4577cd753dfe9de5e42,M0,2023-08,3.090302600681977,392
BED81A930D97CE55CB078646B23FD43C9DAA220E5B1737DF5A8AC5CABE1E5B49,40061bec79bfb119725a97d825a408db7f6e00feadd9e4577cd753dfe9de5e42,M1,2023-08,3.090302600681977,393
5B32841083CFC397CF79DA5EB719F00087C8B7E928A354AD80916590711A6975,40061bec79bfb119725a97d825a408db7f6e00feadd9e4577cd753dfe9de5e42,M2,2023-08,3.090302600681977,394
2B05CFC03CD1DA47D0AF3DFF25275BC260B9044682CCE48B179B80CC06407D5F,40061bec79bfb119725a97d825a408db7f6e00feadd9e4577cd753dfe9de5e42,M3,2023-08,3.090302600681977,395
FCA87BC58F2C242DE4E1687256CAAC89D73F2B48571FA37B6E75886266AE0468,40061bec79bfb119725a97d825a408db7f6e00feadd9e4577cd753dfe9de5e42,M0,2024-08,3.090302600681977,396
0FEDA8A08F7EC5721538E6EB84FE9B01F08BD9D49CDA2E55B5546966D443CC78,40061bec79bfb119725a97d825a408db7f6e00feadd9e4577cd753dfe9de5e42,M1,2024-08,3.090302600681977,397
1BF2182D0A2C204F7A4BA422D37CBA48C0C690B1B34D34FD12A2537717EFE350,40061bec79bfb119725a97d825a408db7f6e00feadd9e4577cd753dfe9de5e42,M2,2024-08,3.090302600681977,398
FA38BB240041D54B3831EF69BC4C041AB2CE305C3093162A6D42A1FB5433EFFC,40061bec79bfb119725a97d825a408db7f6e00feadd9e4577cd753dfe9de5e42,M3,2024-08,3.090302600681977,399
9D8C29D0BB224744D68A61017FF997647BC86A464E6BD6EB8357D133B17DB280,424da3606c0a30a0135bf5a42326f21119e8e6aa1aeb15b5a5940be999e2b668,M0,2021-08,9.08608903600003,400
B87F10B6340B0CFC9CD31C66ABD92F05B754BBD940ED8B6D47937F89EE6BF174,424da3606c0a30a0135bf5a42326f21119e8e6aa1aeb15b5a5940be999e2b668,M1,2021-08,9.08608903600003,401
7B479C031C92EE52BFE98C1E3279C5F237E5711F0E649D681769B17076B1DBED,424da3606c0a30a0135bf5a42326f21119e8e6aa1aeb15b5a5940be999e2b668,M2,2021-08,9.08608903600003,402
23E2568A38845A72D2B6C202A8B4F0992541BDE5191DC5B098FED730275CED01,424da3606c0a30a0135bf5a42326f21119e8e6aa1aeb15b5a5940be999e2b668,M3,2021-08,9.08608903600003,403
1604D74F0F378F3E9EF5225BF018BD16741508FE8D53DBEE0A8D583D73071C08,424da3606c0a30a0135bf5a42326f21119e8e6aa1aeb15b5a5940be999e2b668,M0,2022-02,9.08608903600003,404
60E043B4C8196CFAB766EACAA2995D3A354405F8DAB2FA2D12B40A911F7BC805,424da3606c0a30a0135bf5a42326f21119e8e6aa1aeb15b5a5940be999e2b668,M1,2022-02,9.08608903600003,405
D9BC1176E2165317FFEC27907CB7DEF21BC4EE98C21804D503CC371F14FD1BF4,424da3606c0a30a0135bf5a42326f21119e8e6aa1aeb15b5a5940be999e2b668,M2,2022-02,9.08608903600003,406
C8C930C80E63751402FEBA54829670CC0AB6163FD8BE9F50FA968EBAF3C5BC82,424da3606c0a30a0135bf5a42326f21119e8e6aa1aeb15b5a5940be999e2b668,M3,2022-02,9.08608903600003,407
943B99E71EA75C714194B9D060D3037135E8ADBEA73B482AD1149CB19943A8FF,424da3606c0a30a0135bf5a42326f21119e8e6aa1aeb15b5a5940be999e2b668,M0,2022-08,9.08608903600003,408
3F4000074CD975C5F945476E737AB8D7BEDC88713E5DBDD315A4B382BB1C4193,424da3606c0a30a0135bf5a42326f21119e8e6aa1aeb15b5a5940be999e2b668,M1,2022-08,9.08608903600003,409
DB357A1BCB91450E6114A551BC290D9CEE3A5D65ABC17BDF61EE95AE05B78931,424da3606c0a30a0135bf5a42326f21119e8e6aa1aeb15b5a5940be999e2b668,M2,2022-08,9.08608903600003,410
E6E959476BF0158E048C14425C9D45D29CEB309A969BDC1951021C5190084614,424da3606c0a30a0135bf5a42326f21119e8e6aa1aeb15b5a5940be999e2b668,M3,2022-08,9.08608903600003,411
C3430CB1E2CC8D824A0D44A3467E34C3DECECDA01B3335B101AE3E634684634E,424da3606c0a30a0135bf5a42326f21119e8e6aa1aeb15b5a5940be999e2b668,M0,2023-08,9.08608903600003,412
224D0AC0495BD61C7C6DFD0D2D5F50A2A3B3257F4C632FD2009AA4FAB2F51BF0,424da3606c0a30a0135bf5a42326f21119e8e6aa1aeb15b5a5940be999e2b668,M1,2023-08,9.08608903600003,413
2B5AF45BA364477806E8D7C6E15D5E8BCF4641D9283FFD3286A1410EFB3C64B7,424da3606c0a30a0135bf5a42326f21119e8e6aa1aeb15b5a5940be999e2b668,M2,2023-08,9.08608903600003,414
6EE357A3EEEDBB8CB0D8839ECD4F39ADE5EA7F23CF66963E02798AC86833C193,424da3606c0a30a0135bf5a42326f21119e8e6aa1aeb15b5a5940be999e2b668,M3,2023-08,9.08608903600003,415
DE961340A2478D38763EDC3DDA67E73BCBBCF56BBF9A7FA96D56B7609AC36E8A,424da3606c0a30a0135bf5a42326f21119e8e6aa1aeb15b5a5940be999e2b668,M0,2024-08,9.08608903600003,416
C428FD9C43F7B688E3C28AA8500BFF800488A5808FAEC124C706D3869FD6B72A,424da3606c0a30a0135bf5a42326f21119e8e6aa1aeb15b5a5940be999e2b668,M1,2024-08,9.08608903600003,417
7ACD92AEC95277FFD5F86A60D4AC6E4770D65633221FEF7150AF76A6BB865914,424da3606c0a30a0135bf5a42326f21119e8e6aa1aeb15b5a5940be999e2b668,M2,2024-08,9.08608903600003,418
682B41270E487F4242B4EAFB9B15EA96BE17FD946FF17A14F8F7E92A24B8BCC1,424da3606c0a30a0135bf5a42326f21119e8e6aa1aeb15b5a5940be999e2b668,M3,2024-08,9.08608903600003,419
FD94848B0E79F8DF9A020F4699C1B922D049C0A36EA2C95B379CAB90CE980106,456509d84c4d24f3ecef7dbe9f01f67301bec3962bacba456b8d8c7cd65496fd,M0,2021-08,1.8580836345809368,420
222200B5DABEEB8A35F76353ED8232BCCAD32EA526447E872E05623CEC5F9893,456509d84c4d24f3ecef7dbe9f01f67301bec3962bacba456b8d8c7cd65496fd,M1,2021-08,1.8580836345809368,421
C3C1C4696127BCF524CE6EB498348C329A0BF4DFD36EF6C7BE46CD8048F35228,456509d84c4d24f3ecef7dbe9f01f67301bec3962bacba456b8d8c7cd65496fd,M2,2021-08,1.8580836345809368,422
B862AE3FA1A87482BF884D7E0DDB9694CDAF19456129083787B19E29FE128A14,456509d84c4d24f3ecef7dbe9f01f67301bec3962bacba456b8d8c7cd65496fd,M3,2021-08,1.8580836345809368,423
999E249FA240689AAA285F61B8734EB57158103282CB56A96B1F3881C3DC3E6C,456509d84c4d24f3ecef7dbe9f01f67301bec3962bacba456b8d8c7cd65496fd,M0,2022-02,1.8580836345809368,424
EC6F040DF8A59AD5B56419CFCBAC2C6D21A38F21F36151C7B307BCEF5EA21670,456509d84c4d24f3ecef7dbe9f01f67301bec3962bacba456b8d8c7cd65496fd,M1,2022-02,1.8580836345809368,425
01D0EA11176C812513A26DDB1A59AD1AD90686E1C0151F416DB1ADBD6F97F9E2,456509d84c4d24f3ecef7dbe9f01f67301bec3962bacba456b8d8c7cd65496fd,M2,2022-02,1.8580836345809368,426
9A364A36756241BF4136AB30C2F955E9A866A75C8D2630F19148327D710A3095,456509d84c4d24f3ecef7dbe9f01f67301bec3962bacba456b8d8c7cd65496fd,M3,2022-02,1.8580836345809368,427
469CD65EDD6FF3C9F946AC42E633C1CACCE87550352E1B4B32B3AA5566B1FBEF,456509d84c4d24f3ecef7dbe9f01f67301bec3962bacba456b8d8c7cd65496fd,M0,2022-08,1.8580836345809368,428
05918A53583D8B1673E36B118056C2070BD444DE9E836A640F82D16299FBC220,456509d84c4d24f3ecef7dbe9f01f67301bec3962bacba456b8d8c7cd65496fd,M1,2022-08,1.8580836345809368,429
6627F22197A5CC810E01703FD87950AE74DB2C413825FD9890805D4742B1D298,456509d84c4d24f3ecef7dbe9f01f67301bec3962bacba456b8d8c7cd65496fd,M2,2022-08,1.8580836345809368,430
993E71A45C907F74C319941D165BA708977E50881ED0C6FB351491B2DD500F55,456509d84c4d24f3ecef7dbe9f01f67301bec3962bacba456b8d8c7cd65496fd,M3,2022-08,1.8580836345809368,431
5CE182464403D1A4EFA2AF19D0E6E80F9D2DF95252B59E4C1CCD616D574577D9,456509d84c4d24f3ecef7dbe9f01f67301bec3962bacba456b8d8c7cd65496fd,M0,2023-08,1.8580836345809368,432
747A6B9DD426D8D7368609F788AEF10692927214393CBAF02AACEE9250490328,456509d84c4d24f3ecef7dbe9f01f67301bec3962bacba456b8d8c7cd65496fd,M1,2023-08,1.8580836345809368,433
969D0251C39516FE546F93D8A0C1FF63135DC5FB88E8C2E4A50BD5829299209A,456509d84c4d24f3ecef7dbe9f01f67301bec3962bacba456b8d8c7cd65496fd,M2,2023-08,1.8580836345809368,434
1B168A09267FC8326E90C65D7F032603B649F51F42BAE05A22D8F2B912B055EA,456509d84c4d24f3ecef7dbe9f01f67301bec3962bacba456b8d8c7cd65496fd,M3,2023-08,1.8580836345809368,435
7BBFFE4CD96707EB1233001AD5CC872E890D93C0F168D50FE110806CAB6DD99B,456509d84c4d24f3ecef7dbe9f01f67301bec3962bacba456b8d8c7cd65496fd,M0,2024-08,1.8580836345809368,436
69EAB79CE737D0A5616E82CF9DFA69ED5AED6DE20A01DE6805071FE588CA3606,456509d84c4d24f3ecef7dbe9f01f67301bec3962bacba456b8d8c7cd65496fd,M1,2024-08,1.8580836345809368,437
CD568F8F281572114922AD589C9CC36CE6AFA66C5A65F6909F40ABAEC0839247,456509d84c4d24f3ecef7dbe9f01f67301bec3962bacba456b8d8c7cd65496fd,M2,2024-08,1.8580836345809368,438
D3BC6CA22007EE76C7763C814B3849E277D4410D57C4B2792AF612C3D63C075E,456509d84c4d24f3ecef7dbe9f01f67301bec3962bacba456b8d8c7cd65496fd,M3,2024-08,1.8580836345809368,439
74C6F81490987EDA6B39BF9BA8BBFBA23DD22B102F0CC841C62F034756282227,456e4febaf27751318a6587b195ee5fd80dae4c62fa036bc1a35b6f6c74980d3,M0,2021-08,29.813481252898782,440
E49984B7B76ECED2C32E6D0B4725201E0BF6E1018375AE7A88BC3B0898A85B55,456e4febaf27751318a6587b195ee5fd80dae4c62fa036bc1a35b6f6c74980d3,M1,2021-08,29.813481252898782,441
908927AB713DE6A9B9F73500DF4D05241AF79B0F9FE1719179E0BD35A21431F9,456e4febaf27751318a6587b195ee5fd80dae4c62fa036bc1a35b6f6c74980d3,M2,2021-08,29.813481252898782,442
1BE28D39A560DB6FE8B3D96990A9903C8EEB5A41258321593D45932A8F333BB0,456e4febaf27751318a6587b195ee5fd80dae4c62fa036bc1a35b6f6c74980d3,M3,2021-08,29.813481252898782,443
9BD2F78536F121181ABB742CE91704B6DE1EEF403AE7B53D7AFEE5A5E11BF56B,456e4febaf27751318a6587b195ee5fd80dae4c62fa036bc1a35b6f6c74980d3,M0,2022-02,29.813481252898782,444
DB04DF6EF7F96E44A91E65C0EBDBFAAEE8F2775856793C22305AE946C6104542,456e4febaf27751318a6587b195ee5fd80dae4c62fa036bc1a35b6f6c74980d3,M1,2022-02,29.813481252898782,445
E3AA75E7E0CCD36008DEA25C62BF77B20439B05D4CF8E2A5F49AD8E3601B342F,456e4febaf27751318a6587b195ee5fd80dae4c62fa036bc1a35b6f6c74980d3,M2,2022-02,29.813481252898782,446
7322966A8635E134FC5E37138EF2974B632842516EAFD88C579237276C810ECB,456e4febaf27751318a6587b195ee5fd80dae4c62fa036bc1a35b6f6c74980d3,M3,2022-02,29.813481252898782,447
4E515A4BEC4D502C3E5D9B07BBB6972304496C49547F2E447D058258BD014122,456e4febaf27751318a6587b195ee5fd80dae4c62fa036bc1a35b6f6c74980d3,M0,2022-08,29.813481252898782,448
1F37BD9486A16547328FE3423E1B76A34A79B3F4F423D7845C1B4F5C5BA9B5D7,456e4febaf27751318a6587b195ee5fd80dae4c62fa036bc1a35b6f6c74980d3,M1,2022-08,29.813481252898782,449
E01183DD57983885C6B90E50B72AAE81AC4991FA97DE36BDDC66584F94118FD1,456e4febaf27751318a6587b195ee5fd80dae4c62fa036bc1a35b6f6c74980d3,M2,2022-08,29.813481252898782,450
7B27E20DC7DC39EA9DC0B4158E3289073E647CF82F0A32CBC179D6BEC6002633,456e4febaf27751318a6587b195ee5fd80dae4c62fa036bc1a35b6f6c74980d3,M3,2022-08,29.813481252898782,451
FB201963D25CDCDE6DC2E420C462E2F65F096B84D94DB5C3274EE8DD76E6C9FF,456e4febaf27751318a6587b195ee5fd80dae4c62fa036bc1a35b6f6c74980d3,M0,2023-08,29.813481252898782,452
D53D86340D85BA17EB5FE95EF1CAAA984E8C4222D33D64EFBC8DDCB223BC9B93,456e4febaf27751318a6587b195ee5fd80dae4c62fa036bc1a35b6f6c74980d3,M1,2023-08,29.813481252898782,453
5DFE32388A2D500044954DF3A5F5DE2116C0B244D922BCE1B5570A5871F186B4,456e4febaf27751318a6587b195ee5fd80dae4c62fa036bc1a35b6f6c74980d3,M2,2023-08,29.813481252898782,454
433A5CD47A19E538DED7059585053E1BA95C32D2022226707699E135FC07A4FD,456e4febaf27751318a6587b195ee5fd80dae4c62fa036bc1a35b6f6c74980d3,M3,2023-08,29.813481252898782,455
D2DA6E8D92531E8BD756D2FE6BE482750FFAA5D25C3EA26F7CD32629A3D48149,456e4febaf27751318a6587b195ee5fd80dae4c62fa036bc1a35b6f6c74980d3,M0,2024-08,29.813481252898782,456
80A7F86E9A0FA89A59474F6205B572457D279553F475203AF57AF92B7FA12D6C,456e4febaf27751318a6587b195ee5fd80dae4c62fa036bc1a35b6f6c74980d3,M1,2024-08,29.813481252898782,457
545EF0842037A0302E7F79AB7E74289145C2FA57C2676EF60F37C4EC4BA919E8,456e4febaf27751318a6587b195ee5fd80dae4c62fa036bc1a35b6f6c74980d3,M2,2024-08,29.813481252898782,458
4CBF59E2A5B9DEF5E6C2A527DFD98B5320D499F0F786330016FE1D544ADC314F,456e4febaf27751318a6587b195ee5fd80dae4c62fa036bc1a35b6f6c74980d3,M3,2024-08,29.813481252898782,459
2BCF54CDF987446DE7463B83E22A8EBEA89C8550D727AD25656943AFBF5A44F6,4e5463eda042af66f1ce5d24df6b8ce5e581543cd89127a4587545f8955f9edc,M0,2021-08,24.394478555450284,460
3FB4213DF63E08ADB54F6C95C1346DF79E49E9182F9C6C0B51CC4676510E739C,4e5463eda042af66f1ce5d24df6b8ce5e581543cd89127a4587545f8955f9edc,M1,2021-08,24.394478555450284,461
5FC78DE4EDB76876EFF1F652AE3BBC3D4DC76C470756D0FFA3551949F5438BF3,4e5463eda042af66f1ce5d24df6b8ce5e581543cd89127a4587545f8955f9edc,M2,2021-08,24.394478555450284,462
715725403C6C2419A6B95A54E002A64ABFD2698CE6C8230CE3852ADC0166567D,4e5463eda042af66f1ce5d24df6b8ce5e581543cd89127a4587545f8955f9edc,M3,2021-08,24.394478555450284,463
D2D56DE5B24ED2ED411904BDFF76F88A8597DB62EB0C2E9D64089C68200C06DE,4e5463eda042af66f1ce5d24df6b8ce5e581543cd89127a4587545f8955f9edc,M0,2022-02,24.394478555450284,464
FE2E06F3E162D44ACB4F4E3BAC5F4D2ECB3CDD47C3414FD23B4889F829661AAF,4e5463eda042af66f1ce5d24df6b8ce5e581543cd89127a4587545f8955f9edc,M1,2022-02,24.394478555450284,465
F5695F8EE2B207740F2C7384F2935CF98B786D39EE80F21BEDBFCB3E139173FB,4e5463eda042af66f1ce5d24df6b8ce5e581543cd89127a4587545f8955f9edc,M2,2022-02,24.394478555450284,466
771DEA0792F77CA5B2F3F2133A4D95DB00818325C68CA80773A7001AD5C618EF,4e5463eda042af66f1ce5d24df6b8ce5e581543cd89127a4587545f8955f9edc,M3,2022-02,24.394478555450284,467
71213C5BC1519E9DD803F1C41CAF964C515A29E5FA9C2B2C2DB522AF5EFF7C9A,4e5463eda042af66f1ce5d24df6b8ce5e581543cd89127a4587545f8955f9edc,M0,2022-08,24.394478555450284,468
A21F7F60D31FA59F265F5F19553F8AF79CC783361C92543507196B05740A859A,4e5463eda042af66f1ce5d24df6b8ce5e581543cd89127a4587545f8955f9edc,M1,2022-08,24.394478555450284,469
C71D85A33291183DAEE3799D6AA1B263BE79AAEC34993290B27158C7DF361DD7,4e5463eda042af66f1ce5d24df6b8ce5e581543cd89127a4587545f8955f9edc,M2,2022-08,24.394478555450284,470
2CD9B7702A52AC41CAC9EA3014C3EE90459EA9DEE2148D9E09EB5A3BDE21C719,4e5463eda042af66f1ce5d24df6b8ce5e581543cd89127a4587545f8955f9edc,M3,2022-08,24.394478555450284,471
F7EC429A05C0D81BF87347D553297550FD20DA82B2AC6DD0745E4BBD87B01321,4e5463eda042af66f1ce5d24df6b8ce5e581543cd89127a4587545f8955f9edc,M0,2023-08,24.394478555450284,472
B0B9A2FCEF193DC5E66B61B5BA36D005CDDDE1A2A9425762B688CF92D74D0B70,4e5463eda042af66f1ce5d24df6b8ce5e581543cd89127a4587545f8955f9edc,M1,2023-08,24.394478555450284,473
F704B11E32F207741471681FBA97A6A8FE245E2976488A7EBE06D18708CC46AF,4e5463eda042af66f1ce5d24df6b8ce5e581543cd89127a4587545f8955f9edc,M2,2023-08,24.394478555450284,474
3F83FAFC944A85A53A79C6618A6975E0CBD7554D3DEC535F28E85AD1DA3251D5,4e5463eda042af66f1ce5d24df6b8ce5e581543cd89127a4587545f8955f9edc,M3,2023-08,24.394478555450284,475
9A41D4E9A6A51773B6709BB906981B9B5D1EDDCD610C3E548C71D3F27B057ACF,4e5463eda042af66f1ce5d24df6b8ce5e581543cd89127a4587545f8955f9edc,M0,2024-08,24.394478555450284,476
96B5706E663BEC5EBABECF73D120463D961FBD34D76D3C755415FC120D0A40F8,4e5463eda042af66f1ce5d24df6b8ce5e581543cd89127a4587545f8955f9edc,M1,2024-08,24.394478555450284,477
54FC613D2BFB72595407F829E6EADE7B85B60CC12731AAFA80BB45ADE65EE146,4e5463eda042af66f1ce5d24df6b8ce5e581543cd89127a4587545f8955f9edc,M2,2024-08,24.394478555450284,478
30A74E17586B85A955CDB44843E91FD7AC3363431C0F744EAC5C2C97995FFDB0,4e5463eda042af66f1ce5d24df6b8ce5e581543cd89127a4587545f8955f9edc,M3,2024-08,24.394478555450284,479
9286FE615D3157414F39B570A43AE80FA65F993B389231514ABBAE4ECE69B573,53222570389f32b2393bc8d77d7ed82940b56a4ef5d9eb86ae505adc20e62d43,M0,2021-08,2.926225363205243,480
57299B75FB4CB01761AA8B112990AFD9235CE994624735C5C3C6CB65CECC6E19,53222570389f32b2393bc8d77d7ed82940b56a4ef5d9eb86ae505adc20e62d43,M1,2021-08,2.926225363205243,481
A98041D597C7ECC4CAFAD53DEB7954A92EC3A6F5122C8BF82BECCA30925B46FB,53222570389f32b2393bc8d77d7ed82940b56a4ef5d9eb86ae505adc20e62d43,M2,2021-08,2.926225363205243,482
CF9083C95BF9F32E71DBF9BBF2746BD16BF5592477F2716C5DC12C0860905004,53222570389f32b2393bc8d77d7ed82940b56a4ef5d9eb86ae505adc20e62d43,M3,2021-08,2.926225363205243,483
FC890F58DD3F32E177EF27AA6ED5430E9CCEB130919ABE54F1F899F6FC08329F,53222570389f32b2393bc8d77d7ed82940b56a4ef5d9eb86ae505adc20e62d43,M0,2022-02,2.926225363205243,484
D7A2C8E67706E43698890ED866056127D6FB054691AB9B3719914EFC27CFFFFD,53222570389f32b2393bc8d77d7ed82940b56a4ef5d9eb86ae505adc20e62d43,M1,2022-02,2.926225363205243,485
E26335CE86E78B63EDB93BCD1655A8E012A6A47DAD3921220EF988C390C2E784,53222570389f32b2393bc8d77d7ed82940b56a4ef5d9eb86ae505adc20e62d43,M2,2022-02,2.926225363205243,486
C66C989531655CB2045BB33E966DC6E0F4BCF8E6E5C9BEAA630136162E920081,53222570389f32b2393bc8d77d7ed82940b56a4ef5d9eb86ae505adc20e62d43,M3,2022-02,2.926225363205243,487
B61BC490AABDD27D5F769D01F0235172040EF5B9CD8170D61FB3530A7F44A917,53222570389f32b2393bc8d77d7ed82940b56a4ef5d9eb86ae505adc20e62d43,M0,2022-08,2.926225363205243,488
D283F9794F429FBFFBC9310439BDC8113CF4F9166B01508E042A4AF364E80FE0,53222570389f32b2393bc8d77d7ed82940b56a4ef5d9eb86ae505adc20e62d43,M1,2022-08,2.926225363205243,489
28B82672F55761BF12EBF64DA929AD8B0F8B24EE023A3F012836BAD94DC36945,53222570389f32b2393bc8d77d7ed82940b56a4ef5d9eb86ae505adc20e62d43,M2,2022-08,2.926225363205243,490
3EF3FB411919B5B9D1A2386D5E7B4D187B0A76DB1E26B5D6741CEC0AC3456F6C,53222570389f32b2393bc8d77d7ed82940b56a4ef5d9eb86ae505adc20e62d43,M3,2022-08,2.926225363205243,491
8D6BACF7DA8425B9CA6308361823739CA07A3F688C652B540B6794E32F10DEF0,53222570389f32b2393bc8d77d7ed82940b56a4ef5d9eb86ae505adc20e62d43,M0,2023-08,2.926225363205243,492
9AE6D417175919027EEE4F55DB10B25E142F0100109115508282B3E7C9EF2683,53222570389f32b2393bc8d77d7ed82940b56a4ef5d9eb86ae505adc20e62d43,M1,2023-08,2.926225363205243,493
898D640136DA8D2ED03B8CA9E1E0E748B2CA1526487C396C1AA7293990396091,53222570389f32b2393bc8d77d7ed82940b56a4ef5d9eb86ae505adc20e62d43,M2,2023-08,2.926225363205243,494
B8E98F0A9077EB969B669EBE9465333A705039EDC58EB313096AD63EF10E003E,53222570389f32b2393bc8d77d7ed82940b56a4ef5d9eb86ae505adc20e62d43,M3,2023-08,2.926225363205243,495
4EA6D1C340FA8DF8BB08C7AAFC406EDC039BB74F37080B05423F43F04A7E1DB3,53222570389f32b2393bc8d77d7ed82940b56a4ef5d9eb86ae505adc20e62d43,M0,2024-08,2.926225363205243,496
A602C29DE06F70E2126CB071B4F3C43115C67475AA5941B5E54CBE1961E3F851,53222570389f32b2393bc8d77d7ed82940b56a4ef5d9eb86ae505adc20e62d43,M1,2024-08,2.926225363205243,497
01CFD4B696EF88121FC8C6CDE916F87096C7812CB8EC9DD7667A4D48DDC0FC48,53222570389f32b2393bc8d77d7ed82940b56a4ef5d9eb86ae505adc20e62d43,M2,2024-08,2.926225363205243,498
3A87ED379426C022AA9F0043FD7F4F7C4E6E1539060F881886AA3B727005E529,53222570389f32b2393bc8d77d7ed82940b56a4ef5d9eb86ae505adc20e62d43,M3,2024-08,2.926225363205243,499
C628C8866BC4F81EAFB3CDA7A0C45C065969E36653842A5B96FA0F480E633C44,57b4d369113e0935b384c3ae41beb5f72e658e6c9e1d41b31cbc0fa8e4f460f6,M0,2021-08,64.01302767042104,500
2571FA00F9C2C421CF9DBE02758CE6F3BF80A8CF2706B1097EFD4DA3F04B59EE,57b4d369113e0935b384c3ae41beb5f72e658e6c9e1d41b31cbc0fa8e4f460f6,M1,2021-08,64.01302767042104,501
9E52A2C517F5869B8EA74F738837E01CAC409CC84F8B8C97A8298F4509A10900,57b4d369113e0935b384c3ae41beb5f72e658e6c9e1d41b31cbc0fa8e4f460f6,M2,2021-08,64.01302767042104,502
EB5B4B1CF6D656DD29AE78FFB7AC5DCD43A562A2D1583D7E0F056B3C8F9E79C4,57b4d369113e0935b384c3ae41beb5f72e658e6c9e1d41b31cbc0fa8e4f460f6,M3,2021-08,64.01302767042104,503
2ADB179DC609F97B3A70180B0D262ED4AB94D4AAA405CDAA256C471C63F10797,57b4d369113e0935b384c3ae41beb5f72e658e6c9e1d41b31cbc0fa8e4f460f6,M0,2022-02,64.01302767042104,504
F1EE548E2B0DCE05CC1D68C20C99E81982B91E2A444B03F4B6CEA0D29E2E848F,57b4d369113e0935b384c3ae41beb5f72e658e6c9e1d41b31cbc0fa8e4f460f6,M1,2022-02,64.01302767042104,505
F2A8588AEF95626A222939209B7E1E9472B2B1FDE140F0019589355F3B68A382,57b4d369113e0935b384c3ae41beb5f72e658e6c9e1d41b31cbc0fa8e4f460f6,M2,2022-02,64.01302767042104,506
D23643BE8893B6E1635EAA66A86EC2A51B649976EA2431F7F93A0938D67DCE75,57b4d369113e0935b384c3ae41beb5f72e658e6c9e1d41b31cbc0fa8e4f460f6,M3,2022-02,64.01302767042104,507
FD5345A6D2FA96E7D12A4A0FF49F04757A58C6F02DD63F87E9FE490CC62D67DE,57b4d369113e0935b384c3ae41beb5f72e658e6c9e1d41b31cbc0fa8e4f460f6,M0,2022-08,64.01302767042104,508
996D63FDCA736E77F0A8D0B9461CB732E1EA1408D1EE0BA83DC0ED3653ADD3D1,57b4d369113e0935b384c3ae41beb5f72e658e6c9e1d41b31cbc0fa8e4f460f6,M1,2022-08,64.01302767042104,509
0CB26E4A8CB817C169B4D5ECEE5DA378CEF3BA938A066D5AB9AD7266C395EF04,57b4d369113e0935b384c3ae41beb5f72e658e6c9e1d41b31cbc0fa8e4f460f6,M2,2022-08,64.01302767042104,510
79B18254F910F61AB983C5B17E40174807D780F28DBE50A0EA2EF821D945777A,57b4d369113e0935b384c3ae41beb5f72e658e6c9e1d41b31cbc0fa8e4f460f6,M3,2022-08,64.01302767042104,511
5014DE191E9F7C75824BA3C58F4944A95912215846EFFB5DB8CB49C1B5F10F1E,57b4d369113e0935b384c3ae41beb5f72e658e6c9e1d41b31cbc0fa8e4f460f6,M0,2023-08,64.01302767042104,512
F9910CDD4C4099EC489341BD67EDB9C3FB4FEC6BB0A3AAD35C7AE3376441667D,57b4d369113e0935b384c3ae41beb5f72e658e6c9e1d41b31cbc0fa8e4f460f6,M1,2023-08,64.01302767042104,513
B9A9A9BBEDD919774705769434D2656CC9D70EB6C4FEE24EC6EABC1CC9ADAADF,57b4d369113e0935b384c3ae41beb5f72e658e6c9e1d41b31cbc0fa8e4f460f6,M2,2023-08,64.01302767042104,514
3BCF269A9C36D8CEAD25384870C073E1C09536B564577C1FE4962871393C3482,57b4d369113e0935b384c3ae41beb5f72e658e6c9e1d41b31cbc0fa8e4f460f6,M3,2023-08,64.01302767042104,515
692735902E9D02597C6E3E5DA18DED751FB74772C1606B3400325A0D750902CD,57b4d369113e0935b384c3ae41beb5f72e658e6c9e1d41b31cbc0fa8e4f460f6,M0,2024-08,64.01302767042104,516
D3694461F7D68264A869618BC0A4A9E8E1B3DB0C5CC10809CC1077FFB63D4FE3,57b4d369113e0935b384c3ae41beb5f72e658e6c9e1d41b31cbc0fa8e4f460f6,M1,2024-08,64.01302767042104,517
71EA889BA42B736E91C7025E698C172571B8D4D8AAF73C14FE6C7DDD983CBD85,57b4d369113e0935b384c3ae41beb5f72e658e6c9e1d41b31cbc0fa8e4f460f6,M2,2024-08,64.01302767042104,518
C26FB86F648D3AEECD3FAC4EFD5571D51AB9B5E062F1CF0B1D26E189938F5F48,57b4d369113e0935b384c3ae41beb5f72e658e6c9e1d41b31cbc0fa8e4f460f6,M3,2024-08,64.01302767042104,519
7B2B3A625CEA130C25B7DCEC3BD0E0CE944CD17AFDCC0CA3678560CFF1354C75,5b6f48dbed5ed4e32bdc7b0daddab5c0a01d35d760427f31a77a3867ba35eae5,M0,2021-08,30.10732503593365,520
9C53CA84D65095D35AD2300F2635FE3EF66BA545EAAF8CF031F0317775C7C932,5b6f48dbed5ed4e32bdc7b0daddab5c0a01d35d760427f31a77a3867ba35eae5,M1,2021-08,30.10732503593365,521
13951B93AA9A23BFB0EE6A7BF32D60F0CAE7D77E5048B8B4FA2515E373A04BAB,5b6f48dbed5ed4e32bdc7b0daddab5c0a01d35d760427f31a77a3867ba35eae5,M2,2021-08,30.10732503593365,522
5210970625B16D79C253CD8263D4AB9C5CF7BA5DC300922E1582F22A110DAB67,5b6f48dbed5ed4e32bdc7b0daddab5c0a01d35d760427f31a77a3867ba35eae5,M3,2021-08,30.10732503593365,523
F2EF594CF51F8BF4E151D89E598FBD73268FF12B62346DE527AF7695F85424D8,5b6f48dbed5ed4e32bdc7b0daddab5c0a01d35d760427f31a77a3867ba35eae5,M0,2022-02,30.10732503593365,524
413AE227CA7632F1A65D4A2341FAE201495AF937E9ECCA5AC576A500E2CD2886,5b6f48dbed5ed4e32bdc7b0daddab5c0a01d35d760427f31a77a3867ba35eae5,M1,2022-02,30.10732503593365,525
0CB9E2B87EAFFD333E6379E8FD35919092FAF788D18F7DEFC8360724827F0983,5b6f48dbed5ed4e32bdc7b0daddab5c0a01d35d760427f31a77a3867ba35eae5,M2,2022-02,30.10732503593365,526
D4A25FABB149658D6754E19915926C7E3C024457C81A2A41EDCB6D39B5C0AF79,5b6f48dbed5ed4e32bdc7b0daddab5c0a01d35d760427f31a77a3867ba35eae5,M3,2022-02,30.10732503593365,527
79168D0C16B0C26C08EA38D75C7DFAC477AF36080FE2BCF426B9ED934F2DD165,5b6f48dbed5ed4e32bdc7b0daddab5c0a01d35d760427f31a77a3867ba35eae5,M0,2022-08,30.10732503593365,528
80A6057D04895BF8A09709C91175F8C67F9EEEB87D7F13B279E90AAC42CB3121,5b6f48dbed5ed4e32bdc7b0daddab5c0a01d35d760427f31a77a3867ba35eae5,M1,2022-08,30.10732503593365,529
7AFF88E306F71DBF745625B259926C98770001DD614919109F86421814DC70DD,5b6f48dbed5ed4e32bdc7b0daddab5c0a01d35d760427f31a77a3867ba35eae5,M2,2022-08,30.10732503593365,530
ACD8856E52222C627E6881D21F36C23E8D4016B0BD87314BC438DC7E22B5C26A,5b6f48dbed5ed4e32bdc7b0daddab5c0a01d35d760427f31a77a3867ba35eae5,M3,2022-08,30.10732503593365,531
F85C1E78871DE4A19D0668B986242059E356B9F3A9461A219E7A58712B25D1E2,5b6f48dbed5ed4e32bdc7b0daddab5c0a01d35d760427f31a77a3867ba35eae5,M0,2023-08,30.10732503593365,532
D70BE409468F3D1A602EA05AF137FF7771552D5D61EBF93873338C16915F4F58,5b6f48dbed5ed4e32bdc7b0daddab5c0a01d35d760427f31a77a3867ba35eae5,M1,2023-08,30.10732503593365,533
A9E2DFA122B19B314BA4740143F51AEF8C598070EDA9F74920F2BC7EB8FCFBF4,5b6f48dbed5ed4e32bdc7b0daddab5c0a01d35d760427f31a77a3867ba35eae5,M2,2023-08,30.10732503593365,534
FE855C869B645BA53D17332AEF9F4C261CA2E2324853811AD72DB0616217B228,5b6f48dbed5ed4e32bdc7b0daddab5c0a01d35d760427f31a77a3867ba35eae5,M3,2023-08,30.10732503593365,535
F6A41D9C7B488F5716D531310B31C4B0912239E9AF1ECC8FFFBFD1355394F5DA,5b6f48dbed5ed4e32bdc7b0daddab5c0a01d35d760427f31a77a3867ba35eae5,M0,2024-08,30.10732503593365,536
7B22F2E6E9F3CBD26EF1F58B2568F9A8496B1B8E8FF4FA1C387F7B9761180DA4,5b6f48dbed5ed4e32bdc7b0daddab5c0a01d35d760427f31a77a3867ba35eae5,M1,2024-08,30.10732503593365,537
686C88CAA7C0EF6BE7CF6E219C43A34DA38DD37397FAD3302BC32F98FC05C42A,5b6f48dbed5ed4e32bdc7b0daddab5c0a01d35d760427f31a77a3867ba35eae5,M2,2024-08,30.10732503593365,538
96CB739497D87F08C8EDB953CC4A6AB76507A028C5327FDC7BF7A4F51D9B769A,5b6f48dbed5ed4e32bdc7b0daddab5c0a01d35d760427f31a77a3867ba35eae5,M3,2024-08,30.10732503593365,539
79926AABDFAF81155488AC276EAA3116D744B9B080293BFBAC39E026FB8316FE,5bf96fa278a3cc22a08ff5501adf788819c553814c26f777c215f1d47db91b18,M0,2021-08,5.69740285839145,540
2DC39F457894900614D34134E70FED46D3497205C73B8D42B9EDB1DB8528C335,5bf96fa278a3cc22a08ff5501adf788819c553814c26f777c215f1d47db91b18,M1,2021-08,5.69740285839145,541
159F4D7380F69CD76FFB86A9682D5AF38118EEC55B7F42ABA49B2489C98C289F,5bf96fa278a3cc22a08ff5501adf788819c553814c26f777c215f1d47db91b18,M2,2021-08,5.69740285839145,542
2970B1C8CE82AF0622327B69812DCBDCF2AC13262F605D03FCB2DA2DFF31F7E1,5bf96fa278a3cc22a08ff5501adf788819c553814c26f777c215f1d47db91b18,M3,2021-08,5.69740285839145,543
75339F43464396CB8E71841E73F6959DEB6EFEF9673D98006110A356CCA2659E,5bf96fa278a3cc22a08ff5501adf788819c553814c26f777c215f1d47db91b18,M0,2022-02,5.69740285839145,544
AF4A61D60BDB0D38998228F0CE6033D2AF5F521BBD88969AB13617F41FC44C86,5bf96fa278a3cc22a08ff5501adf788819c553814c26f777c215f1d47db91b18,M1,2022-02,5.69740285839145,545
FA09B18A7BC74929C4B62A17BD94BBCF7DFC9826BC6D7D8583C8756BCEC6A689,5bf96fa278a3cc22a08ff5501adf788819c553814c26f777c215f1d47db91b18,M2,2022-02,5.69740285839145,546
EBFF70474E75D55E0233579F624F1D6349AB4862ACDB7741693D21F128550E73,5bf96fa278a3cc22a08ff5501adf788819c553814c26f777c215f1d47db91b18,M3,2022-02,5.69740285839145,547
941BB3BCE9347675E8A55E06E38D6DE6F7F894376A7F79FB926B4A0F925304CA,5bf96fa278a3cc22a08ff5501adf788819c553814c26f777c215f1d47db91b18,M0,2022-08,5.69740285839145,548
AA51215381E63A57FE92414C5EFA2E00C7003E08CA5DDA00AB5C47BBBF1D6CE8,5bf96fa278a3cc22a08ff5501adf788819c553814c26f777c215f1d47db91b18,M1,2022-08,5.69740285839145,549
66B4D3FC4913DDBE0587D9599159FAC8A7A75AD7A0D649E5AEEA6721EAAEF13B,5bf96fa278a3cc22a08ff5501adf788819c553814c26f777c215f1d47db91b18,M2,2022-08,5.69740285839145,550
8AE462837858FD45C15E73E2D9D6907DB74D863DE971BCC9B063679EC476CE68,5bf96fa278a3cc22a08ff5501adf788819c553814c26f777c215f1d47db91b18,M3,2022-08,5.69740285839145,551
7967C684A68759D3BCC7014F3C8778760B006F3F5A64704F90E66624ADB2BF10,5bf96fa278a3cc22a08ff5501adf788819c553814c26f777c215f1d47db91b18,M0,2023-08,5.69740285839145,552
46C34D727A8FA09CFFFE9097F6CC59D54094D9B08C53D085E1568BE6B234F9A5,5bf96fa278a3cc22a08ff5501adf788819c553814c26f777c215f1d47db91b18,M1,2023-08,5.69740285839145,553
ED9E5630AF81831C0860A5E1DDE5D293EC9E52FA6CCA994E64F5E1FEA674CCF5,5bf96fa278a3cc22a08ff5501adf788819c553814c26f777c215f1d47db91b18,M2,2023-08,5.69740285839145,554
54A2ABC2FFB34BC8932263875191A96D20D7AB0ABCAAA7C18EB64A891DF92B25,5bf96fa278a3cc22a08ff5501adf788819c553814c26f777c215f1d47db91b18,M3,2023-08,5.69740285839145,555
E0B5FF641272DA8BDDB936C701A5E215BF9A9ED2BABEE044659187518A22276C,5bf96fa278a3cc22a08ff5501adf788819c553814c26f777c215f1d47db91b18,M0,2024-08,5.69740285839145,556
FF7C8D3DC7CCFF6869184960D54D088F7032874B49396CC94F441A2A54063F5B,5bf96fa278a3cc22a08ff5501adf788819c553814c26f777c215f1d47db91b18,M1,2024-08,5.69740285839145,557
0AE0A55107374BD7A650189C7FD53886F81DE43DF04A0B3E3D2153F22F724D86,5bf96fa278a3cc22a08ff5501adf788819c553814c26f777c215f1d47db91b18,M2,2024-08,5.69740285839145,558
02EAD31DA321778B8877FAAB8062DC34E20029AA07180E45720999BC5F4A079C,5bf96fa278a3cc22a08ff5501adf788819c553814c26f777c215f1d47db91b18,M3,2024-08,5.69740285839145,559
25CEC748D3F16BA76A1E5AC8F5811B1FB2710711765D5D9D36462F8504B5363E,5cbfdb520c5ef7beeb72ebbf3d93b1eb99113ad0d15744c39e953f083926cadb,M0,2021-08,47.238531149388926,560
898143F6A17626FE22650C45F0ACA109A600243BDB1FD5AA2537D5C1C7E1E599,5cbfdb520c5ef7beeb72ebbf3d93b1eb99113ad0d15744c39e953f083926cadb,M1,2021-08,47.238531149388926,561
13F71492D1DBD46A286BA92A7C3C5FAF81A2B0C03D5440BA959A3D59402843A3,5cbfdb520c5ef7beeb72ebbf3d93b1eb99113ad0d15744c39e953f083926cadb,M2,2021-08,47.238531149388926,562
454AA76890731A55CEE0CF004265BD263BE5E1182EF365747F2A786BD521B39B,5cbfdb520c5ef7beeb72ebbf3d93b1eb99113ad0d15744c39e953f083926cadb,M3,2021-08,47.238531149388926,563
DF07C72D1DBF5512DEB83E529483EA335A91A35143A3C57ACA6AD79A42476CCC,5cbfdb520c5ef7beeb72ebbf3d93b1eb99113ad0d15744c39e953f083926cadb,M0,2022-02,47.238531149388926,564
477F43A7BB9D1763465EAC43747220A706F1693815CB2BE5CBCF337EB29ED807,5cbfdb520c5ef7beeb72ebbf3d93b1eb99113ad0d15744c39e953f083926cadb,M1,2022-02,47.238531149388926,565
DCAA50C39512B3B9C27A805E0C0DA655E8A3B046EDA4086A2A487D15F2D45E16,5cbfdb520c5ef7beeb72ebbf3d93b1eb99113ad0d15744c39e953f083926cadb,M2,2022-02,47.238531149388926,566
935BC43AB81C8816C28A12DFB6CCC9C0F73E033DEA06FA3370754A1EDBA63747,5cbfdb520c5ef7beeb72ebbf3d93b1eb99113ad0d15744c39e953f083926cadb,M3,2022-02,47.238531149388926,567
590770D57ED74E7499489C5DB1065A7BBB4D340C6B376F771201923069A9756D,5cbfdb520c5ef7beeb72ebbf3d93b1eb99113ad0d15744c39e953f083926cadb,M0,2022-08,47.238531149388926,568
C27DCF3D5454F2805C3439193481895FA3EA3D11E4161A2C4EBF398DC52ECA0E,5cbfdb520c5ef7beeb72ebbf3d93b1eb99113ad0d15744c39e953f083926cadb,M1,2022-08,47.238531149388926,569
32A33D33FFD3036A12F43E8BE806687733340555CEB0B0CD05751DDF4EBBD6D1,5cbfdb520c5ef7beeb72ebbf3d93b1eb99113ad0d15744c39e953f083926cadb,M2,2022-08,47.238531149388926,570
D45ABE4405CE69F6D8B39D137C30C20EDF55C74C953D9EF5E180F8AC504462EC,5cbfdb520c5ef7beeb72ebbf3d93b1eb99113ad0d15744c39e953f083926cadb,M3,2022-08,47.238531149388926,571
8AB091BA5116080029D87B8A6BAB67D29BC32EFE44F7EF47035D84C265EA61CF,5cbfdb520c5ef7beeb72ebbf3d93b1eb99113ad0d15744c39e953f083926cadb,M0,2023-08,47.238531149388926,572
2425F2B85B632D56CD40B3E3B413312619AB8D63E11A2B017E6DAB7F16178B34,5cbfdb520c5ef7beeb72ebbf3d93b1eb99113ad0d15744c39e953f083926cadb,M1,2023-08,47.238531149388926,573
939DED4873AA9C3207CE24330A49FD2212DF27021DA9B437B10F2441A5F535A1,5cbfdb520c5ef7beeb72ebbf3d93b1eb99113ad0d15744c39e953f083926cadb,M2,2023-08,47.238531149388926,574
65BDF86B10709F975912AEE154FBAA8155B47855C7CC2024532E163E520DA1F6,5cbfdb520c5ef7beeb72ebbf3d93b1eb99113ad0d15744c39e953f083926cadb,M3,2023-08,47.238531149388926,575
3550B8799FF870CFD330178FAB330827BD3BAB4B07EB3B507519F5E339473E61,5cbfdb520c5ef7beeb72ebbf3d93b1eb99113ad0d15744c39e953f083926cadb,M0,2024-08,47.238531149388926,576
9B9FB022EE9E199993A3F20F58735AB827F1D75538DD098E45C45D2637EB694D,5cbfdb520c5ef7beeb72ebbf3d93b1eb99113ad0d15744c39e953f083926cadb,M1,2024-08,47.238531149388926,577
06CA98917A409D9487F3430AFEAD52D67FA8BE7C64F30A5ED030309CE4A55F01,5cbfdb520c5ef7beeb72ebbf3d93b1eb99113ad0d15744c39e953f083926cadb,M2,2024-08,47.238531149388926,578
3DCB1DCF96B35F865E849CBAFC7DF58CE1C3B1A7A0B3A9941985C120BC4DC348,5cbfdb520c5ef7beeb72ebbf3d93b1eb99113ad0d15744c39e953f083926cadb,M3,2024-08,47.238531149388926,579
AA8E15BE42FF9B88CE928EAAF6DE6A15BFA73DEBBADC25B9954911E28A80606E,5e328ce6ab0ba392596e26c7884fc160b691816cdaf84f7fda9a355c59ceada9,M0,2021-08,12.145703051390369,580
401BD8C39608C8AD5042EA6C6C33246A5101B59F5D66777C169066E2AFF57DF9,5e328ce6ab0ba392596e26c7884fc160b691816cdaf84f7fda9a355c59ceada9,M1,2021-08,12.145703051390369,581
65F515F271144DB8B8DD3B32F253A5640CA3943006980B52E0AD72A745FF064C,5e328ce6ab0ba392596e26c7884fc160b691816cdaf84f7fda9a355c59ceada9,M2,2021-08,12.145703051390369,582
7065BBFF81494B9C429FA5AD484F14E47318BA8F53866ADA83751619D74DD1B6,5e328ce6ab0ba392596e26c7884fc160b691816cdaf84f7fda9a355c59ceada9,M3,2021-08,12.145703051390369,583
8F5B97DEAF74B06CDFF3F0ACB4060C10984E8A86E4AE33FFF8DC7D00422BB01A,5e328ce6ab0ba392596e26c7884fc160b691816cdaf84f7fda9a355c59ceada9,M0,2022-02,12.145703051390369,584
AC306FF8B551EF39067F02AAC929D0B4FE3E07B407DC05477437F2AFC10FAC27,5e328ce6ab0ba392596e26c7884fc160b691816cdaf84f7fda9a355c59ceada9,M1,2022-02,12.145703051390369,585
94AC9A99D237F7CB2346F24EA3C9442C8D41A170863E37A76C449178B594E0E9,5e328ce6ab0ba392596e26c7884fc160b691816cdaf84f7fda9a355c59ceada9,M2,2022-02,12.145703051390369,586
AD978E205A26F6644FF52BDE6B83821E367C3B8644F32F8C99C73E207982304A,5e328ce6ab0ba392596e26c7884fc160b691816cdaf84f7fda9a355c59ceada9,M3,2022-02,12.145703051390369,587
1DAB1040299575355F2C9B928502ECFA5E0915001A44157DC399D7978A7979DA,5e328ce6ab0ba392596e26c7884fc160b691816cdaf84f7fda9a355c59ceada9,M0,2022-08,12.145703051390369,588
488CB0B36D559512314FB6AF5D029D267F323E5DBCB71FFC3527A08101626C8D,5e328ce6ab0ba392596e26c7884fc160b691816cdaf84f7fda9a355c59ceada9,M1,2022-08,12.145703051390369,589
272A1AC30D06A2264B2CCA7EF31D43D120FA4CE4982BD566AD68AAC5F4ED3725,5e328ce6ab0ba392596e26c7884fc160b691816cdaf84f7fda9a355c59ceada9,M2,2022-08,12.145703051390369,590
2BAAAD5B1A82918F0855FBBF5D06B7DA9F56195B574B27C6ABB4ACD60CCA410B,5e328ce6ab0ba392596e26c7884fc160b691816cdaf84f7fda9a355c59ceada9,M3,2022-08,12.145703051390369,591
F26DF47D9E58F719528D2594BEFDA10BC9186542899F43654260915598AEFEB6,5e328ce6ab0ba392596e26c7884fc160b691816cdaf84f7fda9a355c59ceada9,M0,2023-08,12.145703051390369,592
B6CD93F4DB41F27803B5C456A1632B50EDD657E8329E92936F9FF6D1541B80DF,5e328ce6ab0ba392596e26c7884fc160b691816cdaf84f7fda9a355c59ceada9,M1,2023-08,12.145703051390369,593
7F0B73F50EA70ABC3D6526A0E118A9A02DC32691B9130FD568B346011F75CD3F,5e328ce6ab0ba392596e26c7884fc160b691816cdaf84f7fda9a355c59ceada9,M2,2023-08,12.145703051390369,594
8051D94539C2819C274D06638A9353162820B50FAAF247628925C8E612ABCB58,5e328ce6ab0ba392596e26c7884fc160b691816cdaf84f7fda9a355c59ceada9,M3,2023-08,12.145703051390369,595
D85F9DFE6AE4865A130606EF4AF6595035DE863999E88393C53EC080EA7B9C9D,5e328ce6ab0ba392596e26c7884fc160b691816cdaf84f7fda9a355c59ceada9,M0,2024-08,12.145703051390369,596
F92B61639E9E1E9A3A8A7D35EF465704439CA44ED99A70F14AF2ECEE4A7C08FE,5e328ce6ab0ba392596e26c7884fc160b691816cdaf84f7fda9a355c59ceada9,M1,2024-08,12.145703051390369,597
AB0EDDFF9316433D6949001052D4611013C0655B3044954F128119F3A213DF06,5e328ce6ab0ba392596e26c7884fc160b691816cdaf84f7fda9a355c59ceada9,M2,2024-08,12.145703051390369,598
64E0BEC1326894060049218A36BA0D45C94192A104ADA4D75B1B7719D4EC651E,5e328ce6ab0ba392596e26c7884fc160b691816cdaf84f7fda9a355c59ceada9,M3,2024-08,12.145703051390369,599
2BFFB5A5B53576D213901BBF8D850E0788473F94C8791ED5C0624E251500775D,5e615e605d3f2b19da8973134164504a50a68f1f0aa603635b1fbf3a6d82ef8b,M0,2021-08,38.91475860242945,600
0500B4DB9A796A914DC06BFC2261A9DE8E0C77A09A78742F2D52C626BE7F716C,5e615e605d3f2b19da8973134164504a50a68f1f0aa603635b1fbf3a6d82ef8b,M1,2021-08,38.91475860242945,601
1ED0FEB42AF8A163CD2455FBD6C5DD389F8070B1C76CAEE588EDA74BD6EC76BA,5e615e605d3f2b19da8973134164504a50a68f1f0aa603635b1fbf3a6d82ef8b,M2,2021-08,38.91475860242945,602
40AB2FC05BD33B115965E355196C440211956B8D4FDBA91C98D5283ADB847B71,5e615e605d3f2b19da8973134164504a50a68f1f0aa603635b1fbf3a6d82ef8b,M3,2021-08,38.91475860242945,603
6F6C44D1F24BC174F7D1551D0AD168DFAADAD61EE85BF5E9F4EC80CF1E0EE3B4,5e615e605d3f2b19da8973134164504a50a68f1f0aa603635b1fbf3a6d82ef8b,M0,2022-02,38.91475860242945,604
D6CB61E626EFACBA130D49723954F83C9C5A6362BA58028BF002543CD4F7A3CA,5e615e605d3f2b19da8973134164504a50a68f1f0aa603635b1fbf3a6d82ef8b,M1,2022-02,38.91475860242945,605
A05FD7C09468222ABB701FA060E5B11EC65C19A76E8B83B27FD1481DD85C00A9,5e615e605d3f2b19da8973134164504a50a68f1f0aa603635b1fbf3a6d82ef8b,M2,2022-02,38.91475860242945,606
B66BFBB424C0EABF07F70F1F1EC415325ADE1A6E5DC8EB4CE4B4481D1C6CF287,5e615e605d3f2b19da8973134164504a50a68f1f0aa603635b1fbf3a6d82ef8b,M3,2022-02,38.91475860242945,607
4257B7F83E4BAE6C74C04954D6D782A0D76FF90C6DEB3106CEA74BF2C648B8A0,5e615e605d3f2b19da8973134164504a50a68f1f0aa603635b1fbf3a6d82ef8b,M0,2022-08,38.91475860242945,608
033A75DA411C07F8CC50BAD8894847B130F9D74F3779FCF34BB7CC7699DAEF1D,5e615e605d3f2b19da8973134164504a50a68f1f0aa603635b1fbf3a6d82ef8b,M1,2022-08,38.91475860242945,609
CCB08CAAB2FE19FB53D56C30A428D11EC3A0829593D6066C4DFBA5B04B9E70A7,5e615e605d3f2b19da8973134164504a50a68f1f0aa603635b1fbf3a6d82ef8b,M2,2022-08,38.91475860242945,610
575928C9964222FB23B40FB8563AFE40E3D170BFE9B111A7ADA76BE7933C0E13,5e615e605d3f2b19da8973134164504a50a68f1f0aa603635b1fbf3a6d82ef8b,M3,2022-08,38.91475860242945,611
9409CD3EA7C160B15098F9E4527171DEBB6F1895332F6501F3C79FD8EF436685,5e615e605d3f2b19da8973134164504a50a68f1f0aa603635b1fbf3a6d82ef8b,M0,2023-08,38.91475860242945,612
4A811C2CE89287025D8560EDE3000AD60120FBD9E7A22CE02ED8E37B8325BB9E,5e615e605d3f2b19da8973134164504a50a68f1f0aa603635b1fbf3a6d82ef8b,M1,2023-08,38.91475860242945,613
1A26D627A185065BF4E0A181B8E1767017CD757E7E7E4B888D9F9BF5FD984FD5,5e615e605d3f2b19da8973134164504a50a68f1f0aa603635b1fbf3a6d82ef8b,M2,2023-08,38.91475860242945,614
59F00F7B44E318AECBD6F201B89F92F1F055245B386504AEDC416B9844317F48,5e615e605d3f2b19da8973134164504a50a68f1f0aa603635b1fbf3a6d82ef8b,M3,2023-08,38.91475860242945,615
FC62359A25BD321A5A4316DAA69157298BD552FCF248B258538698AD38198185,5e615e605d3f2b19da8973134164504a50a68f1f0aa603635b1fbf3a6d82ef8b,M0,2024-08,38.91475860242945,616
633DEEB7F3793145F1229CA2560738F798AF7EB56326DC7A1D728660A9EC43CD,5e615e605d3f2b19da8973134164504a50a68f1f0aa603635b1fbf3a6d82ef8b,M1,2024-08,38.91475860242945,617
3E25C59C0F9EA8C371284094361171B52DB5C7BB3021B1F426D7A7C96E9CB2C6,5e615e605d3f2b19da8973134164504a50a68f1f0aa603635b1fbf3a6d82ef8b,M2,2024-08,38.91475860242945,618
321D2E2735D6C14DDB97D0CDEB2439E126B0064DFA8DE22E6C5547F810DFF74B,5e615e605d3f2b19da8973134164504a50a68f1f0aa603635b1fbf3a6d82ef8b,M3,2024-08,38.91475860242945,619
27CED0DC33717924E73CB5204E1289460C5FA8BE42D3BC55BEAA4C933176DCAF,62f6985987a0614e0c556d813339420aed0f9498119eff30c964deafcd9c695e,M0,2021-08,3.660477938765928,620
AFCB44DF6C28F6B026B39D5015FEEBAAEDD93C0A90DB315AE8000B5B2C1E925A,62f6985987a0614e0c556d813339420aed0f9498119eff30c964deafcd9c695e,M1,2021-08,3.660477938765928,621
077A99617C3D9111D841F175AA13B6D54C32649D46A8E4D96F0DC2A08E402880,62f6985987a0614e0c556d813339420aed0f9498119eff30c964deafcd9c695e,M2,2021-08,3.660477938765928,622
D43E3B4E444FB190B172B112206D69CD871422E6522107B7150C6A3624D6C91B,62f6985987a0614e0c556d813339420aed0f9498119eff30c964deafcd9c695e,M3,2021-08,3.660477938765928,623
9C20096C630487BAB92D2F71F3532BC49D003AC27919EC1C4F391291B09345F8,62f6985987a0614e0c556d813339420aed0f9498119eff30c964deafcd9c695e,M0,2022-02,3.660477938765928,624
DDC8785A5C4AA712264F076C9475F631BAF72FF5E0F4A2DD5DF62A5FDDE38CF3,62f6985987a0614e0c556d813339420aed0f9498119eff30c964deafcd9c695e,M1,2022-02,3.660477938765928,625
E9ED6446F630539B3AE381FD2EEB8D6D26381B837EEC7A83189A841AD335E0D9,62f6985987a0614e0c556d813339420aed0f9498119eff30c964deafcd9c695e,M2,2022-02,3.660477938765928,626
9C7BF7DCF3819409FC40D92F38706C0F2247229E1E2DE1EAFA9E16C8BF6AA6EE,62f6985987a0614e0c556d813339420aed0f9498119eff30c964deafcd9c695e,M3,2022-02,3.660477938765928,627
0ADBD78706638B75D27C060E1F365711EB800AE64A753A75FE595603BEB1A983,62f6985987a0614e0c556d813339420aed0f9498119eff30c964deafcd9c695e,M0,2022-08,3.660477938765928,628
F2124849F9BD74864EC974CD4330EA8ED8D3E02BDE454141DDA741C8FC42635D,62f6985987a0614e0c556d813339420aed0f9498119eff30c964deafcd9c695e,M1,2022-08,3.660477938765928,629
A3D42BE98921AE012B20084173C5ABAD348F46C3DCA4E6EA65FF6458A93E7575,62f6985987a0614e0c556d813339420aed0f9498119eff30c964deafcd9c695e,M2,2022-08,3.660477938765928,630
26B4968FF86441638DD2973E1AC461DBBE61092A4DF27C51723E4D11D3CA77CB,62f6985987a0614e0c556d813339420aed0f9498119eff30c964deafcd9c695e,M3,2022-08,3.660477938765928,631
65D884FC36C63C1F38E9948EE492E1844F3F1F8F198A520DBB8CFAD3C60A7A35,62f6985987a0614e0c556d813339420aed0f9498119eff30c964deafcd9c695e,M0,2023-08,3.660477938765928,632
46028A1140EE1D086B086D9046C5607CFC5149F02C23EA669EA3E0E8E4C5FA54,62f6985987a0614e0c556d813339420aed0f9498119eff30c964deafcd9c695e,M1,2023-08,3.660477938765928,633
B0D64925AA8BEE411660BE8147A0353B2F697FA8C239790A8ABDD72B2FC803A7,62f6985987a0614e0c556d813339420aed0f9498119eff30c964deafcd9c695e,M2,2023-08,3.660477938765928,634
AAB79082102BB583423BE561AC550A5B6DB77A6AA772118414D093FD740EFC7F,62f6985987a0614e0c556d813339420aed0f9498119eff30c964deafcd9c695e,M3,2023-08,3.660477938765928,635
C9DDB8E27840315DA605955EB729AA6B68B02E3F09792A4A3A0274A55538E70B,62f6985987a0614e0c556d813339420aed0f9498119eff30c964deafcd9c695e,M0,2024-08,3.660477938765928,636
C62606B11775F369A2A89FA042F4F9C59E30C5D042C27CB1CA1A5DDC424211F6,62f6985987a0614e0c556d813339420aed0f9498119eff30c964deafcd9c695e,M1,2024-08,3.660477938765928,637
5822A6EA47758DD2FFE1C28A2C952950056D2AC57FC5B10D778B616A7629083B,62f6985987a0614e0c556d813339420aed0f9498119eff30c964deafcd9c695e,M2,2024-08,3.660477938765928,638
F73C124D3ED7BC379708A63FC72B999D3BC28ED5D7B1EDCB43F04A57932386C2,62f6985987a0614e0c556d813339420aed0f9498119eff30c964deafcd9c695e,M3,2024-08,3.660477938765928,639
3998451779EA927A2AA42EFEC325CEBD4B9C9B9E2BD951B51DB1B9B91F7E506C,6452480cff3e8f663032989f0a5196dd41e1052162bf3b90d2cfb509ca6c8075,M0,2021-08,24.68664237554365,640
AE1A13EE4EE97EAD4C832566E44EABBFEAA07705A7364AB7D144610295EBBBFC,6452480cff3e8f663032989f0a5196dd41e1052162bf3b90d2cfb509ca6c8075,M1,2021-08,24.68664237554365,641
EF49E68C209CA75742E99E47842CB5A7CD4F0F542013C3A0CCC23C25A9E2023C,6452480cff3e8f663032989f0a5196dd41e1052162bf3b90d2cfb509ca6c8075,M2,2021-08,24.68664237554365,642
F42393D8FED858CCB3E77A58B1CA14B95AF8E1B9557C40CB61F5ED909BAACC07,6452480cff3e8f663032989f0a5196dd41e1052162bf3b90d2cfb509ca6c8075,M3,2021-08,24.68664237554365,643
690F477E00D015945A2902D0760445C7E4334A02D0E9ECA0D3B2545E9760AE23,6452480cff3e8f663032989f0a5196dd41e1052162bf3b90d2cfb509ca6c8075,M0,2022-02,24.68664237554365,644
0877D50FCD2E8319199E323151F8F5266E658BB414D4211197B076D6FE956F9B,6452480cff3e8f663032989f0a5196dd41e1052162bf3b90d2cfb509ca6c8075,M1,2022-02,24.68664237554365,645
3FD5FBE9666158F5C90DF184794512318CB27650B9A1035BA8C03CA29D882527,6452480cff3e8f663032989f0a5196dd41e1052162bf3b90d2cfb509ca6c8075,M2,2022-02,24.68664237554365,646
34CDA48F5B93526246857E1A4D310ABB1ECAAA39FD1E86F2F19ADF12E7062BB6,6452480cff3e8f663032989f0a5196dd41e1052162bf3b90d2cfb509ca6c8075,M3,2022-02,24.68664237554365,647
5107B4AF6AF177FADE5AA7288D89CC12523FC266C87B775A6728933877B004AB,6452480cff3e8f663032989f0a5196dd41e1052162bf3b90d2cfb509ca6c8075,M0,2022-08,24.68664237554365,648
2682DEE151CA74668C0B4219492D3648F6198951E196476F70308913EC93E6CB,6452480cff3e8f663032989f0a5196dd41e1052162bf3b90d2cfb509ca6c8075,M1,2022-08,24.68664237554365,649
3816DD284071C314A2831AE675384B58175816CEA2326A66E1967D20066B800E,6452480cff3e8f663032989f0a5196dd41e1052162bf3b90d2cfb509ca6c8075,M2,2022-08,24.68664237554365,650
26961EEC33628E1B3E392A2E8CEF0E0D51B1BEA21DBA0F30AE476BC5D481217E,6452480cff3e8f663032989f0a5196dd41e1052162bf3b90d2cfb509ca6c8075,M3,2022-08,24.68664237554365,651
26A523E00CA6705D8510F2423E58E2D0840139D033C060570388904BCC6BCF30,6452480cff3e8f663032989f0a5196dd41e1052162bf3b90d2cfb509ca6c8075,M0,2023-08,24.68664237554365,652
9E939D0CB4C3D77DE853688AAC9D2EF7F4B7223B9C1681D2ECF26069E4D2DB8B,6452480cff3e8f663032989f0a5196dd41e1052162bf3b90d2cfb509ca6c8075,M1,2023-08,24.68664237554365,653
866D838A190E6CFAB45C6BCF202378E33C98011219B60610327080377373FC54,6452480cff3e8f663032989f0a5196dd41e1052162bf3b90d2cfb509ca6c8075,M2,2023-08,24.68664237554365,654
9987C3A837CBF8B904BE4E6513972B8EF19927AE48EE6F24293800586903DC58,6452480cff3e8f663032989f0a5196dd41e1052162bf3b90d2cfb509ca6c8075,M3,2023-08,24.68664237554365,655
5336AC9329518D6603C25F0C831435B81755E0A093543CB54CEABA67D44E7F85,6452480cff3e8f663032989f0a5196dd41e1052162bf3b90d2cfb509ca6c8075,M0,2024-08,24.68664237554365,656
392C2A3FD5AD46C444A6589A06E894EDDD9991A54934FB3E1E26B6AFCC41DA9F,6452480cff3e8f663032989f0a5196dd41e1052162bf3b90d2cfb509ca6c8075,M1,2024-08,24.68664237554365,657
5C22E9A3A51F936566EB72EEA2595902CD61808835CDEFA0AFDC5F12DF4CE0FC,6452480cff3e8f663032989f0a5196dd41e1052162bf3b90d2cfb509ca6c8075,M2,2024-08,24.68664237554365,658
FE962DBC00875303EC9C9F4160FB413BEB0BCD4BC93429E47F841F85E090FAB4,6452480cff3e8f663032989f0a5196dd41e1052162bf3b90d2cfb509ca6c8075,M3,2024-08,24.68664237554365,659
D01A251F955528D0CF9329A1863B34B3AA05E53A78AB367698B2C77F0563F40C,673f5a8002bd77950b0a60a593981cf4068af505a917cef53ce8e2d5e32d1831,M0,2021-08,3.666788938945767,660
901D2725AD28680D026410223E9B14F0FB8D3938EDBB9A78FF00D7093F997232,673f5a8002bd77950b0a60a593981cf4068af505a917cef53ce8e2d5e32d1831,M1,2021-08,3.666788938945767,661
5AAF7BC7833B49C5D101ABED645266F75B5FBB1FE3A94BDF65AD91258192C990,673f5a8002bd77950b0a60a593981cf4068af505a917cef53ce8e2d5e32d1831,M2,2021-08,3.666788938945767,662
50F0CD15C1D9F95B61FF88C43BE11CC42E21D4954D15648469783A0C36BF23DF,673f5a8002bd77950b0a60a593981cf4068af505a917cef53ce8e2d5e32d1831,M3,2021-08,3.666788938945767,663
175F0F8A954C59027FAC8E9508B890B54659FA5A4A930BA45EAFA821CBDFE81C,673f5a8002bd77950b0a60a593981cf4068af505a917cef53ce8e2d5e32d1831,M0,2022-02,3.666788938945767,664
CFC250FF8F24230FF6E726459C6D9B8D9A8D795C11E8D66BD487CA36FA9E1B56,673f5a8002bd77950b0a60a593981cf4068af505a917cef53ce8e2d5e32d1831,M1,2022-02,3.666788938945767,665
F9E742108349593F71762FFB35942BA2F873B1FAF75EE3CAF8FC32E28B79BCA6,673f5a8002bd77950b0a60a593981cf4068af505a917cef53ce8e2d5e32d1831,M2,2022-02,3.666788938945767,666
90A5F7DE546EA6975D7349018C22F09C7B4805AE6A51FE17CD3A9DB86BC6FF88,673f5a8002bd77950b0a60a593981cf4068af505a917cef53ce8e2d5e32d1831,M3,2022-02,3.666788938945767,667
8F4FE4572DEC201E3D3D515BE3D9F5862A7041BB26EC03427B65DB71E61F289B,673f5a8002bd77950b0a60a593981cf4068af505a917cef53ce8e2d5e32d1831,M0,2022-08,3.666788938945767,668
B4DDA9A83D293BA5373C1C24D82071BCE97098DC649F30873EDA10D4EF9B0307,673f5a8002bd77950b0a60a593981cf4068af505a917cef53ce8e2d5e32d1831,M1,2022-08,3.666788938945767,669
B769AFB9B1529498A973C7F1D0C62BF8E50A2B742249300FDD6CBB98E73CD19C,673f5a8002bd77950b0a60a593981cf4068af505a917cef53ce8e2d5e32d1831,M2,2022-08,3.666788938945767,670
2F00C25C31786270FD928790DCA849FFDDCDA58B8C5C90613CDA3645DFD4F47E,673f5a8002bd77950b0a60a593981cf4068af505a917cef53ce8e2d5e32d1831,M3,2022-08,3.666788938945767,671
DA4D2E6B7547B5D221BF565D74522FA3B4E7E9DA7348A990A36BA7E83A4C5638,673f5a8002bd77950b0a60a593981cf4068af505a917cef53ce8e2d5e32d1831,M0,2023-08,3.666788938945767,672
758B6610BC41AEF6A9C38D236E49A473BC9AD5E4026CE0F8291DC8CE901DDB27,673f5a8002bd77950b0a60a593981cf4068af505a917cef53ce8e2d5e32d1831,M1,2023-08,3.666788938945767,673
0254CC202B5E7D4D23133F64AFF9DB7170722F9D99317C651E3396C23308F47D,673f5a8002bd77950b0a60a593981cf4068af505a917cef53ce8e2d5e32d1831,M2,2023-08,3.666788938945767,674
D940F52BB4868C71091C87A2055C6F6CC04FFA7F44E3D547509A32E4D4497D87,673f5a8002bd77950b0a60a593981cf4068af505a917cef53ce8e2d5e32d1831,M3,2023-08,3.666788938945767,675
C9663DF28BACA04B6EB69E716948296069D5F2702C6B855B3A8C9F126F13803F,673f5a8002bd77950b0a60a593981cf4068af505a917cef53ce8e2d5e32d1831,M0,2024-08,3.666788938945767,676
EB2E7F0B829A513AF0A3EF867BD6379ABEEE8907FD0E19BE5B7F77738A89FA99,673f5a8002bd77950b0a60a593981cf4068af505a917cef53ce8e2d5e32d1831,M1,2024-08,3.666788938945767,677
64818B316CE461AD8FB790A37781EB84A8884B4A2C13A526445A676ED663AE3F,673f5a8002bd77950b0a60a593981cf4068af505a917cef53ce8e2d5e32d1831,M2,2024-08,3.666788938945767,678
643A11299631B675F272859CD2BF123ECFEB37EB55B72654ABE37E1963F038CF,673f5a8002bd77950b0a60a593981cf4068af505a917cef53ce8e2d5e32d1831,M3,2024-08,3.666788938945767,679
BA1D12511A6ECA0F6EDE02B84726C234109057E4F1311A0BB91EC913EFA22CB4,68b2d652ff881bf58fda5e774b6695a06f4a2efd22bbef8610df3e96e3a952af,M0,2021-08,9.80397884792798,680
D0F27D5EC708C231E408214BCFC813733EACFAC8F326FECF3C611E88AEE88279,68b2d652ff881bf58fda5e774b6695a06f4a2efd22bbef8610df3e96e3a952af,M1,2021-08,9.80397884792798,681
745960D00642F85EB1CBF0D14686CEC1AAFDFDE8CA74740C52E00C9CC5DC34AA,68b2d652ff881bf58fda5e774b6695a06f4a2efd22bbef8610df3e96e3a952af,M2,2021-08,9.80397884792798,682
10F03F263383C4A7A27B15E4C1A01FB3CEA4D70B16DB6008287FA6339EA1C070,68b2d652ff881bf58fda5e774b6695a06f4a2efd22bbef8610df3e96e3a952af,M3,2021-08,9.80397884792798,683
A42680E22A5770056CF64793081974E4E04118DB4FE92E1644E191C0E7171C97,68b2d652ff881bf58fda5e774b6695a06f4a2efd22bbef8610df3e96e3a952af,M0,2022-02,9.80397884792798,684
007BCE078DDF40B9DA4348D3B00B727B10359D8D03D4C2747368DFC82A6BC1C2,68b2d652ff881bf58fda5e774b6695a06f4a2efd22bbef8610df3e96e3a952af,M1,2022-02,9.80397884792798,685
0CD8F5362C6665C5FFD1187345D982E54A3900CDDFA6B938229D0CC1287DB7F6,68b2d652ff881bf58fda5e774b6695a06f4a2efd22bbef8610df3e96e3a952af,M2,2022-02,9.80397884792798,686
70439F6ECD315B45969BAF4F47724AAF795C4CF4076BE1AD3A60CD560C82622C,68b2d652ff881bf58fda5e774b6695a06f4a2efd22bbef8610df3e96e3a952af,M3,2022-02,9.80397884792798,687
1E7FF2716752B4AA1979B27F3B7C358B0E7177DA17E3CCF1B8A6816DF3085B00,68b2d652ff881bf58fda5e774b6695a06f4a2efd22bbef8610df3e96e3a952af,M0,2022-08,9.80397884792798,688
8816244621157BA83015BA5AD1739E2E64BBA512661AF66D9A572E0304A12A4C,68b2d652ff881bf58fda5e774b6695a06f4a2efd22bbef8610df3e96e3a952af,M1,2022-08,9.80397884792798,689
534A21493C0EA78D67EFDA4401DCF60DC1DC56A106DEE9C35F5FE67CE929CCDC,68b2d652ff881bf58fda5e774b6695a06f4a2efd22bbef8610df3e96e3a952af,M2,2022-08,9.80397884792798,690
3EA4329144720D5C0859C24D01FD36D9875DB9CAB4753E6D5BBD260EA6035357,68b2d652ff881bf58fda5e774b6695a06f4a2efd22bbef8610df3e96e3a952af,M3,2022-08,9.80397884792798,691
17F215FBA5D374D5754CD02752F1A37F157EAB29C95E4183466172516F98BA6D,68b2d652ff881bf58fda5e774b6695a06f4a2efd22bbef8610df3e96e3a952af,M0,2023-08,9.80397884792798,692
6E755CAF2172DB44333CC88088CFD6795CCE2ECCF7BCC684164C3A7CB9977300,68b2d652ff881bf58fda5e774b6695a06f4a2efd22bbef8610df3e96e3a952af,M1,2023-08,9.80397884792798,693
C3DD13BC21A2C10915068A6FA58A2C6C818784F7CC5BB770A4EE31B9F03FD69D,68b2d652ff881bf58fda5e774b6695a06f4a2efd22bbef8610df3e96e3a952af,M2,2023-08,9.80397884792798,694
4D0B339A6B9CE71BA6051B537077575F48D798B7379E08FBF5EE0362067013B8,68b2d652ff881bf58fda5e774b6695a06f4a2efd22bbef8610df3e96e3a952af,M3,2023-08,9.80397884792798,695
BC865605713778A0AF7100C5D450E46111958F3DFB06908E2338DA346B21653C,68b2d652ff881bf58fda5e774b6695a06f4a2efd22bbef8610df3e96e3a952af,M0,2024-08,9.80397884792798,696
5C00E009A813BFD956F8DD2D068F5858F9F9E92E872455E370AE16B706158AEC,68b2d652ff881bf58fda5e774b6695a06f4a2efd22bbef8610df3e96e3a952af,M1,2024-08,9.80397884792798,697
19CBCAB3B2858A6853567398D46461B73ADEDADF0E0DBC0B7CADB56E684E5778,68b2d652ff881bf58fda5e774b6695a06f4a2efd22bbef8610df3e96e3a952af,M2,2024-08,9.80397884792798,698
658D399954D4BA4AF788A2B102E617B545991495647150578171D8C927C91705,68b2d652ff881bf58fda5e774b6695a06f4a2efd22bbef8610df3e96e3a952af,M3,2024-08,9.80397884792798,699
E129AA773D2711BC93C8E915EF6E32EA588862BAD27BA3456B8CC7CE6D69EBDD,6a7395c072bfb5b467dd1221716487ecfce8c6a1efc3f732120c6198bc89f068,M0,2021-08,14.430718198754109,700
E8FFF7FDB69EFA8BD88F454196EDB27215B30E0F3F9EE379CE8837CAF065A443,6a7395c072bfb5b467dd1221716487ecfce8c6a1efc3f732120c6198bc89f068,M1,2021-08,14.430718198754109,701
13189132E1D396A21E6E7C3BBC5B086AD741ED853A884D3192F78201CD1072A6,6a7395c072bfb5b467dd1221716487ecfce8c6a1efc3f732120c6198bc89f068,M2,2021-08,14.430718198754109,702
6073A5D04CD87BC9696C154A57F7817D4A2979EB46E7DA383D1A8684E65354D6,6a7395c072bfb5b467dd1221716487ecfce8c6a1efc3f732120c6198bc89f068,M3,2021-08,14.430718198754109,703
9A7BE6B92B51DB8218BF6E88174B6B9EAD40B7D04585FA54D27C3447F9DFCC70,6a7395c072bfb5b467dd1221716487ecfce8c6a1efc3f732120c6198bc89f068,M0,2022-02,14.430718198754109,704
3F92768F034FF81A633CC7E9A0EEADC3C60AE36A8368C29C1A78044944555811,6a7395c072bfb5b467dd1221716487ecfce8c6a1efc3f732120c6198bc89f068,M1,2022-02,14.430718198754109,705
BBE4FD648E3572D626644258A9D7646AA3DC92DCA1374586474022B4C4DC566F,6a7395c072bfb5b467dd1221716487ecfce8c6a1efc3f732120c6198bc89f068,M2,2022-02,14.430718198754109,706
2E00A7DFFD1FEFB1E8CB989BCF8590D67AA888F3F69E7CF6608D0EBC3063F841,6a7395c072bfb5b467dd1221716487ecfce8c6a1efc3f732120c6198bc89f068,M3,2022-02,14.430718198754109,707
45DCCC249BEEEB6AA06CC1920C0E143FA1D3B0CF7C2C085E8928DAC9D8850F40,6a7395c072bfb5b467dd1221716487ecfce8c6a1efc3f732120c6198bc89f068,M0,2022-08,14.430718198754109,708
D83CBDF5C3A693BBE2A083A6D676B31A8A162F6B64D574CDBEE803AA49534ECC,6a7395c072bfb5b467dd1221716487ecfce8c6a1efc3f732120c6198bc89f068,M1,2022-08,14.430718198754109,709
C7981F93971B12F6245A8BDE62883EB389DA45871DFDA226C5E101FCCC665579,6a7395c072bfb5b467dd1221716487ecfce8c6a1efc3f732120c6198bc89f068,M2,2022-08,14.430718198754109,710
586363E6B5672100E7E883FAAD996BA9C7CBCEA7A73B2E240AF484B84483266A,6a7395c072bfb5b467dd1221716487ecfce8c6a1efc3f732120c6198bc89f068,M3,2022-08,14.430718198754109,711
F6FED2E57A1F5C7CE3F861F0DDF718338B24AC1E8CE49A1F095D5410BA8E4EB9,6a7395c072bfb5b467dd1221716487ecfce8c6a1efc3f732120c6198bc89f068,M0,2023-08,14.430718198754109,712
78AB87B4EE388A8F7392BB48F068AAF67772875D203EDB50DCF6CCAC71B55FA2,6a7395c072bfb5b467dd1221716487ecfce8c6a1efc3f732120c6198bc89f068,M1,2023-08,14.430718198754109,713
892D30F92B8BA6396B746BCDEF7DA2023CB1A5A899F48DCD63F12535A4BED1D3,6a7395c072bfb5b467dd1221716487ecfce8c6a1efc3f732120c6198bc89f068,M2,2023-08,14.430718198754109,714
A3F17DA7CF3E68640118CDF1518A5F1CB58ECCDF61BEAC7E86F01F32CAFE7626,6a7395c072bfb5b467dd1221716487ecfce8c6a1efc3f732120c6198bc89f068,M3,2023-08,14.430718198754109,715
703C4F505A4134AAB781D2317A5A5ADED2CAA5FF19D09C6A09B670458CC6FEF9,6a7395c072bfb5b467dd1221716487ecfce8c6a1efc3f732120c6198bc89f068,M0,2024-08,14.430718198754109,716
553E8729C99966E0C25BD47BFCC9257CFD2BE8C18958216F57F2FA9A1367D926,6a7395c072bfb5b467dd1221716487ecfce8c6a1efc3f732120c6198bc89f068,M1,2024-08,14.430718198754109,717
FA5C431AEFC133A28678D6093731321C241D9CE294AF5240C37E299C520CA159,6a7395c072bfb5b467dd1221716487ecfce8c6a1efc3f732120c6198bc89f068,M2,2024-08,14.430718198754109,718
705F0A61E39B3E6367391430D3F731E7855D5ACE48520AFA1B2DE2C7D9633A27,6a7395c072bfb5b467dd1221716487ecfce8c6a1efc3f732120c6198bc89f068,M3,2024-08,14.430718198754109,719
526280DA1447DA108A3B5C3E7B1736CDCBDDC31960851E66BC9D87177252289D,6c01a8602adff4e8147587ece955de82dd8c3251abb4eb1d2dff3cbd3ffb950d,M0,2021-08,7.056754559054782,720
0B5F0727A5DBB152EEDCCBF47A978A47E48548C7A80CF8EA1252EF68EAE0E4B7,6c01a8602adff4e8147587ece955de82dd8c3251abb4eb1d2dff3cbd3ffb950d,M1,2021-08,7.056754559054782,721
A85689DCB6B232D7A6643DFCE56BF3B2F054E61CA8D4335312728531FA9F022B,6c01a8602adff4e8147587ece955de82dd8c3251abb4eb1d2dff3cbd3ffb950d,M2,2021-08,7.056754559054782,722
1C79B0A370CA4AD81D955083E38FD0F68C5C9FD85687D87E620F8A3B7172F91F,6c01a8602adff4e8147587ece955de82dd8c3251abb4eb1d2dff3cbd3ffb950d,M3,2021-08,7.056754559054782,723
9C5DFB2191550EBE1C673581DF5024CF08B5C1856ACEBB63659BCD420C1B5AAF,6c01a8602adff4e8147587ece955de82dd8c3251abb4eb1d2dff3cbd3ffb950d,M0,2022-02,7.056754559054782,724
4F7E3CEE8CCF48E644A9447713DAF8BF0E7B0DB2A22838E0E9EBE71E0303B72C,6c01a8602adff4e8147587ece955de82dd8c3251abb4eb1d2dff3cbd3ffb950d,M1,2022-02,7.056754559054782,725
74287224583E8EE52F91FB3F98BE91E156271710DE4CCED6FD157430E31AF5BF,6c01a8602adff4e8147587ece955de82dd8c3251abb4eb1d2dff3cbd3ffb950d,M2,2022-02,7.056754559054782,726
CDFA187A963247F252B4149A96B6A219E8B3CC95E98789B5CD3FAD5021CD575B,6c01a8602adff4e8147587ece955de82dd8c3251abb4eb1d2dff3cbd3ffb950d,M3,2022-02,7.056754559054782,727
E39C9B03483BB28C3811603FCE91142EECEBB5BD47B12D3C59C05C1CBEAE859C,6c01a8602adff4e8147587ece955de82dd8c3251abb4eb1d2dff3cbd3ffb950d,M0,2022-08,7.056754559054782,728
F72DA4656A080908E8A8F77C5F75045B58A6616D8C7CE8DF4395BBD454889327,6c01a8602adff4e8147587ece955de82dd8c3251abb4eb1d2dff3cbd3ffb950d,M1,2022-08,7.056754559054782,729
B1FB221306678D4390F74066C43C33747580E57ACDB2AB090ADC3C5B5582C5E0,6c01a8602adff4e8147587ece955de82dd8c3251abb4eb1d2dff3cbd3ffb950d,M2,2022-08,7.056754559054782,730
C3B8246879813695ABCC57E7D4852105670A44EFB95F26902663F09C7AECF37A,6c01a8602adff4e8147587ece955de82dd8c3251abb4eb1d2dff3cbd3ffb950d,M3,2022-08,7.056754559054782,731
1FE78E3ECFCA13611A66A0AE6E0E79EFA40EEB884D7A8CA38005C82DA849F2E9,6c01a8602adff4e8147587ece955de82dd8c3251abb4eb1d2dff3cbd3ffb950d,M0,2023-08,7.056754559054782,732
3CFE8922D97B43EF4F00D68741B584B2368DFFDE0412C7F643CB97BBB798A84F,6c01a8602adff4e8147587ece955de82dd8c3251abb4eb1d2dff3cbd3ffb950d,M1,2023-08,7.056754559054782,733
B65EC1C1F5CBD96E8F1213F0232AB1B28C81A295CCD3173B97D11239950FD521,6c01a8602adff4e8147587ece955de82dd8c3251abb4eb1d2dff3cbd3ffb950d,M2,2023-08,7.056754559054782,734
4269592AE8E939DC53D117A95AD37CD37476311BFBB132105C0C6E6098222FB0,6c01a8602adff4e8147587ece955de82dd8c3251abb4eb1d2dff3cbd3ffb950d,M3,2023-08,7.056754559054782,735
746278601BD30515B1860162A92D35992EB6F2AA40397FCD3A3D6B333EAD6C0B,6c01a8602adff4e8147587ece955de82dd8c3251abb4eb1d2dff3cbd3ffb950d,M0,2024-08,7.056754559054782,736
6C6B0B2658C766637EB8522C7968049CCA17DECFABAA89BF77B8CADB222927AF,6c01a8602adff4e8147587ece955de82dd8c3251abb4eb1d2dff3cbd3ffb950d,M1,2024-08,7.056754559054782,737
F95823B9A9B83864604700F9F4C5EA3D0A168978ADE651DDE3D7F9F592BB9C72,6c01a8602adff4e8147587ece955de82dd8c3251abb4eb1d2dff3cbd3ffb950d,M2,2024-08,7.056754559054782,738
5E7EF9155ADE58AEDB3BD4DC4E756427C4F96E665CC707165A141CD804002E2F,6c01a8602adff4e8147587ece955de82dd8c3251abb4eb1d2dff3cbd3ffb950d,M3,2024-08,7.056754559054782,739
135EB0F3EF859F881D5A4C41F1ACE7EA26DF09323D354E9DBBFA4D8779B1F974,6cfa16a43f345361440737f243351d60a33b4c1f286c02d2ba0b43fbe717d009,M0,2021-08,45.90344339023287,740
3085965FEC9FB0179A75628AF9027461AD6AA8A785D4214FECF075BCEB05F130,6cfa16a43f345361440737f243351d60a33b4c1f286c02d2ba0b43fbe717d009,M1,2021-08,45.90344339023287,741
ECABB651A31198AB4762D8C1315DFD847B393522453D30999CB4E137902BA02A,6cfa16a43f345361440737f243351d60a33b4c1f286c02d2ba0b43fbe717d009,M2,2021-08,45.90344339023287,742
29DB9B042ADC5D0C36442E3D0BBFBEA7F95D1071CF10CEE5697B41AE687E99F5,6cfa16a43f345361440737f243351d60a33b4c1f286c02d2ba0b43fbe717d009,M3,2021-08,45.90344339023287,743
9EFD1200E19BC6375CD3B0459438A5068D9B3E1C45C9B244ED0F1316756302E1,6cfa16a43f345361440737f243351d60a33b4c1f286c02d2ba0b43fbe717d009,M0,2022-02,45.90344339023287,744
0FFA99C3393961D78682B890210E740AC64368CA228C8A0B6F81076CC2ADB0C5,6cfa16a43f345361440737f243351d60a33b4c1f286c02d2ba0b43fbe717d009,M1,2022-02,45.90344339023287,745
D95B87DC6585AFC5909A5DA85ADE908D8701F1B038FD8A6CB0A84184AE006CA0,6cfa16a43f345361440737f243351d60a33b4c1f286c02d2ba0b43fbe717d009,M2,2022-02,45.90344339023287,746
9114F79CBACB56D0235209157F84BD32042B2BB13166E5A263D36417E9869FFB,6cfa16a43f345361440737f243351d60a33b4c1f286c02d2ba0b43fbe717d009,M3,2022-02,45.90344339023287,747
AAE08C8306F4D51ACAD3F44B119CB8C0A530740E31484A2543EB608AC2AAFCC4,6cfa16a43f345361440737f243351d60a33b4c1f286c02d2ba0b43fbe717d009,M0,2022-08,45.90344339023287,748
B4CA159BD544D330A88F0DB38AF91971D09ED02527ED5A727E3F5568D2A9623C,6cfa16a43f345361440737f243351d60a33b4c1f286c02d2ba0b43fbe717d009,M1,2022-08,45.90344339023287,749
6BB33183337CFBD4A5D5B2968D4E27639509D7C46D27674039196F178AE97A0B,6cfa16a43f345361440737f243351d60a33b4c1f286c02d2ba0b43fbe717d009,M2,2022-08,45.90344339023287,750
5F985A1BB366A043AEAA99A20332E09A0D2B7CF58C9338F83A614F1C8B3E6DCE,6cfa16a43f345361440737f243351d60a33b4c1f286c02d2ba0b43fbe717d009,M3,2022-08,45.90344339023287,751
5292005DB1512704F0A782BD934EB802F257440813072B195F3CE63102E54795,6cfa16a43f345361440737f243351d60a33b4c1f286c02d2ba0b43fbe717d009,M0,2023-08,45.90344339023287,752
F03B60C90D8968F4A52587E08DAD75D0E72438E6A08A1B1F5F0793BF1C988AE5,6cfa16a43f345361440737f243351d60a33b4c1f286c02d2ba0b43fbe717d009,M1,2023-08,45.90344339023287,753
AE5132795E43C0A6C86FFB7131C000C796AD617BA48CEC2F9BEA23CC1B5ABEC8,6cfa16a43f345361440737f243351d60a33b4c1f286c02d2ba0b43fbe717d009,M2,2023-08,45.90344339023287,754
3BF3F43ECC5DFE2D933C919975A0E9F8F29508C5B26C1420F95FD71742CE91B3,6cfa16a43f345361440737f243351d60a33b4c1f286c02d2ba0b43fbe717d009,M3,2023-08,45.90344339023287,755
667EF6277EFD36BAD9DB11C98C802250F32395BE94139DCAF07F0832066F92BC,6cfa16a43f345361440737f243351d60a33b4c1f286c02d2ba0b43fbe717d009,M0,2024-08,45.90344339023287,756
442EB26662091279E52543BD072782A174B62E56664C41D6CC30DD38627A9C08,6cfa16a43f345361440737f243351d60a33b4c1f286c02d2ba0b43fbe717d009,M1,2024-08,45.90344339023287,757
F3EDB75C9569E4BBEE12EEA557E098CDC3291E8A310CB3AC70F7EAB696FCC63D,6cfa16a43f345361440737f243351d60a33b4c1f286c02d2ba0b43fbe717d009,M2,2024-08,45.90344339023287,758
571CF38B77428342067E6BAAFBB6FC10F55F28B43997D35A1CDC74419FCA3BAF,6cfa16a43f345361440737f243351d60a33b4c1f286c02d2ba0b43fbe717d009,M3,2024-08,45.90344339023287,759
D84198D570B216E2D94878EF7703D6ADE8F613447D947579A2F706BDE6B60EE7,6d5a00639c8a0acc7bb84d30aaa12af07271588c130056cd5153b8658ce16690,M0,2021-08,4.751646075123518,760
E0F6DAD19B5C917AAD7124658EFD2CCDDF077117C520C5EDA7A45545FAC9D437,6d5a00639c8a0acc7bb84d30aaa12af07271588c130056cd5153b8658ce16690,M1,2021-08,4.751646075123518,761
F49AF5A599578E77DC56EEE17989891127B0AB0F7FA41DD0AE020B673E1FC0D6,6d5a00639c8a0acc7bb84d30aaa12af07271588c130056cd5153b8658ce16690,M2,2021-08,4.751646075123518,762
2809EC5B31E1B7942F3614E420F95896D22635E94965328E49CF6335A859847C,6d5a00639c8a0acc7bb84d30aaa12af07271588c130056cd5153b8658ce16690,M3,2021-08,4.751646075123518,763
8A1BFB405C51D3FD0A43E7C37080DCB68D002195342775FCEAB208BEFBE3D44E,6d5a00639c8a0acc7bb84d30aaa12af07271588c130056cd5153b8658ce16690,M0,2022-02,4.751646075123518,764
11370C437F029C1BAF5958AFDB01E7D8292D22F57DA912D6B6F55D4339008127,6d5a00639c8a0acc7bb84d30aaa12af07271588c130056cd5153b8658ce16690,M1,2022-02,4.751646075123518,765
E4887976BEAAA0D336486065AB0096D380F509D2AC7F16973C88CA0DFAA388CD,6d5a00639c8a0acc7bb84d30aaa12af07271588c130056cd5153b8658ce16690,M2,2022-02,4.751646075123518,766
2F80DBB96FBAA725EADB0F76AE279589EF1A9AB95DE1BE239A0EAD82212CA994,6d5a00639c8a0acc7bb84d30aaa12af07271588c130056cd5153b8658ce16690,M3,2022-02,4.751646075123518,767
77A7678673A8C42CFFFC40F1326C5678D5B27694E45957AFFF1F569AC1623FB5,6d5a00639c8a0acc7bb84d30aaa12af07271588c130056cd5153b8658ce16690,M0,2022-08,4.751646075123518,768
4169D7C3C06C2F54799312DCF952D37060AA272B7A79A5D0F8AC4C338C97A616,6d5a00639c8a0acc7bb84d30aaa12af07271588c130056cd5153b8658ce16690,M1,2022-08,4.751646075123518,769
74FBFF7D359B1B1FFF8880AD88A79208FB143BD2E1450C55F02B90E034C97E4C,6d5a00639c8a0acc7bb84d30aaa12af07271588c130056cd5153b8658ce16690,M2,2022-08,4.751646075123518,770
45F23C617A833A8633A22303A4DE5C207B4C8E65C19A44D82A0FEE05E3506972,6d5a00639c8a0acc7bb84d30aaa12af07271588c130056cd5153b8658ce16690,M3,2022-08,4.751646075123518,771
04958909E60F16C996B72440F042526770C23DD32EFA3EE25D690EAAF2C5B66B,6d5a00639c8a0acc7bb84d30aaa12af07271588c130056cd5153b8658ce16690,M0,2023-08,4.751646075123518,772
F4E77DA27346C30CA78F28C6FA7EACBB1AEB3FEDFFCE78FD1DF0837E319385BF,6d5a00639c8a0acc7bb84d30aaa12af07271588c130056cd5153b8658ce16690,M1,2023-08,4.751646075123518,773
AE92AAF2851220E3E215A571D1A21AB9A516F096181925006983A1C4CE9CAA19,6d5a00639c8a0acc7bb84d30aaa12af07271588c130056cd5153b8658ce16690,M2,2023-08,4.751646075123518,774
C71A3E478D6385F4BC36E8574A5CF801522E9F2A66F58BAA5BF945B7A023DC93,6d5a00639c8a0acc7bb84d30aaa12af07271588c130056cd5153b8658ce16690,M3,2023-08,4.751646075123518,775
17985949752DDA2D227A9FE5F4B0E0242CF6A5069226F53BCB907B27BC30E30A,6d5a00639c8a0acc7bb84d30aaa12af07271588c130056cd5153b8658ce16690,M0,2024-08,4.751646075123518,776
1EEBB9F745531B57D3268AD3C8DDE2B9EB6DBF4F29A71D8691BB8F74CE6E2C81,6d5a00639c8a0acc7bb84d30aaa12af07271588c130056cd5153b8658ce16690,M1,2024-08,4.751646075123518,777
CB0A40C0C6A4A1138EF824FAE351A5B5D5A8C0F5D8E20771EAE86A579FAD6DA3,6d5a00639c8a0acc7bb84d30aaa12af07271588c130056cd5153b8658ce16690,M2,2024-08,4.751646075123518,778
3000D9488076200EB0D0CF525C5C1B0C2550F1F479F5EC50E6ED1E4DA09977A1,6d5a00639c8a0acc7bb84d30aaa12af07271588c130056cd5153b8658ce16690,M3,2024-08,4.751646075123518,779
BB4924F07449A6C350AB892F3F7B212A39FADA4D3F77DDB88AD59FE6EC75679F,6e65ddda028ff4410dfcd5ae61628f75da5f629774f4dd44f7e32e0505ce1bd5,M0,2021-08,34.69337848843658,780
8BE892CFE7E781AADB7B6725160F376471BAE8D66FDE305AD9520E00762F6609,6e65ddda028ff4410dfcd5ae61628f75da5f629774f4dd44f7e32e0505ce1bd5,M1,2021-08,34.69337848843658,781
5CB0E73B3A7F10E60DD08E2B7C9C809E47589E9B8F634B2255C54E17616CFF9B,6e65ddda028ff4410dfcd5ae61628f75da5f629774f4dd44f7e32e0505ce1bd5,M2,2021-08,34.69337848843658,782
6675DD4DBAD621C707875FF6CF4D77C71480A976ABC792A22103E85627291971,6e65ddda028ff4410dfcd5ae61628f75da5f629774f4dd44f7e32e0505ce1bd5,M3,2021-08,34.69337848843658,783
FB44B5A96C3F4639AA098FA4CE2303BD68E6EDE6CAC56287074E3B3010A82A97,6e65ddda028ff4410dfcd5ae61628f75da5f629774f4dd44f7e32e0505ce1bd5,M0,2022-02,34.69337848843658,784
2FB2C29D7BA5399BF9563B44BE528949E67D3863CDDFE325EA069A60236F9640,6e65ddda028ff4410dfcd5ae61628f75da5f629774f4dd44f7e32e0505ce1bd5,M1,2022-02,34.69337848843658,785
31FD646F0D902423E990E67EC34AD8D252AE988651B0EDF16B4C298B30B470A6,6e65ddda028ff4410dfcd5ae61628f75da5f629774f4dd44f7e32e0505ce1bd5,M2,2022-02,34.69337848843658,786
4FCFE62E440728E0D1AEEAA03A933F5DCC466996586DCEEDFB9D003ABD7D5A8B,6e65ddda028ff4410dfcd5ae61628f75da5f629774f4dd44f7e32e0505ce1bd5,M3,2022-02,34.69337848843658,787
B80B5EC61CE07F78830D239832CFE9CF5B4D6024FB29A034907659817BBFC8D0,6e65ddda028ff4410dfcd5ae61628f75da5f629774f4dd44f7e32e0505ce1bd5,M0,2022-08,34.69337848843658,788
BC3349AD7D2B788C0AC2C655D8088DFC40F94A24E33CA3E8D50ED6B7F7A875A5,6e65ddda028ff4410dfcd5ae61628f75da5f629774f4dd44f7e32e0505ce1bd5,M1,2022-08,34.69337848843658,789
51827053A4A27AA0D25D90AEA47FB16B5705C97E9E4F91017C33033FE43F9DFC,6e65ddda028ff4410dfcd5ae61628f75da5f629774f4dd44f7e32e0505ce1bd5,M2,2022-08,34.69337848843658,790
C24821DA64F12114588D0879F83336E5F50212870DB0220F6D390698E87B68D2,6e65ddda028ff4410dfcd5ae61628f75da5f629774f4dd44f7e32e0505ce1bd5,M3,2022-08,34.69337848843658,791
1D045030F5537BFB2989CE835888333C7A6201D6C7C13D25F022DE5329767532,6e65ddda028ff4410dfcd5ae61628f75da5f629774f4dd44f7e32e0505ce1bd5,M0,2023-08,34.69337848843658,792
F49BE1B8F580719A7CB5DE78643F6DB0551354A6DEABD283E59953C0C862262F,6e65ddda028ff4410dfcd5ae61628f75da5f629774f4dd44f7e32e0505ce1bd5,M1,2023-08,34.69337848843658,793
2197F944BFF0D6F6114EA7FB6F06348A18D403C93B8ABBFF802A3ED287CDAE03,6e65ddda028ff4410dfcd5ae61628f75da5f629774f4dd44f7e32e0505ce1bd5,M2,2023-08,34.69337848843658,794
EE8633F6639463B2DA8762F417EA86552E17EB9E12B2EBAD59511C2DB5057F32,6e65ddda028ff4410dfcd5ae61628f75da5f629774f4dd44f7e32e0505ce1bd5,M3,2023-08,34.69337848843658,795
2C0D90E848754A7D2DA437A643FE3E8F7A1C1B1E17A1452508F256BC0731C690,6e65ddda028ff4410dfcd5ae61628f75da5f629774f4dd44f7e32e0505ce1bd5,M0,2024-08,34.69337848843658,796
21AE5FD43D962DBD52DC55FECCC4037026D0BCC300B3D8C8D1205B9C5A6031FB,6e65ddda028ff4410dfcd5ae61628f75da5f629774f4dd44f7e32e0505ce1bd5,M1,2024-08,34.69337848843658,797
DFE6A85DF2ED292C3B8985DE228A36487F3A22D3A87C9DDF4E70B1C59C44E145,6e65ddda028ff4410dfcd5ae61628f75da5f629774f4dd44f7e32e0505ce1bd5,M2,2024-08,34.69337848843658,798
585B5B958E51FE710F889549D32F028D29915339CC918C91328C2BF75034D2E6,6e65ddda028ff4410dfcd5ae61628f75da5f629774f4dd44f7e32e0505ce1bd5,M3,2024-08,34.69337848843658,799
4333BCDB801FF366620D4982171016DF978205BD954FB9AF144A09B9F870800B,71fa04449abe801aba5d7e90222376507773df294fc877e8ee8eb89189a3d129,M0,2021-08,25.473731309724386,800
1C68D60FF61CC8D16F845CA672CFFD6AE9D7E61A91229DC1EBF921C191E1D917,71fa04449abe801aba5d7e90222376507773df294fc877e8ee8eb89189a3d129,M1,2021-08,25.473731309724386,801
815A117BB73F1001D652B735B9EF332E3537D78E00513AE23EBCB931E3C8891D,71fa04449abe801aba5d7e90222376507773df294fc877e8ee8eb89189a3d129,M2,2021-08,25.473731309724386,802
51FB9F05B9F73B3691DD3AF4517F088CB6AABE7C899B138099AEF568F2272EEA,71fa04449abe801aba5d7e90222376507773df294fc877e8ee8eb89189a3d129,M3,2021-08,25.473731309724386,803
B97E2AC47A3A17E033168DACF5DEE7973F8A06C4376EA95256DBF4300B0DA90C,71fa04449abe801aba5d7e90222376507773df294fc877e8ee8eb89189a3d129,M0,2022-02,25.473731309724386,804
E14B5593FE2E32FFA22DF534720EC2252936A4CAFAC5B78577A3493E461BAA3D,71fa04449abe801aba5d7e90222376507773df294fc877e8ee8eb89189a3d129,M1,2022-02,25.473731309724386,805
124441E0E18199CE8734127F4F993E0752BBCDF0A874102FBD9AA115FBFE59D3,71fa04449abe801aba5d7e90222376507773df294fc877e8ee8eb89189a3d129,M2,2022-02,25.473731309724386,806
4426AF17F7C8DE1381C3ADB05F89646678DB3760378EEF4B2FE8D52C78A7B805,71fa04449abe801aba5d7e90222376507773df294fc877e8ee8eb89189a3d129,M3,2022-02,25.473731309724386,807
25070FA01266D4F1487AD263923D98D3081317BF49676BAEE9EEAE5E5EDE30F5,71fa04449abe801aba5d7e90222376507773df294fc877e8ee8eb89189a3d129,M0,2022-08,25.473731309724386,808
573705C5BA56D7838E01B3490E58F46C332F7665B9155ADC154BAA14B8719B33,71fa04449abe801aba5d7e90222376507773df294fc877e8ee8eb89189a3d129,M1,2022-08,25.473731309724386,809
E5FCB672047DF54B46729FC3738B7AEAEBD83FA8B60C65C8A9B3BDCB0F64176A,71fa04449abe801aba5d7e90222376507773df294fc877e8ee8eb89189a3d129,M2,2022-08,25.473731309724386,810
53E734EFDE5EBC9E4217294718D571D53CF8D38AB8D753183089AC1140234D60,71fa04449abe801aba5d7e90222376507773df294fc877e8ee8eb89189a3d129,M3,2022-08,25.473731309724386,811
871B80E63FC591D21F6A14C310132CEC799D1EB19DEA8D524BA1B9BDCE82862D,71fa04449abe801aba5d7e90222376507773df294fc877e8ee8eb89189a3d129,M0,2023-08,25.473731309724386,812
185172D161CCD80A3925FB5669013909700DD83EBB7BFBDF9CFE5EF804B85E93,71fa04449abe801aba5d7e90222376507773df294fc877e8ee8eb89189a3d129,M1,2023-08,25.473731309724386,813
CABAD84DD2AC8102433ED8EE4CE96C3AAEEB8561BF4BAE7949A8FF144FAFCC4D,71fa04449abe801aba5d7e90222376507773df294fc877e8ee8eb89189a3d129,M2,2023-08,25.473731309724386,814
CEA0EB6308DF0D1E8C9A494A9623939DD75BBD8E753A7B16E79563ADEA1ACCD2,71fa04449abe801aba5d7e90222376507773df294fc877e8ee8eb89189a3d129,M3,2023-08,25.473731309724386,815
FE0DF52F6F1B577F1CF2C580745E48D654E78AAB195C93AB82C8D258BBABA18A,71fa04449abe801aba5d7e90222376507773df294fc877e8ee8eb89189a3d129,M0,2024-08,25.473731309724386,816
88D96DBB86874AB0B4D0F096F340D671DF3BBB83BC9FCB12E2A0DBCBAB0706F1,71fa04449abe801aba5d7e90222376507773df294fc877e8ee8eb89189a3d129,M1,2024-08,25.473731309724386,817
A23D5AC2093182E63C04CFA7137E635E1CF6D60F6918AB08E0F8D73C7282DA83,71fa04449abe801aba5d7e90222376507773df294fc877e8ee8eb89189a3d129,M2,2024-08,25.473731309724386,818
81BDBBC71044051C18B7B232BFEE969C05A76CDEF9A1556396743FB36FA261F3,71fa04449abe801aba5d7e90222376507773df294fc877e8ee8eb89189a3d129,M3,2024-08,25.473731309724386,819
822F5F173EBFCD43F50DC7F32B7BF71560BD5E2D637D3693BE13A8B48D9DCFC0,72483e5bbebced21e43493f038e0f29992e894544358a8b187d66fcb6e612495,M0,2021-08,26.20415786453163,820
FD934E1AE3E2FC405C06A4C94D6B041DB84D983D7E9A5BCD871E97725E108CB7,72483e5bbebced21e43493f038e0f29992e894544358a8b187d66fcb6e612495,M1,2021-08,26.20415786453163,821
3BD8690152F1A90C029401020CCB62DAD8EA3B49A2ADA781E362B9881F2CD91D,72483e5bbebced21e43493f038e0f29992e894544358a8b187d66fcb6e612495,M2,2021-08,26.20415786453163,822
58750ED78232CA1D5F464E732018D0790AC7B9D94A0F9A93F4933121D67109B3,72483e5bbebced21e43493f038e0f29992e894544358a8b187d66fcb6e612495,M3,2021-08,26.20415786453163,823
3BB8CC68D3B9CBB2BA4A0FD5A9153F30BA31E2CDBAB28A0F0C822521C8EFE366,72483e5bbebced21e43493f038e0f29992e894544358a8b187d66fcb6e612495,M0,2022-02,26.20415786453163,824
B90C4E85397E109ECAA11685EAEC93795BC998A527ED49710DE611C7A9072CEC,72483e5bbebced21e43493f038e0f29992e894544358a8b187d66fcb6e612495,M1,2022-02,26.20415786453163,825
C0C7C53005E9AB6D9ADEE5513D7BE8153240BEDF913B7334919A755A9370CA6B,72483e5bbebced21e43493f038e0f29992e894544358a8b187d66fcb6e612495,M2,2022-02,26.20415786453163,826
AE6635412E81DCCC537309C06A674B28A5AB45127DEA238DA2E5061F6D46D619,72483e5bbebced21e43493f038e0f29992e894544358a8b187d66fcb6e612495,M3,2022-02,26.20415786453163,827
9D53215CB52CC08DD9EBDAD9A2ACDF8C8311E822582136659FF759CC5F13D516,72483e5bbebced21e43493f038e0f29992e894544358a8b187d66fcb6e612495,M0,2022-08,26.20415786453163,828
84421DDFDCCAF9B252FCB16DF977EE7D6CFEADBB1C694ED699EF1CC36C179342,72483e5bbebced21e43493f038e0f29992e894544358a8b187d66fcb6e612495,M1,2022-08,26.20415786453163,829
FB633A4AF84CF62529EA41C488889E6E1191A617746A5AECA387D97783E2B6E0,72483e5bbebced21e43493f038e0f29992e894544358a8b187d66fcb6e612495,M2,2022-08,26.20415786453163,830
A7783400BFC35F310C73140AB5BA1CEB32F3CD189FE6F2963522DA16F501864B,72483e5bbebced21e43493f038e0f29992e894544358a8b187d66fcb6e612495,M3,2022-08,26.20415786453163,831
39FAA77793D017712C22F3EE2BA1A136F257772D2CED9EC9FAEC2BE544CB0E80,72483e5bbebced21e43493f038e0f29992e894544358a8b187d66fcb6e612495,M0,2023-08,26.20415786453163,832
71A98C7C2CAD032743A8F87833F3DBB6BD12F4763847AFDCCB7C1C435239C2B5,72483e5bbebced21e43493f038e0f29992e894544358a8b187d66fcb6e612495,M1,2023-08,26.20415786453163,833
5E628C31872470EDAA24112BEF322EFD093D74AE3712A5549E52C2E4E4898225,72483e5bbebced21e43493f038e0f29992e894544358a8b187d66fcb6e612495,M2,2023-08,26.20415786453163,834
D8E012258059127196817A5B8A0723320625F5417CA8F9FA7E0AAFF2D995FF4F,72483e5bbebced21e43493f038e0f29992e894544358a8b187d66fcb6e612495,M3,2023-08,26.20415786453163,835
C5934A62911AC4ED74D1AC74484615D9E17BE36B7CF387C0F35098005F9085FF,72483e5bbebced21e43493f038e0f29992e894544358a8b187d66fcb6e612495,M0,2024-08,26.20415786453163,836
0D8E336D84BFDF12EEF3C3A4FC4EE9E7919ED3C3524A0CCF692D47C6C9E408A8,72483e5bbebced21e43493f038e0f29992e894544358a8b187d66fcb6e612495,M1,2024-08,26.20415786453163,837
4820259606C840F28E2BBD0398AB3E86B00D6F3D1A529B915BBD4957897D88FB,72483e5bbebced21e43493f038e0f29992e894544358a8b187d66fcb6e612495,M2,2024-08,26.20415786453163,838
55C9D749CE156B59AB36DFD5EDBB69A3A6700B0131337B296DD472A10DB3116D,72483e5bbebced21e43493f038e0f29992e894544358a8b187d66fcb6e612495,M3,2024-08,26.20415786453163,839
C45EDBA3F9C3818CA59707148609E7199F39070D5A9ED9534982E1309DA48131,7280b9dac8152ea87df463b445947030f06f7a861f81a3eeb828c6e2bf31815a,M0,2021-08,12.105127077077372,840
91F2F6CD2D260A41CBF1926AF4358C1A063C0DF0FF906951ECF31D775512B654,7280b9dac8152ea87df463b445947030f06f7a861f81a3eeb828c6e2bf31815a,M1,2021-08,12.105127077077372,841
A21436B60B641AE0704B533E8556970C682A4E78BE7623F52BBA6D2CC4AFB5EC,7280b9dac8152ea87df463b445947030f06f7a861f81a3eeb828c6e2bf31815a,M2,2021-08,12.105127077077372,842
84DED063D5B65BC2F09F165DEE06F91B065094593EA949000D396520A3C2BC55,7280b9dac8152ea87df463b445947030f06f7a861f81a3eeb828c6e2bf31815a,M3,2021-08,12.105127077077372,843
4A4A8E3253BDAFDB7926706DC745A6DD1634BBDDD8BB39170473AC2065C405C1,7280b9dac8152ea87df463b445947030f06f7a861f81a3eeb828c6e2bf31815a,M0,2022-02,12.105127077077372,844
25EE6B1F676A0996368C05778F2386900D991612205BFE030EF5520CADD941CF,7280b9dac8152ea87df463b445947030f06f7a861f81a3eeb828c6e2bf31815a,M1,2022-02,12.105127077077372,845
80DE20F4F12E0A91FC2C7E9D5FF695D7730F3981626C89C0F7182BBBAB403E43,7280b9dac8152ea87df463b445947030f06f7a861f81a3eeb828c6e2bf31815a,M2,2022-02,12.105127077077372,846
9DEBAF39978AC01B86D1FD2A0FA255A6E25B2EA8FE957777018F7F933C0DAD39,7280b9dac8152ea87df463b445947030f06f7a861f81a3eeb828c6e2bf31815a,M3,2022-02,12.105127077077372,847
9DC4DF00ACC5C489987CFC74D47348A4CAB6CC1CE470A6E166C30DB0770651A0,7280b9dac8152ea87df463b445947030f06f7a861f81a3eeb828c6e2bf31815a,M0,2022-08,12.105127077077372,848
511D077C840EBF754EA19B9F93F918C831CA0A289D2A8AE5E5B13F9B2EAAD7B5,7280b9dac8152ea87df463b445947030f06f7a861f81a3eeb828c6e2bf31815a,M1,2022-08,12.105127077077372,849
6E3D25745097A74502484EFFB8219EA1A379AE592FCB55533475AF4A445A9E61,7280b9dac8152ea87df463b445947030f06f7a861f81a3eeb828c6e2bf31815a,M2,2022-08,12.105127077077372,850
3F3316593253CC7D9BB831E5DA43888BAAD6867C90AE3E2D569864C27480C38C,7280b9dac8152ea87df463b445947030f06f7a861f81a3eeb828c6e2bf31815a,M3,2022-08,12.105127077077372,851
05E04AEA639E356A5051925F5128821147FAB8D51A03F55DA12B4946AAFF99A4,7280b9dac8152ea87df463b445947030f06f7a861f81a3eeb828c6e2bf31815a,M0,2023-08,12.105127077077372,852
CE804430257E164E011BEE361A55713B00067E4A5260C690716A0E68D6900B67,7280b9dac8152ea87df463b445947030f06f7a861f81a3eeb828c6e2bf31815a,M1,2023-08,12.105127077077372,853
1CB624FA0B55D0F250077F81454390BB449B2633B1E8C0FB79D3B35E86B9A94A,7280b9dac8152ea87df463b445947030f06f7a861f81a3eeb828c6e2bf31815a,M2,2023-08,12.105127077077372,854
8FEDBFD649E598468C1150865B51BD7D3ECC2A43B7E6CD76BE1914B567F3CAEE,7280b9dac8152ea87df463b445947030f06f7a861f81a3eeb828c6e2bf31815a,M3,2023-08,12.105127077077372,855
25E82CBD3FB2C8F4BEDCDADEBA095B55E426B6F08F60C9B9488AF8878AF7951D,7280b9dac8152ea87df463b445947030f06f7a861f81a3eeb828c6e2bf31815a,M0,2024-08,12.105127077077372,856
2468CC79B2DA090E44B9A2F7AB6F3E76986743DCD402387706249DC4EFD07B9C,7280b9dac8152ea87df463b445947030f06f7a861f81a3eeb828c6e2bf31815a,M1,2024-08,12.105127077077372,857
34F4CF3121D4942955322C8EC87F7D1D5C0BEF81D3AC0460B292FFA8683116EB,7280b9dac8152ea87df463b445947030f06f7a861f81a3eeb828c6e2bf31815a,M2,2024-08,12.105127077077372,858
B5256687CE539A77888967A4400E26BAB0ACCD17997377E8FF86997D8C19773E,7280b9dac8152ea87df463b445947030f06f7a861f81a3eeb828c6e2bf31815a,M3,2024-08,12.105127077077372,859
09C37086B68573F54DCF90AD98CCC512EBF99D861709465B5F07FB569EEFB860,7682b58b1cb60d1f391db7b2b6ff65da9a5c0ffc9cea07aeca70e918b9d3edbd,M0,2021-08,5.56486481174535,860
9E12BAB80171FBF9C01AF2DD9AABAD73A2B70C92BC8017A380195813064B5D4C,7682b58b1cb60d1f391db7b2b6ff65da9a5c0ffc9cea07aeca70e918b9d3edbd,M1,2021-08,5.56486481174535,861
3AF1D98D4AFD3951D535CAD06AF6E37F707E4843C612697710AA05D4DBBE1526,7682b58b1cb60d1f391db7b2b6ff65da9a5c0ffc9cea07aeca70e918b9d3edbd,M2,2021-08,5.56486481174535,862
E5F02CCE734EE5B01A079C08B10F5C1C6039EBCDFD5E6BDDE08F479F02492CD0,7682b58b1cb60d1f391db7b2b6ff65da9a5c0ffc9cea07aeca70e918b9d3edbd,M3,2021-08,5.56486481174535,863
BA4DFDB1A125654A44630A1BC3E28A6820640EE660A6E90B82AFE351D5114E5B,7682b58b1cb60d1f391db7b2b6ff65da9a5c0ffc9cea07aeca70e918b9d3edbd,M0,2022-02,5.56486481174535,864
C3FFF5D891C7C776FE0563747BDAFD201C2EFC0F5C17E82264A769AFD1A099B6,7682b58b1cb60d1f391db7b2b6ff65da9a5c0ffc9cea07aeca70e918b9d3edbd,M1,2022-02,5.56486481174535,865
C0CE44066EF560B59EEC66D30E58E69F2654716DC7144AB57F43469040892F40,7682b58b1cb60d1f391db7b2b6ff65da9a5c0ffc9cea07aeca70e918b9d3edbd,M2,2022-02,5.56486481174535,866
8FF07B605CAB5175A240B848E545B1AE23E8CBC5F78AB64B7E75B843AC6D9ED7,7682b58b1cb60d1f391db7b2b6ff65da9a5c0ffc9cea07aeca70e918b9d3edbd,M3,2022-02,5.56486481174535,867
D109ABBE8DC09D5C4DD046309F1D7A347FCF843C8582368B77409CEC3865B0ED,7682b58b1cb60d1f391db7b2b6ff65da9a5c0ffc9cea07aeca70e918b9d3edbd,M0,2022-08,5.56486481174535,868
EF2FDB680B7C1A3DC044E7E19E0EF5A346A0255D9AE89DB35B24E0381E82A0F3,7682b58b1cb60d1f391db7b2b6ff65da9a5c0ffc9cea07aeca70e918b9d3edbd,M1,2022-08,5.56486481174535,869
BD307279157551D872350F8DEB11BCCA057551997AB5639C169E5C41F10A480C,7682b58b1cb60d1f391db7b2b6ff65da9a5c0ffc9cea07aeca70e918b9d3edbd,M2,2022-08,5.56486481174535,870
FD7CDCF414AC8762670D1E6E0CF046FB5CE1BD2C1748B0BA655A9F8482D51557,7682b58b1cb60d1f391db7b2b6ff65da9a5c0ffc9cea07aeca70e918b9d3edbd,M3,2022-08,5.56486481174535,871
0F8BEC1CA021112E4479C76765D12D8825800B18F0839FD1B932169EDCB3DC16,7682b58b1cb60d1f391db7b2b6ff65da9a5c0ffc9cea07aeca70e918b9d3edbd,M0,2023-08,5.56486481174535,872
92205BBA3F6F74DD20D73EFB8A2A9EAAC91124E774577669C64CD593EDFE2052,7682b58b1cb60d1f391db7b2b6ff65da9a5c0ffc9cea07aeca70e918b9d3edbd,M1,2023-08,5.56486481174535,873
218685B9D898DD6457870F7B27F5F68A3588FE7764C23FF5061BE2965395ED1B,7682b58b1cb60d1f391db7b2b6ff65da9a5c0ffc9cea07aeca70e918b9d3edbd,M2,2023-08,5.56486481174535,874
87FEDCCD13CDE3A8F49372E980BB6F72C2E9D19F511B2553978079D7D4ED5C09,7682b58b1cb60d1f391db7b2b6ff65da9a5c0ffc9cea07aeca70e918b9d3edbd,M3,2023-08,5.56486481174535,875
A96BFBC2B8715915F3D9C098DFB59CB1EE14B251C28F9A4919B7D2971E35FDB3,7682b58b1cb60d1f391db7b2b6ff65da9a5c0ffc9cea07aeca70e918b9d3edbd,M0,2024-08,5.56486481174535,876
50BF1318990F396486039E50B19E2DBEC68743053C8FD2F8AA06F4448AC63B28,7682b58b1cb60d1f391db7b2b6ff65da9a5c0ffc9cea07aeca70e918b9d3edbd,M1,2024-08,5.56486481174535,877
4D60609E8EB406C2381F75EA210808117D1A652C7C671C34A84A1F271C05FA6E,7682b58b1cb60d1f391db7b2b6ff65da9a5c0ffc9cea07aeca70e918b9d3edbd,M2,2024-08,5.56486481174535,878
54DCA6DDB391974F1FEA86E23B573AB0AF02FEC2044A761F83BFF5C39A9F6254,7682b58b1cb60d1f391db7b2b6ff65da9a5c0ffc9cea07aeca70e918b9d3edbd,M3,2024-08,5.56486481174535,879
F5FE11192845CF55477AD70386F850E698AF689D050FEF597CC53D847632B204,7bb64705482bf29872b03da0c9cea35b31c885fa105430d4c7c5f45a3187f449,M0,2021-08,25.61537548822821,880
30669B2C8ED27F82123AEAA6335184AF54B3D41B044207A59B761309AC7AA5DB,7bb64705482bf29872b03da0c9cea35b31c885fa105430d4c7c5f45a3187f449,M1,2021-08,25.61537548822821,881
CA16FCB7361438885672499097A35593E5CCC8B2F7BA1F118AAFFAC7CDD6D604,7bb64705482bf29872b03da0c9cea35b31c885fa105430d4c7c5f45a3187f449,M2,2021-08,25.61537548822821,882
F60BD868FDDBE5AF72A15335BC7D74B79298A00B91E5CA96078F079DC2A2AA4B,7bb64705482bf29872b03da0c9cea35b31c885fa105430d4c7c5f45a3187f449,M3,2021-08,25.61537548822821,883
DD24EA7118680B84C1D76BA4A219BAA9BF01B73DA287882407C02684CF3D092A,7bb64705482bf29872b03da0c9cea35b31c885fa105430d4c7c5f45a3187f449,M0,2022-02,25.61537548822821,884
7B7E194424F269FFD802BEF2E4AB38910059232BF1BAE1F038B9E7242FE0B521,7bb64705482bf29872b03da0c9cea35b31c885fa105430d4c7c5f45a3187f449,M1,2022-02,25.61537548822821,885
EF367CE87CEB975AEBF6026D57CB9EDE2AD4181778A6F370483A684D6CDC17CD,7bb64705482bf29872b03da0c9cea35b31c885fa105430d4c7c5f45a3187f449,M2,2022-02,25.61537548822821,886
B2F3D025739103052C29A532DDACDD09740EF33B9D4238EA1939CEA8C3A2003C,7bb64705482bf29872b03da0c9cea35b31c885fa105430d4c7c5f45a3187f449,M3,2022-02,25.61537548822821,887
39CE47B140BAAB47F23EB2F009F4E4E359E7FBB73B5EAE4DBC5EB0EBBA9D55B2,7bb64705482bf29872b03da0c9cea35b31c885fa105430d4c7c5f45a3187f449,M0,2022-08,25.61537548822821,888
EB7E50F6BC81D6CE778897EC0228287581C1382FA07CD61747CAD69051C361DF,7bb64705482bf29872b03da0c9cea35b31c885fa105430d4c7c5f45a3187f449,M1,2022-08,25.61537548822821,889
9979831BD8B04A56B929A6EB73A726CBF2A7B71E6393459AC5E16B33BC8DA298,7bb64705482bf29872b03da0c9cea35b31c885fa105430d4c7c5f45a3187f449,M2,2022-08,25.61537548822821,890
5DE3237EB1ABC903B5338CAA3E173468E0147A0731B6CBE3212013BB7276B254,7bb64705482bf29872b03da0c9cea35b31c885fa105430d4c7c5f45a3187f449,M3,2022-08,25.61537548822821,891
1F33F1EC4EBD374762BCF1149B02F7888A25346EE5FBB866913405022B5378E2,7bb64705482bf29872b03da0c9cea35b31c885fa105430d4c7c5f45a3187f449,M0,2023-08,25.61537548822821,892
D819E071237C6EDE97F56D2845232C827CFA224CF36928D35A727A24EF46511C,7bb64705482bf29872b03da0c9cea35b31c885fa105430d4c7c5f45a3187f449,M1,2023-08,25.61537548822821,893
04B8387AEE445A49AF70DA93A6E97579585DAE53C2FB9AA54A0422EB7F41064B,7bb64705482bf29872b03da0c9cea35b31c885fa105430d4c7c5f45a3187f449,M2,2023-08,25.61537548822821,894
7B0E6DF0F9E9E1DDBCAEC7A78B503402925766BFA65CECEA509D1CF3B10A7A1C,7bb64705482bf29872b03da0c9cea35b31c885fa105430d4c7c5f45a3187f449,M3,2023-08,25.61537548822821,895
11DEDDA63A8F3C181A0506496AC8A354398B808C8140F161A42497D1148E3FB2,7bb64705482bf29872b03da0c9cea35b31c885fa105430d4c7c5f45a3187f449,M0,2024-08,25.61537548822821,896
802B79C3D9D2068B8223ED35FD9A03293D1BE10865151B028AFE41B0FFD5E60C,7bb64705482bf29872b03da0c9cea35b31c885fa105430d4c7c5f45a3187f449,M1,2024-08,25.61537548822821,897
A9F0EA9A9477FB65D56EB93C854AC4753256A132873674B35029C42FCA6BCD21,7bb64705482bf29872b03da0c9cea35b31c885fa105430d4c7c5f45a3187f449,M2,2024-08,25.61537548822821,898
7CC77443C376D6E8F53F93CDDD0D484179CEFB52218634807BEBC55BF9B43181,7bb64705482bf29872b03da0c9cea35b31c885fa105430d4c7c5f45a3187f449,M3,2024-08,25.61537548822821,899
8DDADA002D749A609B39A79495E1BF74DB0D6196FF2190F7E8BA9E3092796200,7c037870a4c5aa1125b6ed28a2dbc53eb835365b607cdd1542c0d1ecc8022cd9,M0,2021-08,15.874151499888312,900
8232D7ECDB9FB7CA425F576A23E4CDD1DA383C95B64A4E5AB5176C1292D23338,7c037870a4c5aa1125b6ed28a2dbc53eb835365b607cdd1542c0d1ecc8022cd9,M1,2021-08,15.874151499888312,901
2555368F5A869D5EC77B19DEF9F75AFC78554AACEB99219E4DF08B0531259451,7c037870a4c5aa1125b6ed28a2dbc53eb835365b607cdd1542c0d1ecc8022cd9,M2,2021-08,15.874151499888312,902
D1F7421A102EE791CB4322101B4AF56155C239E9BBF707AA1F7B4F5AE57CA054,7c037870a4c5aa1125b6ed28a2dbc53eb835365b607cdd1542c0d1ecc8022cd9,M3,2021-08,15.874151499888312,903
E4FD67DB226DA7F3F3CA832EB2314FD1D7413A270AE7FCC2B905A981A5EFB942,7c037870a4c5aa1125b6ed28a2dbc53eb835365b607cdd1542c0d1ecc8022cd9,M0,2022-02,15.874151499888312,904
19A35556208C2ED787EE32DC1AD260BAE067FBCB6ADE8A6854314BECCB6DB569,7c037870a4c5aa1125b6ed28a2dbc53eb835365b607cdd1542c0d1ecc8022cd9,M1,2022-02,15.874151499888312,905
DB6133D600985E0D08B6A04E86D30DBDED71D26247D888A3C7C0D9B5D57CF5C7,7c037870a4c5aa1125b6ed28a2dbc53eb835365b607cdd1542c0d1ecc8022cd9,M2,2022-02,15.874151499888312,906
CF6C2F2CA06F50AC19F62A9F5219BB287E0E1F2E0D282FAE48A0D79D01D4DCDD,7c037870a4c5aa1125b6ed28a2dbc53eb835365b607cdd1542c0d1ecc8022cd9,M3,2022-02,15.874151499888312,907
D1E0854EC3938832C87577E240DDAE523345E6669BF5070D74EED03FD983A1C0,7c037870a4c5aa1125b6ed28a2dbc53eb835365b607cdd1542c0d1ecc8022cd9,M0,2022-08,15.874151499888312,908
0E8BB56D3084568E150C91838A069781A9B2358E976217D342DF1624FC754664,7c037870a4c5aa1125b6ed28a2dbc53eb835365b607cdd1542c0d1ecc8022cd9,M1,2022-08,15.874151499888312,909
B3DDD66093CAFD6678E24DA332967261A4C3F2144F46C97139E1712F3314D307,7c037870a4c5aa1125b6ed28a2dbc53eb835365b607cdd1542c0d1ecc8022cd9,M2,2022-08,15.874151499888312,910
93410F0CB5DEBEECB456ADEFC1D9A69FAF0F01D115B79CF5C5A8C79824ACE6A5,7c037870a4c5aa1125b6ed28a2dbc53eb835365b607cdd1542c0d1ecc8022cd9,M3,2022-08,15.874151499888312,911
D34D72FAD3BBF2428BABD1DE4F8058D93FACE64D60E71CF4D2D88B4BB2A8CA4A,7c037870a4c5aa1125b6ed28a2dbc53eb835365b607cdd1542c0d1ecc8022cd9,M0,2023-08,15.874151499888312,912
96CA4980B657D0C1184782B06CB21E7CC6251C3805E2D0B02C0E5052EDA95BD7,7c037870a4c5aa1125b6ed28a2dbc53eb835365b607cdd1542c0d1ecc8022cd9,M1,2023-08,15.874151499888312,913
592D5ABA6FAA6EFE07B96FBFBC414549D4D75CED07091DBA7A295BC7C70640B2,7c037870a4c5aa1125b6ed28a2dbc53eb835365b607cdd1542c0d1ecc8022cd9,M2,2023-08,15.874151499888312,914
6A3A9631B9F26C1BD14F2167CBA3B31FC311607266884AB5653F28D46A200DBB,7c037870a4c5aa1125b6ed28a2dbc53eb835365b607cdd1542c0d1ecc8022cd9,M3,2023-08,15.874151499888312,915
FCC1EA79F7963313B6CEAE2E5E10A74A03CF4FB1BC7B4E77DD2F3A4E2657A25E,7c037870a4c5aa1125b6ed28a2dbc53eb835365b607cdd1542c0d1ecc8022cd9,M0,2024-08,15.874151499888312,916
41A9F6644B2F246141B70F437414A5AB5C35300B9B313D4D482EC8EE1D4B8F8C,7c037870a4c5aa1125b6ed28a2dbc53eb835365b607cdd1542c0d1ecc8022cd9,M1,2024-08,15.874151499888312,917
C363C396122AF3DB593698E5C43EE2F5FC7B68B000671E498C29B0D431232B2F,7c037870a4c5aa1125b6ed28a2dbc53eb835365b607cdd1542c0d1ecc8022cd9,M2,2024-08,15.874151499888312,918
CC304BFAD84E79B469FBF3C3AEA49367E6E352A7C718573088375BBFA2140D7E,7c037870a4c5aa1125b6ed28a2dbc53eb835365b607cdd1542c0d1ecc8022cd9,M3,2024-08,15.874151499888312,919
9785A0B6A019C9CF9B8FEE055CA49372B617503EB49C532595369684E20A2B72,7c2bc62554f63a57ad6cc8aea542d5a140abea31b631b08941c78510fe451d71,M0,2021-08,36.16885811237804,920
CF63B462E659B43DEA0F67EA29383B88BB4BA8EE84080019AC939EBEDB63AAFD,7c2bc62554f63a57ad6cc8aea542d5a140abea31b631b08941c78510fe451d71,M1,2021-08,36.16885811237804,921
C1F7C2C188ACCAA4FAC73B1BA0F9BA81A0FFE2AA33598D3BA8904C2B583514C2,7c2bc62554f63a57ad6cc8aea542d5a140abea31b631b08941c78510fe451d71,M2,2021-08,36.16885811237804,922
DA6B60C8A0C13DC48789C5FD7404140E3F5DA75BCE9354482DD94B4E6D9070A9,7c2bc62554f63a57ad6cc8aea542d5a140abea31b631b08941c78510fe451d71,M3,2021-08,36.16885811237804,923
D7F6311C0F8859A7982DE01F609AB14EFD070810965BD3631F0B1D8D98B966AF,7c2bc62554f63a57ad6cc8aea542d5a140abea31b631b08941c78510fe451d71,M0,2022-02,36.16885811237804,924
0144A7CEA6683E8A16177BC990556DB510A34351788B9864B4F3CE907117BAAE,7c2bc62554f63a57ad6cc8aea542d5a140abea31b631b08941c78510fe451d71,M1,2022-02,36.16885811237804,925
B6B818776315B65AFA1103229232C4E7B1906E208ECE393AEAFE01414CAD0F0C,7c2bc62554f63a57ad6cc8aea542d5a140abea31b631b08941c78510fe451d71,M2,2022-02,36.16885811237804,926
39B923B6A95F38B0B237FDF5FD5A63DCBC13979FEAED7A801D9A259978C67D36,7c2bc62554f63a57ad6cc8aea542d5a140abea31b631b08941c78510fe451d71,M3,2022-02,36.16885811237804,927
86D8D742C0E61837C235482FC65BBC4E16BBB991768A1CF7958229D4F4B11EE8,7c2bc62554f63a57ad6cc8aea542d5a140abea31b631b08941c78510fe451d71,M0,2022-08,36.16885811237804,928
823919AB9EBCF1D3266A1BDCFD2E549025B2DBD12E4A25006B8C85E81FED180A,7c2bc62554f63a57ad6cc8aea542d5a140abea31b631b08941c78510fe451d71,M1,2022-08,36.16885811237804,929
866B56CAA69737CCABA5A65FC3055A3EBA3BFA150C76C7E0DAAA3E821996F936,7c2bc62554f63a57ad6cc8aea542d5a140abea31b631b08941c78510fe451d71,M2,2022-08,36.16885811237804,930
E7E06597A6EC9B91FDEC4ADF1425B90D05A63DC8A34A77976BE5497D6B845F7B,7c2bc62554f63a57ad6cc8aea542d5a140abea31b631b08941c78510fe451d71,M3,2022-08,36.16885811237804,931
99AB83F1A5D9924218BF0E42D7739906BDA42CFE78B634C60E335BA74EE2976D,7c2bc62554f63a57ad6cc8aea542d5a140abea31b631b08941c78510fe451d71,M0,2023-08,36.16885811237804,932
3296F17BBB5C0BD73EFDC127B0DF8CB67669BC05B98C32855FE2794F96189F03,7c2bc62554f63a57ad6cc8aea542d5a140abea31b631b08941c78510fe451d71,M1,2023-08,36.16885811237804,933
7D577F5087FB62E9BF2C3D24BF7A9E0FCA90AA43E9599CE40E9FD42BA79B33D2,7c2bc62554f63a57ad6cc8aea542d5a140abea31b631b08941c78510fe451d71,M2,2023-08,36.16885811237804,934
884B92AB61E88ECD58F05218A1CFC352C365B15DDFE8FD32EE68F4697DF93A6C,7c2bc62554f63a57ad6cc8aea542d5a140abea31b631b08941c78510fe451d71,M3,2023-08,36.16885811237804,935
7C5BB68B129A0A232C2621FF0F47DF36AF43273BF38150DEE8F98AE5A0F0940F,7c2bc62554f63a57ad6cc8aea542d5a140abea31b631b08941c78510fe451d71,M0,2024-08,36.16885811237804,936
F08976C136FBEF9F67F38E9EFFEC08FC0621E6A4D8C0E6ACD6AC2D54CD71C83D,7c2bc62554f63a57ad6cc8aea542d5a140abea31b631b08941c78510fe451d71,M1,2024-08,36.16885811237804,937
9FC093AAD69A65CEF6FCB88A4B23F88758773C23B7213E953BC78FDA57BE69C4,7c2bc62554f63a57ad6cc8aea542d5a140abea31b631b08941c78510fe451d71,M2,2024-08,36.16885811237804,938
7667E21E1A57AB9F8788F0C6528622F8FD7DF3F6A87B28242F707A98E773241E,7c2bc62554f63a57ad6cc8aea542d5a140abea31b631b08941c78510fe451d71,M3,2024-08,36.16885811237804,939
4E32A35AA88E2584BBFF25D1F95081F50061D3EEF08B5AA91E7975DAC7DF9B98,7c38fae79bc42b45292a59fc53130e302de693dd327bcf10de2a9ec0674ddcfe,M0,2021-08,31.178305845929145,940
22322ACEA6DABD87E30F606227C19DAED2E15AF32CC69EEAE19E6F5A6DAFA770,7c38fae79bc42b45292a59fc53130e302de693dd327bcf10de2a9ec0674ddcfe,M1,2021-08,31.178305845929145,941
0D3BA48A310010C1E9FED032E4009EC169D6FE05D96622AF48958999A1A60D66,7c38fae79bc42b45292a59fc53130e302de693dd327bcf10de2a9ec0674ddcfe,M2,2021-08,31.178305845929145,942
BE38601518E2943D9E340543475D32A596F0F965F0A52892350E4E1ECD4FE81E,7c38fae79bc42b45292a59fc53130e302de693dd327bcf10de2a9ec0674ddcfe,M3,2021-08,31.178305845929145,943
D8090E37E2FC3BD1DC586FE430260A650EBA18CBD1FBA6CC18BC7B856FD9C32E,7c38fae79bc42b45292a59fc53130e302de693dd327bcf10de2a9ec0674ddcfe,M0,2022-02,31.178305845929145,944
D03F41FEB07EABA5F3FA76AD3277EC930D155A54AF62D8F1F24E67632D4038E1,7c38fae79bc42b45292a59fc53130e302de693dd327bcf10de2a9ec0674ddcfe,M1,2022-02,31.178305845929145,945
C9A58B8E52573FACE119E45F49D84347B3C653DE3FDC9C120FBFFAA0A4A32EF5,7c38fae79bc42b45292a59fc53130e302de693dd327bcf10de2a9ec0674ddcfe,M2,2022-02,31.178305845929145,946
15EC61BFDA26535ED3BA6A945836060975F0BBE5D7CBF418085412D5F90A5422,7c38fae79bc42b45292a59fc53130e302de693dd327bcf10de2a9ec0674ddcfe,M3,2022-02,31.178305845929145,947
07EAB6DA6DB2F1F5B12A38B8A7E0E400A553112D41A3A921C6BCAD27C62DB9AC,7c38fae79bc42b45292a59fc53130e302de693dd327bcf10de2a9ec0674ddcfe,M0,2022-08,31.178305845929145,948
AD87F0CE5816856DE3F17E201711BF3AE2296AC8C0E73251048E9BAF8A7CA628,7c38fae79bc42b45292a59fc53130e302de693dd327bcf10de2a9ec0674ddcfe,M1,2022-08,31.178305845929145,949
1B0E2A66CBDA961A352AF86119670DD3F927F7AF09D4C716DFC251E6A0F92B2F,7c38fae79bc42b45292a59fc53130e302de693dd327bcf10de2a9ec0674ddcfe,M2,2022-08,31.178305845929145,950
168149F0AB308EE0C94CE81BECD7C1A82437E0EF5F2A8A3A311A84799CBD2A12,7c38fae79bc42b45292a59fc53130e302de693dd327bcf10de2a9ec0674ddcfe,M3,2022-08,31.178305845929145,951
D0C8C4DE6921384245F99E3C1F989A294C57D5AD914B0AAE87D5AEC8BE8FF086,7c38fae79bc42b45292a59fc53130e302de693dd327bcf10de2a9ec0674ddcfe,M0,2023-08,31.178305845929145,952
4AB17F04CFDB4AE38031DD0ADFBB76EB6A00D0D7DA22C4F57A37B24C4E2C05F5,7c38fae79bc42b45292a59fc53130e302de693dd327bcf10de2a9ec0674ddcfe,M1,2023-08,31.178305845929145,953
FFC945D3AED923F24721B5510A32021E23CB8EF91CB32DC7BDE81566CD978104,7c38fae79bc42b45292a59fc53130e302de693dd327bcf10de2a9ec0674ddcfe,M2,2023-08,31.178305845929145,954
39399D88BB74C6A5007F4499B779B28F2B6854A15411BB92792D68D604DAA335,7c38fae79bc42b45292a59fc53130e302de693dd327bcf10de2a9ec0674ddcfe,M3,2023-08,31.178305845929145,955
005B7184FA22933F25277EC6CD203CAC7D9253B42B314964BE637DD97E92CBEE,7c38fae79bc42b45292a59fc53130e302de693dd327bcf10de2a9ec0674ddcfe,M0,2024-08,31.178305845929145,956
E8C67B417AB9586F2EE0103E17DC77540A1AA4161E531175247E37129F6323FC,7c38fae79bc42b45292a59fc53130e302de693dd327bcf10de2a9ec0674ddcfe,M1,2024-08,31.178305845929145,957
B3667D110B0A127F12383A64501D9C693FB1C8392FEA3E5C058B9D49601AE1A4,7c38fae79bc42b45292a59fc53130e302de693dd327bcf10de2a9ec0674ddcfe,M2,2024-08,31.178305845929145,958
C836CEBE49D53F7582CC4A8DA9668C4F27C616ED0F271F866A8B258A69F13336,7c38fae79bc42b45292a59fc53130e302de693dd327bcf10de2a9ec0674ddcfe,M3,2024-08,31.178305845929145,959
6E6CCCE1488361D8355FA75EFC1F414459B6B5F67BEA01B283A3DA5D14D8DF54,7c9df94686fe3dac0c8700a8b088e1a51fdbce466fd27abc86fec13673cf4ed7,M0,2021-08,76.59803106998922,960
AFB11E5B46E661B3A301610C88ADB6F46D4E2457107CA0D48519815BF75A69B9,7c9df94686fe3dac0c8700a8b088e1a51fdbce466fd27abc86fec13673cf4ed7,M1,2021-08,76.59803106998922,961
DDCB076D570C9C0F76D8320C6EDA43B4E436DADD7CDADEA82330666E1A454457,7c9df94686fe3dac0c8700a8b088e1a51fdbce466fd27abc86fec13673cf4ed7,M2,2021-08,76.59803106998922,962
9827230A769E81B6E41F325CEDDDF55E44AD78CE9C1A4FC197C8140AA0DDDBEA,7c9df94686fe3dac0c8700a8b088e1a51fdbce466fd27abc86fec13673cf4ed7,M3,2021-08,76.59803106998922,963
EC536CFEEE87B108C1F69856A05377342C173ADD012A3648892AFDFCF5D09219,7c9df94686fe3dac0c8700a8b088e1a51fdbce466fd27abc86fec13673cf4ed7,M0,2022-02,76.59803106998922,964
6D786D99DD0473D2E9DEFEB4644A6C8E979D55FBEFFF74CF17F473A1D7279096,7c9df94686fe3dac0c8700a8b088e1a51fdbce466fd27abc86fec13673cf4ed7,M1,2022-02,76.59803106998922,965
A9D31B41AB109E069DA784F7F676E49D057E3CCDD8D5492ADCED5874013B7676,7c9df94686fe3dac0c8700a8b088e1a51fdbce466fd27abc86fec13673cf4ed7,M2,2022-02,76.59803106998922,966
9574C9B68AF09CA66D89651AAECF998949D8DD3E2B49BBA140FA715FFFBC36C0,7c9df94686fe3dac0c8700a8b088e1a51fdbce466fd27abc86fec13673cf4ed7,M3,2022-02,76.59803106998922,967
E8296BE893262BA3CC6C239A520C4024D98151F4AD2A8A65A0C4D0005D6D29F8,7c9df94686fe3dac0c8700a8b088e1a51fdbce466fd27abc86fec13673cf4ed7,M0,2022-08,76.59803106998922,968
E8F4265ACA0C19CBC665FCDD0CB9E106758F2EBEA8DA2B9088B795B72AE4D8EC,7c9df94686fe3dac0c8700a8b088e1a51fdbce466fd27abc86fec13673cf4ed7,M1,2022-08,76.59803106998922,969
3A6D9EC9E3607EEA05C8C90A3A633B5AE0D35B7BE6BC3C58C3676DC4D14C6121,7c9df94686fe3dac0c8700a8b088e1a51fdbce466fd27abc86fec13673cf4ed7,M2,2022-08,76.59803106998922,970
A3F41B79D20319ADC02A649D98F47F718D55608550E664339608849169661DE5,7c9df94686fe3dac0c8700a8b088e1a51fdbce466fd27abc86fec13673cf4ed7,M3,2022-08,76.59803106998922,971
EAD4015DD7ACAB33D2F1BFB32A234044514637BC9983D471C722A066BF1CD702,7c9df94686fe3dac0c8700a8b088e1a51fdbce466fd27abc86fec13673cf4ed7,M0,2023-08,76.59803106998922,972
00A840423A8142B1CE96F50F876D76CB8C787DBF2CCFA529E066E441DE925940,7c9df94686fe3dac0c8700a8b088e1a51fdbce466fd27abc86fec13673cf4ed7,M1,2023-08,76.59803106998922,973
75194DC67C7C30892237C08A3F304FDCCCEAEC3196D5D05CA9DFEF41EF0F03C1,7c9df94686fe3dac0c8700a8b088e1a51fdbce466fd27abc86fec13673cf4ed7,M2,2023-08,76.59803106998922,974
02C599724694242C6D2027A87B927C6367D9C15B8EE92AA1A535C60A3B196C79,7c9df94686fe3dac0c8700a8b088e1a51fdbce466fd27abc86fec13673cf4ed7,M3,2023-08,76.59803106998922,975
8544B1E79150867641F9239D1035790FB6CF9B89CD7E32C1D88130F8CFDB951B,7c9df94686fe3dac0c8700a8b088e1a51fdbce466fd27abc86fec13673cf4ed7,M0,2024-08,76.59803106998922,976
9C50D32F5789DB6BAE899FCD8043E07CFC446FF5F908DE35077A1B0DE478EBF8,7c9df94686fe3dac0c8700a8b088e1a51fdbce466fd27abc86fec13673cf4ed7,M1,2024-08,76.59803106998922,977
5BEDC25E43A4840429CCF90D0E44236B0ECAB1897FF680F6ED4EB141DE306DAB,7c9df94686fe3dac0c8700a8b088e1a51fdbce466fd27abc86fec13673cf4ed7,M2,2024-08,76.59803106998922,978
2B2389F7C7C1759B2FA6811441AE4615169BDA022C43AC139BC1FB3B3C35A9A7,7c9df94686fe3dac0c8700a8b088e1a51fdbce466fd27abc86fec13673cf4ed7,M3,2024-08,76.59803106998922,979
D9FBC7CCFE512025E6F2933E19E8BA8CD2AAB4D21015C8D72F2AF6D7C73AD978,8115ae73726fef647a7657d0f5a12d2e538bf3d973fc156bc34f926022b71e1f,M0,2021-08,3.3149675738666966,980
3951C7EAE420CF092FEBE6675EDFBF4168565A647A572F4205E9537A9F11C25B,8115ae73726fef647a7657d0f5a12d2e538bf3d973fc156bc34f926022b71e1f,M1,2021-08,3.3149675738666966,981
54CD0BDA601A3792BEB54D30B6BC6D3C963F2EBABE256D1420FE0B51E5ABF0E2,8115ae73726fef647a7657d0f5a12d2e538bf3d973fc156bc34f926022b71e1f,M2,2021-08,3.3149675738666966,982
B34566D2A2B65FCBEC57B583CF60ACD9C7A6EAB7F3F5BEA04D008D11BB1AD55E,8115ae73726fef647a7657d0f5a12d2e538bf3d973fc156bc34f926022b71e1f,M3,2021-08,3.3149675738666966,983
72CE810B8F8E8E9D6DD601B8AFECD21258B7E8B7BCBAE47CA3352D517783A1F0,8115ae73726fef647a7657d0f5a12d2e538bf3d973fc156bc34f926022b71e1f,M0,2022-02,3.3149675738666966,984
A627602A96F9D767127E11A442DD2565CDF5DEE6BF8C1779F80D3E2EF12AF199,8115ae73726fef647a7657d0f5a12d2e538bf3d973fc156bc34f926022b71e1f,M1,2022-02,3.3149675738666966,985
6C67F883A232E5283DD937EE1908FEAAA3EA95828F201D53B894AEAC8CD9FF20,8115ae73726fef647a7657d0f5a12d2e538bf3d973fc156bc34f926022b71e1f,M2,2022-02,3.3149675738666966,986
CC5F93655A57843F58B2819AFD64BA6F21BF1392F6A2E607ABD2BF0CD846ECCB,8115ae73726fef647a7657d0f5a12d2e538bf3d973fc156bc34f926022b71e1f,M3,2022-02,3.3149675738666966,987
1AC71406C672D1B1D4C7A7426BAA37C7FDA1D26B00037ACC28CB1F2125145B44,8115ae73726fef647a7657d0f5a12d2e538bf3d973fc156bc34f926022b71e1f,M0,2022-08,3.3149675738666966,988
D08ACFA2F173A076DCAC030FDA6E886D8439339930F441D1BC2E8C3A729EC5AB,8115ae73726fef647a7657d0f5a12d2e538bf3d973fc156bc34f926022b71e1f,M1,2022-08,3.3149675738666966,989
0D984AA6C5958ADC4E1D117222F15DD9C7AB1A1AFB3DA7ABBFBCBF77CB4B4E87,8115ae73726fef647a7657d0f5a12d2e538bf3d973fc156bc34f926022b71e1f,M2,2022-08,3.3149675738666966,990
9302E3D4A93DBE9C7A2CD6C67CAA9A4CFD3E3EE50162A0E48FA2637C6090231E,8115ae73726fef647a7657d0f5a12d2e538bf3d973fc156bc34f926022b71e1f,M3,2022-08,3.3149675738666966,991
1629B540C283411DD48974A382CC1CFA724D7977EC870A5C946BB8D92EC41CE6,8115ae73726fef647a7657d0f5a12d2e538bf3d973fc156bc34f926022b71e1f,M0,2023-08,3.3149675738666966,992
DF54F29436778A9FD86334414915B1019BA6B507CCB796F864AF1EEFF78DC209,8115ae73726fef647a7657d0f5a12d2e538bf3d973fc156bc34f926022b71e1f,M1,2023-08,3.3149675738666966,993
B9ECBFBFFC5D9C1CEBD604FEEE74FEAAF07410BF5AC3C388B34AADEBE1A18849,8115ae73726fef647a7657d0f5a12d2e538bf3d973fc156bc34f926022b71e1f,M2,2023-08,3.3149675738666966,994
0A09A8A2034699F8ABF1EAB1CAD75FBABE1E58FA02BD9E56901BB58247E23E70,8115ae73726fef647a7657d0f5a12d2e538bf3d973fc156bc34f926022b71e1f,M3,2023-08,3.3149675738666966,995
1FC7CEE8BA83DF14442CF802537C1F7537ED770D70CCB11CDC8146EF55838F91,8115ae73726fef647a7657d0f5a12d2e538bf3d973fc156bc34f926022b71e1f,M0,2024-08,3.3149675738666966,996
34171FA2482FCC33FBF3C3287DA5BB584DFE474451997AFECBDA382D9D531886,8115ae73726fef647a7657d0f5a12d2e538bf3d973fc156bc34f926022b71e1f,M1,2024-08,3.3149675738666966,997
25EC9B06A0DB8530200439075B396078F79256CC0394E1D9BF43DFAADC04539A,8115ae73726fef647a7657d0f5a12d2e538bf3d973fc156bc34f926022b71e1f,M2,2024-08,3.3149675738666966,998
4489BDC4827176542ED16345BCB3DA42F9A1AADF6FD0D4A6B7AE33DA9169CCF7,8115ae73726fef647a7657d0f5a12d2e538bf3d973fc156bc34f926022b71e1f,M3,2024-08,3.3149675738666966,999
7D708D4EA7F302535425D3F664373D12137BCD442E2636C05EDDC60177A26E73,823277af1abe5a74465e73f3216e038e8d376897a2b3c7b16acb95d6a4e6da5b,M0,2021-08,23.05136461833007,1000
5D169F68C6DC997C0F3EC86804C6AD2BAF327943C3A2ADEB5BA2F3915C248112,823277af1abe5a74465e73f3216e038e8d376897a2b3c7b16acb95d6a4e6da5b,M1,2021-08,23.05136461833007,1001
4F467BBFF1A8E9F04278057BA09CC4F030E03183937D03529AB576EE00CEA61E,823277af1abe5a74465e73f3216e038e8d376897a2b3c7b16acb95d6a4e6da5b,M2,2021-08,23.05136461833007,1002
6E99F83F2D984175699EDAC075C987917A97B43BE08C5CE54170CA0420290B9A,823277af1abe5a74465e73f3216e038e8d376897a2b3c7b16acb95d6a4e6da5b,M3,2021-08,23.05136461833007,1003
90231D26EF55F4741B8521A092D0C60EA2B9F2BF54317186940BC630165C7E48,823277af1abe5a74465e73f3216e038e8d376897a2b3c7b16acb95d6a4e6da5b,M0,2022-02,23.05136461833007,1004
5FC873BDBEF94267FBECF056AAA69E69E8C5601E00BDEDCCA28D56B3857153B3,823277af1abe5a74465e73f3216e038e8d376897a2b3c7b16acb95d6a4e6da5b,M1,2022-02,23.05136461833007,1005
C6016AAFE331BE5B6BE4B0546B8B138B5D36A9F482E7F41A4BABB07E038C2D95,823277af1abe5a74465e73f3216e038e8d376897a2b3c7b16acb95d6a4e6da5b,M2,2022-02,23.05136461833007,1006
38AB3514F441939001D9F4215B901B85FAB1F1AC52BEC539C762FBD76BF7C7FC,823277af1abe5a74465e73f3216e038e8d376897a2b3c7b16acb95d6a4e6da5b,M3,2022-02,23.05136461833007,1007
B9C3AF40EACDC87A03D7AF5F397A3FEE7E5ACBFC3B1C9540BB63F22BF76FD0C4,823277af1abe5a74465e73f3216e038e8d376897a2b3c7b16acb95d6a4e6da5b,M0,2022-08,23.05136461833007,1008
90E496E39F164DA7EFCF79C6A2DAD56B814EB43D45047756039D34F8D7B5F14D,823277af1abe5a74465e73f3216e038e8d376897a2b3c7b16acb95d6a4e6da5b,M1,2022-08,23.05136461833007,1009
90AE10ACAE2BB31754E4E559F8552B40031F61AB362B6ABB21FDF6F4ACFAE85E,823277af1abe5a74465e73f3216e038e8d376897a2b3c7b16acb95d6a4e6da5b,M2,2022-08,23.05136461833007,1010
C49C88D98B6EFE20CD79823E4F2657623BA839A966A646781198929855230F5F,823277af1abe5a74465e73f3216e038e8d376897a2b3c7b16acb95d6a4e6da5b,M3,2022-08,23.05136461833007,1011
E48FF3CA270E7F6C8813240D17ADDB7F7FD95FE82D24FA2082E7C860856D3E45,823277af1abe5a74465e73f3216e038e8d376897a2b3c7b16acb95d6a4e6da5b,M0,2023-08,23.05136461833007,1012
9624005A15C1D3D5104147C4A04B71DD1DB7164298D37762B80E15C2FF283649,823277af1abe5a74465e73f3216e038e8d376897a2b3c7b16acb95d6a4e6da5b,M1,2023-08,23.05136461833007,1013
01F634AEC581935DFDF9E72C57B03E4B6A8FFF03294B17C95AD58CE152BAC0CC,823277af1abe5a74465e73f3216e038e8d376897a2b3c7b16acb95d6a4e6da5b,M2,2023-08,23.05136461833007,1014
62E04A65844661E788F431563AB8C3A12CB298EA55E881A4F45C16B796A6CD6D,823277af1abe5a74465e73f3216e038e8d376897a2b3c7b16acb95d6a4e6da5b,M3,2023-08,23.05136461833007,1015
5ECF564632281188489235E87B68255658BCFB523785FABA1D297ADD66769FAC,823277af1abe5a74465e73f3216e038e8d376897a2b3c7b16acb95d6a4e6da5b,M0,2024-08,23.05136461833007,1016
26812DFE1016B3DDC6BEA6615B1AC46B893A6AF7145CBCE25BBE65942A10E5EB,823277af1abe5a74465e73f3216e038e8d376897a2b3c7b16acb95d6a4e6da5b,M1,2024-08,23.05136461833007,1017
A89BDBE82973301396179903017A55838F148EB7CFCF480B19E880ABD91518D3,823277af1abe5a74465e73f3216e038e8d376897a2b3c7b16acb95d6a4e6da5b,M2,2024-08,23.05136461833007,1018
3288225A2A841CB0C7489764B7C7F3D68F2DBC05706B2CFD8A6B1DF304099156,823277af1abe5a74465e73f3216e038e8d376897a2b3c7b16acb95d6a4e6da5b,M3,2024-08,23.05136461833007,1019
39924B2740384355C2C69C2FA36A020A5FCD6B3C9C5CDE05E8F0CEF728561554,83eda24bab24632717a105541cb058a86381e15493c57f276e4a70ae7e405702,M0,2021-08,12.105127077077372,1020
F5692A35E4228264807FCFAE8F977ED633FB7DEB10FE685BE04C31141CE675B4,83eda24bab24632717a105541cb058a86381e15493c57f276e4a70ae7e405702,M1,2021-08,12.105127077077372,1021
6E63637FAF935D689AE36453226A4F07F0F5BC5727AA02F80E976A51F4ECC095,83eda24bab24632717a105541cb058a86381e15493c57f276e4a70ae7e405702,M2,2021-08,12.105127077077372,1022
72D82963ECD3BD7346BEF59AA4D372CB4C9694BAC0B6D52863CDCA279CEEE9AA,83eda24bab24632717a105541cb058a86381e15493c57f276e4a70ae7e405702,M3,2021-08,12.105127077077372,1023
41993733F169A807DC1DF6881A8AD25A4BC58735B8F600DA79A1190AC39A19B4,83eda24bab24632717a105541cb058a86381e15493c57f276e4a70ae7e405702,M0,2022-02,12.105127077077372,1024
A5D2E0EDBBE82518A20E9C6A39B19C7F641A802473B1C5FE7F40BF498CD58887,83eda24bab24632717a105541cb058a86381e15493c57f276e4a70ae7e405702,M1,2022-02,12.105127077077372,1025
B1E840A4E9B6CFA127D6749623F2258DB0578DC09B891017A8AFE5B5C64F59C2,83eda24bab24632717a105541cb058a86381e15493c57f276e4a70ae7e405702,M2,2022-02,12.105127077077372,1026
029278E67B118DF772AE57E61E1E336E09E2CA63A5F0870D2AC17E5B5B388374,83eda24bab24632717a105541cb058a86381e15493c57f276e4a70ae7e405702,M3,2022-02,12.105127077077372,1027
82B3CE389B6DEBB10E8375960D8C54BC8573C0C5717FBAFD889F47C12E56E102,83eda24bab24632717a105541cb058a86381e15493c57f276e4a70ae7e405702,M0,2022-08,12.105127077077372,1028
4AA038FC8BA33A1E76FD0AF1D0B308B3FB4C52BC69DB7D1ACDD0CCECB239CBA4,83eda24bab24632717a105541cb058a86381e15493c57f276e4a70ae7e405702,M1,2022-08,12.105127077077372,1029
7464BAB722FC593146768A06DF3CFC7ABA94E04B316A90D5C80C288BFAC678AE,83eda24bab24632717a105541cb058a86381e15493c57f276e4a70ae7e405702,M2,2022-08,12.105127077077372,1030
1D95009EB662226C05DC1579220A8B018C2C955EEAB159966B2FFB008F3BB992,83eda24bab24632717a105541cb058a86381e15493c57f276e4a70ae7e405702,M3,2022-08,12.105127077077372,1031
B28960AD926350DB36D1C78F73C471FA95752D344C432B8F97E2F819B82229B9,83eda24bab24632717a105541cb058a86381e15493c57f276e4a70ae7e405702,M0,2023-08,12.105127077077372,1032
B09BCAEADAFF27BC0B55CB3806E4E6D0251D859135A483FC9C54CC28C9484C7A,83eda24bab24632717a105541cb058a86381e15493c57f276e4a70ae7e405702,M1,2023-08,12.105127077077372,1033
01D0E046D6D09B1552D550588D063F3E9365768AE991312CEF4CDB2D17F6E403,83eda24bab24632717a105541cb058a86381e15493c57f276e4a70ae7e405702,M2,2023-08,12.105127077077372,1034
D7DFC25602399E40F9F5FFD18A8C80269D9480F2849E2C9E2BCB55C5402595A8,83eda24bab24632717a105541cb058a86381e15493c57f276e4a70ae7e405702,M3,2023-08,12.105127077077372,1035
8811D873DE2692343FA1670480C8A717216377CF90F92ED2EC9DE44D2FF07924,83eda24bab24632717a105541cb058a86381e15493c57f276e4a70ae7e405702,M0,2024-08,12.105127077077372,1036
FE69D98E640185D56AA4DBF9A05DDF8FBD5797BAE01B26AAB8A03AABF42FEE00,83eda24bab24632717a105541cb058a86381e15493c57f276e4a70ae7e405702,M1,2024-08,12.105127077077372,1037
612883258A1B4D1E039FDC99C3769AE655E059472E3E97B6C5C3C29A99BB2032,83eda24bab24632717a105541cb058a86381e15493c57f276e4a70ae7e405702,M2,2024-08,12.105127077077372,1038
6BA3B7F79840B09ED8ECBA791F223E2330B8D6D1137A892D59BB9F90AD55DE60,83eda24bab24632717a105541cb058a86381e15493c57f276e4a70ae7e405702,M3,2024-08,12.105127077077372,1039
2B8F13E01607EA22826B378884AB47A6672477E4C69F20780EA7C62F49FBE3C8,86c28c04af26bd1dc22fc20087fefc07456b70787d496734a6c63953fec73739,M0,2021-08,6.802443159714893,1040
643450C1FE488A4ABC73C6CE6EB878DBB1513AC00CF3DF13874DF585CCD8A6B5,86c28c04af26bd1dc22fc20087fefc07456b70787d496734a6c63953fec73739,M1,2021-08,6.802443159714893,1041
47F7D550CDC8DC1DD1EBFE00C799C33ACDE547453FBF556A09134CEBD2AD46D9,86c28c04af26bd1dc22fc20087fefc07456b70787d496734a6c63953fec73739,M2,2021-08,6.802443159714893,1042
73B013E34EC5D64E2FC922B0F3D3FF51A59CCFCB602A67C4DA6DD76AA09F2217,86c28c04af26bd1dc22fc20087fefc07456b70787d496734a6c63953fec73739,M3,2021-08,6.802443159714893,1043
14055165E00E7DADA19002E8A57929E68F5DA30211CD07B7A7C9014E9489E37C,86c28c04af26bd1dc22fc20087fefc07456b70787d496734a6c63953fec73739,M0,2022-02,6.802443159714893,1044
A19106A118E46FBC9A4346DFE84268AC0D4E01798139E789F6AAC61180836904,86c28c04af26bd1dc22fc20087fefc07456b70787d496734a6c63953fec73739,M1,2022-02,6.802443159714893,1045
040020BC12F2458011B985D72501271A4752FB316B13EBCFB841E49239DEB83A,86c28c04af26bd1dc22fc20087fefc07456b70787d496734a6c63953fec73739,M2,2022-02,6.802443159714893,1046
97C3EE1223C68DA25A2DF897F4A078CF11046A8E8C1A166967056D6C2DCEC836,86c28c04af26bd1dc22fc20087fefc07456b70787d496734a6c63953fec73739,M3,2022-02,6.802443159714893,1047
FBBEE7CE96AEFA32AB0BA371EA45DEA5F6BC0B85F4D46493DF1C44CBF1B9F116,86c28c04af26bd1dc22fc20087fefc07456b70787d496734a6c63953fec73739,M0,2022-08,6.802443159714893,1048
833F2698C356D04CD09593C36E970B0E73DFCB517300CA06D438E1876FB3392A,86c28c04af26bd1dc22fc20087fefc07456b70787d496734a6c63953fec73739,M1,2022-08,6.802443159714893,1049
C0D3B3AB6D54DFA192A0B608DFD711AEC1D0E3706DB8FB1990F09F1807D21E96,86c28c04af26bd1dc22fc20087fefc07456b70787d496734a6c63953fec73739,M2,2022-08,6.802443159714893,1050
A33372CF10B719D034780BD676CC44B732A39E476FF81B3C7E5BAF6BEA3266E2,86c28c04af26bd1dc22fc20087fefc07456b70787d496734a6c63953fec73739,M3,2022-08,6.802443159714893,1051
DF06A95E035DD0041F9133BBD56832A8C68809CD6E6B31D5923F1FE186800026,86c28c04af26bd1dc22fc20087fefc07456b70787d496734a6c63953fec73739,M0,2023-08,6.802443159714893,1052
62C3A385401B4C582478114E585C8A9B8D2823D181FEBCB3BEE54F424B68871B,86c28c04af26bd1dc22fc20087fefc07456b70787d496734a6c63953fec73739,M1,2023-08,6.802443159714893,1053
B23111087E9E92B35DF155644A4E52958E24A2A951398D5FD09B26262D73874F,86c28c04af26bd1dc22fc20087fefc07456b70787d496734a6c63953fec73739,M2,2023-08,6.802443159714893,1054
C0A501999820C3950091784A72977D5C3B23C628996351E85C2970B61C86FE37,86c28c04af26bd1dc22fc20087fefc07456b70787d496734a6c63953fec73739,M3,2023-08,6.802443159714893,1055
B20D84DDC98A1C866AF6B728A86D75C16CC836BB4D25CFDF736BB9FC11127E9D,86c28c04af26bd1dc22fc20087fefc07456b70787d496734a6c63953fec73739,M0,2024-08,6.802443159714893,1056
D268B6DE109072313A5CA4B27860604FFBD658AE8DDB0607D2FB991769049004,86c28c04af26bd1dc22fc20087fefc07456b70787d496734a6c63953fec73739,M1,2024-08,6.802443159714893,1057
6AF8D6E17110FF608A21C73094AD01CD22B5516A0B345EA41BB5063D453B5736,86c28c04af26bd1dc22fc20087fefc07456b70787d496734a6c63953fec73739,M2,2024-08,6.802443159714893,1058
6A87B5CC691ECC1DA0CC85171F4ACFD13F70BF1A8D828A0D8F74C04B99B81147,86c28c04af26bd1dc22fc20087fefc07456b70787d496734a6c63953fec73739,M3,2024-08,6.802443159714893,1059
DB9DA12D422D6D6728A55166C729F3F3089D6741236412B9949E813F708EADA5,8b2925b08af88f8dd66299145d55efe9f46ecdec8098519b329d8ffbad5a01a0,M0,2021-08,42.284728897354526,1060
943E73C1A39CCE8F88D6078FBB41BAF24D59283F01F428A1B051E1619698D2F9,8b2925b08af88f8dd66299145d55efe9f46ecdec8098519b329d8ffbad5a01a0,M1,2021-08,42.284728897354526,1061
002DE8F4D9745FC5B4DB2369AA252B6F7328927D55823D79EB42EFBDB8041704,8b2925b08af88f8dd66299145d55efe9f46ecdec8098519b329d8ffbad5a01a0,M2,2021-08,42.284728897354526,1062
D4313B3C1502A9282D43C15BCF7CFB397DCFECAAEB1152C3FC2E1AB6123C404D,8b2925b08af88f8dd66299145d55efe9f46ecdec8098519b329d8ffbad5a01a0,M3,2021-08,42.284728897354526,1063
E23F425E770A59D8841029F8121E244648D4F76B295F93A38E164EBDC4FD8BFB,8b2925b08af88f8dd66299145d55efe9f46ecdec8098519b329d8ffbad5a01a0,M0,2022-02,42.284728897354526,1064
5D3B54CFE4F62C115B238EFC71089A310D28AACE99F2E216B2E40BB90E173178,8b2925b08af88f8dd66299145d55efe9f46ecdec8098519b329d8ffbad5a01a0,M1,2022-02,42.284728897354526,1065
43A0CC3B4E462033897A993924A9A3C1B6B2C5156CBAF121EBC5249B1A6F032D,8b2925b08af88f8dd66299145d55efe9f46ecdec8098519b329d8ffbad5a01a0,M2,2022-02,42.284728897354526,1066
63898EC94DA9BD6E5B42BC73BC76240C0FA7D674DEC682B828B2F31BC27AFEF2,8b2925b08af88f8dd66299145d55efe9f46ecdec8098519b329d8ffbad5a01a0,M3,2022-02,42.284728897354526,1067
A4F910D11969C4F6B01961CCDBC7AE7D27E8F90CD113FD2C5B3E3908942FE66A,8b2925b08af88f8dd66299145d55efe9f46ecdec8098519b329d8ffbad5a01a0,M0,2022-08,42.284728897354526,1068
2AEE560C628654091B694E3AD6268C60B6B3800820E72C5EC68FD889D0843E92,8b2925b08af88f8dd66299145d55efe9f46ecdec8098519b329d8ffbad5a01a0,M1,2022-08,42.284728897354526,1069
A95467B07E171AD67FCB6CB5BCD643CED7659D10852E611D0E5F60B5BA30DBCF,8b2925b08af88f8dd66299145d55efe9f46ecdec8098519b329d8ffbad5a01a0,M2,2022-08,42.284728897354526,1070
C7B6451F328928F4DF9B8A687E457C8E3A105BBA2382CB735D762753AB52B294,8b2925b08af88f8dd66299145d55efe9f46ecdec8098519b329d8ffbad5a01a0,M3,2022-08,42.284728897354526,1071
6B0FD26E0C5186D38C166E44DBCA43870E2292C39CB5FEBF01C9A206FDDA844B,8b2925b08af88f8dd66299145d55efe9f46ecdec8098519b329d8ffbad5a01a0,M0,2023-08,42.284728897354526,1072
8BB48FA27E45B7238CB02F3445462E7491E4A46F020269B82153D5366A479AAB,8b2925b08af88f8dd66299145d55efe9f46ecdec8098519b329d8ffbad5a01a0,M1,2023-08,42.284728897354526,1073
B3D1413FE589DC7B7A18BDE48C8AD02D2C433FF51C600F4FDAEA91A8501B1C8B,8b2925b08af88f8dd66299145d55efe9f46ecdec8098519b329d8ffbad5a01a0,M2,2023-08,42.284728897354526,1074
CD307E2CB2D517ADFA2D6E594E20ED06CDAD0D2CBEB1A903A7FF90CBF9F9B654,8b2925b08af88f8dd66299145d55efe9f46ecdec8098519b329d8ffbad5a01a0,M3,2023-08,42.284728897354526,1075
7B51F9F83323EAB8C81E022094FC4B44D011EC115E7140C110F3A7018FC6A3C0,8b2925b08af88f8dd66299145d55efe9f46ecdec8098519b329d8ffbad5a01a0,M0,2024-08,42.284728897354526,1076
438DD16897FB733E0B8724551BBCB1AE0BF5ED5B2962FE84A6F4C120E9BC4279,8b2925b08af88f8dd66299145d55efe9f46ecdec8098519b329d8ffbad5a01a0,M1,2024-08,42.284728897354526,1077
172B18E91022EE95AC19BB9779D1B42CB2BE40407F3D6EDF10D82BF68530FB5D,8b2925b08af88f8dd66299145d55efe9f46ecdec8098519b329d8ffbad5a01a0,M2,2024-08,42.284728897354526,1078
EE50130CE72839CEC8FBDF5B5E2D600AD3E1B5D8A595E1CE2FFC26CC08CEC46E,8b2925b08af88f8dd66299145d55efe9f46ecdec8098519b329d8ffbad5a01a0,M3,2024-08,42.284728897354526,1079
F2994D687FFA0F71FC2710066E074247531A40B0B4CFA846066F3C71F7F3111F,8e46680fa906a8bc8007a0b934ddf73b8249d40569af92bfddcd25cf2804baa1,M0,2021-08,23.51912304130856,1080
20E884DF8351829F29EE7F3FF35BC2C813E41035D97E7EE8DFBDFDB0A7FF9D82,8e46680fa906a8bc8007a0b934ddf73b8249d40569af92bfddcd25cf2804baa1,M1,2021-08,23.51912304130856,1081
DF98C35AB65DAAA884B373BF965F8096FE92D1458F608865597A043E8268956A,8e46680fa906a8bc8007a0b934ddf73b8249d40569af92bfddcd25cf2804baa1,M2,2021-08,23.51912304130856,1082
0171A1356A7704809F985D01550EDA89AB7DC9A4CD680680EF09F51DCDC969D8,8e46680fa906a8bc8007a0b934ddf73b8249d40569af92bfddcd25cf2804baa1,M3,2021-08,23.51912304130856,1083
56ABE94A9ECEF290D4E708A0F803CE9D94BE24148E60DBF98574EDDD38D38DEE,8e46680fa906a8bc8007a0b934ddf73b8249d40569af92bfddcd25cf2804baa1,M0,2022-02,23.51912304130856,1084
334F7AD52DBE67A7BD1832A989D592A2FE4DC462FAE766C9F3B966F3DAF100BA,8e46680fa906a8bc8007a0b934ddf73b8249d40569af92bfddcd25cf2804baa1,M1,2022-02,23.51912304130856,1085
C80132041E654EEF84BDC16A0A3981A5835B917440611C46E5079FBB75BAA1FF,8e46680fa906a8bc8007a0b934ddf73b8249d40569af92bfddcd25cf2804baa1,M2,2022-02,23.51912304130856,1086
DEF51AC1317572BF97C7F5F60ED370CC227D2E06A9A99F267F8E49B4D65BF652,8e46680fa906a8bc8007a0b934ddf73b8249d40569af92bfddcd25cf2804baa1,M3,2022-02,23.51912304130856,1087
2E93E1E9641203FB34F5E65CFD1FE0DD44D67D01752E4588E8C26ACD0F1D9FFF,8e46680fa906a8bc8007a0b934ddf73b8249d40569af92bfddcd25cf2804baa1,M0,2022-08,23.51912304130856,1088
3A554921A6B842F56ED00B247FB4CF5D6BC7E62EC1E432ECB0928B4D60FD6194,8e46680fa906a8bc8007a0b934ddf73b8249d40569af92bfddcd25cf2804baa1,M1,2022-08,23.51912304130856,1089
DC02D1F2E8E22EB6BD2552237F209064BEB8D4195CAC749D6F144816A64600E1,8e46680fa906a8bc8007a0b934ddf73b8249d40569af92bfddcd25cf2804baa1,M2,2022-08,23.51912304130856,1090
ACCD6103B3C910C08E639BD0B64E9A7580C27E023B9F5DC2A01291510E7248F6,8e46680fa906a8bc8007a0b934ddf73b8249d40569af92bfddcd25cf2804baa1,M3,2022-08,23.51912304130856,1091
7E5EA14EC3A58508EE85FA2102BA9D17A008ABC4AFB237DFF577E2D54B538DE0,8e46680fa906a8bc8007a0b934ddf73b8249d40569af92bfddcd25cf2804baa1,M0,2023-08,23.51912304130856,1092
545FE7C86B145E2F3034CF48F970BA545D8E5102B20C4F085442652D451B75DB,8e46680fa906a8bc8007a0b934ddf73b8249d40569af92bfddcd25cf2804baa1,M1,2023-08,23.51912304130856,1093
550FCF1475D83F1DEA6FA6DE264FA1A6CAAADDE499AF62A06452DD958974607B,8e46680fa906a8bc8007a0b934ddf73b8249d40569af92bfddcd25cf2804baa1,M2,2023-08,23.51912304130856,1094
3E1C399B5F39187622A310C464FE9FFE723C55A6FC9DD1FCF4DCD1FE7E7D49C2,8e46680fa906a8bc8007a0b934ddf73b8249d40569af92bfddcd25cf2804baa1,M3,2023-08,23.51912304130856,1095
5225135963E11D28C11414C5FAB3C8E254CD28F085890AA00EBEDFFC5E899E6E,8e46680fa906a8bc8007a0b934ddf73b8249d40569af92bfddcd25cf2804baa1,M0,2024-08,23.51912304130856,1096
B9BBCFEAACEA95C1DD8537452D12411CC57774F22F51A502C89220720A1541CF,8e46680fa906a8bc8007a0b934ddf73b8249d40569af92bfddcd25cf2804baa1,M1,2024-08,23.51912304130856,1097
16FA09916C935CE905B2C302B0E58BC73A69EC16D958BE6CB7B4E5A20B5965EF,8e46680fa906a8bc8007a0b934ddf73b8249d40569af92bfddcd25cf2804baa1,M2,2024-08,23.51912304130856,1098
E3A4C9BEE0F64CDCCA42F52DCA11DF7AC47E5F99974404247FBBFB0F4517CBCA,8e46680fa906a8bc8007a0b934ddf73b8249d40569af92bfddcd25cf2804baa1,M3,2024-08,23.51912304130856,1099
4604739DE93A87D8DFA1C2602E91AF2B2075D1089BFCB0FB6F85A2CF21E83389,8f170a021ebedd0eb2dbd0d6e224214b8ae274b212a956471eab65ebe82b1bf5,M0,2021-08,17.013644311097266,1100
FF6166A5A8F92551A4C1558D68B1EF9A17258A30C188D283FE1B3D3A885DF7EB,8f170a021ebedd0eb2dbd0d6e224214b8ae274b212a956471eab65ebe82b1bf5,M1,2021-08,17.013644311097266,1101
07FF12726EAE838037132F447C8E79E15C291954422CEE209A2678E666180E55,8f170a021ebedd0eb2dbd0d6e224214b8ae274b212a956471eab65ebe82b1bf5,M2,2021-08,17.013644311097266,1102
1ABC1A9675AC32DE20C0EE4550A595D455A62DD4000F07B508D667979742238D,8f170a021ebedd0eb2dbd0d6e224214b8ae274b212a956471eab65ebe82b1bf5,M3,2021-08,17.013644311097266,1103
7A05BC47D416ED208086BC75566AFC19445EB84CCC366C98923809AB5BD6DCFC,8f170a021ebedd0eb2dbd0d6e224214b8ae274b212a956471eab65ebe82b1bf5,M0,2022-02,17.013644311097266,1104
F0F9C6FFA5246DD114514F485458DE4B6FFB4AB933ECEE2EF2DA486A74463EBC,8f170a021ebedd0eb2dbd0d6e224214b8ae274b212a956471eab65ebe82b1bf5,M1,2022-02,17.013644311097266,1105
625CFC3137110F534B7C5A2E3860DCBE5D88EDF8C7636FA217701D0E3266B138,8f170a021ebedd0eb2dbd0d6e224214b8ae274b212a956471eab65ebe82b1bf5,M2,2022-02,17.013644311097266,1106
E413DA95E5FDB4CD1614CCE2781B224C3AA1A4F9DADFB7033D96BFFE4101D383,8f170a021ebedd0eb2dbd0d6e224214b8ae274b212a956471eab65ebe82b1bf5,M3,2022-02,17.013644311097266,1107
D7F73CCA87CBCB6FB83E3C22C076E8856342B782FF778EE97F382C23848952DA,8f170a021ebedd0eb2dbd0d6e224214b8ae274b212a956471eab65ebe82b1bf5,M0,2022-08,17.013644311097266,1108
D358F42061877CDD65934EAE78D3B896B9FBD35AA364F346EF2463B838DBB6F5,8f170a021ebedd0eb2dbd0d6e224214b8ae274b212a956471eab65ebe82b1bf5,M1,2022-08,17.013644311097266,1109
4150E29C308E4E12C7BAB2501AE3601D81315D34EFCD4FFDAF56D631F7526316,8f170a021ebedd0eb2dbd0d6e224214b8ae274b212a956471eab65ebe82b1bf5,M2,2022-08,17.013644311097266,1110
A564D6059B65FDB70A73E5747FE44ED515A5AD218CD1A859D167B42FB2E40E48,8f170a021ebedd0eb2dbd0d6e224214b8ae274b212a956471eab65ebe82b1bf5,M3,2022-08,17.013644311097266,1111
C0816F3ED5A3B294015EECFCD70CD4FA47709DE83F6335B1673152C3C8FA3182,8f170a021ebedd0eb2dbd0d6e224214b8ae274b212a956471eab65ebe82b1bf5,M0,2023-08,17.013644311097266,1112
FA515A14F45C8339F73ED2A5E7CB106850928BA240B8D4370646CB0A49A4FBEF,8f170a021ebedd0eb2dbd0d6e224214b8ae274b212a956471eab65ebe82b1bf5,M1,2023-08,17.013644311097266,1113
DEFCFC625DBEA0202E96ED7E32F4F93C7D00861149A928BB4D9E51439F3BD57D,8f170a021ebedd0eb2dbd0d6e224214b8ae274b212a956471eab65ebe82b1bf5,M2,2023-08,17.013644311097266,1114
9640366F1A3026DECE6E28876BA074166DA983882A97F6EC52A013FCCF4794BE,8f170a021ebedd0eb2dbd0d6e224214b8ae274b212a956471eab65ebe82b1bf5,M3,2023-08,17.013644311097266,1115
D051381BD6A854C9BA30E223ABF3F32F1386C479BD23E6E1981312BF8835CEC8,8f170a021ebedd0eb2dbd0d6e224214b8ae274b212a956471eab65ebe82b1bf5,M0,2024-08,17.013644311097266,1116
F6FD0E5605C3515E8DB3391E9FC00F19F47A06A596E723323145A3A07CFCC433,8f170a021ebedd0eb2dbd0d6e224214b8ae274b212a956471eab65ebe82b1bf5,M1,2024-08,17.013644311097266,1117
389555C299A66819E2C7613A217678FE841BD5D744EDE8F584FF2B4C622E358C,8f170a021ebedd0eb2dbd0d6e224214b8ae274b212a956471eab65ebe82b1bf5,M2,2024-08,17.013644311097266,1118
2986C78C8BDA9274AC91E9074C264B3BB63D4D9DF8DFCAA839025010CAC60838,8f170a021ebedd0eb2dbd0d6e224214b8ae274b212a956471eab65ebe82b1bf5,M3,2024-08,17.013644311097266,1119
48A8DABD564B51C9D1C604148215D238448272ABDC3A59AAAEF7A293FA47915B,93b174104df9decbaef887bd4b3d5fec1414a4b933b9c471db5f80530c7b6d0e,M0,2021-08,15.611478578440543,1120
F26099331E70DE12812CC451CD4EEDAA27B80F9F004803D7A3FBF0EC588B2F2B,93b174104df9decbaef887bd4b3d5fec1414a4b933b9c471db5f80530c7b6d0e,M1,2021-08,15.611478578440543,1121
8C2A2698C0DD5E5E5CE58D14C10B45BAD701AA1B1A7DE2FB0F768BEB465BF812,93b174104df9decbaef887bd4b3d5fec1414a4b933b9c471db5f80530c7b6d0e,M2,2021-08,15.611478578440543,1122
291EEED541AEB55BEFCD0A91B573AAE4749EAC6EF58FBD0B5F96131BB8D59208,93b174104df9decbaef887bd4b3d5fec1414a4b933b9c471db5f80530c7b6d0e,M3,2021-08,15.611478578440543,1123
8E52D251F164CF7EBBFF4A1FFC1CF3FF6CB701815007B643D55A900E2738076F,93b174104df9decbaef887bd4b3d5fec1414a4b933b9c471db5f80530c7b6d0e,M0,2022-02,15.611478578440543,1124
E046658CA043AE48895B2B03E7C5F3D9311539BE9140242F8C91675CF99C50EA,93b174104df9decbaef887bd4b3d5fec1414a4b933b9c471db5f80530c7b6d0e,M1,2022-02,15.611478578440543,1125
89CF680FB4FB252E9C34FAA68A8673614A14574B636716F6D2DC5745B2776AF6,93b174104df9decbaef887bd4b3d5fec1414a4b933b9c471db5f80530c7b6d0e,M2,2022-02,15.611478578440543,1126
3F23073A7EE6CBF99B3DF59DF99F72FB617D7482E0DC56F2C54E3191172E5704,93b174104df9decbaef887bd4b3d5fec1414a4b933b9c471db5f80530c7b6d0e,M3,2022-02,15.611478578440543,1127
E0D853BC97B7A8CEE613356C7B26E8592E550D9EDB88AF1E624D53A8CB5A106C,93b174104df9decbaef887bd4b3d5fec1414a4b933b9c471db5f80530c7b6d0e,M0,2022-08,15.611478578440543,1128
96F6539490F77F74DC69789C0F284E8DC295B85B5468176E8317A85A7E051DB5,93b174104df9decbaef887bd4b3d5fec1414a4b933b9c471db5f80530c7b6d0e,M1,2022-08,15.611478578440543,1129
F47EBA10986834F057787200E5D8D1CCE6A96EDB547E88F3C77CD7CFCE445D28,93b174104df9decbaef887bd4b3d5fec1414a4b933b9c471db5f80530c7b6d0e,M2,2022-08,15.611478578440543,1130
73B565B5F210976708ACAB3E421118C9D8D56BE1EA87763C3F776D54EC99BFB9,93b174104df9decbaef887bd4b3d5fec1414a4b933b9c471db5f80530c7b6d0e,M3,2022-08,15.611478578440543,1131
E8D14D298F367783855E35C57F8C792DA97530DCB2751F87B3E492916EC53493,93b174104df9decbaef887bd4b3d5fec1414a4b933b9c471db5f80530c7b6d0e,M0,2023-08,15.611478578440543,1132
FBA82ECCEDDD040CAA11A37FE2E2F89C1810D8E7C54B2904F0CDA802DF9E51A0,93b174104df9decbaef887bd4b3d5fec1414a4b933b9c471db5f80530c7b6d0e,M1,2023-08,15.611478578440543,1133
4C54C2C9F93E1B3B1A82CEF55302EA30277EBE0ADFD2426EBD2E223C69D88CF9,93b174104df9decbaef887bd4b3d5fec1414a4b933b9c471db5f80530c7b6d0e,M2,2023-08,15.611478578440543,1134
C726B0A1D71E7CA533E8472388274D248E6FBC8D734EE5C74B162CD423BE347D,93b174104df9decbaef887bd4b3d5fec1414a4b933b9c471db5f80530c7b6d0e,M3,2023-08,15.611478578440543,1135
27F3E02D946F352E82829C54AEF9A00D8FA8FABD5F567301E6C9AEB775D00265,93b174104df9decbaef887bd4b3d5fec1414a4b933b9c471db5f80530c7b6d0e,M0,2024-08,15.611478578440543,1136
5A0C32032E57B8CE7DDEF64270D96B34ECE3FA813EF7DB4BE1F635F570AB0094,93b174104df9decbaef887bd4b3d5fec1414a4b933b9c471db5f80530c7b6d0e,M1,2024-08,15.611478578440543,1137
A85D1D6775419278109C44848F681DD80CA92744C12D658D218A28092A4DCC16,93b174104df9decbaef887bd4b3d5fec1414a4b933b9c471db5f80530c7b6d0e,M2,2024-08,15.611478578440543,1138
77BF4F100D5F65F7677BCD186128A7ED33F0CF83214839D1FDF290824124C75D,93b174104df9decbaef887bd4b3d5fec1414a4b933b9c471db5f80530c7b6d0e,M3,2024-08,15.611478578440543,1139
738E9ABB9723479D53C55CAC0E9E7CDA998EAEDC17A9B29E89D37D82D34BFFD5,94e165ecc00f8aed930d77ceea88c1ee84e166dce21508857efc3993453334e2,M0,2021-08,18.038482904744885,1140
920116359922D52B11FF0EFF9D0A70FB2BE886FE7B3E9A86A5682ED343A7972B,94e165ecc00f8aed930d77ceea88c1ee84e166dce21508857efc3993453334e2,M1,2021-08,18.038482904744885,1141
6CE94CC675DA11D5BF4B66D5DA4159BA4130B9ECFF61454BE65FAD95468879BA,94e165ecc00f8aed930d77ceea88c1ee84e166dce21508857efc3993453334e2,M2,2021-08,18.038482904744885,1142
06475AE61A4D09A4C0CA42CB0DDAF6B9EDFB33FAB4C16AD00880A49362C7B0E0,94e165ecc00f8aed930d77ceea88c1ee84e166dce21508857efc3993453334e2,M3,2021-08,18.038482904744885,1143
A020CEC0F530C53A9E977F896554098B322A0F23F8AC0702AD0FE135127D4EDE,94e165ecc00f8aed930d77ceea88c1ee84e166dce21508857efc3993453334e2,M0,2022-02,18.038482904744885,1144
33F5370AD354BEED0B557108CEEC477B7FAA65844FB56F2FE9640459DD4635FA,94e165ecc00f8aed930d77ceea88c1ee84e166dce21508857efc3993453334e2,M1,2022-02,18.038482904744885,1145
2D5A1441EB374501C3798E1D522C3FAA021C01AC6F976E70C67C82F881E2EFB1,94e165ecc00f8aed930d77ceea88c1ee84e166dce21508857efc3993453334e2,M2,2022-02,18.038482904744885,1146
9910D856D1D0C50535B1CDD891D9A36DA23B10C6D3DCC2569D9A31B5CBB28A62,94e165ecc00f8aed930d77ceea88c1ee84e166dce21508857efc3993453334e2,M3,2022-02,18.038482904744885,1147
A86C9D4C54E1212656F34A85771A4B1CA91343C7E4BC9C8F9E8370E93533B75E,94e165ecc00f8aed930d77ceea88c1ee84e166dce21508857efc3993453334e2,M0,2022-08,18.038482904744885,1148
79A7EC8178DA28025E94CAF0C5D6F3283EAD49DECD02167DA7B205C33623FDB5,94e165ecc00f8aed930d77ceea88c1ee84e166dce21508857efc3993453334e2,M1,2022-08,18.038482904744885,1149
2C5AB0F15F264820BBF996DBE2987ECBF4CF589ABA37306E1123FF7045ACBC19,94e165ecc00f8aed930d77ceea88c1ee84e166dce21508857efc3993453334e2,M2,2022-08,18.038482904744885,1150
FAC183B95B65D9FA7B589275F103EC6F8044CBEDB643D2CF189643B812F8C982,94e165ecc00f8aed930d77ceea88c1ee84e166dce21508857efc3993453334e2,M3,2022-08,18.038482904744885,1151
539885B087ACCE8BB01E22D295C93A3BE1C1CCF86898B5E146CC889323CD2C10,94e165ecc00f8aed930d77ceea88c1ee84e166dce21508857efc3993453334e2,M0,2023-08,18.038482904744885,1152
C86E56D4A0CBF329890F12388D844353E8DA0D3345B965ECADC45C1504712DA1,94e165ecc00f8aed930d77ceea88c1ee84e166dce21508857efc3993453334e2,M1,2023-08,18.038482904744885,1153
C2CD7BB0E665B873DD98E020DE76A3590239ECA13FE7892444330861394483E8,94e165ecc00f8aed930d77ceea88c1ee84e166dce21508857efc3993453334e2,M2,2023-08,18.038482904744885,1154
D2E45F4F1D75190915F37BA5745391BD1EB169C3D63A068977A505F8D49504DE,94e165ecc00f8aed930d77ceea88c1ee84e166dce21508857efc3993453334e2,M3,2023-08,18.038482904744885,1155
EEA7DCF80C1EFA44187B221C59AFDB992F09C66BFD97C9C5C68FDAA32074846D,94e165ecc00f8aed930d77ceea88c1ee84e166dce21508857efc3993453334e2,M0,2024-08,18.038482904744885,1156
5FCC2ED7A4BBCD2F6731811CD6F7F9FEB47267B3293A76096D1E7BA2DE57BF27,94e165ecc00f8aed930d77ceea88c1ee84e166dce21508857efc3993453334e2,M1,2024-08,18.038482904744885,1157
3E26CE669FCE0A59F5D3AACA9B1AC5352CFDF24913664D42169E77D434477D82,94e165ecc00f8aed930d77ceea88c1ee84e166dce21508857efc3993453334e2,M2,2024-08,18.038482904744885,1158
D188D880788FE97C4B745FBB5717293FF3175C8A8A88356AF11880326AB4D139,94e165ecc00f8aed930d77ceea88c1ee84e166dce21508857efc3993453334e2,M3,2024-08,18.038482904744885,1159
97CF38460EB8F7956F0AA81F170AAA4CE0AA133CEEEE8E7BF1BE96A07D786378,950685573bf5a4505964377eb9d5cce0afe29d469ec8e698d8749aefdef18edb,M0,2021-08,6.939417424784262,1160
78664E83624583A1207C4654C30E7DE247394EF9E0A17A1B6D70305C9328EB7E,950685573bf5a4505964377eb9d5cce0afe29d469ec8e698d8749aefdef18edb,M1,2021-08,6.939417424784262,1161
56691D68731CF086DFCD8B9BD97D8FA3D8E6C713474CAE7FE11F8E89803B4124,950685573bf5a4505964377eb9d5cce0afe29d469ec8e698d8749aefdef18edb,M2,2021-08,6.939417424784262,1162
DACF89A89BC3493B7337D0BD0A1B93F1BF1345451C04430C60FC30EBB1816F13,950685573bf5a4505964377eb9d5cce0afe29d469ec8e698d8749aefdef18edb,M3,2021-08,6.939417424784262,1163
2AF0BBFEF68B1AFECD3C6C9E8B6904AE54B8779C45A3BBC3E413977CAD9B89C1,950685573bf5a4505964377eb9d5cce0afe29d469ec8e698d8749aefdef18edb,M0,2022-02,6.939417424784262,1164
3283AA8B154F36D3EF98CBD9CA62C9449EC4E693A91ACB9FD6E5A755BCF56B13,950685573bf5a4505964377eb9d5cce0afe29d469ec8e698d8749aefdef18edb,M1,2022-02,6.939417424784262,1165
E614A313AC4FD5CA545AD70FEE461E97EC91B691AE5ED9B0C47B67BEE88992F8,950685573bf5a4505964377eb9d5cce0afe29d469ec8e698d8749aefdef18edb,M2,2022-02,6.939417424784262,1166
EB7729E0CB6F927B6485B0B58ECB30BC6A620EBDB2DFC85A4720EA6465E7EF5C,950685573bf5a4505964377eb9d5cce0afe29d469ec8e698d8749aefdef18edb,M3,2022-02,6.939417424784262,1167
1B7EDB729A43CDA86A8F6503C028628344974A8ABB4D8990CE44B99DA0DC685E,950685573bf5a4505964377eb9d5cce0afe29d469ec8e698d8749aefdef18edb,M0,2022-08,6.939417424784262,1168
94E1B0A6A764D10B744C6CEAB2572F45D4A5D0FB1BE11EA4B53F38000F9D4D70,950685573bf5a4505964377eb9d5cce0afe29d469ec8e698d8749aefdef18edb,M1,2022-08,6.939417424784262,1169
F7665F0CB8114DD08088C67D00CF8252FD11A1642C8843A6CE3C3C9C4F22E37B,950685573bf5a4505964377eb9d5cce0afe29d469ec8e698d8749aefdef18edb,M2,2022-08,6.939417424784262,1170
20A98D392F13FB8BF7BEA5852892381252B1CE390959F995FC9CE605017B513D,950685573bf5a4505964377eb9d5cce0afe29d469ec8e698d8749aefdef18edb,M3,2022-08,6.939417424784262,1171
FE98907FED34BA7441489C4DBDE61576D5AABB884177E99966E8E1EDB83DF1B9,950685573bf5a4505964377eb9d5cce0afe29d469ec8e698d8749aefdef18edb,M0,2023-08,6.939417424784262,1172
2D82E6C298153B83302B5B50C8B3A9669FA5D18C179CD578AFB1A9216DEAE2A5,950685573bf5a4505964377eb9d5cce0afe29d469ec8e698d8749aefdef18edb,M1,2023-08,6.939417424784262,1173
9E77E3A19A5569EAA891B43E6AD00AE5489343FFC65EB272C0FA3E413DB3A44C,950685573bf5a4505964377eb9d5cce0afe29d469ec8e698d8749aefdef18edb,M2,2023-08,6.939417424784262,1174
CE768D7B90CABB73FAEFA42D5F52E5A8DCA7E18CD35CADD9A14EE8A47EE3D138,950685573bf5a4505964377eb9d5cce0afe29d469ec8e698d8749aefdef18edb,M3,2023-08,6.939417424784262,1175
DF245B741B21B8D92D7E0D894CDD3A852E29603D32297D1EF4F3DE5C4284CC93,950685573bf5a4505964377eb9d5cce0afe29d469ec8e698d8749aefdef18edb,M0,2024-08,6.939417424784262,1176
F7AB9726614436E24A275358EAAA4865EB7DABE1357128C9A4782E0FFA7D920D,950685573bf5a4505964377eb9d5cce0afe29d469ec8e698d8749aefdef18edb,M1,2024-08,6.939417424784262,1177
8F03724AE8B2CAFAEB4C266A12BC65A02638C3441674F9ADC390F4766243AFB4,950685573bf5a4505964377eb9d5cce0afe29d469ec8e698d8749aefdef18edb,M2,2024-08,6.939417424784262,1178
90D188E1F8247F548B9E9896D4DD3C1A5AD2F3FE1B1A7A587540D4679EBD34B2,950685573bf5a4505964377eb9d5cce0afe29d469ec8e698d8749aefdef18edb,M3,2024-08,6.939417424784262,1179
DFDF590323683BFD2B86AA8F5438E95294FEB680D02C1797958D079126C3903A,9945b5a336590555ccb761d2b42beb25ebba557eaff174832aabff6d0eec8007,M0,2021-08,35.986632102663606,1180
158C067FE139F84029AC4D21DBBC1734DD5658A6E7466A7F3A768BA8D1653505,9945b5a336590555ccb761d2b42beb25ebba557eaff174832aabff6d0eec8007,M1,2021-08,35.986632102663606,1181
7E44DE8D14DB292E8E82B529BA68C26DBC94AD35B99D19AC1C439CC2D0866D11,9945b5a336590555ccb761d2b42beb25ebba557eaff174832aabff6d0eec8007,M2,2021-08,35.986632102663606,1182
3F0B1766B9675B91AF2EC0BBB055774DC39C4CECD6D992AFF7F88EF68498D043,9945b5a336590555ccb761d2b42beb25ebba557eaff174832aabff6d0eec8007,M3,2021-08,35.986632102663606,1183
B48931F793FDF1A927B979B9B923B6F78F837A128F87A9981A425327AE149790,9945b5a336590555ccb761d2b42beb25ebba557eaff174832aabff6d0eec8007,M0,2022-02,35.986632102663606,1184
D9B29D00DF9AD936073A9020C36B206930217E20FDE642207095C47BED5CABA1,9945b5a336590555ccb761d2b42beb25ebba557eaff174832aabff6d0eec8007,M1,2022-02,35.986632102663606,1185
D60B723BF10C84614DE0CA02F6EECF88952C07CC065D20D99AB02FF380AB9EDF,9945b5a336590555ccb761d2b42beb25ebba557eaff174832aabff6d0eec8007,M2,2022-02,35.986632102663606,1186
4EB20E3E7B523A0FAA983EC8512E1278AB8BC68355E99E03A08AB2BCEEAC7530,9945b5a336590555ccb761d2b42beb25ebba557eaff174832aabff6d0eec8007,M3,2022-02,35.986632102663606,1187
4FF9A1FCC61E83EDDA51B00D66F277E16AC635236A6A2BCFC7F1D55A9205B107,9945b5a336590555ccb761d2b42beb25ebba557eaff174832aabff6d0eec8007,M0,2022-08,35.986632102663606,1188
C31C6619482711D89B693E398FF09CAB1700CD67EB797408D48774AFC94F3BEF,9945b5a336590555ccb761d2b42beb25ebba557eaff174832aabff6d0eec8007,M1,2022-08,35.986632102663606,1189
3E794C9363836F38A6E7BEEA9D27C0EEE0E21B0168832D2FF13490179F94802A,9945b5a336590555ccb761d2b42beb25ebba557eaff174832aabff6d0eec8007,M2,2022-08,35.986632102663606,1190
6759A0665A64C02758681A7B3A7563912271EB4F09185E6C06E95278D7F58016,9945b5a336590555ccb761d2b42beb25ebba557eaff174832aabff6d0eec8007,M3,2022-08,35.986632102663606,1191
E39CCF25FC1CA3F4E22068AFBA1853C75DFB6F590A1E4EE242B52A6672ACD4DB,9945b5a336590555ccb761d2b42beb25ebba557eaff174832aabff6d0eec8007,M0,2023-08,35.986632102663606,1192
DE21D51D1A78877A08D322E31298D4BD91D30499665869A2AC9F946F06FB6B48,9945b5a336590555ccb761d2b42beb25ebba557eaff174832aabff6d0eec8007,M1,2023-08,35.986632102663606,1193
E53EF470C85EBB0E28F4248C2A60E9963187109067BC3AEEEBA5A4451998F106,9945b5a336590555ccb761d2b42beb25ebba557eaff174832aabff6d0eec8007,M2,2023-08,35.986632102663606,1194
14D9BF645053AFF21A8B8E6AA675E1A549DABACDD605088BEF4AE1F96131B1AB,9945b5a336590555ccb761d2b42beb25ebba557eaff174832aabff6d0eec8007,M3,2023-08,35.986632102663606,1195
B2FD1DDD1529042FC7787A658151CD492670022FD3D8A388D9B5389655C93519,9945b5a336590555ccb761d2b42beb25ebba557eaff174832aabff6d0eec8007,M0,2024-08,35.986632102663606,1196
1389FD6EAEF36BC66DFDAA53E4F5D3E63AF978CC3B75A8E04E2F7D3019255484,9945b5a336590555ccb761d2b42beb25ebba557eaff174832aabff6d0eec8007,M1,2024-08,35.986632102663606,1197
54265489C6C523F7D5D40E8349B6CE177C3C63A4F600733C1442ACDF797BD710,9945b5a336590555ccb761d2b42beb25ebba557eaff174832aabff6d0eec8007,M2,2024-08,35.986632102663606,1198
9643566AD02AECD065225CFD3E3FCEA37A2116AA6D70D48FE3CDC870A1258DAE,9945b5a336590555ccb761d2b42beb25ebba557eaff174832aabff6d0eec8007,M3,2024-08,35.986632102663606,1199
8AEF3998EF0FBC13B1939CE3DE84AD85EF6B7B5CF12BC8A43749DFF06693157A,9aab2fb5de0d9b202757154e1cc5434f50ffca90b408e978db978509c8741de4,M0,2021-08,29.539239491183697,1200
F662A6A837B786CC1A58DEFD5C207DB830E11365EC00FCCD13CD749BE40F6511,9aab2fb5de0d9b202757154e1cc5434f50ffca90b408e978db978509c8741de4,M1,2021-08,29.539239491183697,1201
56AE2BE4D870FB1E53B72D0B2C4E39D566643A1353596C9ECF0EB45AB5A5642A,9aab2fb5de0d9b202757154e1cc5434f50ffca90b408e978db978509c8741de4,M2,2021-08,29.539239491183697,1202
498E9B15DAC36154A3E05E81D4C65CD78E43B2E80654B0F63DDC92EB7F333FC5,9aab2fb5de0d9b202757154e1cc5434f50ffca90b408e978db978509c8741de4,M3,2021-08,29.539239491183697,1203
E7A2B09F75E3ED7BE2D8AE7396765DD9792B14466F42632F16F189438A4196D2,9aab2fb5de0d9b202757154e1cc5434f50ffca90b408e978db978509c8741de4,M0,2022-02,29.539239491183697,1204
1BE7D1BFA6464C6F062FB23E16336D40D13FFCAFAF934085938CFD9819D51F5C,9aab2fb5de0d9b202757154e1cc5434f50ffca90b408e978db978509c8741de4,M1,2022-02,29.539239491183697,1205
0E6CE06052D5B73674A342A67A8B4BF3647455A1E6F80C378C08AF2926F940D3,9aab2fb5de0d9b202757154e1cc5434f50ffca90b408e978db978509c8741de4,M2,2022-02,29.539239491183697,1206
2F9A59CB4A0B5905E078517C4F07091FCF9819579290BD203499D934A0E47875,9aab2fb5de0d9b202757154e1cc5434f50ffca90b408e978db978509c8741de4,M3,2022-02,29.539239491183697,1207
458A490D389DC654890577021A4B4D2FAB5F7BC8E3A2CB2D3DFB27A4D7DC5AF8,9aab2fb5de0d9b202757154e1cc5434f50ffca90b408e978db978509c8741de4,M0,2022-08,29.539239491183697,1208
A8F0E17762113EE51FC9F772F6F4DBEDB8612143EAC38CD0C60656C6EA76A61B,9aab2fb5de0d9b202757154e1cc5434f50ffca90b408e978db978509c8741de4,M1,2022-08,29.539239491183697,1209
E4B226534D228906A520C0359801C303052D55C99F451C438FD8319B913591A3,9aab2fb5de0d9b202757154e1cc5434f50ffca90b408e978db978509c8741de4,M2,2022-08,29.539239491183697,1210
C980CD957E2951227A7FA2A2F941D5D154CB35B003F6CEB6AE9D28D148A63EF5,9aab2fb5de0d9b202757154e1cc5434f50ffca90b408e978db978509c8741de4,M3,2022-08,29.539239491183697,1211
C6EB349CCD5C91C38140F0582FF84C7839403C19F1EF6D81C830AB571A633664,9aab2fb5de0d9b202757154e1cc5434f50ffca90b408e978db978509c8741de4,M0,2023-08,29.539239491183697,1212
F93CB79B84A14D5997848D8AE6E6057A6FD21D5E948DC9B481021CF328C4BFCA,9aab2fb5de0d9b202757154e1cc5434f50ffca90b408e978db978509c8741de4,M1,2023-08,29.539239491183697,1213
EC0EFAC424C87379D1F53007E541F32B40FD341A23B9880667238E40A5A063BD,9aab2fb5de0d9b202757154e1cc5434f50ffca90b408e978db978509c8741de4,M2,2023-08,29.539239491183697,1214
156DB8DCDD32B8F7063E0E9511F0F0582928EF948C631B469D2C99D51955FFEA,9aab2fb5de0d9b202757154e1cc5434f50ffca90b408e978db978509c8741de4,M3,2023-08,29.539239491183697,1215
1C82501DC7037C58162718775666ABF9C3B4F9A9B2C9676ED03B5091DE98B142,9aab2fb5de0d9b202757154e1cc5434f50ffca90b408e978db978509c8741de4,M0,2024-08,29.539239491183697,1216
D4DDE50281A62D62503A953F7C9966396FCDCDE98CC1E7F45B91567A3CC270A7,9aab2fb5de0d9b202757154e1cc5434f50ffca90b408e978db978509c8741de4,M1,2024-08,29.539239491183697,1217
CE1FE9E9E6BD20ABB23A3C6E4BF02A1C4CC526300CA7423DD61883E5C30D1AFC,9aab2fb5de0d9b202757154e1cc5434f50ffca90b408e978db978509c8741de4,M2,2024-08,29.539239491183697,1218
00B2EF8C0DC023939372A4F5ABA816D364826C965A1379655F39E1F6EF6E082F,9aab2fb5de0d9b202757154e1cc5434f50ffca90b408e978db978509c8741de4,M3,2024-08,29.539239491183697,1219
C77C61ECDE6C2F7187A793A72E60316E3ECC6E20AA0784E07059EA65E15B6E4F,9d64b810c750f0bdb0f27944887115c978eeb50469cc6733814322632bd89d7d,M0,2021-08,65.67396133495576,1220
8A0A3517900C3461618B2F51C71AF417794686F66B50CF33FD929A22E8EDC7A0,9d64b810c750f0bdb0f27944887115c978eeb50469cc6733814322632bd89d7d,M1,2021-08,65.67396133495576,1221
4AF1C85D6035F4E69DCE63E909D0C9EE4C1A40310AEDDE3DAB6C07052F75F297,9d64b810c750f0bdb0f27944887115c978eeb50469cc6733814322632bd89d7d,M2,2021-08,65.67396133495576,1222
A4F97AAFC8905428561F2DE47C4CA92B3F560F39E2D24B881BDCA9B05DAC0441,9d64b810c750f0bdb0f27944887115c978eeb50469cc6733814322632bd89d7d,M3,2021-08,65.67396133495576,1223
63F860D11C22D594A5BEB2078C2A8C61CFDE228C272C5EA5DD1091BBF8A52B92,9d64b810c750f0bdb0f27944887115c978eeb50469cc6733814322632bd89d7d,M0,2022-02,65.67396133495576,1224
47C45CB8DAC435F4382A8E072EF43B7482832F0C62256CDD924AF4C63367EEA5,9d64b810c750f0bdb0f27944887115c978eeb50469cc6733814322632bd89d7d,M1,2022-02,65.67396133495576,1225
353EBB11748A2C4A3C27BA18DF3E449877AFB79E14D2C8F0DA7DED34D2C32806,9d64b810c750f0bdb0f27944887115c978eeb50469cc6733814322632bd89d7d,M2,2022-02,65.67396133495576,1226
93A8F6EEC9244B73E511998FA5C250C237E0ED2C80458C1658EFAAACE17A1771,9d64b810c750f0bdb0f27944887115c978eeb50469cc6733814322632bd89d7d,M3,2022-02,65.67396133495576,1227
6B2B4A5C3B38EF3904F1A956D386C488B86312A202237848FA3B269701B7B8FD,9d64b810c750f0bdb0f27944887115c978eeb50469cc6733814322632bd89d7d,M0,2022-08,65.67396133495576,1228
F417F6C9E979867FB761DC51E50EB49DD9D64DCA29C4873664A1EB809EC86121,9d64b810c750f0bdb0f27944887115c978eeb50469cc6733814322632bd89d7d,M1,2022-08,65.67396133495576,1229
5140364906F5DCBF07E20A72AECFF233048A53A9D4780C46F7474B49CE06C131,9d64b810c750f0bdb0f27944887115c978eeb50469cc6733814322632bd89d7d,M2,2022-08,65.67396133495576,1230
05243BB559BA078F1A42E10A06A1DE6919B75AF72DB7BE080280021E2F15321B,9d64b810c750f0bdb0f27944887115c978eeb50469cc6733814322632bd89d7d,M3,2022-08,65.67396133495576,1231
10C05AD172BEE7F06937884CAB9FA17EDBB907D63C0D875201CF89739423F565,9d64b810c750f0bdb0f27944887115c978eeb50469cc6733814322632bd89d7d,M0,2023-08,65.67396133495576,1232
6E2A36BE7F9A4AC6CEAD28E2874B4351B958FE6CDAA294C441B57C6C1C788E56,9d64b810c750f0bdb0f27944887115c978eeb50469cc6733814322632bd89d7d,M1,2023-08,65.67396133495576,1233
A791FA02EF41E6EA9351DE1BD2999B7BEBD37C643251BE8BD583464205CAF465,9d64b810c750f0bdb0f27944887115c978eeb50469cc6733814322632bd89d7d,M2,2023-08,65.67396133495576,1234
091891D340A2BF96EB1CD693CA03EF5E28BCB52F64893E69EECF8693FFC87D8A,9d64b810c750f0bdb0f27944887115c978eeb50469cc6733814322632bd89d7d,M3,2023-08,65.67396133495576,1235
046121FE20830B743928FEDA4B6005588D5A098B7770B900E4F0F91ED3349FE3,9d64b810c750f0bdb0f27944887115c978eeb50469cc6733814322632bd89d7d,M0,2024-08,65.67396133495576,1236
BAA38B2690249B8DA7B2BCABA684D5F584FCC62EEBDDEAD6053F3A29E8CF314F,9d64b810c750f0bdb0f27944887115c978eeb50469cc6733814322632bd89d7d,M1,2024-08,65.67396133495576,1237
90A9C90DB63E0C5F27C0E0DAEC16525004FEACAF21EF56E39E24474951B22664,9d64b810c750f0bdb0f27944887115c978eeb50469cc6733814322632bd89d7d,M2,2024-08,65.67396133495576,1238
BC38E07935DE0D83E0793C8198CA6ED096C031745255C3FB0E0428A3110FA909,9d64b810c750f0bdb0f27944887115c978eeb50469cc6733814322632bd89d7d,M3,2024-08,65.67396133495576,1239
B9948282F87D963290A3259EB52CC4A5A0ECB900E438AB374F809414D00641E0,a4e62957fd8d709175ca1328b86366d02860112f170cd8b04a1283364e56cba5,M0,2021-08,5.353272938860579,1240
27E666AA903621AB1E82E482A7303B8B102654A34507B78FAC7AA50E4B1453CD,a4e62957fd8d709175ca1328b86366d02860112f170cd8b04a1283364e56cba5,M1,2021-08,5.353272938860579,1241
AD90E1FB953D970C7AA37CE78564DF561D1A914768AE899FCF50DC93C0FDB287,a4e62957fd8d709175ca1328b86366d02860112f170cd8b04a1283364e56cba5,M2,2021-08,5.353272938860579,1242
F7CCBA9E8A3DF6151FB255FB1821C1CBAD7A85CD88055D6E47C0DE1DEDE50D33,a4e62957fd8d709175ca1328b86366d02860112f170cd8b04a1283364e56cba5,M3,2021-08,5.353272938860579,1243
6661BA7A97834E62599FF6D060652040FB57D7C39B3E87B8DED39423D72749D3,a4e62957fd8d709175ca1328b86366d02860112f170cd8b04a1283364e56cba5,M0,2022-02,5.353272938860579,1244
06D54F72F539E1BC4C6AEFF85B85B53B9A322A0C4300DF13314F012DA429FAD6,a4e62957fd8d709175ca1328b86366d02860112f170cd8b04a1283364e56cba5,M1,2022-02,5.353272938860579,1245
705C09C182B5428FB38FB3C42A1AB65C7C357993D0B6E3D8D14F38706E17D670,a4e62957fd8d709175ca1328b86366d02860112f170cd8b04a1283364e56cba5,M2,2022-02,5.353272938860579,1246
1EFEC30C8A18AA1F67F51237CBD7700EAD34615677FF77C74BDA7FF8CFBA00CC,a4e62957fd8d709175ca1328b86366d02860112f170cd8b04a1283364e56cba5,M3,2022-02,5.353272938860579,1247
6ED58158CFF7B503F06555C2050D76276D58D3C34A433AA8A6B529CD5BCD2883,a4e62957fd8d709175ca1328b86366d02860112f170cd8b04a1283364e56cba5,M0,2022-08,5.353272938860579,1248
F6025E42EB65B776BE5CF42BF48FBA370A97C55E0BF2F5EC0C02A585CA6C9594,a4e62957fd8d709175ca1328b86366d02860112f170cd8b04a1283364e56cba5,M1,2022-08,5.353272938860579,1249
DB4996766C6E0CA1CB3CCCB58B8507E29523A9362E711DAED13FF6FA4C3E7C92,a4e62957fd8d709175ca1328b86366d02860112f170cd8b04a1283364e56cba5,M2,2022-08,5.353272938860579,1250
7EA3A4CE14C812B94C73B616E715448175946456293DBB85C73DCEC6E023E008,a4e62957fd8d709175ca1328b86366d02860112f170cd8b04a1283364e56cba5,M3,2022-08,5.353272938860579,1251
24376444F97A4BE2A8CA67B32781BB31C8D045DDBE2A210DE39CD2F7674BF94E,a4e62957fd8d709175ca1328b86366d02860112f170cd8b04a1283364e56cba5,M0,2023-08,5.353272938860579,1252
0103C2BA10FC0D78677555714F0051A5DF7845192882D4315BD4E04ACEF7F2E0,a4e62957fd8d709175ca1328b86366d02860112f170cd8b04a1283364e56cba5,M1,2023-08,5.353272938860579,1253
B333F1054EC14BA7ACECB0FD7CB4F80D1620207503C4282B86799D827F17DA1C,a4e62957fd8d709175ca1328b86366d02860112f170cd8b04a1283364e56cba5,M2,2023-08,5.353272938860579,1254
AC886442A7ADE76C693B8A9B8796B8256BFDD77EF4C53E5E4C074C9475E2945F,a4e62957fd8d709175ca1328b86366d02860112f170cd8b04a1283364e56cba5,M3,2023-08,5.353272938860579,1255
7084E12B8EACE431722245EB59B8976E8268CC19248CE534B33A6F8DDA523CC9,a4e62957fd8d709175ca1328b86366d02860112f170cd8b04a1283364e56cba5,M0,2024-08,5.353272938860579,1256
1D5EB4691CAE8FF5CC40761898CC552893709C255B1A91296ABE99B8AF2C63D3,a4e62957fd8d709175ca1328b86366d02860112f170cd8b04a1283364e56cba5,M1,2024-08,5.353272938860579,1257
E47AD04600701AF9E84D1258B4F2F2AA42A3898BB776989C0BF57DA3B83611BB,a4e62957fd8d709175ca1328b86366d02860112f170cd8b04a1283364e56cba5,M2,2024-08,5.353272938860579,1258
79C1B5AFAB569DDB3788FA0806A6801CE3EB1146001AE8AB386DEBC616A80250,a4e62957fd8d709175ca1328b86366d02860112f170cd8b04a1283364e56cba5,M3,2024-08,5.353272938860579,1259
4A3399AD88D4048937DB30F81D44DB8E8372208B5FE7E0CA2238D4BC428F2EBF,a52e595ce2c7b03f312ea7ff3dee7544716c7e482f3c1cf81187ba627a766c03,M0,2021-08,34.05809670194961,1260
653761E09ACBBF63E39CA408D39A56C96E7BE6F50C0CB2B0CA1332B034726CCD,a52e595ce2c7b03f312ea7ff3dee7544716c7e482f3c1cf81187ba627a766c03,M1,2021-08,34.05809670194961,1261
C7A36BCC976620889380CD7EB4B7284E47CE0FA706ECEFC3743B95CF316B15F1,a52e595ce2c7b03f312ea7ff3dee7544716c7e482f3c1cf81187ba627a766c03,M2,2021-08,34.05809670194961,1262
ACF20593D36613FDD84F5C645E6D12EA66C84FDDA6B7065F4BAC32BAE62BF201,a52e595ce2c7b03f312ea7ff3dee7544716c7e482f3c1cf81187ba627a766c03,M3,2021-08,34.05809670194961,1263
8E64ABBCB15F9EB0319047CB533A6CE65323524F3A8BF95F5F72F828C2C5544B,a52e595ce2c7b03f312ea7ff3dee7544716c7e482f3c1cf81187ba627a766c03,M0,2022-02,34.05809670194961,1264
38CDF284855BE418F0EBE76CCBD8B4C5E080A084C1A7654B5B3D7F6EB3CD9251,a52e595ce2c7b03f312ea7ff3dee7544716c7e482f3c1cf81187ba627a766c03,M1,2022-02,34.05809670194961,1265
ED3E607D924A8A62F1C010BB213F1B64475B3EA2E8530206C934A1C6703A5023,a52e595ce2c7b03f312ea7ff3dee7544716c7e482f3c1cf81187ba627a766c03,M2,2022-02,34.05809670194961,1266
1B5859957B44B7FCBD6C350D0DD17DFF9F3B5475BE5D90D0DDD1BC6FEF58D2E9,a52e595ce2c7b03f312ea7ff3dee7544716c7e482f3c1cf81187ba627a766c03,M3,2022-02,34.05809670194961,1267
4717B0C6820DE78E03DB5F8E9FF3764116ED025CC0CB2B5E893F9D43D9910584,a52e595ce2c7b03f312ea7ff3dee7544716c7e482f3c1cf81187ba627a766c03,M0,2022-08,34.05809670194961,1268
C30093AF16BB5E783E35769519518196242E1A1184147184F68DD8869494B193,a52e595ce2c7b03f312ea7ff3dee7544716c7e482f3c1cf81187ba627a766c03,M1,2022-08,34.05809670194961,1269
E206CD5972EB28D1FF15C0135879E471157E85E8FB61068644619430FF75D212,a52e595ce2c7b03f312ea7ff3dee7544716c7e482f3c1cf81187ba627a766c03,M2,2022-08,34.05809670194961,1270
F396F16B0DB808AA84C5046C6003C5E9DF84B4B3CD9DC46CCC5E5508F0E54E89,a52e595ce2c7b03f312ea7ff3dee7544716c7e482f3c1cf81187ba627a766c03,M3,2022-08,34.05809670194961,1271
BA2E519AB4FC36E4D58D20077BF738E5119D3CC44A1068F99287AF9A20AABF45,a52e595ce2c7b03f312ea7ff3dee7544716c7e482f3c1cf81187ba627a766c03,M0,2023-08,34.05809670194961,1272
2CA46BED5DA019610D88A79EA3272B9F4AEA0D6BD5201228E00897C250C00CBF,a52e595ce2c7b03f312ea7ff3dee7544716c7e482f3c1cf81187ba627a766c03,M1,2023-08,34.05809670194961,1273
BDFADE4E6DF7E9CE2453B8C7680B46B13F8AE6EA0B6752577A7C61ACE0944491,a52e595ce2c7b03f312ea7ff3dee7544716c7e482f3c1cf81187ba627a766c03,M2,2023-08,34.05809670194961,1274
D7EDD58F541004DFED30DE130F8CAB5B4A7CB2FAE5364EAC722C21DB408A34D2,a52e595ce2c7b03f312ea7ff3dee7544716c7e482f3c1cf81187ba627a766c03,M3,2023-08,34.05809670194961,1275
4B64FBD1A969D78D4EAC1FE8557F4BAF4AAEE1878D3D554052E4E4745DDB201F,a52e595ce2c7b03f312ea7ff3dee7544716c7e482f3c1cf81187ba627a766c03,M0,2024-08,34.05809670194961,1276
B1A65291BA17D3E42F1AAF659F0F8191ED99A6A15089EE996FB8F7F804C4F4A0,a52e595ce2c7b03f312ea7ff3dee7544716c7e482f3c1cf81187ba627a766c03,M1,2024-08,34.05809670194961,1277
4A2B7502DA20E8D9E94B2D0F80C9174886C2C6902891C7F8883BF0673ACFBDCA,a52e595ce2c7b03f312ea7ff3dee7544716c7e482f3c1cf81187ba627a766c03,M2,2024-08,34.05809670194961,1278
DF5CBD1B3578E12D1C3CC17FC2788A073663453446B5E0734421F4D172FF8CD8,a52e595ce2c7b03f312ea7ff3dee7544716c7e482f3c1cf81187ba627a766c03,M3,2024-08,34.05809670194961,1279
944283128CCD5C10368B30FE162FB302D0A29A476B5E7E2107DEA03A97D63FEA,a643aee9bcd471ab8af87f09d2bf4c6f4123e7bb12ed4d0103a5e201ed06e2dc,M0,2021-08,76.75940246925161,1280
803E8EABD82A72519E8AF256220BE98A702C7A26034079AF6C3A6FDF126CF1C2,a643aee9bcd471ab8af87f09d2bf4c6f4123e7bb12ed4d0103a5e201ed06e2dc,M1,2021-08,76.75940246925161,1281
6B2B4EE6AFDC89D8ADE87CDDE118E70B3CEFB176AA81455446BC1AE577FF4BAF,a643aee9bcd471ab8af87f09d2bf4c6f4123e7bb12ed4d0103a5e201ed06e2dc,M2,2021-08,76.75940246925161,1282
35CF2326264340A7D44FC70F9DA7C23CB21FB9F41307C40C9995415A4DFDACD2,a643aee9bcd471ab8af87f09d2bf4c6f4123e7bb12ed4d0103a5e201ed06e2dc,M3,2021-08,76.75940246925161,1283
EA69B3B52EFF9261BDCC42F71A1C5A9602AAD7D0922FD6DFF228847CBC878F83,a643aee9bcd471ab8af87f09d2bf4c6f4123e7bb12ed4d0103a5e201ed06e2dc,M0,2022-02,76.75940246925161,1284
FE3219A966699862D1F885A6FA2F9C19410C2167294DE7EFD3738701926B7E21,a643aee9bcd471ab8af87f09d2bf4c6f4123e7bb12ed4d0103a5e201ed06e2dc,M1,2022-02,76.75940246925161,1285
BE26B563D47D41C092B3E36C43C41E104A1D5B3EE07DF063E03821137706C2D7,a643aee9bcd471ab8af87f09d2bf4c6f4123e7bb12ed4d0103a5e201ed06e2dc,M2,2022-02,76.75940246925161,1286
09ED673A763BBB35B2C31F4C2632648364A11F8A94512E00C14337A74F71F91B,a643aee9bcd471ab8af87f09d2bf4c6f4123e7bb12ed4d0103a5e201ed06e2dc,M3,2022-02,76.75940246925161,1287
A36E550BC9E99BA6433247AAE12BA6ADF92209C9AEB6CAC679C8F8E7B35F84E4,a643aee9bcd471ab8af87f09d2bf4c6f4123e7bb12ed4d0103a5e201ed06e2dc,M0,2022-08,76.75940246925161,1288
AA1C8C89C7554FCEA2B00D47E866F1C011EB872C53CC144BB6E3F5B4B22A6B41,a643aee9bcd471ab8af87f09d2bf4c6f4123e7bb12ed4d0103a5e201ed06e2dc,M1,2022-08,76.75940246925161,1289
E7454BBD81D66862DF5C56C7E48C96B7C68725FD89736F00CB6F477D0DB896C3,a643aee9bcd471ab8af87f09d2bf4c6f4123e7bb12ed4d0103a5e201ed06e2dc,M2,2022-08,76.75940246925161,1290
D5ADB308FBF207C8FE25311CC66F72556429EBAC12F5AE884CB6F653627E3C5D,a643aee9bcd471ab8af87f09d2bf4c6f4123e7bb12ed4d0103a5e201ed06e2dc,M3,2022-08,76.75940246925161,1291
FA6891CEEAA05170A7DC732BFAB5C2BE189410060EE4195042DDAD9F48CCA7E8,a643aee9bcd471ab8af87f09d2bf4c6f4123e7bb12ed4d0103a5e201ed06e2dc,M0,2023-08,76.75940246925161,1292
616867D2D423D399E916179CD6DEC2883E92B597954E88457D8C39BE0F4FE03E,a643aee9bcd471ab8af87f09d2bf4c6f4123e7bb12ed4d0103a5e201ed06e2dc,M1,2023-08,76.75940246925161,1293
D20794BDABB3FF5CAE837AAE217B6D6840DFEFE7BA0E7C3C2575C23D874C48D5,a643aee9bcd471ab8af87f09d2bf4c6f4123e7bb12ed4d0103a5e201ed06e2dc,M2,2023-08,76.75940246925161,1294
1E60EFD2F1F60A58D33A8F6A951243D5C604B76C9D167F98DF8FC622C75FFA52,a643aee9bcd471ab8af87f09d2bf4c6f4123e7bb12ed4d0103a5e201ed06e2dc,M3,2023-08,76.75940246925161,1295
44EC18AF2695FCD704A2B3CFA9B22F0B54BA1318027753AE0027F781873843F7,a643aee9bcd471ab8af87f09d2bf4c6f4123e7bb12ed4d0103a5e201ed06e2dc,M0,2024-08,76.75940246925161,1296
12243ADA0017E37FEF3163BFBD2A23444D70E9881E086B063090503683FD2E30,a643aee9bcd471ab8af87f09d2bf4c6f4123e7bb12ed4d0103a5e201ed06e2dc,M1,2024-08,76.75940246925161,1297
F607485FEABD1106E0D63A9DDE870E1A2029782D738806F0E2EC442529A13FAE,a643aee9bcd471ab8af87f09d2bf4c6f4123e7bb12ed4d0103a5e201ed06e2dc,M2,2024-08,76.75940246925161,1298
951BDE5D3927AA2C5F2833AF481821E996E6310D4421BC1B7714AED57AEF6853,a643aee9bcd471ab8af87f09d2bf4c6f4123e7bb12ed4d0103a5e201ed06e2dc,M3,2024-08,76.75940246925161,1299
D7A8EF4AC20437184859288CC859ADF001AD8D77FA6687B27785181CD9FD254C,a77a893ae888b3930e5d61c0708f82b0910c84e163e3788fc638fd6e0005d01c,M0,2021-08,0.8649391831620742,1300
D1119C7A6C5A056FBFC4834A0905E59643867BC800A2B3E95B20795B30D373D4,a77a893ae888b3930e5d61c0708f82b0910c84e163e3788fc638fd6e0005d01c,M1,2021-08,0.8649391831620742,1301
A1B879D8B39641CF6A4B3E9FC0F76911081355CC6CB277E716493B1A8BAABAD5,a77a893ae888b3930e5d61c0708f82b0910c84e163e3788fc638fd6e0005d01c,M2,2021-08,0.8649391831620742,1302
9801A27F46E3F896B67722150D7BF77965BFD78A7049416000CF418A49C5B9E9,a77a893ae888b3930e5d61c0708f82b0910c84e163e3788fc638fd6e0005d01c,M3,2021-08,0.8649391831620742,1303
B8F3AAC4FC8523AA3AEE8AB7416C0DE4814CBC06063E7E2C137B9C6AC2D40CC9,a77a893ae888b3930e5d61c0708f82b0910c84e163e3788fc638fd6e0005d01c,M0,2022-02,0.8649391831620742,1304
09F7C8578154BC55103ED0829514172FD0D6E422A14856501C074D3ED0BE7336,a77a893ae888b3930e5d61c0708f82b0910c84e163e3788fc638fd6e0005d01c,M1,2022-02,0.8649391831620742,1305
92B2C04D6D39C79CDF78238D9D831F63C9C74A94FFDE180EFD4F38B7D4B5A3A4,a77a893ae888b3930e5d61c0708f82b0910c84e163e3788fc638fd6e0005d01c,M2,2022-02,0.8649391831620742,1306
7E3E756272144435EC6B7765AD57E57A6B24DD1C3E6A2A5A2D3725F37E333400,a77a893ae888b3930e5d61c0708f82b0910c84e163e3788fc638fd6e0005d01c,M3,2022-02,0.8649391831620742,1307
6663AFF861400D7F5FCFC07E0E678093A49FDD25616EC4F81684D54955967E82,a77a893ae888b3930e5d61c0708f82b0910c84e163e3788fc638fd6e0005d01c,M0,2022-08,0.8649391831620742,1308
27A22397092CCDF6D5FEE9CF7B008B9B893B777B334E1623746622F1B24FD9F6,a77a893ae888b3930e5d61c0708f82b0910c84e163e3788fc638fd6e0005d01c,M1,2022-08,0.8649391831620742,1309
547D7C460019CC80421248B00A4A90909C27ACE4ED2AFEBE3B1F874BEAF45F7E,a77a893ae888b3930e5d61c0708f82b0910c84e163e3788fc638fd6e0005d01c,M2,2022-08,0.8649391831620742,1310
CB3F627D5780258C6F5CC340870D92B9782CA22CD93348FAC6F5D65A62866FA5,a77a893ae888b3930e5d61c0708f82b0910c84e163e3788fc638fd6e0005d01c,M3,2022-08,0.8649391831620742,1311
3076C8ED768677534A1E54450CF622B802CA72EC3D4E5695F4D66957808AC5BD,a77a893ae888b3930e5d61c0708f82b0910c84e163e3788fc638fd6e0005d01c,M0,2023-08,0.8649391831620742,1312
FDA8795BD4CABB8821C0D762F82A5EED8AD796199A679DF5D6A0A63E062F334C,a77a893ae888b3930e5d61c0708f82b0910c84e163e3788fc638fd6e0005d01c,M1,2023-08,0.8649391831620742,1313
5FB9CBBD2454AD9A777DCD68D433A37269AED7C2B576ABCE7DBE8F0812FD3A03,a77a893ae888b3930e5d61c0708f82b0910c84e163e3788fc638fd6e0005d01c,M2,2023-08,0.8649391831620742,1314
E2342D3E8E8C88F7CCA979BD8220B23D91BF32CACEC2C894F82F545264B2FC64,a77a893ae888b3930e5d61c0708f82b0910c84e163e3788fc638fd6e0005d01c,M3,2023-08,0.8649391831620742,1315
2021A0A22B53955DCE5DB98DECD63555F720CF97A1A827F302E3BDC3FDFCEA70,a77a893ae888b3930e5d61c0708f82b0910c84e163e3788fc638fd6e0005d01c,M0,2024-08,0.8649391831620742,1316
8EE810A48436EE72E2F1680474D3E359CE54DBAEBE4F19459B04D61EC92597EA,a77a893ae888b3930e5d61c0708f82b0910c84e163e3788fc638fd6e0005d01c,M1,2024-08,0.8649391831620742,1317
8FB021340DE5AFB0EDE2EAFBDFAC0E25DF1CC729563262EFECB7E669468C32C5,a77a893ae888b3930e5d61c0708f82b0910c84e163e3788fc638fd6e0005d01c,M2,2024-08,0.8649391831620742,1318
EB2AD32C2D0D836A09F0ED8EF1B8EB0213E2AD707994411F9528FF75EC1548D4,a77a893ae888b3930e5d61c0708f82b0910c84e163e3788fc638fd6e0005d01c,M3,2024-08,0.8649391831620742,1319
689CE0364B27EBAE77061AE91CD53AE05B1417CD5ED333589D31E394A1BE5967,abb525a819d3921eb93984a13843c75eb020e27fba20898d979443708fefd046,M0,2021-08,67.24481023909577,1320
70964E00A1E56EF56A960E27DED75A78F78AF2DED6B7D1056B9D11681C301D9B,abb525a819d3921eb93984a13843c75eb020e27fba20898d979443708fefd046,M1,2021-08,67.24481023909577,1321
636CA79F87F524F5AE8F17E0CE4AD9CC0775132F4E30E1435451D13357D416A6,abb525a819d3921eb93984a13843c75eb020e27fba20898d979443708fefd046,M2,2021-08,67.24481023909577,1322
BF509AE2DDCC0EAFD936BFA91039F973CDC3ABC3A034348C2302041F760E14A1,abb525a819d3921eb93984a13843c75eb020e27fba20898d979443708fefd046,M3,2021-08,67.24481023909577,1323
551EF8DE0692E87C1ACAB8F4A71B176CE2F87F487E2E5A15F1D939727D473E36,abb525a819d3921eb93984a13843c75eb020e27fba20898d979443708fefd046,M0,2022-02,67.24481023909577,1324
1CD376DAFE50EEA2AC299AFE3D2248BD6314B111F23B1F79FC3C9955AA77A3B8,abb525a819d3921eb93984a13843c75eb020e27fba20898d979443708fefd046,M1,2022-02,67.24481023909577,1325
66504508EB69A8200AD8BD708B55DDF0E82E3D724B1EBEE340142EF12BDAAB46,abb525a819d3921eb93984a13843c75eb020e27fba20898d979443708fefd046,M2,2022-02,67.24481023909577,1326
0ED3F5AFB42FEAE6AA7721E34C56B9A015166BEF928D79CB073B11D2A59C53BC,abb525a819d3921eb93984a13843c75eb020e27fba20898d979443708fefd046,M3,2022-02,67.24481023909577,1327
5DE134DAEDAFA8C65898080CE81A7CBA083935F10AB1D9F3F53401194792D273,abb525a819d3921eb93984a13843c75eb020e27fba20898d979443708fefd046,M0,2022-08,67.24481023909577,1328
E5BC53255B604B8E63E596B0874C628B4811BE366B24A01A799FD4611792239A,abb525a819d3921eb93984a13843c75eb020e27fba20898d979443708fefd046,M1,2022-08,67.24481023909577,1329
D206DB30A92FFD01865B57095548966031CC54FE00DFE91D30731364A9519044,abb525a819d3921eb93984a13843c75eb020e27fba20898d979443708fefd046,M2,2022-08,67.24481023909577,1330
170C2959D5C3BF9D7CD8F9B16B317009340965C47AD6D2DA8F86B9750E351630,abb525a819d3921eb93984a13843c75eb020e27fba20898d979443708fefd046,M3,2022-08,67.24481023909577,1331
B4FBA7225F31A6450A1AE580D077369430685B40D2934F49B91437DAF3C3F49C,abb525a819d3921eb93984a13843c75eb020e27fba20898d979443708fefd046,M0,2023-08,67.24481023909577,1332
32FD8747EDC70BABCDE8C20441B684864D6CEA3F944DE172986D1B70D455A028,abb525a819d3921eb93984a13843c75eb020e27fba20898d979443708fefd046,M1,2023-08,67.24481023909577,1333
3AC797F31FA411AE419FA038C14348C9A1A40AB56590A6A7015B4481168EB37B,abb525a819d3921eb93984a13843c75eb020e27fba20898d979443708fefd046,M2,2023-08,67.24481023909577,1334
9F0F35F2DBC6BB64AB83E12828C9230240F74B704B0F9D84FF5C5AE575F814B6,abb525a819d3921eb93984a13843c75eb020e27fba20898d979443708fefd046,M3,2023-08,67.24481023909577,1335
0185DE0AFF9BCAB5DFC965008A8FB4740C24EFC6519BEBFE426EDD9832F762B4,abb525a819d3921eb93984a13843c75eb020e27fba20898d979443708fefd046,M0,2024-08,67.24481023909577,1336
EA15E03C18586AED6CAF1793F0C9C4317E7EAA79496B937AFF56EBA7D87600F4,abb525a819d3921eb93984a13843c75eb020e27fba20898d979443708fefd046,M1,2024-08,67.24481023909577,1337
228C2183638D51AFEC170DA60524EF19FB7614F338B29506727D71B89B1F1B2D,abb525a819d3921eb93984a13843c75eb020e27fba20898d979443708fefd046,M2,2024-08,67.24481023909577,1338
AE8C3D6B8663687BACF8DE35CC11797357F3556B54CE39029AC4341256828289,abb525a819d3921eb93984a13843c75eb020e27fba20898d979443708fefd046,M3,2024-08,67.24481023909577,1339
7662D3F6CDB2AA0093CD95F3A43A45EC8133BFF70FA0F2B8D52AF81939F7B5E3,af6627a7757a1b7476909615f7ea45920f7b4015055c9788e83aca36713e3d8d,M0,2021-08,2.346423803274093,1340
270E36071CF35EA65B543C8970DCB8CE3E7FAD5031980C62C59D2785FE1A9D22,af6627a7757a1b7476909615f7ea45920f7b4015055c9788e83aca36713e3d8d,M1,2021-08,2.346423803274093,1341
84656006A3192A79DB007EAF67678E8D9A53CCB8D6A8AE8DF8CEE4DC38C7CE7B,af6627a7757a1b7476909615f7ea45920f7b4015055c9788e83aca36713e3d8d,M2,2021-08,2.346423803274093,1342
9D1DB546516686198966A7FE3E0FBB7CAC0BF0A364F2FD181CBA248D54A39422,af6627a7757a1b7476909615f7ea45920f7b4015055c9788e83aca36713e3d8d,M3,2021-08,2.346423803274093,1343
CCC1D4B2423CD4900147113A82FEC30C4C65EE24D6A8AFA500556194D3267D49,af6627a7757a1b7476909615f7ea45920f7b4015055c9788e83aca36713e3d8d,M0,2022-02,2.346423803274093,1344
2E75E220EA2EBFAFCD94619357B2CC4B5CB1DF5D628B1B181DF4F90DED334187,af6627a7757a1b7476909615f7ea45920f7b4015055c9788e83aca36713e3d8d,M1,2022-02,2.346423803274093,1345
67105D876C2CA1515DD9DD3E30AE15401FD02E2654FA2601AEEE7C686B6F2C8F,af6627a7757a1b7476909615f7ea45920f7b4015055c9788e83aca36713e3d8d,M2,2022-02,2.346423803274093,1346
9DE79F5B8A3A5476E03079419C27EA427F05DE5913EB1684616B286FC2DEDFCA,af6627a7757a1b7476909615f7ea45920f7b4015055c9788e83aca36713e3d8d,M3,2022-02,2.346423803274093,1347
F33C078F5AAD8C9767E94861FEF23EE7FEBB2AFDC42E4227D2834936586FE564,af6627a7757a1b7476909615f7ea45920f7b4015055c9788e83aca36713e3d8d,M0,2022-08,2.346423803274093,1348
E5EC815945928441372D32469F06A050E883055859950FCD29ACAE3A2B8014E3,af6627a7757a1b7476909615f7ea45920f7b4015055c9788e83aca36713e3d8d,M1,2022-08,2.346423803274093,1349
727559B93A27D9656C47D7A058FEA5018E195C60B06CEEA8E35B3E4CC019324B,af6627a7757a1b7476909615f7ea45920f7b4015055c9788e83aca36713e3d8d,M2,2022-08,2.346423803274093,1350
2197D3B020D3E8F04764175E108FA2AC7CDFC8FBF564BF7BE0DF9E4163FF0373,af6627a7757a1b7476909615f7ea45920f7b4015055c9788e83aca36713e3d8d,M3,2022-08,2.346423803274093,1351
B02D66A7C77DDD802E8F9313AA5E575C13941D9DA5FB47E67B5625160C3F4F24,af6627a7757a1b7476909615f7ea45920f7b4015055c9788e83aca36713e3d8d,M0,2023-08,2.346423803274093,1352
2D5A2C99E0964E9227525ED0F4F880E304610EC5B8A884F4579FA95947F82B4E,af6627a7757a1b7476909615f7ea45920f7b4015055c9788e83aca36713e3d8d,M1,2023-08,2.346423803274093,1353
60146F6F494564C31EE1256E415EEE0B92850D76220524382FF3657E4154B152,af6627a7757a1b7476909615f7ea45920f7b4015055c9788e83aca36713e3d8d,M2,2023-08,2.346423803274093,1354
00BF1DB640DC41A532C759FC3DF1FD2DFD99F2673F1532343E9C6DDC25E700E7,af6627a7757a1b7476909615f7ea45920f7b4015055c9788e83aca36713e3d8d,M3,2023-08,2.346423803274093,1355
40498F0A5589563B72AC1D306592736CF4487042C0637A999385C5D5D80A46BE,af6627a7757a1b7476909615f7ea45920f7b4015055c9788e83aca36713e3d8d,M0,2024-08,2.346423803274093,1356
A6CB4230837713424053CCD2816A5A7936572092CAF572E8B66BB144A3A88B60,af6627a7757a1b7476909615f7ea45920f7b4015055c9788e83aca36713e3d8d,M1,2024-08,2.346423803274093,1357
376373CDAF1FA5F3ADC95EA61F631EA3F69132675348D061AC360436EE7A611F,af6627a7757a1b7476909615f7ea45920f7b4015055c9788e83aca36713e3d8d,M2,2024-08,2.346423803274093,1358
F8650C61A1DBFAB6656B0F0E492EC3BCDBC0AE6F9BDA54670A1902EAFBE61325,af6627a7757a1b7476909615f7ea45920f7b4015055c9788e83aca36713e3d8d,M3,2024-08,2.346423803274093,1359
F22655D7168531CE67DC32F8B3FB1B5CB4788E8AE4985A75C922F181CB05427A,af96adf2ae7784b9756a42bc6207f5ef05a670c5325a8f89465a775502cfae74,M0,2021-08,39.06786232437912,1360
ED730C26EF678A25C5D1DB4D9F92A6B4B305E959F8155B6CBAD64CEC7B2A4D4F,af96adf2ae7784b9756a42bc6207f5ef05a670c5325a8f89465a775502cfae74,M1,2021-08,39.06786232437912,1361
69DEC1A5EDF39B33A9452D128A662E3D37B972EFDFA280B5FD4CC35C9249CE1A,af96adf2ae7784b9756a42bc6207f5ef05a670c5325a8f89465a775502cfae74,M2,2021-08,39.06786232437912,1362
47A5C3739126658968DC9ABC7D39D585146A2B8EC106CD4F10507CE14DA34AF9,af96adf2ae7784b9756a42bc6207f5ef05a670c5325a8f89465a775502cfae74,M3,2021-08,39.06786232437912,1363
CFB4C93B6D39EEC8E4A9DFFBBAD32E6487392A53C1F9144123DB6840F4EF7C9D,af96adf2ae7784b9756a42bc6207f5ef05a670c5325a8f89465a775502cfae74,M0,2022-02,39.06786232437912,1364
71EC85FAFB5A09FBC39D8035E2B639350E26BC805A568A93047552472D93CBB2,af96adf2ae7784b9756a42bc6207f5ef05a670c5325a8f89465a775502cfae74,M1,2022-02,39.06786232437912,1365
0A19D2520A867B13CCCDD282F745DF13A045960E79376ED1C1B37C3AB01D1232,af96adf2ae7784b9756a42bc6207f5ef05a670c5325a8f89465a775502cfae74,M2,2022-02,39.06786232437912,1366
C7D9A118EC4F290C682A00FA0D1D16E6918A9B8ED58AFEE0502862FAD9A23795,af96adf2ae7784b9756a42bc6207f5ef05a670c5325a8f89465a775502cfae74,M3,2022-02,39.06786232437912,1367
5F8ACC3E61EC0ED1DACB0E1E10D044597A0328FC402D188C29225F2E4F5AE043,af96adf2ae7784b9756a42bc6207f5ef05a670c5325a8f89465a775502cfae74,M0,2022-08,39.06786232437912,1368
8DA0365B6F372D92B30B99097E3BB6B5AAB9A5564F5852DDEA3E2B560AA79FB2,af96adf2ae7784b9756a42bc6207f5ef05a670c5325a8f89465a775502cfae74,M1,2022-08,39.06786232437912,1369
1F85FB5B73A46D9814EE709CAA51DDB9614D9ACD0F339C4CC6CBBD276D387165,af96adf2ae7784b9756a42bc6207f5ef05a670c5325a8f89465a775502cfae74,M2,2022-08,39.06786232437912,1370
82291EC85CD1D015E089F2BFD91C5BEA2EF831AA85201EB87F33E3CA5F352448,af96adf2ae7784b9756a42bc6207f5ef05a670c5325a8f89465a775502cfae74,M3,2022-08,39.06786232437912,1371
98C729C6F2A83FDCE0B70A4EF580206502D5F4C09572F54BCCD18F348DD92188,af96adf2ae7784b9756a42bc6207f5ef05a670c5325a8f89465a775502cfae74,M0,2023-08,39.06786232437912,1372
F894C114F0A3DC9D25DBB91F41CFC51E148A70CA2CE18C5108387DF3314CA661,af96adf2ae7784b9756a42bc6207f5ef05a670c5325a8f89465a775502cfae74,M1,2023-08,39.06786232437912,1373
D2052CB9065598DC3C99452E87DF1A3FB7D16A029B200A8E7DC7CB58E28C5BA9,af96adf2ae7784b9756a42bc6207f5ef05a670c5325a8f89465a775502cfae74,M2,2023-08,39.06786232437912,1374
FDB87DE3E14485824423DF7B1B538BFAE958CB8738418242A3B685C7900AB4AC,af96adf2ae7784b9756a42bc6207f5ef05a670c5325a8f89465a775502cfae74,M3,2023-08,39.06786232437912,1375
1308E0B24A2D6C7ABDD9F31977D4D00713133C47DCE1624253181869B515442A,af96adf2ae7784b9756a42bc6207f5ef05a670c5325a8f89465a775502cfae74,M0,2024-08,39.06786232437912,1376
E3C8699EDE1686F0A04CEA18E22A14C647BCCE03421C045FA91DCA3BC15036D3,af96adf2ae7784b9756a42bc6207f5ef05a670c5325a8f89465a775502cfae74,M1,2024-08,39.06786232437912,1377
84D588203E71AA581D07BEC692EFDB4F64BC2526DD0172973507A2B4FD4F4B5F,af96adf2ae7784b9756a42bc6207f5ef05a670c5325a8f89465a775502cfae74,M2,2024-08,39.06786232437912,1378
BF9B370B5EC723CCE31535FE83A5C1CCF801430668648A8D2638145EA7C18531,af96adf2ae7784b9756a42bc6207f5ef05a670c5325a8f89465a775502cfae74,M3,2024-08,39.06786232437912,1379
6CACE7C7033A44251A9A90A95530E1E5398F9332913F23332E703CF3CFB42805,b17ab3f011b5de77dd13dca26e73c3b8f25c5c9db85f75a78103431340f6b6ce,M0,2021-08,46.91026393583855,1380
CCBA990E1F0938151C93F13C768F1025A9766542C2B0AA368313B58CE1CBAE6D,b17ab3f011b5de77dd13dca26e73c3b8f25c5c9db85f75a78103431340f6b6ce,M1,2021-08,46.91026393583855,1381
B8B7374197C3DE30C7B0759B054DC6649B1A8F126C036698308C3A56F5025DA7,b17ab3f011b5de77dd13dca26e73c3b8f25c5c9db85f75a78103431340f6b6ce,M2,2021-08,46.91026393583855,1382
A6E0963FAA92990AC1CDEC75F9E1EA3EDE4882221DDF960419DB4F8B9A3F1F16,b17ab3f011b5de77dd13dca26e73c3b8f25c5c9db85f75a78103431340f6b6ce,M3,2021-08,46.91026393583855,1383
241E759211E73B8150AF7593894397C3E0721B67679308BE43CB4E9B18001D93,b17ab3f011b5de77dd13dca26e73c3b8f25c5c9db85f75a78103431340f6b6ce,M0,2022-02,46.91026393583855,1384
ED10504573D59222C239B8CFF9AD936D0EA8119D753C0BEB81189CE2CB226109,b17ab3f011b5de77dd13dca26e73c3b8f25c5c9db85f75a78103431340f6b6ce,M1,2022-02,46.91026393583855,1385
FA06CBFCDF54619B1A14D5DC7A8C6E91C2E2CE6A9551102B77CE7D210BC65185,b17ab3f011b5de77dd13dca26e73c3b8f25c5c9db85f75a78103431340f6b6ce,M2,2022-02,46.91026393583855,1386
31AD77CCF2279A0BE4281D758FD376166BEBDCC5541F31C98E09E7A0AD1A6081,b17ab3f011b5de77dd13dca26e73c3b8f25c5c9db85f75a78103431340f6b6ce,M3,2022-02,46.91026393583855,1387
A7836D7E5B36A99A9E0AB15609A7FB2A46356BFDB760D138380BEDB67B797755,b17ab3f011b5de77dd13dca26e73c3b8f25c5c9db85f75a78103431340f6b6ce,M0,2022-08,46.91026393583855,1388
84F51F07528B1932EB88E74EF4CF519BFA258B65A7A42813F1932C02406C6D01,b17ab3f011b5de77dd13dca26e73c3b8f25c5c9db85f75a78103431340f6b6ce,M1,2022-08,46.91026393583855,1389
793DA85D1662F946FDC3DDF5EEDDFAB8A024E4D8D6BFE11DCE2F9B3F9E1FA932,b17ab3f011b5de77dd13dca26e73c3b8f25c5c9db85f75a78103431340f6b6ce,M2,2022-08,46.91026393583855,1390
9175E4FF5B4EB33158CD8EAE7C608675491C22114C86707F09E7C4888DE08B6C,b17ab3f011b5de77dd13dca26e73c3b8f25c5c9db85f75a78103431340f6b6ce,M3,2022-08,46.91026393583855,1391
2ADF8FB15096507191E198E39E01EE79C30E3499208DD3F552B94EEF594DD71D,b17ab3f011b5de77dd13dca26e73c3b8f25c5c9db85f75a78103431340f6b6ce,M0,2023-08,46.91026393583855,1392
9A214B030FB70B55844D52D4E5CFB8B54BE1B51459A2AC71F3DDDAA0F8BFA4DD,b17ab3f011b5de77dd13dca26e73c3b8f25c5c9db85f75a78103431340f6b6ce,M1,2023-08,46.91026393583855,1393
6BD41AEB0C7F711DFA6E882F5B93F39F606157041E8A090A986F96E10702193D,b17ab3f011b5de77dd13dca26e73c3b8f25c5c9db85f75a78103431340f6b6ce,M2,2023-08,46.91026393583855,1394
5F7BD2684557D4051824388FEED1E92E19C08ECD5469B1A5DA80A4593890A702,b17ab3f011b5de77dd13dca26e73c3b8f25c5c9db85f75a78103431340f6b6ce,M3,2023-08,46.91026393583855,1395
32EE9F7C506AD95BC0920D78B6702D33D6B503C035EF4A9FC75C973F60B82736,b17ab3f011b5de77dd13dca26e73c3b8f25c5c9db85f75a78103431340f6b6ce,M0,2024-08,46.91026393583855,1396
70C1354814E3F9E5B3C8F0D7D7F3C4622848DB8365AED9BFBEA0B9CC9582BF2D,b17ab3f011b5de77dd13dca26e73c3b8f25c5c9db85f75a78103431340f6b6ce,M1,2024-08,46.91026393583855,1397
EAB0D902B031790B7B9E311472B474B79C9DDA1AB02A65873C75845128102D01,b17ab3f011b5de77dd13dca26e73c3b8f25c5c9db85f75a78103431340f6b6ce,M2,2024-08,46.91026393583855,1398
1DC86E46246E3B8A4F6DB0B7D62732459FBA1A4E247FE3E7C6C5F3A45DA1856F,b17ab3f011b5de77dd13dca26e73c3b8f25c5c9db85f75a78103431340f6b6ce,M3,2024-08,46.91026393583855,1399
389F09579AC00F3FB3E7A2B167E844C52FA7444E6E31DD21ACAA3807D19B0F6E,b23a3bb94d46cb541bd95ae67bbc1246bea88b1bf7ec20e5f20dc45ccd7080b9,M0,2021-08,73.2949746635762,1400
E280F7A2FAFD537825C5E93D3297EF4C95762DE4976394B63DC232753D665332,b23a3bb94d46cb541bd95ae67bbc1246bea88b1bf7ec20e5f20dc45ccd7080b9,M1,2021-08,73.2949746635762,1401
A068F5C35A4098187AF42663FD08DE57787C27C3C7119BE3FD408BDBABD8DCB6,b23a3bb94d46cb541bd95ae67bbc1246bea88b1bf7ec20e5f20dc45ccd7080b9,M2,2021-08,73.2949746635762,1402
3785BF4ECCEF94669A8517CEC7C652CFE86B7C34F398C96EE78638D5E74EC208,b23a3bb94d46cb541bd95ae67bbc1246bea88b1bf7ec20e5f20dc45ccd7080b9,M3,2021-08,73.2949746635762,1403
38E3B4175EE83B271438AB0CB32D230A2B72FACA9983ECC78F1C71A5AA601289,b23a3bb94d46cb541bd95ae67bbc1246bea88b1bf7ec20e5f20dc45ccd7080b9,M0,2022-02,73.2949746635762,1404
BFE4736AD1DD68B80701C586BAC4621650635758B7BB2D7674823BDC88A8870A,b23a3bb94d46cb541bd95ae67bbc1246bea88b1bf7ec20e5f20dc45ccd7080b9,M1,2022-02,73.2949746635762,1405
6064AC3C5D35DE9687417914F1EFC90911DB81A16E62476518B6293856436E2F,b23a3bb94d46cb541bd95ae67bbc1246bea88b1bf7ec20e5f20dc45ccd7080b9,M2,2022-02,73.2949746635762,1406
B240545D92EFF12C7068F6AE98DB027332B3D5C5A5DAD3D6AA189133EA566D44,b23a3bb94d46cb541bd95ae67bbc1246bea88b1bf7ec20e5f20dc45ccd7080b9,M3,2022-02,73.2949746635762,1407
90C6220A61F4DDDF8B511C8495FCD86B89AA246254549791FF472A62C85A36C2,b23a3bb94d46cb541bd95ae67bbc1246bea88b1bf7ec20e5f20dc45ccd7080b9,M0,2022-08,73.2949746635762,1408
E01864633A9ACB10FF10CAB66F4728B3003D71DF27CCA569F0FE196EFB9F1905,b23a3bb94d46cb541bd95ae67bbc1246bea88b1bf7ec20e5f20dc45ccd7080b9,M1,2022-08,73.2949746635762,1409
22A850367FE17B367AD87F37B55B7B581FC6423CC2E18F8F127B2C525E3E5070,b23a3bb94d46cb541bd95ae67bbc1246bea88b1bf7ec20e5f20dc45ccd7080b9,M2,2022-08,73.2949746635762,1410
93F537006E8AC58EB282390C354A570B9F498A9870A534948318E2CA7F079727,b23a3bb94d46cb541bd95ae67bbc1246bea88b1bf7ec20e5f20dc45ccd7080b9,M3,2022-08,73.2949746635762,1411
4B19CF49FB7BC7C3129D043922265B975148362A40E3A0EA22D2B4BC39A82E2F,b23a3bb94d46cb541bd95ae67bbc1246bea88b1bf7ec20e5f20dc45ccd7080b9,M0,2023-08,73.2949746635762,1412
24D4755EAE0402235EA65EC40D9946D4E7D6EBA891C329428A03E269D664CE6B,b23a3bb94d46cb541bd95ae67bbc1246bea88b1bf7ec20e5f20dc45ccd7080b9,M1,2023-08,73.2949746635762,1413
A37548C032C15A6FD4093AD64923CA6992FEE1D8BA90826ECB69B7F00433D785,b23a3bb94d46cb541bd95ae67bbc1246bea88b1bf7ec20e5f20dc45ccd7080b9,M2,2023-08,73.2949746635762,1414
95FB9200799D0A0C995BF02D5908B824B9C6F88B372C7DCD7B6CD97C18FAFB4E,b23a3bb94d46cb541bd95ae67bbc1246bea88b1bf7ec20e5f20dc45ccd7080b9,M3,2023-08,73.2949746635762,1415
F5479693362B806BF99E96C56380672B92AC7F725315DDC4BB119E8A21EA9432,b23a3bb94d46cb541bd95ae67bbc1246bea88b1bf7ec20e5f20dc45ccd7080b9,M0,2024-08,73.2949746635762,1416
39555FDE5208DEDB9C47E20E801F7634F289459A061FA14DEA21C68EC2F933E2,b23a3bb94d46cb541bd95ae67bbc1246bea88b1bf7ec20e5f20dc45ccd7080b9,M1,2024-08,73.2949746635762,1417
AB61D998F8F36B6410536DC8E437AE68CEE9841222981FC7650D0DEAA15248C4,b23a3bb94d46cb541bd95ae67bbc1246bea88b1bf7ec20e5f20dc45ccd7080b9,M2,2024-08,73.2949746635762,1418
E71CE25BEFE8D69F78B6503E175E924E1FDA6871794BE54A9C8E57D2D7889984,b23a3bb94d46cb541bd95ae67bbc1246bea88b1bf7ec20e5f20dc45ccd7080b9,M3,2024-08,73.2949746635762,1419
546B7E28C4F3CE89C10C6AF2E8B95F5476FFABABCEC8905F8FE3DAD7FA1DD7B7,b27566ba8297a7028903a835c42e24ddf129e53c2b4ef298938f6b1e14faf063,M0,2021-08,24.93318553432079,1420
210D22748BB3701D18EA7DC6F5290CAF8D309F626276A6E80F7F134BA8F529AB,b27566ba8297a7028903a835c42e24ddf129e53c2b4ef298938f6b1e14faf063,M1,2021-08,24.93318553432079,1421
AAC0FCD96A04DBD405DE4BF9F2AFF1E6C9F102ED9FCCE0A2155D5FB0AFD1630F,b27566ba8297a7028903a835c42e24ddf129e53c2b4ef298938f6b1e14faf063,M2,2021-08,24.93318553432079,1422
DF598ED013427567C5F92DFCBA15DCDE27503BCFF0A3F178D03D54CEC2B4F126,b27566ba8297a7028903a835c42e24ddf129e53c2b4ef298938f6b1e14faf063,M3,2021-08,24.93318553432079,1423
3B458D26290E5C7330C09FF17491839821D73C488466EFC3A31D3374FCC488A1,b27566ba8297a7028903a835c42e24ddf129e53c2b4ef298938f6b1e14faf063,M0,2022-02,24.93318553432079,1424
268EB23F698D848DC457E471FD0D862B2F8FA85B458ACD663F3252366D3A5377,b27566ba8297a7028903a835c42e24ddf129e53c2b4ef298938f6b1e14faf063,M1,2022-02,24.93318553432079,1425
554B506353A851B3B47D75DC9F559AF7FD510782B0FD00CFC98FAC71B51A9BFD,b27566ba8297a7028903a835c42e24ddf129e53c2b4ef298938f6b1e14faf063,M2,2022-02,24.93318553432079,1426
312249FE8C48A131196F3B13026AF4E1AD639F044E4AD12D560F957FEC1B7029,b27566ba8297a7028903a835c42e24ddf129e53c2b4ef298938f6b1e14faf063,M3,2022-02,24.93318553432079,1427
32F40CB7A352A7B6EEEA084E6BC3743EBB7CC138CC0764C846BB7BBEE63FDA4B,b27566ba8297a7028903a835c42e24ddf129e53c2b4ef298938f6b1e14faf063,M0,2022-08,24.93318553432079,1428
0BE60AAB24BB352F7CB372DDC08F9D99FCD04AD5CB1D1B465A53CD9E5ED492E8,b27566ba8297a7028903a835c42e24ddf129e53c2b4ef298938f6b1e14faf063,M1,2022-08,24.93318553432079,1429
8DA1957F2772FFAD1CCEA9BED2CC3EB1D2925CD7CF5EF06CFDCB6AF7A569C3A3,b27566ba8297a7028903a835c42e24ddf129e53c2b4ef298938f6b1e14faf063,M2,2022-08,24.93318553432079,1430
1C027582FBF3D4656BFB6D447A13E5A3DFCA26FF2C7C9647FC661B7D80399BE5,b27566ba8297a7028903a835c42e24ddf129e53c2b4ef298938f6b1e14faf063,M3,2022-08,24.93318553432079,1431
9A80DFE575E05F946099911B454C0E636BF7E4F6FEC2B8684569F84E078B7E4D,b27566ba8297a7028903a835c42e24ddf129e53c2b4ef298938f6b1e14faf063,M0,2023-08,24.93318553432079,1432
6D56A5EC25EEE926128E6DC74782277075FD8433473B26DBDFE01E6569388723,b27566ba8297a7028903a835c42e24ddf129e53c2b4ef298938f6b1e14faf063,M1,2023-08,24.93318553432079,1433
3B85DE73496CC289A4393E587F10EBD318320353A3460E4A6DD92A800B4DF3FE,b27566ba8297a7028903a835c42e24ddf129e53c2b4ef298938f6b1e14faf063,M2,2023-08,24.93318553432079,1434
B5E0C2D1FB6D510E17C008DA2F3F8883B5DA1F8B5BFA37DB96B4BE26DDE2F422,b27566ba8297a7028903a835c42e24ddf129e53c2b4ef298938f6b1e14faf063,M3,2023-08,24.93318553432079,1435
75607355D7B43418FCB871875EDB648B09AF89170C03D0E38EFC47F5F2EAAEFC,b27566ba8297a7028903a835c42e24ddf129e53c2b4ef298938f6b1e14faf063,M0,2024-08,24.93318553432079,1436
137243BCCD929E91B0A74B27418D470AE808D94F239D83526C1EBF43871A5678,b27566ba8297a7028903a835c42e24ddf129e53c2b4ef298938f6b1e14faf063,M1,2024-08,24.93318553432079,1437
2B6D36AEE43996B2DB2B7C8AFCCE610F9008DFD22BA3C04C670AEF88BDB63E1C,b27566ba8297a7028903a835c42e24ddf129e53c2b4ef298938f6b1e14faf063,M2,2024-08,24.93318553432079,1438
54CD277E5B97474BC2BE7F0787A1C9B9CDB1100CEB7E767E260D7E5D41128E70,b27566ba8297a7028903a835c42e24ddf129e53c2b4ef298938f6b1e14faf063,M3,2024-08,24.93318553432079,1439
B6A1D974A39FB4260BA91A5C1065C8D4A3C33C3DF25CD4919AB2C31AE676B8D0,b3370737ab5b6805bed4644847445148bb4cd0a642b5d0fb523f3e37bcffc9a9,M0,2021-08,23.978564641842546,1440
2681F1C7ECC433DEED341AB7F72F05D2A4F5C747B07A5191F0E40977258784DB,b3370737ab5b6805bed4644847445148bb4cd0a642b5d0fb523f3e37bcffc9a9,M1,2021-08,23.978564641842546,1441
6BF77286C122DCFD39F5BDC9963EEE4EC8F19004F3B856C9B47274E90E826E73,b3370737ab5b6805bed4644847445148bb4cd0a642b5d0fb523f3e37bcffc9a9,M2,2021-08,23.978564641842546,1442
F5E7A48F3BE94189BCD0A07888F4FCB46733DF0041509F3540A76EF9623AFBF2,b3370737ab5b6805bed4644847445148bb4cd0a642b5d0fb523f3e37bcffc9a9,M3,2021-08,23.978564641842546,1443
EC0011471B3D1FCB45FFC6F94B2F9B62BAD0B404CCAC5B287CC598A00E335459,b3370737ab5b6805bed4644847445148bb4cd0a642b5d0fb523f3e37bcffc9a9,M0,2022-02,23.978564641842546,1444
82ADF05268BEB4FDBC5FF15AF4C76F9354798B4E88455D8ED772F0CF15A32F3B,b3370737ab5b6805bed4644847445148bb4cd0a642b5d0fb523f3e37bcffc9a9,M1,2022-02,23.978564641842546,1445
59BFA11C71F74E81B738FC85322959DF03638E643962A94C9EE4A5E5DC608A8C,b3370737ab5b6805bed4644847445148bb4cd0a642b5d0fb523f3e37bcffc9a9,M2,2022-02,23.978564641842546,1446
49A1127E20B1EA64EE696A3185F2C67CFB4A7A99E396A4CCBADA5A76692EFE18,b3370737ab5b6805bed4644847445148bb4cd0a642b5d0fb523f3e37bcffc9a9,M3,2022-02,23.978564641842546,1447
7DFED36A55E70DBEA67214D81D3727082BAE56162EF3983B6E726A89AC36F682,b3370737ab5b6805bed4644847445148bb4cd0a642b5d0fb523f3e37bcffc9a9,M0,2022-08,23.978564641842546,1448
3D5A95E64AA3BF5C976A0DF777A81C20AE79F18B2B9D67C05FC7FDC354C32545,b3370737ab5b6805bed4644847445148bb4cd0a642b5d0fb523f3e37bcffc9a9,M1,2022-08,23.978564641842546,1449
FBE020095CDA12CB707BD784A4E50B14FE83E39235295BF4B7E511868E41055E,b3370737ab5b6805bed4644847445148bb4cd0a642b5d0fb523f3e37bcffc9a9,M2,2022-08,23.978564641842546,1450
02EF9D9E84BEA1DE68FA1AABADF94C8295B1AF6B545F13CF1255CC46B031D869,b3370737ab5b6805bed4644847445148bb4cd0a642b5d0fb523f3e37bcffc9a9,M3,2022-08,23.978564641842546,1451
F782BABDDC522B1D4C8D4876574D84541A03A3714A785208CFF41A6323E15B52,b3370737ab5b6805bed4644847445148bb4cd0a642b5d0fb523f3e37bcffc9a9,M0,2023-08,23.978564641842546,1452
2923350592EBF649C4629D548EAC45C7AFB478035AD6FBDE735181D3081E6A64,b3370737ab5b6805bed4644847445148bb4cd0a642b5d0fb523f3e37bcffc9a9,M1,2023-08,23.978564641842546,1453
9B15D48E2421AD59BD9424539E401C3E6348C085B82C85A6F92B94EEB1B3F479,b3370737ab5b6805bed4644847445148bb4cd0a642b5d0fb523f3e37bcffc9a9,M2,2023-08,23.978564641842546,1454
A11E689EBC7B4A581E4BC6B1F7F10F8F534B9D5549C287404AC5CDC029AC8BE6,b3370737ab5b6805bed4644847445148bb4cd0a642b5d0fb523f3e37bcffc9a9,M3,2023-08,23.978564641842546,1455
37ED8F24BA4EA336E62AF2FF08214C593B90374ACA12BD7537D49FD7416C7106,b3370737ab5b6805bed4644847445148bb4cd0a642b5d0fb523f3e37bcffc9a9,M0,2024-08,23.978564641842546,1456
E72ECA68037E3ED5E489A209649FE5432349CE9C1A786E03455BB43D1D19908A,b3370737ab5b6805bed4644847445148bb4cd0a642b5d0fb523f3e37bcffc9a9,M1,2024-08,23.978564641842546,1457
2F8A056D1134E3CD21ACF9FD2744DFC009A1D923B5146242303CCF376FBC8438,b3370737ab5b6805bed4644847445148bb4cd0a642b5d0fb523f3e37bcffc9a9,M2,2024-08,23.978564641842546,1458
5992CF41372BD432B150D2511DEB1276DEF883C4CEEA12BEF2AA3AA4598AD632,b3370737ab5b6805bed4644847445148bb4cd0a642b5d0fb523f3e37bcffc9a9,M3,2024-08,23.978564641842546,1459
CFDF6D4E17B7226D2F6C61D0722C6C148138ADCB1B8D1CCAE4AD95C2F2F2D8BE,b34d85a1b7dc08ff8d5aa99952ad613f4e4d6621886d8809bd2a80dff009b446,M0,2021-08,11.92274494306731,1460
15659F30F47CB12AC15758ABCE6BA9932BEC0ADEEE1D3171AA797AC47A55D5CE,b34d85a1b7dc08ff8d5aa99952ad613f4e4d6621886d8809bd2a80dff009b446,M1,2021-08,11.92274494306731,1461
0CCF4FA5EE9AA6BF44F62B21133D0FE0D5C8C33D3CDA76F7017BA1A0C78FEE06,b34d85a1b7dc08ff8d5aa99952ad613f4e4d6621886d8809bd2a80dff009b446,M2,2021-08,11.92274494306731,1462
42BA8DEB8A05E5175949E7C713FB1F7A957D69D8446B53CDF050338D6E848D2F,b34d85a1b7dc08ff8d5aa99952ad613f4e4d6621886d8809bd2a80dff009b446,M3,2021-08,11.92274494306731,1463
22B444E4F5980CD6EC6DF5D536A496405A75C0C67D33B8D2CBD7AACFFCD22260,b34d85a1b7dc08ff8d5aa99952ad613f4e4d6621886d8809bd2a80dff009b446,M0,2022-02,11.92274494306731,1464
E0A210E556B52301026E4C1BACAE12BD9E844EBAAD2D61ACA55E579A384AFE38,b34d85a1b7dc08ff8d5aa99952ad613f4e4d6621886d8809bd2a80dff009b446,M1,2022-02,11.92274494306731,1465
0D2C620AE744AF06B791455115C6BCEE6CE71038F3F4E94E43B3F2BB063A3A21,b34d85a1b7dc08ff8d5aa99952ad613f4e4d6621886d8809bd2a80dff009b446,M2,2022-02,11.92274494306731,1466
9A06010E6F0800578327A32BA9530AF17ADAA1D6970E7F825D722239A680A458,b34d85a1b7dc08ff8d5aa99952ad613f4e4d6621886d8809bd2a80dff009b446,M3,2022-02,11.92274494306731,1467
111274FB8384D5CE5D1DB060A6576CF98C0FE016E0C0087E43E9018718221475,b34d85a1b7dc08ff8d5aa99952ad613f4e4d6621886d8809bd2a80dff009b446,M0,2022-08,11.92274494306731,1468
276B3045C6EDB732D0BC22FF1B4AC73F7B18019588E2E1652C936D56F202C0FB,b34d85a1b7dc08ff8d5aa99952ad613f4e4d6621886d8809bd2a80dff009b446,M1,2022-08,11.92274494306731,1469
9EC72B3C83525CDC15C4D710514E8C32A576D8D2B5EC960C8F040316D42CF477,b34d85a1b7dc08ff8d5aa99952ad613f4e4d6621886d8809bd2a80dff009b446,M2,2022-08,11.92274494306731,1470
9432587537589C9C4C7B88434871E753D02D6C5AC43380213BD33B04E565592A,b34d85a1b7dc08ff8d5aa99952ad613f4e4d6621886d8809bd2a80dff009b446,M3,2022-08,11.92274494306731,1471
32D00E43E1CA4C63BA7593765E598283DAEF7A60F19076DA244B4EDECBD5327D,b34d85a1b7dc08ff8d5aa99952ad613f4e4d6621886d8809bd2a80dff009b446,M0,2023-08,11.92274494306731,1472
048E24EE026DFD52260330C9811748E60EE0DFE1FCC73EF8E37300E7EE7F2C76,b34d85a1b7dc08ff8d5aa99952ad613f4e4d6621886d8809bd2a80dff009b446,M1,2023-08,11.92274494306731,1473
4AEE2A4EFED06BA0032D7AC8863926A89FA9C8DB922291FF3FD9213C09970865,b34d85a1b7dc08ff8d5aa99952ad613f4e4d6621886d8809bd2a80dff009b446,M2,2023-08,11.92274494306731,1474
FA2E9C4182127993CE88CB94EA7AFF6468B89D392BB5807F5FA2218A7CEC3DBC,b34d85a1b7dc08ff8d5aa99952ad613f4e4d6621886d8809bd2a80dff009b446,M3,2023-08,11.92274494306731,1475
749F5140682509D5C9AF338137135C5119D96A0B21A7456C9AA228479B640EC0,b34d85a1b7dc08ff8d5aa99952ad613f4e4d6621886d8809bd2a80dff009b446,M0,2024-08,11.92274494306731,1476
7F52AC1606917E4845312356F61B05D0864E6F5D39324733812A83499C87E06E,b34d85a1b7dc08ff8d5aa99952ad613f4e4d6621886d8809bd2a80dff009b446,M1,2024-08,11.92274494306731,1477
5B5CAB4AE5CD6067CDF3D1583BACE918E493494987F589903121A075F6B3207A,b34d85a1b7dc08ff8d5aa99952ad613f4e4d6621886d8809bd2a80dff009b446,M2,2024-08,11.92274494306731,1478
4FB3B113FE32E7E8B3537272E30EC1EDCC4DF2BD316DEEAB6A51C69962202BA6,b34d85a1b7dc08ff8d5aa99952ad613f4e4d6621886d8809bd2a80dff009b446,M3,2024-08,11.92274494306731,1479
E1D7C13264F415CEFD227C2F7AD0ED3CA87F68509A756EE0E32A8DEB787ADF9B,b550689814383d3bcb7c372905757cf610ceac459d2551b1ef041fb412409afa,M0,2021-08,2.37351544291474,1480
D3C8670AD440AC10558B03230DFAAC505523B44D22BAF6BE99B8A18B2FBF554F,b550689814383d3bcb7c372905757cf610ceac459d2551b1ef041fb412409afa,M1,2021-08,2.37351544291474,1481
3D9AF163A59FDFF52032FD55197EB9D1C782DDE18C812195A7721DE6419195F0,b550689814383d3bcb7c372905757cf610ceac459d2551b1ef041fb412409afa,M2,2021-08,2.37351544291474,1482
84FE2F09829348FC6A315EA60C9772660D98953C178CD415AB52C4402CD2A4AC,b550689814383d3bcb7c372905757cf610ceac459d2551b1ef041fb412409afa,M3,2021-08,2.37351544291474,1483
BB11A47BFDD2540889B0B8BC736EAE819DD09A2F9D2F295399CAA129C890A8D5,b550689814383d3bcb7c372905757cf610ceac459d2551b1ef041fb412409afa,M0,2022-02,2.37351544291474,1484
0F35B33F39D9E084FA378928198939A30B08844B54D2276A2E1DD13BCD1FC558,b550689814383d3bcb7c372905757cf610ceac459d2551b1ef041fb412409afa,M1,2022-02,2.37351544291474,1485
8AF51C0B8DDCA27117F40D3A5279217E4C9CD9EC9F5EDB824C65E71A6F6C178F,b550689814383d3bcb7c372905757cf610ceac459d2551b1ef041fb412409afa,M2,2022-02,2.37351544291474,1486
07BA08C560EC2FA225F73C07ECE9D6847D8877F2CF5934CE3E2A674EEB3C42E5,b550689814383d3bcb7c372905757cf610ceac459d2551b1ef041fb412409afa,M3,2022-02,2.37351544291474,1487
7506FDC1DECB861FB121FB3102F0CB12C04F2AF0238C622063972D59934CB27C,b550689814383d3bcb7c372905757cf610ceac459d2551b1ef041fb412409afa,M0,2022-08,2.37351544291474,1488
AFC3A320AFD5807319290105669FF11F88A5924C41B848409E2E622DE6110C67,b550689814383d3bcb7c372905757cf610ceac459d2551b1ef041fb412409afa,M1,2022-08,2.37351544291474,1489
FD817975DCCE645F3CAC000416C08416FDFCA56F626DAEC356F5CCD61DC3B7DE,b550689814383d3bcb7c372905757cf610ceac459d2551b1ef041fb412409afa,M2,2022-08,2.37351544291474,1490
046A92470F186934ABE3AE0716CC2CC79F62CED4DED28F85B2FC7AF9009F7EAD,b550689814383d3bcb7c372905757cf610ceac459d2551b1ef041fb412409afa,M3,2022-08,2.37351544291474,1491
726AFBAB3369D75F04D86CBAECD436E618719A44F8F266C485CCEB0DFE01CBB2,b550689814383d3bcb7c372905757cf610ceac459d2551b1ef041fb412409afa,M0,2023-08,2.37351544291474,1492
646CACA995860AF2177FAB2B32081AD10B631B03DEAEEF340E7192B7176967E9,b550689814383d3bcb7c372905757cf610ceac459d2551b1ef041fb412409afa,M1,2023-08,2.37351544291474,1493
8B69CD885D32F88A7AFFB74135BBE6E5F896E847C6087CF55150029519796029,b550689814383d3bcb7c372905757cf610ceac459d2551b1ef041fb412409afa,M2,2023-08,2.37351544291474,1494
0FF4017E843A87197C5C7CE4D75E32AB6D389499FFB6085567CBCE1C5364555B,b550689814383d3bcb7c372905757cf610ceac459d2551b1ef041fb412409afa,M3,2023-08,2.37351544291474,1495
0A472B0EBDDD9C2221EDC1397B5539C0FF8EC24B5A6EE0D4A4DE72E5E5CD4150,b550689814383d3bcb7c372905757cf610ceac459d2551b1ef041fb412409afa,M0,2024-08,2.37351544291474,1496
C36B9003DA58EEDFFDF2A1C23AAC80974331663E384943C08032A1B275C32E13,b550689814383d3bcb7c372905757cf610ceac459d2551b1ef041fb412409afa,M1,2024-08,2.37351544291474,1497
64E1E6CCC153FD0519EB8F4E33A865C56BF10A336970B762192180B52CF0E9D6,b550689814383d3bcb7c372905757cf610ceac459d2551b1ef041fb412409afa,M2,2024-08,2.37351544291474,1498
25C2DAACD363D8E03B0ECA695529481C61E1DED6B8028F0299641B24D77580E3,b550689814383d3bcb7c372905757cf610ceac459d2551b1ef041fb412409afa,M3,2024-08,2.37351544291474,1499
C29531F5EC49CC047A145569A6A3B874E4F5F958D362270FC1D86CA646BBA389,b92f8809ab570a867e1cb7d205fcff783344ef4a2bb928d3242b116a7ab751c5,M0,2021-08,13.325023398740528,1500
6258684A5DBCA5534556ECD2C8C5DEB7E4FCA27D283E29230B61B83CA1EB5762,b92f8809ab570a867e1cb7d205fcff783344ef4a2bb928d3242b116a7ab751c5,M1,2021-08,13.325023398740528,1501
8CC39F544154606633A942A221D28BD4E1F1AA8928E8FF0550ABD933D6FD87CA,b92f8809ab570a867e1cb7d205fcff783344ef4a2bb928d3242b116a7ab751c5,M2,2021-08,13.325023398740528,1502
4E8B52E69DEB4F9C44BBA8E525CC7C67689FBCDACC1C2EBB6C6F31E9BBE56743,b92f8809ab570a867e1cb7d205fcff783344ef4a2bb928d3242b116a7ab751c5,M3,2021-08,13.325023398740528,1503
85F87D86D6673D4139EB6FB7A39C84FB747FEB58953FF3C3808FB0DE7BCD842C,b92f8809ab570a867e1cb7d205fcff783344ef4a2bb928d3242b116a7ab751c5,M0,2022-02,13.325023398740528,1504
715D57D62A332D2DF055FAE26567B8CA841B1469197DFF1B6C0C5F01B5413D3B,b92f8809ab570a867e1cb7d205fcff783344ef4a2bb928d3242b116a7ab751c5,M1,2022-02,13.325023398740528,1505
6D5CC8B866731308DE8E89AEFE81AA8A345AC78B7F8598D6A0B2A2CAF3ACADB8,b92f8809ab570a867e1cb7d205fcff783344ef4a2bb928d3242b116a7ab751c5,M2,2022-02,13.325023398740528,1506
90A342A039AD506B49A80D00E759AD3C78C5ECE9DCB3265DE6199378252D2A1E,b92f8809ab570a867e1cb7d205fcff783344ef4a2bb928d3242b116a7ab751c5,M3,2022-02,13.325023398740528,1507
9DB681A95EE0C42D9C4B8B557921383E1822D36B096EA0F5C4F70EA5B7811F9C,b92f8809ab570a867e1cb7d205fcff783344ef4a2bb928d3242b116a7ab751c5,M0,2022-08,13.325023398740528,1508
D44D341B16AEBAB46147CF306FBBEAF541E07897AEB9F89EDDEF7DF589FE8CDA,b92f8809ab570a867e1cb7d205fcff783344ef4a2bb928d3242b116a7ab751c5,M1,2022-08,13.325023398740528,1509
41C500DC2BA29A9213AD66FE11D77EE770E7F5CBAFAB6FB8697023B31058733A,b92f8809ab570a867e1cb7d205fcff783344ef4a2bb928d3242b116a7ab751c5,M2,2022-08,13.325023398740528,1510
ECF7C47917093A613A84C0396E876E52F09767C33D8B2FC68F7B567D8553BBD9,b92f8809ab570a867e1cb7d205fcff783344ef4a2bb928d3242b116a7ab751c5,M3,2022-08,13.325023398740528,1511
30673E652E0F1CB47C6BFCF13B3F758CA1E59D59CC1E114DD7CD4BDAD114255E,b92f8809ab570a867e1cb7d205fcff783344ef4a2bb928d3242b116a7ab751c5,M0,2023-08,13.325023398740528,1512
45BEE77E28CC1F901B5C027497AF1A11727504D247FF0995ED0CB28A724F98F2,b92f8809ab570a867e1cb7d205fcff783344ef4a2bb928d3242b116a7ab751c5,M1,2023-08,13.325023398740528,1513
79E736ED56C2DED86A136353A8112CBAAE1B055D406953C386388AFF19431630,b92f8809ab570a867e1cb7d205fcff783344ef4a2bb928d3242b116a7ab751c5,M2,2023-08,13.325023398740528,1514
D7003C923CBFFBE8F4C60CDE19DA831CCBA52C35268039E82977CDCE3456DE06,b92f8809ab570a867e1cb7d205fcff783344ef4a2bb928d3242b116a7ab751c5,M3,2023-08,13.325023398740528,1515
137A2EF133E658E55F93ACB15AF31D51945C3E2823AB8CA8CCD8317331E3854F,b92f8809ab570a867e1cb7d205fcff783344ef4a2bb928d3242b116a7ab751c5,M0,2024-08,13.325023398740528,1516
E6B2EF88BAE2E17E2AB819E2F1F086C4D9BB11A9B11BBF56FC5538956261627D,b92f8809ab570a867e1cb7d205fcff783344ef4a2bb928d3242b116a7ab751c5,M1,2024-08,13.325023398740528,1517
DFBD4889BE61CE716BBEED099BEB24067911BD0DF80FB1866B0F06EB085322DE,b92f8809ab570a867e1cb7d205fcff783344ef4a2bb928d3242b116a7ab751c5,M2,2024-08,13.325023398740528,1518
A6B4EE0E28402BA5B80B5710E232E19E5AA73A5179C9B0572CA088966AE158A4,b92f8809ab570a867e1cb7d205fcff783344ef4a2bb928d3242b116a7ab751c5,M3,2024-08,13.325023398740528,1519
0059EA48CAA27CEFB217B1E8C117CAD1E0A4512B477B08FB583450FD19EC2E8C,bc9141956361469659174b4341a2b925bea3ce11f8ecda3d07ecd828a97277a2,M0,2021-08,1.4985456133956967,1520
CEB443DAF2FBFE37978959C05EDB443CD205303C7F4FFBA8A398F732B85011AB,bc9141956361469659174b4341a2b925bea3ce11f8ecda3d07ecd828a97277a2,M1,2021-08,1.4985456133956967,1521
4199FA5322F38AA0B247614D106E1C5DC0E5C341EF34814059390C69403BFDE6,bc9141956361469659174b4341a2b925bea3ce11f8ecda3d07ecd828a97277a2,M2,2021-08,1.4985456133956967,1522
828161E44FE6B6334707B72CD6E1B0C28BD86F19FDAF1180B6D1066CBCA58BF8,bc9141956361469659174b4341a2b925bea3ce11f8ecda3d07ecd828a97277a2,M3,2021-08,1.4985456133956967,1523
82C9633C23B003691B479226AB3B89B52E2B80D5A30C85FCA62B1F46C4744A9A,bc9141956361469659174b4341a2b925bea3ce11f8ecda3d07ecd828a97277a2,M0,2022-02,1.4985456133956967,1524
5A25631D4048E43990C3761100800F99A023E896C719C7464884129DDB1DA735,bc9141956361469659174b4341a2b925bea3ce11f8ecda3d07ecd828a97277a2,M1,2022-02,1.4985456133956967,1525
E478B1A71213D291ECD10E01939BCA957A92FCCF43723D058467D593DC52008A,bc9141956361469659174b4341a2b925bea3ce11f8ecda3d07ecd828a97277a2,M2,2022-02,1.4985456133956967,1526
CB4CF7F10018626E7617786D373EC314A773C070014F509E513FEC121AA68DF9,bc9141956361469659174b4341a2b925bea3ce11f8ecda3d07ecd828a97277a2,M3,2022-02,1.4985456133956967,1527
4D7D38660300078A297A0748D53E1BF9A5E8B9D3E4EF1D6C50700BDCBFD9B39B,bc9141956361469659174b4341a2b925bea3ce11f8ecda3d07ecd828a97277a2,M0,2022-08,1.4985456133956967,1528
A928C8F84A1639D6BF016D89A6F6C95C67BF125D74782263BA11884C3446C908,bc9141956361469659174b4341a2b925bea3ce11f8ecda3d07ecd828a97277a2,M1,2022-08,1.4985456133956967,1529
FB2A4FEEF118D3F8111BF0F98210044F259A9BE610D4F4FAEC845E75193400BD,bc9141956361469659174b4341a2b925bea3ce11f8ecda3d07ecd828a97277a2,M2,2022-08,1.4985456133956967,1530
CE3A3CB09D2A25BCC54E0D898823250326BCCF15F97782C5343B3D51B287E16E,bc9141956361469659174b4341a2b925bea3ce11f8ecda3d07ecd828a97277a2,M3,2022-08,1.4985456133956967,1531
B891C195A3730C5E72B79E2CA9666B1094062D7D24A32F292957AEC474161FA1,bc9141956361469659174b4341a2b925bea3ce11f8ecda3d07ecd828a97277a2,M0,2023-08,1.4985456133956967,1532
E3F7659A24A9C7C9DB8B8755BD222F7D44DF79066152CBDCDE551A10CFC4C55D,bc9141956361469659174b4341a2b925bea3ce11f8ecda3d07ecd828a97277a2,M1,2023-08,1.4985456133956967,1533
56B9A6039E45B9E39FC8AF3F062113E7102A9B215686C0C1F86D16523C0543F8,bc9141956361469659174b4341a2b925bea3ce11f8ecda3d07ecd828a97277a2,M2,2023-08,1.4985456133956967,1534
AE5D5459D263D06132424663C72448981EBAFA34183598378DDCC79AB6B21EDF,bc9141956361469659174b4341a2b925bea3ce11f8ecda3d07ecd828a97277a2,M3,2023-08,1.4985456133956967,1535
02CFC42C369491C3516215D3A662D010DA9894D1BDF64DCE94143FBAEAB6B83B,bc9141956361469659174b4341a2b925bea3ce11f8ecda3d07ecd828a97277a2,M0,2024-08,1.4985456133956967,1536
4706BA2369BE451640BFC38C421943C082E98F40AE8542B3535941932EB9113C,bc9141956361469659174b4341a2b925bea3ce11f8ecda3d07ecd828a97277a2,M1,2024-08,1.4985456133956967,1537
19FDFBE984F1A73501F2E47782A3F4995DF6AC57D5567E1EF9EC23FEE0CA1073,bc9141956361469659174b4341a2b925bea3ce11f8ecda3d07ecd828a97277a2,M2,2024-08,1.4985456133956967,1538
5008BC3287ECDB479A8236C5FE96CCE70357F74FE21F442BE16E29EB7D30733C,bc9141956361469659174b4341a2b925bea3ce11f8ecda3d07ecd828a97277a2,M3,2024-08,1.4985456133956967,1539
8404C3F457E7ACEBC56A408916904DEBE6B6117799421758683E31EBBA1EA2E7,bda9d5c7a8b7af720305d891f22120798deb931b264aa96494385e38752dade6,M0,2021-08,78.00338860422626,1540
655102162E4C9D1374AFF6B1FFD4A6025F9297FD495628176773A96BB7171C4F,bda9d5c7a8b7af720305d891f22120798deb931b264aa96494385e38752dade6,M1,2021-08,78.00338860422626,1541
7267476A9153755176977558B4ED8A35840684AED9E03EC910900FBC35282D10,bda9d5c7a8b7af720305d891f22120798deb931b264aa96494385e38752dade6,M2,2021-08,78.00338860422626,1542
D241E1FC56121B0A6BE2470496EA2617639612BECB3D8F62B7F1A0B55FA9381F,bda9d5c7a8b7af720305d891f22120798deb931b264aa96494385e38752dade6,M3,2021-08,78.00338860422626,1543
1CCCA6F9AB335276D9A6A9E1E4F29288E4BBB390CFAB2AAC879D90556925E52D,bda9d5c7a8b7af720305d891f22120798deb931b264aa96494385e38752dade6,M0,2022-02,78.00338860422626,1544
7E3174B67ECCFF3D5C8F7F19A69337CD8307CE5061E238307CCA230F348432DD,bda9d5c7a8b7af720305d891f22120798deb931b264aa96494385e38752dade6,M1,2022-02,78.00338860422626,1545
B57106612A25970E53C88ED6212EB060CEEFA67D5F6D1486D57999E29B2DC96A,bda9d5c7a8b7af720305d891f22120798deb931b264aa96494385e38752dade6,M2,2022-02,78.00338860422626,1546
A226636BFA8C1116EC552D8F905B1974FFDFF62C737602F722B26E0263E3F961,bda9d5c7a8b7af720305d891f22120798deb931b264aa96494385e38752dade6,M3,2022-02,78.00338860422626,1547
E34EBB25624FCAEE831D03050A7BB42E1FBDC598A041F394677C62AC99801DFD,bda9d5c7a8b7af720305d891f22120798deb931b264aa96494385e38752dade6,M0,2022-08,78.00338860422626,1548
E7E4E2F10064095B0947C57E0A8DF886BB810B84C3E0EA571D8A4A983ED21364,bda9d5c7a8b7af720305d891f22120798deb931b264aa96494385e38752dade6,M1,2022-08,78.00338860422626,1549
D79B8DC7158E84E94F18D6BBEC053F4947722B6E51E35088B37E549089169D56,bda9d5c7a8b7af720305d891f22120798deb931b264aa96494385e38752dade6,M2,2022-08,78.00338860422626,1550
76349AC0AE1A2E28D312D53D6393866B606EF6797BCD4D825B512D09F7E4EC0D,bda9d5c7a8b7af720305d891f22120798deb931b264aa96494385e38752dade6,M3,2022-08,78.00338860422626,1551
BC2E5AA8B537EDD7E3689481176381A4CF15FFE3204CD5211399D1D05E7C7032,bda9d5c7a8b7af720305d891f22120798deb931b264aa96494385e38752dade6,M0,2023-08,78.00338860422626,1552
1A201150F4E33105F5179FC571DBF7C3B8E23709DDD5A0D95B63E0F93A6C5656,bda9d5c7a8b7af720305d891f22120798deb931b264aa96494385e38752dade6,M1,2023-08,78.00338860422626,1553
54AFEC467423079E37E40D4CC88B2FF85C47F740A48CBEFABD3553821ADD7B04,bda9d5c7a8b7af720305d891f22120798deb931b264aa96494385e38752dade6,M2,2023-08,78.00338860422626,1554
0859DA4F7CF690761A848B96CC2D0E220E0396789F02960C9933002033E07BA3,bda9d5c7a8b7af720305d891f22120798deb931b264aa96494385e38752dade6,M3,2023-08,78.00338860422626,1555
840406BFA55C596BB64F614A61ACAB99BD7FC1BAC0DAE4AA084344D6C82CF19B,bda9d5c7a8b7af720305d891f22120798deb931b264aa96494385e38752dade6,M0,2024-08,78.00338860422626,1556
6BBFDE36298E7FDA27D6D291F5D78585466986C07C3FBC7C7D4DF45373E159FB,bda9d5c7a8b7af720305d891f22120798deb931b264aa96494385e38752dade6,M1,2024-08,78.00338860422626,1557
AF13F42DD5D0AF481F54B1CDF38495C5EBE91665FAB387AE592C2B8FE0539A48,bda9d5c7a8b7af720305d891f22120798deb931b264aa96494385e38752dade6,M2,2024-08,78.00338860422626,1558
924B12AD07E049623F637E9CB2DC9D9EFEF0B267E2FBBF630508A57A101DA164,bda9d5c7a8b7af720305d891f22120798deb931b264aa96494385e38752dade6,M3,2024-08,78.00338860422626,1559
2E56D0332CD0DA1F5CC5623527BB36C498EA922CE8CB24BC8AE26BEFF1AE1E22,bee8f0d1372f5593058c6ade5fd358c2f6099db4b4e8056d12954c2d310e4452,M0,2021-08,108.35481174635784,1560
EDE0E23D948968E8D18CD6051C53C3AE0CB7240881B339C4D5D06FCA8E963D5A,bee8f0d1372f5593058c6ade5fd358c2f6099db4b4e8056d12954c2d310e4452,M1,2021-08,108.35481174635784,1561
BB6D76C725FF3BA88504B860C939D6EBFD3A321B295CBB7474ECBDDD4ADB58EB,bee8f0d1372f5593058c6ade5fd358c2f6099db4b4e8056d12954c2d310e4452,M2,2021-08,108.35481174635784,1562
3CF9DDF85231F1D0064AD6336C24F552E4F77D103DB3B81EB11C0CBAF1D933A6,bee8f0d1372f5593058c6ade5fd358c2f6099db4b4e8056d12954c2d310e4452,M3,2021-08,108.35481174635784,1563
63B5F7C0675C7B85363CC34574A85EEEDBE928DCBD29D59D83969ECA1F67DFAA,bee8f0d1372f5593058c6ade5fd358c2f6099db4b4e8056d12954c2d310e4452,M0,2022-02,108.35481174635784,1564
4AEB0BA3A9BFDA5D1A83A0E770C81963D6B31B7CC84E0D850F08C5442F76C26F,bee8f0d1372f5593058c6ade5fd358c2f6099db4b4e8056d12954c2d310e4452,M1,2022-02,108.35481174635784,1565
F04882A067D865489547B3346E87F6E17BF85C7B08D3D8B7B34567EE6EA9193E,bee8f0d1372f5593058c6ade5fd358c2f6099db4b4e8056d12954c2d310e4452,M2,2022-02,108.35481174635784,1566
95F984699AB2EA7CB09096DD4253EDFA00C58168F77486D7CFB0C2C4B7FC9158,bee8f0d1372f5593058c6ade5fd358c2f6099db4b4e8056d12954c2d310e4452,M3,2022-02,108.35481174635784,1567
9689B3DB089B972FD79C03175D4799D5733FCBE9691EFF590304EFD6DA00D842,bee8f0d1372f5593058c6ade5fd358c2f6099db4b4e8056d12954c2d310e4452,M0,2022-08,108.35481174635784,1568
D82FC62C3F6BDDD804AA672B323798B2C2B08F895ACD8FF9A26619FB073DE6B3,bee8f0d1372f5593058c6ade5fd358c2f6099db4b4e8056d12954c2d310e4452,M1,2022-08,108.35481174635784,1569
AC6838E9251E056B0BD30E383B0E397858BB0EE7B7A2CB4A64E09BF18FA0794F,bee8f0d1372f5593058c6ade5fd358c2f6099db4b4e8056d12954c2d310e4452,M2,2022-08,108.35481174635784,1570
A700E9E8B0DC54E018B85FD6F0B3A2A73B3DC2AD2E311E0615B49B797CFA7C21,bee8f0d1372f5593058c6ade5fd358c2f6099db4b4e8056d12954c2d310e4452,M3,2022-08,108.35481174635784,1571
47C9A1062285A351A198428039F2654D898112D3F94CD91B5D0626CCFB47AB31,bee8f0d1372f5593058c6ade5fd358c2f6099db4b4e8056d12954c2d310e4452,M0,2023-08,108.35481174635784,1572
B5F6C4020B79BDAB7B1804E170B57700A35999F95580ACE4D815757643F507E7,bee8f0d1372f5593058c6ade5fd358c2f6099db4b4e8056d12954c2d310e4452,M1,2023-08,108.35481174635784,1573
944FC26CBE2851B0A4E8C8179D9114C25FB761FA7A51BCBC80AE53E8E2D0BEEF,bee8f0d1372f5593058c6ade5fd358c2f6099db4b4e8056d12954c2d310e4452,M2,2023-08,108.35481174635784,1574
680E7B6E49F29BEA763EAE013CA7544C703491995E3025CA74704D4B5388B6C1,bee8f0d1372f5593058c6ade5fd358c2f6099db4b4e8056d12954c2d310e4452,M3,2023-08,108.35481174635784,1575
4CFFB064487DC1DD40692EF5AC28E724E4B82973DA6878221BABBCC5A550B54B,bee8f0d1372f5593058c6ade5fd358c2f6099db4b4e8056d12954c2d310e4452,M0,2024-08,108.35481174635784,1576
2FA73CE23EDD96B93B7A8AC6A5F634BC292ED8492C2A91E005CD749A689F5D3B,bee8f0d1372f5593058c6ade5fd358c2f6099db4b4e8056d12954c2d310e4452,M1,2024-08,108.35481174635784,1577
9FA69306093F05C2D8EEE457433C02CE8D49566B5FEEA7FED64C83D8D4362E5A,bee8f0d1372f5593058c6ade5fd358c2f6099db4b4e8056d12954c2d310e4452,M2,2024-08,108.35481174635784,1578
2D1D30B82EB05E1406232663C05E8A53F616EB03B934366FE5367CCDB46BF7F9,bee8f0d1372f5593058c6ade5fd358c2f6099db4b4e8056d12954c2d310e4452,M3,2024-08,108.35481174635784,1579
4DA720ECD7BFCABCEDB24F5AED1FF96F84B2DF0F9F3DB4F5DA1F095E01D86F56,c200e605090a1900a61a726ba794ca869ec784bca3ee3c1d8731f557356c3a90,M0,2021-08,13.571882214281306,1580
35E67831BECABFA0CE5F603E8AD53A19B478D24521DFF8F0ABACCE443CB3B1B4,c200e605090a1900a61a726ba794ca869ec784bca3ee3c1d8731f557356c3a90,M1,2021-08,13.571882214281306,1581
C9AF631AADE63C73643FF242E1DE566F256F9C51D8E143C73CB2B9B130F9B175,c200e605090a1900a61a726ba794ca869ec784bca3ee3c1d8731f557356c3a90,M2,2021-08,13.571882214281306,1582
40E755711FA99EC58803E3E05C4B833667F04CEF5D86210F12CD1276D0F75480,c200e605090a1900a61a726ba794ca869ec784bca3ee3c1d8731f557356c3a90,M3,2021-08,13.571882214281306,1583
C94D732C01FDD48520F3B85594D3DA84A7755CBBAD4491EE8038F8C980EA2A99,c200e605090a1900a61a726ba794ca869ec784bca3ee3c1d8731f557356c3a90,M0,2022-02,13.571882214281306,1584
5808961F8C54C045058AF4B7A7BCDEDAD2D5DD9B4241EDBEDB0577A0F1B2AAA0,c200e605090a1900a61a726ba794ca869ec784bca3ee3c1d8731f557356c3a90,M1,2022-02,13.571882214281306,1585
FE83BCF3A61D856D7E55DED553FC600F94019E5107904D2956BCA5AB975F061F,c200e605090a1900a61a726ba794ca869ec784bca3ee3c1d8731f557356c3a90,M2,2022-02,13.571882214281306,1586
0E47FB7DF186D808C92D97B15EC5A9E30FDE5337019C37402B8F328672E3F354,c200e605090a1900a61a726ba794ca869ec784bca3ee3c1d8731f557356c3a90,M3,2022-02,13.571882214281306,1587
F35B1345A4C98547FC156882DF1F06D32B826F2F0759F14E017920DA01ED558D,c200e605090a1900a61a726ba794ca869ec784bca3ee3c1d8731f557356c3a90,M0,2022-08,13.571882214281306,1588
D5324DBA91BBF9C846948783D35ECF790E0182F01189EC48483ACBE5268E4B18,c200e605090a1900a61a726ba794ca869ec784bca3ee3c1d8731f557356c3a90,M1,2022-08,13.571882214281306,1589
7D9197D86BCD6253EACF9322E2EBDA711FDD71258A858D276F663B8320868D04,c200e605090a1900a61a726ba794ca869ec784bca3ee3c1d8731f557356c3a90,M2,2022-08,13.571882214281306,1590
DB2B99854049495AC1D7F8BF386CD2CE7A5D3A7BBC23FDC22E739D2DC9FBE627,c200e605090a1900a61a726ba794ca869ec784bca3ee3c1d8731f557356c3a90,M3,2022-08,13.571882214281306,1591
10CEC7939F4D4B6CCE8B21CCE44884F04D97E9A5AA47737D3F0CCB416BB9A255,c200e605090a1900a61a726ba794ca869ec784bca3ee3c1d8731f557356c3a90,M0,2023-08,13.571882214281306,1592
65F1A45A1013B1127081033676539120CE3976BC623BE5E2F99EAA3C8D4CDFF4,c200e605090a1900a61a726ba794ca869ec784bca3ee3c1d8731f557356c3a90,M1,2023-08,13.571882214281306,1593
F82F7A6BF8C8895AD745C6C970B454E390F6E1861F80490D847B1BBCB6FBA752,c200e605090a1900a61a726ba794ca869ec784bca3ee3c1d8731f557356c3a90,M2,2023-08,13.571882214281306,1594
4E830EA0B67A24E7EF74AA2EBFB70B82275C9E61256A9CF41B8A64FC621B1188,c200e605090a1900a61a726ba794ca869ec784bca3ee3c1d8731f557356c3a90,M3,2023-08,13.571882214281306,1595
2B8C310D938DEA57E8481A983456B53560317E90DC77B2CD809CCA5CD6DF2250,c200e605090a1900a61a726ba794ca869ec784bca3ee3c1d8731f557356c3a90,M0,2024-08,13.571882214281306,1596
F2239D9B26B9E829A231231FBBB45A1692D009119F0BB1BBE0CE311228EF03AA,c200e605090a1900a61a726ba794ca869ec784bca3ee3c1d8731f557356c3a90,M1,2024-08,13.571882214281306,1597
0855A81B9996D1941568A89812027F5C30ADC84B901E0C7F79A7E001ED2CC342,c200e605090a1900a61a726ba794ca869ec784bca3ee3c1d8731f557356c3a90,M2,2024-08,13.571882214281306,1598
E35EF38C9073D860A11690ECE0A036245A910CAB2C2C39A701FE71030CB9D6DD,c200e605090a1900a61a726ba794ca869ec784bca3ee3c1d8731f557356c3a90,M3,2024-08,13.571882214281306,1599
EBCAF53B4C1C5324EDFC071B1CD84F52B6F959915EDB4D46921CA49D134132B4,c6b36989af74ba274bf771dcb68c581666269a6094ad90bcf4834f4e4ab2bd5e,M0,2021-08,40.36446987380067,1600
D1DCA25E5E620F400C8F83305275711710583042B7E51E1DF7A71651594ADCB0,c6b36989af74ba274bf771dcb68c581666269a6094ad90bcf4834f4e4ab2bd5e,M1,2021-08,40.36446987380067,1601
15F75C414E8C195276A6C1CBA33EC0E7B83C407BBD9F023104947F02B11EF950,c6b36989af74ba274bf771dcb68c581666269a6094ad90bcf4834f4e4ab2bd5e,M2,2021-08,40.36446987380067,1602
4480774F1E1BB3F3E63DC177E0672641FB9A989A2B0140016B10752F301C3477,c6b36989af74ba274bf771dcb68c581666269a6094ad90bcf4834f4e4ab2bd5e,M3,2021-08,40.36446987380067,1603
866DF581B9D41A2A03AD32CDF3E38A26FBA1F805698A1DDAD89A2BC0DA0B730E,c6b36989af74ba274bf771dcb68c581666269a6094ad90bcf4834f4e4ab2bd5e,M0,2022-02,40.36446987380067,1604
6B5EF1F1444A18782950E9521891092FAA71E2FF46C2335582C38AB9EF4F9E4B,c6b36989af74ba274bf771dcb68c581666269a6094ad90bcf4834f4e4ab2bd5e,M1,2022-02,40.36446987380067,1605
26159D8ADE2D80E60E17E4FDC1369B0BB33375E2F88884E3ED7F3D1B913DEF29,c6b36989af74ba274bf771dcb68c581666269a6094ad90bcf4834f4e4ab2bd5e,M2,2022-02,40.36446987380067,1606
1EDD3F362BADB10DD7130D89E4BB5E70C2D9FAAE418D47EC609770CE722A3FEA,c6b36989af74ba274bf771dcb68c581666269a6094ad90bcf4834f4e4ab2bd5e,M3,2022-02,40.36446987380067,1607
0F5C61B8E368042B4F3BFB8E6FD75F9ED679E5E8E83D6C0830248140A6F03683,c6b36989af74ba274bf771dcb68c581666269a6094ad90bcf4834f4e4ab2bd5e,M0,2022-08,40.36446987380067,1608
28B4D607EE39A2DA8C02494BD0294D0A488193BB5328790F59C09B71FEA28EC4,c6b36989af74ba274bf771dcb68c581666269a6094ad90bcf4834f4e4ab2bd5e,M1,2022-08,40.36446987380067,1609
B2078826C25FD05D22DBC6827D51CD5C5DC48B3A17F466E99B20C34024D8E818,c6b36989af74ba274bf771dcb68c581666269a6094ad90bcf4834f4e4ab2bd5e,M2,2022-08,40.36446987380067,1610
81B67BEFED2A147ECB03879F79694B11BBDC2D4BA90942112EEB4D49CADDCE84,c6b36989af74ba274bf771dcb68c581666269a6094ad90bcf4834f4e4ab2bd5e,M3,2022-08,40.36446987380067,1611
D6085F72D51D1572971C8FF51AC968257E5EB6A5ED4C32E003AB9BD91A3E036E,c6b36989af74ba274bf771dcb68c581666269a6094ad90bcf4834f4e4ab2bd5e,M0,2023-08,40.36446987380067,1612
BAEA8E423285C73B439C3C535E62910955F7CCD9E1E0B2FED9F5AD58D629CC66,c6b36989af74ba274bf771dcb68c581666269a6094ad90bcf4834f4e4ab2bd5e,M1,2023-08,40.36446987380067,1613
DCA62378157E55C96BE4EAA21EE5A4A81560698ECF652E726A0C2D5C87C7FC2D,c6b36989af74ba274bf771dcb68c581666269a6094ad90bcf4834f4e4ab2bd5e,M2,2023-08,40.36446987380067,1614
3160F189666A83FC8DC907213A28BC461C896473D8B49575FBE460649EA2FCB6,c6b36989af74ba274bf771dcb68c581666269a6094ad90bcf4834f4e4ab2bd5e,M3,2023-08,40.36446987380067,1615
0C140BEC09372EB96BE17EF2FBBD3A8BB5F72E5D7566F57F66BBE623589CCC3A,c6b36989af74ba274bf771dcb68c581666269a6094ad90bcf4834f4e4ab2bd5e,M0,2024-08,40.36446987380067,1616
8AB48D4B11F0C77493A3C9E2346DAB6B0187F32AB98A5495A8ABD0C05C16416A,c6b36989af74ba274bf771dcb68c581666269a6094ad90bcf4834f4e4ab2bd5e,M1,2024-08,40.36446987380067,1617
FBB9BD90B14581EB6636B7CF2B4695A3C7A43E3316525F38C83AC42735A71022,c6b36989af74ba274bf771dcb68c581666269a6094ad90bcf4834f4e4ab2bd5e,M2,2024-08,40.36446987380067,1618
68C7C8E34BCD477402088B194132BDB65DB2787118AFE6B4C61C70ADC164ED05,c6b36989af74ba274bf771dcb68c581666269a6094ad90bcf4834f4e4ab2bd5e,M3,2024-08,40.36446987380067,1619
991A52743130D4DE3A5EE0B356F7D10CABBDD295AE75F8418E66688F6011B841,c72ccf68cb538055ffe08b3d0af5f749e0bc6f45480636dc0c08e1e6412cdc49,M0,2021-08,13.958154461967448,1620
93F89D87EDB57CE18A1A05163AA392B4C4A15B528EE1DA64BFACCF5AEDD1E16D,c72ccf68cb538055ffe08b3d0af5f749e0bc6f45480636dc0c08e1e6412cdc49,M1,2021-08,13.958154461967448,1621
93BDE4F2A68F8834235EA993EC486A3F55F5C123C01F93EB3C8732412E0A27E7,c72ccf68cb538055ffe08b3d0af5f749e0bc6f45480636dc0c08e1e6412cdc49,M2,2021-08,13.958154461967448,1622
E4D3FB4CC87E27FBD36176A365754485F33844614F3DC6313376364339DC6517,c72ccf68cb538055ffe08b3d0af5f749e0bc6f45480636dc0c08e1e6412cdc49,M3,2021-08,13.958154461967448,1623
71331D3B3D5702BD927B5197491BDCD9A6A38D14F7BD8AB249FBCD2DE1F2AEB2,c72ccf68cb538055ffe08b3d0af5f749e0bc6f45480636dc0c08e1e6412cdc49,M0,2022-02,13.958154461967448,1624
F06A68A02255EF6C11D7CD0A4ACA8B7F410AB8945B7843B6E01D63038726E8FC,c72ccf68cb538055ffe08b3d0af5f749e0bc6f45480636dc0c08e1e6412cdc49,M1,2022-02,13.958154461967448,1625
D1694C1D0B243DEFFEDD89CF5F109DF8D843CE19DDDCF22523D10AE562D34151,c72ccf68cb538055ffe08b3d0af5f749e0bc6f45480636dc0c08e1e6412cdc49,M2,2022-02,13.958154461967448,1626
DDC53778C150FFD0A14635E56A4F2D07A44281BDFF60B4EA2333AB92FA55AD9F,c72ccf68cb538055ffe08b3d0af5f749e0bc6f45480636dc0c08e1e6412cdc49,M3,2022-02,13.958154461967448,1627
BF939B8A0432BFD312E5B745084296E24CA2C7138D5A5D41705567BC284290DC,c72ccf68cb538055ffe08b3d0af5f749e0bc6f45480636dc0c08e1e6412cdc49,M0,2022-08,13.958154461967448,1628
B32AD16ECBCCEB44F47ECF3C8AFD74D7AA43FBB912DC742DDEAA736ABCD4A2E6,c72ccf68cb538055ffe08b3d0af5f749e0bc6f45480636dc0c08e1e6412cdc49,M1,2022-08,13.958154461967448,1629
C986059EF3A92F055C624C322E8130D2580CDD66B1CF30B992B4FB2A49C93009,c72ccf68cb538055ffe08b3d0af5f749e0bc6f45480636dc0c08e1e6412cdc49,M2,2022-08,13.958154461967448,1630
238D7510273D681E7CA4DB96B95BE83093374127B60C87CF471CDED01869B1EE,c72ccf68cb538055ffe08b3d0af5f749e0bc6f45480636dc0c08e1e6412cdc49,M3,2022-08,13.958154461967448,1631
C7DA1676ED77516DD04A5D51A6C55D193B24D95D19D0DC80F076106D76D848C3,c72ccf68cb538055ffe08b3d0af5f749e0bc6f45480636dc0c08e1e6412cdc49,M0,2023-08,13.958154461967448,1632
53C832560E6647BD19293551A7EEAFE44FD0E834D0DFABCBCCEF88AC342EE5A6,c72ccf68cb538055ffe08b3d0af5f749e0bc6f45480636dc0c08e1e6412cdc49,M1,2023-08,13.958154461967448,1633
300D669217CE053483E912D60FDE0432EAF746F471E494B1481B48EDCFEEE219,c72ccf68cb538055ffe08b3d0af5f749e0bc6f45480636dc0c08e1e6412cdc49,M2,2023-08,13.958154461967448,1634
DB3138338621913B2F2A16361D77E39CCB99138D164FACE08BD20D80D76185EA,c72ccf68cb538055ffe08b3d0af5f749e0bc6f45480636dc0c08e1e6412cdc49,M3,2023-08,13.958154461967448,1635
49AF838EB435E6611B6E92526584B64964C10E0E5F8E1B8E6364304A7640C707,c72ccf68cb538055ffe08b3d0af5f749e0bc6f45480636dc0c08e1e6412cdc49,M0,2024-08,13.958154461967448,1636
3ABAD9F7B6C2E0C4AFFA77895CB8B502F1E966B4D06F5FF4FE28EE8F4E23FC34,c72ccf68cb538055ffe08b3d0af5f749e0bc6f45480636dc0c08e1e6412cdc49,M1,2024-08,13.958154461967448,1637
BA2C9AF2731F435947B147416A67802A9A1B8F93FB36DAA4E0952D2AAC3CB174,c72ccf68cb538055ffe08b3d0af5f749e0bc6f45480636dc0c08e1e6412cdc49,M2,2024-08,13.958154461967448,1638
7582AE0CBDDF07363091021EF7C46EA34DC25DBEBF878677E69AE76DADD3CCA0,c72ccf68cb538055ffe08b3d0af5f749e0bc6f45480636dc0c08e1e6412cdc49,M3,2024-08,13.958154461967448,1639
758BE71017EEE39CCED9F32BF602F6206790BB22C6744ACA808E5AC049293835,cf52c1b1aeaed878e6a1204d1670a90eb7ef2955973da3a6b2bc3135c2273483,M0,2021-08,16.742933378613333,1640
D67A3D8E25D68D70AD88DAA0F8BC69513A105E98AB1FFC8D8EB4EA527CFF2E32,cf52c1b1aeaed878e6a1204d1670a90eb7ef2955973da3a6b2bc3135c2273483,M1,2021-08,16.742933378613333,1641
6626533FC0F91F7276C5AE0B6C0CCA133B5722EF2C7272073F72BA2AE6278EE4,cf52c1b1aeaed878e6a1204d1670a90eb7ef2955973da3a6b2bc3135c2273483,M2,2021-08,16.742933378613333,1642
B3E03389D90F020678D7F9B23DBA6DE8D460B8715E7A4711DC213A628D3697C0,cf52c1b1aeaed878e6a1204d1670a90eb7ef2955973da3a6b2bc3135c2273483,M3,2021-08,16.742933378613333,1643
D108F9A4C0A704AB41992D8BEAA7015074EEF65EB850B598405BB483F5645D08,cf52c1b1aeaed878e6a1204d1670a90eb7ef2955973da3a6b2bc3135c2273483,M0,2022-02,16.742933378613333,1644
6040317613B86C62CD6A4F11FA6392AB996025FA7366020188C4B699FE7F5DCB,cf52c1b1aeaed878e6a1204d1670a90eb7ef2955973da3a6b2bc3135c2273483,M1,2022-02,16.742933378613333,1645
0826D20D5237FAFDF23176FE1B23338B128C618C0D11FD8CB9C827CD7F0338EE,cf52c1b1aeaed878e6a1204d1670a90eb7ef2955973da3a6b2bc3135c2273483,M2,2022-02,16.742933378613333,1646
B9D00038E1D3F91840559F6432BD3C5D8C3695C3DF43DEA49DAAD086978919C2,cf52c1b1aeaed878e6a1204d1670a90eb7ef2955973da3a6b2bc3135c2273483,M3,2022-02,16.742933378613333,1647
0796568BC5142A9C7383F8B355AA1284388E8306F0327E0E1659E086A5B6A43A,cf52c1b1aeaed878e6a1204d1670a90eb7ef2955973da3a6b2bc3135c2273483,M0,2022-08,16.742933378613333,1648
D72841BA0ED39B6E75E4A3F991273C7079C419A1C562EB9BF9BB5AC793714655,cf52c1b1aeaed878e6a1204d1670a90eb7ef2955973da3a6b2bc3135c2273483,M1,2022-08,16.742933378613333,1649
E53E3988AA05BC945F0990E7D252C2E61762B5B7C380EBFED2260C43A468CE37,cf52c1b1aeaed878e6a1204d1670a90eb7ef2955973da3a6b2bc3135c2273483,M2,2022-08,16.742933378613333,1650
453F47DD2A83C35F603DEE99AF36B6FF221596B37604651FCD6E9F9AC666CE5F,cf52c1b1aeaed878e6a1204d1670a90eb7ef2955973da3a6b2bc3135c2273483,M3,2022-08,16.742933378613333,1651
C3B42EA81427E45EE663D7CA88EE33208C8AE02697F20FB4FC74D69D7D9E73F5,cf52c1b1aeaed878e6a1204d1670a90eb7ef2955973da3a6b2bc3135c2273483,M0,2023-08,16.742933378613333,1652
B7C7D6680D92BF3F8FA0C4999A63171FA95EAA9A30D8DBBF96F538974CD75E0E,cf52c1b1aeaed878e6a1204d1670a90eb7ef2955973da3a6b2bc3135c2273483,M1,2023-08,16.742933378613333,1653
30871B85A6D3E20611FAEA38734073363C460AED69ECCFFE710E6D79352467E7,cf52c1b1aeaed878e6a1204d1670a90eb7ef2955973da3a6b2bc3135c2273483,M2,2023-08,16.742933378613333,1654
D50B855BADEFEB34F7F6E5232E92D5F1C36EB336ACCBCFE25D43BE564948987E,cf52c1b1aeaed878e6a1204d1670a90eb7ef2955973da3a6b2bc3135c2273483,M3,2023-08,16.742933378613333,1655
E9DC70BE440FA2B7A5B1B9DBA2C871EDD2B31A84798B871A3447147D84AA8E45,cf52c1b1aeaed878e6a1204d1670a90eb7ef2955973da3a6b2bc3135c2273483,M0,2024-08,16.742933378613333,1656
504223986931BD1385C6B08D8BAB7EBD9043509357C0E60FF76088CBE0277FA6,cf52c1b1aeaed878e6a1204d1670a90eb7ef2955973da3a6b2bc3135c2273483,M1,2024-08,16.742933378613333,1657
47154E0ACEE19C793F6749E2C9C14F58E22FF75D587A960BE1B206F04A6D903D,cf52c1b1aeaed878e6a1204d1670a90eb7ef2955973da3a6b2bc3135c2273483,M2,2024-08,16.742933378613333,1658
B267AD44026C68BECA8064ED584319D7DE6A0519C6D96BB089D13E8C5B5D0083,cf52c1b1aeaed878e6a1204d1670a90eb7ef2955973da3a6b2bc3135c2273483,M3,2024-08,16.742933378613333,1659
1977BCBE996F13B85B1EA4B29AD97AAE1B7F0ADE32F6E72E02073F5A52DEAD8F,d754ce545094c12cf9f56d71f308afa6105c3be73c78cf484cba76597e65d1ec,M0,2021-08,21.14681640761599,1660
CB91D4C5DA544F4EB0106F3B621604263F2BC2C3A55982067C61A6C4C1D6C331,d754ce545094c12cf9f56d71f308afa6105c3be73c78cf484cba76597e65d1ec,M1,2021-08,21.14681640761599,1661
F9CF1820FA2EC066AE76E80D4F20497E72735623CFE4366E1EB044F18819B32A,d754ce545094c12cf9f56d71f308afa6105c3be73c78cf484cba76597e65d1ec,M2,2021-08,21.14681640761599,1662
F6AD5E005DE150FABBDB25B77BD695B668C8022236155E9022B4F0B5964A2ED9,d754ce545094c12cf9f56d71f308afa6105c3be73c78cf484cba76597e65d1ec,M3,2021-08,21.14681640761599,1663
96FE35DAF333ABE6E89A1C65972C4249B395E4ABC01A219F46B577BCEF66A9D0,d754ce545094c12cf9f56d71f308afa6105c3be73c78cf484cba76597e65d1ec,M0,2022-02,21.14681640761599,1664
0C1098790273F1285099804546AB13D1574FF1FEAFC3BE1E0CEC1B758FE70981,d754ce545094c12cf9f56d71f308afa6105c3be73c78cf484cba76597e65d1ec,M1,2022-02,21.14681640761599,1665
220C1C5727FA3D3E2BC3818078904352981AA94DCA3550FE782E008069FAE884,d754ce545094c12cf9f56d71f308afa6105c3be73c78cf484cba76597e65d1ec,M2,2022-02,21.14681640761599,1666
A9825796395912266F17FC6D3C4F6F6FBEB70A0DDA9E87F19546E1425EF10FC3,d754ce545094c12cf9f56d71f308afa6105c3be73c78cf484cba76597e65d1ec,M3,2022-02,21.14681640761599,1667
ED851C786945AABDFBF676DA3BDD6847061ED10AE0EC5B034D4EF16A1F6DCA4A,d754ce545094c12cf9f56d71f308afa6105c3be73c78cf484cba76597e65d1ec,M0,2022-08,21.14681640761599,1668
ABC577576E5C66A0EAA382D624E039A18A78AAAF5A7CACAB7488048974F076AF,d754ce545094c12cf9f56d71f308afa6105c3be73c78cf484cba76597e65d1ec,M1,2022-08,21.14681640761599,1669
9D7239271B51C4D16ED3FB85D447EA3B46E8F546BF8C21AF47A974CEAC952F83,d754ce545094c12cf9f56d71f308afa6105c3be73c78cf484cba76597e65d1ec,M2,2022-08,21.14681640761599,1670
20997F9931060FE68AC9B1C0DF564DD14DCDBBA78CBF42F3B79BA30EA45BA567,d754ce545094c12cf9f56d71f308afa6105c3be73c78cf484cba76597e65d1ec,M3,2022-08,21.14681640761599,1671
E3DD59667E69E595310241E052CDB8011E63E07D482E68DBB190E3F38CC30C61,d754ce545094c12cf9f56d71f308afa6105c3be73c78cf484cba76597e65d1ec,M0,2023-08,21.14681640761599,1672
3F78A88BC879A957B7AA6434F2634BE8F4BFC3ED27CE9426CE99BFD6C70FB8BC,d754ce545094c12cf9f56d71f308afa6105c3be73c78cf484cba76597e65d1ec,M1,2023-08,21.14681640761599,1673
9429012B584B14310231DAB0650C6421885F5994E7E2AE92AF2BD25BFCD7AB25,d754ce545094c12cf9f56d71f308afa6105c3be73c78cf484cba76597e65d1ec,M2,2023-08,21.14681640761599,1674
2C0F7ABF91B1A5CF8D93851B797B27519840DA1850B4FCE0827455986D080457,d754ce545094c12cf9f56d71f308afa6105c3be73c78cf484cba76597e65d1ec,M3,2023-08,21.14681640761599,1675
57C3E1B482D1690E91CD1796709F35F61A9476B11E1564E54D1A9C77AB788822,d754ce545094c12cf9f56d71f308afa6105c3be73c78cf484cba76597e65d1ec,M0,2024-08,21.14681640761599,1676
5EDE88D10F79FF9580FAAF0920147998545386491E5A57644606739EF6EE0031,d754ce545094c12cf9f56d71f308afa6105c3be73c78cf484cba76597e65d1ec,M1,2024-08,21.14681640761599,1677
C659F0EB2333A76631B5193E15969CD3A59EDB16FE8EF3C450EC45EBC5028FA1,d754ce545094c12cf9f56d71f308afa6105c3be73c78cf484cba76597e65d1ec,M2,2024-08,21.14681640761599,1678
2A36DD28B189BFC4F41B8F12CFDF7124B1274ED3B7790292E6B539427902AB8E,d754ce545094c12cf9f56d71f308afa6105c3be73c78cf484cba76597e65d1ec,M3,2024-08,21.14681640761599,1679
F2BE6B439F719FDD8F21DA8DCF7B58E0E5186878CA8F311810E9642BEEA2F2CF,d7e281366b49ca48bad6efb75947c66673e577582374de5ffaa5fb1496641510,M0,2021-08,20.88459266414821,1680
B62B6690936D1EC56D924BF25407232CFBE9A98E93C63D683E4BF372ED83F1D2,d7e281366b49ca48bad6efb75947c66673e577582374de5ffaa5fb1496641510,M1,2021-08,20.88459266414821,1681
126893D7A85D60A8891E7DAE11E2133A38E27E2849C21CC47F341B271A2D277F,d7e281366b49ca48bad6efb75947c66673e577582374de5ffaa5fb1496641510,M2,2021-08,20.88459266414821,1682
41D94101F040505E37E81668E6B2633E132A8614073A14392BF7F5C01FB3E963,d7e281366b49ca48bad6efb75947c66673e577582374de5ffaa5fb1496641510,M3,2021-08,20.88459266414821,1683
519ED02DA61376039DC6A04465CDD1CCCFD9AA74F5A633E53F1ADF125E6579A8,d7e281366b49ca48bad6efb75947c66673e577582374de5ffaa5fb1496641510,M0,2022-02,20.88459266414821,1684
F00ED5F4D0C6A41DD3BC030FC958FA89CB7661A63D63A80778946E7A62683573,d7e281366b49ca48bad6efb75947c66673e577582374de5ffaa5fb1496641510,M1,2022-02,20.88459266414821,1685
67A4F29824EF28465F2F3C56E8D11B79692F85034C249992175D6D5751226709,d7e281366b49ca48bad6efb75947c66673e577582374de5ffaa5fb1496641510,M2,2022-02,20.88459266414821,1686
B8AD72600793376EDC58243B8DD3DAE798CE51C209B74F4A3E8C191AA0D68371,d7e281366b49ca48bad6efb75947c66673e577582374de5ffaa5fb1496641510,M3,2022-02,20.88459266414821,1687
D74D08EAE8EBCF5A29F9FC7D95765388B8EFC4DB13FA2C08FE39F19BFE320DE9,d7e281366b49ca48bad6efb75947c66673e577582374de5ffaa5fb1496641510,M0,2022-08,20.88459266414821,1688
7A62854212954D1FAEB387A2E5C454ABCF48A0D706EACEB64E3915960B568873,d7e281366b49ca48bad6efb75947c66673e577582374de5ffaa5fb1496641510,M1,2022-08,20.88459266414821,1689
49863753CBE55AB4C40B716D04DCBA75240E3F1869397BF2D6D0DC787C61C775,d7e281366b49ca48bad6efb75947c66673e577582374de5ffaa5fb1496641510,M2,2022-08,20.88459266414821,1690
EE77959919848D76AF6DF780C235E2963D6B85F51F7C326AA2845ADE904FEB64,d7e281366b49ca48bad6efb75947c66673e577582374de5ffaa5fb1496641510,M3,2022-08,20.88459266414821,1691
13B9F2856D3986D37765D833E9821A1BD06EAE1F41B5270D910FACD68ACF42E2,d7e281366b49ca48bad6efb75947c66673e577582374de5ffaa5fb1496641510,M0,2023-08,20.88459266414821,1692
1D805CD41246EA89333A1D3E5EE2FBD5FB514C799617041E95EE8486FE20BC13,d7e281366b49ca48bad6efb75947c66673e577582374de5ffaa5fb1496641510,M1,2023-08,20.88459266414821,1693
514DAA1779FC587A470EB427E1A85680DAC7764F2F35783BCCD4C7E1643BBECE,d7e281366b49ca48bad6efb75947c66673e577582374de5ffaa5fb1496641510,M2,2023-08,20.88459266414821,1694
5542E98EF6B8CA729D8C206D7039765B0954E455EAFF5F5E92BF33D7322A8823,d7e281366b49ca48bad6efb75947c66673e577582374de5ffaa5fb1496641510,M3,2023-08,20.88459266414821,1695
0BD47CD1FF18E373BCE2562B4CB80BAF6D2DD02442043DFC6826170F5BFB4F31,d7e281366b49ca48bad6efb75947c66673e577582374de5ffaa5fb1496641510,M0,2024-08,20.88459266414821,1696
52FA9E18FBC1EAB34230B09CA8BBFDA49504DC3A1B123532398F27194D7A899C,d7e281366b49ca48bad6efb75947c66673e577582374de5ffaa5fb1496641510,M1,2024-08,20.88459266414821,1697
11BBE4444BF243E60AC6FEEE3CA99B2C3A1CCDA3139EF520F9DEAAF6026D9484,d7e281366b49ca48bad6efb75947c66673e577582374de5ffaa5fb1496641510,M2,2024-08,20.88459266414821,1698
7175DA3282E9C357201C98512C580E74128A70AD7C3B3B6641276674E0A26432,d7e281366b49ca48bad6efb75947c66673e577582374de5ffaa5fb1496641510,M3,2024-08,20.88459266414821,1699
F785CC8A9CF9D425FDCC9085CD8E805876E46E637728BE3356F3502BC6A3C376,de2ea6763581293f0bd1e48d767beb766211274812bb194100694adf0d087932,M0,2021-08,64.6094204486123,1700
3142F2C4BFA5618431FDDD016E4DF3B0AD67C5027BEEC5103542EFC522EC4640,de2ea6763581293f0bd1e48d767beb766211274812bb194100694adf0d087932,M1,2021-08,64.6094204486123,1701
81B9D81B63FBB598C20DBE6F38D02F0460FC2F6920A20F88B466F496230C65EA,de2ea6763581293f0bd1e48d767beb766211274812bb194100694adf0d087932,M2,2021-08,64.6094204486123,1702
7F51F92D592B66333936D4A2791162D9F66E6878703A7D74E0BF9DC2CE41A72A,de2ea6763581293f0bd1e48d767beb766211274812bb194100694adf0d087932,M3,2021-08,64.6094204486123,1703
AD8202CCBAF8B826B02042655EEE72284EDD24530B14E015174A84E3056F5C84,de2ea6763581293f0bd1e48d767beb766211274812bb194100694adf0d087932,M0,2022-02,64.6094204486123,1704
C6FF560560743EABC80766025E7C608F9E7B8D51F9C82DBEFFC54FC0C32E87CD,de2ea6763581293f0bd1e48d767beb766211274812bb194100694adf0d087932,M1,2022-02,64.6094204486123,1705
86552B4A9FA02E80A449D4C6AE153DFE6AD678FF689D533E834DC06435CC196F,de2ea6763581293f0bd1e48d767beb766211274812bb194100694adf0d087932,M2,2022-02,64.6094204486123,1706
1F13ED970F0C1C6EBDAD295C2E1BD326760CC0DF88FADDB770380A6F410C0264,de2ea6763581293f0bd1e48d767beb766211274812bb194100694adf0d087932,M3,2022-02,64.6094204486123,1707
620D7A3A2FA94060A850EAA11014D47255F4F0128B465E807272D15D28A44162,de2ea6763581293f0bd1e48d767beb766211274812bb194100694adf0d087932,M0,2022-08,64.6094204486123,1708
9EE5DF1641F3A9E4912CB4AAAFB0CF1D54422C27828BDBF3A80D3F6203C733FC,de2ea6763581293f0bd1e48d767beb766211274812bb194100694adf0d087932,M1,2022-08,64.6094204486123,1709
4C59B6C67D62998F5F0D4841B757BCB88E8FC9B51BE34DFF2A0997E42768A2A5,de2ea6763581293f0bd1e48d767beb766211274812bb194100694adf0d087932,M2,2022-08,64.6094204486123,1710
ACD32090EB8FF5D305596D0F0B2A2052EA86C1AFEC292F91DB513FB9B0C5ABA1,de2ea6763581293f0bd1e48d767beb766211274812bb194100694adf0d087932,M3,2022-08,64.6094204486123,1711
A6DB0CFC735BD23FED56B9C66677DC356C3E0D215062C0ED70F6B96C9B49E170,de2ea6763581293f0bd1e48d767beb766211274812bb194100694adf0d087932,M0,2023-08,64.6094204486123,1712
A648876A4EA1C54FB9EF6DB28E2B9895646AD9E535B11B1FB2641377BD6E2288,de2ea6763581293f0bd1e48d767beb766211274812bb194100694adf0d087932,M1,2023-08,64.6094204486123,1713
6FF3FB909C1748AEE23D0719DB46A05F24DB9B5DD55CE1D252B6ACFA024C4A83,de2ea6763581293f0bd1e48d767beb766211274812bb194100694adf0d087932,M2,2023-08,64.6094204486123,1714
7C8EDB34A0CABDF090E498FBEF2C01C2386FCBD0AB5D9FAD4DF124E727011887,de2ea6763581293f0bd1e48d767beb766211274812bb194100694adf0d087932,M3,2023-08,64.6094204486123,1715
B835DDE4FCCEC3F57E89EF834837FF9707DB332FF492B16E189FA6EB5D103E77,de2ea6763581293f0bd1e48d767beb766211274812bb194100694adf0d087932,M0,2024-08,64.6094204486123,1716
2748F75B2E55671E8FDDCE2BCD489C682C3E3D185DD64B0C61BBBE0A099F1BB9,de2ea6763581293f0bd1e48d767beb766211274812bb194100694adf0d087932,M1,2024-08,64.6094204486123,1717
79E3C5FD5459B33B36F81B28F7D62C3E272A0CD7464057D4C2869925AB16B594,de2ea6763581293f0bd1e48d767beb766211274812bb194100694adf0d087932,M2,2024-08,64.6094204486123,1718
BE0499348D23B23694AE465085C845FF72E405D7ADB39FF6F41E91AD0E5A5625,de2ea6763581293f0bd1e48d767beb766211274812bb194100694adf0d087932,M3,2024-08,64.6094204486123,1719
2C27CE825C1B89385DC481448B530E41D8589D3ACEDF72A224964A74BBE2F572,e0405a799c7d461f5a680e7dbea5bf532089dcf06f88aca8723336ed73040950,M0,2021-08,17.2704034856791,1720
B2E1DF0A04C856F6DBBF405CD2B46A0443E79E576396507E93ACD2D19E5B4D63,e0405a799c7d461f5a680e7dbea5bf532089dcf06f88aca8723336ed73040950,M1,2021-08,17.2704034856791,1721
342A66DA36A9B796787C98D1C26495C2E339B8A848BBE2E79EE8CC64EAD92BCA,e0405a799c7d461f5a680e7dbea5bf532089dcf06f88aca8723336ed73040950,M2,2021-08,17.2704034856791,1722
ABE3257F431AA997DAE19FF177097FE768BFF78C4B238D25B04D655BF3412172,e0405a799c7d461f5a680e7dbea5bf532089dcf06f88aca8723336ed73040950,M3,2021-08,17.2704034856791,1723
12D9D0B46EFAC58E0B43F4BEB8B043E78DCE0E13EC350F31E1B0B411A31AEECC,e0405a799c7d461f5a680e7dbea5bf532089dcf06f88aca8723336ed73040950,M0,2022-02,17.2704034856791,1724
943EB4E3695E25DA8A8689FB5149317FC92F740C468F9503FD629027924430AA,e0405a799c7d461f5a680e7dbea5bf532089dcf06f88aca8723336ed73040950,M1,2022-02,17.2704034856791,1725
CBB052E4AAD6050CC9C3D05CD8FD5729ED67AC0471FA6C0D4B84F2F9A1F5FF86,e0405a799c7d461f5a680e7dbea5bf532089dcf06f88aca8723336ed73040950,M2,2022-02,17.2704034856791,1726
7882A8234C7E9063507021BF554910A7D618F623CD1DA30D0E3A3D47BE24B96C,e0405a799c7d461f5a680e7dbea5bf532089dcf06f88aca8723336ed73040950,M3,2022-02,17.2704034856791,1727
D4E923721033075826B7111928CF1F2C5FBB89904303B6AD832E5392A91A012A,e0405a799c7d461f5a680e7dbea5bf532089dcf06f88aca8723336ed73040950,M0,2022-08,17.2704034856791,1728
8C2B050E2819360B4A83914E90147D977B27162D999B7A9C23838A9125C7A0CE,e0405a799c7d461f5a680e7dbea5bf532089dcf06f88aca8723336ed73040950,M1,2022-08,17.2704034856791,1729
0AA29E7C67F412E2942FD3F8DFA87006972A02C4D64B1101B4C828A82757145C,e0405a799c7d461f5a680e7dbea5bf532089dcf06f88aca8723336ed73040950,M2,2022-08,17.2704034856791,1730
3948890DED90EED3907FC52B0BF896CB67E19449384436F22509212DF695BFF9,e0405a799c7d461f5a680e7dbea5bf532089dcf06f88aca8723336ed73040950,M3,2022-08,17.2704034856791,1731
90BF905C71730E8A0CBF525BFE76E7209B5292EA511EB646DE9F25FC0C284A80,e0405a799c7d461f5a680e7dbea5bf532089dcf06f88aca8723336ed73040950,M0,2023-08,17.2704034856791,1732
09EE9D5F9F252A124B6629B362CCCC1D9AB3F740217836FA8862070866D7EA60,e0405a799c7d461f5a680e7dbea5bf532089dcf06f88aca8723336ed73040950,M1,2023-08,17.2704034856791,1733
8AB3A347E6BECD84F86CC926E640F5CEAEF1F8D84212BDA39EC294C17BE2DC5A,e0405a799c7d461f5a680e7dbea5bf532089dcf06f88aca8723336ed73040950,M2,2023-08,17.2704034856791,1734
555213294ED77F38E1AC2FC3EBCFA6F2A246F5751AEDDB23A6C379D56F4A3138,e0405a799c7d461f5a680e7dbea5bf532089dcf06f88aca8723336ed73040950,M3,2023-08,17.2704034856791,1735
F7FF83137B0EDCC9DD8BD6E9D27CF4FE5B9A541285978BCD787D27FDE11DDC02,e0405a799c7d461f5a680e7dbea5bf532089dcf06f88aca8723336ed73040950,M0,2024-08,17.2704034856791,1736
61191D8CA9E0A262409D06C79502F3269D0AF536E3BEF889923FE0F7B288708E,e0405a799c7d461f5a680e7dbea5bf532089dcf06f88aca8723336ed73040950,M1,2024-08,17.2704034856791,1737
5933C71688482232A7B00E696AD1A655D4D088B1CD0DAB969C47BACCFB8BD0C6,e0405a799c7d461f5a680e7dbea5bf532089dcf06f88aca8723336ed73040950,M2,2024-08,17.2704034856791,1738
7896C75C209A2984F760CAC54968731A4A58B1CFDD954FB57842A5248CFE6548,e0405a799c7d461f5a680e7dbea5bf532089dcf06f88aca8723336ed73040950,M3,2024-08,17.2704034856791,1739
B4359E1711F6880DDF965274469A0B009FAFB924464B2796EB25041A1584CE25,e246a34041d3d30f5f7b7a1d1d62eada40ef383bee8aa0a6582cd7d1bc097fd1,M0,2021-08,33.20166504517624,1740
5AA05AB465FF2F0DB9AE3E55EAA74ED5132F7BC2890EE5530C59EE538CF6F178,e246a34041d3d30f5f7b7a1d1d62eada40ef383bee8aa0a6582cd7d1bc097fd1,M1,2021-08,33.20166504517624,1741
B460AF6F39551318EC3E63D395F99E6FC97BE39DE4C394C4CEC0601E67274E8E,e246a34041d3d30f5f7b7a1d1d62eada40ef383bee8aa0a6582cd7d1bc097fd1,M2,2021-08,33.20166504517624,1742
6EF137D35F96DCF54C213A82A3055CA7506C427205C1A137634C1C76FD55BD6A,e246a34041d3d30f5f7b7a1d1d62eada40ef383bee8aa0a6582cd7d1bc097fd1,M3,2021-08,33.20166504517624,1743
566C8BC9B73ED6879353B31E9D8E028D550AA7FC9B413F66B7C48E823E76BF5D,e246a34041d3d30f5f7b7a1d1d62eada40ef383bee8aa0a6582cd7d1bc097fd1,M0,2022-02,33.20166504517624,1744
3CB0EE2C65947A92F2E70B62D6EC8C349146A500AC17161857B4CE7581DB3B80,e246a34041d3d30f5f7b7a1d1d62eada40ef383bee8aa0a6582cd7d1bc097fd1,M1,2022-02,33.20166504517624,1745
C30024432B97A32F0139FF4DFD93785FF5967742E4530330C7A44B0613B7324B,e246a34041d3d30f5f7b7a1d1d62eada40ef383bee8aa0a6582cd7d1bc097fd1,M2,2022-02,33.20166504517624,1746
6FF07BCECEA091BF69A1ACA4379ADC169D0D7F26563B6EED258A61AC61BAED3B,e246a34041d3d30f5f7b7a1d1d62eada40ef383bee8aa0a6582cd7d1bc097fd1,M3,2022-02,33.20166504517624,1747
EBE1678E4E00244C1A169C2C7D766BC5156B98812A87DD74C2B5B223F7938EC2,e246a34041d3d30f5f7b7a1d1d62eada40ef383bee8aa0a6582cd7d1bc097fd1,M0,2022-08,33.20166504517624,1748
17316B8B53F1C5570E874E4D9C95BAF36B0BAE317CAA81366C585618F7AEAC92,e246a34041d3d30f5f7b7a1d1d62eada40ef383bee8aa0a6582cd7d1bc097fd1,M1,2022-08,33.20166504517624,1749
6FC176397F1F1728829042C4BB9AB90C1BB0D3638FEF8BAE3930FE322FF29F8E,e246a34041d3d30f5f7b7a1d1d62eada40ef383bee8aa0a6582cd7d1bc097fd1,M2,2022-08,33.20166504517624,1750
5126ACCAF4DEC813704FDF41248C733AA962043569CAE8F4050070BDB6FB37BE,e246a34041d3d30f5f7b7a1d1d62eada40ef383bee8aa0a6582cd7d1bc097fd1,M3,2022-08,33.20166504517624,1751
CD338BCFCA12B052F64592DDD0AAB5A481AF1EBAF8E77C251C2828AEB6CAC634,e246a34041d3d30f5f7b7a1d1d62eada40ef383bee8aa0a6582cd7d1bc097fd1,M0,2023-08,33.20166504517624,1752
2E62E58BCFDAE41EE21D9276771F27D7AE32B5A78AC3CDF06A2D8871FD89669C,e246a34041d3d30f5f7b7a1d1d62eada40ef383bee8aa0a6582cd7d1bc097fd1,M1,2023-08,33.20166504517624,1753
5470C84654ED1FC2DBC62AFF6FD666FA405CBA1D171D7586F049FB6C5205D819,e246a34041d3d30f5f7b7a1d1d62eada40ef383bee8aa0a6582cd7d1bc097fd1,M2,2023-08,33.20166504517624,1754
ACE77CB6BA4955FB2AC5123E86E1D3EBEFF5C10612D202359C00841FDD3B2F66,e246a34041d3d30f5f7b7a1d1d62eada40ef383bee8aa0a6582cd7d1bc097fd1,M3,2023-08,33.20166504517624,1755
CF0160B272D43ECC24EC623206F79D83072629E0B56827326185D9D722D42E1A,e246a34041d3d30f5f7b7a1d1d62eada40ef383bee8aa0a6582cd7d1bc097fd1,M0,2024-08,33.20166504517624,1756
215E8AB1F809A71884D661A375C1E80C3AA3260A27FC6B170844280A43CD9B5E,e246a34041d3d30f5f7b7a1d1d62eada40ef383bee8aa0a6582cd7d1bc097fd1,M1,2024-08,33.20166504517624,1757
623AE97D5D3C08ECC6A3A926F75131C4BAAFB21BCD766F991B81E2999290B23E,e246a34041d3d30f5f7b7a1d1d62eada40ef383bee8aa0a6582cd7d1bc097fd1,M2,2024-08,33.20166504517624,1758
1238E0B646363652B82131BF97BDDD9A053629EBE42AB862D3FD84AD353DA602,e246a34041d3d30f5f7b7a1d1d62eada40ef383bee8aa0a6582cd7d1bc097fd1,M3,2024-08,33.20166504517624,1759
B4A46F78526A60FA685804A6B0563F23C63850BB89C8A46FF9DA34809374851A,e4d53583e73592b6de193452ce72915ffb5c510041862ed7941c0ae6938575ad,M0,2021-08,4.579378716410575,1760
51184EC5943D0451F87CCCDCE587011DF95C09998F078169893577199156C5E6,e4d53583e73592b6de193452ce72915ffb5c510041862ed7941c0ae6938575ad,M1,2021-08,4.579378716410575,1761
875F46C64DC5D8A6309B63813728BFFFC33BCD812B881402A297FDC403650F60,e4d53583e73592b6de193452ce72915ffb5c510041862ed7941c0ae6938575ad,M2,2021-08,4.579378716410575,1762
71130CC44756CCA2AF326579555FF9ED46F9D57FAD2DDF06F8794F11A18BB38B,e4d53583e73592b6de193452ce72915ffb5c510041862ed7941c0ae6938575ad,M3,2021-08,4.579378716410575,1763
3248D2F1247BCC8A938709492DBA37B3F547743AF97A011FDCBF12E51528B407,e4d53583e73592b6de193452ce72915ffb5c510041862ed7941c0ae6938575ad,M0,2022-02,4.579378716410575,1764
2D327F39B7B3D23D8D1B84AB4BCF650B33F1BE2B30FF0B01B5DE54C7C01FC782,e4d53583e73592b6de193452ce72915ffb5c510041862ed7941c0ae6938575ad,M1,2022-02,4.579378716410575,1765
96D490F54D335447AA0C0CC40E5E6119C9D99C33B377041C4731FDB9700BCE1D,e4d53583e73592b6de193452ce72915ffb5c510041862ed7941c0ae6938575ad,M2,2022-02,4.579378716410575,1766
0890D516249AAC091B81870DDF41BBEA4F1F481A8801923CD0B6EF72A1FB473C,e4d53583e73592b6de193452ce72915ffb5c510041862ed7941c0ae6938575ad,M3,2022-02,4.579378716410575,1767
68BB5E2B05CAEC7671A257E503C7CAB81DF368B6CD9115DEF546CE448A37A538,e4d53583e73592b6de193452ce72915ffb5c510041862ed7941c0ae6938575ad,M0,2022-08,4.579378716410575,1768
A7CB40DC11803339C6F8AD8E47BBFC98404F94A970E39B986D507A3342D122A7,e4d53583e73592b6de193452ce72915ffb5c510041862ed7941c0ae6938575ad,M1,2022-08,4.579378716410575,1769
EB467F4C3650832E75606061978416B95D179CBBE7D7D0CE0ECA1500935B9E60,e4d53583e73592b6de193452ce72915ffb5c510041862ed7941c0ae6938575ad,M2,2022-08,4.579378716410575,1770
CDBA6F1411FBE44F9CE402EFDDCFF14A9EF434565A00C33D7AE3F6A1A40F0469,e4d53583e73592b6de193452ce72915ffb5c510041862ed7941c0ae6938575ad,M3,2022-08,4.579378716410575,1771
0683C1DED03826A5C7B2D9428149C97CFE44879BE6825E64C47423BA5E164C22,e4d53583e73592b6de193452ce72915ffb5c510041862ed7941c0ae6938575ad,M0,2023-08,4.579378716410575,1772
A924D99388CE3B75225BB9274635A94A865A4BDC79BF02CB2786621089B951D2,e4d53583e73592b6de193452ce72915ffb5c510041862ed7941c0ae6938575ad,M1,2023-08,4.579378716410575,1773
3D4D61C961BC24CEEBA060B759F1CD6A96D562BEC1038DCCC29780AB1476FC24,e4d53583e73592b6de193452ce72915ffb5c510041862ed7941c0ae6938575ad,M2,2023-08,4.579378716410575,1774
C3219504B48DE20F068FD26C8AF40EC719C6C86BE27669E4D5F7F699A19E9FED,e4d53583e73592b6de193452ce72915ffb5c510041862ed7941c0ae6938575ad,M3,2023-08,4.579378716410575,1775
B104E5EB5B40B773FD381230BDC713C545EA282E1D18E469078CE4745D8B93BF,e4d53583e73592b6de193452ce72915ffb5c510041862ed7941c0ae6938575ad,M0,2024-08,4.579378716410575,1776
6E4DEF116EBF6C1C1AA1B645ABDDE8F128EA447DF100B801D6C5BA7E170CBE5D,e4d53583e73592b6de193452ce72915ffb5c510041862ed7941c0ae6938575ad,M1,2024-08,4.579378716410575,1777
F119C3482DEDF7990D0C5372B0F755AE326E7BF4B95711EBC651F47D0AAB2099,e4d53583e73592b6de193452ce72915ffb5c510041862ed7941c0ae6938575ad,M2,2024-08,4.579378716410575,1778
81A604E9F9F9F5DAC25FE4B1DDDCC3C6202F7A597A837C71C7DEFEC5DE74A0F2,e4d53583e73592b6de193452ce72915ffb5c510041862ed7941c0ae6938575ad,M3,2024-08,4.579378716410575,1779
76EDE62D59F34399E2CCC5B4E356114B9F902F6176412496C6F7F154B061622A,ed55d67799a03f7b520a5dce922ed58f7bf55dca80b230914ed24332938f8026,M0,2021-08,24.79941624755712,1780
E0CE6C91F41D3C60BC5DB07836AFB2DE4FFC66A896FC5F63BBBC12BE84E99046,ed55d67799a03f7b520a5dce922ed58f7bf55dca80b230914ed24332938f8026,M1,2021-08,24.79941624755712,1781
97E624282F7228D69603C5EF606025FE983BADCB7803BADE1F236F1838FDC89C,ed55d67799a03f7b520a5dce922ed58f7bf55dca80b230914ed24332938f8026,M2,2021-08,24.79941624755712,1782
47A73596B88BD531AF879B68B7910DA234CB03D83830B318F6CD79AA227A2EDE,ed55d67799a03f7b520a5dce922ed58f7bf55dca80b230914ed24332938f8026,M3,2021-08,24.79941624755712,1783
C2CEC22767DC53C647111DE8935296566450CB04A0C4A240CE57BCD137445140,ed55d67799a03f7b520a5dce922ed58f7bf55dca80b230914ed24332938f8026,M0,2022-02,24.79941624755712,1784
35E5F98F0BBDA7B020FB7D38C7A6DB1BF1C915E41681E47C8CC3DAA22204A9E8,ed55d67799a03f7b520a5dce922ed58f7bf55dca80b230914ed24332938f8026,M1,2022-02,24.79941624755712,1785
734E545955E17DAF3EA24085A8BA450485E6A886EA9987EDE1342A802C2135F6,ed55d67799a03f7b520a5dce922ed58f7bf55dca80b230914ed24332938f8026,M2,2022-02,24.79941624755712,1786
D3E84878B162B17EBFA49E8F002E451F78E08643F9354172ED454B4384E3C30C,ed55d67799a03f7b520a5dce922ed58f7bf55dca80b230914ed24332938f8026,M3,2022-02,24.79941624755712,1787
2097D87E2A60696B7E7565EEFEAA575071E181D4BA8987FB6E0F843AFE1D2251,ed55d67799a03f7b520a5dce922ed58f7bf55dca80b230914ed24332938f8026,M0,2022-08,24.79941624755712,1788
71D4D00CBDF57E9CEA6B597D986CE15C5FB5EB7B94D890D98673DF4893078882,ed55d67799a03f7b520a5dce922ed58f7bf55dca80b230914ed24332938f8026,M1,2022-08,24.79941624755712,1789
C972DF51391FE6ACD502FDB7E7934998FBAB7B74763A8AFFBAC4F1BE765CC3C9,ed55d67799a03f7b520a5dce922ed58f7bf55dca80b230914ed24332938f8026,M2,2022-08,24.79941624755712,1790
D341BF4A43F2D02C83A3D678FB1135D0F6D68A207FAF529640AF1885FE8CB01E,ed55d67799a03f7b520a5dce922ed58f7bf55dca80b230914ed24332938f8026,M3,2022-08,24.79941624755712,1791
A1C7410A80FBBBD99B6E813B99363835D9325BEDC67829352BCD2CE9F03F1C8F,ed55d67799a03f7b520a5dce922ed58f7bf55dca80b230914ed24332938f8026,M0,2023-08,24.79941624755712,1792
9EDF98BDD8FCE542B0E729472D48B75AE5322C6D8C4FDB99A6C82842322A4D82,ed55d67799a03f7b520a5dce922ed58f7bf55dca80b230914ed24332938f8026,M1,2023-08,24.79941624755712,1793
C419ACEE21C64C4BC9F3C21C429C1996AEDD0B540C70296BAA8CAFD2AD715203,ed55d67799a03f7b520a5dce922ed58f7bf55dca80b230914ed24332938f8026,M2,2023-08,24.79941624755712,1794
2BD16F226F7B90A4235021F18E98C02BA286EEFCB0603E52AB33798DFA95AA3B,ed55d67799a03f7b520a5dce922ed58f7bf55dca80b230914ed24332938f8026,M3,2023-08,24.79941624755712,1795
7ABC84BD5E7124C29836C8FFC8FB1D8596BEEABF0BF79B63B21E659F61CF3089,ed55d67799a03f7b520a5dce922ed58f7bf55dca80b230914ed24332938f8026,M0,2024-08,24.79941624755712,1796
0B7F8EB0390EA5F15E2E0584B9833B6CB99F21BD9A86E5331801491866CCDABA,ed55d67799a03f7b520a5dce922ed58f7bf55dca80b230914ed24332938f8026,M1,2024-08,24.79941624755712,1797
AEBB15825A21B2A127D34A1D546ACD4FCBDB8FF05C08DDBFF5AC48BCB535A08A,ed55d67799a03f7b520a5dce922ed58f7bf55dca80b230914ed24332938f8026,M2,2024-08,24.79941624755712,1798
F610BD304F690CAA1B95BD44EDA16B2CE320240FDE7684749D42DF729B610F7D,ed55d67799a03f7b520a5dce922ed58f7bf55dca80b230914ed24332938f8026,M3,2024-08,24.79941624755712,1799
D4C38C6B610FEF63EF97A3B73FEE0D8D2099ECCF32A48B178525DEC7ADA9D332,f2e8703d13d6bd7b9dd44024e5c26875efecb2841272dafcbcc21393cd824554,M0,2021-08,54.43511382543097,1800
0AFBDB3ABE502EAF9F2E155F4BEF85D03AE5364B169AB80047839B92F4157CA0,f2e8703d13d6bd7b9dd44024e5c26875efecb2841272dafcbcc21393cd824554,M1,2021-08,54.43511382543097,1801
3903E41DFACC37B150ABCAA12799E3C005E1B0344C3C66135B2ED0D8A1A9B83C,f2e8703d13d6bd7b9dd44024e5c26875efecb2841272dafcbcc21393cd824554,M2,2021-08,54.43511382543097,1802
1A66821FD294E89E3DC1FA816C2FB603F7120996780CDCDCEBC32AF43A5916F7,f2e8703d13d6bd7b9dd44024e5c26875efecb2841272dafcbcc21393cd824554,M3,2021-08,54.43511382543097,1803
EF2056D769751750F6AFD58A72294BCAC8712FAF306FFA480BAADFF381B7EB62,f2e8703d13d6bd7b9dd44024e5c26875efecb2841272dafcbcc21393cd824554,M0,2022-02,54.43511382543097,1804
36A3719B8A4D050D53CD3C7AD62FF02B21EFD204D40B900B8DD805C047FE5B28,f2e8703d13d6bd7b9dd44024e5c26875efecb2841272dafcbcc21393cd824554,M1,2022-02,54.43511382543097,1805
C743ADAE8719D5D9E707B6AEB2F12C67AC6ACD44E6F0860AB3DF972309978FFF,f2e8703d13d6bd7b9dd44024e5c26875efecb2841272dafcbcc21393cd824554,M2,2022-02,54.43511382543097,1806
59BCF37F820DCE2931410AFB15DE0384ABDB6AB43ABA9CA9E9440A59AAC90E2F,f2e8703d13d6bd7b9dd44024e5c26875efecb2841272dafcbcc21393cd824554,M3,2022-02,54.43511382543097,1807
8254176371E6AC4EC4BF4E24BDD6DD6D378087AF1865216E8A78A92D0AB370FE,f2e8703d13d6bd7b9dd44024e5c26875efecb2841272dafcbcc21393cd824554,M0,2022-08,54.43511382543097,1808
2694011A74CB0AEC6197D2B19DA1B5E7B4D493A1359D82C723F35AED133D6A05,f2e8703d13d6bd7b9dd44024e5c26875efecb2841272dafcbcc21393cd824554,M1,2022-08,54.43511382543097,1809
B77C08129503218A60A9B7AAC5C49B56A1D61DC78F566DA65AC3AD1027EEB8F4,f2e8703d13d6bd7b9dd44024e5c26875efecb2841272dafcbcc21393cd824554,M2,2022-08,54.43511382543097,1810
461DE8C32711817D13EF703E519E5DD4503FF440FD2FD0F5BCA458F5E3C2DFDC,f2e8703d13d6bd7b9dd44024e5c26875efecb2841272dafcbcc21393cd824554,M3,2022-08,54.43511382543097,1811
FFE0E2946E6A8AFE24CE28F769AE50D1CD12A7C0C30EBCB3B256728C07A85ECB,f2e8703d13d6bd7b9dd44024e5c26875efecb2841272dafcbcc21393cd824554,M0,2023-08,54.43511382543097,1812
C1B4BD4C6852BB97ABFF718A707E77EFBF96FC7FDE2074DC11997979C7669F97,f2e8703d13d6bd7b9dd44024e5c26875efecb2841272dafcbcc21393cd824554,M1,2023-08,54.43511382543097,1813
004C24D582FD69642613DA0ABA6C16970B71632EA70C4B8D1A344ADAF21ED4AE,f2e8703d13d6bd7b9dd44024e5c26875efecb2841272dafcbcc21393cd824554,M2,2023-08,54.43511382543097,1814
EF12DBA943D17721910B0ADC7B448D49D89DEB5E0F69447FEF1A4FBA779769CF,f2e8703d13d6bd7b9dd44024e5c26875efecb2841272dafcbcc21393cd824554,M3,2023-08,54.43511382543097,1815
0DEF4B3FAC0F126F6E8D7DF1C303EC37E1CC3EC6DD02628C38E8113E13A1635D,f2e8703d13d6bd7b9dd44024e5c26875efecb2841272dafcbcc21393cd824554,M0,2024-08,54.43511382543097,1816
D571E876774FC6F00558BBC64579D3B4142091252A9EC00CD9DFE5DEC5871B37,f2e8703d13d6bd7b9dd44024e5c26875efecb2841272dafcbcc21393cd824554,M1,2024-08,54.43511382543097,1817
E70CD2FAC8A3CD2FFD8C0A644CD4534C159C627633BACFC17F39BD1777DE98E2,f2e8703d13d6bd7b9dd44024e5c26875efecb2841272dafcbcc21393cd824554,M2,2024-08,54.43511382543097,1818
14B109687FB760F1D7D88C02D312D344E680E07378FE15D5E9F446AA0AAB785A,f2e8703d13d6bd7b9dd44024e5c26875efecb2841272dafcbcc21393cd824554,M3,2024-08,54.43511382543097,1819
E9918EBC6DDFA0E3FE80EFF8BC6D8521B99730E8E06C9110FE3951BFD496D863,f505d5cf869e5347395b28b8eb6996dd9d6c5774b064d25afc85457103bd3f82,M0,2021-08,48.54928724404613,1820
1B4E2DDBE415DE3CE3187C09B7938FA6F46E3EA2FC1881BE0E9B91BEEC406C94,f505d5cf869e5347395b28b8eb6996dd9d6c5774b064d25afc85457103bd3f82,M1,2021-08,48.54928724404613,1821
EBF123EEEAAD94C5308A7C07F36F232A0A0B7F3FE316D8880139EDBEA0A37E6A,f505d5cf869e5347395b28b8eb6996dd9d6c5774b064d25afc85457103bd3f82,M2,2021-08,48.54928724404613,1822
9A38144BA88BFB287304982ADAF0AE022CC79FD4E4682CE7BCAB4C7A8313C5C5,f505d5cf869e5347395b28b8eb6996dd9d6c5774b064d25afc85457103bd3f82,M3,2021-08,48.54928724404613,1823
8A17909F089832821988329D73D56760752D4E72BD368FAB893A0BE376BE3994,f505d5cf869e5347395b28b8eb6996dd9d6c5774b064d25afc85457103bd3f82,M0,2022-02,48.54928724404613,1824
C19E7F0131D959EAE3B08817E00A3C48BBF752F4409162C1DC308C65290C619C,f505d5cf869e5347395b28b8eb6996dd9d6c5774b064d25afc85457103bd3f82,M1,2022-02,48.54928724404613,1825
7C1509855A9C83BAE39A914DEA4BA768D676463486AE9C7FFED202E2C0A8F389,f505d5cf869e5347395b28b8eb6996dd9d6c5774b064d25afc85457103bd3f82,M2,2022-02,48.54928724404613,1826
3E3FDE29BB14A9BE238DC2178D110BB76350A217AE7F1781370B5F19E961F74F,f505d5cf869e5347395b28b8eb6996dd9d6c5774b064d25afc85457103bd3f82,M3,2022-02,48.54928724404613,1827
F03F128026419FD1FDB9DD9CEEE257177548320BA1436929BA64028B8ADF9AFB,f505d5cf869e5347395b28b8eb6996dd9d6c5774b064d25afc85457103bd3f82,M0,2022-08,48.54928724404613,1828
D9836D5F703D1208C9C867015B66F0D4C636F8CA9B4C927B8A15CE615BF7FCD7,f505d5cf869e5347395b28b8eb6996dd9d6c5774b064d25afc85457103bd3f82,M1,2022-08,48.54928724404613,1829
498592B3C41D7465CAE3430032E181911AA78967AF3C2A1E5ADEF84436C22D37,f505d5cf869e5347395b28b8eb6996dd9d6c5774b064d25afc85457103bd3f82,M2,2022-08,48.54928724404613,1830
1CDD12EC747B34845C1872918FFF3A92800A1926444E75F82E89FC2D3885E811,f505d5cf869e5347395b28b8eb6996dd9d6c5774b064d25afc85457103bd3f82,M3,2022-08,48.54928724404613,1831
C8DDBCACB84510719FF11DB28D244741CB6810FC74F1B140D6492DF1B0A8289B,f505d5cf869e5347395b28b8eb6996dd9d6c5774b064d25afc85457103bd3f82,M0,2023-08,48.54928724404613,1832
799B75F6D9603BD0902C5EE86112BD9788BEFAD451905FE4BE8A3C9FB676DEC3,f505d5cf869e5347395b28b8eb6996dd9d6c5774b064d25afc85457103bd3f82,M1,2023-08,48.54928724404613,1833
BAE2A43159EFA4CF166F581FD9B6FC3E572B03F58C598152E063BAD6A04318E5,f505d5cf869e5347395b28b8eb6996dd9d6c5774b064d25afc85457103bd3f82,M2,2023-08,48.54928724404613,1834
2D3583AB4E5BE56F00391764D938779EAB41858C722913D4FB1490D41E1E0C24,f505d5cf869e5347395b28b8eb6996dd9d6c5774b064d25afc85457103bd3f82,M3,2023-08,48.54928724404613,1835
729A7CE89D940AD5EEDD0F74140AE46975EB5C6E108D0D7E97761A4D2928503E,f505d5cf869e5347395b28b8eb6996dd9d6c5774b064d25afc85457103bd3f82,M0,2024-08,48.54928724404613,1836
DAD13C0DEAF5EF827A2E8C0120391D169CBD8D7CBDAB0359FFCAC12123E9E418,f505d5cf869e5347395b28b8eb6996dd9d6c5774b064d25afc85457103bd3f82,M1,2024-08,48.54928724404613,1837
77E525000D8B625354EB1594B964F02ADFCBBEA2CEDBBA21EFB3530494E76AB1,f505d5cf869e5347395b28b8eb6996dd9d6c5774b064d25afc85457103bd3f82,M2,2024-08,48.54928724404613,1838
9E0A89BB95FCFAA4123754DD53F4294ED37A1C1A65252ABE505613522BDF8E75,f505d5cf869e5347395b28b8eb6996dd9d6c5774b064d25afc85457103bd3f82,M3,2024-08,48.54928724404613,1839
16A4E336D2E5B5D1431ED85AEA204728A2B6545974519EA2552D201D2C7F733A,f58417d05ca60c93a1a61e4618cc24bf705d29f91675f15911356e765341d681,M0,2021-08,15.252508617188074,1840
8BAFC95776931CDCBEB4D7EB83780C86180353652A83D84514E701A4076A0529,f58417d05ca60c93a1a61e4618cc24bf705d29f91675f15911356e765341d681,M1,2021-08,15.252508617188074,1841
8D2CD232E898DA46695A8C77CF2ACCA76F723175BEA5C7D8C268E60D921764D4,f58417d05ca60c93a1a61e4618cc24bf705d29f91675f15911356e765341d681,M2,2021-08,15.252508617188074,1842
0AB500DF1E30D90B9AFA7E6952C0A10BEE587D88D0424EEE8203868C07D81495,f58417d05ca60c93a1a61e4618cc24bf705d29f91675f15911356e765341d681,M3,2021-08,15.252508617188074,1843
087533BBD0359CA9AD9E56C250186012E55496AE7C8C215E6EC07E252D7939DE,f58417d05ca60c93a1a61e4618cc24bf705d29f91675f15911356e765341d681,M0,2022-02,15.252508617188074,1844
50D29CB8DC6AF221BB494D7978336C793F84DBD366E941E2754F47B93388096D,f58417d05ca60c93a1a61e4618cc24bf705d29f91675f15911356e765341d681,M1,2022-02,15.252508617188074,1845
59B139382DF24A4FFF77965248DAD58CD4C07FDCA30FB7594A47F0715B5F033F,f58417d05ca60c93a1a61e4618cc24bf705d29f91675f15911356e765341d681,M2,2022-02,15.252508617188074,1846
6A4B5C570B19D461123613497E69F23A44139005F25706CDE6A7050E9CC7E9C5,f58417d05ca60c93a1a61e4618cc24bf705d29f91675f15911356e765341d681,M3,2022-02,15.252508617188074,1847
751ACF9D5051CD3BC88E9E612FD54CFB38273E034568B137A3B5D12839CE9EE8,f58417d05ca60c93a1a61e4618cc24bf705d29f91675f15911356e765341d681,M0,2022-08,15.252508617188074,1848
6738B2847AAA7A41BCF81D43D79708DC7F35011DEECE945921855269B85FDF00,f58417d05ca60c93a1a61e4618cc24bf705d29f91675f15911356e765341d681,M1,2022-08,15.252508617188074,1849
59AEBF8004D2EDD522F6A43B74E1CB689D41DE4462743636A02EAD8673249599,f58417d05ca60c93a1a61e4618cc24bf705d29f91675f15911356e765341d681,M2,2022-08,15.252508617188074,1850
78813EE4FE64852DBE4CC335C55AD08AE83BC0FFC4C487C45A6AC4521DC43A8E,f58417d05ca60c93a1a61e4618cc24bf705d29f91675f15911356e765341d681,M3,2022-08,15.252508617188074,1851
09B9B2AEEAD8B17E0F03050E143DE269BFFC56CDBD1877A60A4F37C24AD734C8,f58417d05ca60c93a1a61e4618cc24bf705d29f91675f15911356e765341d681,M0,2023-08,15.252508617188074,1852
5427278EC37149C40011682EF87BC4FA5241355BF38D8C7626B5D3BFDE7DF4C8,f58417d05ca60c93a1a61e4618cc24bf705d29f91675f15911356e765341d681,M1,2023-08,15.252508617188074,1853
6DAE9498B3E1E927F1863E7D36B6B0788A3DA9609546F3A17DE0D83D7D1E44F9,f58417d05ca60c93a1a61e4618cc24bf705d29f91675f15911356e765341d681,M2,2023-08,15.252508617188074,1854
7EAF55A7C2BF65E40E52257D77A67BEE5BEB33B5FB5C81520FD8DE36D7B324E9,f58417d05ca60c93a1a61e4618cc24bf705d29f91675f15911356e765341d681,M3,2023-08,15.252508617188074,1855
2B91B5AE8B7100DA8AA2E7E9867A80035DCBAFFEA27C22B86C4AA2FA0616784C,f58417d05ca60c93a1a61e4618cc24bf705d29f91675f15911356e765341d681,M0,2024-08,15.252508617188074,1856
32C54255BB26BBC4CEA84F9CAD0082BFB4B258A7BC8560DE613281AD2957571E,f58417d05ca60c93a1a61e4618cc24bf705d29f91675f15911356e765341d681,M1,2024-08,15.252508617188074,1857
2F8E716A6B90579483AC4511A410A4FFC54E6B57189D38887AA0771CAD218BD3,f58417d05ca60c93a1a61e4618cc24bf705d29f91675f15911356e765341d681,M2,2024-08,15.252508617188074,1858
B964BA69452370292CD0FF35CE01148A77BD44DEB86DFC01239430866A5A6E54,f58417d05ca60c93a1a61e4618cc24bf705d29f91675f15911356e765341d681,M3,2024-08,15.252508617188074,1859
19C134AD27B8C287FEC4255CECFBAE911BDC52E221ED3278CC531064C9D45CF2,f92f14a6e46ea24dcfcab0c9f7b71a2aa6334a638637e21109c306fa79b38645,M0,2021-08,47.76194074232417,1860
1F1280C3E5F6F6D47FE6D5080FEA7AA54B7E3A8099741E3C011D4F8077082B4E,f92f14a6e46ea24dcfcab0c9f7b71a2aa6334a638637e21109c306fa79b38645,M1,2021-08,47.76194074232417,1861
F1D95CC3C8FA0B60B2ACFF9A9C8DD951263C3B621E3C16ED15A5527E99BDF013,f92f14a6e46ea24dcfcab0c9f7b71a2aa6334a638637e21109c306fa79b38645,M2,2021-08,47.76194074232417,1862
6B5A262AAB1FBA2214730A71B5362ED68A568C83D3E95C718940C1F89564EB7E,f92f14a6e46ea24dcfcab0c9f7b71a2aa6334a638637e21109c306fa79b38645,M3,2021-08,47.76194074232417,1863
2020DC75F911642463CE330E0A5B75437E51BA085CC6C044C2EBF0CDBD52183F,f92f14a6e46ea24dcfcab0c9f7b71a2aa6334a638637e21109c306fa79b38645,M0,2022-02,47.76194074232417,1864
438C4CE44106D724F0FA14C3AD6BD96F57572CF46B4E41927E347019316057BE,f92f14a6e46ea24dcfcab0c9f7b71a2aa6334a638637e21109c306fa79b38645,M1,2022-02,47.76194074232417,1865
B30EDAA26D8CCD5F4FA825D6EABEB19BBC7FD873466FDD7B0EA4CFBBEC30FF28,f92f14a6e46ea24dcfcab0c9f7b71a2aa6334a638637e21109c306fa79b38645,M2,2022-02,47.76194074232417,1866
FFDEA216103F24B583F8A57737B9A3C149BE4C877018C6C8F51E31C518C8C505,f92f14a6e46ea24dcfcab0c9f7b71a2aa6334a638637e21109c306fa79b38645,M3,2022-02,47.76194074232417,1867
F14F705B7B67B2CC0CC6F11E92A7A4E49AB6E414962EC99FED1A2D0B4A1E60D6,f92f14a6e46ea24dcfcab0c9f7b71a2aa6334a638637e21109c306fa79b38645,M0,2022-08,47.76194074232417,1868
1AE58297DA6C32373F8CC9CECA48974D6225062978837FD12F9EB339C415068E,f92f14a6e46ea24dcfcab0c9f7b71a2aa6334a638637e21109c306fa79b38645,M1,2022-08,47.76194074232417,1869
045D5F1F79DA85873045A8D19D5F16EFF61CA8446FBB572BD97942FBF9E2A5C1,f92f14a6e46ea24dcfcab0c9f7b71a2aa6334a638637e21109c306fa79b38645,M2,2022-08,47.76194074232417,1870
A50330C574135AEF19AF55811FCA7B760B9B6CD27EEA334CF7A2F57F3A6A43B0,f92f14a6e46ea24dcfcab0c9f7b71a2aa6334a638637e21109c306fa79b38645,M3,2022-08,47.76194074232417,1871
7BD386DD5176DEDD3FB96DD2C7E25F1716FC312F43B7AD117A774171D94FD3E6,f92f14a6e46ea24dcfcab0c9f7b71a2aa6334a638637e21109c306fa79b38645,M0,2023-08,47.76194074232417,1872
3A954DB3350E907239671FE741E2B4957F0C4B3A6C1DF2F19F9A457DCFC40126,f92f14a6e46ea24dcfcab0c9f7b71a2aa6334a638637e21109c306fa79b38645,M1,2023-08,47.76194074232417,1873
AE4B27FF9C130D47E5BFD7BB5A3C76DF6B048B5ECCD57CDF45B449991581C2C1,f92f14a6e46ea24dcfcab0c9f7b71a2aa6334a638637e21109c306fa79b38645,M2,2023-08,47.76194074232417,1874
F348CB151523EE142AE4B7604BB3822ECE9DDFE046F975CABB1DEAAFC5AD53C1,f92f14a6e46ea24dcfcab0c9f7b71a2aa6334a638637e21109c306fa79b38645,M3,2023-08,47.76194074232417,1875
0AB0267DD791EC1B760C219BA8941475FF20B2A0D0B6B595F26ADD3B9B270E3F,f92f14a6e46ea24dcfcab0c9f7b71a2aa6334a638637e21109c306fa79b38645,M0,2024-08,47.76194074232417,1876
87695C23FEBDB458D00EBC233148698D8589198E9FE8846544A438D4048A7F3C,f92f14a6e46ea24dcfcab0c9f7b71a2aa6334a638637e21109c306fa79b38645,M1,2024-08,47.76194074232417,1877
67BAD13A7DD8325500F1AE99609BA0BF2F97307E7B150230D50FF8F307F1816E,f92f14a6e46ea24dcfcab0c9f7b71a2aa6334a638637e21109c306fa79b38645,M2,2024-08,47.76194074232417,1878
5840C8FE09FFEF2F386A7AFB1874E4CA6C93597011C8A0C548923B1A3F78A0E7,f92f14a6e46ea24dcfcab0c9f7b71a2aa6334a638637e21109c306fa79b38645,M3,2024-08,47.76194074232417,1879
8957026DD33681CDE3CA36EF4534B981711BC13392A7FE1D908D9CFEF09D5D5C,f95d211536c386a391386335fa6b2e44e816ba9306ac47c3c721ea3569827111,M0,2021-08,1.3782632425349637,1880
716219F0A6EFB1D9096D4C28E986F7ADA388BB91FD39FDF02A46057F40C1CA62,f95d211536c386a391386335fa6b2e44e816ba9306ac47c3c721ea3569827111,M1,2021-08,1.3782632425349637,1881
6350BF74760B1F3861848FA7674C0A98C6026ECF5BBB50412DD2F4886E6C7F4C,f95d211536c386a391386335fa6b2e44e816ba9306ac47c3c721ea3569827111,M2,2021-08,1.3782632425349637,1882
F2B79495E933B82C2B35C54C13FC2E4A6E6CC13DFE0C0B2438D09C371DCC70D1,f95d211536c386a391386335fa6b2e44e816ba9306ac47c3c721ea3569827111,M3,2021-08,1.3782632425349637,1883
77BB9D1429C79175BE01A014537A49C9C42962EB4C334B6E3F06674D64A05F3A,f95d211536c386a391386335fa6b2e44e816ba9306ac47c3c721ea3569827111,M0,2022-02,1.3782632425349637,1884
7FFFA76A3BD1775F5870F63435A5EF9420586872204571EE44B14D487ACFA582,f95d211536c386a391386335fa6b2e44e816ba9306ac47c3c721ea3569827111,M1,2022-02,1.3782632425349637,1885
375E6FE4265EA6655F2A709DB677D011CA7485CD69E38A5FB22106FC37C6F1AE,f95d211536c386a391386335fa6b2e44e816ba9306ac47c3c721ea3569827111,M2,2022-02,1.3782632425349637,1886
F65EE4CB7F631EE533C69D82A192F0F0A1C38DCD11DD36D478171E26DF2E1E0C,f95d211536c386a391386335fa6b2e44e816ba9306ac47c3c721ea3569827111,M3,2022-02,1.3782632425349637,1887
BEF018AAFDA0A0D34BFC20740C8E9B04644FF9AB1D7CAFDB456AB75B6161DB49,f95d211536c386a391386335fa6b2e44e816ba9306ac47c3c721ea3569827111,M0,2022-08,1.3782632425349637,1888
EBF91ACDEDB3C80D91238FABF83D3E116F8D7D8FB0D88B2720D287B9106AA189,f95d211536c386a391386335fa6b2e44e816ba9306ac47c3c721ea3569827111,M1,2022-08,1.3782632425349637,1889
EE6BE7D557DCE69FF6D4CF5FDE4BDF5809A8599AB432079B483EBC62C9406857,f95d211536c386a391386335fa6b2e44e816ba9306ac47c3c721ea3569827111,M2,2022-08,1.3782632425349637,1890
007CE9F1FC469B80B803BABC2D961E0315C410CC71DF2E0F50B3C5F6752685D3,f95d211536c386a391386335fa6b2e44e816ba9306ac47c3c721ea3569827111,M3,2022-08,1.3782632425349637,1891
25983CE3C14A3C5884C3182EE380669ED81D345654BDDB3B0BDD0F2D933574AC,f95d211536c386a391386335fa6b2e44e816ba9306ac47c3c721ea3569827111,M0,2023-08,1.3782632425349637,1892
2C7FEB4C9E482894D5C78536F421D8EC548546D5B232D4198E89EA01FDEE1AF1,f95d211536c386a391386335fa6b2e44e816ba9306ac47c3c721ea3569827111,M1,2023-08,1.3782632425349637,1893
75836DCB64D1A00421A9EF0A0512B783AAE4A7C2A533836AE962B190C888E969,f95d211536c386a391386335fa6b2e44e816ba9306ac47c3c721ea3569827111,M2,2023-08,1.3782632425349637,1894
440BD2E609CF80955DE736A1DFA9C91F9A285AEF02FB2CA96A9765320888B2B8,f95d211536c386a391386335fa6b2e44e816ba9306ac47c3c721ea3569827111,M3,2023-08,1.3782632425349637,1895
852E703F4F5B599EF0D2546F1E515F54A06F45E79B40B58845B09DD74DC0ADA0,f95d211536c386a391386335fa6b2e44e816ba9306ac47c3c721ea3569827111,M0,2024-08,1.3782632425349637,1896
78FB6C859785EDCC5967BC7952D28F721CCDFFB047BE99C39508164389C1AC6E,f95d211536c386a391386335fa6b2e44e816ba9306ac47c3c721ea3569827111,M1,2024-08,1.3782632425349637,1897
2FB0DA3F5CB5416184C09576082F053257E485BA1AAEFFBA594DA96EFCA94846,f95d211536c386a391386335fa6b2e44e816ba9306ac47c3c721ea3569827111,M2,2024-08,1.3782632425349637,1898
3B4A430B00F38B9599EC749828964143E1076AF9373BFC3D5CA68D7F5ED9CE0D,f95d211536c386a391386335fa6b2e44e816ba9306ac47c3c721ea3569827111,M3,2024-08,1.3782632425349637,1899
48CCA46998928B8E50DC60516F847471F21EA294832A0C398240BA4F36962F36,fb6cd1643d18547f0695c36eeaf5ae81570ca71b80dbe216291b81a8c19009f8,M0,2021-08,38.93240339138813,1900
4B2901F20EC94E136949C9BE9F0461BB113B80C52F21847700F1F82D8990B3D4,fb6cd1643d18547f0695c36eeaf5ae81570ca71b80dbe216291b81a8c19009f8,M1,2021-08,38.93240339138813,1901
CB792BF3415DE32CC8E346DB78FC9496FD71D38E265DFD67EBB0DB4A189C0212,fb6cd1643d18547f0695c36eeaf5ae81570ca71b80dbe216291b81a8c19009f8,M2,2021-08,38.93240339138813,1902
EC15943F79B830D15AB9929551600041153AFF92138F265D1FBCFFB5719C93E4,fb6cd1643d18547f0695c36eeaf5ae81570ca71b80dbe216291b81a8c19009f8,M3,2021-08,38.93240339138813,1903
185B7E395983A00D78C25B3370B4A41FAA41D63B73AA9C076DB05FA5851B5833,fb6cd1643d18547f0695c36eeaf5ae81570ca71b80dbe216291b81a8c19009f8,M0,2022-02,38.93240339138813,1904
834C7195F8C75566B3C9707C9DFCDF22465417F607098DA9CA85A12D8C4630B1,fb6cd1643d18547f0695c36eeaf5ae81570ca71b80dbe216291b81a8c19009f8,M1,2022-02,38.93240339138813,1905
6FB3D944FE8E0F5E129A9750B6080F6C5081E98180A6E5B3C94602A916ABA664,fb6cd1643d18547f0695c36eeaf5ae81570ca71b80dbe216291b81a8c19009f8,M2,2022-02,38.93240339138813,1906
286B700093C8D14F1E48636D2AF190FE2CD3E8D15998815A6D8FEF9B5B8587C2,fb6cd1643d18547f0695c36eeaf5ae81570ca71b80dbe216291b81a8c19009f8,M3,2022-02,38.93240339138813,1907
4AB271BF2399A4B11A59A8450299A239331FE6C714FCFAE1D703A62EEA9F235B,fb6cd1643d18547f0695c36eeaf5ae81570ca71b80dbe216291b81a8c19009f8,M0,2022-08,38.93240339138813,1908
A345C09423F7BDC2AE683EC64334B2E25FA6F71F6DC7EF5022E1C526AF2D8B22,fb6cd1643d18547f0695c36eeaf5ae81570ca71b80dbe216291b81a8c19009f8,M1,2022-08,38.93240339138813,1909
6247C3F4ABC2A26A0C7F30861D6BFBED2E8C608535EC1123621650A308C68422,fb6cd1643d18547f0695c36eeaf5ae81570ca71b80dbe216291b81a8c19009f8,M2,2022-08,38.93240339138813,1910
9F1339C47FB69B5701C1967E09E9438AC7185EC71CC63D43806937CB50E0EF69,fb6cd1643d18547f0695c36eeaf5ae81570ca71b80dbe216291b81a8c19009f8,M3,2022-08,38.93240339138813,1911
2E119D4C908604B85D5C6F617AEF005045964D63ECE2DA76DCE11D654759E929,fb6cd1643d18547f0695c36eeaf5ae81570ca71b80dbe216291b81a8c19009f8,M0,2023-08,38.93240339138813,1912
241406D2C912FF8DE865AA367952872370BE2D0BB71C307DA9702A2E977751A4,fb6cd1643d18547f0695c36eeaf5ae81570ca71b80dbe216291b81a8c19009f8,M1,2023-08,38.93240339138813,1913
F15EF822C2A578B910BCA748975BC1542BC72C478597D16E5A5373D87D897575,fb6cd1643d18547f0695c36eeaf5ae81570ca71b80dbe216291b81a8c19009f8,M2,2023-08,38.93240339138813,1914
50014BEEF554566D3909F07C0CE26F7E3064DEF92E86B9FB6AD7EA5EBE91147C,fb6cd1643d18547f0695c36eeaf5ae81570ca71b80dbe216291b81a8c19009f8,M3,2023-08,38.93240339138813,1915
33FA03692B8577BDBE85AFEA221AB4C8ADFC1C6EE23DD15493482085621136F2,fb6cd1643d18547f0695c36eeaf5ae81570ca71b80dbe216291b81a8c19009f8,M0,2024-08,38.93240339138813,1916
E474AAE18124B5C86C5AB56A0EE6BB025223B6B29886AA58B8BDD2002047A143,fb6cd1643d18547f0695c36eeaf5ae81570ca71b80dbe216291b81a8c19009f8,M1,2024-08,38.93240339138813,1917
D7A0516AC46BA0D716676460905979755F2149EA678143CBAF0E0354A4B14929,fb6cd1643d18547f0695c36eeaf5ae81570ca71b80dbe216291b81a8c19009f8,M2,2024-08,38.93240339138813,1918
3DB66A3A7A951506F8120422B7E62D05B32A23C109EDDCB914E9AC9A9147B89D,fb6cd1643d18547f0695c36eeaf5ae81570ca71b80dbe216291b81a8c19009f8,M3,2024-08,38.93240339138813,1919
4A264D655D25890015C5C446E33CC2479A02A7459F5E9CFCA2558D1B25AEC407,fc8b1dc5e71acf8f8b552800f3aa98eae1a5330f9feba5fa0ee474f906177dc9,M0,2021-08,23.30571588122106,1920
8F9401A49314E38E51DC4A65B4208B368944BBA62A52DDAAA8FF7A705DADF6BA,fc8b1dc5e71acf8f8b552800f3aa98eae1a5330f9feba5fa0ee474f906177dc9,M1,2021-08,23.30571588122106,1921
3FBC22659BF9CB44EE0E11F2758D814884B62D0C0B246E30694FE97748D36E58,fc8b1dc5e71acf8f8b552800f3aa98eae1a5330f9feba5fa0ee474f906177dc9,M2,2021-08,23.30571588122106,1922
A67A164BAA58C1A8695A97A5388ACC35BFB388264781FDDD0EA48C73B4E917FB,fc8b1dc5e71acf8f8b552800f3aa98eae1a5330f9feba5fa0ee474f906177dc9,M3,2021-08,23.30571588122106,1923
328F0F949C7920034D4D01199A40DB87A3F203A6DA01C1DCC2827E84122221E8,fc8b1dc5e71acf8f8b552800f3aa98eae1a5330f9feba5fa0ee474f906177dc9,M0,2022-02,23.30571588122106,1924
7BA85284D529249756273C3E76FE422BE0D7CB7970317CB2E53E0BAD92AB55EF,fc8b1dc5e71acf8f8b552800f3aa98eae1a5330f9feba5fa0ee474f906177dc9,M1,2022-02,23.30571588122106,1925
9EA2A170B1ECABE0BA5F38CEB477056DF9B45276B83BDFEAAB74A8710D604064,fc8b1dc5e71acf8f8b552800f3aa98eae1a5330f9feba5fa0ee474f906177dc9,M2,2022-02,23.30571588122106,1926
6618C8126E9DB047154E955B4878F2AE22E0554E8CC4465985C0623AD20ED148,fc8b1dc5e71acf8f8b552800f3aa98eae1a5330f9feba5fa0ee474f906177dc9,M3,2022-02,23.30571588122106,1927
4733055BB128613C2C901C9C8FE03AB8CF4B72852B153662ABB188D039B48430,fc8b1dc5e71acf8f8b552800f3aa98eae1a5330f9feba5fa0ee474f906177dc9,M0,2022-08,23.30571588122106,1928
18680A527645859DB5E8DCF60B68D86D71730AB8F3206B2CC646F0FE67DD6258,fc8b1dc5e71acf8f8b552800f3aa98eae1a5330f9feba5fa0ee474f906177dc9,M1,2022-08,23.30571588122106,1929
51819DDC2A41DF5EE9658019E420A0533981A2465B1C73B97EA02CB3395A2344,fc8b1dc5e71acf8f8b552800f3aa98eae1a5330f9feba5fa0ee474f906177dc9,M2,2022-08,23.30571588122106,1930
3B5B29C7E689D9FADFF6CCDB381E096ACEAA5DC0D0FC2BE546C64CFBC7A4E993,fc8b1dc5e71acf8f8b552800f3aa98eae1a5330f9feba5fa0ee474f906177dc9,M3,2022-08,23.30571588122106,1931
FE85F474852088FA6EE289ED255E9F9C469F1914A46702C725BD3DA425702CAE,fc8b1dc5e71acf8f8b552800f3aa98eae1a5330f9feba5fa0ee474f906177dc9,M0,2023-08,23.30571588122106,1932
A2103BC38504D867C33A46F7C2FD5ABAFF845E868D5B2A90CA65015EEDBD4ECC,fc8b1dc5e71acf8f8b552800f3aa98eae1a5330f9feba5fa0ee474f906177dc9,M1,2023-08,23.30571588122106,1933
59AAB2419E1D1E4CA104C557EA35EE8B3CCED0B9726BDDC5ABE9873830887FAF,fc8b1dc5e71acf8f8b552800f3aa98eae1a5330f9feba5fa0ee474f906177dc9,M2,2023-08,23.30571588122106,1934
FD81DF4F90C4CA374E1E647FF8F0BEB0B563D6B4F3D036B4A8A582711F1923BC,fc8b1dc5e71acf8f8b552800f3aa98eae1a5330f9feba5fa0ee474f906177dc9,M3,2023-08,23.30571588122106,1935
7307AD429171328964F0E7D7C3F1E04CB7CC3FE6AB26E910DF329CDBF8C1462D,fc8b1dc5e71acf8f8b552800f3aa98eae1a5330f9feba5fa0ee474f906177dc9,M0,2024-08,23.30571588122106,1936
033042391088DD355A648D7941982414D0BD3313DABF24CC4C307C5749D00C0E,fc8b1dc5e71acf8f8b552800f3aa98eae1a5330f9feba5fa0ee474f906177dc9,M1,2024-08,23.30571588122106,1937
4D6A1A1F9F02557E998E42FD21BA9E8F5619E8BD495F6F89BCCC76FF2957F643,fc8b1dc5e71acf8f8b552800f3aa98eae1a5330f9feba5fa0ee474f906177dc9,M2,2024-08,23.30571588122106,1938
60EC4C48950F694520F473FD5EBF3B7F972B37584EA7E9AB07B81BF7DF22B253,fc8b1dc5e71acf8f8b552800f3aa98eae1a5330f9feba5fa0ee474f906177dc9,M3,2024-08,23.30571588122106,1939
CC534778CF4D40B4AC755E2BA44F101D3131E16555C4BF1560A2902EBEBE40E2,fdf272b3caf5130689df1215957fbc8c6ff3e9e31ea9b438c44b1ef4c819a9af,M0,2021-08,5.936307512003931,1940
D5574B7BD7CEDCE04243362FD7A6226DE8385D28C5C56D2BE08B1751D722CD81,fdf272b3caf5130689df1215957fbc8c6ff3e9e31ea9b438c44b1ef4c819a9af,M1,2021-08,5.936307512003931,1941
2DD4423CB2338AFE06A6D6B7939799E4483C8B60F93638B5EABFC8F953860E26,fdf272b3caf5130689df1215957fbc8c6ff3e9e31ea9b438c44b1ef4c819a9af,M2,2021-08,5.936307512003931,1942
601526815EE53E5F536DDC6989867872288CBF40F85E5F5A2C2171FC748613A0,fdf272b3caf5130689df1215957fbc8c6ff3e9e31ea9b438c44b1ef4c819a9af,M3,2021-08,5.936307512003931,1943
78BB90EB045617C7B506D8ABA6651BAAE6E53691D75FF49FDBE7E709EBB20A90,fdf272b3caf5130689df1215957fbc8c6ff3e9e31ea9b438c44b1ef4c819a9af,M0,2022-02,5.936307512003931,1944
65B841C1F02B9F349DA015E1A03C1244845D160DA71D2FF2CFE984352F633206,fdf272b3caf5130689df1215957fbc8c6ff3e9e31ea9b438c44b1ef4c819a9af,M1,2022-02,5.936307512003931,1945
B2E9EBE5FFBA5207540782720B130774C776DB06FD03E846D6085D0215C29BFE,fdf272b3caf5130689df1215957fbc8c6ff3e9e31ea9b438c44b1ef4c819a9af,M2,2022-02,5.936307512003931,1946
90E95ACA8F0A1893B2E023A60AFAFCF6B4BF2903CFE20468791AE25974D3A476,fdf272b3caf5130689df1215957fbc8c6ff3e9e31ea9b438c44b1ef4c819a9af,M3,2022-02,5.936307512003931,1947
8084736EEBD8AC6D571AC4E83C30B9C0678E477FA5D462D0F71EFD7D9357F297,fdf272b3caf5130689df1215957fbc8c6ff3e9e31ea9b438c44b1ef4c819a9af,M0,2022-08,5.936307512003931,1948
D5286143FB42F22DC110CF5121EAA62A9357D974D19F562D19CCF7681655946C,fdf272b3caf5130689df1215957fbc8c6ff3e9e31ea9b438c44b1ef4c819a9af,M1,2022-08,5.936307512003931,1949
FE9517CA94E501D3E0E69BB54667BA82A804D4664A6A25B508410C3E6F4D2D1E,fdf272b3caf5130689df1215957fbc8c6ff3e9e31ea9b438c44b1ef4c819a9af,M2,2022-08,5.936307512003931,1950
5530C311349AF8DF7098F2430947A9DA563AC3FF397F2769E554B1DD45772913,fdf272b3caf5130689df1215957fbc8c6ff3e9e31ea9b438c44b1ef4c819a9af,M3,2022-08,5.936307512003931,1951
E9729D865632BC23DF7B63912100C26D9335003ADF98DA65959BB6F5F737F588,fdf272b3caf5130689df1215957fbc8c6ff3e9e31ea9b438c44b1ef4c819a9af,M0,2023-08,5.936307512003931,1952
476DEC4ADA714C8E1DFA94ECE86B30D48590B343F109585148FD317F69545FF2,fdf272b3caf5130689df1215957fbc8c6ff3e9e31ea9b438c44b1ef4c819a9af,M1,2023-08,5.936307512003931,1953
0329E32B4EDCA7DDF717744011A999FD2806F590D24F28B32B0CD2C139987789,fdf272b3caf5130689df1215957fbc8c6ff3e9e31ea9b438c44b1ef4c819a9af,M2,2023-08,5.936307512003931,1954
E22D2FB5447E529ACB81EA0C8169A5DD7AB3B85C17EFA7E728BBA7A1520D76B2,fdf272b3caf5130689df1215957fbc8c6ff3e9e31ea9b438c44b1ef4c819a9af,M3,2023-08,5.936307512003931,1955
BDFE6D62472EC537824C7DFAED070CFF5B55E4B65C202E0667AF2B90A0B80E4C,fdf272b3caf5130689df1215957fbc8c6ff3e9e31ea9b438c44b1ef4c819a9af,M0,2024-08,5.936307512003931,1956
1FE4C0A1C92D54E53554D225D4CB14B7E40E160A454894D43F06D0EA55194D29,fdf272b3caf5130689df1215957fbc8c6ff3e9e31ea9b438c44b1ef4c819a9af,M1,2024-08,5.936307512003931,1957
091F551C73396714BEC526675335E275B05EC8E44D9191CEFF6C783CD8FED92D,fdf272b3caf5130689df1215957fbc8c6ff3e9e31ea9b438c44b1ef4c819a9af,M2,2024-08,5.936307512003931,1958
05EFA025E889387887D687EC4B6C39D7A168F2047AA14F7996DF6A43871BA672,fdf272b3caf5130689df1215957fbc8c6ff3e9e31ea9b438c44b1ef4c819a9af,M3,2024-08,5.936307512003931,1959
A7C7F4029BA2FC30899AFC6E61370B1A908E7A3E6A23FB0E1A7CD622E15E481B,fe0259a55b185bd3dd3675e2c5150218be55ec0c38e78dc3d255aed40b1c2678,M0,2021-08,54.75220538190128,1960
72D31B4EF575A62AF9882BDA55425D45B24ED8763D27576371A2351CA4F8AC49,fe0259a55b185bd3dd3675e2c5150218be55ec0c38e78dc3d255aed40b1c2678,M1,2021-08,54.75220538190128,1961
092F265C949028A5B3D2FB6B1955A3E03B7A8A77262D1D88DF138826EBBFC6BC,fe0259a55b185bd3dd3675e2c5150218be55ec0c38e78dc3d255aed40b1c2678,M2,2021-08,54.75220538190128,1962
D76C67D6AF5D36FCD3D9F9F9253E2A60CE26B03596D91C4615A861CEF9F8D659,fe0259a55b185bd3dd3675e2c5150218be55ec0c38e78dc3d255aed40b1c2678,M3,2021-08,54.75220538190128,1963
AC42230E4EDC2DF64FF8291BE864799C1B21E26F22D65B9775240812ABE2171E,fe0259a55b185bd3dd3675e2c5150218be55ec0c38e78dc3d255aed40b1c2678,M0,2022-02,54.75220538190128,1964
604C25933B3FD42E4F0ABC035CCAFC8ED97E0E89B1D34D7580E271D028BE72CC,fe0259a55b185bd3dd3675e2c5150218be55ec0c38e78dc3d255aed40b1c2678,M1,2022-02,54.75220538190128,1965
9791343C8DB3645820364B4D8977C11A203313FEF7091F93023024BF86A4990E,fe0259a55b185bd3dd3675e2c5150218be55ec0c38e78dc3d255aed40b1c2678,M2,2022-02,54.75220538190128,1966
B097E0EFBD7E6BCAFD186D5A2EC32712308F2741CB395365B73F6C0734F63D16,fe0259a55b185bd3dd3675e2c5150218be55ec0c38e78dc3d255aed40b1c2678,M3,2022-02,54.75220538190128,1967
0CBF2041AE918F3CA631AAC329E1C4F1BFDF426D0D3B79D45D3CCB3E161DB1C9,fe0259a55b185bd3dd3675e2c5150218be55ec0c38e78dc3d255aed40b1c2678,M0,2022-08,54.75220538190128,1968
D876E13554E67610D136149CA93DD3CA04359059589502AFC2D531610EC691A5,fe0259a55b185bd3dd3675e2c5150218be55ec0c38e78dc3d255aed40b1c2678,M1,2022-08,54.75220538190128,1969
2421A802BDC53BD011B90B2BDD94441C78F9C901B6D622CEE67BFE03F4410405,fe0259a55b185bd3dd3675e2c5150218be55ec0c38e78dc3d255aed40b1c2678,M2,2022-08,54.75220538190128,1970
49FD95AEB7F5057ACD7B0FBD9142BD490A9BACE8D9FC32FEC3FAAAB29AB67A87,fe0259a55b185bd3dd3675e2c5150218be55ec0c38e78dc3d255aed40b1c2678,M3,2022-08,54.75220538190128,1971
3FDA987AC05F080E6E1AB7690416B57BF722D82E94C75FBD64B95F5BB94893A5,fe0259a55b185bd3dd3675e2c5150218be55ec0c38e78dc3d255aed40b1c2678,M0,2023-08,54.75220538190128,1972
061FDF2B039AA475A50DDEB3B5C1A4CA30C34CC66BB37632E65ACFB399BAB310,fe0259a55b185bd3dd3675e2c5150218be55ec0c38e78dc3d255aed40b1c2678,M1,2023-08,54.75220538190128,1973
963B14F3F59CA129231F6083D50A42613140A60CBFDBBD049F9A0A17A7C53163,fe0259a55b185bd3dd3675e2c5150218be55ec0c38e78dc3d255aed40b1c2678,M2,2023-08,54.75220538190128,1974
7A4C735D91066D632FBBB15AE9DE36026C1A036D4162B20F6BCC44BA1D9613B3,fe0259a55b185bd3dd3675e2c5150218be55ec0c38e78dc3d255aed40b1c2678,M3,2023-08,54.75220538190128,1975
DD99A4C8C721EFF3EC53D5252289236D727CDC789BABCB0AD5B4ADF17ABB5A75,fe0259a55b185bd3dd3675e2c5150218be55ec0c38e78dc3d255aed40b1c2678,M0,2024-08,54.75220538190128,1976
ACD4654279C162BF20F6BDB32F31E99F32F349893B8DCAE56C0DE26681C57FFF,fe0259a55b185bd3dd3675e2c5150218be55ec0c38e78dc3d255aed40b1c2678,M1,2024-08,54.75220538190128,1977
AA78DF294C0F1BE52CE34233FF4D191BA57C89FB2CEA62B3DD974A4C53544B2F,fe0259a55b185bd3dd3675e2c5150218be55ec0c38e78dc3d255aed40b1c2678,M2,2024-08,54.75220538190128,1978
793574CA11FF52D4A495F2FF4C7DBDFA8E19BBCF4F1318A4556C3D55C256FE87,fe0259a55b185bd3dd3675e2c5150218be55ec0c38e78dc3d255aed40b1c2678,M3,2024-08,54.75220538190128,1979
6582CEBE66D7FA0C11B2AD09271F30ADEB9DF5542F61447B61B405BE0324A898,fe8833278c1cb5d8a32bd06968c676ede729f7b2cd779b2fccd267b0544d592e,M0,2021-08,20.50220854916451,1980
8A889FF19E62495FA69714D794965810C37E51CDAD8FB8032F81810393477B9B,fe8833278c1cb5d8a32bd06968c676ede729f7b2cd779b2fccd267b0544d592e,M1,2021-08,20.50220854916451,1981
4D1178521DA28AAA8F8E2C6E9D05286DF9F946816B5D159A968EE9392EF8FC4A,fe8833278c1cb5d8a32bd06968c676ede729f7b2cd779b2fccd267b0544d592e,M2,2021-08,20.50220854916451,1982
1EB97166265EC8CEB881A1501E58E9AFE11556EE1C00ADD5C7580639EBE3C751,fe8833278c1cb5d8a32bd06968c676ede729f7b2cd779b2fccd267b0544d592e,M3,2021-08,20.50220854916451,1983
230A13A00977AD860BC9839705FBF0601CF0FA2DE0EE640182B2E11B10D44A8F,fe8833278c1cb5d8a32bd06968c676ede729f7b2cd779b2fccd267b0544d592e,M0,2022-02,20.50220854916451,1984
30399C7B21A516D4152F7B447627A566A6191F42C8C1F2AA48458BE44CAFB463,fe8833278c1cb5d8a32bd06968c676ede729f7b2cd779b2fccd267b0544d592e,M1,2022-02,20.50220854916451,1985
58079CA9F2914B77CEF0CC22F017F6D4B8096E3ADCDFEFB6A20C403EC3F982E0,fe8833278c1cb5d8a32bd06968c676ede729f7b2cd779b2fccd267b0544d592e,M2,2022-02,20.50220854916451,1986
41C72F1E734839DDB8EE8A76A197ABF5AC740F39C3379B452BDA5989C76375CF,fe8833278c1cb5d8a32bd06968c676ede729f7b2cd779b2fccd267b0544d592e,M3,2022-02,20.50220854916451,1987
59F87A713922102795EDA06FE3D6CE1B6090683D3A92FD6500DB9C2125FD1A6F,fe8833278c1cb5d8a32bd06968c676ede729f7b2cd779b2fccd267b0544d592e,M0,2022-08,20.50220854916451,1988
F95AD113A9D7DE957A1A6256C667D806845396A3E26DC20C14165C2BD0C74FFA,fe8833278c1cb5d8a32bd06968c676ede729f7b2cd779b2fccd267b0544d592e,M1,2022-08,20.50220854916451,1989
9D5A3B0277F2D2E4C2FBB2C570161D6918C40893FBC3F10696EAE64BE27BB6AB,fe8833278c1cb5d8a32bd06968c676ede729f7b2cd779b2fccd267b0544d592e,M2,2022-08,20.50220854916451,1990
CE971AD49D57E41F6047470EA8959885C8325EC82E11AA786FB9A7ECB9FD6725,fe8833278c1cb5d8a32bd06968c676ede729f7b2cd779b2fccd267b0544d592e,M3,2022-08,20.50220854916451,1991
1CA2B29B2583740338880B52014AB097F16FAA9B217492481D37B35A345F1B5E,fe8833278c1cb5d8a32bd06968c676ede729f7b2cd779b2fccd267b0544d592e,M0,2023-08,20.50220854916451,1992
FE79AE33812E955D3A73607602AA9ADE957D15AFE4A04369B5FD843029304E25,fe8833278c1cb5d8a32bd06968c676ede729f7b2cd779b2fccd267b0544d592e,M1,2023-08,20.50220854916451,1993
8E9D905BDC99A06AC51F395E7A9F49411DC15060EC176EA40412408B03B60157,fe8833278c1cb5d8a32bd06968c676ede729f7b2cd779b2fccd267b0544d592e,M2,2023-08,20.50220854916451,1994
1E070A601D83955E28C6989606981F83413D65939AF9F9FDF54448C366223ED1,fe8833278c1cb5d8a32bd06968c676ede729f7b2cd779b2fccd267b0544d592e,M3,2023-08,20.50220854916451,1995
AE7BFF4153983374A784AB19A6712A865F0D934516CFA0E2FF10321F0FB5B061,fe8833278c1cb5d8a32bd06968c676ede729f7b2cd779b2fccd267b0544d592e,M0,2024-08,20.50220854916451,1996
D5F1F3B1C4B733503EE32A345C4612295AD0A7FB546F719D628B7D9169C0CFB9,fe8833278c1cb5d8a32bd06968c676ede729f7b2cd779b2fccd267b0544d592e,M1,2024-08,20.50220854916451,1997
0B6CA83FBB6D2D83B0BCB0539CD11BACE039BA7BA633346DA97246D9F92480B2,fe8833278c1cb5d8a32bd06968c676ede729f7b2cd779b2fccd267b0544d592e,M2,2024-08,20.50220854916451,1998
B653E579A09BB2181394F772C70924F6765FEB1364B91A0519C45B47C86D9ECA,fe8833278c1cb5d8a32bd06968c676ede729f7b2cd779b2fccd267b0544d592e,M3,2024-08,20.50220854916451,1999
