embedding_row,sample_id,duplicate_group_id,month
0,R001842,G001856,2021-08
1,R001843,G003461,2021-08
2,R001844,G002575,2021-08
3,R001845,G005089,2021-08
4,R001846,G000199,2021-08
5,R001847,G000285,2021-08
6,R001848,G002908,2021-08
7,R001849,G003068,2021-08
8,R001850,G000531,2021-08
9,R001851,G003879,2021-08
10,R001852,G004979,2021-08
11,R001853,G004156,2021-08
12,R001854,G002047,2021-08
13,R001855,G001549,2021-08
14,R001856,G000915,2021-08
15,R001857,G004528,2021-08
16,R001858,G004320,2021-08
17,R001859,G002533,2021-08
18,R001860,G005078,2021-08
19,R001861,G004437,2021-08
20,R001862,G001939,2021-08
21,R001863,G001693,2021-08
22,R001864,G004129,2021-08
23,R001865,G001197,2021-08
24,R001866,G003503,2021-08
25,R001867,G000932,2021-08
26,R001868,G000149,2021-08
27,R002881,G002264,2021-08
28,R002882,G000760,2021-08
29,R002883,G004961,2021-08
30,R002884,G003542,2021-08
31,R002885,G004556,2021-08
32,R002886,G001366,2021-08
33,R002887,G003792,2021-08
34,R002888,G003816,2021-08
35,R002889,G001984,2021-08
36,R002890,G003779,2021-08
37,R002891,G004773,2021-08
38,R002892,G003907,2021-08
39,R002893,G004088,2021-08
40,R002894,G003443,2021-08
41,R002895,G003693,2021-08
42,R002896,G003057,2021-08
43,R002897,G001593,2021-08
44,R002898,G001719,2021-08
45,R002899,G002701,2021-08
46,R002900,G003756,2021-08
47,R002901,G002614,2021-08
48,R002902,G004824,2021-08
49,R002903,G004552,2021-08
50,R002904,G000895,2021-08
51,R002905,G004648,2021-08
52,R002906,G001783,2021-08
53,R002907,G000413,2021-08
54,R002908,G004606,2021-08
55,R002909,G003481,2021-08
56,R002910,G005378,2021-08
57,R002911,G001415,2021-08
58,R002912,G002193,2021-08
59,R002913,G003324,2021-08
60,R002914,G000432,2021-08
61,R002915,G004203,2021-08
62,R002916,G005224,2021-08
63,R002917,G001127,2021-08
64,R002918,G001018,2021-08
65,R002919,G001004,2021-08
66,R002920,G004158,2021-08
67,R002921,G001219,2021-08
68,R002922,G002316,2021-08
69,R002923,G002005,2021-08
70,R002924,G004757,2021-08
71,R002925,G003085,2021-08
72,R002926,G002265,2021-08
73,R002927,G001590,2021-08
74,R002928,G001709,2021-08
75,R002929,G000659,2021-08
76,R002930,G002201,2021-08
77,R002931,G004347,2021-08
78,R002932,G000677,2021-08
79,R002933,G003209,2021-08
80,R002934,G002632,2021-08
81,R002935,G001672,2021-08
82,R002936,G002176,2021-08
83,R002937,G004191,2021-08
84,R002938,G002608,2021-08
85,R002939,G005107,2021-08
86,R002940,G000406,2021-08
87,R002941,G002859,2021-08
88,R002942,G004063,2021-08
89,R002943,G004301,2021-08
90,R002944,G003773,2021-08
91,R002945,G005384,2021-08
92,R002946,G004733,2021-08
93,R002947,G005269,2021-08
94,R002948,G004941,2021-08
95,R002949,G004923,2021-08
96,R002950,G002296,2021-08
97,R002951,G005269,2021-08
98,R002952,G004407,2021-08
99,R002953,G005269,2021-08
100,R002954,G003533,2021-08
101,R002955,G003316,2021-08
102,R002956,G001109,2021-08
103,R002957,G000908,2021-08
104,R002958,G004974,2021-08
105,R002959,G001294,2021-08
106,R002960,G002184,2021-08
107,R002961,G003878,2021-08
108,R002962,G004640,2021-08
109,R002963,G001886,2021-08
110,R002964,G005340,2021-08
111,R002965,G001626,2021-08
112,R002966,G000929,2021-08
113,R002967,G004933,2021-08
114,R002968,G001142,2021-08
115,R002969,G000320,2021-08
116,R002970,G003890,2021-08
117,R002971,G000852,2021-08
118,R002972,G001665,2021-08
119,R002973,G004087,2021-08
120,R002974,G000172,2021-08
121,R002975,G002565,2021-08
122,R002976,G002341,2021-08
123,R002977,G002456,2021-08
124,R002978,G003830,2021-08
125,R002979,G000480,2021-08
126,R002980,G000036,2021-08
127,R002981,G004152,2021-08
128,R002982,G002083,2021-08
129,R002983,G004669,2021-08
130,R002984,G004250,2021-08
131,R002985,G001391,2021-08
132,R002986,G002941,2021-08
133,R002987,G002030,2021-08
134,R002988,G005068,2021-08
135,R002989,G004832,2021-08
136,R002990,G000578,2021-08
137,R002991,G003474,2021-08
138,R002992,G000898,2021-08
139,R002993,G004614,2021-08
140,R002994,G002294,2021-08
141,R002995,G003768,2021-08
142,R002996,G003161,2021-08
143,R002997,G000977,2021-08
144,R002998,G003076,2021-08
145,R002999,G001362,2021-08
146,R003000,G005033,2021-08
147,R003001,G003236,2021-08
148,R003002,G004339,2021-08
149,R003003,G000720,2021-08
150,R003004,G000746,2021-08
151,R003005,G002549,2021-08
152,R003006,G002704,2021-08
153,R003007,G001292,2021-08
154,R003008,G005398,2021-08
155,R003009,G002970,2021-08
156,R003010,G002898,2021-08
157,R003011,G003615,2021-08
158,R003012,G004637,2021-08
159,R003013,G000030,2021-08
160,R003014,G005189,2021-08
161,R003015,G001286,2021-08
162,R003016,G001176,2021-08
163,R003017,G000437,2021-08
164,R003018,G000209,2021-08
165,R003019,G005304,2021-08
166,R003020,G000479,2021-08
167,R003021,G001940,2021-08
168,R003022,G005213,2021-08
169,R003023,G002734,2021-08
170,R003024,G004962,2021-08
171,R003025,G001476,2021-08
172,R003026,G003401,2021-08
173,R003027,G000080,2021-08
174,R003028,G003200,2021-08
175,R003029,G003927,2021-08
176,R003030,G005099,2021-08
177,R003031,G004017,2021-08
178,R003032,G000037,2021-08
179,R003033,G002260,2021-08
180,R003034,G002128,2021-08
181,R003035,G004117,2021-08
182,R003036,G004772,2021-08
183,R003037,G003526,2021-08
184,R003038,G000363,2021-08
185,R003039,G000687,2021-08
186,R003040,G000795,2021-08
187,R003041,G003064,2021-08
188,R003042,G000888,2021-08
189,R003043,G002590,2021-08
190,R003044,G000825,2021-08
191,R003045,G000574,2021-08
192,R003046,G000395,2021-08
193,R003047,G004155,2021-08
194,R003048,G004733,2021-08
195,R003049,G005131,2021-08
196,R003050,G003103,2021-08
197,R003051,G004443,2021-08
198,R003052,G002643,2021-08
199,R003053,G002782,2021-08
200,R003054,G001170,2021-08
201,R003055,G001000,2021-08
202,R003056,G005260,2021-08
203,R003057,G004085,2021-08
204,R003058,G000451,2021-08
205,R003059,G003563,2021-08
206,R003060,G005012,2021-08
207,R003061,G002918,2021-08
208,R003062,G004007,2021-08
209,R003063,G001455,2021-08
210,R003064,G001235,2021-08
211,R003065,G000360,2021-08
212,R003066,G004604,2021-08
213,R003067,G002591,2021-08
214,R003068,G000927,2021-08
215,R003069,G001319,2021-08
216,R003070,G004743,2021-08
217,R003071,G001050,2021-08
218,R003072,G001364,2021-08
219,R003073,G003866,2021-08
220,R003074,G004588,2021-08
221,R003075,G005388,2021-08
222,R003076,G005258,2021-08
223,R003077,G004601,2021-08
224,R003078,G000599,2021-08
225,R003079,G004719,2021-08
226,R003080,G003313,2021-08
227,R003081,G003346,2021-08
228,R003082,G004284,2021-08
229,R003083,G004554,2021-08
230,R003084,G000401,2021-08
231,R003085,G001019,2021-08
232,R003086,G004498,2021-08
233,R003087,G002997,2021-08
234,R003088,G003270,2021-08
235,R003089,G003758,2021-08
236,R003090,G004751,2021-08
237,R003091,G002314,2021-08
238,R003092,G000483,2021-08
239,R003093,G005266,2021-08
240,R003094,G003094,2021-08
241,R003095,G000740,2021-08
242,R003096,G000297,2021-08
243,R003097,G003274,2021-08
244,R003098,G003359,2021-08
245,R003099,G000822,2021-08
246,R003100,G000857,2021-08
247,R003101,G002102,2021-08
248,R003102,G003079,2021-08
249,R003103,G001747,2021-08
250,R003104,G002383,2021-08
251,R003105,G001461,2021-08
252,R003106,G003280,2021-08
253,R003107,G003836,2021-08
254,R003108,G002679,2021-08
255,R003109,G000328,2021-08
256,R003110,G003441,2021-08
257,R003111,G000885,2021-08
258,R003112,G000374,2021-08
259,R003113,G004288,2021-08
260,R003114,G002007,2021-08
261,R003115,G004721,2021-08
262,R003116,G002580,2021-08
263,R003117,G001151,2021-08
264,R003118,G003861,2021-08
265,R003119,G002581,2021-08
266,R003120,G003135,2021-08
267,R003121,G002817,2021-08
268,R003122,G003692,2021-08
269,R003123,G001897,2021-08
270,R003124,G003384,2021-08
271,R003125,G001192,2021-08
272,R003126,G003718,2021-08
273,R003127,G003513,2021-08
274,R003128,G002460,2021-08
275,R003129,G004094,2021-08
276,R003130,G000174,2021-08
277,R003131,G001935,2021-08
278,R003132,G001727,2021-08
279,R003133,G004627,2021-08
280,R003134,G003084,2021-08
281,R003135,G005090,2021-08
282,R003136,G002074,2021-08
283,R003137,G004480,2021-08
284,R003138,G002429,2021-08
285,R003139,G002838,2021-08
286,R003140,G000995,2021-08
287,R003141,G004850,2021-08
288,R003142,G001965,2021-08
289,R003143,G001506,2021-08
290,R003144,G004934,2021-08
291,R003145,G002852,2021-08
292,R003146,G000224,2021-08
293,R003147,G002370,2021-08
294,R003148,G002988,2021-08
295,R003149,G002717,2021-08
296,R003150,G000709,2021-08
297,R003151,G000867,2021-08
298,R003152,G005397,2021-08
299,R003153,G004417,2021-08
300,R003154,G002470,2021-08
301,R003155,G001382,2021-08
302,R003156,G000785,2021-08
303,R003157,G000323,2021-08
304,R003158,G002856,2021-08
305,R003159,G003634,2021-08
306,R003160,G004903,2021-08
307,R003161,G002020,2021-08
308,R003162,G001217,2021-08
309,R003163,G000329,2021-08
310,R003164,G003333,2021-08
311,R003165,G003206,2021-08
312,R003166,G001529,2021-08
313,R003167,G003141,2021-08
314,R003168,G000258,2021-08
315,R003169,G001033,2021-08
316,R003170,G002399,2021-08
317,R003171,G002032,2021-08
318,R003172,G002690,2021-08
319,R003173,G002162,2021-08
320,R003174,G000959,2021-08
321,R003175,G002738,2021-08
322,R003176,G004180,2021-08
323,R003177,G000884,2021-08
324,R003178,G001429,2021-08
325,R003179,G001230,2021-08
326,R003180,G004912,2021-08
327,R003181,G000832,2021-08
328,R003182,G002779,2021-08
329,R003183,G001233,2021-08
330,R003184,G002257,2021-08
331,R003185,G002491,2021-08
332,R003186,G001853,2021-08
333,R003187,G005350,2021-08
334,R003188,G004040,2021-08
335,R003189,G002238,2021-08
336,R003190,G001129,2021-08
337,R003191,G005325,2021-08
338,R003192,G005135,2021-08
339,R003193,G002283,2021-08
340,R003194,G002525,2021-08
341,R003195,G004084,2021-08
342,R003196,G003733,2021-08
343,R003197,G000542,2021-08
344,R003198,G002033,2021-08
345,R003199,G003110,2021-08
346,R003200,G001724,2021-08
347,R003201,G000719,2021-08
348,R003202,G001073,2021-08
349,R003203,G005010,2021-08
350,R003204,G003523,2021-08
351,R003205,G003411,2021-08
352,R003206,G000983,2021-08
353,R003207,G002839,2021-08
354,R003208,G002792,2021-08
355,R003209,G003840,2021-08
356,R003210,G002263,2021-08
357,R003211,G002944,2021-08
358,R003212,G003685,2021-08
359,R003213,G002568,2021-08
360,R003214,G002062,2021-08
361,R003215,G001865,2021-08
362,R003216,G003600,2021-08
363,R003217,G003049,2021-08
364,R003218,G000524,2021-08
365,R003219,G004992,2021-08
366,R003220,G005220,2021-08
367,R003221,G000054,2021-08
368,R003222,G002221,2021-08
369,R003223,G001181,2021-08
370,R003224,G000200,2021-08
371,R003225,G003815,2021-08
372,R003226,G004769,2021-08
373,R003227,G001963,2021-08
374,R003228,G002756,2021-08
375,R003229,G002583,2021-08
376,R003230,G001603,2021-08
377,R003231,G004870,2021-08
378,R003232,G002092,2021-08
379,R003233,G002103,2021-08
380,R003234,G000389,2021-08
381,R003235,G002603,2021-08
382,R003236,G005216,2021-08
383,R003237,G002758,2021-08
384,R003238,G001600,2021-08
385,R003239,G003350,2021-08
386,R003240,G001901,2021-08
387,R003241,G000061,2021-08
388,R003242,G001787,2021-08
389,R003243,G004642,2021-08
390,R003244,G002080,2021-08
391,R003245,G001209,2021-08
392,R003246,G002295,2021-08
393,R003247,G001099,2021-08
394,R003248,G004065,2021-08
395,R003249,G002653,2021-08
396,R003250,G001624,2021-08
397,R003251,G001974,2021-08
398,R003252,G004036,2021-08
399,R003253,G004335,2021-08
400,R003254,G002968,2021-08
401,R003255,G003022,2021-08
402,R003256,G000625,2021-08
403,R003257,G003868,2021-08
404,R003258,G000921,2021-08
405,R003259,G001068,2021-08
406,R003260,G003031,2021-08
407,R003261,G000284,2021-08
408,R003262,G003688,2021-08
409,R003263,G002850,2021-08
410,R003264,G004258,2021-08
411,R003265,G005049,2021-08
412,R003266,G004936,2021-08
413,R003267,G002447,2021-08
414,R003268,G005142,2021-08
415,R003269,G001403,2021-08
416,R003270,G003993,2021-08
417,R003271,G001236,2021-08
418,R003272,G003226,2021-08
419,R003273,G000798,2021-08
420,R003274,G001134,2021-08
421,R003275,G004266,2021-08
422,R003276,G003992,2021-08
423,R003277,G000935,2021-08
424,R003278,G000810,2021-08
425,R003279,G000222,2021-08
426,R003280,G000714,2021-08
427,R003281,G003134,2021-08
428,R003282,G000060,2021-08
429,R003283,G000216,2021-08
430,R003284,G000507,2021-08
431,R003285,G000232,2021-08
432,R003286,G005013,2021-08
433,R003287,G002726,2021-08
434,R003288,G002045,2021-08
435,R003289,G004982,2021-08
436,R003290,G000005,2021-08
437,R003291,G004685,2021-08
438,R003292,G001348,2021-08
439,R003293,G001923,2021-08
440,R003294,G001106,2021-08
441,R003295,G000023,2021-08
442,R003296,G002826,2021-08
443,R003297,G001539,2021-08
444,R003298,G003356,2021-08
445,R003299,G002149,2021-08
446,R003300,G004983,2021-08
447,R003301,G003170,2021-08
448,R003302,G003249,2021-08
449,R003303,G000790,2021-08
450,R003304,G004373,2021-08
451,R003305,G002960,2021-08
452,R003306,G002318,2021-08
453,R003307,G001075,2021-08
454,R003308,G003325,2021-08
455,R003309,G004043,2021-08
456,R003310,G003574,2021-08
457,R003311,G004635,2021-08
458,R003312,G000826,2021-08
459,R003313,G001808,2021-08
460,R003314,G002671,2021-08
461,R003315,G001184,2021-08
462,R003316,G002335,2021-08
463,R003317,G001540,2021-08
464,R003318,G001557,2021-08
465,R003319,G005311,2021-08
466,R003320,G004695,2021-08
467,R003321,G004501,2021-08
468,R003322,G003196,2021-08
469,R003323,G004331,2021-08
470,R003324,G005175,2021-08
471,R003325,G001860,2021-08
472,R003326,G003184,2021-08
473,R003327,G001910,2021-08
474,R003328,G002593,2021-08
475,R003329,G004822,2021-08
476,R003330,G002111,2021-08
477,R003331,G003338,2021-08
478,R003332,G004605,2021-08
479,R003333,G001482,2021-08
480,R003334,G003871,2021-08
481,R003335,G003752,2021-08
482,R003336,G004077,2021-08
483,R003337,G000641,2021-08
484,R003338,G000878,2021-08
485,R003339,G003986,2021-08
486,R003340,G002118,2021-08
487,R003341,G001699,2021-08
488,R003342,G003105,2021-08
489,R003343,G003454,2021-08
490,R003344,G003181,2021-08
491,R003345,G001491,2021-08
492,R003346,G000813,2021-08
493,R003347,G001933,2021-08
494,R003348,G000710,2021-08
495,R003349,G002246,2021-08
496,R003350,G005128,2021-08
497,R003351,G004514,2021-08
498,R003352,G003063,2021-08
499,R003353,G002095,2021-08
500,R003354,G001061,2021-08
501,R003355,G001919,2021-08
502,R003356,G001679,2021-08
503,R003357,G001664,2021-08
504,R003358,G002437,2021-08
505,R003359,G004986,2021-08
506,R003360,G003302,2021-08
507,R003361,G001570,2021-08
508,R003362,G003940,2021-08
509,R003363,G001262,2021-08
510,R003364,G000059,2021-08
511,R003365,G001043,2021-08
512,R003366,G002252,2021-08
513,R003367,G003814,2021-08
514,R003368,G000266,2021-08
515,R003369,G000067,2021-08
516,R003370,G003778,2021-08
517,R003371,G004198,2021-08
518,R003372,G004892,2021-08
519,R003373,G001833,2021-08
520,R003374,G000308,2021-08
521,R003375,G005184,2021-08
522,R003376,G002788,2021-08
523,R003377,G001103,2021-08
524,R003378,G004546,2021-08
525,R003379,G004450,2021-08
526,R003380,G003150,2021-08
527,R003381,G004568,2021-08
528,R003382,G004970,2021-08
529,R003383,G005292,2021-08
530,R003384,G005085,2021-08
531,R003385,G004075,2021-08
532,R003386,G001743,2021-08
533,R003387,G003497,2021-08
534,R003388,G000693,2021-08
535,R003389,G004192,2021-08
536,R003390,G000789,2021-08
537,R003391,G001514,2021-08
538,R003392,G002281,2021-08
539,R003393,G000069,2021-08
540,R003394,G001117,2021-08
541,R003395,G001524,2021-08
542,R003396,G004234,2021-08
543,R003397,G000775,2021-08
544,R003398,G001388,2021-08
545,R003399,G001010,2021-08
546,R003400,G001580,2021-08
547,R003401,G001841,2021-08
548,R003402,G000219,2021-08
549,R003403,G003486,2021-08
550,R003404,G002588,2021-08
551,R003405,G002021,2021-08
552,R003406,G003345,2021-08
553,R003407,G005255,2021-08
554,R003408,G003997,2021-08
555,R003409,G001462,2021-08
556,R003410,G002913,2021-08
557,R003411,G002623,2021-08
558,R003412,G002618,2021-08
559,R003413,G003007,2021-08
560,R003414,G000544,2021-08
561,R003415,G004697,2021-08
562,R003416,G001517,2021-08
563,R003417,G003439,2021-08
564,R003418,G003449,2021-08
565,R003419,G002390,2021-08
566,R003420,G003055,2021-08
567,R003421,G003946,2021-08
568,R003422,G002774,2021-08
569,R003423,G001320,2021-08
570,R003424,G000002,2021-08
571,R003425,G000267,2021-08
572,R003426,G003312,2021-08
573,R003427,G001358,2021-08
574,R003428,G002338,2021-08
575,R003429,G002808,2021-08
576,R003430,G002158,2021-08
577,R003431,G005282,2021-08
578,R003432,G005233,2021-08
579,R003433,G001253,2021-08
580,R003434,G004619,2021-08
581,R003435,G003453,2021-08
582,R003436,G005289,2021-08
583,R003437,G005215,2021-08
584,R003438,G002828,2021-08
585,R003439,G003869,2021-08
586,R003440,G004846,2021-08
587,R003441,G001180,2021-08
588,R003442,G001095,2021-08
589,R003443,G001238,2021-08
590,R003444,G004134,2021-08
591,R003445,G004855,2021-08
592,R003446,G000333,2021-08
593,R003447,G002247,2021-08
594,R003448,G001715,2021-08
595,R003449,G000651,2021-08
596,R003450,G004099,2021-08
597,R003451,G003456,2021-08
598,R003452,G005370,2021-08
599,R003453,G001261,2021-08
600,R003454,G003970,2021-08
601,R003455,G002110,2021-08
602,R003456,G003930,2021-08
603,R003457,G000638,2021-08
604,R003458,G001990,2021-08
605,R003459,G002196,2021-08
606,R003460,G000415,2021-08
607,R003461,G002235,2021-08
608,R003462,G001729,2021-08
609,R003463,G003398,2021-08
610,R003464,G005248,2021-08
611,R003465,G004386,2021-08
612,R003466,G002059,2021-08
613,R003467,G000490,2021-08
614,R003468,G003482,2021-08
615,R003469,G003171,2021-08
616,R003470,G005050,2021-08
617,R003471,G000575,2021-08
618,R003472,G004544,2021-08
619,R003473,G004068,2021-08
620,R003474,G004362,2021-08
621,R003475,G001267,2021-08
622,R003476,G004260,2021-08
623,R003477,G003257,2021-08
624,R003478,G004423,2021-08
625,R003479,G000226,2021-08
626,R003480,G000742,2021-08
627,R003481,G003649,2021-08
628,R003482,G000315,2021-08
629,R003483,G000582,2021-08
630,R003484,G001510,2021-08
631,R003485,G000043,2021-08
632,R003486,G003348,2021-08
633,R003487,G001889,2021-08
634,R003488,G003620,2021-08
635,R003489,G004511,2021-08
636,R003490,G004324,2021-08
637,R003491,G000930,2021-08
638,R003492,G002496,2021-08
639,R003493,G003839,2021-08
640,R003494,G000871,2021-08
641,R003495,G004623,2021-08
642,R003496,G002439,2021-08
643,R003497,G000164,2021-08
644,R003498,G001189,2021-08
645,R003499,G003886,2021-08
646,R003500,G004534,2021-08
647,R003501,G001632,2021-08
648,R003502,G000598,2021-08
649,R003503,G001059,2021-08
650,R003504,G003194,2021-08
651,R003505,G000319,2021-08
652,R003506,G003026,2021-08
653,R003507,G001162,2021-08
654,R003508,G003109,2021-08
655,R003509,G002516,2021-08
656,R003510,G002100,2021-08
657,R003511,G002352,2021-08
658,R003512,G005069,2021-08
659,R003513,G000085,2021-08
660,R003514,G000836,2021-08
661,R003515,G001532,2021-08
662,R003516,G000967,2021-08
663,R003517,G003820,2021-08
664,R003518,G001334,2021-08
665,R003519,G001945,2021-08
666,R003520,G000528,2021-08
667,R003521,G000864,2021-08
668,R003522,G001205,2021-08
669,R003523,G005389,2021-08
670,R003524,G002506,2021-08
671,R003525,G003465,2021-08
672,R003526,G001469,2021-08
673,R003527,G003549,2021-08
674,R003528,G001433,2021-08
675,R003529,G002761,2021-08
676,R003530,G002489,2021-08
677,R003531,G001105,2021-08
678,R003532,G000499,2021-08
679,R003533,G000143,2021-08
680,R003534,G003152,2021-08
681,R003535,G003637,2021-08
682,R003536,G003119,2021-08
683,R003537,G004965,2021-08
684,R003538,G004149,2021-08
685,R003539,G004444,2021-08
686,R003540,G001805,2021-08
687,R003541,G001704,2021-08
688,R003542,G003975,2021-08
689,R003543,G002857,2021-08
690,R003544,G002680,2021-08
691,R003545,G005367,2021-08
692,R003546,G003155,2021-08
693,R003547,G005116,2021-08
694,R003548,G000155,2021-08
695,R003549,G001067,2021-08
696,R003550,G000896,2021-08
697,R003551,G000556,2021-08
698,R003552,G004543,2021-08
699,R003553,G003016,2021-08
700,R003554,G000106,2021-08
701,R003555,G000435,2021-08
702,R003556,G000655,2021-08
703,R003557,G005363,2021-08
704,R003558,G003163,2021-08
705,R003559,G001177,2021-08
706,R003560,G001605,2021-08
707,R003561,G001734,2021-08
708,R003562,G002906,2021-08
709,R003563,G000830,2021-08
710,R003564,G001785,2021-08
711,R003565,G003228,2021-08
712,R003566,G000960,2021-08
713,R003567,G003230,2021-08
714,R003568,G003925,2021-08
715,R003569,G005295,2021-08
716,R003570,G000170,2021-08
717,R003571,G004475,2021-08
718,R003572,G003546,2021-08
719,R003573,G000455,2021-08
720,R003574,G002646,2021-08
721,R003575,G000081,2021-08
722,R003576,G000383,2021-08
723,R003577,G001280,2021-08
724,R003578,G002835,2021-08
725,R003579,G004718,2021-08
726,R003580,G004524,2021-08
727,R003581,G004413,2021-08
728,R003582,G001122,2021-08
729,R003583,G004542,2021-08
730,R003584,G001263,2021-08
731,R003585,G005208,2021-08
732,R003586,G003374,2021-08
733,R003587,G002888,2021-08
734,R003588,G000191,2021-08
735,R003589,G001799,2021-08
736,R003590,G002311,2021-08
737,R003591,G003337,2021-08
738,R003592,G003390,2021-08
739,R003593,G000126,2021-08
740,R003594,G001547,2021-08
741,R003595,G002991,2021-08
742,R003596,G002385,2021-08
743,R003597,G002685,2021-08
744,R003598,G002094,2021-08
745,R003599,G003353,2021-08
746,R003600,G002578,2021-08
747,R003601,G002442,2021-08
748,R003602,G000579,2021-08
749,R003603,G000514,2021-08
750,R003604,G000205,2021-08
751,R003605,G001875,2021-08
752,R003606,G004354,2021-08
753,R003607,G004445,2021-08
754,R003608,G000841,2021-08
755,R003609,G002414,2021-08
756,R003610,G002151,2021-08
757,R003611,G002120,2021-08
758,R003612,G002961,2021-08
759,R003613,G004447,2021-08
760,R003614,G002610,2021-08
761,R003615,G000815,2021-08
762,R003616,G000022,2021-08
763,R003617,G001951,2021-08
764,R003618,G000038,2021-08
765,R003619,G003705,2021-08
766,R003620,G004273,2021-08
767,R003621,G002797,2021-08
768,R003622,G004013,2021-08
769,R003623,G002972,2021-08
770,R003624,G001298,2021-08
771,R003625,G001367,2021-08
772,R003626,G004295,2021-08
773,R003627,G005081,2021-08
774,R003628,G004263,2021-08
775,R003629,G002377,2021-08
776,R003630,G003034,2021-08
777,R003631,G002943,2021-08
778,R003632,G003894,2021-08
779,R003633,G004812,2021-08
780,R003634,G001582,2021-08
781,R003635,G002403,2021-08
782,R003636,G002806,2021-08
783,R003637,G002301,2021-08
784,R003638,G000357,2021-08
785,R003639,G001613,2021-08
786,R003640,G001194,2021-08
787,R003641,G001970,2021-08
788,R003642,G000589,2021-08
789,R003643,G003994,2021-08
790,R003644,G002040,2021-08
791,R003645,G002245,2021-08
792,R003646,G001644,2021-08
793,R003647,G002379,2021-08
794,R003648,G004679,2021-08
795,R003649,G000356,2021-08
796,R003650,G004066,2021-08
797,R003651,G002836,2021-08
798,R003652,G003476,2021-08
799,R003653,G003899,2021-08
800,R003654,G001266,2021-08
801,R003655,G001887,2021-08
802,R003656,G002625,2021-08
803,R003657,G000924,2021-08
804,R003658,G004014,2021-08
805,R003659,G004814,2021-08
806,R003660,G002786,2021-08
807,R003661,G003864,2021-08
808,R003662,G005330,2021-08
809,R003663,G000072,2021-08
810,R003664,G004500,2021-08
811,R003665,G000370,2021-08
812,R003666,G001558,2021-08
813,R003667,G005294,2021-08
814,R003668,G000416,2021-08
815,R003669,G004046,2021-08
816,R003670,G002123,2021-08
817,R003671,G002473,2021-08
818,R003672,G001344,2021-08
819,R003673,G000166,2021-08
820,R003674,G004972,2021-08
821,R003675,G001878,2021-08
822,R003676,G002450,2021-08
823,R003677,G000675,2021-08
824,R003678,G000107,2021-08
825,R003679,G000070,2021-08
826,R003680,G004644,2021-08
827,R003681,G001474,2021-08
828,R003682,G003853,2021-08
829,R003683,G001159,2021-08
830,R003684,G004336,2021-08
831,R003685,G002851,2021-08
832,R003686,G004705,2021-08
833,R003687,G004914,2021-08
834,R003688,G001083,2021-08
835,R003689,G000791,2021-08
836,R003690,G003329,2021-08
837,R003691,G003719,2021-08
838,R003692,G003266,2021-08
839,R003693,G004966,2021-08
840,R003694,G000652,2021-08
841,R003695,G003902,2021-08
842,R003696,G001908,2021-08
843,R003697,G003760,2021-08
844,R003698,G004361,2021-08
845,R003699,G004476,2021-08
846,R003700,G000484,2021-08
847,R003701,G000622,2021-08
848,R003702,G001905,2021-08
849,R003703,G003919,2021-08
850,R003704,G001057,2021-08
851,R003705,G005106,2021-08
852,R003706,G000190,2021-08
853,R003707,G000509,2021-08
854,R003708,G000964,2021-08
855,R003709,G004938,2021-08
856,R003710,G004115,2021-08
857,R003711,G003671,2021-08
858,R003712,G005127,2021-08
859,R003713,G003618,2021-08
860,R003714,G003859,2021-08
861,R003715,G000370,2021-08
862,R003716,G002847,2021-08
863,R003717,G003589,2021-08
864,R003718,G003942,2021-08
865,R003719,G001534,2021-08
866,R003720,G000997,2021-08
867,R003721,G002962,2021-08
868,R003722,G004391,2021-08
869,R003723,G004387,2021-08
870,R003724,G005097,2021-08
871,R003725,G002612,2021-08
872,R003726,G002307,2021-08
873,R003727,G002718,2021-08
874,R003728,G001458,2021-08
875,R003729,G004573,2021-08
876,R003730,G001896,2021-08
877,R003731,G005326,2021-08
878,R003732,G001652,2021-08
879,R003733,G001146,2021-08
880,R003734,G002467,2021-08
881,R003735,G000052,2021-08
882,R003736,G003041,2021-08
883,R003737,G000367,2021-08
884,R003738,G003368,2021-08
885,R003739,G003202,2021-08
886,R003740,G004630,2021-08
887,R003741,G004955,2021-08
888,R003742,G001794,2021-08
889,R003743,G005192,2021-08
890,R003744,G001450,2021-08
891,R003745,G003540,2021-08
892,R003746,G004064,2021-08
893,R003747,G003191,2021-08
894,R003748,G003951,2021-08
895,R003749,G001926,2021-08
896,R003750,G000368,2021-08
897,R003751,G000103,2021-08
898,R003752,G003622,2021-08
899,R003753,G000702,2021-08
900,R003754,G002673,2021-08
901,R003755,G002298,2021-08
902,R003756,G004636,2021-08
903,R003757,G003017,2021-08
904,R003758,G004424,2021-08
905,R003759,G002096,2021-08
906,R003760,G002275,2021-08
907,R003761,G005348,2021-08
908,R003762,G005210,2021-08
909,R003763,G003310,2021-08
910,R003764,G004239,2021-08
911,R003765,G004631,2021-08
912,R003766,G003805,2021-08
913,R003767,G000213,2021-08
914,R003768,G001749,2021-08
915,R003769,G005323,2021-08
916,R003770,G003136,2021-08
917,R003771,G004165,2021-08
918,R003772,G003213,2021-08
919,R003773,G003139,2021-08
920,R003774,G002827,2021-08
921,R003775,G004098,2021-08
922,R003776,G001426,2021-08
923,R003777,G001814,2021-08
924,R003778,G000176,2021-08
925,R003779,G000310,2021-08
926,R003780,G001952,2021-08
927,R003781,G000087,2021-08
928,R003782,G003408,2021-08
929,R003783,G003936,2021-08
930,R003784,G003420,2021-08
931,R003785,G000668,2021-08
932,R003786,G000947,2021-08
933,R003787,G000669,2021-08
934,R003788,G003527,2021-08
935,R003789,G000214,2021-08
936,R003790,G001588,2021-08
937,R003791,G004302,2021-08
938,R003792,G001737,2021-08
939,R003793,G001242,2021-08
940,R003794,G005101,2021-08
941,R003795,G003788,2021-08
942,R003796,G003656,2021-08
943,R003797,G002134,2021-08
944,R003798,G001920,2021-08
945,R003799,G005291,2021-08
946,R003800,G001876,2021-08
947,R003801,G000462,2021-08
948,R003802,G000075,2021-08
949,R003803,G002322,2021-08
950,R003804,G001589,2021-08
951,R003805,G000079,2021-08
952,R003806,G002105,2021-08
953,R003807,G004775,2021-08
954,R003808,G000861,2021-08
955,R003809,G004837,2021-08
956,R003810,G001275,2021-08
957,R003811,G001819,2021-08
958,R003812,G003479,2021-08
959,R003813,G000050,2021-08
960,R003814,G005293,2021-08
961,R003815,G002555,2021-08
962,R003816,G005305,2021-08
963,R003817,G000307,2021-08
964,R003818,G001550,2021-08
965,R003819,G002016,2021-08
966,R003820,G004020,2021-08
967,R003821,G003048,2021-08
968,R003822,G004656,2021-08
969,R003823,G003841,2021-08
970,R003824,G005354,2021-08
971,R003825,G003342,2021-08
972,R003826,G004465,2021-08
973,R003827,G001578,2021-08
974,R003828,G003444,2021-08
975,R003829,G004711,2021-08
976,R003830,G004580,2021-08
977,R003831,G001044,2021-08
978,R003832,G001016,2021-08
979,R003833,G001522,2021-08
980,R003834,G003434,2021-08
981,R003835,G001548,2021-08
982,R004382,G003330,2021-08
983,R004383,G002860,2021-08
984,R004384,G004882,2021-08
985,R004385,G000203,2021-08
986,R004386,G001810,2021-08
987,R004387,G005321,2021-08
988,R004388,G004483,2021-08
989,R004389,G000007,2021-08
990,R004390,G004170,2021-08
991,R004391,G000253,2021-08
992,R004392,G003169,2021-08
993,R004393,G004610,2021-08
994,R004394,G005114,2021-08
995,R004395,G000712,2021-08
996,R004396,G001297,2021-08
997,R004397,G003914,2021-08
998,R004398,G005165,2021-08
999,R004399,G002727,2021-08
1000,R004400,G000202,2021-08
1001,R004401,G003564,2021-08
1002,R004402,G000592,2021-08
1003,R004403,G004611,2021-08
1004,R004404,G004557,2021-08
1005,R004405,G001166,2021-08
1006,R004406,G001128,2021-08
1007,R004407,G004670,2021-08
1008,R004408,G002420,2021-08
1009,R004409,G003757,2021-08
1010,R004410,G003409,2021-08
1011,R004411,G000281,2021-08
1012,R004412,G001094,2021-08
1013,R004413,G000883,2021-08
1014,R004414,G003421,2021-08
1015,R004415,G002741,2021-08
1016,R004416,G000064,2021-08
1017,R004417,G002670,2021-08
1018,R004418,G003648,2021-08
1019,R004419,G003318,2021-08
1020,R004420,G005028,2021-08
1021,R004421,G004494,2021-08
1022,R004422,G004358,2021-08
1023,R004423,G000988,2021-08
1024,R004424,G004865,2021-08
1025,R004425,G000014,2021-08
1026,R004426,G002446,2021-08
1027,R004427,G000314,2021-08
1028,R004428,G000639,2021-08
1029,R004429,G003612,2021-08
1030,R004430,G000642,2021-08
1031,R004431,G000648,2021-08
1032,R004432,G004777,2021-08
1033,R004433,G000667,2021-08
1034,R004434,G002628,2021-08
1035,R004435,G002789,2021-08
1036,R004436,G004780,2021-08
1037,R004437,G002212,2021-08
1038,R004438,G000640,2021-08
1039,R004439,G002207,2021-08
1040,R004440,G004200,2021-08
1041,R004441,G003538,2021-08
1042,R004442,G003101,2021-08
1043,R004443,G001512,2021-08
1044,R004444,G002915,2021-08
1045,R004445,G001543,2021-08
1046,R004446,G003827,2021-08
1047,R004447,G002899,2021-08
1048,R004448,G004297,2021-08
1049,R004449,G001289,2021-08
1050,R004450,G004005,2021-08
1051,R004451,G000093,2021-08
1052,R004452,G000424,2021-08
1053,R004453,G003069,2021-08
1054,R004454,G005315,2021-08
1055,R004455,G002513,2021-08
1056,R004456,G001608,2021-08
1057,R004457,G000100,2021-08
1058,R004458,G001302,2021-08
1059,R004459,G001782,2021-08
1060,R004460,G000457,2021-08
1061,R004461,G003934,2021-08
1062,R004462,G003339,2021-08
1063,R004463,G000559,2021-08
1064,R004464,G000739,2021-08
1065,R004465,G001647,2021-08
1066,R004466,G001619,2021-08
1067,R004467,G004050,2021-08
1068,R004468,G003286,2021-08
1069,R004469,G000142,2021-08
1070,R004470,G000399,2021-08
1071,R004471,G002480,2021-08
1072,R004472,G005267,2021-08
1073,R004473,G002880,2021-08
1074,R004474,G001720,2021-08
1075,R004475,G005054,2021-08
1076,R004476,G005126,2021-08
1077,R004477,G003628,2021-08
1078,R004478,G004797,2021-08
1079,R004479,G001713,2021-08
1080,R004480,G005145,2021-08
1081,R004481,G003188,2021-08
1082,R004482,G004291,2021-08
1083,R004483,G005071,2021-08
1084,R004484,G003845,2021-08
1085,R004485,G002540,2021-08
1086,R004486,G005070,2021-08
1087,R004487,G001272,2021-08
1088,R004488,G001285,2021-08
1089,R004489,G001773,2021-08
1090,R004490,G004625,2021-08
1091,R004491,G000430,2021-08
1092,R004492,G003305,2021-08
1093,R004493,G003832,2021-08
1094,R004494,G004318,2021-08
1095,R004495,G000848,2021-08
1096,R004496,G005039,2021-08
1097,R004497,G002327,2021-08
1098,R004498,G003204,2021-08
1099,R004499,G000769,2021-08
1100,R004500,G004518,2021-08
1101,R004501,G002649,2021-08
1102,R004502,G002802,2021-08
1103,R004503,G001941,2021-08
1104,R004504,G003528,2021-08
1105,R004505,G002361,2021-08
1106,R004506,G000091,2021-08
1107,R004507,G004438,2021-08
1108,R004508,G004949,2021-08
1109,R004509,G004150,2021-08
1110,R004510,G000109,2021-08
1111,R004511,G002464,2021-08
1112,R004512,G003009,2021-08
1113,R004513,G002484,2021-08
1114,R004514,G000135,2021-08
1115,R004515,G000905,2021-08
1116,R004516,G002488,2021-08
1117,R004517,G001413,2021-08
1118,R004518,G001562,2021-08
1119,R004519,G000749,2021-08
1120,R004520,G001775,2021-08
1121,R004521,G005380,2021-08
1122,R004522,G002919,2021-08
1123,R004523,G000132,2021-08
1124,R004524,G002141,2021-08
1125,R004525,G004109,2021-08
1126,R004526,G002423,2021-08
1127,R004527,G001315,2021-08
1128,R004528,G003977,2021-08
1129,R004529,G001660,2021-08
1130,R004530,G003572,2021-08
1131,R004531,G002980,2021-08
1132,R004532,G003378,2021-08
1133,R004533,G003592,2021-08
1134,R004534,G000999,2021-08
1135,R004535,G000246,2021-08
1136,R004536,G004081,2021-08
1137,R004537,G003885,2021-08
1138,R004538,G004485,2021-08
1139,R004539,G003471,2021-08
1140,R004540,G004828,2021-08
1141,R004541,G003933,2021-08
1142,R004542,G005094,2021-08
1143,R004543,G004839,2021-08
1144,R004544,G003544,2021-08
1145,R004545,G004675,2021-08
1146,R004546,G002912,2021-08
1147,R004547,G003189,2021-08
1148,R004548,G004479,2021-08
1149,R004549,G001069,2021-08
1150,R004550,G001998,2021-08
1151,R004551,G004749,2021-08
1152,R004552,G001658,2021-08
1153,R004553,G003410,2021-08
1154,R004554,G002477,2021-08
1155,R004555,G001349,2021-08
1156,R004556,G001515,2021-08
1157,R004557,G003396,2021-08
1158,R004558,G003147,2021-08
1159,R004559,G002798,2021-08
1160,R004560,G000699,2021-08
1161,R004561,G003039,2021-08
1162,R004562,G003801,2021-08
1163,R004563,G002357,2021-08
1164,R004564,G002276,2021-08
1165,R004565,G003762,2021-08
1166,R004566,G003808,2021-08
1167,R004567,G002901,2021-08
1168,R004568,G004835,2021-08
1169,R004569,G000274,2021-08
1170,R004570,G003303,2021-08
1171,R004571,G001352,2021-08
1172,R004572,G001622,2021-08
1173,R004573,G002497,2021-08
1174,R004574,G001414,2021-08
1175,R004575,G001214,2021-08
1176,R004576,G002022,2021-08
1177,R004577,G002532,2021-08
1178,R004578,G003990,2021-08
1179,R004579,G001224,2021-08
1180,R004580,G002498,2021-08
1181,R004581,G002051,2021-08
1182,R004582,G004594,2021-08
1183,R004583,G001868,2021-08
1184,R004584,G004172,2021-08
1185,R004585,G000786,2021-08
1186,R004586,G003953,2021-08
1187,R004587,G001078,2021-08
1188,R004588,G004920,2021-08
1189,R004589,G002376,2021-08
1190,R004590,G002329,2021-08
1191,R004591,G000010,2021-08
1192,R004592,G002703,2021-08
1193,R004593,G003874,2021-08
1194,R004594,G003343,2021-08
1195,R004595,G003981,2021-08
1196,R004596,G001132,2021-08
1197,R004597,G002592,2021-08
1198,R004598,G000721,2021-08
1199,R004599,G004317,2021-08
1200,R004600,G003358,2021-08
1201,R004601,G003954,2021-08
1202,R004602,G001858,2021-08
1203,R004603,G004276,2021-08
1204,R004604,G002239,2021-08
1205,R004605,G004509,2021-08
1206,R004606,G000260,2021-08
1207,R004607,G001248,2021-08
1208,R004608,G004859,2021-08
1209,R004609,G004160,2021-08
1210,R004610,G000845,2021-08
1211,R004611,G000612,2021-08
1212,R004612,G002101,2021-08
1213,R004613,G005007,2021-08
1214,R004614,G003185,2021-08
1215,R004615,G002229,2021-08
1216,R004616,G001981,2021-08
1217,R004617,G004803,2021-08
1218,R004618,G000420,2021-08
1219,R004619,G003519,2021-08
1220,R004620,G005273,2021-08
1221,R004621,G004072,2021-08
1222,R004622,G004002,2021-08
1223,R004623,G000425,2021-08
1224,R004624,G001505,2021-08
1225,R004625,G003844,2021-08
1226,R004626,G003281,2021-08
1227,R004627,G003690,2021-08
1228,R004628,G002743,2021-08
1229,R004629,G003837,2021-08
1230,R004630,G004830,2021-08
1231,R004631,G004576,2021-08
1232,R004632,G003255,2021-08
1233,R004633,G002845,2021-08
1234,R004634,G001686,2021-08
1235,R004635,G002814,2021-08
1236,R004636,G002615,2021-08
1237,R004637,G002785,2021-08
1238,R004638,G000500,2021-08
1239,R004639,G001942,2021-08
1240,R004640,G001948,2021-08
1241,R004641,G001560,2021-08
1242,R004642,G002405,2021-08
1243,R004643,G003429,2021-08
1244,R004644,G004363,2021-08
1245,R004645,G002569,2021-08
1246,R004646,G004412,2021-08
1247,R004647,G003044,2021-08
1248,R004648,G005079,2021-08
1249,R004649,G003988,2021-08
1250,R004650,G000279,2021-08
1251,R004651,G003484,2021-08
1252,R004652,G001769,2021-08
1253,R004653,G004716,2021-08
1254,R004654,G001991,2021-08
1255,R004655,G001311,2021-08
1256,R004656,G003107,2021-08
1257,R004657,G000380,2021-08
1258,R004658,G003736,2021-08
1259,R004659,G000237,2021-08
1260,R004660,G000859,2021-08
1261,R004661,G001955,2021-08
1262,R004662,G004356,2021-08
1263,R004663,G001420,2021-08
1264,R004664,G005043,2021-08
1265,R004665,G000611,2021-08
1266,R004666,G005025,2021-08
1267,R004667,G004341,2021-08
1268,R004668,G003179,2021-08
1269,R004669,G003295,2021-08
1270,R004670,G005404,2021-08
1271,R004671,G003896,2021-08
1272,R004672,G001493,2021-08
1273,R004673,G004725,2021-08
1274,R004674,G004778,2021-08
1275,R004675,G000122,2021-08
1276,R004676,G005032,2021-08
1277,R004677,G001330,2021-08
1278,R004678,G001452,2021-08
1279,R004679,G001546,2021-08
1280,R004680,G002000,2021-08
1281,R004681,G001374,2021-08
1282,R004682,G002541,2021-08
1283,R004683,G005194,2021-08
1284,R004684,G000041,2021-08
1285,R004685,G004673,2021-08
1286,R004686,G000716,2021-08
1287,R004687,G005124,2021-08
1288,R004688,G000942,2021-08
1289,R004689,G000215,2021-08
1290,R004690,G000410,2021-08
1291,R004691,G001535,2021-08
1292,R004692,G005166,2021-08
1293,R004693,G001052,2021-08
1294,R004694,G000249,2021-08
1295,R004695,G001287,2021-08
1296,R004696,G005171,2021-08
1297,R004697,G002256,2021-08
1298,R004698,G001118,2021-08
1299,R004699,G001726,2021-08
1300,R004700,G001250,2021-08
1301,R004701,G001966,2021-08
1302,R004702,G003796,2021-08
1303,R004703,G003625,2021-08
1304,R004704,G004340,2021-08
1305,R004705,G004281,2021-08
1306,R004706,G003457,2021-08
1307,R004707,G004661,2021-08
1308,R004708,G004536,2021-08
1309,R004709,G002455,2021-08
1310,R004710,G004540,2021-08
1311,R004711,G002067,2021-08
1312,R004712,G003394,2021-08
1313,R004713,G005148,2021-08
1314,R004714,G003159,2021-08
1315,R004715,G002573,2021-08
1316,R004716,G000547,2021-08
1317,R004717,G004041,2021-08
1318,R004718,G001888,2021-08
1319,R004719,G002842,2021-08
1320,R004720,G003498,2021-08
1321,R004721,G003701,2021-08
1322,R004722,G003716,2021-08
1323,R004723,G001527,2021-08
1324,R004724,G004379,2021-08
1325,R004725,G003290,2021-08
1326,R004726,G002695,2021-08
1327,R004727,G001651,2021-08
1328,R004728,G005274,2021-08
1329,R004729,G000963,2021-08
1330,R004730,G004840,2021-08
1331,R004731,G002135,2021-08
1332,R004732,G002194,2021-08
1333,R004733,G002837,2021-08
1334,R004734,G000776,2021-08
1335,R004735,G004566,2021-08
1336,R004736,G002106,2021-08
1337,R004737,G001802,2021-08
1338,R004738,G004633,2021-08
1339,R004739,G001239,2021-08
1340,R004740,G000926,2021-08
1341,R004741,G004874,2021-08
1342,R004742,G001046,2021-08
1343,R004743,G000269,2021-08
1344,R004744,G000593,2021-08
1345,R004745,G003909,2021-08
1346,R004746,G004632,2021-08
1347,R004747,G000962,2021-08
1348,R004748,G004346,2021-08
1349,R004749,G004229,2021-08
1350,R004750,G004891,2021-08
1351,R004751,G005327,2021-08
1352,R004752,G003235,2021-08
1353,R004753,G000752,2021-08
1354,R004754,G003821,2021-08
1355,R004755,G001617,2021-08
1356,R004756,G000649,2021-08
1357,R004757,G000545,2021-08
1358,R004758,G003635,2021-08
1359,R004759,G004791,2021-08
1360,R004760,G000647,2021-08
1361,R004761,G000352,2021-08
1362,R004762,G003663,2021-08
1363,R004763,G003698,2021-08
1364,R004764,G003838,2021-08
1365,R004765,G001650,2021-08
1366,R004766,G004905,2021-08
1367,R004767,G002747,2021-08
1368,R004768,G000144,2021-08
1369,R004769,G002882,2021-08
1370,R004770,G001551,2021-08
1371,R004771,G004490,2021-08
1372,R004772,G003232,2021-08
1373,R004773,G004954,2021-08
1374,R004774,G004517,2021-08
1375,R004775,G002349,2021-08
1376,R004776,G001899,2021-08
1377,R004777,G001777,2021-08
1378,R004778,G003673,2021-08
1379,R004779,G002326,2021-08
1380,R004780,G000973,2021-08
1381,R004781,G003224,2021-08
1382,R004782,G002204,2021-08
1383,R004783,G004222,2021-08
1384,R004784,G003070,2021-08
1385,R004785,G005031,2021-08
1386,R004786,G004713,2021-08
1387,R004787,G003225,2021-08
1388,R004788,G001029,2021-08
1389,R004789,G001147,2021-08
1390,R004790,G004689,2021-08
1391,R004791,G000633,2021-08
1392,R004792,G000753,2021-08
1393,R004793,G000780,2021-08
1394,R004794,G002308,2021-08
1395,R004795,G002795,2021-08
1396,R004796,G001281,2021-08
1397,R004797,G002611,2021-08
1398,R004798,G002472,2021-08
1399,R004799,G000034,2021-08
1400,R004800,G002374,2021-08
1401,R004801,G001203,2021-08
1402,R004802,G002564,2021-08
1403,R004803,G001645,2021-08
1404,R004804,G004131,2021-08
1405,R004805,G000901,2021-08
1406,R004806,G000256,2021-08
1407,R004807,G000117,2021-08
1408,R004808,G000980,2021-08
1409,R004809,G003018,2021-08
1410,R004810,G004471,2021-08
1411,R004811,G003587,2021-08
1412,R004812,G001322,2021-08
1413,R004813,G002056,2021-08
1414,R004814,G000632,2021-08
1415,R004815,G001028,2021-08
1416,R004816,G002372,2021-08
1417,R004817,G002163,2021-08
1418,R004818,G004906,2021-08
1419,R004819,G003581,2021-08
1420,R004820,G001432,2021-08
1421,R004821,G002344,2021-08
1422,R004822,G002185,2021-08
1423,R004823,G002594,2021-08
1424,R004824,G001158,2021-08
1425,R004825,G003403,2021-08
1426,R004826,G000680,2021-08
1427,R004827,G000210,2021-08
1428,R004828,G003795,2021-08
1429,R004829,G005345,2021-08
1430,R004830,G002226,2021-08
1431,R004831,G001027,2021-08
1432,R004832,G004216,2021-08
1433,R004833,G003672,2021-08
1434,R004834,G000228,2021-08
1435,R004835,G003488,2021-08
1436,R004836,G004693,2021-08
1437,R004837,G000045,2021-08
1438,R004838,G001628,2021-08
1439,R004839,G001353,2021-08
1440,R004840,G000185,2021-08
1441,R004841,G001862,2021-08
1442,R004842,G004997,2021-08
1443,R004843,G001869,2021-08
1444,R004844,G002325,2021-08
1445,R004845,G003957,2021-08
1446,R004846,G004372,2021-08
1447,R004847,G002113,2021-08
1448,R004848,G002770,2021-08
1449,R004849,G003642,2021-08
1450,R004850,G004985,2021-08
1451,R004851,G001928,2021-08
1452,R004852,G001431,2021-08
1453,R004853,G004287,2021-08
1454,R004854,G004662,2021-08
1455,R004855,G002290,2021-08
1456,R004856,G000783,2021-08
1457,R004857,G000020,2021-08
1458,R004858,G000708,2021-08
1459,R004859,G004745,2021-08
1460,R004860,G003704,2021-08
1461,R004861,G004300,2021-08
1462,R004862,G001411,2021-08
1463,R004863,G004038,2021-08
1464,R004864,G001136,2021-08
1465,R004865,G002696,2021-08
1466,R004866,G004481,2021-08
1467,R004867,G001309,2021-08
1468,R004868,G001487,2021-08
1469,R004869,G004326,2021-08
1470,R004870,G000750,2021-08
1471,R004871,G003327,2021-08
1472,R004872,G004776,2021-08
1473,R004873,G004124,2021-08
1474,R004874,G001278,2021-08
1475,R004875,G005287,2021-08
1476,R004876,G002969,2021-08
1477,R004877,G002285,2021-08
1478,R004878,G005376,2021-08
1479,R004879,G002993,2021-08
1480,R004880,G002139,2021-08
1481,R004881,G003682,2021-08
1482,R004882,G002393,2021-08
1483,R004883,G003943,2021-08
1484,R004884,G003066,2021-08
1485,R004885,G000679,2021-08
1486,R004886,G001815,2021-08
1487,R004887,G004185,2021-08
1488,R004888,G005160,2021-08
1489,R004889,G000779,2021-08
1490,R004890,G003395,2021-08
1491,R004891,G001620,2021-08
1492,R004892,G005112,2021-08
1493,R004893,G000552,2021-08
1494,R004894,G002956,2021-08
1495,R004895,G005365,2021-08
1496,R004896,G003590,2021-08
1497,R004897,G004166,2021-08
1498,R004898,G004593,2021-08
1499,R004899,G004439,2021-08
1500,R004900,G000787,2021-08
1501,R004901,G004121,2021-08
1502,R004902,G002971,2021-08
1503,R004903,G001576,2021-08
1504,R004904,G002164,2021-08
1505,R004905,G002843,2021-08
1506,R004906,G004848,2021-08
1507,R004907,G003422,2021-08
1508,R004908,G002866,2021-08
1509,R004909,G004763,2021-08
1510,R004910,G004240,2021-08
1511,R004911,G003916,2021-08
1512,R004912,G002597,2021-08
1513,R004913,G004570,2021-08
1514,R004914,G004431,2021-08
1515,R004915,G000982,2021-08
1516,R004916,G004033,2021-08
1517,R004917,G003494,2021-08
1518,R004918,G004111,2021-08
1519,R004919,G001350,2021-08
1520,R004920,G002474,2021-08
1521,R004921,G003478,2021-08
1522,R004922,G005067,2021-08
1523,R004923,G005346,2021-08
1524,R004924,G002140,2021-08
1525,R004925,G004059,2021-08
1526,R004926,G001867,2021-08
1527,R004927,G003177,2021-08
1528,R004928,G004976,2021-08
1529,R004929,G003125,2021-08
1530,R004930,G003765,2021-08
1531,R004931,G001186,2021-08
1532,R004932,G004148,2021-08
1533,R004933,G003918,2021-08
1534,R004934,G000831,2021-08
1535,R004935,G005306,2021-08
1536,R004936,G002528,2021-08
1537,R004937,G003121,2021-08
1538,R004938,G003938,2021-08
1539,R004939,G003982,2021-08
1540,R004940,G004717,2021-08
1541,R004941,G004457,2021-08
1542,R004942,G000171,2021-08
1543,R004943,G001843,2021-08
1544,R004944,G003706,2021-08
1545,R004945,G005056,2021-08
1546,R004946,G003279,2021-08
1547,R004947,G004676,2021-08
1548,R004948,G000378,2021-08
1549,R004949,G000335,2021-08
1550,R004950,G000236,2021-08
1551,R004951,G000447,2021-08
1552,R004952,G002024,2021-08
1553,R004953,G002951,2021-08
1554,R004954,G001381,2021-08
1555,R004955,G003452,2021-08
1556,R004956,G002268,2021-08
1557,R004957,G000748,2021-08
1558,R004958,G000354,2021-08
1559,R004959,G000336,2021-08
1560,R004960,G003242,2021-08
1561,R004961,G002292,2021-08
1562,R004962,G000767,2021-08
1563,R004963,G002952,2021-08
1564,R004964,G001736,2021-08
1565,R004965,G003336,2021-08
1566,R004966,G002329,2021-08
1567,R004967,G003460,2021-08
1568,R004968,G003419,2021-08
1569,R004969,G000939,2021-08
1570,R004970,G000863,2021-08
1571,R004971,G003418,2021-08
1572,R004972,G001610,2021-08
1573,R004973,G002478,2021-08
1574,R004974,G000009,2021-08
1575,R004975,G000703,2021-08
1576,R004976,G004074,2021-08
1577,R004977,G004217,2021-08
1578,R004978,G005211,2021-08
1579,R004979,G000446,2021-08
1580,R004980,G001735,2021-08
1581,R004981,G003142,2021-08
1582,R004982,G000738,2021-08
1583,R004983,G003968,2021-08
1584,R004984,G004658,2021-08
1585,R004985,G005337,2021-08
1586,R004986,G002840,2021-08
1587,R004987,G000806,2021-08
1588,R004988,G000273,2021-08
1589,R004989,G002271,2021-08
1590,R004990,G003883,2021-08
1591,R004991,G002599,2021-08
1592,R004992,G003203,2021-08
1593,R004993,G005254,2021-08
1594,R004994,G005086,2021-08
1595,R004995,G001627,2021-08
1596,R004996,G000992,2021-08
1597,R004997,G004105,2021-08
1598,R004998,G003855,2021-08
1599,R004999,G005209,2021-08
1600,R005000,G004315,2021-08
1601,R005001,G002469,2021-08
1602,R005002,G003432,2021-08
1603,R005003,G000777,2021-08
1604,R005004,G000247,2021-08
1605,R005005,G005182,2021-08
1606,R005006,G000664,2021-08
1607,R005007,G002531,2021-08
1608,R005008,G004798,2021-08
1609,R005009,G002424,2021-08
1610,R005010,G002752,2021-08
1611,R005011,G004104,2021-08
1612,R005012,G005164,2021-08
1613,R005013,G001999,2021-08
1614,R005014,G004499,2021-08
1615,R005015,G000925,2021-08
1616,R005016,G003254,2021-08
1617,R005017,G000152,2021-08
1618,R005018,G001390,2021-08
1619,R005019,G004323,2021-08
1620,R005020,G003272,2021-08
1621,R005021,G000391,2021-08
1622,R005022,G003021,2021-08
1623,R005023,G000969,2021-08
1624,R005024,G002791,2021-08
1625,R005025,G001606,2021-08
1626,R005026,G000774,2021-08
1627,R005027,G003898,2021-08
1628,R005028,G003985,2021-08
1629,R005029,G004651,2021-08
1630,R005030,G004925,2021-08
1631,R005031,G003679,2021-08
1632,R005032,G003812,2021-08
1633,R005033,G005062,2021-08
1634,R005034,G003770,2021-08
1635,R005035,G004582,2021-08
1636,R005036,G004337,2021-08
1637,R005037,G002293,2021-08
1638,R005038,G004645,2021-08
1639,R005039,G001496,2021-08
1640,R005040,G005162,2021-08
1641,R005041,G003211,2021-08
1642,R005042,G002146,2021-08
1643,R005043,G000501,2021-08
1644,R005044,G000557,2021-08
1645,R005045,G004171,2021-08
1646,R005046,G001187,2021-08
1647,R005047,G001705,2021-08
1648,R005048,G003360,2021-08
1649,R005049,G004774,2021-08
1650,R005050,G000277,2021-08
1651,R005051,G002166,2021-08
1652,R005052,G001885,2021-08
1653,R005053,G000595,2021-08
1654,R005054,G003862,2021-08
1655,R005055,G001097,2021-08
1656,R005056,G004237,2021-08
1657,R005057,G002820,2021-08
1658,R005058,G003714,2021-08
1659,R005059,G000154,2021-08
1660,R005060,G000627,2021-08
1661,R005061,G000474,2021-08
1662,R005062,G002624,2021-08
1663,R005063,G002355,2021-08
1664,R005064,G004448,2021-08
1665,R005065,G002526,2021-08
1666,R005066,G004427,2021-08
1667,R005067,G004207,2021-08
1668,R005068,G000197,2021-08
1669,R005069,G001301,2021-08
1670,R005070,G000928,2021-08
1671,R005071,G002371,2021-08
1672,R005072,G000392,2021-08
1673,R005073,G004841,2021-08
1674,R005074,G005178,2021-08
1675,R005075,G002449,2021-08
1676,R005076,G002730,2021-08
1677,R005077,G002796,2021-08
1678,R005078,G004403,2021-08
1679,R005079,G004530,2021-08
1680,R005080,G000796,2021-08
1681,R005081,G000013,2021-08
1682,R005082,G004615,2021-08
1683,R005083,G001020,2021-08
1684,R005084,G001924,2021-08
1685,R005085,G003214,2021-08
1686,R005086,G003631,2021-08
1687,R005087,G000305,2021-08
1688,R005088,G002197,2021-08
1689,R005089,G005073,2021-08
1690,R005090,G002781,2021-08
1691,R005091,G002432,2021-08
1692,R005092,G005206,2021-08
1693,R005093,G000807,2021-08
1694,R005094,G002812,2021-08
1695,R005095,G002737,2021-08
1696,R005096,G001444,2021-08
1697,R005097,G002070,2021-08
1698,R005098,G004146,2021-08
1699,R005099,G002596,2021-08
1700,R005100,G002689,2021-08
1701,R005101,G001834,2021-08
1702,R005102,G000941,2021-08
1703,R005103,G000294,2021-08
1704,R005104,G002561,2021-08
1705,R005105,G000440,2021-08
1706,R005106,G001102,2021-08
1707,R005107,G003376,2021-08
1708,R005108,G002495,2021-08
1709,R005109,G003243,2021-08
1710,R005110,G005122,2021-08
1711,R005111,G002168,2021-08
1712,R005112,G001921,2021-08
1713,R005113,G001762,2021-08
1714,R005114,G001228,2021-08
1715,R005115,G004242,2021-08
1716,R005116,G001667,2021-08
1717,R005117,G001880,2021-08
1718,R005118,G001669,2021-08
1719,R005119,G003822,2021-08
1720,R005120,G001732,2021-08
1721,R005121,G001982,2021-08
1722,R005122,G001611,2021-08
1723,R005123,G000184,2021-08
1724,R005124,G005347,2021-08
1725,R005125,G004529,2021-08
1726,R005126,G000936,2021-08
1727,R005127,G001231,2021-08
1728,R005128,G005100,2021-08
1729,R005129,G003269,2021-08
1730,R005130,G004602,2021-08
1731,R005131,G004350,2021-08
1732,R005132,G003258,2021-08
1733,R005133,G002222,2021-08
1734,R005134,G003106,2021-08
1735,R005135,G001759,2021-08
1736,R005136,G003819,2021-08
1737,R005137,G004708,2021-08
1738,R005138,G000163,2021-08
1739,R005139,G005121,2021-08
1740,R005140,G003389,2021-08
1741,R005141,G003058,2021-08
1742,R005142,G001879,2021-08
1743,R005143,G005074,2021-08
1744,R005144,G001838,2021-08
1745,R005145,G002821,2021-08
1746,R005146,G001387,2021-08
1747,R005147,G000032,2021-08
1748,R005148,G003777,2021-08
1749,R005149,G002867,2021-08
1750,R005150,G000366,2021-08
1751,R005151,G002172,2021-08
1752,R005152,G001226,2021-08
1753,R005153,G005096,2021-08
1754,R005154,G004489,2021-08
1755,R005155,G002241,2021-08
1756,R005156,G005176,2021-08
1757,R005157,G003241,2021-08
1758,R005158,G002343,2021-08
1759,R005159,G003647,2021-08
1760,R005160,G000691,2021-08
1761,R005161,G001249,2021-08
1762,R005162,G000397,2021-08
1763,R005163,G002391,2021-08
1764,R005164,G001961,2021-08
1765,R005165,G001200,2021-08
1766,R005166,G003287,2021-08
1767,R005167,G002868,2021-08
1768,R005168,G001931,2021-08
1769,R005169,G000342,2021-08
1770,R005170,G005021,2021-08
1771,R005171,G003543,2021-08
1772,R005172,G002504,2021-08
1773,R005173,G002027,2021-08
1774,R005174,G001760,2021-08
1775,R005175,G002815,2021-08
1776,R005176,G005400,2021-08
1777,R005177,G002666,2021-08
1778,R005178,G004620,2021-08
1779,R005179,G000819,2021-08
1780,R005180,G002159,2021-08
1781,R005181,G001149,2021-08
1782,R005182,G000491,2021-08
1783,R005183,G002487,2021-08
1784,R005184,G001883,2021-08
1785,R005185,G005278,2021-08
1786,R005186,G001008,2021-08
1787,R005187,G000623,2021-08
1788,R005188,G000634,2021-08
1789,R005189,G004268,2021-08
1790,R005190,G000533,2021-08
1791,R005191,G000957,2021-08
1792,R005192,G005406,2021-08
1793,R005193,G003857,2021-08
1794,R005194,G001674,2021-08
1795,R005195,G003834,2021-08
1796,R005196,G003962,2021-08
1797,R005197,G001525,2021-08
1798,R005198,G004589,2021-08
1799,R005199,G000856,2021-08
1800,R005200,G002787,2021-08
1801,R002316,G002753,2022-02
1802,R002317,G004879,2022-02
1803,R002318,G000361,2022-02
1804,R002319,G005091,2022-02
1805,R002320,G002720,2022-02
1806,R002321,G000711,2022-02
1807,R002322,G000965,2022-02
1808,R002323,G003920,2022-02
1809,R002324,G000304,2022-02
1810,R002325,G003283,2022-02
1811,R002326,G004691,2022-02
1812,R002327,G004735,2022-02
1813,R002328,G004574,2022-02
1814,R002329,G002870,2022-02
1815,R002330,G005002,2022-02
1816,R002331,G003490,2022-02
1817,R002332,G000809,2022-02
1818,R002333,G003413,2022-02
1819,R002334,G000454,2022-02
1820,R002335,G003828,2022-02
1821,R002336,G004334,2022-02
1822,R002337,G003108,2022-02
1823,R002338,G005307,2022-02
1824,R002339,G004482,2022-02
1825,R002340,G001227,2022-02
1826,R002341,G003148,2022-02
1827,R002342,G000914,2022-02
1828,R002343,G005246,2022-02
1829,R002344,G002430,2022-02
1830,R002345,G001891,2022-02
1831,R002346,G002321,2022-02
1832,R002347,G000566,2022-02
1833,R002348,G001299,2022-02
1834,R002349,G004047,2022-02
1835,R002350,G000771,2022-02
1836,R002351,G000233,2022-02
1837,R002352,G000245,2022-02
1838,R002353,G000986,2022-02
1839,R002354,G001688,2022-02
1840,R002355,G004154,2022-02
1841,R002356,G004608,2022-02
1842,R002357,G001722,2022-02
1843,R002358,G004329,2022-02
1844,R002359,G002858,2022-02
1845,R002360,G000204,2022-02
1846,R002361,G002077,2022-02
1847,R002362,G000782,2022-02
1848,R002363,G004399,2022-02
1849,R002364,G003133,2022-02
1850,R002365,G001753,2022-02
1851,R002366,G004474,2022-02
1852,R002367,G000473,2022-02
1853,R002368,G004435,2022-02
1854,R002369,G002458,2022-02
1855,R002370,G001252,2022-02
1856,R002371,G002397,2022-02
1857,R002372,G003510,2022-02
1858,R002373,G001668,2022-02
1859,R002374,G002895,2022-02
1860,R002375,G000728,2022-02
1861,R002376,G000990,2022-02
1862,R002377,G004851,2022-02
1863,R002378,G000261,2022-02
1864,R002379,G003260,2022-02
1865,R002380,G001571,2022-02
1866,R002381,G004127,2022-02
1867,R002382,G005172,2022-02
1868,R002383,G002330,2022-02
1869,R002384,G002038,2022-02
1870,R002385,G000195,2022-02
1871,R002386,G003308,2022-02
1872,R002387,G002359,2022-02
1873,R002388,G002216,2022-02
1874,R002389,G001536,2022-02
1875,R002390,G000400,2022-02
1876,R002391,G001986,2022-02
1877,R002392,G003223,2022-02
1878,R002393,G001290,2022-02
1879,R002394,G001976,2022-02
1880,R002395,G003132,2022-02
1881,R002396,G000715,2022-02
1882,R002397,G005334,2022-02
1883,R002398,G004181,2022-02
1884,R002399,G004201,2022-02
1885,R002400,G003726,2022-02
1886,R002401,G005102,2022-02
1887,R002402,G004942,2022-02
1888,R002403,G004123,2022-02
1889,R002404,G004058,2022-02
1890,R002405,G002887,2022-02
1891,R002406,G004956,2022-02
1892,R002407,G003588,2022-02
1893,R002408,G004100,2022-02
1894,R002409,G002924,2022-02
1895,R002410,G003910,2022-02
1896,R002411,G001206,2022-02
1897,R002412,G000802,2022-02
1898,R002413,G000899,2022-02
1899,R002414,G002933,2022-02
1900,R002415,G003935,2022-02
1901,R002416,G004365,2022-02
1902,R002417,G005231,2022-02
1903,R002418,G001423,2022-02
1904,R002419,G001675,2022-02
1905,R002420,G001648,2022-02
1906,R002421,G000062,2022-02
1907,R002422,G004819,2022-02
1908,R002423,G003617,2022-02
1909,R002424,G005313,2022-02
1910,R002425,G002684,2022-02
1911,R002426,G003013,2022-02
1912,R002427,G004744,2022-02
1913,R002428,G003080,2022-02
1914,R002429,G005065,2022-02
1915,R002430,G004715,2022-02
1916,R002431,G004842,2022-02
1917,R002432,G005169,2022-02
1918,R002433,G001601,2022-02
1919,R002434,G005356,2022-02
1920,R002435,G003662,2022-02
1921,R002436,G004230,2022-02
1922,R002437,G003525,2022-02
1923,R002438,G000313,2022-02
1924,R002439,G002536,2022-02
1925,R002440,G002192,2022-02
1926,R002441,G000369,2022-02
1927,R002442,G000161,2022-02
1928,R002443,G003952,2022-02
1929,R002444,G001347,2022-02
1930,R002445,G001484,2022-02
1931,R002446,G001119,2022-02
1932,R002447,G003448,2022-02
1933,R002448,G003387,2022-02
1934,R002449,G003067,2022-02
1935,R002450,G001788,2022-02
1936,R002451,G003979,2022-02
1937,R002452,G002463,2022-02
1938,R002453,G001639,2022-02
1939,R002454,G000670,2022-02
1940,R002455,G002896,2022-02
1941,R002456,G002546,2022-02
1942,R002457,G004285,2022-02
1943,R002458,G004684,2022-02
1944,R002459,G002320,2022-02
1945,R002460,G002124,2022-02
1946,R002461,G001825,2022-02
1947,R002462,G000854,2022-02
1948,R002463,G002609,2022-02
1949,R002464,G000672,2022-02
1950,R002465,G002566,2022-02
1951,R002466,G001327,2022-02
1952,R002467,G003999,2022-02
1953,R002468,G000869,2022-02
1954,R002469,G001956,2022-02
1955,R002470,G003256,2022-02
1956,R002471,G002422,2022-02
1957,R002472,G002760,2022-02
1958,R002473,G002373,2022-02
1959,R002474,G004881,2022-02
1960,R002475,G004977,2022-02
1961,R002476,G005060,2022-02
1962,R002477,G004027,2022-02
1963,R002478,G004089,2022-02
1964,R002479,G000286,2022-02
1965,R002480,G002448,2022-02
1966,R002481,G002060,2022-02
1967,R002482,G002142,2022-02
1968,R002483,G003803,2022-02
1969,R002484,G000998,2022-02
1970,R002485,G005197,2022-02
1971,R002486,G004428,2022-02
1972,R002487,G003703,2022-02
1973,R002488,G003442,2022-02
1974,R002489,G000331,2022-02
1975,R002490,G000242,2022-02
1976,R002491,G001507,2022-02
1977,R002492,G002436,2022-02
1978,R002493,G003425,2022-02
1979,R002494,G003259,2022-02
1980,R002495,G003028,2022-02
1981,R002496,G003913,2022-02
1982,R002497,G005042,2022-02
1983,R002498,G001681,2022-02
1984,R002499,G000427,2022-02
1985,R002500,G005308,2022-02
1986,R002501,G004108,2022-02
1987,R002502,G002494,2022-02
1988,R002503,G000522,2022-02
1989,R002504,G005264,2022-02
1990,R002505,G001677,2022-02
1991,R002506,G001817,2022-02
1992,R002507,G003314,2022-02
1993,R002508,G000875,2022-02
1994,R002509,G001497,2022-02
1995,R002510,G004996,2022-02
1996,R002511,G005123,2022-02
1997,R002512,G001408,2022-02
1998,R002513,G000296,2022-02
1999,R002514,G003231,2022-02
2000,R002515,G001545,2022-02
2001,R002516,G000565,2022-02
2002,R002517,G001473,2022-02
2003,R002518,G002004,2022-02
2004,R002519,G001707,2022-02
2005,R002520,G000465,2022-02
2006,R002521,G001758,2022-02
2007,R002522,G004096,2022-02
2008,R002523,G005117,2022-02
2009,R002524,G000218,2022-02
2010,R002525,G002605,2022-02
2011,R002526,G002693,2022-02
2012,R002527,G000615,2022-02
2013,R002528,G000873,2022-02
2014,R002529,G000516,2022-02
2015,R002530,G002744,2022-02
2016,R002531,G003320,2022-02
2017,R002532,G003611,2022-02
2018,R002533,G005147,2022-02
2019,R002534,G000870,2022-02
2020,R002535,G004663,2022-02
2021,R002536,G000726,2022-02
2022,R002537,G004006,2022-02
2023,R002538,G003165,2022-02
2024,R002539,G001014,2022-02
2025,R002540,G000737,2022-02
2026,R002541,G003713,2022-02
2027,R002542,G000741,2022-02
2028,R002543,G001934,2022-02
2029,R002544,G004277,2022-02
2030,R002545,G004821,2022-02
2031,R002546,G002023,2022-02
2032,R002547,G005303,2022-02
2033,R002548,G001526,2022-02
2034,R002549,G001335,2022-02
2035,R002550,G002678,2022-02
2036,R002551,G001716,2022-02
2037,R002552,G003782,2022-02
2038,R002553,G004748,2022-02
2039,R002554,G003664,2022-02
2040,R002555,G001907,2022-02
2041,R002556,G004617,2022-02
2042,R002557,G004175,2022-02
2043,R002558,G001168,2022-02
2044,R002559,G001112,2022-02
2045,R002560,G001972,2022-02
2046,R002561,G002600,2022-02
2047,R002562,G003500,2022-02
2048,R002563,G002181,2022-02
2049,R002564,G000148,2022-02
2050,R002565,G003000,2022-02
2051,R002566,G005374,2022-02
2052,R002567,G002585,2022-02
2053,R002568,G003945,2022-02
2054,R002569,G004886,2022-02
2055,R002570,G002729,2022-02
2056,R002571,G003371,2022-02
2057,R002572,G001313,2022-02
2058,R002573,G003364,2022-02
2059,R002574,G003311,2022-02
2060,R002575,G003458,2022-02
2061,R002576,G002930,2022-02
2062,R002577,G003424,2022-02
2063,R002578,G000876,2022-02
2064,R002579,G002520,2022-02
2065,R002580,G003926,2022-02
2066,R002581,G004212,2022-02
2067,R002582,G005055,2022-02
2068,R002583,G001056,2022-02
2069,R002584,G000444,2022-02
2070,R002585,G000428,2022-02
2071,R002586,G003932,2022-02
2072,R002587,G003112,2022-02
2073,R002588,G003516,2022-02
2074,R002589,G003880,2022-02
2075,R002590,G004188,2022-02
2076,R002591,G005174,2022-02
2077,R002592,G000353,2022-02
2078,R002593,G002485,2022-02
2079,R002594,G001085,2022-02
2080,R002595,G000530,2022-02
2081,R002596,G004272,2022-02
2082,R002597,G001938,2022-02
2083,R002598,G001959,2022-02
2084,R002599,G000821,2022-02
2085,R002600,G002801,2022-02
2086,R002601,G003144,2022-02
2087,R002602,G003854,2022-02
2088,R002603,G002558,2022-02
2089,R002604,G003665,2022-02
2090,R002605,G001978,2022-02
2091,R002606,G004868,2022-02
2092,R002607,G002875,2022-02
2093,R002608,G001096,2022-02
2094,R002609,G003176,2022-02
2095,R002610,G005111,2022-02
2096,R002611,G000124,2022-02
2097,R002612,G000049,2022-02
2098,R002613,G000223,2022-02
2099,R002614,G003491,2022-02
2100,R002615,G002772,2022-02
2101,R002616,G004389,2022-02
2102,R002617,G004393,2022-02
2103,R002618,G000084,2022-02
2104,R002619,G002098,2022-02
2105,R002620,G002982,2022-02
2106,R002621,G002025,2022-02
2107,R002622,G003676,2022-02
2108,R002623,G000602,2022-02
2109,R002624,G000725,2022-02
2110,R002625,G002490,2022-02
2111,R002626,G004458,2022-02
2112,R002627,G005084,2022-02
2113,R002628,G000502,2022-02
2114,R002629,G001670,2022-02
2115,R002630,G003172,2022-02
2116,R002631,G002604,2022-02
2117,R002632,G003643,2022-02
2118,R002633,G000553,2022-02
2119,R002634,G000003,2022-02
2120,R002635,G002554,2022-02
2121,R002636,G004565,2022-02
2122,R002637,G002987,2022-02
2123,R002638,G001229,2022-02
2124,R002639,G004469,2022-02
2125,R002640,G001437,2022-02
2126,R002641,G000631,2022-02
2127,R002642,G001809,2022-02
2128,R002643,G004831,2022-02
2129,R002644,G004766,2022-02
2130,R002645,G003126,2022-02
2131,R002646,G002927,2022-02
2132,R002647,G004404,2022-02
2133,R002648,G001376,2022-02
2134,R002649,G003621,2022-02
2135,R002650,G002199,2022-02
2136,R002651,G002974,2022-02
2137,R002652,G004176,2022-02
2138,R002653,G003632,2022-02
2139,R002654,G003775,2022-02
2140,R002655,G002508,2022-02
2141,R002656,G004643,2022-02
2142,R002657,G004895,2022-02
2143,R002658,G004643,2022-02
2144,R002659,G004726,2022-02
2145,R002660,G004197,2022-02
2146,R002661,G004342,2022-02
2147,R002662,G004643,2022-02
2148,R002663,G003537,2022-02
2149,R002664,G001064,2022-02
2150,R002665,G000971,2022-02
2151,R002666,G002499,2022-02
2152,R002667,G004643,2022-02
2153,R002668,G003984,2022-02
2154,R002669,G004643,2022-02
2155,R002670,G002778,2022-02
2156,R002671,G001418,2022-02
2157,R002672,G000828,2022-02
2158,R002673,G001025,2022-02
2159,R002674,G000028,2022-02
2160,R002675,G004486,2022-02
2161,R002676,G000658,2022-02
2162,R002677,G003755,2022-02
2163,R002678,G003739,2022-02
2164,R002679,G003924,2022-02
2165,R002680,G000325,2022-02
2166,R002681,G005048,2022-02
2167,R002682,G004139,2022-02
2168,R002683,G000517,2022-02
2169,R002684,G001985,2022-02
2170,R002685,G004366,2022-02
2171,R002686,G000280,2022-02
2172,R002687,G003980,2022-02
2173,R002688,G002769,2022-02
2174,R002689,G004739,2022-02
2175,R002690,G001009,2022-02
2176,R002691,G002642,2022-02
2177,R002692,G003781,2022-02
2178,R002693,G002384,2022-02
2179,R002694,G002300,2022-02
2180,R002695,G003362,2022-02
2181,R002696,G000536,2022-02
2182,R002697,G003785,2022-02
2183,R002698,G002426,2022-02
2184,R002699,G004806,2022-02
2185,R002700,G000347,2022-02
2186,R002701,G002428,2022-02
2187,R002702,G000012,2022-02
2188,R002703,G004951,2022-02
2189,R002704,G003315,2022-02
2190,R002705,G001053,2022-02
2191,R002706,G000344,2022-02
2192,R002707,G002041,2022-02
2193,R002708,G003193,2022-02
2194,R002709,G001401,2022-02
2195,R002710,G004836,2022-02
2196,R002711,G003273,2022-02
2197,R002712,G002633,2022-02
2198,R002713,G002776,2022-02
2199,R002714,G000985,2022-02
2200,R002715,G002353,2022-02
2201,R002716,G005130,2022-02
2202,R002717,G004118,2022-02
2203,R002718,G005383,2022-02
2204,R002719,G001750,2022-02
2205,R002720,G002710,2022-02
2206,R002721,G003668,2022-02
2207,R002722,G003696,2022-02
2208,R002723,G002284,2022-02
2209,R002724,G003717,2022-02
2210,R002725,G005163,2022-02
2211,R002726,G003789,2022-02
2212,R002727,G000458,2022-02
2213,R002728,G001708,2022-02
2214,R002729,G001987,2022-02
2215,R002730,G001698,2022-02
2216,R002731,G001340,2022-02
2217,R002732,G001098,2022-02
2218,R002733,G002223,2022-02
2219,R002734,G002686,2022-02
2220,R002735,G004371,2022-02
2221,R002736,G002044,2022-02
2222,R002737,G004142,2022-02
2223,R002738,G005285,2022-02
2224,R002739,G004913,2022-02
2225,R002740,G004720,2022-02
2226,R002741,G001329,2022-02
2227,R002742,G003848,2022-02
2228,R002743,G004805,2022-02
2229,R002744,G003357,2022-02
2230,R002745,G003097,2022-02
2231,R002746,G004262,2022-02
2232,R002747,G002572,2022-02
2233,R002748,G001190,2022-02
2234,R002749,G002946,2022-02
2235,R002750,G000349,2022-02
2236,R002751,G004097,2022-02
2237,R002752,G003748,2022-02
2238,R002753,G001728,2022-02
2239,R002754,G003217,2022-02
2240,R002755,G004703,2022-02
2241,R002756,G004466,2022-02
2242,R002757,G002985,2022-02
2243,R002758,G000734,2022-02
2244,R002759,G004795,2022-02
2245,R002760,G004937,2022-02
2246,R002761,G004190,2022-02
2247,R002762,G001640,2022-02
2248,R002763,G000803,2022-02
2249,R002764,G004451,2022-02
2250,R002765,G003437,2022-02
2251,R002766,G000958,2022-02
2252,R002767,G003321,2022-02
2253,R002768,G002421,2022-02
2254,R002769,G004073,2022-02
2255,R002770,G003137,2022-02
2256,R002771,G003168,2022-02
2257,R002772,G001969,2022-02
2258,R002773,G000860,2022-02
2259,R002774,G003929,2022-02
2260,R002775,G000316,2022-02
2261,R002776,G005381,2022-02
2262,R002777,G002698,2022-02
2263,R002778,G003372,2022-02
2264,R002779,G004823,2022-02
2265,R002780,G001516,2022-02
2266,R002781,G003153,2022-02
2267,R002782,G001133,2022-02
2268,R002783,G000546,2022-02
2269,R002784,G003606,2022-02
2270,R002785,G000920,2022-02
2271,R002786,G004960,2022-02
2272,R002787,G002948,2022-02
2273,R002788,G000800,2022-02
2274,R002789,G005263,2022-02
2275,R002790,G003440,2022-02
2276,R002791,G004082,2022-02
2277,R002792,G004289,2022-02
2278,R002793,G003267,2022-02
2279,R002794,G001356,2022-02
2280,R002795,G000355,2022-02
2281,R002796,G003417,2022-02
2282,R002797,G004714,2022-02
2283,R002798,G002681,2022-02
2284,R002799,G003800,2022-02
2285,R002800,G000718,2022-02
2286,R002801,G002072,2022-02
2287,R002802,G003636,2022-02
2288,R002803,G001971,2022-02
2289,R002804,G003001,2022-02
2290,R002805,G000704,2022-02
2291,R002806,G004569,2022-02
2292,R002807,G002244,2022-02
2293,R002808,G001342,2022-02
2294,R002809,G002203,2022-02
2295,R002810,G001695,2022-02
2296,R002811,G003087,2022-02
2297,R002812,G000212,2022-02
2298,R002813,G004510,2022-02
2299,R002814,G002711,2022-02
2300,R002815,G003550,2022-02
2301,R002816,G004319,2022-02
2302,R002817,G004503,2022-02
2303,R002818,G004125,2022-02
2304,R002819,G003433,2022-02
2305,R002820,G004550,2022-02
2306,R002821,G002940,2022-02
2307,R002822,G005009,2022-02
2308,R002823,G003964,2022-02
2309,R002824,G000660,2022-02
2310,R002825,G001343,2022-02
2311,R002826,G002699,2022-02
2312,R002827,G000108,2022-02
2313,R002828,G004559,2022-02
2314,R002829,G000414,2022-02
2315,R002830,G002920,2022-02
2316,R002831,G000773,2022-02
2317,R002832,G004174,2022-02
2318,R002833,G002813,2022-02
2319,R002834,G001011,2022-02
2320,R002835,G003724,2022-02
2321,R002836,G005006,2022-02
2322,R002837,G002182,2022-02
2323,R002838,G004731,2022-02
2324,R002839,G000770,2022-02
2325,R002840,G004460,2022-02
2326,R002841,G001058,2022-02
2327,R002842,G004612,2022-02
2328,R002843,G005247,2022-02
2329,R002844,G002127,2022-02
2330,R002845,G000583,2022-02
2331,R002846,G002804,2022-02
2332,R002847,G002347,2022-02
2333,R002848,G005349,2022-02
2334,R002849,G001599,2022-02
2335,R002850,G001977,2022-02
2336,R002851,G001893,2022-02
2337,R002852,G000048,2022-02
2338,R002853,G000411,2022-02
2339,R002854,G000130,2022-02
2340,R002855,G002905,2022-02
2341,R002856,G005008,2022-02
2342,R002857,G004876,2022-02
2343,R002858,G004579,2022-02
2344,R002859,G004940,2022-02
2345,R002860,G004070,2022-02
2346,R002861,G000251,2022-02
2347,R002862,G002486,2022-02
2348,R002863,G002553,2022-02
2349,R002864,G004076,2022-02
2350,R002865,G005392,2022-02
2351,R002866,G000917,2022-02
2352,R002867,G004737,2022-02
2353,R002868,G002300,2022-02
2354,R002869,G000159,2022-02
2355,R002870,G003767,2022-02
2356,R002871,G005317,2022-02
2357,R002872,G001831,2022-02
2358,R002873,G001554,2022-02
2359,R002874,G002963,2022-02
2360,R002875,G000145,2022-02
2361,R002876,G005253,2022-02
2362,R002877,G004622,2022-02
2363,R002878,G001917,2022-02
2364,R002879,G002086,2022-02
2365,R002880,G000996,2022-02
2366,R005201,G005393,2022-02
2367,R005202,G000127,2022-02
2368,R005203,G005170,2022-02
2369,R005204,G004755,2022-02
2370,R005205,G003593,2022-02
2371,R005206,G001872,2022-02
2372,R005207,G001270,2022-02
2373,R005208,G005143,2022-02
2374,R005209,G003552,2022-02
2375,R005210,G003502,2022-02
2376,R005211,G001929,2022-02
2377,R005212,G002313,2022-02
2378,R005213,G003745,2022-02
2379,R005214,G004515,2022-02
2380,R005215,G001307,2022-02
2381,R005216,G005183,2022-02
2382,R005217,G004875,2022-02
2383,R005218,G003604,2022-02
2384,R005219,G002702,2022-02
2385,R005220,G000026,2022-02
2386,R005221,G002065,2022-02
2387,R005222,G002790,2022-02
2388,R005223,G003747,2022-02
2389,R005224,G002945,2022-02
2390,R005225,G003551,2022-02
2391,R005226,G001082,2022-02
2392,R005227,G001996,2022-02
2393,R005228,G000781,2022-02
2394,R005229,G000564,2022-02
2395,R005230,G001425,2022-02
2396,R005231,G004950,2022-02
2397,R005232,G000588,2022-02
2398,R005233,G003888,2022-02
2399,R005234,G003579,2022-02
2400,R005235,G002783,2022-02
2401,R005236,G003095,2022-02
2402,R005237,G002989,2022-02
2403,R005238,G002179,2022-02
2404,R005239,G000562,2022-02
2405,R005240,G000478,2022-02
2406,R005241,G000919,2022-02
2407,R005242,G001385,2022-02
2408,R005243,G001925,2022-02
2409,R005244,G003659,2022-02
2410,R005245,G000019,2022-02
2411,R005246,G002664,2022-02
2412,R005247,G001475,2022-02
2413,R005248,G000250,2022-02
2414,R005249,G003040,2022-02
2415,R005250,G005064,2022-02
2416,R005251,G002351,2022-02
2417,R005252,G004452,2022-02
2418,R005253,G000264,2022-02
2419,R005254,G004771,2022-02
2420,R005255,G003074,2022-02
2421,R005256,G002809,2022-02
2422,R005257,G001312,2022-02
2423,R005258,G003370,2022-02
2424,R005259,G003825,2022-02
2425,R005260,G004998,2022-02
2426,R005261,G001371,2022-02
2427,R005262,G004926,2022-02
2428,R005263,G003472,2022-02
2429,R005264,G004686,2022-02
2430,R005265,G003720,2022-02
2431,R005266,G003005,2022-02
2432,R005267,G002148,2022-02
2433,R005268,G003400,2022-02
2434,R005269,G000289,2022-02
2435,R005270,G000508,2022-02
2436,R005271,G004520,2022-02
2437,R005272,G003199,2022-02
2438,R005273,G000619,2022-02
2439,R005274,G000685,2022-02
2440,R005275,G001864,2022-02
2441,R005276,G000801,2022-02
2442,R005277,G004829,2022-02
2443,R005278,G002375,2022-02
2444,R005279,G005366,2022-02
2445,R005280,G001365,2022-02
2446,R005281,G004009,2022-02
2447,R005282,G002410,2022-02
2448,R005283,G001089,2022-02
2449,R005284,G004671,2022-02
2450,R005285,G001533,2022-02
2451,R005286,G001823,2022-02
2452,R005287,G003657,2022-02
2453,R005288,G002739,2022-02
2454,R005289,G004730,2022-02
2455,R005290,G002050,2022-02
2456,R005291,G002058,2022-02
2457,R005292,G005320,2022-02
2458,R005293,G002364,2022-02
2459,R005294,G001826,2022-02
2460,R005295,G003967,2022-02
2461,R005296,G002832,2022-02
2462,R005297,G000343,2022-02
2463,R005298,G003515,2022-02
2464,R005299,G001107,2022-02
2465,R005300,G003392,2022-02
2466,R005301,G004251,2022-02
2467,R005302,G002688,2022-02
2468,R005303,G000955,2022-02
2469,R005304,G005133,2022-02
2470,R005305,G001137,2022-02
2471,R005306,G003078,2022-02
2472,R005307,G002492,2022-02
2473,R005308,G004484,2022-02
2474,R005309,G003402,2022-02
2475,R005310,G002601,2022-02
2476,R005311,G004199,2022-02
2477,R005312,G001625,2022-02
2478,R005313,G005361,2022-02
2479,R005314,G004322,2022-02
2480,R005315,G001609,2022-02
2481,R005316,G001765,2022-02
2482,R005317,G000489,2022-02
2483,R005318,G001953,2022-02
2484,R005319,G004618,2022-02
2485,R005320,G000372,2022-02
2486,R005321,G002501,2022-02
2487,R005322,G001979,2022-02
2488,R005323,G000467,2022-02
2489,R005324,G002017,2022-02
2490,R005325,G004071,2022-02
2491,R005326,G001768,2022-02
2492,R005327,G004799,2022-02
2493,R005328,G004177,2022-02
2494,R005329,G001369,2022-02
2495,R005330,G000902,2022-02
2496,R005331,G001339,2022-02
2497,R005332,G002048,2022-02
2498,R005333,G000481,2022-02
2499,R005334,G000460,2022-02
2500,R005335,G004497,2022-02
2501,R005336,G004654,2022-02
2502,R005337,G002097,2022-02
2503,R005338,G001171,2022-02
2504,R005339,G002250,2022-02
2505,R005340,G004011,2022-02
2506,R005341,G004333,2022-02
2507,R005342,G001317,2022-02
2508,R005343,G001288,2022-02
2509,R005344,G001774,2022-02
2510,R005345,G002886,2022-02
2511,R005346,G002953,2022-02
2512,R005347,G002764,2022-02
2513,R005348,G002723,2022-02
2514,R005349,G000604,2022-02
2515,R005350,G002441,2022-02
2516,R005351,G005225,2022-02
2517,R005352,G005146,2022-02
2518,R005353,G002078,2022-02
2519,R005354,G000913,2022-02
2520,R005355,G001145,2022-02
2521,R005356,G004235,2022-02
2522,R005357,G001006,2022-02
2523,R005358,G004169,2022-02
2524,R005359,G001598,2022-02
2525,R005360,G001988,2022-02
2526,R005361,G004863,2022-02
2527,R005362,G003963,2022-02
2528,R005363,G001243,2022-02
2529,R005364,G001130,2022-02
2530,R005365,G000358,2022-02
2531,R005366,G004141,2022-02
2532,R005367,G001995,2022-02
2533,R005368,G004193,2022-02
2534,R005369,G003160,2022-02
2535,R005370,G001463,2022-02
2536,R005371,G001725,2022-02
2537,R005372,G001706,2022-02
2538,R005373,G002306,2022-02
2539,R005374,G004981,2022-02
2540,R005375,G000487,2022-02
2541,R005376,G003998,2022-02
2542,R005377,G000364,2022-02
2543,R005378,G004045,2022-02
2544,R005379,G001021,2022-02
2545,R005380,G001021,2022-02
2546,R005381,G002587,2022-02
2547,R005382,G004434,2022-02
2548,R005383,G001653,2022-02
2549,R005384,G003292,2022-02
2550,R005385,G001573,2022-02
2551,R005386,G001015,2022-02
2552,R005387,G005218,2022-02
2553,R005388,G000975,2022-02
2554,R005389,G004138,2022-02
2555,R005390,G004624,2022-02
2556,R005391,G003332,2022-02
2557,R005392,G002288,2022-02
2558,R005393,G001241,2022-02
2559,R005394,G002650,2022-02
2560,R005395,G004028,2022-02
2561,R005396,G004267,2022-02
2562,R005397,G004577,2022-02
2563,R005398,G000697,2022-02
2564,R005399,G000088,2022-02
2565,R005400,G000944,2022-02
2566,R005401,G001234,2022-02
2567,R005402,G004093,2022-02
2568,R005403,G004706,2022-02
2569,R005404,G000442,2022-02
2570,R005405,G002530,2022-02
2571,R005406,G001793,2022-02
2572,R005407,G001778,2022-02
2573,R005408,G003114,2022-02
2574,R005409,G000257,2022-02
2575,R005410,G005083,2022-02
2576,R005411,G004595,2022-02
2577,R005412,G003729,2022-02
2578,R005413,G002217,2022-02
2579,R005414,G002395,2022-02
2580,R005415,G000676,2022-02
2581,R005416,G001718,2022-02
2582,R005417,G004647,2022-02
2583,R005418,G000377,2022-02
2584,R005419,G000626,2022-02
2585,R005420,G003884,2022-02
2586,R005421,G003468,2022-02
2587,R005422,G001100,2022-02
2588,R005423,G002342,2022-02
2589,R005424,G000225,2022-02
2590,R005425,G003666,2022-02
2591,R001070,G005044,2022-08
2592,R001071,G002655,2022-08
2593,R001072,G002312,2022-08
2594,R001073,G001325,2022-08
2595,R001074,G002240,2022-08
2596,R001075,G001847,2022-08
2597,R001076,G000326,2022-08
2598,R001077,G003212,2022-08
2599,R001078,G004897,2022-08
2600,R001079,G002155,2022-08
2601,R001080,G001894,2022-08
2602,R001081,G000290,2022-08
2603,R001082,G004596,2022-08
2604,R001083,G004702,2022-08
2605,R001084,G004660,2022-08
2606,R001085,G002237,2022-08
2607,R001086,G004626,2022-08
2608,R001087,G002959,2022-08
2609,R001088,G000293,2022-08
2610,R001089,G000581,2022-08
2611,R001090,G001305,2022-08
2612,R001091,G000040,2022-08
2613,R001092,G005228,2022-08
2614,R001093,G000056,2022-08
2615,R001094,G001835,2022-08
2616,R001095,G001587,2022-08
2617,R001096,G005034,2022-08
2618,R001097,G003053,2022-08
2619,R001098,G004758,2022-08
2620,R001099,G002350,2022-08
2621,R001100,G001643,2022-08
2622,R001101,G004564,2022-08
2623,R001102,G000241,2022-08
2624,R001103,G000317,2022-08
2625,R001104,G004592,2022-08
2626,R001105,G003380,2022-08
2627,R001106,G001377,2022-08
2628,R001107,G002950,2022-08
2629,R001108,G003366,2022-08
2630,R001109,G002949,2022-08
2631,R001110,G001804,2022-08
2632,R001111,G004392,2022-08
2633,R001112,G004862,2022-08
2634,R001113,G000373,2022-08
2635,R001114,G004692,2022-08
2636,R001115,G000018,2022-08
2637,R001116,G004351,2022-08
2638,R001117,G001361,2022-08
2639,R001118,G002267,2022-08
2640,R001119,G002848,2022-08
2641,R001120,G002722,2022-08
2642,R001121,G005125,2022-08
2643,R001122,G001316,2022-08
2644,R001123,G003098,2022-08
2645,R001124,G004376,2022-08
2646,R001125,G004563,2022-08
2647,R001126,G003937,2022-08
2648,R001127,G000044,2022-08
2649,R001128,G004359,2022-08
2650,R001129,G004044,2022-08
2651,R001130,G003949,2022-08
2652,R001131,G005382,2022-08
2653,R001132,G000979,2022-08
2654,R001133,G003222,2022-08
2655,R001134,G004555,2022-08
2656,R001135,G002202,2022-08
2657,R001136,G001656,2022-08
2658,R001137,G002465,2022-08
2659,R001138,G001331,2022-08
2660,R001139,G002175,2022-08
2661,R001140,G004723,2022-08
2662,R001141,G001304,2022-08
2663,R001142,G001196,2022-08
2664,R001143,G000133,2022-08
2665,R001144,G003723,2022-08
2666,R001145,G003331,2022-08
2667,R001146,G003065,2022-08
2668,R001147,G002900,2022-08
2669,R001148,G000183,2022-08
2670,R001149,G005286,2022-08
2671,R001150,G003033,2022-08
2672,R001151,G005001,2022-08
2673,R001152,G005237,2022-08
2674,R001153,G001419,2022-08
2675,R001154,G000208,2022-08
2676,R001155,G002006,2022-08
2677,R001156,G001355,2022-08
2678,R001157,G000330,2022-08
2679,R001158,G004390,2022-08
2680,R001159,G001213,2022-08
2681,R001160,G002402,2022-08
2682,R001161,G001063,2022-08
2683,R001162,G000689,2022-08
2684,R001163,G001174,2022-08
2685,R001164,G000879,2022-08
2686,R001165,G002534,2022-08
2687,R001166,G004238,2022-08
2688,R001167,G003712,2022-08
2689,R001168,G004861,2022-08
2690,R001169,G002938,2022-08
2691,R001170,G003559,2022-08
2692,R001171,G000587,2022-08
2693,R001172,G001771,2022-08
2694,R001173,G004856,2022-08
2695,R001174,G002648,2022-08
2696,R001175,G001553,2022-08
2697,R001176,G003252,2022-08
2698,R001177,G004860,2022-08
2699,R001178,G004581,2022-08
2700,R001179,G005082,2022-08
2701,R001180,G004042,2022-08
2702,R001181,G003867,2022-08
2703,R001182,G004225,2022-08
2704,R001183,G005047,2022-08
2705,R001184,G001733,2022-08
2706,R001185,G005333,2022-08
2707,R001186,G002360,2022-08
2708,R001187,G004395,2022-08
2709,R001188,G004464,2022-08
2710,R001189,G003156,2022-08
2711,R001190,G001247,2022-08
2712,R001191,G000382,2022-08
2713,R001192,G003603,2022-08
2714,R001193,G004246,2022-08
2715,R001194,G004161,2022-08
2716,R001195,G002303,2022-08
2717,R001196,G000643,2022-08
2718,R001197,G003561,2022-08
2719,R001198,G001904,2022-08
2720,R001199,G004054,2022-08
2721,R001200,G003265,2022-08
2722,R001201,G003046,2022-08
2723,R001202,G002884,2022-08
2724,R001203,G003769,2022-08
2725,R001204,G001373,2022-08
2726,R001205,G004738,2022-08
2727,R001206,G000681,2022-08
2728,R001207,G000169,2022-08
2729,R001208,G003414,2022-08
2730,R001209,G004430,2022-08
2731,R001210,G003248,2022-08
2732,R001211,G003687,2022-08
2733,R001212,G001427,2022-08
2734,R001213,G001717,2022-08
2735,R001214,G004214,2022-08
2736,R001215,G004271,2022-08
2737,R001216,G001854,2022-08
2738,R001217,G001086,2022-08
2739,R001218,G001077,2022-08
2740,R001219,G003349,2022-08
2741,R001220,G003655,2022-08
2742,R001221,G001049,2022-08
2743,R001222,G004144,2022-08
2744,R001223,G001104,2022-08
2745,R001224,G004699,2022-08
2746,R001225,G005243,2022-08
2747,R001226,G003947,2022-08
2748,R001227,G004894,2022-08
2749,R001228,G003129,2022-08
2750,R001229,G001400,2022-08
2751,R001230,G005407,2022-08
2752,R001231,G001447,2022-08
2753,R001232,G002861,2022-08
2754,R001233,G001871,2022-08
2755,R001234,G001471,2022-08
2756,R001235,G001488,2022-08
2757,R001236,G000950,2022-08
2758,R001237,G003157,2022-08
2759,R001238,G005015,2022-08
2760,R001239,G005141,2022-08
2761,R001240,G000303,2022-08
2762,R001241,G003591,2022-08
2763,R001242,G001022,2022-08
2764,R001243,G003804,2022-08
2765,R001244,G005204,2022-08
2766,R001245,G001742,2022-08
2767,R001246,G001504,2022-08
2768,R001247,G000178,2022-08
2769,R001248,G005201,2022-08
2770,R001249,G004884,2022-08
2771,R001250,G005193,2022-08
2772,R001251,G002904,2022-08
2773,R001252,G004857,2022-08
2774,R001253,G002186,2022-08
2775,R001254,G001101,2022-08
2776,R001255,G000605,2022-08
2777,R001256,G000794,2022-08
2778,R001257,G004012,2022-08
2779,R001258,G000058,2022-08
2780,R001259,G005270,2022-08
2781,R001260,G004732,2022-08
2782,R001261,G001258,2022-08
2783,R001262,G000535,2022-08
2784,R001263,G003051,2022-08
2785,R001264,G002398,2022-08
2786,R001265,G005159,2022-08
2787,R001266,G002544,2022-08
2788,R001267,G003562,2022-08
2789,R001268,G002177,2022-08
2790,R001269,G002090,2022-08
2791,R001270,G001918,2022-08
2792,R001271,G005386,2022-08
2793,R001272,G003644,2022-08
2794,R001273,G000839,2022-08
2795,R001274,G002668,2022-08
2796,R001275,G003829,2022-08
2797,R001276,G000661,2022-08
2798,R001277,G004653,2022-08
2799,R001278,G001585,2022-08
2800,R001279,G004021,2022-08
2801,R001280,G002319,2022-08
2802,R001281,G003505,2022-08
2803,R001282,G001041,2022-08
2804,R001283,G002236,2022-08
2805,R001284,G002654,2022-08
2806,R001285,G004813,2022-08
2807,R001286,G002544,2022-08
2808,R001287,G004901,2022-08
2809,R001288,G000239,2022-08
2810,R001289,G003205,2022-08
2811,R001290,G003463,2022-08
2812,R001291,G004847,2022-08
2813,R001292,G001120,2022-08
2814,R001293,G004060,2022-08
2815,R001294,G003847,2022-08
2816,R001295,G000211,2022-08
2817,R001296,G000201,2022-08
2818,R001297,G005026,2022-08
2819,R001298,G002544,2022-08
2820,R001299,G003660,2022-08
2821,R001300,G000951,2022-08
2822,R001301,G005316,2022-08
2823,R001302,G001949,2022-08
2824,R001303,G003334,2022-08
2825,R001304,G005198,2022-08
2826,R001305,G000538,2022-08
2827,R001306,G004307,2022-08
2828,R001307,G002324,2022-08
2829,R001308,G001211,2022-08
2830,R001309,G003734,2022-08
2831,R001310,G002746,2022-08
2832,R001311,G004049,2022-08
2833,R001312,G000934,2022-08
2834,R001313,G005217,2022-08
2835,R001314,G000346,2022-08
2836,R001315,G003143,2022-08
2837,R001316,G003466,2022-08
2838,R001317,G003423,2022-08
2839,R001318,G001274,2022-08
2840,R001319,G003075,2022-08
2841,R001320,G002715,2022-08
2842,R001321,G004294,2022-08
2843,R001322,G004545,2022-08
2844,R001323,G000621,2022-08
2845,R001324,G003931,2022-08
2846,R001325,G004991,2022-08
2847,R001326,G004909,2022-08
2848,R001327,G000496,2022-08
2849,R001328,G002234,2022-08
2850,R001329,G001767,2022-08
2851,R001330,G004338,2022-08
2852,R001331,G001113,2022-08
2853,R001332,G001139,2022-08
2854,R001333,G004694,2022-08
2855,R001334,G001337,2022-08
2856,R001335,G003219,2022-08
2857,R001336,G002700,2022-08
2858,R001337,G004183,2022-08
2859,R001338,G001394,2022-08
2860,R001339,G000375,2022-08
2861,R001340,G003903,2022-08
2862,R001341,G003741,2022-08
2863,R001342,G001822,2022-08
2864,R001343,G000282,2022-08
2865,R001344,G001202,2022-08
2866,R001345,G003182,2022-08
2867,R001346,G000918,2022-08
2868,R001347,G000684,2022-08
2869,R001348,G004963,2022-08
2870,R001349,G001586,2022-08
2871,R001350,G001812,2022-08
2872,R001351,G003445,2022-08
2873,R001352,G002916,2022-08
2874,R001353,G004817,2022-08
2875,R001354,G003014,2022-08
2876,R001355,G002805,2022-08
2877,R001356,G004700,2022-08
2878,R001357,G003355,2022-08
2879,R001358,G001430,2022-08
2880,R001359,G001332,2022-08
2881,R001360,G005280,2022-08
2882,R001361,G004360,2022-08
2883,R001362,G004883,2022-08
2884,R001363,G000340,2022-08
2885,R001364,G002082,2022-08
2886,R001365,G000636,2022-08
2887,R001366,G003749,2022-08
2888,R001367,G004196,2022-08
2889,R001368,G005299,2022-08
2890,R001369,G001700,2022-08
2891,R001370,G004889,2022-08
2892,R001371,G004364,2022-08
2893,R001372,G003245,2022-08
2894,R001373,G004380,2022-08
2895,R001374,G005281,2022-08
2896,R001375,G003379,2022-08
2897,R001376,G003653,2022-08
2898,R001377,G000910,2022-08
2899,R001378,G002282,2022-08
2900,R001379,G003969,2022-08
2901,R001380,G002206,2022-08
2902,R001381,G001937,2022-08
2903,R001382,G001210,2022-08
2904,R001383,G002505,2022-08
2905,R001384,G004519,2022-08
2906,R001385,G005341,2022-08
2907,R001386,G000628,2022-08
2908,R001387,G004947,2022-08
2909,R001388,G001503,2022-08
2910,R001389,G005368,2022-08
2911,R001390,G001818,2022-08
2912,R001391,G004206,2022-08
2913,R001392,G002675,2022-08
2914,R001393,G000498,2022-08
2915,R001394,G001567,2022-08
2916,R001395,G003725,2022-08
2917,R001396,G001641,2022-08
2918,R001397,G004678,2022-08
2919,R001398,G002957,2022-08
2920,R001399,G004953,2022-08
2921,R001400,G001730,2022-08
2922,R001401,G001538,2022-08
2923,R001402,G000844,2022-08
2924,R001403,G001806,2022-08
2925,R001404,G000887,2022-08
2926,R001405,G000717,2022-08
2927,R001406,G001225,2022-08
2928,R001407,G001013,2022-08
2929,R001408,G005120,2022-08
2930,R001409,G001964,2022-08
2931,R001410,G005179,2022-08
2932,R001411,G000872,2022-08
2933,R001412,G003294,2022-08
2934,R001413,G002161,2022-08
2935,R001414,G002475,2022-08
2936,R001415,G004742,2022-08
2937,R001416,G004521,2022-08
2938,R001417,G000731,2022-08
2939,R001418,G001566,2022-08
2940,R001419,G000105,2022-08
2941,R001420,G005030,2022-08
2942,R001421,G001685,2022-08
2943,R001422,G001296,2022-08
2944,R001423,G000940,2022-08
2945,R001424,G002175,2022-08
2946,R001425,G000104,2022-08
2947,R001426,G005259,2022-08
2948,R001427,G000805,2022-08
2949,R001428,G003506,2022-08
2950,R001429,G004752,2022-08
2951,R001430,G004467,2022-08
2952,R001431,G004854,2022-08
2953,R001432,G004810,2022-08
2954,R001433,G000337,2022-08
2955,R001434,G002001,2022-08
2956,R001435,G002356,2022-08
2957,R001436,G000674,2022-08
2958,R001437,G002725,2022-08
2959,R001438,G000393,2022-08
2960,R001439,G003597,2022-08
2961,R001440,G004843,2022-08
2962,R001441,G000407,2022-08
2963,R001442,G002510,2022-08
2964,R001443,G004164,2022-08
2965,R001444,G000187,2022-08
2966,R001445,G004478,2022-08
2967,R001446,G003678,2022-08
2968,R001447,G003090,2022-08
2969,R001448,G001422,2022-08
2970,R001449,G000300,2022-08
2971,R001450,G005279,2022-08
2972,R001451,G002800,2022-08
2973,R001452,G001662,2022-08
2974,R001453,G005077,2022-08
2975,R001454,G002909,2022-08
2976,R001455,G004709,2022-08
2977,R001456,G004236,2022-08
2978,R001457,G002503,2022-08
2979,R001458,G003735,2022-08
2980,R001459,G001754,2022-08
2981,R001460,G004921,2022-08
2982,R001461,G003082,2022-08
2983,R001462,G000244,2022-08
2984,R001463,G003539,2022-08
2985,R001464,G002079,2022-08
2986,R001465,G004844,2022-08
2987,R001466,G001007,2022-08
2988,R001467,G000147,2022-08
2989,R001468,G002807,2022-08
2990,R001469,G005061,2022-08
2991,R001470,G002502,2022-08
2992,R001471,G000468,2022-08
2993,R001472,G004853,2022-08
2994,R001473,G003624,2022-08
2995,R001474,G005036,2022-08
2996,R001475,G001116,2022-08
2997,R001476,G003099,2022-08
2998,R001477,G003630,2022-08
2999,R001478,G001755,2022-08
3000,R001479,G002061,2022-08
3001,R001480,G000933,2022-08
3002,R001481,G002365,2022-08
3003,R001482,G003393,2022-08
3004,R001483,G000987,2022-08
3005,R001484,G004523,2022-08
3006,R001485,G003991,2022-08
3007,R001486,G003594,2022-08
3008,R001487,G000700,2022-08
3009,R001488,G003285,2022-08
3010,R001489,G000707,2022-08
3011,R001490,G005214,2022-08
3012,R001491,G001796,2022-08
3013,R001492,G004927,2022-08
3014,R001493,G005322,2022-08
3015,R001494,G003102,2022-08
3016,R001495,G003198,2022-08
3017,R001496,G001372,2022-08
3018,R001497,G002481,2022-08
3019,R001498,G002878,2022-08
3020,R001499,G000993,2022-08
3021,R001500,G002150,2022-08
3022,R001501,G002834,2022-08
3023,R001502,G005222,2022-08
3024,R001503,G005018,2022-08
3025,R001504,G004382,2022-08
3026,R001505,G000278,2022-08
3027,R001506,G001857,2022-08
3028,R001507,G003247,2022-08
3029,R001508,G001859,2022-08
3030,R001509,G005302,2022-08
3031,R001510,G004760,2022-08
3032,R001511,G001702,2022-08
3033,R001512,G000966,2022-08
3034,R001513,G000243,2022-08
3035,R001514,G002637,2022-08
3036,R001515,G001472,2022-08
3037,R001516,G001851,2022-08
3038,R001517,G001207,2022-08
3039,R001518,G004305,2022-08
3040,R001519,G004505,2022-08
3041,R001520,G003545,2022-08
3042,R001521,G002883,2022-08
3043,R001522,G002517,2022-08
3044,R001523,G004462,2022-08
3045,R001524,G000555,2022-08
3046,R001525,G003987,2022-08
3047,R001526,G002586,2022-08
3048,R001527,G000747,2022-08
3049,R001528,G000299,2022-08
3050,R001529,G005113,2022-08
3051,R001530,G001459,2022-08
3052,R001531,G005037,2022-08
3053,R001532,G004083,2022-08
3054,R001533,G000448,2022-08
3055,R001534,G000820,2022-08
3056,R001535,G001399,2022-08
3057,R001536,G000090,2022-08
3058,R001537,G001563,2022-08
3059,R001538,G003015,2022-08
3060,R001539,G000306,2022-08
3061,R001540,G000497,2022-08
3062,R001541,G002019,2022-08
3063,R001542,G000778,2022-08
3064,R001543,G002656,2022-08
3065,R001544,G003810,2022-08
3066,R001545,G002958,2022-08
3067,R001546,G004811,2022-08
3068,R001547,G000724,2022-08
3069,R001548,G001784,2022-08
3070,R001549,G003404,2022-08
3071,R001550,G005387,2022-08
3072,R001551,G005066,2022-08
3073,R001552,G003104,2022-08
3074,R001553,G002853,2022-08
3075,R001554,G001185,2022-08
3076,R001555,G000603,2022-08
3077,R001556,G001040,2022-08
3078,R001557,G000153,2022-08
3079,R001558,G002052,2022-08
3080,R001559,G001852,2022-08
3081,R001560,G003746,2022-08
3082,R001561,G001738,2022-08
3083,R001562,G002304,2022-08
3084,R001563,G004257,2022-08
3085,R001564,G004750,2022-08
3086,R001565,G005011,2022-08
3087,R001566,G004202,2022-08
3088,R001567,G001770,2022-08
3089,R001568,G005173,2022-08
3090,R001569,G001453,2022-08
3091,R001570,G003817,2022-08
3092,R001571,G002983,2022-08
3093,R001572,G004303,2022-08
3094,R001573,G001741,2022-08
3095,R001574,G003681,2022-08
3096,R001575,G000068,2022-08
3097,R001576,G001761,2022-08
3098,R001577,G002630,2022-08
3099,R001578,G005360,2022-08
3100,R001579,G001766,2022-08
3101,R001580,G001916,2022-08
3102,R001581,G002644,2022-08
3103,R001582,G005207,2022-08
3104,R001583,G002255,2022-08
3105,R001584,G002346,2022-08
3106,R001585,G001395,2022-08
3107,R001586,G000764,2022-08
3108,R001587,G003508,2022-08
3109,R001588,G002979,2022-08
3110,R001589,G000729,2022-08
3111,R001590,G005019,2022-08
3112,R001591,G004140,2022-08
3113,R001592,G004487,2022-08
3114,R001593,G000835,2022-08
3115,R001594,G004994,2022-08
3116,R001595,G002716,2022-08
3117,R001596,G003122,2022-08
3118,R001597,G000488,2022-08
3119,R001598,G003818,2022-08
3120,R001599,G001947,2022-08
3121,R001600,G001442,2022-08
3122,R001601,G004516,2022-08
3123,R001602,G004441,2022-08
3124,R001603,G002999,2022-08
3125,R001604,G001111,2022-08
3126,R001605,G001199,2022-08
3127,R001606,G000129,2022-08
3128,R001607,G005040,2022-08
3129,R001608,G003759,2022-08
3130,R001609,G004572,2022-08
3131,R001610,G004659,2022-08
3132,R001611,G003826,2022-08
3133,R001612,G001537,2022-08
3134,R001613,G004279,2022-08
3135,R001614,G002638,2022-08
3136,R001615,G004930,2022-08
3137,R001616,G001407,2022-08
3138,R001617,G000116,2022-08
3139,R001618,G002130,2022-08
3140,R001619,G002818,2022-08
3141,R001620,G004052,2022-08
3142,R001621,G003081,2022-08
3143,R001622,G001477,2022-08
3144,R001623,G002337,2022-08
3145,R001624,G002775,2022-08
3146,R001625,G002407,2022-08
3147,R001626,G000608,2022-08
3148,R001627,G004106,2022-08
3149,R001628,G001792,2022-08
3150,R001629,G002479,2022-08
3151,R001630,G001257,2022-08
3152,R001631,G002084,2022-08
3153,R001632,G002010,2022-08
3154,R001633,G002767,2022-08
3155,R001634,G001405,2022-08
3156,R001635,G005257,2022-08
3157,R001636,G001144,2022-08
3158,R001637,G004163,2022-08
3159,R001638,G004421,2022-08
3160,R001639,G002112,2022-08
3161,R001640,G001276,2022-08
3162,R001641,G005401,2022-08
3163,R001642,G005029,2022-08
3164,R001643,G001259,2022-08
3165,R001644,G002459,2022-08
3166,R001645,G004908,2022-08
3167,R001646,G000334,2022-08
3168,R001647,G003138,2022-08
3169,R001648,G000192,2022-08
3170,R001649,G000682,2022-08
3171,R001650,G002483,2022-08
3172,R001651,G005358,2022-08
3173,R001652,G001406,2022-08
3174,R001653,G000766,2022-08
3175,R001654,G002466,2022-08
3176,R001655,G001178,2022-08
3177,R001656,G005058,2022-08
3178,R001657,G003146,2022-08
3179,R001658,G004790,2022-08
3180,R001659,G005235,2022-08
3181,R001660,G001636,2022-08
3182,R001661,G004116,2022-08
3183,R001662,G001435,2022-08
3184,R001663,G001832,2022-08
3185,R001664,G001318,2022-08
3186,R001665,G000923,2022-08
3187,R001666,G004378,2022-08
3188,R001667,G002435,2022-08
3189,R001668,G003532,2022-08
3190,R001669,G004492,2022-08
3191,R001670,G003405,2022-08
3192,R001671,G004080,2022-08
3193,R001672,G001721,2022-08
3194,R001673,G000736,2022-08
3195,R001674,G000762,2022-08
3196,R001675,G004255,2022-08
3197,R001676,G003244,2022-08
3198,R001677,G004256,2022-08
3199,R001678,G004440,2022-08
3200,R001679,G000461,2022-08
3201,R001680,G002297,2022-08
3202,R001681,G001333,2022-08
3203,R001682,G004453,2022-08
3204,R001683,G001801,2022-08
3205,R001684,G005105,2022-08
3206,R001685,G004018,2022-08
3207,R001686,G000671,2022-08
3208,R001687,G000298,2022-08
3209,R001688,G000318,2022-08
3210,R001689,G003056,2022-08
3211,R001690,G001135,2022-08
3212,R001691,G000131,2022-08
3213,R001692,G004110,2022-08
3214,R001693,G003008,2022-08
3215,R001694,G001544,2022-08
3216,R001695,G001378,2022-08
3217,R001696,G004616,2022-08
3218,R001697,G001866,2022-08
3219,R001698,G001161,2022-08
3220,R001699,G002831,2022-08
3221,R001700,G003062,2022-08
3222,R001701,G003809,2022-08
3223,R001702,G001237,2022-08
3224,R001703,G000082,2022-08
3225,R001704,G001559,2022-08
3226,R001705,G002026,2022-08
3227,R001706,G003237,2022-08
3228,R001707,G003509,2022-08
3229,R001708,G005045,2022-08
3230,R001709,G004527,2022-08
3231,R001710,G001973,2022-08
3232,R001711,G004792,2022-08
3233,R001712,G004873,2022-08
3234,R001713,G004436,2022-08
3235,R001714,G002708,2022-08
3236,R001715,G001409,2022-08
3237,R001716,G001480,2022-08
3238,R001717,G002994,2022-08
3239,R001718,G004674,2022-08
3240,R001719,G001282,2022-08
3241,R001720,G002935,2022-08
3242,R001721,G000945,2022-08
3243,R001722,G000412,2022-08
3244,R001723,G004586,2022-08
3245,R001724,G004384,2022-08
3246,R001725,G000594,2022-08
3247,R001726,G004293,2022-08
3248,R001727,G004004,2022-08
3249,R001728,G000438,2022-08
3250,R001729,G002039,2022-08
3251,R001730,G003823,2022-08
3252,R001731,G002042,2022-08
3253,R001732,G002388,2022-08
3254,R001733,G002768,2022-08
3255,R001734,G003088,2022-08
3256,R001735,G000227,2022-08
3257,R001736,G004547,2022-08
3258,R001737,G004712,2022-08
3259,R001738,G000231,2022-08
3260,R001739,G004827,2022-08
3261,R001740,G001975,2022-08
3262,R001741,G001273,2022-08
3263,R001742,G004219,2022-08
3264,R001743,G003467,2022-08
3265,R001744,G002694,2022-08
3266,R001745,G002218,2022-08
3267,R001746,G003319,2022-08
3268,R001747,G003186,2022-08
3269,R001748,G004168,2022-08
3270,R001749,G001531,2022-08
3271,R001750,G001855,2022-08
3272,R001751,G003608,2022-08
3273,R001752,G002577,2022-08
3274,R001753,G002665,2022-08
3275,R001754,G001903,2022-08
3276,R001755,G004057,2022-08
3277,R001756,G003535,2022-08
3278,R001757,G003790,2022-08
3279,R001758,G004650,2022-08
3280,R001759,G001629,2022-08
3281,R001760,G000635,2022-08
3282,R001761,G003054,2022-08
3283,R001762,G005309,2022-08
3284,R001763,G002009,2022-08
3285,R001764,G002310,2022-08
3286,R001765,G003111,2022-08
3287,R001766,G003976,2022-08
3288,R001767,G001780,2022-08
3289,R001768,G000021,2022-08
3290,R001769,G003123,2022-08
3291,R001770,G000268,2022-08
3292,R001771,G004890,2022-08
3293,R001772,G002174,2022-08
3294,R001773,G002156,2022-08
3295,R001774,G000890,2022-08
3296,R001775,G003499,2022-08
3297,R001776,G005168,2022-08
3298,R001777,G003037,2022-08
3299,R001778,G005275,2022-08
3300,R001779,G001746,2022-08
3301,R001780,G000730,2022-08
3302,R001781,G004502,2022-08
3303,R001782,G001035,2022-08
3304,R001783,G004816,2022-08
3305,R001784,G004567,2022-08
3306,R001785,G002996,2022-08
3307,R001786,G004381,2022-08
3308,R001787,G000654,2022-08
3309,R001788,G005375,2022-08
3310,R001789,G004553,2022-08
3311,R001790,G002757,2022-08
3312,R001791,G002552,2022-08
3313,R001792,G001520,2022-08
3314,R001793,G001055,2022-08
3315,R001794,G005342,2022-08
3316,R001795,G001581,2022-08
3317,R001796,G003787,2022-08
3318,R001797,G004210,2022-08
3319,R001798,G002661,2022-08
3320,R001799,G000125,2022-08
3321,R001800,G002574,2022-08
3322,R001801,G004069,2022-08
3323,R001802,G003908,2022-08
3324,R001803,G003944,2022-08
3325,R001804,G003187,2022-08
3326,R001805,G003567,2022-08
3327,R001806,G001051,2022-08
3328,R001807,G004056,2022-08
3329,R001808,G005265,2022-08
3330,R001809,G003512,2022-08
3331,R001810,G001368,2022-08
3332,R001811,G005352,2022-08
3333,R001812,G002606,2022-08
3334,R001813,G003784,2022-08
3335,R001814,G004025,2022-08
3336,R001815,G001201,2022-08
3337,R001816,G004312,2022-08
3338,R001817,G000523,2022-08
3339,R001818,G004628,2022-08
3340,R001819,G001561,2022-08
3341,R001820,G005271,2022-08
3342,R001821,G003120,2022-08
3343,R001822,G001890,2022-08
3344,R001823,G001091,2022-08
3345,R001824,G000743,2022-08
3346,R001825,G002018,2022-08
3347,R001826,G004809,2022-08
3348,R001827,G001143,2022-08
3349,R001828,G004159,2022-08
3350,R001829,G002068,2022-08
3351,R001830,G004722,2022-08
3352,R001831,G003722,2022-08
3353,R001832,G003553,2022-08
3354,R001833,G000991,2022-08
3355,R001834,G004292,2022-08
3356,R001835,G002822,2022-08
3357,R001836,G002570,2022-08
3358,R001837,G002683,2022-08
3359,R001838,G004186,2022-08
3360,R001839,G001842,2022-08
3361,R001840,G001251,2022-08
3362,R001841,G000550,2022-08
3363,R001869,G005239,2022-08
3364,R001870,G000276,2022-08
3365,R001871,G000259,2022-08
3366,R001872,G000956,2022-08
3367,R001873,G003623,2022-08
3368,R001874,G003128,2022-08
3369,R001875,G005236,2022-08
3370,R001876,G005373,2022-08
3371,R001877,G001790,2022-08
3372,R001878,G005196,2022-08
3373,R001879,G000252,2022-08
3374,R001880,G001642,2022-08
3375,R001881,G000744,2022-08
3376,R001882,G001306,2022-08
3377,R001883,G003689,2022-08
3378,R001884,G003791,2022-08
3379,R001885,G002595,2022-08
3380,R001886,G002406,2022-08
3381,R001887,G004910,2022-08
3382,R001888,G004048,2022-08
3383,R001889,G000311,2022-08
3384,R001890,G002122,2022-08
3385,R001891,G003382,2022-08
3386,R001892,G000797,2022-08
3387,R001893,G002224,2022-08
3388,R001894,G005115,2022-08
3389,R001895,G002563,2022-08
3390,R001896,G004785,2022-08
3391,R001897,G001655,2022-08
3392,R001898,G002907,2022-08
3393,R001899,G003297,2022-08
3394,R001900,G000419,2022-08
3395,R001901,G000240,2022-08
3396,R001902,G001402,2022-08
3397,R001903,G004533,2022-08
3398,R001904,G000051,2022-08
3399,R001905,G001012,2022-08
3400,R001906,G003012,2022-08
3401,R001907,G001797,2022-08
3402,R001908,G003709,2022-08
3403,R001909,G003761,2022-08
3404,R001910,G002415,2022-08
3405,R001911,G001615,2022-08
3406,R001912,G005088,2022-08
3407,R001913,G000519,2022-08
3408,R001914,G001912,2022-08
3409,R001915,G000385,2022-08
3410,R001916,G004179,2022-08
3411,R001917,G002706,2022-08
3412,R001918,G002211,2022-08
3413,R001919,G004218,2022-08
3414,R001920,G004254,2022-08
3415,R001921,G004943,2022-08
3416,R001922,G003304,2022-08
3417,R001923,G001416,2022-08
3418,R001924,G001204,2022-08
3419,R001925,G005372,2022-08
3420,R001926,G004051,2022-08
3421,R001927,G005038,2022-08
3422,R001928,G002947,2022-08
3423,R001929,G003530,2022-08
3424,R001930,G005212,2022-08
3425,R001931,G000350,2022-08
3426,R001932,G005364,2022-08
3427,R001933,G004957,2022-08
3428,R001934,G004408,2022-08
3429,R001935,G004491,2022-08
3430,R001936,G002114,2022-08
3431,R001937,G002104,2022-08
3432,R001938,G003539,2022-08
3433,R001939,G001596,2022-08
3434,R001940,G004919,2022-08
3435,R001941,G000853,2022-08
3436,R001942,G001478,2022-08
3437,R001943,G001691,2022-08
3438,R001944,G002841,2022-08
3439,R001945,G004541,2022-08
3440,R001946,G004145,2022-08
3441,R001947,G004878,2022-08
3442,R001948,G002794,2022-08
3443,R001949,G002762,2022-08
3444,R001950,G002431,2022-08
3445,R001951,G002522,2022-08
3446,R001952,G003042,2022-08
3447,R001953,G000384,2022-08
3448,R001954,G003721,2022-08
3449,R001955,G005402,2022-08
3450,R001956,G002180,2022-08
3451,R001957,G001198,2022-08
3452,R001958,G003598,2022-08
3453,R001959,G000092,2022-08
3454,R001960,G003415,2022-08
3455,R001961,G002069,2022-08
3456,R001962,G005151,2022-08
3457,R001963,G004802,2022-08
3458,R001964,G002274,2022-08
3459,R001965,G000077,2022-08
3460,R001966,G002315,2022-08
3461,R001967,G001839,2022-08
3462,R001968,G000850,2022-08
3463,R001969,G000976,2022-08
3464,R001970,G005300,2022-08
3465,R001971,G004741,2022-08
3466,R001972,G004232,2022-08
3467,R001973,G004789,2022-08
3468,R001974,G000713,2022-08
3469,R001975,G002524,2022-08
3470,R001976,G001513,2022-08
3471,R001977,G003846,2022-08
3472,R001978,G000949,2022-08
3473,R001979,G003301,2022-08
3474,R001980,G000417,2022-08
3475,R001981,G004345,2022-08
3476,R001982,G000858,2022-08
3477,R001983,G003744,2022-08
3478,R001984,G001155,2022-08
3479,R001985,G001911,2022-08
3480,R001986,G004784,2022-08
3481,R001987,G004092,2022-08
3482,R001988,G005109,2022-08
3483,R001989,G001384,2022-08
3484,R001990,G000365,2022-08
3485,R001991,G004877,2022-08
3486,R001992,G001898,2022-08
3487,R001993,G001345,2022-08
3488,R001994,G003367,2022-08
3489,R001995,G005328,2022-08
3490,R001996,G001968,2022-08
3491,R001997,G003892,2022-08
3492,R001998,G001023,2022-08
3493,R001999,G003669,2022-08
3494,R002000,G003173,2022-08
3495,R002001,G002034,2022-08
3496,R002002,G002354,2022-08
3497,R002003,G004988,2022-08
3498,R002004,G002894,2022-08
3499,R002005,G004429,2022-08
3500,R002006,G004598,2022-08
3501,R002007,G001114,2022-08
3502,R002008,G004162,2022-08
3503,R002009,G005118,2022-08
3504,R002010,G003192,2022-08
3505,R002011,G000837,2022-08
3506,R002012,G001671,2022-08
3507,R002013,G004864,2022-08
3508,R002014,G004357,2022-08
3509,R002015,G000332,2022-08
3510,R002016,G004496,2022-08
3511,R002017,G000086,2022-08
3512,R002018,G004804,2022-08
3513,R002019,G001895,2022-08
3514,R002020,G003680,2022-08
3515,R002021,G003616,2022-08
3516,R002022,G004646,2022-08
3517,R002023,G005186,2022-08
3518,R002024,G001195,2022-08
3519,R002025,G002427,2022-08
3520,R002026,G001485,2022-08
3521,R002027,G002755,2022-08
3522,R002028,G004332,2022-08
3523,R002029,G000842,2022-08
3524,R002030,G004825,2022-08
3525,R002031,G003464,2022-08
3526,R002032,G004761,2022-08
3527,R002033,G000585,2022-08
3528,R002034,G000193,2022-08
3529,R002035,G002874,2022-08
3530,R002036,G002209,2022-08
3531,R002037,G002619,2022-08
3532,R002038,G000292,2022-08
3533,R002039,G003091,2022-08
3534,R002040,G004079,2022-08
3535,R002041,G000121,2022-08
3536,R002042,G002198,2022-08
3537,R002043,G002667,2022-08
3538,R002044,G001456,2022-08
3539,R002045,G004820,2022-08
3540,R002046,G004535,2022-08
3541,R002047,G001153,2022-08
3542,R002048,G003092,2022-08
3543,R002049,G005134,2022-08
3544,R002050,G002089,2022-08
3545,R002051,G003996,2022-08
3546,R002052,G001271,2022-08
3547,R002053,G001138,2022-08
3548,R002054,G002613,2022-08
3549,R002055,G000758,2022-08
3550,R002056,G001265,2022-08
3551,R002057,G003882,2022-08
3552,R002058,G001039,2022-08
3553,R002059,G003180,2022-08
3554,R002060,G005234,2022-08
3555,R002061,G001245,2022-08
3556,R002062,G003961,2022-08
3557,R002063,G000471,2022-08
3558,R002064,G005240,2022-08
3559,R002065,G004531,2022-08
3560,R002066,G002046,2022-08
3561,R002067,G003218,2022-08
3562,R002068,G002507,2022-08
3563,R002069,G000102,2022-08
3564,R002070,G001795,2022-08
3565,R002071,G005004,2022-08
3566,R002072,G002719,2022-08
3567,R002073,G001222,2022-08
3568,R002074,G000903,2022-08
3569,R002075,G004787,2022-08
3570,R002076,G002462,2022-08
3571,R002077,G000515,2022-08
3572,R002078,G003492,2022-08
3573,R002079,G000909,2022-08
3574,R002080,G000194,2022-08
3575,R002081,G001946,2022-08
3576,R002082,G000904,2022-08
3577,R002083,G003399,2022-08
3578,R002084,G004416,2022-08
3579,R002085,G004969,2022-08
3580,R002086,G000492,2022-08
3581,R002087,G004396,2022-08
3582,R002088,G002871,2022-08
3583,R002089,G001519,2022-08
3584,R002090,G002138,2022-08
3585,R002091,G000610,2022-08
3586,R002092,G003684,2022-08
3587,R002093,G002378,2022-08
3588,R002094,G004348,2022-08
3589,R002095,G000722,2022-08
3590,R002096,G005144,2022-08
3591,R002097,G000662,2022-08
3592,R002098,G003335,2022-08
3593,R002099,G002169,2022-08
3594,R002100,G001542,2022-08
3595,R002101,G002754,2022-08
3596,R002102,G000846,2022-08
3597,R002103,G003529,2022-08
3598,R002104,G004740,2022-08
3599,R002105,G001927,2022-08
3600,R002106,G004597,2022-08
3601,R002107,G000452,2022-08
3602,R002108,G004538,2022-08
3603,R002109,G002440,2022-08
3604,R002110,G003520,2022-08
3605,R002111,G000443,2022-08
3606,R002112,G004765,2022-08
3607,R002113,G000470,2022-08
3608,R002114,G002302,2022-08
3609,R002115,G002215,2022-08
3610,R002116,G002660,2022-08
3611,R002117,G004973,2022-08
3612,R002118,G002055,2022-08
3613,R002119,G004872,2022-08
3614,R002120,G003019,2022-08
3615,R002121,G002396,2022-08
3616,R002122,G003573,2022-08
3617,R002123,G002622,2022-08
3618,R002124,G004537,2022-08
3619,R002125,G000112,2022-08
3620,R002126,G001397,2022-08
3621,R002127,G003711,2022-08
3622,R002128,G003038,2022-08
3623,R002129,G000001,2022-08
3624,R002130,G000188,2022-08
3625,R002131,G004984,2022-08
3626,R002132,G000096,2022-08
3627,R002133,G002816,2022-08
3628,R002134,G001811,2022-08
3629,R002135,G002339,2022-08
3630,R002136,G003547,2022-08
3631,R002137,G000094,2022-08
3632,R002138,G001950,2022-08
3633,R002139,G000039,2022-08
3634,R002140,G003006,2022-08
3635,R002141,G005396,2022-08
3636,R002142,G002278,2022-08
3637,R002143,G002152,2022-08
3638,R002144,G003154,2022-08
3639,R002145,G003870,2022-08
3640,R002146,G001739,2022-08
3641,R002147,G000799,2022-08
3642,R002148,G002178,2022-08
3643,R002149,G001579,2022-08
3644,R002150,G005076,2022-08
3645,R002151,G003972,2022-08
3646,R002152,G004304,2022-08
3647,R002153,G001002,2022-08
3648,R002154,G000207,2022-08
3649,R002155,G005256,2022-08
3650,R002156,G001438,2022-08
3651,R002157,G001577,2022-08
3652,R002158,G005391,2022-08
3653,R002159,G002854,2022-08
3654,R002160,G003783,2022-08
3655,R002161,G000606,2022-08
3656,R002162,G000900,2022-08
3657,R002163,G004030,2022-08
3658,R002164,G001354,2022-08
3659,R002165,G000146,2022-08
3660,R002166,G002392,2022-08
3661,R002167,G001635,2022-08
3662,R002168,G001026,2022-08
3663,R002169,G000381,2022-08
3664,R002170,G000548,2022-08
3665,R002171,G003485,2022-08
3666,R002172,G005103,2022-08
3667,R002173,G001696,2022-08
3668,R002174,G004665,2022-08
3669,R002175,G002099,2022-08
3670,R002176,G004488,2022-08
3671,R002177,G003958,2022-08
3672,R002178,G003571,2022-08
3673,R002179,G003145,2022-08
3674,R002180,G004419,2022-08
3675,R002181,G003246,2022-08
3676,R002182,G000811,2022-08
3677,R002183,G003960,2022-08
3678,R002184,G003521,2022-08
3679,R002185,G002476,2022-08
3680,R002186,G003002,2022-08
3681,R002187,G004575,2022-08
3682,R002188,G003578,2022-08
3683,R002189,G004734,2022-08
3684,R002190,G004130,2022-08
3685,R002191,G003298,2022-08
3686,R002192,G001994,2022-08
3687,R002193,G000140,2022-08
3688,R002194,G002799,2022-08
3689,R002195,G004053,2022-08
3690,R002196,G002107,2022-08
3691,R002197,G002214,2022-08
3692,R002198,G004344,2022-08
3693,R002199,G003060,2022-08
3694,R002200,G000609,2022-08
3695,R002201,G003522,2022-08
3696,R002202,G002509,2022-08
3697,R002203,G003284,2022-08
3698,R002204,G004794,2022-08
3699,R002205,G004907,2022-08
3700,R002206,G005003,2022-08
3701,R002207,G004388,2022-08
3702,R002208,G003928,2022-08
3703,R002209,G002936,2022-08
3704,R002210,G002230,2022-08
3705,R002211,G002990,2022-08
3706,R002212,G003806,2022-08
3707,R002213,G002210,2022-08
3708,R002214,G004967,2022-08
3709,R002215,G001666,2022-08
3710,R002216,G001874,2022-08
3711,R002217,G000033,2022-08
3712,R002218,G002254,2022-08
3713,R002219,G001602,2022-08
3714,R002220,G001404,2022-08
3715,R002221,G004314,2022-08
3716,R002222,G003459,2022-08
3717,R002223,G003264,2022-08
3718,R002224,G004473,2022-08
3719,R002225,G000974,2022-08
3720,R002226,G003435,2022-08
3721,R002227,G001269,2022-08
3722,R002228,G000262,2022-08
3723,R002229,G004405,2022-08
3724,R002230,G000981,2022-08
3725,R002231,G000838,2022-08
3726,R002232,G001324,2022-08
3727,R002233,G002682,2022-08
3728,R002234,G004849,2022-08
3729,R002235,G000768,2022-08
3730,R002236,G001692,2022-08
3731,R002237,G001221,2022-08
3732,R002238,G001960,2022-08
3733,R002239,G004157,2022-08
3734,R002240,G005335,2022-08
3735,R002241,G001844,2022-08
3736,R002242,G002049,2022-08
3737,R002243,G000931,2022-08
3738,R002244,G004367,2022-08
3739,R002245,G001357,2022-08
3740,R002246,G005051,2022-08
3741,R002247,G000288,2022-08
3742,R002248,G001813,2022-08
3743,R002249,G001873,2022-08
3744,R002250,G004948,2022-08
3745,R002251,G003583,2022-08
3746,R002252,G002093,2022-08
3747,R002253,G001034,2022-08
3748,R002254,G005132,2022-08
3749,R002255,G002562,2022-08
3750,R002256,G002272,2022-08
3751,R002257,G003207,2022-08
3752,R002258,G004736,2022-08
3753,R002259,G004275,2022-08
3754,R002260,G003798,2022-08
3755,R002261,G001308,2022-08
3756,R002262,G001499,2022-08
3757,R002263,G004228,2022-08
3758,R002264,G001328,2022-08
3759,R002265,G003541,2022-08
3760,R002266,G000617,2022-08
3761,R002267,G001583,2022-08
3762,R002268,G005057,2022-08
3763,R002269,G002091,2022-08
3764,R002270,G004688,2022-08
3765,R002271,G003905,2022-08
3766,R002272,G002461,2022-08
3767,R002273,G003149,2022-08
3768,R002274,G001256,2022-08
3769,R002275,G003900,2022-08
3770,R002276,G004136,2022-08
3771,R002277,G002728,2022-08
3772,R002278,G001124,2022-08
3773,R002279,G001279,2022-08
3774,R002280,G003565,2022-08
3775,R002281,G000321,2022-08
3776,R002282,G005098,2022-08
3777,R002283,G005343,2022-08
3778,R002284,G001218,2022-08
3779,R002285,G004095,2022-08
3780,R002286,G004265,2022-08
3781,R002287,G000946,2022-08
3782,R002288,G002125,2022-08
3783,R002289,G000763,2022-08
3784,R002290,G003650,2022-08
3785,R002291,G005139,2022-08
3786,R002292,G001659,2022-08
3787,R002293,G002893,2022-08
3788,R002294,G003921,2022-08
3789,R002295,G005232,2022-08
3790,R002296,G002765,2022-08
3791,R002297,G005104,2022-08
3792,R002298,G001763,2022-08
3793,R002299,G003738,2022-08
3794,R002300,G000912,2022-08
3795,R002301,G004681,2022-08
3796,R002302,G002416,2022-08
3797,R002303,G000110,2022-08
3798,R002304,G004368,2022-08
3799,R002305,G002228,2022-08
3800,R002306,G004549,2022-08
3801,R002307,G005149,2022-08
3802,R002308,G004834,2022-08
3803,R002309,G000011,2022-08
3804,R002310,G000540,2022-08
3805,R002311,G003047,2022-08
3806,R002312,G001338,2022-08
3807,R002313,G003860,2022-08
3808,R002314,G003557,2022-08
3809,R002315,G003369,2022-08
3810,R000133,G002299,2023-08
3811,R000134,G004091,2023-08
3812,R000135,G004309,2023-08
3813,R000136,G000630,2023-08
3814,R000137,G004975,2023-08
3815,R000138,G003534,2023-08
3816,R000139,G001048,2023-08
3817,R000140,G002967,2023-08
3818,R000141,G000816,2023-08
3819,R000142,G003577,2023-08
3820,R000143,G001060,2023-08
3821,R000144,G002864,2023-08
3822,R000145,G000196,2023-08
3823,R000146,G002740,2023-08
3824,R000147,G003215,2023-08
3825,R000148,G001654,2023-08
3826,R000149,G002911,2023-08
3827,R000150,G002529,2023-08
3828,R000151,G002742,2023-08
3829,R000152,G004415,2023-08
3830,R000153,G003195,2023-08
3831,R000154,G002955,2023-08
3832,R000155,G004698,2023-08
3833,R000156,G000217,2023-08
3834,R000157,G002771,2023-08
3835,R000158,G000466,2023-08
3836,R000159,G005219,2023-08
3837,R000160,G000139,2023-08
3838,R000161,G005035,2023-08
3839,R000162,G002451,2023-08
3840,R000163,G003322,2023-08
3841,R000164,G003386,2023-08
3842,R000165,G000016,2023-08
3843,R000166,G002750,2023-08
3844,R000167,G002984,2023-08
3845,R000168,G000024,2023-08
3846,R000169,G002712,2023-08
3847,R000170,G001757,2023-08
3848,R000171,G000637,2023-08
3849,R000172,G000339,2023-08
3850,R000173,G000882,2023-08
3851,R000174,G003877,2023-08
3852,R000175,G003956,2023-08
3853,R000176,G003354,2023-08
3854,R000177,G002066,2023-08
3855,R000178,G001454,2023-08
3856,R000179,G003455,2023-08
3857,R000180,G004468,2023-08
3858,R000181,G000808,2023-08
3859,R000182,G004090,2023-08
3860,R000183,G004917,2023-08
3861,R000184,G001689,2023-08
3862,R000185,G000510,2023-08
3863,R000186,G001351,2023-08
3864,R000187,G005324,2023-08
3865,R000188,G003178,2023-08
3866,R000189,G005156,2023-08
3867,R000190,G004880,2023-08
3868,R000191,G002733,2023-08
3869,R000192,G000666,2023-08
3870,R000193,G003083,2023-08
3871,R000194,G004472,2023-08
3872,R000195,G003288,2023-08
3873,R000196,G005355,2023-08
3874,R000197,G000874,2023-08
3875,R000198,G003197,2023-08
3876,R000199,G004801,2023-08
3877,R000200,G002345,2023-08
3878,R000201,G003786,2023-08
3879,R000202,G000248,2023-08
3880,R000203,G002073,2023-08
3881,R000204,G001244,2023-08
3882,R000205,G000541,2023-08
3883,R000206,G004062,2023-08
3884,R000207,G000180,2023-08
3885,R000208,G005261,2023-08
3886,R000209,G002582,2023-08
3887,R000210,G002011,2023-08
3888,R000211,G004031,2023-08
3889,R000212,G004683,2023-08
3890,R000213,G004980,2023-08
3891,R000214,G003641,2023-08
3892,R000215,G000793,2023-08
3893,R000216,G002119,2023-08
3894,R000217,G002088,2023-08
3895,R000218,G000577,2023-08
3896,R000219,G001017,2023-08
3897,R000220,G004858,2023-08
3898,R000221,G005229,2023-08
3899,R000222,G002966,2023-08
3900,R000223,G000426,2023-08
3901,R000224,G005221,2023-08
3902,R000225,G005312,2023-08
3903,R000226,G001616,2023-08
3904,R000227,G002340,2023-08
3905,R000228,G004461,2023-08
3906,R000229,G002607,2023-08
3907,R000230,G004971,2023-08
3908,R000231,G000394,2023-08
3909,R000232,G005357,2023-08
3910,R000233,G004968,2023-08
3911,R000234,G003427,2023-08
3912,R000235,G001683,2023-08
3913,R000236,G000834,2023-08
3914,R000237,G003363,2023-08
3915,R000238,G001779,2023-08
3916,R000239,G004655,2023-08
3917,R000240,G005245,2023-08
3918,R000241,G002438,2023-08
3919,R000242,G002171,2023-08
3920,R000243,G005087,2023-08
3921,R000244,G000756,2023-08
3922,R000245,G001723,2023-08
3923,R000246,G003889,2023-08
3924,R000247,G003989,2023-08
3925,R000248,G004607,2023-08
3926,R000249,G001156,2023-08
3927,R000250,G001165,2023-08
3928,R000251,G001618,2023-08
3929,R000252,G003751,2023-08
3930,R000253,G005336,2023-08
3931,R000254,G002188,2023-08
3932,R000255,G000695,2023-08
3933,R000256,G004932,2023-08
3934,R000257,G003922,2023-08
3935,R000258,G003524,2023-08
3936,R000259,G001820,2023-08
3937,R000260,G004704,2023-08
3938,R000261,G002512,2023-08
3939,R000262,G003093,2023-08
3940,R000263,G004055,2023-08
3941,R000264,G004858,2023-08
3942,R000265,G000008,2023-08
3943,R000266,G004349,2023-08
3944,R000267,G000255,2023-08
3945,R000268,G002602,2023-08
3946,R000269,G001001,2023-08
3947,R000270,G000476,2023-08
3948,R000271,G001220,2023-08
3949,R000272,G005095,2023-08
3950,R000273,G001088,2023-08
3951,R000274,G000694,2023-08
3952,R000275,G001556,2023-08
3953,R000276,G005023,2023-08
3954,R000277,G000141,2023-08
3955,R000278,G003299,2023-08
3956,R000279,G005199,2023-08
3957,R000280,G002334,2023-08
3958,R000281,G003124,2023-08
3959,R000282,G001071,2023-08
3960,R000283,G002537,2023-08
3961,R000284,G005140,2023-08
3962,R000285,G002784,2023-08
3963,R000286,G001090,2023-08
3964,R000287,G003973,2023-08
3965,R000288,G003352,2023-08
3966,R000289,G005200,2023-08
3967,R000290,G002167,2023-08
3968,R000291,G004513,2023-08
3969,R000292,G004411,2023-08
3970,R000293,G000006,2023-08
3971,R000294,G001448,2023-08
3972,R000295,G001789,2023-08
3973,R000296,G000418,2023-08
3974,R000297,G004133,2023-08
3975,R000298,G004522,2023-08
3976,R000299,G005244,2023-08
3977,R000300,G003326,2023-08
3978,R000301,G002556,2023-08
3979,R000302,G002889,2023-08
3980,R000303,G000138,2023-08
3981,R000304,G001714,2023-08
3982,R000305,G003238,2023-08
3983,R000306,G002523,2023-08
3984,R000307,G002731,2023-08
3985,R000308,G004710,2023-08
3986,R000309,G003639,2023-08
3987,R000310,G003268,2023-08
3988,R000311,G000158,2023-08
3989,R000312,G002547,2023-08
3990,R000313,G005014,2023-08
3991,R000314,G000063,2023-08
3992,R000315,G003983,2023-08
3993,R000316,G002865,2023-08
3994,R000317,G001175,2023-08
3995,R000318,G004208,2023-08
3996,R000319,G001906,2023-08
3997,R000320,G003753,2023-08
3998,R000321,G002057,2023-08
3999,R000322,G000376,2023-08
4000,R000323,G000829,2023-08
4001,R000324,G004558,2023-08
4002,R000325,G001932,2023-08
4003,R000326,G003416,2023-08
4004,R000327,G004024,2023-08
4005,R000328,G005187,2023-08
4006,R000329,G001045,2023-08
4007,R000330,G002992,2023-08
4008,R000331,G001489,2023-08
4009,R000332,G000889,2023-08
4010,R000333,G002413,2023-08
4011,R000334,G003029,2023-08
4012,R000335,G003116,2023-08
4013,R000336,G000862,2023-08
4014,R000337,G003764,2023-08
4015,R000338,G001062,2023-08
4016,R000339,G003865,2023-08
4017,R000340,G001541,2023-08
4018,R000341,G000539,2023-08
4019,R000342,G002616,2023-08
4020,R000343,G001884,2023-08
4021,R000344,G001188,2023-08
4022,R000345,G000696,2023-08
4023,R000346,G004911,2023-08
4024,R000347,G000362,2023-08
4025,R000348,G001268,2023-08
4026,R000349,G004355,2023-08
4027,R000350,G004493,2023-08
4028,R000351,G004727,2023-08
4029,R000352,G001821,2023-08
4030,R000353,G003261,2023-08
4031,R000354,G002262,2023-08
4032,R000355,G000270,2023-08
4033,R000356,G002205,2023-08
4034,R000357,G000618,2023-08
4035,R000358,G000877,2023-08
4036,R000359,G000263,2023-08
4037,R000360,G001791,2023-08
4038,R000361,G004944,2023-08
4039,R000362,G002348,2023-08
4040,R000363,G002409,2023-08
4041,R000364,G003306,2023-08
4042,R000365,G005129,2023-08
4043,R000366,G002579,2023-08
4044,R000367,G003697,2023-08
4045,R000368,G005155,2023-08
4046,R000369,G000570,2023-08
4047,R000370,G000613,2023-08
4048,R000371,G003776,2023-08
4049,R000372,G004227,2023-08
4050,R000373,G004433,2023-08
4051,R000374,G000123,2023-08
4052,R000375,G001379,2023-08
4053,R000376,G002676,2023-08
4054,R000377,G000827,2023-08
4055,R000378,G001434,2023-08
4056,R000379,G002811,2023-08
4057,R000380,G004964,2023-08
4058,R000381,G001530,2023-08
4059,R000382,G001439,2023-08
4060,R000383,G002965,2023-08
4061,R000384,G004204,2023-08
4062,R000385,G005339,2023-08
4063,R000386,G002493,2023-08
4064,R000387,G002662,2023-08
4065,R000388,G004701,2023-08
4066,R000389,G003677,2023-08
4067,R000390,G000526,2023-08
4068,R000391,G003115,2023-08
4069,R000392,G001690,2023-08
4070,R000393,G005377,2023-08
4071,R000394,G004783,2023-08
4072,R000395,G004221,2023-08
4073,R000396,G003470,2023-08
4074,R000397,G004931,2023-08
4075,R000398,G002921,2023-08
4076,R000399,G001803,2023-08
4077,R000400,G004446,2023-08
4078,R000401,G004845,2023-08
4079,R000402,G002803,2023-08
4080,R000403,G003596,2023-08
4081,R000404,G000434,2023-08
4082,R000405,G005238,2023-08
4083,R000406,G004377,2023-08
4084,R000407,G000408,2023-08
4085,R000408,G003167,2023-08
4086,R000409,G003183,2023-08
4087,R000410,G000673,2023-08
4088,R000411,G003216,2023-08
4089,R000412,G004400,2023-08
4090,R000413,G003766,2023-08
4091,R000414,G000534,2023-08
4092,R000415,G004310,2023-08
4093,R000416,G003275,2023-08
4094,R000417,G000989,2023-08
4095,R000418,G002014,2023-08
4096,R000419,G000569,2023-08
4097,R000420,G001125,2023-08
4098,R000421,G000287,2023-08
4099,R000422,G002629,2023-08
4100,R000423,G003772,2023-08
4101,R000424,G001436,2023-08
4102,R000425,G001465,2023-08
4103,R000426,G004922,2023-08
4104,R000427,G004508,2023-08
4105,R000428,G003059,2023-08
4106,R000429,G001393,2023-08
4107,R000430,G001310,2023-08
4108,R000431,G002291,2023-08
4109,R000432,G001840,2023-08
4110,R000433,G004113,2023-08
4111,R000434,G004426,2023-08
4112,R000435,G001428,2023-08
4113,R000436,G002879,2023-08
4114,R000437,G000295,2023-08
4115,R000438,G000663,2023-08
4116,R000439,G002287,2023-08
4117,R000440,G003514,2023-08
4118,R000441,G002550,2023-08
4119,R000442,G000463,2023-08
4120,R000443,G002053,2023-08
4121,R000444,G004639,2023-08
4122,R000445,G003430,2023-08
4123,R000446,G003233,2023-08
4124,R000447,G001191,2023-08
4125,R000448,G000961,2023-08
4126,R000449,G003140,2023-08
4127,R000450,G003446,2023-08
4128,R000451,G003426,2023-08
4129,R000452,G004587,2023-08
4130,R000453,G001682,2023-08
4131,R000454,G003941,2023-08
4132,R000455,G003811,2023-08
4133,R000456,G004993,2023-08
4134,R000457,G000322,2023-08
4135,R000458,G001042,2023-08
4136,R000459,G003667,2023-08
4137,R000460,G004504,2023-08
4138,R000461,G000761,2023-08
4139,R000462,G000137,2023-08
4140,R000463,G002270,2023-08
4141,R000464,G002054,2023-08
4142,R000465,G003851,2023-08
4143,R000466,G004311,2023-08
4144,R000467,G001380,2023-08
4145,R000468,G000029,2023-08
4146,R000469,G000453,2023-08
4147,R000470,G003428,2023-08
4148,R000471,G002028,2023-08
4149,R000472,G000445,2023-08
4150,R000473,G004015,2023-08
4151,R000474,G003695,2023-08
4152,R000475,G003536,2023-08
4153,R000476,G003843,2023-08
4154,R000477,G003661,2023-08
4155,R000478,G001445,2023-08
4156,R000479,G002269,2023-08
4157,R000480,G004259,2023-08
4158,R000481,G002418,2023-08
4159,R000482,G004867,2023-08
4160,R000483,G000894,2023-08
4161,R000484,G000404,2023-08
4162,R000485,G004629,2023-08
4163,R000486,G004613,2023-08
4164,R000487,G002759,2023-08
4165,R000488,G003875,2023-08
4166,R000489,G001848,2023-08
4167,R000490,G003613,2023-08
4168,R000491,G005351,2023-08
4169,R000492,G001169,2023-08
4170,R000493,G003700,2023-08
4171,R000494,G004418,2023-08
4172,R000495,G002332,2023-08
4173,R000496,G001983,2023-08
4174,R000497,G003501,2023-08
4175,R000498,G003750,2023-08
4176,R000499,G004016,2023-08
4177,R000500,G001300,2023-08
4178,R000501,G000897,2023-08
4179,R000502,G004151,2023-08
4180,R000503,G000953,2023-08
4181,R000504,G004406,2023-08
4182,R000505,G001386,2023-08
4183,R000506,G004022,2023-08
4184,R000507,G001443,2023-08
4185,R000508,G005268,2023-08
4186,R000509,G002443,2023-08
4187,R000510,G001521,2023-08
4188,R000511,G000573,2023-08
4189,R000512,G004000,2023-08
4190,R000513,G004259,2023-08
4191,R000514,G000073,2023-08
4192,R000515,G000283,2023-08
4193,R000516,G002200,2023-08
4194,R000517,G000804,2023-08
4195,R000518,G002645,2023-08
4196,R000519,G004989,2023-08
4197,R000520,G004019,2023-08
4198,R000521,G002714,2023-08
4199,R000522,G004918,2023-08
4200,R000523,G001528,2023-08
4201,R000524,G001745,2023-08
4202,R000525,G003802,2023-08
4203,R000526,G003740,2023-08
4204,R000527,G004945,2023-08
4205,R000528,G003507,2023-08
4206,R000529,G003089,2023-08
4207,R000530,G004178,2023-08
4208,R000531,G000580,2023-08
4209,R000532,G004729,2023-08
4210,R000533,G002777,2023-08
4211,R000534,G000015,2023-08
4212,R000535,G000459,2023-08
4213,R000536,G003036,2023-08
4214,R000537,G000160,2023-08
4215,R000538,G004299,2023-08
4216,R000539,G000521,2023-08
4217,R000540,G000118,2023-08
4218,R000541,G000047,2023-08
4219,R000542,G004442,2023-08
4220,R000543,G000818,2023-08
4221,R000544,G005119,2023-08
4222,R000545,G001555,2023-08
4223,R000546,G004672,2023-08
4224,R000547,G002749,2023-08
4225,R000548,G002810,2023-08
4226,R000549,G001781,2023-08
4227,R000550,G001845,2023-08
4228,R000551,G000732,2023-08
4229,R000552,G001460,2023-08
4230,R000553,G004037,2023-08
4231,R000554,G003686,2023-08
4232,R000555,G001807,2023-08
4233,R000556,G002917,2023-08
4234,R000557,G000586,2023-08
4235,R000558,G004449,2023-08
4236,R000559,G002157,2023-08
4237,R000560,G004101,2023-08
4238,R000561,G002258,2023-08
4239,R000562,G001882,2023-08
4240,R000563,G003881,2023-08
4241,R000564,G004512,2023-08
4242,R000565,G003164,2023-08
4243,R000566,G004245,2023-08
4244,R000567,G004935,2023-08
4245,R000568,G003293,2023-08
4246,R000569,G003876,2023-08
4247,R000570,G004327,2023-08
4248,R000571,G005230,2023-08
4249,R000572,G001072,2023-08
4250,R000573,G004788,2023-08
4251,R000574,G001246,2023-08
4252,R000575,G002928,2023-08
4253,R000576,G004584,2023-08
4254,R000577,G000114,2023-08
4255,R000578,G000351,2023-08
4256,R000579,G004786,2023-08
4257,R000580,G005252,2023-08
4258,R000581,G004032,2023-08
4259,R000582,G003858,2023-08
4260,R000583,G004525,2023-08
4261,R000584,G000978,2023-08
4262,R000585,G001066,2023-08
4263,R000586,G001467,2023-08
4264,R000587,G001398,2023-08
4265,R000588,G004103,2023-08
4266,R000589,G000560,2023-08
4267,R000590,G002453,2023-08
4268,R000591,G001080,2023-08
4269,R000592,G003974,2023-08
4270,R000593,G001646,2023-08
4271,R000594,G001389,2023-08
4272,R000595,G002559,2023-08
4273,R000596,G001024,2023-08
4274,R000597,G003431,2023-08
4275,R000598,G005283,2023-08
4276,R000599,G004818,2023-08
4277,R000600,G000954,2023-08
4278,R000601,G001115,2023-08
4279,R000602,G002542,2023-08
4280,R000603,G004770,2023-08
4281,R000604,G004753,2023-08
4282,R000605,G001081,2023-08
4283,R000606,G003691,2023-08
4284,R000607,G001494,2023-08
4285,R000608,G004397,2023-08
4286,R000609,G004432,2023-08
4287,R000610,G002535,2023-08
4288,R000611,G004278,2023-08
4289,R000612,G002386,2023-08
4290,R000613,G003610,2023-08
4291,R000614,G002829,2023-08
4292,R000615,G004102,2023-08
4293,R000616,G004591,2023-08
4294,R000617,G000735,2023-08
4295,R000618,G001223,2023-08
4296,R000619,G003291,2023-08
4297,R000620,G002190,2023-08
4298,R000621,G000359,2023-08
4299,R000622,G001909,2023-08
4300,R000623,G004599,2023-08
4301,R000624,G004928,2023-08
4302,R000625,G003873,2023-08
4303,R000626,G001502,2023-08
4304,R000627,G005276,2023-08
4305,R000628,G001829,2023-08
4306,R000629,G000348,2023-08
4307,R000630,G000561,2023-08
4308,R000631,G003602,2023-08
4309,R000632,G005310,2023-08
4310,R000633,G000644,2023-08
4311,R000634,G000678,2023-08
4312,R000635,G001501,2023-08
4313,R000636,G005301,2023-08
4314,R000637,G000833,2023-08
4315,R000638,G004410,2023-08
4316,R000639,G002419,2023-08
4317,R000640,G000650,2023-08
4318,R000641,G000554,2023-08
4319,R000642,G002518,2023-08
4320,R000643,G001962,2023-08
4321,R000644,G003489,2023-08
4322,R000645,G002208,2023-08
4323,R000646,G000485,2023-08
4324,R000647,G002213,2023-08
4325,R000648,G000238,2023-08
4326,R000649,G002846,2023-08
4327,R000650,G001032,2023-08
4328,R000651,G004952,2023-08
4329,R000652,G005359,2023-08
4330,R000653,G003601,2023-08
4331,R000654,G000881,2023-08
4332,R000655,G004728,2023-08
4333,R000656,G001957,2023-08
4334,R000657,G001830,2023-08
4335,R000658,G000429,2023-08
4336,R000659,G001303,2023-08
4337,R000660,G002404,2023-08
4338,R000661,G004762,2023-08
4339,R000662,G002225,2023-08
4340,R000663,G004958,2023-08
4341,R000664,G005329,2023-08
4342,R000665,G004990,2023-08
4343,R000666,G005405,2023-08
4344,R000667,G003891,2023-08
4345,R000668,G005150,2023-08
4346,R000669,G003262,2023-08
4347,R000670,G002369,2023-08
4348,R000671,G005277,2023-08
4349,R000672,G004764,2023-08
4350,R000673,G002336,2023-08
4351,R000674,G005203,2023-08
4352,R000675,G003707,2023-08
4353,R000676,G001293,2023-08
4354,R000677,G000220,2023-08
4355,R000678,G003813,2023-08
4356,R000679,G003373,2023-08
4357,R000680,G002380,2023-08
4358,R000681,G002259,2023-08
4359,R000682,G003569,2023-08
4360,R000683,G002076,2023-08
4361,R000684,G002108,2023-08
4362,R000685,G001193,2023-08
4363,R000686,G002584,2023-08
4364,R000687,G004929,2023-08
4365,R000688,G001152,2023-08
4366,R000689,G002280,2023-08
4367,R000690,G003658,2023-08
4368,R000691,G003654,2023-08
4369,R000692,G001314,2023-08
4370,R000693,G001093,2023-08
4371,R000694,G001992,2023-08
4372,R000695,G002273,2023-08
4373,R000696,G000645,2023-08
4374,R000697,G000529,2023-08
4375,R000698,G000464,2023-08
4376,R000699,G004383,2023-08
4377,R000700,G004779,2023-08
4378,R000701,G004369,2023-08
4379,R000702,G004409,2023-08
4380,R000703,G001630,2023-08
4381,R000704,G003361,2023-08
4382,R000705,G004394,2023-08
4383,R000706,G000590,2023-08
4384,R000707,G000596,2023-08
4385,R000708,G003568,2023-08
4386,R000709,G003893,2023-08
4387,R000710,G000745,2023-08
4388,R000711,G002748,2023-08
4389,R000712,G000046,2023-08
4390,R000713,G002367,2023-08
4391,R000714,G005092,2023-08
4392,R000715,G000065,2023-08
4393,R000716,G003842,2023-08
4394,R000717,G001087,2023-08
4395,R000718,G001621,2023-08
4396,R000719,G002075,2023-08
4397,R000720,G002266,2023-08
4398,R000721,G002154,2023-08
4399,R000722,G002833,2023-08
4400,R000723,G001084,2023-08
4401,R000724,G002445,2023-08
4402,R000725,G004283,2023-08
4403,R000726,G001163,2023-08
4404,R000727,G002253,2023-08
4405,R000728,G005072,2023-08
4406,R000729,G000892,2023-08
4407,R000730,G004680,2023-08
4408,R000731,G004896,2023-08
4409,R000732,G005390,2023-08
4410,R000733,G003774,2023-08
4411,R000734,G002412,2023-08
4412,R000735,G001481,2023-08
4413,R000736,G004039,2023-08
4414,R000737,G003849,2023-08
4415,R000738,G001160,2023-08
4416,R000739,G002366,2023-08
4417,R000740,G004454,2023-08
4418,R000741,G002132,2023-08
4419,R000742,G000543,2023-08
4420,R000743,G003027,2023-08
4421,R000744,G002387,2023-08
4422,R000745,G001441,2023-08
4423,R000746,G005185,2023-08
4424,R000747,G001121,2023-08
4425,R000748,G000614,2023-08
4426,R000749,G001631,2023-08
4427,R000750,G000309,2023-08
4428,R000751,G000057,2023-08
4429,R000752,G000705,2023-08
4430,R000753,G000221,2023-08
4431,R000754,G001074,2023-08
4432,R000755,G001877,2023-08
4433,R000756,G004793,2023-08
4434,R000757,G003480,2023-08
4435,R000758,G002672,2023-08
4436,R000759,G001564,2023-08
4437,R000760,G001967,2023-08
4438,R000761,G000291,2023-08
4439,R000762,G000504,2023-08
4440,R000763,G003833,2023-08
4441,R000764,G004603,2023-08
4442,R000765,G002444,2023-08
4443,R000766,G000031,2023-08
4444,R000767,G004682,2023-08
4445,R000768,G000911,2023-08
4446,R000769,G004924,2023-08
4447,R000770,G002844,2023-08
4448,R000771,G000198,2023-08
4449,R000772,G003127,2023-08
4450,R000773,G001922,2023-08
4451,R000774,G002657,2023-08
4452,R000775,G003166,2023-08
4453,R000776,G004782,2023-08
4454,R000777,G001216,2023-08
4455,R000778,G000616,2023-08
4456,R000779,G002323,2023-08
4457,R000780,G000907,2023-08
4458,R000781,G005191,2023-08
4459,R000782,G002576,2023-08
4460,R000783,G004194,2023-08
4461,R000784,G000388,2023-08
4462,R000785,G005137,2023-08
4463,R000786,G003190,2023-08
4464,R000787,G002745,2023-08
4465,R000788,G000324,2023-08
4466,R000789,G001837,2023-08
4467,R000790,G000512,2023-08
4468,R000791,G000177,2023-08
4469,R000792,G002109,2023-08
4470,R000793,G000495,2023-08
4471,R000794,G001110,2023-08
4472,R000795,G004313,2023-08
4473,R000796,G002165,2023-08
4474,R000797,G002008,2023-08
4475,R000798,G000698,2023-08
4476,R000799,G004226,2023-08
4477,R000800,G003436,2023-08
4478,R000801,G005152,2023-08
4479,R000802,G004578,2023-08
4480,R000803,G001744,2023-08
4481,R000804,G004029,2023-08
4482,R000805,G000597,2023-08
4483,R000806,G002598,2023-08
4484,R000807,G001383,2023-08
4485,R000808,G003531,2023-08
4486,R000809,G001483,2023-08
4487,R000810,G002539,2023-08
4488,R000811,G003699,2023-08
4489,R000812,G004167,2023-08
4490,R000813,G000563,2023-08
4491,R000814,G003289,2023-08
4492,R000815,G002003,2023-08
4493,R000816,G003253,2023-08
4494,R000817,G004641,2023-08
4495,R000818,G004248,2023-08
4496,R000819,G004114,2023-08
4497,R000820,G000751,2023-08
4498,R000821,G001495,2023-08
4499,R000822,G000341,2023-08
4500,R000823,G002305,2023-08
4501,R000824,G003694,2023-08
4502,R000825,G004724,2023-08
4503,R000826,G001030,2023-08
4504,R000827,G002869,2023-08
4505,R000828,G005017,2023-08
4506,R000829,G003035,2023-08
4507,R000830,G005226,2023-08
4508,R000831,G001003,2023-08
4509,R000832,G000302,2023-08
4510,R000833,G000653,2023-08
4511,R000834,G004898,2023-08
4512,R000835,G004249,2023-08
4513,R000836,G002249,2023-08
4514,R000837,G003385,2023-08
4515,R000838,G003277,2023-08
4516,R000839,G001466,2023-08
4517,R000840,G002830,2023-08
4518,R000841,G001173,2023-08
4519,R000842,G002063,2023-08
4520,R000843,G002195,2023-08
4521,R000844,G001861,2023-08
4522,R000845,G003971,2023-08
4523,R000846,G000181,2023-08
4524,R000847,G001694,2023-08
4525,R000848,G003595,2023-08
4526,R000849,G002289,2023-08
4527,R000850,G003045,2023-08
4528,R000851,G000812,2023-08
4529,R000852,G000984,2023-08
4530,R000853,G003609,2023-08
4531,R000854,G001054,2023-08
4532,R000855,G000584,2023-08
4533,R000856,G004112,2023-08
4534,R000857,G001360,2023-08
4535,R000858,G003307,2023-08
4536,R000859,G004241,2023-08
4537,R000860,G000620,2023-08
4538,R000861,G003010,2023-08
4539,R000862,G002986,2023-08
4540,R000863,G004507,2023-08
4541,R000864,G002897,2023-08
4542,R000865,G005190,2023-08
4543,R000866,G001881,2023-08
4544,R000867,G000823,2023-08
4545,R000868,G000338,2023-08
4546,R000869,G004370,2023-08
4547,R000870,G002515,2023-08
4548,R000871,G000035,2023-08
4549,R000872,G003850,2023-08
4550,R000873,G004893,2023-08
4551,R000874,G004800,2023-08
4552,R000875,G002232,2023-08
4553,R000876,G003633,2023-08
4554,R000877,G000165,2023-08
4555,R000878,G002929,2023-08
4556,R000879,G000893,2023-08
4557,R000880,G005394,2023-08
4558,R000881,G002071,2023-08
4559,R000882,G004470,2023-08
4560,R000883,G003651,2023-08
4561,R000884,G002031,2023-08
4562,R000885,G000439,2023-08
4563,R000886,G003605,2023-08
4564,R000887,G004296,2023-08
4565,R000888,G003742,2023-08
4566,R000889,G004107,2023-08
4567,R000890,G000120,2023-08
4568,R000891,G000433,2023-08
4569,R000892,G001486,2023-08
4570,R000893,G005331,2023-08
4571,R000894,G004759,2023-08
4572,R000895,G001440,2023-08
4573,R000896,G000518,2023-08
4574,R000897,G000265,2023-08
4575,R000898,G001523,2023-08
4576,R000899,G001914,2023-08
4577,R000900,G001944,2023-08
4578,R000901,G001574,2023-08
4579,R000902,G001993,2023-08
4580,R000903,G005138,2023-08
4581,R000904,G004634,2023-08
4582,R000905,G002589,2023-08
4583,R000906,G003383,2023-08
4584,R000907,G004800,2023-08
4585,R000908,G003406,2023-08
4586,R000909,G002621,2023-08
4587,R000910,G003375,2023-08
4588,R000911,G003619,2023-08
4589,R000912,G003708,2023-08
4590,R000913,G004866,2023-08
4591,R000914,G001870,2023-08
4592,R000915,G003113,2023-08
4593,R000916,G004220,2023-08
4594,R000917,G003130,2023-08
4595,R000918,G000701,2023-08
4596,R000919,G004888,2023-08
4597,R000920,G004298,2023-08
4598,R000921,G004746,2023-08
4599,R000922,G004657,2023-08
4600,R000923,G003391,2023-08
4601,R000924,G003175,2023-08
4602,R000925,G003906,2023-08
4603,R000926,G003071,2023-08
4604,R000927,G000179,2023-08
4605,R000928,G004061,2023-08
4606,R000929,G003743,2023-08
4607,R000930,G001997,2023-08
4608,R000931,G004649,2023-08
4609,R000932,G005195,2023-08
4610,R000933,G000076,2023-08
4611,R000934,G005403,2023-08
4612,R000935,G004353,2023-08
4613,R000936,G002037,2023-08
4614,R000937,G000952,2023-08
4615,R000938,G004902,2023-08
4616,R000939,G003473,2023-08
4617,R000940,G004652,2023-08
4618,R000941,G002766,2023-08
4619,R000942,G002620,2023-08
4620,R000943,G002669,2023-08
4621,R000944,G003061,2023-08
4622,R000945,G001498,2023-08
4623,R000946,G004243,2023-08
4624,R000947,G000157,2023-08
4625,R000948,G001421,2023-08
4626,R000949,G001295,2023-08
4627,R000950,G005188,2023-08
4628,R000951,G002309,2023-08
4629,R000952,G004420,2023-08
4630,R000953,G004321,2023-08
4631,R000954,G002780,2023-08
4632,R000955,G002922,2023-08
4633,R000956,G002914,2023-08
4634,R000957,G003263,2023-08
4635,R000958,G004422,2023-08
4636,R000959,G001954,2023-08
4637,R000960,G000646,2023-08
4638,R000961,G000572,2023-08
4639,R000962,G005024,2023-08
4640,R000963,G002170,2023-08
4641,R000964,G000600,2023-08
4642,R000965,G002126,2023-08
4643,R000966,G001341,2023-08
4644,R000967,G000066,2023-08
4645,R000968,G000128,2023-08
4646,R000969,G004571,2023-08
4647,R000970,G001930,2023-08
4648,R000971,G002954,2023-08
4649,R000972,G004252,2023-08
4650,R000973,G000733,2023-08
4651,R000974,G002881,2023-08
4652,R000975,G004132,2023-08
4653,R000976,G005158,2023-08
4654,R000977,G002691,2023-08
4655,R000978,G004585,2023-08
4656,R000979,G003856,2023-08
4657,R000980,G002925,2023-08
4658,R000981,G003575,2023-08
4659,R000982,G000765,2023-08
4660,R000983,G000865,2023-08
4661,R000984,G003201,2023-08
4662,R000985,G000607,2023-08
4663,R000986,G003328,2023-08
4664,R000987,G004244,2023-08
4665,R000988,G005288,2023-08
4666,R000989,G004233,2023-08
4667,R000990,G003030,2023-08
4668,R000991,G003948,2023-08
4669,R000992,G002015,2023-08
4670,R000993,G002763,2023-08
4671,R000994,G004286,2023-08
4672,R000995,G002705,2023-08
4673,R000996,G004205,2023-08
4674,R000997,G003702,2023-08
4675,R000998,G002976,2023-08
4676,R000999,G002687,2023-08
4677,R001000,G003645,2023-08
4678,R001001,G003911,2023-08
4679,R001002,G004261,2023-08
4680,R001003,G003912,2023-08
4681,R001004,G004264,2023-08
4682,R001005,G003517,2023-08
4683,R001006,G004916,2023-08
4684,R001007,G001687,2023-08
4685,R001008,G000167,2023-08
4686,R001009,G000772,2023-08
4687,R001010,G000074,2023-08
4688,R001011,G001594,2023-08
4689,R001012,G003556,2023-08
4690,R001013,G002233,2023-08
4691,R001014,G004308,2023-08
4692,R001015,G004120,2023-08
4693,R001016,G000083,2023-08
4694,R001017,G001703,2023-08
4695,R001018,G005227,2023-08
4696,R001019,G000683,2023-08
4697,R001020,G003511,2023-08
4698,R001021,G002663,2023-08
4699,R001022,G004590,2023-08
4700,R001023,G002697,2023-08
4701,R001024,G002454,2023-08
4702,R001025,G003377,2023-08
4703,R001026,G002735,2023-08
4704,R001027,G001637,2023-08
4705,R001028,G003727,2023-08
4706,R001029,G002876,2023-08
4707,R001030,G003117,2023-08
4708,R001031,G005332,2023-08
4709,R001032,G004282,2023-08
4710,R001033,G005344,2023-08
4711,R001034,G004690,2023-08
4712,R001035,G000549,2023-08
4713,R001036,G000134,2023-08
4714,R001037,G004959,2023-08
4715,R001038,G003003,2023-08
4716,R001039,G001451,2023-08
4717,R001040,G002773,2023-08
4718,R001041,G003347,2023-08
4719,R001042,G002317,2023-08
4720,R001043,G002036,2023-08
4721,R001044,G001047,2023-08
4722,R001045,G002560,2023-08
4723,R001046,G004987,2023-08
4724,R001047,G003174,2023-08
4725,R001048,G003863,2023-08
4726,R001049,G003638,2023-08
4727,R001050,G000824,2023-08
4728,R001051,G002885,2023-08
4729,R001052,G000472,2023-08
4730,R001053,G001980,2023-08
4731,R001054,G001164,2023-08
4732,R001055,G003626,2023-08
4733,R001056,G002231,2023-08
4734,R001057,G000449,2023-08
4735,R001058,G002627,2023-08
4736,R001059,G001552,2023-08
4737,R001060,G000099,2023-08
4738,R001061,G002261,2023-08
4739,R001062,G001572,2023-08
4740,R001063,G002626,2023-08
4741,R001064,G005362,2023-08
4742,R001065,G002975,2023-08
4743,R001066,G002873,2023-08
4744,R001067,G004754,2023-08
4745,R001068,G002551,2023-08
4746,R001069,G000576,2023-08
4747,R000000,G003296,2024-08
4748,R000001,G002636,2024-08
4749,R000002,G003674,2024-08
4750,R000003,G004189,2024-08
4751,R000004,G004213,2024-08
4752,R000005,G004826,2024-08
4753,R000006,G000327,2024-08
4754,R000007,G004253,2024-08
4755,R000008,G003966,2024-08
4756,R000009,G003388,2024-08
4757,R000010,G001756,2024-08
4758,R000011,G002872,2024-08
4759,R000012,G004463,2024-08
4760,R000013,G004904,2024-08
4761,R000014,G003023,2024-08
4762,R000015,G003072,2024-08
4763,R000016,G003675,2024-08
4764,R000017,G000150,2024-08
4765,R000018,G001776,2024-08
4766,R000019,G002183,2024-08
4767,R000020,G003560,2024-08
4768,R000021,G000151,2024-08
4769,R000022,G004231,2024-08
4770,R000023,G000505,2024-08
4771,R000024,G002571,2024-08
4772,R000025,G000469,2024-08
4773,R000026,G001470,2024-08
4774,R000027,G002131,2024-08
4775,R000028,G001038,2024-08
4776,R000029,G002932,2024-08
4777,R000030,G004707,2024-08
4778,R000031,G002433,2024-08
4779,R000032,G001412,2024-08
4780,R000033,G003208,2024-08
4781,R000034,G002331,2024-08
4782,R000035,G002482,2024-08
4783,R000036,G001786,2024-08
4784,R000037,G000101,2024-08
4785,R000038,G000000,2024-08
4786,R000039,G001764,2024-08
4787,R000040,G002401,2024-08
4788,R000041,G000271,2024-08
4789,R000042,G004402,2024-08
4790,R000043,G002937,2024-08
4791,R000044,G001863,2024-08
4792,R000045,G003715,2024-08
4793,R000046,G003627,2024-08
4794,R000047,G001748,2024-08
4795,R000048,G002934,2024-08
4796,R000049,G003939,2024-08
4797,R000050,G000511,2024-08
4798,R000051,G003917,2024-08
4799,R000052,G005314,2024-08
4800,R000053,G005110,2024-08
4801,R000054,G004187,2024-08
4802,R000055,G001446,2024-08
4803,R000056,G002902,2024-08
4804,R000057,G005319,2024-08
4805,R000058,G001417,2024-08
4806,R000059,G004539,2024-08
4807,R000060,G002819,2024-08
4808,R000061,G000345,2024-08
4809,R000062,G000906,2024-08
4810,R000063,G003073,2024-08
4811,R000064,G000098,2024-08
4812,R000065,G004135,2024-08
4813,R000066,G001065,2024-08
4814,R000067,G004325,2024-08
4815,R000068,G000784,2024-08
4816,R000069,G004153,2024-08
4817,R000070,G002362,2024-08
4818,R000071,G001892,2024-08
4819,R000072,G002617,2024-08
4820,R000073,G000436,2024-08
4821,R000074,G001492,2024-08
4822,R000075,G000656,2024-08
4823,R000076,G003024,2024-08
4824,R000077,G000097,2024-08
4825,R000078,G003397,2024-08
4826,R000079,G002709,2024-08
4827,R000080,G000571,2024-08
4828,R000081,G002998,2024-08
4829,R000082,G004137,2024-08
4830,R000083,G003278,2024-08
4831,R000084,G004122,2024-08
4832,R000085,G003582,2024-08
4833,R000086,G001509,2024-08
4834,R000087,G003271,2024-08
4835,R000088,G000938,2024-08
4836,R000089,G002013,2024-08
4837,R000090,G003831,2024-08
4838,R000091,G004147,2024-08
4839,R000092,G004280,2024-08
4840,R000093,G003566,2024-08
4841,R000094,G002043,2024-08
4842,R000095,G001277,2024-08
4843,R000096,G000937,2024-08
4844,R000097,G004871,2024-08
4845,R000098,G002545,2024-08
4846,R000099,G000186,2024-08
4847,R000100,G002002,2024-08
4848,R000101,G004506,2024-08
4849,R000102,G002368,2024-08
4850,R000103,G004600,2024-08
4851,R000104,G000398,2024-08
4852,R000105,G002995,2024-08
4853,R000106,G001591,2024-08
4854,R000107,G001208,2024-08
4855,R000108,G004532,2024-08
4856,R000109,G003317,2024-08
4857,R000110,G005223,2024-08
4858,R000111,G004023,2024-08
4859,R000112,G001375,2024-08
4860,R000113,G000840,2024-08
4861,R000114,G004316,2024-08
4862,R000115,G003570,2024-08
4863,R000116,G002129,2024-08
4864,R000117,G002382,2024-08
4865,R000118,G001283,2024-08
4866,R000119,G003670,2024-08
4867,R000120,G002277,2024-08
4868,R000121,G003032,2024-08
4869,R000122,G004215,2024-08
4870,R000123,G001638,2024-08
4871,R000124,G005052,2024-08
4872,R000125,G004666,2024-08
4873,R000126,G004269,2024-08
4874,R000127,G000558,2024-08
4875,R000128,G004477,2024-08
4876,R000129,G003580,2024-08
4877,R000130,G001212,2024-08
4878,R000131,G003872,2024-08
4879,R000132,G001900,2024-08
4880,R003836,G003365,2024-08
4881,R003837,G002521,2024-08
4882,R003838,G004455,2024-08
4883,R003839,G000723,2024-08
4884,R003840,G005161,2024-08
4885,R003841,G004756,2024-08
4886,R003842,G000230,2024-08
4887,R003843,G000111,2024-08
4888,R003844,G001828,2024-08
4889,R003845,G004900,2024-08
4890,R003846,G002035,2024-08
4891,R003847,G004330,2024-08
4892,R003848,G002251,2024-08
4893,R003849,G002121,2024-08
4894,R003850,G005041,2024-08
4895,R003851,G001595,2024-08
4896,R003852,G003011,2024-08
4897,R003853,G003495,2024-08
4898,R003854,G004328,2024-08
4899,R003855,G001816,2024-08
4900,R003856,G001370,2024-08
4901,R003857,G000970,2024-08
4902,R003858,G003955,2024-08
4903,R003859,G004946,2024-08
4904,R003860,G005108,2024-08
4905,R003861,G004807,2024-08
4906,R003862,G001036,2024-08
4907,R003863,G003518,2024-08
4908,R003864,G003240,2024-08
4909,R003865,G005290,2024-08
4910,R003866,G002227,2024-08
4911,R003867,G005075,2024-08
4912,R003868,G004978,2024-08
4913,R003869,G002634,2024-08
4914,R003870,G005251,2024-08
4915,R003871,G001604,2024-08
4916,R003872,G003162,2024-08
4917,R003873,G004939,2024-08
4918,R003874,G003043,2024-08
4919,R003875,G001449,2024-08
4920,R003876,G001663,2024-08
4921,R003877,G005385,2024-08
4922,R003878,G003323,2024-08
4923,R003879,G000089,2024-08
4924,R003880,G000486,2024-08
4925,R003881,G003607,2024-08
4926,R003882,G003118,2024-08
4927,R003883,G000527,2024-08
4928,R003884,G002926,2024-08
4929,R003885,G000754,2024-08
4930,R003886,G002631,2024-08
4931,R003887,G001915,2024-08
4932,R003888,G002417,2024-08
4933,R003889,G001424,2024-08
4934,R003890,G000972,2024-08
4935,R003891,G003799,2024-08
4936,R003892,G000431,2024-08
4937,R003893,G004270,2024-08
4938,R003894,G004638,2024-08
4939,R003895,G003450,2024-08
4940,R003896,G001649,2024-08
4941,R003897,G000095,2024-08
4942,R003898,G003276,2024-08
4943,R003899,G001824,2024-08
4944,R003900,G005153,2024-08
4945,R003901,G000849,2024-08
4946,R003902,G000235,2024-08
4947,R003903,G004306,2024-08
4948,R003904,G002538,2024-08
4949,R003905,G001182,2024-08
4950,R003906,G004195,2024-08
4951,R003907,G000229,2024-08
4952,R003908,G004781,2024-08
4953,R003909,G003710,2024-08
4954,R003910,G002736,2024-08
4955,R003911,G001633,2024-08
4956,R003912,G003220,2024-08
4957,R003913,G003732,2024-08
4958,R003914,G004667,2024-08
4959,R003915,G000422,2024-08
4960,R003916,G002692,2024-08
4961,R003917,G003020,2024-08
4962,R003918,G001255,2024-08
4963,R003919,G002173,2024-08
4964,R003920,G000371,2024-08
4965,R003921,G004274,2024-08
4966,R003922,G003477,2024-08
4967,R003923,G003652,2024-08
4968,R003924,G000891,2024-08
4969,R003925,G000706,2024-08
4970,R003926,G003340,2024-08
4971,R003927,G002557,2024-08
4972,R003928,G003978,2024-08
4973,R003929,G004677,2024-08
4974,R003930,G000055,2024-08
4975,R003931,G000994,2024-08
4976,R003932,G000657,2024-08
4977,R003933,G003629,2024-08
4978,R003934,G004414,2024-08
4979,R003935,G002641,2024-08
4980,R003936,G002903,2024-08
4981,R003937,G002452,2024-08
4982,R003938,G001936,2024-08
4983,R003939,G002639,2024-08
4984,R003940,G001108,2024-08
4985,R003941,G003341,2024-08
4986,R003942,G000450,2024-08
4987,R003943,G003897,2024-08
4988,R003944,G004767,2024-08
4989,R003945,G002400,2024-08
4990,R003946,G000916,2024-08
4991,R003947,G000503,2024-08
4992,R003948,G005241,2024-08
4993,R003949,G003407,2024-08
4994,R003950,G002707,2024-08
4995,R003951,G002652,2024-08
4996,R003952,G005284,2024-08
4997,R003953,G005063,2024-08
4998,R003954,G003096,2024-08
4999,R003955,G005136,2024-08
5000,R003956,G003683,2024-08
5001,R003957,G005027,2024-08
5002,R003958,G001284,2024-08
5003,R003959,G003469,2024-08
5004,R003960,G000686,2024-08
5005,R003961,G004078,2024-08
5006,R003962,G002527,2024-08
5007,R003963,G004034,2024-08
5008,R003964,G001410,2024-08
5009,R003965,G004833,2024-08
5010,R003966,G001396,2024-08
5011,R003967,G000017,2024-08
5012,R003968,G003504,2024-08
5013,R003969,G003915,2024-08
5014,R003970,G003210,2024-08
5015,R003971,G002923,2024-08
5016,R003972,G004067,2024-08
5017,R003973,G005262,2024-08
5018,R003974,G000792,2024-08
5019,R003975,G000948,2024-08
5020,R003976,G004796,2024-08
5021,R003977,G003100,2024-08
5022,R003978,G000182,2024-08
5023,R003979,G003548,2024-08
5024,R003980,G005046,2024-08
5025,R003981,G004026,2024-08
5026,R003982,G001943,2024-08
5027,R003983,G001346,2024-08
5028,R003984,G001849,2024-08
5029,R003985,G000482,2024-08
5030,R003986,G005059,2024-08
5031,R003987,G001179,2024-08
5032,R003988,G002939,2024-08
5033,R003989,G002793,2024-08
5034,R003990,G004526,2024-08
5035,R003991,G003576,2024-08
5036,R003992,G005205,2024-08
5037,R003993,G004999,2024-08
5038,R003994,G002651,2024-08
5039,R003995,G000234,2024-08
5040,R003996,G000390,2024-08
5041,R003997,G003754,2024-08
5042,R003998,G002242,2024-08
5043,R003999,G001836,2024-08
5044,R004000,G000968,2024-08
5045,R004001,G002659,2024-08
5046,R004002,G002931,2024-08
5047,R004003,G004915,2024-08
5048,R004004,G003794,2024-08
5049,R004005,G000386,2024-08
5050,R004006,G001508,2024-08
5051,R004007,G000119,2024-08
5052,R004008,G002981,2024-08
5053,R004009,G003731,2024-08
5054,R004010,G000189,2024-08
5055,R004011,G004375,2024-08
5056,R004012,G000301,2024-08
5057,R004013,G001680,2024-08
5058,R004014,G004128,2024-08
5059,R004015,G002029,2024-08
5060,R004016,G004224,2024-08
5061,R004017,G001607,2024-08
5062,R004018,G002910,2024-08
5063,R004019,G002640,2024-08
5064,R004020,G000175,2024-08
5065,R004021,G001172,2024-08
5066,R004022,G001612,2024-08
5067,R004023,G001079,2024-08
5068,R004024,G000922,2024-08
5069,R004025,G001037,2024-08
5070,R004026,G002567,2024-08
5071,R004027,G001123,2024-08
5072,R004028,G001321,2024-08
5073,R004029,G000851,2024-08
5074,R004030,G004687,2024-08
5075,R004031,G003496,2024-08
5076,R004032,G002635,2024-08
5077,R004033,G001464,2024-08
5078,R004034,G001490,2024-08
5079,R004035,G004838,2024-08
5080,R004036,G000943,2024-08
5081,R004037,G004401,2024-08
5082,R004038,G001500,2024-08
5083,R004039,G001902,2024-08
5084,R004040,G002973,2024-08
5085,R004041,G001568,2024-08
5086,R004042,G000173,2024-08
5087,R004043,G001850,2024-08
5088,R004044,G004119,2024-08
5089,R004045,G001167,2024-08
5090,R004046,G001958,2024-08
5091,R004047,G001457,2024-08
5092,R004048,G000629,2024-08
5093,R004049,G000624,2024-08
5094,R004050,G000537,2024-08
5095,R004051,G004495,2024-08
5096,R004052,G000423,2024-08
5097,R004053,G002219,2024-08
5098,R004054,G002855,2024-08
5099,R004055,G001798,2024-08
5100,R004056,G001712,2024-08
5101,R004057,G005005,2024-08
5102,R004058,G001710,2024-08
5103,R004059,G002143,2024-08
5104,R004060,G003493,2024-08
5105,R004061,G005353,2024-08
5106,R004062,G000788,2024-08
5107,R004063,G004211,2024-08
5108,R004064,G000405,2024-08
5109,R004065,G001126,2024-08
5110,R004066,G003780,2024-08
5111,R004067,G000027,2024-08
5112,R004068,G000532,2024-08
5113,R004069,G002286,2024-08
5114,R004070,G005298,2024-08
5115,R004071,G005296,2024-08
5116,R004072,G003640,2024-08
5117,R004073,G001800,2024-08
5118,R004074,G003887,2024-08
5119,R004075,G003250,2024-08
5120,R004076,G000403,2024-08
5121,R004077,G000387,2024-08
5122,R004078,G005318,2024-08
5123,R004079,G002977,2024-08
5124,R004080,G004621,2024-08
5125,R004081,G004887,2024-08
5126,R004082,G001140,2024-08
5127,R004083,G002408,2024-08
5128,R004084,G000162,2024-08
5129,R004085,G002978,2024-08
5130,R004086,G004374,2024-08
5131,R004087,G002514,2024-08
5132,R004088,G004696,2024-08
5133,R004089,G003025,2024-08
5134,R004090,G002825,2024-08
5135,R004091,G001751,2024-08
5136,R004092,G003995,2024-08
5137,R004093,G001070,2024-08
5138,R004094,G003131,2024-08
5139,R004095,G005399,2024-08
5140,R004096,G003483,2024-08
5141,R004097,G003807,2024-08
5142,R004098,G003901,2024-08
5143,R004099,G003646,2024-08
5144,R004100,G000053,2024-08
5145,R004101,G005395,2024-08
5146,R004102,G001678,2024-08
5147,R004103,G000396,2024-08
5148,R004104,G001565,2024-08
5149,R004105,G003077,2024-08
5150,R004106,G001148,2024-08
5151,R004107,G004182,2024-08
5152,R004108,G004425,2024-08
5153,R004109,G003555,2024-08
5154,R004110,G000272,2024-08
5155,R004111,G000493,2024-08
5156,R004112,G001569,2024-08
5157,R004113,G002133,2024-08
5158,R004114,G004747,2024-08
5159,R004115,G001150,2024-08
5160,R004116,G002751,2024-08
5161,R004117,G004899,2024-08
5162,R004118,G000409,2024-08
5163,R004119,G002434,2024-08
5164,R004120,G002892,2024-08
5165,R004121,G001673,2024-08
5166,R004122,G003151,2024-08
5167,R004123,G002724,2024-08
5168,R004124,G003227,2024-08
5169,R004125,G001326,2024-08
5170,R004126,G001634,2024-08
5171,R004127,G005177,2024-08
5172,R004128,G000591,2024-08
5173,R004129,G005022,2024-08
5174,R004130,G002471,2024-08
5175,R004131,G000567,2024-08
5176,R004132,G003462,2024-08
5177,R004133,G003950,2024-08
5178,R004134,G001005,2024-08
5179,R004135,G001232,2024-08
5180,R004136,G004010,2024-08
5181,R004137,G005272,2024-08
5182,R004138,G003728,2024-08
5183,R004139,G001827,2024-08
5184,R004140,G001363,2024-08
5185,R004141,G002394,2024-08
5186,R004142,G000168,2024-08
5187,R004143,G002823,2024-08
5188,R004144,G004995,2024-08
5189,R004145,G002468,2024-08
5190,R004146,G000568,2024-08
5191,R004147,G003923,2024-08
5192,R004148,G000866,2024-08
5193,R004149,G002862,2024-08
5194,R004150,G001740,2024-08
5195,R004151,G001684,2024-08
5196,R004152,G002658,2024-08
5197,R004153,G002147,2024-08
5198,R004154,G005369,2024-08
5199,R004155,G002248,2024-08
5200,R004156,G003475,2024-08
5201,R004157,G000115,2024-08
5202,R004158,G005020,2024-08
5203,R004159,G004459,2024-08
5204,R004160,G005181,2024-08
5205,R004161,G000475,2024-08
5206,R004162,G000868,2024-08
5207,R004163,G005016,2024-08
5208,R004164,G005242,2024-08
5209,R004165,G002081,2024-08
5210,R004166,G002187,2024-08
5211,R004167,G002389,2024-08
5212,R004168,G001752,2024-08
5213,R004169,G002191,2024-08
5214,R004170,G002363,2024-08
5215,R004171,G000441,2024-08
5216,R004172,G001575,2024-08
5217,R004173,G005250,2024-08
5218,R004174,G001479,2024-08
5219,R004175,G004885,2024-08
5220,R004176,G003824,2024-08
5221,R004177,G004385,2024-08
5222,R004178,G000042,2024-08
5223,R004179,G005180,2024-08
5224,R004180,G002243,2024-08
5225,R004181,G002863,2024-08
5226,R004182,G004247,2024-08
5227,R004183,G003793,2024-08
5228,R004184,G002144,2024-08
5229,R004185,G002732,2024-08
5230,R004186,G002511,2024-08
5231,R004187,G004343,2024-08
5232,R004188,G000847,2024-08
5233,R004189,G002411,2024-08
5234,R004190,G001623,2024-08
5235,R004191,G002877,2024-08
5236,R004192,G001592,2024-08
5237,R004193,G003282,2024-08
5238,R004194,G002116,2024-08
5239,R004195,G003599,2024-08
5240,R004196,G004352,2024-08
5241,R004197,G004001,2024-08
5242,R004198,G003586,2024-08
5243,R004199,G003344,2024-08
5244,R004200,G002890,2024-08
5245,R004201,G000206,2024-08
5246,R004202,G001772,2024-08
5247,R004203,G004173,2024-08
5248,R004204,G000759,2024-08
5249,R004205,G003585,2024-08
5250,R004206,G004003,2024-08
5251,R004207,G000665,2024-08
5252,R004208,G003852,2024-08
5253,R004209,G001240,2024-08
5254,R004210,G003558,2024-08
5255,R004211,G003438,2024-08
5256,R004212,G000817,2024-08
5257,R004213,G003730,2024-08
5258,R004214,G004808,2024-08
5259,R004215,G000506,2024-08
5260,R004216,G001731,2024-08
5261,R004217,G001392,2024-08
5262,R004218,G001141,2024-08
5263,R004219,G004035,2024-08
5264,R004220,G000078,2024-08
5265,R004221,G000402,2024-08
5266,R004222,G005379,2024-08
5267,R004223,G003086,2024-08
5268,R004224,G002849,2024-08
5269,R004225,G003614,2024-08
5270,R004226,G000727,2024-08
5271,R004227,G005080,2024-08
5272,R004228,G002824,2024-08
5273,R004229,G002677,2024-08
5274,R004230,G004008,2024-08
5275,R004231,G003797,2024-08
5276,R004232,G002279,2024-08
5277,R004233,G002358,2024-08
5278,R004234,G002964,2024-08
5279,R004235,G003309,2024-08
5280,R004236,G003300,2024-08
5281,R004237,G001131,2024-08
5282,R004238,G004562,2024-08
5283,R004239,G002674,2024-08
5284,R004240,G004664,2024-08
5285,R004241,G002087,2024-08
5286,R004242,G003771,2024-08
5287,R004243,G000692,2024-08
5288,R004244,G002457,2024-08
5289,R004245,G003221,2024-08
5290,R004246,G000551,2024-08
5291,R004247,G004548,2024-08
5292,R004248,G001323,2024-08
5293,R004249,G002115,2024-08
5294,R004250,G004223,2024-08
5295,R004251,G001291,2024-08
5296,R004252,G001701,2024-08
5297,R004253,G001711,2024-08
5298,R004254,G005338,2024-08
5299,R004255,G000136,2024-08
5300,R004256,G002220,2024-08
5301,R004257,G001260,2024-08
5302,R004258,G000520,2024-08
5303,R004259,G004852,2024-08
5304,R004260,G004668,2024-08
5305,R004261,G003554,2024-08
5306,R004262,G004126,2024-08
5307,R004263,G001913,2024-08
5308,R004264,G000004,2024-08
5309,R004265,G001518,2024-08
5310,R004266,G001584,2024-08
5311,R004267,G002942,2024-08
5312,R004268,G001215,2024-08
5313,R004269,G005000,2024-08
5314,R004270,G004869,2024-08
5315,R004271,G001657,2024-08
5316,R004272,G000156,2024-08
5317,R004273,G001511,2024-08
5318,R004274,G000379,2024-08
5319,R004275,G003447,2024-08
5320,R004276,G000525,2024-08
5321,R004277,G005167,2024-08
5322,R004278,G003584,2024-08
5323,R004279,G002012,2024-08
5324,R004280,G004609,2024-08
5325,R004281,G000843,2024-08
5326,R004282,G000755,2024-08
5327,R004283,G004815,2024-08
5328,R004284,G002381,2024-08
5329,R004285,G003050,2024-08
5330,R004286,G004290,2024-08
5331,R004287,G000071,2024-08
5332,R004288,G003965,2024-08
5333,R004289,G001661,2024-08
5334,R004290,G002153,2024-08
5335,R004291,G000688,2024-08
5336,R004292,G001697,2024-08
5337,R004293,G001676,2024-08
5338,R004294,G004143,2024-08
5339,R004295,G000494,2024-08
5340,R004296,G005053,2024-08
5341,R004297,G003904,2024-08
5342,R004298,G002160,2024-08
5343,R004299,G000312,2024-08
5344,R004300,G005297,2024-08
5345,R004301,G002713,2024-08
5346,R004302,G003234,2024-08
5347,R004303,G000254,2024-08
5348,R004304,G001092,2024-08
5349,R004305,G002085,2024-08
5350,R004306,G003229,2024-08
5351,R004307,G003835,2024-08
5352,R004308,G000814,2024-08
5353,R004309,G003487,2024-08
5354,R004310,G004561,2024-08
5355,R004311,G002519,2024-08
5356,R004312,G001031,2024-08
5357,R004313,G005371,2024-08
5358,R004314,G000601,2024-08
5359,R004315,G005249,2024-08
5360,R004316,G001846,2024-08
5361,R004317,G000855,2024-08
5362,R004318,G003959,2024-08
5363,R004319,G000421,2024-08
5364,R004320,G003737,2024-08
5365,R004321,G004456,2024-08
5366,R004322,G002328,2024-08
5367,R004323,G000477,2024-08
5368,R004324,G000690,2024-08
5369,R004325,G004184,2024-08
5370,R004326,G000025,2024-08
5371,R004327,G002500,2024-08
5372,R004328,G001157,2024-08
5373,R004329,G004583,2024-08
5374,R004330,G005154,2024-08
5375,R004331,G000275,2024-08
5376,R004332,G003239,2024-08
5377,R004333,G002425,2024-08
5378,R004334,G001336,2024-08
5379,R004335,G003158,2024-08
5380,R004336,G001154,2024-08
5381,R004337,G002543,2024-08
5382,R004338,G003412,2024-08
5383,R004339,G001359,2024-08
5384,R004340,G004560,2024-08
5385,R004341,G002333,2024-08
5386,R004342,G001076,2024-08
5387,R004343,G003895,2024-08
5388,R004344,G000113,2024-08
5389,R004345,G005093,2024-08
5390,R004346,G004398,2024-08
5391,R004347,G000880,2024-08
5392,R004348,G003381,2024-08
5393,R004349,G002064,2024-08
5394,R004350,G002647,2024-08
5395,R004351,G003004,2024-08
5396,R004352,G003052,2024-08
5397,R004353,G002189,2024-08
5398,R004354,G002721,2024-08
5399,R004355,G002145,2024-08
5400,R004356,G004209,2024-08
5401,R004357,G001254,2024-08
5402,R004358,G000513,2024-08
5403,R004359,G005202,2024-08
5404,R004360,G001614,2024-08
5405,R004361,G004086,2024-08
5406,R004362,G003451,2024-08
5407,R004363,G002548,2024-08
5408,R004364,G002117,2024-08
5409,R004365,G004768,2024-08
5410,R004366,G003763,2024-08
5411,R004367,G000886,2024-08
5412,R004368,G000757,2024-08
5413,R004369,G002137,2024-08
5414,R004370,G001597,2024-08
5415,R004371,G001264,2024-08
5416,R004372,G003351,2024-08
5417,R004373,G004551,2024-08
5418,R004374,G001989,2024-08
5419,R004375,G002891,2024-08
5420,R004376,G002136,2024-08
5421,R004377,G001468,2024-08
5422,R004378,G003251,2024-08
5423,R004379,G000456,2024-08
5424,R004380,G005157,2024-08
5425,R004381,G001183,2024-08
