request_row_id,request_hash,profile_sim_id,analysis_weight,policy_horizon_months,simulation_month,scenario_id,embedding_row,in_N50,in_N100
53C631FEA280DCA87A343726A8BC9CFD126DE9C8B12943EF0E39E3D4783DFCAC,92CCE47C305350B5B27B3085FCD50CC2A8654EC1A9928D4ED0167DDFB424B6AA,002d346597cb1e401d1f47cc5beff53680aa0ee6fa0cb58f895a8a21738e143f,0.5683367466636435,0,2021-08,P0,0,False,False
45232621DFE50A5C0CBA05EAB6F918CFCBEA89F04BB51516826C719EBA63C39C,06FA9C707784D3CED05FFFC67DC90FD26DC2C93490F917CDE35E08C5312D1472,002d346597cb1e401d1f47cc5beff53680aa0ee6fa0cb58f895a8a21738e143f,0.5683367466636435,0,2021-08,P_ABC,1,False,False
BE7E2E89834C879B8F6DABE207FB52B367D0DF1C3996CA4EDE281E01937A3BF4,60D10B5AC2D1E294A5EFE6FFCF85A45F9334D889F882D3205E24F9BB648BA9CC,002d346597cb1e401d1f47cc5beff53680aa0ee6fa0cb58f895a8a21738e143f,0.5683367466636435,6,2022-02,P0,2,False,False
B9BFAAA46E40617A7E33D22DD728DFAC13F2260CD0C5CA0485F5ED9C0F04C7FB,97B5AD4B2A105F2A213AC7B0F719F9C01A14F1A0CBD2571D19C3FC529E7FEAF2,002d346597cb1e401d1f47cc5beff53680aa0ee6fa0cb58f895a8a21738e143f,0.5683367466636435,6,2022-02,P_ABC,3,False,False
2E4A73B33D7BE8C359A2F06C2F01074F3BE0C985A1E2CC109E4145A2932830CA,06D089FBF2D8A0092C3B953BD3EAAD54C823D268456E05C688F6D69026A49C2C,002d346597cb1e401d1f47cc5beff53680aa0ee6fa0cb58f895a8a21738e143f,0.5683367466636435,12,2022-08,P0,4,False,False
888A3EE354F348771898644D079400E867B06A03AF09775CDC9B00A6394CCB7E,63D96000C7149944935A424F6157263BACEE3805E11BEB1E400A9355C04A9E82,002d346597cb1e401d1f47cc5beff53680aa0ee6fa0cb58f895a8a21738e143f,0.5683367466636435,12,2022-08,P_ABC,5,False,False
3DBD63D7EA77AB9EF3D7327820BAD9B928B2A7DC9CD40D05D752F85ED0FF60E9,06D089FBF2D8A0092C3B953BD3EAAD54C823D268456E05C688F6D69026A49C2C,002d346597cb1e401d1f47cc5beff53680aa0ee6fa0cb58f895a8a21738e143f,0.5683367466636435,24,2023-08,P0,6,False,False
B2D1E7D990F8FBB17D726F012BFFC230577E6EC9D29FFB1BF61ACF2907205431,1B120783B82703BCD5A5AB6D778D9CBCAB6CEBD44FB512AA85996CEFB7DB5FFE,002d346597cb1e401d1f47cc5beff53680aa0ee6fa0cb58f895a8a21738e143f,0.5683367466636435,24,2023-08,P_ABC,7,False,False
2BCB84547346931935A68D4DD0A8F4189857C293118EF91871CAE2B94FCD3BF3,06D089FBF2D8A0092C3B953BD3EAAD54C823D268456E05C688F6D69026A49C2C,002d346597cb1e401d1f47cc5beff53680aa0ee6fa0cb58f895a8a21738e143f,0.5683367466636435,36,2024-08,P0,8,False,False
FEA5AA051E5E4DD26F3D236C82D104903AF13309C28C81F7FD856DCD46EF9A31,00E604BDBAFA3D7CD7242D0FF030C09DC8DC3BD533CEA77B2ABD5DE5BBDD4298,002d346597cb1e401d1f47cc5beff53680aa0ee6fa0cb58f895a8a21738e143f,0.5683367466636435,36,2024-08,P_ABC,9,False,False
4BE78F2B7718936ABD3D654DBBB1EA631FAF8645DBAAE0A6814F5179C623B533,A5B7BBB6E1CBF4FD404D6C1C4299F9C887E10EA79E2259FCDAEDB1AF6D338247,006b034bdf319bcecf9bf1244bdd4058702b2d31eb4c4d08341783bbbc8ad69c,8.146790438029551,0,2021-08,P0,10,False,False
2C9A8E0FF054639D26F4316F81D42ABE4F404EB59773FA3CC5E5360E568A5BD6,6AA7B8B186A14E3D25EEECD2C61977287441BB4348FC3B9F9CE1EC05F84462EF,006b034bdf319bcecf9bf1244bdd4058702b2d31eb4c4d08341783bbbc8ad69c,8.146790438029551,0,2021-08,P_ABC,11,False,False
7CA9AF27F044F4DAD16ECEA70B063D8AD9C33C881F4566463962E713A2E58781,F95DFEF90D414BEDD5B90140A337971C3C368CDED719C86867AE3D0A5549E308,006b034bdf319bcecf9bf1244bdd4058702b2d31eb4c4d08341783bbbc8ad69c,8.146790438029551,6,2022-02,P0,12,False,False
049E715045B3C0B07E5CE8F76A1772D0C7792822F4B8543336667043ACCD64C2,A9C1DCA1E477F92CE036B920A161C9F68CF868D4A29F08A75B224F8B68B3E3B2,006b034bdf319bcecf9bf1244bdd4058702b2d31eb4c4d08341783bbbc8ad69c,8.146790438029551,6,2022-02,P_ABC,13,False,False
C2C565EF6B6099149CEBC810ADF266D601FE56276711EC34CFD492B6B3D7FB2F,3748F2610CBA3B70BD91EFFBB2F74769229472B52816CF7711AE3709B19CD9BD,006b034bdf319bcecf9bf1244bdd4058702b2d31eb4c4d08341783bbbc8ad69c,8.146790438029551,12,2022-08,P0,14,False,False
1B533AD9222627EC79E1F2710C7C017588A3591E94BBD4220797869D8682AB01,95F55E737EC4F5F6B1CEF500B3895B0F75029740597BBFB35CC4F106C8AB9D11,006b034bdf319bcecf9bf1244bdd4058702b2d31eb4c4d08341783bbbc8ad69c,8.146790438029551,12,2022-08,P_ABC,15,False,False
2F9FBC35230CB4243E7B7166560B81D6B84698E1100C2EB0688003EA2A5BF928,3748F2610CBA3B70BD91EFFBB2F74769229472B52816CF7711AE3709B19CD9BD,006b034bdf319bcecf9bf1244bdd4058702b2d31eb4c4d08341783bbbc8ad69c,8.146790438029551,24,2023-08,P0,16,False,False
489376D4399106DEFD00AC17C03116D83F433CD6C7EBEE4827121FA4FB5B05EE,935B8736A78A5EB70E9EC96D74516E01ACC9F16FECC0F23BFCB3FDBCDEE15E63,006b034bdf319bcecf9bf1244bdd4058702b2d31eb4c4d08341783bbbc8ad69c,8.146790438029551,24,2023-08,P_ABC,17,False,False
CFA21972D772E6A3B6AA908A1285C2E9C178DBC770CEA945509639239F7446EE,3748F2610CBA3B70BD91EFFBB2F74769229472B52816CF7711AE3709B19CD9BD,006b034bdf319bcecf9bf1244bdd4058702b2d31eb4c4d08341783bbbc8ad69c,8.146790438029551,36,2024-08,P0,18,False,False
72BAEBE25D3A1EA02832D27593AACDB15FF3995570293F3C579FA580EAF6A3D6,3A7DF39328B9F90F0B27581F96B942C1060AE7C60F62F2AFD02B70805B79BA42,006b034bdf319bcecf9bf1244bdd4058702b2d31eb4c4d08341783bbbc8ad69c,8.146790438029551,36,2024-08,P_ABC,19,False,False
59928CECA457B34748E950199876064896BCB68219847C5BDD67188FA4346B46,4A0D40A1441857E0693460BC7B20D17B6CEF47C7923A9C8338A9BDACFDC86BC6,0207d96f66d0b92b52abe33b524d18d63b04949fd4cd3f0a41ef28ee88c90919,14.768435975556036,0,2021-08,P0,20,False,False
67496FA08364CF3914322C6EABE2B28939AA4A7C5D26AD5FDB1F3CC2B4C8D3B0,C0674F2D995C13E0F6B636A570E8AF8C7A10F3005E12B2A2A84CDCF76DCF9570,0207d96f66d0b92b52abe33b524d18d63b04949fd4cd3f0a41ef28ee88c90919,14.768435975556036,0,2021-08,P_ABC,21,False,False
95B977AE45A0C4444D65776DFA9148F74BB179E6C1F3BB814A879AA8B52C17D9,A6017F804C5A3A05E695B57228A88520C733075AD37893B09165B6209B1B78F5,0207d96f66d0b92b52abe33b524d18d63b04949fd4cd3f0a41ef28ee88c90919,14.768435975556036,6,2022-02,P0,22,False,False
74C29081E9596BBF3A9DEF28E145752D4B6AC9B1D462C2DDC2945ADA0B790B4E,AB38BCDC6FDFFF94CC51018A7BB0719A06CAA99EE98A125B6918B8534B5E2486,0207d96f66d0b92b52abe33b524d18d63b04949fd4cd3f0a41ef28ee88c90919,14.768435975556036,6,2022-02,P_ABC,23,False,False
E67E785160FBF10951F465576177C93513DBD2FC111F924946718282C4909FA7,89ED8D7D3D14D0A27DCB238BC6F5109ACABB8397303EF0A4D995A5786C8A386D,0207d96f66d0b92b52abe33b524d18d63b04949fd4cd3f0a41ef28ee88c90919,14.768435975556036,12,2022-08,P0,24,False,False
A85A0B267B78B391E7E1B60BA0374D4B9A6C8A5D3E7F754148050574231C5401,BC2122CF4C9E39FF317638A113273A44D58171B0409124C65AFB0F00C0B951E3,0207d96f66d0b92b52abe33b524d18d63b04949fd4cd3f0a41ef28ee88c90919,14.768435975556036,12,2022-08,P_ABC,25,False,False
5026D30A1A0DFC201C3768F4CE9AF657B1E9B491D8DBBD58B26D18EE911CC6F9,89ED8D7D3D14D0A27DCB238BC6F5109ACABB8397303EF0A4D995A5786C8A386D,0207d96f66d0b92b52abe33b524d18d63b04949fd4cd3f0a41ef28ee88c90919,14.768435975556036,24,2023-08,P0,26,False,False
E280AF4ACC2EB3F95727AFD531201A0572F3C6A1F129A66A0730411EC4E0FB1B,6F9C8F18705512FCD239BA2489C999071266BFC4DCA98EEA3739F987A2E3118D,0207d96f66d0b92b52abe33b524d18d63b04949fd4cd3f0a41ef28ee88c90919,14.768435975556036,24,2023-08,P_ABC,27,False,False
E15F2943C8577144E06E8E9DC58A12440E1611B6A9B3F005289E2B85388D8533,89ED8D7D3D14D0A27DCB238BC6F5109ACABB8397303EF0A4D995A5786C8A386D,0207d96f66d0b92b52abe33b524d18d63b04949fd4cd3f0a41ef28ee88c90919,14.768435975556036,36,2024-08,P0,28,False,False
82897C817915E14C00709D66D123B458E1E180D37164ED5A02A703C248A38FF3,67FADB4AC3FF9BCB4E7356855D069D8223D3A0ED9EC7775513A38CDBE9FB0C92,0207d96f66d0b92b52abe33b524d18d63b04949fd4cd3f0a41ef28ee88c90919,14.768435975556036,36,2024-08,P_ABC,29,False,False
C313F77DDE27B30A19F3557C94CC8BDD6151ADA120E1345E665337E5186B3BAE,CF55A65F122FF156CEB00C12E7837206FE53BA7DE5B741B11560E7AC351F7BF3,028ab16eb89ab5d75be10d5ac779fe151a996ce27b2bf8c7c1e46393f5272146,6.70930974703116,0,2021-08,P0,30,True,True
D6A57DA6A6411AF80237A5091CF85317EF43419A3AAB9B04537E0AD29CE78DF0,905760DC6646E37469F7D7DF1E723FAE4C6C35313F5A65CAA596BB231AE5140E,028ab16eb89ab5d75be10d5ac779fe151a996ce27b2bf8c7c1e46393f5272146,6.70930974703116,0,2021-08,P_ABC,31,True,True
49FDB7E875EB05E63014F7D7C4F6F9AE40578AFD1C70160AC27DDD3095AEBF30,9011EB2D14F19797440ADBA6152F67286AD5526EE282EB77341F70915B92798C,028ab16eb89ab5d75be10d5ac779fe151a996ce27b2bf8c7c1e46393f5272146,6.70930974703116,6,2022-02,P0,32,True,True
C1F30D7AAE3942F7C5B7488AC04EB462A2442F0AEE0214130857DEBCB1CEAA65,D9C2C98E79CD7040D27D3764A79DF5D40DD6C31214917C7E1C8BE2DD830409AF,028ab16eb89ab5d75be10d5ac779fe151a996ce27b2bf8c7c1e46393f5272146,6.70930974703116,6,2022-02,P_ABC,33,True,True
88051772842C0F3FDFABD19BC241E8D473CEF1702690B9ED5115A7A8DDD01368,72123A3D025DDBC2E14076AB0AFCD9A8AC2671652AB1A8299E55B470661D0CF3,028ab16eb89ab5d75be10d5ac779fe151a996ce27b2bf8c7c1e46393f5272146,6.70930974703116,12,2022-08,P0,34,True,True
AB531BE71421A2A71A631B7508886BEFE2EE9100A2F8308EEDBDFD22220CA4AB,80F6E8DC713A3B81605B13EBF052B87FBA52A346E13ED05C2BB791DA3C9E0B80,028ab16eb89ab5d75be10d5ac779fe151a996ce27b2bf8c7c1e46393f5272146,6.70930974703116,12,2022-08,P_ABC,35,True,True
97F09A8E5A50BEACD2B147B38B24D3D9E42246694AE8D64A588E9DA4350F414C,72123A3D025DDBC2E14076AB0AFCD9A8AC2671652AB1A8299E55B470661D0CF3,028ab16eb89ab5d75be10d5ac779fe151a996ce27b2bf8c7c1e46393f5272146,6.70930974703116,24,2023-08,P0,36,True,True
42AEABC116DFA8D2FFA86EE539A8934E38E89289003A2243863ED376A769DA79,D19269CFAD26D13D63D8175F073FCE1D3C3ADDEE894697E7FC6D98B053FC9A7F,028ab16eb89ab5d75be10d5ac779fe151a996ce27b2bf8c7c1e46393f5272146,6.70930974703116,24,2023-08,P_ABC,37,True,True
8E4AD69A4B285C751E7CF795BBFE5E9BDEE49ACEF02838958FAC6F3BC633A1FA,72123A3D025DDBC2E14076AB0AFCD9A8AC2671652AB1A8299E55B470661D0CF3,028ab16eb89ab5d75be10d5ac779fe151a996ce27b2bf8c7c1e46393f5272146,6.70930974703116,36,2024-08,P0,38,True,True
358C4B47F13AF082C9487A41AC0F2D85CE0031078F1CDE5E803C2E6453646B6B,60C7B2E8EDBEF960E2E6F6B7B31223C0250E68370454A0A5C14E1700224BA5C7,028ab16eb89ab5d75be10d5ac779fe151a996ce27b2bf8c7c1e46393f5272146,6.70930974703116,36,2024-08,P_ABC,39,True,True
B4952080E895B264992493062A0DF40408C2D6E239C7B654413764FE8007C3D9,402407CA56629698AB91A738C56DE6B8BA458908903AF5694A6C02FBC0834CA4,0770e48993209b880880c6c8fe4a894776f68de61d00f7fd384d99b8ff42c93b,17.398777306957673,0,2021-08,P0,40,False,False
662452E4F472F588EAB8D7D55283ED5DBD022EFBE3D97D0EDE8A3AABE35C3D53,80458CA547ADAA8E86DD266E61D54247C2B57126A29651B7C5428EAA067C16C9,0770e48993209b880880c6c8fe4a894776f68de61d00f7fd384d99b8ff42c93b,17.398777306957673,0,2021-08,P_ABC,41,False,False
69DA9C5217BFCAA4440B019D260D5062E17D3310366E4D71032825A6C3041248,0AC49B50C240B56F54A8D2B60C7FC9C6E56E2A2C04FDBABBC9DADF0C2808AD77,0770e48993209b880880c6c8fe4a894776f68de61d00f7fd384d99b8ff42c93b,17.398777306957673,6,2022-02,P0,42,False,False
62DAD6917BFFFBF9FE87F09802B3D9C944EA5A8FE84F54DC40129B25431AAB43,B4C03F14720DD9CB45B69C4347066B2E0C96F7E7751547E38E938F2850A0370B,0770e48993209b880880c6c8fe4a894776f68de61d00f7fd384d99b8ff42c93b,17.398777306957673,6,2022-02,P_ABC,43,False,False
4CF28D0D604440B4759D4A69B2023A4A5376E77A525EB09B5D36D1BEA1305032,9AEE7185A9B8F2C68408FD65592BF5C31C6DBDB53BE82CADE2A815DD0217F82C,0770e48993209b880880c6c8fe4a894776f68de61d00f7fd384d99b8ff42c93b,17.398777306957673,12,2022-08,P0,44,False,False
89733E0ED81897DE692BDC9136137BB2BF1AB3DFAF6228711ABE57FFD8068EDD,4A9FA72C4E87C22FE14EA45CCE16BE3E19AE813F161D9903003304852C9612C3,0770e48993209b880880c6c8fe4a894776f68de61d00f7fd384d99b8ff42c93b,17.398777306957673,12,2022-08,P_ABC,45,False,False
B1D7A8E0BC44CFF96219FFE1B3CD786DE181624181CF009B3CD793E265D00A7F,9AEE7185A9B8F2C68408FD65592BF5C31C6DBDB53BE82CADE2A815DD0217F82C,0770e48993209b880880c6c8fe4a894776f68de61d00f7fd384d99b8ff42c93b,17.398777306957673,24,2023-08,P0,46,False,False
8A485CC0BE6C5AD7929DE77AD526E6AE9382AA96BF0FD5308DDB312C1D7F918D,F05979D68C3C64D70EEF74F5DE14EB2BC3E24E3DCCF0ECAB7E1B56677BAFC230,0770e48993209b880880c6c8fe4a894776f68de61d00f7fd384d99b8ff42c93b,17.398777306957673,24,2023-08,P_ABC,47,False,False
0A37966F057CFD2DB79B08FD841BE95ADD2F0593BD5B1D2F6A97C4926C45D6B9,9AEE7185A9B8F2C68408FD65592BF5C31C6DBDB53BE82CADE2A815DD0217F82C,0770e48993209b880880c6c8fe4a894776f68de61d00f7fd384d99b8ff42c93b,17.398777306957673,36,2024-08,P0,48,False,False
75B6DB300DE0EFBBBE5094BFC6CDF9D743BE707CB270501C086EC137FB243234,7F0255E037A5D24AE22C353414D2E321698DD6CE9A2BF59E0B70D083ACC8785A,0770e48993209b880880c6c8fe4a894776f68de61d00f7fd384d99b8ff42c93b,17.398777306957673,36,2024-08,P_ABC,49,False,False
14C0B812BCA522436C35446051EC749C05497BFECB1CEFA9B2FBAF7F4D9407DB,AE099A8125216A2A22CFA8F773AC706754CCE77F22EDF74D1C7E7CA37934A52A,07895e57be37f6fb7497f18d7d9426c58d54c0122e7879f2f3fa0ba2f8748577,5.531713262512839,0,2021-08,P0,50,False,False
D32290BE7FAD44FC51C768A7D998DC68BBB7739378C5FE0C6B269E672CBC3D5C,04F72AA12ED2C5F253C8A6B8FC5FA395CE3C113019DA26549D2CACBE14D3BAEC,07895e57be37f6fb7497f18d7d9426c58d54c0122e7879f2f3fa0ba2f8748577,5.531713262512839,0,2021-08,P_ABC,51,False,False
E96C473F5CB2AB946BFEF7BCB53BD0A8EA91A0504DAB9A4C1AC24A5D90C3E09F,35BB1562EFEB9B6A36A6800DDB972E2ECCCE95C814C3119B16EC7F45CB5B3468,07895e57be37f6fb7497f18d7d9426c58d54c0122e7879f2f3fa0ba2f8748577,5.531713262512839,6,2022-02,P0,52,False,False
B4B28D6B32204A5BE18AE6BE917A358FBAD0FFBA97B1E360AF2736CC17D52224,C88AC7B0063BF1BCEC977B0AC094697639D7F864257A939EBA9DEBC233009CA4,07895e57be37f6fb7497f18d7d9426c58d54c0122e7879f2f3fa0ba2f8748577,5.531713262512839,6,2022-02,P_ABC,53,False,False
5E0B227E7CA370D8EF9B6AA9CC4428BD09AA2F1E72E92023B05BD77CC2ECFF2B,FFB9DFD8A68E460D2D57276E99B0F863C62F49462473AA3708D2602227B1F864,07895e57be37f6fb7497f18d7d9426c58d54c0122e7879f2f3fa0ba2f8748577,5.531713262512839,12,2022-08,P0,54,False,False
756B75DB6234F4CC627809A05BCCBAB7FCEB424C56E47499DFFDD40EC3C0B23E,CDF8DACD03519395A454F7EA60AC347FACF52D8AE716997A9DE85FE164EF72FD,07895e57be37f6fb7497f18d7d9426c58d54c0122e7879f2f3fa0ba2f8748577,5.531713262512839,12,2022-08,P_ABC,55,False,False
5962409DCC53C2C9F5200EF9679F1DCDC7FA454E68C1552594580AE61C0D8D27,FFB9DFD8A68E460D2D57276E99B0F863C62F49462473AA3708D2602227B1F864,07895e57be37f6fb7497f18d7d9426c58d54c0122e7879f2f3fa0ba2f8748577,5.531713262512839,24,2023-08,P0,56,False,False
9229819458987EAAC8DDE19C4668A2756ABFBECC18F38423E2C0ED903A2263C3,9C5C6AC718C43EFB563ED46809F39D86EEC753EA726E6DCA630A71EE32F4F594,07895e57be37f6fb7497f18d7d9426c58d54c0122e7879f2f3fa0ba2f8748577,5.531713262512839,24,2023-08,P_ABC,57,False,False
1509BCCDBF28D51FC93F0E1E1D04AEBE8683A87073E2547BE119D429546CF3E5,FFB9DFD8A68E460D2D57276E99B0F863C62F49462473AA3708D2602227B1F864,07895e57be37f6fb7497f18d7d9426c58d54c0122e7879f2f3fa0ba2f8748577,5.531713262512839,36,2024-08,P0,58,False,False
FD0E7BF09AAFE9B014404E6F60283929550079DA0AA3CA64888C1BF675CC4586,4E353C9AD41CC307139D45E4100315C33A7C24D8503CBEC5C59E707539DDA6EB,07895e57be37f6fb7497f18d7d9426c58d54c0122e7879f2f3fa0ba2f8748577,5.531713262512839,36,2024-08,P_ABC,59,False,False
18292906AE14581560A80C53E9C4CF9FBBE689EBEDE0FF0DB1E99F2759751180,BE0C0E4D5EB0DD4B557EE4ACBE88BD47AC8DA68EAB2AA2D50FA6E9EBA23753A6,095f5689febd0a7455af936a802de4ecfcbe8decf24cfea7a09b124b351eb155,11.017775719326456,0,2021-08,P0,60,False,False
2CD1E8E3FCDC9DBD45E266EC9ED6AFDBADEA1C3FA7FC04577FB3A61F460EE3CF,FE833BE14B89ADF0D8A9006068143C8136D72873F05399CB90C113EF7F851DDF,095f5689febd0a7455af936a802de4ecfcbe8decf24cfea7a09b124b351eb155,11.017775719326456,0,2021-08,P_ABC,61,False,False
E00E8FCCFA817EF41E68BBB930BD1624FE562F60CC1F40182FC8B745482672EE,B6B3A284013DC54E98B02B2CCEAC4998931608A96D73E97EE0C8B2F9F441F312,095f5689febd0a7455af936a802de4ecfcbe8decf24cfea7a09b124b351eb155,11.017775719326456,6,2022-02,P0,62,False,False
DBCE47456D0E2DFE52F5C9AF83147DB89E9221533C96EE554CF9CC3AE02D0FB4,8DD71C696DB577FF5D91AA4BFA14CC96F34A3B907E81A18E7929CBE48E87643A,095f5689febd0a7455af936a802de4ecfcbe8decf24cfea7a09b124b351eb155,11.017775719326456,6,2022-02,P_ABC,63,False,False
72DD699CC0AA427F5CC1A38B51882216267D152402E1D244CF78B05CB0191FF4,F24951B5BE99841A018FCF71AB22074C3C3D196784319566B1AC2032ED9E1B9B,095f5689febd0a7455af936a802de4ecfcbe8decf24cfea7a09b124b351eb155,11.017775719326456,12,2022-08,P0,64,False,False
F91B5E59C0800F1E0C3DF3F90AB970C5EAD68E33C0FB5F9358F7A7542E179E32,7238D60A00CCF0D9C2F026E19A14BC55A3C5669D4A1B41D6435B745D8B5031C5,095f5689febd0a7455af936a802de4ecfcbe8decf24cfea7a09b124b351eb155,11.017775719326456,12,2022-08,P_ABC,65,False,False
E85EE3379D3FA57E74A06138853DDFBB4F46CC9B89E03E93745A9B274E484E47,F24951B5BE99841A018FCF71AB22074C3C3D196784319566B1AC2032ED9E1B9B,095f5689febd0a7455af936a802de4ecfcbe8decf24cfea7a09b124b351eb155,11.017775719326456,24,2023-08,P0,66,False,False
F9F45C4E0AE435B35AD1591BEFBA0C06CA4B62681171A046CE90FFEA8BA312AB,0DB180A475CB9D6FF8243E2BCEFBDDE412D2D5EC747E01AA4207EBEE6EE9EFA5,095f5689febd0a7455af936a802de4ecfcbe8decf24cfea7a09b124b351eb155,11.017775719326456,24,2023-08,P_ABC,67,False,False
251C9993D9513EB61E74B96E17FEE24F44F812B0C43B752A43C8C54F78252AEE,F24951B5BE99841A018FCF71AB22074C3C3D196784319566B1AC2032ED9E1B9B,095f5689febd0a7455af936a802de4ecfcbe8decf24cfea7a09b124b351eb155,11.017775719326456,36,2024-08,P0,68,False,False
5D5DF8C7E3AB8C0EE7E396635882D16BF7D2D10CCA551EED366ED5F7CB69D23B,773420984AD1B405B620127F412223C83927D641552A31ED0F0BC1593202F7C7,095f5689febd0a7455af936a802de4ecfcbe8decf24cfea7a09b124b351eb155,11.017775719326456,36,2024-08,P_ABC,69,False,False
ADEF12315F663504FF16E0FB7E6520727E26E92F955ED5CF39F97B750CF45F4F,17AE5813B4FB02719E4C8DD7B669257A02B9E57F0DA125DDEFF7BA849BDAD0A2,1531987208c0260f9c3aa61863be53305410b5c152f70de8f96959d86255a462,10.742517479611204,0,2021-08,P0,70,False,True
D8FFD39B195A6C5F27CF2980BE0B2574BC3FE2747F1FB5164457C08EAC57ABD3,C0726979B5A244DF4B38313E99F9CC0F3F84911D2ED2FF725A5424A90E0E6B6B,1531987208c0260f9c3aa61863be53305410b5c152f70de8f96959d86255a462,10.742517479611204,0,2021-08,P_ABC,71,False,True
3CCAE0AA7229AFFE1250E5661CCC8F654DCAB6B036001F0F40839E3D143A234B,B11EEBE8F7A008069667D5AECC98A2D63C31C0430DBEEF9DD2E93D1846D3F0C7,1531987208c0260f9c3aa61863be53305410b5c152f70de8f96959d86255a462,10.742517479611204,6,2022-02,P0,72,False,True
C0307EAF39CF899C1E3C00D8117C2104506AEACDE84672E13673C6474FF3AE68,C87C2535ABC17D3EB6CE8823153572493C56BF6045FEB6EAFB9CB09089DC7E4C,1531987208c0260f9c3aa61863be53305410b5c152f70de8f96959d86255a462,10.742517479611204,6,2022-02,P_ABC,73,False,True
26B74039F45114F076D2BCFEABAA1C7243DB6DD863BAF21135E6D4F43756295B,75D7A455C85F6E764CC0F22AD7634659471E2B57E4503CD1A7A6E0E83BA64B27,1531987208c0260f9c3aa61863be53305410b5c152f70de8f96959d86255a462,10.742517479611204,12,2022-08,P0,74,False,True
5BC229DBBBA4138A8137617E21E5134C71C65EA42A57A94C7CC40AD972574246,4F553EE45A1253FF1FA263348B7E78F52C23CE8F3CBAFC27046A64432C2A12DC,1531987208c0260f9c3aa61863be53305410b5c152f70de8f96959d86255a462,10.742517479611204,12,2022-08,P_ABC,75,False,True
FD9A7D62BF8E3F205A8F2821835F063B59413F6980CCAA6F20346F8950443D8F,75D7A455C85F6E764CC0F22AD7634659471E2B57E4503CD1A7A6E0E83BA64B27,1531987208c0260f9c3aa61863be53305410b5c152f70de8f96959d86255a462,10.742517479611204,24,2023-08,P0,76,False,True
6F65BD1B5117746F02B014459C29CBE00FC116E5814FAC54040973C47EFB2B8E,AD69456F5F2463A12483743EC2EEE3BEC78D8C9B30C31A9EF13EC431EBA78F9D,1531987208c0260f9c3aa61863be53305410b5c152f70de8f96959d86255a462,10.742517479611204,24,2023-08,P_ABC,77,False,True
7AFA406258127FB01A0DFFD7C96CD5CC12B8BCB3954465FEFD53B19AD4613998,75D7A455C85F6E764CC0F22AD7634659471E2B57E4503CD1A7A6E0E83BA64B27,1531987208c0260f9c3aa61863be53305410b5c152f70de8f96959d86255a462,10.742517479611204,36,2024-08,P0,78,False,True
FE6BAE654C4DCD0DB7AE0723924B176EFD377CA6D9FB2FB2A5188266B0B86AD8,07B1A2DCEAC7512B0F066F2F6053F28741C17E35519CB7A8920B1573FB8E3720,1531987208c0260f9c3aa61863be53305410b5c152f70de8f96959d86255a462,10.742517479611204,36,2024-08,P_ABC,79,False,True
71B5C32D995B08C3868081A7F17921C7AB714C90569237C9D6A3DB84E673CA9C,108C340C5989450B982181F99764DDE66C1FD24B2C0A44F6A4B55E74A447639E,16b480f3614ed066e3a78818a7d554d8513fc67b8bf0e4838a7f5bd71a4eba28,6.445823893603163,0,2021-08,P0,80,False,False
2A7A3BACD21436CAF0844806EFBEDB58A8A924A6A9457654093A4C47C63A81EF,AFF265872266D3C8BC74905BB53589B1F518F96902316EB2723282CA3192BC0D,16b480f3614ed066e3a78818a7d554d8513fc67b8bf0e4838a7f5bd71a4eba28,6.445823893603163,0,2021-08,P_ABC,81,False,False
34FB29E0C90B4E5C73D3527520228C814F76CB373B4AAC626EB2B86BFA8EA5FD,CE857F31235D504DCF4B7FC844515358021B37247E77B5C6B09E8A5EA09B20DC,16b480f3614ed066e3a78818a7d554d8513fc67b8bf0e4838a7f5bd71a4eba28,6.445823893603163,6,2022-02,P0,82,False,False
8A46670143465CED27C3D1FA11754624EBFF9F0CF17C2B8E848E730F09A2DC22,446B7BBC1B213B6048B360DAA5C51433A19E67534B4150F80D25DBC9B7A62206,16b480f3614ed066e3a78818a7d554d8513fc67b8bf0e4838a7f5bd71a4eba28,6.445823893603163,6,2022-02,P_ABC,83,False,False
7C24B7150E82987E4A1B6C10F32426EAF4A5D58043D11CF54DA88F0FCA48CA55,956C25F911D364300DDFC391A9F4483B8F6D29E623E70B90CA3BD3F2D22DAE65,16b480f3614ed066e3a78818a7d554d8513fc67b8bf0e4838a7f5bd71a4eba28,6.445823893603163,12,2022-08,P0,84,False,False
FF9C20818B86CB5E87DEB0784073D7AB62DCA061A58682A287B989122FB56DC4,4AC11E1303931051E585EED3C46B287300D2887A0115F386FB948C7753C4F385,16b480f3614ed066e3a78818a7d554d8513fc67b8bf0e4838a7f5bd71a4eba28,6.445823893603163,12,2022-08,P_ABC,85,False,False
4E2DE4AA8D4BE8F279C952E538E1CFC71538F40FF3109F6DC5E65EFB8A7CCE5E,956C25F911D364300DDFC391A9F4483B8F6D29E623E70B90CA3BD3F2D22DAE65,16b480f3614ed066e3a78818a7d554d8513fc67b8bf0e4838a7f5bd71a4eba28,6.445823893603163,24,2023-08,P0,86,False,False
75E77C5A8DFB92B7CD01DE2699EB031B76EF427031467C29EC3A9B771425C4FB,27D4CAD2A6D867C752DF51785F9335269C80670A662E63B2C8BFB38C1977B942,16b480f3614ed066e3a78818a7d554d8513fc67b8bf0e4838a7f5bd71a4eba28,6.445823893603163,24,2023-08,P_ABC,87,False,False
7A6E3181821738C48F0B0368DF8E0F04F6CA61BBF2AFB243D872483228A8C95E,956C25F911D364300DDFC391A9F4483B8F6D29E623E70B90CA3BD3F2D22DAE65,16b480f3614ed066e3a78818a7d554d8513fc67b8bf0e4838a7f5bd71a4eba28,6.445823893603163,36,2024-08,P0,88,False,False
FE9549092FAE6F5523F9793511AF435A2072D35D61DFCBB050A2C6E4A5BA4974,4A07EC8001FD3D0A7AEE572D474ACB4A9B1F3CE54BACBF51B78B8850A23F2E60,16b480f3614ed066e3a78818a7d554d8513fc67b8bf0e4838a7f5bd71a4eba28,6.445823893603163,36,2024-08,P_ABC,89,False,False
C0863FD1575D65D62D2C12EA6795FA310FAD4B8E7C6123497A39125D408B770E,A572B0DD1429A14B42C822174F846843C992B171B72A2FB2A926B7878E721B29,199b64ee4a204f420933a33fc99b0024578ca4935c24082ce06b37c3176b44ed,4.069887406796444,0,2021-08,P0,90,False,True
7AA2CADD64B9B8864C8220D978BE9B1FEE55D896D41A17F6D9A68ACF5D0E8CFF,4CBFAAD2500441CFB13C847D7852D9529B84455F42E4FC00354CB4C3F063B2B8,199b64ee4a204f420933a33fc99b0024578ca4935c24082ce06b37c3176b44ed,4.069887406796444,0,2021-08,P_ABC,91,False,True
6044B027B87E7641757C90CC2ED251CBBBE4BD192B6FE41B669C77C709D5C443,9958E300D13E81D6C8DE77C6E4F5DE576A5FB1F2F741F54249357427AF8CA079,199b64ee4a204f420933a33fc99b0024578ca4935c24082ce06b37c3176b44ed,4.069887406796444,6,2022-02,P0,92,False,True
DD43F14D4B252FCDBC3C9342E12B15B8D0CAFD274D9DA3D5D3BEA89DB74E8C14,5612A383B1892C81B8380A7C8756C48493E3AEB06BC731D91CB12F31941E3514,199b64ee4a204f420933a33fc99b0024578ca4935c24082ce06b37c3176b44ed,4.069887406796444,6,2022-02,P_ABC,93,False,True
04B9EA1958FB9A4AA996CBB7C834E51139052F5C7084F9914B733409B4EA8EF5,4B3BE2B32753B03D37D7ADF649017772783566AC05E38AE583DEE84D04C7A61A,199b64ee4a204f420933a33fc99b0024578ca4935c24082ce06b37c3176b44ed,4.069887406796444,12,2022-08,P0,94,False,True
A8AC128E52CA147261D61890C26A3DD46C8E8EAA4EE06C6ACB443A6A19A5CD1F,612C6D8829A26A84EC1FA02C511F83022CD7E7EC59FAABE7EFB2618764FCF3D0,199b64ee4a204f420933a33fc99b0024578ca4935c24082ce06b37c3176b44ed,4.069887406796444,12,2022-08,P_ABC,95,False,True
CF1AC8228E2F0A4BDBB130D01B51951F498D415DEB8B7C1BC75A2FF9078772CD,4B3BE2B32753B03D37D7ADF649017772783566AC05E38AE583DEE84D04C7A61A,199b64ee4a204f420933a33fc99b0024578ca4935c24082ce06b37c3176b44ed,4.069887406796444,24,2023-08,P0,96,False,True
3DC6A5B5879B177E4344F936E84F9707D3CFE6069E9078EC307EE27D8C93A5B1,7CD0DBBCF90BE02675F03D6C291A626D3606C4CAEE55F8F9F49D2149F0FFCA69,199b64ee4a204f420933a33fc99b0024578ca4935c24082ce06b37c3176b44ed,4.069887406796444,24,2023-08,P_ABC,97,False,True
990F3CB127EB9C1EA448384ADE1B2E21B9A1A7844DEA51CDFE56F8F8C76BD531,4B3BE2B32753B03D37D7ADF649017772783566AC05E38AE583DEE84D04C7A61A,199b64ee4a204f420933a33fc99b0024578ca4935c24082ce06b37c3176b44ed,4.069887406796444,36,2024-08,P0,98,False,True
6841E7DD6226D7A31622433ED0C579F798E33F48C0819AB972F4E05A3EFC1AA1,3656C0149395F7D3B11014A8BE8C1BF42EF2855776F4B3BF287374C8828952B6,199b64ee4a204f420933a33fc99b0024578ca4935c24082ce06b37c3176b44ed,4.069887406796444,36,2024-08,P_ABC,99,False,True
65A09F9E9969D27999366A7B90A22EE7699C8182D94FE2EAE65F82E070469672,B9F02A9D87390DA14061C115D7940747832AD74D24626F450DD7A8D46588D30B,19cec14432b0b722044b897eae42224f52673890133dcb3b99da8564035c66c2,8.050030777710646,0,2021-08,P0,100,True,True
DBE437BBE45DE68910562A1D01C95754095ABD8733805DC1EEE5FA72061E08E6,2D21AFA87D457EF6EE7E875440501BCD58D515098CD8606FD879A589653D602F,19cec14432b0b722044b897eae42224f52673890133dcb3b99da8564035c66c2,8.050030777710646,0,2021-08,P_ABC,101,True,True
7DC753AEE0D83477DE204CC3973533AA89F44AB5830DC9BE7EC87F903C816B18,033A55055459DABE7403052041099B0646C1A28DA40DE9DA64ED46D5451A211E,19cec14432b0b722044b897eae42224f52673890133dcb3b99da8564035c66c2,8.050030777710646,6,2022-02,P0,102,True,True
E0392D7DEF9377F4A5B6FAF4040C12271D660C6BFE05E98EA90F7392D212A6D2,B61EE1C0D78303584DC40285ED48512B1CAF498438487903D5266DF3EB70C32F,19cec14432b0b722044b897eae42224f52673890133dcb3b99da8564035c66c2,8.050030777710646,6,2022-02,P_ABC,103,True,True
E9B8C78E6F3E951A732D131F22E1C0BB795CCD2712DAEC4F13004298A9486A64,004AAA7540AAA238E9A95A336B970059097A04D9BC9A020738A02548F97BE494,19cec14432b0b722044b897eae42224f52673890133dcb3b99da8564035c66c2,8.050030777710646,12,2022-08,P0,104,True,True
BDB3309138656757B618DDCD4B02E130B528012E0C5257C6604207B472019F79,A8414EA931744E7F0FB57EB0C1A70773D9A0FB5FA24823FE41A3DB85FF52940D,19cec14432b0b722044b897eae42224f52673890133dcb3b99da8564035c66c2,8.050030777710646,12,2022-08,P_ABC,105,True,True
4CA909AABF58C9356C5FBA2B26EC18F041EA3DD6F4333C7DE3D2BC7121AAC0D1,004AAA7540AAA238E9A95A336B970059097A04D9BC9A020738A02548F97BE494,19cec14432b0b722044b897eae42224f52673890133dcb3b99da8564035c66c2,8.050030777710646,24,2023-08,P0,106,True,True
C9E00A4FCA738819448E36FBF90D24CE8F2FC2788A042C00233CCB13A9A74D60,91D6AE2C0533B4EFD7D832BE15D7837D1EE15C1691C1CA827F83B2FF4A1C5B99,19cec14432b0b722044b897eae42224f52673890133dcb3b99da8564035c66c2,8.050030777710646,24,2023-08,P_ABC,107,True,True
C8E34D68C8F8F325C9DB7DB5E56139462739FD4CD14D647EEA3FE1456E12F15F,004AAA7540AAA238E9A95A336B970059097A04D9BC9A020738A02548F97BE494,19cec14432b0b722044b897eae42224f52673890133dcb3b99da8564035c66c2,8.050030777710646,36,2024-08,P0,108,True,True
CD729F061FC27A991D0F639AF3F5B316F32D683062A224DD9A74D25A63A8BBB1,4303EE6EEFC0EB9118FE3B3378C8B2DF87BFA1702159961F3018A9812DF515CF,19cec14432b0b722044b897eae42224f52673890133dcb3b99da8564035c66c2,8.050030777710646,36,2024-08,P_ABC,109,True,True
DDE495819351C4AC263958A36DAA9A8D3C26BFC4EA9BDE402D1A9A5589A77D5A,F5F7FC090D8ABCDE6DF399F48C75C766F4809969894481C91625D134B72111E9,1d49b458999ec8af6b45f7af9d2dcf4b6b7cfe806e482b19aac83888cdd7d6aa,3.1987993170281763,0,2021-08,P0,110,True,True
6B133F441DB56BDE6CBD5B55D04006F6AEE4A3D1663EBEA3D92C0A7066F279B2,7D9708EE766A5074ECF527F1A49C9D7AEB52B5ECA31333E86138B35D499C9783,1d49b458999ec8af6b45f7af9d2dcf4b6b7cfe806e482b19aac83888cdd7d6aa,3.1987993170281763,0,2021-08,P_ABC,111,True,True
96D400036F86F6B4AAC15935415F47D45D0B12CC7CC7AFC7DC140B5A0A31B372,9AF80B13D71B36EF744F929CE651EA6B0C478A1DB05E2A1F5EF74CCC5F5D5D9C,1d49b458999ec8af6b45f7af9d2dcf4b6b7cfe806e482b19aac83888cdd7d6aa,3.1987993170281763,6,2022-02,P0,112,True,True
2DF3B607147D91B2E3A0F6F925C17D76FCFFEC0FDBBD32930B6DC6C23A75C293,74D51488553F524AB7182C84510D8470C31A7D2AC2D01A51E6AFBD52E16DE2A1,1d49b458999ec8af6b45f7af9d2dcf4b6b7cfe806e482b19aac83888cdd7d6aa,3.1987993170281763,6,2022-02,P_ABC,113,True,True
0603BC78534BC11D458EFBD00741242E5C39FF7EAC0A7AE2A01DB237239ECE70,89C0F6D83312B265B71F87491E38A2579241A99BBBA676764B6ED647A05C5AEC,1d49b458999ec8af6b45f7af9d2dcf4b6b7cfe806e482b19aac83888cdd7d6aa,3.1987993170281763,12,2022-08,P0,114,True,True
554C9699D41A837017D0C25488C9010314F247F640E8E06E0A6EB9DF27E2E19D,F9B330407BA9A951C621861CACCFA26C3183CBFCE73A5E6C68AE39AA6D494925,1d49b458999ec8af6b45f7af9d2dcf4b6b7cfe806e482b19aac83888cdd7d6aa,3.1987993170281763,12,2022-08,P_ABC,115,True,True
58001BA06DD621D6CC250615D620FC7C41C8581C570F967AAF34D25C0A5F162D,89C0F6D83312B265B71F87491E38A2579241A99BBBA676764B6ED647A05C5AEC,1d49b458999ec8af6b45f7af9d2dcf4b6b7cfe806e482b19aac83888cdd7d6aa,3.1987993170281763,24,2023-08,P0,116,True,True
E1C17F51184BFEAF0A3C195D2444234F5709FCCC65A297FDDC25A10A720F8C99,FAC8DB77044F5589DFF959EEC0F9E50AD297379BC850DDF9E8EAC5DB8CB2C74C,1d49b458999ec8af6b45f7af9d2dcf4b6b7cfe806e482b19aac83888cdd7d6aa,3.1987993170281763,24,2023-08,P_ABC,117,True,True
13EB2A53FFD5B51D0CC87BBA8A919D3DF14ED650A0C66E8914DCF105951240A1,89C0F6D83312B265B71F87491E38A2579241A99BBBA676764B6ED647A05C5AEC,1d49b458999ec8af6b45f7af9d2dcf4b6b7cfe806e482b19aac83888cdd7d6aa,3.1987993170281763,36,2024-08,P0,118,True,True
8EFCA3096854469A013B6B2FCE76A463898E084189B3CE239D7077CF247E2960,7839A161ADE279EE690CA7E2FB820C6450FB18075D167B6BA40BE74BBA90A523,1d49b458999ec8af6b45f7af9d2dcf4b6b7cfe806e482b19aac83888cdd7d6aa,3.1987993170281763,36,2024-08,P_ABC,119,True,True
2B240EF57A2FA201987F1F9A01FFE3FCEC34B38DFD4913CFD5A439FFA5E8A744,FFFAB9F07EC228417B1845127A4D2C852438D9B047180B531A0991F974998A84,1f781b1c05fd696862f9d8b5106ce9382195896ff33598a5aa15cfbbbfab8c6c,1.7116955285357338,0,2021-08,P0,120,False,False
074F72506B73E2C1B4E1CCF7E809A05F7005976ADF6D2C776163452FB09764CF,2DBDA6DB99447012119FAAC75C23EE4FB96BC1F90A0F54A12CF48F60648A4DE5,1f781b1c05fd696862f9d8b5106ce9382195896ff33598a5aa15cfbbbfab8c6c,1.7116955285357338,0,2021-08,P_ABC,121,False,False
0537C277D8C2346B82E237A2B0A18F1FAB3600E66F659A669082D5798E7CD8ED,4D5F07CC120DB100EFBEFB37AA935227576A6BC2E38B66D61A7B75A1418D9730,1f781b1c05fd696862f9d8b5106ce9382195896ff33598a5aa15cfbbbfab8c6c,1.7116955285357338,6,2022-02,P0,122,False,False
1B6E7F3256A7C907B64A0E7F48ECADC9FE4E7415119FA4EC503B7179A2FFDC0B,B205FB5A48293723AD853BE54A42EAAFB6CF2E80B302B5C595423904C47701D7,1f781b1c05fd696862f9d8b5106ce9382195896ff33598a5aa15cfbbbfab8c6c,1.7116955285357338,6,2022-02,P_ABC,123,False,False
CD2A3E366D03167A6A432DA971D8F33A80C1ABBDC1C7D9F3D4ADC3E14B8C0F58,FB6DC701DD44CE274BFA2899FCCAA8C7A810766DBA3BE08E9ED110DBBF5DB740,1f781b1c05fd696862f9d8b5106ce9382195896ff33598a5aa15cfbbbfab8c6c,1.7116955285357338,12,2022-08,P0,124,False,False
00EFBC77739E2BBB63D46DE29C399FDB26F6F17A88D40478F1D3AF382733C980,AE5E411C777AAB218BB5B79AE0D19D1C85C8D1E51BE20168CFCC60C3D38662E2,1f781b1c05fd696862f9d8b5106ce9382195896ff33598a5aa15cfbbbfab8c6c,1.7116955285357338,12,2022-08,P_ABC,125,False,False
AAD37EE68E1FC9D8D62B00C34349342E2A05D1B7291562562CD65FA57E8FE136,FB6DC701DD44CE274BFA2899FCCAA8C7A810766DBA3BE08E9ED110DBBF5DB740,1f781b1c05fd696862f9d8b5106ce9382195896ff33598a5aa15cfbbbfab8c6c,1.7116955285357338,24,2023-08,P0,126,False,False
FE55FE924A33C95097D29BB58FB68DEAA47C01458C79316E46A61CA4D346A39D,3075D87CAABDB574452403A595D7DDBAD1B0ABCCD3E71FB0DEC64A16A6D413D1,1f781b1c05fd696862f9d8b5106ce9382195896ff33598a5aa15cfbbbfab8c6c,1.7116955285357338,24,2023-08,P_ABC,127,False,False
E5C68F1042558B6D08933A151DFBCBA64CFC0CC162DA4640BF556CCD6FD607E2,FB6DC701DD44CE274BFA2899FCCAA8C7A810766DBA3BE08E9ED110DBBF5DB740,1f781b1c05fd696862f9d8b5106ce9382195896ff33598a5aa15cfbbbfab8c6c,1.7116955285357338,36,2024-08,P0,128,False,False
901D837B10528EAC41AC18EBDAE42BE160DE84288CD6B0831B0880683FDABA47,CCBC365A6300D3C1675A461B3DD507EA9BEC404639DCA0D912092FC1A4288A59,1f781b1c05fd696862f9d8b5106ce9382195896ff33598a5aa15cfbbbfab8c6c,1.7116955285357338,36,2024-08,P_ABC,129,False,False
D31D770CFC2F44BD3D50DFC5119C37294DF46AA2790FC7B8402BFD119E1AC6F4,AFF9D2C20629EE412127FCD65742DCC0E1BC0406A45A0930ADB9C5678389A36A,1ff5ea6c96f3b2971df26cdcc316c1606fb5c27ca3d7496198a282d4ce4795ac,14.854694857600702,0,2021-08,P0,130,True,True
8209AA7007A157BE52F7A2D2D7470A2B81BEC6FA13DE384DD72324DA6E26F3A7,76987F7E4A9A68D3B6ED6E2E72011F70E2D63D0579AE53CFDE416C1A721172CE,1ff5ea6c96f3b2971df26cdcc316c1606fb5c27ca3d7496198a282d4ce4795ac,14.854694857600702,0,2021-08,P_ABC,131,True,True
B18B7EB64EBDC1B8A6C8B40C439BF058368F3C661E0F0C5E5D3D1DBF0247C6E8,3C53A86142194A9789E5119BA8B4B24D08378179AAFA3147F68589768C47B4F8,1ff5ea6c96f3b2971df26cdcc316c1606fb5c27ca3d7496198a282d4ce4795ac,14.854694857600702,6,2022-02,P0,132,True,True
FA41CDD4E2E4CFAEB21BB579C7833F644D1A24773C7A3CBED35F50A1F0CBE60B,47F7FFC094415D34AB0BCCDD609719D13553AA580F3EF75390F88CBF6F2A99A1,1ff5ea6c96f3b2971df26cdcc316c1606fb5c27ca3d7496198a282d4ce4795ac,14.854694857600702,6,2022-02,P_ABC,133,True,True
B05289C4324D7D2619A01D4275AA4548403A9ACF3BFDE60BFD7D326419A214D4,6C9983467A6C6F370BCB886DF532ABD9693C40D47E25CF853A074EF5916D3004,1ff5ea6c96f3b2971df26cdcc316c1606fb5c27ca3d7496198a282d4ce4795ac,14.854694857600702,12,2022-08,P0,134,True,True
54C837A7B77A8EEC873CA59D8BF6398CF62C200E91B5BAECB656D2C8F08872A8,89AB03EAC2063EE92F58C4324DB9E5CA1182A8C8B7869B41364AE09D858354D4,1ff5ea6c96f3b2971df26cdcc316c1606fb5c27ca3d7496198a282d4ce4795ac,14.854694857600702,12,2022-08,P_ABC,135,True,True
5CC38EC590A33661D1560A19AEFDAE71BA7F220D82954D2F2263D8EA3D2B7907,6C9983467A6C6F370BCB886DF532ABD9693C40D47E25CF853A074EF5916D3004,1ff5ea6c96f3b2971df26cdcc316c1606fb5c27ca3d7496198a282d4ce4795ac,14.854694857600702,24,2023-08,P0,136,True,True
9DC3C949CF47D6B1B262329ADF8DBF345E7E9E3FA7FF8DEAF8C6FB7745EE7BB5,D141F4D480EAA1628CCA187C1A0E9E85675179FA93AD4F51BD604424ABD33DA0,1ff5ea6c96f3b2971df26cdcc316c1606fb5c27ca3d7496198a282d4ce4795ac,14.854694857600702,24,2023-08,P_ABC,137,True,True
128B735B172F1A579EC3ABE39C36A899A37E365AD2BBE6964D841D94B260A33C,6C9983467A6C6F370BCB886DF532ABD9693C40D47E25CF853A074EF5916D3004,1ff5ea6c96f3b2971df26cdcc316c1606fb5c27ca3d7496198a282d4ce4795ac,14.854694857600702,36,2024-08,P0,138,True,True
57590E7B306D25D5C8C5DF5D979F09511FC319A775900E144C5F1092AC5EB930,7BB39B162B68BDE215EE97AE6870CB86C7B18EF61CF3430F7016EE80D96CB64A,1ff5ea6c96f3b2971df26cdcc316c1606fb5c27ca3d7496198a282d4ce4795ac,14.854694857600702,36,2024-08,P_ABC,139,True,True
5CD714743BB1A336F2A7513C11B8B49DB6B4E8DF11B6F984D64F108E592EB4AA,F6BE1B4AB6D554CBB0BC90A6A9BC56CBC368F10AD7539E102430CCD0CBC47B73,209a452e2d5d3c36c99e90bea156d90f84b4790039437109356d9be61f0786e0,18.824895803642416,0,2021-08,P0,140,False,False
BD1B818AF49F6FF384C96CE1A80EBA16DC645F7B31EB8BE9D812DFCE97BDFFF6,135843B01C8BEF8AC9B9A02DB8521F53A1E69163BCE9F715B89C57C4101BBCE4,209a452e2d5d3c36c99e90bea156d90f84b4790039437109356d9be61f0786e0,18.824895803642416,0,2021-08,P_ABC,141,False,False
4C55EA35A6EC2CFE6AADE61FDCEF3387895F9D938C7DA31523CD1480DAD3F83C,AAF4972851A024F0129EFDBCB8B0969B58BDB25F6A21F38C4D3FE61BCBE213BB,209a452e2d5d3c36c99e90bea156d90f84b4790039437109356d9be61f0786e0,18.824895803642416,6,2022-02,P0,142,False,False
2732B640F0CBDD7243B2F9E73C9DB21980FB090FD73B269DEAB33214C4D43ADD,E882EB2A7AB44E66423C1D21C0B4984C715E775412CF32086371EDAAD01D6E32,209a452e2d5d3c36c99e90bea156d90f84b4790039437109356d9be61f0786e0,18.824895803642416,6,2022-02,P_ABC,143,False,False
384EF37DEA6D870B250A68ABF8AAB5AB3FF3CFCF14597D8238BB3AFD6726F7AA,37D4FF0FD79C81E70A6B8495E69CB16BD1E109F5F20106BB98BE4C70F93E7869,209a452e2d5d3c36c99e90bea156d90f84b4790039437109356d9be61f0786e0,18.824895803642416,12,2022-08,P0,144,False,False
E8BA7B59CFFB4A0BDC747B002B4763DFB5A078E65204B188ED9DD07CE001E7E9,E1DCD6E73E395AD36D24CA7E2843CEF6DE3DABA6A900BC42FEE4B5118B990100,209a452e2d5d3c36c99e90bea156d90f84b4790039437109356d9be61f0786e0,18.824895803642416,12,2022-08,P_ABC,145,False,False
E3B9B0C3E0B7CE170C37BF6C6686D0860FE2A8741EF4C60F59EC36BF29A9E79A,37D4FF0FD79C81E70A6B8495E69CB16BD1E109F5F20106BB98BE4C70F93E7869,209a452e2d5d3c36c99e90bea156d90f84b4790039437109356d9be61f0786e0,18.824895803642416,24,2023-08,P0,146,False,False
3298C401DB0E957805E0E2B613907F5CD483DBE26ADE0DAA4402A1F0F3DEC631,1CE7A93976203BD59EF3A4E89B4389E734A2F5A74E304CF6B19DCCC3D5EF49DD,209a452e2d5d3c36c99e90bea156d90f84b4790039437109356d9be61f0786e0,18.824895803642416,24,2023-08,P_ABC,147,False,False
CF1BE5ABFAB1CA9806B52E54762F805516207B68DE1637B9BA888681B75A2A81,37D4FF0FD79C81E70A6B8495E69CB16BD1E109F5F20106BB98BE4C70F93E7869,209a452e2d5d3c36c99e90bea156d90f84b4790039437109356d9be61f0786e0,18.824895803642416,36,2024-08,P0,148,False,False
BC0E1AA00A03283F770CF44F1FC7B274A1C22DC05F5A47E30E2D010457D83B08,9DC41304AE28D67074F7B43C6CBD9E46CC7EE2B3B371F4114F70145444BF3A0A,209a452e2d5d3c36c99e90bea156d90f84b4790039437109356d9be61f0786e0,18.824895803642416,36,2024-08,P_ABC,149,False,False
5F980AF49C9E1350B4CD86176BD33296C629517A5AE4578E9141C3CE183F4697,39546681E460653A3F7D73A5BAE8ECB59B5642FAE0AED074D4AB5F8E71539036,230d05154be26c14868af34b143084d515499900cc66111674ac842649c9d23e,4.327369863913077,0,2021-08,P0,150,False,False
E50513CF968C451FE9FCB4034069BA17AC0590E6AA65C1A85E46B3074AB2E31A,0587B21E169A96AEDABE18448E8A6FF7E7A6541661412C364D8812753E69D754,230d05154be26c14868af34b143084d515499900cc66111674ac842649c9d23e,4.327369863913077,0,2021-08,P_ABC,151,False,False
961222A3C1894BFBF419CF96B3795161989997BCB7018F22439F493B8CA248FD,DF41E255F62B024EB9DB6F9EAAFB33CA5F1FC40BBA1AE9950BC0EC64063B48A1,230d05154be26c14868af34b143084d515499900cc66111674ac842649c9d23e,4.327369863913077,6,2022-02,P0,152,False,False
8A4CA60FD36F2269455F50667EBC73CD2DD386373EFCE43478A6B135D3A0D18C,06537980DE21541689BB2AE4643BC98A26B0424D67556D803E767E52EA68484C,230d05154be26c14868af34b143084d515499900cc66111674ac842649c9d23e,4.327369863913077,6,2022-02,P_ABC,153,False,False
5C5BA7CA53CB9CB1521F24A5DB2865141C0967ABBB6B2822889137CE73ECFB26,1D9759DB7708B903A7A910ADE1143DE08D4B588622784885EC2D7DCB64009E87,230d05154be26c14868af34b143084d515499900cc66111674ac842649c9d23e,4.327369863913077,12,2022-08,P0,154,False,False
48B91F15BBFB1C481785266E14C83E47A7B4D4C2DE3B632DCDD5C4C4C234E540,1C9505F30E6A5453632B0E471DD0DC06C9873479470BE896E249F86D80854FAE,230d05154be26c14868af34b143084d515499900cc66111674ac842649c9d23e,4.327369863913077,12,2022-08,P_ABC,155,False,False
122E283FB7896214DBAFBB29C8468ADF686CA95628C298D9A375E074DF26A3F9,1D9759DB7708B903A7A910ADE1143DE08D4B588622784885EC2D7DCB64009E87,230d05154be26c14868af34b143084d515499900cc66111674ac842649c9d23e,4.327369863913077,24,2023-08,P0,156,False,False
64CFEC69570806FC832DEDFF85CC4F15A6EA2D3C2BE01416FB9973D633C89435,2DA308AB43DA3CE5FD3C321CBA2AE11423B642953EB611CCB907B205F30B0ABC,230d05154be26c14868af34b143084d515499900cc66111674ac842649c9d23e,4.327369863913077,24,2023-08,P_ABC,157,False,False
52A57F39A1E57D63840593DD814AB51B78FC5A37F3DC03B082DBD43E0D2E8EF9,1D9759DB7708B903A7A910ADE1143DE08D4B588622784885EC2D7DCB64009E87,230d05154be26c14868af34b143084d515499900cc66111674ac842649c9d23e,4.327369863913077,36,2024-08,P0,158,False,False
7FFCB99708B5F433FEEDD85E1C2F7E42BA2E4B9487F12C0F1D63A4AF9DE6627E,900E8AF2CF543EF3D3252F2059DC9552858CC4D11B5D8EFE894A9CF6DBA2EDED,230d05154be26c14868af34b143084d515499900cc66111674ac842649c9d23e,4.327369863913077,36,2024-08,P_ABC,159,False,False
4A2FABED5B5A87B93C75C7E5FFC83103357FB9D007415A3C0A272D0772AB9F4C,D02C0D07967CD3A94E10168BC516E1E7EFE9C7BA49D177C53B207275DABA3291,23a81afc8aa509549c160461f8c9bcefce11bc4159abace838f3020615a7df5d,10.011791290306563,0,2021-08,P0,160,True,True
4AF0CD3E916FAE3F9198BCEB666906380C68C298CA4C2AC0F2650AD1C6577448,F4E914E8D36DF6BEE3DB979E7B7A46949DEA972CF67238FA03A02F7FE7A90B2F,23a81afc8aa509549c160461f8c9bcefce11bc4159abace838f3020615a7df5d,10.011791290306563,0,2021-08,P_ABC,161,True,True
E65EE8C0E5C320724AE98CD37396C2FF7932C2CF336FA2D3F8F19E26F275965E,92D7E2FC3010A162774DB4679849FE6FFAFBF2A80E51CA98B00697DDA1AA75BC,23a81afc8aa509549c160461f8c9bcefce11bc4159abace838f3020615a7df5d,10.011791290306563,6,2022-02,P0,162,True,True
03F4052CF7B98F704B4A09F783A307A64243FC14A924EEE6D9B7D9D745B27D62,CF8F7736FED77E826E9D9BFEC76A309F4EB2C339839BB76E7BF9CBEF0932FA1A,23a81afc8aa509549c160461f8c9bcefce11bc4159abace838f3020615a7df5d,10.011791290306563,6,2022-02,P_ABC,163,True,True
06F92160A2DFE2C2E5F8AF0892DCD3824151B2DA10D98B480D714A4B3F2E544E,6EE295ED2DB003CA53546EE63C07535FB7EDC7945F8436BB455805183C2D0B16,23a81afc8aa509549c160461f8c9bcefce11bc4159abace838f3020615a7df5d,10.011791290306563,12,2022-08,P0,164,True,True
8E60E2AAF4CFD5501A644F2DDC6938D8FC4EBE3AA49B09FC3DB7398384268D5B,D55052F398BDABF179409A02C5120FF00086154F56F925F6274BCF3E00EF5EE7,23a81afc8aa509549c160461f8c9bcefce11bc4159abace838f3020615a7df5d,10.011791290306563,12,2022-08,P_ABC,165,True,True
6DE99CA8903321E10BF9CB9B3F448E00B06511E52DC0EA5DCCBB19FFC772A58A,6EE295ED2DB003CA53546EE63C07535FB7EDC7945F8436BB455805183C2D0B16,23a81afc8aa509549c160461f8c9bcefce11bc4159abace838f3020615a7df5d,10.011791290306563,24,2023-08,P0,166,True,True
9BF16FBBE2A6B670CBFBE559506AB6806CCFFC04F565AB5BF62E3E610FCFA093,6DDD1B1CC7BFC7117B93FB4BEC5EC4F4C270500CA6B33F27423697BEAD69D8B0,23a81afc8aa509549c160461f8c9bcefce11bc4159abace838f3020615a7df5d,10.011791290306563,24,2023-08,P_ABC,167,True,True
64F90324E71A7B138C28D31F21833CF2E57D945B840458E84806681491702A46,6EE295ED2DB003CA53546EE63C07535FB7EDC7945F8436BB455805183C2D0B16,23a81afc8aa509549c160461f8c9bcefce11bc4159abace838f3020615a7df5d,10.011791290306563,36,2024-08,P0,168,True,True
3E9E70DFF47A68FD95DE6F759059D123EDFC9350E7519417E16CFC3A9DF72578,885173EEE6CF1213329E51E694C83690ACC1B25798AAAC06EEADB1585F22BDA8,23a81afc8aa509549c160461f8c9bcefce11bc4159abace838f3020615a7df5d,10.011791290306563,36,2024-08,P_ABC,169,True,True
A833DB32B0034CECF7421B2A624B24C4842C66AB70D0A40FAFA8299B8206D804,D4F6353AD6F1390F863EB5354A105A103B7B63B110D562C0B3A12491752A6674,23d1e374b808ef78b4f7be794a439d07a34cc71ac0fb396c0984af3153ea13de,7.859500141393401,0,2021-08,P0,170,False,False
30F981994898A4B5DEF82DE8F0D3798AF5792E1500CD3C0D1D1ABCC04F1F5176,4391C0CF7FDBAF7E1E3CB388EBE7C249D1CD6456C5F2B54BB78AB57DED677F3E,23d1e374b808ef78b4f7be794a439d07a34cc71ac0fb396c0984af3153ea13de,7.859500141393401,0,2021-08,P_ABC,171,False,False
A21914710B0BA22B4B4E834A2F7776E986E91CD22FD1D90CB92EBF0637D79241,9839DCA18BE89095D0235C9A5ABE722153C8E3053085204D4B050443806FC927,23d1e374b808ef78b4f7be794a439d07a34cc71ac0fb396c0984af3153ea13de,7.859500141393401,6,2022-02,P0,172,False,False
E00D96C8B15DBC24A213A3C79D524995AC020C9DE31388BB927801DF279F51FA,63122A2680083EA958CEDE2874AD79352EAF82D58FA0CD680B6447ACE5EE2553,23d1e374b808ef78b4f7be794a439d07a34cc71ac0fb396c0984af3153ea13de,7.859500141393401,6,2022-02,P_ABC,173,False,False
DE25D5ED6D22923B96202C80A33C53CABAAF6F4C2E6B361043AE54618F85D083,8EE48E8CAFE800683BD2BB9578274A99503F34E919880BBF11563E21EF143CC8,23d1e374b808ef78b4f7be794a439d07a34cc71ac0fb396c0984af3153ea13de,7.859500141393401,12,2022-08,P0,174,False,False
2210F7B80D8135AC9E17F8FF6B833758D6E398B714FF0F0292B4EBF7B808976E,1EC8442773110F17C210746FA5FC2096F89945BDCCAD06400C04D783CBADC9DB,23d1e374b808ef78b4f7be794a439d07a34cc71ac0fb396c0984af3153ea13de,7.859500141393401,12,2022-08,P_ABC,175,False,False
3691EF42388EC1CBD0663EA47A20E301A6C05F1E50C07FDC90A0CF9921A129A0,8EE48E8CAFE800683BD2BB9578274A99503F34E919880BBF11563E21EF143CC8,23d1e374b808ef78b4f7be794a439d07a34cc71ac0fb396c0984af3153ea13de,7.859500141393401,24,2023-08,P0,176,False,False
F1E98541A246616859009B9F5B19477DDA663C1B65941C952087888BB0C66840,D0958543520EF3FFF2CCD3DE1CBE5EFEFD8F3AD5F96A96AF48C50174A2F11A43,23d1e374b808ef78b4f7be794a439d07a34cc71ac0fb396c0984af3153ea13de,7.859500141393401,24,2023-08,P_ABC,177,False,False
297F598BC1E244F4A9D7DFB224CE7DEA623805DE2B5AD9CC92AB62FDD9925AB5,8EE48E8CAFE800683BD2BB9578274A99503F34E919880BBF11563E21EF143CC8,23d1e374b808ef78b4f7be794a439d07a34cc71ac0fb396c0984af3153ea13de,7.859500141393401,36,2024-08,P0,178,False,False
6FA569CFDB680246E7593CFD8666A09C988C3B1EF2A5F70D692AA366F83A8BF7,35D081C0C5914F754D1F540E400293AB5D3AEE0FCE7042DC7B7317D2462CE05F,23d1e374b808ef78b4f7be794a439d07a34cc71ac0fb396c0984af3153ea13de,7.859500141393401,36,2024-08,P_ABC,179,False,False
96BB93E71C9497C2A82A4BC65B848C30B0A05176B1EC10012F861DF649A44A1A,E61EED0A7A0A53631AB08CDFED03D513141AFC55E83BB0B25C205D6F571F5F78,24daa047f9e9b13e72c21fb862f93ca3dbd1397739629054bad9be56380f1f68,1.8997814945034808,0,2021-08,P0,180,True,True
450DBC58B30182569D0965905E4D608D3124D66E3DB20534F64B58860957432D,D2305C0DE6FE4195F425681C06F178FC0D44FDBB69EB98A0E00891B5E2A00AA5,24daa047f9e9b13e72c21fb862f93ca3dbd1397739629054bad9be56380f1f68,1.8997814945034808,0,2021-08,P_ABC,181,True,True
2047BFB8B3FF8E864D8BF6186190AEB3D82DD60D38DCBC16FFEA04F1E1A38F63,3F7C2090BE058AB4D775606A756B21EA70B5A28D5C657C927B8FD7E0DDB372E4,24daa047f9e9b13e72c21fb862f93ca3dbd1397739629054bad9be56380f1f68,1.8997814945034808,6,2022-02,P0,182,True,True
14542A2D00846FACB8F24983C40AF95B621D29E93A7135B5F38C0BC2F5AF8EBE,9703FC96E61811A9FF68CB3F1AEEA798FC7C9AB714F601989564BF73526522EE,24daa047f9e9b13e72c21fb862f93ca3dbd1397739629054bad9be56380f1f68,1.8997814945034808,6,2022-02,P_ABC,183,True,True
53ADC83D563241F6520D6945E000980F5D315E9305A16AF57A2603803A5D6566,206781AC2BA2D1C16DAC8A2839910E48A100C3F0A421FA194D8440068CA43631,24daa047f9e9b13e72c21fb862f93ca3dbd1397739629054bad9be56380f1f68,1.8997814945034808,12,2022-08,P0,184,True,True
668D3C4B84F9196B28F2ADDCF4F1CBB089CC805131CF42214615624F76AF5DBA,46983723D9F48447DC8E05E48F3BE5CB0612677FCAD7F4764680605DA16FEFEE,24daa047f9e9b13e72c21fb862f93ca3dbd1397739629054bad9be56380f1f68,1.8997814945034808,12,2022-08,P_ABC,185,True,True
7819F36B43F807DAA6D862FDEA004A71507452E2A4052EF8B6A2D118451CCC1B,206781AC2BA2D1C16DAC8A2839910E48A100C3F0A421FA194D8440068CA43631,24daa047f9e9b13e72c21fb862f93ca3dbd1397739629054bad9be56380f1f68,1.8997814945034808,24,2023-08,P0,186,True,True
2559E8FE028A3636D302F1A64F8177E810DD492AB0916F368A72411B65B191F3,92D4D040E63683DB8CAAA9B2A95378470745631BA3577F59E9610B049BFC6CBC,24daa047f9e9b13e72c21fb862f93ca3dbd1397739629054bad9be56380f1f68,1.8997814945034808,24,2023-08,P_ABC,187,True,True
52583D8B7AC016E1AD5950EA1E22DB8D039CF5C833BC12D0D34F80394ED8FD11,206781AC2BA2D1C16DAC8A2839910E48A100C3F0A421FA194D8440068CA43631,24daa047f9e9b13e72c21fb862f93ca3dbd1397739629054bad9be56380f1f68,1.8997814945034808,36,2024-08,P0,188,True,True
0E08B0E040F2836020E247B9AF9A6B87B8081927A750A3BAF99106583586333B,40982028190467A4036D19B39C262C63341B823D3FB770895AAB7BF5C0EB84D5,24daa047f9e9b13e72c21fb862f93ca3dbd1397739629054bad9be56380f1f68,1.8997814945034808,36,2024-08,P_ABC,189,True,True
81231B928638578D178101209CE105480D5580CE228286BD7D49FF98A1337E9D,24B543FCA37AE4DF7B60D51A731D84D8686695D052E1801532E21661C2651F23,24dd3a1d22e3dfb94494d7b0a094dd432b97981b59dbbaa1310ae85a54957e28,3.274313910890577,0,2021-08,P0,190,True,True
78B997181AFC69D5DBEEED0A64AAE5B6304F3895FB251A44761667A75E8D66D5,DBF6FA6B37BD4294EE0CF6D3E7301FA598C5F05AED3394366743E1B6D24B049A,24dd3a1d22e3dfb94494d7b0a094dd432b97981b59dbbaa1310ae85a54957e28,3.274313910890577,0,2021-08,P_ABC,191,True,True
6E57345A78A50BDCA616FFF6CBDDA2EC442B9868446632FC3D17164C28CEBD7E,AA60657922792F20EA78282650417939BF2142F2A6B207D78638D06F670C3A9D,24dd3a1d22e3dfb94494d7b0a094dd432b97981b59dbbaa1310ae85a54957e28,3.274313910890577,6,2022-02,P0,192,True,True
ABDD04E8A0C81FBE5B7F836EB57CA56F1648E5D30C4EB76D6051738C3B774B7F,6E7D7C89911273E8319B6F17D990E45D1CF62B42F68E557E109C075484FE20C0,24dd3a1d22e3dfb94494d7b0a094dd432b97981b59dbbaa1310ae85a54957e28,3.274313910890577,6,2022-02,P_ABC,193,True,True
47CDF235D2C4692BAEBC0D5C8F32101465699CA7F2C3F36DAC7D212994F06904,75388329D0EA527D0C941B85E1A05706D9457530DBDFA6DF9D76E6CD2B8C66A9,24dd3a1d22e3dfb94494d7b0a094dd432b97981b59dbbaa1310ae85a54957e28,3.274313910890577,12,2022-08,P0,194,True,True
B10CA40F0C817DAFC13FF01C1F08C8DB26B71E33BFBAB88C0C8EE42064080AE4,647D3B67A76B6E46369ECDF3F84841BC4D8A19B8FA5377F55D61507BE9243A60,24dd3a1d22e3dfb94494d7b0a094dd432b97981b59dbbaa1310ae85a54957e28,3.274313910890577,12,2022-08,P_ABC,195,True,True
A3324439DAD02BB297903635E3DA4635BF4937B3A4F344CE8DD84137763ECC11,75388329D0EA527D0C941B85E1A05706D9457530DBDFA6DF9D76E6CD2B8C66A9,24dd3a1d22e3dfb94494d7b0a094dd432b97981b59dbbaa1310ae85a54957e28,3.274313910890577,24,2023-08,P0,196,True,True
21F6EA29927951796FAD505F7F39BDFA1B5757883E38E7DA4AA36AD1B9C0EA00,2D7814E997BEF3827B9A3969A985BA7166FB7F36F90E1B35C1A7B702DED8B09A,24dd3a1d22e3dfb94494d7b0a094dd432b97981b59dbbaa1310ae85a54957e28,3.274313910890577,24,2023-08,P_ABC,197,True,True
DEDEEEC806BFADB437CF750ECF528C3D606DB011E7D3CF34457E363BF01C3B22,75388329D0EA527D0C941B85E1A05706D9457530DBDFA6DF9D76E6CD2B8C66A9,24dd3a1d22e3dfb94494d7b0a094dd432b97981b59dbbaa1310ae85a54957e28,3.274313910890577,36,2024-08,P0,198,True,True
B8C0F3597F3552CDBEDFD12A0A5C6B14DACE7B39463C43065B96E2CA9FF287C4,7C733767A5094870D370459DE6C39BC85AB003AC0A5D1ACCB5AC53BD925A28B8,24dd3a1d22e3dfb94494d7b0a094dd432b97981b59dbbaa1310ae85a54957e28,3.274313910890577,36,2024-08,P_ABC,199,True,True
8BA8466FDF7EC22B9B1CBD6F0561FDAD42AA889FAE48EC81B71FB842CCC45442,B2BA8DE308DC3AAEBF9D523A8C92712572A5FC0F95184E387C381AADACDA39C1,26c865202e09b1c5c8fcfe2287dbfb71307cf45923619fc1bc72b429882d7720,0.7629511983962503,0,2021-08,P0,200,False,False
5C916681377AC1459724CA422FE31C87702624916916B8C4A2DFD1B9B7FF13CD,1710EA85B61D55D667A9FEAD5300D1A8D70122EF629B77735F4E3D2386DEEC99,26c865202e09b1c5c8fcfe2287dbfb71307cf45923619fc1bc72b429882d7720,0.7629511983962503,0,2021-08,P_ABC,201,False,False
3C5E77A11EC73156A9FF42A6D9098FEEB3754CB9C39C786BD7CDE03A372DADBB,D9612E5FDD89E8F1618962AD99C5822410478E6AD53F540017BD4FE5BB6D4B98,26c865202e09b1c5c8fcfe2287dbfb71307cf45923619fc1bc72b429882d7720,0.7629511983962503,6,2022-02,P0,202,False,False
CDD371EA7E432AEFD4BD967A25CFA30ED087D5692B3BFE5A1F86508F7F15F6E5,B3479C88D461A1FE8F478F33D949E8A6746C2187AC654FCD29FACE42699C008A,26c865202e09b1c5c8fcfe2287dbfb71307cf45923619fc1bc72b429882d7720,0.7629511983962503,6,2022-02,P_ABC,203,False,False
C73371D3BFCE64441014ED06812F645B1CDA9B3115826AF9009438700489DAAD,D989660549003A0EC5CA1C1120B6FD531A89261BB495E4D1DC75A091E089E451,26c865202e09b1c5c8fcfe2287dbfb71307cf45923619fc1bc72b429882d7720,0.7629511983962503,12,2022-08,P0,204,False,False
67B66301BC3F446837FBA9C717DA25642FD7A64C6E054CAC968687AFF5422C64,B4A7E0C231A6D7A813771EE3D83AF9BED2B28F5144580921B6EC4147E87F21D7,26c865202e09b1c5c8fcfe2287dbfb71307cf45923619fc1bc72b429882d7720,0.7629511983962503,12,2022-08,P_ABC,205,False,False
10EA5A895F75F5E34A1C5AE5146703EB39C30701EE7286955690FB91F22BB1D1,D989660549003A0EC5CA1C1120B6FD531A89261BB495E4D1DC75A091E089E451,26c865202e09b1c5c8fcfe2287dbfb71307cf45923619fc1bc72b429882d7720,0.7629511983962503,24,2023-08,P0,206,False,False
135316D7F486B7F3E832EAF3D09EECD2FABDD721870ED7B78715CF898691E33C,E75BA4D07D5806BA381BC4A60E2C19BF27607045D699BA3B4E1A09C83C01F72E,26c865202e09b1c5c8fcfe2287dbfb71307cf45923619fc1bc72b429882d7720,0.7629511983962503,24,2023-08,P_ABC,207,False,False
FC55E83B197FB3DC0A63BFF20988A8F282093AF002FD2292ED68DF73F87CDAE5,D989660549003A0EC5CA1C1120B6FD531A89261BB495E4D1DC75A091E089E451,26c865202e09b1c5c8fcfe2287dbfb71307cf45923619fc1bc72b429882d7720,0.7629511983962503,36,2024-08,P0,208,False,False
B9260831F80F92F18E2573D716E6502DFE3521B2CB2AAB4EB2368B4940C7D556,F534F060A071EE1C8A63397ED8B62C539CB5FA9268D7BCD0983212DFEEE796F6,26c865202e09b1c5c8fcfe2287dbfb71307cf45923619fc1bc72b429882d7720,0.7629511983962503,36,2024-08,P_ABC,209,False,False
A61596F618B0E3D56B87752268B94D9ABBEC2EA26A313A68857DEB6D9A60AD24,282E531D3DD7DB0A74E77B07B1CE03C945D853A2497A4CDCB9381F9794C510E7,2a9640ee11e47049637d1a4e877636ffa6a3950ab7aae2c0b1745f30394201bf,0.5135576783483154,0,2021-08,P0,210,False,False
2DA902ED2288F3FB6D597E1F24AE0BE21BDFF4F7B5DF615F9B0FD3995427402A,E233DA8E7AD2D192B47955531A48E13797E5C4158B1FDF1B114ED8632EA92BBA,2a9640ee11e47049637d1a4e877636ffa6a3950ab7aae2c0b1745f30394201bf,0.5135576783483154,0,2021-08,P_ABC,211,False,False
6F2A546721AC1C66723CB67C1CC9F938C131D19371BD80ED19B3C3B0D3F5A013,A3C740F724873786301291FD6B9E8C2C88DF2BD7141219CED642D5757B9D046A,2a9640ee11e47049637d1a4e877636ffa6a3950ab7aae2c0b1745f30394201bf,0.5135576783483154,6,2022-02,P0,212,False,False
5B077E5AC74C8C4EB2DC51B85F5078171E2ABDAD9D399113D59A261F39C0F53D,832FE90AF6B911E1C71F9627F7E3CF4077BFE7C8575490D34C5E11CD009F2F5C,2a9640ee11e47049637d1a4e877636ffa6a3950ab7aae2c0b1745f30394201bf,0.5135576783483154,6,2022-02,P_ABC,213,False,False
DC939AB20D6BF99DD94B175AEB1FA6B9428E4C3F1CDC52AE1A17024279D34F40,29FBDD2F893A1BC1274C13D523D590BAA1AADC86534F96DBA0135268BF681557,2a9640ee11e47049637d1a4e877636ffa6a3950ab7aae2c0b1745f30394201bf,0.5135576783483154,12,2022-08,P0,214,False,False
B20821EDC116D4EA548176B56E8E9DF16320FB735A5E49544DBD2D02426C5848,C8FC7AC819AA5437C5BF06E1EFF6C885315964F24AC00D485FB0AC189C1C7565,2a9640ee11e47049637d1a4e877636ffa6a3950ab7aae2c0b1745f30394201bf,0.5135576783483154,12,2022-08,P_ABC,215,False,False
E1EB253051C650D38D2C79F248A4DF73A7ED3748DF7536CB42CF884C56968482,29FBDD2F893A1BC1274C13D523D590BAA1AADC86534F96DBA0135268BF681557,2a9640ee11e47049637d1a4e877636ffa6a3950ab7aae2c0b1745f30394201bf,0.5135576783483154,24,2023-08,P0,216,False,False
F0921C450FCCC60D488E1BDB572C231C572D94543D3970FA07B05971FAAE9285,B5F5F43677BCDC8371C2109625A1AD7DE169DB8607C58200FF4AC4D99B193269,2a9640ee11e47049637d1a4e877636ffa6a3950ab7aae2c0b1745f30394201bf,0.5135576783483154,24,2023-08,P_ABC,217,False,False
926E312FCE9D3F2776278C7B8A9E592CB945CD3F2FEE56898DC7121002EB37C7,29FBDD2F893A1BC1274C13D523D590BAA1AADC86534F96DBA0135268BF681557,2a9640ee11e47049637d1a4e877636ffa6a3950ab7aae2c0b1745f30394201bf,0.5135576783483154,36,2024-08,P0,218,False,False
7D64FED11C7FFC16AE567D6BD0EF8D79492AEAF3A192E31BAE40B127A767ACC6,7CB2C0D035844CA2A941B3D40C6C1BB544B37817651839F3381B7F4FCDB905B0,2a9640ee11e47049637d1a4e877636ffa6a3950ab7aae2c0b1745f30394201bf,0.5135576783483154,36,2024-08,P_ABC,219,False,False
76B6D2A287D70408F890E0D194E709A6B8D745CCFD48495F508F388A452B1A11,0B8E912963937985C380CA650E5756FE5DCAE34B10F833A0E60DF88CD28339DA,2cf4e8e8285f8656148c54ceb5a02eaec10778b66348af525d16c648eb553638,5.27436253965231,0,2021-08,P0,220,False,False
E3D40D094C2AC9BD3F9938E2A2898B14115626D65841751E0E4EB01B88C95FC7,BBE02F4BEC2DA8D9C93A21C75A29DC074E3484B644342F76AEF72B090DDB3D3E,2cf4e8e8285f8656148c54ceb5a02eaec10778b66348af525d16c648eb553638,5.27436253965231,0,2021-08,P_ABC,221,False,False
383961FC89D68B3A70FEE26665930C3C0BF3F43573376B6FC50B06FF2C84B15A,70143C13C99A9A725B5CBFC558E29EF512DAE93E55489E5FFF03BCA20D20D741,2cf4e8e8285f8656148c54ceb5a02eaec10778b66348af525d16c648eb553638,5.27436253965231,6,2022-02,P0,222,False,False
A018FD0BCB0729B441F9CEF6C5620656C14391D5A2712A3C0FF5D7BECD233D35,8AA6B89BBF41031F7F95F1CE9B2AC32FA58BC881C98BD78DEBA4C4D549C6D25F,2cf4e8e8285f8656148c54ceb5a02eaec10778b66348af525d16c648eb553638,5.27436253965231,6,2022-02,P_ABC,223,False,False
BE13CA43F353043F7DBADB2F528A7EDF64C6BBEFAAD73B4AC43940F322E95EB5,4BEFCE73D014923DCFADC05F22021BBB4525B2846B91DEDC7171EF487CF908A1,2cf4e8e8285f8656148c54ceb5a02eaec10778b66348af525d16c648eb553638,5.27436253965231,12,2022-08,P0,224,False,False
5B79E6EED336E3A22DEF578E11A842516E413605E177916ADC835604EF2A85AB,8746765CC0C571042642936E4676B74E544196152CAA35B94E6CE26B8381821D,2cf4e8e8285f8656148c54ceb5a02eaec10778b66348af525d16c648eb553638,5.27436253965231,12,2022-08,P_ABC,225,False,False
3814346E2CAC7B8AD9DE71F034FA99B45C20270FAE65637B6B3B552981D705A4,4BEFCE73D014923DCFADC05F22021BBB4525B2846B91DEDC7171EF487CF908A1,2cf4e8e8285f8656148c54ceb5a02eaec10778b66348af525d16c648eb553638,5.27436253965231,24,2023-08,P0,226,False,False
EC2DC81B7C877FC57E046DA9571E64952E793E32084C40E2DF5D9DBE05C4F1F2,99679912FD09DD9700274D4BF941A0F718E33B3DF4B03F862C7DC9325730C408,2cf4e8e8285f8656148c54ceb5a02eaec10778b66348af525d16c648eb553638,5.27436253965231,24,2023-08,P_ABC,227,False,False
E509CC788D8BF49FB76F80977EE5EEDDCEA5F0DC294EBD223A1E0CC228BCDAC9,4BEFCE73D014923DCFADC05F22021BBB4525B2846B91DEDC7171EF487CF908A1,2cf4e8e8285f8656148c54ceb5a02eaec10778b66348af525d16c648eb553638,5.27436253965231,36,2024-08,P0,228,False,False
391876AF6931D775B6453C387B487AF23BAD03C88EFC656D9D3B23B8E747E3B8,668EDF0AB18A6852F31A9BB041892636630DAB3E1F9C3B748F6633420E276EA9,2cf4e8e8285f8656148c54ceb5a02eaec10778b66348af525d16c648eb553638,5.27436253965231,36,2024-08,P_ABC,229,False,False
04EA309A89056D9F6FCFC2E2A45E453FF82D5B0D631E6E12068D180396E3F27A,A46C6330066E75261BA956DDF636A175F8D19B5038E7354430578AC151402A2F,2e7997ba46ea107a9e9eae6eb12dc9582792572e0a3dcf67f0b41bd6b0d23dbf,3.3431114117945224,0,2021-08,P0,230,False,False
62478C5C4412F95297D2B1B888AA09BA59452F1C63670301ADF57BB81F9219AD,C60DF21BD7EF77478E26C011EEFE9781649ED9F15BE365DDC25AF445781983F2,2e7997ba46ea107a9e9eae6eb12dc9582792572e0a3dcf67f0b41bd6b0d23dbf,3.3431114117945224,0,2021-08,P_ABC,231,False,False
DFD0DC6849D972D0A4E636A6A326FD47E287D3C2885EFA0553123B58077C9499,20A69D2ACBCF02A6302F56597D8B2EEC53B60C13EE0F7313A5CD74C33D121398,2e7997ba46ea107a9e9eae6eb12dc9582792572e0a3dcf67f0b41bd6b0d23dbf,3.3431114117945224,6,2022-02,P0,232,False,False
9E0D66CFFA1E29380EC3769D95F1278D223F9990A56098B23BA000150A184AC7,E38E88E7C0CEAFCF9F2B27B6421C497ECABCF624A46A5CD79C10104BECAF5304,2e7997ba46ea107a9e9eae6eb12dc9582792572e0a3dcf67f0b41bd6b0d23dbf,3.3431114117945224,6,2022-02,P_ABC,233,False,False
5248E5947E61EC7D84A81F9CE0D2F7D5B980DA23F8FEAF62C35AC1730BC2F79A,30BDF316627BE18AADBA59A1F4974E4F43B745D4C3482C193A2426B176AB17DB,2e7997ba46ea107a9e9eae6eb12dc9582792572e0a3dcf67f0b41bd6b0d23dbf,3.3431114117945224,12,2022-08,P0,234,False,False
E2D49B481919CCB6DC36982C0FEF21AFED74CC3A77BE5BE6C74A0E68E0716611,C33B49B8598793D76D8824D71FDBA3669057C68841036FB91F2CCC3F26920BED,2e7997ba46ea107a9e9eae6eb12dc9582792572e0a3dcf67f0b41bd6b0d23dbf,3.3431114117945224,12,2022-08,P_ABC,235,False,False
1932F06F2323E28E97FC73E017917ABCE3FEF1D5D8C5039D360255E37D6BBEA6,30BDF316627BE18AADBA59A1F4974E4F43B745D4C3482C193A2426B176AB17DB,2e7997ba46ea107a9e9eae6eb12dc9582792572e0a3dcf67f0b41bd6b0d23dbf,3.3431114117945224,24,2023-08,P0,236,False,False
B3305FEEC19E67DA4144FAEFEAD9DECB529D576C04FEBD535E7EF84F8DBE8749,68A4600132E1B78A2A54A2C07041A10F6AA2A5E6EEB513F21A2C305F905BB445,2e7997ba46ea107a9e9eae6eb12dc9582792572e0a3dcf67f0b41bd6b0d23dbf,3.3431114117945224,24,2023-08,P_ABC,237,False,False
1D6F3F881AC104E2017F70505AFA1984FE282435B9CDFD62B22419CE4DEB9E8A,30BDF316627BE18AADBA59A1F4974E4F43B745D4C3482C193A2426B176AB17DB,2e7997ba46ea107a9e9eae6eb12dc9582792572e0a3dcf67f0b41bd6b0d23dbf,3.3431114117945224,36,2024-08,P0,238,False,False
D0E6C6AB9F7915239A1C6A89218022CB0681D8D49D7C56B568E300DFEFC29ADC,0429CB63590914648ECC6CE0351A8400C69643564EEFE85462E5649D6E862352,2e7997ba46ea107a9e9eae6eb12dc9582792572e0a3dcf67f0b41bd6b0d23dbf,3.3431114117945224,36,2024-08,P_ABC,239,False,False
142C4BDFB4E36CE02F15F8A82BA8C87AA581E265686A531D70CF5A1A085EBEAC,CDB630C47D61D5C2DBABF2BDB3C2D6000D409E0DFC5B4BC3462605C102FC2D05,2f70325c287da329bc6afb270ffb3b55cca7bb5de1ac2de32ac163460fee9ffc,0.2422256714289828,0,2021-08,P0,240,True,True
3CAE5FE4AC2D4E88CC740ACCFFC32271B1966A05698AA127A131079D8142FEFA,5FE34360F682B49B453EA2AE986565FFF089A7732F8496E0C169D2FC8B4731C0,2f70325c287da329bc6afb270ffb3b55cca7bb5de1ac2de32ac163460fee9ffc,0.2422256714289828,0,2021-08,P_ABC,241,True,True
CAEB66A1C4C966F8C1EB7354642F6B3EEBF856498C8185D612FCEEDA77233AC4,AAE3344420D027C6BDDF85D1F10CFE3502B1DFAB7601841ABAA48D4248CBBAA5,2f70325c287da329bc6afb270ffb3b55cca7bb5de1ac2de32ac163460fee9ffc,0.2422256714289828,6,2022-02,P0,242,True,True
9B1B764D3B13AA969FD46F39CE73FD4823655BF43116B164411501DC5873CD61,B3A3CBB693CAF1106E2098053494FCDCA1665C99B3DD27A5DEBA55FED0E27FC7,2f70325c287da329bc6afb270ffb3b55cca7bb5de1ac2de32ac163460fee9ffc,0.2422256714289828,6,2022-02,P_ABC,243,True,True
C8FECA97B6D2DCE2932421C177D543D20AE2740FA1FC754A1BEB301E9D4F1D31,29EB8ABBF4DA1D6DD0D8E73249D3EC34459B548B3D21C5A5E74CE9CD877357C7,2f70325c287da329bc6afb270ffb3b55cca7bb5de1ac2de32ac163460fee9ffc,0.2422256714289828,12,2022-08,P0,244,True,True
217CF9492CF2C9DB11A6FFFE35AF9FB09EBE533C9D9051F31BF69C7E82E0D733,1E0343FFA5F9078DC855050BD06576586EB15D3FF43416F4D162FA4F7594AEA2,2f70325c287da329bc6afb270ffb3b55cca7bb5de1ac2de32ac163460fee9ffc,0.2422256714289828,12,2022-08,P_ABC,245,True,True
A03140EF9137478C9D655C4896A666445ED6FF3CE5F3772A974E330E0E9D496F,29EB8ABBF4DA1D6DD0D8E73249D3EC34459B548B3D21C5A5E74CE9CD877357C7,2f70325c287da329bc6afb270ffb3b55cca7bb5de1ac2de32ac163460fee9ffc,0.2422256714289828,24,2023-08,P0,246,True,True
D4CACEF536D43AF9D48FCC23C5C966AC39D4EDFCE1802BBD2EFDD3EC2F4226D5,EFA0ACFE0EB9FEDCF52858CB356917BBDEA5A539BFE41E5460266788867D8DE3,2f70325c287da329bc6afb270ffb3b55cca7bb5de1ac2de32ac163460fee9ffc,0.2422256714289828,24,2023-08,P_ABC,247,True,True
EC48869179F4BFCA0E770D7ADDBC2071EC3BA263AFD92A8417619428C62F52EF,29EB8ABBF4DA1D6DD0D8E73249D3EC34459B548B3D21C5A5E74CE9CD877357C7,2f70325c287da329bc6afb270ffb3b55cca7bb5de1ac2de32ac163460fee9ffc,0.2422256714289828,36,2024-08,P0,248,True,True
D2666C20524C08CEE0E6236BFD6C590F216AE90DE02A39FFA0EA7F38E6C0CEA4,C94455B325D06C77D0E34CB9AF5B31AAD0C7BDA567E20E33E5533821173FCF33,2f70325c287da329bc6afb270ffb3b55cca7bb5de1ac2de32ac163460fee9ffc,0.2422256714289828,36,2024-08,P_ABC,249,True,True
5ACBED59A2CB5BA3FC9F6F6495BA2C85E74268EB72A9D64D5EC6457B0C2D088D,2177CFBD0A5062E41D6D32EA9038D546FA7F8BF5F32FF6F495D6DE03BB49775E,301a7c641950f9dfdeacf9456ca21f8758c669a421bea4677db195d554be9b1c,0.940644853265054,0,2021-08,P0,250,False,False
5302BB332B19F4A09C8A6004166259C6D4E068FC41482F494C6B75922F81D77F,50C042D6AD91A8FD53395417BF858865EB040B253C57CA60F542F74296D7A6C2,301a7c641950f9dfdeacf9456ca21f8758c669a421bea4677db195d554be9b1c,0.940644853265054,0,2021-08,P_ABC,251,False,False
76BC6BC8B3433D1F5733F46CA3D955C70702E99004FEBB1A522DE6500F5C2BE9,6C99AF5D85262484C4C7A3C85CEE1F0E104B26F8029E76D6D5BD89B1EC0FB491,301a7c641950f9dfdeacf9456ca21f8758c669a421bea4677db195d554be9b1c,0.940644853265054,6,2022-02,P0,252,False,False
05D655E3CC09DD3AF191C5CF8568199C695ABDB956AD87D7F2012EC2923BED15,A2275A1C7382E708A0A17458229274B035E46E2DAEC2843F7F01320ADC942E9B,301a7c641950f9dfdeacf9456ca21f8758c669a421bea4677db195d554be9b1c,0.940644853265054,6,2022-02,P_ABC,253,False,False
C8A14DFB31F3779BEDEFB5C270ED0621A04CCD27DB710D13B854292833D35699,A804A4B9807DC9020EC0A148D4E92E7CB9F162EEEB2AAAA35AFAD1C0FFF1D582,301a7c641950f9dfdeacf9456ca21f8758c669a421bea4677db195d554be9b1c,0.940644853265054,12,2022-08,P0,254,False,False
406239219A524611C53B51195FEA8A9444416FDDE81179079695D06EF210EDFF,159AF2244266E27E3157694CED2405A5A8AA8A60491CB6F07ED66C552579812F,301a7c641950f9dfdeacf9456ca21f8758c669a421bea4677db195d554be9b1c,0.940644853265054,12,2022-08,P_ABC,255,False,False
EE2DB824A04E3DA4E1EE8D1E3D469159D6FC7689924BDBDFF4AC0DB011287FF8,A804A4B9807DC9020EC0A148D4E92E7CB9F162EEEB2AAAA35AFAD1C0FFF1D582,301a7c641950f9dfdeacf9456ca21f8758c669a421bea4677db195d554be9b1c,0.940644853265054,24,2023-08,P0,256,False,False
C1D33D7274A950E9D29BDCC1724BC645168EFF9EDC0C22C36731579B8AF17D5B,21F6BDB18831EC12AA172055E28CE96121F555715D9D9F2DC7913ABB01642F17,301a7c641950f9dfdeacf9456ca21f8758c669a421bea4677db195d554be9b1c,0.940644853265054,24,2023-08,P_ABC,257,False,False
97CB181EC3C068A88D53183241727495259F90FC28DA9DF29095B96679C67074,A804A4B9807DC9020EC0A148D4E92E7CB9F162EEEB2AAAA35AFAD1C0FFF1D582,301a7c641950f9dfdeacf9456ca21f8758c669a421bea4677db195d554be9b1c,0.940644853265054,36,2024-08,P0,258,False,False
3C33DE12E628DBA0B2247D8E5D812852D0559D917DD96933531FB7EB2FA1A722,914653A43B92ABEFA0925469CBD52C14D277C9A37FF2F864385B0EE85D472663,301a7c641950f9dfdeacf9456ca21f8758c669a421bea4677db195d554be9b1c,0.940644853265054,36,2024-08,P_ABC,259,False,False
1003C6D7B7C324FCD0822E2851565B064A60E65902D050FF1FB4C81A79781FB6,B8F30C76FE5AF69ACAA56F8CFC28C34FB586DB1A70E8510A016589F3F011BA12,318e40f5e7d15b8d7dd553489858ab720327f1f7d909cf24555c97fb6461efc4,0.9519174663288772,0,2021-08,P0,260,False,True
3CFB668BAF75001CD5786E2914219EF30A31AB05FFD969F62366BD13EDEA40E4,0134BB29DEDAFD0DBAF7D95CC41E21EFC45C893AD00A1BF58089BDE781658969,318e40f5e7d15b8d7dd553489858ab720327f1f7d909cf24555c97fb6461efc4,0.9519174663288772,0,2021-08,P_ABC,261,False,True
D1313B28FEAE88C4BC7C7D834D9D7D236B75F0C44E1CBADC2DE6B88848FAD0AC,188EDE68239593BD510BF04D75934E8522D55F3F274DC39C30B2F6EEED48C080,318e40f5e7d15b8d7dd553489858ab720327f1f7d909cf24555c97fb6461efc4,0.9519174663288772,6,2022-02,P0,262,False,True
38146DECC8862604E273275BBC1208D83EC23ABDF5262CF7562DEF31FCECE0DA,2691FE245FD36D0DCCAE51CB81D428AC6E7D631BB9D5CD9FFF5B325E45B55164,318e40f5e7d15b8d7dd553489858ab720327f1f7d909cf24555c97fb6461efc4,0.9519174663288772,6,2022-02,P_ABC,263,False,True
4ECD8B3978A48388E926D6D1DC2B4E49D60627CFB8821BB1DBFB3A2EA7509A04,33C2CCFA2B466EA9496E8FC911652E99EE22A9687B9A4085A4CF0FED7126DB28,318e40f5e7d15b8d7dd553489858ab720327f1f7d909cf24555c97fb6461efc4,0.9519174663288772,12,2022-08,P0,264,False,True
3A92E3A6B9EF857445352CF43DCF4CC2EFAD4FA82930B57C3D1DAAD991BA8404,915BF8321A40506F251E9D10B1177C86689AAE30E977C99A9E949E3FB3F3024E,318e40f5e7d15b8d7dd553489858ab720327f1f7d909cf24555c97fb6461efc4,0.9519174663288772,12,2022-08,P_ABC,265,False,True
F67120CC4FE20F0EAC5F93AC48754B9FAC1D0D1380473BAFF390220BBB5CC6C9,33C2CCFA2B466EA9496E8FC911652E99EE22A9687B9A4085A4CF0FED7126DB28,318e40f5e7d15b8d7dd553489858ab720327f1f7d909cf24555c97fb6461efc4,0.9519174663288772,24,2023-08,P0,266,False,True
EAFF6319B295666892864090B3E944ADF2C608A67384664DDA344EF49D349AFC,AF894EF0CDA9AC6B956A3132BE9EF403B6FD37BCA3735DCCBA77E3BE070557BD,318e40f5e7d15b8d7dd553489858ab720327f1f7d909cf24555c97fb6461efc4,0.9519174663288772,24,2023-08,P_ABC,267,False,True
793DA1A80D344B3B80A10C85E587B6876D08093468D90ECF3B45DFBC87F88254,33C2CCFA2B466EA9496E8FC911652E99EE22A9687B9A4085A4CF0FED7126DB28,318e40f5e7d15b8d7dd553489858ab720327f1f7d909cf24555c97fb6461efc4,0.9519174663288772,36,2024-08,P0,268,False,True
9F23B1B2CE05DB7076CC8D0272738DE3BC26A167B21AF7B78BBA67376BB3FA75,F3DD6472AAC592C344521D6E9C0DD8727C61715DF8D76C5ECABCC7F8806541A3,318e40f5e7d15b8d7dd553489858ab720327f1f7d909cf24555c97fb6461efc4,0.9519174663288772,36,2024-08,P_ABC,269,False,True
9A44A3E112DD78B3A7A155EA8E58B67832DE342C14C46C65EBE69A3735B671B8,7A6EF0BCD0ACF4B213A5D2FFD7F14BBA712793E4605B13A13BF8CD30A27FB1BB,332d99321a813baca2bc35eea14daf2e3535064e1410afcaad43012ea4ef6f40,4.301830064987643,0,2021-08,P0,270,False,False
0F110DF63DD896DEAF49A66A99C0C751473AA4573E9D42F4F683F4E0FEB1F603,36354BB5516A9D30665AF14A9A35DBAA66FCB1FB849E9CA9D02808821E9EB7BA,332d99321a813baca2bc35eea14daf2e3535064e1410afcaad43012ea4ef6f40,4.301830064987643,0,2021-08,P_ABC,271,False,False
117B08F4167068AC0DFDDECF3E13C3E4A419CB94E2256D7D6C1BA8E7687BF8E1,ACB6F1A50F922712C44A7A7149BDF49B0193C774E2E4DE13845BA25C6C1DC808,332d99321a813baca2bc35eea14daf2e3535064e1410afcaad43012ea4ef6f40,4.301830064987643,6,2022-02,P0,272,False,False
726288D735D881254083DF795BFEB81697B07EE7ED1702AC6F8003920D82D225,24F4A7A29F0C07EBEFBF1D5A43521AC7B45A72F7C447505C684E18D16E0D6855,332d99321a813baca2bc35eea14daf2e3535064e1410afcaad43012ea4ef6f40,4.301830064987643,6,2022-02,P_ABC,273,False,False
6400118D737BC386B62305A8BDFFB6517A658946D879DC6F99A4D9B997965152,C61FA510E31A458D83A1A8F150146D01C7DBAF23B7FCCC1B55ABB15D6C958598,332d99321a813baca2bc35eea14daf2e3535064e1410afcaad43012ea4ef6f40,4.301830064987643,12,2022-08,P0,274,False,False
067616610A05237FDF1F99EFCBABD00DD13943D5844AE4DDF83C43990040BC7B,75367537DC1A629740ED3A53159BDDCD3AD4C69D32FE18954039478158836856,332d99321a813baca2bc35eea14daf2e3535064e1410afcaad43012ea4ef6f40,4.301830064987643,12,2022-08,P_ABC,275,False,False
6336064CF23298CFF7BB06F96107314884FBB72CF9377E54765FC3CF5F063189,C61FA510E31A458D83A1A8F150146D01C7DBAF23B7FCCC1B55ABB15D6C958598,332d99321a813baca2bc35eea14daf2e3535064e1410afcaad43012ea4ef6f40,4.301830064987643,24,2023-08,P0,276,False,False
709B5A2196B14ED52A2BD113D5177179BE9487C09878B58AF0E6AA86A1DDC8CE,83208C976A6998C5CE53089DDAD1F462F8F98EEE2B55036227D1597EC3CE931D,332d99321a813baca2bc35eea14daf2e3535064e1410afcaad43012ea4ef6f40,4.301830064987643,24,2023-08,P_ABC,277,False,False
F9C2993EB967758C1DEF983364C55EC73D227331E7068EDFB721B48BB2A58F2F,C61FA510E31A458D83A1A8F150146D01C7DBAF23B7FCCC1B55ABB15D6C958598,332d99321a813baca2bc35eea14daf2e3535064e1410afcaad43012ea4ef6f40,4.301830064987643,36,2024-08,P0,278,False,False
E25C4E3B5BA1048309C800A59BE4FEA7E7B05F656BEF0892AD5FD9DEA456DF40,908CF53312EA1879ACDA7ED4C5314C2B86DABAEAE2350EAE5BE9D95B8DCA27A3,332d99321a813baca2bc35eea14daf2e3535064e1410afcaad43012ea4ef6f40,4.301830064987643,36,2024-08,P_ABC,279,False,False
4393F9549899BA4D7730D504EA5B65B1EBCCD8D64883EBF34205050E34162D6B,366BC27486F64C005402A60003927A047537AFCF0748FC169788EEEC9962D374,334fd9765648476e7541fb9f9ecd9f2ed480738250ad6dc35d980e05e5d794cb,7.8269374754295695,0,2021-08,P0,280,False,False
158EEEC0813C49C9FB80030EC3370AB1AC0FA417123AD46ED822DD9A972E0854,161DB964B5C605D1320FD4618787478D9B31E09CFED3D822856264402F60FDA0,334fd9765648476e7541fb9f9ecd9f2ed480738250ad6dc35d980e05e5d794cb,7.8269374754295695,0,2021-08,P_ABC,281,False,False
17785AC0FDFD0359C7A7B734F469C8070E8CA9FBE93F51817BC466EF855B987A,AB2A7CFE373C06E671C7B7B4BFB1DA9E83469C3B4DF9AB3FF4732C4DABA6335F,334fd9765648476e7541fb9f9ecd9f2ed480738250ad6dc35d980e05e5d794cb,7.8269374754295695,6,2022-02,P0,282,False,False
26239E47769A33D2D5A11854CE9C2234E3F8A0427DBD6FDDB9BB1559306DEC49,EF574666882E16DCF0520CCC080B7B24A9CD38973EE75ECD14C2F70D12FA6D75,334fd9765648476e7541fb9f9ecd9f2ed480738250ad6dc35d980e05e5d794cb,7.8269374754295695,6,2022-02,P_ABC,283,False,False
BCB37D3F95AC4EDFDB2EAA0CC3B3891F4581DFE429A92A05587ED2FEB5B55CD2,FAC22230BF2855E70F54FE28334BA304E5460C787525C92EB6D9F771F866C788,334fd9765648476e7541fb9f9ecd9f2ed480738250ad6dc35d980e05e5d794cb,7.8269374754295695,12,2022-08,P0,284,False,False
380FEC7485D7FCA41C95640A3983F855B66B3B631158969200DD85684801688A,EE27FA8D7917AAF53C4295C8F9B46E08BA84FC0213DA8AB92078399186FD5269,334fd9765648476e7541fb9f9ecd9f2ed480738250ad6dc35d980e05e5d794cb,7.8269374754295695,12,2022-08,P_ABC,285,False,False
0D27A38079253ABDE6A18A026DEE868B92788CA2A3F19E73F542D16C72A8704C,FAC22230BF2855E70F54FE28334BA304E5460C787525C92EB6D9F771F866C788,334fd9765648476e7541fb9f9ecd9f2ed480738250ad6dc35d980e05e5d794cb,7.8269374754295695,24,2023-08,P0,286,False,False
ADE71B0B72AB0D178FD6F73E0E1CDB2AE36FB6B63F6D572182444453D5C181A5,169C0F5994257CB027207D3A15440CC8E5C4810295B0E6B9454F99B60A1E6B9F,334fd9765648476e7541fb9f9ecd9f2ed480738250ad6dc35d980e05e5d794cb,7.8269374754295695,24,2023-08,P_ABC,287,False,False
ABAD682242AB0E999E6CCD0AB606040D4D75050A558143B71C54D1CFB2F14BD8,FAC22230BF2855E70F54FE28334BA304E5460C787525C92EB6D9F771F866C788,334fd9765648476e7541fb9f9ecd9f2ed480738250ad6dc35d980e05e5d794cb,7.8269374754295695,36,2024-08,P0,288,False,False
BB5ACA7F3B659A154AFB28207E0DB4C281DC24D0C9160B16A2BD84FF9BFA612B,578C8BED1C705F4D4562919034045B6AB83B3616E9D5A8B40781BF0E7492C15A,334fd9765648476e7541fb9f9ecd9f2ed480738250ad6dc35d980e05e5d794cb,7.8269374754295695,36,2024-08,P_ABC,289,False,False
AF949DE78C70A36A917BD489691442276B09A77D36CFF1BD9E32E2EF22ABD0A3,0551613BC3F45B54E3749BFF6537290DFD6381E98D1B7726D6CBA6FB402DAD78,33fff66cd333bd10d506fc044875ce447c109697334ed4bd5bcf2c9a5a70c3dc,7.567384824874504,0,2021-08,P0,290,False,True
EFBAEBF7BFC5175F22C8E5C4EC30A0BC0DE4ECB8BC8E3A1E84AEB50030D573F8,6BEE8FF7FB7194691A4BF7B5CE4BB9CD4112A7297214E76EA34341C0EC01E328,33fff66cd333bd10d506fc044875ce447c109697334ed4bd5bcf2c9a5a70c3dc,7.567384824874504,0,2021-08,P_ABC,291,False,True
3B3F050860B55E092E020AC022CBAFF67F743B4A60CB275F926EC20D411026B7,2273794B079BB92C68AEC085B2426704656062CC984430FFAF5436638F639801,33fff66cd333bd10d506fc044875ce447c109697334ed4bd5bcf2c9a5a70c3dc,7.567384824874504,6,2022-02,P0,292,False,True
B9C13BE947F6FF8CAC3E55E2AB6BC0259097ED3F19BDC6C02C6EAE3238A4219F,F0BCAB8092A7BF8E92DB47BEE8FA505D1ECBF215B7BA8724F07E9AB4B67FACAB,33fff66cd333bd10d506fc044875ce447c109697334ed4bd5bcf2c9a5a70c3dc,7.567384824874504,6,2022-02,P_ABC,293,False,True
600F152AAF29A21FEA7878D62E0A21445C9BAD11AAD3D58801EE9FA5CC62D8F2,FCE6BADC07F4633721E455D33DF4A05EA1B14A3B2A9BD73F49E06F1F9D5683B9,33fff66cd333bd10d506fc044875ce447c109697334ed4bd5bcf2c9a5a70c3dc,7.567384824874504,12,2022-08,P0,294,False,True
B7A96B4CC0ED979C0187D0AF0B1DC7E872DFF9D2052991F6BCFC000FA8124811,7119286A6535F5F3136A0AE37DE616822AC3221EAFA37BC0E782542C4522150F,33fff66cd333bd10d506fc044875ce447c109697334ed4bd5bcf2c9a5a70c3dc,7.567384824874504,12,2022-08,P_ABC,295,False,True
59E104692E82EA61BAA3FC93C0373A5188941F7EA156428431CA64C428258437,FCE6BADC07F4633721E455D33DF4A05EA1B14A3B2A9BD73F49E06F1F9D5683B9,33fff66cd333bd10d506fc044875ce447c109697334ed4bd5bcf2c9a5a70c3dc,7.567384824874504,24,2023-08,P0,296,False,True
8BC22B915EE6F700215BD4E013B56264888F586B5210604B9D97FC955C4A30EE,D3CB1AC0C5ED15D3AE92B32661B4DADBA05243E250922CC040A6940D69A35B11,33fff66cd333bd10d506fc044875ce447c109697334ed4bd5bcf2c9a5a70c3dc,7.567384824874504,24,2023-08,P_ABC,297,False,True
C27B910730B1C061E455448C765E5DD2A79D51FFD792ADF3D578BA7B6CC0C3CF,FCE6BADC07F4633721E455D33DF4A05EA1B14A3B2A9BD73F49E06F1F9D5683B9,33fff66cd333bd10d506fc044875ce447c109697334ed4bd5bcf2c9a5a70c3dc,7.567384824874504,36,2024-08,P0,298,False,True
3FF9D712B6C211079A95883294CC43BC3206CF3AAE06D3A554E94B8957D8A955,55627298589250DDEA682D309BCAD40176AF5BD1233D1C5064091BDAEBC6152B,33fff66cd333bd10d506fc044875ce447c109697334ed4bd5bcf2c9a5a70c3dc,7.567384824874504,36,2024-08,P_ABC,299,False,True
8836D46B251A4284D59A9C6821148AC576AEACAACA813DD88CA91B275280C43C,2434ABD5D8AB75EA82723042FFF114B93A2510954169C3CFAFBD9C93FB475501,3400a99ca857cff3f9ebe7ef50ed6b8e9d1d4c772a2fde08e218be17de5d7129,0.8095896578210797,0,2021-08,P0,300,False,False
7BBC6A030850ABF2DC6FCD8F9E6254281531DD5ADEA86C17DFC164B4B925376F,131DE89853E8545661BAB8E64E0A17C6A7C54C0F960CB33737392F6702711097,3400a99ca857cff3f9ebe7ef50ed6b8e9d1d4c772a2fde08e218be17de5d7129,0.8095896578210797,0,2021-08,P_ABC,301,False,False
8A52CE404A2386BE660C9756869DBA2429A359A49544B05FDE9DBE6CD0D82D59,E5E360E153795EFFCBB9EBECA03AF30944913C4D8EB0E742CD4D20B27B7A4A9A,3400a99ca857cff3f9ebe7ef50ed6b8e9d1d4c772a2fde08e218be17de5d7129,0.8095896578210797,6,2022-02,P0,302,False,False
056EDECB730A65585740E1DF576A179DBC983EB2A3E4E713E29DE87C0786D135,E5979F7214F707AFE661DF759C677A634962B53FF504B9032913898F60651E96,3400a99ca857cff3f9ebe7ef50ed6b8e9d1d4c772a2fde08e218be17de5d7129,0.8095896578210797,6,2022-02,P_ABC,303,False,False
0286788617ADD413D3E9B22E5565AD6C61F3F3A3B0337742B026A53A7C7E6B95,613E6CC5DFFB921FC55D95B44DBDCEF25666A987B748C029EF4E88C931EC1B38,3400a99ca857cff3f9ebe7ef50ed6b8e9d1d4c772a2fde08e218be17de5d7129,0.8095896578210797,12,2022-08,P0,304,False,False
5FFAAC76FD8C3F5FA6D7F7A10345DA2FC5B4D33144473F2B9FEE9201038F5EB5,7119FD92F65AC0DBB7B1719333B53B5E9D75912E82FBBC81DC6137678F439016,3400a99ca857cff3f9ebe7ef50ed6b8e9d1d4c772a2fde08e218be17de5d7129,0.8095896578210797,12,2022-08,P_ABC,305,False,False
389428486E56300D7C49B96C10EB2C10CE73C6EB1CC1C85DC9E2115F377C07FB,613E6CC5DFFB921FC55D95B44DBDCEF25666A987B748C029EF4E88C931EC1B38,3400a99ca857cff3f9ebe7ef50ed6b8e9d1d4c772a2fde08e218be17de5d7129,0.8095896578210797,24,2023-08,P0,306,False,False
59CE33D4AA59D9872C10EDA252F1F88048148340BC883FBF8493D6C3C79693B1,C01CDAAEA2CFECB47428577E9802DABA7261D8B06D66509DE3BF5E1FAA4F0362,3400a99ca857cff3f9ebe7ef50ed6b8e9d1d4c772a2fde08e218be17de5d7129,0.8095896578210797,24,2023-08,P_ABC,307,False,False
631BFBC898295A06B431B5D6189815D765BCDF5067E8DDC0ACD4F3D6CE78794D,613E6CC5DFFB921FC55D95B44DBDCEF25666A987B748C029EF4E88C931EC1B38,3400a99ca857cff3f9ebe7ef50ed6b8e9d1d4c772a2fde08e218be17de5d7129,0.8095896578210797,36,2024-08,P0,308,False,False
D5610FDCEDBB9BBF06AE8D6A4BCD4EDCB4452F3C60189F88F5A30E9426AAB00D,296E5CDC63FF03A3DEE34FFFBE77049781E4EE2EF402DEEBB89F7192E75D0662,3400a99ca857cff3f9ebe7ef50ed6b8e9d1d4c772a2fde08e218be17de5d7129,0.8095896578210797,36,2024-08,P_ABC,309,False,False
4F6A5E1D949510F183D8688B63B7327D7AF486A426B92AD5F4F66A31A56C30E7,47DFA701CA243E8035F2F613678FCE321D00F1521C41CB4FBD86DF4721320790,342a07825c312a77c8aac28b35636fefc20beec3f275283dd8f1b4072f018114,4.445838971521197,0,2021-08,P0,310,True,True
F27E68970A2C4C4CF262A8914B4F199EA4F36CF7AC1FEF5D63BFE9EB326DD8B1,C019C3D2FAA88EDD05AAF67F9188E0D1D60AD616BE56F38376179C2D4A984BC4,342a07825c312a77c8aac28b35636fefc20beec3f275283dd8f1b4072f018114,4.445838971521197,0,2021-08,P_ABC,311,True,True
A268900AE8FD5FD93822AA45A3D109D411E97E14169B1014B350290E8088F707,AF1DA6B3B6B17F1747CB364E10577DE7B43E10733F04D6E23CE8E2106C7D9597,342a07825c312a77c8aac28b35636fefc20beec3f275283dd8f1b4072f018114,4.445838971521197,6,2022-02,P0,312,True,True
DCFDE3ACBFC300DEEBC7358CB8399FF668E5C5337261024659137CFCA5DC4787,C8A0D81BE1880705DF7C89CFE48FB22A1D0BBF79F2AA5AEE2BC37AD61892E4C0,342a07825c312a77c8aac28b35636fefc20beec3f275283dd8f1b4072f018114,4.445838971521197,6,2022-02,P_ABC,313,True,True
22A0412A7ACEC3CC40D22BC424B4891AA176BEF39FE5F94C16CEFC509F08BD7B,03EA7F9BAE3AC7B603F2199199EF473DFEEEE00F7E9FFA4E25695813419AFCBF,342a07825c312a77c8aac28b35636fefc20beec3f275283dd8f1b4072f018114,4.445838971521197,12,2022-08,P0,314,True,True
2124D8DD43B31EAA4D48DDB6F7C8EC447B71C7C6E5AB1BB404EEE310D66460B1,90F2DF9AE5D9303FC6743D59D06ADF1148A85076BC4741B202A90AEAEC19004D,342a07825c312a77c8aac28b35636fefc20beec3f275283dd8f1b4072f018114,4.445838971521197,12,2022-08,P_ABC,315,True,True
915C0913149AAEA496405ABAB7D0096150978F16D43233C126CAE011BF663A02,03EA7F9BAE3AC7B603F2199199EF473DFEEEE00F7E9FFA4E25695813419AFCBF,342a07825c312a77c8aac28b35636fefc20beec3f275283dd8f1b4072f018114,4.445838971521197,24,2023-08,P0,316,True,True
386CBE72BC4C1F24F4D6101E26443C5A2EB633EC65A79FC5153C621E55CE98F9,83D1015032026DFFD2DB541F782874EF08AAE33B8D557BF5E5999CD481FDF9D1,342a07825c312a77c8aac28b35636fefc20beec3f275283dd8f1b4072f018114,4.445838971521197,24,2023-08,P_ABC,317,True,True
C5439D8D0731DA37C1474A0E5E863E593F09295AFEADB3735E6E7BDED5A03E31,03EA7F9BAE3AC7B603F2199199EF473DFEEEE00F7E9FFA4E25695813419AFCBF,342a07825c312a77c8aac28b35636fefc20beec3f275283dd8f1b4072f018114,4.445838971521197,36,2024-08,P0,318,True,True
F6808440C2F3C76ACC24DCFFEF113F7D4F748C0D351E97037C9656237542FAD3,F41B630B90C057B1064955332E8F9BC14A0FF05739CACBF7C4F341A4FAA096D0,342a07825c312a77c8aac28b35636fefc20beec3f275283dd8f1b4072f018114,4.445838971521197,36,2024-08,P_ABC,319,True,True
EF852048F807A9D15EBE7043DFF9A66AAB7287F2141E2BFD5ACB74CFE852B78F,C100E30F03B406378141E6EE426287564BABD6AF8CF10CD96D4BF5F7B287B19D,3435cc5f9d84ce93cbce5d544f1cbc9d5c268b13a68276de15dddc4bd2849d90,0.7644702584659551,0,2021-08,P0,320,False,False
1FB4DD7D7C7B0BC1471C7188DAD045568CF73A91DA422096FA984DC7566E7F78,09BFFC7977BFF2A5A1EBF02A5B50E1454F6D4BD02D821565072F6DFA72133D56,3435cc5f9d84ce93cbce5d544f1cbc9d5c268b13a68276de15dddc4bd2849d90,0.7644702584659551,0,2021-08,P_ABC,321,False,False
56C2E603C94F9FCBE5CA5F579B9E682FC98A6C3AE72D528F94DD106DC3FC17BF,B28B33AC967C014D996BD834B7BC995CB59A297281424FF5DEC5B4E415263BA9,3435cc5f9d84ce93cbce5d544f1cbc9d5c268b13a68276de15dddc4bd2849d90,0.7644702584659551,6,2022-02,P0,322,False,False
1B8AE1DEF2A977183D0F8834E4E6644AA6F93DAEB9F1F4E06AFCA5CFF598932E,12E36300C5CA1CD48BD14B0DB2988E1F461C579A708D1CC32D24B14549392F78,3435cc5f9d84ce93cbce5d544f1cbc9d5c268b13a68276de15dddc4bd2849d90,0.7644702584659551,6,2022-02,P_ABC,323,False,False
95F4D547708BA569B81A6A4A71FBC931A6D713494BE11BF13F90092CDADC141E,87393AA2024FE20A0F554971677D14F089B5C6C88788B5A7B111A0589949936F,3435cc5f9d84ce93cbce5d544f1cbc9d5c268b13a68276de15dddc4bd2849d90,0.7644702584659551,12,2022-08,P0,324,False,False
F39EF1D4E4173BAA63D56970E2233526FE4DFFA13347541AF28DABFBA049D665,0ABBD019F7CF1DDB533CC00272B63CB100BB287D8C951C002BB92D62353C7228,3435cc5f9d84ce93cbce5d544f1cbc9d5c268b13a68276de15dddc4bd2849d90,0.7644702584659551,12,2022-08,P_ABC,325,False,False
5CBB596BCC322E6AF690C04333EB03B12B5E0FEDEDA630CE43625C6C61623C0A,87393AA2024FE20A0F554971677D14F089B5C6C88788B5A7B111A0589949936F,3435cc5f9d84ce93cbce5d544f1cbc9d5c268b13a68276de15dddc4bd2849d90,0.7644702584659551,24,2023-08,P0,326,False,False
E451F9494BFC00AF1FAEFCFB1BCDAFD7CC3B065AE1DDDB67B14ACB3415191F9C,06807BB9D840F771CF97645C317E4E345DB081EAAAED0022C3B530FA7A239A01,3435cc5f9d84ce93cbce5d544f1cbc9d5c268b13a68276de15dddc4bd2849d90,0.7644702584659551,24,2023-08,P_ABC,327,False,False
83FFE878F8A8976816C1227E662545C5BFE4EC79193B430AB94091F2E6E2D525,87393AA2024FE20A0F554971677D14F089B5C6C88788B5A7B111A0589949936F,3435cc5f9d84ce93cbce5d544f1cbc9d5c268b13a68276de15dddc4bd2849d90,0.7644702584659551,36,2024-08,P0,328,False,False
FAFA1FECD78BFE4B5909B5BB99A264A1DBE49928EB0726F6D3B3F3831D9BACEA,339A2ABDBC92C82BC648F76B3E1E283A192D4D3BB9ED715D4698EC2BBA5EAD62,3435cc5f9d84ce93cbce5d544f1cbc9d5c268b13a68276de15dddc4bd2849d90,0.7644702584659551,36,2024-08,P_ABC,329,False,False
CD8245F38228F4244E111FACC4F023DABAC899E571A396F02F53B8D3D8C1492C,AFF3DE3B91DD13BA3EB33F0046FC7C59D2BE15F3DF317CA58F95FA412DBCC4E2,34c16e804c61a2e8c37946667530a666320f03331e216d0e4afad7fe027247c6,9.518825603192914,0,2021-08,P0,330,True,True
91045C42E07047FE1547A4C7EC28BC3C30B8854B1A4CF17FADC5260E66CA9EFC,9142A48F545C5446766A8ADE15FC4DF6D298CA9BE9BC977467CA87C6AAAF65C3,34c16e804c61a2e8c37946667530a666320f03331e216d0e4afad7fe027247c6,9.518825603192914,0,2021-08,P_ABC,331,True,True
A6350F621DAA74810139954DE4F0ADAD37D257D7DB553E35165AEF12C01E5F0D,56A131BEAB9B7F08317EAA843DDD7BF639796CD2163AE0E80E46BD1E5C5E5488,34c16e804c61a2e8c37946667530a666320f03331e216d0e4afad7fe027247c6,9.518825603192914,6,2022-02,P0,332,True,True
326AECB601D0DEF6EA238F8BD11781A771D47143B6874D7459D9CBF4FB412B50,FCE83EF5B15472099F7BFB9BD465427FE73AD6F739D31AFE6ED302BAD6B63529,34c16e804c61a2e8c37946667530a666320f03331e216d0e4afad7fe027247c6,9.518825603192914,6,2022-02,P_ABC,333,True,True
4CFA9656D02EFF5B0711F2E2C510311CB1A2490979EED64B2722A92A49882E5C,27A0320C38AA950DDB2FE05714EF54F72FDF93E9C8AB32A696E892EFE5ED972A,34c16e804c61a2e8c37946667530a666320f03331e216d0e4afad7fe027247c6,9.518825603192914,12,2022-08,P0,334,True,True
F8DD9B1EC4DF1FE8D92A06178ADC92F765A6BB627FAA616D9E820304CAEDC6E6,B1EC8771D37BC8DD9F35D616A7998A4850E04845AD7252C7D0C2E4DADD377439,34c16e804c61a2e8c37946667530a666320f03331e216d0e4afad7fe027247c6,9.518825603192914,12,2022-08,P_ABC,335,True,True
2E6DAB261341815DAA67B1836EFDB0F266E3B63C5158D925FC82562E1EB601D6,27A0320C38AA950DDB2FE05714EF54F72FDF93E9C8AB32A696E892EFE5ED972A,34c16e804c61a2e8c37946667530a666320f03331e216d0e4afad7fe027247c6,9.518825603192914,24,2023-08,P0,336,True,True
7D3669A3341B0901767E9940E222DD18476082DAA92AC900868E7682B9FE371B,5DC5F1A3B275D31CA307BC485E446FE5864BFF50C4BB4C30DCF250DEDAD54F1E,34c16e804c61a2e8c37946667530a666320f03331e216d0e4afad7fe027247c6,9.518825603192914,24,2023-08,P_ABC,337,True,True
E2DF59803542370E8317313DD03ACB34F1A2727DB8410546D8BAAC7112E5C070,27A0320C38AA950DDB2FE05714EF54F72FDF93E9C8AB32A696E892EFE5ED972A,34c16e804c61a2e8c37946667530a666320f03331e216d0e4afad7fe027247c6,9.518825603192914,36,2024-08,P0,338,True,True
3A6F9A2594C24B7AFBF5522B18398B772D531ABA9949C4A9E054ACF88D92574B,09E1E52EDAAC3A1FB216B6590B996938EAA8B6FDB0FBB4B25E919CBEE099C815,34c16e804c61a2e8c37946667530a666320f03331e216d0e4afad7fe027247c6,9.518825603192914,36,2024-08,P_ABC,339,True,True
A4CD26DCCAFA0B066A5783CC302B3E50453C84BB1AC92E3358307C6FC609C2A8,9AF6540ADE18B2A5690C01270F6AC9AEF669AA8793BFF843C8E93178077E5857,354dcf3a83bea1c2c68e7daa3c5a22cd7409d92b12c0090a52bc6acdbf27f132,8.196565255263565,0,2021-08,P0,340,False,True
C1EEDF428D02372A10233E936C7C2D48AEAFE5B4A35C48EB7F69BC3B12580902,1CCC9D2D13C8A484F866685804F3F1F38F2EDE3765342311813D289CC0502FD3,354dcf3a83bea1c2c68e7daa3c5a22cd7409d92b12c0090a52bc6acdbf27f132,8.196565255263565,0,2021-08,P_ABC,341,False,True
47784FD2AADDA99AE3B57B8FB26B924D32D5282B0636FA6B64E361B104426E61,4CCE671BB925A01551D7E37D9EDF8E908EA4928BF8802236528846BFBDE2408A,354dcf3a83bea1c2c68e7daa3c5a22cd7409d92b12c0090a52bc6acdbf27f132,8.196565255263565,6,2022-02,P0,342,False,True
D54E70BA4F012EFE8E692EC4453DF16DB28CFBB7028DC9E5BEACE2B84524B568,EA3311522AFFA09C02DF223A677D7DCFFCBEF89DB5874F70AC86292CF4177497,354dcf3a83bea1c2c68e7daa3c5a22cd7409d92b12c0090a52bc6acdbf27f132,8.196565255263565,6,2022-02,P_ABC,343,False,True
FF651383B503C9DFDABDF2AC4CE4EA09582BD4160B01D5684AF18207CB006F23,730CA212A5A7B9F2FF9BDD9D78554773E93153271408B66A9F5D945F56F27A84,354dcf3a83bea1c2c68e7daa3c5a22cd7409d92b12c0090a52bc6acdbf27f132,8.196565255263565,12,2022-08,P0,344,False,True
AEB77AA95590773741D4AA636D821450D21B9FB3007E6032D3289DDF553F329E,86CC6D9F858473B147A9D24FC16B32BE46B5A73E7BEFACF2C5EB75DED6FD34D8,354dcf3a83bea1c2c68e7daa3c5a22cd7409d92b12c0090a52bc6acdbf27f132,8.196565255263565,12,2022-08,P_ABC,345,False,True
BF3E19A849303D2ED516B9FA1C48EF4A8490D4212C400BA7F60F1C6C840CD185,730CA212A5A7B9F2FF9BDD9D78554773E93153271408B66A9F5D945F56F27A84,354dcf3a83bea1c2c68e7daa3c5a22cd7409d92b12c0090a52bc6acdbf27f132,8.196565255263565,24,2023-08,P0,346,False,True
BEC64A9B8E7D222343F8F36F5885A383C202F17D64B6EDB19CFA08A698716EE9,95F9E6D7EC1B610D9927AB0D3759691185F131D12F473DC1C46684BB265B2196,354dcf3a83bea1c2c68e7daa3c5a22cd7409d92b12c0090a52bc6acdbf27f132,8.196565255263565,24,2023-08,P_ABC,347,False,True
A8EA9FEEA778F6FC8D052E4B69AE0A67D43862E872381681A0386EADB1086CC3,730CA212A5A7B9F2FF9BDD9D78554773E93153271408B66A9F5D945F56F27A84,354dcf3a83bea1c2c68e7daa3c5a22cd7409d92b12c0090a52bc6acdbf27f132,8.196565255263565,36,2024-08,P0,348,False,True
0B528DEE140C7E5011B60A91141E22AB10AAB4C34A76E4AA1A98FE90290F4F69,7F95BE8E587FF32DD263280F25E474840DA7937A45326586105FD24F0EB8C5A9,354dcf3a83bea1c2c68e7daa3c5a22cd7409d92b12c0090a52bc6acdbf27f132,8.196565255263565,36,2024-08,P_ABC,349,False,True
9D573D40A680D3A2257CD7788D18CBF6FB9B7D8E5BBFA5ADB9F1C5A97863D413,D7BC7AF4E637C8EEF26DB91BB2B33B5329C1BB917FCEE1D483417B0C624501DC,35c8067e2e5b4ee860f43573c21f0f3092aeac361ed4dcc7936939793a76b821,1.8936877416882052,0,2021-08,P0,350,True,True
B75F194F8906EABCD213ACD3B978126FBC2A3C0C43A22DAA139B756D187889CC,333C5EB95BF52A3DD5AB9332C4DC5B5DED50E66A3D3C08FD24F71433206642A7,35c8067e2e5b4ee860f43573c21f0f3092aeac361ed4dcc7936939793a76b821,1.8936877416882052,0,2021-08,P_ABC,351,True,True
3B927C64E56104AA9E1F1D6035D98305D8C452A3D8291C352A3DC52583CF89AF,B1F2E603391543AD14CF3EB53FE0BC5C0F69E1FD356A9B4D0B59617D01EA380D,35c8067e2e5b4ee860f43573c21f0f3092aeac361ed4dcc7936939793a76b821,1.8936877416882052,6,2022-02,P0,352,True,True
03ADEFB78177A1FDCBC4496830CB06FCBB4C3961D238059BCB4DE1EAF8CA6C20,D79E5269ABCE3612C407DB7D683E210D397D24374336CB370B3421697C8D0B02,35c8067e2e5b4ee860f43573c21f0f3092aeac361ed4dcc7936939793a76b821,1.8936877416882052,6,2022-02,P_ABC,353,True,True
80D64D51B8D75885FB43E339A931EE1B44E00F6BE08D4DEFED42559D34540038,FAC9147E99545000253C4C569FB2E54AC24EE9619D111D98677F42A2CE89CAC4,35c8067e2e5b4ee860f43573c21f0f3092aeac361ed4dcc7936939793a76b821,1.8936877416882052,12,2022-08,P0,354,True,True
5F531C0340FCC05197A584FCE0F76990306580A58B0F501AD837233467E6750D,B1FD91180C51E31DC1A3E8C13D7DB069A27751E6E0F38EEDFD3ADE703B36893E,35c8067e2e5b4ee860f43573c21f0f3092aeac361ed4dcc7936939793a76b821,1.8936877416882052,12,2022-08,P_ABC,355,True,True
D7F891588A1BD17B41CF9932AC0726401279B1C0C98467E9EDC1CA5061B8FD94,FAC9147E99545000253C4C569FB2E54AC24EE9619D111D98677F42A2CE89CAC4,35c8067e2e5b4ee860f43573c21f0f3092aeac361ed4dcc7936939793a76b821,1.8936877416882052,24,2023-08,P0,356,True,True
6C6B8C874DD7AA7E7BD3A1AEE39BCE1E264FCF8C8473A81480D053B0FB5F54A6,1BDFCC8495F56DA6DFA922331E5A0321F8852AF61381CA6E0F7DCA7895B14986,35c8067e2e5b4ee860f43573c21f0f3092aeac361ed4dcc7936939793a76b821,1.8936877416882052,24,2023-08,P_ABC,357,True,True
67EE53E795A02E0523DF651BEB11F7B3D15C112983EE7DA182B4336950043F42,FAC9147E99545000253C4C569FB2E54AC24EE9619D111D98677F42A2CE89CAC4,35c8067e2e5b4ee860f43573c21f0f3092aeac361ed4dcc7936939793a76b821,1.8936877416882052,36,2024-08,P0,358,True,True
F535018EA07BB3C34429E04599A33370BBC8D6DABFE62775CF31DEA9F5A06DF7,5E9B0E1787129CDEF8F7861D6E1CDD47A6D0BE6241F5941A906C746591D33DCD,35c8067e2e5b4ee860f43573c21f0f3092aeac361ed4dcc7936939793a76b821,1.8936877416882052,36,2024-08,P_ABC,359,True,True
99840464EF83386352E70C39B48A63947535A8C4415DF573D8B82A924A225625,AD608DBE6ED3578CCE9C275D3C8C958E3743BAFCAE312018A63ECEFB840BC3D0,3741bb855cd283342f92a1407eee91383e13b9b794052eeb8a6035d7eab14fcf,9.1346916710518,0,2021-08,P0,360,False,True
8042874410BF3F492CAD7515EDE9811C1E71973872B311729C396BE32C395A33,EB419769B2FA42D8867FFC6B1A12B4E997B01D31DA356AD9BD53B50743368B34,3741bb855cd283342f92a1407eee91383e13b9b794052eeb8a6035d7eab14fcf,9.1346916710518,0,2021-08,P_ABC,361,False,True
7B10F6BE1B947702466041BE745648B12EACA94AB765BDDF7BBACCF4FA9A8F04,9CC419401180DB6B17566C7B2EB0BA1A27F17C5179377D6DAF744D0EE22604C3,3741bb855cd283342f92a1407eee91383e13b9b794052eeb8a6035d7eab14fcf,9.1346916710518,6,2022-02,P0,362,False,True
6B449959E304B72D3FB3DD18190445540889C0CF415EE34F357746C01D0C7C75,A7FECB4308A6286A333FE1499BD5E09952CE85426B5D1BFF5FD2CBC476721A3E,3741bb855cd283342f92a1407eee91383e13b9b794052eeb8a6035d7eab14fcf,9.1346916710518,6,2022-02,P_ABC,363,False,True
39F54FF82EC304C56D1D1168E0C8061C5E7AE6C4AF541CD0788C67FE7FBA1431,2EF5693F281E3118933546C36219A3B52CCE568E91EE5AA8020536C073273FED,3741bb855cd283342f92a1407eee91383e13b9b794052eeb8a6035d7eab14fcf,9.1346916710518,12,2022-08,P0,364,False,True
49CB9F23682F9A4D23F8A3E805D95BDECD84BD3D9CF67BA0C68799B78485219B,11F8DBFB6E3EB703997C5C124E479DD6C8170A11A693C5FD3A0F3ED24B9F60BE,3741bb855cd283342f92a1407eee91383e13b9b794052eeb8a6035d7eab14fcf,9.1346916710518,12,2022-08,P_ABC,365,False,True
A596B3487FF2FCBDAEF2F0DE1E5BFF9AB7E335B8AEE6D15556182BAF5AC6F834,2EF5693F281E3118933546C36219A3B52CCE568E91EE5AA8020536C073273FED,3741bb855cd283342f92a1407eee91383e13b9b794052eeb8a6035d7eab14fcf,9.1346916710518,24,2023-08,P0,366,False,True
021243C50E252CFEA4FF22A7EAE470BE16282E5B0509E83C20A17596A5F7F058,F2A9AA99582317BA0E4D8611D9F64B20A08B9F17A115474619153D716A2EE9DA,3741bb855cd283342f92a1407eee91383e13b9b794052eeb8a6035d7eab14fcf,9.1346916710518,24,2023-08,P_ABC,367,False,True
A11B52C76D59F249C3838C5DB9827AE85B71E177CB5635E455159FDB121591DD,2EF5693F281E3118933546C36219A3B52CCE568E91EE5AA8020536C073273FED,3741bb855cd283342f92a1407eee91383e13b9b794052eeb8a6035d7eab14fcf,9.1346916710518,36,2024-08,P0,368,False,True
9E74A314E00E25A27806D091B34A16A753BC7ECF9CC7BCEB636CA5EE71611225,DE93129D90414D586E0B5FC7A5C4D37C93247742606DB60F65773C8E9971BBFC,3741bb855cd283342f92a1407eee91383e13b9b794052eeb8a6035d7eab14fcf,9.1346916710518,36,2024-08,P_ABC,369,False,True
92937FEBFAB7EBF4C2B0784DB68F62247C9714DA0DDF199EF068A5044600F556,D00776854EE8FBB280AAA01D80969A2B1FE6EF7A07002898E28460FE56E48557,395096220f8ffec1753df2f7b1dffb27a4adea84b3f8513d601ee5ce98c85ba3,2.2712815670157607,0,2021-08,P0,370,True,True
F39D7AF52714C805D9A31FE7D20CC894A43C36A43A4E5A8212445E4A6EDF03D5,D0F830580192BF618D183F9D86E93C25197E017D217F643725651D47EDDE760B,395096220f8ffec1753df2f7b1dffb27a4adea84b3f8513d601ee5ce98c85ba3,2.2712815670157607,0,2021-08,P_ABC,371,True,True
C20B18D9C6243CDD5F13A514F13205AD6E2ECDB6BEEC46E6759844F0C418619F,DBD3006D86F8D0F101D06A7684405064236C156711AD7716FFA466FACFC5BB65,395096220f8ffec1753df2f7b1dffb27a4adea84b3f8513d601ee5ce98c85ba3,2.2712815670157607,6,2022-02,P0,372,True,True
F12EEF8ECB0E02EF74733A61CEE73F3815C9F05539D5B7425619E05590E8F5A4,1D618AAF0CA675EE8EDECBDEAC89C7520A9EC80885BE6BD0EF9703286A5E1E45,395096220f8ffec1753df2f7b1dffb27a4adea84b3f8513d601ee5ce98c85ba3,2.2712815670157607,6,2022-02,P_ABC,373,True,True
CD8984FAE1D7393122F53631F76A1D9CCEE0DA0A99316160199AE1C0EDE85181,0D1756D600BF474812D8EFBEDA1BA2ABBAD3816D85B75852036E6D03A16515B1,395096220f8ffec1753df2f7b1dffb27a4adea84b3f8513d601ee5ce98c85ba3,2.2712815670157607,12,2022-08,P0,374,True,True
2A3926F02E136EB259BBB581493F3E011A3170F2DED88DE938137D8BFDEBDCBB,C9707F2C06EED63600F85643D12DD28E9B4447C51E2EF67429C04F6DBC959A2C,395096220f8ffec1753df2f7b1dffb27a4adea84b3f8513d601ee5ce98c85ba3,2.2712815670157607,12,2022-08,P_ABC,375,True,True
6061D2DAC404309AA311995751236B333E7ABCFEC0769AEAA1DE70A1225F2F69,0D1756D600BF474812D8EFBEDA1BA2ABBAD3816D85B75852036E6D03A16515B1,395096220f8ffec1753df2f7b1dffb27a4adea84b3f8513d601ee5ce98c85ba3,2.2712815670157607,24,2023-08,P0,376,True,True
E1B5A1F1C02A2B493380FD41396D9C5E76F24F6BCA64A5A3BDB1D6E01CD8B0D8,75CF0A6BFBD2728C7228B35C080F266894E93C022310F919E4C96622B4D061CE,395096220f8ffec1753df2f7b1dffb27a4adea84b3f8513d601ee5ce98c85ba3,2.2712815670157607,24,2023-08,P_ABC,377,True,True
2FBC62EFD2A7B121404AF4D9BECE8D90FA34C37E941E20159148A2CADE6B4A1F,0D1756D600BF474812D8EFBEDA1BA2ABBAD3816D85B75852036E6D03A16515B1,395096220f8ffec1753df2f7b1dffb27a4adea84b3f8513d601ee5ce98c85ba3,2.2712815670157607,36,2024-08,P0,378,True,True
248AF3E52B6312E80859555FB32E73E6F743D0644323B23681873EBFEE71BE9F,DD6CAEAFBD51CD526D9F1B0B0EDB0F4EFDB46E9018FD2730A3915693189D4B23,395096220f8ffec1753df2f7b1dffb27a4adea84b3f8513d601ee5ce98c85ba3,2.2712815670157607,36,2024-08,P_ABC,379,True,True
AEC3D0EE99BBA917A00868DB79A481C653D4F9DCD0FC80F3FC4799B1B70F693B,EC4601FBE92F38A3F384D2B79951526A2602BF63415F777B69F5CEC004682150,39bc3bd4c52e8950316a676741e314065b055a7a30e10accfbd001b94d1c1b27,3.4461099805709434,0,2021-08,P0,380,False,False
D2FB86C9508621A4DECF5E19AF28B997E04DD458E7E5089F3A0ED3B0FC298EAC,96FC22FF3074D73CC5BCEF87C8A87DCC20794623EE52A6BDABFFB16ADB01D2C0,39bc3bd4c52e8950316a676741e314065b055a7a30e10accfbd001b94d1c1b27,3.4461099805709434,0,2021-08,P_ABC,381,False,False
F055ADA88F5A3E417D64E996729CB8BBABFC7E25D520CD81F329743831E01B0C,A5D1117131A1B5329058852E754157FA7E1099F680CAB37FC8A5E54D263ED314,39bc3bd4c52e8950316a676741e314065b055a7a30e10accfbd001b94d1c1b27,3.4461099805709434,6,2022-02,P0,382,False,False
43D64BDC28D52814D3F6FA381FCFF0287B90A5FD2BE7740880D469C8F49BD089,896EFC34B5664578BAFB82014A714E81EAA840759A4B6A1E857D9EE566656F30,39bc3bd4c52e8950316a676741e314065b055a7a30e10accfbd001b94d1c1b27,3.4461099805709434,6,2022-02,P_ABC,383,False,False
918401093CB58773E38474556484B4A8C59104B6A6881252339944C2E44723B5,3F037B80E4862495127BA409C6149D487615D75074554E61BC53BFB8A3B69B3A,39bc3bd4c52e8950316a676741e314065b055a7a30e10accfbd001b94d1c1b27,3.4461099805709434,12,2022-08,P0,384,False,False
29F3703C34102E42471E2093E7C15F54AA0A8AA784B74A57B1A2DE056C19B92E,DE851EBCECF5A464681EBCF7DC5180F545ADB1CD88755C0E3B2ECF03ADFAC16C,39bc3bd4c52e8950316a676741e314065b055a7a30e10accfbd001b94d1c1b27,3.4461099805709434,12,2022-08,P_ABC,385,False,False
6C25BECB74E0796D806628B28F2C8F94DFF017605DAC4D121D42DDB065EF8D20,3F037B80E4862495127BA409C6149D487615D75074554E61BC53BFB8A3B69B3A,39bc3bd4c52e8950316a676741e314065b055a7a30e10accfbd001b94d1c1b27,3.4461099805709434,24,2023-08,P0,386,False,False
C3C8CE9B52C734D7A38193514B6FDEF00BF27722570CCF235C7A3467F44BAEE4,DC1947F23332068F359657215F01D4F96E9029D2F7344171CD88544684D91758,39bc3bd4c52e8950316a676741e314065b055a7a30e10accfbd001b94d1c1b27,3.4461099805709434,24,2023-08,P_ABC,387,False,False
0F62D755C9979669F41DE9EED74FFCDA14567A3E5CAC457AAE5A60B212D2FF3C,3F037B80E4862495127BA409C6149D487615D75074554E61BC53BFB8A3B69B3A,39bc3bd4c52e8950316a676741e314065b055a7a30e10accfbd001b94d1c1b27,3.4461099805709434,36,2024-08,P0,388,False,False
E7CD78799A01791ED97AAAAD05791DFD8960008C7C50488EC81834875F94B513,6801B247848DF1465BCE8E448588877F2AF5351B10F7C4FC8CECB481495DC73E,39bc3bd4c52e8950316a676741e314065b055a7a30e10accfbd001b94d1c1b27,3.4461099805709434,36,2024-08,P_ABC,389,False,False
FF2538C1B576DA5808B38DCEDAB73A6FE73DEB69E92215BAD5D2099645C5B092,0B1D5271711A898FE337E7084511FF51EBCA285F87777CE1F8CC0CB61C7359EC,3d2f3067b2bb2fbac5c8282ca0988d2e89ac2d10815d7e9debf1b85a0ccaae81,5.115326968058175,0,2021-08,P0,390,False,False
8344CF0E17867057E94CE2042F6D3907236D8A0AB0145BEEDE7A9347E034497B,DB3FA885DFBAC5E523C4D9029CA3B0DB0026C18D48A8796334B8853ABD6F9B5A,3d2f3067b2bb2fbac5c8282ca0988d2e89ac2d10815d7e9debf1b85a0ccaae81,5.115326968058175,0,2021-08,P_ABC,391,False,False
E548837C8FC12E2944A9763B043B408F3C60D7A8333572E8E0DD16B9F9648E1A,02B38BE5BA4E0F6E5AF573FD9EA1F496F1637EA7A0A7915671A7841DA00E66C7,3d2f3067b2bb2fbac5c8282ca0988d2e89ac2d10815d7e9debf1b85a0ccaae81,5.115326968058175,6,2022-02,P0,392,False,False
FFD4E9F288B91EAA0E52F11BAF8BA93C5F46829CE8E9C4C15FEC1B3F1B36B748,0B7B6AF8C22F3C1F1A8A8794F222407FF3D9D0E15614FFE2BD838FDCFA805882,3d2f3067b2bb2fbac5c8282ca0988d2e89ac2d10815d7e9debf1b85a0ccaae81,5.115326968058175,6,2022-02,P_ABC,393,False,False
480EE29A71B6D8F66ACF41E888DFE6C42E288D6EED71FBD13B8BD017D3F2FD4A,79CABE914B28A57AA6F1F647378F974324F017DEADDC4B4AAD6F46FD9F336490,3d2f3067b2bb2fbac5c8282ca0988d2e89ac2d10815d7e9debf1b85a0ccaae81,5.115326968058175,12,2022-08,P0,394,False,False
388CA66CCDDFAF232614ABEC9CDA227025EBE96B46268AA7C4A2726A915CBB7D,728447E179300B2333FB5A684CFF4010FD11E5A3C75E248B136DEA172456FB99,3d2f3067b2bb2fbac5c8282ca0988d2e89ac2d10815d7e9debf1b85a0ccaae81,5.115326968058175,12,2022-08,P_ABC,395,False,False
F55C03C6FA422E0F25E0D915B0CC636EBA3E1400C90A6105480E3C9D1AFF9A26,79CABE914B28A57AA6F1F647378F974324F017DEADDC4B4AAD6F46FD9F336490,3d2f3067b2bb2fbac5c8282ca0988d2e89ac2d10815d7e9debf1b85a0ccaae81,5.115326968058175,24,2023-08,P0,396,False,False
422D2131C30782FE8EBC55FDC646DFA6D44C5E71D318F11FD5B232A9E8B161C1,39720ADD625F58A82BE058EDA2DA2CFADDA1FCF20718D187DE2560FD328ADE56,3d2f3067b2bb2fbac5c8282ca0988d2e89ac2d10815d7e9debf1b85a0ccaae81,5.115326968058175,24,2023-08,P_ABC,397,False,False
B8B28FB6E0FEAA36D433EFC74CBBD7A8B9491A6716707857D886F7A3E4AB889E,79CABE914B28A57AA6F1F647378F974324F017DEADDC4B4AAD6F46FD9F336490,3d2f3067b2bb2fbac5c8282ca0988d2e89ac2d10815d7e9debf1b85a0ccaae81,5.115326968058175,36,2024-08,P0,398,False,False
3A372F2F7D33D824C8384C45AE4CA4340EC2D7E3AAFA156DE8AEF029864634D2,5FE33156B53CE81FA13CA51F6B93F54EBE316C1220E07090FF1F0D2EE1B0FEB0,3d2f3067b2bb2fbac5c8282ca0988d2e89ac2d10815d7e9debf1b85a0ccaae81,5.115326968058175,36,2024-08,P_ABC,399,False,False
C00D00B99EF11FCA6E39D3003DF9729AB2476B2D72C6E7EE1EB8501D194AA48B,01F2F3DF1601256D8C1B051AA8E91D29CFBB5439E340590ABF3547B242CF7821,3db9ba0d77ec71926972ce5be4a38b3f157995b1dd7d20e3d5c24ba40ef6cf16,11.876781433057754,0,2021-08,P0,400,True,True
748C6ABE8679184151886BDAD5BF498830B4CFE0066DC8885EBCF15BDEB661F3,BBD6F081EE44095711627EE70BE2D9927FF95967DF84BB343608430765A73C65,3db9ba0d77ec71926972ce5be4a38b3f157995b1dd7d20e3d5c24ba40ef6cf16,11.876781433057754,0,2021-08,P_ABC,401,True,True
E6603767FD772A91EF9516C9B7F2E4327B1EEDC0D0F234A0724D7D4542D60F79,91AA90124EB18683244BE7FB94A58B2DA7133775004FE53FB0D95EDA5363D279,3db9ba0d77ec71926972ce5be4a38b3f157995b1dd7d20e3d5c24ba40ef6cf16,11.876781433057754,6,2022-02,P0,402,True,True
7813B5D7BD32B4442E1DD818203F5CCB4A172C45D184B0D93E70AEB83EFC649E,4BA8353087A141B71A420FBF41F94E647DDE18698A5315DE806A03DEFDDCD602,3db9ba0d77ec71926972ce5be4a38b3f157995b1dd7d20e3d5c24ba40ef6cf16,11.876781433057754,6,2022-02,P_ABC,403,True,True
15A94E9FAA0837690039FEB034981E9080D50D402D21437DE1B6C62BE41EDF13,A3B2D1561DC7431EF796A505CA73B0BD17789AAF2A0B55979867D17EAEF50302,3db9ba0d77ec71926972ce5be4a38b3f157995b1dd7d20e3d5c24ba40ef6cf16,11.876781433057754,12,2022-08,P0,404,True,True
6C83D29A85C1FFDDF618E37C0EAB310446B5770577BE4907532730E21CC6D819,A0CD5BCD0B18A934EBEF926E766E3C7310CD77A2B43F43802DB131D48599FC72,3db9ba0d77ec71926972ce5be4a38b3f157995b1dd7d20e3d5c24ba40ef6cf16,11.876781433057754,12,2022-08,P_ABC,405,True,True
67C7674A55AD90E0FDE3C3BA6C1E5EE8CCE15DF3CA4EA0D1FB8F7C38AA8D2B2C,A3B2D1561DC7431EF796A505CA73B0BD17789AAF2A0B55979867D17EAEF50302,3db9ba0d77ec71926972ce5be4a38b3f157995b1dd7d20e3d5c24ba40ef6cf16,11.876781433057754,24,2023-08,P0,406,True,True
7867C38CA81A844EB5BD9A19C50A0345B981ABDB3FE60694A74C55A9A7DC8B84,01702D9452EA98184A7B20A9C604C0DA5A4BD83F1734B9EB9C9D057D71F9D6EC,3db9ba0d77ec71926972ce5be4a38b3f157995b1dd7d20e3d5c24ba40ef6cf16,11.876781433057754,24,2023-08,P_ABC,407,True,True
9AA66E3DB228DEFC35E41F775892F0C7A72676975591BF66E09EEB81ED4F7B93,A3B2D1561DC7431EF796A505CA73B0BD17789AAF2A0B55979867D17EAEF50302,3db9ba0d77ec71926972ce5be4a38b3f157995b1dd7d20e3d5c24ba40ef6cf16,11.876781433057754,36,2024-08,P0,408,True,True
042B337DFFE807AE299AD29F32BF8BD1C3C071776812A4D81CC229DAE4088897,86369ACBAB4E6F9C243B5A16B871E52EB38627007D8BA17BFF8058E8D7930C2E,3db9ba0d77ec71926972ce5be4a38b3f157995b1dd7d20e3d5c24ba40ef6cf16,11.876781433057754,36,2024-08,P_ABC,409,True,True
6719E9BB5BFE335EE8963326B802731A6F0E260283CC97E8F77A0C83D2CC0512,DEAE003C0A97EEC0985EBB8C4C9F4AF4BBE5E0A1334267BDFBFE3223AC4855A5,3fe1dc08d274239de56098395135a78768a6be268ed349f1d7e309289f78eab5,13.92327332319372,0,2021-08,P0,410,False,False
D488F0F9120463C4849CAB5B273B39F0B9D0DF21E0B84307FC3B148CB9B0C802,6F58F48673FAAF13B6B98823A7D800287A0AEE103CE6A78536EF88A63B46F046,3fe1dc08d274239de56098395135a78768a6be268ed349f1d7e309289f78eab5,13.92327332319372,0,2021-08,P_ABC,411,False,False
A6121CB1F654B7F3739B4CEFC1D14E37594EE31642999CAAB6BC2DA78F3F0814,ACF2AA563A1734FED7D9BA3AF1E529C8B175B26A3D0DFE9D68C8E0F921CD9076,3fe1dc08d274239de56098395135a78768a6be268ed349f1d7e309289f78eab5,13.92327332319372,6,2022-02,P0,412,False,False
787929E749988C5EF546B90D5E52F34A2F0F36748406B7285A7179D5B17146D8,3BE270588405BC05EA4896D65A85A09C0BAEF3550B14F4620B678167F72E3ED5,3fe1dc08d274239de56098395135a78768a6be268ed349f1d7e309289f78eab5,13.92327332319372,6,2022-02,P_ABC,413,False,False
776F609768C6B2EC9DAD0AD77D6A57B165BDA51DD61E64B388C9169245BF5D5F,A4C22362D14D5792622CA20ED3A8F3A31355A6310CCCC4EF8CBB75964EC30458,3fe1dc08d274239de56098395135a78768a6be268ed349f1d7e309289f78eab5,13.92327332319372,12,2022-08,P0,414,False,False
0A538954D19D5B046C87A10974B6A8C67927A2B88C1C47876501D804B11653B8,1AD11635CA3EA7CBCD3B0B166195BDB3FA5D81E628CB12C983C37334C24C8D0D,3fe1dc08d274239de56098395135a78768a6be268ed349f1d7e309289f78eab5,13.92327332319372,12,2022-08,P_ABC,415,False,False
E7781009471FA5793DC01FDBEF14F37AF9F3F7B491D3A52064B26EAB628ADA39,A4C22362D14D5792622CA20ED3A8F3A31355A6310CCCC4EF8CBB75964EC30458,3fe1dc08d274239de56098395135a78768a6be268ed349f1d7e309289f78eab5,13.92327332319372,24,2023-08,P0,416,False,False
DAF72D0970E83AF74C0A162E0E7CC6379401E7E75E2CEF1B858A2E3C4C9CE913,75F48B724F7D0135E95485D24F9C48408067E4ECB6D5B771C49D26EC546747C1,3fe1dc08d274239de56098395135a78768a6be268ed349f1d7e309289f78eab5,13.92327332319372,24,2023-08,P_ABC,417,False,False
1636F05D8A69A9E1DA6A393D400DE887EE4183C99D02182D7BA86244234B4E15,A4C22362D14D5792622CA20ED3A8F3A31355A6310CCCC4EF8CBB75964EC30458,3fe1dc08d274239de56098395135a78768a6be268ed349f1d7e309289f78eab5,13.92327332319372,36,2024-08,P0,418,False,False
2AC7931C72ECA9BA864AAD29BADAD2719D6D9D60F9862A1FB3631565FE3F5AB5,EED303F1D6FC3C5A14151C034A8C68A883698074FBB45B02BA4B163899F80EDD,3fe1dc08d274239de56098395135a78768a6be268ed349f1d7e309289f78eab5,13.92327332319372,36,2024-08,P_ABC,419,False,False
294161AAD48A6858F7C0A93011B3F7021C4776BAD166DA20625770A6AB3B4804,3EAB3BFC9C835E7DE1FAABB13338A6626C84BFB8F27F775507A6E728A442BEE8,40061bec79bfb119725a97d825a408db7f6e00feadd9e4577cd753dfe9de5e42,0.7516952271929133,0,2021-08,P0,420,False,True
4A266DB5D194F384E85743B359DA264C67916F9304EFED6F70508BCC244B6F8C,C35C8C8E2B723AB92B776D804D296A6FDB3BF9C8323A160956543574D82F24F9,40061bec79bfb119725a97d825a408db7f6e00feadd9e4577cd753dfe9de5e42,0.7516952271929133,0,2021-08,P_ABC,421,False,True
DA15DB45C99BE2AF96499CACCC03C203347B5CFC1912370B1D0B1BC79F9BEDC0,364477183E80DFD914DF6D5ACBC4824B601FD3D4BC3CF754E77DD31730A2CA11,40061bec79bfb119725a97d825a408db7f6e00feadd9e4577cd753dfe9de5e42,0.7516952271929133,6,2022-02,P0,422,False,True
9D1B763BF11D1A1F4B0CF79AE0C961C180255CE58DF063982CD43C57948A7BBD,A3233813EE8E91ECFB2025071D2067BEB7338F90849C858AEE579BFD4023D3AB,40061bec79bfb119725a97d825a408db7f6e00feadd9e4577cd753dfe9de5e42,0.7516952271929133,6,2022-02,P_ABC,423,False,True
3F4D4CD136611962B31E9183019BC6A265B1C0FE372756C4751174DEB3BB4F06,F4A4991686518046D1709775095EFA02090BCFC54994601DA3D27015648D58E8,40061bec79bfb119725a97d825a408db7f6e00feadd9e4577cd753dfe9de5e42,0.7516952271929133,12,2022-08,P0,424,False,True
36970EF1BE934D46C729086C971987BEEA6525970237913F61E00FC2D65C6601,71B11F786C4D21E2384E9DCB53ADE38BB19020D1D3FAE3C8770F324F3D842FE8,40061bec79bfb119725a97d825a408db7f6e00feadd9e4577cd753dfe9de5e42,0.7516952271929133,12,2022-08,P_ABC,425,False,True
7D5778A88DBA2729D3B4478E6ECC12470481859881388D1ECF35331FD00CD5A4,F4A4991686518046D1709775095EFA02090BCFC54994601DA3D27015648D58E8,40061bec79bfb119725a97d825a408db7f6e00feadd9e4577cd753dfe9de5e42,0.7516952271929133,24,2023-08,P0,426,False,True
BED81A930D97CE55CB078646B23FD43C9DAA220E5B1737DF5A8AC5CABE1E5B49,671107706107B8B49EBCED4BE05B091754838AE5AB57405DEA8EED51B37023F0,40061bec79bfb119725a97d825a408db7f6e00feadd9e4577cd753dfe9de5e42,0.7516952271929133,24,2023-08,P_ABC,427,False,True
6CF4685BB074E6520FAB78E1BECF630029EAB205B82391694BE95E3F003DFFDF,F4A4991686518046D1709775095EFA02090BCFC54994601DA3D27015648D58E8,40061bec79bfb119725a97d825a408db7f6e00feadd9e4577cd753dfe9de5e42,0.7516952271929133,36,2024-08,P0,428,False,True
0FEDA8A08F7EC5721538E6EB84FE9B01F08BD9D49CDA2E55B5546966D443CC78,BAA436D9F428045F16587950F6BB4231B945164D4E722E92E4F6442B7DDF8BB4,40061bec79bfb119725a97d825a408db7f6e00feadd9e4577cd753dfe9de5e42,0.7516952271929133,36,2024-08,P_ABC,429,False,True
80DD1D29C6EBB0F7D8F56CEBEAA3A1A343E309640A11B68BEC8EECDF9BCB7580,889F5346731EBDDD877DB116086A3010C3A41744D4FC75E7BF6CD63EEDAF3DED,424da3606c0a30a0135bf5a42326f21119e8e6aa1aeb15b5a5940be999e2b668,2.422957076266675,0,2021-08,P0,430,False,True
B87F10B6340B0CFC9CD31C66ABD92F05B754BBD940ED8B6D47937F89EE6BF174,364839CAF3479BDAEC9DAF42D84A14386BACC248144E91E6BC33FCCB1EF1BD43,424da3606c0a30a0135bf5a42326f21119e8e6aa1aeb15b5a5940be999e2b668,2.422957076266675,0,2021-08,P_ABC,431,False,True
8A3ED65D09FBBC881C74B46CE816ED765F6AB1277FB231C629898E5915567028,B8D5F14678ACB093A873E68ACEBF50C49B0F2AB5BC64ABC953E1C4C00274827F,424da3606c0a30a0135bf5a42326f21119e8e6aa1aeb15b5a5940be999e2b668,2.422957076266675,6,2022-02,P0,432,False,True
60E043B4C8196CFAB766EACAA2995D3A354405F8DAB2FA2D12B40A911F7BC805,06AD8786768317CC6A86C615B0535542D113CBBEB9E615295748B1801A6E13D9,424da3606c0a30a0135bf5a42326f21119e8e6aa1aeb15b5a5940be999e2b668,2.422957076266675,6,2022-02,P_ABC,433,False,True
F51A4A2EAF409E640E9AE34C890250AED9806413B9F5CBA423A38061CF5CAF2A,B422C31DDD57F7B184230A8464ED773AB7B1F446DF087A08250FE2FD7079A0C0,424da3606c0a30a0135bf5a42326f21119e8e6aa1aeb15b5a5940be999e2b668,2.422957076266675,12,2022-08,P0,434,False,True
3F4000074CD975C5F945476E737AB8D7BEDC88713E5DBDD315A4B382BB1C4193,B38C962E823FD802B6BB7445FAEF4027D01D08A84AFDDA6A30A98CA220905240,424da3606c0a30a0135bf5a42326f21119e8e6aa1aeb15b5a5940be999e2b668,2.422957076266675,12,2022-08,P_ABC,435,False,True
BED93A86A1EE67CCBC5214F7BFB2B5101528AF163930A71FEDD5784AB71B5DDA,B422C31DDD57F7B184230A8464ED773AB7B1F446DF087A08250FE2FD7079A0C0,424da3606c0a30a0135bf5a42326f21119e8e6aa1aeb15b5a5940be999e2b668,2.422957076266675,24,2023-08,P0,436,False,True
224D0AC0495BD61C7C6DFD0D2D5F50A2A3B3257F4C632FD2009AA4FAB2F51BF0,92A18EB3EFC5C1211AC7EB4EB1463F83F9BFDE7FA33D56D0074AB6D0BC7617AD,424da3606c0a30a0135bf5a42326f21119e8e6aa1aeb15b5a5940be999e2b668,2.422957076266675,24,2023-08,P_ABC,437,False,True
C55046B59ECE151640D996EECB94AB0F848145A855169C966F7B944B52E2EB0B,B422C31DDD57F7B184230A8464ED773AB7B1F446DF087A08250FE2FD7079A0C0,424da3606c0a30a0135bf5a42326f21119e8e6aa1aeb15b5a5940be999e2b668,2.422957076266675,36,2024-08,P0,438,False,True
C428FD9C43F7B688E3C28AA8500BFF800488A5808FAEC124C706D3869FD6B72A,B45F9882AC1BD48DF3524C5B4E26E147450253581771C794686913C20B7851A0,424da3606c0a30a0135bf5a42326f21119e8e6aa1aeb15b5a5940be999e2b668,2.422957076266675,36,2024-08,P_ABC,439,False,True
A34E8EF01E3B180EE0D127CCEA23095BC1F1BC5C8F114DBA028138B4E8C55016,18582587D9C425FC5BB14B8C87049368D17C6F9B9B2484A6BD5DE898248FC0EB,456509d84c4d24f3ecef7dbe9f01f67301bec3962bacba456b8d8c7cd65496fd,1.8580836345809368,0,2021-08,P0,440,True,True
222200B5DABEEB8A35F76353ED8232BCCAD32EA526447E872E05623CEC5F9893,CDD0045A08F26B9F38BC79175E9896B0E8E3F747D165F0BE9EA4314973FFA8B1,456509d84c4d24f3ecef7dbe9f01f67301bec3962bacba456b8d8c7cd65496fd,1.8580836345809368,0,2021-08,P_ABC,441,True,True
BA1B3648A03352E2DE8A561934CB2640D2C38DC044DE1BCDE7E4B888F060D4C1,1AF6F171BAB3F4611D79385F7B80F59D5B395CEE022132E0E190B760DB7998C6,456509d84c4d24f3ecef7dbe9f01f67301bec3962bacba456b8d8c7cd65496fd,1.8580836345809368,6,2022-02,P0,442,True,True
EC6F040DF8A59AD5B56419CFCBAC2C6D21A38F21F36151C7B307BCEF5EA21670,08DC1168F5C11E4E3D6757BD54C73505C2882D9FA73DED2DE116EB9E6985B183,456509d84c4d24f3ecef7dbe9f01f67301bec3962bacba456b8d8c7cd65496fd,1.8580836345809368,6,2022-02,P_ABC,443,True,True
1DC4C666DB93CA32AB45F7F4D713FA8B2426EB42E6CE9B116933A35E4DEB1256,E79E7BB5E448F554244C2313FC21ADE632E522F4D08C0617965D191CE0A64212,456509d84c4d24f3ecef7dbe9f01f67301bec3962bacba456b8d8c7cd65496fd,1.8580836345809368,12,2022-08,P0,444,True,True
05918A53583D8B1673E36B118056C2070BD444DE9E836A640F82D16299FBC220,B756A42F93F7CE2BA5E12F3359108C60E063476E88269E52A0FC1E9F5ECA80BF,456509d84c4d24f3ecef7dbe9f01f67301bec3962bacba456b8d8c7cd65496fd,1.8580836345809368,12,2022-08,P_ABC,445,True,True
6E70666C934DF23DCE9D94592B3B23E8D4CD0D32959F554F05F7CE84536D2927,E79E7BB5E448F554244C2313FC21ADE632E522F4D08C0617965D191CE0A64212,456509d84c4d24f3ecef7dbe9f01f67301bec3962bacba456b8d8c7cd65496fd,1.8580836345809368,24,2023-08,P0,446,True,True
747A6B9DD426D8D7368609F788AEF10692927214393CBAF02AACEE9250490328,D71CBD4CC3E87471E1CD9511282691D539D8D395088C87CB45F3F940797A27DB,456509d84c4d24f3ecef7dbe9f01f67301bec3962bacba456b8d8c7cd65496fd,1.8580836345809368,24,2023-08,P_ABC,447,True,True
0D39D83D51423397DAC316057995066D646033D187CD2D229118962780DABA67,E79E7BB5E448F554244C2313FC21ADE632E522F4D08C0617965D191CE0A64212,456509d84c4d24f3ecef7dbe9f01f67301bec3962bacba456b8d8c7cd65496fd,1.8580836345809368,36,2024-08,P0,448,True,True
69EAB79CE737D0A5616E82CF9DFA69ED5AED6DE20A01DE6805071FE588CA3606,E969C6BBE5B6BFDD54D0E201F78EA1937A276E291AC28CD12D8A7EF7B6AC32D0,456509d84c4d24f3ecef7dbe9f01f67301bec3962bacba456b8d8c7cd65496fd,1.8580836345809368,36,2024-08,P_ABC,449,True,True
8A49084EED4C26C4FA52542548ADABD3AB1FF400CFF2716D6AAF7449056075B0,19AB8B63FB8FAF1232618BD42104AF0014A51FE21D9D6F2FC0F8E5167FD906A6,456e4febaf27751318a6587b195ee5fd80dae4c62fa036bc1a35b6f6c74980d3,7.6444823725381505,0,2021-08,P0,450,False,True
E49984B7B76ECED2C32E6D0B4725201E0BF6E1018375AE7A88BC3B0898A85B55,D73ED4BEC79CF3B29F05D52CFBAA2401A95D8ED2E058232C6142F8B33B944A94,456e4febaf27751318a6587b195ee5fd80dae4c62fa036bc1a35b6f6c74980d3,7.6444823725381505,0,2021-08,P_ABC,451,False,True
6E71B95A7599939CB6B05CD540E02259B4D133D6512B2E59C55D2FF315704AFC,D13BAC48C232C1E4DD8EC0DD2D3B2AD56E9972BC8A18F9AE75804C2ECBAB887F,456e4febaf27751318a6587b195ee5fd80dae4c62fa036bc1a35b6f6c74980d3,7.6444823725381505,6,2022-02,P0,452,False,True
DB04DF6EF7F96E44A91E65C0EBDBFAAEE8F2775856793C22305AE946C6104542,67889AA861D30346734496CF33A7932DE3D42565BC25BDE9FA5D71D9F1841812,456e4febaf27751318a6587b195ee5fd80dae4c62fa036bc1a35b6f6c74980d3,7.6444823725381505,6,2022-02,P_ABC,453,False,True
7E755EEBAB1FF2643CBD7385767C9E414DA53720CD71C73329AE06AAC277FCC5,E6C7B25EDA1A2C2ACC4F17F2ACC36BE8DEABB3E21B3CFBA63C4F94689F0E8477,456e4febaf27751318a6587b195ee5fd80dae4c62fa036bc1a35b6f6c74980d3,7.6444823725381505,12,2022-08,P0,454,False,True
1F37BD9486A16547328FE3423E1B76A34A79B3F4F423D7845C1B4F5C5BA9B5D7,38A8001FE0ED5C61914EAE7C47629302F46D1C6D7AFEDED6F68A57D6A7B21D57,456e4febaf27751318a6587b195ee5fd80dae4c62fa036bc1a35b6f6c74980d3,7.6444823725381505,12,2022-08,P_ABC,455,False,True
92D1839871B25314BB1E02786581B852621AD4F4FBB3BF37B9FD0C2B59230FB9,E6C7B25EDA1A2C2ACC4F17F2ACC36BE8DEABB3E21B3CFBA63C4F94689F0E8477,456e4febaf27751318a6587b195ee5fd80dae4c62fa036bc1a35b6f6c74980d3,7.6444823725381505,24,2023-08,P0,456,False,True
D53D86340D85BA17EB5FE95EF1CAAA984E8C4222D33D64EFBC8DDCB223BC9B93,3DDA6D2641C28423A6D70AB4FEE3ABFA717A834C01CF74240677B85B33733326,456e4febaf27751318a6587b195ee5fd80dae4c62fa036bc1a35b6f6c74980d3,7.6444823725381505,24,2023-08,P_ABC,457,False,True
AB8B73878079E9C64B9174B278BBD0ECAB1E7358EEB05BFDF629ACE5EC2733CA,E6C7B25EDA1A2C2ACC4F17F2ACC36BE8DEABB3E21B3CFBA63C4F94689F0E8477,456e4febaf27751318a6587b195ee5fd80dae4c62fa036bc1a35b6f6c74980d3,7.6444823725381505,36,2024-08,P0,458,False,True
80A7F86E9A0FA89A59474F6205B572457D279553F475203AF57AF92B7FA12D6C,D1B48EF2836E3C3FA06EA42B8B7BBBFCB962A27307788FC70587E3CFFEFA12C9,456e4febaf27751318a6587b195ee5fd80dae4c62fa036bc1a35b6f6c74980d3,7.6444823725381505,36,2024-08,P_ABC,459,False,True
E0813D7655D5A2EABABC7E84177F7A5504AC70C7B3DA61486ABD0149D88D080C,A7A4B1D6DE0C6B3193A0DCBA89F6A151351A85E199431327DC278EDE0B30E93E,491c1980d745e8f90ec7f1cba6d7b17053443c1e977a084d7df5a3e30dcb96f1,6.992281698891384,0,2021-08,P0,460,False,False
93C7E8623A668443C3AE76229254D1D8C9A7EC28FB5ACD19D6AAC046CDC9C4F2,B8186EFED6934A21B5F2F961805B21CBFE0E1DA295C937B9A714C35E222BBDD9,491c1980d745e8f90ec7f1cba6d7b17053443c1e977a084d7df5a3e30dcb96f1,6.992281698891384,0,2021-08,P_ABC,461,False,False
CFF0B93DD551A9C05648C1C359B5256DE6938CDF7FB3ECAFF66837BBD0AE4F33,D7AED1B51F1F1EA6E3AB4EB33AD944B937087E5839E6EF70C585D619DAFCE2AF,491c1980d745e8f90ec7f1cba6d7b17053443c1e977a084d7df5a3e30dcb96f1,6.992281698891384,6,2022-02,P0,462,False,False
8C72BBDCB5ABECA6A37AF99EEA909B79304FB6ACDCA9CE056FCA475D5199168D,32E4F33F417D2112EFCEEAA55ECF2245585C17FD75C1E9B3E5438AA097DC4EC3,491c1980d745e8f90ec7f1cba6d7b17053443c1e977a084d7df5a3e30dcb96f1,6.992281698891384,6,2022-02,P_ABC,463,False,False
0AA3AFF060F79CBB08A58DDCCB09142B423D16160509137FDAC60965906804AA,DEEB505486506CB9FAACC8FA69C5F09F165A40671DE58BE27B2CE36029C431D1,491c1980d745e8f90ec7f1cba6d7b17053443c1e977a084d7df5a3e30dcb96f1,6.992281698891384,12,2022-08,P0,464,False,False
D5D63F6B5E24262D893CACDDAAA2658F37E68D5B218359E2D745D461179FF3BB,8F52A08BA1716A11E1249EE7604F17E9C5161140EDF8F98504CBD1A53A0E8E28,491c1980d745e8f90ec7f1cba6d7b17053443c1e977a084d7df5a3e30dcb96f1,6.992281698891384,12,2022-08,P_ABC,465,False,False
0BBCA8DF580ADD327450344846369C3BCC87397FEC29B4484DB51200CC14981B,DEEB505486506CB9FAACC8FA69C5F09F165A40671DE58BE27B2CE36029C431D1,491c1980d745e8f90ec7f1cba6d7b17053443c1e977a084d7df5a3e30dcb96f1,6.992281698891384,24,2023-08,P0,466,False,False
46EBA78BFE0570AD85F6C3FA529B93120EC79719EDD74EBA47503278E97A66A3,345F93A503E4CDA99FB8976A355C89FBF66E998AF19F46A3AADBEB50DDB73D67,491c1980d745e8f90ec7f1cba6d7b17053443c1e977a084d7df5a3e30dcb96f1,6.992281698891384,24,2023-08,P_ABC,467,False,False
A1794E761BFB7A2DFC58C5AF4537A9ED85530227836EF8C1B28374F32A009A1A,DEEB505486506CB9FAACC8FA69C5F09F165A40671DE58BE27B2CE36029C431D1,491c1980d745e8f90ec7f1cba6d7b17053443c1e977a084d7df5a3e30dcb96f1,6.992281698891384,36,2024-08,P0,468,False,False
E5FB796AE8420F64A7DE9151BC7624210376B8B5C0CAF01FEA8CEDBB2E9ED032,7FFBCEF0D55EBE80D8A7707247DE693F5FAD8FCA54B8BA31D0DD85BF23749AC4,491c1980d745e8f90ec7f1cba6d7b17053443c1e977a084d7df5a3e30dcb96f1,6.992281698891384,36,2024-08,P_ABC,469,False,False
6DE70412309ECCAF679B1DD7D9EE330C5BEC34FB6894748B3FF070795C5451E8,7642C0A054ED65309829BF90BF0BAA34B90935B170A103D7B799EFEB45CE9877,4d1fd6d0cebe8de13a8b555bb4912c0a31ecd8282c946fabeecae15ea330f0be,9.00507453645502,0,2021-08,P0,470,False,False
93748A94111D56DA6D1919DDB58A9107C26D17BCC1761AD70E3EC70867843369,ED8DD3C876CEDABA26DFBD87F8BEE9ACA9B5BE74AF3E3269AB8ABC0B5E3A957C,4d1fd6d0cebe8de13a8b555bb4912c0a31ecd8282c946fabeecae15ea330f0be,9.00507453645502,0,2021-08,P_ABC,471,False,False
B82936E6F78B2833C2F896B148E13A14F8376ADE37963B88B3EDEF6A887F8FEF,EB4F93ABCBAC63C120EF0ECD4AFF97E4B9B79B9E54930159DB505773F2B9733E,4d1fd6d0cebe8de13a8b555bb4912c0a31ecd8282c946fabeecae15ea330f0be,9.00507453645502,6,2022-02,P0,472,False,False
41CE65E507CE9F7FB180598CEA8C7E456C09F2A5418163669C3E86B32FBDC589,0AB45E2600C1BAE50907AA6D175DD05AC19D3F9481F7F3FBB441466EEAD1782E,4d1fd6d0cebe8de13a8b555bb4912c0a31ecd8282c946fabeecae15ea330f0be,9.00507453645502,6,2022-02,P_ABC,473,False,False
732E6AABE7611D88A0976349BD06E427852C33149A4F0305B9B564F0999FAA7F,3BDD987B49F2171BEE61BA3457E18B856A1A854357ED1E0BDF3A616B6358C715,4d1fd6d0cebe8de13a8b555bb4912c0a31ecd8282c946fabeecae15ea330f0be,9.00507453645502,12,2022-08,P0,474,False,False
7925FCC6243BB7E3755DA64EACFA840C952751A167CC4EED157BE87D1B864A7E,AB944D74E52C5AF088FD640CEDEDEB65D0816E0CC8FB50D30020DDB9C66B418F,4d1fd6d0cebe8de13a8b555bb4912c0a31ecd8282c946fabeecae15ea330f0be,9.00507453645502,12,2022-08,P_ABC,475,False,False
02E7135EEA8967BA26E14F30CAB97D99947D99661537937B596802663B689C6D,3BDD987B49F2171BEE61BA3457E18B856A1A854357ED1E0BDF3A616B6358C715,4d1fd6d0cebe8de13a8b555bb4912c0a31ecd8282c946fabeecae15ea330f0be,9.00507453645502,24,2023-08,P0,476,False,False
42C502C59C0E6D07889864EB63ECFE3232103B43353B5939628439ECAC2BB17E,76EEF4284D6D2593692F628CAA24A7AD5617F18F94317196332E863839D97966,4d1fd6d0cebe8de13a8b555bb4912c0a31ecd8282c946fabeecae15ea330f0be,9.00507453645502,24,2023-08,P_ABC,477,False,False
8ADE16B752A7A13FEA06743C1BFF744E96DABA7263F283396719B9205E4085A3,3BDD987B49F2171BEE61BA3457E18B856A1A854357ED1E0BDF3A616B6358C715,4d1fd6d0cebe8de13a8b555bb4912c0a31ecd8282c946fabeecae15ea330f0be,9.00507453645502,36,2024-08,P0,478,False,False
E0D9102B3123FBA0F2DB7110F15C5327B50E98CBD297F7B18E287B5FCC94E439,97600AD06D912EC4751094BC1EB5C54765741585F9141ABF8FC3E0688EE2FF06,4d1fd6d0cebe8de13a8b555bb4912c0a31ecd8282c946fabeecae15ea330f0be,9.00507453645502,36,2024-08,P_ABC,479,False,False
E40D5FD7F529A4E30D1B17637B2BE1A7C89F607E6286FB3730BE22AD372499AB,040BD13584D28596AC31753C3D4A5D025CC229B32B68BB36C458A804F8274F11,4d7bbbd2e41116f8b98d37ca250d1555b7f3e8429909e9c4feb2987c92a5c971,5.423162249712548,0,2021-08,P0,480,False,False
06AF68B1B36EA051EC3B3A1C90520ADEA167F4284BFC2B5D2BD79B715A1B5F5A,585C3D650D71E47F53675057245E99DAD9CACAE7F9366CF7D111D10932FF90E5,4d7bbbd2e41116f8b98d37ca250d1555b7f3e8429909e9c4feb2987c92a5c971,5.423162249712548,0,2021-08,P_ABC,481,False,False
61AC65352AAB62F3B6D0BB34373861C3241776A5F7974582DCE10338E071D40C,C95CF5F92778D854D20B78A127730978A71ECF37659A9D241B1896DEC5C61CD7,4d7bbbd2e41116f8b98d37ca250d1555b7f3e8429909e9c4feb2987c92a5c971,5.423162249712548,6,2022-02,P0,482,False,False
7A8BBE157376DA45BA06B6B3BA3AB28AE77CBD6AF0AAAACAC4EEC12B9056B79A,C3C6F4F1BFA0E5F0ADD3899335C07ECC27621DD5E802E8C9A978696AD67C66C7,4d7bbbd2e41116f8b98d37ca250d1555b7f3e8429909e9c4feb2987c92a5c971,5.423162249712548,6,2022-02,P_ABC,483,False,False
B5E2297976ECB9AB8ED683E001A2A1B6D86A9A212B6369C12B8346958B8AB9A2,7282AC62C772F73D6FDF11DB5AAF47F0321959E3C358559DE6622AC1B25FD61E,4d7bbbd2e41116f8b98d37ca250d1555b7f3e8429909e9c4feb2987c92a5c971,5.423162249712548,12,2022-08,P0,484,False,False
06C100629071E1A9F29C1BC18011CDD95D9C9D0FD4D93E6672B13E38172730BE,235E4C7E218D6FE3C9C1D392082B5489C6E60C61A8555B41DAA4458BDF824C81,4d7bbbd2e41116f8b98d37ca250d1555b7f3e8429909e9c4feb2987c92a5c971,5.423162249712548,12,2022-08,P_ABC,485,False,False
0E188178F77A4331A121054BA9C731C43C318CE92728777DCCB1BE923BD2E8BB,7282AC62C772F73D6FDF11DB5AAF47F0321959E3C358559DE6622AC1B25FD61E,4d7bbbd2e41116f8b98d37ca250d1555b7f3e8429909e9c4feb2987c92a5c971,5.423162249712548,24,2023-08,P0,486,False,False
E45AAB7D524D2B89A2A96499452649E1DA09B88CCA994D1FE3D8DF33B6622C51,80B930FAE001BD1D18E7209CD3107E6669D9FC546A13139A368FF51499672AA6,4d7bbbd2e41116f8b98d37ca250d1555b7f3e8429909e9c4feb2987c92a5c971,5.423162249712548,24,2023-08,P_ABC,487,False,False
82C42F153EDA32A0089E6DD69DDFB8F9C1B1EF4DD56EAC21A73BA8A1D1D60ECC,7282AC62C772F73D6FDF11DB5AAF47F0321959E3C358559DE6622AC1B25FD61E,4d7bbbd2e41116f8b98d37ca250d1555b7f3e8429909e9c4feb2987c92a5c971,5.423162249712548,36,2024-08,P0,488,False,False
6F628B13CC7FA6FBB5606AD1D02D6374FA1B2BA60E649BAEDEEA0F3D80CB56CB,4D214CC03600CDD95A4813249D2D4EF2D747A0A5C43E8743282681F211929927,4d7bbbd2e41116f8b98d37ca250d1555b7f3e8429909e9c4feb2987c92a5c971,5.423162249712548,36,2024-08,P_ABC,489,False,False
DD431A287994CAC724450E7B79A559ECE661CF25BB1D23BD55D1A890ECA80272,53FD07636B8170FBF5B4A675C42051B86C673F0EDBEA9AB3DBD05F5C6FE0F00B,4e5463eda042af66f1ce5d24df6b8ce5e581543cd89127a4587545f8955f9edc,6.254994501397509,0,2021-08,P0,490,True,True
3FB4213DF63E08ADB54F6C95C1346DF79E49E9182F9C6C0B51CC4676510E739C,987F1433A45F2D30E75132D3EFB4F280B5889AAAB753595DB0CB679CC5E7BE86,4e5463eda042af66f1ce5d24df6b8ce5e581543cd89127a4587545f8955f9edc,6.254994501397509,0,2021-08,P_ABC,491,True,True
33076428841A6CABB6AB8281C728215B053EC4FBFB7369C4DEF12080EE2A5A40,9C71E3733FA8D8ABAD9F8F9AA833C801580ADC35F7E051B32EF599619DF84CC2,4e5463eda042af66f1ce5d24df6b8ce5e581543cd89127a4587545f8955f9edc,6.254994501397509,6,2022-02,P0,492,True,True
FE2E06F3E162D44ACB4F4E3BAC5F4D2ECB3CDD47C3414FD23B4889F829661AAF,4C21AF28C8C1F722B2FC54A0D2E59BD314ADFEDB7F1E71C7781C576AF3F4FD52,4e5463eda042af66f1ce5d24df6b8ce5e581543cd89127a4587545f8955f9edc,6.254994501397509,6,2022-02,P_ABC,493,True,True
3BDA8524CE3EA81D321E033728E60DE24214CFEA7E37B0877A92221FCCCDC54E,50F8087440AEFCB727FE88781E239D4AE61B283028B3BD215C7B36C97CBAB901,4e5463eda042af66f1ce5d24df6b8ce5e581543cd89127a4587545f8955f9edc,6.254994501397509,12,2022-08,P0,494,True,True
A21F7F60D31FA59F265F5F19553F8AF79CC783361C92543507196B05740A859A,328B6E71A7E1EBB86B412573A2D380739AB69944C87CDBFB51CFBA13174C4125,4e5463eda042af66f1ce5d24df6b8ce5e581543cd89127a4587545f8955f9edc,6.254994501397509,12,2022-08,P_ABC,495,True,True
9A98542C8C4F47CAF10B407490A7D6762D02F8B5194FBAC9229714FF4D3BF46B,50F8087440AEFCB727FE88781E239D4AE61B283028B3BD215C7B36C97CBAB901,4e5463eda042af66f1ce5d24df6b8ce5e581543cd89127a4587545f8955f9edc,6.254994501397509,24,2023-08,P0,496,True,True
B0B9A2FCEF193DC5E66B61B5BA36D005CDDDE1A2A9425762B688CF92D74D0B70,2A4B25E33C01989402629FA3747A9D3BE9F27B6EE8A7FD2DE7CEFC9E15E7F3E6,4e5463eda042af66f1ce5d24df6b8ce5e581543cd89127a4587545f8955f9edc,6.254994501397509,24,2023-08,P_ABC,497,True,True
6693F2FC42169AB61512EB4C837F2BFD6E65B92C86F069DB324E75A1522C60AF,50F8087440AEFCB727FE88781E239D4AE61B283028B3BD215C7B36C97CBAB901,4e5463eda042af66f1ce5d24df6b8ce5e581543cd89127a4587545f8955f9edc,6.254994501397509,36,2024-08,P0,498,True,True
96B5706E663BEC5EBABECF73D120463D961FBD34D76D3C755415FC120D0A40F8,897913BF0865BEA2CCD68266F2BF8FA252661E98503ECF6CB93F18ED7F87BB52,4e5463eda042af66f1ce5d24df6b8ce5e581543cd89127a4587545f8955f9edc,6.254994501397509,36,2024-08,P_ABC,499,True,True
68215A4BF3F7A8B4335C0D845629E12701F9C015802C638E69A8119B29F3A131,BD1885036D30C4F9450CF9CB7F03FCD455ED4AD056A8EDC1574E7E71B9EB152D,4e596143974c23357eb1065ea8053188cfdd33621e36a9410202d6920ad781fb,12.856459212329346,0,2021-08,P0,500,False,False
6256402AC4DE3A63A809D07EA880CD3C27893DEC4E09E792B9ADDF824D289C1A,8C28E5154BAEB3DB26F9276B78013024D7FFF711BE93D3407AAB93CEA020C09D,4e596143974c23357eb1065ea8053188cfdd33621e36a9410202d6920ad781fb,12.856459212329346,0,2021-08,P_ABC,501,False,False
DDFB5B668DAD9C937559587191C19D462A0BC086CBBBB78F8FFBDC0C1E7C5E6A,C933987B07C18687737B59DEE57993F01284FCD6067ABE2EABE9D78984EDC877,4e596143974c23357eb1065ea8053188cfdd33621e36a9410202d6920ad781fb,12.856459212329346,6,2022-02,P0,502,False,False
CC75E79AFCB9ABC98AEEB91D0CB7D8C850706486E6ACFA3375B4E41F53051F3C,393108391093843E212A50A86D39B0A35E7B2427F22BD95C81C1FE30FC5A08D7,4e596143974c23357eb1065ea8053188cfdd33621e36a9410202d6920ad781fb,12.856459212329346,6,2022-02,P_ABC,503,False,False
197A1CA4271DD2CAFE42CB4DE7A252480265C393D0E8165AF971EA97C8F236A7,0E3E8F914273B3D27CC12591283BA9D0385B9AEC1128D083FA37B8428D4E5849,4e596143974c23357eb1065ea8053188cfdd33621e36a9410202d6920ad781fb,12.856459212329346,12,2022-08,P0,504,False,False
33D98E9163029C400C48D11E6E6B2C67BC23757D4E672D081C1DEBAE85F492D2,2D999C2276D4F9106C2F7AC1D4D7E5C070499CC4A7DD8F63CD62EA22F79D49F6,4e596143974c23357eb1065ea8053188cfdd33621e36a9410202d6920ad781fb,12.856459212329346,12,2022-08,P_ABC,505,False,False
75DC066B6308AE4A77541152BD85C54AB9F058D17BF7D33B50D749AED4BE6BCB,0E3E8F914273B3D27CC12591283BA9D0385B9AEC1128D083FA37B8428D4E5849,4e596143974c23357eb1065ea8053188cfdd33621e36a9410202d6920ad781fb,12.856459212329346,24,2023-08,P0,506,False,False
AF5F93A4980C3DC6B70122D1BC13D7B891D1D47DFA38D0F5DB49FA381F07209B,84A74E689D8B33EBABA6DC964A23C825AF5FA5C97701920B523F60F656AA5A26,4e596143974c23357eb1065ea8053188cfdd33621e36a9410202d6920ad781fb,12.856459212329346,24,2023-08,P_ABC,507,False,False
110CDB4AEC39AB80BA9356FB1594D90EE5F6AC5826FAF1E3EA447AE14018C3FF,0E3E8F914273B3D27CC12591283BA9D0385B9AEC1128D083FA37B8428D4E5849,4e596143974c23357eb1065ea8053188cfdd33621e36a9410202d6920ad781fb,12.856459212329346,36,2024-08,P0,508,False,False
23419333146DB37B0172C3CEF1B41CB207620F07757BEF4B9AB0FA8BFC4C5900,CC52F1A36B02D423699E733BCB57A99D07A0701ACC7F88D4A03A28420C64D8AE,4e596143974c23357eb1065ea8053188cfdd33621e36a9410202d6920ad781fb,12.856459212329346,36,2024-08,P_ABC,509,False,False
6071012F3C35CBE827C7546B0363A09EB0389BCEC349D990C1125F901D58FA97,BA22F19FBAA2EB4F9FFB7317D62E8AE1E2C8827F6A4FEA4880487CACC466B435,5306ee3ba7feb364b6fff9be7d80862ed00c4da3174e0db2401f07d41ff1e4fb,6.721027811796429,0,2021-08,P0,510,False,False
92C299E8C9C54261A1A011C425DAAB133EA7996ABC975EB23147AE82FC4324D3,B9961E451740AC57790D9AF54A33A65B72F742FDE8920534D6CEE143165352FA,5306ee3ba7feb364b6fff9be7d80862ed00c4da3174e0db2401f07d41ff1e4fb,6.721027811796429,0,2021-08,P_ABC,511,False,False
A33ADF9058AA7B252F127C083F9ADC028F3C91926DA3A3EABD9DE35FE664A6CF,A2563EA2A449D139B5BE51873B56EBF74A675506624306A6E3A665C7D262079A,5306ee3ba7feb364b6fff9be7d80862ed00c4da3174e0db2401f07d41ff1e4fb,6.721027811796429,6,2022-02,P0,512,False,False
94164A5178DC9A8413854AC73EBF884A93411A7E3E33B1C0250AB061EDBC9536,5EF71AD3E83AD96422136FDB269AF0FB24147BAE88DC8E2C03321A67E7191E23,5306ee3ba7feb364b6fff9be7d80862ed00c4da3174e0db2401f07d41ff1e4fb,6.721027811796429,6,2022-02,P_ABC,513,False,False
584BBC408328D9E7321B5B0E2F9266AF07A9BF5030154D3D08E482B6ECFE627D,C0BF7E06599CDBD6ED8719F8D34D114CF0866EA0B6D901B376A53D829842BF12,5306ee3ba7feb364b6fff9be7d80862ed00c4da3174e0db2401f07d41ff1e4fb,6.721027811796429,12,2022-08,P0,514,False,False
B372CB89B09F55DD0861225BB23D06DC80E0F89FB2A7DD87D2518065D897FD46,187DD15E63EF0F02A61C11F8447E68CEF2C1B4E62E3CE6026287662DA60BD2A0,5306ee3ba7feb364b6fff9be7d80862ed00c4da3174e0db2401f07d41ff1e4fb,6.721027811796429,12,2022-08,P_ABC,515,False,False
26C9218BE694C6CF3B4F3DD0CF61DBB3DEC61A6444FED52BA0FAE4A293CD805A,C0BF7E06599CDBD6ED8719F8D34D114CF0866EA0B6D901B376A53D829842BF12,5306ee3ba7feb364b6fff9be7d80862ed00c4da3174e0db2401f07d41ff1e4fb,6.721027811796429,24,2023-08,P0,516,False,False
7CA804F644AE97A83D27794A9254A8EF24B3A8E8169D5ED1E6D2D7C27BDEBB66,A3B0E49CAE421F5613B3714F60FB5CBD9DD658EF59BE7B923206A57334496ED8,5306ee3ba7feb364b6fff9be7d80862ed00c4da3174e0db2401f07d41ff1e4fb,6.721027811796429,24,2023-08,P_ABC,517,False,False
3DFDF07104B0440FF3CAD48D6AB5234AD774965B72E0FEB5C2F9378316106496,C0BF7E06599CDBD6ED8719F8D34D114CF0866EA0B6D901B376A53D829842BF12,5306ee3ba7feb364b6fff9be7d80862ed00c4da3174e0db2401f07d41ff1e4fb,6.721027811796429,36,2024-08,P0,518,False,False
61472332CD20E39FC773A0B0BEAEA75749625AFCD35D77344AD967C44A6C7B82,26F86CD5A1CB4E6F6F16B1D85B99AFF1BCA7E8D5EB039796F7A3C6D30F505789,5306ee3ba7feb364b6fff9be7d80862ed00c4da3174e0db2401f07d41ff1e4fb,6.721027811796429,36,2024-08,P_ABC,519,False,False
41465CBB9821526425497B096858D8A937F4CB3E3B5D06240D993F09CAB56BB6,F263CDA0F21CA0B857F7E5952FFFC6A32E3F0BB448743580999ABE2E0161E371,53222570389f32b2393bc8d77d7ed82940b56a4ef5d9eb86ae505adc20e62d43,0.6885236148718219,0,2021-08,P0,520,False,True
57299B75FB4CB01761AA8B112990AFD9235CE994624735C5C3C6CB65CECC6E19,CE61A512553A50FA6DF2FF576089CD3874B8A4ECC5A7473AAE5BF6258B0BB778,53222570389f32b2393bc8d77d7ed82940b56a4ef5d9eb86ae505adc20e62d43,0.6885236148718219,0,2021-08,P_ABC,521,False,True
C728801043E8F5C2400FCEEE9115D970AD285FAF84BE0E46C8BBD82CF805B973,C512B23E9A26C1EC90B7CD02DCF2E689534907A97EEE0EB9A59470394465F04D,53222570389f32b2393bc8d77d7ed82940b56a4ef5d9eb86ae505adc20e62d43,0.6885236148718219,6,2022-02,P0,522,False,True
D7A2C8E67706E43698890ED866056127D6FB054691AB9B3719914EFC27CFFFFD,D8BBA2BF64303B64986D70780FF61BB4BBCF076618D4444201024AE3C4C980C6,53222570389f32b2393bc8d77d7ed82940b56a4ef5d9eb86ae505adc20e62d43,0.6885236148718219,6,2022-02,P_ABC,523,False,True
E904970DFD30C49F56595AE993747A9DFF3497EB28CB5998913144142AA040AF,B77870D25DF8CC9D8FB423D5E9EF319EDB58EF10C2D7C802DCFCA0E340180D45,53222570389f32b2393bc8d77d7ed82940b56a4ef5d9eb86ae505adc20e62d43,0.6885236148718219,12,2022-08,P0,524,False,True
D283F9794F429FBFFBC9310439BDC8113CF4F9166B01508E042A4AF364E80FE0,627589551153F37258690CC3B11523B535F6250A39AAA6711956CCA7328415E5,53222570389f32b2393bc8d77d7ed82940b56a4ef5d9eb86ae505adc20e62d43,0.6885236148718219,12,2022-08,P_ABC,525,False,True
6A678CBEEA9599F056AE18A4BD739F95795535029C1B50C48F852B5212447FBA,B77870D25DF8CC9D8FB423D5E9EF319EDB58EF10C2D7C802DCFCA0E340180D45,53222570389f32b2393bc8d77d7ed82940b56a4ef5d9eb86ae505adc20e62d43,0.6885236148718219,24,2023-08,P0,526,False,True
9AE6D417175919027EEE4F55DB10B25E142F0100109115508282B3E7C9EF2683,10C364382D81CAB782A7CD8B80B62F92F5C83E4617054C1B564BA1E56D3CD5A1,53222570389f32b2393bc8d77d7ed82940b56a4ef5d9eb86ae505adc20e62d43,0.6885236148718219,24,2023-08,P_ABC,527,False,True
3D7FEA258F9D017EF9D3A3860B4B2539200CB6F4044241444CCC3E9B39FFB64A,B77870D25DF8CC9D8FB423D5E9EF319EDB58EF10C2D7C802DCFCA0E340180D45,53222570389f32b2393bc8d77d7ed82940b56a4ef5d9eb86ae505adc20e62d43,0.6885236148718219,36,2024-08,P0,528,False,True
A602C29DE06F70E2126CB071B4F3C43115C67475AA5941B5E54CBE1961E3F851,C7F1855A4815F68FE75009A12DE62D0E145C78A5480CB37D12B2BBCB54EF1BA6,53222570389f32b2393bc8d77d7ed82940b56a4ef5d9eb86ae505adc20e62d43,0.6885236148718219,36,2024-08,P_ABC,529,False,True
2ADB2A4099DD40F95058B239365C7EBE2A26815B4601F3A855981ACC3750BA27,70F8D0311D5F4B970967E42B35A843777FA54C3CE97A5315726CB0343A58E64C,57b4d369113e0935b384c3ae41beb5f72e658e6c9e1d41b31cbc0fa8e4f460f6,12.80260553408421,0,2021-08,P0,530,True,True
2571FA00F9C2C421CF9DBE02758CE6F3BF80A8CF2706B1097EFD4DA3F04B59EE,B4C4A3A43B80C845402EA4EACE7ABF6FED3174B2ECBB9E8C4A129994F674BF07,57b4d369113e0935b384c3ae41beb5f72e658e6c9e1d41b31cbc0fa8e4f460f6,12.80260553408421,0,2021-08,P_ABC,531,True,True
18BC4A1DD4336C110B0FE827F2692A7D568D21F0E77D875F66C7EBEAA57CB397,AF432C6372606B166A87EEE55F34E2BAAEC99281CC8BDFABE62756DA18FE5B92,57b4d369113e0935b384c3ae41beb5f72e658e6c9e1d41b31cbc0fa8e4f460f6,12.80260553408421,6,2022-02,P0,532,True,True
F1EE548E2B0DCE05CC1D68C20C99E81982B91E2A444B03F4B6CEA0D29E2E848F,DF4F0658FD089E5EA949AED6608601919A182E5B18204CABBE750AE23BE5F6D7,57b4d369113e0935b384c3ae41beb5f72e658e6c9e1d41b31cbc0fa8e4f460f6,12.80260553408421,6,2022-02,P_ABC,533,True,True
043FF7E03F7E4DA0F8B152475C0E0E47103CBA6FCAEF4F27CDED3CC34232DD22,D1D4606C3C899B0CC08E5DA9E8235586951108734C9AFA955AB8C7591372042D,57b4d369113e0935b384c3ae41beb5f72e658e6c9e1d41b31cbc0fa8e4f460f6,12.80260553408421,12,2022-08,P0,534,True,True
996D63FDCA736E77F0A8D0B9461CB732E1EA1408D1EE0BA83DC0ED3653ADD3D1,974DD8BD9B12182AD4B58BB49D5378D0DEAEB79BF41EDF3C26225119464DA56F,57b4d369113e0935b384c3ae41beb5f72e658e6c9e1d41b31cbc0fa8e4f460f6,12.80260553408421,12,2022-08,P_ABC,535,True,True
2A5B4513421B75096191C185A3DBD778AABA8C34CDC50FBE371742D342EEC10D,D1D4606C3C899B0CC08E5DA9E8235586951108734C9AFA955AB8C7591372042D,57b4d369113e0935b384c3ae41beb5f72e658e6c9e1d41b31cbc0fa8e4f460f6,12.80260553408421,24,2023-08,P0,536,True,True
F9910CDD4C4099EC489341BD67EDB9C3FB4FEC6BB0A3AAD35C7AE3376441667D,391EE74C16C6EA8696910A73CB92FFCDBA7D58F4AB406682D9793788916B201D,57b4d369113e0935b384c3ae41beb5f72e658e6c9e1d41b31cbc0fa8e4f460f6,12.80260553408421,24,2023-08,P_ABC,537,True,True
7E0BB5B72FBA4C5974BF2CC930E78E72BDBF3E5E62A630E847F2D42504C3F38D,D1D4606C3C899B0CC08E5DA9E8235586951108734C9AFA955AB8C7591372042D,57b4d369113e0935b384c3ae41beb5f72e658e6c9e1d41b31cbc0fa8e4f460f6,12.80260553408421,36,2024-08,P0,538,True,True
D3694461F7D68264A869618BC0A4A9E8E1B3DB0C5CC10809CC1077FFB63D4FE3,7A5F57B06162859774F673A5100A8CA89F32394A11D151FE4EEB90A5FEE58059,57b4d369113e0935b384c3ae41beb5f72e658e6c9e1d41b31cbc0fa8e4f460f6,12.80260553408421,36,2024-08,P_ABC,539,True,True
E6D4C656C1093F54F9479E2AEB5C12E4E6A6E791C7FAD7A8C3837EB33A93157E,D2DF5FCF2F48043268BC4A9EA37E3E1EFBB5C2642327C856424D095022804E4D,5967c40419b2c262c2eb2d829cb778be7046ce0e9b1601b6d88fd9add1416217,10.52949388594371,0,2021-08,P0,540,False,False
F8BE02D765F8536DB59F493B3BB4F599037C946081335B37122BF39649CE4DBF,51735469E60773D94E0152F8BD27CDB0EE4CCF3E1C5F231227E7CC0344AED277,5967c40419b2c262c2eb2d829cb778be7046ce0e9b1601b6d88fd9add1416217,10.52949388594371,0,2021-08,P_ABC,541,False,False
B09B004E6AB27EFC880BB21759098F1E911DD2E630A49A55FE485AA7917B2A25,614AE978C432E7E1652D43198ECD653062BFEA84FE0B8A44B995F71A3A957868,5967c40419b2c262c2eb2d829cb778be7046ce0e9b1601b6d88fd9add1416217,10.52949388594371,6,2022-02,P0,542,False,False
F5122D6D72E21D1F2333A32B2240F0C6574FE7B8BE30DCD3D08600FE0C6B6511,BFFBF57C51E03A80C40C9233DEC8D09BA40BA334DE74B111CC77B76E295E4734,5967c40419b2c262c2eb2d829cb778be7046ce0e9b1601b6d88fd9add1416217,10.52949388594371,6,2022-02,P_ABC,543,False,False
1EBCF2E5053821D562EC62D01E73DA4185C11533626749864DB73077EBAEFF55,E842AC64C2E3B147DC090BC80730F1C178A56E406E8C9B0C613CADDA94ADCAFB,5967c40419b2c262c2eb2d829cb778be7046ce0e9b1601b6d88fd9add1416217,10.52949388594371,12,2022-08,P0,544,False,False
2DFCFB2DE197045344EC741A557ECC38345A3A87A0D23A498778318C41C1EAFB,1592B0A7657C3F4CDC4813DC54BADCD1A7F0DE85D6E8F9A953FB7E034AB7B88B,5967c40419b2c262c2eb2d829cb778be7046ce0e9b1601b6d88fd9add1416217,10.52949388594371,12,2022-08,P_ABC,545,False,False
9E4532C55351B9B79023239B23F3F017A2A6FF927081E8D147261887502FB7E4,E842AC64C2E3B147DC090BC80730F1C178A56E406E8C9B0C613CADDA94ADCAFB,5967c40419b2c262c2eb2d829cb778be7046ce0e9b1601b6d88fd9add1416217,10.52949388594371,24,2023-08,P0,546,False,False
B62D5A757493E848C002E2F32F9BF60EE0DDCC97381C8E99B6F84E6F263F25FB,79F51163468A44E00E4B9362A5F42BCE9924A286F798F62B331781B3876310DA,5967c40419b2c262c2eb2d829cb778be7046ce0e9b1601b6d88fd9add1416217,10.52949388594371,24,2023-08,P_ABC,547,False,False
2C83DA298D0F93E275E80EFFAC6535F7E35775C22AFAA5EF0AB2F3A0D5E5B17E,E842AC64C2E3B147DC090BC80730F1C178A56E406E8C9B0C613CADDA94ADCAFB,5967c40419b2c262c2eb2d829cb778be7046ce0e9b1601b6d88fd9add1416217,10.52949388594371,36,2024-08,P0,548,False,False
41B6AEE088749611E2089B524D1378172B2EFB875DCD9CB8A22AE73A7ABB0D91,0BA1AC7B30B605797DBBFAF9EF6F06001430C063B9DBF862E5D53BA551DEBEDC,5967c40419b2c262c2eb2d829cb778be7046ce0e9b1601b6d88fd9add1416217,10.52949388594371,36,2024-08,P_ABC,549,False,False
CAD842A7E1606290EF984B21A1ABB82F5D36E4EABD76383125423A6E70EDD181,2402AD91F7F546FE307583139D5E0D6ED1B3A9B1212D4C8BD191C622E6772ABE,5b2f7a8c7968bd0ccbfb1d35fa9be4ad40ea8822e3d513f953059b67ce47b46b,6.40371766732109,0,2021-08,P0,550,False,False
EE9B9B51322169C5F9692CE5D2916BCBC869E764F5B9DDEFD652CFDBC0C00A84,8D8FE533EFDC9F91024811C3309DF4A8A80F3BDBB7F73CD97DA5AF2FC9257E44,5b2f7a8c7968bd0ccbfb1d35fa9be4ad40ea8822e3d513f953059b67ce47b46b,6.40371766732109,0,2021-08,P_ABC,551,False,False
0D0E9E55CA52B95927AD1FCDDD10CABFDABBA6350F7E3C2772AB9D846AF42C12,8394B1B3A868D4DD0452659096FB646C1975DDE3DD346E8CF9E9E608B4E178F7,5b2f7a8c7968bd0ccbfb1d35fa9be4ad40ea8822e3d513f953059b67ce47b46b,6.40371766732109,6,2022-02,P0,552,False,False
4598ED707188779701CA2569545641FD69CF0C6DE3C5A41459DB36335CCA69EE,7E949246262AFE604312BB9ACC513BE72A6640C6731210D9D3D44E260FF6A78E,5b2f7a8c7968bd0ccbfb1d35fa9be4ad40ea8822e3d513f953059b67ce47b46b,6.40371766732109,6,2022-02,P_ABC,553,False,False
8CB26D910C01EF9B7DECB81DFD3E3AE97ABF2889B1A7A5BD19B210A48D3CD007,9B2F3D300B4558691089A46506F062896F134B97E8F487B620317A66A3585F15,5b2f7a8c7968bd0ccbfb1d35fa9be4ad40ea8822e3d513f953059b67ce47b46b,6.40371766732109,12,2022-08,P0,554,False,False
9707DC9E9BCB3A0FA45BB1AC645A72779A4781FD3E535C0479E682487AB8C8EC,B2BF04AB9FF731F5A527672512CF347F1077FEC870713F7ADB9797236AD26C7A,5b2f7a8c7968bd0ccbfb1d35fa9be4ad40ea8822e3d513f953059b67ce47b46b,6.40371766732109,12,2022-08,P_ABC,555,False,False
35F5CBBEC8ECFA96F4BBD7CF6E9CE48E2E61E08AF14BEB09799E99657155FB5E,9B2F3D300B4558691089A46506F062896F134B97E8F487B620317A66A3585F15,5b2f7a8c7968bd0ccbfb1d35fa9be4ad40ea8822e3d513f953059b67ce47b46b,6.40371766732109,24,2023-08,P0,556,False,False
8AB2208662E2E9785F1093CB59A2E4DA2CC16CFCD4AF1D108B2E735FE431CBC4,0C80AE512136DB6411816CDACDD57675EA3A9084289C7806B857EF9F89EDA45B,5b2f7a8c7968bd0ccbfb1d35fa9be4ad40ea8822e3d513f953059b67ce47b46b,6.40371766732109,24,2023-08,P_ABC,557,False,False
A4A31A289AE79A016189FD82AFD870F374370D4A382A619374291AC7655519B5,9B2F3D300B4558691089A46506F062896F134B97E8F487B620317A66A3585F15,5b2f7a8c7968bd0ccbfb1d35fa9be4ad40ea8822e3d513f953059b67ce47b46b,6.40371766732109,36,2024-08,P0,558,False,False
10F8E68BC94521A4735595F6E0FD22ABBF7836E416E638B388D63BBBA4B9E3B4,298B85ED580700C3282CEDD67DB08EC42A7D9D23125393C46715BDED399E5823,5b2f7a8c7968bd0ccbfb1d35fa9be4ad40ea8822e3d513f953059b67ce47b46b,6.40371766732109,36,2024-08,P_ABC,559,False,False
0FEA9DDC7CE65BC68CBE284C4D30F32EB74F06EB2C965F4519818567E5F036F3,735D819A029BCD24FDD5A2EE8113BAC77F291A0ACA903FEB579C30F7B4F2BCE6,5b6f48dbed5ed4e32bdc7b0daddab5c0a01d35d760427f31a77a3867ba35eae5,7.526831258983412,0,2021-08,P0,560,False,True
9C53CA84D65095D35AD2300F2635FE3EF66BA545EAAF8CF031F0317775C7C932,5E15D030337E07A5A64AE5584FEAE9E43095BEF57AFEDCCCABCFFF98B15C62E3,5b6f48dbed5ed4e32bdc7b0daddab5c0a01d35d760427f31a77a3867ba35eae5,7.526831258983412,0,2021-08,P_ABC,561,False,True
C6DABA9C390E0ECEE5A0279BB127CF7BABE9798A1B6070D7A07558FB5014FFE2,1AFFD881EABB58FF690BCE64BE536ACACA07BFF13E3818F616A6EB87FABA9A40,5b6f48dbed5ed4e32bdc7b0daddab5c0a01d35d760427f31a77a3867ba35eae5,7.526831258983412,6,2022-02,P0,562,False,True
413AE227CA7632F1A65D4A2341FAE201495AF937E9ECCA5AC576A500E2CD2886,3EB616AF360EE8C3409D804D8A6CE8712BDCAE5E96269CBE636EE4F6D6B79959,5b6f48dbed5ed4e32bdc7b0daddab5c0a01d35d760427f31a77a3867ba35eae5,7.526831258983412,6,2022-02,P_ABC,563,False,True
18EC2962A41291A37525A0AC24A741E015E38E6BE7474B67EE3B9EB1D007E8ED,50D4041DAF7A38A9A12327AFD141977FBF27022401DBA3F0542D2680DCCBBC90,5b6f48dbed5ed4e32bdc7b0daddab5c0a01d35d760427f31a77a3867ba35eae5,7.526831258983412,12,2022-08,P0,564,False,True
80A6057D04895BF8A09709C91175F8C67F9EEEB87D7F13B279E90AAC42CB3121,4AE7B916026E69BDD6F4DCAEE12A1265A9600B5A6B68715852B9AEFE1452F4A9,5b6f48dbed5ed4e32bdc7b0daddab5c0a01d35d760427f31a77a3867ba35eae5,7.526831258983412,12,2022-08,P_ABC,565,False,True
A56BBE3F580694DD7FDA94DCD22E98FEAA02B4D73C29E2B5A371897FF0FF689F,50D4041DAF7A38A9A12327AFD141977FBF27022401DBA3F0542D2680DCCBBC90,5b6f48dbed5ed4e32bdc7b0daddab5c0a01d35d760427f31a77a3867ba35eae5,7.526831258983412,24,2023-08,P0,566,False,True
D70BE409468F3D1A602EA05AF137FF7771552D5D61EBF93873338C16915F4F58,DDD2929B77422B7F732D3E4B492093882A1A1BFDE8FFDCAF4F72FFA0ADCCADB2,5b6f48dbed5ed4e32bdc7b0daddab5c0a01d35d760427f31a77a3867ba35eae5,7.526831258983412,24,2023-08,P_ABC,567,False,True
BF337006D7C240382F2E4C49BEC8D9F673F6FCD7CA6C5B5A845F442EF13C9AD9,50D4041DAF7A38A9A12327AFD141977FBF27022401DBA3F0542D2680DCCBBC90,5b6f48dbed5ed4e32bdc7b0daddab5c0a01d35d760427f31a77a3867ba35eae5,7.526831258983412,36,2024-08,P0,568,False,True
7B22F2E6E9F3CBD26EF1F58B2568F9A8496B1B8E8FF4FA1C387F7B9761180DA4,35D4E88CD663EA215C912F398D84C96AFB3ABC18950EE73E8C624BCF504873CA,5b6f48dbed5ed4e32bdc7b0daddab5c0a01d35d760427f31a77a3867ba35eae5,7.526831258983412,36,2024-08,P_ABC,569,False,True
45E66DEF8D0EA49EABE26A6F30806C718113AD0E4B5DF8DBB8675A0B61F64F6C,16187B1CD49413DD2E3E501F2434F12AF9880639F1A2B04887388B83062CD854,5bf96fa278a3cc22a08ff5501adf788819c553814c26f777c215f1d47db91b18,1.3493848875137644,0,2021-08,P0,570,True,True
2DC39F457894900614D34134E70FED46D3497205C73B8D42B9EDB1DB8528C335,8E23CB56DDA62CFFA65B8A3A50C26396A89EDEB8447CD769587EDF2833B9DC29,5bf96fa278a3cc22a08ff5501adf788819c553814c26f777c215f1d47db91b18,1.3493848875137644,0,2021-08,P_ABC,571,True,True
53ACA836D589AC0D62C37BA8D8991F5810870754D11768F4D30E79FCC6F6CC51,12D2F2EB9606E1938624CD7AD303A244B506F4F514B38BA979DF8094C3236CC8,5bf96fa278a3cc22a08ff5501adf788819c553814c26f777c215f1d47db91b18,1.3493848875137644,6,2022-02,P0,572,True,True
AF4A61D60BDB0D38998228F0CE6033D2AF5F521BBD88969AB13617F41FC44C86,587A0F70C37501448E9F087DB7A305E5E025241E6AC56982084BA13029C726A4,5bf96fa278a3cc22a08ff5501adf788819c553814c26f777c215f1d47db91b18,1.3493848875137644,6,2022-02,P_ABC,573,True,True
FBB515357158CBC8C52D2A0B827EB18A85EEEE2FE3844B9E0945D6B11E1A0B47,87F1A1E58BD75A3CF2E3561E2C300C0C48532F5FF70B61934F912CBB60136BA4,5bf96fa278a3cc22a08ff5501adf788819c553814c26f777c215f1d47db91b18,1.3493848875137644,12,2022-08,P0,574,True,True
AA51215381E63A57FE92414C5EFA2E00C7003E08CA5DDA00AB5C47BBBF1D6CE8,B3962D05BC909F40AEB431DD85A95F0BA8D93B6F2DE8CABDC724BB9FA92E4193,5bf96fa278a3cc22a08ff5501adf788819c553814c26f777c215f1d47db91b18,1.3493848875137644,12,2022-08,P_ABC,575,True,True
58430972A05675A88182B44C13D19A5E8ADF3CF98C89D90BE388AE6B4DC82781,87F1A1E58BD75A3CF2E3561E2C300C0C48532F5FF70B61934F912CBB60136BA4,5bf96fa278a3cc22a08ff5501adf788819c553814c26f777c215f1d47db91b18,1.3493848875137644,24,2023-08,P0,576,True,True
46C34D727A8FA09CFFFE9097F6CC59D54094D9B08C53D085E1568BE6B234F9A5,4180153093FEF5C4B0590094F1E568A5B93F15F6DF66BB0E05F0374EDEF91D79,5bf96fa278a3cc22a08ff5501adf788819c553814c26f777c215f1d47db91b18,1.3493848875137644,24,2023-08,P_ABC,577,True,True
237292C570E7E50701AA214B494FD69EA322C4EC70E6D2B5202EFE7F206D5745,87F1A1E58BD75A3CF2E3561E2C300C0C48532F5FF70B61934F912CBB60136BA4,5bf96fa278a3cc22a08ff5501adf788819c553814c26f777c215f1d47db91b18,1.3493848875137644,36,2024-08,P0,578,True,True
FF7C8D3DC7CCFF6869184960D54D088F7032874B49396CC94F441A2A54063F5B,DB20866F889EF6C42FED79244C7AF8780CD2D748C2C6516611489496475C6CBA,5bf96fa278a3cc22a08ff5501adf788819c553814c26f777c215f1d47db91b18,1.3493848875137644,36,2024-08,P_ABC,579,True,True
A17F90290452E7815B39EF3093CC42D6DC8DCC8BB8394A067503BA49E1322003,C4329F17ABB4CAE34A12A96DCB70DFB91D3A778E44319C791406F438592E269C,5cbfdb520c5ef7beeb72ebbf3d93b1eb99113ad0d15744c39e953f083926cadb,11.114948505738573,0,2021-08,P0,580,False,True
898143F6A17626FE22650C45F0ACA109A600243BDB1FD5AA2537D5C1C7E1E599,B0499AB37DEBA9202900ACE3F9EF566E0952801CB8DF089889E16D7F0B38E3D0,5cbfdb520c5ef7beeb72ebbf3d93b1eb99113ad0d15744c39e953f083926cadb,11.114948505738573,0,2021-08,P_ABC,581,False,True
42CA341B373ED8CCBAA88774BF98A22B0477CD7CB60DECEA5302FA181387989E,7E0D9E6D0E7E079C1B5D3C028D9F44132D27A67A139F995C86A860679C36EE29,5cbfdb520c5ef7beeb72ebbf3d93b1eb99113ad0d15744c39e953f083926cadb,11.114948505738573,6,2022-02,P0,582,False,True
477F43A7BB9D1763465EAC43747220A706F1693815CB2BE5CBCF337EB29ED807,506280DCE91D2D9E7CEFCF3BF28F582DF2D77808BD3FB17A0ACC379C80FD5AEB,5cbfdb520c5ef7beeb72ebbf3d93b1eb99113ad0d15744c39e953f083926cadb,11.114948505738573,6,2022-02,P_ABC,583,False,True
545E5A367908BA2EBE52907119452C0C210C010D9C6010503EC32EC9C2403526,F7CFC40EA5458BDC02A663A65C755E3B5660C8D1A9925EFBA7DFD043C89ED7B0,5cbfdb520c5ef7beeb72ebbf3d93b1eb99113ad0d15744c39e953f083926cadb,11.114948505738573,12,2022-08,P0,584,False,True
C27DCF3D5454F2805C3439193481895FA3EA3D11E4161A2C4EBF398DC52ECA0E,F4DCFBCC0763ECA5B56ABB69566834FE30BF1B31FD45CFA040A45808D9396C88,5cbfdb520c5ef7beeb72ebbf3d93b1eb99113ad0d15744c39e953f083926cadb,11.114948505738573,12,2022-08,P_ABC,585,False,True
1DA51A640B713779FC71BA056EF1C94869255AD9C497E581C5E630BF8F7A9B91,F7CFC40EA5458BDC02A663A65C755E3B5660C8D1A9925EFBA7DFD043C89ED7B0,5cbfdb520c5ef7beeb72ebbf3d93b1eb99113ad0d15744c39e953f083926cadb,11.114948505738573,24,2023-08,P0,586,False,True
2425F2B85B632D56CD40B3E3B413312619AB8D63E11A2B017E6DAB7F16178B34,D0B49E6D4041FEEE10805AD52D45BB6A0AB6E8215A032BF8D17895149CF891D0,5cbfdb520c5ef7beeb72ebbf3d93b1eb99113ad0d15744c39e953f083926cadb,11.114948505738573,24,2023-08,P_ABC,587,False,True
427E1CF0F53F2DC3206AFF6EE0FF58AE455FEF7951E3F9ECEB721B47AD0C350F,F7CFC40EA5458BDC02A663A65C755E3B5660C8D1A9925EFBA7DFD043C89ED7B0,5cbfdb520c5ef7beeb72ebbf3d93b1eb99113ad0d15744c39e953f083926cadb,11.114948505738573,36,2024-08,P0,588,False,True
9B9FB022EE9E199993A3F20F58735AB827F1D75538DD098E45C45D2637EB694D,8CBD5FEC40D066822CD75BDC29872EEAE8CD1BE9291058E79A16B6AA2144552E,5cbfdb520c5ef7beeb72ebbf3d93b1eb99113ad0d15744c39e953f083926cadb,11.114948505738573,36,2024-08,P_ABC,589,False,True
E93737B39740D19509998F3B5B8A6FE51990416F4D5FE16675F31DE48F4956CA,BA6032212294C94D90C79967D7C08CEC7056A0ED58D493EFB295D84609DDC50F,5e2d3a64a78fe2c2359cf936605dadb96e9fac1612448a4c26ff4cda6787967f,0.7228230682074173,0,2021-08,P0,590,False,False
EFD9F8BB76A0F72447ECEFD554576CDA622E7A4D405F2CEA1699F88BB75D9245,4BBCBEA96A0CEE80902C4FE8BE25C76C577DDC076A45A440B0F12C5F775C5D74,5e2d3a64a78fe2c2359cf936605dadb96e9fac1612448a4c26ff4cda6787967f,0.7228230682074173,0,2021-08,P_ABC,591,False,False
B01B93DF2BBD195882B539734B07CFD3B90905EDE46D3B5CF18C87788B9B3AE8,54EADDE1454B7227B894E9C2344E59F4FE7DBEEB4582B08D48548E549F54D8B3,5e2d3a64a78fe2c2359cf936605dadb96e9fac1612448a4c26ff4cda6787967f,0.7228230682074173,6,2022-02,P0,592,False,False
C25070436C2D10D131A0E37A487DF63CD6A25FC99D846873EA88759830E08750,55D9C3D72718B5E0F9D9E0C56D746BAB2DE93929C0858A5E91B37CEAFB2C4DD3,5e2d3a64a78fe2c2359cf936605dadb96e9fac1612448a4c26ff4cda6787967f,0.7228230682074173,6,2022-02,P_ABC,593,False,False
3C4D6C415D1AD1D4A0D16115C5ACB1A880602B0850731EDA4B0F41BB364F4D46,A7AE2779E5B91981275DBFE116190EBBB0D8CBB739C7FC299F7600CB836F6EF8,5e2d3a64a78fe2c2359cf936605dadb96e9fac1612448a4c26ff4cda6787967f,0.7228230682074173,12,2022-08,P0,594,False,False
1FBD3AE5227B3E008537B79867AA4429455CF779D8E5781E779849CCC6E76A8D,270BB0C88948D3D575F9FD51DBBDA4BD03FF5BE11270BEB5F5855DEC8DB93996,5e2d3a64a78fe2c2359cf936605dadb96e9fac1612448a4c26ff4cda6787967f,0.7228230682074173,12,2022-08,P_ABC,595,False,False
DB1174F78E4470AD86C463F12F6135F7C822DDB6456E6DE9C6B75E2ECE3F573C,A7AE2779E5B91981275DBFE116190EBBB0D8CBB739C7FC299F7600CB836F6EF8,5e2d3a64a78fe2c2359cf936605dadb96e9fac1612448a4c26ff4cda6787967f,0.7228230682074173,24,2023-08,P0,596,False,False
861D2A0F09D76C3655996148790DEC818540EA812C27C92E172D5EB18A11B1E8,C9977BBD9577850AF971D1175A11844EF26825D27E395037C1E5989C3DDE8CDE,5e2d3a64a78fe2c2359cf936605dadb96e9fac1612448a4c26ff4cda6787967f,0.7228230682074173,24,2023-08,P_ABC,597,False,False
F33110A6D4D1FAC34437FF230563A7B8370C6D468EC3EB900E69A3F029D1F71D,A7AE2779E5B91981275DBFE116190EBBB0D8CBB739C7FC299F7600CB836F6EF8,5e2d3a64a78fe2c2359cf936605dadb96e9fac1612448a4c26ff4cda6787967f,0.7228230682074173,36,2024-08,P0,598,False,False
A30643B8E49B4915855915B694289FB1A2937717679AE5E6C5A08ACF06145387,85A33155D74125BC377260747A7EB3E59010D9F44758CB722FD43B4E47BD6571,5e2d3a64a78fe2c2359cf936605dadb96e9fac1612448a4c26ff4cda6787967f,0.7228230682074173,36,2024-08,P_ABC,599,False,False
9A1663CE1C79876CB598AE03ECBA4D2EBF3A935C0D76836E69FE97E7466AF3D7,2538DBA433622660C270E049C2958651B96E6DA118789EFCD5824A7290D016A7,5e328ce6ab0ba392596e26c7884fc160b691816cdaf84f7fda9a355c59ceada9,2.954360201689549,0,2021-08,P0,600,False,True
401BD8C39608C8AD5042EA6C6C33246A5101B59F5D66777C169066E2AFF57DF9,76BCAC512AEFAAF8F7ADACB977D3577EEDC5DDA502F5547EADC4996231D74A8C,5e328ce6ab0ba392596e26c7884fc160b691816cdaf84f7fda9a355c59ceada9,2.954360201689549,0,2021-08,P_ABC,601,False,True
CD44A931F349209C53820F59B4BA6DDF1DCBC26BD0104291BEB19E185FD12DDF,CB07A4AC7E2540E7C4A830CE2177692E28ED7A88BF9136CA8EE5B208ED57FB07,5e328ce6ab0ba392596e26c7884fc160b691816cdaf84f7fda9a355c59ceada9,2.954360201689549,6,2022-02,P0,602,False,True
AC306FF8B551EF39067F02AAC929D0B4FE3E07B407DC05477437F2AFC10FAC27,B2892AFFC55C3C91ACFA7CB701463213ED14513A87FFC4EBE4DEEC0FB8A185AE,5e328ce6ab0ba392596e26c7884fc160b691816cdaf84f7fda9a355c59ceada9,2.954360201689549,6,2022-02,P_ABC,603,False,True
C4219B84C03EA8B2E10FC9BE29A0A604F7C293C9E1411072FE5B5733442AB9DA,806BCD22076C1D9D4E6D3E59C695F11D9D2918B8CF0CC2EB8F3B8219E77B32A6,5e328ce6ab0ba392596e26c7884fc160b691816cdaf84f7fda9a355c59ceada9,2.954360201689549,12,2022-08,P0,604,False,True
488CB0B36D559512314FB6AF5D029D267F323E5DBCB71FFC3527A08101626C8D,FF162EE939BB2520809B473927B8D3B3595B96E68D34342919CA33DBA3A63735,5e328ce6ab0ba392596e26c7884fc160b691816cdaf84f7fda9a355c59ceada9,2.954360201689549,12,2022-08,P_ABC,605,False,True
AEAA1BB03EECB4A0239E72C8A268FF177ECD06B1853933F22D342AC14E0E96CD,806BCD22076C1D9D4E6D3E59C695F11D9D2918B8CF0CC2EB8F3B8219E77B32A6,5e328ce6ab0ba392596e26c7884fc160b691816cdaf84f7fda9a355c59ceada9,2.954360201689549,24,2023-08,P0,606,False,True
B6CD93F4DB41F27803B5C456A1632B50EDD657E8329E92936F9FF6D1541B80DF,9EB2C25E772C37467A563E732E1BFBBE0C420B866870A411F8386AA94D06DFE7,5e328ce6ab0ba392596e26c7884fc160b691816cdaf84f7fda9a355c59ceada9,2.954360201689549,24,2023-08,P_ABC,607,False,True
232ADBAB22926C5B4E810BF391ECD83C50A2F74C1D5C5B454F0715B2815D59DF,806BCD22076C1D9D4E6D3E59C695F11D9D2918B8CF0CC2EB8F3B8219E77B32A6,5e328ce6ab0ba392596e26c7884fc160b691816cdaf84f7fda9a355c59ceada9,2.954360201689549,36,2024-08,P0,608,False,True
F92B61639E9E1E9A3A8A7D35EF465704439CA44ED99A70F14AF2ECEE4A7C08FE,22B5DE456903EFA3FF30899B946FDE44565C1213762B71575EAAC255AFC20F61,5e328ce6ab0ba392596e26c7884fc160b691816cdaf84f7fda9a355c59ceada9,2.954360201689549,36,2024-08,P_ABC,609,False,True
E110BF301E615ADAA158A1C91846B59012B775B663708E3FA5008637EF917A68,34F0224E36610555AA8321DE1C93E1DC4D6E467E51065A5D632AFA2D8F62E1C3,5e615e605d3f2b19da8973134164504a50a68f1f0aa603635b1fbf3a6d82ef8b,9.156413788806928,0,2021-08,P0,610,True,True
0500B4DB9A796A914DC06BFC2261A9DE8E0C77A09A78742F2D52C626BE7F716C,0652CAA1159996FF10B7E1318AC8218B95DA8DF5CBA9BEBE6FB29892193D8CEA,5e615e605d3f2b19da8973134164504a50a68f1f0aa603635b1fbf3a6d82ef8b,9.156413788806928,0,2021-08,P_ABC,611,True,True
2636CB1A4A2BEB81900E0423E5B4F88053F8B8FDC564C5463FCAFCF2FEC18C09,E5A7F2B19C4434650EF4B08F4956BD94FFBB059096030B8A8025FA3C4C4E57E6,5e615e605d3f2b19da8973134164504a50a68f1f0aa603635b1fbf3a6d82ef8b,9.156413788806928,6,2022-02,P0,612,True,True
D6CB61E626EFACBA130D49723954F83C9C5A6362BA58028BF002543CD4F7A3CA,D3666D5EF798D458F9BE32F2F6787B157D57F7ABF65E560E61F74CF7B75E6125,5e615e605d3f2b19da8973134164504a50a68f1f0aa603635b1fbf3a6d82ef8b,9.156413788806928,6,2022-02,P_ABC,613,True,True
39BC57B8A86781CADADA92A91A2CA7D86234947323B6616E33C66ECAFAFA5B37,9C03AC872BE5E3DC43EB185B83C2043CFBA9D50D344311A7BECA399BC8C4C821,5e615e605d3f2b19da8973134164504a50a68f1f0aa603635b1fbf3a6d82ef8b,9.156413788806928,12,2022-08,P0,614,True,True
033A75DA411C07F8CC50BAD8894847B130F9D74F3779FCF34BB7CC7699DAEF1D,30AD4E6833663168767AFE4CC78B934795EABDD680AD19CDF9A6B60F54D718DB,5e615e605d3f2b19da8973134164504a50a68f1f0aa603635b1fbf3a6d82ef8b,9.156413788806928,12,2022-08,P_ABC,615,True,True
2FEA18B74FAD8E80D1D5C72030CC1BFE5EE71FE1340123AB11777EF404FC68A0,9C03AC872BE5E3DC43EB185B83C2043CFBA9D50D344311A7BECA399BC8C4C821,5e615e605d3f2b19da8973134164504a50a68f1f0aa603635b1fbf3a6d82ef8b,9.156413788806928,24,2023-08,P0,616,True,True
4A811C2CE89287025D8560EDE3000AD60120FBD9E7A22CE02ED8E37B8325BB9E,DBA7F9057F52A4D5D7B7EC94E6A634BA2F82089C01B3B0436B389C0E300786D1,5e615e605d3f2b19da8973134164504a50a68f1f0aa603635b1fbf3a6d82ef8b,9.156413788806928,24,2023-08,P_ABC,617,True,True
4EFC1B8F7FFD0CBE82BE984BE5ED245AA7092482C1FDC209E57496C6426DEFB5,9C03AC872BE5E3DC43EB185B83C2043CFBA9D50D344311A7BECA399BC8C4C821,5e615e605d3f2b19da8973134164504a50a68f1f0aa603635b1fbf3a6d82ef8b,9.156413788806928,36,2024-08,P0,618,True,True
633DEEB7F3793145F1229CA2560738F798AF7EB56326DC7A1D728660A9EC43CD,241676CCBB0D85417EEC1AA2E7AC7F42D0EA1AEDAE6B16E7CC6B5F3772E5E809,5e615e605d3f2b19da8973134164504a50a68f1f0aa603635b1fbf3a6d82ef8b,9.156413788806928,36,2024-08,P_ABC,619,True,True
B93FE4ED8A1ED6DF23E1172FAAA4F1900A0488CFB37905B0C75CEC95F9D6CADE,6D4134E610A18A5F9003AD5093BA4EF478A7CDCB3BE77E2C22C4D0F614BE50B8,5f4ffb6f4621fdc786a3e83450159c13c17b30183aed3662cd0aa577072d7ca9,9.25484931480768,0,2021-08,P0,620,False,False
533EC7EF5D436F8C4045E5B53517C8EB79311043705935FC3B97FF2542A44CFA,B56A1AA9A22A06738E5029765F28EE5C738E6AC6FDDA9DCED8EF290AC5F79E98,5f4ffb6f4621fdc786a3e83450159c13c17b30183aed3662cd0aa577072d7ca9,9.25484931480768,0,2021-08,P_ABC,621,False,False
56D72989F6BA5A75DD9B7CAB4C4207EFB6849E97CFFCC4204D71DA35ED6EBEA9,2A3D03EDA2CC268EC67603DDB97C158D883F787D7B3140BF001CDE07E0D1F1B8,5f4ffb6f4621fdc786a3e83450159c13c17b30183aed3662cd0aa577072d7ca9,9.25484931480768,6,2022-02,P0,622,False,False
950A7527BABD5B8024905BA61C34DF4609D82070B0F2076D5D0940957383A386,128C91F9E892B9DA9ED01470C815292D9FFE686EECDC0295634D9BEDD100C659,5f4ffb6f4621fdc786a3e83450159c13c17b30183aed3662cd0aa577072d7ca9,9.25484931480768,6,2022-02,P_ABC,623,False,False
C0481CD03D223285C808D050A97A782043F97F22DEA97143A2E08DD48962039E,87F2C382E65434449F28B6262A9121C6B0A276B8B15CC4040A65C14654F3FA37,5f4ffb6f4621fdc786a3e83450159c13c17b30183aed3662cd0aa577072d7ca9,9.25484931480768,12,2022-08,P0,624,False,False
83ADCC428D40D268F020ED8B4D65081183076C23AAEC6F31438E617F2F7F2C1D,B69E0ABA6FDCD5B989BE7B321EC88C3A9D270ADB87C774136CF80D9C77C5FB0B,5f4ffb6f4621fdc786a3e83450159c13c17b30183aed3662cd0aa577072d7ca9,9.25484931480768,12,2022-08,P_ABC,625,False,False
EAF2E6CA48701E10968DC09518D02A5A52C4794A85896EFC0AC263390E8FF019,87F2C382E65434449F28B6262A9121C6B0A276B8B15CC4040A65C14654F3FA37,5f4ffb6f4621fdc786a3e83450159c13c17b30183aed3662cd0aa577072d7ca9,9.25484931480768,24,2023-08,P0,626,False,False
3AED9A57D9E2AA69584F20D7D6D6C6BFBE1C165F6CEB530D77EB2DEFB81E4B27,58A61E00437BCF0D32A61C113C00F65A4AF50E9A5D21FD47C39427807CF797B1,5f4ffb6f4621fdc786a3e83450159c13c17b30183aed3662cd0aa577072d7ca9,9.25484931480768,24,2023-08,P_ABC,627,False,False
50061CD92410827E6DE98F917C5945483D07D2C074BD2E9D77C2A56332624195,87F2C382E65434449F28B6262A9121C6B0A276B8B15CC4040A65C14654F3FA37,5f4ffb6f4621fdc786a3e83450159c13c17b30183aed3662cd0aa577072d7ca9,9.25484931480768,36,2024-08,P0,628,False,False
84188EF31779CBD2ED75253F194E7ECB229C4C85441B734CB7BD31FDC50E2537,F8E0377C4667298776FEAC0ED342DEF477BF98841742FEAA99556E292DF0C1D7,5f4ffb6f4621fdc786a3e83450159c13c17b30183aed3662cd0aa577072d7ca9,9.25484931480768,36,2024-08,P_ABC,629,False,False
DCCCA0DDFC165F54E615B18CB3A201B971A974D42800F9B2FB20C3AE751D220F,E7B18378A921F905A02D77AD44D91AC2AA872CA76641AEC2C80A2FD0CAB923F2,62f6985987a0614e0c556d813339420aed0f9498119eff30c964deafcd9c695e,0.8669553012866672,0,2021-08,P0,630,True,True
AFCB44DF6C28F6B026B39D5015FEEBAAEDD93C0A90DB315AE8000B5B2C1E925A,A08DCECB6CB52B248ED0773CFCCFCAFA09A6A899BAF66E6742BCB1E8DF06B838,62f6985987a0614e0c556d813339420aed0f9498119eff30c964deafcd9c695e,0.8669553012866672,0,2021-08,P_ABC,631,True,True
FA6AB2D331C6FEC3B347167DBEFAEDF5E14D3B95F4342A00B785EE8E72E0BF1B,CD709F526FABC89A750DCA550E76B54C22E0BEDCDBBAB0F125B9933551756B8B,62f6985987a0614e0c556d813339420aed0f9498119eff30c964deafcd9c695e,0.8669553012866672,6,2022-02,P0,632,True,True
DDC8785A5C4AA712264F076C9475F631BAF72FF5E0F4A2DD5DF62A5FDDE38CF3,BF9DCD34AC2D42129837EBC22AE32B9ABCC342308EAE5EA1855F46747272253A,62f6985987a0614e0c556d813339420aed0f9498119eff30c964deafcd9c695e,0.8669553012866672,6,2022-02,P_ABC,633,True,True
904CBAA146C0AE916021D06D6D3FD13C4A8C9D26CDC3BF30B692E5FE05D6D5F7,CCD68D5372420548777EEBD4CBF1753FB777DE07E6D5F39145B45B6A19562416,62f6985987a0614e0c556d813339420aed0f9498119eff30c964deafcd9c695e,0.8669553012866672,12,2022-08,P0,634,True,True
F2124849F9BD74864EC974CD4330EA8ED8D3E02BDE454141DDA741C8FC42635D,A47C45870AD8E42BF68BC097E8497CFCFA70D2121861361597625CA4B754A18A,62f6985987a0614e0c556d813339420aed0f9498119eff30c964deafcd9c695e,0.8669553012866672,12,2022-08,P_ABC,635,True,True
6E487380605648A6EA2401B59C056DD285A4C6FF766217213A57F11FE87DF1A9,CCD68D5372420548777EEBD4CBF1753FB777DE07E6D5F39145B45B6A19562416,62f6985987a0614e0c556d813339420aed0f9498119eff30c964deafcd9c695e,0.8669553012866672,24,2023-08,P0,636,True,True
46028A1140EE1D086B086D9046C5607CFC5149F02C23EA669EA3E0E8E4C5FA54,A2A6713300B7AE1FED0B8FEB742A5CACF1F79CC279EEF7114D21A5FF0414D404,62f6985987a0614e0c556d813339420aed0f9498119eff30c964deafcd9c695e,0.8669553012866672,24,2023-08,P_ABC,637,True,True
2BEA8FA0AF2BC78EA19ACF560F62BAE5C38E3C6831CC18A2B258F0DE3E63063C,CCD68D5372420548777EEBD4CBF1753FB777DE07E6D5F39145B45B6A19562416,62f6985987a0614e0c556d813339420aed0f9498119eff30c964deafcd9c695e,0.8669553012866672,36,2024-08,P0,638,True,True
C62606B11775F369A2A89FA042F4F9C59E30C5D042C27CB1CA1A5DDC424211F6,86188C808242264EC3547379E34A08DFA3CD82433F92189B5290137421B7B502,62f6985987a0614e0c556d813339420aed0f9498119eff30c964deafcd9c695e,0.8669553012866672,36,2024-08,P_ABC,639,True,True
54F5297F20544F09100A6525763305E8748356D4FFC07E2164579788B6C60674,A88EA0408A89C83431C2202DFD47BC9B2AB733671DE5CC7FAEF76056B586C555,62fdb6af43d8c08ebcb0cd098b4eb992389b4ee942a1309ab1177a920a06aebc,0.7119370311537092,0,2021-08,P0,640,False,False
B77743E36E419EDBCC96C7252B18B851104FE8D4E08B41A96395B3363BB06AF0,1DCD5D1D03EDD748CA3DA9347C07BE1BE7DC9B6079E57679E6FC4439BA0F9D57,62fdb6af43d8c08ebcb0cd098b4eb992389b4ee942a1309ab1177a920a06aebc,0.7119370311537092,0,2021-08,P_ABC,641,False,False
2FEE2F83E6826A4676B8F6AD558706BBB31EB3A06FEB869CD19CB1E00446FA19,FF966680FF7FAE464041ED95776720C2395CC1FF6648401DA8E79F5B39E0A12C,62fdb6af43d8c08ebcb0cd098b4eb992389b4ee942a1309ab1177a920a06aebc,0.7119370311537092,6,2022-02,P0,642,False,False
686A32FC38EE0AB832552AF2CE48CD643FD49B4E4CB1CE70F577D42A76BCD19F,D7F65080F48E0B221A3B1B695EE338F1AFD8D8053BD0E8F36F8F79837357876D,62fdb6af43d8c08ebcb0cd098b4eb992389b4ee942a1309ab1177a920a06aebc,0.7119370311537092,6,2022-02,P_ABC,643,False,False
540B4D9463F7EF182791404AE458978BF3DE35B812E17E64A3FF48A0445B9CD9,FA6F4E66525C92C3858FC543A051A9948EB53C2922B1B9D02E59E4110CFF35A2,62fdb6af43d8c08ebcb0cd098b4eb992389b4ee942a1309ab1177a920a06aebc,0.7119370311537092,12,2022-08,P0,644,False,False
4DD466A5F74126DC5DDCC6EB319C73E469B6D9704BDE18F16E2D4819FBD9B9B0,CD87A25F82E824BD4DE6E72056B828CD6127BD01650E9E6C7112A2A8B13B2DC1,62fdb6af43d8c08ebcb0cd098b4eb992389b4ee942a1309ab1177a920a06aebc,0.7119370311537092,12,2022-08,P_ABC,645,False,False
6E3C0A9EE8E90C2521023367026161EE2125DB52285AEC49E6631EA14AE668B7,FA6F4E66525C92C3858FC543A051A9948EB53C2922B1B9D02E59E4110CFF35A2,62fdb6af43d8c08ebcb0cd098b4eb992389b4ee942a1309ab1177a920a06aebc,0.7119370311537092,24,2023-08,P0,646,False,False
376FE3802DF58997F3E660C872D3119B21A66BAD1334B7B3AFE3877935CA7B1E,48C87F3286986451DA8FC7EC29169D6D6BA134A7F1E4643E16B5C7E15FF4D8A2,62fdb6af43d8c08ebcb0cd098b4eb992389b4ee942a1309ab1177a920a06aebc,0.7119370311537092,24,2023-08,P_ABC,647,False,False
9782235DBF08E141B26829B70C5C7877E48EAD55923235B2D71694131F7BF0F2,FA6F4E66525C92C3858FC543A051A9948EB53C2922B1B9D02E59E4110CFF35A2,62fdb6af43d8c08ebcb0cd098b4eb992389b4ee942a1309ab1177a920a06aebc,0.7119370311537092,36,2024-08,P0,648,False,False
30278B0D8A5A9F7786026DE50697EC9387C78DCAA25063EB7C146EB711E6584C,F386118874EE0FD8600C4CC7DFBD20BF4957B4E3C3367D0FA9833771AC0AFFF9,62fdb6af43d8c08ebcb0cd098b4eb992389b4ee942a1309ab1177a920a06aebc,0.7119370311537092,36,2024-08,P_ABC,649,False,False
3E06039139F172B82DC726502E31F626113D82BFCFF0B24B3AF79B0E1790D14A,96C9D11F5DAD8EC5B307FDE6EFEE74874115BFCA276F62B4FDF306F8DE6106CE,63167b9b6f5af9bbebdb7014d50b8590dc037187cafa51f69e7f94a158ba3199,0.8628629021488298,0,2021-08,P0,650,False,False
FC58FFE1D207A3A5133013096B312005683C5EC9B9EB8A521507228978A44994,11850A5F16D2283AB6CF29FB0712F6F1621626A3664FE7C01196105CA6BE5CA3,63167b9b6f5af9bbebdb7014d50b8590dc037187cafa51f69e7f94a158ba3199,0.8628629021488298,0,2021-08,P_ABC,651,False,False
43B996EAEB3F2BD100AE0A87BFFD3B6AFF84E7587624A3206E3818D983E85D0A,75DCCC28EC5AB81655BC1CCA42956157FE0793697B2148779F3E920F5B3A64C3,63167b9b6f5af9bbebdb7014d50b8590dc037187cafa51f69e7f94a158ba3199,0.8628629021488298,6,2022-02,P0,652,False,False
F5A099238C31659EBF515CA54F090A4969F4410CFA288BC6FBB684CB5A5E87DD,B1968E967B3E3A97B9B3EA84ED615C27ADAD6D560D989EBC60AAE14E6B46407E,63167b9b6f5af9bbebdb7014d50b8590dc037187cafa51f69e7f94a158ba3199,0.8628629021488298,6,2022-02,P_ABC,653,False,False
547864547A0AB7D2AC7FB6767C270DA00F739462EBD55F4138A4255499C114A0,B729A1F65457B1CB65E157F69DB96ED9FFEE902FC387F798D55C81112C9A61E6,63167b9b6f5af9bbebdb7014d50b8590dc037187cafa51f69e7f94a158ba3199,0.8628629021488298,12,2022-08,P0,654,False,False
DC91C8DCB22A1377F4F8E8682B45D25A488521BE436A77040ADFD2D8A50602AC,BB06710E90610BE06E1ED690566E8EB76B609413A3603AB9C175754AD9DBBCE7,63167b9b6f5af9bbebdb7014d50b8590dc037187cafa51f69e7f94a158ba3199,0.8628629021488298,12,2022-08,P_ABC,655,False,False
C69F714F4086CAF668B97792C9671C6BAB61935BFCCEA7B09B4068A699E4A19B,B729A1F65457B1CB65E157F69DB96ED9FFEE902FC387F798D55C81112C9A61E6,63167b9b6f5af9bbebdb7014d50b8590dc037187cafa51f69e7f94a158ba3199,0.8628629021488298,24,2023-08,P0,656,False,False
F960117B2A3B211C86F65CC9CE53E8F856C1CAE02F1DCAAA6B53D14EBA1A78D4,102E3D9E8EC75DE5085C6CC0821BEA3C62388E412E1C72ED99A76F87B7D8ED75,63167b9b6f5af9bbebdb7014d50b8590dc037187cafa51f69e7f94a158ba3199,0.8628629021488298,24,2023-08,P_ABC,657,False,False
38BF3CD07959A52383188207552C492944A3F0EA002570C1E943664C7E027041,B729A1F65457B1CB65E157F69DB96ED9FFEE902FC387F798D55C81112C9A61E6,63167b9b6f5af9bbebdb7014d50b8590dc037187cafa51f69e7f94a158ba3199,0.8628629021488298,36,2024-08,P0,658,False,False
F38009BAA3B9D1C6550C6237D510286CE829252B64C703E9AA4BA4D41E15F6D3,0CCEC095BF9E9E7B4968C2309F869941DED50C83C16842B383DDA3A568170A75,63167b9b6f5af9bbebdb7014d50b8590dc037187cafa51f69e7f94a158ba3199,0.8628629021488298,36,2024-08,P_ABC,659,False,False
6196638D1B539A5144B7A36785F7BAF05358EC26D516F750197B0349AC837B9B,D3F7431489159A1C0BD6742029503BB7087805C58B9480D9AF54A6DF58B6A518,6452480cff3e8f663032989f0a5196dd41e1052162bf3b90d2cfb509ca6c8075,5.98464057588937,0,2021-08,P0,660,True,True
AE1A13EE4EE97EAD4C832566E44EABBFEAA07705A7364AB7D144610295EBBBFC,DE31267D8A010C5117C6633628F02A7D8787733B7A444E1DD9BBA3170C262CC3,6452480cff3e8f663032989f0a5196dd41e1052162bf3b90d2cfb509ca6c8075,5.98464057588937,0,2021-08,P_ABC,661,True,True
B8BFE0EA92F3E8AC351C53879C6EA2447C8CE9F4EFA98D854032E0D8B6B68890,161BC90ED1FA19D91BD605881064C2442FDC467B937FCD22FBC309DA494F1498,6452480cff3e8f663032989f0a5196dd41e1052162bf3b90d2cfb509ca6c8075,5.98464057588937,6,2022-02,P0,662,True,True
0877D50FCD2E8319199E323151F8F5266E658BB414D4211197B076D6FE956F9B,6AFC5063D2E0117B14A163E6D211F76A30317D32712F624CB8606B382CDF955A,6452480cff3e8f663032989f0a5196dd41e1052162bf3b90d2cfb509ca6c8075,5.98464057588937,6,2022-02,P_ABC,663,True,True
1F448E84A9F0ADAA2230E551C0DDCE972A3C13E967DD6CA09CCB2592A470F934,9EC00E274E907C586CC6D0B1A05933B4D640277A2FA364E54384A9F6BC79B9E1,6452480cff3e8f663032989f0a5196dd41e1052162bf3b90d2cfb509ca6c8075,5.98464057588937,12,2022-08,P0,664,True,True
2682DEE151CA74668C0B4219492D3648F6198951E196476F70308913EC93E6CB,3C7320C7CDB0D1DF1EBA2A4AA79862EF1B864F6FC842B8F5DC88C8D291B5AE35,6452480cff3e8f663032989f0a5196dd41e1052162bf3b90d2cfb509ca6c8075,5.98464057588937,12,2022-08,P_ABC,665,True,True
05F84805A48AF2402AE32DEB23F047D9BA5A46515E3951C9D45C58D2F9FD53C7,9EC00E274E907C586CC6D0B1A05933B4D640277A2FA364E54384A9F6BC79B9E1,6452480cff3e8f663032989f0a5196dd41e1052162bf3b90d2cfb509ca6c8075,5.98464057588937,24,2023-08,P0,666,True,True
9E939D0CB4C3D77DE853688AAC9D2EF7F4B7223B9C1681D2ECF26069E4D2DB8B,33247947F1D85363F901906ADAE981DA2EF04ABC702E65F54031DF08DA764DDB,6452480cff3e8f663032989f0a5196dd41e1052162bf3b90d2cfb509ca6c8075,5.98464057588937,24,2023-08,P_ABC,667,True,True
E6DE69A733214974C221C5373604C98A4F3B1069A8C504398C1AA2309FB5239D,9EC00E274E907C586CC6D0B1A05933B4D640277A2FA364E54384A9F6BC79B9E1,6452480cff3e8f663032989f0a5196dd41e1052162bf3b90d2cfb509ca6c8075,5.98464057588937,36,2024-08,P0,668,True,True
392C2A3FD5AD46C444A6589A06E894EDDD9991A54934FB3E1E26B6AFCC41DA9F,B7B96DF73142325BD5A93C2DFCAAF2313D13D6A6775D41B93162548A02FB4DE6,6452480cff3e8f663032989f0a5196dd41e1052162bf3b90d2cfb509ca6c8075,5.98464057588937,36,2024-08,P_ABC,669,True,True
BB61B1C27B76CEC2593BF54FAD30267AE42F60E2062C05A80411D5C8DED5ADFC,AAC57C4A9EE433F25C410937CCA541947522FD1E8FBE67967162E09C0B80BC8F,6565761231fdee1e507ecb593c7f5705dacb850dbd7ce4a3de35016688a766b2,7.19374228210796,0,2021-08,P0,670,False,False
FEBE12C7787039FD4EA96F46A4E59CB158253798CE48ED6D9AF5EB90F0B55B91,23651654599502986D353F0CC4117490BF9C3019087127506CAFE44393E9D9A0,6565761231fdee1e507ecb593c7f5705dacb850dbd7ce4a3de35016688a766b2,7.19374228210796,0,2021-08,P_ABC,671,False,False
6C812ACDECF61B2970880F72C181BA723D50CD8FC30A7ACE8CA3E16C833EFA3D,FB0766997B588E450E30D04FCC4D74F8491A85BE1E241CFF913AFC25FEC45F85,6565761231fdee1e507ecb593c7f5705dacb850dbd7ce4a3de35016688a766b2,7.19374228210796,6,2022-02,P0,672,False,False
9A906D31892B3022772E1FE38E2696BC9C01B8B2FAAB14E9B716A31E40037B96,FE330AABD8943E6F2141EB4D7BD091FE1ADE6626A335CB218476E0B783C6DBAF,6565761231fdee1e507ecb593c7f5705dacb850dbd7ce4a3de35016688a766b2,7.19374228210796,6,2022-02,P_ABC,673,False,False
5C6E273F8706D9C5CD298B253CF36ACE93B6CD2D2B2FC57F1D87C0B47BC0CDB8,1ACA82A6CD37147D89E6E28656EAF0CE87DB650DD059A586077D601D6F890FD8,6565761231fdee1e507ecb593c7f5705dacb850dbd7ce4a3de35016688a766b2,7.19374228210796,12,2022-08,P0,674,False,False
0334E3C618AF4AA165109DBC093ECD3397EF887A42EC94722C4AE12DAFA7ECE4,55F04AAA4C3AA6DB011908E16F343871DBBE29EC36D833AEBA42D22AB13B5CB2,6565761231fdee1e507ecb593c7f5705dacb850dbd7ce4a3de35016688a766b2,7.19374228210796,12,2022-08,P_ABC,675,False,False
06402912F6A9B5895678F9B18BF0034C59E496BECA68D1215A97AA92C45BE4DA,1ACA82A6CD37147D89E6E28656EAF0CE87DB650DD059A586077D601D6F890FD8,6565761231fdee1e507ecb593c7f5705dacb850dbd7ce4a3de35016688a766b2,7.19374228210796,24,2023-08,P0,676,False,False
48E4D5B34FA1F19F550EC9CB5AE626E7D63AD0F0397E1F1986FFDFCC3DD97E4C,BA005118890E7398C915EB85CE737456C1CE7A4FC4902AA6F4AC736A53B4FFC5,6565761231fdee1e507ecb593c7f5705dacb850dbd7ce4a3de35016688a766b2,7.19374228210796,24,2023-08,P_ABC,677,False,False
2254449AC149785FD611D77B1381FA2996B25071681D94780425A11A8266060D,1ACA82A6CD37147D89E6E28656EAF0CE87DB650DD059A586077D601D6F890FD8,6565761231fdee1e507ecb593c7f5705dacb850dbd7ce4a3de35016688a766b2,7.19374228210796,36,2024-08,P0,678,False,False
5FDE5FDD84385C2BDC249168E703DB407EFC2EBEEF7575FB4B3F51C47C9C9977,7A0A0F0362F3C2249402B704784E3968B746FD3DE90A6B3D3A02AE82F1DEA529,6565761231fdee1e507ecb593c7f5705dacb850dbd7ce4a3de35016688a766b2,7.19374228210796,36,2024-08,P_ABC,679,False,False
8837B6BC7A591440BC9FE5EC6EC7CE0B5E332C5FDD5755E51C37BB57C9E01A21,21B542DDBFED20CD283B87D941CD2118533AFAF58F2B766E04BD08D5B4CE0350,6737502530c31d220028e391e8e8285a546d89dde72848fe2dcdc3690ccb08ea,15.93175573708133,0,2021-08,P0,680,False,False
BE2778A4DD2CB525EFE0E7EAF9D66EF4CE868B6E9280A0F81F424829DFC2E7D5,073B9649E5770A7934BADE2DB7BD5CD8F29DD84122C242CB3397FEA7B4774BEB,6737502530c31d220028e391e8e8285a546d89dde72848fe2dcdc3690ccb08ea,15.93175573708133,0,2021-08,P_ABC,681,False,False
02187BD96C3B4BCA8AD50AE2E0CE7A13B03B7776CC0E4982AFE461704043BA51,8E66D8CBD0D6849E50C12F0C594290432EDF5B86C5979EC2DB989FB3B3BF5C2D,6737502530c31d220028e391e8e8285a546d89dde72848fe2dcdc3690ccb08ea,15.93175573708133,6,2022-02,P0,682,False,False
EAA0BE4B4DD31E49095C2CC2ECECDD375868153497F26B0A1CAB4FC93E5F1A3C,297D598384ED1F8C8A761B9F58A32DB0FC045A7C80487108F39927588323DB4C,6737502530c31d220028e391e8e8285a546d89dde72848fe2dcdc3690ccb08ea,15.93175573708133,6,2022-02,P_ABC,683,False,False
F15D5A2E3CADE11A53BC23D1CDA5EE24F44E11ED9EDA5CCD7EA3EB4ABC236DEA,CC6BC44EB31DE21F832C40B9FC587B04B436B3FD4E27E24B0381BEBE27A3B0F5,6737502530c31d220028e391e8e8285a546d89dde72848fe2dcdc3690ccb08ea,15.93175573708133,12,2022-08,P0,684,False,False
A37D7FA6936F81D411FD501CA7404B5B011DBDC88DE71BF328337FBC0C41EC76,82E320E55E60D14A209886FE301BF972849DE0712FB6F0F450CD1843C64D29A7,6737502530c31d220028e391e8e8285a546d89dde72848fe2dcdc3690ccb08ea,15.93175573708133,12,2022-08,P_ABC,685,False,False
983FC489F84C6D0FB2FBD11514B54D87665D4BAD26D4C003E88A99C5DABF9E30,CC6BC44EB31DE21F832C40B9FC587B04B436B3FD4E27E24B0381BEBE27A3B0F5,6737502530c31d220028e391e8e8285a546d89dde72848fe2dcdc3690ccb08ea,15.93175573708133,24,2023-08,P0,686,False,False
53C8D490063B2E8B524B95E6E5D34C6A1467D8DA79B7A1F8ED7840AFBAFAD179,9EF2CB7495EA7936544447843A0D0D42AD7EBDEF808B194D5D1FF0AC5861CAF1,6737502530c31d220028e391e8e8285a546d89dde72848fe2dcdc3690ccb08ea,15.93175573708133,24,2023-08,P_ABC,687,False,False
E848A6B131A3F5FAE9A2B2529D44EB11D03637A1D9A185D70CC291D3F01818B1,CC6BC44EB31DE21F832C40B9FC587B04B436B3FD4E27E24B0381BEBE27A3B0F5,6737502530c31d220028e391e8e8285a546d89dde72848fe2dcdc3690ccb08ea,15.93175573708133,36,2024-08,P0,688,False,False
E7909833D1DA36BD04CFB1A07AB9C445A5263AE42173AA5745BB77A20B2B9FEA,5A4CCFFC376281D652A58067E64B6FD7FF336E734071746A9986CDD21B7F0A16,6737502530c31d220028e391e8e8285a546d89dde72848fe2dcdc3690ccb08ea,15.93175573708133,36,2024-08,P_ABC,689,False,False
A52AE0EEDEE90AFF589BE3B9D09EC4B33D8E66C06F9DFF9A18AF8FA5DA385D9B,1C6529C472A618D2FF189BF9AA1D7991A4B815221D00FCE358DA552D36A0E00C,673f5a8002bd77950b0a60a593981cf4068af505a917cef53ce8e2d5e32d1831,0.8627738679872392,0,2021-08,P0,690,True,True
901D2725AD28680D026410223E9B14F0FB8D3938EDBB9A78FF00D7093F997232,375EA72F381B91C8584018BA934E2B9707F71DBCDB9342193FBCB816B69365B0,673f5a8002bd77950b0a60a593981cf4068af505a917cef53ce8e2d5e32d1831,0.8627738679872392,0,2021-08,P_ABC,691,True,True
135B553493B14461BF770F9A7BB7F2D0D52EA2CF51A5DBF5E679F649C732F703,EFB370662EA71649CBC28ACE90F9936F6291BF532A89380A6874A3C8C45C1073,673f5a8002bd77950b0a60a593981cf4068af505a917cef53ce8e2d5e32d1831,0.8627738679872392,6,2022-02,P0,692,True,True
CFC250FF8F24230FF6E726459C6D9B8D9A8D795C11E8D66BD487CA36FA9E1B56,C592C6A63174355945702067DC2413198B73565BB856C34E79352F6244FB73A6,673f5a8002bd77950b0a60a593981cf4068af505a917cef53ce8e2d5e32d1831,0.8627738679872392,6,2022-02,P_ABC,693,True,True
B5276A55219DF5F994426A65AC16771D34D91E7343E9926920E3B75A87F6757C,E64632AFA9D9FA0A30CF57A4227F66609C8BF3D04C14334B94B6096768161D19,673f5a8002bd77950b0a60a593981cf4068af505a917cef53ce8e2d5e32d1831,0.8627738679872392,12,2022-08,P0,694,True,True
B4DDA9A83D293BA5373C1C24D82071BCE97098DC649F30873EDA10D4EF9B0307,E11773E081D9EEA16BC99305C49711E49805F95F2F7E004851D41169A3F2ECC7,673f5a8002bd77950b0a60a593981cf4068af505a917cef53ce8e2d5e32d1831,0.8627738679872392,12,2022-08,P_ABC,695,True,True
98ACC38590F68D1205D23C8DBFBD75006DD9285C287DBC253B065AB4F4818D73,E64632AFA9D9FA0A30CF57A4227F66609C8BF3D04C14334B94B6096768161D19,673f5a8002bd77950b0a60a593981cf4068af505a917cef53ce8e2d5e32d1831,0.8627738679872392,24,2023-08,P0,696,True,True
758B6610BC41AEF6A9C38D236E49A473BC9AD5E4026CE0F8291DC8CE901DDB27,BAF7C234744E174F78B58E987202F12E51C1063693532C79A29A9B73318D03F3,673f5a8002bd77950b0a60a593981cf4068af505a917cef53ce8e2d5e32d1831,0.8627738679872392,24,2023-08,P_ABC,697,True,True
704A3EAE535CD6E2261E9F92C2540D803A7236EB05DCD63959583A6F5177810B,E64632AFA9D9FA0A30CF57A4227F66609C8BF3D04C14334B94B6096768161D19,673f5a8002bd77950b0a60a593981cf4068af505a917cef53ce8e2d5e32d1831,0.8627738679872392,36,2024-08,P0,698,True,True
EB2E7F0B829A513AF0A3EF867BD6379ABEEE8907FD0E19BE5B7F77738A89FA99,DD71989F37B467D06A8E927DA8A12DA398DB7991BE564ACFAD1E102CDA9482C0,673f5a8002bd77950b0a60a593981cf4068af505a917cef53ce8e2d5e32d1831,0.8627738679872392,36,2024-08,P_ABC,699,True,True
7AD85535C117901DF6B6743E37BB3A1E4FFE8187B0CFE24D3AD472882C4541C0,52FE5A4607902478011CD10D0444DE98E61AACA13194CCAABF34E437A661BA3A,6842dfc5107513f711fdcdce43a1bc2693774eb62cb82fd254819ce6bd7560d4,9.341943158399072,0,2021-08,P0,700,False,False
2D8C474E4C94F3B4FA53F8939049E219CAA300027055C66E064E28C1469EF66F,84404336515781CDB65F282338AE75F7864F99F7878EAED127FD1988E4E6A533,6842dfc5107513f711fdcdce43a1bc2693774eb62cb82fd254819ce6bd7560d4,9.341943158399072,0,2021-08,P_ABC,701,False,False
A3726A2D6F1237DDE4C861E136E1B2CFB1FE5A13C474B17C30F26231658DDA30,B7B28CFD7D6EEBFCD256CF7C7B8096356614BF26603FA2B3382EC215C4A1CBBC,6842dfc5107513f711fdcdce43a1bc2693774eb62cb82fd254819ce6bd7560d4,9.341943158399072,6,2022-02,P0,702,False,False
5BFDC5A0B2F34B6D48ED8CB2AA3BB9C58C955680890533C39ED7157F4644D689,CF79D03CA22207A43D45182E3FCE163EE4E681927C1BEF400BD2B951CFD57A0C,6842dfc5107513f711fdcdce43a1bc2693774eb62cb82fd254819ce6bd7560d4,9.341943158399072,6,2022-02,P_ABC,703,False,False
92E155BA4EE99058E0A4AEECA26225D9BDBCC4E58779131FEB14E325D5F09C6C,1C962AB907EB5B0C4C2E91C1B93C08DFD3220C635EE3F6039DB9B2A83C76B5BC,6842dfc5107513f711fdcdce43a1bc2693774eb62cb82fd254819ce6bd7560d4,9.341943158399072,12,2022-08,P0,704,False,False
53FF362B4717B81D1030CCF860C41A817A5EB2FF89FAAFA939E95AAB3685792E,27AE4D7F0C24D7C4F72335A6A9D478AF53A4FD045817639445BF31573BAF6732,6842dfc5107513f711fdcdce43a1bc2693774eb62cb82fd254819ce6bd7560d4,9.341943158399072,12,2022-08,P_ABC,705,False,False
DE4F1CE452382F8782CC64ACE2DCFA3A69643FFFC055418765003175F299AD35,1C962AB907EB5B0C4C2E91C1B93C08DFD3220C635EE3F6039DB9B2A83C76B5BC,6842dfc5107513f711fdcdce43a1bc2693774eb62cb82fd254819ce6bd7560d4,9.341943158399072,24,2023-08,P0,706,False,False
108DC07E2DEEE760F1BC826ABFDB5764302AB5EB63457AF28A57B114E425CD5C,BD9CD960C2BD6E9484376CD4E0B6A73D5F7C273E3016054017C550FCE5D40444,6842dfc5107513f711fdcdce43a1bc2693774eb62cb82fd254819ce6bd7560d4,9.341943158399072,24,2023-08,P_ABC,707,False,False
4E8C79C49EB651711D03D76615DEC3C930AEC83D2551AE097E47148CD2536DDD,1C962AB907EB5B0C4C2E91C1B93C08DFD3220C635EE3F6039DB9B2A83C76B5BC,6842dfc5107513f711fdcdce43a1bc2693774eb62cb82fd254819ce6bd7560d4,9.341943158399072,36,2024-08,P0,708,False,False
D344C93713C353DCCACB765778126CF2080B43FA08CB1968999483BB2F1F195B,859FD089A20C0A88F5B4BE9F165173C2E051D05691177BA3C260DE26EB2B6FEC,6842dfc5107513f711fdcdce43a1bc2693774eb62cb82fd254819ce6bd7560d4,9.341943158399072,36,2024-08,P_ABC,709,False,False
62B51F513645E5FA66819D40F6D6B7D2492817838492334263B8153A40CF74FF,E9FFD99A8881E8B6B3BF56C63AC8A628082AE9C0226A577F20F1DDB1F83DC72D,68b2d652ff881bf58fda5e774b6695a06f4a2efd22bbef8610df3e96e3a952af,1.9607957695855964,0,2021-08,P0,710,False,True
D0F27D5EC708C231E408214BCFC813733EACFAC8F326FECF3C611E88AEE88279,46F77A45A1DD91AFEAAA6BF7BE4B4843B5A9FF08521F1E0928ECBB031BA0EDBD,68b2d652ff881bf58fda5e774b6695a06f4a2efd22bbef8610df3e96e3a952af,1.9607957695855964,0,2021-08,P_ABC,711,False,True
011F8E0AFC3678FDF625873AEB7A5612A8102471A956746BCC77452500806BD6,6CB083513DAA65FDC0076C90F49528D78BC6822F9C2C87DBB79510E8584A4CC9,68b2d652ff881bf58fda5e774b6695a06f4a2efd22bbef8610df3e96e3a952af,1.9607957695855964,6,2022-02,P0,712,False,True
007BCE078DDF40B9DA4348D3B00B727B10359D8D03D4C2747368DFC82A6BC1C2,26CB2C9AB809C368909F256AC64D2F937500BF2AE896F95A98D5593296F3E87D,68b2d652ff881bf58fda5e774b6695a06f4a2efd22bbef8610df3e96e3a952af,1.9607957695855964,6,2022-02,P_ABC,713,False,True
DF692E0002E84A6A94FC8123107B5D744C2376E593F2741DB120001105886350,A3D1B39D8A192B00EEEB94CDDA380F260F5E1C27AFF65580D8604B375ED959FC,68b2d652ff881bf58fda5e774b6695a06f4a2efd22bbef8610df3e96e3a952af,1.9607957695855964,12,2022-08,P0,714,False,True
8816244621157BA83015BA5AD1739E2E64BBA512661AF66D9A572E0304A12A4C,6267CDA8DE35E0AFAC08AF05F5D3891997C6B5228E760167EDABFD27162E82A4,68b2d652ff881bf58fda5e774b6695a06f4a2efd22bbef8610df3e96e3a952af,1.9607957695855964,12,2022-08,P_ABC,715,False,True
2BC419FB486CFFE1E7F13C88E16CE8EAB1F5C26E98DDF9109BCB07C59921E0BD,A3D1B39D8A192B00EEEB94CDDA380F260F5E1C27AFF65580D8604B375ED959FC,68b2d652ff881bf58fda5e774b6695a06f4a2efd22bbef8610df3e96e3a952af,1.9607957695855964,24,2023-08,P0,716,False,True
6E755CAF2172DB44333CC88088CFD6795CCE2ECCF7BCC684164C3A7CB9977300,1EF2C729470A0D44E43F7ED0BADDA87196041677570B7571C10944E81EDE2FD8,68b2d652ff881bf58fda5e774b6695a06f4a2efd22bbef8610df3e96e3a952af,1.9607957695855964,24,2023-08,P_ABC,717,False,True
0552DDBD0B702B81778B45E7FF4E1EC9701ADE9C3DA3BC2C450020B7E33CE152,A3D1B39D8A192B00EEEB94CDDA380F260F5E1C27AFF65580D8604B375ED959FC,68b2d652ff881bf58fda5e774b6695a06f4a2efd22bbef8610df3e96e3a952af,1.9607957695855964,36,2024-08,P0,718,False,True
5C00E009A813BFD956F8DD2D068F5858F9F9E92E872455E370AE16B706158AEC,479820A0312B2663EECB02C1FB69E5B1C962E50C70ECAEBDA1691AC78C176A0C,68b2d652ff881bf58fda5e774b6695a06f4a2efd22bbef8610df3e96e3a952af,1.9607957695855964,36,2024-08,P_ABC,719,False,True
311B76FC1F918B9E5CD923913B3B775C91EE5D584F4B6DB38A975B8231EFF789,6F728ACB59BA6E6BB7F778A8F9152E3FB32C169CF6D7D00DDC235886F66C5014,6a630b33f63fa6d009b4bb18c838e04113ceb2b0671b7a686b6f3d551e1719a4,8.866665246080021,0,2021-08,P0,720,False,False
2155793866892F2436890FAA854F946D39CE01465529361CFBC32F9A633F256E,4C592263CCC55433DAA0AE99E2BBF67414FB68809127B2D1352F9DD85B941BD0,6a630b33f63fa6d009b4bb18c838e04113ceb2b0671b7a686b6f3d551e1719a4,8.866665246080021,0,2021-08,P_ABC,721,False,False
A72DDDDF0D241236050398C1F137626EBECC958785192EFD81B3B8D1205CBB35,468956B079928C43B0EEC929E08844975EECA3EFC840BC64B825A8E896A09D55,6a630b33f63fa6d009b4bb18c838e04113ceb2b0671b7a686b6f3d551e1719a4,8.866665246080021,6,2022-02,P0,722,False,False
FD4EE869019EF086218F8AB5123F1E38E94EDD61443F7AECB87078792ED4437F,52EDFD5BAE86D1402BA4E6ED31117BC471C4F0A296B19672F5E07E4AD3D7D33E,6a630b33f63fa6d009b4bb18c838e04113ceb2b0671b7a686b6f3d551e1719a4,8.866665246080021,6,2022-02,P_ABC,723,False,False
DD7186C7376D1A0218C64900B667ECA3526E881E2A579231D5E6C07CAD5C1D8E,1B3697FF30445E9C6C07821BD1EBBD5C190E99FED267E22671F76E8F71C6F064,6a630b33f63fa6d009b4bb18c838e04113ceb2b0671b7a686b6f3d551e1719a4,8.866665246080021,12,2022-08,P0,724,False,False
DAC846EED93F0B664D0C9E112629C87D899D7091082D690F53E8AA287ACE28F7,8EDD1D7CAAECBEE64B5C85B3556A12747210CC6E8031F704F11BB72DE587267C,6a630b33f63fa6d009b4bb18c838e04113ceb2b0671b7a686b6f3d551e1719a4,8.866665246080021,12,2022-08,P_ABC,725,False,False
F3088C71498D1201A623B8A68AA836C894E6ACEFBFDFAF9182C7839E1D7542C2,1B3697FF30445E9C6C07821BD1EBBD5C190E99FED267E22671F76E8F71C6F064,6a630b33f63fa6d009b4bb18c838e04113ceb2b0671b7a686b6f3d551e1719a4,8.866665246080021,24,2023-08,P0,726,False,False
961DF2A6BA55CD4A4EB047E333411795D221887B17187BC53692788D3B0BAA6D,5BF3DF415C91C8F6A0EEAD491B14A9E324465695ABE96BAC0ACCABA0CD843645,6a630b33f63fa6d009b4bb18c838e04113ceb2b0671b7a686b6f3d551e1719a4,8.866665246080021,24,2023-08,P_ABC,727,False,False
25FA0D977FF3228F212A030A63D4FFE6F73F0FD4282C4C95FC849E4D4632DCD8,1B3697FF30445E9C6C07821BD1EBBD5C190E99FED267E22671F76E8F71C6F064,6a630b33f63fa6d009b4bb18c838e04113ceb2b0671b7a686b6f3d551e1719a4,8.866665246080021,36,2024-08,P0,728,False,False
1B45CA41C10CEF765B7C54ACC82FC92AEDAA783C7BD00DC477F1E480A1E583A1,EE80ACE27672B04E75A36D7F4E131B6574E963D2822A753D4FF0F4553DB7C123,6a630b33f63fa6d009b4bb18c838e04113ceb2b0671b7a686b6f3d551e1719a4,8.866665246080021,36,2024-08,P_ABC,729,False,False
78E785528881339974A031AC11605C1A5B926EE72CEC0666A26DE5E3AEED3AA2,A0FB247367AD6308768146FD21F4AC836CC885F61F4D559903388E1A61AF8B81,6a7395c072bfb5b467dd1221716487ecfce8c6a1efc3f732120c6198bc89f068,3.700184153526695,0,2021-08,P0,730,False,True
E8FFF7FDB69EFA8BD88F454196EDB27215B30E0F3F9EE379CE8837CAF065A443,3D9E163AED935A521E586E9E11C1A0DF2E30F7AA45EB467597F0986DCE970AEF,6a7395c072bfb5b467dd1221716487ecfce8c6a1efc3f732120c6198bc89f068,3.700184153526695,0,2021-08,P_ABC,731,False,True
9675D3E5B793EDFC5F2CFD38FF786CD1CF1B9F88ED1C9707A28874D0D282368C,BCA3710E2CF91847F69A2556D3C92AE365E673E044FFF28F822FCDE3106DDB28,6a7395c072bfb5b467dd1221716487ecfce8c6a1efc3f732120c6198bc89f068,3.700184153526695,6,2022-02,P0,732,False,True
3F92768F034FF81A633CC7E9A0EEADC3C60AE36A8368C29C1A78044944555811,1C894ED73193BEE540FBDAF3155DA93314A4E8B156D4E076D047A02FE2FF1DF9,6a7395c072bfb5b467dd1221716487ecfce8c6a1efc3f732120c6198bc89f068,3.700184153526695,6,2022-02,P_ABC,733,False,True
7501A2597A54D291AA3AC81BE81790542614798E68C3A287272ADBD2F07E821A,446F7E269C8D710B3096669951200EF05E23F3923374049CC374B2545FEF9A09,6a7395c072bfb5b467dd1221716487ecfce8c6a1efc3f732120c6198bc89f068,3.700184153526695,12,2022-08,P0,734,False,True
D83CBDF5C3A693BBE2A083A6D676B31A8A162F6B64D574CDBEE803AA49534ECC,8B311D8A8FD090D52FBD099B76A3F2BE96F1854FAE0B31F8B7AFAA8AB539CAFB,6a7395c072bfb5b467dd1221716487ecfce8c6a1efc3f732120c6198bc89f068,3.700184153526695,12,2022-08,P_ABC,735,False,True
8074D8EE13B1DDE1E6C610A361617D0F9D242A7E47A48DA7F422A62877CD7AA9,446F7E269C8D710B3096669951200EF05E23F3923374049CC374B2545FEF9A09,6a7395c072bfb5b467dd1221716487ecfce8c6a1efc3f732120c6198bc89f068,3.700184153526695,24,2023-08,P0,736,False,True
78AB87B4EE388A8F7392BB48F068AAF67772875D203EDB50DCF6CCAC71B55FA2,4C3C08425C9860A42C7312C568C6AF8E6C121755C7A025A500BAE664C6B1188C,6a7395c072bfb5b467dd1221716487ecfce8c6a1efc3f732120c6198bc89f068,3.700184153526695,24,2023-08,P_ABC,737,False,True
6A9E23148C6FAD6821658C892AE313055608367C2DB061F5F7E8932E4873F350,446F7E269C8D710B3096669951200EF05E23F3923374049CC374B2545FEF9A09,6a7395c072bfb5b467dd1221716487ecfce8c6a1efc3f732120c6198bc89f068,3.700184153526695,36,2024-08,P0,738,False,True
553E8729C99966E0C25BD47BFCC9257CFD2BE8C18958216F57F2FA9A1367D926,EBB83A8F6498D6093FB8FD37D3DF14064874E753345DA9AF323E21540AB2CEEA,6a7395c072bfb5b467dd1221716487ecfce8c6a1efc3f732120c6198bc89f068,3.700184153526695,36,2024-08,P_ABC,739,False,True
E9FF6EFF59AAD40A363B1E3BA0446A49F5FEFE320162A379597F5BD180E07ABF,5F39AF2E67E96AC298E3BE659709FABF37D8F82670C720159F3962FEB0F63CEE,6c01a8602adff4e8147587ece955de82dd8c3251abb4eb1d2dff3cbd3ffb950d,1.716507865716028,0,2021-08,P0,740,True,True
0B5F0727A5DBB152EEDCCBF47A978A47E48548C7A80CF8EA1252EF68EAE0E4B7,9C48BE36030FEDB4229BA414C0131E9E53216A914BE9DD9273FBF2984DE8A19B,6c01a8602adff4e8147587ece955de82dd8c3251abb4eb1d2dff3cbd3ffb950d,1.716507865716028,0,2021-08,P_ABC,741,True,True
787C180275B3D534C710A37902D6AEA63E268E28C15B95BAB35D3420E5F402DF,C90693E73D1967D41C5E661D4B3645013689DA0431FF9D81C443BEB0375ED51D,6c01a8602adff4e8147587ece955de82dd8c3251abb4eb1d2dff3cbd3ffb950d,1.716507865716028,6,2022-02,P0,742,True,True
4F7E3CEE8CCF48E644A9447713DAF8BF0E7B0DB2A22838E0E9EBE71E0303B72C,50B20DC5085A32F7FEE1F41D30AC34765225B88D50EB28FA18A19981690EE4CA,6c01a8602adff4e8147587ece955de82dd8c3251abb4eb1d2dff3cbd3ffb950d,1.716507865716028,6,2022-02,P_ABC,743,True,True
11E3062165A925F4CA4C547EBE6F34D9E5B4EFCED53371D04E329F65662C3895,50F9BEC3DA1EA681064E7C0F779EA8703B9DFB76FB430FCFB849FA8F15E37E4E,6c01a8602adff4e8147587ece955de82dd8c3251abb4eb1d2dff3cbd3ffb950d,1.716507865716028,12,2022-08,P0,744,True,True
F72DA4656A080908E8A8F77C5F75045B58A6616D8C7CE8DF4395BBD454889327,67226842F1A2DB765104657ED7F11C24755726A7884654E5399AB32F77E4299A,6c01a8602adff4e8147587ece955de82dd8c3251abb4eb1d2dff3cbd3ffb950d,1.716507865716028,12,2022-08,P_ABC,745,True,True
1EE5DB7AD2512620F6452A0175304882931A40F585B1415807687D15EFF9824C,50F9BEC3DA1EA681064E7C0F779EA8703B9DFB76FB430FCFB849FA8F15E37E4E,6c01a8602adff4e8147587ece955de82dd8c3251abb4eb1d2dff3cbd3ffb950d,1.716507865716028,24,2023-08,P0,746,True,True
3CFE8922D97B43EF4F00D68741B584B2368DFFDE0412C7F643CB97BBB798A84F,165E8682D58A90EE750FD130DCBF73FC8644E50CC9CA2C3DBC040CD32987F7E3,6c01a8602adff4e8147587ece955de82dd8c3251abb4eb1d2dff3cbd3ffb950d,1.716507865716028,24,2023-08,P_ABC,747,True,True
C6BE77C95B6C2F0116882C2079FAA52F4AC1D39DC303EDB6B95BA521363A697A,50F9BEC3DA1EA681064E7C0F779EA8703B9DFB76FB430FCFB849FA8F15E37E4E,6c01a8602adff4e8147587ece955de82dd8c3251abb4eb1d2dff3cbd3ffb950d,1.716507865716028,36,2024-08,P0,748,True,True
6C6B0B2658C766637EB8522C7968049CCA17DECFABAA89BF77B8CADB222927AF,B8C7BA535857BF5CFE7F158AA0B41E3EB07C57B9FE932B60117BBDB2993170F1,6c01a8602adff4e8147587ece955de82dd8c3251abb4eb1d2dff3cbd3ffb950d,1.716507865716028,36,2024-08,P_ABC,749,True,True
B5737F4AE006CFEEFD9116412FDE35787ECF98D0A529CC045E98F3A74EC493F9,44E65E6031C72E1E24C0CBC6538FED3FEC0C7E85CBFEE6E2A2A85F18B952C6A6,6cfa16a43f345361440737f243351d60a33b4c1f286c02d2ba0b43fbe717d009,10.871868171370942,0,2021-08,P0,750,False,True
3085965FEC9FB0179A75628AF9027461AD6AA8A785D4214FECF075BCEB05F130,BB7610775FBD421A566E471FAA827FDB6D035E4DFC2349FE79FEA350B96E7542,6cfa16a43f345361440737f243351d60a33b4c1f286c02d2ba0b43fbe717d009,10.871868171370942,0,2021-08,P_ABC,751,False,True
29EA66F0F90712D7DE68509E19096B172B33E3EF98BDA642597A6015E688875E,DA6A6116AC9DC7914EE146269C9A2067233766BD2155E78FC6D4306405DC715F,6cfa16a43f345361440737f243351d60a33b4c1f286c02d2ba0b43fbe717d009,10.871868171370942,6,2022-02,P0,752,False,True
0FFA99C3393961D78682B890210E740AC64368CA228C8A0B6F81076CC2ADB0C5,E655099E7435152A924415CDD9FA20AB46AA31D4860E09E5D1A623A158B90F6F,6cfa16a43f345361440737f243351d60a33b4c1f286c02d2ba0b43fbe717d009,10.871868171370942,6,2022-02,P_ABC,753,False,True
C80B4422F90E170212CB13AEB0D17E495ED9A0C9C447639E107B35C2057CD84B,66654B5159B356FE97D975149F84CB5BB02142E582EE130C8D17AF64A9080DA9,6cfa16a43f345361440737f243351d60a33b4c1f286c02d2ba0b43fbe717d009,10.871868171370942,12,2022-08,P0,754,False,True
B4CA159BD544D330A88F0DB38AF91971D09ED02527ED5A727E3F5568D2A9623C,4200796A12EB531B99F352C040C7353552CA6E48874A6329EEAC70BF8CC547D9,6cfa16a43f345361440737f243351d60a33b4c1f286c02d2ba0b43fbe717d009,10.871868171370942,12,2022-08,P_ABC,755,False,True
BAE5ACD2A9275F3F8E6610BD66A93CB755A51AEDA070BD646BD118CB972DF4CA,66654B5159B356FE97D975149F84CB5BB02142E582EE130C8D17AF64A9080DA9,6cfa16a43f345361440737f243351d60a33b4c1f286c02d2ba0b43fbe717d009,10.871868171370942,24,2023-08,P0,756,False,True
F03B60C90D8968F4A52587E08DAD75D0E72438E6A08A1B1F5F0793BF1C988AE5,EF72033D8ED71E14626A6E20CD218ABDE738267B2E2E199DD5985A89B92D4671,6cfa16a43f345361440737f243351d60a33b4c1f286c02d2ba0b43fbe717d009,10.871868171370942,24,2023-08,P_ABC,757,False,True
3D9A8BD8EF645C8D5BBDE052F7AF30D4A69C856CA85D890911A47FD627A40092,66654B5159B356FE97D975149F84CB5BB02142E582EE130C8D17AF64A9080DA9,6cfa16a43f345361440737f243351d60a33b4c1f286c02d2ba0b43fbe717d009,10.871868171370942,36,2024-08,P0,758,False,True
442EB26662091279E52543BD072782A174B62E56664C41D6CC30DD38627A9C08,1ECAF9E0AE396A679922DF65F70A7C2FBF77905A5963D6BF310080666CA32D29,6cfa16a43f345361440737f243351d60a33b4c1f286c02d2ba0b43fbe717d009,10.871868171370942,36,2024-08,P_ABC,759,False,True
55ED962AAB0ADFAC3CDBDEC349E33704F2AD16B4A6F33286BAD81E2E43C195C7,BBD327F362929232A58D9BF654195E80463314199EA4A4E2DA7FB1ECBD6EC69E,6d1ce6b8eec18351d93082acca719408bec10b1a1bc92ddc9f317a314caa77ec,4.846271122480134,0,2021-08,P0,760,False,False
ACC29D567D7E450233F0EDAEB9BBF27E4B7034A41E26EFF057E6955876356BAB,A91107AEF4E816108957B9E2996F6EC51ECF9940542CD7140BB1624920CD2BD3,6d1ce6b8eec18351d93082acca719408bec10b1a1bc92ddc9f317a314caa77ec,4.846271122480134,0,2021-08,P_ABC,761,False,False
793EF1F58DF2AF062D7D9DF8AE1269DB3470BA0CCFFF267EE0103A037EACCCC3,357873C1571F7993462A3D4B109E8CEC7193DA69B524288E217C76ECE85D5871,6d1ce6b8eec18351d93082acca719408bec10b1a1bc92ddc9f317a314caa77ec,4.846271122480134,6,2022-02,P0,762,False,False
48E10F787887574913E29CDAE69ED26A780C2F165B532A4008F15B7CD4904CEC,A82C69F72B71CB59F92BFF93376B38B754C8FF8D9C926D74769EF210DAD60626,6d1ce6b8eec18351d93082acca719408bec10b1a1bc92ddc9f317a314caa77ec,4.846271122480134,6,2022-02,P_ABC,763,False,False
776148B14BDFB6312929B2B0FDB527CEF46E57B302B69FBF52C623B7E2FEF21A,C93C0A78F728A704C5D2A871892C96AB32BD56D81B9171059B0D66E68D7138DD,6d1ce6b8eec18351d93082acca719408bec10b1a1bc92ddc9f317a314caa77ec,4.846271122480134,12,2022-08,P0,764,False,False
A4ECDB1C86B1E0559112F5E9BAE964AA87824D9385CAEC1FC633075D32DF26AF,C5FD4EE173FC8537777C50A7CAAC7B249548E052650769817DB4F4EC671B5522,6d1ce6b8eec18351d93082acca719408bec10b1a1bc92ddc9f317a314caa77ec,4.846271122480134,12,2022-08,P_ABC,765,False,False
A8555CDD9120836D05D5543751EE52449BA8C09703E59CA05155A8B92BFD80AB,C93C0A78F728A704C5D2A871892C96AB32BD56D81B9171059B0D66E68D7138DD,6d1ce6b8eec18351d93082acca719408bec10b1a1bc92ddc9f317a314caa77ec,4.846271122480134,24,2023-08,P0,766,False,False
32AE8EDB1DACC1EB32FA9B2613791713516840E17C4712B1AC677D17285EF91D,4685110620922D67E06C4199A5C23228EAC6B6664D8746D521B874DD82625520,6d1ce6b8eec18351d93082acca719408bec10b1a1bc92ddc9f317a314caa77ec,4.846271122480134,24,2023-08,P_ABC,767,False,False
B72392294B0EB929AD25CFB7B126476516B1A55116D2ACD4050E48B94C74FB3D,C93C0A78F728A704C5D2A871892C96AB32BD56D81B9171059B0D66E68D7138DD,6d1ce6b8eec18351d93082acca719408bec10b1a1bc92ddc9f317a314caa77ec,4.846271122480134,36,2024-08,P0,768,False,False
A173537B05DA08BE693B19CD8BDE6E35E1BB133F36CF4F50220AC884413A061A,1C311CB47DCD6C2A1CBA2622C3A4CB74A30255831BCDB4AF22238D006392CCBB,6d1ce6b8eec18351d93082acca719408bec10b1a1bc92ddc9f317a314caa77ec,4.846271122480134,36,2024-08,P_ABC,769,False,False
6F6D6BC49B67574C8EF9A4580507BFE05BAD53234FD2FB76D22D9BA30173C70B,809FA35EDBA7498F2357EB06C74CDAAE82A6029551DDE6DF8F904D683AE76B62,6d5a00639c8a0acc7bb84d30aaa12af07271588c130056cd5153b8658ce16690,2.375823037561759,0,2021-08,P0,770,True,True
E0F6DAD19B5C917AAD7124658EFD2CCDDF077117C520C5EDA7A45545FAC9D437,4DC5EC9267C177B945623A3DF798185032AAB8222566D3CDA6A5E4C2CA05588F,6d5a00639c8a0acc7bb84d30aaa12af07271588c130056cd5153b8658ce16690,2.375823037561759,0,2021-08,P_ABC,771,True,True
497C47A2CDBD41B3FF2A4B7D3EA6516EC71605F87CDAD415F776ED2D1F42EADF,A9E99B301BC1CA4A9FFCA2239F7938AC51D34483115E5F4E83C3121A5102A73F,6d5a00639c8a0acc7bb84d30aaa12af07271588c130056cd5153b8658ce16690,2.375823037561759,6,2022-02,P0,772,True,True
11370C437F029C1BAF5958AFDB01E7D8292D22F57DA912D6B6F55D4339008127,F0A5020703061A5BB890222FF92FAC1EAC096CDFA2C78526B4322DC6CD1F617F,6d5a00639c8a0acc7bb84d30aaa12af07271588c130056cd5153b8658ce16690,2.375823037561759,6,2022-02,P_ABC,773,True,True
C9BCC1DF8BC247F726E06853DDEDE0FADF6A8060E50FA650097611553DEECF2E,A3933C0DC841733906C0C2E88E8997EC17DA06337D387611A2170173D7DA75F6,6d5a00639c8a0acc7bb84d30aaa12af07271588c130056cd5153b8658ce16690,2.375823037561759,12,2022-08,P0,774,True,True
4169D7C3C06C2F54799312DCF952D37060AA272B7A79A5D0F8AC4C338C97A616,93658DFC9B92687C9546B93B3D0846922613D47060929E545D2A5C685EF57A37,6d5a00639c8a0acc7bb84d30aaa12af07271588c130056cd5153b8658ce16690,2.375823037561759,12,2022-08,P_ABC,775,True,True
B14F2025D19ACA60D82BADC4E96DB595019CE1928CEBA9A90EA6C6332DE03E2F,A3933C0DC841733906C0C2E88E8997EC17DA06337D387611A2170173D7DA75F6,6d5a00639c8a0acc7bb84d30aaa12af07271588c130056cd5153b8658ce16690,2.375823037561759,24,2023-08,P0,776,True,True
F4E77DA27346C30CA78F28C6FA7EACBB1AEB3FEDFFCE78FD1DF0837E319385BF,2B85BBE8EFF023529B95AF03549A290528BC256930A18AD061C0BB86A75E2C71,6d5a00639c8a0acc7bb84d30aaa12af07271588c130056cd5153b8658ce16690,2.375823037561759,24,2023-08,P_ABC,777,True,True
E234EAFDDF8AB1096A494087217852E7A53018E0436CF38F644D8E4B5A628B3A,A3933C0DC841733906C0C2E88E8997EC17DA06337D387611A2170173D7DA75F6,6d5a00639c8a0acc7bb84d30aaa12af07271588c130056cd5153b8658ce16690,2.375823037561759,36,2024-08,P0,778,True,True
1EEBB9F745531B57D3268AD3C8DDE2B9EB6DBF4F29A71D8691BB8F74CE6E2C81,CAAF82FB3FDE8D55AE960CF7FFD8AE914F15AEF9999BCA57B368F2D1679A7CB5,6d5a00639c8a0acc7bb84d30aaa12af07271588c130056cd5153b8658ce16690,2.375823037561759,36,2024-08,P_ABC,779,True,True
4F834363703115D19D4A69E96BC7F6A119AF0506077314CFF63B71B90A76EB27,F18071A3BAEC3924207881700B6B14DF21A06DB16D4232A3038EF1C5E2946A1F,6e65ddda028ff4410dfcd5ae61628f75da5f629774f4dd44f7e32e0505ce1bd5,8.163147879632136,0,2021-08,P0,780,True,True
8BE892CFE7E781AADB7B6725160F376471BAE8D66FDE305AD9520E00762F6609,C9AFDB544DF14A4C62D7CE9A99E05DDDF5CDF5BFFE835F1F5B7C07739BF53275,6e65ddda028ff4410dfcd5ae61628f75da5f629774f4dd44f7e32e0505ce1bd5,8.163147879632136,0,2021-08,P_ABC,781,True,True
48B29F22260809D98D0ECAC37581D1BABD87B9B7CFE64FB397FFBACD12B1690F,F0651205AB91986EF6BE32BEB06C628D9BC40C98113DB50EC8658F596910ACAA,6e65ddda028ff4410dfcd5ae61628f75da5f629774f4dd44f7e32e0505ce1bd5,8.163147879632136,6,2022-02,P0,782,True,True
2FB2C29D7BA5399BF9563B44BE528949E67D3863CDDFE325EA069A60236F9640,9D807D8769DB0652F553EC48C56CA2E71AC802355CAC2906094EC7D5BFA0E43A,6e65ddda028ff4410dfcd5ae61628f75da5f629774f4dd44f7e32e0505ce1bd5,8.163147879632136,6,2022-02,P_ABC,783,True,True
0A7D0F9414B52FA5CFEA1E48472B53E7CDB154E12729DAD9E81E8276C4777D15,737A2F4F23B5C8FC4952F900B17102CC133BC4C82CC9E3CD7B61E16334FCE722,6e65ddda028ff4410dfcd5ae61628f75da5f629774f4dd44f7e32e0505ce1bd5,8.163147879632136,12,2022-08,P0,784,True,True
BC3349AD7D2B788C0AC2C655D8088DFC40F94A24E33CA3E8D50ED6B7F7A875A5,8896B0C821DEF92D8DB70C7E7A035CB6595E98C75387E02FA3D45BE3E07A4DE8,6e65ddda028ff4410dfcd5ae61628f75da5f629774f4dd44f7e32e0505ce1bd5,8.163147879632136,12,2022-08,P_ABC,785,True,True
2112195EC784582935B2DCB51CFC5797E097531821B3CF6B2C723EFF10679073,737A2F4F23B5C8FC4952F900B17102CC133BC4C82CC9E3CD7B61E16334FCE722,6e65ddda028ff4410dfcd5ae61628f75da5f629774f4dd44f7e32e0505ce1bd5,8.163147879632136,24,2023-08,P0,786,True,True
F49BE1B8F580719A7CB5DE78643F6DB0551354A6DEABD283E59953C0C862262F,444E4294B242DECD16CA10CB25EE9401CD8C4CC1BC0C2985FD7FD24B63D5DF5E,6e65ddda028ff4410dfcd5ae61628f75da5f629774f4dd44f7e32e0505ce1bd5,8.163147879632136,24,2023-08,P_ABC,787,True,True
55F34F51DB47D8D02694B46CB0BBD21E5BC2A08559224D12F37487785CC06426,737A2F4F23B5C8FC4952F900B17102CC133BC4C82CC9E3CD7B61E16334FCE722,6e65ddda028ff4410dfcd5ae61628f75da5f629774f4dd44f7e32e0505ce1bd5,8.163147879632136,36,2024-08,P0,788,True,True
21AE5FD43D962DBD52DC55FECCC4037026D0BCC300B3D8C8D1205B9C5A6031FB,54C4441F14BC1EB5CBC4B1D203317BA733BDD4C75F038A0549867686DA9126AD,6e65ddda028ff4410dfcd5ae61628f75da5f629774f4dd44f7e32e0505ce1bd5,8.163147879632136,36,2024-08,P_ABC,789,True,True
DBDFC73DAB19E3AB62985BFD5A8C49FDE50773BDE4330082F901C080F4AD2F41,0491D486DFF5ABD6C3E1E2FE27E74C8B2FDE6F6524B4E0A88075BBDF7BCA9DE4,6fa75a9396b1ce64df77ff1ee569a98203f89e902cab051b50ab734537cbce49,4.56699223560521,0,2021-08,P0,790,False,False
86125F49111A25E09959355CE03C3CEF1AB04FDED40271AA39FDC5E8C29686D6,667AFF2A8E827D4568047D4404C9DCA625F895501F47F4D2CE3F61D55D06282E,6fa75a9396b1ce64df77ff1ee569a98203f89e902cab051b50ab734537cbce49,4.56699223560521,0,2021-08,P_ABC,791,False,False
6CE6DE8EFC274B513E757611B809836E6A7E9172A7480BA2FCFE65BEBC6BFB56,9DA0F6E42C7EB4FEF6876B0B40A935C5E3F03688B3BC2C7BA86DB48D10A8E1BC,6fa75a9396b1ce64df77ff1ee569a98203f89e902cab051b50ab734537cbce49,4.56699223560521,6,2022-02,P0,792,False,False
3A4A7B268500A0E516D51310DE609955759AF149D8C0BB09136A638CF49EDDFF,E19DFEEEEA208A6BE04C9C49A624D447EE3E39551A223104A9B7CB38523AF2E0,6fa75a9396b1ce64df77ff1ee569a98203f89e902cab051b50ab734537cbce49,4.56699223560521,6,2022-02,P_ABC,793,False,False
F4F60906DDD22C45AB647D0A4E1BB51CD5FAC2A95547A35BECDEC6D2BA6F7A50,F48F4F6C4C1CDBA59F01504826F03045C77E00C53983C7734B6E02F5795FEF4B,6fa75a9396b1ce64df77ff1ee569a98203f89e902cab051b50ab734537cbce49,4.56699223560521,12,2022-08,P0,794,False,False
50B3F938EAB464803EAD17A5DFFAFD27DD2DB316B30FB484A2D677F6A035BC2F,29D348BCA548B900713B5F9175A5AF2FD43311C9D57014DAE20C6303EA2F031D,6fa75a9396b1ce64df77ff1ee569a98203f89e902cab051b50ab734537cbce49,4.56699223560521,12,2022-08,P_ABC,795,False,False
76C30BB21B95DF61E32C8590EA916BAA4EF7FF04A6FDBF4822E1FC26C29B9CE5,F48F4F6C4C1CDBA59F01504826F03045C77E00C53983C7734B6E02F5795FEF4B,6fa75a9396b1ce64df77ff1ee569a98203f89e902cab051b50ab734537cbce49,4.56699223560521,24,2023-08,P0,796,False,False
890DC4BC8A2DA31745508BFF734BEC23FD074044149FBA067AB128B32FF84EDE,B1E952F39C9EB79B504FA1D4DF9516E55709F010545FCAF3C73FCA2747E419DF,6fa75a9396b1ce64df77ff1ee569a98203f89e902cab051b50ab734537cbce49,4.56699223560521,24,2023-08,P_ABC,797,False,False
2E246A0CA633CA0A89984A785A1A4162EA8168BCDC0DCA37F5372D7FB0D0FF5B,F48F4F6C4C1CDBA59F01504826F03045C77E00C53983C7734B6E02F5795FEF4B,6fa75a9396b1ce64df77ff1ee569a98203f89e902cab051b50ab734537cbce49,4.56699223560521,36,2024-08,P0,798,False,False
550ED300120C7EBD10B63B21960BD28F5A0C0E5EC3AD6AEC475D29E5199489FA,738EF191B4AA0DDECB816FAE8B39A7EF92E49D5CE94A8F3B43D2AE7F787D5355,6fa75a9396b1ce64df77ff1ee569a98203f89e902cab051b50ab734537cbce49,4.56699223560521,36,2024-08,P_ABC,799,False,False
00FF11E8BDC6CC54B7364CCF47E147332DAB13C2334D3B4B6DF8091F82B4112D,0399F734B8A4523703DE64413767349CD0C5069505AE5EDE5180B63AEDBEADC0,707697b07edde772d567f401c5e9b1c3561d3a23dd804c71245844a1f515d0d1,2.914057021054376,0,2021-08,P0,800,False,False
30223305032C79DD478178910E93138BB5EDEF7E3FC3656FABD23BA678AD721B,6DA31D50A8B419D50C787C3589EEDC4D4E1173EA810E25750016A92D1CA731F6,707697b07edde772d567f401c5e9b1c3561d3a23dd804c71245844a1f515d0d1,2.914057021054376,0,2021-08,P_ABC,801,False,False
C11254E0C5F7FFCE9D5581243427137F9026DE23FCB2523E5CB89952BDEB7CD6,2C6C3F302FF1AAA244F6F2B6BAC89C60DC2DA06924DDA1773589B7C7D6F7BF75,707697b07edde772d567f401c5e9b1c3561d3a23dd804c71245844a1f515d0d1,2.914057021054376,6,2022-02,P0,802,False,False
E7DBB45E64759B3CCEC30936946CFD4F55C61A479F4A3CD58F2C6AF2320812BE,D2702A816487BFCCC1469E4ED6374D861ED872B07563BCBF41E1CC181E00970C,707697b07edde772d567f401c5e9b1c3561d3a23dd804c71245844a1f515d0d1,2.914057021054376,6,2022-02,P_ABC,803,False,False
B036B06F8C5B0C49E24051CDAA85175E5BD32EB6FCE6411037DB827FB8C49E24,A02783DD9BD415A29D5CD4DDE9245C15B1ECDFD13AE7851E227A4649918105AC,707697b07edde772d567f401c5e9b1c3561d3a23dd804c71245844a1f515d0d1,2.914057021054376,12,2022-08,P0,804,False,False
A2BFFA87B7EF8D1D26F1EF0FF35C6086FEC3790956687865BFE38AF242FE5468,DC2224396DA7B07FA86858D869CF3FBB1053C9C4074E40F90D20015E8843FF56,707697b07edde772d567f401c5e9b1c3561d3a23dd804c71245844a1f515d0d1,2.914057021054376,12,2022-08,P_ABC,805,False,False
F850104B71755FD5A3C545A9899ACD78102B5CDDDCE0B7ED61BF3F7F7CE32779,A02783DD9BD415A29D5CD4DDE9245C15B1ECDFD13AE7851E227A4649918105AC,707697b07edde772d567f401c5e9b1c3561d3a23dd804c71245844a1f515d0d1,2.914057021054376,24,2023-08,P0,806,False,False
37B2E3F0E509D705F76E125B375EB2C869385BD439B7C42A672E110E66098ACC,3A846DDD1F2D65CC143F084B79AEB0B6BCCCC6DA8DE9A33B11FD88A6BDB5ECCA,707697b07edde772d567f401c5e9b1c3561d3a23dd804c71245844a1f515d0d1,2.914057021054376,24,2023-08,P_ABC,807,False,False
F88F62E523CC36B84808B92CD30436D4C97E3B1C67A9AC4A299F6D91341598CC,A02783DD9BD415A29D5CD4DDE9245C15B1ECDFD13AE7851E227A4649918105AC,707697b07edde772d567f401c5e9b1c3561d3a23dd804c71245844a1f515d0d1,2.914057021054376,36,2024-08,P0,808,False,False
729BB26847D068D549FD5D18F676961191F3BDD35023E2006C7C0ADE6F0353DC,2BB2222219F6A258E596B3F8BA74CA94374643E8FF1CCAA1A898260BF5F17AB2,707697b07edde772d567f401c5e9b1c3561d3a23dd804c71245844a1f515d0d1,2.914057021054376,36,2024-08,P_ABC,809,False,False
5F18A340163717F40A291911C9EFB751A1CBF655D37FA824919A348DFB1282BE,15D13644DC1EDA7C49DCC69FA3BD27B55D2937AFCC51E28B11AF30EF0F35E3BB,7130a4d78155d08b59e9518884114589ea08dd657f3982bf37601e80b23e0d7c,13.323801117814568,0,2021-08,P0,810,False,False
12B442A9EF39175E8DFFC329F40AB0044AF07AE4F32B12F0EFD21F881E100958,0F0B324E78A61F869FA88831B215325BC04A3820355395C3D5BB6D0D8FFDF51C,7130a4d78155d08b59e9518884114589ea08dd657f3982bf37601e80b23e0d7c,13.323801117814568,0,2021-08,P_ABC,811,False,False
E90644FE09AA6748A59DDB2B2F29CF43966C6EC9E69CD3396B4AB70ED2186307,DE98143C62449504223508DAA14F4B5F249C76E29DC0593DC5795850111539BE,7130a4d78155d08b59e9518884114589ea08dd657f3982bf37601e80b23e0d7c,13.323801117814568,6,2022-02,P0,812,False,False
CE911C6A6859D574FCE1F37CAF5D289A5A3BFB1D31CBDDFA5A4D67ABD0297B6E,5F2ADC4B4C3DE9B56BF6F1A5505D12D9D50AEC750128B4EC5083A3D37D44F1EE,7130a4d78155d08b59e9518884114589ea08dd657f3982bf37601e80b23e0d7c,13.323801117814568,6,2022-02,P_ABC,813,False,False
E4789BFE32C1A056356440150FEE59D6D8BC440701463E9F82C6F36155C13766,4E36E7EB525D6A53C9950DF367BBAB3799D1CA81F24090C47534E5751C907997,7130a4d78155d08b59e9518884114589ea08dd657f3982bf37601e80b23e0d7c,13.323801117814568,12,2022-08,P0,814,False,False
0FB90F0BBA33FB5076A0F3A8123A0EE1DC9DEEB97D9CE30326C1D5535D68D4F7,DE93F15E83E625FC830B6637A75924817B7BE01CE98DFA3B7C2635BAE2F046C2,7130a4d78155d08b59e9518884114589ea08dd657f3982bf37601e80b23e0d7c,13.323801117814568,12,2022-08,P_ABC,815,False,False
E4E58E785B34A3665CC5CC87E9649451A247B7BB90B4A6B15AD4B2C463E7A1C1,4E36E7EB525D6A53C9950DF367BBAB3799D1CA81F24090C47534E5751C907997,7130a4d78155d08b59e9518884114589ea08dd657f3982bf37601e80b23e0d7c,13.323801117814568,24,2023-08,P0,816,False,False
0F85A6A58930BB1041457A87FB48FEF66B45B82A31AC7D5A93E448230EF8EA3A,FBBE432E46F0EBBBD54B31438FD7FE7B038D2E9CEE67DB2C7178FC82337803AA,7130a4d78155d08b59e9518884114589ea08dd657f3982bf37601e80b23e0d7c,13.323801117814568,24,2023-08,P_ABC,817,False,False
BD2EBCC5DBBB0482A2C582B6E8A8D43F40580820614716F94A1E2148310C3772,4E36E7EB525D6A53C9950DF367BBAB3799D1CA81F24090C47534E5751C907997,7130a4d78155d08b59e9518884114589ea08dd657f3982bf37601e80b23e0d7c,13.323801117814568,36,2024-08,P0,818,False,False
660455F9C5871BD6B47D209A3F9DBBD385540445A946A30D43561A08268D0509,6CF971EA4BDEA4D198A1DCBA6A557BEC9BB65C312E484F1A457D69B544959A31,7130a4d78155d08b59e9518884114589ea08dd657f3982bf37601e80b23e0d7c,13.323801117814568,36,2024-08,P_ABC,819,False,False
2EFC77A9EBD9ECF213A60EEC0B93CEABC6FF66FE15B68C8F1D91CAC88600E1A9,FE127CB2E2E03FA8754DDDCD93ABB4B661712085D1F015F63F348CDDF4B9528B,71fa04449abe801aba5d7e90222376507773df294fc877e8ee8eb89189a3d129,5.458656709226653,0,2021-08,P0,820,True,True
1C68D60FF61CC8D16F845CA672CFFD6AE9D7E61A91229DC1EBF921C191E1D917,C9BD92F25D7BF5C564E6102CFCDD888B17504F12C4EEA6B5FC17B3BA5885850B,71fa04449abe801aba5d7e90222376507773df294fc877e8ee8eb89189a3d129,5.458656709226653,0,2021-08,P_ABC,821,True,True
113EA6B49AA653220F16A07099AA0918E3371901C5914F84C516FC80104A3E54,DC5ABD0DA91BDAE969589C1E51916B9867F0347B66F755B6F2CB09E458A35245,71fa04449abe801aba5d7e90222376507773df294fc877e8ee8eb89189a3d129,5.458656709226653,6,2022-02,P0,822,True,True
E14B5593FE2E32FFA22DF534720EC2252936A4CAFAC5B78577A3493E461BAA3D,257A6EE7269212A51D743BA0A469EAB0BA8B4852A8E8F0B0A0169E0F074B9583,71fa04449abe801aba5d7e90222376507773df294fc877e8ee8eb89189a3d129,5.458656709226653,6,2022-02,P_ABC,823,True,True
14E284B14EC9AF1FD07C78025F619448A0E06C316086BB453B789554B921AA81,BFFE3851669C8A23276AC4757A80706B688F942EAE0ABA46E81797572FD3AE70,71fa04449abe801aba5d7e90222376507773df294fc877e8ee8eb89189a3d129,5.458656709226653,12,2022-08,P0,824,True,True
573705C5BA56D7838E01B3490E58F46C332F7665B9155ADC154BAA14B8719B33,F7EB72DFF61F6AA97F17B2CCEDD9F20CF910580BDEBE263449E239707BC6C1BB,71fa04449abe801aba5d7e90222376507773df294fc877e8ee8eb89189a3d129,5.458656709226653,12,2022-08,P_ABC,825,True,True
E035338F535E739D1162CB5943137E94C75F2C3FCDA3B1E0D392F279F1F6EA6A,BFFE3851669C8A23276AC4757A80706B688F942EAE0ABA46E81797572FD3AE70,71fa04449abe801aba5d7e90222376507773df294fc877e8ee8eb89189a3d129,5.458656709226653,24,2023-08,P0,826,True,True
185172D161CCD80A3925FB5669013909700DD83EBB7BFBDF9CFE5EF804B85E93,6DE33A1136867938B6B5A1E83A9DC77A3122223BAFBCA73E6A83608637436511,71fa04449abe801aba5d7e90222376507773df294fc877e8ee8eb89189a3d129,5.458656709226653,24,2023-08,P_ABC,827,True,True
4B915544974261CEE41A006BD81DC280E76C7E983B9C3CDA03D3CE505A059AB6,BFFE3851669C8A23276AC4757A80706B688F942EAE0ABA46E81797572FD3AE70,71fa04449abe801aba5d7e90222376507773df294fc877e8ee8eb89189a3d129,5.458656709226653,36,2024-08,P0,828,True,True
88D96DBB86874AB0B4D0F096F340D671DF3BBB83BC9FCB12E2A0DBCBAB0706F1,46F81C3333A57C57BE1611977F4F76817E32E1893CCAB407F4272C195B68F1C3,71fa04449abe801aba5d7e90222376507773df294fc877e8ee8eb89189a3d129,5.458656709226653,36,2024-08,P_ABC,829,True,True
316D7DEBD9206FA82883B7C4AB70A3315A436ECB9E7F041EE7AC109E0F406D4A,AF4506D2CEB24BBC4D7E19BC71421AF00ACDB72DD1DB509D5175085C7B41DBD7,72483e5bbebced21e43493f038e0f29992e894544358a8b187d66fcb6e612495,6.373984345426614,0,2021-08,P0,830,False,True
FD934E1AE3E2FC405C06A4C94D6B041DB84D983D7E9A5BCD871E97725E108CB7,0DBD22185A23A5BB95FFE24C9FCD305220147A1F4C284FF85FC351518CBE0A07,72483e5bbebced21e43493f038e0f29992e894544358a8b187d66fcb6e612495,6.373984345426614,0,2021-08,P_ABC,831,False,True
CB04546E7ADB5E2265104D10121C7884A92B00887552333520639EA9E0B13EAE,D52245E6FFD6A0112C007FE1BF0C2B0C9F7D42E645846D01750B52569B15EE3F,72483e5bbebced21e43493f038e0f29992e894544358a8b187d66fcb6e612495,6.373984345426614,6,2022-02,P0,832,False,True
B90C4E85397E109ECAA11685EAEC93795BC998A527ED49710DE611C7A9072CEC,42BE311B64E464D078445B58327F814E0B2260BC933E1A5FA649CE00C28A1518,72483e5bbebced21e43493f038e0f29992e894544358a8b187d66fcb6e612495,6.373984345426614,6,2022-02,P_ABC,833,False,True
84DAA8E0B3723FBA9816B511F810D53AE0C1D3FB3DEB2441ADD3DD76F1B39A83,C9C45C84E71797CCD3668A7DC5A73D6CF1D873F929FF697BFE487C6F1F377C6D,72483e5bbebced21e43493f038e0f29992e894544358a8b187d66fcb6e612495,6.373984345426614,12,2022-08,P0,834,False,True
84421DDFDCCAF9B252FCB16DF977EE7D6CFEADBB1C694ED699EF1CC36C179342,C912784654D2FB8B66102D7DBFB9DFC4C03681D0C4850CE5EE6114ED5B276622,72483e5bbebced21e43493f038e0f29992e894544358a8b187d66fcb6e612495,6.373984345426614,12,2022-08,P_ABC,835,False,True
2DB8CCBC0FD1081D155442282EC76936B9AE1F7A42995A84F35B0999CBCBD332,C9C45C84E71797CCD3668A7DC5A73D6CF1D873F929FF697BFE487C6F1F377C6D,72483e5bbebced21e43493f038e0f29992e894544358a8b187d66fcb6e612495,6.373984345426614,24,2023-08,P0,836,False,True
71A98C7C2CAD032743A8F87833F3DBB6BD12F4763847AFDCCB7C1C435239C2B5,2F2ABA4EB6510AB636698753017CFC74F4AF79A798E00F7AAABD405D57FD8D00,72483e5bbebced21e43493f038e0f29992e894544358a8b187d66fcb6e612495,6.373984345426614,24,2023-08,P_ABC,837,False,True
D60DE40FAAC1551A95BF4AE2B5DCFA4817C832BD756BB8E3D12F54A24AC15443,C9C45C84E71797CCD3668A7DC5A73D6CF1D873F929FF697BFE487C6F1F377C6D,72483e5bbebced21e43493f038e0f29992e894544358a8b187d66fcb6e612495,6.373984345426614,36,2024-08,P0,838,False,True
0D8E336D84BFDF12EEF3C3A4FC4EE9E7919ED3C3524A0CCF692D47C6C9E408A8,2745DE1A425C21ACCF3D6E3F34E9FAE3C61E408F9ADACD20314F40DA6D49C106,72483e5bbebced21e43493f038e0f29992e894544358a8b187d66fcb6e612495,6.373984345426614,36,2024-08,P_ABC,839,False,True
B428534A4127983D58BD4CD5B354192C5EAE421D4E92E3FF4E843B2CBEC57710,96A86952AFBFD8EA789D586DB0D21EF2A0E5FEBE30E052DE77C67A3B0F88D58B,7280b9dac8152ea87df463b445947030f06f7a861f81a3eeb828c6e2bf31815a,3.026281769269343,0,2021-08,P0,840,False,True
91F2F6CD2D260A41CBF1926AF4358C1A063C0DF0FF906951ECF31D775512B654,271DB58E5371DACE3DFABB3453B57B44459054680003D68DF35C653AAAE6D380,7280b9dac8152ea87df463b445947030f06f7a861f81a3eeb828c6e2bf31815a,3.026281769269343,0,2021-08,P_ABC,841,False,True
3D07EEA8EC6A421766B6C3E746F05103F6A5A3A5A7CBC79F543949EDDF31C8D4,2EC5D092BD43F4A6CDCC92B7AD02250FC32EC576C7D1CA4B0748F37273992A33,7280b9dac8152ea87df463b445947030f06f7a861f81a3eeb828c6e2bf31815a,3.026281769269343,6,2022-02,P0,842,False,True
25EE6B1F676A0996368C05778F2386900D991612205BFE030EF5520CADD941CF,194C6EC0F02D54E961CE22538336808C2243D0907487A632D5D0DE00A5F95984,7280b9dac8152ea87df463b445947030f06f7a861f81a3eeb828c6e2bf31815a,3.026281769269343,6,2022-02,P_ABC,843,False,True
964ACD13DD9AE7F1A78F9A72445C9A160F16DBC11FFA974172909C122E344242,B92C5C7EECCBBB5B31F576B9AAD5D6299472B6D4DA641DCCD46CB103BBE85AC4,7280b9dac8152ea87df463b445947030f06f7a861f81a3eeb828c6e2bf31815a,3.026281769269343,12,2022-08,P0,844,False,True
511D077C840EBF754EA19B9F93F918C831CA0A289D2A8AE5E5B13F9B2EAAD7B5,F6B4AB028DC38B8D62102BF58E61DA58C97CC55D18BCA5AD671026F8441B6B85,7280b9dac8152ea87df463b445947030f06f7a861f81a3eeb828c6e2bf31815a,3.026281769269343,12,2022-08,P_ABC,845,False,True
0CFEEF7352D5724823826656A9D1324374D78A3A17A4F2A1B37930C59AED3B70,B92C5C7EECCBBB5B31F576B9AAD5D6299472B6D4DA641DCCD46CB103BBE85AC4,7280b9dac8152ea87df463b445947030f06f7a861f81a3eeb828c6e2bf31815a,3.026281769269343,24,2023-08,P0,846,False,True
CE804430257E164E011BEE361A55713B00067E4A5260C690716A0E68D6900B67,08AD0C7B38DEF20402A39531BB9D4766901831DA50DB5FBA520595125207A941,7280b9dac8152ea87df463b445947030f06f7a861f81a3eeb828c6e2bf31815a,3.026281769269343,24,2023-08,P_ABC,847,False,True
2E4D659D1582145AE2F591DE02EE437700F2D770A28AA065EB6F69A48110DE10,B92C5C7EECCBBB5B31F576B9AAD5D6299472B6D4DA641DCCD46CB103BBE85AC4,7280b9dac8152ea87df463b445947030f06f7a861f81a3eeb828c6e2bf31815a,3.026281769269343,36,2024-08,P0,848,False,True
2468CC79B2DA090E44B9A2F7AB6F3E76986743DCD402387706249DC4EFD07B9C,5E65B99A4CD0D22E94E4211CAB1E90F939FA3213C8B5B73A04E133A854A0CB6A,7280b9dac8152ea87df463b445947030f06f7a861f81a3eeb828c6e2bf31815a,3.026281769269343,36,2024-08,P_ABC,849,False,True
78D7B8A9D1B00350B1E923E62C253B71DBD2542AB8E58B2F5950C79817C7461B,5A8F00688AD283234DA08C6C7E17F68C4147AE24745736469651C769D61FAC93,76782a8006fd33f18539a880e940354d49ae661fc47521557e0d46ddd0d015da,5.496251590745749,0,2021-08,P0,850,False,False
E1B31FB5D9355068B608678554D1DA0BF45FDF39C221B4E05D9233D7BC351BDF,F6CD264EA940E6BC411197F751CCEBB75AAD67D36EF4C133EA564E0A7DFBABE6,76782a8006fd33f18539a880e940354d49ae661fc47521557e0d46ddd0d015da,5.496251590745749,0,2021-08,P_ABC,851,False,False
460E7B3778A98FC3D48B0B663D3B608B2A0534EF55284D0509738EE90F08BFE7,02731FDD003A96F4353CCB3E1825722AE4F03755F55CBD034CE73E74E7A9F1D5,76782a8006fd33f18539a880e940354d49ae661fc47521557e0d46ddd0d015da,5.496251590745749,6,2022-02,P0,852,False,False
FC0B99C5431336F8DF91093A7A2F31DBAE749B73C161F2D33EA1826E6128BF9C,76D76DB82DD52D1CCA754CF98117B6CC3CADE795C6B23DD3FC4680F3CBC4889A,76782a8006fd33f18539a880e940354d49ae661fc47521557e0d46ddd0d015da,5.496251590745749,6,2022-02,P_ABC,853,False,False
3F7F36660A33C52F32292E4278C1270319E497030E985AC14CF698621C6F40F3,405FFD197A9ADBFE1E8C4DE141E198296E82FF376219A39B3C7E3DAD3F592FE5,76782a8006fd33f18539a880e940354d49ae661fc47521557e0d46ddd0d015da,5.496251590745749,12,2022-08,P0,854,False,False
8A3003A0F9089FEDE4D24561EC1508E7E8326FC40AA05C0C0F4AC19F6B8BAB9C,CFAA225593EBECD6F8CDFBF0DFA1E160B57B878965B36AE71098AFB4A5B53E1B,76782a8006fd33f18539a880e940354d49ae661fc47521557e0d46ddd0d015da,5.496251590745749,12,2022-08,P_ABC,855,False,False
192C1A549C65E59A35F48232A72548594F53C4E6EF9F5D23A3BEA5DCD0CA6CEA,405FFD197A9ADBFE1E8C4DE141E198296E82FF376219A39B3C7E3DAD3F592FE5,76782a8006fd33f18539a880e940354d49ae661fc47521557e0d46ddd0d015da,5.496251590745749,24,2023-08,P0,856,False,False
58E7954EBB1E59168287BD10427CBC024C2137AE77B6C2812D993758F1B727EA,241C11185080B0177F8E3E2285C62DA8607DEBECA7E4E08D178A007BF1465C74,76782a8006fd33f18539a880e940354d49ae661fc47521557e0d46ddd0d015da,5.496251590745749,24,2023-08,P_ABC,857,False,False
D8C6EBE4BD8FA6F7A15C0859B5B8DDD836361AFF3BBDED961DE11A49786CE7EA,405FFD197A9ADBFE1E8C4DE141E198296E82FF376219A39B3C7E3DAD3F592FE5,76782a8006fd33f18539a880e940354d49ae661fc47521557e0d46ddd0d015da,5.496251590745749,36,2024-08,P0,858,False,False
670C3FE83018B7E726786337D02936795909404C80CF6729A09B275C9CC0C7A0,66ABE89F00B777F1D15EC37FB41B6C0826C529F94CEA06C5871E625CFD19851E,76782a8006fd33f18539a880e940354d49ae661fc47521557e0d46ddd0d015da,5.496251590745749,36,2024-08,P_ABC,859,False,False
AB78DAEC3DDC61DC6B66E982049EE7E8F1C594C33DC4AEB6123DC5398F53F9B0,947918E190B5A1C1C48D93B88EAFB038D0900680CEA50EF3ABAA5F07ADF65300,7682b58b1cb60d1f391db7b2b6ff65da9a5c0ffc9cea07aeca70e918b9d3edbd,1.48396394979876,0,2021-08,P0,860,True,True
9E12BAB80171FBF9C01AF2DD9AABAD73A2B70C92BC8017A380195813064B5D4C,16F5E4DD00CB51E799C3337A76F0CCE749840E581E3005EFAD0EB72C5D1603E8,7682b58b1cb60d1f391db7b2b6ff65da9a5c0ffc9cea07aeca70e918b9d3edbd,1.48396394979876,0,2021-08,P_ABC,861,True,True
B343C617E1DE6FB8C22A0662CE6A53AED81F4B700B9F36559E57FAE5E49A9AA4,2955360287197D37656C02A9CF9397A087F68C5FE4343AD6BB5032392D89B220,7682b58b1cb60d1f391db7b2b6ff65da9a5c0ffc9cea07aeca70e918b9d3edbd,1.48396394979876,6,2022-02,P0,862,True,True
C3FFF5D891C7C776FE0563747BDAFD201C2EFC0F5C17E82264A769AFD1A099B6,2E2D54094F1C7D7CEE92EDF0C9655BC1E4BF17BB62834B806276D9E8CB015546,7682b58b1cb60d1f391db7b2b6ff65da9a5c0ffc9cea07aeca70e918b9d3edbd,1.48396394979876,6,2022-02,P_ABC,863,True,True
8ED2F551ACE480F0F11FB98E47B581DCFA4384CFE86EACCF75F3ED1ECDDD17A4,D27E62AE74EBA2EC88238045A2E14AF9FAE87280369225F4C8CC776F2C920F03,7682b58b1cb60d1f391db7b2b6ff65da9a5c0ffc9cea07aeca70e918b9d3edbd,1.48396394979876,12,2022-08,P0,864,True,True
EF2FDB680B7C1A3DC044E7E19E0EF5A346A0255D9AE89DB35B24E0381E82A0F3,7AD8B552ED2272B5A8741756421A29AB87352447C2EAF7489DE426029BFADE3A,7682b58b1cb60d1f391db7b2b6ff65da9a5c0ffc9cea07aeca70e918b9d3edbd,1.48396394979876,12,2022-08,P_ABC,865,True,True
4CD3F1C6565694194C303126395D52AD48F8F5C59E0988030071F35F1BA4AC5E,D27E62AE74EBA2EC88238045A2E14AF9FAE87280369225F4C8CC776F2C920F03,7682b58b1cb60d1f391db7b2b6ff65da9a5c0ffc9cea07aeca70e918b9d3edbd,1.48396394979876,24,2023-08,P0,866,True,True
92205BBA3F6F74DD20D73EFB8A2A9EAAC91124E774577669C64CD593EDFE2052,8570C38C493D5EC52DFA20B77230AE122F2D6DF742B924A181027F6222CEAE40,7682b58b1cb60d1f391db7b2b6ff65da9a5c0ffc9cea07aeca70e918b9d3edbd,1.48396394979876,24,2023-08,P_ABC,867,True,True
6648C547A7C575032005F1C77C452F845D1B7680DD8A1E1B154F8B3D867246BC,D27E62AE74EBA2EC88238045A2E14AF9FAE87280369225F4C8CC776F2C920F03,7682b58b1cb60d1f391db7b2b6ff65da9a5c0ffc9cea07aeca70e918b9d3edbd,1.48396394979876,36,2024-08,P0,868,True,True
50BF1318990F396486039E50B19E2DBEC68743053C8FD2F8AA06F4448AC63B28,A8ED87D23CDD9BA135EA8E949890D8632B21FFB15DD66BDE5436CFCF39C3C582,7682b58b1cb60d1f391db7b2b6ff65da9a5c0ffc9cea07aeca70e918b9d3edbd,1.48396394979876,36,2024-08,P_ABC,869,True,True
0FA387835BCCC1B299F586E64954FFF5D1AF9CC531F01C847B1FA9B9E0442619,754CEC937CC451CEA8B0AD3DEFC6D17BC642924562249676C82C49559016A8DB,7bb64705482bf29872b03da0c9cea35b31c885fa105430d4c7c5f45a3187f449,6.230767010650105,0,2021-08,P0,870,True,True
30669B2C8ED27F82123AEAA6335184AF54B3D41B044207A59B761309AC7AA5DB,27716558FDDC1923258550816A018A9D6511C93C7CFE9CD0B481CAC4BB84E464,7bb64705482bf29872b03da0c9cea35b31c885fa105430d4c7c5f45a3187f449,6.230767010650105,0,2021-08,P_ABC,871,True,True
54ED2BF6AEE3F7C286814CD18CD7C38DB1D145D8704D47A57E14566AE3C1DA3C,E744E15BA7F60DB22D7BCC1ADE069B57E4E68B97D68E7CF2E73D7559B407A2C5,7bb64705482bf29872b03da0c9cea35b31c885fa105430d4c7c5f45a3187f449,6.230767010650105,6,2022-02,P0,872,True,True
7B7E194424F269FFD802BEF2E4AB38910059232BF1BAE1F038B9E7242FE0B521,008D46AA9CB8895B823CB0E83730CBB75574338FBB574652BBAE6FD73067B668,7bb64705482bf29872b03da0c9cea35b31c885fa105430d4c7c5f45a3187f449,6.230767010650105,6,2022-02,P_ABC,873,True,True
6D3EA26D271F8EDA7C71009760401529E095249FD379BC8BE5E87619E5044CDC,4601071CAAFD2B293D620AAF3CB7CA2CF6603509520C54A5FCF38F6005FCA2C2,7bb64705482bf29872b03da0c9cea35b31c885fa105430d4c7c5f45a3187f449,6.230767010650105,12,2022-08,P0,874,True,True
EB7E50F6BC81D6CE778897EC0228287581C1382FA07CD61747CAD69051C361DF,01D992C408A56BF8FBF7837BAD31584625391F2C1927627675A6BF5C70D4BA79,7bb64705482bf29872b03da0c9cea35b31c885fa105430d4c7c5f45a3187f449,6.230767010650105,12,2022-08,P_ABC,875,True,True
344FC1C56908881CDB834F1D0C1925680A5CB19851F2DDF468D266645843A611,4601071CAAFD2B293D620AAF3CB7CA2CF6603509520C54A5FCF38F6005FCA2C2,7bb64705482bf29872b03da0c9cea35b31c885fa105430d4c7c5f45a3187f449,6.230767010650105,24,2023-08,P0,876,True,True
D819E071237C6EDE97F56D2845232C827CFA224CF36928D35A727A24EF46511C,DD99E2F5793F9F60092A41BC65D72AD9E546B130FD4804BCB634D9A492230594,7bb64705482bf29872b03da0c9cea35b31c885fa105430d4c7c5f45a3187f449,6.230767010650105,24,2023-08,P_ABC,877,True,True
30E772613355B0CBD9CF43A8CDD21AFA2597205320A25EA1FE083224B8881E7A,4601071CAAFD2B293D620AAF3CB7CA2CF6603509520C54A5FCF38F6005FCA2C2,7bb64705482bf29872b03da0c9cea35b31c885fa105430d4c7c5f45a3187f449,6.230767010650105,36,2024-08,P0,878,True,True
802B79C3D9D2068B8223ED35FD9A03293D1BE10865151B028AFE41B0FFD5E60C,5C04EC5EF7346FBB9490FD10984D0BE794DC57B4C5398FFBB9EBC80EA9DADBEF,7bb64705482bf29872b03da0c9cea35b31c885fa105430d4c7c5f45a3187f449,6.230767010650105,36,2024-08,P_ABC,879,True,True
BB40E4FCA83DAC7C674462C44983ABFA46C3EC26A849336B47AC9EF8F7CA7CFA,147710A21380101F91193D43A9F64F4C57F19432F26BFA129BC653DB8E6C6B70,7c037870a4c5aa1125b6ed28a2dbc53eb835365b607cdd1542c0d1ecc8022cd9,3.735094470561956,0,2021-08,P0,880,False,True
8232D7ECDB9FB7CA425F576A23E4CDD1DA383C95B64A4E5AB5176C1292D23338,44EB7449BB16228F423B370AD20D25989D874B07500E9E8D0C254592DD661647,7c037870a4c5aa1125b6ed28a2dbc53eb835365b607cdd1542c0d1ecc8022cd9,3.735094470561956,0,2021-08,P_ABC,881,False,True
00DB7B4EE4ABD4775F00E9DA3C73B7DB2D5FC46A8D236E1367117F7BEBEE67EA,501DB22B9FEE48373754317431638FACE21FF2B599074B28C260F83267F63E9C,7c037870a4c5aa1125b6ed28a2dbc53eb835365b607cdd1542c0d1ecc8022cd9,3.735094470561956,6,2022-02,P0,882,False,True
19A35556208C2ED787EE32DC1AD260BAE067FBCB6ADE8A6854314BECCB6DB569,CF16BCD1A306D7F9CC060E115AA9F97EA9C1F601D6CEFB2758DE0E680B2D290A,7c037870a4c5aa1125b6ed28a2dbc53eb835365b607cdd1542c0d1ecc8022cd9,3.735094470561956,6,2022-02,P_ABC,883,False,True
54B227A9C5FE06F8BC26589AF5B1779840E55D10B57DD2E4BEB2D70757A4A352,45D8AC07610A76AB292C3922F43FBCEF4AE0F5C2BB4BC642B2A8D8AC5D6BAB18,7c037870a4c5aa1125b6ed28a2dbc53eb835365b607cdd1542c0d1ecc8022cd9,3.735094470561956,12,2022-08,P0,884,False,True
0E8BB56D3084568E150C91838A069781A9B2358E976217D342DF1624FC754664,151F5813CDFCC446F63EDB3CC26094FF3B5337D48A600B5B4B40529E5FEBE1BA,7c037870a4c5aa1125b6ed28a2dbc53eb835365b607cdd1542c0d1ecc8022cd9,3.735094470561956,12,2022-08,P_ABC,885,False,True
EB2D4E9F305FCDBA7158362CC71E4A20B0FB99AAC9711AB871506F4B2DE93C56,45D8AC07610A76AB292C3922F43FBCEF4AE0F5C2BB4BC642B2A8D8AC5D6BAB18,7c037870a4c5aa1125b6ed28a2dbc53eb835365b607cdd1542c0d1ecc8022cd9,3.735094470561956,24,2023-08,P0,886,False,True
96CA4980B657D0C1184782B06CB21E7CC6251C3805E2D0B02C0E5052EDA95BD7,4CBC7164A29FFC874A7D98C11A8C0A92279465A12C34B768B241CED584264C4D,7c037870a4c5aa1125b6ed28a2dbc53eb835365b607cdd1542c0d1ecc8022cd9,3.735094470561956,24,2023-08,P_ABC,887,False,True
1F8B61790ABDA251F3A077CAC5196163233025F783212856A06A0988F0CE0128,45D8AC07610A76AB292C3922F43FBCEF4AE0F5C2BB4BC642B2A8D8AC5D6BAB18,7c037870a4c5aa1125b6ed28a2dbc53eb835365b607cdd1542c0d1ecc8022cd9,3.735094470561956,36,2024-08,P0,888,False,True
41A9F6644B2F246141B70F437414A5AB5C35300B9B313D4D482EC8EE1D4B8F8C,7DB528AB615F7CD901FEDA817CF0F2FF1D75A255C5228A820D617F299605D701,7c037870a4c5aa1125b6ed28a2dbc53eb835365b607cdd1542c0d1ecc8022cd9,3.735094470561956,36,2024-08,P_ABC,889,False,True
D1D9C612DC16B2519B68044F247D8588EE1CA6698F99C8DE81C680A6A8911960,D330BAE4FDB7DDC24953CBDF57CB355D4CF9327016F09B14246E7FE4E5BAF22F,7c2bc62554f63a57ad6cc8aea542d5a140abea31b631b08941c78510fe451d71,8.76820802724316,0,2021-08,P0,890,False,True
CF63B462E659B43DEA0F67EA29383B88BB4BA8EE84080019AC939EBEDB63AAFD,0B9424061698446107EC008D27711286ED3F371643FAA99FB024B6F9300C6033,7c2bc62554f63a57ad6cc8aea542d5a140abea31b631b08941c78510fe451d71,8.76820802724316,0,2021-08,P_ABC,891,False,True
BB9295FAAD3B9ED1208CD58F1FC4E09D23E9A2D7E3606AC7752D2AD77C045EC5,C9C889CAC40742F550AD07B7F60D241C6F9C7E8C03AACBDCB67AC34B9AB54E4A,7c2bc62554f63a57ad6cc8aea542d5a140abea31b631b08941c78510fe451d71,8.76820802724316,6,2022-02,P0,892,False,True
0144A7CEA6683E8A16177BC990556DB510A34351788B9864B4F3CE907117BAAE,428C366CE414A022B0DB1959AEC436FB3A9032CA6124B72450DB462B26C35ED9,7c2bc62554f63a57ad6cc8aea542d5a140abea31b631b08941c78510fe451d71,8.76820802724316,6,2022-02,P_ABC,893,False,True
82959D3CFE49CB9F07A361FDBFB754F4AB4CCE20ADB141D0AFBA64AA5E3E0D69,D600883710D668FA24B7712931C2057DB951948D157C29031EDF0DADCC413FA6,7c2bc62554f63a57ad6cc8aea542d5a140abea31b631b08941c78510fe451d71,8.76820802724316,12,2022-08,P0,894,False,True
823919AB9EBCF1D3266A1BDCFD2E549025B2DBD12E4A25006B8C85E81FED180A,D92568E921EE2AE48B0A183A16EDA81672EC9933A9D59949616E9A174407E294,7c2bc62554f63a57ad6cc8aea542d5a140abea31b631b08941c78510fe451d71,8.76820802724316,12,2022-08,P_ABC,895,False,True
AEB2D5BFBF943F7FDB98936F7431E309E43A2FCBFC44BB678128505C72AF8291,D600883710D668FA24B7712931C2057DB951948D157C29031EDF0DADCC413FA6,7c2bc62554f63a57ad6cc8aea542d5a140abea31b631b08941c78510fe451d71,8.76820802724316,24,2023-08,P0,896,False,True
3296F17BBB5C0BD73EFDC127B0DF8CB67669BC05B98C32855FE2794F96189F03,A87B0D5ABF852D85F3E29F4A7828D7E8E847B60BBC8EF8889DF137AF883B5936,7c2bc62554f63a57ad6cc8aea542d5a140abea31b631b08941c78510fe451d71,8.76820802724316,24,2023-08,P_ABC,897,False,True
A81411E42C4EDDB2BEFDAB9840FC8CE8AEF967E551A06CBCD7D4DAA239E08190,D600883710D668FA24B7712931C2057DB951948D157C29031EDF0DADCC413FA6,7c2bc62554f63a57ad6cc8aea542d5a140abea31b631b08941c78510fe451d71,8.76820802724316,36,2024-08,P0,898,False,True
F08976C136FBEF9F67F38E9EFFEC08FC0621E6A4D8C0E6ACD6AC2D54CD71C83D,8B7FCFC793623992C9FB4DC5A0638BB9BF42C27DA93119407FD1B73BF27A327D,7c2bc62554f63a57ad6cc8aea542d5a140abea31b631b08941c78510fe451d71,8.76820802724316,36,2024-08,P_ABC,899,False,True
A11E0A141DA64FDC490816953D6474B77B537BBB14657602453AFE50412E6F4D,85F736CA8BB35068D70C65A13811C0C00057EBE4D864AA700F0B6FB8120F288D,7c38fae79bc42b45292a59fc53130e302de693dd327bcf10de2a9ec0674ddcfe,7.583912232793576,0,2021-08,P0,900,False,True
22322ACEA6DABD87E30F606227C19DAED2E15AF32CC69EEAE19E6F5A6DAFA770,8C9A79207EEB9675EE0BD513F4B5C999DD7C1081BFB34B876030BAEC9D6EB3EB,7c38fae79bc42b45292a59fc53130e302de693dd327bcf10de2a9ec0674ddcfe,7.583912232793576,0,2021-08,P_ABC,901,False,True
FF0C2E006A853B8008B1152189F08757FB849FC25154C70EBECCEA2C3668E67B,E8EA8B978639FB36FE3F32A06D1510C5E7FDD55C52134A12BB1A08D5D522F7CC,7c38fae79bc42b45292a59fc53130e302de693dd327bcf10de2a9ec0674ddcfe,7.583912232793576,6,2022-02,P0,902,False,True
D03F41FEB07EABA5F3FA76AD3277EC930D155A54AF62D8F1F24E67632D4038E1,4A5C38FB8EB6E87EEE0B23819AD80E5E2A764027519CA3ECA3E271FAA555C20F,7c38fae79bc42b45292a59fc53130e302de693dd327bcf10de2a9ec0674ddcfe,7.583912232793576,6,2022-02,P_ABC,903,False,True
3D71502265787A5A86050A69095B6F71F84C99BC39E69DD620D7E452EA9C3CA9,AE6FF855FB0B0B6971ABCE0489C5EA9FD2344380D63922E402EF00F411729397,7c38fae79bc42b45292a59fc53130e302de693dd327bcf10de2a9ec0674ddcfe,7.583912232793576,12,2022-08,P0,904,False,True
AD87F0CE5816856DE3F17E201711BF3AE2296AC8C0E73251048E9BAF8A7CA628,1AD66C8D03B2FD706E72F232E4AE658CCCC4EC5FDA2F32DB0FD851CA9432F1A6,7c38fae79bc42b45292a59fc53130e302de693dd327bcf10de2a9ec0674ddcfe,7.583912232793576,12,2022-08,P_ABC,905,False,True
CBD4250A208058857C7E6337E9D9AA2506FB02EF34999D5349AAE4FB009DC195,AE6FF855FB0B0B6971ABCE0489C5EA9FD2344380D63922E402EF00F411729397,7c38fae79bc42b45292a59fc53130e302de693dd327bcf10de2a9ec0674ddcfe,7.583912232793576,24,2023-08,P0,906,False,True
4AB17F04CFDB4AE38031DD0ADFBB76EB6A00D0D7DA22C4F57A37B24C4E2C05F5,AB9AFE406DD5E3C537D05511B9E3E9C95CD860BE2BE27E4A0247A7F01D899AB8,7c38fae79bc42b45292a59fc53130e302de693dd327bcf10de2a9ec0674ddcfe,7.583912232793576,24,2023-08,P_ABC,907,False,True
44F2A52E706B30E2525B656F5525427E684D27110DFDB6978ADED7E1AEB92775,AE6FF855FB0B0B6971ABCE0489C5EA9FD2344380D63922E402EF00F411729397,7c38fae79bc42b45292a59fc53130e302de693dd327bcf10de2a9ec0674ddcfe,7.583912232793576,36,2024-08,P0,908,False,True
E8C67B417AB9586F2EE0103E17DC77540A1AA4161E531175247E37129F6323FC,0BA76ABAE1641839A11F2D8B9132C51074C063ED84E925045FCA06359759D0F1,7c38fae79bc42b45292a59fc53130e302de693dd327bcf10de2a9ec0674ddcfe,7.583912232793576,36,2024-08,P_ABC,909,False,True
6DEF26DA88567094C54DEA6AD896F600BA4558721C107FB9ABDED8C83D6E78C7,314C34E8D1D0DBAE1789E3AE7625439442B849DC4C6761EB3ED4812CF58289FC,7c9df94686fe3dac0c8700a8b088e1a51fdbce466fd27abc86fec13673cf4ed7,18.631953503510893,0,2021-08,P0,910,True,True
AFB11E5B46E661B3A301610C88ADB6F46D4E2457107CA0D48519815BF75A69B9,F0D3FF47924F2B7CE60E5C9E142D3A2A6857FBB49BE0EB6C7DE10ECCCEAE8701,7c9df94686fe3dac0c8700a8b088e1a51fdbce466fd27abc86fec13673cf4ed7,18.631953503510893,0,2021-08,P_ABC,911,True,True
121ED5840CC3A7A3773F43B13F2AEC8FE61F7B777667D9DAAC195173996F3E7E,3FC09AE016E929E1EFE481173A4DF21F733EBB07A2C56036A6A8F8BC388F807A,7c9df94686fe3dac0c8700a8b088e1a51fdbce466fd27abc86fec13673cf4ed7,18.631953503510893,6,2022-02,P0,912,True,True
6D786D99DD0473D2E9DEFEB4644A6C8E979D55FBEFFF74CF17F473A1D7279096,C32D972182B5ACED522558A36606E947484DC506E2B7F308F1663BA2556487B4,7c9df94686fe3dac0c8700a8b088e1a51fdbce466fd27abc86fec13673cf4ed7,18.631953503510893,6,2022-02,P_ABC,913,True,True
FA629346CF292D08004153077E4D407A0EA051B44505885CF658279B6C77505B,4B76063F4C3AE859F6E89E1D1C067114EC0369C6156150CAD8F15B332EE0942F,7c9df94686fe3dac0c8700a8b088e1a51fdbce466fd27abc86fec13673cf4ed7,18.631953503510893,12,2022-08,P0,914,True,True
E8F4265ACA0C19CBC665FCDD0CB9E106758F2EBEA8DA2B9088B795B72AE4D8EC,05D3C275E399F0F3522E7ADCCE86779952679D09491EDFBBA23B66F3F3602B8E,7c9df94686fe3dac0c8700a8b088e1a51fdbce466fd27abc86fec13673cf4ed7,18.631953503510893,12,2022-08,P_ABC,915,True,True
7479486F359905AA41571D9D75FBF5613AF1A64E2F0E4B7B0BA9A0AD23565C94,4B76063F4C3AE859F6E89E1D1C067114EC0369C6156150CAD8F15B332EE0942F,7c9df94686fe3dac0c8700a8b088e1a51fdbce466fd27abc86fec13673cf4ed7,18.631953503510893,24,2023-08,P0,916,True,True
00A840423A8142B1CE96F50F876D76CB8C787DBF2CCFA529E066E441DE925940,C9D4348CB65259BA161FA79D5333160E96A3EE4F2C299B148F39B90E57E219A6,7c9df94686fe3dac0c8700a8b088e1a51fdbce466fd27abc86fec13673cf4ed7,18.631953503510893,24,2023-08,P_ABC,917,True,True
651F840EA230C2ECA72914E53BC7FDEF1D5B6033BF6DEFD5BFED3DA5F4AC03D5,4B76063F4C3AE859F6E89E1D1C067114EC0369C6156150CAD8F15B332EE0942F,7c9df94686fe3dac0c8700a8b088e1a51fdbce466fd27abc86fec13673cf4ed7,18.631953503510893,36,2024-08,P0,918,True,True
9C50D32F5789DB6BAE899FCD8043E07CFC446FF5F908DE35077A1B0DE478EBF8,E495D74CB9FF898FF0B3D77B23CD88E9772FF92AFC63C234DE592EB15688B074,7c9df94686fe3dac0c8700a8b088e1a51fdbce466fd27abc86fec13673cf4ed7,18.631953503510893,36,2024-08,P_ABC,919,True,True
F47861E0C3E91B641330364477A5AFCAB3308E9A71E04FDB7222C3FFCDB41E25,489BB7165277AD79986A1B3569B4BB39150E01F8A9517BC461239E6BC390FF51,7eeb544dfc9ee3c3954346b1671d6f50fcb3bb501cba8e2516d5b8437e155971,4.867813817565982,0,2021-08,P0,920,False,False
4B3F30A394E19FD55090C2C550CF72025B9D0D2399965EF39333C6EFE78A3874,C4A5A678240F3024656C9421DB5B83244BDC13758861F240945A2CEDAA981745,7eeb544dfc9ee3c3954346b1671d6f50fcb3bb501cba8e2516d5b8437e155971,4.867813817565982,0,2021-08,P_ABC,921,False,False
5EAE63ED192AA94885BAA7564A23EE4A53E360A59721F4665DC972DDEB346E13,E7FF9F8583DF77ADCE41273F6679EAA14FDA7C5A7E3A8D6AB85BF6490FCE1EFE,7eeb544dfc9ee3c3954346b1671d6f50fcb3bb501cba8e2516d5b8437e155971,4.867813817565982,6,2022-02,P0,922,False,False
D7B763560255B4D5745B280E8579CD8020746466FEEE8C37B6FA7343735D70B2,9A3E00CDF6FFFC8C59489493C09001FEF80B26E947FCC87B2EACF376CEC30834,7eeb544dfc9ee3c3954346b1671d6f50fcb3bb501cba8e2516d5b8437e155971,4.867813817565982,6,2022-02,P_ABC,923,False,False
6B0F49FEC4F74DF4582FDF1857BDE142427FD59F6959D64A7701577121929735,064DD629E0B35E472010C75D85327D002035EE41935687695482043599C9E6BE,7eeb544dfc9ee3c3954346b1671d6f50fcb3bb501cba8e2516d5b8437e155971,4.867813817565982,12,2022-08,P0,924,False,False
FF6208163EAC95BA1F869831E1DA8952671CB7B8BE60C4ECDD55646CDE3925AA,151FBE7B30C98BCC71B8657BD80CE56DBA01AC2DD9DF3646640DEE88A6F3AAEA,7eeb544dfc9ee3c3954346b1671d6f50fcb3bb501cba8e2516d5b8437e155971,4.867813817565982,12,2022-08,P_ABC,925,False,False
747891C9F8B925DC89852C81BC0F824F995B8B0EA244A499EA0CCBD5F9328DF1,064DD629E0B35E472010C75D85327D002035EE41935687695482043599C9E6BE,7eeb544dfc9ee3c3954346b1671d6f50fcb3bb501cba8e2516d5b8437e155971,4.867813817565982,24,2023-08,P0,926,False,False
CA177C6DEC98CB7496A2BF3F8D75AFFD2D18E4DD00148822D4519CD19FBC8513,CD3B3ABF0FEB7955CB34B484F63A3A27CD90E07C825EAE00C9C0B3935A975EAB,7eeb544dfc9ee3c3954346b1671d6f50fcb3bb501cba8e2516d5b8437e155971,4.867813817565982,24,2023-08,P_ABC,927,False,False
33943CE1341152ADA670169B3F32C538629EDB2F1CA8B940EB5A3E2F17FCD65F,064DD629E0B35E472010C75D85327D002035EE41935687695482043599C9E6BE,7eeb544dfc9ee3c3954346b1671d6f50fcb3bb501cba8e2516d5b8437e155971,4.867813817565982,36,2024-08,P0,928,False,False
F8F592E41F6AAF6951B6C76C0F62471A8AA308E9F3597F65C978D4D32A125D75,1E39F934A27112472CF56DC717CEB60FD5FBE70F29CEF8D64CFBF29FBF295398,7eeb544dfc9ee3c3954346b1671d6f50fcb3bb501cba8e2516d5b8437e155971,4.867813817565982,36,2024-08,P_ABC,929,False,False
F1F2B870AEA4B7B4BA0D60832D00D303E0E17DD2E7392BCFBB18F45A737DB9D2,5AF9BD25DFA7937044CC755A0DF8CBDFF7D32F03E1712FCF6FDC99C23B31CD11,8115ae73726fef647a7657d0f5a12d2e538bf3d973fc156bc34f926022b71e1f,0.8063434639135209,0,2021-08,P0,930,False,True
3951C7EAE420CF092FEBE6675EDFBF4168565A647A572F4205E9537A9F11C25B,05357077EFFF81E5BCEA995CDF9485D01909A4D2FDD4F2E2F0E5307F8866D123,8115ae73726fef647a7657d0f5a12d2e538bf3d973fc156bc34f926022b71e1f,0.8063434639135209,0,2021-08,P_ABC,931,False,True
07B3126BB4EECD53673589B85C774AD7D9E9BCAA18E23B61DA01DAFC47238FF7,900F1C85F6B82632EC26C4F3B98AE5A4AFBF6E3EDFFC8F23E0C394732B9FBDA8,8115ae73726fef647a7657d0f5a12d2e538bf3d973fc156bc34f926022b71e1f,0.8063434639135209,6,2022-02,P0,932,False,True
A627602A96F9D767127E11A442DD2565CDF5DEE6BF8C1779F80D3E2EF12AF199,39261D0A75C8A8634DFC7F8C5B5762AA9648DBD3A2D42C78C32621165B9A07B5,8115ae73726fef647a7657d0f5a12d2e538bf3d973fc156bc34f926022b71e1f,0.8063434639135209,6,2022-02,P_ABC,933,False,True
93C4301FAAE890369631F1E4616272F3B304085A092606D457BDECA759410E36,3A6AE8B1CE4944DFECB80C9B847481E3DEE35F7D1FB6F1A126EE5DE20E5681D5,8115ae73726fef647a7657d0f5a12d2e538bf3d973fc156bc34f926022b71e1f,0.8063434639135209,12,2022-08,P0,934,False,True
D08ACFA2F173A076DCAC030FDA6E886D8439339930F441D1BC2E8C3A729EC5AB,7F69C5469C2984B3E61E8628847053CB4139E2950D2C6160FBDAF5116E654546,8115ae73726fef647a7657d0f5a12d2e538bf3d973fc156bc34f926022b71e1f,0.8063434639135209,12,2022-08,P_ABC,935,False,True
683D6BC08E1B22D20168FB20B5D4E186EDBC5AC983646D05B4B9F11C58A56612,3A6AE8B1CE4944DFECB80C9B847481E3DEE35F7D1FB6F1A126EE5DE20E5681D5,8115ae73726fef647a7657d0f5a12d2e538bf3d973fc156bc34f926022b71e1f,0.8063434639135209,24,2023-08,P0,936,False,True
DF54F29436778A9FD86334414915B1019BA6B507CCB796F864AF1EEFF78DC209,14C2239FF1FE30656A4203C4E751F2E61888B07F63AEBED6E7BB1020750A8A7F,8115ae73726fef647a7657d0f5a12d2e538bf3d973fc156bc34f926022b71e1f,0.8063434639135209,24,2023-08,P_ABC,937,False,True
218B6CA22A43FB6735B62F09760DCFE1C0ECEABDF04279BDB83CFD0CDCDF64CA,3A6AE8B1CE4944DFECB80C9B847481E3DEE35F7D1FB6F1A126EE5DE20E5681D5,8115ae73726fef647a7657d0f5a12d2e538bf3d973fc156bc34f926022b71e1f,0.8063434639135209,36,2024-08,P0,938,False,True
34171FA2482FCC33FBF3C3287DA5BB584DFE474451997AFECBDA382D9D531886,2858B64B3E67290D1579258E0ABC6D3A72845257EF51F13205029C7A0AD0C5C2,8115ae73726fef647a7657d0f5a12d2e538bf3d973fc156bc34f926022b71e1f,0.8063434639135209,36,2024-08,P_ABC,939,False,True
8E30A9EB970621CD9B4E355497133E7A758FF43839ED671C77CE87661E2A9E66,D5562292BC9E76D393D0A1BFD4350AF7711C6C7825C8612012A06461D2AC72C5,823277af1abe5a74465e73f3216e038e8d376897a2b3c7b16acb95d6a4e6da5b,5.607088690945153,0,2021-08,P0,940,True,True
5D169F68C6DC997C0F3EC86804C6AD2BAF327943C3A2ADEB5BA2F3915C248112,347DDFFCC539CE3D55D26F680A90059ECF14BA3B03978DC68EC7664D7DEDD2A0,823277af1abe5a74465e73f3216e038e8d376897a2b3c7b16acb95d6a4e6da5b,5.607088690945153,0,2021-08,P_ABC,941,True,True
3D7F0014E84BB9455266378A4EB5174AF1347830226D3EFAE3F01F779F5D0084,361A5D0F80D74935405D92D3E1838929AAD1BFD8697F6E44324B877C91678440,823277af1abe5a74465e73f3216e038e8d376897a2b3c7b16acb95d6a4e6da5b,5.607088690945153,6,2022-02,P0,942,True,True
5FC873BDBEF94267FBECF056AAA69E69E8C5601E00BDEDCCA28D56B3857153B3,4D8AF1573365620978BAB72224F377DC53DA8CF2A9D37029BD7D4A22FA6637B7,823277af1abe5a74465e73f3216e038e8d376897a2b3c7b16acb95d6a4e6da5b,5.607088690945153,6,2022-02,P_ABC,943,True,True
813AB25072625F7EDD963002132B0A144894377C09B02B7F830268F43DABDEA3,667FB720360EEFC1B9CB947E4432E46F718352C018D8E127ABB8CA0E374E87D3,823277af1abe5a74465e73f3216e038e8d376897a2b3c7b16acb95d6a4e6da5b,5.607088690945153,12,2022-08,P0,944,True,True
90E496E39F164DA7EFCF79C6A2DAD56B814EB43D45047756039D34F8D7B5F14D,D590A5A2969845D7BD2EADDBE3EAC16AC0C4D65C712B5ED2D092517FA56E5CB6,823277af1abe5a74465e73f3216e038e8d376897a2b3c7b16acb95d6a4e6da5b,5.607088690945153,12,2022-08,P_ABC,945,True,True
F7B609B20C142A593843B7D796B67079592575B4598B5DFEDB39869C35855524,667FB720360EEFC1B9CB947E4432E46F718352C018D8E127ABB8CA0E374E87D3,823277af1abe5a74465e73f3216e038e8d376897a2b3c7b16acb95d6a4e6da5b,5.607088690945153,24,2023-08,P0,946,True,True
9624005A15C1D3D5104147C4A04B71DD1DB7164298D37762B80E15C2FF283649,6289DC5B4B324D45B7A650B047EC6BF3124B3E09D192EB4ADF060F09BBA2EDF1,823277af1abe5a74465e73f3216e038e8d376897a2b3c7b16acb95d6a4e6da5b,5.607088690945153,24,2023-08,P_ABC,947,True,True
327D083E5B1A2DB0FA7B76CA02F188A4EBA5F69D0B49555163F4F792035713E9,667FB720360EEFC1B9CB947E4432E46F718352C018D8E127ABB8CA0E374E87D3,823277af1abe5a74465e73f3216e038e8d376897a2b3c7b16acb95d6a4e6da5b,5.607088690945153,36,2024-08,P0,948,True,True
26812DFE1016B3DDC6BEA6615B1AC46B893A6AF7145CBCE25BBE65942A10E5EB,F7B00642AE9D3B0DCC8D2CEA029B729C7211DEA806D3D19235EF23B2ADE1BFC1,823277af1abe5a74465e73f3216e038e8d376897a2b3c7b16acb95d6a4e6da5b,5.607088690945153,36,2024-08,P_ABC,949,True,True
DFC95A4F47F282544B1665C17803B6A8BB1BF9226C36450D5D55EDDA3CBE790D,ABB9132C3E51EBFA2C7E038DD014F196FD8A39327423929799D107AE0A3C2676,83eda24bab24632717a105541cb058a86381e15493c57f276e4a70ae7e405702,3.026281769269343,0,2021-08,P0,950,True,True
F5692A35E4228264807FCFAE8F977ED633FB7DEB10FE685BE04C31141CE675B4,07157FAB545546F63594F97142AB7B1E1BC5CDE0EEC6AA3453F53E4C21CBBC96,83eda24bab24632717a105541cb058a86381e15493c57f276e4a70ae7e405702,3.026281769269343,0,2021-08,P_ABC,951,True,True
D0B5B01D9112193A27F782CB825193E3571971D27492FEA0A7225905EE3B75B2,92C80314D69EE93315C0D6F4D7EA5C9E850FE87320E37ED6F11AF865E6C097C4,83eda24bab24632717a105541cb058a86381e15493c57f276e4a70ae7e405702,3.026281769269343,6,2022-02,P0,952,True,True
A5D2E0EDBBE82518A20E9C6A39B19C7F641A802473B1C5FE7F40BF498CD58887,B21C8B8D023E5B481D679937A1F9DCC40797B7330BCEB2FAD8CCDE07DB3D2E1E,83eda24bab24632717a105541cb058a86381e15493c57f276e4a70ae7e405702,3.026281769269343,6,2022-02,P_ABC,953,True,True
79745583CB016974AFFFE8D3BC518898E6B0476C7CC42A4AB51F4D5FC9FEAA74,D200AF17140D974FFD4D79391398C4B1B103077973344D35F4D6E1E33CA0A299,83eda24bab24632717a105541cb058a86381e15493c57f276e4a70ae7e405702,3.026281769269343,12,2022-08,P0,954,True,True
4AA038FC8BA33A1E76FD0AF1D0B308B3FB4C52BC69DB7D1ACDD0CCECB239CBA4,E6C9894CE8B53ED448E1B73073FDE65460F9084E85B2A577BF93E0B9E9AF34CF,83eda24bab24632717a105541cb058a86381e15493c57f276e4a70ae7e405702,3.026281769269343,12,2022-08,P_ABC,955,True,True
C78306A17DC58A9B5B6B2F60976D7DC9E42C00B29E1F52CC7EE22E9E6A378810,D200AF17140D974FFD4D79391398C4B1B103077973344D35F4D6E1E33CA0A299,83eda24bab24632717a105541cb058a86381e15493c57f276e4a70ae7e405702,3.026281769269343,24,2023-08,P0,956,True,True
B09BCAEADAFF27BC0B55CB3806E4E6D0251D859135A483FC9C54CC28C9484C7A,DACE3E9BF1A2F90C51192FE389CF8C644DA7ECFDFBCCF773C1AD9A4B78288CC2,83eda24bab24632717a105541cb058a86381e15493c57f276e4a70ae7e405702,3.026281769269343,24,2023-08,P_ABC,957,True,True
803299A89C2FC5C5C3194EF61EA72A4CF7DC898D329D7BC6881BF4B6F84B42DC,D200AF17140D974FFD4D79391398C4B1B103077973344D35F4D6E1E33CA0A299,83eda24bab24632717a105541cb058a86381e15493c57f276e4a70ae7e405702,3.026281769269343,36,2024-08,P0,958,True,True
FE69D98E640185D56AA4DBF9A05DDF8FBD5797BAE01B26AAB8A03AABF42FEE00,F8EFACD63426F91E9C43384FAFAA38B3EB161C2FF79030731E849BF49CE9A677,83eda24bab24632717a105541cb058a86381e15493c57f276e4a70ae7e405702,3.026281769269343,36,2024-08,P_ABC,959,True,True
847809AC2F38B99B08D2110DA60D35FCC96CA4685C19FEABBDBB7EE926427C17,BFBF470B7629E508ED52DFE1B1B44569090AAE1077FAA3DF2209EC140D47FC66,847630383db4389ff5be5933444289a2cf3bec673a7f8785c695532bf04270c4,16.474864271696465,0,2021-08,P0,960,False,False
B407265B9159E0D8F27AC16055A62B9758E44C2CD6016DFB8264597A761C5495,4BC9AF5877F72E260929BD4888A872484C0075F9617FBA7EFE4F7F59CAA4A071,847630383db4389ff5be5933444289a2cf3bec673a7f8785c695532bf04270c4,16.474864271696465,0,2021-08,P_ABC,961,False,False
DA4830CD8ED99DDE86E854E7A362FD832B7445D7E671DB9D38D5349153D86837,6768B5E3EC13F537800A5926640E39D3979DE545C21644B868A3300478A343A6,847630383db4389ff5be5933444289a2cf3bec673a7f8785c695532bf04270c4,16.474864271696465,6,2022-02,P0,962,False,False
E9AC805C8AEBAE61272F19622C61336F12014915CACE42BC6C957D4B12772641,5A3987026CF036FA7287A5497E26C2B2A57F7763C4D72BE08083E47311E8A9BF,847630383db4389ff5be5933444289a2cf3bec673a7f8785c695532bf04270c4,16.474864271696465,6,2022-02,P_ABC,963,False,False
AC5463C978DB5230403368790DF46DAB5B8C49D2705FAF7258BBA9064F6AB80B,057AEB863E6786F5A28507F35864A6116C5CB9F8F77428BCDAE081B59111AD05,847630383db4389ff5be5933444289a2cf3bec673a7f8785c695532bf04270c4,16.474864271696465,12,2022-08,P0,964,False,False
2CF9D78D1CFA9A02E2211848F25FAE744453CE360A8F6EE658793221E4642094,F5920F7B1006E72E29F2F83928ABCF2B7E67A5E8FC0808E9B8E6438064417464,847630383db4389ff5be5933444289a2cf3bec673a7f8785c695532bf04270c4,16.474864271696465,12,2022-08,P_ABC,965,False,False
A082A9A3C5CC21BD2A1F628744BD3FF3D481B672DC163993D036248C79A627AC,057AEB863E6786F5A28507F35864A6116C5CB9F8F77428BCDAE081B59111AD05,847630383db4389ff5be5933444289a2cf3bec673a7f8785c695532bf04270c4,16.474864271696465,24,2023-08,P0,966,False,False
7F4E2B93B9D135838F95B25D8CFF05087C7E0F72CA29FBD7847E3749705DCCE6,05CA974F4B83A538D5D74DED813A9FA366CF2D9CB580DFD4B2E2077A7E2BAED7,847630383db4389ff5be5933444289a2cf3bec673a7f8785c695532bf04270c4,16.474864271696465,24,2023-08,P_ABC,967,False,False
3D776F618EB982B6AAC2E4C2DC84C06ABAD00C39F8CCAB569621EC346F0D5AA4,057AEB863E6786F5A28507F35864A6116C5CB9F8F77428BCDAE081B59111AD05,847630383db4389ff5be5933444289a2cf3bec673a7f8785c695532bf04270c4,16.474864271696465,36,2024-08,P0,968,False,False
7A25F6CA067370C2242B51FEF8347A5CB8AFD900B88E22C12C156023D712C8F1,EEAC084E8BBB30FB6E7D11372C178DC28777368B7C7CBAB05ECC8CA58B45600E,847630383db4389ff5be5933444289a2cf3bec673a7f8785c695532bf04270c4,16.474864271696465,36,2024-08,P_ABC,969,False,False
5A42750053155533EAFFE48686BCBD00C46C0EB6DDC063100231FAEFAA92D953,B4942DE3C38A8E377D13223376C84C00A3499E93959BE497CA8368F6F02BDAB6,86c28c04af26bd1dc22fc20087fefc07456b70787d496734a6c63953fec73739,1.457666391367477,0,2021-08,P0,970,False,True
643450C1FE488A4ABC73C6CE6EB878DBB1513AC00CF3DF13874DF585CCD8A6B5,E455F533DFB2A0B33F524EF5FF0CC1E7D5D826A510775AF12C04CFBE05136084,86c28c04af26bd1dc22fc20087fefc07456b70787d496734a6c63953fec73739,1.457666391367477,0,2021-08,P_ABC,971,False,True
1123F4628B8C35CA5460A440009FEB3466E3B28FF6F88678E5BF87C3A79C4E30,DEFB1EA91F958976A834450568132B814BD365F1E4A033C946FCC25B2ECEBF46,86c28c04af26bd1dc22fc20087fefc07456b70787d496734a6c63953fec73739,1.457666391367477,6,2022-02,P0,972,False,True
A19106A118E46FBC9A4346DFE84268AC0D4E01798139E789F6AAC61180836904,5971A80E5C5BFE59B5E85F39BC799DE7247B91F834FE474BF4D6C9AA7ABBABDB,86c28c04af26bd1dc22fc20087fefc07456b70787d496734a6c63953fec73739,1.457666391367477,6,2022-02,P_ABC,973,False,True
69C0EA96B0DE688A72F98AFF1C836F8B2E9AC19E9CB820E294AA5181E89D47BF,289094D3BF736FD7C30721775CF16E77EF06EEC4E25806733CC0808D51CC31C4,86c28c04af26bd1dc22fc20087fefc07456b70787d496734a6c63953fec73739,1.457666391367477,12,2022-08,P0,974,False,True
833F2698C356D04CD09593C36E970B0E73DFCB517300CA06D438E1876FB3392A,4F0DC459F76E9E768D60948A089951ADEE7261FFF8E9DE3C7171F298F6D3840D,86c28c04af26bd1dc22fc20087fefc07456b70787d496734a6c63953fec73739,1.457666391367477,12,2022-08,P_ABC,975,False,True
5EA43A67AFE0FB6BC15FDEFD25D442CD38C7B6268E3CE9E838288FB0CA78E40D,289094D3BF736FD7C30721775CF16E77EF06EEC4E25806733CC0808D51CC31C4,86c28c04af26bd1dc22fc20087fefc07456b70787d496734a6c63953fec73739,1.457666391367477,24,2023-08,P0,976,False,True
62C3A385401B4C582478114E585C8A9B8D2823D181FEBCB3BEE54F424B68871B,CAEDF0DA1F2A9C2533E327E2DD48D9F37250A38574EAE74A869900C2673F6B5F,86c28c04af26bd1dc22fc20087fefc07456b70787d496734a6c63953fec73739,1.457666391367477,24,2023-08,P_ABC,977,False,True
5F876B27DF1CF8E5C3F1F24312EC20AB02B72B117EA15645ECF9A1D2FD3412F2,289094D3BF736FD7C30721775CF16E77EF06EEC4E25806733CC0808D51CC31C4,86c28c04af26bd1dc22fc20087fefc07456b70787d496734a6c63953fec73739,1.457666391367477,36,2024-08,P0,978,False,True
D268B6DE109072313A5CA4B27860604FFBD658AE8DDB0607D2FB991769049004,AF2A37B5224A1688224730FE0AA3CB280DBF4BCA4EDF948C461567545D99B8B8,86c28c04af26bd1dc22fc20087fefc07456b70787d496734a6c63953fec73739,1.457666391367477,36,2024-08,P_ABC,979,False,True
8A3A8475D42CC71D9D23044453DB6E254246ED43F6A60413A69CE0FC3DA127A7,AED7501A8BA4FE8D210AAED43F0A966D3B7B147A06BCC89FDD71A5811000FF6C,8b1b4b53978033f1dec732f98d5f6d876b7cc2f5dc0621c3d8bd787ecc1fcb8e,12.353666906734905,0,2021-08,P0,980,False,False
CDB8F1CBBA29829D57664AE7403C001A14EB92CE94E8EF1A24393D91DA29F081,2640A95D81237E95819A7CD5EBB1C680AE8E305E55486A6BB9F2BE2C6B7BBE09,8b1b4b53978033f1dec732f98d5f6d876b7cc2f5dc0621c3d8bd787ecc1fcb8e,12.353666906734905,0,2021-08,P_ABC,981,False,False
C8F7F545D484DEF2D656E8957038ABA57159BD31A5E17E976DE814C3BFD5D907,5FE2F6DF4BA1AC657EEE395E8976957C13CEE4A776D37EDFB68B62051B8F6549,8b1b4b53978033f1dec732f98d5f6d876b7cc2f5dc0621c3d8bd787ecc1fcb8e,12.353666906734905,6,2022-02,P0,982,False,False
36F172B42D378A6FE7D8E95E96F89FBA1F90C984B4E49F47BAD1FEA4CC491230,CC9617095F2653D1ED7DE1B27A2D2030AE427372A6B7E97AAD8E8278E81AEDFE,8b1b4b53978033f1dec732f98d5f6d876b7cc2f5dc0621c3d8bd787ecc1fcb8e,12.353666906734905,6,2022-02,P_ABC,983,False,False
0D3FD718FCFBB5DD822BF133E55DAEA9D70ABB431AC5E5229F746610B682F0ED,31AABFE291AD4800372FD3EB54A4DF3C38593E85F334862C64E687CAD485FA53,8b1b4b53978033f1dec732f98d5f6d876b7cc2f5dc0621c3d8bd787ecc1fcb8e,12.353666906734905,12,2022-08,P0,984,False,False
ABF037654C98B22AC7EF7F6C7BA546614555B180E4B476F103746D24367BD20C,984860979CA080DB5AF7D02E195FBBDB30ECB2C1A4043A72F87B2B89F47A1D6A,8b1b4b53978033f1dec732f98d5f6d876b7cc2f5dc0621c3d8bd787ecc1fcb8e,12.353666906734905,12,2022-08,P_ABC,985,False,False
9B1EEB46E2A1D4047E40C0145E5EF12AC220DA1F1478B7598A217581937E0DE6,31AABFE291AD4800372FD3EB54A4DF3C38593E85F334862C64E687CAD485FA53,8b1b4b53978033f1dec732f98d5f6d876b7cc2f5dc0621c3d8bd787ecc1fcb8e,12.353666906734905,24,2023-08,P0,986,False,False
B1C338D3D6BA96C32367C9BF2FE84125966086259040D5CC8962ED8910EA39E9,88DCE67687713D92111F6580CE5BCF8AEEBB54ECAD1D95888E58FA8ED3314018,8b1b4b53978033f1dec732f98d5f6d876b7cc2f5dc0621c3d8bd787ecc1fcb8e,12.353666906734905,24,2023-08,P_ABC,987,False,False
37D6663B1377692D4CF68AE4707E791CAC670207BDBE0D990202EF13DA29C28B,31AABFE291AD4800372FD3EB54A4DF3C38593E85F334862C64E687CAD485FA53,8b1b4b53978033f1dec732f98d5f6d876b7cc2f5dc0621c3d8bd787ecc1fcb8e,12.353666906734905,36,2024-08,P0,988,False,False
6A4056E143A44AEDC04266633FCF1928442ABEA111766D4795B9E80FBEBC7E12,4EE57979BBCFE4F25691BB032C71530F68204FEF22638C3B72305668F0E11BAC,8b1b4b53978033f1dec732f98d5f6d876b7cc2f5dc0621c3d8bd787ecc1fcb8e,12.353666906734905,36,2024-08,P_ABC,989,False,False
9C5DC210DF7B22EA43688A4F54697FD6A671C509B948716A08E34A7FC24EEDB0,D01E87473D4EAAC1928F8A2EBE380D02DB6BD6FC9E8E8F83227CBAB7EFE9B1E7,8b2925b08af88f8dd66299145d55efe9f46ecdec8098519b329d8ffbad5a01a0,9.949347975848124,0,2021-08,P0,990,False,True
943E73C1A39CCE8F88D6078FBB41BAF24D59283F01F428A1B051E1619698D2F9,F07A15AF8DF0E63EFCBEE368501CF38CFD7F7279FE8D1ABE495BF59A7EA87156,8b2925b08af88f8dd66299145d55efe9f46ecdec8098519b329d8ffbad5a01a0,9.949347975848124,0,2021-08,P_ABC,991,False,True
25496A2238937D1E7644AA961BA86D0170503B8638259AEBD0403345F45BA5C6,8426E9B8EAAC575D5417F0E8561A983D48ABEC42DD1A244C337A84C5728618D6,8b2925b08af88f8dd66299145d55efe9f46ecdec8098519b329d8ffbad5a01a0,9.949347975848124,6,2022-02,P0,992,False,True
5D3B54CFE4F62C115B238EFC71089A310D28AACE99F2E216B2E40BB90E173178,6A06BCC870D67029443F5A7F28F646B386C7040C04A57118812716428C20D78F,8b2925b08af88f8dd66299145d55efe9f46ecdec8098519b329d8ffbad5a01a0,9.949347975848124,6,2022-02,P_ABC,993,False,True
453B8368996E1443C849E45A5CF7F20BE81B19BB3CF69E0C7C64F84AAB4368C2,16169D39C91A234D43626291ABF3385CA787F6A4FD48CF2C7B6F1CBD914443A2,8b2925b08af88f8dd66299145d55efe9f46ecdec8098519b329d8ffbad5a01a0,9.949347975848124,12,2022-08,P0,994,False,True
2AEE560C628654091B694E3AD6268C60B6B3800820E72C5EC68FD889D0843E92,05DBF34E0676245BB571B1ADFB3081F77137562EFE12E2057E2634ECA9B910AB,8b2925b08af88f8dd66299145d55efe9f46ecdec8098519b329d8ffbad5a01a0,9.949347975848124,12,2022-08,P_ABC,995,False,True
DA4AC6528D6A9EE7FE4C6481F4172DF7AAE416F14EEFB55200065B61C361F5B8,16169D39C91A234D43626291ABF3385CA787F6A4FD48CF2C7B6F1CBD914443A2,8b2925b08af88f8dd66299145d55efe9f46ecdec8098519b329d8ffbad5a01a0,9.949347975848124,24,2023-08,P0,996,False,True
8BB48FA27E45B7238CB02F3445462E7491E4A46F020269B82153D5366A479AAB,D1D19A80EE8DACE80EBD63ECF505EE87742E325AA2FC1340CA21D48A0AED4B81,8b2925b08af88f8dd66299145d55efe9f46ecdec8098519b329d8ffbad5a01a0,9.949347975848124,24,2023-08,P_ABC,997,False,True
3117FD7189354BCD5854B21E95A729126D9D5626CA927B61A087F19852A8AF27,16169D39C91A234D43626291ABF3385CA787F6A4FD48CF2C7B6F1CBD914443A2,8b2925b08af88f8dd66299145d55efe9f46ecdec8098519b329d8ffbad5a01a0,9.949347975848124,36,2024-08,P0,998,False,True
438DD16897FB733E0B8724551BBCB1AE0BF5ED5B2962FE84A6F4C120E9BC4279,52306980D983DDC4AA644959D5EC7651AFE2F243F40F114C0CE7EE4625716092,8b2925b08af88f8dd66299145d55efe9f46ecdec8098519b329d8ffbad5a01a0,9.949347975848124,36,2024-08,P_ABC,999,False,True
3895B593DB64515014B9A17CBC6F426AAC71D435738192157DE4B16D3D026D39,347F7D7CBC6895407EBB86E00CA5030A729FDA14508714B33AF570C00A7D3BE8,8e46680fa906a8bc8007a0b934ddf73b8249d40569af92bfddcd25cf2804baa1,5.87978076032714,0,2021-08,P0,1000,False,True
20E884DF8351829F29EE7F3FF35BC2C813E41035D97E7EE8DFBDFDB0A7FF9D82,D6A4214599FAF33C33D864070370A1459D5068A6D215D61CE8A31FE9DEF57271,8e46680fa906a8bc8007a0b934ddf73b8249d40569af92bfddcd25cf2804baa1,5.87978076032714,0,2021-08,P_ABC,1001,False,True
4910F6823876A7FEBD573A9D200F29A0AB2E0B190C0F34DA1E8A1D9004AC84A6,C440F1FE3E2BF9F2C75B88BA42C55586EB977857F87F51176146650DBAC29E54,8e46680fa906a8bc8007a0b934ddf73b8249d40569af92bfddcd25cf2804baa1,5.87978076032714,6,2022-02,P0,1002,False,True
334F7AD52DBE67A7BD1832A989D592A2FE4DC462FAE766C9F3B966F3DAF100BA,E295245C05E14975D99C51FA3EA19E0BAF2FC055D701610A5396DF570E631048,8e46680fa906a8bc8007a0b934ddf73b8249d40569af92bfddcd25cf2804baa1,5.87978076032714,6,2022-02,P_ABC,1003,False,True
26DA9FF3BEA76B8E1A904FB99031279EF3BC64D5CA89142FD8F8A3DCC610F9E2,2BEA86614E4200F096F67A54A39FA72BB720451B97629B009F94884E78B9AAD4,8e46680fa906a8bc8007a0b934ddf73b8249d40569af92bfddcd25cf2804baa1,5.87978076032714,12,2022-08,P0,1004,False,True
3A554921A6B842F56ED00B247FB4CF5D6BC7E62EC1E432ECB0928B4D60FD6194,CC9F128FB1F8E996FEE2CEDC3376FDCC109F9AD03B309508BB522EE4E0A9AD3A,8e46680fa906a8bc8007a0b934ddf73b8249d40569af92bfddcd25cf2804baa1,5.87978076032714,12,2022-08,P_ABC,1005,False,True
4A79B1D26E2133828A72A00D7003AB330CEF000F1DBCDF8BB5009D101D8287CE,2BEA86614E4200F096F67A54A39FA72BB720451B97629B009F94884E78B9AAD4,8e46680fa906a8bc8007a0b934ddf73b8249d40569af92bfddcd25cf2804baa1,5.87978076032714,24,2023-08,P0,1006,False,True
545FE7C86B145E2F3034CF48F970BA545D8E5102B20C4F085442652D451B75DB,6B201735C69CBD731FA6F108A181CE7484F4E68B9A5F7E2870737DC5596CD990,8e46680fa906a8bc8007a0b934ddf73b8249d40569af92bfddcd25cf2804baa1,5.87978076032714,24,2023-08,P_ABC,1007,False,True
9E367CDB2165728A9C760DA75AF886EF3EE638BA50B3A1313F8140A11A207E9A,2BEA86614E4200F096F67A54A39FA72BB720451B97629B009F94884E78B9AAD4,8e46680fa906a8bc8007a0b934ddf73b8249d40569af92bfddcd25cf2804baa1,5.87978076032714,36,2024-08,P0,1008,False,True
B9BBCFEAACEA95C1DD8537452D12411CC57774F22F51A502C89220720A1541CF,0DCC74BB27ACF5D26221A4091017D930978D2F799858B5C266CCCCA671E40953,8e46680fa906a8bc8007a0b934ddf73b8249d40569af92bfddcd25cf2804baa1,5.87978076032714,36,2024-08,P_ABC,1009,False,True
E53381D9F6D174311BC938B2A7107BFC633C013B9D0588182B9A7B9A8FAA4335,EF81489C7E8C64D36F693D667B067CD9AEBA48AB260BED122B01C9B672F07FB1,8f170a021ebedd0eb2dbd0d6e224214b8ae274b212a956471eab65ebe82b1bf5,4.029547336838826,0,2021-08,P0,1010,False,True
FF6166A5A8F92551A4C1558D68B1EF9A17258A30C188D283FE1B3D3A885DF7EB,DD8250BB6B07E87A194E148C8AFE8E505CE32C008C55602F2C39835788B0656A,8f170a021ebedd0eb2dbd0d6e224214b8ae274b212a956471eab65ebe82b1bf5,4.029547336838826,0,2021-08,P_ABC,1011,False,True
23CFA9B687E4E8D38608A41737ACD700B016E106B9F26E7790D13E2A7B36DF2D,7754DA9AD659A9EF4F1A7154F92CA4B84A656EFDE1045193BFADF533B544D42A,8f170a021ebedd0eb2dbd0d6e224214b8ae274b212a956471eab65ebe82b1bf5,4.029547336838826,6,2022-02,P0,1012,False,True
F0F9C6FFA5246DD114514F485458DE4B6FFB4AB933ECEE2EF2DA486A74463EBC,92CDB8CB8A3802945C2645DED75800129C877A837A84D124B49E464196848B89,8f170a021ebedd0eb2dbd0d6e224214b8ae274b212a956471eab65ebe82b1bf5,4.029547336838826,6,2022-02,P_ABC,1013,False,True
DCE5E3AB2B2E18CCDFB3A5E7F3E0F439922873622A61263E92DCD8C51839E47F,934B52D3B7EF2050836F0CC9D25C082F8C8E675CC295033A1D72A09CAF19EE84,8f170a021ebedd0eb2dbd0d6e224214b8ae274b212a956471eab65ebe82b1bf5,4.029547336838826,12,2022-08,P0,1014,False,True
D358F42061877CDD65934EAE78D3B896B9FBD35AA364F346EF2463B838DBB6F5,D5B92B2A35AB27F694FA7A7FCCB07DDC2D0E896914BDD986FC2050E7D52E9B6E,8f170a021ebedd0eb2dbd0d6e224214b8ae274b212a956471eab65ebe82b1bf5,4.029547336838826,12,2022-08,P_ABC,1015,False,True
C3B2CA16B6E2F4B64BF35A02C6F58842FB3AE5865CF8052C99E26B08F788AA28,934B52D3B7EF2050836F0CC9D25C082F8C8E675CC295033A1D72A09CAF19EE84,8f170a021ebedd0eb2dbd0d6e224214b8ae274b212a956471eab65ebe82b1bf5,4.029547336838826,24,2023-08,P0,1016,False,True
FA515A14F45C8339F73ED2A5E7CB106850928BA240B8D4370646CB0A49A4FBEF,8F81C7DA1FEC8391C865D40EF71DBC526969B4A37454B388C2E2A9F9A431CB93,8f170a021ebedd0eb2dbd0d6e224214b8ae274b212a956471eab65ebe82b1bf5,4.029547336838826,24,2023-08,P_ABC,1017,False,True
010ED3FCB2E2ADD689EFD50B5AD49A6A2E80D9302B6FA01F3C2D73749E615BF5,934B52D3B7EF2050836F0CC9D25C082F8C8E675CC295033A1D72A09CAF19EE84,8f170a021ebedd0eb2dbd0d6e224214b8ae274b212a956471eab65ebe82b1bf5,4.029547336838826,36,2024-08,P0,1018,False,True
F6FD0E5605C3515E8DB3391E9FC00F19F47A06A596E723323145A3A07CFCC433,C8797AF1C3775CBA142034F050E374B4E6107C9226D4ED1FC36CB6218679B837,8f170a021ebedd0eb2dbd0d6e224214b8ae274b212a956471eab65ebe82b1bf5,4.029547336838826,36,2024-08,P_ABC,1019,False,True
4AA5B1DEEF13B5D0238D22431F9B9FC4EB1EAF8B70D98F14C560120FBE6475EF,7F07217CA4418573CF8DA1A99109081AE834C916C343F5FF6190E141694D2D3B,939f6e2b8f02ecdbe8da264e9ed5847d8bdb513346b85090871149ae4da73c4d,15.90343976357182,0,2021-08,P0,1020,False,False
960BE73B9B3E815083EDBD996B3261EB6140CA8BCD72245B9ACA513592967813,7BE0D2E95051675754C1C1A02FE9581C782AF2176FB095C1E4E2E479916A9682,939f6e2b8f02ecdbe8da264e9ed5847d8bdb513346b85090871149ae4da73c4d,15.90343976357182,0,2021-08,P_ABC,1021,False,False
A7889C32168D3BB270F55C9BF62E57D0293E1EB7AC7BB1E7B8A90E7C6259EAE8,11F6C5EBA1E1F45602247F2B9A15C83CA58C4BD5E1DBD80E5E06246BAF996CD3,939f6e2b8f02ecdbe8da264e9ed5847d8bdb513346b85090871149ae4da73c4d,15.90343976357182,6,2022-02,P0,1022,False,False
23B740CCA69808FB285C14F597BBB03C8D7C98224A64B234681CBE494D7BA62B,86B69B020E1092337384EC38C78C0E48D7AA43F6FB8D1F364EA4C0BBFB1076E3,939f6e2b8f02ecdbe8da264e9ed5847d8bdb513346b85090871149ae4da73c4d,15.90343976357182,6,2022-02,P_ABC,1023,False,False
6ADF9C75332326BECD1C02BDAB3762F870AAB342038FEF0D47CE7864CF4C858B,E5480AF78D277F60C15228F8D8BC2967A1618D51A52E5296C00FA7B09B0A108A,939f6e2b8f02ecdbe8da264e9ed5847d8bdb513346b85090871149ae4da73c4d,15.90343976357182,12,2022-08,P0,1024,False,False
77D7562EF080E54BE99989541BB8C4B4A10B244810B22075A74291820FB785E0,35DEE908C293D1FB522CB70A8B4818D8EE63541C458D57D43B1523F20CAF807A,939f6e2b8f02ecdbe8da264e9ed5847d8bdb513346b85090871149ae4da73c4d,15.90343976357182,12,2022-08,P_ABC,1025,False,False
AAAC0783A71F084CFCFA98CF6D9AA63B6C9435686946805BB2A75111A3A8F979,E5480AF78D277F60C15228F8D8BC2967A1618D51A52E5296C00FA7B09B0A108A,939f6e2b8f02ecdbe8da264e9ed5847d8bdb513346b85090871149ae4da73c4d,15.90343976357182,24,2023-08,P0,1026,False,False
E07A9FCC122B2D227B58DEC8EE9D2765735DD89E26FAE818871CF388DE22389A,082CA21FB17E5F4D903904EE3EE1FCF1E40F162B03A3E5C7D772349CE8607242,939f6e2b8f02ecdbe8da264e9ed5847d8bdb513346b85090871149ae4da73c4d,15.90343976357182,24,2023-08,P_ABC,1027,False,False
6857C7FFDA94348AB7A8788B57C58131E73D91EE4ABB9E44F693A142B81254A1,E5480AF78D277F60C15228F8D8BC2967A1618D51A52E5296C00FA7B09B0A108A,939f6e2b8f02ecdbe8da264e9ed5847d8bdb513346b85090871149ae4da73c4d,15.90343976357182,36,2024-08,P0,1028,False,False
DAFEEE70B2307DBCDCE33B50D2E2EBBDD1092A79F21B62B48F2D7EC1F653EC1A,0B5D56E678566DA9AB709CAB1B78D2BE69F76CCB696438AA9A254AC6D0C548ED,939f6e2b8f02ecdbe8da264e9ed5847d8bdb513346b85090871149ae4da73c4d,15.90343976357182,36,2024-08,P_ABC,1029,False,False
D84E0CB645D3E110746146D5A0C5DECD95FB224EA42BE987AFC94CD8557D5DBB,D2514E6D8CD0253A428330CDCC670FA8B3A4E7E5CD5B7324AF6050B837576104,93b174104df9decbaef887bd4b3d5fec1414a4b933b9c471db5f80530c7b6d0e,4.002943225241165,0,2021-08,P0,1030,False,True
F26099331E70DE12812CC451CD4EEDAA27B80F9F004803D7A3FBF0EC588B2F2B,72603153794964C42EEF79E54630003CBF74CE9BD0ADB97D8FC257A78932FCF8,93b174104df9decbaef887bd4b3d5fec1414a4b933b9c471db5f80530c7b6d0e,4.002943225241165,0,2021-08,P_ABC,1031,False,True
642016D459DC35FFA9B0410B876F57DBDA28EBA42C695F7E9131957B866B2054,D117ABAB69B3B2D0049EA28CAF684B38C584F78D2FA0B92B60DEEC29D8156448,93b174104df9decbaef887bd4b3d5fec1414a4b933b9c471db5f80530c7b6d0e,4.002943225241165,6,2022-02,P0,1032,False,True
E046658CA043AE48895B2B03E7C5F3D9311539BE9140242F8C91675CF99C50EA,202C83380F72B66E3C03896358D4A51E7028A116B59FFB8AFC24D8C48F1C5665,93b174104df9decbaef887bd4b3d5fec1414a4b933b9c471db5f80530c7b6d0e,4.002943225241165,6,2022-02,P_ABC,1033,False,True
B48B53F74A83659803F91D06EAD630355A9AEED8603E96B1EBD187F4B401B735,5578CDBA38BCDE8D95194FE7BDEAD88E7F9B07CA20452784CAED2605CCDCD689,93b174104df9decbaef887bd4b3d5fec1414a4b933b9c471db5f80530c7b6d0e,4.002943225241165,12,2022-08,P0,1034,False,True
96F6539490F77F74DC69789C0F284E8DC295B85B5468176E8317A85A7E051DB5,F18B828A034A5AF75DE677194A86430E7AB2CA97F417AA904E41C1A16003DAC9,93b174104df9decbaef887bd4b3d5fec1414a4b933b9c471db5f80530c7b6d0e,4.002943225241165,12,2022-08,P_ABC,1035,False,True
8D2821A58C4B559639CF88CE1F627DCB00DC765013232C63851820571349CC83,5578CDBA38BCDE8D95194FE7BDEAD88E7F9B07CA20452784CAED2605CCDCD689,93b174104df9decbaef887bd4b3d5fec1414a4b933b9c471db5f80530c7b6d0e,4.002943225241165,24,2023-08,P0,1036,False,True
FBA82ECCEDDD040CAA11A37FE2E2F89C1810D8E7C54B2904F0CDA802DF9E51A0,3AEFB085E99CF10DB07A10F259D8497B8943E0388EC12FB9868AAA7F75637594,93b174104df9decbaef887bd4b3d5fec1414a4b933b9c471db5f80530c7b6d0e,4.002943225241165,24,2023-08,P_ABC,1037,False,True
C60A66A9B325E4D5F9F7CC3A341539A79DD4186EECB8769982D643C8E182CA71,5578CDBA38BCDE8D95194FE7BDEAD88E7F9B07CA20452784CAED2605CCDCD689,93b174104df9decbaef887bd4b3d5fec1414a4b933b9c471db5f80530c7b6d0e,4.002943225241165,36,2024-08,P0,1038,False,True
5A0C32032E57B8CE7DDEF64270D96B34ECE3FA813EF7DB4BE1F635F570AB0094,5AA1E73BCFC44BE9024C6669E933C529AB189F7A8C35DDCA0EC924DB5D81E3D6,93b174104df9decbaef887bd4b3d5fec1414a4b933b9c471db5f80530c7b6d0e,4.002943225241165,36,2024-08,P_ABC,1039,False,True
76479A5F4E50F9EF3AFADAF723339A5A6A4CCDCCBB21D8CBE071CD34C98BA4BF,F9319677A7C43B97A19852BAAE24D58F8E35424D959AD245EBE3959548DE6B05,9474ad9bba1c67852986ef30c93277282579ac840743ab451baee78cb1475a0e,5.431386446150417,0,2021-08,P0,1040,False,False
6772D6E6E24FDBAE3C9C88EBE2A72FACB529F4C09DA372442D79454B5ADB40B4,85ED96AE821FD612505BFCB6488633058B0B8F660E02B3CCC9B126B455E25786,9474ad9bba1c67852986ef30c93277282579ac840743ab451baee78cb1475a0e,5.431386446150417,0,2021-08,P_ABC,1041,False,False
C09A382562F2EECC1FB0D0F0B6D5A985EE9FBDB7AC1720886862AA1FA2059CE5,E23E69B2FDB73C3F19B9D362841CB378BD40A496ED274BD2EFDA9779AB743501,9474ad9bba1c67852986ef30c93277282579ac840743ab451baee78cb1475a0e,5.431386446150417,6,2022-02,P0,1042,False,False
B6225635D84FCDCC583BCFDF48D56B5EB814AB6FC8167C01CE56F5E974D91D38,E481C8CDE8ADEAC9CD3BCEF0B877960421CD967961CD1BE968D8487109686B54,9474ad9bba1c67852986ef30c93277282579ac840743ab451baee78cb1475a0e,5.431386446150417,6,2022-02,P_ABC,1043,False,False
B3289E1FAC3A50DB5748D73AE542D4325E145B384272800A3CD6F1E2E45991D5,6C7255E582898A7E7230DC6D46237E78DBB1CDD45F4D6E817DD3B90C51E5ADFF,9474ad9bba1c67852986ef30c93277282579ac840743ab451baee78cb1475a0e,5.431386446150417,12,2022-08,P0,1044,False,False
2325B84A0853E7A82403695F150E5C7AE8325E4C3069D2A654EB6FA4A87F0271,0D58AA5D39749ADAB2D5AED1140BEBBBDCACC10A793A297B78F6FE4B202B0A76,9474ad9bba1c67852986ef30c93277282579ac840743ab451baee78cb1475a0e,5.431386446150417,12,2022-08,P_ABC,1045,False,False
AF2FD38675D62CBEE713F77F5FA7D80913D07D7B14FFE8E6C26AF556D35D7468,6C7255E582898A7E7230DC6D46237E78DBB1CDD45F4D6E817DD3B90C51E5ADFF,9474ad9bba1c67852986ef30c93277282579ac840743ab451baee78cb1475a0e,5.431386446150417,24,2023-08,P0,1046,False,False
6EDE2A50180E745A92917B547D8F69A32BA3D8E7927BF0BFF694FE2BF197BC5D,388A1DF6DE5AC83A8237E3FC19995D2BE250107C57F39BA65CFA9DA715663825,9474ad9bba1c67852986ef30c93277282579ac840743ab451baee78cb1475a0e,5.431386446150417,24,2023-08,P_ABC,1047,False,False
2B41C671B6DE65B4AD14C8F725003D519BF2A53FDDA6E12D25BC8C638F2E5581,6C7255E582898A7E7230DC6D46237E78DBB1CDD45F4D6E817DD3B90C51E5ADFF,9474ad9bba1c67852986ef30c93277282579ac840743ab451baee78cb1475a0e,5.431386446150417,36,2024-08,P0,1048,False,False
AA0D2F450ED76E2A45147BC1E1B63B44F51D6808A90C500A7BC1A454746FE24B,B6E63B5232A8D3B635600482283BD69B0DC85DDF5F5FD7547E40470488DA2057,9474ad9bba1c67852986ef30c93277282579ac840743ab451baee78cb1475a0e,5.431386446150417,36,2024-08,P_ABC,1049,False,False
32711794B70F0A333EC7F3FD66398B16955E16EA245648DF5C921FC26CF4672B,D036E6497EBFE1B03C937ED8C2712C6E7F53E82F2FF3A2A940EB850B4AA078C3,94e165ecc00f8aed930d77ceea88c1ee84e166dce21508857efc3993453334e2,3.865389193873904,0,2021-08,P0,1050,False,True
920116359922D52B11FF0EFF9D0A70FB2BE886FE7B3E9A86A5682ED343A7972B,7636D8F5CEC5B07D35394EC69157273846201B2AEDD943E6E7CD6D98FCB3B5AB,94e165ecc00f8aed930d77ceea88c1ee84e166dce21508857efc3993453334e2,3.865389193873904,0,2021-08,P_ABC,1051,False,True
D024575D7F509F9696D97088BC5CDC713998EEF923FC6DAC67D9F8E0262675D1,E7359CDBA85FB92CFA40E5CFB57757112AF946138DC0FD1A2DDB39E5144D65CA,94e165ecc00f8aed930d77ceea88c1ee84e166dce21508857efc3993453334e2,3.865389193873904,6,2022-02,P0,1052,False,True
33F5370AD354BEED0B557108CEEC477B7FAA65844FB56F2FE9640459DD4635FA,703FBEC589D720B68C7098ADF33735FFE8A295AB4E198C03D13035BECEF0496D,94e165ecc00f8aed930d77ceea88c1ee84e166dce21508857efc3993453334e2,3.865389193873904,6,2022-02,P_ABC,1053,False,True
409A860365D1494AC84EDC038AC92F56D8032282329309CCBE2ABE9B084109E3,8EDDC25EEC0F852D89A40D181F1D642D4CCB76D5BDCC2E11F4D67603F2D8200D,94e165ecc00f8aed930d77ceea88c1ee84e166dce21508857efc3993453334e2,3.865389193873904,12,2022-08,P0,1054,False,True
79A7EC8178DA28025E94CAF0C5D6F3283EAD49DECD02167DA7B205C33623FDB5,A1C2B7BEA63B58700E34D66DFCD2FEF5EB39BA845A2F439149B9337B9002A130,94e165ecc00f8aed930d77ceea88c1ee84e166dce21508857efc3993453334e2,3.865389193873904,12,2022-08,P_ABC,1055,False,True
C03E41C19BD4955DE643E055CC8265550FBDC9F96015620E6A6434DA3D9D1EBE,8EDDC25EEC0F852D89A40D181F1D642D4CCB76D5BDCC2E11F4D67603F2D8200D,94e165ecc00f8aed930d77ceea88c1ee84e166dce21508857efc3993453334e2,3.865389193873904,24,2023-08,P0,1056,False,True
C86E56D4A0CBF329890F12388D844353E8DA0D3345B965ECADC45C1504712DA1,BFD229F5158FCBAAE80DA4177CD13A7676C52F653700042E9C50378AFF50D087,94e165ecc00f8aed930d77ceea88c1ee84e166dce21508857efc3993453334e2,3.865389193873904,24,2023-08,P_ABC,1057,False,True
10E87E2EA97909A36AD40D24506BE1A6EF8AD0D1F77B1708EC8C4C185423C95D,8EDDC25EEC0F852D89A40D181F1D642D4CCB76D5BDCC2E11F4D67603F2D8200D,94e165ecc00f8aed930d77ceea88c1ee84e166dce21508857efc3993453334e2,3.865389193873904,36,2024-08,P0,1058,False,True
5FCC2ED7A4BBCD2F6731811CD6F7F9FEB47267B3293A76096D1E7BA2DE57BF27,B071FEABB4971B8495AE8101443443F35D70431940F3DAF6CD73BE61945D805A,94e165ecc00f8aed930d77ceea88c1ee84e166dce21508857efc3993453334e2,3.865389193873904,36,2024-08,P_ABC,1059,False,True
33FCEDB846A758F1EF93815997DD9EBA1B575B02A2AF99D4D967F7D5756DE3C1,C63CB3A208ECB77FFBBF54880330A0A67BE02C76A48D23F6848949F85FCCBE22,950685573bf5a4505964377eb9d5cce0afe29d469ec8e698d8749aefdef18edb,1.7348543561960654,0,2021-08,P0,1060,True,True
78664E83624583A1207C4654C30E7DE247394EF9E0A17A1B6D70305C9328EB7E,C04C0DD11FB68E588E0FD7A7E916E823F45C5830C80E74D807EF0BA40C9EFC46,950685573bf5a4505964377eb9d5cce0afe29d469ec8e698d8749aefdef18edb,1.7348543561960654,0,2021-08,P_ABC,1061,True,True
511632B54F4728A1D85C8AE3651A7434BF0E2D3CD1960BD24539414D432AC01B,21156D702AA70D7886FB5C1AD9BD5AE110B08E08444E3E810612B86BFAB31373,950685573bf5a4505964377eb9d5cce0afe29d469ec8e698d8749aefdef18edb,1.7348543561960654,6,2022-02,P0,1062,True,True
3283AA8B154F36D3EF98CBD9CA62C9449EC4E693A91ACB9FD6E5A755BCF56B13,0FC5A87803AE70C57204525CF89EC84810BD4B8E8617E1AEDBB01307B9919465,950685573bf5a4505964377eb9d5cce0afe29d469ec8e698d8749aefdef18edb,1.7348543561960654,6,2022-02,P_ABC,1063,True,True
860846C51ABD97413BB7078B23596395EF8802B7C3CB137615AFFA2F8CAB1B07,34F5AE8AABFEE10786F1EE247C1F7E87EE19C743B2D98B194810F5822BCB25E2,950685573bf5a4505964377eb9d5cce0afe29d469ec8e698d8749aefdef18edb,1.7348543561960654,12,2022-08,P0,1064,True,True
94E1B0A6A764D10B744C6CEAB2572F45D4A5D0FB1BE11EA4B53F38000F9D4D70,718A8D43779D91610050AED156FCE9047F1D395BEEF7441184ECD3F62BA0CA42,950685573bf5a4505964377eb9d5cce0afe29d469ec8e698d8749aefdef18edb,1.7348543561960654,12,2022-08,P_ABC,1065,True,True
2AF3818178DBBB7AA3E64290AFDF058FD2E52FBBBD0BB56E4DE215716C1C3F1D,34F5AE8AABFEE10786F1EE247C1F7E87EE19C743B2D98B194810F5822BCB25E2,950685573bf5a4505964377eb9d5cce0afe29d469ec8e698d8749aefdef18edb,1.7348543561960654,24,2023-08,P0,1066,True,True
2D82E6C298153B83302B5B50C8B3A9669FA5D18C179CD578AFB1A9216DEAE2A5,9EFB96CD84D3FF9B29E3D621184802022547AB42B10E7F26C3ED462B547F686F,950685573bf5a4505964377eb9d5cce0afe29d469ec8e698d8749aefdef18edb,1.7348543561960654,24,2023-08,P_ABC,1067,True,True
A8F3BFF1DDD12F7FFE14234F9055FC11A35BD34DACE95ADAD9145EB65AC74CFC,34F5AE8AABFEE10786F1EE247C1F7E87EE19C743B2D98B194810F5822BCB25E2,950685573bf5a4505964377eb9d5cce0afe29d469ec8e698d8749aefdef18edb,1.7348543561960654,36,2024-08,P0,1068,True,True
F7AB9726614436E24A275358EAAA4865EB7DABE1357128C9A4782E0FFA7D920D,41D079E90D42C23332AE4515C0010D7C595EE0D72193173309139CA71A81E9C4,950685573bf5a4505964377eb9d5cce0afe29d469ec8e698d8749aefdef18edb,1.7348543561960654,36,2024-08,P_ABC,1069,True,True
BAF6EF1C6BB7405DCE0DF496FDFAC700B639F9121141F587318481F852B0C1A7,9702C81125F7074E13C7349901F218F3C1C03A32DC7BD58914ED64A4B9E2B26B,958ebb50946ec96b6dbf6f928b679ef79945aea7c8fc04b36473030bbab759e6,5.889611984215024,0,2021-08,P0,1070,False,False
650EB9B66B6B4D6FCAA8309F240A823ADB1F99469C4A43B9CCC52D648CB7DAF2,453BFF4EBC836D58AE3A88847D311299EF33C398D25FD7D7ED4BA3DDC9AB0217,958ebb50946ec96b6dbf6f928b679ef79945aea7c8fc04b36473030bbab759e6,5.889611984215024,0,2021-08,P_ABC,1071,False,False
3F62143A7BC75BCA7F1E25CF3AF6CDC69E5BBAF62F1AC325637307A489F80033,A22A7FB3EC7B06EA4024F55D394C5BE0514484F677DE6CBB719E337076039029,958ebb50946ec96b6dbf6f928b679ef79945aea7c8fc04b36473030bbab759e6,5.889611984215024,6,2022-02,P0,1072,False,False
255302AD5F6D2454204913E0D84388060A42666968E260E6839E1DAC055B9497,84FBA5EB52A7846C7C29D8FE042E31E0EE928E3959A33C006B5D3438D14BEEC7,958ebb50946ec96b6dbf6f928b679ef79945aea7c8fc04b36473030bbab759e6,5.889611984215024,6,2022-02,P_ABC,1073,False,False
C04B4E7BF9567DEC68B00525DC9AA4BC85FFCCD17BEF530994F9607769602FC5,E9FB25735E116020DDB5E922FFC08DB72332F66040833E832F33DEB7A3E877D1,958ebb50946ec96b6dbf6f928b679ef79945aea7c8fc04b36473030bbab759e6,5.889611984215024,12,2022-08,P0,1074,False,False
B5651C0E1A6D9355C4605C0814410AE7CE205D45BE2A5ED264DAD91CD51DE76F,0B10A2E4E0A96978F4D590DE61A15300BB81FE5C000D0C0DF4F878176FA5AC45,958ebb50946ec96b6dbf6f928b679ef79945aea7c8fc04b36473030bbab759e6,5.889611984215024,12,2022-08,P_ABC,1075,False,False
8A78594AC5926BF69BA90E3CD7D2C83F3F67D570D7ADF9089AAE413E315E3CA4,E9FB25735E116020DDB5E922FFC08DB72332F66040833E832F33DEB7A3E877D1,958ebb50946ec96b6dbf6f928b679ef79945aea7c8fc04b36473030bbab759e6,5.889611984215024,24,2023-08,P0,1076,False,False
206481D2E1FF021682E1D9935BC74836467105B11BCDC19172C0E8F072DC5A55,84DA6E800B982A368FC538BD7BC339FA3A2214B303904415EF95213B01A57389,958ebb50946ec96b6dbf6f928b679ef79945aea7c8fc04b36473030bbab759e6,5.889611984215024,24,2023-08,P_ABC,1077,False,False
728B2B9BC5925AE90A26F7BB37C4DA1ABB938599839689585246C8C260C98AC7,E9FB25735E116020DDB5E922FFC08DB72332F66040833E832F33DEB7A3E877D1,958ebb50946ec96b6dbf6f928b679ef79945aea7c8fc04b36473030bbab759e6,5.889611984215024,36,2024-08,P0,1078,False,False
EE99046DD4BD7B2A854F9EBC37F530B86A4766693AD0FF230DB8898F01C6BD8E,6AF3D05C88F9BAFD608C4895436F7AECE2B5FC58B2B72175B52BEAEDB0BA6578,958ebb50946ec96b6dbf6f928b679ef79945aea7c8fc04b36473030bbab759e6,5.889611984215024,36,2024-08,P_ABC,1079,False,False
FA92731F1A46F3E065694C7D2EEA6B8B29DC1F38DD1C9CB987BB6CF0F56509A0,6233EDAAF76476505F88DAEECCA14D90E76330A1225EE4C5D668768723EACFE8,968f01e9e64bb56ed2fd77200ad975beafb41ac69c45d1b7a7b1f91508d8f225,13.624528005751042,0,2021-08,P0,1080,False,False
AA5F0F5AA957FD2E2FBAFACE8D483CDCC344DC851E294473B173E7BBC450B974,3CFCCCDE9893741B10B6B36508A628555A4DE2A5A92C0FF05C1D3811210CDFF4,968f01e9e64bb56ed2fd77200ad975beafb41ac69c45d1b7a7b1f91508d8f225,13.624528005751042,0,2021-08,P_ABC,1081,False,False
91F49601BC2D872063E4215D1738872F50C69E104DE28AF4C1976788982ECDA3,AA8A16E4500B8C4A5218978A2A497458CE290DE119B2CA13730C95EC2ADD6E89,968f01e9e64bb56ed2fd77200ad975beafb41ac69c45d1b7a7b1f91508d8f225,13.624528005751042,6,2022-02,P0,1082,False,False
EF40C7D7A185A1FB0CAAE299F2F9E7F04AB580B785692C19CE2753A6CE35D3FF,AA982C703C88F5AECC24160C06E40FFC9A0DA65FD52AA879B868C5285AEADF3E,968f01e9e64bb56ed2fd77200ad975beafb41ac69c45d1b7a7b1f91508d8f225,13.624528005751042,6,2022-02,P_ABC,1083,False,False
91E2887E35625ED82011026D489AF6126ED009A468A2A19C06860FD3BD96F186,C2598AD326302BAE776A8C45822A2321720173C3D90B0F71E5DAF314D628AC41,968f01e9e64bb56ed2fd77200ad975beafb41ac69c45d1b7a7b1f91508d8f225,13.624528005751042,12,2022-08,P0,1084,False,False
B3EF14A21FAB1F06CB5D94F6A730082A779AAA72B608A288890E9CD19317F2E1,F453CA314EA62EAB8CD3475B294C48232E41DABE6E8C9DC02856226F8E24DD9B,968f01e9e64bb56ed2fd77200ad975beafb41ac69c45d1b7a7b1f91508d8f225,13.624528005751042,12,2022-08,P_ABC,1085,False,False
1B4EB2A02D4BCAADB9E6DB09DA74CDEC540C858963CC4CC0FE554378E89D6E28,C2598AD326302BAE776A8C45822A2321720173C3D90B0F71E5DAF314D628AC41,968f01e9e64bb56ed2fd77200ad975beafb41ac69c45d1b7a7b1f91508d8f225,13.624528005751042,24,2023-08,P0,1086,False,False
9092D0E893DD58F6E5AAE5DDB7F4742CA50EABE0926C5598FCCA7598F4B20A23,220A580A0A70CAEE1E7C2CB806837F6E86ADFB7CE66B36FF4D601325F66F178F,968f01e9e64bb56ed2fd77200ad975beafb41ac69c45d1b7a7b1f91508d8f225,13.624528005751042,24,2023-08,P_ABC,1087,False,False
4F00740C78D75250B5258225A651F5389BB7EBBC3987E22A4AFD78F0113F57CB,C2598AD326302BAE776A8C45822A2321720173C3D90B0F71E5DAF314D628AC41,968f01e9e64bb56ed2fd77200ad975beafb41ac69c45d1b7a7b1f91508d8f225,13.624528005751042,36,2024-08,P0,1088,False,False
EFE9F015EFFD913844C6C1BEE19113235AC99A21EF3CF856295B9F6539DA61C5,4BD3C321C559B0E4BB8504A0E83F7FD80D2F36E1A0EE5728DAA475C6EB0D8DBD,968f01e9e64bb56ed2fd77200ad975beafb41ac69c45d1b7a7b1f91508d8f225,13.624528005751042,36,2024-08,P_ABC,1089,False,False
142C1FF1BD9874F931709B00D0B69CAD6E663839B23B1D67908A1A8A4B174FCC,B301A45F4E0741845D315CF496235330C6252BF8329C5724A4AE6E11D8BC8EC0,984618d962cfafd18cf3badcd41797799e2b7c5ab46831c743d803fd70936b2f,1.058090386623063,0,2021-08,P0,1090,False,False
9F26645CE949077F0B73A57ED1B19833D33E5AB42B88C8A292B325E341165DAF,AB356CCC9178C3C9BA542E2B3C837F2E00FCBCC23129FA82B91F2D371DC100DD,984618d962cfafd18cf3badcd41797799e2b7c5ab46831c743d803fd70936b2f,1.058090386623063,0,2021-08,P_ABC,1091,False,False
D5B3FA517467D6AAD9A9701156C37303FE0B42A9DEFEDE1BEDE8AB9395C750FC,B2995B1826A93DF0C73CD29B286DB18EDAB152049726E52B05F227B24AAE4EE4,984618d962cfafd18cf3badcd41797799e2b7c5ab46831c743d803fd70936b2f,1.058090386623063,6,2022-02,P0,1092,False,False
042A6D007E7537A67973CA62AE0486D835D47B40C1847328EE9FAB446636B3C0,6999E681FCD78559B6F7487AEAD2C53C38AAA0BA3EC5CB8E77A7EF4EE944748F,984618d962cfafd18cf3badcd41797799e2b7c5ab46831c743d803fd70936b2f,1.058090386623063,6,2022-02,P_ABC,1093,False,False
A2FD194EFF3BEC973F1402442DB647B9B0BFD9E9762F6FB0B0BF061087D5C839,5B661044DBD82BE4161096E75072D2D2CDF7F5C9CF318E5F9622BC9A7E5E48AC,984618d962cfafd18cf3badcd41797799e2b7c5ab46831c743d803fd70936b2f,1.058090386623063,12,2022-08,P0,1094,False,False
EE6C279C4CB099EE15FB965EAFDF360E0EB5205A710A76D76A41DDFB8589AE74,66A17303CF3DD9B86266310E70A3C25DE723D49DE0254038D3ED2B3D84F74C03,984618d962cfafd18cf3badcd41797799e2b7c5ab46831c743d803fd70936b2f,1.058090386623063,12,2022-08,P_ABC,1095,False,False
5B4109285D00DCD1B70F747C03BBD30717D9122D2DE6641D511194522B2302DB,5B661044DBD82BE4161096E75072D2D2CDF7F5C9CF318E5F9622BC9A7E5E48AC,984618d962cfafd18cf3badcd41797799e2b7c5ab46831c743d803fd70936b2f,1.058090386623063,24,2023-08,P0,1096,False,False
C8916E1AF92F81731F6639D58370C1E9C093979E5A396E366FAFBD284087476A,F3521FB5BF638B9E04E9AEFC724BCC3523E1DE4171F3EB32B4208860E711FD44,984618d962cfafd18cf3badcd41797799e2b7c5ab46831c743d803fd70936b2f,1.058090386623063,24,2023-08,P_ABC,1097,False,False
6E8E5EB8B638B85499C9FD0382F3650BB3DACE12683CD50927F4280EE0D0DF92,5B661044DBD82BE4161096E75072D2D2CDF7F5C9CF318E5F9622BC9A7E5E48AC,984618d962cfafd18cf3badcd41797799e2b7c5ab46831c743d803fd70936b2f,1.058090386623063,36,2024-08,P0,1098,False,False
27741A181F0FF98518094E5DB4D97B3030AC96FB7C0A8AF4A86D7CD1FD255A96,D9BFE5233ADE42CDC5BDB13D21AC42C3378E4F23D84CD78AC3BA44E181819E5C,984618d962cfafd18cf3badcd41797799e2b7c5ab46831c743d803fd70936b2f,1.058090386623063,36,2024-08,P_ABC,1099,False,False
C8320CE90437E80E062DE10395F6B3601FC4B93B3695EBF14C3261218C467B7F,5DE469F0F94309C966716F1A85A5DF2FADE6D5192D357223112677844721F610,9945b5a336590555ccb761d2b42beb25ebba557eaff174832aabff6d0eec8007,8.467442847685556,0,2021-08,P0,1100,True,True
158C067FE139F84029AC4D21DBBC1734DD5658A6E7466A7F3A768BA8D1653505,0BEF2E53462587656C44CDF1FA1AE2AFDF9C8960E8EC1229FF7469CE0BD71FCC,9945b5a336590555ccb761d2b42beb25ebba557eaff174832aabff6d0eec8007,8.467442847685556,0,2021-08,P_ABC,1101,True,True
93BA2394601CDFE6CE36CC20445CC1580F811511DD91554C67047BD4479F7C67,BE81E3E6D7D99ACE2FA11ED3415B4D1D325A29A7E1260DD2D59360DA42B3DAA8,9945b5a336590555ccb761d2b42beb25ebba557eaff174832aabff6d0eec8007,8.467442847685556,6,2022-02,P0,1102,True,True
D9B29D00DF9AD936073A9020C36B206930217E20FDE642207095C47BED5CABA1,70A900C7AE5D904FE476FD7C94C6BE714C2BCBE5909E369BACDF3CC29B720FDC,9945b5a336590555ccb761d2b42beb25ebba557eaff174832aabff6d0eec8007,8.467442847685556,6,2022-02,P_ABC,1103,True,True
12FF6D9B5743FBC9A2495D38002A3BF168A5BA60C60F2E193F99CC9FD5790EDF,F9898366F4AD32630FC030953C47C49A50462FC6925543A6ED6B9FF5E0F64851,9945b5a336590555ccb761d2b42beb25ebba557eaff174832aabff6d0eec8007,8.467442847685556,12,2022-08,P0,1104,True,True
C31C6619482711D89B693E398FF09CAB1700CD67EB797408D48774AFC94F3BEF,CD97D90183A8DCE155D73BF653BFE67D96ECC8B8976486885AAED4CA7D16C010,9945b5a336590555ccb761d2b42beb25ebba557eaff174832aabff6d0eec8007,8.467442847685556,12,2022-08,P_ABC,1105,True,True
D6C443AC9A27850DE627818AA27C5D20089A43B383209B2D5D12978DC2EF795D,F9898366F4AD32630FC030953C47C49A50462FC6925543A6ED6B9FF5E0F64851,9945b5a336590555ccb761d2b42beb25ebba557eaff174832aabff6d0eec8007,8.467442847685556,24,2023-08,P0,1106,True,True
DE21D51D1A78877A08D322E31298D4BD91D30499665869A2AC9F946F06FB6B48,34AE88B93A3110973592EBF0C69C1D4B695C244DD489D7E7C05EE24BCCC28600,9945b5a336590555ccb761d2b42beb25ebba557eaff174832aabff6d0eec8007,8.467442847685556,24,2023-08,P_ABC,1107,True,True
07A8E2DF42989A09A2B36BC385E89EBD36688442687AA56177C08BCDB3E93BE8,F9898366F4AD32630FC030953C47C49A50462FC6925543A6ED6B9FF5E0F64851,9945b5a336590555ccb761d2b42beb25ebba557eaff174832aabff6d0eec8007,8.467442847685556,36,2024-08,P0,1108,True,True
1389FD6EAEF36BC66DFDAA53E4F5D3E63AF978CC3B75A8E04E2F7D3019255484,EF39B15734BE8383F9313300615DEC1E76B94DEFED42D68CCFBC0D25B16D61A0,9945b5a336590555ccb761d2b42beb25ebba557eaff174832aabff6d0eec8007,8.467442847685556,36,2024-08,P_ABC,1109,True,True
22D91B8BC6FCF46BFD43DEF66BEB884E1C6993BA6422EFACCE83F120F014FB6C,DABCFDE2EF34FBEE5E413D00460EFEFC1108578F85A6D5C94C4D1E054FFACC53,99ee6c555339aa28f99127ac09978b97f7e197279f96f385f55504014c2e5f01,6.876591132076585,0,2021-08,P0,1110,False,False
847B6146F0E06071E2E7D01C95E700FE3C24F5DBD5E6746501B61163B0D1402F,36E47205496FCC7A0C65458A8FE69334FE0D348F0F1B86D6E284AE381D3E0DDA,99ee6c555339aa28f99127ac09978b97f7e197279f96f385f55504014c2e5f01,6.876591132076585,0,2021-08,P_ABC,1111,False,False
3E97E15A81A17C9F4CFD77A2C6552D9E6A6CD18C5CB4D443A668040FBDFD0A18,8FD4B63C592168F02EE10C1E038B770B40FE37ADB8DFE4635A4F78FDAF790E97,99ee6c555339aa28f99127ac09978b97f7e197279f96f385f55504014c2e5f01,6.876591132076585,6,2022-02,P0,1112,False,False
E148FD19AE105C0E23C9C96A3BE3FD017A44A7871346F6FA3703EF074ABBBB73,C8026CEE2EAF348AACD996FD2C4AF9A89F5B53304568404704ED2D426657908F,99ee6c555339aa28f99127ac09978b97f7e197279f96f385f55504014c2e5f01,6.876591132076585,6,2022-02,P_ABC,1113,False,False
DAC20CA2F780367D73931BCBD89BF280DAC1E54DB6E0A94EB135FFDA25DA396F,B26A13CCFDC389079F10C56FF13EC49748571F44183A8ADFFFA1E7C55AFD4ACD,99ee6c555339aa28f99127ac09978b97f7e197279f96f385f55504014c2e5f01,6.876591132076585,12,2022-08,P0,1114,False,False
43DF3AF491F48475C5AC186FF73B17A0894BCB69E1689249F97BB3630D8AB78A,56F25D61590CC3AD30D38B0348AE1A5721E9BEE72D5599CE9F226309E9FC6B81,99ee6c555339aa28f99127ac09978b97f7e197279f96f385f55504014c2e5f01,6.876591132076585,12,2022-08,P_ABC,1115,False,False
D79EB1E19C3CA1FFAAC20E85A31A4FD5F135452B83F69FEF4CC6899FA897004D,B26A13CCFDC389079F10C56FF13EC49748571F44183A8ADFFFA1E7C55AFD4ACD,99ee6c555339aa28f99127ac09978b97f7e197279f96f385f55504014c2e5f01,6.876591132076585,24,2023-08,P0,1116,False,False
0F902EF4F828F33FD8901E61EACD80DCF87EA309BE4F20962AE54D63FC43F364,981471AAAB8626D6FC503DABA62E5E64FB068EC6B4310ABB17C0D566ABABFE1B,99ee6c555339aa28f99127ac09978b97f7e197279f96f385f55504014c2e5f01,6.876591132076585,24,2023-08,P_ABC,1117,False,False
E82A43FF04649A1CF482B8568DF7DA27ACD2315B7D836C6EA7C494167DDE9835,B26A13CCFDC389079F10C56FF13EC49748571F44183A8ADFFFA1E7C55AFD4ACD,99ee6c555339aa28f99127ac09978b97f7e197279f96f385f55504014c2e5f01,6.876591132076585,36,2024-08,P0,1118,False,False
0BCC9F746573B52A6172C9B5CC080E8BF17EC7C7BE8BF7E0998298DC20DBEA27,657FB8CEDA10FA94DA151E30EB68086E6C3F058B40C4AC0DE2EBB64A885666C1,99ee6c555339aa28f99127ac09978b97f7e197279f96f385f55504014c2e5f01,6.876591132076585,36,2024-08,P_ABC,1119,False,False
28E41563770DB14DB65D8FCCEB46800B2132C5C781F6AC478426E98B9EAD2F5D,B12233CCB774F61B6BED17B495FCDA0F85E96217BAFB3BDC941F03AE470273CC,9aab2fb5de0d9b202757154e1cc5434f50ffca90b408e978db978509c8741de4,7.185220416774413,0,2021-08,P0,1120,True,True
F662A6A837B786CC1A58DEFD5C207DB830E11365EC00FCCD13CD749BE40F6511,CC330CE3946F92E47829C2F833FA64C13DB5C53A46F7ADEF564ACE58482B8233,9aab2fb5de0d9b202757154e1cc5434f50ffca90b408e978db978509c8741de4,7.185220416774413,0,2021-08,P_ABC,1121,True,True
4EB3F1494A3CABA79432570C990B2EC99A78D0193839359C03A5A829841CB895,E621916A990CFADB88D9A2EC28AA98A152CF16C8699DF9BFF155A567F1591757,9aab2fb5de0d9b202757154e1cc5434f50ffca90b408e978db978509c8741de4,7.185220416774413,6,2022-02,P0,1122,True,True
1BE7D1BFA6464C6F062FB23E16336D40D13FFCAFAF934085938CFD9819D51F5C,DC3E444FC49BCA7550B98FD0B16004A6C1C5A3BF3853001DE0E12A9128D8E8DC,9aab2fb5de0d9b202757154e1cc5434f50ffca90b408e978db978509c8741de4,7.185220416774413,6,2022-02,P_ABC,1123,True,True
9FF14E109518162DDFD5DAD0D65C6281816603EBFBFD00B53062F087108041FA,4323D223F87EAE8CCEFB6299C83B71EF86B51726A802F355EA0EA0DE3D4DA5E7,9aab2fb5de0d9b202757154e1cc5434f50ffca90b408e978db978509c8741de4,7.185220416774413,12,2022-08,P0,1124,True,True
A8F0E17762113EE51FC9F772F6F4DBEDB8612143EAC38CD0C60656C6EA76A61B,2AE0E5A33741DB823DB698528BA8B0FB0B3F2D01DC75E457715C0BD6BA2A23AD,9aab2fb5de0d9b202757154e1cc5434f50ffca90b408e978db978509c8741de4,7.185220416774413,12,2022-08,P_ABC,1125,True,True
952C2CE1DD2C07B30B98B765D2606B36B6469044D42BF1533F55380009F09EF8,4323D223F87EAE8CCEFB6299C83B71EF86B51726A802F355EA0EA0DE3D4DA5E7,9aab2fb5de0d9b202757154e1cc5434f50ffca90b408e978db978509c8741de4,7.185220416774413,24,2023-08,P0,1126,True,True
F93CB79B84A14D5997848D8AE6E6057A6FD21D5E948DC9B481021CF328C4BFCA,1DBACE9D37B068FE62FF74AAA80C5451BDA3614459AEEA2CAA4BA8C05CC8FA89,9aab2fb5de0d9b202757154e1cc5434f50ffca90b408e978db978509c8741de4,7.185220416774413,24,2023-08,P_ABC,1127,True,True
BF1AEA3979D785DFCEE466BA2445B0F937A0EB18A8200FBEE5817F80E1BEFC80,4323D223F87EAE8CCEFB6299C83B71EF86B51726A802F355EA0EA0DE3D4DA5E7,9aab2fb5de0d9b202757154e1cc5434f50ffca90b408e978db978509c8741de4,7.185220416774413,36,2024-08,P0,1128,True,True
D4DDE50281A62D62503A953F7C9966396FCDCDE98CC1E7F45B91567A3CC270A7,BD19ACEA68A6841CC1739F51BEEA43EC20AD953A1B116F3ADE5AEE3F1132AF23,9aab2fb5de0d9b202757154e1cc5434f50ffca90b408e978db978509c8741de4,7.185220416774413,36,2024-08,P_ABC,1129,True,True
18E76D91E6A99D40848FDE3A28546A5C65C9E8E387D35C5CFF6C143853CB0C06,443266620A3B371FF839A867D867D6C148DAF8F625E12098E474A51C967EE57A,9ac938a13b236dc1bb67c2356c4585870494e63b6eaab86af7368c2fc63285b6,19.230542711648614,0,2021-08,P0,1130,False,False
9B8E2EC948D7BE660F5103FE6AC954126EA21FC17975B46AFC3908CA8101DDFC,075144D04BBB2C63B937DB9C1194CC425573AB4EC560025A17F47ADE08A50734,9ac938a13b236dc1bb67c2356c4585870494e63b6eaab86af7368c2fc63285b6,19.230542711648614,0,2021-08,P_ABC,1131,False,False
FC2F09261BD3458295DFAA48A72E22A724D28F4D9BE78A6359888932BBCF7964,D1FC7E0BA3AA33810564D5E642068E8275FA73F4A27B5AA0DC80522A94BD7E3A,9ac938a13b236dc1bb67c2356c4585870494e63b6eaab86af7368c2fc63285b6,19.230542711648614,6,2022-02,P0,1132,False,False
FA474086EB0E03F1914600151815B8451CA517213DB93342FD17F0F117EC6599,A874DFAE99A337523050BBF21D75AB76AEFBA17F86A5E475B6E1EE7DA1FB98A2,9ac938a13b236dc1bb67c2356c4585870494e63b6eaab86af7368c2fc63285b6,19.230542711648614,6,2022-02,P_ABC,1133,False,False
92FC8C6ACF3E5E19B54A33CCB4F12755356276DF70FEA632B6A9213FA39AE7B5,2E838C192A5BF2BAD1DA1395FA1CE3A9D81E77D29182625FD90C6874322BF455,9ac938a13b236dc1bb67c2356c4585870494e63b6eaab86af7368c2fc63285b6,19.230542711648614,12,2022-08,P0,1134,False,False
B652A67B8AFDD7CC25C8E1F3A44340BA5A80785E017F3D821BECA7DD66332EFE,72CDA08E7B31E0F52D3D5C129528E2050C8138DFC584AD649A0749A54359AF5E,9ac938a13b236dc1bb67c2356c4585870494e63b6eaab86af7368c2fc63285b6,19.230542711648614,12,2022-08,P_ABC,1135,False,False
E3BEF6056C9FC18593731ADA6F83EC2B2971BA1A6670364461A59C7951D25678,2E838C192A5BF2BAD1DA1395FA1CE3A9D81E77D29182625FD90C6874322BF455,9ac938a13b236dc1bb67c2356c4585870494e63b6eaab86af7368c2fc63285b6,19.230542711648614,24,2023-08,P0,1136,False,False
E56469373459EDC95F91FE9668FB7CDD241A53739400AE1ED42A9279EE64558E,7CF84B54550E41111FA1C205E239D0D952BAD43428FC3ED150A40F86037D4E05,9ac938a13b236dc1bb67c2356c4585870494e63b6eaab86af7368c2fc63285b6,19.230542711648614,24,2023-08,P_ABC,1137,False,False
5739BCEA0F51EF1571397C2ECF6A94602F212C47C2BFBFB1C52E4CE7C843EBA3,2E838C192A5BF2BAD1DA1395FA1CE3A9D81E77D29182625FD90C6874322BF455,9ac938a13b236dc1bb67c2356c4585870494e63b6eaab86af7368c2fc63285b6,19.230542711648614,36,2024-08,P0,1138,False,False
BC9B2CBA1F2ABEACEDDE338D156A14D6B5276E640B7EF4CD693FA877D9E8004C,774E5CAB8534B89E5053CC884B1BBF0AEF4BCEB7757034E3134999E24DBBB217,9ac938a13b236dc1bb67c2356c4585870494e63b6eaab86af7368c2fc63285b6,19.230542711648614,36,2024-08,P_ABC,1139,False,False
A9CA3F3349320FF50F6AC5ED19E817675F4AE4ADF5EE59ECE112A63E6EE2F527,448E13DBE2A2CA86B5799DC079BA0DDA991CB97B8AC7B80016BAECADDD0C4DF6,9b299b896b21672fe5805d9809e1f0e689b49c602d7a7ff78033c5eb34782fff,0.8335038967856907,0,2021-08,P0,1140,False,False
508E6B121021AB4123346DCC200B0366CE79A3AAFD2E28E3A81265813DB58F82,CAB17F70729DD7162C27E97AEFA25AC4CA31354B91277AEDA32F899BFE2C0FBD,9b299b896b21672fe5805d9809e1f0e689b49c602d7a7ff78033c5eb34782fff,0.8335038967856907,0,2021-08,P_ABC,1141,False,False
30AF1786D1B281F7E435A365016A0A2F78F6E5ABE8A66F76BB2BA6E8FE74DCA3,0517A41BBDBBA1A2DA4E84BDCA701D2C8232FC2DFD86FABCF2911FD4D1598FB9,9b299b896b21672fe5805d9809e1f0e689b49c602d7a7ff78033c5eb34782fff,0.8335038967856907,6,2022-02,P0,1142,False,False
DF42B683907A6A25800EEB9D8049BEC1D9CADC5F2FC77F30D335218F0B0BFC8A,33FFE7685618619A10DAD8B0552E6D07C31BEBAE1251551C403EA6BEE2973C18,9b299b896b21672fe5805d9809e1f0e689b49c602d7a7ff78033c5eb34782fff,0.8335038967856907,6,2022-02,P_ABC,1143,False,False
DFB8A1AFD6AC82586D02019C24B1CFBCEECDE1250D3C4734D6597D7E21647814,EA0B7E79900A80D50EF4D8CE36E5CFC944931A66804EC4FDF1736765B79A4067,9b299b896b21672fe5805d9809e1f0e689b49c602d7a7ff78033c5eb34782fff,0.8335038967856907,12,2022-08,P0,1144,False,False
00BC9E927641251850450614DB507D45179936EF4110837C0472831B3D976FC0,F98BD61BDBC8938056FBE8405A9AC174A8AAB8FBB37114193B0C313A832539A0,9b299b896b21672fe5805d9809e1f0e689b49c602d7a7ff78033c5eb34782fff,0.8335038967856907,12,2022-08,P_ABC,1145,False,False
55D303D8BB0DE2EB5C1CA0EDE55CEF81F43824D83F9C61538584DC32CEABB274,EA0B7E79900A80D50EF4D8CE36E5CFC944931A66804EC4FDF1736765B79A4067,9b299b896b21672fe5805d9809e1f0e689b49c602d7a7ff78033c5eb34782fff,0.8335038967856907,24,2023-08,P0,1146,False,False
A8443155B9517135E042826CBD6750DCFA934014050FD5B4B34EB91630220E7E,604B40FAD2C095AF6D1E4AA8AC66E83CBE7D43E0869BA41A12D6F0054BC7FFD3,9b299b896b21672fe5805d9809e1f0e689b49c602d7a7ff78033c5eb34782fff,0.8335038967856907,24,2023-08,P_ABC,1147,False,False
8BA1FFC8E619E749BB0BDA92A4119E12923966C8FF32E3A59095B1184A52A39B,EA0B7E79900A80D50EF4D8CE36E5CFC944931A66804EC4FDF1736765B79A4067,9b299b896b21672fe5805d9809e1f0e689b49c602d7a7ff78033c5eb34782fff,0.8335038967856907,36,2024-08,P0,1148,False,False
C30C15CDE87209C2884452680B2F790C98B9D49C1AF486388F1092E62CAA8BBE,83FA47661A9E0667119072855A9B87CC23B3161DD0523539ED735C49D1400A2D,9b299b896b21672fe5805d9809e1f0e689b49c602d7a7ff78033c5eb34782fff,0.8335038967856907,36,2024-08,P_ABC,1149,False,False
E69986F8B1A3A84B3F55D4ABF79199FB592C67178B368041909279EF6877BA06,837A0BB10795EFBE3BF565D0B009E281EA768BCFFFB37D7DC38964BEC8531295,9d64b810c750f0bdb0f27944887115c978eeb50469cc6733814322632bd89d7d,17.911080364078845,0,2021-08,P0,1150,False,True
8A0A3517900C3461618B2F51C71AF417794686F66B50CF33FD929A22E8EDC7A0,7CB6E24E9BA1F0518EA08054444572696CC4D314551ABEFB059C8ABB367A46C5,9d64b810c750f0bdb0f27944887115c978eeb50469cc6733814322632bd89d7d,17.911080364078845,0,2021-08,P_ABC,1151,False,True
701FFDA61D7B2D28232B92A2335B5296B05DAB0FDBE1929206021032EC576AA1,44F7D8AEF49AEBECFE2545056E08BC9DB473C38E079F320B070008B609FF0DD0,9d64b810c750f0bdb0f27944887115c978eeb50469cc6733814322632bd89d7d,17.911080364078845,6,2022-02,P0,1152,False,True
47C45CB8DAC435F4382A8E072EF43B7482832F0C62256CDD924AF4C63367EEA5,FCE624F1D0926A325D24476AAB41799E1EAD95790E369E64C2CC9F18FE96EB50,9d64b810c750f0bdb0f27944887115c978eeb50469cc6733814322632bd89d7d,17.911080364078845,6,2022-02,P_ABC,1153,False,True
20BEA5B576427DFB7EB8BE08A857E0A1E0D62365A655C1694D4DCFC4921CAEA5,95D2CB49C15F950CC9EEB76D821B8352BAE644E523312ABF80D28C256AA27AE8,9d64b810c750f0bdb0f27944887115c978eeb50469cc6733814322632bd89d7d,17.911080364078845,12,2022-08,P0,1154,False,True
F417F6C9E979867FB761DC51E50EB49DD9D64DCA29C4873664A1EB809EC86121,7F00A45C21DE855632A5D059A8FF1F77D117D3A182AF4FBC19A747ED133B5770,9d64b810c750f0bdb0f27944887115c978eeb50469cc6733814322632bd89d7d,17.911080364078845,12,2022-08,P_ABC,1155,False,True
117652B279683FFB1B9F8A344B3AE6583457B35769B5A1D8C613E757FCD5DCD7,95D2CB49C15F950CC9EEB76D821B8352BAE644E523312ABF80D28C256AA27AE8,9d64b810c750f0bdb0f27944887115c978eeb50469cc6733814322632bd89d7d,17.911080364078845,24,2023-08,P0,1156,False,True
6E2A36BE7F9A4AC6CEAD28E2874B4351B958FE6CDAA294C441B57C6C1C788E56,BD06F753BE99690F838FE1251DEB0A958BD0CE4D798B7BF629D02D07ECED2DEC,9d64b810c750f0bdb0f27944887115c978eeb50469cc6733814322632bd89d7d,17.911080364078845,24,2023-08,P_ABC,1157,False,True
CC5BC77FD7668D31E26C3EEF462A5DF332CA70598A98B0F6393B4DC5FF3BCE31,95D2CB49C15F950CC9EEB76D821B8352BAE644E523312ABF80D28C256AA27AE8,9d64b810c750f0bdb0f27944887115c978eeb50469cc6733814322632bd89d7d,17.911080364078845,36,2024-08,P0,1158,False,True
BAA38B2690249B8DA7B2BCABA684D5F584FCC62EEBDDEAD6053F3A29E8CF314F,C93E3971FB5E92A222D480FCFA7906F89524814856BA160C0AF6E70695C09D85,9d64b810c750f0bdb0f27944887115c978eeb50469cc6733814322632bd89d7d,17.911080364078845,36,2024-08,P_ABC,1159,False,True
4597C210768BBF219E2FCB1DDC35ABE30CF6520D255495F0D8F388E130C9111F,6A53C7EBA92DC18434D359FA15783EE8A936D0DF0EF2556AB6D9EC64E8A4E4A0,a06ef688ecbc479d06e28b44ab292d5e9ca675e3ac0ce3909f11105c84fe6fd9,28.22871590615053,0,2021-08,P0,1160,False,False
2339A75ED74FF7C4315294E6FE2A630BB741A7DDBB55C900370160B664B32287,73E85088A362F704610B534E32C84851B3D2F7F81DC138F8DA809CA34CE11574,a06ef688ecbc479d06e28b44ab292d5e9ca675e3ac0ce3909f11105c84fe6fd9,28.22871590615053,0,2021-08,P_ABC,1161,False,False
95BA1184814161FD379DCBDA662A401CDE4E76A10685A62EDB2E65A3640726D9,2051F05D55A8E4F4C48A6EAC79D2E9D2BACADFCC152D4B7C4C9BB9AE3D6C1209,a06ef688ecbc479d06e28b44ab292d5e9ca675e3ac0ce3909f11105c84fe6fd9,28.22871590615053,6,2022-02,P0,1162,False,False
63DB41FBF1DE48A30D1428D5B4562E9CE60B2135C7C603760471DBA7154A82B1,C459D94823DD72D09574A6A9FF072C9218C5385955E487AF894ECD5E8AF6789B,a06ef688ecbc479d06e28b44ab292d5e9ca675e3ac0ce3909f11105c84fe6fd9,28.22871590615053,6,2022-02,P_ABC,1163,False,False
F5FFD7AE2E22ACF886E4F3DE3B64154F75F9C117D40BBAF7BF0A0651322D2426,341B6944982D81FB77E308E8BA588A8BAC7AE881D9334B08D99FF806ADE6EBDA,a06ef688ecbc479d06e28b44ab292d5e9ca675e3ac0ce3909f11105c84fe6fd9,28.22871590615053,12,2022-08,P0,1164,False,False
D99E241BEE47C817DB517640D547A02E2E39C3160F6B4077F35760A539D61DF9,9C13F0E52727F98F8307E119726D6B952F2193DB87AF74B0AF2EEFC273E09C30,a06ef688ecbc479d06e28b44ab292d5e9ca675e3ac0ce3909f11105c84fe6fd9,28.22871590615053,12,2022-08,P_ABC,1165,False,False
4117B309226FC0C53DF1CB061B29780FF5BB25C201D3773CEB815792D706F12F,341B6944982D81FB77E308E8BA588A8BAC7AE881D9334B08D99FF806ADE6EBDA,a06ef688ecbc479d06e28b44ab292d5e9ca675e3ac0ce3909f11105c84fe6fd9,28.22871590615053,24,2023-08,P0,1166,False,False
4E09C7BAD7CD68E4ECC77A1EFED7694A533E42BD9E64D20A7B2A81C22C1D718E,4D82FB620A69EAF22ABA69919812F73EE5FC52667B3D8192CF66762567F508B6,a06ef688ecbc479d06e28b44ab292d5e9ca675e3ac0ce3909f11105c84fe6fd9,28.22871590615053,24,2023-08,P_ABC,1167,False,False
9906F5D580557615C7E4162D3F08A29B5129BDC7CF440542F763EF383E9D0068,341B6944982D81FB77E308E8BA588A8BAC7AE881D9334B08D99FF806ADE6EBDA,a06ef688ecbc479d06e28b44ab292d5e9ca675e3ac0ce3909f11105c84fe6fd9,28.22871590615053,36,2024-08,P0,1168,False,False
33D354A297BA6B9BA313E009AFC17C868296C2080D80AE85F2C3DC5CD6D29735,90E6A15F94BAB1820E4E03C900EC0ABE48A9EDA46A72CD63060629FAB8864DEA,a06ef688ecbc479d06e28b44ab292d5e9ca675e3ac0ce3909f11105c84fe6fd9,28.22871590615053,36,2024-08,P_ABC,1169,False,False
548009FD116C9C56F1EC1B99F53A3F17F8A9C732279B1869340DE718C9C6B842,76DDC2C059ECC3108074A846EF17E0A11EF0676135F955F77D9AC119CAD6BECE,a0ac58f55c2e07a8d5a2bccdca9fa813e17209ef12bd179ae21e519658cf1a9f,15.163797343489252,0,2021-08,P0,1170,False,False
A895C5D394ACC0BFF2322B434BF9FE3E9F9E2BE7B1916EE76FCA882FEF10CD30,56AD9DC0446BA85829B3C54438A219B63441673543D8ACDBA760A6EC6104C264,a0ac58f55c2e07a8d5a2bccdca9fa813e17209ef12bd179ae21e519658cf1a9f,15.163797343489252,0,2021-08,P_ABC,1171,False,False
FFE2B66235F148AA85361046D340BD8A0C09D2A1B6095ECE4E4D7F51D6CE6A49,5A696C9A6171045D5F71F7F0AAEAD16588BE4F48F2B02A1B4CAE0C845CE018A9,a0ac58f55c2e07a8d5a2bccdca9fa813e17209ef12bd179ae21e519658cf1a9f,15.163797343489252,6,2022-02,P0,1172,False,False
A39AB9298C41940A4535465A98A68E4EF87CEBBE778B8BE84948F210E16596B4,77DB324D0DD269168C040DF2DAC6C0589704B2EB62C11EF0D5EDC7AFD78F5511,a0ac58f55c2e07a8d5a2bccdca9fa813e17209ef12bd179ae21e519658cf1a9f,15.163797343489252,6,2022-02,P_ABC,1173,False,False
10B4C7437FA69CF1E37EA637F3AF7EE34EC12C7CA1DCD64D3C5899FEE9626CB5,537344E635347610B3735FC6DD08A594ABA7F2D47ABC8BF10BE2A90BC1149915,a0ac58f55c2e07a8d5a2bccdca9fa813e17209ef12bd179ae21e519658cf1a9f,15.163797343489252,12,2022-08,P0,1174,False,False
600505363D0994B8115F6421772CF541A45F83E94FC4B757C378917E87B4EA32,E0F1DECDF053C018ED39071002E42D2669712CD317D7BA20A655E1976DB5F107,a0ac58f55c2e07a8d5a2bccdca9fa813e17209ef12bd179ae21e519658cf1a9f,15.163797343489252,12,2022-08,P_ABC,1175,False,False
DBC9358D994D2BEC492DD3FF1155FAFACF01AEC9D5F385C230FC5A4DE08578D8,537344E635347610B3735FC6DD08A594ABA7F2D47ABC8BF10BE2A90BC1149915,a0ac58f55c2e07a8d5a2bccdca9fa813e17209ef12bd179ae21e519658cf1a9f,15.163797343489252,24,2023-08,P0,1176,False,False
0019C2CB4481F4BA46404E506D21CA547D8E567B183A6A585407C6DB0EB5D75A,06EE6294ABCF871D0A1017FD24AC044B2F5A02876783A7514CF39407916D429B,a0ac58f55c2e07a8d5a2bccdca9fa813e17209ef12bd179ae21e519658cf1a9f,15.163797343489252,24,2023-08,P_ABC,1177,False,False
33D822FE2079512B7ACDD818123AC94B947849FCDD0A9CBDD2557FF9BB5A97D9,537344E635347610B3735FC6DD08A594ABA7F2D47ABC8BF10BE2A90BC1149915,a0ac58f55c2e07a8d5a2bccdca9fa813e17209ef12bd179ae21e519658cf1a9f,15.163797343489252,36,2024-08,P0,1178,False,False
73F8C0A93272F39722ACEE1A6D854974A60B04D4E3FE0E030347728A0B6F2600,B6616EB0763056206ECCDE0FD042EE3CC8EFD7D5F344077AC829C44B904B285D,a0ac58f55c2e07a8d5a2bccdca9fa813e17209ef12bd179ae21e519658cf1a9f,15.163797343489252,36,2024-08,P_ABC,1179,False,False
5782DFE4C356DC4D40EA2A008554DB9BDC3E00D96F8FCAD57D52D86BB6060A85,DDA125A49381BFDDE258D6F79AB5AB381389913E8ECB2FF92A6DE5382A2B5A60,a424013666600aed9f685be57e409944a018a578a39cd749daa9ea20d3411a8e,8.353925694401232,0,2021-08,P0,1180,False,False
14E720AE88509C657C46F9688736C90F2EF8F15750066EF724C1512B618D4B42,8F8C75386002AEF641FCC2F57887BEC46313CE966E740713DAC7307A97C821FC,a424013666600aed9f685be57e409944a018a578a39cd749daa9ea20d3411a8e,8.353925694401232,0,2021-08,P_ABC,1181,False,False
F4C98361D0890433977534A7C8C9CECDE31B254F87D0CF9C03D9C7F20836E8B0,C7E5994705D2AB2593E57802BA2C2B8DB72F64254F90B8D58754639E6743D543,a424013666600aed9f685be57e409944a018a578a39cd749daa9ea20d3411a8e,8.353925694401232,6,2022-02,P0,1182,False,False
23324021F7713C0036C70680C2D9598F469A3622DECBF7E34A11ACA4B286A1B0,893EE48976773ABBFBC3B6791BE27294FD5B9BCC162EC19D15958A16E8AE2DC6,a424013666600aed9f685be57e409944a018a578a39cd749daa9ea20d3411a8e,8.353925694401232,6,2022-02,P_ABC,1183,False,False
457E8EC45B38E973DD121C29BF9CBBDA0A93CC95A7CA775D91A6A614F0BF2CD4,7890A99ACEEB11771C57A38B045FC021D2F1F897A0145FD5DCF299512CCD9CA5,a424013666600aed9f685be57e409944a018a578a39cd749daa9ea20d3411a8e,8.353925694401232,12,2022-08,P0,1184,False,False
E19C12F7B1BE8462F4DCEE27F8DBA9A608E44BFFEC20AF978E466B0ECA6631E7,B277095CDE0D9248E5CFBB12F360ADC3E15675E2D4C69CDC50502D1DA906A073,a424013666600aed9f685be57e409944a018a578a39cd749daa9ea20d3411a8e,8.353925694401232,12,2022-08,P_ABC,1185,False,False
18CB00270680FD76C0EA0366D136F6AB1E8AABE868F62046D4FB2B67E493F8DA,7890A99ACEEB11771C57A38B045FC021D2F1F897A0145FD5DCF299512CCD9CA5,a424013666600aed9f685be57e409944a018a578a39cd749daa9ea20d3411a8e,8.353925694401232,24,2023-08,P0,1186,False,False
F5459FED87A9E40E443871500D8FDE2981C966A95830FA5FCCBBF7D6F636F634,4906D76FBCE1C184FD828BC299FADC10E66BD7DAEF99D2DD3A8D9ED267F99A5F,a424013666600aed9f685be57e409944a018a578a39cd749daa9ea20d3411a8e,8.353925694401232,24,2023-08,P_ABC,1187,False,False
30DF28FB5A6298629F18754C85B7851F99F477F1B23B62A88D5B006265F28A6F,7890A99ACEEB11771C57A38B045FC021D2F1F897A0145FD5DCF299512CCD9CA5,a424013666600aed9f685be57e409944a018a578a39cd749daa9ea20d3411a8e,8.353925694401232,36,2024-08,P0,1188,False,False
6104F866B9EE0F407B857043B7D33950820418B368CF3154C931C624BE165E4A,4C4E257EDDCB12B928C79FF4AA96B12DBAE5BE85FBB07E6BB650CD5C14690641,a424013666600aed9f685be57e409944a018a578a39cd749daa9ea20d3411a8e,8.353925694401232,36,2024-08,P_ABC,1189,False,False
4D207CC35ED16CA4F391B26ED1E78FD28CAF7D3E1DD32BACF7D24D60D1F13B93,766110713BF1054B0F0DA330B7D82172DE42068A0C2AEFBACBABF02133EE1F8B,a4e62957fd8d709175ca1328b86366d02860112f170cd8b04a1283364e56cba5,1.4275394503628211,0,2021-08,P0,1190,False,True
27E666AA903621AB1E82E482A7303B8B102654A34507B78FAC7AA50E4B1453CD,2C972FE7162DAC5B9E0C05183F6C4B9978DFC1EC113AC77CF21EB6892AE6BF8D,a4e62957fd8d709175ca1328b86366d02860112f170cd8b04a1283364e56cba5,1.4275394503628211,0,2021-08,P_ABC,1191,False,True
BA80482B2CDB7C4CF36553401AC98F8246A9D5716F9F084F3D58788CEDFB26CB,09D12A15E322835AC96FC961D49068F8CF75BB91D44CC46E7E17E97ABFBE8A79,a4e62957fd8d709175ca1328b86366d02860112f170cd8b04a1283364e56cba5,1.4275394503628211,6,2022-02,P0,1192,False,True
06D54F72F539E1BC4C6AEFF85B85B53B9A322A0C4300DF13314F012DA429FAD6,BA251506E1B7FC67152B4A20BD60164D024FF62A0E36D7EFEA44FD4C8E6D2FF7,a4e62957fd8d709175ca1328b86366d02860112f170cd8b04a1283364e56cba5,1.4275394503628211,6,2022-02,P_ABC,1193,False,True
C834031FA9F585AAE3C12FFC775F74A088688681C642C098C423B0E67F53E1CA,F3989B93885A9AAF355E12770B9039A5E45C210BC95889E3FCDFC07F44D8A790,a4e62957fd8d709175ca1328b86366d02860112f170cd8b04a1283364e56cba5,1.4275394503628211,12,2022-08,P0,1194,False,True
F6025E42EB65B776BE5CF42BF48FBA370A97C55E0BF2F5EC0C02A585CA6C9594,3706F57F4A78762F6DA91A1E872256143FFE4766E7FD38C0D5649B586221A06E,a4e62957fd8d709175ca1328b86366d02860112f170cd8b04a1283364e56cba5,1.4275394503628211,12,2022-08,P_ABC,1195,False,True
161C04D3538F7CF402B1A6B6F2032A41E9EB810D308CB6E647A117396F5BDCD7,F3989B93885A9AAF355E12770B9039A5E45C210BC95889E3FCDFC07F44D8A790,a4e62957fd8d709175ca1328b86366d02860112f170cd8b04a1283364e56cba5,1.4275394503628211,24,2023-08,P0,1196,False,True
0103C2BA10FC0D78677555714F0051A5DF7845192882D4315BD4E04ACEF7F2E0,2C407D6732661450837F40B7663D4CF10FBB777D2FBFD42EB46578FA05AD0B96,a4e62957fd8d709175ca1328b86366d02860112f170cd8b04a1283364e56cba5,1.4275394503628211,24,2023-08,P_ABC,1197,False,True
2656B2AB0A3F38663C096A42993046407E12BC2E0CE932946CD499BBFD51F922,F3989B93885A9AAF355E12770B9039A5E45C210BC95889E3FCDFC07F44D8A790,a4e62957fd8d709175ca1328b86366d02860112f170cd8b04a1283364e56cba5,1.4275394503628211,36,2024-08,P0,1198,False,True
1D5EB4691CAE8FF5CC40761898CC552893709C255B1A91296ABE99B8AF2C63D3,C82D867A6F625923ABEAB0EE8728F0C92B13B831DD42187FEBC06FCCCA938043,a4e62957fd8d709175ca1328b86366d02860112f170cd8b04a1283364e56cba5,1.4275394503628211,36,2024-08,P_ABC,1199,False,True
BCBDBD62454D2DB84382B82420BAD0C0E0789CE3EAE38C9DC5B93018585DB676,E5C13E1FE8611D36EAE846B2CDB773B5FF53B87C452C901DBC1E9DD5115B527C,a52e595ce2c7b03f312ea7ff3dee7544716c7e482f3c1cf81187ba627a766c03,8.732845308192207,0,2021-08,P0,1200,False,True
653761E09ACBBF63E39CA408D39A56C96E7BE6F50C0CB2B0CA1332B034726CCD,035419E6E3BA3E9970C2E4D1233734E4B01F3F1CC57B324576FABE69672186FC,a52e595ce2c7b03f312ea7ff3dee7544716c7e482f3c1cf81187ba627a766c03,8.732845308192207,0,2021-08,P_ABC,1201,False,True
0399D53D3721E88BDA90AFD38FB09BD1CE0E4EE681AF477035DD99311B1AD2DE,0D06684999B0EF3C53B2DD06CE417611FBBD523F159A4A20EC23273DDEF2EB25,a52e595ce2c7b03f312ea7ff3dee7544716c7e482f3c1cf81187ba627a766c03,8.732845308192207,6,2022-02,P0,1202,False,True
38CDF284855BE418F0EBE76CCBD8B4C5E080A084C1A7654B5B3D7F6EB3CD9251,15D198933D83A1E86151F0C6EBE8BAC480091C67E7A51A6AD21E4B84C8959D0A,a52e595ce2c7b03f312ea7ff3dee7544716c7e482f3c1cf81187ba627a766c03,8.732845308192207,6,2022-02,P_ABC,1203,False,True
0B2E0B61C0424AE589A680CBD23A134FFCC7FDBC12EFA0697DFCB479D749CB23,8B7B732DDEF41055795A740CB90503685C3ECF96E81D05B65951A7C5C4AB3159,a52e595ce2c7b03f312ea7ff3dee7544716c7e482f3c1cf81187ba627a766c03,8.732845308192207,12,2022-08,P0,1204,False,True
C30093AF16BB5E783E35769519518196242E1A1184147184F68DD8869494B193,69AE4BE6056F59C30BA1FE4FDC1C3254054A70414C815C0B6126D8AAD5102914,a52e595ce2c7b03f312ea7ff3dee7544716c7e482f3c1cf81187ba627a766c03,8.732845308192207,12,2022-08,P_ABC,1205,False,True
7E9EEFBD178A9FB3F2AAF15865B66F671621E6EEF180B3E43ADB34E2E6F628F3,8B7B732DDEF41055795A740CB90503685C3ECF96E81D05B65951A7C5C4AB3159,a52e595ce2c7b03f312ea7ff3dee7544716c7e482f3c1cf81187ba627a766c03,8.732845308192207,24,2023-08,P0,1206,False,True
2CA46BED5DA019610D88A79EA3272B9F4AEA0D6BD5201228E00897C250C00CBF,DB03ADCEBD5177295FD3910D8CDB2C843AB1027B6CF9FBA2E887D748B84771A7,a52e595ce2c7b03f312ea7ff3dee7544716c7e482f3c1cf81187ba627a766c03,8.732845308192207,24,2023-08,P_ABC,1207,False,True
24FE94DBFED0EF8B4548FA0678E856224A9CEAD82295BEA082D77711D1AF43F1,8B7B732DDEF41055795A740CB90503685C3ECF96E81D05B65951A7C5C4AB3159,a52e595ce2c7b03f312ea7ff3dee7544716c7e482f3c1cf81187ba627a766c03,8.732845308192207,36,2024-08,P0,1208,False,True
B1A65291BA17D3E42F1AAF659F0F8191ED99A6A15089EE996FB8F7F804C4F4A0,90B80687EECD02AEC842A88C9F8B9406347E9CD328B49AF848E3EF45F3302EF8,a52e595ce2c7b03f312ea7ff3dee7544716c7e482f3c1cf81187ba627a766c03,8.732845308192207,36,2024-08,P_ABC,1209,False,True
539FFAD519E43BC91956DA070B73C50BCB5BE2EE00DC54E0AC08574C5440A2D3,C3FBF1DF127C50BE47F0044CE29CB7AC7AB40A36E55A8337E0FF0FD5594D8802,a5a18a9da43c04de2230423fbc3ded16096809d351f7dbb33745afaabfcbd343,4.267022487330272,0,2021-08,P0,1210,False,False
4895E1A0168ED28CD13B469670CB9064CAB66C4368B05EC2A72247C5B37053CB,4D5D28A348495E0DD82F53ECF0326D2D825DCD6758E8C4945941C269B13A35DB,a5a18a9da43c04de2230423fbc3ded16096809d351f7dbb33745afaabfcbd343,4.267022487330272,0,2021-08,P_ABC,1211,False,False
5B8EECE451BF473C5DE8181E5C3D9168BF5EFC3CAE32A39F1B457ECF5BDE2105,F23F7767B54094282185B8304312677EF4C49D8603F289F4D92CC78A817AFBEA,a5a18a9da43c04de2230423fbc3ded16096809d351f7dbb33745afaabfcbd343,4.267022487330272,6,2022-02,P0,1212,False,False
8070E54F538818AB323960851766003C00D275E4ED0B485AD55706634F5CC55F,EF6756DFB4163688A5F8DDFE379A6EEC5BF91C47F724913BC54DA8EB07908705,a5a18a9da43c04de2230423fbc3ded16096809d351f7dbb33745afaabfcbd343,4.267022487330272,6,2022-02,P_ABC,1213,False,False
82D74C78490A1E1C59BB607D1646FA5BEF648180B272A6C7F30CFD16B25828AB,DDB5BFC86B03D176C17804C3B7442C60CA89BE7171CDE265BFF718FED451C0C7,a5a18a9da43c04de2230423fbc3ded16096809d351f7dbb33745afaabfcbd343,4.267022487330272,12,2022-08,P0,1214,False,False
55F5F99BA12B6F51D1FA3E6B4F1DCCD03DDC2DEC7A3F97A6A7E8B709537ABA48,565E06C49A6785AFCC13C48E39772A7CBD8B73C67995387B6A6109E9B5102FEB,a5a18a9da43c04de2230423fbc3ded16096809d351f7dbb33745afaabfcbd343,4.267022487330272,12,2022-08,P_ABC,1215,False,False
653875FFA2AF27643CB79461A9CCDA66A5A6030FD885A52AA9BFB7C111D2C71C,DDB5BFC86B03D176C17804C3B7442C60CA89BE7171CDE265BFF718FED451C0C7,a5a18a9da43c04de2230423fbc3ded16096809d351f7dbb33745afaabfcbd343,4.267022487330272,24,2023-08,P0,1216,False,False
00B4A45703774389CAC7310389B2889D36C4F4E303BEDF9A5002CB0AF4E8F909,45E1DBF6C0F5082B4FBC1293839BCBC0B56DFF412A4CB6FC3187ABA51ED2BDDD,a5a18a9da43c04de2230423fbc3ded16096809d351f7dbb33745afaabfcbd343,4.267022487330272,24,2023-08,P_ABC,1217,False,False
FF773598F9646A22EE210E7B2578489F6BA26E836AC664854543AFACBB41623F,DDB5BFC86B03D176C17804C3B7442C60CA89BE7171CDE265BFF718FED451C0C7,a5a18a9da43c04de2230423fbc3ded16096809d351f7dbb33745afaabfcbd343,4.267022487330272,36,2024-08,P0,1218,False,False
D078BF844B5C6786E49CD5A201B60CE7383C6842C374589AF303DF05E1081A30,FECCA1F5B12FEB3CA8D0DCFCB7E6BE5DBBDEA83130D11058744BBDBEAAE2BD02,a5a18a9da43c04de2230423fbc3ded16096809d351f7dbb33745afaabfcbd343,4.267022487330272,36,2024-08,P_ABC,1219,False,False
9A6D82536C7E4E8EB3ACAED0ACEE9E8A88CA61F1D32B08F3A7A25CB8F03E2AC5,FE5D91C3D6E06210081A03368405730606A27A5AFB617D86543A9DDD0D60871B,a643aee9bcd471ab8af87f09d2bf4c6f4123e7bb12ed4d0103a5e201ed06e2dc,19.189850617312903,0,2021-08,P0,1220,False,True
803E8EABD82A72519E8AF256220BE98A702C7A26034079AF6C3A6FDF126CF1C2,136685695D32AA4D2EC0D2751A311953FCA2ABFF6DA10414CF4D52D9CB4BF664,a643aee9bcd471ab8af87f09d2bf4c6f4123e7bb12ed4d0103a5e201ed06e2dc,19.189850617312903,0,2021-08,P_ABC,1221,False,True
2FE5BA717BF62E7BAD49F30F6962536945C56E078995ACE938C7400E4445F699,0A8BB5527555A1D402F4BDA116AACDE9D05BF97FCFBFFBF94295A04A0DA9E365,a643aee9bcd471ab8af87f09d2bf4c6f4123e7bb12ed4d0103a5e201ed06e2dc,19.189850617312903,6,2022-02,P0,1222,False,True
FE3219A966699862D1F885A6FA2F9C19410C2167294DE7EFD3738701926B7E21,68C631902A06EDCF77757CA308EB1526F8994111F71EA6A021578F29C8F27EE6,a643aee9bcd471ab8af87f09d2bf4c6f4123e7bb12ed4d0103a5e201ed06e2dc,19.189850617312903,6,2022-02,P_ABC,1223,False,True
BA1E42F70F9E391CE7F8337CCBE1BEF3B40515502F8D1F16A6088CA42C5DAC9B,FB61ECF465544EED16E828E501F90F23893D6E548F339387D2E2502073AF81D0,a643aee9bcd471ab8af87f09d2bf4c6f4123e7bb12ed4d0103a5e201ed06e2dc,19.189850617312903,12,2022-08,P0,1224,False,True
AA1C8C89C7554FCEA2B00D47E866F1C011EB872C53CC144BB6E3F5B4B22A6B41,B87DA3599240CB976758896B20C8FE9DCEFC134E503F3DEB6B673857EFB776D6,a643aee9bcd471ab8af87f09d2bf4c6f4123e7bb12ed4d0103a5e201ed06e2dc,19.189850617312903,12,2022-08,P_ABC,1225,False,True
11B96A3F35B67E1551C2D95741BE5B230897F98E520A71EF6C5115016BCD2908,FB61ECF465544EED16E828E501F90F23893D6E548F339387D2E2502073AF81D0,a643aee9bcd471ab8af87f09d2bf4c6f4123e7bb12ed4d0103a5e201ed06e2dc,19.189850617312903,24,2023-08,P0,1226,False,True
616867D2D423D399E916179CD6DEC2883E92B597954E88457D8C39BE0F4FE03E,12322C2C6AA51E712E0CD49E40938348A04A557CC94CD22709EF09F294FD6799,a643aee9bcd471ab8af87f09d2bf4c6f4123e7bb12ed4d0103a5e201ed06e2dc,19.189850617312903,24,2023-08,P_ABC,1227,False,True
697C4C85D9E1AE9020986E479F8E1B9B5B3FCB20DFE112F3308605709A66C8F0,FB61ECF465544EED16E828E501F90F23893D6E548F339387D2E2502073AF81D0,a643aee9bcd471ab8af87f09d2bf4c6f4123e7bb12ed4d0103a5e201ed06e2dc,19.189850617312903,36,2024-08,P0,1228,False,True
12243ADA0017E37FEF3163BFBD2A23444D70E9881E086B063090503683FD2E30,FE8476FCE1E2232F61D6D43DA7F42DE422D87E770D41D1C3EAC3C786B13025D3,a643aee9bcd471ab8af87f09d2bf4c6f4123e7bb12ed4d0103a5e201ed06e2dc,19.189850617312903,36,2024-08,P_ABC,1229,False,True
2BD2E2227B7229AE6A8DC979532B87A84EE0F1A36DE18C852145755497F2DB31,4F39E28E9842536FF728F20DC25BD57013C19ABE210D63AE939E7543B84F822B,a6a2755298e706b76b278b25bf079138fd40e339ee244431b27e48a37722e299,3.319254576402176,0,2021-08,P0,1230,False,False
09640354920BA4F53CD6039DF9DF6939DCE52D6649DAEB63672AA5AF4B489892,D0B09A26373C04830F4C0D4EE4870CECF43CE0E18994EFEE3DE17AFCDACE2221,a6a2755298e706b76b278b25bf079138fd40e339ee244431b27e48a37722e299,3.319254576402176,0,2021-08,P_ABC,1231,False,False
A5F293C6DD01D45798240BD0056DBAC554386BC071E9DD8886FC4032F6C90210,16C5DD12B341F37AA31FA0EC56216C44AC3CCB8FFDF49A1A42596D3C4108E944,a6a2755298e706b76b278b25bf079138fd40e339ee244431b27e48a37722e299,3.319254576402176,6,2022-02,P0,1232,False,False
5DAB713D1E777BC32D5796E05964FC230CEB5385029B693A717228E64FF4FB22,B1D4CFE952056C81D9CD14A39D3DFE6AEBFC4138738C843FAF802C436CCB97E0,a6a2755298e706b76b278b25bf079138fd40e339ee244431b27e48a37722e299,3.319254576402176,6,2022-02,P_ABC,1233,False,False
58562FEE3BD547087A5B817EAF15344B82E24E927397168D7D7E43B3EACB300A,58BF370829573260A516A8086F70C0F7969EE9D3E29DA4578EB35F8852A17DAB,a6a2755298e706b76b278b25bf079138fd40e339ee244431b27e48a37722e299,3.319254576402176,12,2022-08,P0,1234,False,False
3CC355D274833BDBBAFF651B1B361A1D6DBD2F68F21FC2E95E2DBF7E998295E7,E8572209B030549980416C938CB046AD7F1AB388A56033A57B0A57859E819BBC,a6a2755298e706b76b278b25bf079138fd40e339ee244431b27e48a37722e299,3.319254576402176,12,2022-08,P_ABC,1235,False,False
387BFC50AEF73A2F8C994493D4B5D9097B4AFB68F9942FC4496B37E22BD1D34D,58BF370829573260A516A8086F70C0F7969EE9D3E29DA4578EB35F8852A17DAB,a6a2755298e706b76b278b25bf079138fd40e339ee244431b27e48a37722e299,3.319254576402176,24,2023-08,P0,1236,False,False
46212B3B5929D826F86FD0430FC3D7D69DD52D02267EFB19936B84749F3F1274,1F5993C39EE1ADC8CECC4F39FAA588E41FEDA7C13D57ADA0514F214184857040,a6a2755298e706b76b278b25bf079138fd40e339ee244431b27e48a37722e299,3.319254576402176,24,2023-08,P_ABC,1237,False,False
387D4D4B4660EE50C9744158453667608A1DEFCEEF5BAFAAABAA96C50302A738,58BF370829573260A516A8086F70C0F7969EE9D3E29DA4578EB35F8852A17DAB,a6a2755298e706b76b278b25bf079138fd40e339ee244431b27e48a37722e299,3.319254576402176,36,2024-08,P0,1238,False,False
B2FB335835A5423287C90BF451BFDC4C68991E6D29E7C06BD23E1967FB550848,30F8DABA6E2CDDDFF5A6BC13C43A0DA8FAAF5B7B0E69C25A5244314E926E2DE9,a6a2755298e706b76b278b25bf079138fd40e339ee244431b27e48a37722e299,3.319254576402176,36,2024-08,P_ABC,1239,False,False
4D2C931CB59815AA61732103BBFE1E057CD4DD8A0007EF91800FD5EAD1517675,3EF0917FA203D913AD90B74635584E9AE2276A5F2BF3F38D3BB5D713AD80D731,a77a893ae888b3930e5d61c0708f82b0910c84e163e3788fc638fd6e0005d01c,0.8649391831620742,0,2021-08,P0,1240,True,True
D1119C7A6C5A056FBFC4834A0905E59643867BC800A2B3E95B20795B30D373D4,A57A51E91A9A5B188D6F880582EAA0458ADEAB98A8CE81D626CEB1D539B09648,a77a893ae888b3930e5d61c0708f82b0910c84e163e3788fc638fd6e0005d01c,0.8649391831620742,0,2021-08,P_ABC,1241,True,True
637F267E103973EC15E81A590075E1AE8682696025FD9E00A789C9F3023D203D,C148501BA2EE05731ADCBEB2C6C42DCB8C3E9F451A248C0B5AA494FEBFA38DE9,a77a893ae888b3930e5d61c0708f82b0910c84e163e3788fc638fd6e0005d01c,0.8649391831620742,6,2022-02,P0,1242,True,True
09F7C8578154BC55103ED0829514172FD0D6E422A14856501C074D3ED0BE7336,4855B8B32C54DB0787D6AE014B40E18D0D551ECE4B6452C165C33A6F3DC33269,a77a893ae888b3930e5d61c0708f82b0910c84e163e3788fc638fd6e0005d01c,0.8649391831620742,6,2022-02,P_ABC,1243,True,True
D3E88BC79765D5C08B9DCF92623A00B8C18BB91447A19BAB315F54C7B031888A,DA7C7988B77A2C007D7AD5513C55CD7F8A4C2A0E92E7B62036E85708BB3B657B,a77a893ae888b3930e5d61c0708f82b0910c84e163e3788fc638fd6e0005d01c,0.8649391831620742,12,2022-08,P0,1244,True,True
27A22397092CCDF6D5FEE9CF7B008B9B893B777B334E1623746622F1B24FD9F6,0AD3B99659A6AA1A2E5EAA9BB9920750A2E6BF4B8C1DF564640DE5F79C65CA69,a77a893ae888b3930e5d61c0708f82b0910c84e163e3788fc638fd6e0005d01c,0.8649391831620742,12,2022-08,P_ABC,1245,True,True
AEE10DF2AA97573BDB4FD60E52141174DFE6BE82E000D42436B7A3E0431E957F,DA7C7988B77A2C007D7AD5513C55CD7F8A4C2A0E92E7B62036E85708BB3B657B,a77a893ae888b3930e5d61c0708f82b0910c84e163e3788fc638fd6e0005d01c,0.8649391831620742,24,2023-08,P0,1246,True,True
FDA8795BD4CABB8821C0D762F82A5EED8AD796199A679DF5D6A0A63E062F334C,FC82ACC95DBABAB469F29AE8D50CB2BAF7DE0D3160A7D30905E7EE0496146115,a77a893ae888b3930e5d61c0708f82b0910c84e163e3788fc638fd6e0005d01c,0.8649391831620742,24,2023-08,P_ABC,1247,True,True
74617CC33C355BF84ED1F805D0FA8D31E595AE4ED83DE28F17CD33D124D2E314,DA7C7988B77A2C007D7AD5513C55CD7F8A4C2A0E92E7B62036E85708BB3B657B,a77a893ae888b3930e5d61c0708f82b0910c84e163e3788fc638fd6e0005d01c,0.8649391831620742,36,2024-08,P0,1248,True,True
8EE810A48436EE72E2F1680474D3E359CE54DBAEBE4F19459B04D61EC92597EA,F525A8FED9E36B0CF504B859A8FF2F25995CE96B7E69C664352315ADBCC5DB82,a77a893ae888b3930e5d61c0708f82b0910c84e163e3788fc638fd6e0005d01c,0.8649391831620742,36,2024-08,P_ABC,1249,True,True
F853EC0956BB5F947B2C65FFA8BD5BB972837A459FBBB6F166A23FE8F5DA4BEA,8480385772D46E117FB6E17CDFB54E4600A6A090EDE416C9BC8DFC68ABEF8F93,a836ca2c456cdbc61f2f9616456f356aedaa12618ec9d3c2c5a1e3c823bd0324,2.5832232051792627,0,2021-08,P0,1250,False,False
9F2E3D78F02F8DA0432167BE4184909229D5E3C6D5D0D4D3EB19C103B744196D,67ED81CD757783813B72385EF50FA59FF9AB977B83EB818B98C43D41C2A074AF,a836ca2c456cdbc61f2f9616456f356aedaa12618ec9d3c2c5a1e3c823bd0324,2.5832232051792627,0,2021-08,P_ABC,1251,False,False
778D679D6F3CBDF294B53C80411D82106A0D1F37E02D411A0B90963AD0DC0C9E,78DA963422791FF37297838FB7A2BF67C9954196754F299B6D2B91727D958032,a836ca2c456cdbc61f2f9616456f356aedaa12618ec9d3c2c5a1e3c823bd0324,2.5832232051792627,6,2022-02,P0,1252,False,False
84D2FA83FC8EA3D150A363644B4AA913BAC7060C1B3C12573713EF1C2E7DFDD7,18E180BD36F84104AFCBB0B314398F0AC0B7937DBBF9B6E2AC997BB85C83D44C,a836ca2c456cdbc61f2f9616456f356aedaa12618ec9d3c2c5a1e3c823bd0324,2.5832232051792627,6,2022-02,P_ABC,1253,False,False
BDA4BAC69B5465B088B00D7D246CA6EB7853D38686AB371617C457171B791272,BF752D5AA8F98E944A6C99A17050F8D2CAED0D976EE6043AD42CBE7CECDCE920,a836ca2c456cdbc61f2f9616456f356aedaa12618ec9d3c2c5a1e3c823bd0324,2.5832232051792627,12,2022-08,P0,1254,False,False
086C8B3D9447A51AFBD42D50AC2C6F7758281CFFEBAA9C594E83BD4503C389F1,904FA51450C1DB314B67C034DAD68CE6EE7706C70406F9BE7A204F0D33B67562,a836ca2c456cdbc61f2f9616456f356aedaa12618ec9d3c2c5a1e3c823bd0324,2.5832232051792627,12,2022-08,P_ABC,1255,False,False
7396A0401E982874EFD0D370F777524BAF11631402BBFDC1B38C3281073014BB,BF752D5AA8F98E944A6C99A17050F8D2CAED0D976EE6043AD42CBE7CECDCE920,a836ca2c456cdbc61f2f9616456f356aedaa12618ec9d3c2c5a1e3c823bd0324,2.5832232051792627,24,2023-08,P0,1256,False,False
DB8BDFEF630040FBE92381FE904F297C2ECF8F995FC3EC5837AAAD4C6D08B6E9,30FAB4576AD7E155F43E1B3BBD40C8AF05066AB89AA498A82443F64F11AE30F9,a836ca2c456cdbc61f2f9616456f356aedaa12618ec9d3c2c5a1e3c823bd0324,2.5832232051792627,24,2023-08,P_ABC,1257,False,False
B05C8EA0D3438D347A59EC2E41D062CC4CBEE9ABC3BA108232B90AB12D3FA2A2,BF752D5AA8F98E944A6C99A17050F8D2CAED0D976EE6043AD42CBE7CECDCE920,a836ca2c456cdbc61f2f9616456f356aedaa12618ec9d3c2c5a1e3c823bd0324,2.5832232051792627,36,2024-08,P0,1258,False,False
89B22E13F54D8620BA8E7B8E6136D3441403940F466011B619CCE758FABED9CF,FD5ADF70BA184AE758150A34547FE247B8797BA7F86CCD1257BCB460DB249F2A,a836ca2c456cdbc61f2f9616456f356aedaa12618ec9d3c2c5a1e3c823bd0324,2.5832232051792627,36,2024-08,P_ABC,1259,False,False
E2FAE4020D4DA4B04F45E303C61284A5A8BBA5C6358272F00AC61574DC1C734D,486C42363E417D963DF832C2083AE9C11FB0BA6A23A709B1495F338A4CD03FCF,a8b5e3241ca1dbc7352f4371f71f00bdc5c4e1918df02ba33d05422ae59094b2,9.931562610575854,0,2021-08,P0,1260,False,False
B1D4014926A4B9C6D089DAACAA8D5DDD2DB6517133F8B83041B035D726E62782,7B5AF58037B44F2B31360CDEF2AED28F3D180F110E4CD12B0C6F4D0EEF29124F,a8b5e3241ca1dbc7352f4371f71f00bdc5c4e1918df02ba33d05422ae59094b2,9.931562610575854,0,2021-08,P_ABC,1261,False,False
E8582C7A0DD34AD46958631EBC1E269BE6FB4643C8040FA1E84C65EED9F37EFB,BAF855B2BD80107E2D35F3996E8330C354DCBB2CA91B83797265027DD14AE3D0,a8b5e3241ca1dbc7352f4371f71f00bdc5c4e1918df02ba33d05422ae59094b2,9.931562610575854,6,2022-02,P0,1262,False,False
2D1E25775D507F2F1DD653E722B6FB3F3E80346AA6A7E3402BB9C4288E61EE0C,0B4D624062266EEDD71007B9227A964DF370B24916BAB2610E40DF5A5E248A5B,a8b5e3241ca1dbc7352f4371f71f00bdc5c4e1918df02ba33d05422ae59094b2,9.931562610575854,6,2022-02,P_ABC,1263,False,False
1A4F27484A6CE29F8B78839B1A47892B62F3D27EDB6667CB6C53D555CCDE6D9F,336B59E3E20B3CF44327255593E21A69B4C8732876FD01833A92183FBE4C707C,a8b5e3241ca1dbc7352f4371f71f00bdc5c4e1918df02ba33d05422ae59094b2,9.931562610575854,12,2022-08,P0,1264,False,False
AAA18030BB347B4D66BA9D7221AFC931C8670B2E837E4E0036AA336521CCF5B0,D51313E067AF33C86E4E47E3DA3838A3ED4695D44894654A7F0B4EA995E0B8DC,a8b5e3241ca1dbc7352f4371f71f00bdc5c4e1918df02ba33d05422ae59094b2,9.931562610575854,12,2022-08,P_ABC,1265,False,False
EEB0C8C03ED11D0F42A53788190216C90434C9CEAD6418867ADC400D349933A0,336B59E3E20B3CF44327255593E21A69B4C8732876FD01833A92183FBE4C707C,a8b5e3241ca1dbc7352f4371f71f00bdc5c4e1918df02ba33d05422ae59094b2,9.931562610575854,24,2023-08,P0,1266,False,False
3A9854A10BAE9BB40B45A95654D68BFED5CF14EEC577C11BFE158050ED50CC6E,165ED0E1F0D0CDFC8BC2971A778C8C6AADA8713347192DDFB0B32A0BE05009AA,a8b5e3241ca1dbc7352f4371f71f00bdc5c4e1918df02ba33d05422ae59094b2,9.931562610575854,24,2023-08,P_ABC,1267,False,False
97E10089885E7286DFD7A67A603138BD9957982022726E414F65699895A6D1A8,336B59E3E20B3CF44327255593E21A69B4C8732876FD01833A92183FBE4C707C,a8b5e3241ca1dbc7352f4371f71f00bdc5c4e1918df02ba33d05422ae59094b2,9.931562610575854,36,2024-08,P0,1268,False,False
3C233C677DC8D28F8355ACE19AA47186447395BF58E6A4794E9C6734316D86A4,5E60CEFFD3790BEFA7C6D45080A3F943B6E628E5435F00B8A64541A08DAF8E5D,a8b5e3241ca1dbc7352f4371f71f00bdc5c4e1918df02ba33d05422ae59094b2,9.931562610575854,36,2024-08,P_ABC,1269,False,False
731DE931D3CC628376BD77730680A86AC1910EB72F1474332F96E9CE22F43DE1,1EE070233DA43ED437A9518FE69B2354B3C43881451FEC6B2B448AA4AE4FAF26,a9f9a818dc6709504953a58cba3a33333a79c04c96a9a96eda6ecdbfb7fc1cf0,5.36013331937159,0,2021-08,P0,1270,False,False
6C87589C5C66B450EE9A4DB2479E2284BCE07B3618FE5241B5E6A8015584A712,BF3BEE0A1FBD15E46B185CB8491BCB7DBE1E7708CAED755A35755C4F7CEFA38D,a9f9a818dc6709504953a58cba3a33333a79c04c96a9a96eda6ecdbfb7fc1cf0,5.36013331937159,0,2021-08,P_ABC,1271,False,False
78BD26546E7D5D848B14E2E7ED245F8E009AE0DEE4230616FBF21AE8CB1B0D7D,533DC1B4235CF061212F77692BD0B3002B777619B7C67A7A692ABD8E22E8E5FE,a9f9a818dc6709504953a58cba3a33333a79c04c96a9a96eda6ecdbfb7fc1cf0,5.36013331937159,6,2022-02,P0,1272,False,False
F6603112A8E7920680EF18DC6F8FA3C0BD03E47F268C69E57876294C881D39F9,913E272A176AF7C92D67A9F4404663AEF529EDEEDC2C94F0F1B25A3D53B1BB99,a9f9a818dc6709504953a58cba3a33333a79c04c96a9a96eda6ecdbfb7fc1cf0,5.36013331937159,6,2022-02,P_ABC,1273,False,False
215C14459359F51543A38520F0B329E9407CFB25D526D4D87497D9FCD086B1D5,91B930822574C8DCDE30F6F55531597FFC2C72AC3D87E19CAC74B5A031A29DFB,a9f9a818dc6709504953a58cba3a33333a79c04c96a9a96eda6ecdbfb7fc1cf0,5.36013331937159,12,2022-08,P0,1274,False,False
0CAF6D7003ECACF1C100F400B291002C5DC4783D93B0B3966F78EFD900A52787,674EB9DF3187EB31E03878C5969003385CC9FED3882F6F18A22F0E0EFE3DFA1A,a9f9a818dc6709504953a58cba3a33333a79c04c96a9a96eda6ecdbfb7fc1cf0,5.36013331937159,12,2022-08,P_ABC,1275,False,False
1F801320A0F1C0AAAD28BF8EDCE2EFC6FF0562175297D0D25EE22BD85A593BD3,91B930822574C8DCDE30F6F55531597FFC2C72AC3D87E19CAC74B5A031A29DFB,a9f9a818dc6709504953a58cba3a33333a79c04c96a9a96eda6ecdbfb7fc1cf0,5.36013331937159,24,2023-08,P0,1276,False,False
F11D04240FCFCC574CB585BC1F8EFB2D7C6E8EB1B62EB2F5C8E4A95431D5F89F,D1BD5DDEB88CB31614B6CF49FBD906F889BB2AD367E34A93340F747A6921C888,a9f9a818dc6709504953a58cba3a33333a79c04c96a9a96eda6ecdbfb7fc1cf0,5.36013331937159,24,2023-08,P_ABC,1277,False,False
61C9C1F562B774D42A8F39A556086A5A30A022D6DE534760EF9E9ED89593DD46,91B930822574C8DCDE30F6F55531597FFC2C72AC3D87E19CAC74B5A031A29DFB,a9f9a818dc6709504953a58cba3a33333a79c04c96a9a96eda6ecdbfb7fc1cf0,5.36013331937159,36,2024-08,P0,1278,False,False
66BD807442B7FCFF3FF4540052C661E6200F621C5A3F082663B09DC08761DBB8,25A916EB31545248222EFBA0AD4B874EA60DF24F5FFA04655FB4D73720EB5682,a9f9a818dc6709504953a58cba3a33333a79c04c96a9a96eda6ecdbfb7fc1cf0,5.36013331937159,36,2024-08,P_ABC,1279,False,False
755E5DC6742C01FC86418F64932B2FE905A619B854CE3B1F8F6791441A940F21,635928D76A84A7AA70FD306AC5724774AC01824794A360EDE2B61C042AABC965,aa732ff4f2b968a47842eb368a48c691bb13979e064649e1a0d76130755041db,4.347943526173692,0,2021-08,P0,1280,False,False
BAE4B3D6E28CD108493140EB5D34CCB8D9E297A1047B8F04AF2B84E5EEDA94B2,F57D697EC84D4FA87977831E9C0D58A1B2889C2BC3B236D312C180932DB91124,aa732ff4f2b968a47842eb368a48c691bb13979e064649e1a0d76130755041db,4.347943526173692,0,2021-08,P_ABC,1281,False,False
6D01622B44BB7EBD5CA2FBA69A91DCBEDA817FC6E9B0116E2E69765BB0C1D40C,A574AB75C30651D59363A8C801C87738AA567B7D542932DC9A842DB518768A11,aa732ff4f2b968a47842eb368a48c691bb13979e064649e1a0d76130755041db,4.347943526173692,6,2022-02,P0,1282,False,False
C58D6F66F4C650C75C4D6F518C46A929D715B77CE10AE2FB33E06A84D94BF753,8DE268148FA6CD25BC81BA7C0699425D36D64363B7631A41D564E36C021E8221,aa732ff4f2b968a47842eb368a48c691bb13979e064649e1a0d76130755041db,4.347943526173692,6,2022-02,P_ABC,1283,False,False
E8C61A8D9C1AB68687318640EF9AC9C53B2C512F68AA21796DC2C001ED25CA5C,853F453EF4883A26B67BC2F837E841F1877AFC1F4E98DC8615B29380608B600E,aa732ff4f2b968a47842eb368a48c691bb13979e064649e1a0d76130755041db,4.347943526173692,12,2022-08,P0,1284,False,False
8003B25A08A86CEC62ACC2218CF147E6C712BE26B50C1EA16146DB15B43AD1CA,0AA49B52BAC4EAE4916065FAC4C03DA3496FF66B185F622E5F6C29AB2D82D5AB,aa732ff4f2b968a47842eb368a48c691bb13979e064649e1a0d76130755041db,4.347943526173692,12,2022-08,P_ABC,1285,False,False
6E4F6135DAE35752F04B93C3E370018846DDA00A383806CB8051D7ED48EE7184,853F453EF4883A26B67BC2F837E841F1877AFC1F4E98DC8615B29380608B600E,aa732ff4f2b968a47842eb368a48c691bb13979e064649e1a0d76130755041db,4.347943526173692,24,2023-08,P0,1286,False,False
8C097E06D4B9E93FE0DDEF4F8C27349772AAFF5BAEFE59558809C91EB2A565E4,60DFF706C59681519106AEA564010BF8A64690ECE27A30E00242F582E85D5C8D,aa732ff4f2b968a47842eb368a48c691bb13979e064649e1a0d76130755041db,4.347943526173692,24,2023-08,P_ABC,1287,False,False
23C439151D7669366F35B9A6D57B6E5C46DCC5BAFB3BC97A77F78157BE449CC3,853F453EF4883A26B67BC2F837E841F1877AFC1F4E98DC8615B29380608B600E,aa732ff4f2b968a47842eb368a48c691bb13979e064649e1a0d76130755041db,4.347943526173692,36,2024-08,P0,1288,False,False
87AF0E1195CA0FABB2CB356B55879ACC0FE5B6C5586C95463782EFC7AA7C9606,94E11DD028BC1EF43657D0892A847E4E4096429880E41CA8FC25706065074577,aa732ff4f2b968a47842eb368a48c691bb13979e064649e1a0d76130755041db,4.347943526173692,36,2024-08,P_ABC,1289,False,False
6095819D9E01198191D92D5BCBC27CEA74528B1412BDE53D5A9C3263F27DCE8E,960AAE486B80B0DB1F9BF07991A1DDA829B5C54BF069ED4ED643C295417C2570,abb525a819d3921eb93984a13843c75eb020e27fba20898d979443708fefd046,15.926402425048998,0,2021-08,P0,1290,False,True
70964E00A1E56EF56A960E27DED75A78F78AF2DED6B7D1056B9D11681C301D9B,2DB80EF8AC6910BE3C4FB28B9F27AAE1E6E5DC6992CBDDBDD85238A715FE8C5D,abb525a819d3921eb93984a13843c75eb020e27fba20898d979443708fefd046,15.926402425048998,0,2021-08,P_ABC,1291,False,True
3076EC0A7A8CB8CAEADC065226854C82CC32C56E8A4B42A3B22D14BAC3C0E394,9BB13B4A69324E169DF0ACB8F22F9F102A7E741B3E03D1A72753DC8E14E47F3E,abb525a819d3921eb93984a13843c75eb020e27fba20898d979443708fefd046,15.926402425048998,6,2022-02,P0,1292,False,True
1CD376DAFE50EEA2AC299AFE3D2248BD6314B111F23B1F79FC3C9955AA77A3B8,C8FCDA1B797A9B90CCEFEC234B5030CC602E4419D39230ABA70F0C6DF881EA6E,abb525a819d3921eb93984a13843c75eb020e27fba20898d979443708fefd046,15.926402425048998,6,2022-02,P_ABC,1293,False,True
5F13E04D583AEBD3006193699D243ACB3390AB6C44388CFDEB150AB79DCC91F9,B6115508B4770A7C7189705DC0E77552018A1AC8200C6A40A55E3AAFACF7289C,abb525a819d3921eb93984a13843c75eb020e27fba20898d979443708fefd046,15.926402425048998,12,2022-08,P0,1294,False,True
E5BC53255B604B8E63E596B0874C628B4811BE366B24A01A799FD4611792239A,9356C22FBED2640FB7D3EC46EFD42A11C2107C28567181B2275821CEE2F61449,abb525a819d3921eb93984a13843c75eb020e27fba20898d979443708fefd046,15.926402425048998,12,2022-08,P_ABC,1295,False,True
BFE18CFCE1DD986D1001A830FC35D6F75B887936BB72B7D65242A8C4A5586729,B6115508B4770A7C7189705DC0E77552018A1AC8200C6A40A55E3AAFACF7289C,abb525a819d3921eb93984a13843c75eb020e27fba20898d979443708fefd046,15.926402425048998,24,2023-08,P0,1296,False,True
32FD8747EDC70BABCDE8C20441B684864D6CEA3F944DE172986D1B70D455A028,F0DF803A15B2AA520C79396B388AA50CA6F60E95FCF8C52B6D340E81329D6324,abb525a819d3921eb93984a13843c75eb020e27fba20898d979443708fefd046,15.926402425048998,24,2023-08,P_ABC,1297,False,True
F2C9E7A0D98789969F1CC6C935C8B675CF71FAC4405752B421A673182A00432E,B6115508B4770A7C7189705DC0E77552018A1AC8200C6A40A55E3AAFACF7289C,abb525a819d3921eb93984a13843c75eb020e27fba20898d979443708fefd046,15.926402425048998,36,2024-08,P0,1298,False,True
EA15E03C18586AED6CAF1793F0C9C4317E7EAA79496B937AFF56EBA7D87600F4,5FB854B19AB225D6AD588ACA1575C87473EDFA1956BB032388013505C462D8A8,abb525a819d3921eb93984a13843c75eb020e27fba20898d979443708fefd046,15.926402425048998,36,2024-08,P_ABC,1299,False,True
8DE4B12190B930CFE8386DEAEEF450A52E4E065F9794A9E6C67C24F20767F21C,B362FE9B1E244235BD4C57A1D606CDF20FCB627FC7248222B50E7DA6D353672C,abc1740f648c11b6dc6eb4367bfce9166224b55fd6ea3870ba14d186c9c2d8c4,8.17333907272506,0,2021-08,P0,1300,False,False
77625BEF86AEA8AD8927643E151E7C4C78D4BE7A6AAD00F79633BC287FA1217C,118DE7CD29B37EE92FB010B92676486F350CA5B7CA8E903EAD70F7A90CD478F5,abc1740f648c11b6dc6eb4367bfce9166224b55fd6ea3870ba14d186c9c2d8c4,8.17333907272506,0,2021-08,P_ABC,1301,False,False
4D03E24C569284AFAEBF2A6813A3056CDB6AA6777EE676D7FD782099C0741180,5AA70C8BF6526D2AFB4C17C8F394F324DCEC5048AEA119426B8AF82784AD0A35,abc1740f648c11b6dc6eb4367bfce9166224b55fd6ea3870ba14d186c9c2d8c4,8.17333907272506,6,2022-02,P0,1302,False,False
D396A31568907376E62E40C915824B6D7A65A4D44D29949DBC6572D4755E5F2F,1128BEA376D018043FB5DEB93CDF6C8DA54AE4D1CBF233C4A70F505A18A1F771,abc1740f648c11b6dc6eb4367bfce9166224b55fd6ea3870ba14d186c9c2d8c4,8.17333907272506,6,2022-02,P_ABC,1303,False,False
664A3ECED1510EB45918A09A2F40FE0D7B1DABA62A8D0888DD6E1B1A510727D6,1A882DADBEFB83CC2A7B76ACD26A70AF4747C1994B4E832E04237BFF7DD8EBEE,abc1740f648c11b6dc6eb4367bfce9166224b55fd6ea3870ba14d186c9c2d8c4,8.17333907272506,12,2022-08,P0,1304,False,False
A71638999F558B4D17CA0E291A1D3913AE5ADE56154FF67CB224B02824F6A18B,272D7F86381B73BEE2F637C628859B3A6594E4292C089E9AF69511CED2C38E60,abc1740f648c11b6dc6eb4367bfce9166224b55fd6ea3870ba14d186c9c2d8c4,8.17333907272506,12,2022-08,P_ABC,1305,False,False
B694A34C0AA42AD06C28EAF8375B03D65DDD9A0CD0BEFA368C45E170D453FCBF,1A882DADBEFB83CC2A7B76ACD26A70AF4747C1994B4E832E04237BFF7DD8EBEE,abc1740f648c11b6dc6eb4367bfce9166224b55fd6ea3870ba14d186c9c2d8c4,8.17333907272506,24,2023-08,P0,1306,False,False
B2D2B96A49F749AD75B35A0DE4C2345D9314A3BD0E1E87120CA7B18757BF51E7,3A5D9AEC75E0E3178862CDE8196BCFF266FC97E90ABA9CD35607E70D16CF7E13,abc1740f648c11b6dc6eb4367bfce9166224b55fd6ea3870ba14d186c9c2d8c4,8.17333907272506,24,2023-08,P_ABC,1307,False,False
25FD806090BF586613D56E00447C9B74D2B09586A6D92F2640F9757E61FAC4FD,1A882DADBEFB83CC2A7B76ACD26A70AF4747C1994B4E832E04237BFF7DD8EBEE,abc1740f648c11b6dc6eb4367bfce9166224b55fd6ea3870ba14d186c9c2d8c4,8.17333907272506,36,2024-08,P0,1308,False,False
FB52995CFD90EAEA964129F8E053A73B9721621DCA9F7C72BE835B0449D58489,F8A91E366C321858D8300650C361E15F0AD0CFA7EFA3E57C172396017AAFAE5C,abc1740f648c11b6dc6eb4367bfce9166224b55fd6ea3870ba14d186c9c2d8c4,8.17333907272506,36,2024-08,P_ABC,1309,False,False
29A43F5652AE4F3F4AFC72671FEE636753F3A93C829D81A6D2C9AE1B32126B22,E348FBC465D8693D0B0184BCBF69C19DEC7EE53845CB74581AD654870888F773,ac007bf61b975cdd34dd370140577eafb5432e4fb0a5c30e98564b50c067dbf9,10.832125101222012,0,2021-08,P0,1310,False,False
856DF132AD5E1672999A53B59CAD3152831A87AE11D4B5BF9CB030442E4E0E94,8D6861D749DFBCF6D61DCEBF2FCCE60D182E9DD8EB872793F1083E97FC0F7277,ac007bf61b975cdd34dd370140577eafb5432e4fb0a5c30e98564b50c067dbf9,10.832125101222012,0,2021-08,P_ABC,1311,False,False
9A5C699A240448E5EEE4A7EED4471446347A04BCBCC38D5A973868B1E85FABDE,DEE532933D9FF8C536AA89F6AFC6C20DFF9686A668FE04F00D348205528F54A3,ac007bf61b975cdd34dd370140577eafb5432e4fb0a5c30e98564b50c067dbf9,10.832125101222012,6,2022-02,P0,1312,False,False
021C56DDD09F33CFFF6D69FA48B406AADBD1CE8F43040E24F44121F4B54054D2,E27038B434E1C24A85C013102FDB9AAFBB6D71B4C1A8CC3F91E06DE8EF5608BC,ac007bf61b975cdd34dd370140577eafb5432e4fb0a5c30e98564b50c067dbf9,10.832125101222012,6,2022-02,P_ABC,1313,False,False
425EF475A53174785238603C676A3910F363B18C97FD689495FFF8349CCC55A8,21A2D5E46EAE5DCA404C3C13943637862E4A815A42994E535B6D246375D3B238,ac007bf61b975cdd34dd370140577eafb5432e4fb0a5c30e98564b50c067dbf9,10.832125101222012,12,2022-08,P0,1314,False,False
F8F4EF8A0BE9592EE283454E56E0C4214B0854289D162D4AEB8DCAED43F298EE,C06488387B00DCCA35B81853C7A904A56C1232006E83857D959682597E154D46,ac007bf61b975cdd34dd370140577eafb5432e4fb0a5c30e98564b50c067dbf9,10.832125101222012,12,2022-08,P_ABC,1315,False,False
0D8364D164EEB6EA22A0DA3C0EC0E3B5AEB5BA0C0BA57194849DA1587FE5FC90,21A2D5E46EAE5DCA404C3C13943637862E4A815A42994E535B6D246375D3B238,ac007bf61b975cdd34dd370140577eafb5432e4fb0a5c30e98564b50c067dbf9,10.832125101222012,24,2023-08,P0,1316,False,False
82D6713D1B72F629B430D6F38A591F4A841118D2C9334E08AD0801DFBF474D46,F797D6A3212C7D7F56ECFCCBEFA176B476EF7B784D1566BCAD605771BD16DB95,ac007bf61b975cdd34dd370140577eafb5432e4fb0a5c30e98564b50c067dbf9,10.832125101222012,24,2023-08,P_ABC,1317,False,False
EEF6F8151F787F7F78102A18F971D824470C6ED306A48515C183A4F46AD508C6,21A2D5E46EAE5DCA404C3C13943637862E4A815A42994E535B6D246375D3B238,ac007bf61b975cdd34dd370140577eafb5432e4fb0a5c30e98564b50c067dbf9,10.832125101222012,36,2024-08,P0,1318,False,False
11C5B8B09BFEDDC7FBBDF4D64BEBF5573E51D35BC75CE9DE01B15682B7D77100,4679AC4C90DDC51EC0815678E814F41EDD503D3110F320F03AE9C9A94E8F9465,ac007bf61b975cdd34dd370140577eafb5432e4fb0a5c30e98564b50c067dbf9,10.832125101222012,36,2024-08,P_ABC,1319,False,False
6C99EA25E2D78B6BB2FFA79813C0FDCDC98CD7F1CDAEB4A7D012165DB6A4B8E7,5B7A53E31A97306496BD01412369EC53C32A89EDB9C39BFE1B028900DFC047EE,ac59da1282681ae84f238d4e14d46ae1c8fc99372a02653e86ed57d61878c7d2,21.775429367985502,0,2021-08,P0,1320,False,False
9311651EF74597BB92322B512EA9F63BFD76A9E49F8ED13F8D4550C0B03BB87B,A639CCAFFFC52D1515ECAD0DB4E6F9DB43AD989FFD0B7D13CDFFAB5CD8C99F2B,ac59da1282681ae84f238d4e14d46ae1c8fc99372a02653e86ed57d61878c7d2,21.775429367985502,0,2021-08,P_ABC,1321,False,False
F34E3EE8A05E32D3CEAEABC89CD108BF52E4B0B449539F8D7A65CED43B726B1C,2D85603B8B2EF1AA03495C361E01996D2B1D28DC1AB4932307E18371F7B0DCD6,ac59da1282681ae84f238d4e14d46ae1c8fc99372a02653e86ed57d61878c7d2,21.775429367985502,6,2022-02,P0,1322,False,False
B4F0470BDDE9F4ABAA0E24C045A0DA3547970366F82C7B4841B7B666CD671706,5E13B7A51F2B4F9D2AF5958DF15C688D681E8DF2F790E9FE6B6EF14877E220CB,ac59da1282681ae84f238d4e14d46ae1c8fc99372a02653e86ed57d61878c7d2,21.775429367985502,6,2022-02,P_ABC,1323,False,False
38465F74ADD370DBDF2DAC4D9144E124B37088988C2D9DA0693B26ADDE42CFE2,5D7836E5D067F1042C7C7C8B86A9888F78C603E19AE6B8BFA4B3FE52645ED880,ac59da1282681ae84f238d4e14d46ae1c8fc99372a02653e86ed57d61878c7d2,21.775429367985502,12,2022-08,P0,1324,False,False
14635E17275DCAEF1E76CE2E87BE101F8CC51A856F890D1CF28CF88B8BEEF475,F60715BAA42D2450741FB82698BE7DA410068044D70E45FB61A1878F43173911,ac59da1282681ae84f238d4e14d46ae1c8fc99372a02653e86ed57d61878c7d2,21.775429367985502,12,2022-08,P_ABC,1325,False,False
F004ABE5D61F74C33B8B2BC83A8440B2C8218C7851C4740F4CFD0665522D6661,5D7836E5D067F1042C7C7C8B86A9888F78C603E19AE6B8BFA4B3FE52645ED880,ac59da1282681ae84f238d4e14d46ae1c8fc99372a02653e86ed57d61878c7d2,21.775429367985502,24,2023-08,P0,1326,False,False
8312665FACB2B7FBF8B728F5C2D6700EC0C612118A49AFD3DB589639CAEE42CA,0E0172DD200A5203758069EBEBE79563930229AD34FD9B895559CBD6D1096E89,ac59da1282681ae84f238d4e14d46ae1c8fc99372a02653e86ed57d61878c7d2,21.775429367985502,24,2023-08,P_ABC,1327,False,False
1C9916AB825F2F141FADDE79EE3A61C96658EB3069120042DDB70D3DA4DD36A1,5D7836E5D067F1042C7C7C8B86A9888F78C603E19AE6B8BFA4B3FE52645ED880,ac59da1282681ae84f238d4e14d46ae1c8fc99372a02653e86ed57d61878c7d2,21.775429367985502,36,2024-08,P0,1328,False,False
9F21B65861F2BF1E095506914D7F5392423A015FCDC3050CB8C4F35BD7F6CB41,067BA3F31AFEDD09185D91B1E856D03512E2404DC78D5408486F67B10713C7AE,ac59da1282681ae84f238d4e14d46ae1c8fc99372a02653e86ed57d61878c7d2,21.775429367985502,36,2024-08,P_ABC,1329,False,False
5202BA03C8C2CB083B4B5F5B62FEAD653BA62C6B155FB4E5055479410FB8184E,ADD4FF11A54DA937D6EEAB89DA59CC20F0F55CF504698B3E18710738E4009BAE,af6627a7757a1b7476909615f7ea45920f7b4015055c9788e83aca36713e3d8d,0.5707517359315362,0,2021-08,P0,1330,True,True
270E36071CF35EA65B543C8970DCB8CE3E7FAD5031980C62C59D2785FE1A9D22,0CCA9792600ABF08487336EEB539DEF2A19D8ECC6FAEA3AE2DF58276BEE419C3,af6627a7757a1b7476909615f7ea45920f7b4015055c9788e83aca36713e3d8d,0.5707517359315362,0,2021-08,P_ABC,1331,True,True
620A520052CFBBDD66A63A37541A803F20DD0A34F362B4BFDDD7E4EB78221CF8,DCCC07F7A11EE2C8602329F9B503976927DFCC05685B844299051919AB61D6EF,af6627a7757a1b7476909615f7ea45920f7b4015055c9788e83aca36713e3d8d,0.5707517359315362,6,2022-02,P0,1332,True,True
2E75E220EA2EBFAFCD94619357B2CC4B5CB1DF5D628B1B181DF4F90DED334187,28417FA793E1E7568D83FE5A07C071565C40F9E8A03CF63DC4213C660A6743AC,af6627a7757a1b7476909615f7ea45920f7b4015055c9788e83aca36713e3d8d,0.5707517359315362,6,2022-02,P_ABC,1333,True,True
9C80B1606E917ECC64B014E1C08CCFB64D020284F80CB9DB87D92DC31527E62F,865C08148A82A440C752560851424CEE58726360A7519FDD9DE5577081332494,af6627a7757a1b7476909615f7ea45920f7b4015055c9788e83aca36713e3d8d,0.5707517359315362,12,2022-08,P0,1334,True,True
E5EC815945928441372D32469F06A050E883055859950FCD29ACAE3A2B8014E3,3118E281BA889B21D271876D5E5F87448F1764A865E18A66AB7B0EE6C80DED3A,af6627a7757a1b7476909615f7ea45920f7b4015055c9788e83aca36713e3d8d,0.5707517359315362,12,2022-08,P_ABC,1335,True,True
7AA1BD5BB52F33704038EFCD129FB30C49916F67A30BEE9EDE45C0EAA658F43D,865C08148A82A440C752560851424CEE58726360A7519FDD9DE5577081332494,af6627a7757a1b7476909615f7ea45920f7b4015055c9788e83aca36713e3d8d,0.5707517359315362,24,2023-08,P0,1336,True,True
2D5A2C99E0964E9227525ED0F4F880E304610EC5B8A884F4579FA95947F82B4E,5F95155EE3F3D0391F61ED486A5E3484EB14594AEE494162E5B8F03625C65D62,af6627a7757a1b7476909615f7ea45920f7b4015055c9788e83aca36713e3d8d,0.5707517359315362,24,2023-08,P_ABC,1337,True,True
AE58602B2DA73A3D666032856365CC1427CD60A887DF5213A16814628B030C27,865C08148A82A440C752560851424CEE58726360A7519FDD9DE5577081332494,af6627a7757a1b7476909615f7ea45920f7b4015055c9788e83aca36713e3d8d,0.5707517359315362,36,2024-08,P0,1338,True,True
A6CB4230837713424053CCD2816A5A7936572092CAF572E8B66BB144A3A88B60,8EB8AE9F5F3DFABA639214588F235BF00F681762C511D9E0A885127F3263F9E7,af6627a7757a1b7476909615f7ea45920f7b4015055c9788e83aca36713e3d8d,0.5707517359315362,36,2024-08,P_ABC,1339,True,True
3DE6E443A5B013BA0756C312D368E898AF015E5C91E3F636C28FDA7094F6F12C,0A091D9C3D516F783A9E832024A06CA0EFC40DE95FE9ACC02EA0953B9DE8F990,af96adf2ae7784b9756a42bc6207f5ef05a670c5325a8f89465a775502cfae74,9.502993538362489,0,2021-08,P0,1340,False,True
ED730C26EF678A25C5D1DB4D9F92A6B4B305E959F8155B6CBAD64CEC7B2A4D4F,A265949741FAF6B3A2CD4D74CFEBA4CE7E202DFC3086C2EB3716AFCA41794430,af96adf2ae7784b9756a42bc6207f5ef05a670c5325a8f89465a775502cfae74,9.502993538362489,0,2021-08,P_ABC,1341,False,True
100B5491023A0D1204B990039C7465C01E268620E85DCF082C2131E25E43909B,FD0296B5173EC77A1EC2DE8BD726E9F1A190B960FA9DED1E49AC20F0FB0B190A,af96adf2ae7784b9756a42bc6207f5ef05a670c5325a8f89465a775502cfae74,9.502993538362489,6,2022-02,P0,1342,False,True
71EC85FAFB5A09FBC39D8035E2B639350E26BC805A568A93047552472D93CBB2,D18D7620A3D50B72B6F98D962B341B69B466599C8E8261C58036ECBEB8E83C2F,af96adf2ae7784b9756a42bc6207f5ef05a670c5325a8f89465a775502cfae74,9.502993538362489,6,2022-02,P_ABC,1343,False,True
D676B421EC478B0D9C9B26297F6FDDC06417B72A32370D8416908F66B3C6B5DC,BBE4FA4A4E15B3EEACBBB0C4445FAD8B20566292133AD57361026669263014FD,af96adf2ae7784b9756a42bc6207f5ef05a670c5325a8f89465a775502cfae74,9.502993538362489,12,2022-08,P0,1344,False,True
8DA0365B6F372D92B30B99097E3BB6B5AAB9A5564F5852DDEA3E2B560AA79FB2,839EA3E9EE490801C8AFBDBB852D55E6FA634436A984FE99B6D7E267A6108E10,af96adf2ae7784b9756a42bc6207f5ef05a670c5325a8f89465a775502cfae74,9.502993538362489,12,2022-08,P_ABC,1345,False,True
AC96817B9BA6DC9DC974421E7A9AAFEC3BFC591D9ABC4FED191FE8EEF6BF068B,BBE4FA4A4E15B3EEACBBB0C4445FAD8B20566292133AD57361026669263014FD,af96adf2ae7784b9756a42bc6207f5ef05a670c5325a8f89465a775502cfae74,9.502993538362489,24,2023-08,P0,1346,False,True
F894C114F0A3DC9D25DBB91F41CFC51E148A70CA2CE18C5108387DF3314CA661,EB68ED8BD80D8BD1E9CFAAA5637C1320BABB7D75A32175DF11F765E158BE0A57,af96adf2ae7784b9756a42bc6207f5ef05a670c5325a8f89465a775502cfae74,9.502993538362489,24,2023-08,P_ABC,1347,False,True
78527D5AF9E77704326EBA2E9A9D6088679D6022621F8EBCBCFB726750B40AD4,BBE4FA4A4E15B3EEACBBB0C4445FAD8B20566292133AD57361026669263014FD,af96adf2ae7784b9756a42bc6207f5ef05a670c5325a8f89465a775502cfae74,9.502993538362489,36,2024-08,P0,1348,False,True
E3C8699EDE1686F0A04CEA18E22A14C647BCCE03421C045FA91DCA3BC15036D3,9A4098749C4CAD17F75833E4B2FA5F01BAA34CEAFB31F859E4C74D9D6A4C4B63,af96adf2ae7784b9756a42bc6207f5ef05a670c5325a8f89465a775502cfae74,9.502993538362489,36,2024-08,P_ABC,1349,False,True
C71F2A71E3344C338984AD66A9DA956BDAB8A01E1A30B6CFBCC61673929DD3FC,A0A1F4D8AEBB444923F7F5A33F524AA1812E3E8A53C381804A35CD5B4BEF1274,b08fd16f89d9df3704af99a92afc275688c509898b2f640862a3a225d28020b0,10.984423195832738,0,2021-08,P0,1350,False,False
A75C343EDD2AC2DAD8CF0A138541BDB30CB0ED3F7EEE0E47E0CAABCCB957550F,1BCD11BDC6C3568AD97409A5E6177FE25588F242435C8D47DF68C1D7616F314D,b08fd16f89d9df3704af99a92afc275688c509898b2f640862a3a225d28020b0,10.984423195832738,0,2021-08,P_ABC,1351,False,False
D6770EACFD53D388F33E7DDCBEC66BF519D67BDAE81A909462DEF0634316F5CB,FC279B1A5F87CD151838CB4A37AF4F71DC3484EFCE3DA2293160BA6A681E6BE2,b08fd16f89d9df3704af99a92afc275688c509898b2f640862a3a225d28020b0,10.984423195832738,6,2022-02,P0,1352,False,False
5A3427C14B88DA9696FCBA4F0BA127D5DAF8B8D4B0FEB564ED10E94125FEB2DD,CFA9F5F15BAD2E1A71BBE9E37362FFDB0CEEE1D677A561CC0E0AA3A1245BCCB9,b08fd16f89d9df3704af99a92afc275688c509898b2f640862a3a225d28020b0,10.984423195832738,6,2022-02,P_ABC,1353,False,False
8BB5BEADA0CBE6B49DFD9A6E457D00AFFD5E938F4C6F88A352ED811167F65FFF,12D2F7527FDE07A9BFEEB5D967B818BCBF53D818AF993D2ED66A962B3ADCD5ED,b08fd16f89d9df3704af99a92afc275688c509898b2f640862a3a225d28020b0,10.984423195832738,12,2022-08,P0,1354,False,False
C7DD5D5F2AD1F44B620E6AE78074D4F3F53FBE1AA041209B9438D9152F708A0F,0B0BF65990C402D20ED81538FD4A8CBD4EDE185BAE42CFF464B8BFC9544AECC7,b08fd16f89d9df3704af99a92afc275688c509898b2f640862a3a225d28020b0,10.984423195832738,12,2022-08,P_ABC,1355,False,False
7346B07695D52E610EC8F51D79A4C70B1D8C40AA7E30DCE473F278FF93770515,12D2F7527FDE07A9BFEEB5D967B818BCBF53D818AF993D2ED66A962B3ADCD5ED,b08fd16f89d9df3704af99a92afc275688c509898b2f640862a3a225d28020b0,10.984423195832738,24,2023-08,P0,1356,False,False
8DA49CEB1A211F84E1551446E7D8FEB30D639C7B6F0E83A5B286B13DBC94D6F9,105E9E8446FF8F624D87BAA51C28D93FD2472E86346E0A5D7C7AF3CC9AD11B54,b08fd16f89d9df3704af99a92afc275688c509898b2f640862a3a225d28020b0,10.984423195832738,24,2023-08,P_ABC,1357,False,False
ED5148AE79D06F8742B6F2F31F620E73677FC0A70FED8BE71E8477B3FC5B3F9F,12D2F7527FDE07A9BFEEB5D967B818BCBF53D818AF993D2ED66A962B3ADCD5ED,b08fd16f89d9df3704af99a92afc275688c509898b2f640862a3a225d28020b0,10.984423195832738,36,2024-08,P0,1358,False,False
6C4D1183932EC731CD4C4CC6D5613EF2B2B5D75DBD4F36EB1BC5B7CD2EF1A9A5,95EFA4D072DF409B28F1DDA8E5319FE90D4F980587C6F4B3EA33124F67362356,b08fd16f89d9df3704af99a92afc275688c509898b2f640862a3a225d28020b0,10.984423195832738,36,2024-08,P_ABC,1359,False,False
9E429E0BB52A86B9C94B74F8EA010C8449BDF07E4E4B9AF998ACF130ADACB6D4,18436F8940F83526E6951C12171E0246230D79CFBF1B75DC34D34CB18D4D4C43,b17ab3f011b5de77dd13dca26e73c3b8f25c5c9db85f75a78103431340f6b6ce,12.028272804061167,0,2021-08,P0,1360,True,True
CCBA990E1F0938151C93F13C768F1025A9766542C2B0AA368313B58CE1CBAE6D,73E9B7A88503DC45C09E755E4B41E374E958EF20F0E6FC08B4FD833588995A09,b17ab3f011b5de77dd13dca26e73c3b8f25c5c9db85f75a78103431340f6b6ce,12.028272804061167,0,2021-08,P_ABC,1361,True,True
68D7B6E7F59EB2B271F467AD5B24811EA80166D4605E1E84CF8BAE2FD3B8272E,DB3674C4A52D9047E7FAC14FDD35E80E934EB4FEF5749F8C6388934B00464E6F,b17ab3f011b5de77dd13dca26e73c3b8f25c5c9db85f75a78103431340f6b6ce,12.028272804061167,6,2022-02,P0,1362,True,True
ED10504573D59222C239B8CFF9AD936D0EA8119D753C0BEB81189CE2CB226109,348930DE536502A9810DD377ABD1E6741CD9DB640F728E0CB862C9A69696674B,b17ab3f011b5de77dd13dca26e73c3b8f25c5c9db85f75a78103431340f6b6ce,12.028272804061167,6,2022-02,P_ABC,1363,True,True
2F6B25070566F74EA7A1D56E0227101357F66060C77D325D0B940CD20D96A25A,E8F4A2F7AAECBDADD8EE283784F2865C61008DAA12E55B3CF8FD3D23C10ED792,b17ab3f011b5de77dd13dca26e73c3b8f25c5c9db85f75a78103431340f6b6ce,12.028272804061167,12,2022-08,P0,1364,True,True
84F51F07528B1932EB88E74EF4CF519BFA258B65A7A42813F1932C02406C6D01,CFC157F178B0B565F68444E8D25B553DAAC136DFB39520BE40218CF712350A7D,b17ab3f011b5de77dd13dca26e73c3b8f25c5c9db85f75a78103431340f6b6ce,12.028272804061167,12,2022-08,P_ABC,1365,True,True
A5020E2125BFC7C3219BFC4E25E324D00A2A0489E43F7304B15640034D52E4F7,E8F4A2F7AAECBDADD8EE283784F2865C61008DAA12E55B3CF8FD3D23C10ED792,b17ab3f011b5de77dd13dca26e73c3b8f25c5c9db85f75a78103431340f6b6ce,12.028272804061167,24,2023-08,P0,1366,True,True
9A214B030FB70B55844D52D4E5CFB8B54BE1B51459A2AC71F3DDDAA0F8BFA4DD,BA889D25D5A077BA4A86A3546AD7974576667DE8FC2157AB6EB0641A94F052A9,b17ab3f011b5de77dd13dca26e73c3b8f25c5c9db85f75a78103431340f6b6ce,12.028272804061167,24,2023-08,P_ABC,1367,True,True
6FE0E8183B832AD6547ECD4A776B4EF88958D0F84F361A45FD185E13D6226A19,E8F4A2F7AAECBDADD8EE283784F2865C61008DAA12E55B3CF8FD3D23C10ED792,b17ab3f011b5de77dd13dca26e73c3b8f25c5c9db85f75a78103431340f6b6ce,12.028272804061167,36,2024-08,P0,1368,True,True
70C1354814E3F9E5B3C8F0D7D7F3C4622848DB8365AED9BFBEA0B9CC9582BF2D,7CAAD3C2153975B0AC00E6EFF52B10CF1B2FCD5D33BF85B51E7CAEA220FCBB00,b17ab3f011b5de77dd13dca26e73c3b8f25c5c9db85f75a78103431340f6b6ce,12.028272804061167,36,2024-08,P_ABC,1369,True,True
61FF0C48EA82B2172F683335DD39EA1B16BE7640E6D69F2370166596836A0141,3319EFBE289C75FBB12FAB1A9675599CF1F78ABF1B87B8E80CDFF024CBB5E94B,b23a3bb94d46cb541bd95ae67bbc1246bea88b1bf7ec20e5f20dc45ccd7080b9,19.54532657695365,0,2021-08,P0,1370,False,True
E280F7A2FAFD537825C5E93D3297EF4C95762DE4976394B63DC232753D665332,5C6120ADA979A9E9ECA9F7B18138CAD75824E1AD2E25F4B612870B6CF144C5C1,b23a3bb94d46cb541bd95ae67bbc1246bea88b1bf7ec20e5f20dc45ccd7080b9,19.54532657695365,0,2021-08,P_ABC,1371,False,True
DAFE8FA3331D8D2F34520DC5ADD67C1E5849863C94FA240214C2870378A65437,646C07D31777C9B0DF8B415D543C51723227286D05CB88FCAB8F77C29DA003BD,b23a3bb94d46cb541bd95ae67bbc1246bea88b1bf7ec20e5f20dc45ccd7080b9,19.54532657695365,6,2022-02,P0,1372,False,True
BFE4736AD1DD68B80701C586BAC4621650635758B7BB2D7674823BDC88A8870A,D83D549AF518945835F4093469E6A19108841AD741F7BF7BA0EA1C9E283A4CEC,b23a3bb94d46cb541bd95ae67bbc1246bea88b1bf7ec20e5f20dc45ccd7080b9,19.54532657695365,6,2022-02,P_ABC,1373,False,True
72A7BE5F560406E3C549A48BB8514D9E532506974FE94C901150E8B2032341B6,3743E0FB1BBEFE0510AE74A319CF7DA8834D0916ABFD131386DAB8E202A1ED8F,b23a3bb94d46cb541bd95ae67bbc1246bea88b1bf7ec20e5f20dc45ccd7080b9,19.54532657695365,12,2022-08,P0,1374,False,True
E01864633A9ACB10FF10CAB66F4728B3003D71DF27CCA569F0FE196EFB9F1905,D67CCB1A73ACB1AD489C440FD8630383B373425107286D77CFCC85573EA191E7,b23a3bb94d46cb541bd95ae67bbc1246bea88b1bf7ec20e5f20dc45ccd7080b9,19.54532657695365,12,2022-08,P_ABC,1375,False,True
08F8AFDF6E4FA117805ADD60D7A037B0EF3483C0A0802A1D49293600D433ADED,3743E0FB1BBEFE0510AE74A319CF7DA8834D0916ABFD131386DAB8E202A1ED8F,b23a3bb94d46cb541bd95ae67bbc1246bea88b1bf7ec20e5f20dc45ccd7080b9,19.54532657695365,24,2023-08,P0,1376,False,True
24D4755EAE0402235EA65EC40D9946D4E7D6EBA891C329428A03E269D664CE6B,9931941638E0FD60AD1929B043168E1EDAD231BF77ACE6E41C1AD518BA0D6633,b23a3bb94d46cb541bd95ae67bbc1246bea88b1bf7ec20e5f20dc45ccd7080b9,19.54532657695365,24,2023-08,P_ABC,1377,False,True
95BE02E9FD6AE575391B52BDE358BC1637B20F51CBACEE9AB8AF8311FE063E28,3743E0FB1BBEFE0510AE74A319CF7DA8834D0916ABFD131386DAB8E202A1ED8F,b23a3bb94d46cb541bd95ae67bbc1246bea88b1bf7ec20e5f20dc45ccd7080b9,19.54532657695365,36,2024-08,P0,1378,False,True
39555FDE5208DEDB9C47E20E801F7634F289459A061FA14DEA21C68EC2F933E2,4A74127D492321F96A02494FBEAB26D3447096FD6CE58CB87355BCCA4138E3B6,b23a3bb94d46cb541bd95ae67bbc1246bea88b1bf7ec20e5f20dc45ccd7080b9,19.54532657695365,36,2024-08,P_ABC,1379,False,True
ACEA4D96D783A56F6446C1265E0C0DED9CF2CBF2E62FEF15006663774226B276,5EE525A43C7890A4C54739E481234076AFCEF68EB3C4ABFF6FADB577C2EF41E5,b27566ba8297a7028903a835c42e24ddf129e53c2b4ef298938f6b1e14faf063,24.93318553432079,0,2021-08,P0,1380,True,True
210D22748BB3701D18EA7DC6F5290CAF8D309F626276A6E80F7F134BA8F529AB,618AAC8F8C2F04D859C3A65DF41B9D915AF3EB7A63DD4027AF600BE401F51989,b27566ba8297a7028903a835c42e24ddf129e53c2b4ef298938f6b1e14faf063,24.93318553432079,0,2021-08,P_ABC,1381,True,True
0607E655A18A1406F0FC31058F81A2DE20FAE499BE429440E774B15963E64505,B8D29EBBACA9B6E412BD52A2E36581F7F6E31612B5EBCF24009266BE0B69C25E,b27566ba8297a7028903a835c42e24ddf129e53c2b4ef298938f6b1e14faf063,24.93318553432079,6,2022-02,P0,1382,True,True
268EB23F698D848DC457E471FD0D862B2F8FA85B458ACD663F3252366D3A5377,23F5B973F924E08E5CCE066717EB2763E9617388CED8C84D63F97585164718CC,b27566ba8297a7028903a835c42e24ddf129e53c2b4ef298938f6b1e14faf063,24.93318553432079,6,2022-02,P_ABC,1383,True,True
485008CBFC85B88DD59A21A6F6040725A9BDEE3105F8DF00D2AEF09A4F0C583C,F3D23F7E4CB4F0A6B23AD5675CAF9DA348AA082FE93E2063D8FB3B742D228B5D,b27566ba8297a7028903a835c42e24ddf129e53c2b4ef298938f6b1e14faf063,24.93318553432079,12,2022-08,P0,1384,True,True
0BE60AAB24BB352F7CB372DDC08F9D99FCD04AD5CB1D1B465A53CD9E5ED492E8,A79CF37D1D0CEED1AE7FC9C721227AC94C5BB39F3DD8AFA4462E796A520923CD,b27566ba8297a7028903a835c42e24ddf129e53c2b4ef298938f6b1e14faf063,24.93318553432079,12,2022-08,P_ABC,1385,True,True
8454C11FF30C639C5F0DEB8601F879A052C0023454DB1A55483D94A7C6F1A27C,F3D23F7E4CB4F0A6B23AD5675CAF9DA348AA082FE93E2063D8FB3B742D228B5D,b27566ba8297a7028903a835c42e24ddf129e53c2b4ef298938f6b1e14faf063,24.93318553432079,24,2023-08,P0,1386,True,True
6D56A5EC25EEE926128E6DC74782277075FD8433473B26DBDFE01E6569388723,84C7CC55F0C16C45FA38FD83F1828E28A72AA454969050A6A716E3EA5C3EA209,b27566ba8297a7028903a835c42e24ddf129e53c2b4ef298938f6b1e14faf063,24.93318553432079,24,2023-08,P_ABC,1387,True,True
27EC22C4806A6B3C80B6A29C12D2D6D40F0C1A3930EFF2F6DD46944E02726542,F3D23F7E4CB4F0A6B23AD5675CAF9DA348AA082FE93E2063D8FB3B742D228B5D,b27566ba8297a7028903a835c42e24ddf129e53c2b4ef298938f6b1e14faf063,24.93318553432079,36,2024-08,P0,1388,True,True
137243BCCD929E91B0A74B27418D470AE808D94F239D83526C1EBF43871A5678,2BA380508A34C9FBC41A12BEA4EAAB57CEB43BC17566E7196F452670723AFDC8,b27566ba8297a7028903a835c42e24ddf129e53c2b4ef298938f6b1e14faf063,24.93318553432079,36,2024-08,P_ABC,1389,True,True
71539E097A95859ACEBA286DD25FCB8C6AFD99E9618EBE66811DEF064E047E3B,AD197EC366F9959BE5EA7647E6FAFE13DB35B8824944936BD7D2E6350FEE6CA4,b2bd04a5b1a4ece9c448d9c9c69d3cacaf286371a1b871ee15ce26091ee90e36,18.14903832192733,0,2021-08,P0,1390,False,False
16345B40F50033AC123BBB37EF6E01A43A99804415B7B89FA671C869BEB77A18,52C2B8B659AB1BA5C8076C397F8CB5D6BCCE9BAF6CB6016AB37A5EF7F1F2AD13,b2bd04a5b1a4ece9c448d9c9c69d3cacaf286371a1b871ee15ce26091ee90e36,18.14903832192733,0,2021-08,P_ABC,1391,False,False
922307ED2C959AF314852AE1A9145B0ADA78074E3265855034C82221639B8747,B3B4F888B1E98B6BFA879E9A43801FE49E8093AF8498372805D76139B2A8241E,b2bd04a5b1a4ece9c448d9c9c69d3cacaf286371a1b871ee15ce26091ee90e36,18.14903832192733,6,2022-02,P0,1392,False,False
AA7C72F48BDA5129CD2BAE608E278C64E4EF05DC021B76FAF41CF5B577CBD3BC,983E34CE144838EB8577868E6B945C4CB1AADFA1A5EEBC6078395AB5D8F4CCCB,b2bd04a5b1a4ece9c448d9c9c69d3cacaf286371a1b871ee15ce26091ee90e36,18.14903832192733,6,2022-02,P_ABC,1393,False,False
80A3860696F9541A99C8A9B6F463D71BEC8310D16A527BD47C7FA5FA3A65970C,95BCC4F45DE1777F6A8E091DEF02BBF59AB0AF82A412587509C135C7F860DFC2,b2bd04a5b1a4ece9c448d9c9c69d3cacaf286371a1b871ee15ce26091ee90e36,18.14903832192733,12,2022-08,P0,1394,False,False
8D2D1F0249681FD36F6FF10F4EF9E2B765437B2655FB0CE8C864E4958F502A08,5FC372EB5E92A3A3FB6FAD05C798E329B8E9968B89F209EBFB2589D22C2E4BC5,b2bd04a5b1a4ece9c448d9c9c69d3cacaf286371a1b871ee15ce26091ee90e36,18.14903832192733,12,2022-08,P_ABC,1395,False,False
F63689D8EC403273929783007DF6E30D694F0BDAF6D4EF9DCE379E8F76E96E90,95BCC4F45DE1777F6A8E091DEF02BBF59AB0AF82A412587509C135C7F860DFC2,b2bd04a5b1a4ece9c448d9c9c69d3cacaf286371a1b871ee15ce26091ee90e36,18.14903832192733,24,2023-08,P0,1396,False,False
1E8D66556435225B108706E7C66F301D17DE0D64887F6C2951DA8F3DFB35347A,C9A11A233A80B8A0EC48A38C7CCD6826C2BDE6A9A750E74A1C02084A9B9C8099,b2bd04a5b1a4ece9c448d9c9c69d3cacaf286371a1b871ee15ce26091ee90e36,18.14903832192733,24,2023-08,P_ABC,1397,False,False
2D8A39EDB7BE7DCEFF5084A380A599C5171B0623B4E34F03B2D67BD42AE32117,95BCC4F45DE1777F6A8E091DEF02BBF59AB0AF82A412587509C135C7F860DFC2,b2bd04a5b1a4ece9c448d9c9c69d3cacaf286371a1b871ee15ce26091ee90e36,18.14903832192733,36,2024-08,P0,1398,False,False
C0E8D01AE302091AF91A6F0623022A9AB8D00534D1F6D7A37D64B32C77226684,A4385AEE9D5383132F1A275EF298B12A9EB0CC153798D8AD13F44F01478CF8F4,b2bd04a5b1a4ece9c448d9c9c69d3cacaf286371a1b871ee15ce26091ee90e36,18.14903832192733,36,2024-08,P_ABC,1399,False,False
B2F9292900D79139A9E8AAAA792CE443F2064D06A0202E6510516A575EE0F7E4,6E41AFB1B316134EEC70B97057497A60AC9AC43F5DAA5584F130877A44601AC4,b3370737ab5b6805bed4644847445148bb4cd0a642b5d0fb523f3e37bcffc9a9,5.812985367719403,0,2021-08,P0,1400,False,True
2681F1C7ECC433DEED341AB7F72F05D2A4F5C747B07A5191F0E40977258784DB,CC43444D809A5B1C0F706EAC25F08F599E38D9865363009F9A4C97E3F7445646,b3370737ab5b6805bed4644847445148bb4cd0a642b5d0fb523f3e37bcffc9a9,5.812985367719403,0,2021-08,P_ABC,1401,False,True
D7990D9E89735E06580CF697F4924B554745DC7485DC406B512804D68A36149F,22FD9DD83132037446CDA8201DBEF36269FD40D98860A3CA2D99A64AFE5B71EF,b3370737ab5b6805bed4644847445148bb4cd0a642b5d0fb523f3e37bcffc9a9,5.812985367719403,6,2022-02,P0,1402,False,True
82ADF05268BEB4FDBC5FF15AF4C76F9354798B4E88455D8ED772F0CF15A32F3B,D3E7E27C0607E8EC031DBA6F2FA16D685F58B93057A5EB3F044E24DE03F9A756,b3370737ab5b6805bed4644847445148bb4cd0a642b5d0fb523f3e37bcffc9a9,5.812985367719403,6,2022-02,P_ABC,1403,False,True
C6A67E317E297CDBF82B65D2DEF0449F0A6490D21DE28DFBB8A86B1821D70395,5F20A677D1AFE82E31E510377ED50F983865DE4A82E3076246DE2DE2A7E5D674,b3370737ab5b6805bed4644847445148bb4cd0a642b5d0fb523f3e37bcffc9a9,5.812985367719403,12,2022-08,P0,1404,False,True
3D5A95E64AA3BF5C976A0DF777A81C20AE79F18B2B9D67C05FC7FDC354C32545,EB5475DF9FC3F469A7E09953292FD81AF23DE929EB5B21A6C35A8952689EDD7F,b3370737ab5b6805bed4644847445148bb4cd0a642b5d0fb523f3e37bcffc9a9,5.812985367719403,12,2022-08,P_ABC,1405,False,True
9D97363A39483D597DBDBDF38B3BF9EB9CEE2B18051DAF79BEBCEC132BBBE2FF,5F20A677D1AFE82E31E510377ED50F983865DE4A82E3076246DE2DE2A7E5D674,b3370737ab5b6805bed4644847445148bb4cd0a642b5d0fb523f3e37bcffc9a9,5.812985367719403,24,2023-08,P0,1406,False,True
2923350592EBF649C4629D548EAC45C7AFB478035AD6FBDE735181D3081E6A64,AAF29C65EE45A490762E3CBA8162758072CC06F6FFEE41353D7E36D8C3DEBC4C,b3370737ab5b6805bed4644847445148bb4cd0a642b5d0fb523f3e37bcffc9a9,5.812985367719403,24,2023-08,P_ABC,1407,False,True
25EC25BF3719EFC6FC8E16B2D8603FF65EB2F3DF467DFEE33A4E04C23BD4C693,5F20A677D1AFE82E31E510377ED50F983865DE4A82E3076246DE2DE2A7E5D674,b3370737ab5b6805bed4644847445148bb4cd0a642b5d0fb523f3e37bcffc9a9,5.812985367719403,36,2024-08,P0,1408,False,True
E72ECA68037E3ED5E489A209649FE5432349CE9C1A786E03455BB43D1D19908A,BD375C5548A21AC91CD21E7C5CEC3765DC192620C2F37F7F9EA608D1A37A697C,b3370737ab5b6805bed4644847445148bb4cd0a642b5d0fb523f3e37bcffc9a9,5.812985367719403,36,2024-08,P_ABC,1409,False,True
CE6E3EF943F4E89D7319BE499275FD2ADB79475B68A97613CCD0C702EC661CBD,2217168FA1DE3A8383C8460E1CFC72A9C52AF5BACC07E49B973AB92306E951AD,b34d85a1b7dc08ff8d5aa99952ad613f4e4d6621886d8809bd2a80dff009b446,2.90012714831367,0,2021-08,P0,1410,False,True
15659F30F47CB12AC15758ABCE6BA9932BEC0ADEEE1D3171AA797AC47A55D5CE,43E3CC96B2619F7537D5907F0AEB1642158F35F6F1AAD763695848655EDC334B,b34d85a1b7dc08ff8d5aa99952ad613f4e4d6621886d8809bd2a80dff009b446,2.90012714831367,0,2021-08,P_ABC,1411,False,True
08EFC6421C2B690B6CCA9E63FAED8E83096A388E103876EE719268812473791B,494874557BB7D673248D6EBE10A6421B456AC86FCB18B4719A3ED3745FBF9800,b34d85a1b7dc08ff8d5aa99952ad613f4e4d6621886d8809bd2a80dff009b446,2.90012714831367,6,2022-02,P0,1412,False,True
E0A210E556B52301026E4C1BACAE12BD9E844EBAAD2D61ACA55E579A384AFE38,EAEE5E33878B4C3CF2C19EE94517E3FAA4A397ED8F840C6FA501650CA9B3B6BC,b34d85a1b7dc08ff8d5aa99952ad613f4e4d6621886d8809bd2a80dff009b446,2.90012714831367,6,2022-02,P_ABC,1413,False,True
7E082487669F1A4DFD51DBC0EC5C89FB1AF99B3DD5684F7E5B9354FFC001E27F,C72D2B473F98AA3438538481E61B70CB680F1D33D4102C59E3A5156DD08BE6C4,b34d85a1b7dc08ff8d5aa99952ad613f4e4d6621886d8809bd2a80dff009b446,2.90012714831367,12,2022-08,P0,1414,False,True
276B3045C6EDB732D0BC22FF1B4AC73F7B18019588E2E1652C936D56F202C0FB,8CBE36047BD9A32876039954E34E1714476D756DB93BAC260BFBEA08996E383D,b34d85a1b7dc08ff8d5aa99952ad613f4e4d6621886d8809bd2a80dff009b446,2.90012714831367,12,2022-08,P_ABC,1415,False,True
CDF53A09CBD45A4965097EE4C9D335FEED57D6453BC28E7EEAE8C082EDC26212,C72D2B473F98AA3438538481E61B70CB680F1D33D4102C59E3A5156DD08BE6C4,b34d85a1b7dc08ff8d5aa99952ad613f4e4d6621886d8809bd2a80dff009b446,2.90012714831367,24,2023-08,P0,1416,False,True
048E24EE026DFD52260330C9811748E60EE0DFE1FCC73EF8E37300E7EE7F2C76,BA4B960E629AB585C3022CCD4A5D53EF54AC7E532EF1184192D3BEC7377C62C0,b34d85a1b7dc08ff8d5aa99952ad613f4e4d6621886d8809bd2a80dff009b446,2.90012714831367,24,2023-08,P_ABC,1417,False,True
9E08DE0418AB4C383100991352FB7568F63DE4F4DAECA42FD5C3AEABE120529B,C72D2B473F98AA3438538481E61B70CB680F1D33D4102C59E3A5156DD08BE6C4,b34d85a1b7dc08ff8d5aa99952ad613f4e4d6621886d8809bd2a80dff009b446,2.90012714831367,36,2024-08,P0,1418,False,True
7F52AC1606917E4845312356F61B05D0864E6F5D39324733812A83499C87E06E,6A19ED859639AB7FD075EB0F0178833C32619EEFE8BEB1E21A5EA00F22E44E88,b34d85a1b7dc08ff8d5aa99952ad613f4e4d6621886d8809bd2a80dff009b446,2.90012714831367,36,2024-08,P_ABC,1419,False,True
4CDC0D7D4131466233674C4855DA9DD368279DB3923F491DD30761CD9FD0E6EE,6FFE64298C9E3FB14C36E4223A560F1787137CF1A9F53A63F2ED5CD7FB63FBB5,b550689814383d3bcb7c372905757cf610ceac459d2551b1ef041fb412409afa,0.5773415942225043,0,2021-08,P0,1420,False,True
D3C8670AD440AC10558B03230DFAAC505523B44D22BAF6BE99B8A18B2FBF554F,86D7C78A375E3968C040CFCAC8CD03A34C5CECD1EE69BFF26890EADE9B3710A1,b550689814383d3bcb7c372905757cf610ceac459d2551b1ef041fb412409afa,0.5773415942225043,0,2021-08,P_ABC,1421,False,True
73D124F0E5AA6E7511993346DC2DAE0CEAAB27A5E060B0D92E3BFBF37E83D5D4,1BAD8C8287BD91D8E1C01D0F056BD6ACEF749253D99586469D9565E5C09B92B4,b550689814383d3bcb7c372905757cf610ceac459d2551b1ef041fb412409afa,0.5773415942225043,6,2022-02,P0,1422,False,True
0F35B33F39D9E084FA378928198939A30B08844B54D2276A2E1DD13BCD1FC558,AA8D2056FE87A6F1934362D702E45866E8374C2EDDBCC64A6ABBC09C6CCBE8C9,b550689814383d3bcb7c372905757cf610ceac459d2551b1ef041fb412409afa,0.5773415942225043,6,2022-02,P_ABC,1423,False,True
E8F88E4717533B76B3887460DBE2A4A05D8F53670C7B199C4F4F0E99443CA27A,85F8795044DD8EDC167DFDC75ADF1BFB6C542601925FDBED8A9CA38D7F5F3032,b550689814383d3bcb7c372905757cf610ceac459d2551b1ef041fb412409afa,0.5773415942225043,12,2022-08,P0,1424,False,True
AFC3A320AFD5807319290105669FF11F88A5924C41B848409E2E622DE6110C67,429B5DD6EABC95694DE44B0AA6FF980C39AB79516F3D981C372A2D202D2E1099,b550689814383d3bcb7c372905757cf610ceac459d2551b1ef041fb412409afa,0.5773415942225043,12,2022-08,P_ABC,1425,False,True
6DEED080CFCB32EA90CA91FA4113B4947D148F4F86B1D8965A0869AD0A85BECE,85F8795044DD8EDC167DFDC75ADF1BFB6C542601925FDBED8A9CA38D7F5F3032,b550689814383d3bcb7c372905757cf610ceac459d2551b1ef041fb412409afa,0.5773415942225043,24,2023-08,P0,1426,False,True
646CACA995860AF2177FAB2B32081AD10B631B03DEAEEF340E7192B7176967E9,A127F957F9CF712A7292F28F4FB36AE6E6D69A2968A5E2AFB38D33B1D0E1C08C,b550689814383d3bcb7c372905757cf610ceac459d2551b1ef041fb412409afa,0.5773415942225043,24,2023-08,P_ABC,1427,False,True
8721A56EAA8E23887D2CF636DFF7B4988143CF922227FBAC4FAA18C3C5835AF1,85F8795044DD8EDC167DFDC75ADF1BFB6C542601925FDBED8A9CA38D7F5F3032,b550689814383d3bcb7c372905757cf610ceac459d2551b1ef041fb412409afa,0.5773415942225043,36,2024-08,P0,1428,False,True
C36B9003DA58EEDFFDF2A1C23AAC80974331663E384943C08032A1B275C32E13,BB95799470DF78CA101293BB9EB78719F8EA01DF23D768F3193B20FC4EE544A1,b550689814383d3bcb7c372905757cf610ceac459d2551b1ef041fb412409afa,0.5773415942225043,36,2024-08,P_ABC,1429,False,True
54771CFE96AB9CCB265D8036388A41816EBC2BCE308676D5331F96AFA1A336BA,17E775F48B554F907BB49C4E3458A8E426FD4BA83E93257FB99A92409F545EC2,b6728bc869d0fc6cd3f781df86a5914ee1317afb96b05ea2419c470f0585d1a6,8.634391500392475,0,2021-08,P0,1430,False,False
F9F54D349CF9B47E89C135AA05D3F507FB527D90DA61C007778C0BC50052E653,EA934900B8C6B38692544AD3D65138B90FF5604C2963311D7F0BD4298AE31198,b6728bc869d0fc6cd3f781df86a5914ee1317afb96b05ea2419c470f0585d1a6,8.634391500392475,0,2021-08,P_ABC,1431,False,False
E43CB9D24A3A0A3A3B42CA7364B850DE4D70F4668B3AE32C11A35FCAB7D21843,1133C6112FE1B6877CCAA6B0ECA44E07D6A9303CF700466AF7CBF2C810BDC1AD,b6728bc869d0fc6cd3f781df86a5914ee1317afb96b05ea2419c470f0585d1a6,8.634391500392475,6,2022-02,P0,1432,False,False
F74FCE22873D9F3DDE41EF3E8E6745ACF76BA87E4DF3C60F5AA6E9E3F183C553,B51432655B17D776B2D5CB295C6B98F8F1E0624ACCC5C90F61DDE9F9C8AA571F,b6728bc869d0fc6cd3f781df86a5914ee1317afb96b05ea2419c470f0585d1a6,8.634391500392475,6,2022-02,P_ABC,1433,False,False
8703900181C7B142DF62E5142A17F8F4053FF783D46CA4AE7E40B096ACE3A78D,961A04450315225BC8281AF38351AA1373B6350B61208D532F4116628FC9A8CB,b6728bc869d0fc6cd3f781df86a5914ee1317afb96b05ea2419c470f0585d1a6,8.634391500392475,12,2022-08,P0,1434,False,False
548DBE26D31F26AB56ED95B459D0D36F330CF27FF0B9E50CE505F00BC5C6B7AC,3F55E0942F6336C0BAFCF4BF6FA6FBFA8D2528553C5EB536AB301CE7D6FE946F,b6728bc869d0fc6cd3f781df86a5914ee1317afb96b05ea2419c470f0585d1a6,8.634391500392475,12,2022-08,P_ABC,1435,False,False
2EB9F5B83B5E23EB7C514888BA19371599FE342F8C9BE72DB56B61F43097E24F,961A04450315225BC8281AF38351AA1373B6350B61208D532F4116628FC9A8CB,b6728bc869d0fc6cd3f781df86a5914ee1317afb96b05ea2419c470f0585d1a6,8.634391500392475,24,2023-08,P0,1436,False,False
79CFAE01B9D34E729C28ADC1642F33FE4529122537E46593F5B6E63961B15E56,BB3F060431E9C2CC1FC7788B445A8DB5D6D6DDC37E950AB6C79ACF338F930474,b6728bc869d0fc6cd3f781df86a5914ee1317afb96b05ea2419c470f0585d1a6,8.634391500392475,24,2023-08,P_ABC,1437,False,False
1DE95BC617A67CF02752493218187E5370597F48B813B832ED8167C919169E83,961A04450315225BC8281AF38351AA1373B6350B61208D532F4116628FC9A8CB,b6728bc869d0fc6cd3f781df86a5914ee1317afb96b05ea2419c470f0585d1a6,8.634391500392475,36,2024-08,P0,1438,False,False
AFCB85266AF464363EB4011DEA9155647A54F06AE96A0ED50A43A8432E1893EF,20A56E1E37568B25B93635A7AB7FD6C5444C60A45A31CB2C8DA6026A272A3574,b6728bc869d0fc6cd3f781df86a5914ee1317afb96b05ea2419c470f0585d1a6,8.634391500392475,36,2024-08,P_ABC,1439,False,False
41E4005C938ACE74A24C3581BBA834AE3914C54B6BCC43286DAD7318E7422F2B,DCD638ECCB3601A87E3C4F5C75E3F10C98181DD10F173839F2266EBAC52C7BFF,b754a36bdecabc09500dfd461246cfe2e3f11a8d966fff5955749c11aee40174,1.394493298332697,0,2021-08,P0,1440,False,False
0E3F33D875869091B98DBF1C0A174AD51B142C3733D981381492244953982772,4C29EC8629B28C872DBA7821AA73ED3057C3784249D0296AEA14E9A58C3C4E8B,b754a36bdecabc09500dfd461246cfe2e3f11a8d966fff5955749c11aee40174,1.394493298332697,0,2021-08,P_ABC,1441,False,False
2C9BDF18A2CE0E2F13D7D3734A3AF32F466410FB0BEE41D1BCE35F6CBD98BB80,C199D48329FCC01C64BC0A360AA8C32874D1D5B5CB094FBFDAE99D16AF8BDDDF,b754a36bdecabc09500dfd461246cfe2e3f11a8d966fff5955749c11aee40174,1.394493298332697,6,2022-02,P0,1442,False,False
E24A634AA2D59C745A4008300C28E87CC7393AC24BCFC13A6089C40292E0D06B,8476279AC1B5979F0DEAD3A4D5A238A6869DCE916B756AA2F5BFD84D569AF251,b754a36bdecabc09500dfd461246cfe2e3f11a8d966fff5955749c11aee40174,1.394493298332697,6,2022-02,P_ABC,1443,False,False
5A4976CDDE4A18E0C2C6441BC2C27C44B3FD38E8E90F82FBAB994E0E457D24BD,5BABA0C2F935212EC146ADDF81326E6ADA71021571FC244C640264EFD912C9DE,b754a36bdecabc09500dfd461246cfe2e3f11a8d966fff5955749c11aee40174,1.394493298332697,12,2022-08,P0,1444,False,False
A5CAB1A348E2426FAF9471F0E7692D00613578830D2D46D8F178FDBF39F11CED,5BD08F206142BCFC0D354CF16B363AB186A214FC4C696E94004254926371FD4E,b754a36bdecabc09500dfd461246cfe2e3f11a8d966fff5955749c11aee40174,1.394493298332697,12,2022-08,P_ABC,1445,False,False
11B05F17BCA8C1B843C0E9611E622AEE4638AB0A76D71636A07C8312BB0BF136,5BABA0C2F935212EC146ADDF81326E6ADA71021571FC244C640264EFD912C9DE,b754a36bdecabc09500dfd461246cfe2e3f11a8d966fff5955749c11aee40174,1.394493298332697,24,2023-08,P0,1446,False,False
A84B7B9D2815BB45E2831F627318C1119B541DE37CB83E865B4AFC9A5AB1AA71,6A2C3D9AF5EE7FE6D9A153FB96159C99952C7BBED701EAD6870F3446CA0CC693,b754a36bdecabc09500dfd461246cfe2e3f11a8d966fff5955749c11aee40174,1.394493298332697,24,2023-08,P_ABC,1447,False,False
509183BD686AD02AD9F1018A3A35B54E01C9D9BF0E156FCBE0FFAEA29512123D,5BABA0C2F935212EC146ADDF81326E6ADA71021571FC244C640264EFD912C9DE,b754a36bdecabc09500dfd461246cfe2e3f11a8d966fff5955749c11aee40174,1.394493298332697,36,2024-08,P0,1448,False,False
BB43ACAEFBAD35C8CB39ACF9A02A9023079F76CC8F5F5F2DE1A985C11E22917A,82015F157906633618BACEDB3358963FF9EFACA25AC49F90CE885AB731B80421,b754a36bdecabc09500dfd461246cfe2e3f11a8d966fff5955749c11aee40174,1.394493298332697,36,2024-08,P_ABC,1449,False,False
A2A1FB2197092D3C5477E90B9BFFCC07D36A34D860D8FC5F7D20E82D36F05971,47B007BC514E7639C05EC0E709AFBFA34290B2C8D2BA06303E90BD40F0236412,b809d026b5fddcb80c2404b025c4d6532162031df42ccf5a8751d7387091cc6a,0.6853855070160533,0,2021-08,P0,1450,False,False
854A6C2869600FCEB458B46159CC6675ED2D1AEA18B6482C8F7BE483D530CA27,15F28D7AD0EBEE413B65FC8497E49FA40A0BACD9D156BD8E2D28BE2A2D5EA7AD,b809d026b5fddcb80c2404b025c4d6532162031df42ccf5a8751d7387091cc6a,0.6853855070160533,0,2021-08,P_ABC,1451,False,False
9199A1332AE819797B1E64096992681ABE5D935778865D632FBAA03EB8B18F44,DEDFAC7568428B66CC53AB78FCC89226A8D71D91625DB928FED51AD538A44392,b809d026b5fddcb80c2404b025c4d6532162031df42ccf5a8751d7387091cc6a,0.6853855070160533,6,2022-02,P0,1452,False,False
D2651B24906556DC9BCB2E814C7896948EC79209A6600237C029E5CD630BBDC7,A30D46174D82F4207F18774B9B56CC0506432644EDE7FE34A4C2668DF66B456A,b809d026b5fddcb80c2404b025c4d6532162031df42ccf5a8751d7387091cc6a,0.6853855070160533,6,2022-02,P_ABC,1453,False,False
BAE51C614EB49D83A5A0584792034396A77C14D409B385D8359773CA2E1CDFD3,D16E50093F5EFAF5A53270E9B0AC8A7F169C8A6E699A8E38D0832E7CCEADFD61,b809d026b5fddcb80c2404b025c4d6532162031df42ccf5a8751d7387091cc6a,0.6853855070160533,12,2022-08,P0,1454,False,False
E358520F76791CD02A90A4E4C17AE57379DF25F4811FB085ACBCDC7AAA47E8D9,1ACAF683BCAA56EEE5BC1643CA687E9808A15F0F6C863BFFE646328767058069,b809d026b5fddcb80c2404b025c4d6532162031df42ccf5a8751d7387091cc6a,0.6853855070160533,12,2022-08,P_ABC,1455,False,False
33A029A28C170C3000FE51997FDE15EC8DAB70AADD7C55228547D2C5643C1D0D,D16E50093F5EFAF5A53270E9B0AC8A7F169C8A6E699A8E38D0832E7CCEADFD61,b809d026b5fddcb80c2404b025c4d6532162031df42ccf5a8751d7387091cc6a,0.6853855070160533,24,2023-08,P0,1456,False,False
0A423BFA00C9FE28AEDA2EC005024F15D63A08B9E0D27FFC752BA6537665C27B,138E0CD73681D0CA8D0B927F57407E351454462F60CD8322AC485C2833F14D72,b809d026b5fddcb80c2404b025c4d6532162031df42ccf5a8751d7387091cc6a,0.6853855070160533,24,2023-08,P_ABC,1457,False,False
C080BF53A19A41514A8CD4A5650F6A7DBAFD13938756ED739D8F79111CED25BB,D16E50093F5EFAF5A53270E9B0AC8A7F169C8A6E699A8E38D0832E7CCEADFD61,b809d026b5fddcb80c2404b025c4d6532162031df42ccf5a8751d7387091cc6a,0.6853855070160533,36,2024-08,P0,1458,False,False
533444F08FC22EBB1E4F47AA07749A794D4CBEA484DED710E5EF0D5BDEEAA760,997415E1C7D58A2F49FE47395D65AEB10C84C64AB98CDD8833AD639431D67A77,b809d026b5fddcb80c2404b025c4d6532162031df42ccf5a8751d7387091cc6a,0.6853855070160533,36,2024-08,P_ABC,1459,False,False
2254EB0C1EC31BD0980F19B163640E048D2F69ED7904A6A9F250D90F8E60CEFD,14AD1969559D25B4F4D3791CA1640DB6CCD52DA724EB1CDDD6F6DFFD0CE25AA8,b8cdc3e74000125e6d88532e0624da248473f65d6dc1d3423add3334384b5f95,10.311591934797258,0,2021-08,P0,1460,False,False
3EDD408853CBAFC7469EA029A78DBF08898874B1B6303BB4F58D12ED4A7600F0,B586B093C6DA62FEF93261C19E3F39F4E6DB94421D15EB875B85BAD7146ABC66,b8cdc3e74000125e6d88532e0624da248473f65d6dc1d3423add3334384b5f95,10.311591934797258,0,2021-08,P_ABC,1461,False,False
9C4A6FCD3D4A9EE3DBA12881A4B9FBB6403488FB84436389A1DB3969948683EC,EFD8742B57A477FC643675488A69C9D5472CB62A63222090D0450F3FF78C9180,b8cdc3e74000125e6d88532e0624da248473f65d6dc1d3423add3334384b5f95,10.311591934797258,6,2022-02,P0,1462,False,False
4D17F75FA2B5123474579898B79CAB387FD3DD95BF8B5789D37C652BBEA8158A,E4C365C22A5C9386517ED16F01CE8FD389EE0F03D7378EF6C30753A35E15EFA9,b8cdc3e74000125e6d88532e0624da248473f65d6dc1d3423add3334384b5f95,10.311591934797258,6,2022-02,P_ABC,1463,False,False
3930695139587F483DBF47586791AAFAB3A46C96191B4AB89B8AA3FB51D2F444,59BE45ABAB4DDA26FB2A75CC72F4EBFAE2FEBCA5BAFB56D4CBEBB68A19BC7F80,b8cdc3e74000125e6d88532e0624da248473f65d6dc1d3423add3334384b5f95,10.311591934797258,12,2022-08,P0,1464,False,False
AB7D4FD3F2C705E4B1C1A147B831B1404316BDE717245E29FB0C69CB51B18B41,3F39C70D5D6705B4E1622451632AA7F136E4B0A31B639691A070BB8BD3EF0DD6,b8cdc3e74000125e6d88532e0624da248473f65d6dc1d3423add3334384b5f95,10.311591934797258,12,2022-08,P_ABC,1465,False,False
4057024735E0CC99FB28BCA86FB16924A8792F4BD41D168DAB9226584CCCD209,59BE45ABAB4DDA26FB2A75CC72F4EBFAE2FEBCA5BAFB56D4CBEBB68A19BC7F80,b8cdc3e74000125e6d88532e0624da248473f65d6dc1d3423add3334384b5f95,10.311591934797258,24,2023-08,P0,1466,False,False
F9D9E83B4E4F42211C990AED7D1CAAD7828C436201893DBB677C6AD5397D037E,EFAF01D8DB6AB6C758EFE46B72958A73852D31EB6E7993103667B469ECF3465D,b8cdc3e74000125e6d88532e0624da248473f65d6dc1d3423add3334384b5f95,10.311591934797258,24,2023-08,P_ABC,1467,False,False
E6DD9939490CC8AA2D5E5CDCA9F3102F076CCA3F553D4895C825524D46089EBF,59BE45ABAB4DDA26FB2A75CC72F4EBFAE2FEBCA5BAFB56D4CBEBB68A19BC7F80,b8cdc3e74000125e6d88532e0624da248473f65d6dc1d3423add3334384b5f95,10.311591934797258,36,2024-08,P0,1468,False,False
A30AC253CA9E14444F1700B841FF75A7558B39C69CA7D017929FCD1B7BA626A8,D1087FF5AD8694D8E7C7212E91C20B15C0F9986B95C6CCC53685CBA0F8363153,b8cdc3e74000125e6d88532e0624da248473f65d6dc1d3423add3334384b5f95,10.311591934797258,36,2024-08,P_ABC,1469,False,False
7A9B492D0313EDE38FBEF24E350B9922258FD707146A4954500292F4943E23B4,AF3FFFF446C63DE2862A0225C64884CBBE12B32D17C9E4805739234052877CAA,b902a2fd3c1e908cf9988f665e283bc27bba7132afc768216a59ec1d07c56875,0.9263403401544124,0,2021-08,P0,1470,False,False
F0DC39831080E6DEB711CCAE268E2DEB300BF438E2760F29DD18DB8C23049A2F,83BCFF2C3653864AB331CF74019E683269699FF17F373E7C436BFE4E5C5F5FC5,b902a2fd3c1e908cf9988f665e283bc27bba7132afc768216a59ec1d07c56875,0.9263403401544124,0,2021-08,P_ABC,1471,False,False
7E839FCE7F3D3629166F5E182C5D4A589836C05278C957A58815748F08B687B3,22965DA0D36B16195AC7968F222D1DA9926983AC252B90D73A1AD76994568A11,b902a2fd3c1e908cf9988f665e283bc27bba7132afc768216a59ec1d07c56875,0.9263403401544124,6,2022-02,P0,1472,False,False
03A0668ADC3DE4F12A13DC77B12960D8F80BF2E35C5280CCE0925B73AF6A2170,1D9DD9D4746C14C0396151D07F776369D7CB2F3AF093D2F82F47F047A3311CD9,b902a2fd3c1e908cf9988f665e283bc27bba7132afc768216a59ec1d07c56875,0.9263403401544124,6,2022-02,P_ABC,1473,False,False
F94528144DF11E7660805B67372AB742641DF50B92FE30CED2F5C3F86F27CC3C,1C249882F61ED3DC1610130D9EC4E2391AF84F0FDE363A62097C50347E0C1142,b902a2fd3c1e908cf9988f665e283bc27bba7132afc768216a59ec1d07c56875,0.9263403401544124,12,2022-08,P0,1474,False,False
069EBBC9C4F1AC24AAEA00569F0293E8DAAC03765F9DAF00D372BBF998249A56,C52CC2E55921F3923738F0912945668BA2826EB5CED67CE213F086F95AA80566,b902a2fd3c1e908cf9988f665e283bc27bba7132afc768216a59ec1d07c56875,0.9263403401544124,12,2022-08,P_ABC,1475,False,False
CBC3AEB121476921C75A4DAAB2C61A596AC4819B638C33FA0E921F761B512F81,1C249882F61ED3DC1610130D9EC4E2391AF84F0FDE363A62097C50347E0C1142,b902a2fd3c1e908cf9988f665e283bc27bba7132afc768216a59ec1d07c56875,0.9263403401544124,24,2023-08,P0,1476,False,False
B048A3D68AA1A231C1BA9BB2365D932364ABA5E500ACBF3FF3D8EADDF560CCCE,E900BE669759C56E1E1EFC62EB37D69CD9BE89FF5040B62E6C5F4176E95D6ACE,b902a2fd3c1e908cf9988f665e283bc27bba7132afc768216a59ec1d07c56875,0.9263403401544124,24,2023-08,P_ABC,1477,False,False
98294E43599E7091FE4FA701E495E95FA9DC2FE1ED839FF21397938FFCFD6A37,1C249882F61ED3DC1610130D9EC4E2391AF84F0FDE363A62097C50347E0C1142,b902a2fd3c1e908cf9988f665e283bc27bba7132afc768216a59ec1d07c56875,0.9263403401544124,36,2024-08,P0,1478,False,False
5927660CBFB6D433E2EF15A55EDFF1605F13DAB5239F1131E2A0E85A3761D514,96338073ABD34356759E0A40238CC5533BD0F606E24B998F45984640691BCB4B,b902a2fd3c1e908cf9988f665e283bc27bba7132afc768216a59ec1d07c56875,0.9263403401544124,36,2024-08,P_ABC,1479,False,False
8E6279A4C026AB4690B85BF6F7D6EAB72E66DF206F77541F87C493DE26DBC43B,65E0F4C73305F8EC849EB56B4B8EB90820AE25E643EC81C2A3B10625A9A59E5C,b92f8809ab570a867e1cb7d205fcff783344ef4a2bb928d3242b116a7ab751c5,3.634097290565598,0,2021-08,P0,1480,False,True
6258684A5DBCA5534556ECD2C8C5DEB7E4FCA27D283E29230B61B83CA1EB5762,3FFABADE0D951B02C95586FFC04CD1E71CC3BE27B6FD4CF19DCCC1C6BFBBE16E,b92f8809ab570a867e1cb7d205fcff783344ef4a2bb928d3242b116a7ab751c5,3.634097290565598,0,2021-08,P_ABC,1481,False,True
4E30B345C4D79EC17E676445A1766A4416078895BC9135A1465A64AD6F92DEBC,061E04661CDBB2BA02133A63BDB83D6E9D6B0291E8F341A892065693CC03414A,b92f8809ab570a867e1cb7d205fcff783344ef4a2bb928d3242b116a7ab751c5,3.634097290565598,6,2022-02,P0,1482,False,True
715D57D62A332D2DF055FAE26567B8CA841B1469197DFF1B6C0C5F01B5413D3B,9A37D8F2CDCFB89BEC068B9FAED08393407BDB36316CD0393DC34F29EAF0CE83,b92f8809ab570a867e1cb7d205fcff783344ef4a2bb928d3242b116a7ab751c5,3.634097290565598,6,2022-02,P_ABC,1483,False,True
98A497306D24A28D0C6A380E8622AE18F79CB2D8F7356394973BF26A53C354B9,9EF3DA7A62365C0935237F2849E6A66833D48F404BE795C7F942EAEFB964A29E,b92f8809ab570a867e1cb7d205fcff783344ef4a2bb928d3242b116a7ab751c5,3.634097290565598,12,2022-08,P0,1484,False,True
D44D341B16AEBAB46147CF306FBBEAF541E07897AEB9F89EDDEF7DF589FE8CDA,5ABD1F3D3C204471027C06175CF38088574BD0680ED563E82A6F64741A63A1D1,b92f8809ab570a867e1cb7d205fcff783344ef4a2bb928d3242b116a7ab751c5,3.634097290565598,12,2022-08,P_ABC,1485,False,True
BDFA340EC7E448380CD9235C12477408C6FC534EA84B941657434FBD534F4A00,9EF3DA7A62365C0935237F2849E6A66833D48F404BE795C7F942EAEFB964A29E,b92f8809ab570a867e1cb7d205fcff783344ef4a2bb928d3242b116a7ab751c5,3.634097290565598,24,2023-08,P0,1486,False,True
45BEE77E28CC1F901B5C027497AF1A11727504D247FF0995ED0CB28A724F98F2,AE4BA47C059A8184E7590539939E14E04DB51491979608940FB18C5DB81EA5EA,b92f8809ab570a867e1cb7d205fcff783344ef4a2bb928d3242b116a7ab751c5,3.634097290565598,24,2023-08,P_ABC,1487,False,True
C535902266486D330A801B3A1E3442BFF12F11E8483B9BC80C45D8400BD1B1A0,9EF3DA7A62365C0935237F2849E6A66833D48F404BE795C7F942EAEFB964A29E,b92f8809ab570a867e1cb7d205fcff783344ef4a2bb928d3242b116a7ab751c5,3.634097290565598,36,2024-08,P0,1488,False,True
E6B2EF88BAE2E17E2AB819E2F1F086C4D9BB11A9B11BBF56FC5538956261627D,B6CBFCEB743A5D6C52535C0FEB38D4106F42F75D4A24B12853FC6F6BA37611E1,b92f8809ab570a867e1cb7d205fcff783344ef4a2bb928d3242b116a7ab751c5,3.634097290565598,36,2024-08,P_ABC,1489,False,True
34D67CE96D28B00A913F83FA93F88D976A920A8F701E69FDB02CBBBBFE934B49,BB1742F9F60237273BE4A285E8CF1672366AC1D65047C1AAA32851BD43445DCD,b956d9615576ad99ddc2e6ae4aee6d5198268e4d5ed3c04f6733d3af5ba72395,2.263670433906656,0,2021-08,P0,1490,False,False
B3CBC65B5AFDFFAA56D232E16D4CA0890003874E4E20E0A44B1EF25BB0C9352E,D62ABA9A9ACEFEF974B60BBA6C712DCA72A9751B2A0EA3B66E370E644A812222,b956d9615576ad99ddc2e6ae4aee6d5198268e4d5ed3c04f6733d3af5ba72395,2.263670433906656,0,2021-08,P_ABC,1491,False,False
42FF2FE8AD30C04A786EAFC4CFC317B5BFD39C4BEA3D0EEB3C337BA0F22D7D27,FEE2E3BDBDC9F60D20FC02DAF57CC1D27C5878EAAC51D88AADAFC7E622A17D20,b956d9615576ad99ddc2e6ae4aee6d5198268e4d5ed3c04f6733d3af5ba72395,2.263670433906656,6,2022-02,P0,1492,False,False
751A90A5E091F97C98953332CA5A9E2F242873A5ED2EE3A4A64D7DF3A590B020,F9E344A6E8365827FCD29FA96195ED3E02966659FF165F947F002C20DC1111D6,b956d9615576ad99ddc2e6ae4aee6d5198268e4d5ed3c04f6733d3af5ba72395,2.263670433906656,6,2022-02,P_ABC,1493,False,False
BCC1F5D734AF92B698A20633D54BD00074FC288CB2150E22AF7F3BC45F59C385,9249FD7AA93F2C8C3B7049F95EF7F1C86C5638FB681C14C9AF189739310F2A3E,b956d9615576ad99ddc2e6ae4aee6d5198268e4d5ed3c04f6733d3af5ba72395,2.263670433906656,12,2022-08,P0,1494,False,False
D49A63D23931327D1836D8C33CAA982191D554D8132DB8CC76E1146D38623790,8D66B43D2E8EF0EA949FCFFE5A8BCF011B46D0C87AD079721AD4B7560B9C0F7D,b956d9615576ad99ddc2e6ae4aee6d5198268e4d5ed3c04f6733d3af5ba72395,2.263670433906656,12,2022-08,P_ABC,1495,False,False
AAFC47CC1D5DDB712E8A836AFB0882805D7517C0EAA36AA24CE80C0004CD852A,9249FD7AA93F2C8C3B7049F95EF7F1C86C5638FB681C14C9AF189739310F2A3E,b956d9615576ad99ddc2e6ae4aee6d5198268e4d5ed3c04f6733d3af5ba72395,2.263670433906656,24,2023-08,P0,1496,False,False
083A3C2B0C3EB8DC2CA054D2480292A47CA11B6363146EFCF8B503F8F2CB3863,116F3EEF0841DE4801F3F8EA53FEFA9DD631DE445D2448571D8922E1249FEAB0,b956d9615576ad99ddc2e6ae4aee6d5198268e4d5ed3c04f6733d3af5ba72395,2.263670433906656,24,2023-08,P_ABC,1497,False,False
0218C7A7A9842B1F255DCD3B16E4F2B8C9232AAB15BC593744538872DFB088BD,9249FD7AA93F2C8C3B7049F95EF7F1C86C5638FB681C14C9AF189739310F2A3E,b956d9615576ad99ddc2e6ae4aee6d5198268e4d5ed3c04f6733d3af5ba72395,2.263670433906656,36,2024-08,P0,1498,False,False
01A2AFD65E84F63F8C03DF01F0D608700D8F3BC9DA3485A634E514E4246940CB,8CD1D5BE286CE90889E4D565114FCAF80896D1ECABDFA5AA17AFC7211C425007,b956d9615576ad99ddc2e6ae4aee6d5198268e4d5ed3c04f6733d3af5ba72395,2.263670433906656,36,2024-08,P_ABC,1499,False,False
C170CD221E1E11063A217F1CC0F6321FA299DB6A48DD0375198AA0A79B74F7CA,7F0BBCC6357A0D37366693196AEE2592B43628DB10A79DB6834A08513F228840,ba0e8279bc51196384c1cd52d1679b8ebffbf69c4018a624608905d875ed67e3,2.058546191986967,0,2021-08,P0,1500,False,False
7F6FA2ABD39472E73607F24EF98F2B5A4ACB57AF6512B4F68115D624054CF3CD,A03A5C56046B3A3CE82A6FBA992021ADD262D5B1B749D7DD5249BF5B446A857B,ba0e8279bc51196384c1cd52d1679b8ebffbf69c4018a624608905d875ed67e3,2.058546191986967,0,2021-08,P_ABC,1501,False,False
678579309E593C6D04257D7B76E3D8A320709EE303B213DF2E4F5D78D01D1F76,41B7666FD406FCCB0DF1BFEEF4B6E1CA0CB2380779854074579B5E5907901375,ba0e8279bc51196384c1cd52d1679b8ebffbf69c4018a624608905d875ed67e3,2.058546191986967,6,2022-02,P0,1502,False,False
D06B1276DBE8FA40C50C2D76BD42E4BE6F60617E4FF53631682A65ECE3E183AC,E2DAE5470785EB8B7E2A86CD79C8D2BB1311F67D45C3A0FE401246FD32AC7976,ba0e8279bc51196384c1cd52d1679b8ebffbf69c4018a624608905d875ed67e3,2.058546191986967,6,2022-02,P_ABC,1503,False,False
1EF98F52A168A13B0DE9781C589C4389E697BEF251F1109E77FBEAFC3881A515,0AFBCB183F4C4DC3DAFFE283E0CD5B0D7EEB138E516B20454868756CFBBE3D7C,ba0e8279bc51196384c1cd52d1679b8ebffbf69c4018a624608905d875ed67e3,2.058546191986967,12,2022-08,P0,1504,False,False
B6A7F8EB2A83455EC57BA4C76218F17F933DB9EA7D2FC696177F99EE59550704,AF9252DFAB7448AD5A64F4FA2D22EC1C8A0E1BA077FF977B327A0C3AA83D7845,ba0e8279bc51196384c1cd52d1679b8ebffbf69c4018a624608905d875ed67e3,2.058546191986967,12,2022-08,P_ABC,1505,False,False
B12946D20FC06494A0BAB8B8C710664433C1CA88745838467A6762E568F640A9,0AFBCB183F4C4DC3DAFFE283E0CD5B0D7EEB138E516B20454868756CFBBE3D7C,ba0e8279bc51196384c1cd52d1679b8ebffbf69c4018a624608905d875ed67e3,2.058546191986967,24,2023-08,P0,1506,False,False
687D9CC5E6018A019CB530AC0A4958D20346D8D466A13D2EB53FDCD7DC3F9FCE,40F8CBC4416C8D6E8D24F59C8C10FBE9E1242611D56559D5B464C72BD2427FFF,ba0e8279bc51196384c1cd52d1679b8ebffbf69c4018a624608905d875ed67e3,2.058546191986967,24,2023-08,P_ABC,1507,False,False
95DEE2B65F13FEF3C065152AEDFD58833353D928083849DDB6FF38F4FB55F632,0AFBCB183F4C4DC3DAFFE283E0CD5B0D7EEB138E516B20454868756CFBBE3D7C,ba0e8279bc51196384c1cd52d1679b8ebffbf69c4018a624608905d875ed67e3,2.058546191986967,36,2024-08,P0,1508,False,False
2564EFCCD0F10F6AC2084AA99CA15F2C06AF5AE8437B056B2757D59408EBF76A,A126EF59449D78BD9237460008F43FC4B21FDCC651CE0E638AEEDF16BAA1BCAD,ba0e8279bc51196384c1cd52d1679b8ebffbf69c4018a624608905d875ed67e3,2.058546191986967,36,2024-08,P_ABC,1509,False,False
1A22CEEE6AE3009B1D39D9CDE920A23E61A3E0C8D01D25A98CA722D21B5F7B1B,C2DB0C58974FC216B4C6F471BC5907921A7B574774015530CB2E3E7CA1A6AC89,ba8b2085810726cb9661d74fee10f38261733777c848e3ef5efa282cb0c5e4ef,5.82242539922705,0,2021-08,P0,1510,False,False
7F52681DE2FE914EC4887098B51DCC9DEC95E2D215E241645450B095EA0B68E1,03431E84F021F2C997C36A7DD662B0A1CA7679828AE323331075E5CBC814A2DA,ba8b2085810726cb9661d74fee10f38261733777c848e3ef5efa282cb0c5e4ef,5.82242539922705,0,2021-08,P_ABC,1511,False,False
4BA263E6E049F74F93F1C49E60ABEA3422B4D101262067F3EBC3E8BB72C3507A,9C49728C6F51FD7C016B9531DF6E56FA055FAC691DDA02CC66E77AE512837824,ba8b2085810726cb9661d74fee10f38261733777c848e3ef5efa282cb0c5e4ef,5.82242539922705,6,2022-02,P0,1512,False,False
A5A2323B59F4C53FB087891969059670A2EB4E0635DCB6BE1017908151F45501,5BED42EB7D20DC22123ADACE547B891A7E5F5740F15C6B9E10D553D7090270BF,ba8b2085810726cb9661d74fee10f38261733777c848e3ef5efa282cb0c5e4ef,5.82242539922705,6,2022-02,P_ABC,1513,False,False
0776C44407E1CE882B0868DA2102EE1FD815C3F54D46928B1486C35B3476CAF7,75CEECED0C16D0276105D7CF12F6D6E0FB61695225F989AE3B026600ABA499AB,ba8b2085810726cb9661d74fee10f38261733777c848e3ef5efa282cb0c5e4ef,5.82242539922705,12,2022-08,P0,1514,False,False
216437E9822A35798DBBC9D5F049C17075F9C91E19BE3D5B86F195527DE53322,F08C54B60262C9FDDDD0F3F095C9B4B338258A5F3F6138CE8A810F25605D628F,ba8b2085810726cb9661d74fee10f38261733777c848e3ef5efa282cb0c5e4ef,5.82242539922705,12,2022-08,P_ABC,1515,False,False
8872FA1846D9F9F5A4F7670A3C3EEDF6B02E3677820F24971A573DC72DD6F67F,75CEECED0C16D0276105D7CF12F6D6E0FB61695225F989AE3B026600ABA499AB,ba8b2085810726cb9661d74fee10f38261733777c848e3ef5efa282cb0c5e4ef,5.82242539922705,24,2023-08,P0,1516,False,False
21D1D688EB18EA5DC4885D608E941261CF23A321413AA46564FCCFDB3C31354F,F2F37EA06690F415D22E02552C43CC3BE30E974086662D7FF80CA66980D8F019,ba8b2085810726cb9661d74fee10f38261733777c848e3ef5efa282cb0c5e4ef,5.82242539922705,24,2023-08,P_ABC,1517,False,False
DCC082B5740BD83A66C5CB190F4D237CD600F4FF5C09A87247FB4EEF17A2FAE4,75CEECED0C16D0276105D7CF12F6D6E0FB61695225F989AE3B026600ABA499AB,ba8b2085810726cb9661d74fee10f38261733777c848e3ef5efa282cb0c5e4ef,5.82242539922705,36,2024-08,P0,1518,False,False
CE63A1DC3CF4A5C5F2E0B67A1C2BF268E6612C9D55F638440AB59CD4483E3389,48B0519A828BD26DB49952F5B83AF69F521D0F6322C1E3C9B5BA077D175923E6,ba8b2085810726cb9661d74fee10f38261733777c848e3ef5efa282cb0c5e4ef,5.82242539922705,36,2024-08,P_ABC,1519,False,False
CE165DC4AC40BA6A28566AD9117CC6FD5EBF73B3D5542FD701BB20E02BCCA14B,E44C3E540879BADE2A32CF9A9D8F3458B966E938DA10C10F4AF195145057788C,bc9141956361469659174b4341a2b925bea3ce11f8ecda3d07ecd828a97277a2,1.4985456133956967,0,2021-08,P0,1520,True,True
CEB443DAF2FBFE37978959C05EDB443CD205303C7F4FFBA8A398F732B85011AB,33FF9897414BCE027E06ED27C8600883A56F198893099A2DF93A3C1F5575F683,bc9141956361469659174b4341a2b925bea3ce11f8ecda3d07ecd828a97277a2,1.4985456133956967,0,2021-08,P_ABC,1521,True,True
9F1F7A0C7E2800989F90111038E3314C0C1B4392B9475C0AA1CB512DD12EF4C5,6F218F4FCC09B629BF1F65201DC99C122E2A1529D3FC103D0C4D27DF9A444115,bc9141956361469659174b4341a2b925bea3ce11f8ecda3d07ecd828a97277a2,1.4985456133956967,6,2022-02,P0,1522,True,True
5A25631D4048E43990C3761100800F99A023E896C719C7464884129DDB1DA735,1E4291C55909A6BD76B0D280D77D03003599128CFADE7C7FA9974BE6AF7C4439,bc9141956361469659174b4341a2b925bea3ce11f8ecda3d07ecd828a97277a2,1.4985456133956967,6,2022-02,P_ABC,1523,True,True
E40ABF41DF9D84E2357EE2BC2122C2646284FF4EFE9878EE3283688D7841BA53,5F79BAFAE4E05C25D79D9AD1A6B768A43D0AB6F003EC04903249A05BEE92FCDB,bc9141956361469659174b4341a2b925bea3ce11f8ecda3d07ecd828a97277a2,1.4985456133956967,12,2022-08,P0,1524,True,True
A928C8F84A1639D6BF016D89A6F6C95C67BF125D74782263BA11884C3446C908,0F86251631D91DDF79355213F987A81601CEF7886C4C323E2BCFE0BF8854D316,bc9141956361469659174b4341a2b925bea3ce11f8ecda3d07ecd828a97277a2,1.4985456133956967,12,2022-08,P_ABC,1525,True,True
F23F50ECDB5D3867A1BB1B088E768CCAFA282614012566CBDE7D6CF8D88C0B7A,5F79BAFAE4E05C25D79D9AD1A6B768A43D0AB6F003EC04903249A05BEE92FCDB,bc9141956361469659174b4341a2b925bea3ce11f8ecda3d07ecd828a97277a2,1.4985456133956967,24,2023-08,P0,1526,True,True
E3F7659A24A9C7C9DB8B8755BD222F7D44DF79066152CBDCDE551A10CFC4C55D,A136A4414B1717367E239DAD158089B4EF20C9AADA21771C9EDDC5C7D5B8644B,bc9141956361469659174b4341a2b925bea3ce11f8ecda3d07ecd828a97277a2,1.4985456133956967,24,2023-08,P_ABC,1527,True,True
AA76E5B9455E88CC60B00118417D41267C40A2EA85EA381E38816D7B5855F07F,5F79BAFAE4E05C25D79D9AD1A6B768A43D0AB6F003EC04903249A05BEE92FCDB,bc9141956361469659174b4341a2b925bea3ce11f8ecda3d07ecd828a97277a2,1.4985456133956967,36,2024-08,P0,1528,True,True
4706BA2369BE451640BFC38C421943C082E98F40AE8542B3535941932EB9113C,3C4F101826B9D5AF56D8AEEB42A1CCABB0E3AB8D3975455B4159FF6F7DF67642,bc9141956361469659174b4341a2b925bea3ce11f8ecda3d07ecd828a97277a2,1.4985456133956967,36,2024-08,P_ABC,1529,True,True
E35F9A4E00A7180BAC72AADDF3E1C241BC066A04090FB3A42E6D9A2BD9CF506B,975B832D50213A0809E8AB7CF47FC38E1120838283BF6151A06845F53B2113C2,bda9d5c7a8b7af720305d891f22120798deb931b264aa96494385e38752dade6,18.973797228055037,0,2021-08,P0,1530,True,True
655102162E4C9D1374AFF6B1FFD4A6025F9297FD495628176773A96BB7171C4F,6E3276F4122F7EFDD9E6D52440627920E680B2622D9DB133A19C37F2F1E12522,bda9d5c7a8b7af720305d891f22120798deb931b264aa96494385e38752dade6,18.973797228055037,0,2021-08,P_ABC,1531,True,True
6EC5084317B8483BEF02A35E51E5AAF09B1D30BD2DD6B2E7067F20B95DEDFC4E,31A1FAF7D18DD2BB7BC02C9B6C5605A1DEC9E0D38543F7EB591127C44C9A45E8,bda9d5c7a8b7af720305d891f22120798deb931b264aa96494385e38752dade6,18.973797228055037,6,2022-02,P0,1532,True,True
7E3174B67ECCFF3D5C8F7F19A69337CD8307CE5061E238307CCA230F348432DD,46984C7E0DBBEA921DE75CB212BE515087E211333E78EE57F5770FCDFF7A189A,bda9d5c7a8b7af720305d891f22120798deb931b264aa96494385e38752dade6,18.973797228055037,6,2022-02,P_ABC,1533,True,True
D336EC24B2B672B95FDCBA4E2ECF82F18C651370C8D7E19956D0799D65DACC3F,6C51BF47A5BFD37A79117CB8A8D82C8667A3B96728307C98E5CB9DEE7686D40F,bda9d5c7a8b7af720305d891f22120798deb931b264aa96494385e38752dade6,18.973797228055037,12,2022-08,P0,1534,True,True
E7E4E2F10064095B0947C57E0A8DF886BB810B84C3E0EA571D8A4A983ED21364,8EA1AFCB96F958F1D94B459DB9ED82B822935E6D94CC25DF2D5CA9A41AE5987E,bda9d5c7a8b7af720305d891f22120798deb931b264aa96494385e38752dade6,18.973797228055037,12,2022-08,P_ABC,1535,True,True
A765254BEBB8E10C21F162FD65187B6A48B01081983F2C2F1CE23F66DF9CF2E1,6C51BF47A5BFD37A79117CB8A8D82C8667A3B96728307C98E5CB9DEE7686D40F,bda9d5c7a8b7af720305d891f22120798deb931b264aa96494385e38752dade6,18.973797228055037,24,2023-08,P0,1536,True,True
1A201150F4E33105F5179FC571DBF7C3B8E23709DDD5A0D95B63E0F93A6C5656,7F4F948ADBEAB933122561405534FF7025BE5051336A17438D50A54CFECB4813,bda9d5c7a8b7af720305d891f22120798deb931b264aa96494385e38752dade6,18.973797228055037,24,2023-08,P_ABC,1537,True,True
F105EB183B2A3596504B91460F54020DB17453E9FD17FFC0E6AEE5A623AF3C5B,6C51BF47A5BFD37A79117CB8A8D82C8667A3B96728307C98E5CB9DEE7686D40F,bda9d5c7a8b7af720305d891f22120798deb931b264aa96494385e38752dade6,18.973797228055037,36,2024-08,P0,1538,True,True
6BBFDE36298E7FDA27D6D291F5D78585466986C07C3FBC7C7D4DF45373E159FB,84EF1E9C2ECED143D07F1A5B37631E92362E66C090F7B6D0448CE37FE023C567,bda9d5c7a8b7af720305d891f22120798deb931b264aa96494385e38752dade6,18.973797228055037,36,2024-08,P_ABC,1539,True,True
937E7F6310CFDC2F9931D313AE641AE139D1A8D77D144A86DC81E2F3C2BC021D,8FA3A3FB37944B19C315E95028143D061C3B5A408B1865461BF95BF525481652,bee8f0d1372f5593058c6ade5fd358c2f6099db4b4e8056d12954c2d310e4452,26.2678331506322,0,2021-08,P0,1540,False,True
EDE0E23D948968E8D18CD6051C53C3AE0CB7240881B339C4D5D06FCA8E963D5A,C440AA2B370BF58EFAF9F07C1FA1F77F394910F53CEF8A27731DE617307A1D67,bee8f0d1372f5593058c6ade5fd358c2f6099db4b4e8056d12954c2d310e4452,26.2678331506322,0,2021-08,P_ABC,1541,False,True
E42AED18B7E19825F691B3AA9C497F325DB215E1CFE2EB1072FDD6A2E4D68C43,7D01440414A588AF366CCBF6EF19E423197195C7FBF5FAA83CF89D6A1F04DF03,bee8f0d1372f5593058c6ade5fd358c2f6099db4b4e8056d12954c2d310e4452,26.2678331506322,6,2022-02,P0,1542,False,True
4AEB0BA3A9BFDA5D1A83A0E770C81963D6B31B7CC84E0D850F08C5442F76C26F,AAEC71D93DC3388DEC9DC60D96E99FE60AD1FD070DF8C6CA1165EF1EDE780897,bee8f0d1372f5593058c6ade5fd358c2f6099db4b4e8056d12954c2d310e4452,26.2678331506322,6,2022-02,P_ABC,1543,False,True
9242C9CE644356FF27D808E9ADE8BDCA0C40653C17B798518884ABD825708C8C,574B1423B0A62BA0E8243F59A0A367C3BBDFE073399C10B0418965FE2621C562,bee8f0d1372f5593058c6ade5fd358c2f6099db4b4e8056d12954c2d310e4452,26.2678331506322,12,2022-08,P0,1544,False,True
D82FC62C3F6BDDD804AA672B323798B2C2B08F895ACD8FF9A26619FB073DE6B3,71993E77363A59EA78256A0D3BE04D3EBD08E0A5CECFDD295B01B0E8495E7E85,bee8f0d1372f5593058c6ade5fd358c2f6099db4b4e8056d12954c2d310e4452,26.2678331506322,12,2022-08,P_ABC,1545,False,True
45D8B2C7FB27338D9CD8D227DD7A6580AAEA8140396737C4F4A42F9935F9D747,574B1423B0A62BA0E8243F59A0A367C3BBDFE073399C10B0418965FE2621C562,bee8f0d1372f5593058c6ade5fd358c2f6099db4b4e8056d12954c2d310e4452,26.2678331506322,24,2023-08,P0,1546,False,True
B5F6C4020B79BDAB7B1804E170B57700A35999F95580ACE4D815757643F507E7,4BD39899A21DF173E8449A87C3CE74937439FE782B0BB08903DFC175EBA55C98,bee8f0d1372f5593058c6ade5fd358c2f6099db4b4e8056d12954c2d310e4452,26.2678331506322,24,2023-08,P_ABC,1547,False,True
C01ADED97886E98220FA09C623D042738D15F669AEDF84F48A35499C59AF04BF,574B1423B0A62BA0E8243F59A0A367C3BBDFE073399C10B0418965FE2621C562,bee8f0d1372f5593058c6ade5fd358c2f6099db4b4e8056d12954c2d310e4452,26.2678331506322,36,2024-08,P0,1548,False,True
2FA73CE23EDD96B93B7A8AC6A5F634BC292ED8492C2A91E005CD749A689F5D3B,67BA730FA0451A188A7EFE3D4EAECC496C6951AA84170B25A194B0CACA85CE72,bee8f0d1372f5593058c6ade5fd358c2f6099db4b4e8056d12954c2d310e4452,26.2678331506322,36,2024-08,P_ABC,1549,False,True
12F9F28BD09AE5BD1BD672FCBE22B5367E03E320183F72D4DCBB52E49AB99664,3EB5BD9DA0A11BD4A6DE456D65E01BC697A36BF757D78BDA5DD681381B99BAB4,c1fe05e80e48345798f83327db4c5341b736863561188bdd77eee507aeda79a5,11.318545661667082,0,2021-08,P0,1550,False,False
9EE9356D689E410627E58C999F9350749F8916D8E3FF6A7C3416BC5311A6C127,5ACCEF88927C1C08B5B061DC453A1DE0894A83987AE0D0A919015A381E337A2A,c1fe05e80e48345798f83327db4c5341b736863561188bdd77eee507aeda79a5,11.318545661667082,0,2021-08,P_ABC,1551,False,False
445C5305A96840F7AF1D719E8D20D5F214951792201D4F0C2196FB31283454BB,E6EA684DDD2D123E23EDD6386BAD234EFC4CE1690DA348020F9741EEDF1341A8,c1fe05e80e48345798f83327db4c5341b736863561188bdd77eee507aeda79a5,11.318545661667082,6,2022-02,P0,1552,False,False
AF95564B1D5536219C2B4D0D6045E9145876B614787DA8549E2E20BC67C3745F,9BB85637677FCDABA2328ED2AFBF8E23CAB11D167ABF039B7CA523928B1B08A5,c1fe05e80e48345798f83327db4c5341b736863561188bdd77eee507aeda79a5,11.318545661667082,6,2022-02,P_ABC,1553,False,False
12F4891ADB3F1D73E514D96E25DCBC404A9040D631FB42E186D9EC500E714160,E49BEFC2277176058726C23770EEC0E1B8C14632E75C568660825B9D27CD78C8,c1fe05e80e48345798f83327db4c5341b736863561188bdd77eee507aeda79a5,11.318545661667082,12,2022-08,P0,1554,False,False
583708DFF6E91FAF843EDEF2E252080A6C7ED5AA65BA61C5DDD65666D0814C1A,29AADF6DDDECDCD1FBE8AEED2B045411F57C57471696F3507373B582403DC6C5,c1fe05e80e48345798f83327db4c5341b736863561188bdd77eee507aeda79a5,11.318545661667082,12,2022-08,P_ABC,1555,False,False
A439D41B25C0C2FC80616C89323872D93D0612333401B1C3192EB0C372B99BD8,E49BEFC2277176058726C23770EEC0E1B8C14632E75C568660825B9D27CD78C8,c1fe05e80e48345798f83327db4c5341b736863561188bdd77eee507aeda79a5,11.318545661667082,24,2023-08,P0,1556,False,False
E549AC5F644F3D13E617C869EAB9C73983F938EC1E47DF11F30176A97B1722F3,A5261431290F47436077B176C6B456C5C529A9FAB269D992A69786E10637A9D2,c1fe05e80e48345798f83327db4c5341b736863561188bdd77eee507aeda79a5,11.318545661667082,24,2023-08,P_ABC,1557,False,False
7024FEF3F51070065B3F5035552C6616517714A2DA2A163A94BFE998551F62D2,E49BEFC2277176058726C23770EEC0E1B8C14632E75C568660825B9D27CD78C8,c1fe05e80e48345798f83327db4c5341b736863561188bdd77eee507aeda79a5,11.318545661667082,36,2024-08,P0,1558,False,False
0AA13263EC1296D2318E5AC416451EF138BE87BA1EE1E58CA16E64D1F0EC0802,A9F948280F8EE3724C454E48AE4EC3EC1044783DEB12B6AEA41F55AA37295211,c1fe05e80e48345798f83327db4c5341b736863561188bdd77eee507aeda79a5,11.318545661667082,36,2024-08,P_ABC,1559,False,False
5A0557A5E5A4A40FBF6002A46EF96062C5308CCD08B6D8B71F57498977121A35,2C59D0A099166C37E325DA458F2858C07CACCFEADC3ABA842AE0FD4874FBE87B,c200e605090a1900a61a726ba794ca869ec784bca3ee3c1d8731f557356c3a90,3.3929705535703265,0,2021-08,P0,1560,False,True
35E67831BECABFA0CE5F603E8AD53A19B478D24521DFF8F0ABACCE443CB3B1B4,622EC2CE09AEF0EB1E2CAEB3AE4B79DE3009EC43416281AD552D9D38DC12AD1A,c200e605090a1900a61a726ba794ca869ec784bca3ee3c1d8731f557356c3a90,3.3929705535703265,0,2021-08,P_ABC,1561,False,True
F67F0CA5BE53D14C994FB8CFF8ABB97FED9B9BBA823780E0956ACFFE871816FE,C18CB780939707D332313C12B25C430A4F5FCB35F2ACC0DD2558F46189EC2131,c200e605090a1900a61a726ba794ca869ec784bca3ee3c1d8731f557356c3a90,3.3929705535703265,6,2022-02,P0,1562,False,True
5808961F8C54C045058AF4B7A7BCDEDAD2D5DD9B4241EDBEDB0577A0F1B2AAA0,DF16584CBAC73D8E2E9204B94BC43ED8185D33400D9E91546F663B59D3141890,c200e605090a1900a61a726ba794ca869ec784bca3ee3c1d8731f557356c3a90,3.3929705535703265,6,2022-02,P_ABC,1563,False,True
DE7002DECC0A8B7F773DAFDC6CC07558E2709586B452384770B1CFD147B32995,BA9C1D1A376ADB472064BC93FB872B9A733733483703CB497273BD1E5FF902BA,c200e605090a1900a61a726ba794ca869ec784bca3ee3c1d8731f557356c3a90,3.3929705535703265,12,2022-08,P0,1564,False,True
D5324DBA91BBF9C846948783D35ECF790E0182F01189EC48483ACBE5268E4B18,A005419E28B8018D1A315D6D8972E9923B1FCE9D64E2496702017A74858A4BAD,c200e605090a1900a61a726ba794ca869ec784bca3ee3c1d8731f557356c3a90,3.3929705535703265,12,2022-08,P_ABC,1565,False,True
43758F6C9EA35F86A21C1F5C00A8A709239615D7E2B86EB6F923BA0A2029279F,BA9C1D1A376ADB472064BC93FB872B9A733733483703CB497273BD1E5FF902BA,c200e605090a1900a61a726ba794ca869ec784bca3ee3c1d8731f557356c3a90,3.3929705535703265,24,2023-08,P0,1566,False,True
65F1A45A1013B1127081033676539120CE3976BC623BE5E2F99EAA3C8D4CDFF4,66B0254718CFBD4CA077AFDB501ACCB2E8DA87F981E16669A867E8FBC2EA9B77,c200e605090a1900a61a726ba794ca869ec784bca3ee3c1d8731f557356c3a90,3.3929705535703265,24,2023-08,P_ABC,1567,False,True
05972573E2612C67570EE84F96A00BFDC3CBB663D865948DAF89B33D9664724C,BA9C1D1A376ADB472064BC93FB872B9A733733483703CB497273BD1E5FF902BA,c200e605090a1900a61a726ba794ca869ec784bca3ee3c1d8731f557356c3a90,3.3929705535703265,36,2024-08,P0,1568,False,True
F2239D9B26B9E829A231231FBBB45A1692D009119F0BB1BBE0CE311228EF03AA,500D36C466AFD577F9C2A8C0C223C5802F1369F0EB199CCCB15CF3224158A3F7,c200e605090a1900a61a726ba794ca869ec784bca3ee3c1d8731f557356c3a90,3.3929705535703265,36,2024-08,P_ABC,1569,False,True
DBF9804622A44114866EB071B7950681C0A6C91461C208F7D9D4C5E218DB2D13,628053BDB682DF69528DFBD7DE291CDE01604687846AEFF48828DB25264EDBC3,c2ba1f87eaf9c63b598af06917efa628763501a440004179b8b996fa0d9c96d2,15.299124629599918,0,2021-08,P0,1570,False,False
F804557A3D6308332B28AC7CFFB5F8154E6ACAE8AF60008CD9437F46590046BB,9B228687C89B2750E2F653C1C3D5C7C69B79223FB06E6CCC26D704659FE1C873,c2ba1f87eaf9c63b598af06917efa628763501a440004179b8b996fa0d9c96d2,15.299124629599918,0,2021-08,P_ABC,1571,False,False
8E5A706C20FED8731B0708AB6FA114E627EDA5D13B6618BCAC70CC6E9BBCCC5D,9E4F2F75E344B0EA7933DD10A175BBD764E7A9A2E618F89E120CDE51CA3DFC2F,c2ba1f87eaf9c63b598af06917efa628763501a440004179b8b996fa0d9c96d2,15.299124629599918,6,2022-02,P0,1572,False,False
9530FEDF4EC4460DB3D998504CC1A3D09B97A481EA0232DEF2B4FF76E70D38CB,93C2AC4BB79BE309F6ACCEA091C677C439A8A28D6A13C69E5C8B7356084ADCE1,c2ba1f87eaf9c63b598af06917efa628763501a440004179b8b996fa0d9c96d2,15.299124629599918,6,2022-02,P_ABC,1573,False,False
BB6502416CE78C2FA9AF968D9B2D9691A32EC242C050A286FF8F4EB527806AD2,84CB7D725066C7D3D35DD1CA4995A093A1521467C9E3D76FFCAD615A7EC253AA,c2ba1f87eaf9c63b598af06917efa628763501a440004179b8b996fa0d9c96d2,15.299124629599918,12,2022-08,P0,1574,False,False
5D5469718CA091227965ABCF65EF7A69750001A6B8BAA5B08C3222D170E85AC8,97A75D78EC55878D2DFD9827A3989FF24A6255136DF8306F37E99B90244E6567,c2ba1f87eaf9c63b598af06917efa628763501a440004179b8b996fa0d9c96d2,15.299124629599918,12,2022-08,P_ABC,1575,False,False
D43438C0A2C081DBD6ABE0E8A55A64C4F135AEF4604EE9DAA217561C5AAF157C,84CB7D725066C7D3D35DD1CA4995A093A1521467C9E3D76FFCAD615A7EC253AA,c2ba1f87eaf9c63b598af06917efa628763501a440004179b8b996fa0d9c96d2,15.299124629599918,24,2023-08,P0,1576,False,False
6C004B485A321EE9EA3EFD23BCD6127518E80E0C50F62A2F811CF8ACA79D298C,3541423FD515CD754567C082C972BB95080B89125470A33837DB42CDEB6E0765,c2ba1f87eaf9c63b598af06917efa628763501a440004179b8b996fa0d9c96d2,15.299124629599918,24,2023-08,P_ABC,1577,False,False
266AA35408BC426FB55EA064E01E08B55F2982EFCBF2351243EF9E9F7D6E9A96,84CB7D725066C7D3D35DD1CA4995A093A1521467C9E3D76FFCAD615A7EC253AA,c2ba1f87eaf9c63b598af06917efa628763501a440004179b8b996fa0d9c96d2,15.299124629599918,36,2024-08,P0,1578,False,False
9E8D8E703F5BA02F4D1BA8A90B2FA68786CB5139BA7CE927AE597CDB3BFAEFE9,1A2DCCA12D9E1211DE1096A8A0236FCBD520B1E353147F66481F0B712A6FA5DE,c2ba1f87eaf9c63b598af06917efa628763501a440004179b8b996fa0d9c96d2,15.299124629599918,36,2024-08,P_ABC,1579,False,False
127AA0B070D87402DA39F392283594923A6F487A7EAC340D5D438326ABE61F22,4413447DF43842AD7ACB8086663B1D24B5482064792C44C94292A5E3943D56D9,c462d477cb424b39540b91e175ea5605d7631f7c1c887eaeb339bca5cf470106,7.080780753678535,0,2021-08,P0,1580,False,False
7C7CB403B6D1D4C93114BA39FBB42580BD629C729E65734F7E1A3FD50836D444,DABB160162BBB39266CDFD948DC454BCA07B1A72BFD68AE29059A000BC51C244,c462d477cb424b39540b91e175ea5605d7631f7c1c887eaeb339bca5cf470106,7.080780753678535,0,2021-08,P_ABC,1581,False,False
CEAED6C47C7C0C6D557B43EB3C574AC6BC9F915E85A0F70DAA16E0ED447D7785,CA3BA101ADF7469CFDC5D80EC9305A2F0E40CD3BE5B48C8CE6CDFD80516AE5E1,c462d477cb424b39540b91e175ea5605d7631f7c1c887eaeb339bca5cf470106,7.080780753678535,6,2022-02,P0,1582,False,False
B2AF1107EA0D9D69CC1E62CB9791AE9749D000CA3D1A7B403AF722C7CCC37DBB,1BF278516161A460A1E67F153419D21402A62C997B9EFAFE3DD987E783AFAA3D,c462d477cb424b39540b91e175ea5605d7631f7c1c887eaeb339bca5cf470106,7.080780753678535,6,2022-02,P_ABC,1583,False,False
85BF4D2369778EE8FF83766358A3A3C2535EBC21E5919FCE4D1E99B81F5AEEB0,9007794A17FF4E81B91728FEB84CF539BF92C311AC459DC74FB8F61D54EC5BB7,c462d477cb424b39540b91e175ea5605d7631f7c1c887eaeb339bca5cf470106,7.080780753678535,12,2022-08,P0,1584,False,False
8AC362F9BA41D47CB371711AEC0301A43896B4B65F6785B08EE6BB698C165963,1ED54BFD862BFC916434DABA5801593F425CC540870DA1E726D99C23CCFB1C3A,c462d477cb424b39540b91e175ea5605d7631f7c1c887eaeb339bca5cf470106,7.080780753678535,12,2022-08,P_ABC,1585,False,False
BEA752E8359A862906B6569107C8B67B6AA6A180C7541CBE2D1B619FE64125DD,9007794A17FF4E81B91728FEB84CF539BF92C311AC459DC74FB8F61D54EC5BB7,c462d477cb424b39540b91e175ea5605d7631f7c1c887eaeb339bca5cf470106,7.080780753678535,24,2023-08,P0,1586,False,False
C20F280C0324E5F51B59E37180B73E1B9B415D06B90A71B98231E3D295B82881,C38E435B188372702BE2F6728780BFBDE435D012BD354BF48AD7D399D6FA2F6A,c462d477cb424b39540b91e175ea5605d7631f7c1c887eaeb339bca5cf470106,7.080780753678535,24,2023-08,P_ABC,1587,False,False
420E93487051FF0EE92BBFC15F52169E42738399761B6F75229399D841696B23,9007794A17FF4E81B91728FEB84CF539BF92C311AC459DC74FB8F61D54EC5BB7,c462d477cb424b39540b91e175ea5605d7631f7c1c887eaeb339bca5cf470106,7.080780753678535,36,2024-08,P0,1588,False,False
975224F58A52F053C3DC7D9E64C6D4F76617D651E46B8B7767ACA75C2B9782DA,25F2EF529D33C6FDD04B345F471D6EC3994E8B60E1054924548FD13192A20BA1,c462d477cb424b39540b91e175ea5605d7631f7c1c887eaeb339bca5cf470106,7.080780753678535,36,2024-08,P_ABC,1589,False,False
0EC79136668588332E09B6D067AC801C1EEE9DC5A7D46756588D4C19B01C8E63,5B7DC3A9344ECAF4CA169B5FD90578BF6294BEB0CF1A3EAAD9F5635AE54D3370,c618e3744ae672337502c5dce714394c9b9d91a9b4116cf767b0c8ef4c052c19,1.5949806707351697,0,2021-08,P0,1590,False,False
388DCB0DD3755981E723101B33FC5683EB424D80183B7F3F331D7AC2D2FB8A53,7C5DE27D57D1A02F8F07C62C283F2C1F48DF8EC52BD509BBEE3567ACD1C26562,c618e3744ae672337502c5dce714394c9b9d91a9b4116cf767b0c8ef4c052c19,1.5949806707351697,0,2021-08,P_ABC,1591,False,False
C4976C26AEC8FF25489E489EA72431E122E8E632F0ECC1AF2D97BCB6FC9AD292,2E1637D699573ED57142CAD0DE3E56DE3FE8E734015B9D33E33F6EA2E1C4CD89,c618e3744ae672337502c5dce714394c9b9d91a9b4116cf767b0c8ef4c052c19,1.5949806707351697,6,2022-02,P0,1592,False,False
7CEC7484AD0A764E725D4681539BF8335C60D4B5C0632F46A1C96A15380301CF,8DD9C8411C2D9D804CC13D18B18F3E36605FA75200AF8F697984A51277B537BA,c618e3744ae672337502c5dce714394c9b9d91a9b4116cf767b0c8ef4c052c19,1.5949806707351697,6,2022-02,P_ABC,1593,False,False
B4711DADCAEA049C2EA88FA71ABB43A753C536A8B8D278426377312E3CB90576,B8DA0FC890255969E0F031B759CA251245C2307377E55A5B2844B402DBE12BCB,c618e3744ae672337502c5dce714394c9b9d91a9b4116cf767b0c8ef4c052c19,1.5949806707351697,12,2022-08,P0,1594,False,False
FA8B5C2E77F9BBC3959440AC49FDE5DB0C06DF592B084263FBA1980BFCE28334,E44BD82437B08E0E03A041EC3A9D488DADA1ED1D01EAF073BA50A9B1318FB426,c618e3744ae672337502c5dce714394c9b9d91a9b4116cf767b0c8ef4c052c19,1.5949806707351697,12,2022-08,P_ABC,1595,False,False
7E5F8190F9B6A04F7CE46D3D9106C6C96857E4E0BAD427FFAB17F6AAF6699AF5,B8DA0FC890255969E0F031B759CA251245C2307377E55A5B2844B402DBE12BCB,c618e3744ae672337502c5dce714394c9b9d91a9b4116cf767b0c8ef4c052c19,1.5949806707351697,24,2023-08,P0,1596,False,False
58FDB20ACDD012E379B27EE720CDB874E6FBD916915A1726D477D27695080064,A939EC3E0F687B02138528F28369C809E8A6ABF491584D6C40A690AF32C3CA21,c618e3744ae672337502c5dce714394c9b9d91a9b4116cf767b0c8ef4c052c19,1.5949806707351697,24,2023-08,P_ABC,1597,False,False
D037E743F5243C3AC728C427AD00A94F4563FFEDE0362B36852B7A15666AD0DB,B8DA0FC890255969E0F031B759CA251245C2307377E55A5B2844B402DBE12BCB,c618e3744ae672337502c5dce714394c9b9d91a9b4116cf767b0c8ef4c052c19,1.5949806707351697,36,2024-08,P0,1598,False,False
6F75B6D1633F63EC0E49AA16B03BF129EEADBAF72ABAF2A52891B9888B193BFF,CE1E6E6F6A33B73DEB6B8B2E9AE4E8B39A0485250A1663FAEFDD06DE2A4EBD9A,c618e3744ae672337502c5dce714394c9b9d91a9b4116cf767b0c8ef4c052c19,1.5949806707351697,36,2024-08,P_ABC,1599,False,False
561BD7FA35966AD366B8639298F30934D5CA37CE2371462ED9018C4809C25434,F00E1B4B5151CBD8CFE5C594DA9B5FB118594B07869FDB5E44CE11369E5248B9,c6b36989af74ba274bf771dcb68c581666269a6094ad90bcf4834f4e4ab2bd5e,9.785326030012284,0,2021-08,P0,1600,True,True
D1DCA25E5E620F400C8F83305275711710583042B7E51E1DF7A71651594ADCB0,923C405A417F417EF0999BAFED771F7E4C7F8B32432C74989B894EBD3F32A8D1,c6b36989af74ba274bf771dcb68c581666269a6094ad90bcf4834f4e4ab2bd5e,9.785326030012284,0,2021-08,P_ABC,1601,True,True
470ACE8D87E30B34ECC29FCC3675615410F48F004764179BCC0B356B3FC4DBBA,2A104396CD64E6301179EB0A3326D75323ADC1A251F201125A216430CDFB73DB,c6b36989af74ba274bf771dcb68c581666269a6094ad90bcf4834f4e4ab2bd5e,9.785326030012284,6,2022-02,P0,1602,True,True
6B5EF1F1444A18782950E9521891092FAA71E2FF46C2335582C38AB9EF4F9E4B,22DBF66B4D6011BD9B104A7258A0A0B3A0125013AE7F57A2C0AD2820128D2AA6,c6b36989af74ba274bf771dcb68c581666269a6094ad90bcf4834f4e4ab2bd5e,9.785326030012284,6,2022-02,P_ABC,1603,True,True
27C79D785361492FC621AA502ECDA3CD908810788F470FB7C2B4FB2E3808CECF,2C3A467915E30372D47DF6BA9B478FAD8EA0B32E8FBB0A965CD7C934CAD3407D,c6b36989af74ba274bf771dcb68c581666269a6094ad90bcf4834f4e4ab2bd5e,9.785326030012284,12,2022-08,P0,1604,True,True
28B4D607EE39A2DA8C02494BD0294D0A488193BB5328790F59C09B71FEA28EC4,27EBC218856252FD395A54D5426930D5E5A85CBE40D3CD9AEE6318CBC5E842EA,c6b36989af74ba274bf771dcb68c581666269a6094ad90bcf4834f4e4ab2bd5e,9.785326030012284,12,2022-08,P_ABC,1605,True,True
DBD82919667FA7B27AA9BBAD68D7B1469DF20A825C935E52381238EEF8D21AE9,2C3A467915E30372D47DF6BA9B478FAD8EA0B32E8FBB0A965CD7C934CAD3407D,c6b36989af74ba274bf771dcb68c581666269a6094ad90bcf4834f4e4ab2bd5e,9.785326030012284,24,2023-08,P0,1606,True,True
BAEA8E423285C73B439C3C535E62910955F7CCD9E1E0B2FED9F5AD58D629CC66,282D2F774897648B48A432266D4EA05FFDDE26EE15F9E9BB1B9B99E847DA262D,c6b36989af74ba274bf771dcb68c581666269a6094ad90bcf4834f4e4ab2bd5e,9.785326030012284,24,2023-08,P_ABC,1607,True,True
2ABB375DF1C17E74B116E0D412792B994AD5E4EFAA23A9EB90E839E3F55C27E9,2C3A467915E30372D47DF6BA9B478FAD8EA0B32E8FBB0A965CD7C934CAD3407D,c6b36989af74ba274bf771dcb68c581666269a6094ad90bcf4834f4e4ab2bd5e,9.785326030012284,36,2024-08,P0,1608,True,True
8AB48D4B11F0C77493A3C9E2346DAB6B0187F32AB98A5495A8ABD0C05C16416A,6924763EC83EEA2A869AD2CD05694B136DACFDB729B2659CD2961F489C3526A5,c6b36989af74ba274bf771dcb68c581666269a6094ad90bcf4834f4e4ab2bd5e,9.785326030012284,36,2024-08,P_ABC,1609,True,True
6ABEA1D2B7C8F98CE38BA84154A322DA2B6ED5C2B3AEC6D32E8F25064C3DECCA,A37EAFA9E4F0218F00D70331EF4C183F41A9E824B12C971458424FEDB7A4BBBD,c72ccf68cb538055ffe08b3d0af5f749e0bc6f45480636dc0c08e1e6412cdc49,3.3952267610191087,0,2021-08,P0,1610,False,True
93F89D87EDB57CE18A1A05163AA392B4C4A15B528EE1DA64BFACCF5AEDD1E16D,0C559C65B9B8EAC9218571AB410464E03E2D240F56B26DED77C26FAC0A3A5817,c72ccf68cb538055ffe08b3d0af5f749e0bc6f45480636dc0c08e1e6412cdc49,3.3952267610191087,0,2021-08,P_ABC,1611,False,True
45DA992F2A5019A504E2DB6A70B1CA3388D19360CB20D70E8FC44DE12C4C926E,DA2345A2BE22E17F7C5B1433627B6093EC988CDF5691CA2F94D4AE3B224A8180,c72ccf68cb538055ffe08b3d0af5f749e0bc6f45480636dc0c08e1e6412cdc49,3.3952267610191087,6,2022-02,P0,1612,False,True
F06A68A02255EF6C11D7CD0A4ACA8B7F410AB8945B7843B6E01D63038726E8FC,0D667B39073E8D0FCD04BA82F4BD7E7EC2A43F93B0A353C44E301049570EEB35,c72ccf68cb538055ffe08b3d0af5f749e0bc6f45480636dc0c08e1e6412cdc49,3.3952267610191087,6,2022-02,P_ABC,1613,False,True
7D552BF208E730711608E6D08E1889439C9600EC9179ADCE0BA86AF4DF614DBD,45BD1AB6370EB031A555F1BC1A1DDC69DD5C180736F1FECF64D5DCACA9E0A6B8,c72ccf68cb538055ffe08b3d0af5f749e0bc6f45480636dc0c08e1e6412cdc49,3.3952267610191087,12,2022-08,P0,1614,False,True
B32AD16ECBCCEB44F47ECF3C8AFD74D7AA43FBB912DC742DDEAA736ABCD4A2E6,B747DC17F753EDBCB47E782D13DD6103786286EE252B3FEB76484A3CCE09B005,c72ccf68cb538055ffe08b3d0af5f749e0bc6f45480636dc0c08e1e6412cdc49,3.3952267610191087,12,2022-08,P_ABC,1615,False,True
7F6FD3588B97CF950F8FC582C3FF28A19AD0ED528171817A9984C47DF502E410,45BD1AB6370EB031A555F1BC1A1DDC69DD5C180736F1FECF64D5DCACA9E0A6B8,c72ccf68cb538055ffe08b3d0af5f749e0bc6f45480636dc0c08e1e6412cdc49,3.3952267610191087,24,2023-08,P0,1616,False,True
53C832560E6647BD19293551A7EEAFE44FD0E834D0DFABCBCCEF88AC342EE5A6,CAE20B5175A08C7D82C105B3F224AEF9E3744D2642EA9D3066EEA0042715E0BE,c72ccf68cb538055ffe08b3d0af5f749e0bc6f45480636dc0c08e1e6412cdc49,3.3952267610191087,24,2023-08,P_ABC,1617,False,True
A029900D71E638F59692D9D1D98BD8EB753E146C929226ADF422B629EF723CFA,45BD1AB6370EB031A555F1BC1A1DDC69DD5C180736F1FECF64D5DCACA9E0A6B8,c72ccf68cb538055ffe08b3d0af5f749e0bc6f45480636dc0c08e1e6412cdc49,3.3952267610191087,36,2024-08,P0,1618,False,True
3ABAD9F7B6C2E0C4AFFA77895CB8B502F1E966B4D06F5FF4FE28EE8F4E23FC34,FBC59128AB35F7285E455E36ED603E2F323108B0F9C7760DCFDAC5D1244143F7,c72ccf68cb538055ffe08b3d0af5f749e0bc6f45480636dc0c08e1e6412cdc49,3.3952267610191087,36,2024-08,P_ABC,1619,False,True
FAD336D8EA72843334BAD65ADC9828346880666BF863BFCBF0515462E2F95E85,BD401CF71B8B91D0DB0C4AC64BB65F6D942F0A1A2C895031EC18378A2239F2EF,cb537c7ecd6a3cbe8fee4333593025aa95cdf36e6bf8a18d149b1b904d6e4b52,19.411200251703484,0,2021-08,P0,1620,False,False
8B87F02BDCA9C9934D51B72C8444B310A9236D1A98598604496ACE7A6AD93461,B15A9E8854F5538A07B31F4075D6C6F609404D40DFFAC80EC1C8C6073B6A9DF0,cb537c7ecd6a3cbe8fee4333593025aa95cdf36e6bf8a18d149b1b904d6e4b52,19.411200251703484,0,2021-08,P_ABC,1621,False,False
8CBC71A8DA09F7A7C76A2BCF215FDB59DB8F6EC2CB337A5977D980CC94738AC7,B7F06794601E20681377E4141460D878B956665A57113A56A9250DE6BBC205BC,cb537c7ecd6a3cbe8fee4333593025aa95cdf36e6bf8a18d149b1b904d6e4b52,19.411200251703484,6,2022-02,P0,1622,False,False
7741C92B8934202BBE7F0F70265942D06B7D5C4CF37E3110FB51342CB3905E31,70A9FED17D3501AC5311A67390DAC80A268056C2927F381CBAB0A41F68FD0701,cb537c7ecd6a3cbe8fee4333593025aa95cdf36e6bf8a18d149b1b904d6e4b52,19.411200251703484,6,2022-02,P_ABC,1623,False,False
F431570C1CB46C1E55B0F32ADBEAA961B64D2390389F81F2CF11504217C150A7,B9AD36700D8F864A58BB8DFDF9B9256DD607EFE6376AB4CF0B18B55AE2CD119F,cb537c7ecd6a3cbe8fee4333593025aa95cdf36e6bf8a18d149b1b904d6e4b52,19.411200251703484,12,2022-08,P0,1624,False,False
782C1FE4273C011A2814F4707F7DD3FCD387C3A3AE738CE379B17E14AA22FE46,01385C054275CD4BC9721571A9875F69CFFEC291B697F8FF99327F23495F21CB,cb537c7ecd6a3cbe8fee4333593025aa95cdf36e6bf8a18d149b1b904d6e4b52,19.411200251703484,12,2022-08,P_ABC,1625,False,False
F7585154C91CCD6D482ABD7CA5121E77703B7A36673A35F5FF0A69C6DD755247,B9AD36700D8F864A58BB8DFDF9B9256DD607EFE6376AB4CF0B18B55AE2CD119F,cb537c7ecd6a3cbe8fee4333593025aa95cdf36e6bf8a18d149b1b904d6e4b52,19.411200251703484,24,2023-08,P0,1626,False,False
FCBF5E248D4E27DA4CB776B842C2EECB88CB7408DD3D659474F8ADCEF685C92C,990FCDD617F2421950117768DA0C9C115B27C1B0CC768F6D9AC30ADCD75972F3,cb537c7ecd6a3cbe8fee4333593025aa95cdf36e6bf8a18d149b1b904d6e4b52,19.411200251703484,24,2023-08,P_ABC,1627,False,False
CE4DC7FAB365451A0BB583C8E9EE71FE5E8A47534C64AF0897BFCD8622F3F64F,B9AD36700D8F864A58BB8DFDF9B9256DD607EFE6376AB4CF0B18B55AE2CD119F,cb537c7ecd6a3cbe8fee4333593025aa95cdf36e6bf8a18d149b1b904d6e4b52,19.411200251703484,36,2024-08,P0,1628,False,False
281D955B977B587BDDFF9DA1A4B4D080EB135C5CAB4D51BA2E6F44D4864782D4,C5360525CEF8FBC25CF48DBED07B6BBC7F322563AB5ED3D0E5BA37DCA285DEA3,cb537c7ecd6a3cbe8fee4333593025aa95cdf36e6bf8a18d149b1b904d6e4b52,19.411200251703484,36,2024-08,P_ABC,1629,False,False
BF071650E04BCF8956874434BC51AE3E23D09C5860D7E383A46D922CAEF722FF,CBB1B541DAF16E7760CBC61CE9AB813FD6818C79E5ACB0ADC629F1E7D5345384,cc433aafd4b00c781985855346bdc679661c7b24f9f9cf2b49249d2877b5f600,1.0324159521385523,0,2021-08,P0,1630,False,False
D4D551E21B3760FCF5CFB0A08F7762A81CC9D12F5593D59A6E73209E7804B287,5EA9B2C5E51F0E5E94FF9A7CEE991293CA779103F714C96515FF21BA6FDA04E8,cc433aafd4b00c781985855346bdc679661c7b24f9f9cf2b49249d2877b5f600,1.0324159521385523,0,2021-08,P_ABC,1631,False,False
235DE3A6152E39CD9F58C73F54CA1DB60C90BA6FC46955756A5B22A3F45E3C95,163619672691FE072ED6E77BA25048D03A1FB6CB86C6BB55375C70F2BB6B3DA8,cc433aafd4b00c781985855346bdc679661c7b24f9f9cf2b49249d2877b5f600,1.0324159521385523,6,2022-02,P0,1632,False,False
13E8D09DF2B5C3F5EA975ABA572C52FD488DA2C84AEE238E46E0AAE90B48505D,6915344E96C0AB589F152C1C6378A9CB2579897F4F47955F1C5D18465B79AC99,cc433aafd4b00c781985855346bdc679661c7b24f9f9cf2b49249d2877b5f600,1.0324159521385523,6,2022-02,P_ABC,1633,False,False
B41DC8AAC2225C4622FFEA42848E4204466FD37CD741FD4FE148EF738FAF5D99,B8F64740AA361E311173F196B84A0835EB9B7FFFB855D87DEBB67A19B5E2658B,cc433aafd4b00c781985855346bdc679661c7b24f9f9cf2b49249d2877b5f600,1.0324159521385523,12,2022-08,P0,1634,False,False
954B187016D0CA6F2CC91EF33629FCD1BD7730671D6F35A4879C8C7958EABEBD,E1B7036507B7967F9E23BA58528904C70EFFA04CB7CF2BF7AD3F697716D145D9,cc433aafd4b00c781985855346bdc679661c7b24f9f9cf2b49249d2877b5f600,1.0324159521385523,12,2022-08,P_ABC,1635,False,False
BCD5FEC83944D1A296FC0DCFB08F93E6459757F8AFF0FF3A44D7281918F317A8,B8F64740AA361E311173F196B84A0835EB9B7FFFB855D87DEBB67A19B5E2658B,cc433aafd4b00c781985855346bdc679661c7b24f9f9cf2b49249d2877b5f600,1.0324159521385523,24,2023-08,P0,1636,False,False
9F381E33F1EB759F8A91118FA15D2862973ECA69FAFBD6958232972BB1F52CF4,73E53AE390292BF6DA09792A8AF6BADA0EBC0107A26313F1615F5C9F10CC80F1,cc433aafd4b00c781985855346bdc679661c7b24f9f9cf2b49249d2877b5f600,1.0324159521385523,24,2023-08,P_ABC,1637,False,False
19B72262E93AF37C29A7CB70463C8CA9FE363B2A7DC932470947BD092DABF1C4,B8F64740AA361E311173F196B84A0835EB9B7FFFB855D87DEBB67A19B5E2658B,cc433aafd4b00c781985855346bdc679661c7b24f9f9cf2b49249d2877b5f600,1.0324159521385523,36,2024-08,P0,1638,False,False
411608C70EBBCA4F2D263F21DAEDC8FDF6A00A4A03654F931E240B2E6F60A8EC,4805BEC5B77FE3FEC17222F0CC54D15946897BCEB039B669A18036A384E52D84,cc433aafd4b00c781985855346bdc679661c7b24f9f9cf2b49249d2877b5f600,1.0324159521385523,36,2024-08,P_ABC,1639,False,False
2E35EE62769F9EC3A6B3BADE76426428B1EF79725143C086F0EB4755760EA696,48DB23F3B210B1F888122C149EDD3DAFE6C2D8BC1C0528A3854F4BAF966F8FED,cf41301c6541a6b8051b1463c87c2d461877d02e3505f8eca2e9b52bba21e619,14.715973060791722,0,2021-08,P0,1640,False,False
2215C7575C48267709C718367EDCBBF308B11CA996C2C66F870FB3763437C6EF,80366CE15919D17EDB1DF558537604D6EEE8CBF87E3D9141618575E0394B66A8,cf41301c6541a6b8051b1463c87c2d461877d02e3505f8eca2e9b52bba21e619,14.715973060791722,0,2021-08,P_ABC,1641,False,False
FF832811F0282497873AD0A9DA3A8D4D04F38081DED6B97E0BD90A8885D5F104,2414DD566C886EEE8E43A58468060A9DFA85F4034FBC5E3611A6B1FCBA3AA459,cf41301c6541a6b8051b1463c87c2d461877d02e3505f8eca2e9b52bba21e619,14.715973060791722,6,2022-02,P0,1642,False,False
D5F1C2375EF060E7FF705693A11AFAA17E5092FCE86EC339376C4E1FCAAB38CA,F8657DC6B3C862478A2389C4EBD6254F26C81F6240E38F7E8C428C44A2C9AA13,cf41301c6541a6b8051b1463c87c2d461877d02e3505f8eca2e9b52bba21e619,14.715973060791722,6,2022-02,P_ABC,1643,False,False
6DFA595B636C7139A13AE03176FD244276DD397E9C89F08007B913002E13CB8E,C5D21BA92B9171817BCB300E75728DF0BDD15C7EFC429EFDD60542889B24805C,cf41301c6541a6b8051b1463c87c2d461877d02e3505f8eca2e9b52bba21e619,14.715973060791722,12,2022-08,P0,1644,False,False
83CBFDFE445B35AEACEF02BD608982D6DEC8AF6CE282E251BC11AE005899EAC1,6615C9EBD054773AC3F5293C389268031EA1C341A70B3DA25C91E3781DF25C52,cf41301c6541a6b8051b1463c87c2d461877d02e3505f8eca2e9b52bba21e619,14.715973060791722,12,2022-08,P_ABC,1645,False,False
98FB7FB5BC7EBE2C4A58E8CE8A477EE0F68FF8545C8B7CCA4408B53D5972562A,C5D21BA92B9171817BCB300E75728DF0BDD15C7EFC429EFDD60542889B24805C,cf41301c6541a6b8051b1463c87c2d461877d02e3505f8eca2e9b52bba21e619,14.715973060791722,24,2023-08,P0,1646,False,False
315BA908F9468B4F2E587DCF5C22E53EDED7D009854C276DF6E14E094A04C35E,B97CE818976FFE9619FE6A4D9244F0DA2027EA31B3660D36390616F91325CEB6,cf41301c6541a6b8051b1463c87c2d461877d02e3505f8eca2e9b52bba21e619,14.715973060791722,24,2023-08,P_ABC,1647,False,False
DD0E3B2A3F936F35DC0E4938CB8F04665B85298F41611432644DF0E7063F4DFE,C5D21BA92B9171817BCB300E75728DF0BDD15C7EFC429EFDD60542889B24805C,cf41301c6541a6b8051b1463c87c2d461877d02e3505f8eca2e9b52bba21e619,14.715973060791722,36,2024-08,P0,1648,False,False
8A661F1B7D0B7EDC752202977AE8E8D9BADEAE548EC52CF85B1CF628DB5177AB,5A9ED77C451E92B92612A2A8E1664E18F517D6F5E1DB1A6261A5423759BA7CC1,cf41301c6541a6b8051b1463c87c2d461877d02e3505f8eca2e9b52bba21e619,14.715973060791722,36,2024-08,P_ABC,1649,False,False
454A4DC3DEF052B89D2EEA2B14C03F18198FE647A0C0360C0A056C315BD3C154,2AF536B7865B3B9C03303D1EB29D09769928B44621A58C93DCE0A0A348617A45,cf52c1b1aeaed878e6a1204d1670a90eb7ef2955973da3a6b2bc3135c2273483,4.0588929402698986,0,2021-08,P0,1650,True,True
D67A3D8E25D68D70AD88DAA0F8BC69513A105E98AB1FFC8D8EB4EA527CFF2E32,68C3F83432DE365D71242BC735841385777866BC57DF188D8A42CC3A48DEF869,cf52c1b1aeaed878e6a1204d1670a90eb7ef2955973da3a6b2bc3135c2273483,4.0588929402698986,0,2021-08,P_ABC,1651,True,True
CE4D798329E513DC6635E14542E98BFB9AD7803D9F947A2556993503FBA0EEFF,2BC12E4B74097F436CB2247D3411796737F4DDD7FC1553304F1842611391AF92,cf52c1b1aeaed878e6a1204d1670a90eb7ef2955973da3a6b2bc3135c2273483,4.0588929402698986,6,2022-02,P0,1652,True,True
6040317613B86C62CD6A4F11FA6392AB996025FA7366020188C4B699FE7F5DCB,959DF606F680A28B0AA0A437C0AB38D9612A52115A557DAF6933968928D0F58E,cf52c1b1aeaed878e6a1204d1670a90eb7ef2955973da3a6b2bc3135c2273483,4.0588929402698986,6,2022-02,P_ABC,1653,True,True
3CE0BA4894B16725D72C946EA83CA638332C410DC549DF83C6C909ACD21FAA42,F90646F8E4F713BB8E287372B5246CF16B8161AE8950FAAE8D6A82549CB8DC20,cf52c1b1aeaed878e6a1204d1670a90eb7ef2955973da3a6b2bc3135c2273483,4.0588929402698986,12,2022-08,P0,1654,True,True
D72841BA0ED39B6E75E4A3F991273C7079C419A1C562EB9BF9BB5AC793714655,7F4F7F98E64F3A699C2E58FD6998A1049D5AE16BC7967CC18BB62380F1CA3980,cf52c1b1aeaed878e6a1204d1670a90eb7ef2955973da3a6b2bc3135c2273483,4.0588929402698986,12,2022-08,P_ABC,1655,True,True
5D128F8F16E0B31E57738C77A4B61D15E275CD64E5D2ABFDB0F7B1392318D20B,F90646F8E4F713BB8E287372B5246CF16B8161AE8950FAAE8D6A82549CB8DC20,cf52c1b1aeaed878e6a1204d1670a90eb7ef2955973da3a6b2bc3135c2273483,4.0588929402698986,24,2023-08,P0,1656,True,True
B7C7D6680D92BF3F8FA0C4999A63171FA95EAA9A30D8DBBF96F538974CD75E0E,3B96BBB1BC6D37B006241E0C1821A54FE33740DA0E0BFC3C64168C99F680F486,cf52c1b1aeaed878e6a1204d1670a90eb7ef2955973da3a6b2bc3135c2273483,4.0588929402698986,24,2023-08,P_ABC,1657,True,True
0391CAA8CC39F7211F596D25F0E1CAA200AD22FA867E6553A6A381AD483CA5D1,F90646F8E4F713BB8E287372B5246CF16B8161AE8950FAAE8D6A82549CB8DC20,cf52c1b1aeaed878e6a1204d1670a90eb7ef2955973da3a6b2bc3135c2273483,4.0588929402698986,36,2024-08,P0,1658,True,True
504223986931BD1385C6B08D8BAB7EBD9043509357C0E60FF76088CBE0277FA6,5CC78380B9CF67BA19A505B9E72F6A4EB8A7A6DFC047738C0BA4A215621F7425,cf52c1b1aeaed878e6a1204d1670a90eb7ef2955973da3a6b2bc3135c2273483,4.0588929402698986,36,2024-08,P_ABC,1659,True,True
E6601DF8C22B42FE58E5C0AD60F147334481426E7D4DA09D27D683F7B3C8A75D,6BEC7FEF5292C12888A51C598094DFF81A26073AFDE968A0BE190F18FBB7FC85,d1c7e4ae1c7839a0b74f5de44bcb5f449811d33069e2ef3e63af4be455e88de4,23.346433406584964,0,2021-08,P0,1660,False,False
73BA72313347419F9AF89054FDB51E255E28AEAF75C7D3F58820B29E6367414B,BB223F772339132B1FDE25C52B9854825117D5746E0C4311D982A84895917934,d1c7e4ae1c7839a0b74f5de44bcb5f449811d33069e2ef3e63af4be455e88de4,23.346433406584964,0,2021-08,P_ABC,1661,False,False
08278E13AF7E52DEA48C417DDCF8322D50E46A11CEDCE29E981757A745EA49A5,BD5DCF892CD60C9C9DC86287CA4C63A47C86D07DD976AE22DDBE707A57B682A4,d1c7e4ae1c7839a0b74f5de44bcb5f449811d33069e2ef3e63af4be455e88de4,23.346433406584964,6,2022-02,P0,1662,False,False
7329DC03C71B1050557EF1209A59778BD88942E4E6D15FFDD13857C84E65E386,855C74AEE51CE8916DBF6D935340CED649E23900575E6283C22C8E9F292790BF,d1c7e4ae1c7839a0b74f5de44bcb5f449811d33069e2ef3e63af4be455e88de4,23.346433406584964,6,2022-02,P_ABC,1663,False,False
32E4BCBF22741F70632306652CA35F0610B7EEFE13C57BBFAF28E1E555CBEB00,BFE43C7B6B6387FB8DCB42D6616C0D074F8A812CFC20D2F44F5E81BB406BC3E4,d1c7e4ae1c7839a0b74f5de44bcb5f449811d33069e2ef3e63af4be455e88de4,23.346433406584964,12,2022-08,P0,1664,False,False
7692EB4122C73B5EC1FBECAD310C87EEF5BF3998B86B03E7B928FBE7C3BF54DE,DF31EC977F7D79031BAF918E4AB72BBB0348D9F51676C09C3E14E978C9323899,d1c7e4ae1c7839a0b74f5de44bcb5f449811d33069e2ef3e63af4be455e88de4,23.346433406584964,12,2022-08,P_ABC,1665,False,False
6E4DFDAC18E68BB87720F8FB81FA557504D9E737B8E5E27F715D89B66BBC4596,BFE43C7B6B6387FB8DCB42D6616C0D074F8A812CFC20D2F44F5E81BB406BC3E4,d1c7e4ae1c7839a0b74f5de44bcb5f449811d33069e2ef3e63af4be455e88de4,23.346433406584964,24,2023-08,P0,1666,False,False
57B7176AB629144D919F45C8FD0C923C36A39903A138E42C19622D8DD8ED2FB1,6B3E1F08BEE1034B3B4996BF195680CCE4272A866195CD327EE28695E8043BFF,d1c7e4ae1c7839a0b74f5de44bcb5f449811d33069e2ef3e63af4be455e88de4,23.346433406584964,24,2023-08,P_ABC,1667,False,False
2DEEBC50FE90763D18378D1469A47EF61C29C97CA6DFD22DE982FD6B4723C907,BFE43C7B6B6387FB8DCB42D6616C0D074F8A812CFC20D2F44F5E81BB406BC3E4,d1c7e4ae1c7839a0b74f5de44bcb5f449811d33069e2ef3e63af4be455e88de4,23.346433406584964,36,2024-08,P0,1668,False,False
CE9BDBD47032E5BCA3CDACDFC77FCA9DC67E3CCA26F29D3B01C587F64C29CFB3,43BC70219FBDF9EE7E69703BDA67B8A520E47E85D03FF0220FEEC938ED809E2B,d1c7e4ae1c7839a0b74f5de44bcb5f449811d33069e2ef3e63af4be455e88de4,23.346433406584964,36,2024-08,P_ABC,1669,False,False
79BA5D206D96484290B5987A267401A7F6F903DC0CB3B5E93800DB485B1BC69E,3AEAFE5BD320275B3AB52D89C179E4576AF1A9F4D0CD57F7852610DB32E3A0EE,d63d185dc58899ccdf6b0a01979083ff1ec5d91a680245a66de6029b2543b290,14.805284262419711,0,2021-08,P0,1670,False,False
731B69438307222102B208461D5C7C6E2555E5D20AA541FAAD5F9F307FBE131C,AF4C645BF240BAE050091903655F271607FA2D65FCF96A6A6DE6410994CD7D29,d63d185dc58899ccdf6b0a01979083ff1ec5d91a680245a66de6029b2543b290,14.805284262419711,0,2021-08,P_ABC,1671,False,False
A0A1E4B9758FB86109CE3A3A7124F142259C5D529BAB26830AE3212A88896808,7A8B373A09EC970D67A00FE9C74C72645C7286B683AAD3C7D814908DB6BD3915,d63d185dc58899ccdf6b0a01979083ff1ec5d91a680245a66de6029b2543b290,14.805284262419711,6,2022-02,P0,1672,False,False
97EF793F77D835A9F40F4DF5D498BE3FAD5D462F9324345D14F623F3701AC65B,1567BD183A0B113125147E1FF5093830B22FD92C3C32D4F7E4A1AC054067FF06,d63d185dc58899ccdf6b0a01979083ff1ec5d91a680245a66de6029b2543b290,14.805284262419711,6,2022-02,P_ABC,1673,False,False
5181037D9EC3DF4354B98626EBF328F85C07E04363025A626461A1A96980EEA8,45037C15E07DE8604A1D55133D9006B45B4CF128BF0973E71B1D732770D5BF55,d63d185dc58899ccdf6b0a01979083ff1ec5d91a680245a66de6029b2543b290,14.805284262419711,12,2022-08,P0,1674,False,False
D68F42B5ED180FAC3A3598CD326BE5633F6DE9FE373EBDB62007DC60A69929EB,CA0470F7662DA3DD999EBE75BE5C9CC2BB413FEED57DBB5F61205F57ECFC59F3,d63d185dc58899ccdf6b0a01979083ff1ec5d91a680245a66de6029b2543b290,14.805284262419711,12,2022-08,P_ABC,1675,False,False
9658B8842B6040856EB890BD9ADFC9947EBDD26E9ECB07FA798B34292BC720E0,45037C15E07DE8604A1D55133D9006B45B4CF128BF0973E71B1D732770D5BF55,d63d185dc58899ccdf6b0a01979083ff1ec5d91a680245a66de6029b2543b290,14.805284262419711,24,2023-08,P0,1676,False,False
80F283D7AE0DBBD100E2AD85AC638652863A1B828F7C7E9E0131AA381BFD94BE,74B7119B5E058D29B98420D8D7698CD33B5C7A4886BDBF8A1A88CE9D2D201CC3,d63d185dc58899ccdf6b0a01979083ff1ec5d91a680245a66de6029b2543b290,14.805284262419711,24,2023-08,P_ABC,1677,False,False
C07AF2B62102AE05B09DA98D0090F63C456365197AE5ADE546601956D3D2EF9D,45037C15E07DE8604A1D55133D9006B45B4CF128BF0973E71B1D732770D5BF55,d63d185dc58899ccdf6b0a01979083ff1ec5d91a680245a66de6029b2543b290,14.805284262419711,36,2024-08,P0,1678,False,False
5620DF833BF97A07F007F40BF4636DBADC87C82733184CD5136A7E60E1109952,0D53D2C966D5570C376C9476774380FD5C22880EA2DA01726AEE8C40582EB100,d63d185dc58899ccdf6b0a01979083ff1ec5d91a680245a66de6029b2543b290,14.805284262419711,36,2024-08,P_ABC,1679,False,False
B268BAC8BE6AA4B703A5CAB431E8DB2ECCF2B94DAC5D2CE0DAC8E11167D7EAD2,9DD12FE331DC7C972D860860C27C85F3471C8A8148455CBBEB226F0ECCCBCE4A,d754ce545094c12cf9f56d71f308afa6105c3be73c78cf484cba76597e65d1ec,5.2867041019039975,0,2021-08,P0,1680,False,True
CB91D4C5DA544F4EB0106F3B621604263F2BC2C3A55982067C61A6C4C1D6C331,E760485C3CA1A7D043C01EF597ACEB705542E576E23E9CC2009A17D69EBEB7FC,d754ce545094c12cf9f56d71f308afa6105c3be73c78cf484cba76597e65d1ec,5.2867041019039975,0,2021-08,P_ABC,1681,False,True
14EF73D072E031926520C459D32234098006B3E0437341C526532AD10AA349EB,C648CB96562EE9D56E6DD2006A3EB4B0805FDD78E1A04AD640D1479B49554785,d754ce545094c12cf9f56d71f308afa6105c3be73c78cf484cba76597e65d1ec,5.2867041019039975,6,2022-02,P0,1682,False,True
0C1098790273F1285099804546AB13D1574FF1FEAFC3BE1E0CEC1B758FE70981,507F4421C0ACF9A82EF8D0AAC322C0F3A5918EB876EC19719333B7662B81EC2D,d754ce545094c12cf9f56d71f308afa6105c3be73c78cf484cba76597e65d1ec,5.2867041019039975,6,2022-02,P_ABC,1683,False,True
162050DABC9D2BDEE5E319B61A19AA06CB4077AE1BC296C5FCE40E63ED5970CD,B3EDBB86B0123C2E59A6840F0A2703F094877670DB6AEA3D564B53353132BFD3,d754ce545094c12cf9f56d71f308afa6105c3be73c78cf484cba76597e65d1ec,5.2867041019039975,12,2022-08,P0,1684,False,True
ABC577576E5C66A0EAA382D624E039A18A78AAAF5A7CACAB7488048974F076AF,9BCC2C0322382B9B829DBC4297D8A56CB79325739ED53A605DB7B3C0DFF16AEE,d754ce545094c12cf9f56d71f308afa6105c3be73c78cf484cba76597e65d1ec,5.2867041019039975,12,2022-08,P_ABC,1685,False,True
F7B22726517AD4E6C405C70B394D74536F8C291B7529C3C47DC4F100D508D232,B3EDBB86B0123C2E59A6840F0A2703F094877670DB6AEA3D564B53353132BFD3,d754ce545094c12cf9f56d71f308afa6105c3be73c78cf484cba76597e65d1ec,5.2867041019039975,24,2023-08,P0,1686,False,True
3F78A88BC879A957B7AA6434F2634BE8F4BFC3ED27CE9426CE99BFD6C70FB8BC,8D9328EA44BFD487D8D5FD811CE8195DEBA9052BF355B60D1D28505114167282,d754ce545094c12cf9f56d71f308afa6105c3be73c78cf484cba76597e65d1ec,5.2867041019039975,24,2023-08,P_ABC,1687,False,True
7B137BB885EF90C84B1FA07C664EA6D5AF70F3039047AAAD501B4700C9066BB1,B3EDBB86B0123C2E59A6840F0A2703F094877670DB6AEA3D564B53353132BFD3,d754ce545094c12cf9f56d71f308afa6105c3be73c78cf484cba76597e65d1ec,5.2867041019039975,36,2024-08,P0,1688,False,True
5EDE88D10F79FF9580FAAF0920147998545386491E5A57644606739EF6EE0031,BD854EE10109992580FC63E089BC2C55E5262B10B0A5192D039C338BA3ACA2B7,d754ce545094c12cf9f56d71f308afa6105c3be73c78cf484cba76597e65d1ec,5.2867041019039975,36,2024-08,P_ABC,1689,False,True
E97A73AB9C989DD9186A727A0EB7CA0301BC67D196FE9E9D40BC5C1E2E2F625B,FE0908F9A9B92AF5CE93641CF2F580F46106C7233DC29BB75C85E883A7366248,d7e281366b49ca48bad6efb75947c66673e577582374de5ffaa5fb1496641510,5.221148166037054,0,2021-08,P0,1690,False,True
B62B6690936D1EC56D924BF25407232CFBE9A98E93C63D683E4BF372ED83F1D2,6F6D6EC1EFF10698063EB71FC47599FE31EADD0B4D819D2FFACBC4B1F235FD5E,d7e281366b49ca48bad6efb75947c66673e577582374de5ffaa5fb1496641510,5.221148166037054,0,2021-08,P_ABC,1691,False,True
ADE2657CD6C4CF985DB3A9679F0B802B3EF00C0DE341F5D3ABFB591E49ABF237,BEB5AE30339094B418B09FAAFB7299C47FEF4A5F89C47F3C0EBFC5C266A1AB35,d7e281366b49ca48bad6efb75947c66673e577582374de5ffaa5fb1496641510,5.221148166037054,6,2022-02,P0,1692,False,True
F00ED5F4D0C6A41DD3BC030FC958FA89CB7661A63D63A80778946E7A62683573,4F1FC96F1C2F589A33E01E43D2DAF1E213C807C230A786758998AB1082BE4035,d7e281366b49ca48bad6efb75947c66673e577582374de5ffaa5fb1496641510,5.221148166037054,6,2022-02,P_ABC,1693,False,True
0AD49B1DFCAE82E4004BCA1535668D0A241770694D83409254E790F3F40159BD,99E61D080FE09331B763A6B44075BA0BF1AAA1ADAB760F60E6A5618A269D7032,d7e281366b49ca48bad6efb75947c66673e577582374de5ffaa5fb1496641510,5.221148166037054,12,2022-08,P0,1694,False,True
7A62854212954D1FAEB387A2E5C454ABCF48A0D706EACEB64E3915960B568873,37F6C067958AB49B02EBD75F9AE60A2AD94E48477F97649D35D513B5B803026B,d7e281366b49ca48bad6efb75947c66673e577582374de5ffaa5fb1496641510,5.221148166037054,12,2022-08,P_ABC,1695,False,True
502BFEE056C36365618BED8DE1FC0DD65FD877ECC2BE875AAA8932E187E1B16F,99E61D080FE09331B763A6B44075BA0BF1AAA1ADAB760F60E6A5618A269D7032,d7e281366b49ca48bad6efb75947c66673e577582374de5ffaa5fb1496641510,5.221148166037054,24,2023-08,P0,1696,False,True
1D805CD41246EA89333A1D3E5EE2FBD5FB514C799617041E95EE8486FE20BC13,7183072F58E7D4487BD9C291660D5C79B5492A75D18B7E3AE683CC075FC567D1,d7e281366b49ca48bad6efb75947c66673e577582374de5ffaa5fb1496641510,5.221148166037054,24,2023-08,P_ABC,1697,False,True
4D757DD513846391C2A715173118C3EAA1B2E4F883DE29B0277765FCD25AADA7,99E61D080FE09331B763A6B44075BA0BF1AAA1ADAB760F60E6A5618A269D7032,d7e281366b49ca48bad6efb75947c66673e577582374de5ffaa5fb1496641510,5.221148166037054,36,2024-08,P0,1698,False,True
52FA9E18FBC1EAB34230B09CA8BBFDA49504DC3A1B123532398F27194D7A899C,E15924B75BF4442504FE44D09F5A4046E0E69333349935B4527CB44DCCA8383C,d7e281366b49ca48bad6efb75947c66673e577582374de5ffaa5fb1496641510,5.221148166037054,36,2024-08,P_ABC,1699,False,True
308BBD0E2B7551EFB515A23254088CF4172ABA8A5A9B035DAC9396E55AEEED91,7446833D62297027A50D78ED7E7E98C9121BAA26976A8F5A8E8B151E1EE9810D,d8d1130b99e2fc30b058f6f7605c60faad45fcb930661a48176903787581e891,6.193054617233878,0,2021-08,P0,1700,False,False
FDD9EB875F3CDF0FD5911C15623DCB70B597C804C8E602257E4604731C7B032C,A240030AF8C54A909B7C874B8E0BACBC98CE9200058D513F7EC5598051C91563,d8d1130b99e2fc30b058f6f7605c60faad45fcb930661a48176903787581e891,6.193054617233878,0,2021-08,P_ABC,1701,False,False
0E783D0F06A01F3EAECC538DA05E43B51454DBF3CCA34364020EF0C63B04670B,6FC0883C27C0CD878A529EE98D3A05AED8B882EEB070F4352BD7F1865726E226,d8d1130b99e2fc30b058f6f7605c60faad45fcb930661a48176903787581e891,6.193054617233878,6,2022-02,P0,1702,False,False
67E758218BF7B1786DA0AAAF51BFA5E607FC4FEB72B43505E4EF297FB4484861,639B0F5089C3F571EC33C164B19CC74B4C7F9A1116F35CAF20E3C49008C53969,d8d1130b99e2fc30b058f6f7605c60faad45fcb930661a48176903787581e891,6.193054617233878,6,2022-02,P_ABC,1703,False,False
564FBDE89C05CE6FEEB103D2A23A7D67CEA5094CA1E89036EE95A9349FB3CFF8,B3245248E93EED34F19F3AF6EACB7A94777DC04FB8CA38D13810D82EFD678BB1,d8d1130b99e2fc30b058f6f7605c60faad45fcb930661a48176903787581e891,6.193054617233878,12,2022-08,P0,1704,False,False
81F6D89E2A043A94E9D556FE0FEBB2783C2DBC63E4A5DFC1317004C01C9F6C83,A543C708BDE384ED3ACE578E70D7185FC3B039465783D8A45DCC293E6C45C997,d8d1130b99e2fc30b058f6f7605c60faad45fcb930661a48176903787581e891,6.193054617233878,12,2022-08,P_ABC,1705,False,False
4DEB7E36D4CF1E2076ECA67E08A5F7DE31FC917FE4A9AD27DF00AE6FE2F32817,B3245248E93EED34F19F3AF6EACB7A94777DC04FB8CA38D13810D82EFD678BB1,d8d1130b99e2fc30b058f6f7605c60faad45fcb930661a48176903787581e891,6.193054617233878,24,2023-08,P0,1706,False,False
3C1B7A53A5B67004C27B97C9E4BFE80606B516064E784527134B7076DFEE2F52,F513C4A4F871620397444B44CF283DAD2EE71431FD9CCAE8D368A8A386769A9C,d8d1130b99e2fc30b058f6f7605c60faad45fcb930661a48176903787581e891,6.193054617233878,24,2023-08,P_ABC,1707,False,False
7D76E1C06C79A50F385597214FD59D909BBBECF6126F173A2B0B0E8EAC3D3F87,B3245248E93EED34F19F3AF6EACB7A94777DC04FB8CA38D13810D82EFD678BB1,d8d1130b99e2fc30b058f6f7605c60faad45fcb930661a48176903787581e891,6.193054617233878,36,2024-08,P0,1708,False,False
4C0E9320A0AF1E4FF28B40608FA9E543887AB8A800CBE594C754BD33B65026C3,D026F72744CCEBBF1CE2FD6D3BD3E053083F3068A2CE9424C33776ACA7C91E88,d8d1130b99e2fc30b058f6f7605c60faad45fcb930661a48176903787581e891,6.193054617233878,36,2024-08,P_ABC,1709,False,False
F039F5F401CE2D297EAAF95808CFFE8597A1395A8E2AE42185A1E4CF83318146,B90B0912681BAAFB098D6497E8DEE7865F84398CCEFA39956BBBF20CDD011DB8,da45d14da5527aec5e4879ad0337bdc71aaad9e648e888f7b2878b95132e7080,12.54681723736697,0,2021-08,P0,1710,False,False
1F2F718052948991451BB276109B5C841653AC56FE9BE893996200DC58910112,AFA8BA1E82E1970D5E4580CCA0A17CDA8A39A0AFAE6462E2379597CE87A534E3,da45d14da5527aec5e4879ad0337bdc71aaad9e648e888f7b2878b95132e7080,12.54681723736697,0,2021-08,P_ABC,1711,False,False
7E4FD46A0F520C21A15828C724F342F916CF68458CE45D2481AA364370DBCF03,1DE54B95337A79F3535B85DBD88EEF33E0E546BD1BE081E6690533D41C99609A,da45d14da5527aec5e4879ad0337bdc71aaad9e648e888f7b2878b95132e7080,12.54681723736697,6,2022-02,P0,1712,False,False
1F14290FED6CC6C19DDD0E97CC804D1C0DA99F9DB2F29DF19E44358F75CC3967,44075E8AF869B0F5C7CABEC324484EE63FF0830DD349240EAEB6BE965EBF2422,da45d14da5527aec5e4879ad0337bdc71aaad9e648e888f7b2878b95132e7080,12.54681723736697,6,2022-02,P_ABC,1713,False,False
F9EDB9038CDDDC45F47EC30FDE2BFFDC71FCE6EB7673F5F066D9CC91EDCDD3CF,FE49EE5EF754D4E1B4E662A76731BD6C880BDC76216FCB4DAED86C93A5B8AA19,da45d14da5527aec5e4879ad0337bdc71aaad9e648e888f7b2878b95132e7080,12.54681723736697,12,2022-08,P0,1714,False,False
74F01C0D9EF92EAE89B93260783F0411028BD49B57E2C1E3CDA065CF54057CFA,F27D6B3F695B91722EB570A22BA7EF31303561FED8D634CA0658DCF2282E4F04,da45d14da5527aec5e4879ad0337bdc71aaad9e648e888f7b2878b95132e7080,12.54681723736697,12,2022-08,P_ABC,1715,False,False
57660299F1BF7558FD3803E73B43D6C050F43B4356258A16F3549C2F7FA5D986,FE49EE5EF754D4E1B4E662A76731BD6C880BDC76216FCB4DAED86C93A5B8AA19,da45d14da5527aec5e4879ad0337bdc71aaad9e648e888f7b2878b95132e7080,12.54681723736697,24,2023-08,P0,1716,False,False
E56D723B97D0A57F79E263F84534E73B8F41432EA79CB156EDBCEBAB4B56573D,CD1C3F2AE4C099DE97646D5A723B5C85DE2016819673A8A00BF592B459FE3688,da45d14da5527aec5e4879ad0337bdc71aaad9e648e888f7b2878b95132e7080,12.54681723736697,24,2023-08,P_ABC,1717,False,False
F7CD3E21FD942644AD1D2C938E8CF85107A868D8EC53ADDF81960ADEED3427E0,FE49EE5EF754D4E1B4E662A76731BD6C880BDC76216FCB4DAED86C93A5B8AA19,da45d14da5527aec5e4879ad0337bdc71aaad9e648e888f7b2878b95132e7080,12.54681723736697,36,2024-08,P0,1718,False,False
BE935987A15861738C0FD208BA8FC129C4FBA95DF02F8544DB3A971B485409A6,735D06C01AFF7D9787182908BA2D48D086C03701D8A96C3854824272342B7268,da45d14da5527aec5e4879ad0337bdc71aaad9e648e888f7b2878b95132e7080,12.54681723736697,36,2024-08,P_ABC,1719,False,False
23B4BB5CE4A5B2E2CE6C459C6B84C284048BB166541736C5C0F33579FCD9399E,4D3B076508C4E0ECC263198D5E924DA1C1234512B358D396CD831C1F03F1366B,dc1930176df79864141b588e660d54a8aca471ddcff6b1aa367dd55277aebb59,1.4804000534758686,0,2021-08,P0,1720,False,False
589A23257EA41817F2D228504330649995194346D1CC65AAA754A8A9CA03327E,B3C5535C46D32D18D10E29B8E9649EC5C4DCE07D4192990159E9F1F659626A22,dc1930176df79864141b588e660d54a8aca471ddcff6b1aa367dd55277aebb59,1.4804000534758686,0,2021-08,P_ABC,1721,False,False
8699ADA10E24C17FE9C5155A7B9D98730B78AA97C00C3FD01FE7D2053E694C5C,64597A6721864D450C0F8A8FF3B87370A1C40B1FEFF567CA60A7364F7FE300A1,dc1930176df79864141b588e660d54a8aca471ddcff6b1aa367dd55277aebb59,1.4804000534758686,6,2022-02,P0,1722,False,False
727C47A9D08AD785AA30FB683BF337F76B0FD0E5A7F91638412AC99AF098A792,842B8C7FB7B5664FF9663922DEFAFB9192243F4BCF8991A0AB56D2799EB7A0FD,dc1930176df79864141b588e660d54a8aca471ddcff6b1aa367dd55277aebb59,1.4804000534758686,6,2022-02,P_ABC,1723,False,False
B49EC62717A70371E23A11E4E14EC48B5BB5EC44D53B5564FB8C775FA9187E31,2E79BF4C510974ED439690C635B6D19CE274538F6032A7CB07B0EEEEE6EFC954,dc1930176df79864141b588e660d54a8aca471ddcff6b1aa367dd55277aebb59,1.4804000534758686,12,2022-08,P0,1724,False,False
298EC12FAC482212FF7A093ECF747F6C471B03C89293ED1DA98ECE35BEB05F72,B0767D83778B96F1527AE0A6C63A3616060345F10400E72FC261D38770FC5528,dc1930176df79864141b588e660d54a8aca471ddcff6b1aa367dd55277aebb59,1.4804000534758686,12,2022-08,P_ABC,1725,False,False
88312F2DFF990535F2B252200A8A8932C6AB08947F2B2CFD9AB0A277903F4AE9,2E79BF4C510974ED439690C635B6D19CE274538F6032A7CB07B0EEEEE6EFC954,dc1930176df79864141b588e660d54a8aca471ddcff6b1aa367dd55277aebb59,1.4804000534758686,24,2023-08,P0,1726,False,False
5467CD88387A6F1B90ED319DD50393E00D44062BE4027E50CCB4D0BED9C00025,CEB580C44CE36AB555C6C92BAB6A09C0DEEECC133930547D4E2D283CCA901002,dc1930176df79864141b588e660d54a8aca471ddcff6b1aa367dd55277aebb59,1.4804000534758686,24,2023-08,P_ABC,1727,False,False
0CAB42AC09D555488EE38F982A850EB0038DBC91045CA4D642257D61A83F4192,2E79BF4C510974ED439690C635B6D19CE274538F6032A7CB07B0EEEEE6EFC954,dc1930176df79864141b588e660d54a8aca471ddcff6b1aa367dd55277aebb59,1.4804000534758686,36,2024-08,P0,1728,False,False
741E298E7BE4DC6F11B620122DF5AE6C24515E5C107433AF61B55B0499A0CD89,C7A46F5C179591B8C42572D9D94AF345856FEC63AE125BEB5383592E5C46B235,dc1930176df79864141b588e660d54a8aca471ddcff6b1aa367dd55277aebb59,1.4804000534758686,36,2024-08,P_ABC,1729,False,False
0FF831A8C78D04979DFD8AC3D93AFE79E5E2018A6420FA10B1EA61AE61BE39D9,61134FE2C861F16DF63121C74157774D556F5225E235C76963E2331664179665,de2ea6763581293f0bd1e48d767beb766211274812bb194100694adf0d087932,15.20221657614407,0,2021-08,P0,1730,True,True
3142F2C4BFA5618431FDDD016E4DF3B0AD67C5027BEEC5103542EFC522EC4640,2CE861E58875A7ED2356A9618AB385EE68B384524A7ADD04C16A649611E4EF7C,de2ea6763581293f0bd1e48d767beb766211274812bb194100694adf0d087932,15.20221657614407,0,2021-08,P_ABC,1731,True,True
50342AF4173C2EDFA4E14285290A88093EEE43058B8A241E658685D3341F7EEC,1CBAA930C14B43F6235981B606A276D702F1742463F754F1BC25AEC76AE2177D,de2ea6763581293f0bd1e48d767beb766211274812bb194100694adf0d087932,15.20221657614407,6,2022-02,P0,1732,True,True
C6FF560560743EABC80766025E7C608F9E7B8D51F9C82DBEFFC54FC0C32E87CD,12F2C274BA2EA1B45FE5A057157EEB96333E86EE2EDE021D9DB92B86D51416C5,de2ea6763581293f0bd1e48d767beb766211274812bb194100694adf0d087932,15.20221657614407,6,2022-02,P_ABC,1733,True,True
6ED2DCD87BCB3ECFE8B512341FD1D3B564CFF3C481B6B6496CF38549868B6411,A00B3174002570FC836274696131CF6ED10DFAAE34BE22163AD813DD48269BEA,de2ea6763581293f0bd1e48d767beb766211274812bb194100694adf0d087932,15.20221657614407,12,2022-08,P0,1734,True,True
9EE5DF1641F3A9E4912CB4AAAFB0CF1D54422C27828BDBF3A80D3F6203C733FC,3BA9A9243A4BE2668A7386D5FD4E6116CD629F893AF98606B40FAACA1574FE39,de2ea6763581293f0bd1e48d767beb766211274812bb194100694adf0d087932,15.20221657614407,12,2022-08,P_ABC,1735,True,True
CEDD2A2B0D03E5BD44F073BEDACB9B9F282DE54C0700C5DAE6A6248627461219,A00B3174002570FC836274696131CF6ED10DFAAE34BE22163AD813DD48269BEA,de2ea6763581293f0bd1e48d767beb766211274812bb194100694adf0d087932,15.20221657614407,24,2023-08,P0,1736,True,True
A648876A4EA1C54FB9EF6DB28E2B9895646AD9E535B11B1FB2641377BD6E2288,4F79F20C6028F81530A22CBA5B010D8425B060845B7D1766C801E4A3BF5C84B3,de2ea6763581293f0bd1e48d767beb766211274812bb194100694adf0d087932,15.20221657614407,24,2023-08,P_ABC,1737,True,True
9FA31F33DCE345FDE05DC63CC8B40D71512B229C672FFDC70A75A7A21A37E878,A00B3174002570FC836274696131CF6ED10DFAAE34BE22163AD813DD48269BEA,de2ea6763581293f0bd1e48d767beb766211274812bb194100694adf0d087932,15.20221657614407,36,2024-08,P0,1738,True,True
2748F75B2E55671E8FDDCE2BCD489C682C3E3D185DD64B0C61BBBE0A099F1BB9,972EB226C5FB3081079A984C52743BFB2751E81BD5CCF8355558DC5907B78C0D,de2ea6763581293f0bd1e48d767beb766211274812bb194100694adf0d087932,15.20221657614407,36,2024-08,P_ABC,1739,True,True
31FF6F34EA89F1DA3699CCB218A6CDC48EDF4D281DFFA302152227B346B0F619,2C6D897EEE504CFE4D0454A719B5D2E21CE81D140D56BE1734A706F3B3EB28A8,e0405a799c7d461f5a680e7dbea5bf532089dcf06f88aca8723336ed73040950,4.063624349571554,0,2021-08,P0,1740,False,True
B2E1DF0A04C856F6DBBF405CD2B46A0443E79E576396507E93ACD2D19E5B4D63,85D470FD72037B70DD140511E21491C18F17B306676AC059D5D196C4F9A38295,e0405a799c7d461f5a680e7dbea5bf532089dcf06f88aca8723336ed73040950,4.063624349571554,0,2021-08,P_ABC,1741,False,True
62200477C2C513D62E6E2B16BBE3A6FDA76CF6C601E6B0BC2F2B6D21955A20F8,F938B3C530E0287A42D1BE89632D1E02C5ACDDB3229B29A0BB5E546C88C6FFF2,e0405a799c7d461f5a680e7dbea5bf532089dcf06f88aca8723336ed73040950,4.063624349571554,6,2022-02,P0,1742,False,True
943EB4E3695E25DA8A8689FB5149317FC92F740C468F9503FD629027924430AA,088809A2E4F132C5B7231D53C85314001FBF8A3307C1C6C4D2A7411508313240,e0405a799c7d461f5a680e7dbea5bf532089dcf06f88aca8723336ed73040950,4.063624349571554,6,2022-02,P_ABC,1743,False,True
8D4A81A60268CBDC7D9D03D9B5CC32E28D08449F0293B49E3A67FD31AB11B09D,19DDC9E2A98D6795F92F06E855ECB3BB270347187DA95AA5729291630385C1DC,e0405a799c7d461f5a680e7dbea5bf532089dcf06f88aca8723336ed73040950,4.063624349571554,12,2022-08,P0,1744,False,True
8C2B050E2819360B4A83914E90147D977B27162D999B7A9C23838A9125C7A0CE,E9A07E249C2BDA38A838EEED51BB7380F392F6804CABD1D390ACAA7A4A5468DF,e0405a799c7d461f5a680e7dbea5bf532089dcf06f88aca8723336ed73040950,4.063624349571554,12,2022-08,P_ABC,1745,False,True
DBC319D63B892B5727D851C12485620CA823AD131BE1207669E6BE5B6A465B1B,19DDC9E2A98D6795F92F06E855ECB3BB270347187DA95AA5729291630385C1DC,e0405a799c7d461f5a680e7dbea5bf532089dcf06f88aca8723336ed73040950,4.063624349571554,24,2023-08,P0,1746,False,True
09EE9D5F9F252A124B6629B362CCCC1D9AB3F740217836FA8862070866D7EA60,88096FFBFB0A7B39E8ED12AD825B3AA90225A3A87B0DAA29D3E66E74D1DDACBC,e0405a799c7d461f5a680e7dbea5bf532089dcf06f88aca8723336ed73040950,4.063624349571554,24,2023-08,P_ABC,1747,False,True
F5AA2FA36780111F0610A3AED2B057AE7CE75F9935AA81A63099B58CEF066FAB,19DDC9E2A98D6795F92F06E855ECB3BB270347187DA95AA5729291630385C1DC,e0405a799c7d461f5a680e7dbea5bf532089dcf06f88aca8723336ed73040950,4.063624349571554,36,2024-08,P0,1748,False,True
61191D8CA9E0A262409D06C79502F3269D0AF536E3BEF889923FE0F7B288708E,072112BB9EB8BBC7954D4806D7C848226AAE8AB3AAC15287FAF3C078FE617F61,e0405a799c7d461f5a680e7dbea5bf532089dcf06f88aca8723336ed73040950,4.063624349571554,36,2024-08,P_ABC,1749,False,True
75F36DA8D694AAD4120A45FB28FC5831C871BB72B85D606F61AE51A5CE8190FB,451D8EB3DE7A6A659BB7E993A616EAAF60D767C77A6DBD07E9542A89C0B1A6F6,e246a34041d3d30f5f7b7a1d1d62eada40ef383bee8aa0a6582cd7d1bc097fd1,7.863552247541741,0,2021-08,P0,1750,False,True
5AA05AB465FF2F0DB9AE3E55EAA74ED5132F7BC2890EE5530C59EE538CF6F178,8E6CDE7CC076B477276DA432BBE73FE252243D4C9C57EA5DA3DD58F444B9E544,e246a34041d3d30f5f7b7a1d1d62eada40ef383bee8aa0a6582cd7d1bc097fd1,7.863552247541741,0,2021-08,P_ABC,1751,False,True
3EB6CFDD8C5B48364AB0BA94929E4702E6ED99C3CDA5EA3D34840AB68A82C123,B825F666AF215162D5E6814C46EBF3F00038717C03734150D40A32406D59F91B,e246a34041d3d30f5f7b7a1d1d62eada40ef383bee8aa0a6582cd7d1bc097fd1,7.863552247541741,6,2022-02,P0,1752,False,True
3CB0EE2C65947A92F2E70B62D6EC8C349146A500AC17161857B4CE7581DB3B80,6B66D14B9403B6C162DECF41659F4BC3E5E03242BB5B611E7AA7073032000B11,e246a34041d3d30f5f7b7a1d1d62eada40ef383bee8aa0a6582cd7d1bc097fd1,7.863552247541741,6,2022-02,P_ABC,1753,False,True
3A43E18F814CA93ABC6A4468154BDDE4827F2CDC8E6A17A5DC1303B9F6D5F5CF,8F596EB90D1EC954467DD4BA27D0E9962D6D7A606AA4D59E0308725C491830FE,e246a34041d3d30f5f7b7a1d1d62eada40ef383bee8aa0a6582cd7d1bc097fd1,7.863552247541741,12,2022-08,P0,1754,False,True
17316B8B53F1C5570E874E4D9C95BAF36B0BAE317CAA81366C585618F7AEAC92,53692D42AEB809BF3A5BFCBFE3C659EA9D54EFECB1B523AB428340CDBDE493BA,e246a34041d3d30f5f7b7a1d1d62eada40ef383bee8aa0a6582cd7d1bc097fd1,7.863552247541741,12,2022-08,P_ABC,1755,False,True
CFB4EA43007B58DF56B67D189292666B66EA36F8C0D6B417F3B0839BAE69143E,8F596EB90D1EC954467DD4BA27D0E9962D6D7A606AA4D59E0308725C491830FE,e246a34041d3d30f5f7b7a1d1d62eada40ef383bee8aa0a6582cd7d1bc097fd1,7.863552247541741,24,2023-08,P0,1756,False,True
2E62E58BCFDAE41EE21D9276771F27D7AE32B5A78AC3CDF06A2D8871FD89669C,E9618D40253596E62CDA7D1240E49F3198B0546A6610ACEFDBEA256BDB37AB82,e246a34041d3d30f5f7b7a1d1d62eada40ef383bee8aa0a6582cd7d1bc097fd1,7.863552247541741,24,2023-08,P_ABC,1757,False,True
DDED334477AC67849C5391001AE5E72BEFB36B0A777FE636D980DB9F27FF8752,8F596EB90D1EC954467DD4BA27D0E9962D6D7A606AA4D59E0308725C491830FE,e246a34041d3d30f5f7b7a1d1d62eada40ef383bee8aa0a6582cd7d1bc097fd1,7.863552247541741,36,2024-08,P0,1758,False,True
215E8AB1F809A71884D661A375C1E80C3AA3260A27FC6B170844280A43CD9B5E,8B604BB73D062BC095D581D27135329F2C2CE5163C7DF8DA9E2B04EC924FE521,e246a34041d3d30f5f7b7a1d1d62eada40ef383bee8aa0a6582cd7d1bc097fd1,7.863552247541741,36,2024-08,P_ABC,1759,False,True
6E08547DF02AB15C4EAF79C3BDE3338079F5EB7986A7449D9ED124855C864DE6,8C9B11BF4B2D4680ECD4324E2DD9086754C846CCFAC450D0E7001C533F3B3C35,e3799a267e22da57b1c6e167912cd5ccd9bb13e8243290a9f7bc38f56788251b,2.910893332821044,0,2021-08,P0,1760,False,False
6C938E058F958164EFE1A59FA161670E8E616BFD78B6E04C56DDEEDE423EEBD0,20E3248BC541B0CE8EC58ADE98D04E113CEF4F8847A01A5542759E538E5820BE,e3799a267e22da57b1c6e167912cd5ccd9bb13e8243290a9f7bc38f56788251b,2.910893332821044,0,2021-08,P_ABC,1761,False,False
079F9F5E6172E5D9B68F4E043C6009542B0538A6A3A99D5EF63A618786DB3E82,6FE14965AED96149FEB32BD881662A5DA72266429AAB908A2B65A462D462BCCE,e3799a267e22da57b1c6e167912cd5ccd9bb13e8243290a9f7bc38f56788251b,2.910893332821044,6,2022-02,P0,1762,False,False
012B8E492AA1C404DAE180D24A93B88EA1FDE947783E68D8AC75471E0850A3AC,E6D4601F18835E683BD9D1F0D126A60EC9A8E108BA534C7FB34428A80B4C6CB1,e3799a267e22da57b1c6e167912cd5ccd9bb13e8243290a9f7bc38f56788251b,2.910893332821044,6,2022-02,P_ABC,1763,False,False
5C83BEE5A428CF937B78A57C24AD751B9B6BD7286A7BE72A18E4B5E70FD184FC,C4D091E2786F0BB4134778BC609B7F8DBA24C7DC1A152F4FE880ADC96B9DFDB3,e3799a267e22da57b1c6e167912cd5ccd9bb13e8243290a9f7bc38f56788251b,2.910893332821044,12,2022-08,P0,1764,False,False
0F0DDE1F838B2D5EDA654F60925AD3ECBAFA9994509C4B046C724A2C3A751909,C0C2DD4F9E82D8713CCCE3B1EFAE90A20CC3283160BCD9451F3C1AA44EE8BEB3,e3799a267e22da57b1c6e167912cd5ccd9bb13e8243290a9f7bc38f56788251b,2.910893332821044,12,2022-08,P_ABC,1765,False,False
E63703CD5422BE06C051CAB86E05BDD8107489D3ADCE0AEA4ED1069AD3B8D945,C4D091E2786F0BB4134778BC609B7F8DBA24C7DC1A152F4FE880ADC96B9DFDB3,e3799a267e22da57b1c6e167912cd5ccd9bb13e8243290a9f7bc38f56788251b,2.910893332821044,24,2023-08,P0,1766,False,False
E7027DFEE76DC94750C74CDB4A7ABCA99AA500A1A8335EBD558D821322D09233,B4ED7D15C047F1C54D8C4E844E7951C1EF4A34066291EEE6B9E57FDFE60DB291,e3799a267e22da57b1c6e167912cd5ccd9bb13e8243290a9f7bc38f56788251b,2.910893332821044,24,2023-08,P_ABC,1767,False,False
E40000F9EB8DFD495E56B4FBAE4C1E5B70942E58B17A5ED9004905723771F031,C4D091E2786F0BB4134778BC609B7F8DBA24C7DC1A152F4FE880ADC96B9DFDB3,e3799a267e22da57b1c6e167912cd5ccd9bb13e8243290a9f7bc38f56788251b,2.910893332821044,36,2024-08,P0,1768,False,False
A582187E31ABA263196F8BCBEA3B6819F827ADAED7963DBFE93907F3E11EAF06,E20580ED4A5634DD94D22E748A65B6D9FCF33FC6E918CC9F803840DBD293FFD5,e3799a267e22da57b1c6e167912cd5ccd9bb13e8243290a9f7bc38f56788251b,2.910893332821044,36,2024-08,P_ABC,1769,False,False
8ADAA5876BA142C2955EC5306C3913FBD1FF44297DD9F348C8D6A3F0A8541000,BCED05CBFF3E3432433860C0EAB148128A30F2AB2545C1B2C5D85F7E77BA5A36,e4d53583e73592b6de193452ce72915ffb5c510041862ed7941c0ae6938575ad,0.9812954392308372,0,2021-08,P0,1770,False,True
51184EC5943D0451F87CCCDCE587011DF95C09998F078169893577199156C5E6,8B214CBC2136CEFE1B8125A4F3AACB7C292A64ECDF5A77E24E958B098DEF892E,e4d53583e73592b6de193452ce72915ffb5c510041862ed7941c0ae6938575ad,0.9812954392308372,0,2021-08,P_ABC,1771,False,True
6DEB620076A282AD03F579FDEC1D128B4647B823CA9BE8B9EA58473EA84E0DDA,E2D369A6C1FE2A7059CE8EC097B2FF2430001E8488B0B1EDE758FAF94662B781,e4d53583e73592b6de193452ce72915ffb5c510041862ed7941c0ae6938575ad,0.9812954392308372,6,2022-02,P0,1772,False,True
2D327F39B7B3D23D8D1B84AB4BCF650B33F1BE2B30FF0B01B5DE54C7C01FC782,2D4908B37952DC825DF6E901EDC50E5C52582D2C3992EB6AF04F69EF14D5AE30,e4d53583e73592b6de193452ce72915ffb5c510041862ed7941c0ae6938575ad,0.9812954392308372,6,2022-02,P_ABC,1773,False,True
C98BEC047ABBC018028BE01DE4191333919323B250AF6245E044933544F203EB,A9C04F2EBBCE5BB7997E43C7A540F186BA13D6FBD496D0A060233493AA66A18C,e4d53583e73592b6de193452ce72915ffb5c510041862ed7941c0ae6938575ad,0.9812954392308372,12,2022-08,P0,1774,False,True
A7CB40DC11803339C6F8AD8E47BBFC98404F94A970E39B986D507A3342D122A7,F5EA23F3A2E6FB9EF19B780AE56EF2B2006883C589F8FCAFE6FE801B5B7A7881,e4d53583e73592b6de193452ce72915ffb5c510041862ed7941c0ae6938575ad,0.9812954392308372,12,2022-08,P_ABC,1775,False,True
0575B18F36981D5F33C6D7C76C1AD850ECFF04FCAC7C5120A0ED3DC590067F08,A9C04F2EBBCE5BB7997E43C7A540F186BA13D6FBD496D0A060233493AA66A18C,e4d53583e73592b6de193452ce72915ffb5c510041862ed7941c0ae6938575ad,0.9812954392308372,24,2023-08,P0,1776,False,True
A924D99388CE3B75225BB9274635A94A865A4BDC79BF02CB2786621089B951D2,0EAC05AADD5555CF779715D60070B24DD6910839195C7926876D4B80B89BD1D0,e4d53583e73592b6de193452ce72915ffb5c510041862ed7941c0ae6938575ad,0.9812954392308372,24,2023-08,P_ABC,1777,False,True
F97811D9CB91A3DE8FA955B8811F26C80129DBA1CED1789229E6F311749DBC51,A9C04F2EBBCE5BB7997E43C7A540F186BA13D6FBD496D0A060233493AA66A18C,e4d53583e73592b6de193452ce72915ffb5c510041862ed7941c0ae6938575ad,0.9812954392308372,36,2024-08,P0,1778,False,True
6E4DEF116EBF6C1C1AA1B645ABDDE8F128EA447DF100B801D6C5BA7E170CBE5D,6301E0A68880936BE691AF2E258B7154600E46F7A6C2C747FC1B194448A1D727,e4d53583e73592b6de193452ce72915ffb5c510041862ed7941c0ae6938575ad,0.9812954392308372,36,2024-08,P_ABC,1779,False,True
B5F8E8D325F6AFAD1BDFFB24F15C3C238B2344AF01E67E1C07F618F7EEA3C656,E1E671DBCF685E42571AE3C04373EC0425DF7C41A1209D22A487E8ADEB157A40,e87bd636f8d8bbc5024b050187c7ed80cb088319af63a5a0cb9285e7513c6021,6.848766381161905,0,2021-08,P0,1780,False,False
D3BFE6F90C5458F0A3179001929498BFED64DA1F185BEC39B041546C277C8B92,F7821858FB8C85E097157C60E76955E9127C22B235241738A098145716E151FD,e87bd636f8d8bbc5024b050187c7ed80cb088319af63a5a0cb9285e7513c6021,6.848766381161905,0,2021-08,P_ABC,1781,False,False
5AD444E146235A92890B9CE872E4990C72C04EB0997D8572F1DAACF4E41CDCF1,32A56A01B54D38AAC430B3CF15BB42B99019EB59B191C9995B2871AFA2763050,e87bd636f8d8bbc5024b050187c7ed80cb088319af63a5a0cb9285e7513c6021,6.848766381161905,6,2022-02,P0,1782,False,False
7FC81F194CFC4B1FE33EA95AB5E62E2B97629BD3A959CA6EAAC24F650DD667B3,838D33936B44F981BD88205227DC02F4D65BF894DB36173EBD10E23A851AF96D,e87bd636f8d8bbc5024b050187c7ed80cb088319af63a5a0cb9285e7513c6021,6.848766381161905,6,2022-02,P_ABC,1783,False,False
BB5E36A58F8B2334DED8ACA0F3C7848D7275FBFF9A97562A66D16A3DCE616390,BA4CC38C6675F7ACE3FD2976FC4DA3CB22AA59BF29319C9DF9057169241F5EB2,e87bd636f8d8bbc5024b050187c7ed80cb088319af63a5a0cb9285e7513c6021,6.848766381161905,12,2022-08,P0,1784,False,False
51B82855AC57EE5024A439D29BF3358E8843E93009D5D813342F12DBA575556B,4872914C19BD248F36FB394204B2D88A6CEE378671A41B4AEA733F9170ADDE70,e87bd636f8d8bbc5024b050187c7ed80cb088319af63a5a0cb9285e7513c6021,6.848766381161905,12,2022-08,P_ABC,1785,False,False
DA80C6D2799A6B83F201B94A8E4206B28B25B5FE4CD1C268786A8C2E4E8381BF,BA4CC38C6675F7ACE3FD2976FC4DA3CB22AA59BF29319C9DF9057169241F5EB2,e87bd636f8d8bbc5024b050187c7ed80cb088319af63a5a0cb9285e7513c6021,6.848766381161905,24,2023-08,P0,1786,False,False
9A39113FA6CA9BDE7F5D34304E6238E9222F94FCECD9609B635B59A402412005,2BE15F0717EF1613872603BDC0B5FBA27F95A2856B94578BB9BAA3C6BDFBBF72,e87bd636f8d8bbc5024b050187c7ed80cb088319af63a5a0cb9285e7513c6021,6.848766381161905,24,2023-08,P_ABC,1787,False,False
A3F0E5852230F7FCF978766A01AAB21CE4E3DB0253BE84E9685E774E87754991,BA4CC38C6675F7ACE3FD2976FC4DA3CB22AA59BF29319C9DF9057169241F5EB2,e87bd636f8d8bbc5024b050187c7ed80cb088319af63a5a0cb9285e7513c6021,6.848766381161905,36,2024-08,P0,1788,False,False
9FFADA0860EAE5EDFD2FA0706F8AB9FF375BFBC6F804232D2AB3C0F15B9F3A7B,03827B679923BA79456E9EF6639C7B3262ADF3C29D9C73B9A241B9A123953A90,e87bd636f8d8bbc5024b050187c7ed80cb088319af63a5a0cb9285e7513c6021,6.848766381161905,36,2024-08,P_ABC,1789,False,False
22399369E792AEDF69AEA082CE22FA94F77076EF4DE8485982CD7F25DFF8EBA1,1D5500BAE9265758DDC8FD058E2A26AFB4D649012035B6D008C6A5CA29E0EEA7,e9cbc92245a4eeab3ac5c68d0238f40a54ff72cc67a51c830daf82133b18164a,5.302850629106934,0,2021-08,P0,1790,False,False
7895E1AECBD97194747371FE2A4B1CC18360212FE561700C144EF222CE8A742B,9C8F4AD8A8A73A3FEE484068559DA0C7F06B93B5AA45FDE95BF51A3F85864F4B,e9cbc92245a4eeab3ac5c68d0238f40a54ff72cc67a51c830daf82133b18164a,5.302850629106934,0,2021-08,P_ABC,1791,False,False
D4033B1B956948FC6FFBA455E234D3BB210986AD4500774AFA72287DA1CA7266,A966486018A34CF4B4E945058E70BF5B279A36623716D5A4F0CFCA1E7B43DC7D,e9cbc92245a4eeab3ac5c68d0238f40a54ff72cc67a51c830daf82133b18164a,5.302850629106934,6,2022-02,P0,1792,False,False
4481A6B7A5D94EC22A66C6DD99AEEFA364C85DB90B3E0B10FA91ED486838EC8D,9AB63E8265F5FA2FC46ED67AB66A0604AA2ED249C233165DF07935E37BAD04DB,e9cbc92245a4eeab3ac5c68d0238f40a54ff72cc67a51c830daf82133b18164a,5.302850629106934,6,2022-02,P_ABC,1793,False,False
A58530E2EC9ABE0DCA560DDB991B87B66DB8009D99A644EC370B2C927FC8B7C6,503EF5DBC5164A36537E689E0FCA5D8B232476ED7C2396EE7750DC82F86CC62D,e9cbc92245a4eeab3ac5c68d0238f40a54ff72cc67a51c830daf82133b18164a,5.302850629106934,12,2022-08,P0,1794,False,False
2F0AC341A0DDAFF3A77AF94E3BDC1EC65939AC1BAF26692A280FBF44F4FECA80,23F1874A932DEF76F6D150A746ED5E120EE8F1A884AE9E003480120416BFF18C,e9cbc92245a4eeab3ac5c68d0238f40a54ff72cc67a51c830daf82133b18164a,5.302850629106934,12,2022-08,P_ABC,1795,False,False
C3ABBBE6BAB620D3F3F534A67D39310D3251AA4E320579D232C878426977518D,503EF5DBC5164A36537E689E0FCA5D8B232476ED7C2396EE7750DC82F86CC62D,e9cbc92245a4eeab3ac5c68d0238f40a54ff72cc67a51c830daf82133b18164a,5.302850629106934,24,2023-08,P0,1796,False,False
866099F3B0F68276702FA6EB4D661D7477391E0D865B9297EB63F90CD66A81F3,7161237F3835F884305EBF4076DD9CB454435C58620EB37139AC187B94DED530,e9cbc92245a4eeab3ac5c68d0238f40a54ff72cc67a51c830daf82133b18164a,5.302850629106934,24,2023-08,P_ABC,1797,False,False
C197814EE7541128411ABFE9BD4F164AD3CEB8C7DD6659B804D4DB8888DCA4C7,503EF5DBC5164A36537E689E0FCA5D8B232476ED7C2396EE7750DC82F86CC62D,e9cbc92245a4eeab3ac5c68d0238f40a54ff72cc67a51c830daf82133b18164a,5.302850629106934,36,2024-08,P0,1798,False,False
C25BAAD081EB619458C0A85E1A4B76240C4EB13D6C6E3872ACFDE98B018FBA27,440CD8CB199EDA0C3A32B250204561AB7DB7BB8000BAA3D6CAA325BE954F06E4,e9cbc92245a4eeab3ac5c68d0238f40a54ff72cc67a51c830daf82133b18164a,5.302850629106934,36,2024-08,P_ABC,1799,False,False
4F566B64708335EDAD75E250BFABB4CCC27CFE2BEA732CA03177D08E5A206FDE,5E7558D6E71167AA0AE7E880241002A9AF89FC836DB9E388A66D04101E5A24E5,eae55d0b1fb2fb9bf96014a261937e4f27cef9eea6bba2f061b1dd51c235694c,32.112674087861656,0,2021-08,P0,1800,False,False
B9D45495D446A41645E64ECEE1D519AE91E8F131E5D2AE78AAC8BA8EB3F7ECE5,15169EDEE6A2D6CFA1A2EB1C60357EFB8A27F1246F38D8962D8136077BAB6A38,eae55d0b1fb2fb9bf96014a261937e4f27cef9eea6bba2f061b1dd51c235694c,32.112674087861656,0,2021-08,P_ABC,1801,False,False
F70942C191218E2ED527568F15B0E569A5D4DE20FC71E3177FF2640DC76FF793,91C266FD8F0A7C15BCA61ABA333B8F689C8B8C25A04B4766896848CB1C7B579A,eae55d0b1fb2fb9bf96014a261937e4f27cef9eea6bba2f061b1dd51c235694c,32.112674087861656,6,2022-02,P0,1802,False,False
D3C95FD1E5C03D90698F22174379A3E264E516AD84C6FDFEC73FC984AF77BDD5,E9E93BA012FEA168D6CCBB9BEBFACFFE228E56BC7C2795C38673C9A718BF44DB,eae55d0b1fb2fb9bf96014a261937e4f27cef9eea6bba2f061b1dd51c235694c,32.112674087861656,6,2022-02,P_ABC,1803,False,False
321D001C18892413DA1A6BD4E8B43B33818A2BAC88D6F9F9097DEFADA4A61737,4F3A3E6B88FF73D293F2F5F687724C5B85ED6DFF3E961EFF443E92CD58D04A2E,eae55d0b1fb2fb9bf96014a261937e4f27cef9eea6bba2f061b1dd51c235694c,32.112674087861656,12,2022-08,P0,1804,False,False
90929EF127623E9720948E77E21A94EC48F13556D29E11DD27A66C5062F70DA9,9B4A8ECF12BDBC46A1A17916676037FFC4B9478C7C4D37A1538AFECB458A7430,eae55d0b1fb2fb9bf96014a261937e4f27cef9eea6bba2f061b1dd51c235694c,32.112674087861656,12,2022-08,P_ABC,1805,False,False
D200223D8F29CE65AC3948936916BFCCAECF4F0838F625865D48549FF31932DB,4F3A3E6B88FF73D293F2F5F687724C5B85ED6DFF3E961EFF443E92CD58D04A2E,eae55d0b1fb2fb9bf96014a261937e4f27cef9eea6bba2f061b1dd51c235694c,32.112674087861656,24,2023-08,P0,1806,False,False
2682F3F6B50DFFD2C6D33FC332618CE97EEC3CEC96234E3419293C85A6C538FA,7F3DA897FD909284790529F4CDAEBB3D5A339223AD736586F7CABC9787DEB008,eae55d0b1fb2fb9bf96014a261937e4f27cef9eea6bba2f061b1dd51c235694c,32.112674087861656,24,2023-08,P_ABC,1807,False,False
B4957AD02ED88004BCFBEC23D72506CCADFF6FA9DBABB3012FA945E90680835D,4F3A3E6B88FF73D293F2F5F687724C5B85ED6DFF3E961EFF443E92CD58D04A2E,eae55d0b1fb2fb9bf96014a261937e4f27cef9eea6bba2f061b1dd51c235694c,32.112674087861656,36,2024-08,P0,1808,False,False
2032CE7D428FAFBAFFCB67D1430D0B6B978AC960D28D53D27A4B56A46E27442D,FBB175401AEE2224E9AE7483A5564605438C721FE79643BA3D0ADE173E6706CC,eae55d0b1fb2fb9bf96014a261937e4f27cef9eea6bba2f061b1dd51c235694c,32.112674087861656,36,2024-08,P_ABC,1809,False,False
AD1522384A91D86A98BC0D192F5623430313D253EA6428449E6207FD2FA63FE8,B8049CD39E8211184A068FBEDD02C95533FB57D0E6A08EAF09E8BCC4751423ED,ec3447f6cf985a1b4fb22bc5fea803eff6bc08c148f094033452c672b6da4000,6.9197861549344735,0,2021-08,P0,1810,False,False
9BEECD592303132050A8175EA943C33ABD17A0CADDF79C7F126587800E5FA8DF,CC55198E68724EE6F3E0472570B1DEF80621B8D09188E337D6D422318D9CBF57,ec3447f6cf985a1b4fb22bc5fea803eff6bc08c148f094033452c672b6da4000,6.9197861549344735,0,2021-08,P_ABC,1811,False,False
1C0555DA8BA81C914BE7E9137FA13CF68120ED0FE32D9AE43B9D31948E2725B4,CD71AC7E9B921AB6C457F6BEA2511252B2C04174845ED0A4DBFC51B63BD0522A,ec3447f6cf985a1b4fb22bc5fea803eff6bc08c148f094033452c672b6da4000,6.9197861549344735,6,2022-02,P0,1812,False,False
B1D101D490BACFFEE08A5CBD684D2C9B5DAB93A7A45469BB52A609D81B840195,D8417A2A2621C96C671C1DA4956D9CBB4314E8045199B48F3AB4017144B37677,ec3447f6cf985a1b4fb22bc5fea803eff6bc08c148f094033452c672b6da4000,6.9197861549344735,6,2022-02,P_ABC,1813,False,False
F4BAFC63D5743E66A1FCE0F38CE6A0B925CFD1ACABF2CA5500DF471480682FA0,9C7012FE319801B5770C109ACE99F23EB3E41A7996D75014F0E7BE2FC1C15678,ec3447f6cf985a1b4fb22bc5fea803eff6bc08c148f094033452c672b6da4000,6.9197861549344735,12,2022-08,P0,1814,False,False
95E5BEFE4055BEAC8AC1F1F02CACEFED2E7D7FF0E9E2B9E0CFB6A13DD67964DF,692849D91AE074BFC7EEFF7BE11037FD30036D7154AC8B52CB4DDB27C5236A68,ec3447f6cf985a1b4fb22bc5fea803eff6bc08c148f094033452c672b6da4000,6.9197861549344735,12,2022-08,P_ABC,1815,False,False
037948CA10F25CD2CA07EFE9AE424E4B3DF01ACBBB1BCBF8590E00264846DCF7,9C7012FE319801B5770C109ACE99F23EB3E41A7996D75014F0E7BE2FC1C15678,ec3447f6cf985a1b4fb22bc5fea803eff6bc08c148f094033452c672b6da4000,6.9197861549344735,24,2023-08,P0,1816,False,False
E7924910315C7CCB8DEC21C2AAD7A3BD57FC20DFCA443DA312921062C1BCA254,5EEAE977842DEB62AAE0E0891663AF26DB218E4C5F6910525555B08C05E50B51,ec3447f6cf985a1b4fb22bc5fea803eff6bc08c148f094033452c672b6da4000,6.9197861549344735,24,2023-08,P_ABC,1817,False,False
C5B67BCE8A7903C512C6B4E39F950BEE374A3FD8C914928D1DE4DD90F50BE5CC,9C7012FE319801B5770C109ACE99F23EB3E41A7996D75014F0E7BE2FC1C15678,ec3447f6cf985a1b4fb22bc5fea803eff6bc08c148f094033452c672b6da4000,6.9197861549344735,36,2024-08,P0,1818,False,False
197E28787DD7309C1E7697C49644ADE20D6627F7BCEB06B892ABA4991509CA0C,AAD888331AE95C7A1A4E46AC5ED3AA48A25589D367674299208FD9862E6D9564,ec3447f6cf985a1b4fb22bc5fea803eff6bc08c148f094033452c672b6da4000,6.9197861549344735,36,2024-08,P_ABC,1819,False,False
1727BF823FE04E60A05F50FE09FE5FD0AA0F870BD8395FA4C1C8FC0323FD98C7,0B849BD0E938D8FE4A2ECDECBF079EF52217562349FC65A6E3BED4A47CDE33C0,ec49960e22b038fd546cb1a57b0c14ea4cac9dc51654a77a47d5b63ff67d886c,13.523181526241771,0,2021-08,P0,1820,False,False
E3A17B8BD1A92996BF06E43E8AE23D14E7C774EA1464621A64D77477571CE756,5D431A461A88EEF2BA32A600E980C0D8EDD8DAFDB3268D2DB648E0B51C58C085,ec49960e22b038fd546cb1a57b0c14ea4cac9dc51654a77a47d5b63ff67d886c,13.523181526241771,0,2021-08,P_ABC,1821,False,False
D5030113C19471E61E827E0734106E667A6E87A649097919F9C9A9BB1BC7DE64,FF7D0185159CF8A14095730EBB6BB0E635C9BAD45D1A4C5C19CEA94969B3FF59,ec49960e22b038fd546cb1a57b0c14ea4cac9dc51654a77a47d5b63ff67d886c,13.523181526241771,6,2022-02,P0,1822,False,False
26240F214F4396FA3A9C21E1D014851FDC94888D98618111037A9F16D1595D88,8924CE87D9989C2A44D9DEDD5BB82E267DF2AF78191422574DFC2B2E67D4746B,ec49960e22b038fd546cb1a57b0c14ea4cac9dc51654a77a47d5b63ff67d886c,13.523181526241771,6,2022-02,P_ABC,1823,False,False
5325547A0E2898EC4BCEE4F37990FB24B35F7FC2E7AB96624182C962A7918DC0,0462CCAA47445356A629F67FF665C921066554B17B5E6EEFED5D2B48AF06C528,ec49960e22b038fd546cb1a57b0c14ea4cac9dc51654a77a47d5b63ff67d886c,13.523181526241771,12,2022-08,P0,1824,False,False
8AB07F523502B4BDA22057AC4CAE745EEBE84DBBDE4E316391AA18FD926FF594,5ED0DCF25ED4CFCCCDCC67C1165FBA96177A2FA4BC4FB11509882BA100CE5DFB,ec49960e22b038fd546cb1a57b0c14ea4cac9dc51654a77a47d5b63ff67d886c,13.523181526241771,12,2022-08,P_ABC,1825,False,False
9B916B6A67553C5EA1824A6531F67AAAAD6CA1FC11329A17655FD7E674F387BE,0462CCAA47445356A629F67FF665C921066554B17B5E6EEFED5D2B48AF06C528,ec49960e22b038fd546cb1a57b0c14ea4cac9dc51654a77a47d5b63ff67d886c,13.523181526241771,24,2023-08,P0,1826,False,False
A1DCC19FF2D09C602D595C6A9AB4730E12121A0898CF1BC9753973A67279734E,4FDB95FA4D0F6AD1EA334E418A21C5E389B11BB4B11F909FF3788FBF880D6E17,ec49960e22b038fd546cb1a57b0c14ea4cac9dc51654a77a47d5b63ff67d886c,13.523181526241771,24,2023-08,P_ABC,1827,False,False
8F9B7F1A1FB3D1CD9FA864FD0D90E5BCA8461AB00E15C85AD179F6D93E4A3E22,0462CCAA47445356A629F67FF665C921066554B17B5E6EEFED5D2B48AF06C528,ec49960e22b038fd546cb1a57b0c14ea4cac9dc51654a77a47d5b63ff67d886c,13.523181526241771,36,2024-08,P0,1828,False,False
E078D6183DCBD786DAF76043B81C60E4909761A055865BAEF7D604A52202127C,6C3C5FA6D3D960CE585FBD8402629D22BB2D956E5FB85F3E03FFC3DD9B86E63A,ec49960e22b038fd546cb1a57b0c14ea4cac9dc51654a77a47d5b63ff67d886c,13.523181526241771,36,2024-08,P_ABC,1829,False,False
E3E8FC0892FBFED44349EF12DEB8520C89B7A18379D173B9C22B447DCE8A11F4,57F2D2EC6ACCE3C8957D441307B2DA4E769EC50C2E05F72EC326F5697A7FEA1A,ed55d67799a03f7b520a5dce922ed58f7bf55dca80b230914ed24332938f8026,3.5427737496510168,0,2021-08,P0,1830,True,True
E0CE6C91F41D3C60BC5DB07836AFB2DE4FFC66A896FC5F63BBBC12BE84E99046,3FB582EE15F8D5AE391BB7FDC30ABCDB301FD54199504D7D414E15F0864E94FC,ed55d67799a03f7b520a5dce922ed58f7bf55dca80b230914ed24332938f8026,3.5427737496510168,0,2021-08,P_ABC,1831,True,True
78B3644768461A7A8F7ABE7B2B968BD88C320AE66A52BC0531BE2949C97531B6,A1191DF9256776F4CDE1EBCE59159AF2579ABC40A4111BD2D7F5489A13C8C3D1,ed55d67799a03f7b520a5dce922ed58f7bf55dca80b230914ed24332938f8026,3.5427737496510168,6,2022-02,P0,1832,True,True
35E5F98F0BBDA7B020FB7D38C7A6DB1BF1C915E41681E47C8CC3DAA22204A9E8,9582B63F7EBF21BD4C7075A744BFD7AB86F7DF912BCC69D952C064B37E512253,ed55d67799a03f7b520a5dce922ed58f7bf55dca80b230914ed24332938f8026,3.5427737496510168,6,2022-02,P_ABC,1833,True,True
98B694E53CD9F9F8E56A4267C50F2671D799BD12079E40B350AC5E212FEAE9F0,2DCD35C9A00EB81A6DEC6883BFCFC68F1C2AD92B1B08CA470C3A30284A712DCA,ed55d67799a03f7b520a5dce922ed58f7bf55dca80b230914ed24332938f8026,3.5427737496510168,12,2022-08,P0,1834,True,True
71D4D00CBDF57E9CEA6B597D986CE15C5FB5EB7B94D890D98673DF4893078882,2FE10919A3792B3566FC8B5CCA4DF99B603AB76028B397B79D2995EA50C90B87,ed55d67799a03f7b520a5dce922ed58f7bf55dca80b230914ed24332938f8026,3.5427737496510168,12,2022-08,P_ABC,1835,True,True
40A84A889364A73944F28CC986E7172973AEE3D209DFFC7DD904F873B73ED4C6,2DCD35C9A00EB81A6DEC6883BFCFC68F1C2AD92B1B08CA470C3A30284A712DCA,ed55d67799a03f7b520a5dce922ed58f7bf55dca80b230914ed24332938f8026,3.5427737496510168,24,2023-08,P0,1836,True,True
9EDF98BDD8FCE542B0E729472D48B75AE5322C6D8C4FDB99A6C82842322A4D82,4660B50A98D273AEF9D8D1D645081B63CE5718BDF266B147A1BDAA41EF063EFC,ed55d67799a03f7b520a5dce922ed58f7bf55dca80b230914ed24332938f8026,3.5427737496510168,24,2023-08,P_ABC,1837,True,True
FE2DEF370FB4089B88981DCC3CC789A4BAB927D5941CF21D78C97372CB1F5063,2DCD35C9A00EB81A6DEC6883BFCFC68F1C2AD92B1B08CA470C3A30284A712DCA,ed55d67799a03f7b520a5dce922ed58f7bf55dca80b230914ed24332938f8026,3.5427737496510168,36,2024-08,P0,1838,True,True
0B7F8EB0390EA5F15E2E0584B9833B6CB99F21BD9A86E5331801491866CCDABA,47E478F0B62EBD5A93B6898BCB6B2C6AB12FD7BFCDA4D2A10426E062DBBB838C,ed55d67799a03f7b520a5dce922ed58f7bf55dca80b230914ed24332938f8026,3.5427737496510168,36,2024-08,P_ABC,1839,True,True
A8EA99D81A9F0F15EDB52AE4499E566F5B3B9DF3C5B2A6ED377F77AC15D13B27,B5F11CC3F0CDE825A36E1BA880963B9BC235AE63360AC4533CDD58089E0B5619,ef20187a9ad86e098bcd5ad1a5b321ad6f4e578c3ec4e2cc39a6f65affd9a62b,2.586699844052089,0,2021-08,P0,1840,False,False
F5FB082F203417E745F24D8C236B4C37A371D1CC54C31BF91FBC20BF6CFCC997,B075853E36F93A24A9D110C9154F384E68C519F896F3CEA0845573F2B4EAA67B,ef20187a9ad86e098bcd5ad1a5b321ad6f4e578c3ec4e2cc39a6f65affd9a62b,2.586699844052089,0,2021-08,P_ABC,1841,False,False
50DAD631299ED1F714759CE89271CF1D26EEBE9B15091FB14EA2994EFA2EAF6D,3BCE6C102B46F59A5C610CA105F93E9A8F38904527B1EB2270085FA1FC0C5862,ef20187a9ad86e098bcd5ad1a5b321ad6f4e578c3ec4e2cc39a6f65affd9a62b,2.586699844052089,6,2022-02,P0,1842,False,False
55A89625DF8E651467070CAADD6D6544A42A3D2B10CFBD93BC4BC843AD642EC4,9B5641322793FF012001888D2A54248AFE8E305D1F373480CBA438B0A6469D09,ef20187a9ad86e098bcd5ad1a5b321ad6f4e578c3ec4e2cc39a6f65affd9a62b,2.586699844052089,6,2022-02,P_ABC,1843,False,False
939105BDF02C2BCE62850AC7B5D4C5B5476C1B4F2F6E9B548390C42D7D922146,6428F440977E13882AC5F14A9C5ADD5CB4AD65B9DAB999DF29CDD2FC98DC3189,ef20187a9ad86e098bcd5ad1a5b321ad6f4e578c3ec4e2cc39a6f65affd9a62b,2.586699844052089,12,2022-08,P0,1844,False,False
19FF54B3CBB029AC6CB0506E594B092BC250EA6DEFEBECDCEB73A6785FA4E271,227B510F8267458ADB38E201CBA0119F072FDC1859911E1F3F666E3D2FDE77C1,ef20187a9ad86e098bcd5ad1a5b321ad6f4e578c3ec4e2cc39a6f65affd9a62b,2.586699844052089,12,2022-08,P_ABC,1845,False,False
93A75DFA82F4EAB92627F0B8FAF27349D1C8EE61074B26FC7392720EA32AD18E,6428F440977E13882AC5F14A9C5ADD5CB4AD65B9DAB999DF29CDD2FC98DC3189,ef20187a9ad86e098bcd5ad1a5b321ad6f4e578c3ec4e2cc39a6f65affd9a62b,2.586699844052089,24,2023-08,P0,1846,False,False
F41D97011E880CB6EB61111374AF2B74CE1406E6CBA5C55BFC282B02F66FDDE7,66E36B00D702EA7F5C7A174E79240AFE5950AAF406AA1D86AFF9F5BCBE94C113,ef20187a9ad86e098bcd5ad1a5b321ad6f4e578c3ec4e2cc39a6f65affd9a62b,2.586699844052089,24,2023-08,P_ABC,1847,False,False
2DB8028D20F8D262ED569DA01E75736F964348AD396AA43E056630235586A097,6428F440977E13882AC5F14A9C5ADD5CB4AD65B9DAB999DF29CDD2FC98DC3189,ef20187a9ad86e098bcd5ad1a5b321ad6f4e578c3ec4e2cc39a6f65affd9a62b,2.586699844052089,36,2024-08,P0,1848,False,False
DE0C53EE526699014DB0012A101F88B3DF73C4AB25AFE0B7E9285315DB3FA863,3E1A545B2D3521631AF22472B7E2EE622F29C9C75A34E4BE98328A35E0E2E587,ef20187a9ad86e098bcd5ad1a5b321ad6f4e578c3ec4e2cc39a6f65affd9a62b,2.586699844052089,36,2024-08,P_ABC,1849,False,False
1CE39ED4B6C66C81C73D2B1E5A8EB47B6DCB3C261C074BC52EDA91D7446D749D,ABA6408BBC6967F88D6C732B6E2CC5B699973C47E6CD5F61C551BD2C833CF529,ef8e84abdd078f38570916af1dae0e325a3202e5936ae4b7457a9bb1508918e0,6.046005111892104,0,2021-08,P0,1850,False,False
341192A38A33FBA6414CA5591144E8FEE1362DB1E0F79FB2866642ED5435ACFF,67C424D9A5DD7A184589487DFCBA08DE096E7790321D464D52AEE57113B3CFD1,ef8e84abdd078f38570916af1dae0e325a3202e5936ae4b7457a9bb1508918e0,6.046005111892104,0,2021-08,P_ABC,1851,False,False
55DF596560D8C31F369D0D462F0B66DE7FD9DAEF72E4496F87F3EAC98D06AE5A,F15D6CEF4FC479310B447394A9AF9BF67B16F186DC6C64D40342DB92016BB661,ef8e84abdd078f38570916af1dae0e325a3202e5936ae4b7457a9bb1508918e0,6.046005111892104,6,2022-02,P0,1852,False,False
FCBC3D253B61A745A0D8F5FC9897E23F9BB1B8071278FA211FB3CB6C74EC793D,01F71A9273A9B6E1E6D74046D2E21C7F408BB7DC534E43AD039F0235EE9D11E8,ef8e84abdd078f38570916af1dae0e325a3202e5936ae4b7457a9bb1508918e0,6.046005111892104,6,2022-02,P_ABC,1853,False,False
4AA062B216B0C48BC26CB9B42951CC9EF8C6102701E0BA67C5EA0428506E8F9B,F83E01C2A0BA8A8FE31DB89E95F88C505CEA4F99870A4BFAB8C370A28E5040B9,ef8e84abdd078f38570916af1dae0e325a3202e5936ae4b7457a9bb1508918e0,6.046005111892104,12,2022-08,P0,1854,False,False
6EDA5D647C7EF00E69FA4399614CC52CF6AE2FA8CCFD4C09A7A58DAF308FD2D2,C4F7517E21290F917509356AE1BFEA65AA52A6341A9EB253A5CCD6D7233F4344,ef8e84abdd078f38570916af1dae0e325a3202e5936ae4b7457a9bb1508918e0,6.046005111892104,12,2022-08,P_ABC,1855,False,False
77B36161CD70B406E892CCA45ECEB7C98F9E2513057A557B31EF531C0A0802B4,F83E01C2A0BA8A8FE31DB89E95F88C505CEA4F99870A4BFAB8C370A28E5040B9,ef8e84abdd078f38570916af1dae0e325a3202e5936ae4b7457a9bb1508918e0,6.046005111892104,24,2023-08,P0,1856,False,False
C109BC0C8DEB92083D52E7C7ACEFD9FF08CD4795208CA3919A0D377FA9C46370,7957653B03F9D5A65FC2F953D993F24A97D3E82D380634EFF95189982E88692F,ef8e84abdd078f38570916af1dae0e325a3202e5936ae4b7457a9bb1508918e0,6.046005111892104,24,2023-08,P_ABC,1857,False,False
8777E58E91A42D84A70E81E0B794D36461646331A82DCA9E0E3F5BAE80676916,F83E01C2A0BA8A8FE31DB89E95F88C505CEA4F99870A4BFAB8C370A28E5040B9,ef8e84abdd078f38570916af1dae0e325a3202e5936ae4b7457a9bb1508918e0,6.046005111892104,36,2024-08,P0,1858,False,False
CA61BA018609200D8BF6734A265415E891A4A7B8E77B1705F3DEACD5ECBF2757,36592D7AFC1924A21A1E595C3C8D596023C7A55C0860B4AA9C83AE764113968A,ef8e84abdd078f38570916af1dae0e325a3202e5936ae4b7457a9bb1508918e0,6.046005111892104,36,2024-08,P_ABC,1859,False,False
2511C435775D7E0F17B8DB197A5EE78BCF1E4E20E56AB6563550A1650B7F14D0,18F7A4C248C1F0E6DFAE1160265AE9233A20F32A6BC95C47A105444E20ABF01F,f0b4122a21df40da362f6930a4b51ef927a56a219fd0e598e7c360704a81ea2f,8.06835094276895,0,2021-08,P0,1860,False,False
A20E89E661E427D11F0896F2F4C3FB828FE11BE715D9BEDEFE3F43971E926B43,DA8D2A2A763556D7A00869C33D97CA1CE08FDDF0970C1F558634384819FDE11D,f0b4122a21df40da362f6930a4b51ef927a56a219fd0e598e7c360704a81ea2f,8.06835094276895,0,2021-08,P_ABC,1861,False,False
13E8CC99C12D1D0B23AE509F6D92A2852A6C484E9F8C7C5B1E3DB4C802EA42C8,0A867D7EBE12F99CCE0560C08357B9A6E78DD472111DC50579284B10476F9B6D,f0b4122a21df40da362f6930a4b51ef927a56a219fd0e598e7c360704a81ea2f,8.06835094276895,6,2022-02,P0,1862,False,False
A47D5DEA6AFE17A67B4034F0CAE9C2AB935BCD90C8958A26FAC5DBE30CFD47DD,8E0D570161C9473EE40749778C40BE5153F4B543797AC047139A44975421C182,f0b4122a21df40da362f6930a4b51ef927a56a219fd0e598e7c360704a81ea2f,8.06835094276895,6,2022-02,P_ABC,1863,False,False
9BBC0F2DB6C3AD3B30B0F2D676FB2D223F4497B0969BFB31C8433E5CACC3F603,B1B4A318779EE19D2B801E1181F287A9CF6D8AE5E195C532E8F6998A8F13BC01,f0b4122a21df40da362f6930a4b51ef927a56a219fd0e598e7c360704a81ea2f,8.06835094276895,12,2022-08,P0,1864,False,False
470C81C03FCCD4030F03786A6E19534BD9B691A3ECA62B69A34A89CF1778525F,42113B6DD897E25DEB974CE6A3749EA8C9E5CB1379EA34ADE85EBC177681149B,f0b4122a21df40da362f6930a4b51ef927a56a219fd0e598e7c360704a81ea2f,8.06835094276895,12,2022-08,P_ABC,1865,False,False
8270AE46D358E106CBB85F64B1B502A773E96647F417F529607721A76A0AFEFD,B1B4A318779EE19D2B801E1181F287A9CF6D8AE5E195C532E8F6998A8F13BC01,f0b4122a21df40da362f6930a4b51ef927a56a219fd0e598e7c360704a81ea2f,8.06835094276895,24,2023-08,P0,1866,False,False
4823C54BFDAA6C81ED59A1647270FEB896BE14B75CDF4F71E84D4A38735DD3AE,B852B32F2BE76C4AC540140AEF0AD51B8559A7DB306F93FC08E2ECF51CB13277,f0b4122a21df40da362f6930a4b51ef927a56a219fd0e598e7c360704a81ea2f,8.06835094276895,24,2023-08,P_ABC,1867,False,False
E64F39A3B2565A282C0AB384DC7175C9760E38FEA7BCB3CD1362797B6E3E03DD,B1B4A318779EE19D2B801E1181F287A9CF6D8AE5E195C532E8F6998A8F13BC01,f0b4122a21df40da362f6930a4b51ef927a56a219fd0e598e7c360704a81ea2f,8.06835094276895,36,2024-08,P0,1868,False,False
9B45EDCAE0BF016DBF759892DC14078C40B52BA6F1C385B2048D51EAD45CF3C2,509076108E10514EB601F22FDED2B3595F9F6D91CD07FF0EF722EBA438CCB183,f0b4122a21df40da362f6930a4b51ef927a56a219fd0e598e7c360704a81ea2f,8.06835094276895,36,2024-08,P_ABC,1869,False,False
2D665BD4226D490970DAC0076AA4A074A95FBFE3F55AAF2A84818BD71AB91585,180B2DF67D96B00273ECC01A5C592D5C7B8E66F8233CD40DBF5835BA6A9BC5E1,f2e8703d13d6bd7b9dd44024e5c26875efecb2841272dafcbcc21393cd824554,13.957721493700248,0,2021-08,P0,1870,False,True
0AFBDB3ABE502EAF9F2E155F4BEF85D03AE5364B169AB80047839B92F4157CA0,29E400160122AD99657DCC2BF5BBAA174FC0097599625DE96B675220E9E66812,f2e8703d13d6bd7b9dd44024e5c26875efecb2841272dafcbcc21393cd824554,13.957721493700248,0,2021-08,P_ABC,1871,False,True
29FA14BFBE6A17CE9C65D0375F54C8119CC3C7439A64CFF1A6FFC1381B9CCEBE,647831D1AC5245A16EDDFD9F7DFD57B799E49A8A62F247E4CB8FE0B836296928,f2e8703d13d6bd7b9dd44024e5c26875efecb2841272dafcbcc21393cd824554,13.957721493700248,6,2022-02,P0,1872,False,True
36A3719B8A4D050D53CD3C7AD62FF02B21EFD204D40B900B8DD805C047FE5B28,EA238164B0A7577E5F045E28B8DD1F7F79DA2692A8865DFB3B280135662F661E,f2e8703d13d6bd7b9dd44024e5c26875efecb2841272dafcbcc21393cd824554,13.957721493700248,6,2022-02,P_ABC,1873,False,True
81747959D50E7FB3087A629B59A4E5520148D1E626922D3257673DBF75857E31,B7882C8B0CA0675E9BFF989B986C40E6824887D5904EF250229C74EF6FF45F9E,f2e8703d13d6bd7b9dd44024e5c26875efecb2841272dafcbcc21393cd824554,13.957721493700248,12,2022-08,P0,1874,False,True
2694011A74CB0AEC6197D2B19DA1B5E7B4D493A1359D82C723F35AED133D6A05,BB0D36F54024A3698148C1BE0FB84FAE63E627E346585531D92CEBEC80784D03,f2e8703d13d6bd7b9dd44024e5c26875efecb2841272dafcbcc21393cd824554,13.957721493700248,12,2022-08,P_ABC,1875,False,True
302593226D42831A7256633599EC0D8CF12F5836F611B82F5335E4721D18C9FC,B7882C8B0CA0675E9BFF989B986C40E6824887D5904EF250229C74EF6FF45F9E,f2e8703d13d6bd7b9dd44024e5c26875efecb2841272dafcbcc21393cd824554,13.957721493700248,24,2023-08,P0,1876,False,True
C1B4BD4C6852BB97ABFF718A707E77EFBF96FC7FDE2074DC11997979C7669F97,300FB55B97DA568FCC21E06E63673644B0E539B3EA847910A8DA87711EBE921C,f2e8703d13d6bd7b9dd44024e5c26875efecb2841272dafcbcc21393cd824554,13.957721493700248,24,2023-08,P_ABC,1877,False,True
3E8B0F599533D722BAE5B2D2A23B8027BFE3EAC5D1DD0172E80D3609788C03FC,B7882C8B0CA0675E9BFF989B986C40E6824887D5904EF250229C74EF6FF45F9E,f2e8703d13d6bd7b9dd44024e5c26875efecb2841272dafcbcc21393cd824554,13.957721493700248,36,2024-08,P0,1878,False,True
D571E876774FC6F00558BBC64579D3B4142091252A9EC00CD9DFE5DEC5871B37,65273E598FD9CC9E70E39BBE455ECC7FBB62F3F89D5EA0831F749AA133FED37D,f2e8703d13d6bd7b9dd44024e5c26875efecb2841272dafcbcc21393cd824554,13.957721493700248,36,2024-08,P_ABC,1879,False,True
DE78797462AA8D1D11548286535038F2ADE9D61870849F4B35E187205CADE1D4,4AD439DAB4919B797DEC123936F6D8EE4EF009CAF294ABA23D137C6AF09D5EA5,f505d5cf869e5347395b28b8eb6996dd9d6c5774b064d25afc85457103bd3f82,11.423361704481444,0,2021-08,P0,1880,True,True
1B4E2DDBE415DE3CE3187C09B7938FA6F46E3EA2FC1881BE0E9B91BEEC406C94,8B893848BDA254F2938C76BFE731622685EE92EE86B804824565EB69F319C00A,f505d5cf869e5347395b28b8eb6996dd9d6c5774b064d25afc85457103bd3f82,11.423361704481444,0,2021-08,P_ABC,1881,True,True
E4B94C4DD93E220EBAD68FBECF037D0B5A13475C52874CFFCAC7281794D79038,A7F8D1807975F0A33DF96191FE2F94E9265219B50EF0692D1DADBCF3FBDF01FD,f505d5cf869e5347395b28b8eb6996dd9d6c5774b064d25afc85457103bd3f82,11.423361704481444,6,2022-02,P0,1882,True,True
C19E7F0131D959EAE3B08817E00A3C48BBF752F4409162C1DC308C65290C619C,8D6C497AC49F1DD1BD05D458E09A6A08CE2A2D491F025372CAC0171D1EC376DF,f505d5cf869e5347395b28b8eb6996dd9d6c5774b064d25afc85457103bd3f82,11.423361704481444,6,2022-02,P_ABC,1883,True,True
2D2E24BB148D375CE86DA6076062CD924E3006DA3699CC12E3F766F0A9E7FE7C,0B0661ED2BAE53B3C6D43E408124CD506E0CF18CF455FE2ACF51CC53E47E630C,f505d5cf869e5347395b28b8eb6996dd9d6c5774b064d25afc85457103bd3f82,11.423361704481444,12,2022-08,P0,1884,True,True
D9836D5F703D1208C9C867015B66F0D4C636F8CA9B4C927B8A15CE615BF7FCD7,F75CA1D6D8D06B156A4B9BB07C5F6D06F29797C78691C7D0D712287061012B83,f505d5cf869e5347395b28b8eb6996dd9d6c5774b064d25afc85457103bd3f82,11.423361704481444,12,2022-08,P_ABC,1885,True,True
4E9CF8E03014B8549AB64DB59ED07B831FAF26FBA3F9EAA11BD9178B7E5943B4,0B0661ED2BAE53B3C6D43E408124CD506E0CF18CF455FE2ACF51CC53E47E630C,f505d5cf869e5347395b28b8eb6996dd9d6c5774b064d25afc85457103bd3f82,11.423361704481444,24,2023-08,P0,1886,True,True
799B75F6D9603BD0902C5EE86112BD9788BEFAD451905FE4BE8A3C9FB676DEC3,29AAB53C08D2A1A6DCCDD9DF6974DC7177217DB506C87805907F4785C9FE9134,f505d5cf869e5347395b28b8eb6996dd9d6c5774b064d25afc85457103bd3f82,11.423361704481444,24,2023-08,P_ABC,1887,True,True
B478833B37658E2A42CEB43AE730B4773968D34D095A624546BEFF3585C0DAD9,0B0661ED2BAE53B3C6D43E408124CD506E0CF18CF455FE2ACF51CC53E47E630C,f505d5cf869e5347395b28b8eb6996dd9d6c5774b064d25afc85457103bd3f82,11.423361704481444,36,2024-08,P0,1888,True,True
DAD13C0DEAF5EF827A2E8C0120391D169CBD8D7CBDAB0359FFCAC12123E9E418,4A380D8A7B8D7F157FF849A97754A251283E6D8EBBC34D9816CD3CF0CBEE9AD4,f505d5cf869e5347395b28b8eb6996dd9d6c5774b064d25afc85457103bd3f82,11.423361704481444,36,2024-08,P_ABC,1889,True,True
60EA7451F15A2B1A3ABCD7E560753734FFA5EC6F8543C71634181686B1E00E21,3360B0909BCDCCE645DCAB0E4192DB71BDDCCAA80675F774FD16B7A817B9FCC8,f58417d05ca60c93a1a61e4618cc24bf705d29f91675f15911356e765341d681,3.8131271542970175,0,2021-08,P0,1890,True,True
8BAFC95776931CDCBEB4D7EB83780C86180353652A83D84514E701A4076A0529,74C97BCB3924D274C03E709DF719E3BDDB4F3084B3269304D5645ECA7A454B24,f58417d05ca60c93a1a61e4618cc24bf705d29f91675f15911356e765341d681,3.8131271542970175,0,2021-08,P_ABC,1891,True,True
EBB1615F3429B4B36D469800101AB59D0B8E0BC8FE825AB5502827BE012E4098,682F3261E2AA20A596BD4B0BD7D70CA8AD04C5675A917FF4AE26D604FC7D625F,f58417d05ca60c93a1a61e4618cc24bf705d29f91675f15911356e765341d681,3.8131271542970175,6,2022-02,P0,1892,True,True
50D29CB8DC6AF221BB494D7978336C793F84DBD366E941E2754F47B93388096D,6CB4793EA7401F5B45B3D3F1A5589E6B5098F68F1D2BD4E8DF69BDB2BE223522,f58417d05ca60c93a1a61e4618cc24bf705d29f91675f15911356e765341d681,3.8131271542970175,6,2022-02,P_ABC,1893,True,True
4BE6C1FBD8858A7904B35673D2892ABDE88C3019D341B3AD6A0C5D15B4A74962,B4A4C42365CEF386CF6CE1529CD6517B5701BF1744B55523AF27A4E9EEC28D58,f58417d05ca60c93a1a61e4618cc24bf705d29f91675f15911356e765341d681,3.8131271542970175,12,2022-08,P0,1894,True,True
6738B2847AAA7A41BCF81D43D79708DC7F35011DEECE945921855269B85FDF00,A14C85008D0199E5602166E5F4F11E50ECE65BA8CE1FA65AC73C90EB58DB3AD7,f58417d05ca60c93a1a61e4618cc24bf705d29f91675f15911356e765341d681,3.8131271542970175,12,2022-08,P_ABC,1895,True,True
DA1150F44AE62FFD2635267C7645A66E1242201149DD2C10A158A8AFE031CCEA,B4A4C42365CEF386CF6CE1529CD6517B5701BF1744B55523AF27A4E9EEC28D58,f58417d05ca60c93a1a61e4618cc24bf705d29f91675f15911356e765341d681,3.8131271542970175,24,2023-08,P0,1896,True,True
5427278EC37149C40011682EF87BC4FA5241355BF38D8C7626B5D3BFDE7DF4C8,ACF6DAF4B28294353D896DF20B6AD11E5E8DCF7AA017341A19414B6FD1CAD56F,f58417d05ca60c93a1a61e4618cc24bf705d29f91675f15911356e765341d681,3.8131271542970175,24,2023-08,P_ABC,1897,True,True
4802428EA875A42F1D4ED7261D5740965979E6E1A9DDA93316A1C112FCA8A5DA,B4A4C42365CEF386CF6CE1529CD6517B5701BF1744B55523AF27A4E9EEC28D58,f58417d05ca60c93a1a61e4618cc24bf705d29f91675f15911356e765341d681,3.8131271542970175,36,2024-08,P0,1898,True,True
32C54255BB26BBC4CEA84F9CAD0082BFB4B258A7BC8560DE613281AD2957571E,A75BE38D1D7C2A3AB556D3FD98CCA3636762FDB9600602FD1CBB44C49ECFDA47,f58417d05ca60c93a1a61e4618cc24bf705d29f91675f15911356e765341d681,3.8131271542970175,36,2024-08,P_ABC,1899,True,True
F314A34D39B5C5E1D02083A19D970F461BAFBC78F4995E5881946FF718C984CB,A0C4C82BCE5F084594AC4173A5D6FC386B58F60FB4B9D2A6BE19754DE3110591,f82d90cf96443f6e72a7910fe70040e679973a8f06f8f5fe4d37cb6152631f68,4.0460222884570936,0,2021-08,P0,1900,False,False
5548778F953DAB532A00858B67139028F58284F1E791CCFD3440CECEEC00813D,0F41D2FD1A04F9A4DBC95E4D8899DC1DF3A6FFF174E80F2BFC7A210358353583,f82d90cf96443f6e72a7910fe70040e679973a8f06f8f5fe4d37cb6152631f68,4.0460222884570936,0,2021-08,P_ABC,1901,False,False
79C05AA207C935154063C6FBDBBD113B55D4EA5C973E33EFD71FFE5AEB0FE07F,B6699C87B1140729F57C49A11B8C20A26B5785CF11A51EA64BA4425145866218,f82d90cf96443f6e72a7910fe70040e679973a8f06f8f5fe4d37cb6152631f68,4.0460222884570936,6,2022-02,P0,1902,False,False
96EF13025BE3762D4853A4A0ED10F83BAB3F4E1F059BE60E368F66531D0B07B6,BCD531E8D2F8F83BE6AA9DBD6B1DC4BA006DA6615D06B9A4ABEBB3032989A3CB,f82d90cf96443f6e72a7910fe70040e679973a8f06f8f5fe4d37cb6152631f68,4.0460222884570936,6,2022-02,P_ABC,1903,False,False
722AD5C9DBC59FCA7D1AAE3F05ED0BCEC851634052D676B4C28B3854DE217BAD,40C03FDB963A5F17ECA25FE222E6F4973190D69C1032F295F121BA8F0424DFAA,f82d90cf96443f6e72a7910fe70040e679973a8f06f8f5fe4d37cb6152631f68,4.0460222884570936,12,2022-08,P0,1904,False,False
47B12713BDF4CFB75FD22DB0DC5BC81D35712E670804FD85BFA65BB63514250B,F01B8E39D2335778F788920571120F05A4B975A8168F9CAEEFDB77BC36434C6D,f82d90cf96443f6e72a7910fe70040e679973a8f06f8f5fe4d37cb6152631f68,4.0460222884570936,12,2022-08,P_ABC,1905,False,False
6AB46B31E6096E6E6B337CA573634DEFAA5383333D862ED354911B173A7BAC0C,40C03FDB963A5F17ECA25FE222E6F4973190D69C1032F295F121BA8F0424DFAA,f82d90cf96443f6e72a7910fe70040e679973a8f06f8f5fe4d37cb6152631f68,4.0460222884570936,24,2023-08,P0,1906,False,False
7C0965425A219669078976C3269E01F59D3807E2FF77FA16B2E6DE9BD97C61EB,C3E473B8C142A1E42B2BF5E2FD84C3D3FB009723FD46421DA2C761D9B791F9F0,f82d90cf96443f6e72a7910fe70040e679973a8f06f8f5fe4d37cb6152631f68,4.0460222884570936,24,2023-08,P_ABC,1907,False,False
7D7D44D0B80F63D5B46E7476C76B190F255C36A3E6D4BF9A7A2F24D56997EA47,40C03FDB963A5F17ECA25FE222E6F4973190D69C1032F295F121BA8F0424DFAA,f82d90cf96443f6e72a7910fe70040e679973a8f06f8f5fe4d37cb6152631f68,4.0460222884570936,36,2024-08,P0,1908,False,False
67702B538A3DA64278843CDB8EA0EF063107456827AEBFF80F7C380051A9FB1F,751717D4CE7C43C7BC59E9024FAD1E8EA32EAF2CAD41B66F7445C8BB85F2A8F5,f82d90cf96443f6e72a7910fe70040e679973a8f06f8f5fe4d37cb6152631f68,4.0460222884570936,36,2024-08,P_ABC,1909,False,False
F3A96FCB6B4378D5DF8E58DD9DC745B24D48E94F4CDC75F4ADA09AF94F8BE4BE,BA5641DF89E02CD7CFA09F4E61781DDA933A8E15DCED972DD8F240F2A9AFCF68,f92f14a6e46ea24dcfcab0c9f7b71a2aa6334a638637e21109c306fa79b38645,11.238103704076275,0,2021-08,P0,1910,True,True
1F1280C3E5F6F6D47FE6D5080FEA7AA54B7E3A8099741E3C011D4F8077082B4E,D2CC542E6663933AD77CA104CCB4D27BCB70CF0B744B2BD74CDE075B0505A8EB,f92f14a6e46ea24dcfcab0c9f7b71a2aa6334a638637e21109c306fa79b38645,11.238103704076275,0,2021-08,P_ABC,1911,True,True
61E2DD607C24E8A9AED4BEAFB5A9152C707E2D01B10C20ADE7DA8462866C3F70,C43EB2CD3CFC36CDB8843E618062A6E4B85B2A90699AA415E8E977F37B24A248,f92f14a6e46ea24dcfcab0c9f7b71a2aa6334a638637e21109c306fa79b38645,11.238103704076275,6,2022-02,P0,1912,True,True
438C4CE44106D724F0FA14C3AD6BD96F57572CF46B4E41927E347019316057BE,27C4D7CCF6BE108B2CEEB15A8459F040BDD67F1A0ECA49791B3D3AAED5C4916B,f92f14a6e46ea24dcfcab0c9f7b71a2aa6334a638637e21109c306fa79b38645,11.238103704076275,6,2022-02,P_ABC,1913,True,True
A16DC1940AC0C6CA307A9502825645E1BDF5D7D831AC983BE4C481BCB3283FED,36891E03DEBDC8D91CCFE9A001682A2EE917B24FADED194E9E7E657CD8F73D2F,f92f14a6e46ea24dcfcab0c9f7b71a2aa6334a638637e21109c306fa79b38645,11.238103704076275,12,2022-08,P0,1914,True,True
1AE58297DA6C32373F8CC9CECA48974D6225062978837FD12F9EB339C415068E,0652565C34C4DF5A34CAEB610CB102D7EF64A44300B40D253FBB14DF65421042,f92f14a6e46ea24dcfcab0c9f7b71a2aa6334a638637e21109c306fa79b38645,11.238103704076275,12,2022-08,P_ABC,1915,True,True
21931D35E18707F728F431AB5146C3337468E604ABE8BE9A7BFC700EC3F8A52A,36891E03DEBDC8D91CCFE9A001682A2EE917B24FADED194E9E7E657CD8F73D2F,f92f14a6e46ea24dcfcab0c9f7b71a2aa6334a638637e21109c306fa79b38645,11.238103704076275,24,2023-08,P0,1916,True,True
3A954DB3350E907239671FE741E2B4957F0C4B3A6C1DF2F19F9A457DCFC40126,B9A399676AE5758BAEE0C9BB63B8653EE0670A9045D61CDB0F846A8CB7C9CF98,f92f14a6e46ea24dcfcab0c9f7b71a2aa6334a638637e21109c306fa79b38645,11.238103704076275,24,2023-08,P_ABC,1917,True,True
9851D5E3B8B5E4ECB75F5A8385D9E309B48B0C74A2AB539D4EB28581C863A00F,36891E03DEBDC8D91CCFE9A001682A2EE917B24FADED194E9E7E657CD8F73D2F,f92f14a6e46ea24dcfcab0c9f7b71a2aa6334a638637e21109c306fa79b38645,11.238103704076275,36,2024-08,P0,1918,True,True
87695C23FEBDB458D00EBC233148698D8589198E9FE8846544A438D4048A7F3C,86825FBE9D7BC79F3D37C7D74266E8EE683470AA002D034B04023D931F797C29,f92f14a6e46ea24dcfcab0c9f7b71a2aa6334a638637e21109c306fa79b38645,11.238103704076275,36,2024-08,P_ABC,1919,True,True
ED7846247BABD9CAD3C114BFF32F65318DD15E0D786DAEE1C6C2DA9F8B01FFB7,2D40B7B2698C354C2A16034EB848B82B4AFE16AA7CB1FC40F0115E9AC2CA061E,f95d211536c386a391386335fa6b2e44e816ba9306ac47c3c721ea3569827111,0.3242972335376384,0,2021-08,P0,1920,True,True
716219F0A6EFB1D9096D4C28E986F7ADA388BB91FD39FDF02A46057F40C1CA62,BB78E5DC8D333457837C4321E105C3D6E0F98606BCB6E19CA10FF58E5EE0D2EF,f95d211536c386a391386335fa6b2e44e816ba9306ac47c3c721ea3569827111,0.3242972335376384,0,2021-08,P_ABC,1921,True,True
B1BAD58A6A3AF3D69281D91C282AFD6279BBA252DE0051BE35F1B0D46176A2B2,F9817C85C484921CCD5F209EA014B745214B05ECA9E17CB3090C1C302BEC9F41,f95d211536c386a391386335fa6b2e44e816ba9306ac47c3c721ea3569827111,0.3242972335376384,6,2022-02,P0,1922,True,True
7FFFA76A3BD1775F5870F63435A5EF9420586872204571EE44B14D487ACFA582,44AEF0270E7810A4B4287A2EC43DFBDDB65695715BC2A3CC77F571DBECEAA746,f95d211536c386a391386335fa6b2e44e816ba9306ac47c3c721ea3569827111,0.3242972335376384,6,2022-02,P_ABC,1923,True,True
190216D9E5947B85EA4E1916FE9F4636A86E94369A7319877E21DEF8BA227D69,82F8E82C118591102BA025188502DF974CB0517E1DEE4A48422535E50C876F16,f95d211536c386a391386335fa6b2e44e816ba9306ac47c3c721ea3569827111,0.3242972335376384,12,2022-08,P0,1924,True,True
EBF91ACDEDB3C80D91238FABF83D3E116F8D7D8FB0D88B2720D287B9106AA189,F75FB17D801B464ADF5AF134ECA9C4697BCF4598AF13DBC1CE4A395F11C982F3,f95d211536c386a391386335fa6b2e44e816ba9306ac47c3c721ea3569827111,0.3242972335376384,12,2022-08,P_ABC,1925,True,True
39212AE9BF667FC95FC2B56A34866B0E98A5C8CAD23C1327044EBE0745FC0334,82F8E82C118591102BA025188502DF974CB0517E1DEE4A48422535E50C876F16,f95d211536c386a391386335fa6b2e44e816ba9306ac47c3c721ea3569827111,0.3242972335376384,24,2023-08,P0,1926,True,True
2C7FEB4C9E482894D5C78536F421D8EC548546D5B232D4198E89EA01FDEE1AF1,2E4FCBC4485FD3C16665F587E6B64AABAC6419610E1FDC7BFC49AC114A85972A,f95d211536c386a391386335fa6b2e44e816ba9306ac47c3c721ea3569827111,0.3242972335376384,24,2023-08,P_ABC,1927,True,True
3B7E061D443186FE100B833A8F7E6A517B090E78674F3B41E942F1E9378A46B9,82F8E82C118591102BA025188502DF974CB0517E1DEE4A48422535E50C876F16,f95d211536c386a391386335fa6b2e44e816ba9306ac47c3c721ea3569827111,0.3242972335376384,36,2024-08,P0,1928,True,True
78FB6C859785EDCC5967BC7952D28F721CCDFFB047BE99C39508164389C1AC6E,749A2C1535978420272018AB5BA1A0810CA2DA93C7E05A5D8F432294B40815BB,f95d211536c386a391386335fa6b2e44e816ba9306ac47c3c721ea3569827111,0.3242972335376384,36,2024-08,P_ABC,1929,True,True
285F0AD8D5A10D4DD0E9C3C29A1D79607B14F4597CEFFF7670A824B5B36EB38F,22D68F789D90CBCD0B0C7FB44C165BA37276B264446F3867D15678996E32D8C6,f98aef88302e4cbed6935610d493f76a300970c6cebada2e8cec2f669d00f222,6.898195702629866,0,2021-08,P0,1930,False,False
79B74971E14F128565D6F3AC2ECA1EA89F3448FA131F4858E457B2BF15A9119F,5983D3F10A324A7E6CF40115C0032D1F585D5633589895C6B3B261B7DFFEF4ED,f98aef88302e4cbed6935610d493f76a300970c6cebada2e8cec2f669d00f222,6.898195702629866,0,2021-08,P_ABC,1931,False,False
7F4BB361A90054E5F8B3D850AD873FE720C1E64131143D2875669E806EEB7268,4E689DD24998DCA67A14A19C2E9AF1F567C595B88AE428ACE892546ABD7B9159,f98aef88302e4cbed6935610d493f76a300970c6cebada2e8cec2f669d00f222,6.898195702629866,6,2022-02,P0,1932,False,False
9AB84C1ED1078AB22E310B0BF51AB51947691649FD66A03757D52FC2350B68D6,C3BB5A5C8A7F0A6B63ED581D3B64A4BFAC48559327CEC184A75A5277F2F4F619,f98aef88302e4cbed6935610d493f76a300970c6cebada2e8cec2f669d00f222,6.898195702629866,6,2022-02,P_ABC,1933,False,False
B25874928245B894485F4B692E2C836C75E8D8F2E218659C1E1E1C0BAE3D6EED,655455C738DA955960F0D0FEDC3D93EFEE771C76E6BA0BCE32DE93C3D904CC0C,f98aef88302e4cbed6935610d493f76a300970c6cebada2e8cec2f669d00f222,6.898195702629866,12,2022-08,P0,1934,False,False
A6B512867BB048BCC16748CCB329C60A6E55D24534D0EA649EEB56FB3B56B6F0,E2DBEF86E9180F84F041EFED7DF40D93089A8431DDF11132A9630DFC7112CA84,f98aef88302e4cbed6935610d493f76a300970c6cebada2e8cec2f669d00f222,6.898195702629866,12,2022-08,P_ABC,1935,False,False
E088A80AE9F7BDA21805802D64CBAB8FE6B29D205A1ECB3C27D963E09999F026,655455C738DA955960F0D0FEDC3D93EFEE771C76E6BA0BCE32DE93C3D904CC0C,f98aef88302e4cbed6935610d493f76a300970c6cebada2e8cec2f669d00f222,6.898195702629866,24,2023-08,P0,1936,False,False
30097156F9D45625AB4A9675D5F9E561B87FCDD1555C4C941822A28626C3A3C4,0D16848FA995288388D23107518DF23A4581F183FD0E139DFF23A3D95D1DB917,f98aef88302e4cbed6935610d493f76a300970c6cebada2e8cec2f669d00f222,6.898195702629866,24,2023-08,P_ABC,1937,False,False
B6708F29DFF0FE5C3CC4ECEB2C384723D49870E154B7325121F709600431F142,655455C738DA955960F0D0FEDC3D93EFEE771C76E6BA0BCE32DE93C3D904CC0C,f98aef88302e4cbed6935610d493f76a300970c6cebada2e8cec2f669d00f222,6.898195702629866,36,2024-08,P0,1938,False,False
6AA114BBCC22698F766D0DA27EC03132379AEE4F1EB426087CEA1C4AC049013D,0B2892DB134F831BEE16044B250468244875F4CA0560ED1596F3A2C2C9B34721,f98aef88302e4cbed6935610d493f76a300970c6cebada2e8cec2f669d00f222,6.898195702629866,36,2024-08,P_ABC,1939,False,False
AB5FA330506C689CCEF46BA938B11B725995F38551DEAE4A5395B9F73A6845FA,E592B6F51C8E7854DFAA9F5BCC4D6A6C34867734FC86208208AFE682E6545433,fa3654066fc7afc50296fa287a2097b6ac7ef8d60376f6fdb95459b6a19dff02,14.503596457407744,0,2021-08,P0,1940,False,False
E94EEFA7B21D765E051BFE4C8A1C329D01D08774750B4FAC27DB7C908FB9DA10,5D2D162CACBF44D20592B7FFB7E05DFAF6B656393E59890B4518D86B1058FF58,fa3654066fc7afc50296fa287a2097b6ac7ef8d60376f6fdb95459b6a19dff02,14.503596457407744,0,2021-08,P_ABC,1941,False,False
EE35945193FC8FAEE0D357D0CA3B686FC27EDAFE3543723F14ADBCDC4FE7F05C,BD5122BFB63493A07784DF6CEAE4438BFC4F6C822A70BF8F5DCB51B6F1E36712,fa3654066fc7afc50296fa287a2097b6ac7ef8d60376f6fdb95459b6a19dff02,14.503596457407744,6,2022-02,P0,1942,False,False
82985BA1548EC5614F032A15D0B38E59AFF520D8B9B444BB4CEBEB4BEA07C9A6,6CAAB1A7D9BD98A97E0819882227B27CC5A05348ADE72ABCA5BE723E51E7AC6F,fa3654066fc7afc50296fa287a2097b6ac7ef8d60376f6fdb95459b6a19dff02,14.503596457407744,6,2022-02,P_ABC,1943,False,False
3337B16427EF2F2290231FC33302DCE6F8901031F2094503A35DE8ACE0115FA5,76791AFEB9003C7CE7F9A243EC13DE1811DC5DF8EFD0485B00616B9B92EC41C9,fa3654066fc7afc50296fa287a2097b6ac7ef8d60376f6fdb95459b6a19dff02,14.503596457407744,12,2022-08,P0,1944,False,False
A4A00E818CC93E085E4D507DC8FB31C17E876288B92AA807D41141A0B5034128,1CC7A73509C6A4918A290A0D3211AEC345C3EA908E58EA2E04E8D4B20A5B61D2,fa3654066fc7afc50296fa287a2097b6ac7ef8d60376f6fdb95459b6a19dff02,14.503596457407744,12,2022-08,P_ABC,1945,False,False
73FD43BA64632994A9B6D90AE39B1D452329F34E97735BE012BC3EF5C9AFD09E,76791AFEB9003C7CE7F9A243EC13DE1811DC5DF8EFD0485B00616B9B92EC41C9,fa3654066fc7afc50296fa287a2097b6ac7ef8d60376f6fdb95459b6a19dff02,14.503596457407744,24,2023-08,P0,1946,False,False
CFBEC460C86302FE884D2D20258E9EEB2375BFB82B5DF2DE10413AC6B9D704E6,B274E162970CF73889D1D1EF46EFA9252A95E8A5821BAD4A6FA17290FE29DC34,fa3654066fc7afc50296fa287a2097b6ac7ef8d60376f6fdb95459b6a19dff02,14.503596457407744,24,2023-08,P_ABC,1947,False,False
BB9CD826E3D9A1C9375FFB6143C4F7C11250915644D95D6450A80D17E8C4C927,76791AFEB9003C7CE7F9A243EC13DE1811DC5DF8EFD0485B00616B9B92EC41C9,fa3654066fc7afc50296fa287a2097b6ac7ef8d60376f6fdb95459b6a19dff02,14.503596457407744,36,2024-08,P0,1948,False,False
6877B70BC5C704104038A0204F06921A592AB16CA0C29ED0E106AC258FB90355,01E38FC2733DB4C0044EAF5D326A3FEC36ABCFAA4BEFC78E399872055F58D1AC,fa3654066fc7afc50296fa287a2097b6ac7ef8d60376f6fdb95459b6a19dff02,14.503596457407744,36,2024-08,P_ABC,1949,False,False
BB5F478A1E3C01A9CBE01BAC04A7DFBADD61AEF9CB199DAFADD1DE7181B737CC,AD1314A2EF56DED33E0B332F86A8BE6022EADA37445929D6FA9776BBD0CBE4D6,fb6cd1643d18547f0695c36eeaf5ae81570ca71b80dbe216291b81a8c19009f8,9.982667536253366,0,2021-08,P0,1950,True,True
4B2901F20EC94E136949C9BE9F0461BB113B80C52F21847700F1F82D8990B3D4,B154C16E3A2D5E2105780AD1D4719B980C10336A70D84267801BAA3D0F32A018,fb6cd1643d18547f0695c36eeaf5ae81570ca71b80dbe216291b81a8c19009f8,9.982667536253366,0,2021-08,P_ABC,1951,True,True
65BD1DC5CEBD57E63A53DE67568500C1F7E5586B902A1F2DC6D44A3A881A326B,55988DA7AD4CA94CC68F66D11046AB8A2B013A5BA6E2B98E2E9C64A8B7DF2C45,fb6cd1643d18547f0695c36eeaf5ae81570ca71b80dbe216291b81a8c19009f8,9.982667536253366,6,2022-02,P0,1952,True,True
834C7195F8C75566B3C9707C9DFCDF22465417F607098DA9CA85A12D8C4630B1,89027DA9A734BF61A64F9F8DA150563391C4BBE54F8E26B471E52820668156A5,fb6cd1643d18547f0695c36eeaf5ae81570ca71b80dbe216291b81a8c19009f8,9.982667536253366,6,2022-02,P_ABC,1953,True,True
19D4C7A46A11D1B0D709A423C1D2300D62CC080D3024BBD04891257A7F7DF0BE,2C8ABE47DE4C476EE70EF7568AC90E043DC3DF1CDCBF510818F827F3C90D1E83,fb6cd1643d18547f0695c36eeaf5ae81570ca71b80dbe216291b81a8c19009f8,9.982667536253366,12,2022-08,P0,1954,True,True
A345C09423F7BDC2AE683EC64334B2E25FA6F71F6DC7EF5022E1C526AF2D8B22,9C3032EBE3AE56080C6956E52EB0ABE21A6456C9AAA4301B61E77D52DEF85471,fb6cd1643d18547f0695c36eeaf5ae81570ca71b80dbe216291b81a8c19009f8,9.982667536253366,12,2022-08,P_ABC,1955,True,True
DC72824B7A76C1BAFD552539D72F886BA83AD20C7EDFFDFBB43356B2B040C1E5,2C8ABE47DE4C476EE70EF7568AC90E043DC3DF1CDCBF510818F827F3C90D1E83,fb6cd1643d18547f0695c36eeaf5ae81570ca71b80dbe216291b81a8c19009f8,9.982667536253366,24,2023-08,P0,1956,True,True
241406D2C912FF8DE865AA367952872370BE2D0BB71C307DA9702A2E977751A4,8C12A3DEE31859A7BEC24C785792D04BC15D58C789014D916D5B768721EB1E84,fb6cd1643d18547f0695c36eeaf5ae81570ca71b80dbe216291b81a8c19009f8,9.982667536253366,24,2023-08,P_ABC,1957,True,True
237CC665F2E0D37FE05F996D18DECAE8AD8F8D136B78DB9C3CEF6EB38BC85EC7,2C8ABE47DE4C476EE70EF7568AC90E043DC3DF1CDCBF510818F827F3C90D1E83,fb6cd1643d18547f0695c36eeaf5ae81570ca71b80dbe216291b81a8c19009f8,9.982667536253366,36,2024-08,P0,1958,True,True
E474AAE18124B5C86C5AB56A0EE6BB025223B6B29886AA58B8BDD2002047A143,CD76B82AF63C36F68EF86FB0C22DFAAEEB18121B30C786E8BB577D7B79D63888,fb6cd1643d18547f0695c36eeaf5ae81570ca71b80dbe216291b81a8c19009f8,9.982667536253366,36,2024-08,P_ABC,1959,True,True
9577D442A164C12D23BDD6C443ED2D7B0D3199545EAEEE3ED811D29569652D5C,5EF28DE79006778FFBEF20EA123D2449806428C1E8CE5A6D67C4D6EF39776393,fc8b1dc5e71acf8f8b552800f3aa98eae1a5330f9feba5fa0ee474f906177dc9,5.826428970305265,0,2021-08,P0,1960,True,True
8F9401A49314E38E51DC4A65B4208B368944BBA62A52DDAAA8FF7A705DADF6BA,9D6698348993988878A5C0B7ECB40D723C45C7ADDA59AA3CCE75880C69DFD98E,fc8b1dc5e71acf8f8b552800f3aa98eae1a5330f9feba5fa0ee474f906177dc9,5.826428970305265,0,2021-08,P_ABC,1961,True,True
E2D3887D5478E0AFF163227C81886483B04201BD1411AC06719E06310228CBC2,7D7BD5F44EFDB008375904B4BF8D122AD33EFD2595A5917CDF88EC8A27EDF260,fc8b1dc5e71acf8f8b552800f3aa98eae1a5330f9feba5fa0ee474f906177dc9,5.826428970305265,6,2022-02,P0,1962,True,True
7BA85284D529249756273C3E76FE422BE0D7CB7970317CB2E53E0BAD92AB55EF,B9F3088DD1E7FF026B156A6801652E69A1DC3BE2169191A314B9026663A44E1E,fc8b1dc5e71acf8f8b552800f3aa98eae1a5330f9feba5fa0ee474f906177dc9,5.826428970305265,6,2022-02,P_ABC,1963,True,True
861BE68352B1B5332F08AC82FA87E85416F1176C33FC5658CCAB13B39D9B9292,4142543A6323F2958C9AC141A8B0B28E6877B24D3865CEF9976DF6B8206EA883,fc8b1dc5e71acf8f8b552800f3aa98eae1a5330f9feba5fa0ee474f906177dc9,5.826428970305265,12,2022-08,P0,1964,True,True
18680A527645859DB5E8DCF60B68D86D71730AB8F3206B2CC646F0FE67DD6258,F2472289C78F2A64E7D4011074E74B2820725449CD9D66ECA1EBD40AAEF36E6F,fc8b1dc5e71acf8f8b552800f3aa98eae1a5330f9feba5fa0ee474f906177dc9,5.826428970305265,12,2022-08,P_ABC,1965,True,True
25C7BA6E397E9296427D626DED7DEC30B80A091EF180955B682B82DC0DCFFCD5,4142543A6323F2958C9AC141A8B0B28E6877B24D3865CEF9976DF6B8206EA883,fc8b1dc5e71acf8f8b552800f3aa98eae1a5330f9feba5fa0ee474f906177dc9,5.826428970305265,24,2023-08,P0,1966,True,True
A2103BC38504D867C33A46F7C2FD5ABAFF845E868D5B2A90CA65015EEDBD4ECC,8DB0EE8D5CDF406393FB279EF6457C860E031110A3AD574602B2FADB7E9A053B,fc8b1dc5e71acf8f8b552800f3aa98eae1a5330f9feba5fa0ee474f906177dc9,5.826428970305265,24,2023-08,P_ABC,1967,True,True
FC6C450A35CA3B7DC65B7768707D004118921A3519229812DD13BE326D24DFE5,4142543A6323F2958C9AC141A8B0B28E6877B24D3865CEF9976DF6B8206EA883,fc8b1dc5e71acf8f8b552800f3aa98eae1a5330f9feba5fa0ee474f906177dc9,5.826428970305265,36,2024-08,P0,1968,True,True
033042391088DD355A648D7941982414D0BD3313DABF24CC4C307C5749D00C0E,65659E4B2DC806D9DEAE85522A4CE3AE9BE03E4410DA5FCA09B82B4EBAC64C65,fc8b1dc5e71acf8f8b552800f3aa98eae1a5330f9feba5fa0ee474f906177dc9,5.826428970305265,36,2024-08,P_ABC,1969,True,True
39796C215319FE17F92CA19E79286A09A5519E80FFE50EC4D18C354DF73A0C20,5A8AEF9748FCD748ED4D88E147C8AAA3250A330E7C0A5C97980A279BCDF8FD2F,fdf272b3caf5130689df1215957fbc8c6ff3e9e31ea9b438c44b1ef4c819a9af,1.396778238118572,0,2021-08,P0,1970,False,True
D5574B7BD7CEDCE04243362FD7A6226DE8385D28C5C56D2BE08B1751D722CD81,149EA2BC7DE845DF0AB8CB38604EC205EA1C10DB40E2CDF96FF0FDF3B9D893E0,fdf272b3caf5130689df1215957fbc8c6ff3e9e31ea9b438c44b1ef4c819a9af,1.396778238118572,0,2021-08,P_ABC,1971,False,True
DDC28C5D70754B3439AD7273404D752C1A4B553614F4210B5935BD4191724C0D,72172D3CD46D30B2A5923A0FAF9437144279672C9F71B29F347DF9784F659CB5,fdf272b3caf5130689df1215957fbc8c6ff3e9e31ea9b438c44b1ef4c819a9af,1.396778238118572,6,2022-02,P0,1972,False,True
65B841C1F02B9F349DA015E1A03C1244845D160DA71D2FF2CFE984352F633206,1472D18A75806BDA468FCA89041D31CE389BF4EC45A3241EF9D33F8C9ADCECBE,fdf272b3caf5130689df1215957fbc8c6ff3e9e31ea9b438c44b1ef4c819a9af,1.396778238118572,6,2022-02,P_ABC,1973,False,True
574BCEF32F30DD7DF0DCF83FC907A6C4B92117A279EB2686C68A1F185F5E2D22,622B0F0D227BD230319B317715AFD3D160F098FEAE6EF3512DF8D9B98F3233EB,fdf272b3caf5130689df1215957fbc8c6ff3e9e31ea9b438c44b1ef4c819a9af,1.396778238118572,12,2022-08,P0,1974,False,True
D5286143FB42F22DC110CF5121EAA62A9357D974D19F562D19CCF7681655946C,D91B989C32409F83011E269BF6929E9271ACFE929B27724CBBEE53F2E1ED74BC,fdf272b3caf5130689df1215957fbc8c6ff3e9e31ea9b438c44b1ef4c819a9af,1.396778238118572,12,2022-08,P_ABC,1975,False,True
1DBBEC2F1E1E7F07F5B7804FAD6EB47E0340C8CD9153773A79D4BC64A24ACA5A,622B0F0D227BD230319B317715AFD3D160F098FEAE6EF3512DF8D9B98F3233EB,fdf272b3caf5130689df1215957fbc8c6ff3e9e31ea9b438c44b1ef4c819a9af,1.396778238118572,24,2023-08,P0,1976,False,True
476DEC4ADA714C8E1DFA94ECE86B30D48590B343F109585148FD317F69545FF2,52288D30E580803335385B84C9F79745B1C99C76A482D538CA820B37A6A7457E,fdf272b3caf5130689df1215957fbc8c6ff3e9e31ea9b438c44b1ef4c819a9af,1.396778238118572,24,2023-08,P_ABC,1977,False,True
ED2C0933899778D616F6E2A00F54708273866D3122506C929437E4C2DF163443,622B0F0D227BD230319B317715AFD3D160F098FEAE6EF3512DF8D9B98F3233EB,fdf272b3caf5130689df1215957fbc8c6ff3e9e31ea9b438c44b1ef4c819a9af,1.396778238118572,36,2024-08,P0,1978,False,True
1FE4C0A1C92D54E53554D225D4CB14B7E40E160A454894D43F06D0EA55194D29,CB1081BA451F90E285DC02187F8BA769E2C59362CD3EC8A04C3A84105035D20B,fdf272b3caf5130689df1215957fbc8c6ff3e9e31ea9b438c44b1ef4c819a9af,1.396778238118572,36,2024-08,P_ABC,1979,False,True
BAB0E1AAA82496135D113D6ECDED57A9AAC814BA4FEC87D10DD87EFCC19DFFAA,3B69646CECEE214160C8055690F9D83F9F8CAB520AEF059CCD4597B99A8B33D6,fe0259a55b185bd3dd3675e2c5150218be55ec0c38e78dc3d255aed40b1c2678,11.732615438978844,0,2021-08,P0,1980,False,True
72D31B4EF575A62AF9882BDA55425D45B24ED8763D27576371A2351CA4F8AC49,F56266959486FC14D7E1D672B8733DDA95645E48B186984B29F6F8A1A3C84A04,fe0259a55b185bd3dd3675e2c5150218be55ec0c38e78dc3d255aed40b1c2678,11.732615438978844,0,2021-08,P_ABC,1981,False,True
418A4A1D094B4EDBDCD882E6367859B9BC67DA0E5F2005B02BBC4FC4BBB773DB,CD874A906499076381246A84C65ADBEE93494FF54F3ED48FE7ADE75AA46FE6CD,fe0259a55b185bd3dd3675e2c5150218be55ec0c38e78dc3d255aed40b1c2678,11.732615438978844,6,2022-02,P0,1982,False,True
604C25933B3FD42E4F0ABC035CCAFC8ED97E0E89B1D34D7580E271D028BE72CC,6C55A6AF31ADB5E7C5F46C3C9E4E87DEAA30060A8E840F972178DF31B1C247DA,fe0259a55b185bd3dd3675e2c5150218be55ec0c38e78dc3d255aed40b1c2678,11.732615438978844,6,2022-02,P_ABC,1983,False,True
06893C380DAD9283E06F35ED011693405D59527E7FD9F1BE6BFC4D421EBA0259,7602F08E9C8DFCAA61E5814F36D05028A544D23374A551FC6528F9D2BF090067,fe0259a55b185bd3dd3675e2c5150218be55ec0c38e78dc3d255aed40b1c2678,11.732615438978844,12,2022-08,P0,1984,False,True
D876E13554E67610D136149CA93DD3CA04359059589502AFC2D531610EC691A5,2F14C177D90333EA38F792E6A78C04FBDBB4A3AC2C6A7FE359962DCD2D1BBE51,fe0259a55b185bd3dd3675e2c5150218be55ec0c38e78dc3d255aed40b1c2678,11.732615438978844,12,2022-08,P_ABC,1985,False,True
934203C9FE4E36F86089BBD15A5806977D49F32D900B01363DD7174E1D0109D3,7602F08E9C8DFCAA61E5814F36D05028A544D23374A551FC6528F9D2BF090067,fe0259a55b185bd3dd3675e2c5150218be55ec0c38e78dc3d255aed40b1c2678,11.732615438978844,24,2023-08,P0,1986,False,True
061FDF2B039AA475A50DDEB3B5C1A4CA30C34CC66BB37632E65ACFB399BAB310,65248E4E15D5B4426E035425E7FFB2B2CD3FD9781644E8BE26DF6BE3FAB2D54E,fe0259a55b185bd3dd3675e2c5150218be55ec0c38e78dc3d255aed40b1c2678,11.732615438978844,24,2023-08,P_ABC,1987,False,True
CBB452F70D9668743EEDA895B45647FB835FED4E9E316EDF1E281AF24A8D3993,7602F08E9C8DFCAA61E5814F36D05028A544D23374A551FC6528F9D2BF090067,fe0259a55b185bd3dd3675e2c5150218be55ec0c38e78dc3d255aed40b1c2678,11.732615438978844,36,2024-08,P0,1988,False,True
ACD4654279C162BF20F6BDB32F31E99F32F349893B8DCAE56C0DE26681C57FFF,3BDCC7160EEBB9DE72F3D5235EAA9506E4E01FA4C522AF872B3CCC220E1DCFB6,fe0259a55b185bd3dd3675e2c5150218be55ec0c38e78dc3d255aed40b1c2678,11.732615438978844,36,2024-08,P_ABC,1989,False,True
789815737B45E4F8574A377E9132212A46F8019AA896FD1E89AA9891835E4155,97EDC8FC3530164A70915ACE3B217AE369FCEDD096B8418588ECF1CA3F7C58AD,fe8833278c1cb5d8a32bd06968c676ede729f7b2cd779b2fccd267b0544d592e,4.987023701148124,0,2021-08,P0,1990,True,True
8A889FF19E62495FA69714D794965810C37E51CDAD8FB8032F81810393477B9B,FC6E458B912036CFF53C26ACBE4BAA14CC030B76F510FF0BA04BD42B7B7F3E5B,fe8833278c1cb5d8a32bd06968c676ede729f7b2cd779b2fccd267b0544d592e,4.987023701148124,0,2021-08,P_ABC,1991,True,True
D87B1C64E0F2AB4B1A3410A67D3ED40AF9009996DB81466B00EBC7A41DAE8985,9DDFE69522A9A7A30AF0A2A5576D22DF63944AA264AC17B3549B654311F12E94,fe8833278c1cb5d8a32bd06968c676ede729f7b2cd779b2fccd267b0544d592e,4.987023701148124,6,2022-02,P0,1992,True,True
30399C7B21A516D4152F7B447627A566A6191F42C8C1F2AA48458BE44CAFB463,EB23056D696C7C76D48F2C13C662A7E85510F88EB2CAA5355AF57C61D7DF5E25,fe8833278c1cb5d8a32bd06968c676ede729f7b2cd779b2fccd267b0544d592e,4.987023701148124,6,2022-02,P_ABC,1993,True,True
719B0E32106B8C452D392CE60BD3ACC3C62E968812C69575A2840FF2DC0FC84B,F3AEE6A2CA028E02F2F9ED351197E01F2F62EFB4A806B1C15D9DD67E991E15DE,fe8833278c1cb5d8a32bd06968c676ede729f7b2cd779b2fccd267b0544d592e,4.987023701148124,12,2022-08,P0,1994,True,True
F95AD113A9D7DE957A1A6256C667D806845396A3E26DC20C14165C2BD0C74FFA,6F52A9412374ABD9963725B482B79DFDD1FDD1E1FFB8680B2701315E7BD9FFB4,fe8833278c1cb5d8a32bd06968c676ede729f7b2cd779b2fccd267b0544d592e,4.987023701148124,12,2022-08,P_ABC,1995,True,True
A4B5579C9BA8C267B2753F0C546E8D4C13906A69D114BEBC66286E6F4E1F17A5,F3AEE6A2CA028E02F2F9ED351197E01F2F62EFB4A806B1C15D9DD67E991E15DE,fe8833278c1cb5d8a32bd06968c676ede729f7b2cd779b2fccd267b0544d592e,4.987023701148124,24,2023-08,P0,1996,True,True
FE79AE33812E955D3A73607602AA9ADE957D15AFE4A04369B5FD843029304E25,0B4BA7BCCC27AED45C43EE51F1A86145A6851609E5D6A56716EDBE1E3FF8CAFE,fe8833278c1cb5d8a32bd06968c676ede729f7b2cd779b2fccd267b0544d592e,4.987023701148124,24,2023-08,P_ABC,1997,True,True
FC8F76F47C79137AC4460ED46D01B1C4C1535C80E104AD2A0EF91DDDB3CA854E,F3AEE6A2CA028E02F2F9ED351197E01F2F62EFB4A806B1C15D9DD67E991E15DE,fe8833278c1cb5d8a32bd06968c676ede729f7b2cd779b2fccd267b0544d592e,4.987023701148124,36,2024-08,P0,1998,True,True
D5F1F3B1C4B733503EE32A345C4612295AD0A7FB546F719D628B7D9169C0CFB9,96BB24841191E145D8E3B190862804C72AA2BFB153AF53220A4700918A26C298,fe8833278c1cb5d8a32bd06968c676ede729f7b2cd779b2fccd267b0544d592e,4.987023701148124,36,2024-08,P_ABC,1999,True,True
